VBCSCompilerPreWarmer: pre-warm launched (dotnet PID 314440)
VBCSCompiler prewarm took 84.54 ms
[Licensing::Module] Trying to connect to existing licensing client channel...
[Licensing::IpcConnector] Successfully connected to: "LicenseClient-satos" at "2026-09-05T12:09:14.542256Z"
Built from '6000.6/respin/6000.6.0f1-fa21a270ab12' branch; Version is '6000.6.0f1 (f7f8ed4d1e24) revision 16251117'; Using compiler version '194234433'; Build Type 'Release'
OS: 'Windows 11  (10.0.26200) Core' Language: 'ja' Physical Memory: 13989 MB
BatchMode: 1, IsHumanControllingUs: 0, StartBugReporterOnCrash: 0, Is64bit: 1
System  architecture: x64
Process architecture: x64
Date: 2026-09-05T12:09:14Z
[Licensing::Client] Code 10 while verifying Licensing Client signature (process Id: 289524, path: "C:/Program Files/Unity Hub/UnityLicensingClient_V1/Unity.Licensing.Client.exe")
[Licensing::Module] LicensingClient has failed validation; ignoring
[Licensing::Client] Handshaking with LicensingClient:
  Version:                 1.18.3+d7ffd15
  Session Id:              1882454a3735475babe7d3b5db28e8a7
  Correlation Id:          75310c5e00f062ddb09fb59929a4bcde
  External correlation Id: 2778897649685771151
  Machine Id:              +pGsxVhBC7oefG2xQE5qOJnLbZ8=
[Licensing::Module] Successfully connected to LicensingClient on channel: "LicenseClient-satos" (connect: 0.00s, validation: 0.04s, handshake: 0.18s)
[Licensing::IpcConnector] Successfully connected to: "LicenseClient-satos-notifications" at "2026-09-05T12:09:14.7653547Z"
[Licensing::Module] Error: Access token is unavailable; failed to update
[Licensing::Client] Successfully resolved entitlement details
[Licensing::Module] License group:
  Id: 15669754532075-UnityPersXXXX
  Product: Unity Personal
  Type: Assigned
  Expiration: Unlimited
[Licensing::Client] Successfully updated license, isAsync: True, time: 0.03
[Licensing::Client] Successfully resolved entitlement details
[Licensing::Module] Licensing Background thread has ended after 0.33s

COMMAND LINE ARGUMENTS:
C:\Program Files\Unity\Hub\Editor\6000.6.0f1\Editor\Unity.exe
-batchmode
-projectPath
C:\Users\satos\research\outdoor_seld_e2e\out\streetscape_review_2026-09-05\review_project
-executeMethod
StreetscapeReview.Run
-streetRuntime
-force-d3d11
-logFile
C:\Users\satos\research\outdoor_seld_e2e\out\streetscape_review_2026-09-05\unity_pedestrian.log
Successfully changed project path to: C:\Users\satos\research\outdoor_seld_e2e\out\streetscape_review_2026-09-05\review_project
C:/Users/satos/research/outdoor_seld_e2e/out/streetscape_review_2026-09-05/review_project
[UnityMemory] Configuration Parameters - Can be set up in boot.config
    "memorysetup-temp-allocator-size-gi-baking-worker=262144"
    "memorysetup-temp-allocator-size-gi-baking-worker=262144"
    "memorysetup-temp-allocator-size-gi-baking-worker=262144"
    "memorysetup-temp-allocator-size-gi-baking-worker=262144"
    "memorysetup-temp-allocator-size-gi-baking-worker=262144"
    "memorysetup-temp-allocator-size-nav-mesh-worker=65536"
    "memorysetup-temp-allocator-size-audio-worker=65536"
    "memorysetup-temp-allocator-size-cloud-worker=32768"
    "memorysetup-temp-allocator-size-gfx=262144"
    "memorysetup-remapper-allocator-initial-capacity=32768"
    "memorysetup-temp-allocator-size-preload-manager=33554432"
    "memorysetup-allocator-temp-initial-block-size-main=262144"
    "memorysetup-allocator-temp-initial-block-size-worker=262144"
    "memorysetup-temp-allocator-size-job-worker=262144"
    "memorysetup-temp-allocator-size-background-worker=32768"
    "memorysetup-bucket-allocator-granularity=16"
    "memorysetup-bucket-allocator-bucket-count=8"
    "memorysetup-bucket-allocator-block-size=33554432"
    "memorysetup-bucket-allocator-block-count=8"
    "memorysetup-main-allocator-block-size=16777216"
    "memorysetup-thread-allocator-block-size=16777216"
    "memorysetup-main-allocator-mimalloc-enabled=1"
    "memorysetup-gfx-main-allocator-block-size=16777216"
    "memorysetup-gfx-thread-allocator-block-size=16777216"
    "memorysetup-cache-allocator-block-size=4194304"
    "memorysetup-typetree-allocator-block-size=2097152"
    "memorysetup-profiler-bucket-allocator-granularity=16"
    "memorysetup-profiler-bucket-allocator-bucket-count=8"
    "memorysetup-profiler-bucket-allocator-block-size=33554432"
    "memorysetup-profiler-bucket-allocator-block-count=8"
    "memorysetup-profiler-allocator-block-size=16777216"
    "memorysetup-profiler-editor-allocator-block-size=1048576"
    "memorysetup-temp-allocator-size-main=16777216"
    "memorysetup-job-temp-allocator-block-size=2097152"
    "memorysetup-job-temp-allocator-block-size-background=1048576"
    "memorysetup-job-temp-allocator-reduction-small-platforms=262144"
Logging is directed to a specific file, skipping project log.
Player connection [284908]  Target information:

Player connection [284908]  * "[IP] 10.160.228.118 [Port] 55505 [Flags] 2 [Guid] 2621233551 [EditorId] 2621233551 [Version] 1048832 [Id] WindowsEditor(7,Stoopy) [Debug] 1 [PackageName] WindowsEditor [ProjectName] Editor" 

Player connection [284908]  * "[IP] 192.168.1.15 [Port] 55505 [Flags] 2 [Guid] 2621233551 [EditorId] 2621233551 [Version] 1048832 [Id] WindowsEditor(7,Stoopy) [Debug] 1 [PackageName] WindowsEditor [ProjectName] Editor" 

Player connection [284908] Host joined multi-casting on [225.0.0.222:54997]...
Player connection [284908] Host joined alternative multi-casting on [225.0.0.222:34997]...
Input System module state changed to: Initialized.
[Physics::Module] Initialized fallback backend.
[Physics::Module] Id: 0xdecafbad
[Package Manager] Connected to IPC stream "Upm-292448" after 0.9 seconds.
[Licensing::Client] Successfully resolved entitlement details
Library Redirect Path: Library/
Launching Unity Data Store - C:/Program Files/Unity/Hub/Editor/6000.6.0f1/Editor/Data/Tools/Unity.DataStore.exe 
Unity Data Store artifact dir = Library/DataStore, working dir = C:/Users/satos/research/outdoor_seld_e2e/out/streetscape_review_2026-09-05/review_project[Physics::Module] Selected backend.
[Physics::Module] Name: PhysX
[Physics::Module] Id: 0xf2b8ea05
[Physics::Module] SDK Version: 4.1.2
[Physics::Module] Integration Version: 1.0.0
[Physics::Module] Threading Mode: Multi-Threaded
Unity Data Store running and initialised
Initialize engine version: 6000.6.0f1 (f7f8ed4d1e24)
[EntityIdStore] init: VM path (explicit commit), pageSize=4096, blockCount=1048576, entitiesPerBlock=256, slots reserved=4294967296 bytes
[Subsystems] Discovering subsystems at path C:/Program Files/Unity/Hub/Editor/6000.6.0f1/Editor/Data/Resources/UnitySubsystems
[Subsystems] Discovering subsystems at path C:/Users/satos/research/outdoor_seld_e2e/out/streetscape_review_2026-09-05/review_project/Assets
Forcing GfxDevice: Direct3D 11
GfxDevice: creating device client; kGfxThreadingModeNonThreaded
Direct3D:
    Version:  Direct3D 11.0 [level 11.1]
    Renderer: AMD Radeon(TM) 820M Graphics (ID=0x1902)
    Vendor:   ATI
    VRAM:     6994 MB
    Driver:   32.0.22054.3001
Initialize mono
Mono path[0] = 'C:/Program Files/Unity/Hub/Editor/6000.6.0f1/Editor/Data/Managed'
Mono path[1] = 'C:/Program Files/Unity/Hub/Editor/6000.6.0f1/Editor/Data/BCLExtensions/runtime/netstandard2.1'
Mono path[2] = 'C:/Program Files/Unity/Hub/Editor/6000.6.0f1/Editor/Data/MonoBleedingEdge/lib/mono/unityjit-win32'
Mono config path = 'C:/Program Files/Unity/Hub/Editor/6000.6.0f1/Editor/Data/MonoBleedingEdge/etc'
Using monoOptions --debugger-agent=transport=dt_socket,embedding=1,server=y,suspend=n,address=127.0.0.1:56448
CodeReloadManager initialized
ImportWorker Server TCP listen port: 0
AcceleratorClientConnectionCallback - disconnected - :0
Begin MonoManager ReloadAssembly
Registering precompiled unity dll's ...
Register platform support module: C:/Program Files/Unity/Hub/Editor/6000.6.0f1/Editor/Data/PlaybackEngines/WebGLSupport/UnityEditor.WebGL.Extensions.dll
Register platform support module: C:/Program Files/Unity/Hub/Editor/6000.6.0f1/Editor/Data/PlaybackEngines/WindowsStandaloneSupport/UnityEditor.WindowsStandalone.Extensions.dll
Registered in 0.020613 seconds.
Native extension for WindowsStandalone target not found
Native extension for WebGL target not found
Package Manager log level set to [2]
ScheduleIndexationOnStartup MainProcess:False IndexOnStartup:False
Scripting: successfully reloaded assembly
- Finished resetting the current domain, in  3.941 seconds
Domain Reload Profiling: 6073ms
	BeginReloadAssembly (609ms)
		CreateAndSetChildDomain (25ms)
	RebuildCommonClasses (17ms)
	RebuildNativeTypeToScriptingClass (55ms)
	initialDomainReloadingComplete (367ms)
	LoadAllAssembliesAndSetupDomain (1080ms)
		LoadAssemblies (577ms)
		TypeCache.Refresh (703ms)
			TypeCache.ScanAssembly (655ms)
		AnalyzeDomain (4ms)
	FinalizeReload (3945ms)
		SetupLoadedEditorAssemblies (0ms)
			LogAssemblyErrors (5ms)
			InitializePlatformSupportModulesInManaged (9ms)
			BeforeProcessingInitializeOnLoad (306ms)
			ProcessInitializeOnLoadAttributes (345ms)
			ProcessInitializeOnLoadMethodAttributes (2627ms)
			EditorAssembliesLoaded (4ms)
[Licensing::Client] Successfully resolved entitlement details
Application.AssetDatabase Initial Refresh Start
[Package Manager] Restoring resolved packages state from cache
[Licensing::Client] Successfully resolved entitlement details
[Package Manager] Registered 6 packages:
  Built-in packages:
    com.unity.modules.audio@1.0.0 (location: C:\Users\satos\research\outdoor_seld_e2e\out\streetscape_review_2026-09-05\review_project\Library\PackageCache\com.unity.modules.audio)
    com.unity.modules.imgui@1.0.0 (location: C:\Users\satos\research\outdoor_seld_e2e\out\streetscape_review_2026-09-05\review_project\Library\PackageCache\com.unity.modules.imgui)
    com.unity.modules.physics@1.0.0 (location: C:\Users\satos\research\outdoor_seld_e2e\out\streetscape_review_2026-09-05\review_project\Library\PackageCache\com.unity.modules.physics)
    com.unity.modules.unitywebrequest@1.0.0 (location: C:\Users\satos\research\outdoor_seld_e2e\out\streetscape_review_2026-09-05\review_project\Library\PackageCache\com.unity.modules.unitywebrequest)
    com.unity.modules.unitywebrequestaudio@1.0.0 (location: C:\Users\satos\research\outdoor_seld_e2e\out\streetscape_review_2026-09-05\review_project\Library\PackageCache\com.unity.modules.unitywebrequestaudio)
    com.unity.modules.imageconversion@1.0.0 (location: C:\Users\satos\research\outdoor_seld_e2e\out\streetscape_review_2026-09-05\review_project\Library\PackageCache\com.unity.modules.imageconversion)
[Subsystems] No new subsystems found in resolved package list.
[Package Manager] Done registering packages in 0.07 seconds
[ScriptCompilation] Requested script compilation because: AssetDatabase observed changes in script compilation related files
Starting: C:\Program Files\Unity\Hub\Editor\6000.6.0f1\Editor\Data\Tools\BuildPipeline\bee_backend.exe --ipc --defer-dag-verification --dagfile="Library/Bee/1900b0aE.dag" --continue-on-failure --profile="Library/Bee/backend1.traceevents" ScriptAssemblies
WorkingDir: C:/Users/satos/research/outdoor_seld_e2e/out/streetscape_review_2026-09-05/review_project
DisplayProgressbar: Compiling Scripts
ExitCode: 4 Duration: 0s946ms
Rebuilding DAG because FileSignature timestamp changed: Library/Bee/1900b0aE-inputdata.json
*** Tundra requires additional run (0.40 seconds), 0 items updated, 90 evaluated
Starting: C:\Program Files\Unity\Hub\Editor\6000.6.0f1\Editor\Data\DotNetSdk\dotnet.exe "C:\Program Files\Unity\Hub\Editor\6000.6.0f1\Editor\Data\Tools\BuildPipeline\ScriptCompilationBuildProgram.exe" "Library/Bee/1900b0aE.dag.json" "Library/Bee/1900b0aE-inputdata.json" "Library\Bee\buildprogram0.traceevents"
WorkingDir: C:/Users/satos/research/outdoor_seld_e2e/out/streetscape_review_2026-09-05/review_project
ExitCode: 0 Duration: 2s918ms
Starting: C:\Program Files\Unity\Hub\Editor\6000.6.0f1\Editor\Data\Tools\BuildPipeline\bee_backend.exe --ipc --defer-dag-verification --dagfile="Library/Bee/1900b0aE.dag" --continue-on-failure --dagfilejson="Library\Bee\1900b0aE.dag.json" --profile="Library/Bee/backend2.traceevents" ScriptAssemblies
WorkingDir: C:/Users/satos/research/outdoor_seld_e2e/out/streetscape_review_2026-09-05/review_project
ExitCode: 0 Duration: 5s987ms
Finished compiling graph: 185 nodes, 663 flattened edges (655 ToBuild, 4 ToUse), maximum node priority 20
[171/182    0s] WriteText Library/Bee/artifacts/1900b0aE.dag/Assembly-CSharp-Editor.rsp
[172/182    0s] WriteText Library/Bee/artifacts/1900b0aE.dag/Assembly-CSharp.rsp
[173/182    1s] ILPP-Configuration Library/ilpp-configuration.nevergeneratedoutput
[174/182    2s] Csc Library/Bee/artifacts/1900b0aE.dag/Assembly-CSharp.dll (+2 others)
Assets\JoyconManager.cs(20,25): warning UAC1001: Field 'j' type 'Joycon' is skipped by serialization (missing the [Serializable] attribute). Refer to the Serialization rules analyzer reference. (https://docs.unity3d.com/6000.6/Documentation/Manual/script-serialization-analyzer.html#uac1001)
[175/182    0s] ILPostProcess Library/Bee/artifacts/1900b0aE.dag/post-processed/Assembly-CSharp.dll (+pdb)
Processing assembly Library/Bee/artifacts/1900b0aE.dag/Assembly-CSharp.dll, with 149 defines and 254 references

processors: zzzUnity.Burst.CodeGen.BurstILPostProcessor

1 processor(s) skipped this assembly
[176/182    0s] CopyFiles Library/ScriptAssemblies/Assembly-CSharp.pdb
[177/182    0s] CopyFiles Library/ScriptAssemblies/Assembly-CSharp.dll
[178/182    1s] Csc Library/Bee/artifacts/1900b0aE.dag/Assembly-CSharp-Editor.dll (+2 others)
[179/182    0s] ILPostProcess Library/Bee/artifacts/1900b0aE.dag/post-processed/Assembly-CSharp-Editor.dll (+pdb)
Processing assembly Library/Bee/artifacts/1900b0aE.dag/Assembly-CSharp-Editor.dll, with 147 defines and 296 references

processors: zzzUnity.Burst.CodeGen.BurstILPostProcessor

1 processor(s) skipped this assembly
[180/182    0s] CopyFiles Library/ScriptAssemblies/Assembly-CSharp-Editor.pdb
[181/182    0s] CopyFiles Library/ScriptAssemblies/Assembly-CSharp-Editor.dll
*** Tundra build success (5.81 seconds), 11 items updated, 182 evaluated
Assets\JoyconManager.cs(20,25): warning UAC1001: Field 'j' type 'Joycon' is skipped by serialization (missing the [Serializable] attribute). Refer to the Serialization rules analyzer reference. (https://docs.unity3d.com/6000.6/Documentation/Manual/script-serialization-analyzer.html#uac1001)
AssetDatabase: script compilation time: 13.733662s
Total cache size 36826192
Total cache size after purge 36826192, took 00:00:00.2898468
Begin MonoManager ReloadAssembly
Native extension for WindowsStandalone target not found
Native extension for WebGL target not found
ScheduleIndexationOnStartup MainProcess:True IndexOnStartup:True
Scripting: successfully reloaded assembly
- Finished resetting the current domain, in  2.045 seconds
Domain Reload Profiling: 4125ms
	BeginReloadAssembly (1069ms)
		DisableScriptedObjects (148ms)
		CreateAndSetChildDomain (179ms)
	RebuildCommonClasses (38ms)
	RebuildNativeTypeToScriptingClass (51ms)
	initialDomainReloadingComplete (373ms)
	LoadAllAssembliesAndSetupDomain (546ms)
		LoadAssemblies (601ms)
		TypeCache.Refresh (19ms)
			TypeCache.ScanAssembly (3ms)
		AnalyzeDomain (18ms)
			BuildScriptInfoCaches (11ms)
	FinalizeReload (2050ms)
		SetupLoadedEditorAssemblies (0ms)
			LogAssemblyErrors (7ms)
			InitializePlatformSupportModulesInManaged (14ms)
			BeforeProcessingInitializeOnLoad (419ms)
			ProcessInitializeOnLoadAttributes (383ms)
			ProcessInitializeOnLoadMethodAttributes (247ms)
			AfterProcessingInitializeOnLoad (27ms)
		AwakeInstancesAfterBackupRestoration (142ms)
Starting new worker id: 0 with log in C:/Users/satos/research/outdoor_seld_e2e/out/streetscape_review_2026-09-05/review_project/Logs/AssetImportWorkerHW0.log

Asset Pipeline Refresh (id=64dd293c77f73694b9d4faa1765d209e): Total: 19.367 seconds - Initiated by InitialRefreshV2(ForceSynchronousImport)
	(Values over 0.05ms)
	Summary:
		Imports: total=0 (actual=0, local cache=0, cache server=0)
		Asset DB Process Time: managed=0 ms, native=2778 ms
		Asset DB Callback time: managed=248 ms, native=103 ms
		Scripting: domain reloads=1, domain reload time=2465 ms, compile time=13750 ms, other=21 ms
		Project Asset Count: scripts=38, non-scripts=20
		Asset File Changes: new=4, changed=9, moved=0, deleted=0
		Scan Filter Count: 0
	InvokePackagesCallback: 109.597ms
	ApplyChangesToAssetFolders: 0.872ms
	Scan: 237.111ms
	Collect global state as custom dependencies: 57.016ms
	OnSourceAssetsModified: 3.071ms
	CategorizeScriptCompilationAssets: 1.005ms
	ProcessAssetsWithTransientArtifactChanges: 5.898ms
	CategorizeAssets: 2.144ms
	CompileScripts: 13749.504ms
	ImportOutOfDateAssets: 2133.123ms (2056.855ms without children)
		UnloadImportedAssets: 0.348ms
		EnsureUptoDateAssetsAreRegisteredWithGuidPM: 0.052ms
		ImportSchedulerStart: 75.859ms
	PostProcessAllAssets: 259.613ms
		VCAutoAddAssetPostprocess 8.558ms
		PostProcessCallbackCreateDeferredMaterials 0.669ms
		WindowTitlePostprocess 0.476ms
		VersionControlSettings.HiddenFilePostprocess 0.464ms
		Canvas.OnAllAssetImport 0.349ms
		AssemblyValidation.PostprocessAllAssets 0.086ms
		ShaderAssetModifiedCallback 0.072ms
		RaytracingShaderImportPostprocess 0.068ms
		MonoPostProcessAllAssets: 243.797ms
			AssetPostprocessor.OnPostprocessAllAssets 47.405ms
			WindowAssetPostprocessingWatcher.OnPostprocessAllAssets 40.577ms
			StyleCatalogPostProcessor.OnPostprocessAllAssets 33.209ms
			BuilderAssetPostprocessor.OnPostprocessAllAssets 25.461ms
			SyncVS.PostprocessSyncProject 24.395ms
			AssetChangedListener.OnPostprocessAllAssets 10.466ms
			RetainedModeAssetPostprocessor.OnPostprocessAllAssets 4.195ms
			EditModeScopePostprocessor.OnPostprocessAllAssets 3.523ms
			TextAssetPostProcessor.OnPostprocessAllAssets 2.825ms
			ArtifactBrowserPostProcessor.OnPostprocessAllAssets 2.705ms
			SpeedTree9Postprocessor.OnPostprocessAllAssets 2.537ms
			AudioMixerPostprocessor.OnPostprocessAllAssets 1.623ms
			ReferencedClipsPostProcessor.OnPostprocessAllAssets 0.979ms
			AssetEvents.OnPostprocessAllAssets 0.831ms
			TerrainToolbarOverlayPostProcessor.OnPostprocessAllAssets 0.811ms
			AssetDatabaseCallbacks.OnPostprocessAllAssets 0.742ms
			ScenarioDriftAssetsTracker.OnPostprocessAllAssets 0.666ms
			SpeedTreePostProcessor.OnPostprocessAllAssets 0.641ms
			ConfigAssetsTracker.OnPostprocessAllAssets 0.620ms
			ThemePostprocessor.OnPostprocessAllAssets 0.617ms
			AudioContainerPostProcessor.OnPostprocessAllAssets 0.323ms
			RenderPipelineGlobalSettingsPostprocessor.OnPostprocessAllAssets 0.319ms
	PostAssetChangesProfiler: 5.004ms
	UnloadStreamsBegin: 5.529ms
	Untracked: 2699.253ms

Application.AssetDatabase Initial Refresh End
Launched and connected shader compiler UnityShaderCompiler.exe after 0.16 seconds
Scanning for USB devices : 30.552ms
Initializing Unity extensions:
[MODES] ModeService[none].Initialize
[MODES] ModeService[none].LoadModes
[MODES] Loading mode Default (0) for mode-current-id-JoyconDemo
Unloading 3 Unused Serialized files (Serialized files now loaded: 0)
Unloading 26 unused Assets / (473.8 KB). Loaded Objects now: 751.
Memory consumption went from 215.4 MB to 214.9 MB.
Total: 29.952000 ms (FindLiveObjects: 0.418100 ms CreateObjectMapping: 0.032500 ms MarkObjects: 26.833700 ms  DeleteObjects: 1.752900 ms)

Unloading 1 Unused Serialized files (Serialized files now loaded: 0)
Unloading 0 unused Assets / (Unknown). Loaded Objects now: 753.
Memory consumption went from 215.4 MB to 215.4 MB.
Total: 17.451900 ms (FindLiveObjects: 0.295400 ms CreateObjectMapping: 0.016400 ms MarkObjects: 16.889300 ms  DeleteObjects: 0.018500 ms)

Detected one or more triangles where the distance between any 2 vertices is greater than 500 units. The resulting Triangle Mesh can impact simulation and query stability. It is recommended to tessellate meshes that have large triangles. Source mesh name: R/earth
UnityEngine.Debug:ExtractStackTraceNoAlloc (byte*,int,string)
UnityEngine.StackTraceUtility:ExtractStackTrace ()
UnityEngine.GameObject:Internal_AddComponentWithType (System.Type)
UnityEngine.GameObject:AddComponent (System.Type)
UnityEngine.GameObject:AddComponent<UnityEngine.MeshCollider> ()
PedestrianRouteReview:Validate (JapaneseStreetscape) (at Assets/Editor/PedestrianRouteReview.cs:15)
StreetscapeReview:Run () (at Assets/Editor/StreetscapeReview.cs:33)

[Assets/Editor/PedestrianRouteReview.cs line 15]

STREET_REVIEW 0 前から対向車と、遠くを追い越す車 PASS 1229 ms
UnityEngine.Debug:ExtractStackTraceNoAlloc (byte*,int,string)
UnityEngine.StackTraceUtility:ExtractStackTrace ()
UnityEngine.DebugLogHandler:Internal_Log (UnityEngine.LogType,UnityEngine.LogOption,string,UnityEngine.Object)
UnityEngine.DebugLogHandler:LogFormat (UnityEngine.LogType,UnityEngine.Object,string,object[])
UnityEngine.Logger:Log (UnityEngine.LogType,object)
UnityEngine.Debug:Log (object)
StreetscapeReview:Run () (at Assets/Editor/StreetscapeReview.cs:58)

(Filename: Assets/Editor/StreetscapeReview.cs Line: 58)

Unloading 2 Unused Serialized files (Serialized files now loaded: 0)
Unloading 1 unused Assets / (180 B). Loaded Objects now: 768.
Memory consumption went from 219.0 MB to 219.0 MB.
Total: 20.659300 ms (FindLiveObjects: 0.343000 ms CreateObjectMapping: 0.018900 ms MarkObjects: 19.965500 ms  DeleteObjects: 0.093600 ms)

Detected one or more triangles where the distance between any 2 vertices is greater than 500 units. The resulting Triangle Mesh can impact simulation and query stability. It is recommended to tessellate meshes that have large triangles. Source mesh name: R/earth
UnityEngine.Debug:ExtractStackTraceNoAlloc (byte*,int,string)
UnityEngine.StackTraceUtility:ExtractStackTrace ()
UnityEngine.GameObject:Internal_AddComponentWithType (System.Type)
UnityEngine.GameObject:AddComponent (System.Type)
UnityEngine.GameObject:AddComponent<UnityEngine.MeshCollider> ()
PedestrianRouteReview:Validate (JapaneseStreetscape) (at Assets/Editor/PedestrianRouteReview.cs:15)
StreetscapeReview:Run () (at Assets/Editor/StreetscapeReview.cs:33)

[Assets/Editor/PedestrianRouteReview.cs line 15]

STREET_REVIEW 1 複合_前から車と後ろから自転車ベル PASS 987 ms
UnityEngine.Debug:ExtractStackTraceNoAlloc (byte*,int,string)
UnityEngine.StackTraceUtility:ExtractStackTrace ()
UnityEngine.DebugLogHandler:Internal_Log (UnityEngine.LogType,UnityEngine.LogOption,string,UnityEngine.Object)
UnityEngine.DebugLogHandler:LogFormat (UnityEngine.LogType,UnityEngine.Object,string,object[])
UnityEngine.Logger:Log (UnityEngine.LogType,object)
UnityEngine.Debug:Log (object)
StreetscapeReview:Run () (at Assets/Editor/StreetscapeReview.cs:58)

(Filename: Assets/Editor/StreetscapeReview.cs Line: 58)

Unloading 1 Unused Serialized files (Serialized files now loaded: 0)
Unloading 1 unused Assets / (0.7 KB). Loaded Objects now: 768.
Memory consumption went from 219.0 MB to 219.0 MB.
Total: 19.247900 ms (FindLiveObjects: 1.084100 ms CreateObjectMapping: 0.020000 ms MarkObjects: 17.844900 ms  DeleteObjects: 0.073800 ms)

Detected one or more triangles where the distance between any 2 vertices is greater than 500 units. The resulting Triangle Mesh can impact simulation and query stability. It is recommended to tessellate meshes that have large triangles. Source mesh name: R/earth
UnityEngine.Debug:ExtractStackTraceNoAlloc (byte*,int,string)
UnityEngine.StackTraceUtility:ExtractStackTrace ()
UnityEngine.GameObject:Internal_AddComponentWithType (System.Type)
UnityEngine.GameObject:AddComponent (System.Type)
UnityEngine.GameObject:AddComponent<UnityEngine.MeshCollider> ()
PedestrianRouteReview:Validate (JapaneseStreetscape) (at Assets/Editor/PedestrianRouteReview.cs:15)
StreetscapeReview:Run () (at Assets/Editor/StreetscapeReview.cs:33)

[Assets/Editor/PedestrianRouteReview.cs line 15]

STREET_REVIEW 2 路地_ゆっくり抜けていく車 PASS 736 ms
UnityEngine.Debug:ExtractStackTraceNoAlloc (byte*,int,string)
UnityEngine.StackTraceUtility:ExtractStackTrace ()
UnityEngine.DebugLogHandler:Internal_Log (UnityEngine.LogType,UnityEngine.LogOption,string,UnityEngine.Object)
UnityEngine.DebugLogHandler:LogFormat (UnityEngine.LogType,UnityEngine.Object,string,object[])
UnityEngine.Logger:Log (UnityEngine.LogType,object)
UnityEngine.Debug:Log (object)
StreetscapeReview:Run () (at Assets/Editor/StreetscapeReview.cs:58)

(Filename: Assets/Editor/StreetscapeReview.cs Line: 58)

Unloading 1 Unused Serialized files (Serialized files now loaded: 0)
Unloading 1 unused Assets / (2.7 KB). Loaded Objects now: 768.
Memory consumption went from 219.1 MB to 219.1 MB.
Total: 16.195400 ms (FindLiveObjects: 0.307700 ms CreateObjectMapping: 0.013600 ms MarkObjects: 15.597700 ms  DeleteObjects: 0.077800 ms)

Detected one or more triangles where the distance between any 2 vertices is greater than 500 units. The resulting Triangle Mesh can impact simulation and query stability. It is recommended to tessellate meshes that have large triangles. Source mesh name: R/earth
UnityEngine.Debug:ExtractStackTraceNoAlloc (byte*,int,string)
UnityEngine.StackTraceUtility:ExtractStackTrace ()
UnityEngine.GameObject:Internal_AddComponentWithType (System.Type)
UnityEngine.GameObject:AddComponent (System.Type)
UnityEngine.GameObject:AddComponent<UnityEngine.MeshCollider> ()
PedestrianRouteReview:Validate (JapaneseStreetscape) (at Assets/Editor/PedestrianRouteReview.cs:15)
StreetscapeReview:Run () (at Assets/Editor/StreetscapeReview.cs:33)

[Assets/Editor/PedestrianRouteReview.cs line 15]

STREET_REVIEW 3 路地_前から対向車 PASS 821 ms
UnityEngine.Debug:ExtractStackTraceNoAlloc (byte*,int,string)
UnityEngine.StackTraceUtility:ExtractStackTrace ()
UnityEngine.DebugLogHandler:Internal_Log (UnityEngine.LogType,UnityEngine.LogOption,string,UnityEngine.Object)
UnityEngine.DebugLogHandler:LogFormat (UnityEngine.LogType,UnityEngine.Object,string,object[])
UnityEngine.Logger:Log (UnityEngine.LogType,object)
UnityEngine.Debug:Log (object)
StreetscapeReview:Run () (at Assets/Editor/StreetscapeReview.cs:58)

(Filename: Assets/Editor/StreetscapeReview.cs Line: 58)

Unloading 1 Unused Serialized files (Serialized files now loaded: 0)
Unloading 1 unused Assets / (0.7 KB). Loaded Objects now: 768.
Memory consumption went from 219.1 MB to 219.1 MB.
Total: 21.826800 ms (FindLiveObjects: 0.319500 ms CreateObjectMapping: 0.016300 ms MarkObjects: 21.180600 ms  DeleteObjects: 0.081800 ms)

Detected one or more triangles where the distance between any 2 vertices is greater than 500 units. The resulting Triangle Mesh can impact simulation and query stability. It is recommended to tessellate meshes that have large triangles. Source mesh name: R/earth
UnityEngine.Debug:ExtractStackTraceNoAlloc (byte*,int,string)
UnityEngine.StackTraceUtility:ExtractStackTrace ()
UnityEngine.GameObject:Internal_AddComponentWithType (System.Type)
UnityEngine.GameObject:AddComponent (System.Type)
UnityEngine.GameObject:AddComponent<UnityEngine.MeshCollider> ()
PedestrianRouteReview:Validate (JapaneseStreetscape) (at Assets/Editor/PedestrianRouteReview.cs:15)
StreetscapeReview:Run () (at Assets/Editor/StreetscapeReview.cs:33)

[Assets/Editor/PedestrianRouteReview.cs line 15]

STREET_REVIEW 4 路地_後ろからゆっくり車_至近 PASS 1230 ms
UnityEngine.Debug:ExtractStackTraceNoAlloc (byte*,int,string)
UnityEngine.StackTraceUtility:ExtractStackTrace ()
UnityEngine.DebugLogHandler:Internal_Log (UnityEngine.LogType,UnityEngine.LogOption,string,UnityEngine.Object)
UnityEngine.DebugLogHandler:LogFormat (UnityEngine.LogType,UnityEngine.Object,string,object[])
UnityEngine.Logger:Log (UnityEngine.LogType,object)
UnityEngine.Debug:Log (object)
StreetscapeReview:Run () (at Assets/Editor/StreetscapeReview.cs:58)

(Filename: Assets/Editor/StreetscapeReview.cs Line: 58)

Unloading 1 Unused Serialized files (Serialized files now loaded: 0)
Unloading 1 unused Assets / (0.7 KB). Loaded Objects now: 768.
Memory consumption went from 219.1 MB to 219.1 MB.
Total: 18.435200 ms (FindLiveObjects: 0.310500 ms CreateObjectMapping: 0.014800 ms MarkObjects: 17.797500 ms  DeleteObjects: 0.082800 ms)

Detected one or more triangles where the distance between any 2 vertices is greater than 500 units. The resulting Triangle Mesh can impact simulation and query stability. It is recommended to tessellate meshes that have large triangles. Source mesh name: R/earth
UnityEngine.Debug:ExtractStackTraceNoAlloc (byte*,int,string)
UnityEngine.StackTraceUtility:ExtractStackTrace ()
UnityEngine.GameObject:Internal_AddComponentWithType (System.Type)
UnityEngine.GameObject:AddComponent (System.Type)
UnityEngine.GameObject:AddComponent<UnityEngine.MeshCollider> ()
PedestrianRouteReview:Validate (JapaneseStreetscape) (at Assets/Editor/PedestrianRouteReview.cs:15)
StreetscapeReview:Run () (at Assets/Editor/StreetscapeReview.cs:33)

[Assets/Editor/PedestrianRouteReview.cs line 15]

STREET_REVIEW 5 路肩に停車中の車が発進して走り去る PASS 816 ms
UnityEngine.Debug:ExtractStackTraceNoAlloc (byte*,int,string)
UnityEngine.StackTraceUtility:ExtractStackTrace ()
UnityEngine.DebugLogHandler:Internal_Log (UnityEngine.LogType,UnityEngine.LogOption,string,UnityEngine.Object)
UnityEngine.DebugLogHandler:LogFormat (UnityEngine.LogType,UnityEngine.Object,string,object[])
UnityEngine.Logger:Log (UnityEngine.LogType,object)
UnityEngine.Debug:Log (object)
StreetscapeReview:Run () (at Assets/Editor/StreetscapeReview.cs:58)

(Filename: Assets/Editor/StreetscapeReview.cs Line: 58)

Unloading 1 Unused Serialized files (Serialized files now loaded: 0)
Unloading 1 unused Assets / (0.7 KB). Loaded Objects now: 768.
Memory consumption went from 219.1 MB to 219.1 MB.
Total: 15.806900 ms (FindLiveObjects: 0.251200 ms CreateObjectMapping: 0.012400 ms MarkObjects: 15.182200 ms  DeleteObjects: 0.120100 ms)

Detected one or more triangles where the distance between any 2 vertices is greater than 500 units. The resulting Triangle Mesh can impact simulation and query stability. It is recommended to tessellate meshes that have large triangles. Source mesh name: R/earth
UnityEngine.Debug:ExtractStackTraceNoAlloc (byte*,int,string)
UnityEngine.StackTraceUtility:ExtractStackTrace ()
UnityEngine.GameObject:Internal_AddComponentWithType (System.Type)
UnityEngine.GameObject:AddComponent (System.Type)
UnityEngine.GameObject:AddComponent<UnityEngine.MeshCollider> ()
PedestrianRouteReview:Validate (JapaneseStreetscape) (at Assets/Editor/PedestrianRouteReview.cs:15)
StreetscapeReview:Run () (at Assets/Editor/StreetscapeReview.cs:33)

[Assets/Editor/PedestrianRouteReview.cs line 15]

STREET_REVIEW 6 静かな住宅街_何も来ない PASS 920 ms
UnityEngine.Debug:ExtractStackTraceNoAlloc (byte*,int,string)
UnityEngine.StackTraceUtility:ExtractStackTrace ()
UnityEngine.DebugLogHandler:Internal_Log (UnityEngine.LogType,UnityEngine.LogOption,string,UnityEngine.Object)
UnityEngine.DebugLogHandler:LogFormat (UnityEngine.LogType,UnityEngine.Object,string,object[])
UnityEngine.Logger:Log (UnityEngine.LogType,object)
UnityEngine.Debug:Log (object)
StreetscapeReview:Run () (at Assets/Editor/StreetscapeReview.cs:58)

(Filename: Assets/Editor/StreetscapeReview.cs Line: 58)

Unloading 1 Unused Serialized files (Serialized files now loaded: 0)
Unloading 1 unused Assets / (2.4 KB). Loaded Objects now: 768.
Memory consumption went from 219.1 MB to 219.1 MB.
Total: 14.529200 ms (FindLiveObjects: 0.321700 ms CreateObjectMapping: 0.015900 ms MarkObjects: 13.905900 ms  DeleteObjects: 0.069900 ms)

Detected one or more triangles where the distance between any 2 vertices is greater than 500 units. The resulting Triangle Mesh can impact simulation and query stability. It is recommended to tessellate meshes that have large triangles. Source mesh name: R/earth
UnityEngine.Debug:ExtractStackTraceNoAlloc (byte*,int,string)
UnityEngine.StackTraceUtility:ExtractStackTrace ()
UnityEngine.GameObject:Internal_AddComponentWithType (System.Type)
UnityEngine.GameObject:AddComponent (System.Type)
UnityEngine.GameObject:AddComponent<UnityEngine.MeshCollider> ()
PedestrianRouteReview:Validate (JapaneseStreetscape) (at Assets/Editor/PedestrianRouteReview.cs:15)
StreetscapeReview:Run () (at Assets/Editor/StreetscapeReview.cs:33)

[Assets/Editor/PedestrianRouteReview.cs line 15]

STREET_REVIEW 7 バス停_バスが真横に停車して発進 PASS 772 ms
UnityEngine.Debug:ExtractStackTraceNoAlloc (byte*,int,string)
UnityEngine.StackTraceUtility:ExtractStackTrace ()
UnityEngine.DebugLogHandler:Internal_Log (UnityEngine.LogType,UnityEngine.LogOption,string,UnityEngine.Object)
UnityEngine.DebugLogHandler:LogFormat (UnityEngine.LogType,UnityEngine.Object,string,object[])
UnityEngine.Logger:Log (UnityEngine.LogType,object)
UnityEngine.Debug:Log (object)
StreetscapeReview:Run () (at Assets/Editor/StreetscapeReview.cs:58)

(Filename: Assets/Editor/StreetscapeReview.cs Line: 58)

Unloading 1 Unused Serialized files (Serialized files now loaded: 0)
Unloading 1 unused Assets / (1.4 KB). Loaded Objects now: 765.
Memory consumption went from 219.2 MB to 219.2 MB.
Total: 31.310100 ms (FindLiveObjects: 0.323400 ms CreateObjectMapping: 0.022800 ms MarkObjects: 30.456400 ms  DeleteObjects: 0.086600 ms)

Detected one or more triangles where the distance between any 2 vertices is greater than 500 units. The resulting Triangle Mesh can impact simulation and query stability. It is recommended to tessellate meshes that have large triangles. Source mesh name: R/earth
UnityEngine.Debug:ExtractStackTraceNoAlloc (byte*,int,string)
UnityEngine.StackTraceUtility:ExtractStackTrace ()
UnityEngine.GameObject:Internal_AddComponentWithType (System.Type)
UnityEngine.GameObject:AddComponent (System.Type)
UnityEngine.GameObject:AddComponent<UnityEngine.MeshCollider> ()
PedestrianRouteReview:Validate (JapaneseStreetscape) (at Assets/Editor/PedestrianRouteReview.cs:15)
StreetscapeReview:Run () (at Assets/Editor/StreetscapeReview.cs:33)

[Assets/Editor/PedestrianRouteReview.cs line 15]

STREET_REVIEW 8 交差点の角で待つ_前の道路を車が横切る PASS 415 ms
UnityEngine.Debug:ExtractStackTraceNoAlloc (byte*,int,string)
UnityEngine.StackTraceUtility:ExtractStackTrace ()
UnityEngine.DebugLogHandler:Internal_Log (UnityEngine.LogType,UnityEngine.LogOption,string,UnityEngine.Object)
UnityEngine.DebugLogHandler:LogFormat (UnityEngine.LogType,UnityEngine.Object,string,object[])
UnityEngine.Logger:Log (UnityEngine.LogType,object)
UnityEngine.Debug:Log (object)
StreetscapeReview:Run () (at Assets/Editor/StreetscapeReview.cs:58)

(Filename: Assets/Editor/StreetscapeReview.cs Line: 58)

Unloading 1 Unused Serialized files (Serialized files now loaded: 0)
Unloading 1 unused Assets / (1.8 KB). Loaded Objects now: 765.
Memory consumption went from 219.1 MB to 219.1 MB.
Total: 14.965400 ms (FindLiveObjects: 0.286600 ms CreateObjectMapping: 0.012800 ms MarkObjects: 14.403800 ms  DeleteObjects: 0.065700 ms)

Detected one or more triangles where the distance between any 2 vertices is greater than 500 units. The resulting Triangle Mesh can impact simulation and query stability. It is recommended to tessellate meshes that have large triangles. Source mesh name: R/earth
UnityEngine.Debug:ExtractStackTraceNoAlloc (byte*,int,string)
UnityEngine.StackTraceUtility:ExtractStackTrace ()
UnityEngine.GameObject:Internal_AddComponentWithType (System.Type)
UnityEngine.GameObject:AddComponent (System.Type)
UnityEngine.GameObject:AddComponent<UnityEngine.MeshCollider> ()
PedestrianRouteReview:Validate (JapaneseStreetscape) (at Assets/Editor/PedestrianRouteReview.cs:15)
StreetscapeReview:Run () (at Assets/Editor/StreetscapeReview.cs:33)

[Assets/Editor/PedestrianRouteReview.cs line 15]

STREET_REVIEW 9 左折巻き込み_後ろの車が目の前で左折 PASS 822 ms
UnityEngine.Debug:ExtractStackTraceNoAlloc (byte*,int,string)
UnityEngine.StackTraceUtility:ExtractStackTrace ()
UnityEngine.DebugLogHandler:Internal_Log (UnityEngine.LogType,UnityEngine.LogOption,string,UnityEngine.Object)
UnityEngine.DebugLogHandler:LogFormat (UnityEngine.LogType,UnityEngine.Object,string,object[])
UnityEngine.Logger:Log (UnityEngine.LogType,object)
UnityEngine.Debug:Log (object)
StreetscapeReview:Run () (at Assets/Editor/StreetscapeReview.cs:58)

(Filename: Assets/Editor/StreetscapeReview.cs Line: 58)

Unloading 1 Unused Serialized files (Serialized files now loaded: 0)
Unloading 1 unused Assets / (0.7 KB). Loaded Objects now: 765.
Memory consumption went from 219.1 MB to 219.1 MB.
Total: 18.230300 ms (FindLiveObjects: 0.323200 ms CreateObjectMapping: 0.014700 ms MarkObjects: 17.566000 ms  DeleteObjects: 0.091200 ms)

Detected one or more triangles where the distance between any 2 vertices is greater than 500 units. The resulting Triangle Mesh can impact simulation and query stability. It is recommended to tessellate meshes that have large triangles. Source mesh name: R/earth
UnityEngine.Debug:ExtractStackTraceNoAlloc (byte*,int,string)
UnityEngine.StackTraceUtility:ExtractStackTrace ()
UnityEngine.GameObject:Internal_AddComponentWithType (System.Type)
UnityEngine.GameObject:AddComponent (System.Type)
UnityEngine.GameObject:AddComponent<UnityEngine.MeshCollider> ()
PedestrianRouteReview:Validate (JapaneseStreetscape) (at Assets/Editor/PedestrianRouteReview.cs:15)
StreetscapeReview:Run () (at Assets/Editor/StreetscapeReview.cs:33)

[Assets/Editor/PedestrianRouteReview.cs line 15]

STREET_REVIEW 10 幹線_信号待ちで車が次々 PASS 722 ms
UnityEngine.Debug:ExtractStackTraceNoAlloc (byte*,int,string)
UnityEngine.StackTraceUtility:ExtractStackTrace ()
UnityEngine.DebugLogHandler:Internal_Log (UnityEngine.LogType,UnityEngine.LogOption,string,UnityEngine.Object)
UnityEngine.DebugLogHandler:LogFormat (UnityEngine.LogType,UnityEngine.Object,string,object[])
UnityEngine.Logger:Log (UnityEngine.LogType,object)
UnityEngine.Debug:Log (object)
StreetscapeReview:Run () (at Assets/Editor/StreetscapeReview.cs:58)

(Filename: Assets/Editor/StreetscapeReview.cs Line: 58)

Unloading 1 Unused Serialized files (Serialized files now loaded: 0)
Unloading 1 unused Assets / (0.7 KB). Loaded Objects now: 765.
Memory consumption went from 219.2 MB to 219.2 MB.
Total: 19.632000 ms (FindLiveObjects: 0.385900 ms CreateObjectMapping: 0.023600 ms MarkObjects: 18.836900 ms  DeleteObjects: 0.092200 ms)

Detected one or more triangles where the distance between any 2 vertices is greater than 500 units. The resulting Triangle Mesh can impact simulation and query stability. It is recommended to tessellate meshes that have large triangles. Source mesh name: R/earth
UnityEngine.Debug:ExtractStackTraceNoAlloc (byte*,int,string)
UnityEngine.StackTraceUtility:ExtractStackTrace ()
UnityEngine.GameObject:Internal_AddComponentWithType (System.Type)
UnityEngine.GameObject:AddComponent (System.Type)
UnityEngine.GameObject:AddComponent<UnityEngine.MeshCollider> ()
PedestrianRouteReview:Validate (JapaneseStreetscape) (at Assets/Editor/PedestrianRouteReview.cs:15)
StreetscapeReview:Run () (at Assets/Editor/StreetscapeReview.cs:33)

[Assets/Editor/PedestrianRouteReview.cs line 15]

STREET_REVIEW 11 幹線歩道_車3台が連続 PASS 1156 ms
UnityEngine.Debug:ExtractStackTraceNoAlloc (byte*,int,string)
UnityEngine.StackTraceUtility:ExtractStackTrace ()
UnityEngine.DebugLogHandler:Internal_Log (UnityEngine.LogType,UnityEngine.LogOption,string,UnityEngine.Object)
UnityEngine.DebugLogHandler:LogFormat (UnityEngine.LogType,UnityEngine.Object,string,object[])
UnityEngine.Logger:Log (UnityEngine.LogType,object)
UnityEngine.Debug:Log (object)
StreetscapeReview:Run () (at Assets/Editor/StreetscapeReview.cs:58)

(Filename: Assets/Editor/StreetscapeReview.cs Line: 58)

Unloading 1 Unused Serialized files (Serialized files now loaded: 0)
Unloading 1 unused Assets / (2.5 KB). Loaded Objects now: 765.
Memory consumption went from 219.2 MB to 219.2 MB.
Total: 19.183900 ms (FindLiveObjects: 0.379100 ms CreateObjectMapping: 0.328700 ms MarkObjects: 18.044800 ms  DeleteObjects: 0.081600 ms)

Detected one or more triangles where the distance between any 2 vertices is greater than 500 units. The resulting Triangle Mesh can impact simulation and query stability. It is recommended to tessellate meshes that have large triangles. Source mesh name: R/earth
UnityEngine.Debug:ExtractStackTraceNoAlloc (byte*,int,string)
UnityEngine.StackTraceUtility:ExtractStackTrace ()
UnityEngine.GameObject:Internal_AddComponentWithType (System.Type)
UnityEngine.GameObject:AddComponent (System.Type)
UnityEngine.GameObject:AddComponent<UnityEngine.MeshCollider> ()
PedestrianRouteReview:Validate (JapaneseStreetscape) (at Assets/Editor/PedestrianRouteReview.cs:15)
StreetscapeReview:Run () (at Assets/Editor/StreetscapeReview.cs:33)

[Assets/Editor/PedestrianRouteReview.cs line 15]

STREET_REVIEW 12 横断歩道を渡る途中_右から車が減速して横切る PASS 447 ms
UnityEngine.Debug:ExtractStackTraceNoAlloc (byte*,int,string)
UnityEngine.StackTraceUtility:ExtractStackTrace ()
UnityEngine.DebugLogHandler:Internal_Log (UnityEngine.LogType,UnityEngine.LogOption,string,UnityEngine.Object)
UnityEngine.DebugLogHandler:LogFormat (UnityEngine.LogType,UnityEngine.Object,string,object[])
UnityEngine.Logger:Log (UnityEngine.LogType,object)
UnityEngine.Debug:Log (object)
StreetscapeReview:Run () (at Assets/Editor/StreetscapeReview.cs:58)

(Filename: Assets/Editor/StreetscapeReview.cs Line: 58)

Unloading 1 Unused Serialized files (Serialized files now loaded: 0)
Unloading 1 unused Assets / (2.0 KB). Loaded Objects now: 765.
Memory consumption went from 219.3 MB to 219.3 MB.
Total: 24.838600 ms (FindLiveObjects: 0.555200 ms CreateObjectMapping: 0.081300 ms MarkObjects: 23.894700 ms  DeleteObjects: 0.080500 ms)

Detected one or more triangles where the distance between any 2 vertices is greater than 500 units. The resulting Triangle Mesh can impact simulation and query stability. It is recommended to tessellate meshes that have large triangles. Source mesh name: R/earth
UnityEngine.Debug:ExtractStackTraceNoAlloc (byte*,int,string)
UnityEngine.StackTraceUtility:ExtractStackTrace ()
UnityEngine.GameObject:Internal_AddComponentWithType (System.Type)
UnityEngine.GameObject:AddComponent (System.Type)
UnityEngine.GameObject:AddComponent<UnityEngine.MeshCollider> ()
PedestrianRouteReview:Validate (JapaneseStreetscape) (at Assets/Editor/PedestrianRouteReview.cs:15)
StreetscapeReview:Run () (at Assets/Editor/StreetscapeReview.cs:33)

[Assets/Editor/PedestrianRouteReview.cs line 15]

STREET_REVIEW 13 踏切_警報だけで列車はまだ PASS 774 ms
UnityEngine.Debug:ExtractStackTraceNoAlloc (byte*,int,string)
UnityEngine.StackTraceUtility:ExtractStackTrace ()
UnityEngine.DebugLogHandler:Internal_Log (UnityEngine.LogType,UnityEngine.LogOption,string,UnityEngine.Object)
UnityEngine.DebugLogHandler:LogFormat (UnityEngine.LogType,UnityEngine.Object,string,object[])
UnityEngine.Logger:Log (UnityEngine.LogType,object)
UnityEngine.Debug:Log (object)
StreetscapeReview:Run () (at Assets/Editor/StreetscapeReview.cs:58)

(Filename: Assets/Editor/StreetscapeReview.cs Line: 58)

Unloading 1 Unused Serialized files (Serialized files now loaded: 0)
Unloading 1 unused Assets / (0.7 KB). Loaded Objects now: 765.
Memory consumption went from 219.4 MB to 219.4 MB.
Total: 18.779300 ms (FindLiveObjects: 0.350400 ms CreateObjectMapping: 0.031600 ms MarkObjects: 18.084400 ms  DeleteObjects: 0.071700 ms)

Detected one or more triangles where the distance between any 2 vertices is greater than 500 units. The resulting Triangle Mesh can impact simulation and query stability. It is recommended to tessellate meshes that have large triangles. Source mesh name: R/earth
UnityEngine.Debug:ExtractStackTraceNoAlloc (byte*,int,string)
UnityEngine.StackTraceUtility:ExtractStackTrace ()
UnityEngine.GameObject:Internal_AddComponentWithType (System.Type)
UnityEngine.GameObject:AddComponent (System.Type)
UnityEngine.GameObject:AddComponent<UnityEngine.MeshCollider> ()
PedestrianRouteReview:Validate (JapaneseStreetscape) (at Assets/Editor/PedestrianRouteReview.cs:15)
StreetscapeReview:Run () (at Assets/Editor/StreetscapeReview.cs:33)

[Assets/Editor/PedestrianRouteReview.cs line 15]

STREET_REVIEW 14 踏切で待つ_列車が目の前を通過 PASS 728 ms
UnityEngine.Debug:ExtractStackTraceNoAlloc (byte*,int,string)
UnityEngine.StackTraceUtility:ExtractStackTrace ()
UnityEngine.DebugLogHandler:Internal_Log (UnityEngine.LogType,UnityEngine.LogOption,string,UnityEngine.Object)
UnityEngine.DebugLogHandler:LogFormat (UnityEngine.LogType,UnityEngine.Object,string,object[])
UnityEngine.Logger:Log (UnityEngine.LogType,object)
UnityEngine.Debug:Log (object)
StreetscapeReview:Run () (at Assets/Editor/StreetscapeReview.cs:58)

(Filename: Assets/Editor/StreetscapeReview.cs Line: 58)

Unloading 1 Unused Serialized files (Serialized files now loaded: 0)
Unloading 1 unused Assets / (0.8 KB). Loaded Objects now: 765.
Memory consumption went from 219.8 MB to 219.8 MB.
Total: 18.897800 ms (FindLiveObjects: 0.321800 ms CreateObjectMapping: 0.016400 ms MarkObjects: 18.176900 ms  DeleteObjects: 0.081500 ms)

Worker ready: AssetImportWorkerHW0 0
Detected one or more triangles where the distance between any 2 vertices is greater than 500 units. The resulting Triangle Mesh can impact simulation and query stability. It is recommended to tessellate meshes that have large triangles. Source mesh name: R/earth
UnityEngine.Debug:ExtractStackTraceNoAlloc (byte*,int,string)
UnityEngine.StackTraceUtility:ExtractStackTrace ()
UnityEngine.GameObject:Internal_AddComponentWithType (System.Type)
UnityEngine.GameObject:AddComponent (System.Type)
UnityEngine.GameObject:AddComponent<UnityEngine.MeshCollider> ()
PedestrianRouteReview:Validate (JapaneseStreetscape) (at Assets/Editor/PedestrianRouteReview.cs:15)
StreetscapeReview:Run () (at Assets/Editor/StreetscapeReview.cs:33)

[Assets/Editor/PedestrianRouteReview.cs line 15]

STREET_REVIEW 15 高架下_頭上を列車が通過_後ろから車 PASS 702 ms
UnityEngine.Debug:ExtractStackTraceNoAlloc (byte*,int,string)
UnityEngine.StackTraceUtility:ExtractStackTrace ()
UnityEngine.DebugLogHandler:Internal_Log (UnityEngine.LogType,UnityEngine.LogOption,string,UnityEngine.Object)
UnityEngine.DebugLogHandler:LogFormat (UnityEngine.LogType,UnityEngine.Object,string,object[])
UnityEngine.Logger:Log (UnityEngine.LogType,object)
UnityEngine.Debug:Log (object)
StreetscapeReview:Run () (at Assets/Editor/StreetscapeReview.cs:58)

(Filename: Assets/Editor/StreetscapeReview.cs Line: 58)

Unloading 1 Unused Serialized files (Serialized files now loaded: 0)
Unloading 1 unused Assets / (0.7 KB). Loaded Objects now: 768.
Memory consumption went from 220.0 MB to 220.0 MB.
Total: 17.615800 ms (FindLiveObjects: 0.324800 ms CreateObjectMapping: 0.017100 ms MarkObjects: 16.949300 ms  DeleteObjects: 0.079000 ms)

Detected one or more triangles where the distance between any 2 vertices is greater than 500 units. The resulting Triangle Mesh can impact simulation and query stability. It is recommended to tessellate meshes that have large triangles. Source mesh name: R/earth
UnityEngine.Debug:ExtractStackTraceNoAlloc (byte*,int,string)
UnityEngine.StackTraceUtility:ExtractStackTrace ()
UnityEngine.GameObject:Internal_AddComponentWithType (System.Type)
UnityEngine.GameObject:AddComponent (System.Type)
UnityEngine.GameObject:AddComponent<UnityEngine.MeshCollider> ()
PedestrianRouteReview:Validate (JapaneseStreetscape) (at Assets/Editor/PedestrianRouteReview.cs:15)
StreetscapeReview:Run () (at Assets/Editor/StreetscapeReview.cs:33)

[Assets/Editor/PedestrianRouteReview.cs line 15]

STREET_REVIEW 16 宅配バイクが後ろから来て停止_発進 PASS 677 ms
UnityEngine.Debug:ExtractStackTraceNoAlloc (byte*,int,string)
UnityEngine.StackTraceUtility:ExtractStackTrace ()
UnityEngine.DebugLogHandler:Internal_Log (UnityEngine.LogType,UnityEngine.LogOption,string,UnityEngine.Object)
UnityEngine.DebugLogHandler:LogFormat (UnityEngine.LogType,UnityEngine.Object,string,object[])
UnityEngine.Logger:Log (UnityEngine.LogType,object)
UnityEngine.Debug:Log (object)
StreetscapeReview:Run () (at Assets/Editor/StreetscapeReview.cs:58)

(Filename: Assets/Editor/StreetscapeReview.cs Line: 58)

Unloading 1 Unused Serialized files (Serialized files now loaded: 0)
Unloading 1 unused Assets / (2.6 KB). Loaded Objects now: 768.
Memory consumption went from 220.0 MB to 220.0 MB.
Total: 18.035900 ms (FindLiveObjects: 0.302500 ms CreateObjectMapping: 0.017400 ms MarkObjects: 17.432000 ms  DeleteObjects: 0.072200 ms)

Detected one or more triangles where the distance between any 2 vertices is greater than 500 units. The resulting Triangle Mesh can impact simulation and query stability. It is recommended to tessellate meshes that have large triangles. Source mesh name: R/earth
UnityEngine.Debug:ExtractStackTraceNoAlloc (byte*,int,string)
UnityEngine.StackTraceUtility:ExtractStackTrace ()
UnityEngine.GameObject:Internal_AddComponentWithType (System.Type)
UnityEngine.GameObject:AddComponent (System.Type)
UnityEngine.GameObject:AddComponent<UnityEngine.MeshCollider> ()
PedestrianRouteReview:Validate (JapaneseStreetscape) (at Assets/Editor/PedestrianRouteReview.cs:15)
StreetscapeReview:Run () (at Assets/Editor/StreetscapeReview.cs:33)

[Assets/Editor/PedestrianRouteReview.cs line 15]

STREET_REVIEW 17 後ろからキックボード PASS 792 ms
UnityEngine.Debug:ExtractStackTraceNoAlloc (byte*,int,string)
UnityEngine.StackTraceUtility:ExtractStackTrace ()
UnityEngine.DebugLogHandler:Internal_Log (UnityEngine.LogType,UnityEngine.LogOption,string,UnityEngine.Object)
UnityEngine.DebugLogHandler:LogFormat (UnityEngine.LogType,UnityEngine.Object,string,object[])
UnityEngine.Logger:Log (UnityEngine.LogType,object)
UnityEngine.Debug:Log (object)
StreetscapeReview:Run () (at Assets/Editor/StreetscapeReview.cs:58)

(Filename: Assets/Editor/StreetscapeReview.cs Line: 58)

Unloading 1 Unused Serialized files (Serialized files now loaded: 0)
Unloading 1 unused Assets / (0.7 KB). Loaded Objects now: 768.
Memory consumption went from 220.0 MB to 220.0 MB.
Total: 61.092700 ms (FindLiveObjects: 0.409400 ms CreateObjectMapping: 0.020400 ms MarkObjects: 60.391400 ms  DeleteObjects: 0.076000 ms)

Detected one or more triangles where the distance between any 2 vertices is greater than 500 units. The resulting Triangle Mesh can impact simulation and query stability. It is recommended to tessellate meshes that have large triangles. Source mesh name: R/earth
UnityEngine.Debug:ExtractStackTraceNoAlloc (byte*,int,string)
UnityEngine.StackTraceUtility:ExtractStackTrace ()
UnityEngine.GameObject:Internal_AddComponentWithType (System.Type)
UnityEngine.GameObject:AddComponent (System.Type)
UnityEngine.GameObject:AddComponent<UnityEngine.MeshCollider> ()
PedestrianRouteReview:Validate (JapaneseStreetscape) (at Assets/Editor/PedestrianRouteReview.cs:15)
StreetscapeReview:Run () (at Assets/Editor/StreetscapeReview.cs:33)

[Assets/Editor/PedestrianRouteReview.cs line 15]

STREET_REVIEW 18 後ろからバイク PASS 1176 ms
UnityEngine.Debug:ExtractStackTraceNoAlloc (byte*,int,string)
UnityEngine.StackTraceUtility:ExtractStackTrace ()
UnityEngine.DebugLogHandler:Internal_Log (UnityEngine.LogType,UnityEngine.LogOption,string,UnityEngine.Object)
UnityEngine.DebugLogHandler:LogFormat (UnityEngine.LogType,UnityEngine.Object,string,object[])
UnityEngine.Logger:Log (UnityEngine.LogType,object)
UnityEngine.Debug:Log (object)
StreetscapeReview:Run () (at Assets/Editor/StreetscapeReview.cs:58)

(Filename: Assets/Editor/StreetscapeReview.cs Line: 58)

Unloading 1 Unused Serialized files (Serialized files now loaded: 0)
Unloading 1 unused Assets / (1.2 KB). Loaded Objects now: 768.
Memory consumption went from 220.0 MB to 220.0 MB.
Total: 17.836100 ms (FindLiveObjects: 0.353400 ms CreateObjectMapping: 0.019700 ms MarkObjects: 17.127700 ms  DeleteObjects: 0.103400 ms)

Detected one or more triangles where the distance between any 2 vertices is greater than 500 units. The resulting Triangle Mesh can impact simulation and query stability. It is recommended to tessellate meshes that have large triangles. Source mesh name: R/earth
UnityEngine.Debug:ExtractStackTraceNoAlloc (byte*,int,string)
UnityEngine.StackTraceUtility:ExtractStackTrace ()
UnityEngine.GameObject:Internal_AddComponentWithType (System.Type)
UnityEngine.GameObject:AddComponent (System.Type)
UnityEngine.GameObject:AddComponent<UnityEngine.MeshCollider> ()
PedestrianRouteReview:Validate (JapaneseStreetscape) (at Assets/Editor/PedestrianRouteReview.cs:15)
StreetscapeReview:Run () (at Assets/Editor/StreetscapeReview.cs:33)

[Assets/Editor/PedestrianRouteReview.cs line 15]

STREET_REVIEW 19 後ろから自転車ベル PASS 820 ms
UnityEngine.Debug:ExtractStackTraceNoAlloc (byte*,int,string)
UnityEngine.StackTraceUtility:ExtractStackTrace ()
UnityEngine.DebugLogHandler:Internal_Log (UnityEngine.LogType,UnityEngine.LogOption,string,UnityEngine.Object)
UnityEngine.DebugLogHandler:LogFormat (UnityEngine.LogType,UnityEngine.Object,string,object[])
UnityEngine.Logger:Log (UnityEngine.LogType,object)
UnityEngine.Debug:Log (object)
StreetscapeReview:Run () (at Assets/Editor/StreetscapeReview.cs:58)

(Filename: Assets/Editor/StreetscapeReview.cs Line: 58)

Unloading 1 Unused Serialized files (Serialized files now loaded: 0)
Unloading 1 unused Assets / (1.3 KB). Loaded Objects now: 768.
Memory consumption went from 220.0 MB to 220.0 MB.
Total: 23.376900 ms (FindLiveObjects: 0.317600 ms CreateObjectMapping: 0.017600 ms MarkObjects: 22.717000 ms  DeleteObjects: 0.093500 ms)

Detected one or more triangles where the distance between any 2 vertices is greater than 500 units. The resulting Triangle Mesh can impact simulation and query stability. It is recommended to tessellate meshes that have large triangles. Source mesh name: R/earth
UnityEngine.Debug:ExtractStackTraceNoAlloc (byte*,int,string)
UnityEngine.StackTraceUtility:ExtractStackTrace ()
UnityEngine.GameObject:Internal_AddComponentWithType (System.Type)
UnityEngine.GameObject:AddComponent (System.Type)
UnityEngine.GameObject:AddComponent<UnityEngine.MeshCollider> ()
PedestrianRouteReview:Validate (JapaneseStreetscape) (at Assets/Editor/PedestrianRouteReview.cs:15)
StreetscapeReview:Run () (at Assets/Editor/StreetscapeReview.cs:33)

[Assets/Editor/PedestrianRouteReview.cs line 15]

STREET_REVIEW 20 駐車場_バックしてくる車 PASS 233 ms
UnityEngine.Debug:ExtractStackTraceNoAlloc (byte*,int,string)
UnityEngine.StackTraceUtility:ExtractStackTrace ()
UnityEngine.DebugLogHandler:Internal_Log (UnityEngine.LogType,UnityEngine.LogOption,string,UnityEngine.Object)
UnityEngine.DebugLogHandler:LogFormat (UnityEngine.LogType,UnityEngine.Object,string,object[])
UnityEngine.Logger:Log (UnityEngine.LogType,object)
UnityEngine.Debug:Log (object)
StreetscapeReview:Run () (at Assets/Editor/StreetscapeReview.cs:58)

(Filename: Assets/Editor/StreetscapeReview.cs Line: 58)

Unloading 1 Unused Serialized files (Serialized files now loaded: 0)
Unloading 1 unused Assets / (2.6 KB). Loaded Objects now: 768.
Memory consumption went from 220.0 MB to 220.0 MB.
Total: 17.849200 ms (FindLiveObjects: 0.346000 ms CreateObjectMapping: 0.024100 ms MarkObjects: 17.198000 ms  DeleteObjects: 0.080500 ms)

Detected one or more triangles where the distance between any 2 vertices is greater than 500 units. The resulting Triangle Mesh can impact simulation and query stability. It is recommended to tessellate meshes that have large triangles. Source mesh name: R/earth
UnityEngine.Debug:ExtractStackTraceNoAlloc (byte*,int,string)
UnityEngine.StackTraceUtility:ExtractStackTrace ()
UnityEngine.GameObject:Internal_AddComponentWithType (System.Type)
UnityEngine.GameObject:AddComponent (System.Type)
UnityEngine.GameObject:AddComponent<UnityEngine.MeshCollider> ()
PedestrianRouteReview:Validate (JapaneseStreetscape) (at Assets/Editor/PedestrianRouteReview.cs:15)
StreetscapeReview:Run () (at Assets/Editor/StreetscapeReview.cs:33)

[Assets/Editor/PedestrianRouteReview.cs line 15]

STREET_REVIEW 21 クラクションを鳴らされる PASS 881 ms
UnityEngine.Debug:ExtractStackTraceNoAlloc (byte*,int,string)
UnityEngine.StackTraceUtility:ExtractStackTrace ()
UnityEngine.DebugLogHandler:Internal_Log (UnityEngine.LogType,UnityEngine.LogOption,string,UnityEngine.Object)
UnityEngine.DebugLogHandler:LogFormat (UnityEngine.LogType,UnityEngine.Object,string,object[])
UnityEngine.Logger:Log (UnityEngine.LogType,object)
UnityEngine.Debug:Log (object)
StreetscapeReview:Run () (at Assets/Editor/StreetscapeReview.cs:58)

(Filename: Assets/Editor/StreetscapeReview.cs Line: 58)

Unloading 1 Unused Serialized files (Serialized files now loaded: 0)
Unloading 1 unused Assets / (0.7 KB). Loaded Objects now: 768.
Memory consumption went from 220.0 MB to 220.0 MB.
Total: 18.123000 ms (FindLiveObjects: 0.298700 ms CreateObjectMapping: 0.016500 ms MarkObjects: 17.511700 ms  DeleteObjects: 0.074800 ms)

Detected one or more triangles where the distance between any 2 vertices is greater than 500 units. The resulting Triangle Mesh can impact simulation and query stability. It is recommended to tessellate meshes that have large triangles. Source mesh name: R/earth
UnityEngine.Debug:ExtractStackTraceNoAlloc (byte*,int,string)
UnityEngine.StackTraceUtility:ExtractStackTrace ()
UnityEngine.GameObject:Internal_AddComponentWithType (System.Type)
UnityEngine.GameObject:AddComponent (System.Type)
UnityEngine.GameObject:AddComponent<UnityEngine.MeshCollider> ()
PedestrianRouteReview:Validate (JapaneseStreetscape) (at Assets/Editor/PedestrianRouteReview.cs:15)
StreetscapeReview:Run () (at Assets/Editor/StreetscapeReview.cs:33)

[Assets/Editor/PedestrianRouteReview.cs line 15]

STREET_REVIEW 22 救急車が横を通過 PASS 776 ms
UnityEngine.Debug:ExtractStackTraceNoAlloc (byte*,int,string)
UnityEngine.StackTraceUtility:ExtractStackTrace ()
UnityEngine.DebugLogHandler:Internal_Log (UnityEngine.LogType,UnityEngine.LogOption,string,UnityEngine.Object)
UnityEngine.DebugLogHandler:LogFormat (UnityEngine.LogType,UnityEngine.Object,string,object[])
UnityEngine.Logger:Log (UnityEngine.LogType,object)
UnityEngine.Debug:Log (object)
StreetscapeReview:Run () (at Assets/Editor/StreetscapeReview.cs:58)

(Filename: Assets/Editor/StreetscapeReview.cs Line: 58)

Unloading 1 Unused Serialized files (Serialized files now loaded: 0)
Unloading 1 unused Assets / (0.7 KB). Loaded Objects now: 768.
Memory consumption went from 220.1 MB to 220.1 MB.
Total: 18.850600 ms (FindLiveObjects: 0.390300 ms CreateObjectMapping: 0.022200 ms MarkObjects: 18.158100 ms  DeleteObjects: 0.084000 ms)

Detected one or more triangles where the distance between any 2 vertices is greater than 500 units. The resulting Triangle Mesh can impact simulation and query stability. It is recommended to tessellate meshes that have large triangles. Source mesh name: R/earth
UnityEngine.Debug:ExtractStackTraceNoAlloc (byte*,int,string)
UnityEngine.StackTraceUtility:ExtractStackTrace ()
UnityEngine.GameObject:Internal_AddComponentWithType (System.Type)
UnityEngine.GameObject:AddComponent (System.Type)
UnityEngine.GameObject:AddComponent<UnityEngine.MeshCollider> ()
PedestrianRouteReview:Validate (JapaneseStreetscape) (at Assets/Editor/PedestrianRouteReview.cs:15)
StreetscapeReview:Run () (at Assets/Editor/StreetscapeReview.cs:33)

[Assets/Editor/PedestrianRouteReview.cs line 15]

STREET_REVIEW 23 救急車が近づくだけ PASS 985 ms
UnityEngine.Debug:ExtractStackTraceNoAlloc (byte*,int,string)
UnityEngine.StackTraceUtility:ExtractStackTrace ()
UnityEngine.DebugLogHandler:Internal_Log (UnityEngine.LogType,UnityEngine.LogOption,string,UnityEngine.Object)
UnityEngine.DebugLogHandler:LogFormat (UnityEngine.LogType,UnityEngine.Object,string,object[])
UnityEngine.Logger:Log (UnityEngine.LogType,object)
UnityEngine.Debug:Log (object)
StreetscapeReview:Run () (at Assets/Editor/StreetscapeReview.cs:58)

(Filename: Assets/Editor/StreetscapeReview.cs Line: 58)

Unloading 1 Unused Serialized files (Serialized files now loaded: 0)
Unloading 1 unused Assets / (3.2 KB). Loaded Objects now: 768.
Memory consumption went from 220.1 MB to 220.1 MB.
Total: 30.507500 ms (FindLiveObjects: 0.350000 ms CreateObjectMapping: 0.015700 ms MarkObjects: 29.255300 ms  DeleteObjects: 0.333500 ms)

Detected one or more triangles where the distance between any 2 vertices is greater than 500 units. The resulting Triangle Mesh can impact simulation and query stability. It is recommended to tessellate meshes that have large triangles. Source mesh name: R/earth
UnityEngine.Debug:ExtractStackTraceNoAlloc (byte*,int,string)
UnityEngine.StackTraceUtility:ExtractStackTrace ()
UnityEngine.GameObject:Internal_AddComponentWithType (System.Type)
UnityEngine.GameObject:AddComponent (System.Type)
UnityEngine.GameObject:AddComponent<UnityEngine.MeshCollider> ()
PedestrianRouteReview:Validate (JapaneseStreetscape) (at Assets/Editor/PedestrianRouteReview.cs:15)
StreetscapeReview:Run () (at Assets/Editor/StreetscapeReview.cs:33)

[Assets/Editor/PedestrianRouteReview.cs line 15]

STREET_REVIEW 24 A_同じ車に強が再発火_束ね確認 PASS 842 ms
UnityEngine.Debug:ExtractStackTraceNoAlloc (byte*,int,string)
UnityEngine.StackTraceUtility:ExtractStackTrace ()
UnityEngine.DebugLogHandler:Internal_Log (UnityEngine.LogType,UnityEngine.LogOption,string,UnityEngine.Object)
UnityEngine.DebugLogHandler:LogFormat (UnityEngine.LogType,UnityEngine.Object,string,object[])
UnityEngine.Logger:Log (UnityEngine.LogType,object)
UnityEngine.Debug:Log (object)
StreetscapeReview:Run () (at Assets/Editor/StreetscapeReview.cs:58)

(Filename: Assets/Editor/StreetscapeReview.cs Line: 58)

Unloading 1 Unused Serialized files (Serialized files now loaded: 0)
Unloading 1 unused Assets / (3.2 KB). Loaded Objects now: 768.
Memory consumption went from 220.1 MB to 220.1 MB.
Total: 17.961800 ms (FindLiveObjects: 0.380400 ms CreateObjectMapping: 0.020200 ms MarkObjects: 17.026200 ms  DeleteObjects: 0.114400 ms)

Detected one or more triangles where the distance between any 2 vertices is greater than 500 units. The resulting Triangle Mesh can impact simulation and query stability. It is recommended to tessellate meshes that have large triangles. Source mesh name: R/earth
UnityEngine.Debug:ExtractStackTraceNoAlloc (byte*,int,string)
UnityEngine.StackTraceUtility:ExtractStackTrace ()
UnityEngine.GameObject:Internal_AddComponentWithType (System.Type)
UnityEngine.GameObject:AddComponent (System.Type)
UnityEngine.GameObject:AddComponent<UnityEngine.MeshCollider> ()
PedestrianRouteReview:Validate (JapaneseStreetscape) (at Assets/Editor/PedestrianRouteReview.cs:15)
StreetscapeReview:Run () (at Assets/Editor/StreetscapeReview.cs:33)

[Assets/Editor/PedestrianRouteReview.cs line 15]

STREET_REVIEW 25 B_中から強へ昇格_段階と連続 PASS 706 ms
UnityEngine.Debug:ExtractStackTraceNoAlloc (byte*,int,string)
UnityEngine.StackTraceUtility:ExtractStackTrace ()
UnityEngine.DebugLogHandler:Internal_Log (UnityEngine.LogType,UnityEngine.LogOption,string,UnityEngine.Object)
UnityEngine.DebugLogHandler:LogFormat (UnityEngine.LogType,UnityEngine.Object,string,object[])
UnityEngine.Logger:Log (UnityEngine.LogType,object)
UnityEngine.Debug:Log (object)
StreetscapeReview:Run () (at Assets/Editor/StreetscapeReview.cs:58)

(Filename: Assets/Editor/StreetscapeReview.cs Line: 58)

Unloading 1 Unused Serialized files (Serialized files now loaded: 0)
Unloading 1 unused Assets / (2.6 KB). Loaded Objects now: 768.
Memory consumption went from 220.1 MB to 220.1 MB.
Total: 19.554200 ms (FindLiveObjects: 0.819200 ms CreateObjectMapping: 0.022400 ms MarkObjects: 18.277000 ms  DeleteObjects: 0.071900 ms)

Detected one or more triangles where the distance between any 2 vertices is greater than 500 units. The resulting Triangle Mesh can impact simulation and query stability. It is recommended to tessellate meshes that have large triangles. Source mesh name: R/earth
UnityEngine.Debug:ExtractStackTraceNoAlloc (byte*,int,string)
UnityEngine.StackTraceUtility:ExtractStackTrace ()
UnityEngine.GameObject:Internal_AddComponentWithType (System.Type)
UnityEngine.GameObject:AddComponent (System.Type)
UnityEngine.GameObject:AddComponent<UnityEngine.MeshCollider> ()
PedestrianRouteReview:Validate (JapaneseStreetscape) (at Assets/Editor/PedestrianRouteReview.cs:15)
StreetscapeReview:Run () (at Assets/Editor/StreetscapeReview.cs:33)

[Assets/Editor/PedestrianRouteReview.cs line 15]

STREET_REVIEW 26 C_幹線歩行_車3台の連続通知 PASS 922 ms
UnityEngine.Debug:ExtractStackTraceNoAlloc (byte*,int,string)
UnityEngine.StackTraceUtility:ExtractStackTrace ()
UnityEngine.DebugLogHandler:Internal_Log (UnityEngine.LogType,UnityEngine.LogOption,string,UnityEngine.Object)
UnityEngine.DebugLogHandler:LogFormat (UnityEngine.LogType,UnityEngine.Object,string,object[])
UnityEngine.Logger:Log (UnityEngine.LogType,object)
UnityEngine.Debug:Log (object)
StreetscapeReview:Run () (at Assets/Editor/StreetscapeReview.cs:58)

(Filename: Assets/Editor/StreetscapeReview.cs Line: 58)

Unloading 1 Unused Serialized files (Serialized files now loaded: 0)
Unloading 1 unused Assets / (2.1 KB). Loaded Objects now: 768.
Memory consumption went from 220.1 MB to 220.1 MB.
Total: 15.999300 ms (FindLiveObjects: 0.328000 ms CreateObjectMapping: 0.013700 ms MarkObjects: 15.379700 ms  DeleteObjects: 0.071900 ms)

Detected one or more triangles where the distance between any 2 vertices is greater than 500 units. The resulting Triangle Mesh can impact simulation and query stability. It is recommended to tessellate meshes that have large triangles. Source mesh name: R/earth
UnityEngine.Debug:ExtractStackTraceNoAlloc (byte*,int,string)
UnityEngine.StackTraceUtility:ExtractStackTrace ()
UnityEngine.GameObject:Internal_AddComponentWithType (System.Type)
UnityEngine.GameObject:AddComponent (System.Type)
UnityEngine.GameObject:AddComponent<UnityEngine.MeshCollider> ()
PedestrianRouteReview:Validate (JapaneseStreetscape) (at Assets/Editor/PedestrianRouteReview.cs:15)
StreetscapeReview:Run () (at Assets/Editor/StreetscapeReview.cs:33)

[Assets/Editor/PedestrianRouteReview.cs line 15]

STREET_REVIEW 27 D_安全な車だけ_抑制 PASS 773 ms
UnityEngine.Debug:ExtractStackTraceNoAlloc (byte*,int,string)
UnityEngine.StackTraceUtility:ExtractStackTrace ()
UnityEngine.DebugLogHandler:Internal_Log (UnityEngine.LogType,UnityEngine.LogOption,string,UnityEngine.Object)
UnityEngine.DebugLogHandler:LogFormat (UnityEngine.LogType,UnityEngine.Object,string,object[])
UnityEngine.Logger:Log (UnityEngine.LogType,object)
UnityEngine.Debug:Log (object)
StreetscapeReview:Run () (at Assets/Editor/StreetscapeReview.cs:58)

(Filename: Assets/Editor/StreetscapeReview.cs Line: 58)

Unloading 1 Unused Serialized files (Serialized files now loaded: 0)
Unloading 1 unused Assets / (1.6 KB). Loaded Objects now: 765.
Memory consumption went from 220.1 MB to 220.1 MB.
Total: 17.012400 ms (FindLiveObjects: 0.601300 ms CreateObjectMapping: 0.018800 ms MarkObjects: 16.119600 ms  DeleteObjects: 0.081800 ms)

Detected one or more triangles where the distance between any 2 vertices is greater than 500 units. The resulting Triangle Mesh can impact simulation and query stability. It is recommended to tessellate meshes that have large triangles. Source mesh name: R/earth
UnityEngine.Debug:ExtractStackTraceNoAlloc (byte*,int,string)
UnityEngine.StackTraceUtility:ExtractStackTrace ()
UnityEngine.GameObject:Internal_AddComponentWithType (System.Type)
UnityEngine.GameObject:AddComponent (System.Type)
UnityEngine.GameObject:AddComponent<UnityEngine.MeshCollider> ()
PedestrianRouteReview:Validate (JapaneseStreetscape) (at Assets/Editor/PedestrianRouteReview.cs:15)
StreetscapeReview:Run () (at Assets/Editor/StreetscapeReview.cs:33)

[Assets/Editor/PedestrianRouteReview.cs line 15]

STREET_REVIEW 28 南西から車が交差点を抜ける_後ろから自転車ベル PASS 1799 ms
UnityEngine.Debug:ExtractStackTraceNoAlloc (byte*,int,string)
UnityEngine.StackTraceUtility:ExtractStackTrace ()
UnityEngine.DebugLogHandler:Internal_Log (UnityEngine.LogType,UnityEngine.LogOption,string,UnityEngine.Object)
UnityEngine.DebugLogHandler:LogFormat (UnityEngine.LogType,UnityEngine.Object,string,object[])
UnityEngine.Logger:Log (UnityEngine.LogType,object)
UnityEngine.Debug:Log (object)
StreetscapeReview:Run () (at Assets/Editor/StreetscapeReview.cs:58)

(Filename: Assets/Editor/StreetscapeReview.cs Line: 58)

Unloading 1 Unused Serialized files (Serialized files now loaded: 0)
Unloading 1 unused Assets / (3.2 KB). Loaded Objects now: 765.
Memory consumption went from 220.1 MB to 220.1 MB.
Total: 17.938200 ms (FindLiveObjects: 0.454400 ms CreateObjectMapping: 0.027000 ms MarkObjects: 17.127400 ms  DeleteObjects: 0.091600 ms)

Detected one or more triangles where the distance between any 2 vertices is greater than 500 units. The resulting Triangle Mesh can impact simulation and query stability. It is recommended to tessellate meshes that have large triangles. Source mesh name: R/earth
UnityEngine.Debug:ExtractStackTraceNoAlloc (byte*,int,string)
UnityEngine.StackTraceUtility:ExtractStackTrace ()
UnityEngine.GameObject:Internal_AddComponentWithType (System.Type)
UnityEngine.GameObject:AddComponent (System.Type)
UnityEngine.GameObject:AddComponent<UnityEngine.MeshCollider> ()
PedestrianRouteReview:Validate (JapaneseStreetscape) (at Assets/Editor/PedestrianRouteReview.cs:15)
StreetscapeReview:Run () (at Assets/Editor/StreetscapeReview.cs:33)

[Assets/Editor/PedestrianRouteReview.cs line 15]

STREET_REVIEW 29 正門から出て交差点を渡る_東から車 PASS 1529 ms
UnityEngine.Debug:ExtractStackTraceNoAlloc (byte*,int,string)
UnityEngine.StackTraceUtility:ExtractStackTrace ()
UnityEngine.DebugLogHandler:Internal_Log (UnityEngine.LogType,UnityEngine.LogOption,string,UnityEngine.Object)
UnityEngine.DebugLogHandler:LogFormat (UnityEngine.LogType,UnityEngine.Object,string,object[])
UnityEngine.Logger:Log (UnityEngine.LogType,object)
UnityEngine.Debug:Log (object)
StreetscapeReview:Run () (at Assets/Editor/StreetscapeReview.cs:58)

(Filename: Assets/Editor/StreetscapeReview.cs Line: 58)

Unloading 1 Unused Serialized files (Serialized files now loaded: 0)
Unloading 1 unused Assets / (0.7 KB). Loaded Objects now: 765.
Memory consumption went from 220.1 MB to 220.1 MB.
Total: 14.135100 ms (FindLiveObjects: 0.339200 ms CreateObjectMapping: 0.017500 ms MarkObjects: 13.334200 ms  DeleteObjects: 0.212700 ms)

Detected one or more triangles where the distance between any 2 vertices is greater than 500 units. The resulting Triangle Mesh can impact simulation and query stability. It is recommended to tessellate meshes that have large triangles. Source mesh name: R/earth
UnityEngine.Debug:ExtractStackTraceNoAlloc (byte*,int,string)
UnityEngine.StackTraceUtility:ExtractStackTrace ()
UnityEngine.GameObject:Internal_AddComponentWithType (System.Type)
UnityEngine.GameObject:AddComponent (System.Type)
UnityEngine.GameObject:AddComponent<UnityEngine.MeshCollider> ()
PedestrianRouteReview:Validate (JapaneseStreetscape) (at Assets/Editor/PedestrianRouteReview.cs:15)
StreetscapeReview:Run () (at Assets/Editor/StreetscapeReview.cs:33)

[Assets/Editor/PedestrianRouteReview.cs line 15]

STREET_REVIEW 30 正門前で待つ_北から車が左折_南西からも車 PASS 1514 ms
UnityEngine.Debug:ExtractStackTraceNoAlloc (byte*,int,string)
UnityEngine.StackTraceUtility:ExtractStackTrace ()
UnityEngine.DebugLogHandler:Internal_Log (UnityEngine.LogType,UnityEngine.LogOption,string,UnityEngine.Object)
UnityEngine.DebugLogHandler:LogFormat (UnityEngine.LogType,UnityEngine.Object,string,object[])
UnityEngine.Logger:Log (UnityEngine.LogType,object)
UnityEngine.Debug:Log (object)
StreetscapeReview:Run () (at Assets/Editor/StreetscapeReview.cs:58)

(Filename: Assets/Editor/StreetscapeReview.cs Line: 58)

Unloading 1 Unused Serialized files (Serialized files now loaded: 0)
Unloading 1 unused Assets / (1.1 KB). Loaded Objects now: 768.
Memory consumption went from 220.1 MB to 220.1 MB.
Total: 15.709200 ms (FindLiveObjects: 0.332400 ms CreateObjectMapping: 0.019800 ms MarkObjects: 15.123300 ms  DeleteObjects: 0.070500 ms)

Detected one or more triangles where the distance between any 2 vertices is greater than 500 units. The resulting Triangle Mesh can impact simulation and query stability. It is recommended to tessellate meshes that have large triangles. Source mesh name: R/earth
UnityEngine.Debug:ExtractStackTraceNoAlloc (byte*,int,string)
UnityEngine.StackTraceUtility:ExtractStackTrace ()
UnityEngine.GameObject:Internal_AddComponentWithType (System.Type)
UnityEngine.GameObject:AddComponent (System.Type)
UnityEngine.GameObject:AddComponent<UnityEngine.MeshCollider> ()
PedestrianRouteReview:Validate (JapaneseStreetscape) (at Assets/Editor/PedestrianRouteReview.cs:15)
StreetscapeReview:Run () (at Assets/Editor/StreetscapeReview.cs:33)

[Assets/Editor/PedestrianRouteReview.cs line 15]

STREET_REVIEW 31 歩行_渡った直後に東からの車が背中側を右折 PASS 1544 ms
UnityEngine.Debug:ExtractStackTraceNoAlloc (byte*,int,string)
UnityEngine.StackTraceUtility:ExtractStackTrace ()
UnityEngine.DebugLogHandler:Internal_Log (UnityEngine.LogType,UnityEngine.LogOption,string,UnityEngine.Object)
UnityEngine.DebugLogHandler:LogFormat (UnityEngine.LogType,UnityEngine.Object,string,object[])
UnityEngine.Logger:Log (UnityEngine.LogType,object)
UnityEngine.Debug:Log (object)
StreetscapeReview:Run () (at Assets/Editor/StreetscapeReview.cs:58)

(Filename: Assets/Editor/StreetscapeReview.cs Line: 58)

Unloading 1 Unused Serialized files (Serialized files now loaded: 0)
Unloading 1 unused Assets / (101 B). Loaded Objects now: 768.
Memory consumption went from 220.1 MB to 220.1 MB.
Total: 19.479100 ms (FindLiveObjects: 0.464200 ms CreateObjectMapping: 0.021200 ms MarkObjects: 18.558600 ms  DeleteObjects: 0.117000 ms)

Detected one or more triangles where the distance between any 2 vertices is greater than 500 units. The resulting Triangle Mesh can impact simulation and query stability. It is recommended to tessellate meshes that have large triangles. Source mesh name: R/earth
UnityEngine.Debug:ExtractStackTraceNoAlloc (byte*,int,string)
UnityEngine.StackTraceUtility:ExtractStackTrace ()
UnityEngine.GameObject:Internal_AddComponentWithType (System.Type)
UnityEngine.GameObject:AddComponent (System.Type)
UnityEngine.GameObject:AddComponent<UnityEngine.MeshCollider> ()
PedestrianRouteReview:Validate (JapaneseStreetscape) (at Assets/Editor/PedestrianRouteReview.cs:15)
StreetscapeReview:Run () (at Assets/Editor/StreetscapeReview.cs:33)

[Assets/Editor/PedestrianRouteReview.cs line 15]

STREET_REVIEW 32 歩行_渡る瞬間に北からの車が目の前を左折 PASS 1727 ms
UnityEngine.Debug:ExtractStackTraceNoAlloc (byte*,int,string)
UnityEngine.StackTraceUtility:ExtractStackTrace ()
UnityEngine.DebugLogHandler:Internal_Log (UnityEngine.LogType,UnityEngine.LogOption,string,UnityEngine.Object)
UnityEngine.DebugLogHandler:LogFormat (UnityEngine.LogType,UnityEngine.Object,string,object[])
UnityEngine.Logger:Log (UnityEngine.LogType,object)
UnityEngine.Debug:Log (object)
StreetscapeReview:Run () (at Assets/Editor/StreetscapeReview.cs:58)

(Filename: Assets/Editor/StreetscapeReview.cs Line: 58)

Unloading 1 Unused Serialized files (Serialized files now loaded: 0)
Unloading 1 unused Assets / (0.8 KB). Loaded Objects now: 768.
Memory consumption went from 220.1 MB to 220.1 MB.
Total: 18.074500 ms (FindLiveObjects: 0.319800 ms CreateObjectMapping: 0.019600 ms MarkObjects: 17.208500 ms  DeleteObjects: 0.084800 ms)

Detected one or more triangles where the distance between any 2 vertices is greater than 500 units. The resulting Triangle Mesh can impact simulation and query stability. It is recommended to tessellate meshes that have large triangles. Source mesh name: R/earth
UnityEngine.Debug:ExtractStackTraceNoAlloc (byte*,int,string)
UnityEngine.StackTraceUtility:ExtractStackTrace ()
UnityEngine.GameObject:Internal_AddComponentWithType (System.Type)
UnityEngine.GameObject:AddComponent (System.Type)
UnityEngine.GameObject:AddComponent<UnityEngine.MeshCollider> ()
PedestrianRouteReview:Validate (JapaneseStreetscape) (at Assets/Editor/PedestrianRouteReview.cs:15)
StreetscapeReview:Run () (at Assets/Editor/StreetscapeReview.cs:33)

[Assets/Editor/PedestrianRouteReview.cs line 15]

STREET_REVIEW 33 クラクションを鳴らされる PASS 1052 ms
UnityEngine.Debug:ExtractStackTraceNoAlloc (byte*,int,string)
UnityEngine.StackTraceUtility:ExtractStackTrace ()
UnityEngine.DebugLogHandler:Internal_Log (UnityEngine.LogType,UnityEngine.LogOption,string,UnityEngine.Object)
UnityEngine.DebugLogHandler:LogFormat (UnityEngine.LogType,UnityEngine.Object,string,object[])
UnityEngine.Logger:Log (UnityEngine.LogType,object)
UnityEngine.Debug:Log (object)
StreetscapeReview:Run () (at Assets/Editor/StreetscapeReview.cs:58)

(Filename: Assets/Editor/StreetscapeReview.cs Line: 58)

Unloading 1 Unused Serialized files (Serialized files now loaded: 0)
Unloading 1 unused Assets / (0.7 KB). Loaded Objects now: 768.
Memory consumption went from 220.1 MB to 220.1 MB.
Total: 18.045300 ms (FindLiveObjects: 0.382300 ms CreateObjectMapping: 0.022700 ms MarkObjects: 17.245800 ms  DeleteObjects: 0.166200 ms)

Detected one or more triangles where the distance between any 2 vertices is greater than 500 units. The resulting Triangle Mesh can impact simulation and query stability. It is recommended to tessellate meshes that have large triangles. Source mesh name: R/earth
UnityEngine.Debug:ExtractStackTraceNoAlloc (byte*,int,string)
UnityEngine.StackTraceUtility:ExtractStackTrace ()
UnityEngine.GameObject:Internal_AddComponentWithType (System.Type)
UnityEngine.GameObject:AddComponent (System.Type)
UnityEngine.GameObject:AddComponent<UnityEngine.MeshCollider> ()
PedestrianRouteReview:Validate (JapaneseStreetscape) (at Assets/Editor/PedestrianRouteReview.cs:15)
StreetscapeReview:Run () (at Assets/Editor/StreetscapeReview.cs:33)

[Assets/Editor/PedestrianRouteReview.cs line 15]

STREET_REVIEW 34 バス停_バスが真横に停車して発進 PASS 685 ms
UnityEngine.Debug:ExtractStackTraceNoAlloc (byte*,int,string)
UnityEngine.StackTraceUtility:ExtractStackTrace ()
UnityEngine.DebugLogHandler:Internal_Log (UnityEngine.LogType,UnityEngine.LogOption,string,UnityEngine.Object)
UnityEngine.DebugLogHandler:LogFormat (UnityEngine.LogType,UnityEngine.Object,string,object[])
UnityEngine.Logger:Log (UnityEngine.LogType,object)
UnityEngine.Debug:Log (object)
StreetscapeReview:Run () (at Assets/Editor/StreetscapeReview.cs:58)

(Filename: Assets/Editor/StreetscapeReview.cs Line: 58)

Unloading 1 Unused Serialized files (Serialized files now loaded: 0)
Unloading 1 unused Assets / (1.3 KB). Loaded Objects now: 768.
Memory consumption went from 220.1 MB to 220.1 MB.
Total: 14.101700 ms (FindLiveObjects: 0.299000 ms CreateObjectMapping: 0.018000 ms MarkObjects: 13.529500 ms  DeleteObjects: 0.078200 ms)

Detected one or more triangles where the distance between any 2 vertices is greater than 500 units. The resulting Triangle Mesh can impact simulation and query stability. It is recommended to tessellate meshes that have large triangles. Source mesh name: R/earth
UnityEngine.Debug:ExtractStackTraceNoAlloc (byte*,int,string)
UnityEngine.StackTraceUtility:ExtractStackTrace ()
UnityEngine.GameObject:Internal_AddComponentWithType (System.Type)
UnityEngine.GameObject:AddComponent (System.Type)
UnityEngine.GameObject:AddComponent<UnityEngine.MeshCollider> ()
PedestrianRouteReview:Validate (JapaneseStreetscape) (at Assets/Editor/PedestrianRouteReview.cs:15)
StreetscapeReview:Run () (at Assets/Editor/StreetscapeReview.cs:33)

[Assets/Editor/PedestrianRouteReview.cs line 15]

STREET_REVIEW 35 交差点の角で待つ_前の道路を車が横切る PASS 398 ms
UnityEngine.Debug:ExtractStackTraceNoAlloc (byte*,int,string)
UnityEngine.StackTraceUtility:ExtractStackTrace ()
UnityEngine.DebugLogHandler:Internal_Log (UnityEngine.LogType,UnityEngine.LogOption,string,UnityEngine.Object)
UnityEngine.DebugLogHandler:LogFormat (UnityEngine.LogType,UnityEngine.Object,string,object[])
UnityEngine.Logger:Log (UnityEngine.LogType,object)
UnityEngine.Debug:Log (object)
StreetscapeReview:Run () (at Assets/Editor/StreetscapeReview.cs:58)

(Filename: Assets/Editor/StreetscapeReview.cs Line: 58)

Unloading 1 Unused Serialized files (Serialized files now loaded: 0)
Unloading 1 unused Assets / (64.7 KB). Loaded Objects now: 768.
Memory consumption went from 220.3 MB to 220.2 MB.
Total: 17.571800 ms (FindLiveObjects: 0.286500 ms CreateObjectMapping: 0.047300 ms MarkObjects: 16.906300 ms  DeleteObjects: 0.070800 ms)

Detected one or more triangles where the distance between any 2 vertices is greater than 500 units. The resulting Triangle Mesh can impact simulation and query stability. It is recommended to tessellate meshes that have large triangles. Source mesh name: R/earth
UnityEngine.Debug:ExtractStackTraceNoAlloc (byte*,int,string)
UnityEngine.StackTraceUtility:ExtractStackTrace ()
UnityEngine.GameObject:Internal_AddComponentWithType (System.Type)
UnityEngine.GameObject:AddComponent (System.Type)
UnityEngine.GameObject:AddComponent<UnityEngine.MeshCollider> ()
PedestrianRouteReview:Validate (JapaneseStreetscape) (at Assets/Editor/PedestrianRouteReview.cs:15)
StreetscapeReview:Run () (at Assets/Editor/StreetscapeReview.cs:33)

[Assets/Editor/PedestrianRouteReview.cs line 15]

STREET_REVIEW 36 前から対向車と、遠くを追い越す車 PASS 641 ms
UnityEngine.Debug:ExtractStackTraceNoAlloc (byte*,int,string)
UnityEngine.StackTraceUtility:ExtractStackTrace ()
UnityEngine.DebugLogHandler:Internal_Log (UnityEngine.LogType,UnityEngine.LogOption,string,UnityEngine.Object)
UnityEngine.DebugLogHandler:LogFormat (UnityEngine.LogType,UnityEngine.Object,string,object[])
UnityEngine.Logger:Log (UnityEngine.LogType,object)
UnityEngine.Debug:Log (object)
StreetscapeReview:Run () (at Assets/Editor/StreetscapeReview.cs:58)

(Filename: Assets/Editor/StreetscapeReview.cs Line: 58)

Unloading 1 Unused Serialized files (Serialized files now loaded: 0)
Unloading 1 unused Assets / (0.7 KB). Loaded Objects now: 768.
Memory consumption went from 220.2 MB to 220.2 MB.
Total: 28.359600 ms (FindLiveObjects: 0.362100 ms CreateObjectMapping: 0.016500 ms MarkObjects: 27.726500 ms  DeleteObjects: 0.078400 ms)

Detected one or more triangles where the distance between any 2 vertices is greater than 500 units. The resulting Triangle Mesh can impact simulation and query stability. It is recommended to tessellate meshes that have large triangles. Source mesh name: R/earth
UnityEngine.Debug:ExtractStackTraceNoAlloc (byte*,int,string)
UnityEngine.StackTraceUtility:ExtractStackTrace ()
UnityEngine.GameObject:Internal_AddComponentWithType (System.Type)
UnityEngine.GameObject:AddComponent (System.Type)
UnityEngine.GameObject:AddComponent<UnityEngine.MeshCollider> ()
PedestrianRouteReview:Validate (JapaneseStreetscape) (at Assets/Editor/PedestrianRouteReview.cs:15)
StreetscapeReview:Run () (at Assets/Editor/StreetscapeReview.cs:33)

[Assets/Editor/PedestrianRouteReview.cs line 15]

STREET_REVIEW 37 南西から車が交差点を抜ける_後ろから自転車ベル PASS 1437 ms
UnityEngine.Debug:ExtractStackTraceNoAlloc (byte*,int,string)
UnityEngine.StackTraceUtility:ExtractStackTrace ()
UnityEngine.DebugLogHandler:Internal_Log (UnityEngine.LogType,UnityEngine.LogOption,string,UnityEngine.Object)
UnityEngine.DebugLogHandler:LogFormat (UnityEngine.LogType,UnityEngine.Object,string,object[])
UnityEngine.Logger:Log (UnityEngine.LogType,object)
UnityEngine.Debug:Log (object)
StreetscapeReview:Run () (at Assets/Editor/StreetscapeReview.cs:58)

(Filename: Assets/Editor/StreetscapeReview.cs Line: 58)

Unloading 1 Unused Serialized files (Serialized files now loaded: 0)
Unloading 1 unused Assets / (2.6 KB). Loaded Objects now: 765.
Memory consumption went from 220.2 MB to 220.2 MB.
Total: 18.523500 ms (FindLiveObjects: 0.425700 ms CreateObjectMapping: 0.025500 ms MarkObjects: 17.651800 ms  DeleteObjects: 0.097300 ms)

Detected one or more triangles where the distance between any 2 vertices is greater than 500 units. The resulting Triangle Mesh can impact simulation and query stability. It is recommended to tessellate meshes that have large triangles. Source mesh name: R/earth
UnityEngine.Debug:ExtractStackTraceNoAlloc (byte*,int,string)
UnityEngine.StackTraceUtility:ExtractStackTrace ()
UnityEngine.GameObject:Internal_AddComponentWithType (System.Type)
UnityEngine.GameObject:AddComponent (System.Type)
UnityEngine.GameObject:AddComponent<UnityEngine.MeshCollider> ()
PedestrianRouteReview:Validate (JapaneseStreetscape) (at Assets/Editor/PedestrianRouteReview.cs:15)
StreetscapeReview:Run () (at Assets/Editor/StreetscapeReview.cs:33)

[Assets/Editor/PedestrianRouteReview.cs line 15]

STREET_REVIEW 38 宅配バイクが後ろから来て停止_発進 PASS 558 ms
UnityEngine.Debug:ExtractStackTraceNoAlloc (byte*,int,string)
UnityEngine.StackTraceUtility:ExtractStackTrace ()
UnityEngine.DebugLogHandler:Internal_Log (UnityEngine.LogType,UnityEngine.LogOption,string,UnityEngine.Object)
UnityEngine.DebugLogHandler:LogFormat (UnityEngine.LogType,UnityEngine.Object,string,object[])
UnityEngine.Logger:Log (UnityEngine.LogType,object)
UnityEngine.Debug:Log (object)
StreetscapeReview:Run () (at Assets/Editor/StreetscapeReview.cs:58)

(Filename: Assets/Editor/StreetscapeReview.cs Line: 58)

Unloading 1 Unused Serialized files (Serialized files now loaded: 0)
Unloading 1 unused Assets / (0.7 KB). Loaded Objects now: 765.
Memory consumption went from 220.2 MB to 220.2 MB.
Total: 17.576400 ms (FindLiveObjects: 0.341000 ms CreateObjectMapping: 0.015000 ms MarkObjects: 16.534100 ms  DeleteObjects: 0.074800 ms)

Detected one or more triangles where the distance between any 2 vertices is greater than 500 units. The resulting Triangle Mesh can impact simulation and query stability. It is recommended to tessellate meshes that have large triangles. Source mesh name: R/earth
UnityEngine.Debug:ExtractStackTraceNoAlloc (byte*,int,string)
UnityEngine.StackTraceUtility:ExtractStackTrace ()
UnityEngine.GameObject:Internal_AddComponentWithType (System.Type)
UnityEngine.GameObject:AddComponent (System.Type)
UnityEngine.GameObject:AddComponent<UnityEngine.MeshCollider> ()
PedestrianRouteReview:Validate (JapaneseStreetscape) (at Assets/Editor/PedestrianRouteReview.cs:15)
StreetscapeReview:Run () (at Assets/Editor/StreetscapeReview.cs:33)

[Assets/Editor/PedestrianRouteReview.cs line 15]

STREET_REVIEW 39 左折巻き込み_後ろの車が目の前で左折 PASS 904 ms
UnityEngine.Debug:ExtractStackTraceNoAlloc (byte*,int,string)
UnityEngine.StackTraceUtility:ExtractStackTrace ()
UnityEngine.DebugLogHandler:Internal_Log (UnityEngine.LogType,UnityEngine.LogOption,string,UnityEngine.Object)
UnityEngine.DebugLogHandler:LogFormat (UnityEngine.LogType,UnityEngine.Object,string,object[])
UnityEngine.Logger:Log (UnityEngine.LogType,object)
UnityEngine.Debug:Log (object)
StreetscapeReview:Run () (at Assets/Editor/StreetscapeReview.cs:58)

(Filename: Assets/Editor/StreetscapeReview.cs Line: 58)

Unloading 1 Unused Serialized files (Serialized files now loaded: 0)
Unloading 1 unused Assets / (0.7 KB). Loaded Objects now: 765.
Memory consumption went from 220.2 MB to 220.2 MB.
Total: 17.320100 ms (FindLiveObjects: 0.331600 ms CreateObjectMapping: 0.018200 ms MarkObjects: 16.716900 ms  DeleteObjects: 0.077000 ms)

Detected one or more triangles where the distance between any 2 vertices is greater than 500 units. The resulting Triangle Mesh can impact simulation and query stability. It is recommended to tessellate meshes that have large triangles. Source mesh name: R/earth
UnityEngine.Debug:ExtractStackTraceNoAlloc (byte*,int,string)
UnityEngine.StackTraceUtility:ExtractStackTrace ()
UnityEngine.GameObject:Internal_AddComponentWithType (System.Type)
UnityEngine.GameObject:AddComponent (System.Type)
UnityEngine.GameObject:AddComponent<UnityEngine.MeshCollider> ()
PedestrianRouteReview:Validate (JapaneseStreetscape) (at Assets/Editor/PedestrianRouteReview.cs:15)
StreetscapeReview:Run () (at Assets/Editor/StreetscapeReview.cs:33)

[Assets/Editor/PedestrianRouteReview.cs line 15]

STREET_REVIEW 40 幹線_信号待ちで車が次々 PASS 730 ms
UnityEngine.Debug:ExtractStackTraceNoAlloc (byte*,int,string)
UnityEngine.StackTraceUtility:ExtractStackTrace ()
UnityEngine.DebugLogHandler:Internal_Log (UnityEngine.LogType,UnityEngine.LogOption,string,UnityEngine.Object)
UnityEngine.DebugLogHandler:LogFormat (UnityEngine.LogType,UnityEngine.Object,string,object[])
UnityEngine.Logger:Log (UnityEngine.LogType,object)
UnityEngine.Debug:Log (object)
StreetscapeReview:Run () (at Assets/Editor/StreetscapeReview.cs:58)

(Filename: Assets/Editor/StreetscapeReview.cs Line: 58)

Unloading 1 Unused Serialized files (Serialized files now loaded: 0)
Unloading 1 unused Assets / (2.1 KB). Loaded Objects now: 765.
Memory consumption went from 220.6 MB to 220.6 MB.
Total: 14.436000 ms (FindLiveObjects: 0.276900 ms CreateObjectMapping: 0.012300 ms MarkObjects: 13.918300 ms  DeleteObjects: 0.070100 ms)

Detected one or more triangles where the distance between any 2 vertices is greater than 500 units. The resulting Triangle Mesh can impact simulation and query stability. It is recommended to tessellate meshes that have large triangles. Source mesh name: R/earth
UnityEngine.Debug:ExtractStackTraceNoAlloc (byte*,int,string)
UnityEngine.StackTraceUtility:ExtractStackTrace ()
UnityEngine.GameObject:Internal_AddComponentWithType (System.Type)
UnityEngine.GameObject:AddComponent (System.Type)
UnityEngine.GameObject:AddComponent<UnityEngine.MeshCollider> ()
PedestrianRouteReview:Validate (JapaneseStreetscape) (at Assets/Editor/PedestrianRouteReview.cs:15)
StreetscapeReview:Run () (at Assets/Editor/StreetscapeReview.cs:33)

[Assets/Editor/PedestrianRouteReview.cs line 15]

STREET_REVIEW 41 幹線歩道_車3台が連続 PASS 621 ms
UnityEngine.Debug:ExtractStackTraceNoAlloc (byte*,int,string)
UnityEngine.StackTraceUtility:ExtractStackTrace ()
UnityEngine.DebugLogHandler:Internal_Log (UnityEngine.LogType,UnityEngine.LogOption,string,UnityEngine.Object)
UnityEngine.DebugLogHandler:LogFormat (UnityEngine.LogType,UnityEngine.Object,string,object[])
UnityEngine.Logger:Log (UnityEngine.LogType,object)
UnityEngine.Debug:Log (object)
StreetscapeReview:Run () (at Assets/Editor/StreetscapeReview.cs:58)

(Filename: Assets/Editor/StreetscapeReview.cs Line: 58)

Unloading 1 Unused Serialized files (Serialized files now loaded: 0)
Unloading 1 unused Assets / (3.2 KB). Loaded Objects now: 765.
Memory consumption went from 220.6 MB to 220.6 MB.
Total: 14.625800 ms (FindLiveObjects: 0.257000 ms CreateObjectMapping: 0.013700 ms MarkObjects: 14.104600 ms  DeleteObjects: 0.089800 ms)

Detected one or more triangles where the distance between any 2 vertices is greater than 500 units. The resulting Triangle Mesh can impact simulation and query stability. It is recommended to tessellate meshes that have large triangles. Source mesh name: R/earth
UnityEngine.Debug:ExtractStackTraceNoAlloc (byte*,int,string)
UnityEngine.StackTraceUtility:ExtractStackTrace ()
UnityEngine.GameObject:Internal_AddComponentWithType (System.Type)
UnityEngine.GameObject:AddComponent (System.Type)
UnityEngine.GameObject:AddComponent<UnityEngine.MeshCollider> ()
PedestrianRouteReview:Validate (JapaneseStreetscape) (at Assets/Editor/PedestrianRouteReview.cs:15)
StreetscapeReview:Run () (at Assets/Editor/StreetscapeReview.cs:33)

[Assets/Editor/PedestrianRouteReview.cs line 15]

STREET_REVIEW 42 後ろからキックボード PASS 555 ms
UnityEngine.Debug:ExtractStackTraceNoAlloc (byte*,int,string)
UnityEngine.StackTraceUtility:ExtractStackTrace ()
UnityEngine.DebugLogHandler:Internal_Log (UnityEngine.LogType,UnityEngine.LogOption,string,UnityEngine.Object)
UnityEngine.DebugLogHandler:LogFormat (UnityEngine.LogType,UnityEngine.Object,string,object[])
UnityEngine.Logger:Log (UnityEngine.LogType,object)
UnityEngine.Debug:Log (object)
StreetscapeReview:Run () (at Assets/Editor/StreetscapeReview.cs:58)

(Filename: Assets/Editor/StreetscapeReview.cs Line: 58)

Unloading 1 Unused Serialized files (Serialized files now loaded: 0)
Unloading 1 unused Assets / (0.7 KB). Loaded Objects now: 765.
Memory consumption went from 220.6 MB to 220.6 MB.
Total: 13.064300 ms (FindLiveObjects: 0.347600 ms CreateObjectMapping: 0.016000 ms MarkObjects: 12.367400 ms  DeleteObjects: 0.089000 ms)

Detected one or more triangles where the distance between any 2 vertices is greater than 500 units. The resulting Triangle Mesh can impact simulation and query stability. It is recommended to tessellate meshes that have large triangles. Source mesh name: R/earth
UnityEngine.Debug:ExtractStackTraceNoAlloc (byte*,int,string)
UnityEngine.StackTraceUtility:ExtractStackTrace ()
UnityEngine.GameObject:Internal_AddComponentWithType (System.Type)
UnityEngine.GameObject:AddComponent (System.Type)
UnityEngine.GameObject:AddComponent<UnityEngine.MeshCollider> ()
PedestrianRouteReview:Validate (JapaneseStreetscape) (at Assets/Editor/PedestrianRouteReview.cs:15)
StreetscapeReview:Run () (at Assets/Editor/StreetscapeReview.cs:33)

[Assets/Editor/PedestrianRouteReview.cs line 15]

STREET_REVIEW 43 後ろからバイク PASS 693 ms
UnityEngine.Debug:ExtractStackTraceNoAlloc (byte*,int,string)
UnityEngine.StackTraceUtility:ExtractStackTrace ()
UnityEngine.DebugLogHandler:Internal_Log (UnityEngine.LogType,UnityEngine.LogOption,string,UnityEngine.Object)
UnityEngine.DebugLogHandler:LogFormat (UnityEngine.LogType,UnityEngine.Object,string,object[])
UnityEngine.Logger:Log (UnityEngine.LogType,object)
UnityEngine.Debug:Log (object)
StreetscapeReview:Run () (at Assets/Editor/StreetscapeReview.cs:58)

(Filename: Assets/Editor/StreetscapeReview.cs Line: 58)

Unloading 1 Unused Serialized files (Serialized files now loaded: 0)
Unloading 1 unused Assets / (0.9 KB). Loaded Objects now: 765.
Memory consumption went from 220.6 MB to 220.6 MB.
Total: 17.654300 ms (FindLiveObjects: 0.285600 ms CreateObjectMapping: 0.014500 ms MarkObjects: 17.077400 ms  DeleteObjects: 0.071100 ms)

Detected one or more triangles where the distance between any 2 vertices is greater than 500 units. The resulting Triangle Mesh can impact simulation and query stability. It is recommended to tessellate meshes that have large triangles. Source mesh name: R/earth
UnityEngine.Debug:ExtractStackTraceNoAlloc (byte*,int,string)
UnityEngine.StackTraceUtility:ExtractStackTrace ()
UnityEngine.GameObject:Internal_AddComponentWithType (System.Type)
UnityEngine.GameObject:AddComponent (System.Type)
UnityEngine.GameObject:AddComponent<UnityEngine.MeshCollider> ()
PedestrianRouteReview:Validate (JapaneseStreetscape) (at Assets/Editor/PedestrianRouteReview.cs:15)
StreetscapeReview:Run () (at Assets/Editor/StreetscapeReview.cs:33)

[Assets/Editor/PedestrianRouteReview.cs line 15]

STREET_REVIEW 44 後ろから自転車ベル PASS 618 ms
UnityEngine.Debug:ExtractStackTraceNoAlloc (byte*,int,string)
UnityEngine.StackTraceUtility:ExtractStackTrace ()
UnityEngine.DebugLogHandler:Internal_Log (UnityEngine.LogType,UnityEngine.LogOption,string,UnityEngine.Object)
UnityEngine.DebugLogHandler:LogFormat (UnityEngine.LogType,UnityEngine.Object,string,object[])
UnityEngine.Logger:Log (UnityEngine.LogType,object)
UnityEngine.Debug:Log (object)
StreetscapeReview:Run () (at Assets/Editor/StreetscapeReview.cs:58)

(Filename: Assets/Editor/StreetscapeReview.cs Line: 58)

Unloading 1 Unused Serialized files (Serialized files now loaded: 0)
Unloading 1 unused Assets / (0.8 KB). Loaded Objects now: 765.
Memory consumption went from 220.6 MB to 220.6 MB.
Total: 17.198200 ms (FindLiveObjects: 0.307400 ms CreateObjectMapping: 0.016700 ms MarkObjects: 16.608600 ms  DeleteObjects: 0.087700 ms)

Detected one or more triangles where the distance between any 2 vertices is greater than 500 units. The resulting Triangle Mesh can impact simulation and query stability. It is recommended to tessellate meshes that have large triangles. Source mesh name: R/earth
UnityEngine.Debug:ExtractStackTraceNoAlloc (byte*,int,string)
UnityEngine.StackTraceUtility:ExtractStackTrace ()
UnityEngine.GameObject:Internal_AddComponentWithType (System.Type)
UnityEngine.GameObject:AddComponent (System.Type)
UnityEngine.GameObject:AddComponent<UnityEngine.MeshCollider> ()
PedestrianRouteReview:Validate (JapaneseStreetscape) (at Assets/Editor/PedestrianRouteReview.cs:15)
StreetscapeReview:Run () (at Assets/Editor/StreetscapeReview.cs:33)

[Assets/Editor/PedestrianRouteReview.cs line 15]

STREET_REVIEW 45 救急車が横を通過 PASS 578 ms
UnityEngine.Debug:ExtractStackTraceNoAlloc (byte*,int,string)
UnityEngine.StackTraceUtility:ExtractStackTrace ()
UnityEngine.DebugLogHandler:Internal_Log (UnityEngine.LogType,UnityEngine.LogOption,string,UnityEngine.Object)
UnityEngine.DebugLogHandler:LogFormat (UnityEngine.LogType,UnityEngine.Object,string,object[])
UnityEngine.Logger:Log (UnityEngine.LogType,object)
UnityEngine.Debug:Log (object)
StreetscapeReview:Run () (at Assets/Editor/StreetscapeReview.cs:58)

(Filename: Assets/Editor/StreetscapeReview.cs Line: 58)

Unloading 1 Unused Serialized files (Serialized files now loaded: 0)
Unloading 1 unused Assets / (1.6 KB). Loaded Objects now: 765.
Memory consumption went from 220.6 MB to 220.6 MB.
Total: 13.025700 ms (FindLiveObjects: 0.221600 ms CreateObjectMapping: 0.013300 ms MarkObjects: 12.564500 ms  DeleteObjects: 0.071600 ms)

Detected one or more triangles where the distance between any 2 vertices is greater than 500 units. The resulting Triangle Mesh can impact simulation and query stability. It is recommended to tessellate meshes that have large triangles. Source mesh name: R/earth
UnityEngine.Debug:ExtractStackTraceNoAlloc (byte*,int,string)
UnityEngine.StackTraceUtility:ExtractStackTrace ()
UnityEngine.GameObject:Internal_AddComponentWithType (System.Type)
UnityEngine.GameObject:AddComponent (System.Type)
UnityEngine.GameObject:AddComponent<UnityEngine.MeshCollider> ()
PedestrianRouteReview:Validate (JapaneseStreetscape) (at Assets/Editor/PedestrianRouteReview.cs:15)
StreetscapeReview:Run () (at Assets/Editor/StreetscapeReview.cs:33)

[Assets/Editor/PedestrianRouteReview.cs line 15]

STREET_REVIEW 46 救急車が近づくだけ PASS 509 ms
UnityEngine.Debug:ExtractStackTraceNoAlloc (byte*,int,string)
UnityEngine.StackTraceUtility:ExtractStackTrace ()
UnityEngine.DebugLogHandler:Internal_Log (UnityEngine.LogType,UnityEngine.LogOption,string,UnityEngine.Object)
UnityEngine.DebugLogHandler:LogFormat (UnityEngine.LogType,UnityEngine.Object,string,object[])
UnityEngine.Logger:Log (UnityEngine.LogType,object)
UnityEngine.Debug:Log (object)
StreetscapeReview:Run () (at Assets/Editor/StreetscapeReview.cs:58)

(Filename: Assets/Editor/StreetscapeReview.cs Line: 58)

Unloading 1 Unused Serialized files (Serialized files now loaded: 0)
Unloading 1 unused Assets / (0.7 KB). Loaded Objects now: 765.
Memory consumption went from 220.6 MB to 220.6 MB.
Total: 14.145500 ms (FindLiveObjects: 0.424300 ms CreateObjectMapping: 0.022700 ms MarkObjects: 13.358800 ms  DeleteObjects: 0.102300 ms)

Detected one or more triangles where the distance between any 2 vertices is greater than 500 units. The resulting Triangle Mesh can impact simulation and query stability. It is recommended to tessellate meshes that have large triangles. Source mesh name: R/earth
UnityEngine.Debug:ExtractStackTraceNoAlloc (byte*,int,string)
UnityEngine.StackTraceUtility:ExtractStackTrace ()
UnityEngine.GameObject:Internal_AddComponentWithType (System.Type)
UnityEngine.GameObject:AddComponent (System.Type)
UnityEngine.GameObject:AddComponent<UnityEngine.MeshCollider> ()
PedestrianRouteReview:Validate (JapaneseStreetscape) (at Assets/Editor/PedestrianRouteReview.cs:15)
StreetscapeReview:Run () (at Assets/Editor/StreetscapeReview.cs:33)

[Assets/Editor/PedestrianRouteReview.cs line 15]

STREET_REVIEW 47 横断歩道を渡る途中_右から車が減速して横切る PASS 356 ms
UnityEngine.Debug:ExtractStackTraceNoAlloc (byte*,int,string)
UnityEngine.StackTraceUtility:ExtractStackTrace ()
UnityEngine.DebugLogHandler:Internal_Log (UnityEngine.LogType,UnityEngine.LogOption,string,UnityEngine.Object)
UnityEngine.DebugLogHandler:LogFormat (UnityEngine.LogType,UnityEngine.Object,string,object[])
UnityEngine.Logger:Log (UnityEngine.LogType,object)
UnityEngine.Debug:Log (object)
StreetscapeReview:Run () (at Assets/Editor/StreetscapeReview.cs:58)

(Filename: Assets/Editor/StreetscapeReview.cs Line: 58)

Unloading 1 Unused Serialized files (Serialized files now loaded: 0)
Unloading 1 unused Assets / (0.9 KB). Loaded Objects now: 765.
Memory consumption went from 220.6 MB to 220.6 MB.
Total: 15.548700 ms (FindLiveObjects: 0.312100 ms CreateObjectMapping: 0.013000 ms MarkObjects: 14.927600 ms  DeleteObjects: 0.077500 ms)

Detected one or more triangles where the distance between any 2 vertices is greater than 500 units. The resulting Triangle Mesh can impact simulation and query stability. It is recommended to tessellate meshes that have large triangles. Source mesh name: R/earth
UnityEngine.Debug:ExtractStackTraceNoAlloc (byte*,int,string)
UnityEngine.StackTraceUtility:ExtractStackTrace ()
UnityEngine.GameObject:Internal_AddComponentWithType (System.Type)
UnityEngine.GameObject:AddComponent (System.Type)
UnityEngine.GameObject:AddComponent<UnityEngine.MeshCollider> ()
PedestrianRouteReview:Validate (JapaneseStreetscape) (at Assets/Editor/PedestrianRouteReview.cs:15)
StreetscapeReview:Run () (at Assets/Editor/StreetscapeReview.cs:33)

[Assets/Editor/PedestrianRouteReview.cs line 15]

STREET_REVIEW 48 正門から出て交差点を渡る_東から車 PASS 1314 ms
UnityEngine.Debug:ExtractStackTraceNoAlloc (byte*,int,string)
UnityEngine.StackTraceUtility:ExtractStackTrace ()
UnityEngine.DebugLogHandler:Internal_Log (UnityEngine.LogType,UnityEngine.LogOption,string,UnityEngine.Object)
UnityEngine.DebugLogHandler:LogFormat (UnityEngine.LogType,UnityEngine.Object,string,object[])
UnityEngine.Logger:Log (UnityEngine.LogType,object)
UnityEngine.Debug:Log (object)
StreetscapeReview:Run () (at Assets/Editor/StreetscapeReview.cs:58)

(Filename: Assets/Editor/StreetscapeReview.cs Line: 58)

Unloading 1 Unused Serialized files (Serialized files now loaded: 0)
Unloading 1 unused Assets / (1.9 KB). Loaded Objects now: 765.
Memory consumption went from 220.6 MB to 220.6 MB.
Total: 19.856300 ms (FindLiveObjects: 0.285200 ms CreateObjectMapping: 0.013100 ms MarkObjects: 19.256600 ms  DeleteObjects: 0.085800 ms)

Detected one or more triangles where the distance between any 2 vertices is greater than 500 units. The resulting Triangle Mesh can impact simulation and query stability. It is recommended to tessellate meshes that have large triangles. Source mesh name: R/earth
UnityEngine.Debug:ExtractStackTraceNoAlloc (byte*,int,string)
UnityEngine.StackTraceUtility:ExtractStackTrace ()
UnityEngine.GameObject:Internal_AddComponentWithType (System.Type)
UnityEngine.GameObject:AddComponent (System.Type)
UnityEngine.GameObject:AddComponent<UnityEngine.MeshCollider> ()
PedestrianRouteReview:Validate (JapaneseStreetscape) (at Assets/Editor/PedestrianRouteReview.cs:15)
StreetscapeReview:Run () (at Assets/Editor/StreetscapeReview.cs:33)

[Assets/Editor/PedestrianRouteReview.cs line 15]

STREET_REVIEW 49 正門前で待つ_北から車が左折_南西からも車 PASS 1316 ms
UnityEngine.Debug:ExtractStackTraceNoAlloc (byte*,int,string)
UnityEngine.StackTraceUtility:ExtractStackTrace ()
UnityEngine.DebugLogHandler:Internal_Log (UnityEngine.LogType,UnityEngine.LogOption,string,UnityEngine.Object)
UnityEngine.DebugLogHandler:LogFormat (UnityEngine.LogType,UnityEngine.Object,string,object[])
UnityEngine.Logger:Log (UnityEngine.LogType,object)
UnityEngine.Debug:Log (object)
StreetscapeReview:Run () (at Assets/Editor/StreetscapeReview.cs:58)

(Filename: Assets/Editor/StreetscapeReview.cs Line: 58)

Unloading 1 Unused Serialized files (Serialized files now loaded: 0)
Unloading 1 unused Assets / (1.3 KB). Loaded Objects now: 768.
Memory consumption went from 220.6 MB to 220.6 MB.
Total: 25.388900 ms (FindLiveObjects: 0.352800 ms CreateObjectMapping: 0.013300 ms MarkObjects: 24.490700 ms  DeleteObjects: 0.147000 ms)

Detected one or more triangles where the distance between any 2 vertices is greater than 500 units. The resulting Triangle Mesh can impact simulation and query stability. It is recommended to tessellate meshes that have large triangles. Source mesh name: R/earth
UnityEngine.Debug:ExtractStackTraceNoAlloc (byte*,int,string)
UnityEngine.StackTraceUtility:ExtractStackTrace ()
UnityEngine.GameObject:Internal_AddComponentWithType (System.Type)
UnityEngine.GameObject:AddComponent (System.Type)
UnityEngine.GameObject:AddComponent<UnityEngine.MeshCollider> ()
PedestrianRouteReview:Validate (JapaneseStreetscape) (at Assets/Editor/PedestrianRouteReview.cs:15)
StreetscapeReview:Run () (at Assets/Editor/StreetscapeReview.cs:33)

[Assets/Editor/PedestrianRouteReview.cs line 15]

STREET_REVIEW 50 歩行_渡った直後に東からの車が背中側を右折 PASS 1555 ms
UnityEngine.Debug:ExtractStackTraceNoAlloc (byte*,int,string)
UnityEngine.StackTraceUtility:ExtractStackTrace ()
UnityEngine.DebugLogHandler:Internal_Log (UnityEngine.LogType,UnityEngine.LogOption,string,UnityEngine.Object)
UnityEngine.DebugLogHandler:LogFormat (UnityEngine.LogType,UnityEngine.Object,string,object[])
UnityEngine.Logger:Log (UnityEngine.LogType,object)
UnityEngine.Debug:Log (object)
StreetscapeReview:Run () (at Assets/Editor/StreetscapeReview.cs:58)

(Filename: Assets/Editor/StreetscapeReview.cs Line: 58)

Unloading 1 Unused Serialized files (Serialized files now loaded: 0)
Unloading 1 unused Assets / (3.2 KB). Loaded Objects now: 768.
Memory consumption went from 220.6 MB to 220.6 MB.
Total: 13.074600 ms (FindLiveObjects: 0.342400 ms CreateObjectMapping: 0.017300 ms MarkObjects: 12.298700 ms  DeleteObjects: 0.080500 ms)

Detected one or more triangles where the distance between any 2 vertices is greater than 500 units. The resulting Triangle Mesh can impact simulation and query stability. It is recommended to tessellate meshes that have large triangles. Source mesh name: R/earth
UnityEngine.Debug:ExtractStackTraceNoAlloc (byte*,int,string)
UnityEngine.StackTraceUtility:ExtractStackTrace ()
UnityEngine.GameObject:Internal_AddComponentWithType (System.Type)
UnityEngine.GameObject:AddComponent (System.Type)
UnityEngine.GameObject:AddComponent<UnityEngine.MeshCollider> ()
PedestrianRouteReview:Validate (JapaneseStreetscape) (at Assets/Editor/PedestrianRouteReview.cs:15)
StreetscapeReview:Run () (at Assets/Editor/StreetscapeReview.cs:33)

[Assets/Editor/PedestrianRouteReview.cs line 15]

STREET_REVIEW 51 歩行_渡る瞬間に北からの車が目の前を左折 PASS 1367 ms
UnityEngine.Debug:ExtractStackTraceNoAlloc (byte*,int,string)
UnityEngine.StackTraceUtility:ExtractStackTrace ()
UnityEngine.DebugLogHandler:Internal_Log (UnityEngine.LogType,UnityEngine.LogOption,string,UnityEngine.Object)
UnityEngine.DebugLogHandler:LogFormat (UnityEngine.LogType,UnityEngine.Object,string,object[])
UnityEngine.Logger:Log (UnityEngine.LogType,object)
UnityEngine.Debug:Log (object)
StreetscapeReview:Run () (at Assets/Editor/StreetscapeReview.cs:58)

(Filename: Assets/Editor/StreetscapeReview.cs Line: 58)

Unloading 1 Unused Serialized files (Serialized files now loaded: 0)
Unloading 1 unused Assets / (1.8 KB). Loaded Objects now: 768.
Memory consumption went from 220.6 MB to 220.6 MB.
Total: 12.911500 ms (FindLiveObjects: 0.535600 ms CreateObjectMapping: 0.018600 ms MarkObjects: 12.084100 ms  DeleteObjects: 0.083100 ms)

Detected one or more triangles where the distance between any 2 vertices is greater than 500 units. The resulting Triangle Mesh can impact simulation and query stability. It is recommended to tessellate meshes that have large triangles. Source mesh name: R/earth
UnityEngine.Debug:ExtractStackTraceNoAlloc (byte*,int,string)
UnityEngine.StackTraceUtility:ExtractStackTrace ()
UnityEngine.GameObject:Internal_AddComponentWithType (System.Type)
UnityEngine.GameObject:AddComponent (System.Type)
UnityEngine.GameObject:AddComponent<UnityEngine.MeshCollider> ()
PedestrianRouteReview:Validate (JapaneseStreetscape) (at Assets/Editor/PedestrianRouteReview.cs:15)
StreetscapeReview:Run () (at Assets/Editor/StreetscapeReview.cs:33)

[Assets/Editor/PedestrianRouteReview.cs line 15]

STREET_REVIEW 52 複合_前から車と後ろから自転車ベル PASS 778 ms
UnityEngine.Debug:ExtractStackTraceNoAlloc (byte*,int,string)
UnityEngine.StackTraceUtility:ExtractStackTrace ()
UnityEngine.DebugLogHandler:Internal_Log (UnityEngine.LogType,UnityEngine.LogOption,string,UnityEngine.Object)
UnityEngine.DebugLogHandler:LogFormat (UnityEngine.LogType,UnityEngine.Object,string,object[])
UnityEngine.Logger:Log (UnityEngine.LogType,object)
UnityEngine.Debug:Log (object)
StreetscapeReview:Run () (at Assets/Editor/StreetscapeReview.cs:58)

(Filename: Assets/Editor/StreetscapeReview.cs Line: 58)

Unloading 1 Unused Serialized files (Serialized files now loaded: 0)
Unloading 1 unused Assets / (1.1 KB). Loaded Objects now: 768.
Memory consumption went from 220.6 MB to 220.6 MB.
Total: 16.827600 ms (FindLiveObjects: 0.307500 ms CreateObjectMapping: 0.018500 ms MarkObjects: 16.251800 ms  DeleteObjects: 0.074000 ms)

Detected one or more triangles where the distance between any 2 vertices is greater than 500 units. The resulting Triangle Mesh can impact simulation and query stability. It is recommended to tessellate meshes that have large triangles. Source mesh name: R/earth
UnityEngine.Debug:ExtractStackTraceNoAlloc (byte*,int,string)
UnityEngine.StackTraceUtility:ExtractStackTrace ()
UnityEngine.GameObject:Internal_AddComponentWithType (System.Type)
UnityEngine.GameObject:AddComponent (System.Type)
UnityEngine.GameObject:AddComponent<UnityEngine.MeshCollider> ()
PedestrianRouteReview:Validate (JapaneseStreetscape) (at Assets/Editor/PedestrianRouteReview.cs:15)
StreetscapeReview:Run () (at Assets/Editor/StreetscapeReview.cs:33)

[Assets/Editor/PedestrianRouteReview.cs line 15]

STREET_REVIEW 53 路地_ゆっくり抜けていく車 PASS 622 ms
UnityEngine.Debug:ExtractStackTraceNoAlloc (byte*,int,string)
UnityEngine.StackTraceUtility:ExtractStackTrace ()
UnityEngine.DebugLogHandler:Internal_Log (UnityEngine.LogType,UnityEngine.LogOption,string,UnityEngine.Object)
UnityEngine.DebugLogHandler:LogFormat (UnityEngine.LogType,UnityEngine.Object,string,object[])
UnityEngine.Logger:Log (UnityEngine.LogType,object)
UnityEngine.Debug:Log (object)
StreetscapeReview:Run () (at Assets/Editor/StreetscapeReview.cs:58)

(Filename: Assets/Editor/StreetscapeReview.cs Line: 58)

Unloading 1 Unused Serialized files (Serialized files now loaded: 0)
Unloading 1 unused Assets / (1.6 KB). Loaded Objects now: 768.
Memory consumption went from 220.6 MB to 220.6 MB.
Total: 19.293800 ms (FindLiveObjects: 0.319400 ms CreateObjectMapping: 0.021200 ms MarkObjects: 18.684200 ms  DeleteObjects: 0.087900 ms)

Detected one or more triangles where the distance between any 2 vertices is greater than 500 units. The resulting Triangle Mesh can impact simulation and query stability. It is recommended to tessellate meshes that have large triangles. Source mesh name: R/earth
UnityEngine.Debug:ExtractStackTraceNoAlloc (byte*,int,string)
UnityEngine.StackTraceUtility:ExtractStackTrace ()
UnityEngine.GameObject:Internal_AddComponentWithType (System.Type)
UnityEngine.GameObject:AddComponent (System.Type)
UnityEngine.GameObject:AddComponent<UnityEngine.MeshCollider> ()
PedestrianRouteReview:Validate (JapaneseStreetscape) (at Assets/Editor/PedestrianRouteReview.cs:15)
StreetscapeReview:Run () (at Assets/Editor/StreetscapeReview.cs:33)

[Assets/Editor/PedestrianRouteReview.cs line 15]

STREET_REVIEW 54 路地_前から対向車 PASS 767 ms
UnityEngine.Debug:ExtractStackTraceNoAlloc (byte*,int,string)
UnityEngine.StackTraceUtility:ExtractStackTrace ()
UnityEngine.DebugLogHandler:Internal_Log (UnityEngine.LogType,UnityEngine.LogOption,string,UnityEngine.Object)
UnityEngine.DebugLogHandler:LogFormat (UnityEngine.LogType,UnityEngine.Object,string,object[])
UnityEngine.Logger:Log (UnityEngine.LogType,object)
UnityEngine.Debug:Log (object)
StreetscapeReview:Run () (at Assets/Editor/StreetscapeReview.cs:58)

(Filename: Assets/Editor/StreetscapeReview.cs Line: 58)

Unloading 1 Unused Serialized files (Serialized files now loaded: 0)
Unloading 1 unused Assets / (2.1 KB). Loaded Objects now: 768.
Memory consumption went from 220.6 MB to 220.6 MB.
Total: 13.935800 ms (FindLiveObjects: 0.321000 ms CreateObjectMapping: 0.018100 ms MarkObjects: 13.351400 ms  DeleteObjects: 0.076600 ms)

Detected one or more triangles where the distance between any 2 vertices is greater than 500 units. The resulting Triangle Mesh can impact simulation and query stability. It is recommended to tessellate meshes that have large triangles. Source mesh name: R/earth
UnityEngine.Debug:ExtractStackTraceNoAlloc (byte*,int,string)
UnityEngine.StackTraceUtility:ExtractStackTrace ()
UnityEngine.GameObject:Internal_AddComponentWithType (System.Type)
UnityEngine.GameObject:AddComponent (System.Type)
UnityEngine.GameObject:AddComponent<UnityEngine.MeshCollider> ()
PedestrianRouteReview:Validate (JapaneseStreetscape) (at Assets/Editor/PedestrianRouteReview.cs:15)
StreetscapeReview:Run () (at Assets/Editor/StreetscapeReview.cs:33)

[Assets/Editor/PedestrianRouteReview.cs line 15]

STREET_REVIEW 55 路地_後ろからゆっくり車_至近 PASS 590 ms
UnityEngine.Debug:ExtractStackTraceNoAlloc (byte*,int,string)
UnityEngine.StackTraceUtility:ExtractStackTrace ()
UnityEngine.DebugLogHandler:Internal_Log (UnityEngine.LogType,UnityEngine.LogOption,string,UnityEngine.Object)
UnityEngine.DebugLogHandler:LogFormat (UnityEngine.LogType,UnityEngine.Object,string,object[])
UnityEngine.Logger:Log (UnityEngine.LogType,object)
UnityEngine.Debug:Log (object)
StreetscapeReview:Run () (at Assets/Editor/StreetscapeReview.cs:58)

(Filename: Assets/Editor/StreetscapeReview.cs Line: 58)

Unloading 1 Unused Serialized files (Serialized files now loaded: 0)
Unloading 1 unused Assets / (2.3 KB). Loaded Objects now: 768.
Memory consumption went from 220.6 MB to 220.6 MB.
Total: 12.240700 ms (FindLiveObjects: 0.232600 ms CreateObjectMapping: 0.013700 ms MarkObjects: 11.691200 ms  DeleteObjects: 0.081000 ms)

Detected one or more triangles where the distance between any 2 vertices is greater than 500 units. The resulting Triangle Mesh can impact simulation and query stability. It is recommended to tessellate meshes that have large triangles. Source mesh name: R/earth
UnityEngine.Debug:ExtractStackTraceNoAlloc (byte*,int,string)
UnityEngine.StackTraceUtility:ExtractStackTrace ()
UnityEngine.GameObject:Internal_AddComponentWithType (System.Type)
UnityEngine.GameObject:AddComponent (System.Type)
UnityEngine.GameObject:AddComponent<UnityEngine.MeshCollider> ()
PedestrianRouteReview:Validate (JapaneseStreetscape) (at Assets/Editor/PedestrianRouteReview.cs:15)
StreetscapeReview:Run () (at Assets/Editor/StreetscapeReview.cs:33)

[Assets/Editor/PedestrianRouteReview.cs line 15]

STREET_REVIEW 56 路肩に停車中の車が発進して走り去る PASS 442 ms
UnityEngine.Debug:ExtractStackTraceNoAlloc (byte*,int,string)
UnityEngine.StackTraceUtility:ExtractStackTrace ()
UnityEngine.DebugLogHandler:Internal_Log (UnityEngine.LogType,UnityEngine.LogOption,string,UnityEngine.Object)
UnityEngine.DebugLogHandler:LogFormat (UnityEngine.LogType,UnityEngine.Object,string,object[])
UnityEngine.Logger:Log (UnityEngine.LogType,object)
UnityEngine.Debug:Log (object)
StreetscapeReview:Run () (at Assets/Editor/StreetscapeReview.cs:58)

(Filename: Assets/Editor/StreetscapeReview.cs Line: 58)

Unloading 1 Unused Serialized files (Serialized files now loaded: 0)
Unloading 1 unused Assets / (3.2 KB). Loaded Objects now: 765.
Memory consumption went from 220.6 MB to 220.6 MB.
Total: 15.317200 ms (FindLiveObjects: 0.301100 ms CreateObjectMapping: 0.015200 ms MarkObjects: 14.715900 ms  DeleteObjects: 0.079700 ms)

Detected one or more triangles where the distance between any 2 vertices is greater than 500 units. The resulting Triangle Mesh can impact simulation and query stability. It is recommended to tessellate meshes that have large triangles. Source mesh name: R/earth
UnityEngine.Debug:ExtractStackTraceNoAlloc (byte*,int,string)
UnityEngine.StackTraceUtility:ExtractStackTrace ()
UnityEngine.GameObject:Internal_AddComponentWithType (System.Type)
UnityEngine.GameObject:AddComponent (System.Type)
UnityEngine.GameObject:AddComponent<UnityEngine.MeshCollider> ()
PedestrianRouteReview:Validate (JapaneseStreetscape) (at Assets/Editor/PedestrianRouteReview.cs:15)
StreetscapeReview:Run () (at Assets/Editor/StreetscapeReview.cs:33)

[Assets/Editor/PedestrianRouteReview.cs line 15]

STREET_REVIEW 57 踏切_警報だけで列車はまだ PASS 672 ms
UnityEngine.Debug:ExtractStackTraceNoAlloc (byte*,int,string)
UnityEngine.StackTraceUtility:ExtractStackTrace ()
UnityEngine.DebugLogHandler:Internal_Log (UnityEngine.LogType,UnityEngine.LogOption,string,UnityEngine.Object)
UnityEngine.DebugLogHandler:LogFormat (UnityEngine.LogType,UnityEngine.Object,string,object[])
UnityEngine.Logger:Log (UnityEngine.LogType,object)
UnityEngine.Debug:Log (object)
StreetscapeReview:Run () (at Assets/Editor/StreetscapeReview.cs:58)

(Filename: Assets/Editor/StreetscapeReview.cs Line: 58)

Unloading 1 Unused Serialized files (Serialized files now loaded: 0)
Unloading 1 unused Assets / (2.0 KB). Loaded Objects now: 765.
Memory consumption went from 220.7 MB to 220.6 MB.
Total: 12.845400 ms (FindLiveObjects: 0.586400 ms CreateObjectMapping: 0.029900 ms MarkObjects: 11.976600 ms  DeleteObjects: 0.084500 ms)

Detected one or more triangles where the distance between any 2 vertices is greater than 500 units. The resulting Triangle Mesh can impact simulation and query stability. It is recommended to tessellate meshes that have large triangles. Source mesh name: R/earth
UnityEngine.Debug:ExtractStackTraceNoAlloc (byte*,int,string)
UnityEngine.StackTraceUtility:ExtractStackTrace ()
UnityEngine.GameObject:Internal_AddComponentWithType (System.Type)
UnityEngine.GameObject:AddComponent (System.Type)
UnityEngine.GameObject:AddComponent<UnityEngine.MeshCollider> ()
PedestrianRouteReview:Validate (JapaneseStreetscape) (at Assets/Editor/PedestrianRouteReview.cs:15)
StreetscapeReview:Run () (at Assets/Editor/StreetscapeReview.cs:33)

[Assets/Editor/PedestrianRouteReview.cs line 15]

STREET_REVIEW 58 踏切で待つ_列車が目の前を通過 PASS 582 ms
UnityEngine.Debug:ExtractStackTraceNoAlloc (byte*,int,string)
UnityEngine.StackTraceUtility:ExtractStackTrace ()
UnityEngine.DebugLogHandler:Internal_Log (UnityEngine.LogType,UnityEngine.LogOption,string,UnityEngine.Object)
UnityEngine.DebugLogHandler:LogFormat (UnityEngine.LogType,UnityEngine.Object,string,object[])
UnityEngine.Logger:Log (UnityEngine.LogType,object)
UnityEngine.Debug:Log (object)
StreetscapeReview:Run () (at Assets/Editor/StreetscapeReview.cs:58)

(Filename: Assets/Editor/StreetscapeReview.cs Line: 58)

Unloading 1 Unused Serialized files (Serialized files now loaded: 0)
Unloading 1 unused Assets / (0.8 KB). Loaded Objects now: 765.
Memory consumption went from 220.7 MB to 220.7 MB.
Total: 10.822400 ms (FindLiveObjects: 0.326900 ms CreateObjectMapping: 0.015100 ms MarkObjects: 10.264800 ms  DeleteObjects: 0.052700 ms)

Detected one or more triangles where the distance between any 2 vertices is greater than 500 units. The resulting Triangle Mesh can impact simulation and query stability. It is recommended to tessellate meshes that have large triangles. Source mesh name: R/earth
UnityEngine.Debug:ExtractStackTraceNoAlloc (byte*,int,string)
UnityEngine.StackTraceUtility:ExtractStackTrace ()
UnityEngine.GameObject:Internal_AddComponentWithType (System.Type)
UnityEngine.GameObject:AddComponent (System.Type)
UnityEngine.GameObject:AddComponent<UnityEngine.MeshCollider> ()
PedestrianRouteReview:Validate (JapaneseStreetscape) (at Assets/Editor/PedestrianRouteReview.cs:15)
StreetscapeReview:Run () (at Assets/Editor/StreetscapeReview.cs:33)

[Assets/Editor/PedestrianRouteReview.cs line 15]

STREET_REVIEW 59 静かな住宅街_何も来ない PASS 525 ms
UnityEngine.Debug:ExtractStackTraceNoAlloc (byte*,int,string)
UnityEngine.StackTraceUtility:ExtractStackTrace ()
UnityEngine.DebugLogHandler:Internal_Log (UnityEngine.LogType,UnityEngine.LogOption,string,UnityEngine.Object)
UnityEngine.DebugLogHandler:LogFormat (UnityEngine.LogType,UnityEngine.Object,string,object[])
UnityEngine.Logger:Log (UnityEngine.LogType,object)
UnityEngine.Debug:Log (object)
StreetscapeReview:Run () (at Assets/Editor/StreetscapeReview.cs:58)

(Filename: Assets/Editor/StreetscapeReview.cs Line: 58)

Unloading 1 Unused Serialized files (Serialized files now loaded: 0)
Unloading 1 unused Assets / (2.0 KB). Loaded Objects now: 765.
Memory consumption went from 220.7 MB to 220.7 MB.
Total: 15.795900 ms (FindLiveObjects: 0.699300 ms CreateObjectMapping: 0.023900 ms MarkObjects: 14.778500 ms  DeleteObjects: 0.067400 ms)

Detected one or more triangles where the distance between any 2 vertices is greater than 500 units. The resulting Triangle Mesh can impact simulation and query stability. It is recommended to tessellate meshes that have large triangles. Source mesh name: R/earth
UnityEngine.Debug:ExtractStackTraceNoAlloc (byte*,int,string)
UnityEngine.StackTraceUtility:ExtractStackTrace ()
UnityEngine.GameObject:Internal_AddComponentWithType (System.Type)
UnityEngine.GameObject:AddComponent (System.Type)
UnityEngine.GameObject:AddComponent<UnityEngine.MeshCollider> ()
PedestrianRouteReview:Validate (JapaneseStreetscape) (at Assets/Editor/PedestrianRouteReview.cs:15)
StreetscapeReview:Run () (at Assets/Editor/StreetscapeReview.cs:33)

[Assets/Editor/PedestrianRouteReview.cs line 15]

STREET_REVIEW 60 駐車場_バックしてくる車 PASS 130 ms
UnityEngine.Debug:ExtractStackTraceNoAlloc (byte*,int,string)
UnityEngine.StackTraceUtility:ExtractStackTrace ()
UnityEngine.DebugLogHandler:Internal_Log (UnityEngine.LogType,UnityEngine.LogOption,string,UnityEngine.Object)
UnityEngine.DebugLogHandler:LogFormat (UnityEngine.LogType,UnityEngine.Object,string,object[])
UnityEngine.Logger:Log (UnityEngine.LogType,object)
UnityEngine.Debug:Log (object)
StreetscapeReview:Run () (at Assets/Editor/StreetscapeReview.cs:58)

(Filename: Assets/Editor/StreetscapeReview.cs Line: 58)

Unloading 1 Unused Serialized files (Serialized files now loaded: 0)
Unloading 1 unused Assets / (0.8 KB). Loaded Objects now: 768.
Memory consumption went from 220.7 MB to 220.7 MB.
Total: 10.592200 ms (FindLiveObjects: 0.295900 ms CreateObjectMapping: 0.014700 ms MarkObjects: 10.057100 ms  DeleteObjects: 0.065900 ms)

Detected one or more triangles where the distance between any 2 vertices is greater than 500 units. The resulting Triangle Mesh can impact simulation and query stability. It is recommended to tessellate meshes that have large triangles. Source mesh name: R/earth
UnityEngine.Debug:ExtractStackTraceNoAlloc (byte*,int,string)
UnityEngine.StackTraceUtility:ExtractStackTrace ()
UnityEngine.GameObject:Internal_AddComponentWithType (System.Type)
UnityEngine.GameObject:AddComponent (System.Type)
UnityEngine.GameObject:AddComponent<UnityEngine.MeshCollider> ()
PedestrianRouteReview:Validate (JapaneseStreetscape) (at Assets/Editor/PedestrianRouteReview.cs:15)
StreetscapeReview:Run () (at Assets/Editor/StreetscapeReview.cs:33)

[Assets/Editor/PedestrianRouteReview.cs line 15]

STREET_REVIEW 61 高架下_頭上を列車が通過_後ろから車 PASS 578 ms
UnityEngine.Debug:ExtractStackTraceNoAlloc (byte*,int,string)
UnityEngine.StackTraceUtility:ExtractStackTrace ()
UnityEngine.DebugLogHandler:Internal_Log (UnityEngine.LogType,UnityEngine.LogOption,string,UnityEngine.Object)
UnityEngine.DebugLogHandler:LogFormat (UnityEngine.LogType,UnityEngine.Object,string,object[])
UnityEngine.Logger:Log (UnityEngine.LogType,object)
UnityEngine.Debug:Log (object)
StreetscapeReview:Run () (at Assets/Editor/StreetscapeReview.cs:58)

(Filename: Assets/Editor/StreetscapeReview.cs Line: 58)

Unloading 1 Unused Serialized files (Serialized files now loaded: 0)
Unloading 1 unused Assets / (0.8 KB). Loaded Objects now: 768.
Memory consumption went from 220.7 MB to 220.7 MB.
Total: 12.491800 ms (FindLiveObjects: 0.372100 ms CreateObjectMapping: 0.045500 ms MarkObjects: 11.813100 ms  DeleteObjects: 0.075000 ms)

Importing 'GUID: 1c87d87f797876447bb16c8fa55efe15 - Path: Assets/RuntimeReview.unity' with importer (DefaultImporter)
Imported 'GUID: 1c87d87f797876447bb16c8fa55efe15' -> (Import Result ID: '40ba1194301b74dbf664796a12687ac0') in 0.096 seconds [static dependencies only]. Details - ImportResultOutputID=72fbd918730905731be51750a2583c0d DependenciesID=0622d412f181cfcda47a37395f858b03 StaticDependenciesID=68afc2adf84995312f7a659debcc609c 

Asset Pipeline Refresh (id=6f26f32a3939baf4c9a8050e0d86b0d1): Total: 0.432 seconds - Initiated by StopAssetImportingV2(NoUpdateAssetOptions)
	(Values over 0.05ms)
	Summary:
		Imports: total=1 (actual=1, local cache=0, cache server=0)
		Asset DB Process Time: managed=29 ms, native=300 ms
		Asset DB Callback time: managed=85 ms, native=10 ms
		Scripting: domain reloads=0, domain reload time=0 ms, compile time=0 ms, other=0 ms
		Project Asset Count: scripts=38, non-scripts=20
		Asset File Changes: new=0, changed=1, moved=0, deleted=0
		Scan Filter Count: 2
	ApplyChangesToAssetFolders: 1.113ms
	Scan: 171.503ms
	Collect global state as custom dependencies: 8.758ms
	OnSourceAssetsModified: 23.892ms
	CategorizeScriptCompilationAssets: 0.761ms
	ProcessAssetsWithTransientArtifactChanges: 0.820ms
	CategorizeAssets: 0.716ms
	ImportOutOfDateAssets: 128.181ms (1.159ms without children)
		ImportManagerImport: 124.245ms (23.162ms without children)
			UpdateCategorizedAssets: 0.086ms
		UnloadImportedAssets: 0.684ms
		ImportSchedulerStart: 2.023ms
	PostProcessAllAssets: 70.534ms
		AssemblyValidation.PostprocessAllAssets 0.484ms
		PostProcessCallbackCreateDeferredMaterials 0.329ms
		VCAutoAddAssetPostprocess 0.322ms
		ObjectImages.AssetImported 0.295ms
		VersionControlSettings.HiddenFilePostprocess 0.291ms
		XRBuildSystem.XRAssetImported 0.202ms
		MonoPostProcessAllAssets: 64.697ms
			AssetPostprocessor.OnPostprocessAllAssets 60.088ms
			AssetChangedListener.OnPostprocessAllAssets 0.557ms
			WindowAssetPostprocessingWatcher.OnPostprocessAllAssets 0.504ms
			SyncVS.PostprocessSyncProject 0.473ms
			StyleCatalogPostProcessor.OnPostprocessAllAssets 0.430ms
			TerrainToolbarOverlayPostProcessor.OnPostprocessAllAssets 0.389ms
			BuilderAssetPostprocessor.OnPostprocessAllAssets 0.200ms
			TextAssetPostProcessor.OnPostprocessAllAssets 0.189ms
			ArtifactBrowserPostProcessor.OnPostprocessAllAssets 0.135ms
			RetainedModeAssetPostprocessor.OnPostprocessAllAssets 0.094ms
			RenderPipelineGlobalSettingsPostprocessor.OnPostprocessAllAssets 0.081ms
			EditModeScopePostprocessor.OnPostprocessAllAssets 0.051ms
	PostAssetChangesProfiler: 2.041ms
	GatherAllCurrentPrimaryImportResultRevisions: 1.936ms
	PersistCurrentRevisions: 0.312ms
	Untracked: 21.462ms

D3D11 device created for Microsoft Media Foundation video decoding.
[Project] Loading completed in 162.993 seconds
	Project init time: 				38.433 seconds
		Template init time: 		0.000 seconds
		Package Manager init time: 		0.918 seconds
		Asset Database init time: 		4.589 seconds
		Global illumination init time: 	0.031 seconds
		Assemblies load time: 			6.394 seconds
		Unity extensions init time: 	0.002 seconds
		Asset Database refresh time: 	19.368 seconds
	Scene opening time: 			118.424 seconds
##utp:{"type":"ProjectInfo","version":2,"phase":"Immediate","time":1788610317325,"processId":292448,"projectLoad":162.99336359999998,"projectInit":38.4332558,"templateInit":0.0,"packageManagerInit":0.9175984,"assetDatabaseInit":4.5889761,"globalIlluminationInit":0.0310789,"assembliesLoad":6.3941746,"unityExtensionsInit":0.001726,"assetDatabaseRefresh":19.3682888,"sceneOpening":118.4243098}
##utp:{"type":"EditorInfo","version":2,"phase":"Immediate","time":1788610317326,"processId":292448,"editorVersion":"6000.6.0f1 (f7f8ed4d1e24)","branch":"6000.6/respin/6000.6.0f1-fa21a270ab12","buildType":"Release","platform":"Windows"}
[Licensing::Client] Successfully resolved entitlement details
Reloading assemblies for play mode.
Reloading assemblies after forced synchronous recompile.
Begin MonoManager ReloadAssembly
[Licensing::Client] Successfully resolved entitlement details
Native extension for WindowsStandalone target not found
Native extension for WebGL target not found
ScheduleIndexationOnStartup MainProcess:True IndexOnStartup:True
Scripting: successfully reloaded assembly
- Finished resetting the current domain, in  1.726 seconds
Domain Reload Profiling: 4366ms
	BeginReloadAssembly (1807ms)
		DisableScriptedObjects (253ms)
		CreateAndSetChildDomain (470ms)
	RebuildCommonClasses (51ms)
	RebuildNativeTypeToScriptingClass (59ms)
	initialDomainReloadingComplete (292ms)
	LoadAllAssembliesAndSetupDomain (428ms)
		LoadAssemblies (826ms)
		TypeCache.Refresh (14ms)
		AnalyzeDomain (13ms)
	FinalizeReload (1729ms)
		SetupLoadedEditorAssemblies (0ms)
			LogAssemblyErrors (7ms)
			InitializePlatformSupportModulesInManaged (11ms)
			BeforeProcessingInitializeOnLoad (295ms)
			ProcessInitializeOnLoadAttributes (284ms)
			ProcessInitializeOnLoadMethodAttributes (98ms)
			AfterProcessingInitializeOnLoad (14ms)
			EditorAssembliesLoaded (3ms)
		AwakeInstancesAfterBackupRestoration (149ms)

Asset Pipeline Refresh (id=7ec951d19caab924582a78e4a16baa92): Total: 5.352 seconds - Initiated by StopAssetImportingV2(ForceSynchronousImport | ForceDomainReload)
	(Values over 0.05ms)
	Summary:
		Imports: total=0 (actual=0, local cache=0, cache server=0)
		Asset DB Process Time: managed=0 ms, native=1907 ms
		Asset DB Callback time: managed=274 ms, native=16 ms
		Scripting: domain reloads=1, domain reload time=3142 ms, compile time=12 ms, other=0 ms
		Project Asset Count: scripts=38, non-scripts=20
		Asset File Changes: new=0, changed=0, moved=0, deleted=0
		Scan Filter Count: 0
	InvokePackagesCallback: 17.544ms
	ApplyChangesToAssetFolders: 0.160ms
	Collect global state as custom dependencies: 9.674ms
	ProcessAssetsWithTransientArtifactChanges: 4.580ms
	CategorizeAssets: 0.827ms
	CompileScripts: 11.582ms
	ImportOutOfDateAssets: 1732.323ms (1730.204ms without children)
		UnloadImportedAssets: 0.602ms
		ImportSchedulerStart: 1.474ms
	PostProcessAllAssets: 283.277ms
		PostProcessCallbackCreateDeferredMaterials 0.597ms
		ShaderAssetModifiedCallback 0.096ms
		MonoPostProcessAllAssets: 274.363ms
			WindowAssetPostprocessingWatcher.OnPostprocessAllAssets 38.062ms
			StyleCatalogPostProcessor.OnPostprocessAllAssets 30.539ms
			AssetPostprocessor.OnPostprocessAllAssets 22.330ms
			BuilderAssetPostprocessor.OnPostprocessAllAssets 22.254ms
			SyncVS.PostprocessSyncProject 17.499ms
			RetainedModeAssetPostprocessor.OnPostprocessAllAssets 6.534ms
			AssetChangedListener.OnPostprocessAllAssets 5.592ms
			EditModeScopePostprocessor.OnPostprocessAllAssets 3.827ms
			SpeedTree9Postprocessor.OnPostprocessAllAssets 3.259ms
			ArtifactBrowserPostProcessor.OnPostprocessAllAssets 2.398ms
			TextAssetPostProcessor.OnPostprocessAllAssets 1.413ms
			ReferencedClipsPostProcessor.OnPostprocessAllAssets 1.055ms
			AssetEvents.OnPostprocessAllAssets 1.021ms
			AudioMixerPostprocessor.OnPostprocessAllAssets 0.768ms
			AssetDatabaseCallbacks.OnPostprocessAllAssets 0.466ms
			SpeedTreePostProcessor.OnPostprocessAllAssets 0.464ms
			TerrainToolbarOverlayPostProcessor.OnPostprocessAllAssets 0.440ms
			ConfigAssetsTracker.OnPostprocessAllAssets 0.392ms
			RenderPipelineGlobalSettingsPostprocessor.OnPostprocessAllAssets 0.371ms
			ThemePostprocessor.OnPostprocessAllAssets 0.315ms
			ScenarioDriftAssetsTracker.OnPostprocessAllAssets 0.301ms
			AudioContainerPostProcessor.OnPostprocessAllAssets 0.191ms
	PostAssetChangesProfiler: 0.761ms
	UnloadStreamsBegin: 0.139ms
	Untracked: 3231.937ms

Loaded scene 'Temp/__Backupscenes/0.backup'
	Deserialize:            5.078 ms
	Integration:            78.755 ms
	Integration of assets:  0.412 ms
	Thread Wait Time:       -0.381 ms
	Total Operation Time:   83.864 ms
[MODES] ModeService[none].Initialize
[MODES] ModeService[none].LoadModes
Start Indexing on Editor startup
ArgumentOutOfRangeException: Index was out of range. Must be non-negative and less than the size of the collection.
Parameter name: index
  at System.Collections.Generic.List`1[T].get_Item (System.Int32 index) [0x00009] in <c5ae8a4eeb824526b5df2932bc2395e0>:0 
  at UnityEditor.Search.SearchDatabase+<EnumerateAll>d__78.MoveNext () [0x00089] in <f03e16b4b58248838607cefa048bd30a>:0 
  at System.Linq.Enumerable.TryGetFirst[TSource] (System.Collections.Generic.IEnumerable`1[T] source, System.Boolean& found) [0x00045] in <f1b392d8fe224ca2b1f9fab1000b77eb>:0 
  at System.Linq.Enumerable.First[TSource] (System.Collections.Generic.IEnumerable`1[T] source) [0x00000] in <f1b392d8fe224ca2b1f9fab1000b77eb>:0 
  at UnityEditor.Search.SearchDatabase.GetDefaultSearchDatabase () [0x00005] in <f03e16b4b58248838607cefa048bd30a>:0 
  at UnityEditor.Search.SearchInit.IndexationOnStartup () [0x0000a] in <f03e16b4b58248838607cefa048bd30a>:0 
  at UnityEditor.EditorApplication.Internal_CallDelayFunctions () [0x00029] in <2194b77af8ea43e69caba13ba778a69a>:0 
UnityEngine.StackTraceUtility:ExtractStringFromExceptionInternal(Object, String&, String&)

Created GICache directory at C:/Users/satos/AppData/LocalLow/Unity/Caches/GiCache. Took: 0.153s, timestamps: [170.021 - 170.174]
[Licensing::Client] Successfully resolved entitlement details
There are no audio listeners in the scene. Please ensure there is always one audio listener in the scene
There are no audio listeners in the scene. Please ensure there is always one audio listener in the scene
There are no audio listeners in the scene. Please ensure there is always one audio listener in the scene
There are no audio listeners in the scene. Please ensure there is always one audio listener in the scene
There are no audio listeners in the scene. Please ensure there is always one audio listener in the scene
There are no audio listeners in the scene. Please ensure there is always one audio listener in the scene
There are no audio listeners in the scene. Please ensure there is always one audio listener in the scene
There are no audio listeners in the scene. Please ensure there is always one audio listener in the scene
There are no audio listeners in the scene. Please ensure there is always one audio listener in the scene
There are no audio listeners in the scene. Please ensure there is always one audio listener in the scene
There are no audio listeners in the scene. Please ensure there is always one audio listener in the scene
There are no audio listeners in the scene. Please ensure there is always one audio listener in the scene
There are no audio listeners in the scene. Please ensure there is always one audio listener in the scene
There are no audio listeners in the scene. Please ensure there is always one audio listener in the scene
There are no audio listeners in the scene. Please ensure there is always one audio listener in the scene
There are no audio listeners in the scene. Please ensure there is always one audio listener in the scene
There are no audio listeners in the scene. Please ensure there is always one audio listener in the scene
There are no audio listeners in the scene. Please ensure there is always one audio listener in the scene
There are no audio listeners in the scene. Please ensure there is always one audio listener in the scene
There are no audio listeners in the scene. Please ensure there is always one audio listener in the scene
There are no audio listeners in the scene. Please ensure there is always one audio listener in the scene
There are no audio listeners in the scene. Please ensure there is always one audio listener in the scene
There are no audio listeners in the scene. Please ensure there is always one audio listener in the scene
There are no audio listeners in the scene. Please ensure there is always one audio listener in the scene
There are no audio listeners in the scene. Please ensure there is always one audio listener in the scene
There are no audio listeners in the scene. Please ensure there is always one audio listener in the scene
There are no audio listeners in the scene. Please ensure there is always one audio listener in the scene
There are no audio listeners in the scene. Please ensure there is always one audio listener in the scene
There are no audio listeners in the scene. Please ensure there is always one audio listener in the scene
There are no audio listeners in the scene. Please ensure there is always one audio listener in the scene
There are no audio listeners in the scene. Please ensure there is always one audio listener in the scene
There are no audio listeners in the scene. Please ensure there is always one audio listener in the scene
There are no audio listeners in the scene. Please ensure there is always one audio listener in the scene
There are no audio listeners in the scene. Please ensure there is always one audio listener in the scene
There are no audio listeners in the scene. Please ensure there is always one audio listener in the scene
There are no audio listeners in the scene. Please ensure there is always one audio listener in the scene
There are no audio listeners in the scene. Please ensure there is always one audio listener in the scene
There are no audio listeners in the scene. Please ensure there is always one audio listener in the scene
There are no audio listeners in the scene. Please ensure there is always one audio listener in the scene
There are no audio listeners in the scene. Please ensure there is always one audio listener in the scene
There are no audio listeners in the scene. Please ensure there is always one audio listener in the scene
There are no audio listeners in the scene. Please ensure there is always one audio listener in the scene
There are no audio listeners in the scene. Please ensure there is always one audio listener in the scene
There are no audio listeners in the scene. Please ensure there is always one audio listener in the scene
There are no audio listeners in the scene. Please ensure there is always one audio listener in the scene
There are no audio listeners in the scene. Please ensure there is always one audio listener in the scene
There are no audio listeners in the scene. Please ensure there is always one audio listener in the scene
There are no audio listeners in the scene. Please ensure there is always one audio listener in the scene
There are no audio listeners in the scene. Please ensure there is always one audio listener in the scene
There are no audio listeners in the scene. Please ensure there is always one audio listener in the scene
There are no audio listeners in the scene. Please ensure there is always one audio listener in the scene
There are no audio listeners in the scene. Please ensure there is always one audio listener in the scene
MonoPathRemapper: Attempts to remap: 4192; Successful remaps: 0
Serialized file version minimum: 23, current 23
[Physics::Module] Cleanup current backend.
[Physics::Module] Id: 0xf2b8ea05
Input System module state changed to: ShutdownInProgress.
Input Polling Thread exited.
Input System module state changed to: Shutdown.
[Licensing::IpcConnector] LicenseClient-satos-notifications channel disconnected successfully.
[Licensing::IpcConnector] LicenseClient-satos channel disconnected successfully.
Lingering sessions upon destruction of worker manager
Unity Data Store service was successfully shut down
UDS shutting down local client system
AcceleratorClientConnectionCallback - disconnected - :0
Cleanup mono
CodeReloadManager destroyed
Checking for leaked weakptr:
  Found no leaked weakptrs.
[Package Manager] Server process was shutdown
##utp:{"type":"MemoryLeaks","version":2,"phase":"Immediate","time":1788610335567,"processId":292448,"allocatedMemory":11216054,"memoryLabels":[{"Default":158556},{"Permanent":15516},{"NewDelete":68783},{"Thread":4198024},{"Manager":31109},{"VertexData":536},{"Geometry":816},{"Texture":24},{"Shader":832697},{"Material":24},{"GfxDevice":56328},{"Animation":952},{"FreeType":8},{"FontEngine":736},{"Physics":1970},{"Physics2D":16},{"Serialization":17984},{"Input":42840},{"JobScheduler":256},{"TextLib":280},{"Mono":48},{"ScriptingNativeRuntime":1177944},{"BaseObject":50384},{"Resource":1208},{"Renderer":2376},{"Transform":4685},{"File":4416},{"WebCam":616},{"Culling":32},{"Terrain":11442},{"Wind":24},{"STL":40},{"String":1024710},{"StaticString":3808},{"Utility":2673718},{"Curl":2478},{"PoolAlloc":2168},{"AI":80},{"TypeTree":17165},{"ScriptManager":18960},{"CodeReload":448},{"RuntimeInitializeOnLoadManager":64},{"Sprites":102},{"SpriteAtlas":120},{"GI":7816},{"Director":8296},{"CloudService":7440},{"WebRequest":5109},{"VR":49650},{"SceneManager":608},{"Video":208},{"LazyScriptCache":32},{"Camera":729},{"Secure":2377},{"SerializationCache":9256},{"APIUpdating":10320},{"Subsystems":336},{"VirtualTexturing":57888},{"StaticSafetyDebugInfo":278528},{"Analytics":768},{"Hierarchy":1188},{"UIElements":40},{"CoreStats":14456},{"Identifiers":7152},{"Gui":128},{"EditorUtility":91770},{"VersionControl":8},{"Undo":931},{"AssetDatabase":168261},{"AssetImporter":40},{"EditorGi":328},{"UnityConnect":40465},{"Upm":1912},{"UpmDiagnostics":8},{"AssetCompliance":96},{"DrivenProperties":72},{"LocalIPC":260},{"ProfilerEditor":9746},{"CoreBusinessMetrics":3600},{"Windowing":456},{"Licensing":12757},{"AssetReference":32},{"IPCStream":32}]}
