car_side,clip_id,danger_tier,motion,n_car,n_warnings,scenario,scene_type,seed,split,w1_class,w1_side,w2_class,w2_side
L,fold30_room1_mix0001,critical,walk,2,1,v11core,arterial,13000000000,fold30,siren,R,,
L,fold30_room1_mix0002,safe,static,1,2,v11core,arterial,13000104729,fold30,bike_bell,L,crossing,R
R,fold30_room1_mix0003,safe,walk,2,0,v11core,daily,13000209458,fold30,,,,
,fold30_room1_mix0004,na,walk,0,1,v11core,residential,13000314187,fold30,horn,R,,
R,fold30_room1_mix0005,caution,static,2,0,v11core,daily,13000418916,fold30,,,,
R,fold30_room1_mix0006,caution,static,1,0,v11core,residential,13000523645,fold30,,,,
L,fold30_room1_mix0007,critical,walk,1,1,v11core,residential,13000628374,fold30,crossing,L,,
,fold30_room1_mix0008,na,static,0,2,v11core,residential,13000733103,fold30,siren,L,backup_beep,L
L,fold30_room1_mix0009,safe,static,1,1,v11core,residential,13000837832,fold30,siren,L,,
L,fold30_room1_mix0010,safe,static,1,0,v11core,daily,13000942561,fold30,,,,
R,fold30_room1_mix0011,safe,static,1,1,v11core,residential,13001047290,fold30,siren,R,,
L,fold30_room1_mix0012,critical,walk,1,1,v11core,residential,13001152019,fold30,bike_bell,L,,
L,fold30_room1_mix0013,caution,static,1,1,v11core,residential,13001256748,fold30,bike_bell,R,,
L,fold30_room1_mix0014,critical,walk,2,1,v11core,daily,13001361477,fold30,backup_beep,R,,
L,fold30_room1_mix0015,caution,static,1,0,v11core,daily,13001466206,fold30,,,,
,fold30_room1_mix0016,na,walk,0,1,v11core,residential,13001570935,fold30,bike_bell,R,,
R,fold30_room1_mix0017,safe,static,2,0,v11core,arterial,13001675664,fold30,,,,
R,fold30_room1_mix0018,critical,walk,1,1,v11core,residential,13001780393,fold30,crossing,L,,
R,fold30_room1_mix0019,critical,static,2,0,v11core,residential,13001885122,fold30,,,,
L,fold30_room1_mix0020,caution,walk,3,1,v11core,arterial,13001989851,fold30,horn,R,,
L,fold30_room1_mix0021,safe,walk,1,1,v11core,arterial,13002094580,fold30,backup_beep,L,,
R,fold30_room1_mix0022,caution,walk,1,2,v11core,arterial,13002199309,fold30,backup_beep,L,backup_beep,R
L,fold30_room1_mix0023,critical,walk,2,0,v11core,daily,13002304038,fold30,,,,
,fold30_room1_mix0024,na,static,0,0,v11core,residential,13002408767,fold30,,,,
R,fold30_room1_mix0025,caution,walk,1,1,v11core,residential,13002513496,fold30,crossing,L,,
R,fold30_room1_mix0026,caution,static,2,1,v11core,arterial,13002618225,fold30,horn,R,,
,fold30_room1_mix0027,na,walk,0,0,v11core,residential,13002722954,fold30,,,,
,fold30_room1_mix0028,na,walk,0,1,v11core,daily,13002827683,fold30,crossing,L,,
L,fold30_room1_mix0029,caution,static,1,1,v11core,arterial,13002932412,fold30,backup_beep,L,,
,fold30_room1_mix0030,na,walk,0,1,v11core,residential,13003037141,fold30,backup_beep,L,,
L,fold30_room1_mix0031,critical,static,3,1,v11core,daily,13003141870,fold30,horn,R,,
L,fold30_room1_mix0032,safe,walk,1,0,v11core,residential,13003246599,fold30,,,,
R,fold30_room1_mix0033,caution,static,1,2,v11core,residential,13003351328,fold30,backup_beep,R,backup_beep,L
,fold30_room1_mix0034,na,static,0,0,v11core,residential,13003456057,fold30,,,,
,fold30_room1_mix0035,na,static,0,1,v11core,daily,13003560786,fold30,backup_beep,R,,
R,fold30_room1_mix0036,caution,walk,1,1,v11core,daily,13003665515,fold30,crossing,R,,
L,fold30_room1_mix0037,safe,static,1,1,v11core,daily,13003770244,fold30,backup_beep,R,,
L,fold30_room1_mix0038,caution,static,1,0,v11core,arterial,13003874973,fold30,,,,
L,fold30_room1_mix0039,safe,walk,1,1,v11core,daily,13003979702,fold30,crossing,R,,
L,fold30_room1_mix0040,caution,static,1,2,v11core,arterial,13004084431,fold30,backup_beep,R,crossing,L
R,fold30_room1_mix0041,critical,walk,2,1,v11core,arterial,13004189160,fold30,crossing,R,,
,fold30_room1_mix0042,na,static,0,0,v11core,residential,13004293889,fold30,,,,
R,fold30_room1_mix0043,safe,walk,1,1,v11core,residential,13004398618,fold30,crossing,R,,
,fold30_room1_mix0044,na,walk,0,1,v11core,residential,13004503347,fold30,siren,R,,
L,fold30_room1_mix0045,safe,static,2,0,v11core,arterial,13004608076,fold30,,,,
R,fold30_room1_mix0046,critical,static,3,0,v11core,daily,13004712805,fold30,,,,
L,fold30_room1_mix0047,caution,walk,1,1,v11core,residential,13004817534,fold30,siren,R,,
R,fold30_room1_mix0048,safe,walk,1,1,v11core,daily,13004922263,fold30,crossing,R,,
R,fold30_room1_mix0049,caution,walk,2,1,v11core,daily,13005026992,fold30,siren,L,,
R,fold30_room1_mix0050,caution,walk,1,0,v11core,residential,13005131721,fold30,,,,
R,fold30_room1_mix0051,safe,static,1,1,v11core,daily,13005236450,fold30,horn,R,,
L,fold30_room1_mix0052,critical,walk,2,0,v11core,arterial,13005341179,fold30,,,,
L,fold30_room1_mix0053,safe,walk,1,0,v11core,daily,13005445908,fold30,,,,
R,fold30_room1_mix0054,caution,static,2,0,v11core,arterial,13005550637,fold30,,,,
,fold30_room1_mix0055,na,static,0,0,v11core,residential,13005655366,fold30,,,,
R,fold30_room1_mix0056,caution,walk,2,2,v11core,daily,13005760095,fold30,backup_beep,L,bike_bell,L
R,fold30_room1_mix0057,critical,walk,2,2,v11core,daily,13005864824,fold30,backup_beep,R,backup_beep,L
,fold30_room1_mix0058,na,walk,0,1,v11core,residential,13005969553,fold30,siren,R,,
L,fold30_room1_mix0059,caution,static,2,2,v11core,daily,13006074282,fold30,siren,R,crossing,L
R,fold30_room1_mix0060,critical,static,1,0,v11core,daily,13006179011,fold30,,,,
R,fold30_room1_mix0061,safe,static,1,0,v11core,daily,13006283740,fold30,,,,
,fold30_room1_mix0062,na,walk,0,1,v11core,residential,13006388469,fold30,siren,L,,
R,fold30_room1_mix0063,caution,walk,1,1,v11core,daily,13006493198,fold30,bike_bell,L,,
R,fold30_room1_mix0064,caution,walk,1,0,v11core,residential,13006597927,fold30,,,,
R,fold30_room1_mix0065,safe,walk,2,0,v11core,residential,13006702656,fold30,,,,
L,fold30_room1_mix0066,safe,static,2,1,v11core,daily,13006807385,fold30,horn,L,,
R,fold30_room1_mix0067,critical,static,1,0,v11core,residential,13006912114,fold30,,,,
R,fold30_room1_mix0068,safe,static,1,0,v11core,arterial,13007016843,fold30,,,,
R,fold30_room1_mix0069,caution,walk,1,0,v11core,daily,13007121572,fold30,,,,
R,fold30_room1_mix0070,safe,static,2,1,v11core,daily,13007226301,fold30,horn,L,,
L,fold30_room1_mix0071,critical,walk,1,0,v11core,daily,13007331030,fold30,,,,
R,fold30_room1_mix0072,caution,static,2,0,v11core,daily,13007435759,fold30,,,,
R,fold30_room1_mix0073,critical,walk,1,1,v11core,daily,13007540488,fold30,crossing,L,,
,fold30_room1_mix0074,na,static,0,0,v11core,residential,13007645217,fold30,,,,
,fold30_room1_mix0075,na,static,0,1,v11core,residential,13007749946,fold30,crossing,R,,
L,fold30_room1_mix0076,safe,static,2,2,v11core,daily,13007854675,fold30,siren,L,horn,R
L,fold30_room1_mix0077,safe,static,3,1,v11core,daily,13007959404,fold30,horn,R,,
,fold30_room1_mix0078,na,walk,0,0,v11core,residential,13008064133,fold30,,,,
R,fold30_room1_mix0079,safe,walk,1,2,v11core,residential,13008168862,fold30,siren,L,bike_bell,L
R,fold30_room1_mix0080,caution,walk,1,0,v11core,residential,13008273591,fold30,,,,
L,fold30_room1_mix0081,critical,static,1,0,v11core,arterial,13008378320,fold30,,,,
,fold30_room1_mix0082,na,walk,0,1,v11core,residential,13008483049,fold30,horn,L,,
R,fold30_room1_mix0083,critical,walk,1,0,v11core,arterial,13008587778,fold30,,,,
R,fold30_room1_mix0084,caution,static,1,0,v11core,arterial,13008692507,fold30,,,,
,fold30_room1_mix0085,na,walk,0,1,v11core,residential,13008797236,fold30,siren,R,,
L,fold30_room1_mix0086,caution,walk,1,2,v11core,residential,13008901965,fold30,siren,L,backup_beep,L
L,fold30_room1_mix0087,safe,static,1,1,v11core,arterial,13009006694,fold30,horn,R,,
L,fold30_room1_mix0088,safe,walk,2,0,v11core,daily,13009111423,fold30,,,,
L,fold30_room1_mix0089,critical,walk,1,2,v11core,daily,13009216152,fold30,horn,L,backup_beep,L
L,fold30_room1_mix0090,caution,static,1,0,v11core,residential,13009320881,fold30,,,,
,fold30_room1_mix0091,na,static,0,2,v11core,residential,13009425610,fold30,siren,R,horn,R
,fold30_room1_mix0092,na,walk,0,1,v11core,residential,13009530339,fold30,crossing,R,,
,fold30_room1_mix0093,na,static,0,0,v11core,residential,13009635068,fold30,,,,
R,fold30_room1_mix0094,caution,walk,1,1,v11core,residential,13009739797,fold30,bike_bell,R,,
,fold30_room1_mix0095,na,static,0,1,v11core,residential,13009844526,fold30,horn,L,,
L,fold30_room1_mix0096,critical,walk,1,2,v11core,daily,13009949255,fold30,siren,R,horn,L
R,fold30_room1_mix0097,critical,walk,1,0,v11core,daily,13010053984,fold30,,,,
L,fold30_room1_mix0098,critical,static,2,2,v11core,arterial,13010158713,fold30,siren,R,horn,L
R,fold30_room1_mix0099,safe,walk,2,0,v11core,arterial,13010263442,fold30,,,,
L,fold30_room1_mix0100,safe,static,1,1,v11core,residential,13010368171,fold30,backup_beep,L,,
L,fold30_room1_mix0101,critical,walk,1,1,v11core,daily,13010472900,fold30,bike_bell,R,,
R,fold30_room1_mix0102,critical,walk,1,0,v11core,daily,13010577629,fold30,,,,
,fold30_room1_mix0103,na,walk,0,0,v11core,residential,13010682358,fold30,,,,
R,fold30_room1_mix0104,critical,static,1,1,v11core,arterial,13010787087,fold30,backup_beep,L,,
L,fold30_room1_mix0105,critical,static,2,1,v11core,arterial,13010891816,fold30,siren,L,,
L,fold30_room1_mix0106,caution,walk,1,1,v11core,residential,13010996545,fold30,horn,R,,
R,fold30_room1_mix0107,safe,walk,2,1,v11core,daily,13011101274,fold30,crossing,R,,
R,fold30_room1_mix0108,safe,static,2,0,v11core,arterial,13011206003,fold30,,,,
L,fold30_room1_mix0109,critical,walk,1,2,v11core,residential,13011310732,fold30,siren,L,horn,L
R,fold30_room1_mix0110,critical,static,2,1,v11core,arterial,13011415461,fold30,horn,R,,
R,fold30_room1_mix0111,critical,static,2,1,v11core,residential,13011520190,fold30,siren,R,,
,fold30_room1_mix0112,na,static,0,1,v11core,residential,13011624919,fold30,backup_beep,L,,
,fold30_room1_mix0113,na,walk,0,0,v11core,daily,13011729648,fold30,,,,
L,fold30_room1_mix0114,critical,walk,2,1,v11core,arterial,13011834377,fold30,bike_bell,L,,
R,fold30_room1_mix0115,caution,walk,1,0,v11core,daily,13011939106,fold30,,,,
L,fold30_room1_mix0116,caution,walk,1,0,v11core,residential,13012043835,fold30,,,,
,fold30_room1_mix0117,na,static,0,1,v11core,residential,13012148564,fold30,backup_beep,L,,
R,fold30_room1_mix0118,safe,static,2,1,v11core,arterial,13012253293,fold30,horn,L,,
L,fold30_room1_mix0119,critical,static,1,1,v11core,residential,13012358022,fold30,siren,R,,
L,fold30_room1_mix0120,safe,walk,3,0,v11core,arterial,13012462751,fold30,,,,
L,fold30_room1_mix0121,critical,walk,1,0,v11core,residential,13012567480,fold30,,,,
R,fold30_room1_mix0122,critical,walk,1,0,v11core,residential,13012672209,fold30,,,,
L,fold30_room1_mix0123,critical,static,2,1,v11core,daily,13012776938,fold30,horn,R,,
R,fold30_room1_mix0124,critical,walk,1,0,v11core,daily,13012881667,fold30,,,,
R,fold30_room1_mix0125,safe,static,1,0,v11core,arterial,13012986396,fold30,,,,
R,fold30_room1_mix0126,caution,static,1,1,v11core,daily,13013091125,fold30,siren,L,,
L,fold30_room1_mix0127,caution,walk,2,1,v11core,arterial,13013195854,fold30,siren,R,,
R,fold30_room1_mix0128,critical,walk,3,0,v11core,arterial,13013300583,fold30,,,,
L,fold30_room1_mix0129,critical,walk,3,0,v11core,arterial,13013405312,fold30,,,,
L,fold30_room1_mix0130,caution,static,1,0,v11core,daily,13013510041,fold30,,,,
R,fold30_room1_mix0131,caution,static,1,1,v11core,daily,13013614770,fold30,bike_bell,L,,
L,fold30_room1_mix0132,caution,walk,1,1,v11core,daily,13013719499,fold30,crossing,R,,
,fold30_room1_mix0133,na,walk,0,0,v11core,residential,13013824228,fold30,,,,
L,fold30_room1_mix0134,critical,walk,1,0,v11core,daily,13013928957,fold30,,,,
R,fold30_room1_mix0135,caution,static,2,0,v11core,daily,13014033686,fold30,,,,
R,fold30_room1_mix0136,critical,walk,2,2,v11core,arterial,13014138415,fold30,horn,R,backup_beep,L
R,fold30_room1_mix0137,safe,static,1,0,v11core,residential,13014243144,fold30,,,,
R,fold30_room1_mix0138,caution,static,1,0,v11core,daily,13014347873,fold30,,,,
R,fold30_room1_mix0139,critical,static,1,1,v11core,daily,13014452602,fold30,crossing,R,,
R,fold30_room1_mix0140,safe,static,1,0,v11core,residential,13014557331,fold30,,,,
L,fold30_room1_mix0141,safe,walk,3,1,v11core,arterial,13014662060,fold30,bike_bell,R,,
R,fold30_room1_mix0142,critical,walk,3,0,v11core,arterial,13014766789,fold30,,,,
R,fold30_room1_mix0143,safe,static,3,1,v11core,daily,13014871518,fold30,siren,L,,
L,fold30_room1_mix0144,safe,walk,2,0,v11core,daily,13014976247,fold30,,,,
,fold30_room1_mix0145,na,walk,0,0,v11core,daily,13015080976,fold30,,,,
R,fold30_room1_mix0146,safe,static,1,1,v11core,residential,13015185705,fold30,backup_beep,L,,
R,fold30_room1_mix0147,caution,static,1,0,v11core,residential,13015290434,fold30,,,,
,fold30_room1_mix0148,na,static,0,1,v11core,residential,13015395163,fold30,crossing,R,,
L,fold30_room1_mix0149,safe,static,1,0,v11core,daily,13015499892,fold30,,,,
R,fold30_room1_mix0150,caution,static,1,0,v11core,daily,13015604621,fold30,,,,
L,fold30_room1_mix0151,caution,static,3,1,v11core,arterial,13015709350,fold30,siren,R,,
L,fold30_room1_mix0152,safe,walk,1,0,v11core,arterial,13015814079,fold30,,,,
R,fold30_room1_mix0153,caution,static,1,1,v11core,daily,13015918808,fold30,backup_beep,R,,
,fold30_room1_mix0154,na,walk,0,0,v11core,residential,13016023537,fold30,,,,
L,fold30_room1_mix0155,safe,walk,2,1,v11core,arterial,13016128266,fold30,siren,R,,
R,fold30_room1_mix0156,critical,static,2,2,v11core,arterial,13016232995,fold30,siren,R,backup_beep,R
L,fold30_room1_mix0157,safe,walk,2,1,v11core,arterial,13016337724,fold30,backup_beep,R,,
L,fold30_room1_mix0158,safe,static,1,0,v11core,residential,13016442453,fold30,,,,
L,fold30_room1_mix0159,safe,walk,1,0,v11core,daily,13016547182,fold30,,,,
,fold30_room1_mix0160,na,walk,0,1,v11core,residential,13016651911,fold30,siren,L,,
R,fold30_room1_mix0161,critical,walk,1,1,v11core,residential,13016756640,fold30,horn,L,,
R,fold30_room1_mix0162,safe,static,3,1,v11core,arterial,13016861369,fold30,bike_bell,L,,
L,fold30_room1_mix0163,critical,static,3,1,v11core,arterial,13016966098,fold30,backup_beep,L,,
L,fold30_room1_mix0164,critical,static,2,0,v11core,daily,13017070827,fold30,,,,
,fold30_room1_mix0165,na,static,0,2,v11core,daily,13017175556,fold30,siren,L,siren,R
R,fold30_room1_mix0166,safe,walk,3,0,v11core,daily,13017280285,fold30,,,,
R,fold30_room1_mix0167,safe,static,1,1,v11core,residential,13017385014,fold30,bike_bell,L,,
,fold30_room1_mix0168,na,static,0,1,v11core,residential,13017489743,fold30,horn,R,,
R,fold30_room1_mix0169,safe,static,2,0,v11core,arterial,13017594472,fold30,,,,
L,fold30_room1_mix0170,safe,walk,3,0,v11core,arterial,13017699201,fold30,,,,
L,fold30_room1_mix0171,caution,static,2,1,v11core,arterial,13017803930,fold30,crossing,R,,
R,fold30_room1_mix0172,safe,static,1,1,v11core,daily,13017908659,fold30,bike_bell,R,,
R,fold30_room1_mix0173,safe,walk,1,0,v11core,daily,13018013388,fold30,,,,
L,fold30_room1_mix0174,safe,walk,1,1,v11core,daily,13018118117,fold30,siren,R,,
L,fold30_room1_mix0175,critical,static,1,0,v11core,daily,13018222846,fold30,,,,
L,fold30_room1_mix0176,safe,walk,3,1,v11core,arterial,13018327575,fold30,crossing,R,,
R,fold30_room1_mix0177,safe,walk,3,1,v11core,arterial,13018432304,fold30,backup_beep,R,,
L,fold30_room1_mix0178,safe,static,2,1,v11core,arterial,13018537033,fold30,bike_bell,L,,
R,fold30_room1_mix0179,safe,walk,1,0,v11core,residential,13018641762,fold30,,,,
L,fold30_room1_mix0180,critical,static,1,2,v11core,residential,13018746491,fold30,siren,R,backup_beep,R
L,fold30_room1_mix0181,safe,walk,2,2,v11core,residential,13018851220,fold30,backup_beep,R,bike_bell,R
L,fold30_room1_mix0182,critical,walk,2,2,v11core,arterial,13018955949,fold30,siren,L,crossing,L
R,fold30_room1_mix0183,safe,static,2,1,v11core,residential,13019060678,fold30,bike_bell,L,,
R,fold30_room1_mix0184,critical,walk,3,1,v11core,arterial,13019165407,fold30,horn,R,,
L,fold30_room1_mix0185,caution,walk,1,2,v11core,residential,13019270136,fold30,horn,L,backup_beep,L
L,fold30_room1_mix0186,safe,walk,1,2,v11core,daily,13019374865,fold30,bike_bell,R,crossing,L
L,fold30_room1_mix0187,critical,static,1,1,v11core,daily,13019479594,fold30,bike_bell,R,,
,fold30_room1_mix0188,na,walk,0,0,v11core,residential,13019584323,fold30,,,,
R,fold30_room1_mix0189,critical,walk,2,1,v11core,residential,13019689052,fold30,bike_bell,R,,
L,fold30_room1_mix0190,caution,static,1,1,v11core,residential,13019793781,fold30,horn,L,,
R,fold30_room1_mix0191,caution,static,1,0,v11core,arterial,13019898510,fold30,,,,
L,fold30_room1_mix0192,caution,walk,2,1,v11core,daily,13020003239,fold30,siren,L,,
R,fold30_room1_mix0193,safe,walk,1,0,v11core,residential,13020107968,fold30,,,,
,fold30_room1_mix0194,na,walk,0,1,v11core,residential,13020212697,fold30,horn,L,,
R,fold30_room1_mix0195,safe,static,2,0,v11core,daily,13020317426,fold30,,,,
R,fold30_room1_mix0196,caution,static,2,1,v11core,daily,13020422155,fold30,horn,L,,
R,fold30_room1_mix0197,caution,static,1,0,v11core,residential,13020526884,fold30,,,,
R,fold30_room1_mix0198,critical,static,2,2,v11core,daily,13020631613,fold30,backup_beep,L,bike_bell,R
R,fold30_room1_mix0199,caution,walk,1,0,v11core,arterial,13020736342,fold30,,,,
L,fold30_room1_mix0200,critical,walk,3,0,v11core,daily,13020841071,fold30,,,,
R,fold30_room1_mix0201,safe,static,3,0,v11core,arterial,13020945800,fold30,,,,
L,fold30_room1_mix0202,critical,walk,1,0,v11core,residential,13021050529,fold30,,,,
L,fold30_room1_mix0203,critical,walk,2,2,v11core,daily,13021155258,fold30,bike_bell,L,bike_bell,R
,fold30_room1_mix0204,na,walk,0,0,v11core,residential,13021259987,fold30,,,,
L,fold30_room1_mix0205,caution,walk,1,2,v11core,residential,13021364716,fold30,siren,R,siren,L
R,fold30_room1_mix0206,critical,walk,1,1,v11core,residential,13021469445,fold30,backup_beep,R,,
L,fold30_room1_mix0207,caution,walk,1,0,v11core,daily,13021574174,fold30,,,,
R,fold30_room1_mix0208,critical,walk,2,1,v11core,daily,13021678903,fold30,horn,R,,
L,fold30_room1_mix0209,safe,static,2,2,v11core,daily,13021783632,fold30,bike_bell,R,bike_bell,L
L,fold30_room1_mix0210,critical,walk,1,1,v11core,residential,13021888361,fold30,siren,R,,
R,fold30_room1_mix0211,safe,walk,3,0,v11core,arterial,13021993090,fold30,,,,
R,fold30_room1_mix0212,safe,static,2,0,v11core,residential,13022097819,fold30,,,,
L,fold30_room1_mix0213,safe,walk,1,0,v11core,residential,13022202548,fold30,,,,
R,fold30_room1_mix0214,critical,static,1,1,v11core,residential,13022307277,fold30,backup_beep,L,,
L,fold30_room1_mix0215,safe,static,1,0,v11core,residential,13022412006,fold30,,,,
R,fold30_room1_mix0216,caution,walk,3,0,v11core,daily,13022516735,fold30,,,,
R,fold30_room1_mix0217,critical,static,1,0,v11core,arterial,13022621464,fold30,,,,
R,fold30_room1_mix0218,caution,walk,1,1,v11core,arterial,13022726193,fold30,backup_beep,R,,
R,fold30_room1_mix0219,critical,walk,3,0,v11core,arterial,13022830922,fold30,,,,
R,fold30_room1_mix0220,critical,walk,1,1,v11core,residential,13022935651,fold30,bike_bell,L,,
,fold30_room1_mix0221,na,walk,0,0,v11core,residential,13023040380,fold30,,,,
R,fold30_room1_mix0222,caution,static,1,1,v11core,residential,13023145109,fold30,horn,R,,
R,fold30_room1_mix0223,caution,static,2,2,v11core,arterial,13023249838,fold30,bike_bell,L,bike_bell,R
L,fold30_room1_mix0224,safe,walk,2,1,v11core,daily,13023354567,fold30,backup_beep,L,,
L,fold30_room1_mix0225,caution,walk,2,1,v11core,daily,13023459296,fold30,bike_bell,R,,
R,fold30_room1_mix0226,critical,static,1,0,v11core,daily,13023564025,fold30,,,,
R,fold30_room1_mix0227,safe,walk,2,0,v11core,daily,13023668754,fold30,,,,
L,fold30_room1_mix0228,safe,static,1,2,v11core,residential,13023773483,fold30,bike_bell,R,crossing,L
,fold30_room1_mix0229,na,static,0,0,v11core,residential,13023878212,fold30,,,,
,fold30_room1_mix0230,na,walk,0,0,v11core,residential,13023982941,fold30,,,,
L,fold30_room1_mix0231,caution,walk,1,0,v11core,daily,13024087670,fold30,,,,
L,fold30_room1_mix0232,critical,walk,2,0,v11core,residential,13024192399,fold30,,,,
,fold30_room1_mix0233,na,static,0,2,v11core,residential,13024297128,fold30,backup_beep,R,crossing,L
L,fold30_room1_mix0234,caution,walk,1,0,v11core,arterial,13024401857,fold30,,,,
R,fold30_room1_mix0235,safe,static,3,1,v11core,arterial,13024506586,fold30,crossing,R,,
,fold30_room1_mix0236,na,walk,0,1,v11core,residential,13024611315,fold30,crossing,R,,
L,fold30_room1_mix0237,safe,static,1,2,v11core,daily,13024716044,fold30,siren,L,backup_beep,L
L,fold30_room1_mix0238,caution,walk,1,0,v11core,residential,13024820773,fold30,,,,
R,fold30_room1_mix0239,caution,static,2,0,v11core,residential,13024925502,fold30,,,,
R,fold30_room1_mix0240,safe,walk,1,2,v11core,daily,13025030231,fold30,backup_beep,R,crossing,L
,fold30_room1_mix0241,na,static,0,1,v11core,residential,13025134960,fold30,siren,R,,
R,fold30_room1_mix0242,critical,walk,1,2,v11core,residential,13025239689,fold30,horn,R,bike_bell,L
L,fold30_room1_mix0243,caution,walk,3,2,v11core,arterial,13025344418,fold30,backup_beep,R,backup_beep,L
,fold30_room1_mix0244,na,walk,0,1,v11core,residential,13025449147,fold30,bike_bell,R,,
,fold30_room1_mix0245,na,walk,0,0,v11core,residential,13025553876,fold30,,,,
R,fold30_room1_mix0246,critical,static,2,1,v11core,daily,13025658605,fold30,siren,L,,
L,fold30_room1_mix0247,critical,static,3,0,v11core,arterial,13025763334,fold30,,,,
,fold30_room1_mix0248,na,static,0,0,v11core,residential,13025868063,fold30,,,,
L,fold30_room1_mix0249,caution,static,2,0,v11core,daily,13025972792,fold30,,,,
R,fold30_room1_mix0250,critical,walk,1,1,v11core,residential,13026077521,fold30,crossing,L,,
R,fold30_room1_mix0251,critical,static,1,1,v11core,daily,13026182250,fold30,crossing,R,,
L,fold30_room1_mix0252,critical,walk,1,0,v11core,daily,13026286979,fold30,,,,
R,fold30_room1_mix0253,caution,walk,1,0,v11core,daily,13026391708,fold30,,,,
,fold30_room1_mix0254,na,walk,0,1,v11core,residential,13026496437,fold30,backup_beep,R,,
L,fold30_room1_mix0255,safe,static,2,1,v11core,arterial,13026601166,fold30,siren,R,,
L,fold30_room1_mix0256,safe,static,1,0,v11core,daily,13026705895,fold30,,,,
R,fold30_room1_mix0257,critical,walk,1,2,v11core,residential,13026810624,fold30,backup_beep,L,bike_bell,L
,fold30_room1_mix0258,na,static,0,0,v11core,residential,13026915353,fold30,,,,
L,fold30_room1_mix0259,safe,static,1,0,v11core,daily,13027020082,fold30,,,,
L,fold30_room1_mix0260,critical,walk,3,2,v11core,daily,13027124811,fold30,horn,R,bike_bell,L
R,fold30_room1_mix0261,caution,static,2,1,v11core,residential,13027229540,fold30,horn,L,,
R,fold30_room1_mix0262,safe,static,1,0,v11core,residential,13027334269,fold30,,,,
L,fold30_room1_mix0263,caution,static,2,1,v11core,daily,13027438998,fold30,backup_beep,R,,
R,fold30_room1_mix0264,caution,walk,1,1,v11core,residential,13027543727,fold30,horn,R,,
L,fold30_room1_mix0265,caution,static,2,0,v11core,daily,13027648456,fold30,,,,
L,fold30_room1_mix0266,caution,static,3,0,v11core,arterial,13027753185,fold30,,,,
R,fold30_room1_mix0267,safe,static,1,1,v11core,daily,13027857914,fold30,siren,L,,
R,fold30_room1_mix0268,safe,walk,2,1,v11core,daily,13027962643,fold30,backup_beep,L,,
R,fold30_room1_mix0269,caution,static,1,0,v11core,daily,13028067372,fold30,,,,
L,fold30_room1_mix0270,critical,walk,1,1,v11core,arterial,13028172101,fold30,backup_beep,R,,
R,fold30_room1_mix0271,caution,walk,1,1,v11core,daily,13028276830,fold30,siren,L,,
R,fold30_room1_mix0272,safe,static,3,0,v11core,daily,13028381559,fold30,,,,
R,fold30_room1_mix0273,caution,walk,1,0,v11core,daily,13028486288,fold30,,,,
R,fold30_room1_mix0274,caution,static,2,1,v11core,residential,13028591017,fold30,backup_beep,L,,
L,fold30_room1_mix0275,safe,walk,1,1,v11core,daily,13028695746,fold30,siren,R,,
R,fold30_room1_mix0276,safe,walk,1,1,v11core,residential,13028800475,fold30,siren,L,,
R,fold30_room1_mix0277,caution,static,1,2,v11core,residential,13028905204,fold30,horn,R,backup_beep,R
R,fold30_room1_mix0278,critical,static,1,2,v11core,daily,13029009933,fold30,horn,R,crossing,R
L,fold30_room1_mix0279,safe,static,3,1,v11core,arterial,13029114662,fold30,backup_beep,R,,
,fold30_room1_mix0280,na,walk,0,2,v11core,residential,13029219391,fold30,siren,R,horn,R
L,fold30_room1_mix0281,critical,walk,2,0,v11core,residential,13029324120,fold30,,,,
L,fold30_room1_mix0282,safe,walk,2,2,v11core,daily,13029428849,fold30,backup_beep,R,crossing,R
L,fold30_room1_mix0283,safe,walk,1,0,v11core,daily,13029533578,fold30,,,,
R,fold30_room1_mix0284,caution,static,2,1,v11core,arterial,13029638307,fold30,bike_bell,R,,
R,fold30_room1_mix0285,caution,walk,2,0,v11core,arterial,13029743036,fold30,,,,
,fold30_room1_mix0286,na,static,0,0,v11core,residential,13029847765,fold30,,,,
R,fold30_room1_mix0287,critical,static,1,1,v11core,daily,13029952494,fold30,bike_bell,R,,
R,fold30_room1_mix0288,caution,walk,2,1,v11core,arterial,13030057223,fold30,backup_beep,L,,
L,fold30_room1_mix0289,safe,walk,2,2,v11core,daily,13030161952,fold30,siren,L,crossing,L
R,fold30_room1_mix0290,critical,static,2,0,v11core,arterial,13030266681,fold30,,,,
L,fold30_room1_mix0291,critical,walk,1,1,v11core,daily,13030371410,fold30,siren,L,,
,fold30_room1_mix0292,na,static,0,1,v11core,residential,13030476139,fold30,horn,L,,
L,fold30_room1_mix0293,caution,static,2,1,v11core,daily,13030580868,fold30,horn,R,,
,fold30_room1_mix0294,na,walk,0,1,v11core,residential,13030685597,fold30,horn,R,,
R,fold30_room1_mix0295,caution,walk,2,2,v11core,arterial,13030790326,fold30,siren,L,backup_beep,R
L,fold30_room1_mix0296,caution,static,3,1,v11core,arterial,13030895055,fold30,bike_bell,R,,
R,fold30_room1_mix0297,caution,static,3,1,v11core,arterial,13030999784,fold30,crossing,R,,
L,fold30_room1_mix0298,safe,static,1,1,v11core,residential,13031104513,fold30,bike_bell,R,,
R,fold30_room1_mix0299,safe,walk,1,0,v11core,daily,13031209242,fold30,,,,
R,fold30_room1_mix0300,critical,static,3,1,v11core,arterial,13031313971,fold30,siren,L,,
L,fold30_room1_mix0301,critical,walk,1,0,v11core,arterial,13031418700,fold30,,,,
R,fold30_room1_mix0302,critical,static,3,0,v11core,daily,13031523429,fold30,,,,
L,fold30_room1_mix0303,safe,walk,1,2,v11core,residential,13031628158,fold30,bike_bell,L,bike_bell,R
R,fold30_room1_mix0304,safe,static,2,0,v11core,daily,13031732887,fold30,,,,
R,fold30_room1_mix0305,safe,walk,1,2,v11core,residential,13031837616,fold30,backup_beep,L,backup_beep,R
R,fold30_room1_mix0306,critical,walk,3,1,v11core,arterial,13031942345,fold30,crossing,R,,
R,fold30_room1_mix0307,caution,walk,2,0,v11core,daily,13032047074,fold30,,,,
,fold30_room1_mix0308,na,static,0,0,v11core,residential,13032151803,fold30,,,,
,fold30_room1_mix0309,na,static,0,1,v11core,residential,13032256532,fold30,bike_bell,L,,
,fold30_room1_mix0310,na,walk,0,0,v11core,residential,13032361261,fold30,,,,
R,fold30_room1_mix0311,safe,static,2,1,v11core,arterial,13032465990,fold30,backup_beep,L,,
,fold30_room1_mix0312,na,static,0,1,v11core,daily,13032570719,fold30,horn,R,,
L,fold30_room1_mix0313,critical,walk,1,0,v11core,daily,13032675448,fold30,,,,
L,fold30_room1_mix0314,caution,static,2,2,v11core,arterial,13032780177,fold30,siren,L,bike_bell,L
R,fold30_room1_mix0315,safe,static,1,1,v11core,daily,13032884906,fold30,siren,L,,
L,fold30_room1_mix0316,critical,walk,1,0,v11core,residential,13032989635,fold30,,,,
R,fold30_room1_mix0317,safe,walk,2,1,v11core,arterial,13033094364,fold30,horn,R,,
L,fold30_room1_mix0318,safe,walk,1,1,v11core,daily,13033199093,fold30,crossing,L,,
,fold30_room1_mix0319,na,static,0,1,v11core,residential,13033303822,fold30,crossing,L,,
R,fold30_room1_mix0320,safe,walk,1,0,v11core,residential,13033408551,fold30,,,,
,fold30_room1_mix0321,na,static,0,2,v11core,residential,13033513280,fold30,horn,L,bike_bell,L
L,fold30_room1_mix0322,caution,static,1,0,v11core,residential,13033618009,fold30,,,,
R,fold30_room1_mix0323,safe,walk,1,0,v11core,daily,13033722738,fold30,,,,
R,fold30_room1_mix0324,caution,static,1,0,v11core,residential,13033827467,fold30,,,,
,fold30_room1_mix0325,na,walk,0,0,v11core,residential,13033932196,fold30,,,,
L,fold30_room1_mix0326,critical,static,1,0,v11core,daily,13034036925,fold30,,,,
R,fold30_room1_mix0327,caution,walk,2,1,v11core,residential,13034141654,fold30,siren,R,,
,fold30_room1_mix0328,na,static,0,2,v11core,residential,13034246383,fold30,siren,R,siren,L
R,fold30_room1_mix0329,caution,walk,3,2,v11core,arterial,13034351112,fold30,bike_bell,L,crossing,L
R,fold30_room1_mix0330,critical,walk,1,0,v11core,daily,13034455841,fold30,,,,
R,fold30_room1_mix0331,safe,walk,3,1,v11core,arterial,13034560570,fold30,horn,L,,
,fold30_room1_mix0332,na,walk,0,0,v11core,residential,13034665299,fold30,,,,
L,fold30_room1_mix0333,critical,static,3,0,v11core,arterial,13034770028,fold30,,,,
L,fold30_room1_mix0334,caution,walk,1,1,v11core,daily,13034874757,fold30,backup_beep,R,,
R,fold30_room1_mix0335,caution,static,2,0,v11core,arterial,13034979486,fold30,,,,
L,fold30_room1_mix0336,safe,walk,2,0,v11core,residential,13035084215,fold30,,,,
R,fold30_room1_mix0337,safe,static,1,0,v11core,daily,13035188944,fold30,,,,
,fold30_room1_mix0338,na,walk,0,1,v11core,residential,13035293673,fold30,bike_bell,L,,
L,fold30_room1_mix0339,caution,walk,1,1,v11core,daily,13035398402,fold30,horn,L,,
L,fold30_room1_mix0340,critical,walk,3,1,v11core,arterial,13035503131,fold30,siren,L,,
R,fold30_room1_mix0341,critical,walk,2,1,v11core,residential,13035607860,fold30,siren,L,,
L,fold30_room1_mix0342,caution,walk,1,0,v11core,residential,13035712589,fold30,,,,
L,fold30_room1_mix0343,caution,walk,2,1,v11core,daily,13035817318,fold30,backup_beep,R,,
L,fold30_room1_mix0344,caution,walk,3,2,v11core,daily,13035922047,fold30,horn,L,crossing,L
,fold30_room1_mix0345,na,static,0,0,v11core,residential,13036026776,fold30,,,,
L,fold30_room1_mix0346,safe,static,1,0,v11core,daily,13036131505,fold30,,,,
R,fold30_room1_mix0347,caution,static,2,1,v11core,daily,13036236234,fold30,crossing,R,,
,fold30_room1_mix0348,na,static,0,0,v11core,residential,13036340963,fold30,,,,
R,fold30_room1_mix0349,critical,static,3,1,v11core,arterial,13036445692,fold30,bike_bell,L,,
L,fold30_room1_mix0350,critical,static,1,1,v11core,daily,13036550421,fold30,crossing,R,,
L,fold30_room1_mix0351,caution,static,1,2,v11core,daily,13036655150,fold30,bike_bell,L,crossing,R
,fold30_room1_mix0352,na,static,0,0,v11core,residential,13036759879,fold30,,,,
R,fold30_room1_mix0353,critical,static,1,0,v11core,daily,13036864608,fold30,,,,
L,fold30_room1_mix0354,safe,static,1,1,v11core,daily,13036969337,fold30,crossing,L,,
R,fold30_room1_mix0355,critical,walk,1,2,v11core,daily,13037074066,fold30,horn,R,bike_bell,L
L,fold30_room1_mix0356,caution,static,1,0,v11core,residential,13037178795,fold30,,,,
L,fold30_room1_mix0357,critical,static,2,0,v11core,daily,13037283524,fold30,,,,
R,fold30_room1_mix0358,critical,walk,3,0,v11core,daily,13037388253,fold30,,,,
R,fold30_room1_mix0359,caution,static,2,1,v11core,daily,13037492982,fold30,siren,L,,
,fold30_room1_mix0360,na,walk,0,2,v11core,residential,13037597711,fold30,bike_bell,R,bike_bell,L
L,fold30_room1_mix0361,critical,static,3,0,v11core,arterial,13037702440,fold30,,,,
,fold30_room1_mix0362,na,static,0,1,v11core,residential,13037807169,fold30,bike_bell,R,,
R,fold30_room1_mix0363,critical,static,1,2,v11core,daily,13037911898,fold30,siren,R,crossing,R
L,fold30_room1_mix0364,safe,static,1,1,v11core,daily,13038016627,fold30,siren,L,,
,fold30_room1_mix0365,na,static,0,2,v11core,residential,13038121356,fold30,siren,R,horn,L
L,fold30_room1_mix0366,critical,static,1,0,v11core,residential,13038226085,fold30,,,,
R,fold30_room1_mix0367,safe,walk,1,2,v11core,daily,13038330814,fold30,horn,R,bike_bell,L
R,fold30_room1_mix0368,critical,walk,1,0,v11core,daily,13038435543,fold30,,,,
R,fold30_room1_mix0369,critical,static,1,1,v11core,daily,13038540272,fold30,siren,L,,
L,fold30_room1_mix0370,safe,walk,1,2,v11core,arterial,13038645001,fold30,backup_beep,L,crossing,R
,fold30_room1_mix0371,na,static,0,1,v11core,residential,13038749730,fold30,siren,R,,
,fold30_room1_mix0372,na,walk,0,0,v11core,residential,13038854459,fold30,,,,
L,fold30_room1_mix0373,caution,static,1,1,v11core,residential,13038959188,fold30,backup_beep,R,,
,fold30_room1_mix0374,na,walk,0,1,v11core,residential,13039063917,fold30,horn,L,,
R,fold30_room1_mix0375,caution,walk,1,2,v11core,daily,13039168646,fold30,siren,L,crossing,L
R,fold30_room1_mix0376,caution,static,3,1,v11core,daily,13039273375,fold30,bike_bell,R,,
L,fold30_room1_mix0377,critical,static,1,0,v11core,residential,13039378104,fold30,,,,
R,fold30_room1_mix0378,safe,walk,1,0,v11core,residential,13039482833,fold30,,,,
R,fold30_room1_mix0379,caution,walk,1,2,v11core,daily,13039587562,fold30,horn,L,crossing,R
L,fold30_room1_mix0380,caution,static,2,0,v11core,daily,13039692291,fold30,,,,
R,fold30_room1_mix0381,caution,walk,3,1,v11core,daily,13039797020,fold30,crossing,R,,
,fold30_room1_mix0382,na,walk,0,0,v11core,residential,13039901749,fold30,,,,
L,fold30_room1_mix0383,critical,static,3,1,v11core,arterial,13040006478,fold30,horn,L,,
R,fold30_room1_mix0384,critical,static,2,0,v11core,residential,13040111207,fold30,,,,
L,fold30_room1_mix0385,caution,static,3,0,v11core,daily,13040215936,fold30,,,,
L,fold30_room1_mix0386,caution,walk,2,1,v11core,residential,13040320665,fold30,backup_beep,R,,
R,fold30_room1_mix0387,safe,static,3,0,v11core,daily,13040425394,fold30,,,,
L,fold30_room1_mix0388,safe,walk,2,0,v11core,arterial,13040530123,fold30,,,,
R,fold30_room1_mix0389,critical,walk,1,1,v11core,daily,13040634852,fold30,crossing,R,,
,fold30_room1_mix0390,na,static,0,0,v11core,residential,13040739581,fold30,,,,
,fold30_room1_mix0391,na,walk,0,1,v11core,residential,13040844310,fold30,bike_bell,L,,
L,fold30_room1_mix0392,critical,static,1,0,v11core,residential,13040949039,fold30,,,,
L,fold30_room1_mix0393,safe,walk,2,0,v11core,arterial,13041053768,fold30,,,,
R,fold30_room1_mix0394,caution,walk,2,0,v11core,daily,13041158497,fold30,,,,
L,fold30_room1_mix0395,critical,static,1,1,v11core,residential,13041263226,fold30,siren,R,,
R,fold30_room1_mix0396,critical,walk,1,1,v11core,residential,13041367955,fold30,backup_beep,L,,
R,fold30_room1_mix0397,caution,walk,1,1,v11core,residential,13041472684,fold30,horn,R,,
R,fold30_room1_mix0398,safe,walk,1,0,v11core,residential,13041577413,fold30,,,,
L,fold30_room1_mix0399,critical,walk,1,0,v11core,residential,13041682142,fold30,,,,
R,fold30_room1_mix0400,safe,walk,2,0,v11core,daily,13041786871,fold30,,,,
L,fold30_room1_mix0401,critical,walk,1,0,v11core,daily,13041891600,fold30,,,,
,fold30_room1_mix0402,na,walk,0,1,v11core,residential,13041996329,fold30,siren,L,,
L,fold30_room1_mix0403,critical,walk,3,0,v11core,arterial,13042101058,fold30,,,,
R,fold30_room1_mix0404,caution,static,1,2,v11core,daily,13042205787,fold30,horn,R,bike_bell,L
R,fold30_room1_mix0405,safe,static,3,1,v11core,daily,13042310516,fold30,bike_bell,R,,
L,fold30_room1_mix0406,safe,walk,2,0,v11core,daily,13042415245,fold30,,,,
L,fold30_room1_mix0407,critical,walk,1,1,v11core,daily,13042519974,fold30,horn,R,,
R,fold30_room1_mix0408,caution,static,1,0,v11core,daily,13042624703,fold30,,,,
L,fold30_room1_mix0409,safe,static,2,0,v11core,arterial,13042729432,fold30,,,,
,fold30_room1_mix0410,na,walk,0,0,v11core,residential,13042834161,fold30,,,,
L,fold30_room1_mix0411,caution,walk,3,0,v11core,arterial,13042938890,fold30,,,,
,fold30_room1_mix0412,na,static,0,0,v11core,residential,13043043619,fold30,,,,
,fold30_room1_mix0413,na,static,0,1,v11core,residential,13043148348,fold30,crossing,R,,
L,fold30_room1_mix0414,critical,walk,2,2,v11core,residential,13043253077,fold30,backup_beep,L,crossing,R
L,fold30_room1_mix0415,critical,static,3,2,v11core,arterial,13043357806,fold30,siren,L,siren,R
L,fold30_room1_mix0416,safe,walk,1,1,v11core,daily,13043462535,fold30,horn,R,,
,fold30_room1_mix0417,na,static,0,0,v11core,residential,13043567264,fold30,,,,
R,fold30_room1_mix0418,safe,walk,2,0,v11core,daily,13043671993,fold30,,,,
R,fold30_room1_mix0419,caution,static,1,0,v11core,residential,13043776722,fold30,,,,
L,fold30_room1_mix0420,critical,static,1,1,v11core,daily,13043881451,fold30,horn,L,,
L,fold30_room1_mix0421,safe,walk,3,2,v11core,arterial,13043986180,fold30,horn,L,bike_bell,L
L,fold30_room1_mix0422,critical,walk,1,2,v11core,arterial,13044090909,fold30,bike_bell,L,crossing,R
R,fold30_room1_mix0423,safe,static,3,0,v11core,arterial,13044195638,fold30,,,,
R,fold30_room1_mix0424,caution,static,1,1,v11core,residential,13044300367,fold30,backup_beep,L,,
,fold30_room1_mix0425,na,static,0,1,v11core,residential,13044405096,fold30,backup_beep,L,,
R,fold30_room1_mix0426,safe,static,1,1,v11core,daily,13044509825,fold30,backup_beep,L,,
,fold30_room1_mix0427,na,static,0,2,v11core,daily,13044614554,fold30,backup_beep,L,backup_beep,R
L,fold30_room1_mix0428,caution,walk,1,1,v11core,residential,13044719283,fold30,bike_bell,R,,
L,fold30_room1_mix0429,critical,walk,2,0,v11core,daily,13044824012,fold30,,,,
R,fold30_room1_mix0430,critical,walk,1,0,v11core,residential,13044928741,fold30,,,,
L,fold30_room1_mix0431,caution,walk,1,0,v11core,residential,13045033470,fold30,,,,
R,fold30_room1_mix0432,critical,static,1,0,v11core,residential,13045138199,fold30,,,,
R,fold30_room1_mix0433,caution,static,1,0,v11core,arterial,13045242928,fold30,,,,
R,fold30_room1_mix0434,caution,walk,1,0,v11core,residential,13045347657,fold30,,,,
R,fold30_room1_mix0435,caution,static,3,0,v11core,arterial,13045452386,fold30,,,,
,fold30_room1_mix0436,na,static,0,0,v11core,residential,13045557115,fold30,,,,
L,fold30_room1_mix0437,critical,static,1,0,v11core,residential,13045661844,fold30,,,,
L,fold30_room1_mix0438,critical,static,1,0,v11core,daily,13045766573,fold30,,,,
,fold30_room1_mix0439,na,walk,0,0,v11core,residential,13045871302,fold30,,,,
L,fold30_room1_mix0440,critical,walk,1,0,v11core,daily,13045976031,fold30,,,,
R,fold30_room1_mix0441,safe,static,1,1,v11core,daily,13046080760,fold30,backup_beep,L,,
L,fold30_room1_mix0442,caution,static,1,2,v11core,residential,13046185489,fold30,bike_bell,L,bike_bell,R
L,fold30_room1_mix0443,caution,static,1,0,v11core,daily,13046290218,fold30,,,,
L,fold30_room1_mix0444,caution,walk,1,0,v11core,daily,13046394947,fold30,,,,
L,fold30_room1_mix0445,critical,walk,2,1,v11core,arterial,13046499676,fold30,crossing,R,,
L,fold30_room1_mix0446,safe,walk,3,1,v11core,daily,13046604405,fold30,crossing,L,,
R,fold30_room1_mix0447,caution,walk,1,1,v11core,daily,13046709134,fold30,horn,R,,
R,fold30_room1_mix0448,safe,walk,2,0,v11core,arterial,13046813863,fold30,,,,
R,fold30_room1_mix0449,safe,static,2,2,v11core,daily,13046918592,fold30,backup_beep,L,backup_beep,R
L,fold30_room1_mix0450,critical,walk,3,1,v11core,arterial,13047023321,fold30,backup_beep,R,,
R,fold30_room1_mix0451,caution,static,1,2,v11core,residential,13047128050,fold30,siren,L,bike_bell,L
L,fold30_room1_mix0452,safe,static,2,0,v11core,residential,13047232779,fold30,,,,
R,fold30_room1_mix0453,safe,walk,1,1,v11core,daily,13047337508,fold30,horn,R,,
R,fold30_room1_mix0454,safe,walk,1,0,v11core,residential,13047442237,fold30,,,,
L,fold30_room1_mix0455,critical,static,1,2,v11core,daily,13047546966,fold30,siren,L,siren,R
L,fold30_room1_mix0456,safe,static,1,0,v11core,daily,13047651695,fold30,,,,
L,fold30_room1_mix0457,caution,static,1,0,v11core,residential,13047756424,fold30,,,,
L,fold30_room1_mix0458,safe,walk,1,0,v11core,residential,13047861153,fold30,,,,
R,fold30_room1_mix0459,critical,walk,1,1,v11core,daily,13047965882,fold30,siren,R,,
L,fold30_room1_mix0460,safe,static,1,1,v11core,daily,13048070611,fold30,bike_bell,L,,
R,fold30_room1_mix0461,safe,walk,1,2,v11core,residential,13048175340,fold30,horn,R,backup_beep,L
R,fold30_room1_mix0462,caution,static,1,2,v11core,daily,13048280069,fold30,backup_beep,R,crossing,R
R,fold30_room1_mix0463,safe,static,1,1,v11core,residential,13048384798,fold30,backup_beep,R,,
L,fold30_room1_mix0464,caution,walk,1,1,v11core,daily,13048489527,fold30,horn,L,,
,fold30_room1_mix0465,na,static,0,1,v11core,residential,13048594256,fold30,crossing,L,,
L,fold30_room1_mix0466,safe,static,1,1,v11core,daily,13048698985,fold30,crossing,L,,
L,fold30_room1_mix0467,caution,static,1,1,v11core,daily,13048803714,fold30,bike_bell,L,,
L,fold30_room1_mix0468,critical,walk,1,0,v11core,residential,13048908443,fold30,,,,
R,fold30_room1_mix0469,critical,walk,3,1,v11core,daily,13049013172,fold30,bike_bell,R,,
L,fold30_room1_mix0470,caution,walk,2,1,v11core,daily,13049117901,fold30,horn,L,,
R,fold30_room1_mix0471,critical,walk,3,0,v11core,daily,13049222630,fold30,,,,
R,fold30_room1_mix0472,safe,walk,1,0,v11core,daily,13049327359,fold30,,,,
R,fold30_room1_mix0473,caution,walk,3,0,v11core,arterial,13049432088,fold30,,,,
R,fold30_room1_mix0474,caution,walk,1,1,v11core,daily,13049536817,fold30,backup_beep,R,,
,fold30_room1_mix0475,na,walk,0,2,v11core,residential,13049641546,fold30,horn,L,backup_beep,L
L,fold30_room1_mix0476,critical,walk,1,1,v11core,residential,13049746275,fold30,bike_bell,L,,
L,fold30_room1_mix0477,caution,walk,1,0,v11core,residential,13049851004,fold30,,,,
,fold30_room1_mix0478,na,walk,0,2,v11core,residential,13049955733,fold30,siren,L,bike_bell,R
R,fold30_room1_mix0479,safe,static,1,0,v11core,daily,13050060462,fold30,,,,
R,fold30_room1_mix0480,caution,walk,2,0,v11core,arterial,13050165191,fold30,,,,
R,fold30_room1_mix0481,safe,walk,1,0,v11core,residential,13050269920,fold30,,,,
L,fold30_room1_mix0482,caution,walk,3,0,v11core,arterial,13050374649,fold30,,,,
L,fold30_room1_mix0483,caution,static,3,0,v11core,arterial,13050479378,fold30,,,,
R,fold30_room1_mix0484,caution,static,1,1,v11core,daily,13050584107,fold30,crossing,R,,
,fold30_room1_mix0485,na,walk,0,0,v11core,daily,13050688836,fold30,,,,
R,fold30_room1_mix0486,safe,walk,3,1,v11core,daily,13050793565,fold30,bike_bell,R,,
R,fold30_room1_mix0487,safe,static,1,0,v11core,daily,13050898294,fold30,,,,
R,fold30_room1_mix0488,caution,static,3,2,v11core,arterial,13051003023,fold30,backup_beep,R,bike_bell,R
,fold30_room1_mix0489,na,static,0,0,v11core,residential,13051107752,fold30,,,,
R,fold30_room1_mix0490,safe,walk,2,1,v11core,residential,13051212481,fold30,backup_beep,L,,
L,fold30_room1_mix0491,critical,static,1,0,v11core,daily,13051317210,fold30,,,,
L,fold30_room1_mix0492,safe,static,1,2,v11core,daily,13051421939,fold30,backup_beep,R,backup_beep,L
L,fold30_room1_mix0493,caution,walk,2,0,v11core,residential,13051526668,fold30,,,,
L,fold30_room1_mix0494,safe,static,1,2,v11core,daily,13051631397,fold30,horn,R,backup_beep,R
L,fold30_room1_mix0495,critical,static,2,0,v11core,arterial,13051736126,fold30,,,,
L,fold30_room1_mix0496,safe,walk,2,1,v11core,daily,13051840855,fold30,bike_bell,R,,
R,fold30_room1_mix0497,safe,static,1,0,v11core,daily,13051945584,fold30,,,,
,fold30_room1_mix0498,na,static,0,1,v11core,daily,13052050313,fold30,siren,L,,
R,fold30_room1_mix0499,safe,static,3,0,v11core,arterial,13052155042,fold30,,,,
R,fold30_room1_mix0500,critical,static,1,0,v11core,residential,13052259771,fold30,,,,
,fold30_room1_mix0501,na,static,0,0,v11core,residential,13052364500,fold30,,,,
L,fold30_room1_mix0502,caution,walk,1,1,v11core,daily,13052469229,fold30,crossing,L,,
,fold30_room1_mix0503,na,walk,0,0,v11core,residential,13052573958,fold30,,,,
R,fold30_room1_mix0504,caution,static,2,0,v11core,daily,13052678687,fold30,,,,
,fold30_room1_mix0505,na,static,0,0,v11core,daily,13052783416,fold30,,,,
R,fold30_room1_mix0506,critical,static,2,1,v11core,daily,13052888145,fold30,backup_beep,R,,
L,fold30_room1_mix0507,caution,walk,1,1,v11core,daily,13052992874,fold30,backup_beep,L,,
L,fold30_room1_mix0508,critical,static,1,0,v11core,arterial,13053097603,fold30,,,,
,fold30_room1_mix0509,na,walk,0,0,v11core,residential,13053202332,fold30,,,,
L,fold30_room1_mix0510,critical,walk,3,1,v11core,arterial,13053307061,fold30,horn,R,,
R,fold30_room1_mix0511,critical,static,1,0,v11core,daily,13053411790,fold30,,,,
L,fold30_room1_mix0512,caution,walk,1,1,v11core,residential,13053516519,fold30,siren,R,,
,fold30_room1_mix0513,na,static,0,1,v11core,daily,13053621248,fold30,horn,L,,
L,fold30_room1_mix0514,safe,walk,1,1,v11core,residential,13053725977,fold30,horn,L,,
L,fold30_room1_mix0515,caution,static,3,1,v11core,daily,13053830706,fold30,crossing,L,,
L,fold30_room1_mix0516,safe,static,2,1,v11core,daily,13053935435,fold30,bike_bell,L,,
R,fold30_room1_mix0517,critical,walk,1,0,v11core,daily,13054040164,fold30,,,,
L,fold30_room1_mix0518,critical,walk,1,0,v11core,daily,13054144893,fold30,,,,
L,fold30_room1_mix0519,safe,static,1,0,v11core,daily,13054249622,fold30,,,,
,fold30_room1_mix0520,na,static,0,0,v11core,residential,13054354351,fold30,,,,
L,fold30_room1_mix0521,safe,walk,2,0,v11core,daily,13054459080,fold30,,,,
L,fold30_room1_mix0522,caution,static,1,2,v11core,daily,13054563809,fold30,siren,R,horn,L
,fold30_room1_mix0523,na,static,0,0,v11core,residential,13054668538,fold30,,,,
R,fold30_room1_mix0524,safe,walk,1,0,v11core,daily,13054773267,fold30,,,,
L,fold30_room1_mix0525,critical,walk,2,1,v11core,daily,13054877996,fold30,crossing,L,,
,fold30_room1_mix0526,na,static,0,1,v11core,residential,13054982725,fold30,siren,L,,
R,fold30_room1_mix0527,caution,static,2,0,v11core,daily,13055087454,fold30,,,,
L,fold30_room1_mix0528,safe,static,1,0,v11core,residential,13055192183,fold30,,,,
,fold30_room1_mix0529,na,walk,0,2,v11core,residential,13055296912,fold30,siren,R,crossing,L
,fold30_room1_mix0530,na,walk,0,1,v11core,residential,13055401641,fold30,crossing,R,,
,fold30_room1_mix0531,na,walk,0,1,v11core,daily,13055506370,fold30,horn,L,,
R,fold30_room1_mix0532,safe,static,2,0,v11core,daily,13055611099,fold30,,,,
R,fold30_room1_mix0533,safe,static,1,0,v11core,daily,13055715828,fold30,,,,
L,fold30_room1_mix0534,safe,walk,1,0,v11core,daily,13055820557,fold30,,,,
,fold30_room1_mix0535,na,static,0,1,v11core,residential,13055925286,fold30,crossing,R,,
L,fold30_room1_mix0536,safe,static,2,0,v11core,arterial,13056030015,fold30,,,,
R,fold30_room1_mix0537,critical,static,1,2,v11core,residential,13056134744,fold30,horn,R,bike_bell,L
R,fold30_room1_mix0538,safe,static,2,1,v11core,daily,13056239473,fold30,bike_bell,R,,
R,fold30_room1_mix0539,safe,walk,1,0,v11core,arterial,13056344202,fold30,,,,
R,fold30_room1_mix0540,caution,static,3,0,v11core,arterial,13056448931,fold30,,,,
L,fold30_room1_mix0541,caution,static,2,1,v11core,arterial,13056553660,fold30,siren,L,,
R,fold30_room1_mix0542,caution,static,2,0,v11core,arterial,13056658389,fold30,,,,
L,fold30_room1_mix0543,safe,walk,3,2,v11core,daily,13056763118,fold30,horn,L,backup_beep,R
L,fold30_room1_mix0544,caution,walk,2,0,v11core,arterial,13056867847,fold30,,,,
L,fold30_room1_mix0545,safe,walk,1,0,v11core,residential,13056972576,fold30,,,,
L,fold30_room1_mix0546,safe,walk,1,0,v11core,daily,13057077305,fold30,,,,
R,fold30_room1_mix0547,critical,static,2,0,v11core,daily,13057182034,fold30,,,,
R,fold30_room1_mix0548,caution,walk,1,0,v11core,residential,13057286763,fold30,,,,
L,fold30_room1_mix0549,caution,walk,2,2,v11core,daily,13057391492,fold30,siren,L,siren,R
R,fold30_room1_mix0550,critical,walk,1,1,v11core,arterial,13057496221,fold30,siren,L,,
L,fold30_room1_mix0551,critical,static,3,2,v11core,daily,13057600950,fold30,horn,L,crossing,L
R,fold30_room1_mix0552,critical,static,2,1,v11core,daily,13057705679,fold30,crossing,R,,
,fold30_room1_mix0553,na,walk,0,0,v11core,residential,13057810408,fold30,,,,
L,fold30_room1_mix0554,safe,static,2,0,v11core,daily,13057915137,fold30,,,,
R,fold30_room1_mix0555,critical,walk,1,1,v11core,daily,13058019866,fold30,backup_beep,L,,
L,fold30_room1_mix0556,critical,static,2,1,v11core,arterial,13058124595,fold30,horn,R,,
L,fold30_room1_mix0557,safe,static,2,1,v11core,residential,13058229324,fold30,crossing,R,,
R,fold30_room1_mix0558,safe,walk,1,1,v11core,daily,13058334053,fold30,horn,L,,
R,fold30_room1_mix0559,safe,static,1,0,v11core,daily,13058438782,fold30,,,,
R,fold30_room1_mix0560,caution,static,2,0,v11core,residential,13058543511,fold30,,,,
R,fold30_room1_mix0561,caution,walk,2,1,v11core,arterial,13058648240,fold30,horn,L,,
R,fold30_room1_mix0562,safe,static,1,1,v11core,residential,13058752969,fold30,crossing,R,,
L,fold30_room1_mix0563,caution,static,1,0,v11core,daily,13058857698,fold30,,,,
L,fold30_room1_mix0564,critical,walk,1,2,v11core,residential,13058962427,fold30,horn,R,crossing,R
R,fold30_room1_mix0565,safe,walk,2,0,v11core,arterial,13059067156,fold30,,,,
L,fold30_room1_mix0566,safe,walk,1,0,v11core,residential,13059171885,fold30,,,,
L,fold30_room1_mix0567,critical,static,1,2,v11core,arterial,13059276614,fold30,siren,L,siren,R
L,fold30_room1_mix0568,critical,static,3,1,v11core,arterial,13059381343,fold30,crossing,R,,
L,fold30_room1_mix0569,critical,walk,1,1,v11core,daily,13059486072,fold30,crossing,L,,
,fold30_room1_mix0570,na,walk,0,0,v11core,residential,13059590801,fold30,,,,
L,fold30_room1_mix0571,safe,walk,2,1,v11core,daily,13059695530,fold30,horn,L,,
L,fold30_room1_mix0572,critical,static,2,2,v11core,daily,13059800259,fold30,bike_bell,R,crossing,L
L,fold30_room1_mix0573,critical,walk,2,0,v11core,arterial,13059904988,fold30,,,,
R,fold30_room1_mix0574,critical,walk,1,0,v11core,residential,13060009717,fold30,,,,
L,fold30_room1_mix0575,caution,walk,2,0,v11core,daily,13060114446,fold30,,,,
L,fold30_room1_mix0576,caution,static,1,2,v11core,residential,13060219175,fold30,horn,L,crossing,R
,fold30_room1_mix0577,na,walk,0,0,v11core,residential,13060323904,fold30,,,,
L,fold30_room1_mix0578,critical,walk,2,0,v11core,daily,13060428633,fold30,,,,
,fold30_room1_mix0579,na,walk,0,1,v11core,residential,13060533362,fold30,horn,L,,
,fold30_room1_mix0580,na,walk,0,1,v11core,residential,13060638091,fold30,siren,L,,
R,fold30_room1_mix0581,caution,walk,1,1,v11core,residential,13060742820,fold30,backup_beep,R,,
R,fold30_room1_mix0582,caution,walk,2,1,v11core,daily,13060847549,fold30,backup_beep,R,,
,fold30_room1_mix0583,na,walk,0,1,v11core,residential,13060952278,fold30,crossing,R,,
R,fold30_room1_mix0584,safe,walk,2,2,v11core,arterial,13061057007,fold30,bike_bell,L,bike_bell,R
R,fold30_room1_mix0585,critical,static,1,1,v11core,daily,13061161736,fold30,horn,R,,
,fold30_room1_mix0586,na,walk,0,2,v11core,residential,13061266465,fold30,backup_beep,L,crossing,R
R,fold30_room1_mix0587,caution,walk,3,1,v11core,arterial,13061371194,fold30,crossing,L,,
R,fold30_room1_mix0588,safe,static,1,0,v11core,daily,13061475923,fold30,,,,
R,fold30_room1_mix0589,caution,static,1,0,v11core,daily,13061580652,fold30,,,,
R,fold30_room1_mix0590,safe,static,1,1,v11core,residential,13061685381,fold30,crossing,R,,
L,fold30_room1_mix0591,critical,static,2,1,v11core,daily,13061790110,fold30,siren,R,,
,fold30_room1_mix0592,na,static,0,1,v11core,residential,13061894839,fold30,crossing,L,,
,fold30_room1_mix0593,na,static,0,0,v11core,residential,13061999568,fold30,,,,
,fold30_room1_mix0594,na,static,0,0,v11core,residential,13062104297,fold30,,,,
R,fold30_room1_mix0595,critical,walk,3,1,v11core,daily,13062209026,fold30,siren,L,,
L,fold30_room1_mix0596,caution,static,1,0,v11core,daily,13062313755,fold30,,,,
,fold30_room1_mix0597,na,static,0,2,v11core,residential,13062418484,fold30,horn,R,crossing,L
L,fold30_room1_mix0598,caution,static,3,0,v11core,daily,13062523213,fold30,,,,
L,fold30_room1_mix0599,safe,walk,1,0,v11core,residential,13062627942,fold30,,,,
L,fold30_room1_mix0600,critical,walk,3,0,v11core,daily,13062732671,fold30,,,,
R,fold30_room1_mix0601,safe,static,1,0,v11core,residential,13062837400,fold30,,,,
R,fold30_room1_mix0602,safe,static,1,2,v11core,daily,13062942129,fold30,bike_bell,R,bike_bell,L
R,fold30_room1_mix0603,safe,static,2,0,v11core,daily,13063046858,fold30,,,,
R,fold30_room1_mix0604,safe,walk,1,1,v11core,residential,13063151587,fold30,horn,R,,
L,fold30_room1_mix0605,safe,static,2,1,v11core,daily,13063256316,fold30,crossing,L,,
L,fold30_room1_mix0606,caution,static,1,0,v11core,daily,13063361045,fold30,,,,
L,fold30_room1_mix0607,caution,static,2,0,v11core,residential,13063465774,fold30,,,,
R,fold30_room1_mix0608,caution,static,1,1,v11core,daily,13063570503,fold30,horn,R,,
L,fold30_room1_mix0609,caution,walk,1,1,v11core,arterial,13063675232,fold30,horn,R,,
L,fold30_room1_mix0610,critical,static,1,1,v11core,residential,13063779961,fold30,backup_beep,L,,
,fold30_room1_mix0611,na,walk,0,0,v11core,residential,13063884690,fold30,,,,
R,fold30_room1_mix0612,safe,static,1,1,v11core,residential,13063989419,fold30,horn,L,,
L,fold30_room1_mix0613,critical,walk,1,1,v11core,arterial,13064094148,fold30,horn,L,,
L,fold30_room1_mix0614,caution,static,2,0,v11core,arterial,13064198877,fold30,,,,
R,fold30_room1_mix0615,safe,static,1,2,v11core,residential,13064303606,fold30,backup_beep,R,bike_bell,R
R,fold30_room1_mix0616,critical,static,1,0,v11core,daily,13064408335,fold30,,,,
L,fold30_room1_mix0617,critical,static,1,0,v11core,residential,13064513064,fold30,,,,
,fold30_room1_mix0618,na,walk,0,2,v11core,daily,13064617793,fold30,siren,L,siren,R
R,fold30_room1_mix0619,caution,walk,1,0,v11core,residential,13064722522,fold30,,,,
L,fold30_room1_mix0620,caution,static,1,0,v11core,daily,13064827251,fold30,,,,
R,fold30_room1_mix0621,caution,static,1,0,v11core,residential,13064931980,fold30,,,,
R,fold30_room1_mix0622,caution,walk,2,1,v11core,daily,13065036709,fold30,crossing,L,,
R,fold30_room1_mix0623,safe,static,1,0,v11core,residential,13065141438,fold30,,,,
L,fold30_room1_mix0624,critical,walk,1,0,v11core,residential,13065246167,fold30,,,,
L,fold30_room1_mix0625,caution,static,2,1,v11core,daily,13065350896,fold30,siren,R,,
L,fold30_room1_mix0626,caution,walk,1,0,v11core,residential,13065455625,fold30,,,,
R,fold30_room1_mix0627,critical,static,2,0,v11core,daily,13065560354,fold30,,,,
R,fold30_room1_mix0628,critical,static,2,0,v11core,daily,13065665083,fold30,,,,
L,fold30_room1_mix0629,critical,walk,1,1,v11core,residential,13065769812,fold30,horn,L,,
R,fold30_room1_mix0630,critical,static,3,2,v11core,daily,13065874541,fold30,backup_beep,R,bike_bell,L
R,fold30_room1_mix0631,caution,static,1,1,v11core,arterial,13065979270,fold30,bike_bell,R,,
,fold30_room1_mix0632,na,walk,0,1,v11core,residential,13066083999,fold30,horn,R,,
L,fold30_room1_mix0633,caution,static,1,1,v11core,residential,13066188728,fold30,crossing,R,,
,fold30_room1_mix0634,na,static,0,1,v11core,residential,13066293457,fold30,backup_beep,R,,
L,fold30_room1_mix0635,critical,walk,3,1,v11core,daily,13066398186,fold30,horn,R,,
L,fold30_room1_mix0636,safe,walk,2,1,v11core,residential,13066502915,fold30,crossing,L,,
L,fold30_room1_mix0637,critical,walk,1,0,v11core,arterial,13066607644,fold30,,,,
L,fold30_room1_mix0638,caution,walk,3,2,v11core,arterial,13066712373,fold30,siren,L,siren,R
,fold30_room1_mix0639,na,static,0,0,v11core,daily,13066817102,fold30,,,,
R,fold30_room1_mix0640,critical,walk,1,0,v11core,residential,13066921831,fold30,,,,
R,fold30_room1_mix0641,safe,walk,3,1,v11core,daily,13067026560,fold30,siren,R,,
L,fold30_room1_mix0642,caution,static,1,0,v11core,daily,13067131289,fold30,,,,
L,fold30_room1_mix0643,critical,static,2,1,v11core,arterial,13067236018,fold30,bike_bell,R,,
,fold30_room1_mix0644,na,static,0,1,v11core,residential,13067340747,fold30,crossing,L,,
L,fold30_room1_mix0645,safe,walk,3,1,v11core,arterial,13067445476,fold30,siren,R,,
L,fold30_room1_mix0646,safe,static,1,0,v11core,residential,13067550205,fold30,,,,
,fold30_room1_mix0647,na,static,0,2,v11core,residential,13067654934,fold30,siren,R,crossing,L
L,fold30_room1_mix0648,caution,static,1,1,v11core,residential,13067759663,fold30,crossing,L,,
R,fold30_room1_mix0649,safe,static,1,1,v11core,residential,13067864392,fold30,horn,L,,
R,fold30_room1_mix0650,safe,static,2,2,v11core,arterial,13067969121,fold30,horn,L,backup_beep,L
L,fold30_room1_mix0651,critical,static,1,2,v11core,residential,13068073850,fold30,horn,L,backup_beep,L
R,fold30_room1_mix0652,critical,walk,2,0,v11core,arterial,13068178579,fold30,,,,
L,fold30_room1_mix0653,critical,static,2,0,v11core,arterial,13068283308,fold30,,,,
L,fold30_room1_mix0654,critical,walk,1,0,v11core,residential,13068388037,fold30,,,,
L,fold30_room1_mix0655,safe,walk,1,2,v11core,daily,13068492766,fold30,siren,R,horn,L
L,fold30_room1_mix0656,safe,walk,3,0,v11core,daily,13068597495,fold30,,,,
L,fold30_room1_mix0657,safe,walk,1,0,v11core,residential,13068702224,fold30,,,,
L,fold30_room1_mix0658,caution,walk,1,2,v11core,daily,13068806953,fold30,backup_beep,L,bike_bell,L
L,fold30_room1_mix0659,critical,static,1,0,v11core,residential,13068911682,fold30,,,,
L,fold30_room1_mix0660,caution,static,2,1,v11core,daily,13069016411,fold30,bike_bell,L,,
,fold30_room1_mix0661,na,static,0,0,v11core,residential,13069121140,fold30,,,,
,fold30_room1_mix0662,na,walk,0,1,v11core,residential,13069225869,fold30,crossing,L,,
,fold30_room1_mix0663,na,walk,0,0,v11core,residential,13069330598,fold30,,,,
L,fold30_room1_mix0664,safe,walk,1,1,v11core,residential,13069435327,fold30,horn,R,,
L,fold30_room1_mix0665,caution,walk,1,0,v11core,residential,13069540056,fold30,,,,
R,fold30_room1_mix0666,safe,static,1,2,v11core,residential,13069644785,fold30,siren,R,bike_bell,R
L,fold30_room1_mix0667,caution,walk,1,1,v11core,residential,13069749514,fold30,crossing,L,,
L,fold30_room1_mix0668,caution,walk,1,0,v11core,residential,13069854243,fold30,,,,
L,fold30_room1_mix0669,safe,static,1,0,v11core,residential,13069958972,fold30,,,,
L,fold30_room1_mix0670,critical,static,1,1,v11core,residential,13070063701,fold30,horn,R,,
,fold30_room1_mix0671,na,static,0,0,v11core,daily,13070168430,fold30,,,,
L,fold30_room1_mix0672,critical,static,1,1,v11core,daily,13070273159,fold30,backup_beep,L,,
R,fold30_room1_mix0673,safe,walk,3,1,v11core,arterial,13070377888,fold30,crossing,R,,
L,fold30_room1_mix0674,safe,static,3,1,v11core,arterial,13070482617,fold30,bike_bell,L,,
,fold30_room1_mix0675,na,static,0,0,v11core,daily,13070587346,fold30,,,,
R,fold30_room1_mix0676,critical,static,1,0,v11core,daily,13070692075,fold30,,,,
L,fold30_room1_mix0677,safe,static,2,0,v11core,residential,13070796804,fold30,,,,
L,fold30_room1_mix0678,critical,static,1,2,v11core,residential,13070901533,fold30,siren,L,siren,R
,fold30_room1_mix0679,na,static,0,0,v11core,residential,13071006262,fold30,,,,
R,fold30_room1_mix0680,safe,walk,1,1,v11core,arterial,13071110991,fold30,siren,R,,
L,fold30_room1_mix0681,caution,walk,1,0,v11core,daily,13071215720,fold30,,,,
R,fold30_room1_mix0682,safe,static,2,0,v11core,residential,13071320449,fold30,,,,
,fold30_room1_mix0683,na,walk,0,1,v11core,residential,13071425178,fold30,bike_bell,R,,
R,fold30_room1_mix0684,safe,walk,1,0,v11core,arterial,13071529907,fold30,,,,
L,fold30_room1_mix0685,caution,walk,1,0,v11core,daily,13071634636,fold30,,,,
L,fold30_room1_mix0686,safe,walk,1,2,v11core,daily,13071739365,fold30,siren,L,backup_beep,L
L,fold30_room1_mix0687,safe,walk,1,1,v11core,residential,13071844094,fold30,crossing,L,,
L,fold30_room1_mix0688,caution,static,1,1,v11core,daily,13071948823,fold30,horn,L,,
L,fold30_room1_mix0689,safe,walk,1,0,v11core,daily,13072053552,fold30,,,,
R,fold30_room1_mix0690,caution,static,2,1,v11core,daily,13072158281,fold30,backup_beep,L,,
,fold30_room1_mix0691,na,static,0,0,v11core,daily,13072263010,fold30,,,,
R,fold30_room1_mix0692,critical,walk,1,2,v11core,daily,13072367739,fold30,bike_bell,R,bike_bell,L
R,fold30_room1_mix0693,critical,walk,2,0,v11core,daily,13072472468,fold30,,,,
L,fold30_room1_mix0694,critical,walk,1,0,v11core,daily,13072577197,fold30,,,,
R,fold30_room1_mix0695,caution,walk,1,0,v11core,daily,13072681926,fold30,,,,
L,fold30_room1_mix0696,safe,static,3,0,v11core,daily,13072786655,fold30,,,,
L,fold30_room1_mix0697,critical,static,1,1,v11core,daily,13072891384,fold30,siren,R,,
,fold30_room1_mix0698,na,walk,0,0,v11core,residential,13072996113,fold30,,,,
L,fold30_room1_mix0699,critical,static,1,0,v11core,daily,13073100842,fold30,,,,
R,fold30_room1_mix0700,critical,walk,1,0,v11core,residential,13073205571,fold30,,,,
R,fold30_room1_mix0701,critical,static,1,1,v11core,daily,13073310300,fold30,backup_beep,L,,
L,fold30_room1_mix0702,safe,walk,3,0,v11core,arterial,13073415029,fold30,,,,
R,fold30_room1_mix0703,caution,walk,1,1,v11core,arterial,13073519758,fold30,crossing,L,,
L,fold30_room1_mix0704,safe,static,1,1,v11core,residential,13073624487,fold30,siren,L,,
R,fold30_room1_mix0705,caution,walk,3,0,v11core,arterial,13073729216,fold30,,,,
L,fold30_room1_mix0706,safe,static,1,0,v11core,residential,13073833945,fold30,,,,
,fold30_room1_mix0707,na,walk,0,2,v11core,residential,13073938674,fold30,siren,R,horn,R
R,fold30_room1_mix0708,critical,walk,2,1,v11core,daily,13074043403,fold30,bike_bell,R,,
,fold30_room1_mix0709,na,walk,0,1,v11core,residential,13074148132,fold30,horn,R,,
,fold30_room1_mix0710,na,walk,0,2,v11core,residential,13074252861,fold30,horn,L,crossing,L
L,fold30_room1_mix0711,caution,static,1,1,v11core,residential,13074357590,fold30,horn,R,,
L,fold30_room1_mix0712,safe,walk,1,1,v11core,daily,13074462319,fold30,bike_bell,L,,
,fold30_room1_mix0713,na,static,0,0,v11core,residential,13074567048,fold30,,,,
L,fold30_room1_mix0714,caution,walk,2,2,v11core,residential,13074671777,fold30,bike_bell,L,crossing,L
,fold30_room1_mix0715,na,walk,0,1,v11core,residential,13074776506,fold30,backup_beep,R,,
,fold30_room1_mix0716,na,static,0,1,v11core,residential,13074881235,fold30,horn,R,,
R,fold30_room1_mix0717,caution,walk,2,0,v11core,daily,13074985964,fold30,,,,
,fold30_room1_mix0718,na,walk,0,0,v11core,residential,13075090693,fold30,,,,
,fold30_room1_mix0719,na,walk,0,0,v11core,residential,13075195422,fold30,,,,
R,fold30_room1_mix0720,caution,static,1,0,v11core,daily,13075300151,fold30,,,,
L,fold30_room1_mix0721,safe,walk,3,0,v11core,daily,13075404880,fold30,,,,
L,fold30_room1_mix0722,critical,walk,1,1,v11core,residential,13075509609,fold30,siren,R,,
L,fold30_room1_mix0723,safe,walk,1,0,v11core,residential,13075614338,fold30,,,,
,fold30_room1_mix0724,na,static,0,2,v11core,residential,13075719067,fold30,backup_beep,L,backup_beep,R
L,fold30_room1_mix0725,safe,static,3,0,v11core,daily,13075823796,fold30,,,,
L,fold30_room1_mix0726,caution,static,1,1,v11core,daily,13075928525,fold30,siren,R,,
L,fold30_room1_mix0727,critical,static,3,2,v11core,arterial,13076033254,fold30,backup_beep,R,backup_beep,L
R,fold30_room1_mix0728,caution,walk,3,1,v11core,arterial,13076137983,fold30,bike_bell,L,,
R,fold30_room1_mix0729,safe,walk,1,0,v11core,daily,13076242712,fold30,,,,
R,fold30_room1_mix0730,safe,walk,1,1,v11core,residential,13076347441,fold30,horn,L,,
R,fold30_room1_mix0731,caution,static,1,1,v11core,residential,13076452170,fold30,crossing,L,,
R,fold30_room1_mix0732,critical,walk,3,1,v11core,arterial,13076556899,fold30,bike_bell,R,,
R,fold30_room1_mix0733,safe,static,2,2,v11core,daily,13076661628,fold30,siren,R,backup_beep,R
R,fold30_room1_mix0734,safe,walk,2,1,v11core,daily,13076766357,fold30,horn,L,,
R,fold30_room1_mix0735,safe,static,1,0,v11core,daily,13076871086,fold30,,,,
R,fold30_room1_mix0736,critical,walk,1,1,v11core,daily,13076975815,fold30,horn,L,,
R,fold30_room1_mix0737,safe,static,1,1,v11core,daily,13077080544,fold30,crossing,L,,
,fold30_room1_mix0738,na,static,0,0,v11core,residential,13077185273,fold30,,,,
R,fold30_room1_mix0739,safe,walk,2,0,v11core,daily,13077290002,fold30,,,,
R,fold30_room1_mix0740,safe,static,2,0,v11core,daily,13077394731,fold30,,,,
L,fold30_room1_mix0741,safe,static,1,1,v11core,daily,13077499460,fold30,bike_bell,R,,
L,fold30_room1_mix0742,critical,walk,2,0,v11core,arterial,13077604189,fold30,,,,
R,fold30_room1_mix0743,critical,static,2,1,v11core,arterial,13077708918,fold30,crossing,L,,
L,fold30_room1_mix0744,safe,walk,1,0,v11core,arterial,13077813647,fold30,,,,
L,fold30_room1_mix0745,caution,static,2,0,v11core,daily,13077918376,fold30,,,,
,fold30_room1_mix0746,na,static,0,0,v11core,residential,13078023105,fold30,,,,
R,fold30_room1_mix0747,safe,walk,1,1,v11core,residential,13078127834,fold30,bike_bell,R,,
L,fold30_room1_mix0748,caution,static,1,0,v11core,residential,13078232563,fold30,,,,
R,fold30_room1_mix0749,critical,walk,2,0,v11core,arterial,13078337292,fold30,,,,
R,fold30_room1_mix0750,caution,walk,1,0,v11core,daily,13078442021,fold30,,,,
,fold30_room1_mix0751,na,static,0,0,v11core,residential,13078546750,fold30,,,,
L,fold30_room1_mix0752,caution,walk,3,1,v11core,arterial,13078651479,fold30,backup_beep,L,,
R,fold30_room1_mix0753,critical,walk,2,1,v11core,arterial,13078756208,fold30,horn,R,,
L,fold30_room1_mix0754,critical,walk,1,1,v11core,daily,13078860937,fold30,backup_beep,R,,
L,fold30_room1_mix0755,critical,walk,2,0,v11core,daily,13078965666,fold30,,,,
R,fold30_room1_mix0756,safe,static,2,1,v11core,daily,13079070395,fold30,horn,L,,
L,fold30_room1_mix0757,safe,walk,1,1,v11core,daily,13079175124,fold30,bike_bell,L,,
R,fold30_room1_mix0758,safe,walk,2,2,v11core,daily,13079279853,fold30,horn,L,crossing,R
L,fold30_room1_mix0759,caution,static,1,0,v11core,residential,13079384582,fold30,,,,
,fold30_room1_mix0760,na,walk,0,1,v11core,daily,13079489311,fold30,backup_beep,R,,
L,fold30_room1_mix0761,safe,static,1,0,v11core,residential,13079594040,fold30,,,,
R,fold30_room1_mix0762,critical,walk,1,1,v11core,daily,13079698769,fold30,bike_bell,R,,
L,fold30_room1_mix0763,caution,static,1,1,v11core,daily,13079803498,fold30,horn,L,,
R,fold30_room1_mix0764,safe,walk,1,1,v11core,arterial,13079908227,fold30,bike_bell,R,,
R,fold30_room1_mix0765,critical,static,1,1,v11core,residential,13080012956,fold30,bike_bell,L,,
R,fold30_room1_mix0766,safe,static,1,1,v11core,daily,13080117685,fold30,horn,R,,
R,fold30_room1_mix0767,caution,walk,2,0,v11core,daily,13080222414,fold30,,,,
R,fold30_room1_mix0768,critical,static,1,1,v11core,residential,13080327143,fold30,crossing,L,,
R,fold30_room1_mix0769,caution,walk,2,1,v11core,daily,13080431872,fold30,bike_bell,L,,
L,fold30_room1_mix0770,critical,static,2,0,v11core,daily,13080536601,fold30,,,,
R,fold30_room1_mix0771,safe,static,1,0,v11core,residential,13080641330,fold30,,,,
R,fold30_room1_mix0772,caution,walk,1,2,v11core,residential,13080746059,fold30,horn,L,bike_bell,L
L,fold30_room1_mix0773,critical,walk,1,2,v11core,daily,13080850788,fold30,backup_beep,L,backup_beep,R
L,fold30_room1_mix0774,critical,static,2,0,v11core,daily,13080955517,fold30,,,,
R,fold30_room1_mix0775,safe,walk,2,1,v11core,arterial,13081060246,fold30,bike_bell,R,,
L,fold30_room1_mix0776,safe,walk,2,0,v11core,arterial,13081164975,fold30,,,,
L,fold30_room1_mix0777,caution,static,1,0,v11core,daily,13081269704,fold30,,,,
R,fold30_room1_mix0778,critical,static,1,0,v11core,daily,13081374433,fold30,,,,
R,fold30_room1_mix0779,critical,static,1,1,v11core,daily,13081479162,fold30,bike_bell,R,,
L,fold30_room1_mix0780,critical,static,1,1,v11core,daily,13081583891,fold30,crossing,L,,
R,fold30_room1_mix0781,safe,static,1,1,v11core,arterial,13081688620,fold30,crossing,R,,
L,fold30_room1_mix0782,safe,static,2,1,v11core,daily,13081793349,fold30,siren,L,,
,fold30_room1_mix0783,na,walk,0,0,v11core,residential,13081898078,fold30,,,,
L,fold30_room1_mix0784,critical,static,1,0,v11core,residential,13082002807,fold30,,,,
R,fold30_room1_mix0785,safe,walk,1,0,v11core,daily,13082107536,fold30,,,,
R,fold30_room1_mix0786,critical,walk,1,0,v11core,arterial,13082212265,fold30,,,,
R,fold30_room1_mix0787,critical,static,1,1,v11core,daily,13082316994,fold30,siren,L,,
R,fold30_room1_mix0788,critical,walk,3,2,v11core,arterial,13082421723,fold30,backup_beep,R,crossing,R
,fold30_room1_mix0789,na,static,0,1,v11core,residential,13082526452,fold30,horn,L,,
R,fold30_room1_mix0790,caution,walk,1,0,v11core,residential,13082631181,fold30,,,,
R,fold30_room1_mix0791,safe,walk,2,1,v11core,daily,13082735910,fold30,siren,L,,
L,fold30_room1_mix0792,critical,walk,1,1,v11core,residential,13082840639,fold30,crossing,R,,
L,fold30_room1_mix0793,critical,walk,1,2,v11core,daily,13082945368,fold30,siren,L,backup_beep,L
R,fold30_room1_mix0794,safe,walk,3,0,v11core,daily,13083050097,fold30,,,,
R,fold30_room1_mix0795,caution,walk,1,0,v11core,residential,13083154826,fold30,,,,
L,fold30_room1_mix0796,caution,walk,2,0,v11core,arterial,13083259555,fold30,,,,
L,fold30_room1_mix0797,caution,static,1,0,v11core,residential,13083364284,fold30,,,,
L,fold30_room1_mix0798,safe,static,1,1,v11core,residential,13083469013,fold30,bike_bell,L,,
L,fold30_room1_mix0799,critical,static,1,2,v11core,daily,13083573742,fold30,siren,R,bike_bell,L
L,fold30_room1_mix0800,caution,walk,3,1,v11core,daily,13083678471,fold30,horn,L,,
R,fold30_room1_mix0801,safe,walk,1,0,v11core,arterial,13083783200,fold30,,,,
L,fold30_room1_mix0802,safe,static,3,1,v11core,arterial,13083887929,fold30,horn,R,,
L,fold30_room1_mix0803,caution,walk,1,2,v11core,daily,13083992658,fold30,siren,L,bike_bell,L
R,fold30_room1_mix0804,critical,walk,1,1,v11core,residential,13084097387,fold30,horn,R,,
L,fold30_room1_mix0805,safe,static,1,1,v11core,residential,13084202116,fold30,crossing,R,,
R,fold30_room1_mix0806,caution,static,1,1,v11core,residential,13084306845,fold30,crossing,L,,
L,fold30_room1_mix0807,critical,static,2,1,v11core,daily,13084411574,fold30,backup_beep,L,,
,fold30_room1_mix0808,na,walk,0,0,v11core,residential,13084516303,fold30,,,,
L,fold30_room1_mix0809,critical,walk,1,0,v11core,residential,13084621032,fold30,,,,
R,fold30_room1_mix0810,safe,walk,1,0,v11core,daily,13084725761,fold30,,,,
L,fold30_room1_mix0811,safe,walk,2,1,v11core,daily,13084830490,fold30,siren,R,,
L,fold30_room1_mix0812,caution,walk,3,1,v11core,arterial,13084935219,fold30,crossing,L,,
L,fold30_room1_mix0813,critical,static,2,1,v11core,daily,13085039948,fold30,bike_bell,R,,
L,fold30_room1_mix0814,caution,static,1,1,v11core,daily,13085144677,fold30,crossing,R,,
L,fold30_room1_mix0815,critical,static,1,0,v11core,daily,13085249406,fold30,,,,
R,fold30_room1_mix0816,caution,walk,1,2,v11core,daily,13085354135,fold30,bike_bell,L,bike_bell,R
R,fold30_room1_mix0817,critical,static,1,1,v11core,residential,13085458864,fold30,crossing,R,,
,fold30_room1_mix0818,na,walk,0,0,v11core,residential,13085563593,fold30,,,,
R,fold30_room1_mix0819,critical,walk,1,1,v11core,daily,13085668322,fold30,backup_beep,R,,
L,fold30_room1_mix0820,caution,walk,2,1,v11core,arterial,13085773051,fold30,bike_bell,R,,
R,fold30_room1_mix0821,safe,static,3,1,v11core,arterial,13085877780,fold30,horn,L,,
L,fold30_room1_mix0822,critical,walk,2,2,v11core,daily,13085982509,fold30,siren,R,horn,R
R,fold30_room1_mix0823,caution,walk,1,1,v11core,residential,13086087238,fold30,backup_beep,R,,
R,fold30_room1_mix0824,caution,walk,3,2,v11core,daily,13086191967,fold30,backup_beep,R,bike_bell,L
R,fold30_room1_mix0825,critical,static,1,0,v11core,residential,13086296696,fold30,,,,
R,fold30_room1_mix0826,critical,walk,1,0,v11core,daily,13086401425,fold30,,,,
R,fold30_room1_mix0827,critical,walk,2,0,v11core,daily,13086506154,fold30,,,,
,fold30_room1_mix0828,na,static,0,1,v11core,residential,13086610883,fold30,crossing,R,,
L,fold30_room1_mix0829,safe,walk,1,0,v11core,residential,13086715612,fold30,,,,
R,fold30_room1_mix0830,safe,walk,3,2,v11core,arterial,13086820341,fold30,backup_beep,L,bike_bell,R
R,fold30_room1_mix0831,critical,static,3,0,v11core,arterial,13086925070,fold30,,,,
L,fold30_room1_mix0832,caution,walk,1,2,v11core,daily,13087029799,fold30,siren,R,siren,L
L,fold30_room1_mix0833,safe,walk,1,0,v11core,daily,13087134528,fold30,,,,
R,fold30_room1_mix0834,safe,static,2,1,v11core,arterial,13087239257,fold30,crossing,R,,
L,fold30_room1_mix0835,caution,walk,2,2,v11core,arterial,13087343986,fold30,siren,L,horn,L
R,fold30_room1_mix0836,critical,walk,1,0,v11core,arterial,13087448715,fold30,,,,
,fold30_room1_mix0837,na,walk,0,0,v11core,daily,13087553444,fold30,,,,
R,fold30_room1_mix0838,safe,walk,1,2,v11core,daily,13087658173,fold30,siren,R,bike_bell,R
R,fold30_room1_mix0839,safe,static,3,2,v11core,arterial,13087762902,fold30,backup_beep,L,crossing,L
,fold30_room1_mix0840,na,static,0,0,v11core,residential,13087867631,fold30,,,,
,fold30_room1_mix0841,na,walk,0,0,v11core,residential,13087972360,fold30,,,,
R,fold30_room1_mix0842,critical,static,1,1,v11core,residential,13088077089,fold30,siren,L,,
,fold30_room1_mix0843,na,static,0,0,v11core,residential,13088181818,fold30,,,,
R,fold30_room1_mix0844,caution,static,1,0,v11core,residential,13088286547,fold30,,,,
L,fold30_room1_mix0845,safe,walk,2,2,v11core,arterial,13088391276,fold30,siren,R,bike_bell,L
R,fold30_room1_mix0846,safe,static,1,0,v11core,residential,13088496005,fold30,,,,
L,fold30_room1_mix0847,caution,walk,1,0,v11core,daily,13088600734,fold30,,,,
R,fold30_room1_mix0848,caution,walk,2,0,v11core,daily,13088705463,fold30,,,,
R,fold30_room1_mix0849,critical,static,1,0,v11core,residential,13088810192,fold30,,,,
L,fold30_room1_mix0850,critical,static,1,0,v11core,daily,13088914921,fold30,,,,
L,fold30_room1_mix0851,caution,static,1,1,v11core,arterial,13089019650,fold30,horn,L,,
R,fold30_room1_mix0852,critical,walk,1,0,v11core,residential,13089124379,fold30,,,,
L,fold30_room1_mix0853,critical,walk,3,2,v11core,arterial,13089229108,fold30,horn,L,crossing,L
L,fold30_room1_mix0854,critical,static,1,1,v11core,arterial,13089333837,fold30,horn,L,,
L,fold30_room1_mix0855,safe,static,1,2,v11core,residential,13089438566,fold30,horn,L,crossing,R
R,fold30_room1_mix0856,safe,walk,1,0,v11core,residential,13089543295,fold30,,,,
R,fold30_room1_mix0857,safe,static,2,1,v11core,residential,13089648024,fold30,siren,L,,
,fold30_room1_mix0858,na,static,0,1,v11core,residential,13089752753,fold30,horn,R,,
L,fold30_room1_mix0859,safe,static,1,1,v11core,daily,13089857482,fold30,horn,L,,
R,fold30_room1_mix0860,caution,walk,1,2,v11core,residential,13089962211,fold30,backup_beep,L,crossing,R
R,fold30_room1_mix0861,safe,walk,2,0,v11core,residential,13090066940,fold30,,,,
R,fold30_room1_mix0862,critical,walk,2,0,v11core,residential,13090171669,fold30,,,,
L,fold30_room1_mix0863,critical,static,2,1,v11core,residential,13090276398,fold30,backup_beep,R,,
L,fold30_room1_mix0864,caution,static,1,1,v11core,daily,13090381127,fold30,siren,R,,
,fold30_room1_mix0865,na,walk,0,1,v11core,residential,13090485856,fold30,bike_bell,L,,
L,fold30_room1_mix0866,caution,static,1,0,v11core,daily,13090590585,fold30,,,,
L,fold30_room1_mix0867,safe,walk,2,0,v11core,daily,13090695314,fold30,,,,
L,fold30_room1_mix0868,critical,static,1,0,v11core,daily,13090800043,fold30,,,,
L,fold30_room1_mix0869,safe,static,3,0,v11core,arterial,13090904772,fold30,,,,
R,fold30_room1_mix0870,caution,static,2,0,v11core,arterial,13091009501,fold30,,,,
R,fold30_room1_mix0871,critical,static,1,2,v11core,daily,13091114230,fold30,bike_bell,L,bike_bell,R
R,fold30_room1_mix0872,caution,static,2,1,v11core,daily,13091218959,fold30,crossing,R,,
R,fold30_room1_mix0873,caution,walk,1,1,v11core,daily,13091323688,fold30,siren,L,,
R,fold30_room1_mix0874,critical,walk,2,0,v11core,daily,13091428417,fold30,,,,
L,fold30_room1_mix0875,caution,static,1,1,v11core,residential,13091533146,fold30,bike_bell,L,,
,fold30_room1_mix0876,na,walk,0,2,v11core,residential,13091637875,fold30,siren,L,backup_beep,L
R,fold30_room1_mix0877,safe,walk,1,1,v11core,daily,13091742604,fold30,siren,L,,
R,fold30_room1_mix0878,caution,walk,1,1,v11core,daily,13091847333,fold30,horn,R,,
R,fold30_room1_mix0879,safe,static,1,0,v11core,daily,13091952062,fold30,,,,
,fold30_room1_mix0880,na,walk,0,0,v11core,residential,13092056791,fold30,,,,
L,fold30_room1_mix0881,caution,walk,1,0,v11core,daily,13092161520,fold30,,,,
R,fold30_room1_mix0882,critical,walk,2,0,v11core,daily,13092266249,fold30,,,,
,fold30_room1_mix0883,na,static,0,1,v11core,residential,13092370978,fold30,siren,L,,
L,fold30_room1_mix0884,critical,static,2,0,v11core,arterial,13092475707,fold30,,,,
,fold30_room1_mix0885,na,walk,0,1,v11core,residential,13092580436,fold30,backup_beep,L,,
L,fold30_room1_mix0886,safe,walk,1,1,v11core,residential,13092685165,fold30,bike_bell,L,,
L,fold30_room1_mix0887,caution,static,2,1,v11core,daily,13092789894,fold30,crossing,R,,
L,fold30_room1_mix0888,critical,static,1,1,v11core,daily,13092894623,fold30,bike_bell,R,,
R,fold30_room1_mix0889,safe,static,1,1,v11core,daily,13092999352,fold30,crossing,L,,
,fold30_room1_mix0890,na,walk,0,0,v11core,residential,13093104081,fold30,,,,
,fold30_room1_mix0891,na,static,0,0,v11core,residential,13093208810,fold30,,,,
L,fold30_room1_mix0892,caution,walk,1,1,v11core,arterial,13093313539,fold30,bike_bell,R,,
R,fold30_room1_mix0893,critical,static,2,0,v11core,daily,13093418268,fold30,,,,
R,fold30_room1_mix0894,critical,static,2,0,v11core,arterial,13093522997,fold30,,,,
L,fold30_room1_mix0895,critical,walk,1,0,v11core,daily,13093627726,fold30,,,,
L,fold30_room1_mix0896,caution,static,2,1,v11core,residential,13093732455,fold30,crossing,R,,
,fold30_room1_mix0897,na,static,0,1,v11core,residential,13093837184,fold30,backup_beep,R,,
R,fold30_room1_mix0898,critical,walk,1,1,v11core,daily,13093941913,fold30,siren,R,,
L,fold30_room1_mix0899,caution,walk,2,0,v11core,daily,13094046642,fold30,,,,
R,fold30_room1_mix0900,caution,static,1,1,v11core,residential,13094151371,fold30,backup_beep,R,,
,fold30_room1_mix0901,na,walk,0,0,v11core,residential,13094256100,fold30,,,,
L,fold30_room1_mix0902,caution,static,1,1,v11core,daily,13094360829,fold30,backup_beep,L,,
L,fold30_room1_mix0903,caution,static,1,0,v11core,residential,13094465558,fold30,,,,
L,fold30_room1_mix0904,safe,static,2,2,v11core,arterial,13094570287,fold30,siren,R,crossing,R
L,fold30_room1_mix0905,critical,static,1,1,v11core,residential,13094675016,fold30,bike_bell,L,,
L,fold30_room1_mix0906,caution,walk,2,1,v11core,daily,13094779745,fold30,crossing,R,,
R,fold30_room1_mix0907,safe,static,1,2,v11core,residential,13094884474,fold30,horn,R,bike_bell,R
R,fold30_room1_mix0908,caution,static,1,1,v11core,arterial,13094989203,fold30,siren,R,,
R,fold30_room1_mix0909,caution,static,3,0,v11core,arterial,13095093932,fold30,,,,
R,fold30_room1_mix0910,critical,static,1,0,v11core,residential,13095198661,fold30,,,,
L,fold30_room1_mix0911,caution,walk,1,0,v11core,daily,13095303390,fold30,,,,
R,fold30_room1_mix0912,safe,walk,2,1,v11core,residential,13095408119,fold30,horn,R,,
L,fold30_room1_mix0913,safe,static,1,0,v11core,arterial,13095512848,fold30,,,,
L,fold30_room1_mix0914,critical,walk,3,1,v11core,arterial,13095617577,fold30,bike_bell,L,,
L,fold30_room1_mix0915,safe,walk,2,0,v11core,residential,13095722306,fold30,,,,
L,fold30_room1_mix0916,safe,static,3,2,v11core,daily,13095827035,fold30,horn,L,bike_bell,L
R,fold30_room1_mix0917,critical,static,1,2,v11core,residential,13095931764,fold30,backup_beep,R,crossing,L
R,fold30_room1_mix0918,critical,walk,2,0,v11core,residential,13096036493,fold30,,,,
R,fold30_room1_mix0919,critical,walk,1,0,v11core,daily,13096141222,fold30,,,,
R,fold30_room1_mix0920,critical,static,1,0,v11core,daily,13096245951,fold30,,,,
L,fold30_room1_mix0921,critical,static,1,1,v11core,arterial,13096350680,fold30,bike_bell,R,,
R,fold30_room1_mix0922,caution,walk,1,0,v11core,daily,13096455409,fold30,,,,
,fold30_room1_mix0923,na,walk,0,1,v11core,residential,13096560138,fold30,bike_bell,R,,
L,fold30_room1_mix0924,caution,walk,1,0,v11core,residential,13096664867,fold30,,,,
R,fold30_room1_mix0925,critical,static,1,1,v11core,arterial,13096769596,fold30,crossing,L,,
R,fold30_room1_mix0926,caution,walk,1,1,v11core,residential,13096874325,fold30,siren,L,,
R,fold30_room1_mix0927,caution,walk,3,0,v11core,arterial,13096979054,fold30,,,,
L,fold30_room1_mix0928,caution,walk,2,1,v11core,arterial,13097083783,fold30,horn,L,,
L,fold30_room1_mix0929,caution,static,1,0,v11core,arterial,13097188512,fold30,,,,
R,fold30_room1_mix0930,caution,walk,2,1,v11core,residential,13097293241,fold30,bike_bell,L,,
R,fold30_room1_mix0931,caution,static,1,0,v11core,residential,13097397970,fold30,,,,
L,fold30_room1_mix0932,caution,walk,2,0,v11core,daily,13097502699,fold30,,,,
L,fold30_room1_mix0933,safe,walk,1,1,v11core,residential,13097607428,fold30,siren,R,,
,fold30_room1_mix0934,na,walk,0,0,v11core,residential,13097712157,fold30,,,,
L,fold30_room1_mix0935,critical,walk,2,0,v11core,daily,13097816886,fold30,,,,
R,fold30_room1_mix0936,caution,walk,2,0,v11core,residential,13097921615,fold30,,,,
L,fold30_room1_mix0937,caution,walk,2,2,v11core,daily,13098026344,fold30,bike_bell,R,crossing,R
L,fold30_room1_mix0938,critical,static,1,1,v11core,daily,13098131073,fold30,horn,R,,
R,fold30_room1_mix0939,safe,static,2,0,v11core,daily,13098235802,fold30,,,,
R,fold30_room1_mix0940,critical,static,1,0,v11core,residential,13098340531,fold30,,,,
R,fold30_room1_mix0941,safe,static,1,0,v11core,arterial,13098445260,fold30,,,,
R,fold30_room1_mix0942,critical,static,1,0,v11core,residential,13098549989,fold30,,,,
R,fold30_room1_mix0943,caution,static,1,1,v11core,residential,13098654718,fold30,bike_bell,R,,
,fold30_room1_mix0944,na,static,0,0,v11core,residential,13098759447,fold30,,,,
L,fold30_room1_mix0945,caution,static,3,2,v11core,arterial,13098864176,fold30,horn,R,bike_bell,L
L,fold30_room1_mix0946,critical,walk,1,1,v11core,residential,13098968905,fold30,backup_beep,R,,
L,fold30_room1_mix0947,caution,walk,1,0,v11core,arterial,13099073634,fold30,,,,
R,fold30_room1_mix0948,critical,static,3,0,v11core,arterial,13099178363,fold30,,,,
,fold30_room1_mix0949,na,walk,0,0,v11core,residential,13099283092,fold30,,,,
R,fold30_room1_mix0950,caution,static,1,1,v11core,daily,13099387821,fold30,horn,L,,
,fold30_room1_mix0951,na,static,0,0,v11core,residential,13099492550,fold30,,,,
,fold30_room1_mix0952,na,static,0,2,v11core,residential,13099597279,fold30,horn,R,backup_beep,L
L,fold30_room1_mix0953,safe,walk,2,1,v11core,arterial,13099702008,fold30,crossing,R,,
R,fold30_room1_mix0954,caution,static,1,0,v11core,daily,13099806737,fold30,,,,
R,fold30_room1_mix0955,caution,static,1,0,v11core,daily,13099911466,fold30,,,,
L,fold30_room1_mix0956,safe,static,1,1,v11core,residential,13100016195,fold30,horn,L,,
R,fold30_room1_mix0957,critical,walk,1,1,v11core,arterial,13100120924,fold30,crossing,L,,
R,fold30_room1_mix0958,safe,static,3,0,v11core,arterial,13100225653,fold30,,,,
R,fold30_room1_mix0959,critical,walk,1,2,v11core,daily,13100330382,fold30,siren,R,crossing,R
,fold30_room1_mix0960,na,static,0,2,v11core,residential,13100435111,fold30,backup_beep,L,bike_bell,L
L,fold30_room1_mix0961,safe,walk,1,1,v11core,arterial,13100539840,fold30,horn,R,,
,fold30_room1_mix0962,na,walk,0,0,v11core,residential,13100644569,fold30,,,,
L,fold30_room1_mix0963,critical,walk,3,0,v11core,arterial,13100749298,fold30,,,,
L,fold30_room1_mix0964,critical,walk,2,1,v11core,residential,13100854027,fold30,crossing,R,,
R,fold30_room1_mix0965,caution,walk,1,1,v11core,daily,13100958756,fold30,bike_bell,R,,
R,fold30_room1_mix0966,caution,static,1,1,v11core,residential,13101063485,fold30,horn,L,,
L,fold30_room1_mix0967,critical,static,1,0,v11core,residential,13101168214,fold30,,,,
L,fold30_room1_mix0968,caution,static,3,1,v11core,arterial,13101272943,fold30,crossing,R,,
L,fold30_room1_mix0969,caution,static,2,2,v11core,residential,13101377672,fold30,backup_beep,R,bike_bell,R
R,fold30_room1_mix0970,safe,walk,1,1,v11core,daily,13101482401,fold30,crossing,R,,
R,fold30_room1_mix0971,critical,static,1,1,v11core,daily,13101587130,fold30,horn,L,,
R,fold30_room1_mix0972,safe,walk,1,1,v11core,daily,13101691859,fold30,bike_bell,R,,
R,fold30_room1_mix0973,critical,static,1,1,v11core,residential,13101796588,fold30,horn,L,,
L,fold30_room1_mix0974,critical,walk,1,1,v11core,daily,13101901317,fold30,horn,R,,
,fold30_room1_mix0975,na,static,0,1,v11core,residential,13102006046,fold30,backup_beep,R,,
R,fold30_room1_mix0976,safe,walk,2,0,v11core,daily,13102110775,fold30,,,,
L,fold30_room1_mix0977,safe,static,2,1,v11core,daily,13102215504,fold30,backup_beep,R,,
,fold30_room1_mix0978,na,walk,0,0,v11core,residential,13102320233,fold30,,,,
L,fold30_room1_mix0979,safe,static,3,0,v11core,arterial,13102424962,fold30,,,,
R,fold30_room1_mix0980,safe,static,1,0,v11core,residential,13102529691,fold30,,,,
L,fold30_room1_mix0981,caution,static,3,0,v11core,arterial,13102634420,fold30,,,,
L,fold30_room1_mix0982,caution,walk,2,0,v11core,arterial,13102739149,fold30,,,,
,fold30_room1_mix0983,na,static,0,2,v11core,residential,13102843878,fold30,siren,R,bike_bell,R
L,fold30_room1_mix0984,safe,static,2,0,v11core,daily,13102948607,fold30,,,,
L,fold30_room1_mix0985,safe,static,1,1,v11core,arterial,13103053336,fold30,backup_beep,R,,
L,fold30_room1_mix0986,safe,static,1,1,v11core,daily,13103158065,fold30,horn,R,,
,fold30_room1_mix0987,na,static,0,2,v11core,residential,13103262794,fold30,siren,R,backup_beep,R
R,fold30_room1_mix0988,safe,static,1,2,v11core,daily,13103367523,fold30,horn,L,bike_bell,L
L,fold30_room1_mix0989,safe,walk,1,1,v11core,residential,13103472252,fold30,bike_bell,R,,
L,fold30_room1_mix0990,critical,static,1,1,v11core,residential,13103576981,fold30,horn,R,,
R,fold30_room1_mix0991,critical,walk,1,0,v11core,residential,13103681710,fold30,,,,
R,fold30_room1_mix0992,caution,walk,1,0,v11core,daily,13103786439,fold30,,,,
L,fold30_room1_mix0993,safe,walk,2,1,v11core,daily,13103891168,fold30,crossing,R,,
,fold30_room1_mix0994,na,static,0,1,v11core,residential,13103995897,fold30,bike_bell,L,,
L,fold30_room1_mix0995,caution,static,1,2,v11core,daily,13104100626,fold30,siren,R,backup_beep,R
,fold30_room1_mix0996,na,static,0,1,v11core,residential,13104205355,fold30,horn,R,,
,fold30_room1_mix0997,na,static,0,0,v11core,residential,13104310084,fold30,,,,
L,fold30_room1_mix0998,critical,walk,2,1,v11core,daily,13104414813,fold30,bike_bell,L,,
L,fold30_room1_mix0999,critical,static,2,2,v11core,daily,13104519542,fold30,siren,R,siren,L
L,fold30_room1_mix1000,safe,static,2,2,v11core,residential,13104624271,fold30,backup_beep,L,crossing,L
L,fold30_room1_mix1001,caution,walk,3,1,v11core,daily,13104729000,fold30,backup_beep,L,,
L,fold30_room1_mix1002,caution,static,2,1,v11core,arterial,13104833729,fold30,backup_beep,R,,
L,fold30_room1_mix1003,critical,static,3,1,v11core,daily,13104938458,fold30,backup_beep,L,,
R,fold30_room1_mix1004,safe,static,2,1,v11core,daily,13105043187,fold30,crossing,R,,
,fold30_room1_mix1005,na,walk,0,0,v11core,daily,13105147916,fold30,,,,
L,fold30_room1_mix1006,critical,static,2,1,v11core,daily,13105252645,fold30,crossing,R,,
R,fold30_room1_mix1007,caution,walk,2,1,v11core,daily,13105357374,fold30,horn,R,,
L,fold30_room1_mix1008,caution,static,1,1,v11core,residential,13105462103,fold30,siren,R,,
R,fold30_room1_mix1009,critical,static,2,2,v11core,daily,13105566832,fold30,siren,L,bike_bell,L
R,fold30_room1_mix1010,caution,static,1,1,v11core,residential,13105671561,fold30,siren,L,,
L,fold30_room1_mix1011,caution,walk,1,2,v11core,arterial,13105776290,fold30,siren,L,siren,R
,fold30_room1_mix1012,na,static,0,1,v11core,residential,13105881019,fold30,siren,L,,
L,fold30_room1_mix1013,caution,walk,1,1,v11core,residential,13105985748,fold30,horn,L,,
L,fold30_room1_mix1014,caution,static,2,0,v11core,arterial,13106090477,fold30,,,,
R,fold30_room1_mix1015,safe,walk,1,1,v11core,daily,13106195206,fold30,backup_beep,R,,
R,fold30_room1_mix1016,critical,static,2,1,v11core,daily,13106299935,fold30,bike_bell,L,,
L,fold30_room1_mix1017,safe,walk,1,1,v11core,residential,13106404664,fold30,backup_beep,R,,
L,fold30_room1_mix1018,critical,static,3,0,v11core,daily,13106509393,fold30,,,,
R,fold30_room1_mix1019,critical,walk,1,0,v11core,daily,13106614122,fold30,,,,
R,fold30_room1_mix1020,caution,walk,1,0,v11core,arterial,13106718851,fold30,,,,
,fold30_room1_mix1021,na,static,0,1,v11core,daily,13106823580,fold30,crossing,L,,
L,fold30_room1_mix1022,safe,walk,1,2,v11core,residential,13106928309,fold30,horn,L,crossing,L
,fold30_room1_mix1023,na,walk,0,2,v11core,daily,13107033038,fold30,backup_beep,R,backup_beep,L
R,fold30_room1_mix1024,safe,walk,3,0,v11core,arterial,13107137767,fold30,,,,
R,fold30_room1_mix1025,caution,static,3,0,v11core,daily,13107242496,fold30,,,,
,fold30_room1_mix1026,na,static,0,1,v11core,residential,13107347225,fold30,siren,L,,
R,fold30_room1_mix1027,caution,static,1,1,v11core,daily,13107451954,fold30,backup_beep,L,,
L,fold30_room1_mix1028,safe,static,1,0,v11core,daily,13107556683,fold30,,,,
L,fold30_room1_mix1029,safe,static,1,0,v11core,daily,13107661412,fold30,,,,
R,fold30_room1_mix1030,caution,static,1,0,v11core,daily,13107766141,fold30,,,,
L,fold30_room1_mix1031,critical,static,1,2,v11core,daily,13107870870,fold30,horn,L,backup_beep,L
,fold30_room1_mix1032,na,static,0,2,v11core,residential,13107975599,fold30,bike_bell,R,bike_bell,L
R,fold30_room1_mix1033,safe,walk,3,0,v11core,arterial,13108080328,fold30,,,,
L,fold30_room1_mix1034,caution,static,1,1,v11core,daily,13108185057,fold30,bike_bell,L,,
R,fold30_room1_mix1035,safe,walk,1,0,v11core,daily,13108289786,fold30,,,,
,fold30_room1_mix1036,na,walk,0,1,v11core,residential,13108394515,fold30,crossing,L,,
L,fold30_room1_mix1037,safe,static,1,0,v11core,residential,13108499244,fold30,,,,
L,fold30_room1_mix1038,caution,walk,3,0,v11core,arterial,13108603973,fold30,,,,
R,fold30_room1_mix1039,critical,static,1,0,v11core,arterial,13108708702,fold30,,,,
R,fold30_room1_mix1040,critical,walk,2,1,v11core,daily,13108813431,fold30,horn,R,,
R,fold30_room1_mix1041,safe,walk,1,1,v11core,daily,13108918160,fold30,crossing,L,,
L,fold30_room1_mix1042,caution,walk,1,1,v11core,daily,13109022889,fold30,siren,R,,
,fold30_room1_mix1043,na,walk,0,1,v11core,residential,13109127618,fold30,backup_beep,R,,
,fold30_room1_mix1044,na,walk,0,0,v11core,residential,13109232347,fold30,,,,
L,fold30_room1_mix1045,critical,static,2,0,v11core,daily,13109337076,fold30,,,,
L,fold30_room1_mix1046,critical,walk,1,0,v11core,daily,13109441805,fold30,,,,
L,fold30_room1_mix1047,critical,walk,1,1,v11core,daily,13109546534,fold30,crossing,L,,
L,fold30_room1_mix1048,critical,static,1,1,v11core,daily,13109651263,fold30,backup_beep,R,,
L,fold30_room1_mix1049,caution,walk,2,0,v11core,daily,13109755992,fold30,,,,
,fold30_room1_mix1050,na,walk,0,1,v11core,residential,13109860721,fold30,crossing,R,,
,fold30_room1_mix1051,na,walk,0,1,v11core,residential,13109965450,fold30,backup_beep,R,,
L,fold30_room1_mix1052,critical,static,1,1,v11core,residential,13110070179,fold30,bike_bell,L,,
,fold30_room1_mix1053,na,static,0,0,v11core,residential,13110174908,fold30,,,,
L,fold30_room1_mix1054,critical,walk,2,1,v11core,daily,13110279637,fold30,siren,L,,
L,fold30_room1_mix1055,caution,walk,1,1,v11core,residential,13110384366,fold30,backup_beep,R,,
L,fold30_room1_mix1056,caution,walk,1,1,v11core,daily,13110489095,fold30,bike_bell,R,,
L,fold30_room1_mix1057,caution,static,1,2,v11core,residential,13110593824,fold30,siren,L,crossing,R
L,fold30_room1_mix1058,critical,static,2,0,v11core,residential,13110698553,fold30,,,,
,fold30_room1_mix1059,na,walk,0,0,v11core,residential,13110803282,fold30,,,,
R,fold30_room1_mix1060,caution,walk,2,0,v11core,residential,13110908011,fold30,,,,
R,fold30_room1_mix1061,critical,static,3,0,v11core,arterial,13111012740,fold30,,,,
,fold30_room1_mix1062,na,walk,0,2,v11core,residential,13111117469,fold30,backup_beep,L,bike_bell,L
L,fold30_room1_mix1063,safe,static,1,2,v11core,residential,13111222198,fold30,siren,L,horn,R
R,fold30_room1_mix1064,critical,walk,2,1,v11core,arterial,13111326927,fold30,backup_beep,L,,
R,fold30_room1_mix1065,safe,walk,2,0,v11core,arterial,13111431656,fold30,,,,
R,fold30_room1_mix1066,critical,static,1,1,v11core,residential,13111536385,fold30,backup_beep,L,,
L,fold30_room1_mix1067,safe,walk,1,0,v11core,daily,13111641114,fold30,,,,
,fold30_room1_mix1068,na,walk,0,0,v11core,residential,13111745843,fold30,,,,
R,fold30_room1_mix1069,caution,static,1,2,v11core,daily,13111850572,fold30,siren,R,bike_bell,R
L,fold30_room1_mix1070,caution,static,2,0,v11core,residential,13111955301,fold30,,,,
L,fold30_room1_mix1071,critical,static,2,1,v11core,residential,13112060030,fold30,horn,R,,
L,fold30_room1_mix1072,safe,static,1,0,v11core,residential,13112164759,fold30,,,,
L,fold30_room1_mix1073,safe,walk,1,1,v11core,daily,13112269488,fold30,horn,R,,
R,fold30_room1_mix1074,critical,walk,1,1,v11core,residential,13112374217,fold30,siren,R,,
R,fold30_room1_mix1075,caution,static,1,0,v11core,residential,13112478946,fold30,,,,
,fold30_room1_mix1076,na,walk,0,2,v11core,residential,13112583675,fold30,siren,R,backup_beep,R
R,fold30_room1_mix1077,caution,walk,1,0,v11core,residential,13112688404,fold30,,,,
R,fold30_room1_mix1078,critical,walk,3,0,v11core,arterial,13112793133,fold30,,,,
L,fold30_room1_mix1079,caution,walk,2,1,v11core,residential,13112897862,fold30,horn,L,,
L,fold30_room1_mix1080,safe,walk,1,0,v11core,daily,13113002591,fold30,,,,
L,fold30_room1_mix1081,caution,walk,1,1,v11core,daily,13113107320,fold30,bike_bell,R,,
R,fold30_room1_mix1082,caution,static,1,1,v11core,daily,13113212049,fold30,crossing,L,,
R,fold30_room1_mix1083,critical,walk,2,1,v11core,daily,13113316778,fold30,crossing,L,,
R,fold30_room1_mix1084,caution,walk,1,1,v11core,residential,13113421507,fold30,crossing,R,,
R,fold30_room1_mix1085,caution,static,1,1,v11core,daily,13113526236,fold30,crossing,L,,
L,fold30_room1_mix1086,caution,walk,1,2,v11core,daily,13113630965,fold30,horn,L,backup_beep,L
,fold30_room1_mix1087,na,static,0,1,v11core,residential,13113735694,fold30,siren,L,,
L,fold30_room1_mix1088,critical,static,1,1,v11core,residential,13113840423,fold30,crossing,L,,
R,fold30_room1_mix1089,critical,static,2,0,v11core,daily,13113945152,fold30,,,,
L,fold30_room1_mix1090,critical,static,1,2,v11core,daily,13114049881,fold30,backup_beep,R,bike_bell,R
R,fold30_room1_mix1091,safe,walk,1,1,v11core,daily,13114154610,fold30,backup_beep,R,,
,fold30_room1_mix1092,na,static,0,0,v11core,residential,13114259339,fold30,,,,
L,fold30_room1_mix1093,safe,walk,3,0,v11core,arterial,13114364068,fold30,,,,
R,fold30_room1_mix1094,safe,walk,2,1,v11core,daily,13114468797,fold30,crossing,L,,
R,fold30_room1_mix1095,critical,static,3,1,v11core,daily,13114573526,fold30,crossing,R,,
L,fold30_room1_mix1096,critical,static,1,0,v11core,daily,13114678255,fold30,,,,
L,fold30_room1_mix1097,safe,walk,1,2,v11core,residential,13114782984,fold30,siren,L,crossing,R
L,fold30_room1_mix1098,safe,walk,1,0,v11core,daily,13114887713,fold30,,,,
R,fold30_room1_mix1099,safe,walk,3,0,v11core,arterial,13114992442,fold30,,,,
L,fold30_room1_mix1100,critical,static,2,2,v11core,residential,13115097171,fold30,bike_bell,R,crossing,L
R,fold30_room1_mix1101,critical,walk,1,0,v11core,residential,13115201900,fold30,,,,
L,fold30_room1_mix1102,safe,static,2,1,v11core,arterial,13115306629,fold30,crossing,L,,
,fold30_room1_mix1103,na,walk,0,2,v11core,residential,13115411358,fold30,horn,R,bike_bell,L
R,fold30_room1_mix1104,safe,walk,1,1,v11core,residential,13115516087,fold30,crossing,R,,
,fold30_room1_mix1105,na,static,0,0,v11core,residential,13115620816,fold30,,,,
L,fold30_room1_mix1106,caution,static,3,0,v11core,arterial,13115725545,fold30,,,,
,fold30_room1_mix1107,na,walk,0,2,v11core,residential,13115830274,fold30,bike_bell,R,crossing,L
L,fold30_room1_mix1108,critical,walk,1,2,v11core,residential,13115935003,fold30,bike_bell,R,crossing,L
L,fold30_room1_mix1109,critical,walk,1,0,v11core,residential,13116039732,fold30,,,,
L,fold30_room1_mix1110,safe,static,2,0,v11core,daily,13116144461,fold30,,,,
,fold30_room1_mix1111,na,walk,0,1,v11core,daily,13116249190,fold30,siren,L,,
,fold30_room1_mix1112,na,walk,0,1,v11core,daily,13116353919,fold30,horn,R,,
L,fold30_room1_mix1113,safe,static,3,0,v11core,arterial,13116458648,fold30,,,,
,fold30_room1_mix1114,na,static,0,0,v11core,residential,13116563377,fold30,,,,
R,fold30_room1_mix1115,caution,walk,3,0,v11core,arterial,13116668106,fold30,,,,
L,fold30_room1_mix1116,safe,static,3,2,v11core,arterial,13116772835,fold30,horn,L,crossing,L
,fold30_room1_mix1117,na,static,0,1,v11core,residential,13116877564,fold30,horn,L,,
R,fold30_room1_mix1118,critical,static,3,0,v11core,arterial,13116982293,fold30,,,,
R,fold30_room1_mix1119,critical,static,1,1,v11core,residential,13117087022,fold30,horn,R,,
R,fold30_room1_mix1120,critical,static,1,0,v11core,residential,13117191751,fold30,,,,
R,fold30_room1_mix1121,safe,walk,1,0,v11core,daily,13117296480,fold30,,,,
,fold30_room1_mix1122,na,static,0,1,v11core,residential,13117401209,fold30,bike_bell,R,,
,fold30_room1_mix1123,na,walk,0,2,v11core,residential,13117505938,fold30,backup_beep,L,backup_beep,R
R,fold30_room1_mix1124,safe,walk,1,1,v11core,residential,13117610667,fold30,backup_beep,R,,
L,fold30_room1_mix1125,caution,static,2,2,v11core,daily,13117715396,fold30,backup_beep,L,crossing,L
R,fold30_room1_mix1126,critical,static,3,2,v11core,arterial,13117820125,fold30,bike_bell,R,crossing,L
,fold30_room1_mix1127,na,static,0,2,v11core,residential,13117924854,fold30,bike_bell,R,crossing,R
L,fold30_room1_mix1128,safe,walk,1,1,v11core,daily,13118029583,fold30,backup_beep,L,,
,fold30_room1_mix1129,na,static,0,0,v11core,residential,13118134312,fold30,,,,
L,fold30_room1_mix1130,caution,walk,2,0,v11core,daily,13118239041,fold30,,,,
L,fold30_room1_mix1131,caution,static,2,0,v11core,arterial,13118343770,fold30,,,,
R,fold30_room1_mix1132,caution,static,3,1,v11core,arterial,13118448499,fold30,horn,R,,
R,fold30_room1_mix1133,critical,static,1,2,v11core,residential,13118553228,fold30,siren,R,crossing,R
R,fold30_room1_mix1134,critical,static,1,0,v11core,daily,13118657957,fold30,,,,
R,fold30_room1_mix1135,critical,static,3,1,v11core,arterial,13118762686,fold30,crossing,L,,
L,fold30_room1_mix1136,caution,static,3,2,v11core,daily,13118867415,fold30,horn,R,backup_beep,R
L,fold30_room1_mix1137,caution,static,2,0,v11core,daily,13118972144,fold30,,,,
,fold30_room1_mix1138,na,static,0,1,v11core,residential,13119076873,fold30,bike_bell,R,,
R,fold30_room1_mix1139,critical,static,2,1,v11core,daily,13119181602,fold30,horn,L,,
,fold30_room1_mix1140,na,walk,0,1,v11core,residential,13119286331,fold30,horn,L,,
R,fold30_room1_mix1141,caution,walk,1,0,v11core,daily,13119391060,fold30,,,,
R,fold30_room1_mix1142,safe,walk,1,0,v11core,residential,13119495789,fold30,,,,
R,fold30_room1_mix1143,safe,walk,1,1,v11core,residential,13119600518,fold30,backup_beep,L,,
R,fold30_room1_mix1144,caution,static,3,1,v11core,arterial,13119705247,fold30,backup_beep,R,,
R,fold30_room1_mix1145,safe,static,1,0,v11core,residential,13119809976,fold30,,,,
,fold30_room1_mix1146,na,static,0,1,v11core,residential,13119914705,fold30,bike_bell,L,,
R,fold30_room1_mix1147,caution,walk,1,2,v11core,residential,13120019434,fold30,siren,L,crossing,R
L,fold30_room1_mix1148,safe,static,1,0,v11core,arterial,13120124163,fold30,,,,
L,fold30_room1_mix1149,safe,static,1,1,v11core,residential,13120228892,fold30,crossing,L,,
L,fold30_room1_mix1150,critical,walk,2,1,v11core,daily,13120333621,fold30,horn,R,,
L,fold30_room1_mix1151,safe,static,2,0,v11core,daily,13120438350,fold30,,,,
R,fold30_room1_mix1152,caution,static,3,0,v11core,daily,13120543079,fold30,,,,
L,fold30_room1_mix1153,caution,static,1,0,v11core,residential,13120647808,fold30,,,,
R,fold30_room1_mix1154,critical,walk,1,0,v11core,daily,13120752537,fold30,,,,
R,fold30_room1_mix1155,critical,static,2,1,v11core,residential,13120857266,fold30,bike_bell,L,,
R,fold30_room1_mix1156,critical,walk,2,0,v11core,daily,13120961995,fold30,,,,
L,fold30_room1_mix1157,caution,walk,1,1,v11core,residential,13121066724,fold30,bike_bell,R,,
L,fold30_room1_mix1158,safe,static,1,0,v11core,daily,13121171453,fold30,,,,
,fold30_room1_mix1159,na,static,0,1,v11core,residential,13121276182,fold30,horn,L,,
R,fold30_room1_mix1160,critical,static,1,2,v11core,arterial,13121380911,fold30,backup_beep,R,backup_beep,L
R,fold30_room1_mix1161,caution,walk,2,0,v11core,arterial,13121485640,fold30,,,,
,fold30_room1_mix1162,na,walk,0,2,v11core,residential,13121590369,fold30,siren,R,siren,L
R,fold30_room1_mix1163,caution,static,3,1,v11core,daily,13121695098,fold30,siren,R,,
R,fold30_room1_mix1164,caution,walk,2,1,v11core,arterial,13121799827,fold30,crossing,L,,
R,fold30_room1_mix1165,caution,static,3,0,v11core,arterial,13121904556,fold30,,,,
L,fold30_room1_mix1166,safe,static,2,0,v11core,daily,13122009285,fold30,,,,
R,fold30_room1_mix1167,critical,static,2,0,v11core,arterial,13122114014,fold30,,,,
,fold30_room1_mix1168,na,static,0,0,v11core,residential,13122218743,fold30,,,,
R,fold30_room1_mix1169,caution,walk,1,0,v11core,daily,13122323472,fold30,,,,
L,fold30_room1_mix1170,critical,walk,1,1,v11core,daily,13122428201,fold30,bike_bell,L,,
R,fold30_room1_mix1171,critical,static,1,0,v11core,daily,13122532930,fold30,,,,
L,fold30_room1_mix1172,safe,static,3,1,v11core,arterial,13122637659,fold30,siren,L,,
,fold30_room1_mix1173,na,walk,0,1,v11core,residential,13122742388,fold30,crossing,L,,
R,fold30_room1_mix1174,caution,static,1,0,v11core,daily,13122847117,fold30,,,,
R,fold30_room1_mix1175,caution,static,2,0,v11core,daily,13122951846,fold30,,,,
R,fold30_room1_mix1176,critical,static,2,1,v11core,arterial,13123056575,fold30,backup_beep,L,,
L,fold30_room1_mix1177,caution,static,1,1,v11core,daily,13123161304,fold30,crossing,L,,
,fold30_room1_mix1178,na,static,0,1,v11core,residential,13123266033,fold30,bike_bell,R,,
R,fold30_room1_mix1179,critical,walk,2,2,v11core,daily,13123370762,fold30,siren,R,backup_beep,L
R,fold30_room1_mix1180,caution,walk,3,1,v11core,arterial,13123475491,fold30,siren,L,,
L,fold30_room1_mix1181,caution,walk,3,0,v11core,daily,13123580220,fold30,,,,
R,fold30_room1_mix1182,caution,walk,3,0,v11core,daily,13123684949,fold30,,,,
R,fold30_room1_mix1183,critical,walk,1,1,v11core,daily,13123789678,fold30,horn,L,,
,fold30_room1_mix1184,na,walk,0,1,v11core,residential,13123894407,fold30,crossing,L,,
,fold30_room1_mix1185,na,walk,0,0,v11core,residential,13123999136,fold30,,,,
R,fold30_room1_mix1186,safe,static,1,2,v11core,daily,13124103865,fold30,siren,L,crossing,L
R,fold30_room1_mix1187,caution,static,2,2,v11core,daily,13124208594,fold30,horn,R,crossing,L
,fold30_room1_mix1188,na,static,0,0,v11core,residential,13124313323,fold30,,,,
L,fold30_room1_mix1189,critical,static,1,0,v11core,residential,13124418052,fold30,,,,
R,fold30_room1_mix1190,critical,walk,1,2,v11core,residential,13124522781,fold30,siren,R,bike_bell,R
L,fold30_room1_mix1191,safe,walk,1,1,v11core,residential,13124627510,fold30,crossing,R,,
R,fold30_room1_mix1192,safe,static,1,1,v11core,arterial,13124732239,fold30,siren,L,,
R,fold30_room1_mix1193,caution,walk,2,2,v11core,daily,13124836968,fold30,siren,R,bike_bell,L
R,fold30_room1_mix1194,caution,walk,1,1,v11core,daily,13124941697,fold30,crossing,R,,
R,fold30_room1_mix1195,critical,walk,2,0,v11core,arterial,13125046426,fold30,,,,
R,fold30_room1_mix1196,critical,walk,1,0,v11core,residential,13125151155,fold30,,,,
,fold30_room1_mix1197,na,walk,0,0,v11core,residential,13125255884,fold30,,,,
L,fold30_room1_mix1198,safe,static,1,2,v11core,daily,13125360613,fold30,siren,R,horn,R
L,fold30_room1_mix1199,caution,walk,1,0,v11core,daily,13125465342,fold30,,,,
R,fold30_room1_mix1200,critical,walk,2,0,v11core,daily,13125570071,fold30,,,,
,fold30_room1_mix1201,,static,0,0,v12kick,v12ext,13125674800,fold30,,,,
,fold30_room1_mix1202,,walk,0,0,v12kick,v12ext,13125779529,fold30,,,,
,fold30_room1_mix1203,,static,0,0,v12kick,v12ext,13125884258,fold30,,,,
,fold30_room1_mix1204,,walk,0,0,v12kick,v12ext,13125988987,fold30,,,,
,fold30_room1_mix1205,,static,0,0,v12kick,v12ext,13126093716,fold30,,,,
,fold30_room1_mix1206,,walk,0,0,v12kick,v12ext,13126198445,fold30,,,,
,fold30_room1_mix1207,,static,0,0,v12kick,v12ext,13126303174,fold30,,,,
,fold30_room1_mix1208,,walk,0,0,v12kick,v12ext,13126407903,fold30,,,,
,fold30_room1_mix1209,,static,0,0,v12kick,v12ext,13126512632,fold30,,,,
,fold30_room1_mix1210,,walk,0,0,v12kick,v12ext,13126617361,fold30,,,,
,fold30_room1_mix1211,,static,0,0,v12kick,v12ext,13126722090,fold30,,,,
,fold30_room1_mix1212,,walk,0,0,v12kick,v12ext,13126826819,fold30,,,,
,fold30_room1_mix1213,,static,0,0,v12kick,v12ext,13126931548,fold30,,,,
,fold30_room1_mix1214,,walk,0,0,v12kick,v12ext,13127036277,fold30,,,,
,fold30_room1_mix1215,,static,0,0,v12kick,v12ext,13127141006,fold30,,,,
,fold30_room1_mix1216,,walk,0,0,v12kick,v12ext,13127245735,fold30,,,,
,fold30_room1_mix1217,,static,0,0,v12kick,v12ext,13127350464,fold30,,,,
,fold30_room1_mix1218,,walk,0,0,v12kick,v12ext,13127455193,fold30,,,,
,fold30_room1_mix1219,,static,0,0,v12kick,v12ext,13127559922,fold30,,,,
,fold30_room1_mix1220,,walk,0,0,v12kick,v12ext,13127664651,fold30,,,,
,fold30_room1_mix1221,,static,0,0,v12kick,v12ext,13127769380,fold30,,,,
,fold30_room1_mix1222,,walk,0,0,v12kick,v12ext,13127874109,fold30,,,,
,fold30_room1_mix1223,,static,0,0,v12kick,v12ext,13127978838,fold30,,,,
,fold30_room1_mix1224,,walk,0,0,v12kick,v12ext,13128083567,fold30,,,,
,fold30_room1_mix1225,,static,0,0,v12kick,v12ext,13128188296,fold30,,,,
,fold30_room1_mix1226,,walk,0,0,v12kick,v12ext,13128293025,fold30,,,,
,fold30_room1_mix1227,,static,0,0,v12kick,v12ext,13128397754,fold30,,,,
,fold30_room1_mix1228,,walk,0,0,v12kick,v12ext,13128502483,fold30,,,,
,fold30_room1_mix1229,,static,0,0,v12kick,v12ext,13128607212,fold30,,,,
,fold30_room1_mix1230,,walk,0,0,v12kick,v12ext,13128711941,fold30,,,,
,fold30_room1_mix1231,,static,0,0,v12kick,v12ext,13128816670,fold30,,,,
,fold30_room1_mix1232,,walk,0,0,v12kick,v12ext,13128921399,fold30,,,,
,fold30_room1_mix1233,,static,0,0,v12kick,v12ext,13129026128,fold30,,,,
,fold30_room1_mix1234,,walk,0,0,v12kick,v12ext,13129130857,fold30,,,,
,fold30_room1_mix1235,,static,0,0,v12kick,v12ext,13129235586,fold30,,,,
,fold30_room1_mix1236,,walk,0,0,v12kick,v12ext,13129340315,fold30,,,,
,fold30_room1_mix1237,,static,0,0,v12kick,v12ext,13129445044,fold30,,,,
,fold30_room1_mix1238,,walk,0,0,v12kick,v12ext,13129549773,fold30,,,,
,fold30_room1_mix1239,,static,0,0,v12kick,v12ext,13129654502,fold30,,,,
,fold30_room1_mix1240,,walk,0,0,v12kick,v12ext,13129759231,fold30,,,,
,fold30_room1_mix1241,,static,0,0,v12kick,v12ext,13129863960,fold30,,,,
,fold30_room1_mix1242,,walk,0,0,v12kick,v12ext,13129968689,fold30,,,,
,fold30_room1_mix1243,,static,0,0,v12kick,v12ext,13130073418,fold30,,,,
,fold30_room1_mix1244,,walk,0,0,v12kick,v12ext,13130178147,fold30,,,,
,fold30_room1_mix1245,,static,0,0,v12kick,v12ext,13130282876,fold30,,,,
,fold30_room1_mix1246,,walk,0,0,v12kick,v12ext,13130387605,fold30,,,,
,fold30_room1_mix1247,,static,0,0,v12kick,v12ext,13130492334,fold30,,,,
,fold30_room1_mix1248,,walk,0,0,v12kick,v12ext,13130597063,fold30,,,,
,fold30_room1_mix1249,,static,0,0,v12kick,v12ext,13130701792,fold30,,,,
,fold30_room1_mix1250,,walk,0,0,v12kick,v12ext,13130806521,fold30,,,,
,fold30_room1_mix1251,,static,0,0,v12kick,v12ext,13130911250,fold30,,,,
,fold30_room1_mix1252,,walk,0,0,v12kick,v12ext,13131015979,fold30,,,,
,fold30_room1_mix1253,,static,0,0,v12kick,v12ext,13131120708,fold30,,,,
,fold30_room1_mix1254,,walk,0,0,v12kick,v12ext,13131225437,fold30,,,,
,fold30_room1_mix1255,,static,0,0,v12kick,v12ext,13131330166,fold30,,,,
,fold30_room1_mix1256,,walk,0,0,v12kick,v12ext,13131434895,fold30,,,,
,fold30_room1_mix1257,,static,0,0,v12kick,v12ext,13131539624,fold30,,,,
,fold30_room1_mix1258,,walk,0,0,v12kick,v12ext,13131644353,fold30,,,,
,fold30_room1_mix1259,,static,0,0,v12kick,v12ext,13131749082,fold30,,,,
,fold30_room1_mix1260,,walk,0,0,v12kick,v12ext,13131853811,fold30,,,,
,fold30_room1_mix1261,,static,0,0,v12kick,v12ext,13131958540,fold30,,,,
,fold30_room1_mix1262,,walk,0,0,v12kick,v12ext,13132063269,fold30,,,,
,fold30_room1_mix1263,,static,0,0,v12kick,v12ext,13132167998,fold30,,,,
,fold30_room1_mix1264,,walk,0,0,v12kick,v12ext,13132272727,fold30,,,,
,fold30_room1_mix1265,,static,0,0,v12kick,v12ext,13132377456,fold30,,,,
,fold30_room1_mix1266,,walk,0,0,v12kick,v12ext,13132482185,fold30,,,,
,fold30_room1_mix1267,,static,0,0,v12kick,v12ext,13132586914,fold30,,,,
,fold30_room1_mix1268,,walk,0,0,v12kick,v12ext,13132691643,fold30,,,,
,fold30_room1_mix1269,,static,0,0,v12kick,v12ext,13132796372,fold30,,,,
,fold30_room1_mix1270,,walk,0,0,v12kick,v12ext,13132901101,fold30,,,,
,fold30_room1_mix1271,,static,0,0,v12kick,v12ext,13133005830,fold30,,,,
,fold30_room1_mix1272,,walk,0,0,v12kick,v12ext,13133110559,fold30,,,,
,fold30_room1_mix1273,,static,0,0,v12kick,v12ext,13133215288,fold30,,,,
,fold30_room1_mix1274,,walk,0,0,v12kick,v12ext,13133320017,fold30,,,,
,fold30_room1_mix1275,,static,0,0,v12kick,v12ext,13133424746,fold30,,,,
,fold30_room1_mix1276,,walk,0,0,v12kick,v12ext,13133529475,fold30,,,,
,fold30_room1_mix1277,,static,0,0,v12kick,v12ext,13133634204,fold30,,,,
,fold30_room1_mix1278,,walk,0,0,v12kick,v12ext,13133738933,fold30,,,,
,fold30_room1_mix1279,,static,0,0,v12kick,v12ext,13133843662,fold30,,,,
,fold30_room1_mix1280,,walk,0,0,v12kick,v12ext,13133948391,fold30,,,,
,fold30_room1_mix1281,,static,0,0,v12kick,v12ext,13134053120,fold30,,,,
,fold30_room1_mix1282,,walk,0,0,v12kick,v12ext,13134157849,fold30,,,,
,fold30_room1_mix1283,,static,0,0,v12kick,v12ext,13134262578,fold30,,,,
,fold30_room1_mix1284,,walk,0,0,v12kick,v12ext,13134367307,fold30,,,,
,fold30_room1_mix1285,,static,0,0,v12kick,v12ext,13134472036,fold30,,,,
,fold30_room1_mix1286,,walk,0,0,v12kick,v12ext,13134576765,fold30,,,,
,fold30_room1_mix1287,,static,0,0,v12kick,v12ext,13134681494,fold30,,,,
,fold30_room1_mix1288,,walk,0,0,v12kick,v12ext,13134786223,fold30,,,,
,fold30_room1_mix1289,,static,0,0,v12kick,v12ext,13134890952,fold30,,,,
,fold30_room1_mix1290,,walk,0,0,v12kick,v12ext,13134995681,fold30,,,,
,fold30_room1_mix1291,,static,0,0,v12kick,v12ext,13135100410,fold30,,,,
,fold30_room1_mix1292,,walk,0,0,v12kick,v12ext,13135205139,fold30,,,,
,fold30_room1_mix1293,,static,0,0,v12kick,v12ext,13135309868,fold30,,,,
,fold30_room1_mix1294,,walk,0,0,v12kick,v12ext,13135414597,fold30,,,,
,fold30_room1_mix1295,,static,0,0,v12kick,v12ext,13135519326,fold30,,,,
,fold30_room1_mix1296,,walk,0,0,v12kick,v12ext,13135624055,fold30,,,,
,fold30_room1_mix1297,,static,0,0,v12kick,v12ext,13135728784,fold30,,,,
,fold30_room1_mix1298,,walk,0,0,v12kick,v12ext,13135833513,fold30,,,,
,fold30_room1_mix1299,,static,0,0,v12kick,v12ext,13135938242,fold30,,,,
,fold30_room1_mix1300,,walk,0,0,v12kick,v12ext,13136042971,fold30,,,,
,fold30_room1_mix1301,,static,0,0,v12kick,v12ext,13136147700,fold30,,,,
,fold30_room1_mix1302,,walk,0,0,v12kick,v12ext,13136252429,fold30,,,,
,fold30_room1_mix1303,,static,0,0,v12kick,v12ext,13136357158,fold30,,,,
,fold30_room1_mix1304,,walk,0,0,v12kick,v12ext,13136461887,fold30,,,,
,fold30_room1_mix1305,,static,0,0,v12kick,v12ext,13136566616,fold30,,,,
,fold30_room1_mix1306,,walk,0,0,v12kick,v12ext,13136671345,fold30,,,,
,fold30_room1_mix1307,,static,0,0,v12kick,v12ext,13136776074,fold30,,,,
,fold30_room1_mix1308,,walk,0,0,v12kick,v12ext,13136880803,fold30,,,,
,fold30_room1_mix1309,,static,0,0,v12kick,v12ext,13136985532,fold30,,,,
,fold30_room1_mix1310,,walk,0,0,v12kick,v12ext,13137090261,fold30,,,,
,fold30_room1_mix1311,,static,0,0,v12kick,v12ext,13137194990,fold30,,,,
,fold30_room1_mix1312,,walk,0,0,v12kick,v12ext,13137299719,fold30,,,,
,fold30_room1_mix1313,,static,0,0,v12kick,v12ext,13137404448,fold30,,,,
,fold30_room1_mix1314,,walk,0,0,v12kick,v12ext,13137509177,fold30,,,,
,fold30_room1_mix1315,,static,0,0,v12kick,v12ext,13137613906,fold30,,,,
,fold30_room1_mix1316,,walk,0,0,v12kick,v12ext,13137718635,fold30,,,,
,fold30_room1_mix1317,,static,0,0,v12kick,v12ext,13137823364,fold30,,,,
,fold30_room1_mix1318,,walk,0,0,v12kick,v12ext,13137928093,fold30,,,,
,fold30_room1_mix1319,,static,0,0,v12kick,v12ext,13138032822,fold30,,,,
,fold30_room1_mix1320,,walk,0,0,v12kick,v12ext,13138137551,fold30,,,,
,fold30_room1_mix1321,,static,0,0,v12kick,v12ext,13138242280,fold30,,,,
,fold30_room1_mix1322,,walk,0,0,v12kick,v12ext,13138347009,fold30,,,,
,fold30_room1_mix1323,,static,0,0,v12kick,v12ext,13138451738,fold30,,,,
,fold30_room1_mix1324,,walk,0,0,v12kick,v12ext,13138556467,fold30,,,,
,fold30_room1_mix1325,,static,0,0,v12kick,v12ext,13138661196,fold30,,,,
,fold30_room1_mix1326,,walk,0,0,v12kick,v12ext,13138765925,fold30,,,,
,fold30_room1_mix1327,,static,0,0,v12kick,v12ext,13138870654,fold30,,,,
,fold30_room1_mix1328,,walk,0,0,v12kick,v12ext,13138975383,fold30,,,,
,fold30_room1_mix1329,,static,0,0,v12kick,v12ext,13139080112,fold30,,,,
,fold30_room1_mix1330,,walk,0,0,v12kick,v12ext,13139184841,fold30,,,,
,fold30_room1_mix1331,,static,0,0,v12kick,v12ext,13139289570,fold30,,,,
,fold30_room1_mix1332,,walk,0,0,v12kick,v12ext,13139394299,fold30,,,,
,fold30_room1_mix1333,,static,0,0,v12kick,v12ext,13139499028,fold30,,,,
,fold30_room1_mix1334,,walk,0,0,v12kick,v12ext,13139603757,fold30,,,,
,fold30_room1_mix1335,,static,0,0,v12kick,v12ext,13139708486,fold30,,,,
,fold30_room1_mix1336,,walk,0,0,v12kick,v12ext,13139813215,fold30,,,,
,fold30_room1_mix1337,,static,0,0,v12kick,v12ext,13139917944,fold30,,,,
,fold30_room1_mix1338,,walk,0,0,v12kick,v12ext,13140022673,fold30,,,,
,fold30_room1_mix1339,,static,0,0,v12kick,v12ext,13140127402,fold30,,,,
,fold30_room1_mix1340,,walk,0,0,v12kick,v12ext,13140232131,fold30,,,,
,fold30_room1_mix1341,,static,0,0,v12kick,v12ext,13140336860,fold30,,,,
,fold30_room1_mix1342,,walk,0,0,v12kick,v12ext,13140441589,fold30,,,,
,fold30_room1_mix1343,,static,0,0,v12kick,v12ext,13140546318,fold30,,,,
,fold30_room1_mix1344,,walk,0,0,v12kick,v12ext,13140651047,fold30,,,,
,fold30_room1_mix1345,,static,0,0,v12kick,v12ext,13140755776,fold30,,,,
,fold30_room1_mix1346,,walk,0,0,v12kick,v12ext,13140860505,fold30,,,,
,fold30_room1_mix1347,,static,0,0,v12kick,v12ext,13140965234,fold30,,,,
,fold30_room1_mix1348,,walk,0,0,v12kick,v12ext,13141069963,fold30,,,,
,fold30_room1_mix1349,,static,0,0,v12kick,v12ext,13141174692,fold30,,,,
,fold30_room1_mix1350,,walk,0,0,v12kick,v12ext,13141279421,fold30,,,,
,fold30_room1_mix1351,,static,0,0,v12kick,v12ext,13141384150,fold30,,,,
,fold30_room1_mix1352,,walk,0,0,v12kick,v12ext,13141488879,fold30,,,,
,fold30_room1_mix1353,,static,0,0,v12kick,v12ext,13141593608,fold30,,,,
,fold30_room1_mix1354,,walk,0,0,v12kick,v12ext,13141698337,fold30,,,,
,fold30_room1_mix1355,,static,0,0,v12kick,v12ext,13141803066,fold30,,,,
,fold30_room1_mix1356,,walk,0,0,v12kick,v12ext,13141907795,fold30,,,,
,fold30_room1_mix1357,,static,0,0,v12kick,v12ext,13142012524,fold30,,,,
,fold30_room1_mix1358,,walk,0,0,v12kick,v12ext,13142117253,fold30,,,,
,fold30_room1_mix1359,,static,0,0,v12kick,v12ext,13142221982,fold30,,,,
,fold30_room1_mix1360,,walk,0,0,v12kick,v12ext,13142326711,fold30,,,,
,fold30_room1_mix1361,,static,0,0,v12kick,v12ext,13142431440,fold30,,,,
,fold30_room1_mix1362,,walk,0,0,v12kick,v12ext,13142536169,fold30,,,,
,fold30_room1_mix1363,,static,0,0,v12kick,v12ext,13142640898,fold30,,,,
,fold30_room1_mix1364,,walk,0,0,v12kick,v12ext,13142745627,fold30,,,,
,fold30_room1_mix1365,,static,0,0,v12kick,v12ext,13142850356,fold30,,,,
,fold30_room1_mix1366,,walk,0,0,v12kick,v12ext,13142955085,fold30,,,,
,fold30_room1_mix1367,,static,0,0,v12kick,v12ext,13143059814,fold30,,,,
,fold30_room1_mix1368,,walk,0,0,v12kick,v12ext,13143164543,fold30,,,,
,fold30_room1_mix1369,,static,0,0,v12kick,v12ext,13143269272,fold30,,,,
,fold30_room1_mix1370,,walk,0,0,v12kick,v12ext,13143374001,fold30,,,,
,fold30_room1_mix1371,,static,0,0,v12kick,v12ext,13143478730,fold30,,,,
,fold30_room1_mix1372,,walk,0,0,v12kick,v12ext,13143583459,fold30,,,,
,fold30_room1_mix1373,,static,0,0,v12kick,v12ext,13143688188,fold30,,,,
,fold30_room1_mix1374,,walk,0,0,v12kick,v12ext,13143792917,fold30,,,,
,fold30_room1_mix1375,,static,0,0,v12kick,v12ext,13143897646,fold30,,,,
,fold30_room1_mix1376,,walk,0,0,v12kick,v12ext,13144002375,fold30,,,,
,fold30_room1_mix1377,,static,0,0,v12kick,v12ext,13144107104,fold30,,,,
,fold30_room1_mix1378,,walk,0,0,v12kick,v12ext,13144211833,fold30,,,,
,fold30_room1_mix1379,,static,0,0,v12kick,v12ext,13144316562,fold30,,,,
,fold30_room1_mix1380,,walk,0,0,v12kick,v12ext,13144421291,fold30,,,,
,fold30_room1_mix1381,,static,0,0,v12kick,v12ext,13144526020,fold30,,,,
,fold30_room1_mix1382,,walk,0,0,v12kick,v12ext,13144630749,fold30,,,,
,fold30_room1_mix1383,,static,0,0,v12kick,v12ext,13144735478,fold30,,,,
,fold30_room1_mix1384,,walk,0,0,v12kick,v12ext,13144840207,fold30,,,,
,fold30_room1_mix1385,,static,0,0,v12kick,v12ext,13144944936,fold30,,,,
,fold30_room1_mix1386,,walk,0,0,v12kick,v12ext,13145049665,fold30,,,,
,fold30_room1_mix1387,,static,0,0,v12kick,v12ext,13145154394,fold30,,,,
,fold30_room1_mix1388,,walk,0,0,v12kick,v12ext,13145259123,fold30,,,,
,fold30_room1_mix1389,,static,0,0,v12kick,v12ext,13145363852,fold30,,,,
,fold30_room1_mix1390,,walk,0,0,v12kick,v12ext,13145468581,fold30,,,,
,fold30_room1_mix1391,,static,0,0,v12kick,v12ext,13145573310,fold30,,,,
,fold30_room1_mix1392,,walk,0,0,v12kick,v12ext,13145678039,fold30,,,,
,fold30_room1_mix1393,,static,0,0,v12kick,v12ext,13145782768,fold30,,,,
,fold30_room1_mix1394,,walk,0,0,v12kick,v12ext,13145887497,fold30,,,,
,fold30_room1_mix1395,,static,0,0,v12kick,v12ext,13145992226,fold30,,,,
,fold30_room1_mix1396,,walk,0,0,v12kick,v12ext,13146096955,fold30,,,,
,fold30_room1_mix1397,,static,0,0,v12kick,v12ext,13146201684,fold30,,,,
,fold30_room1_mix1398,,walk,0,0,v12kick,v12ext,13146306413,fold30,,,,
,fold30_room1_mix1399,,static,0,0,v12kick,v12ext,13146411142,fold30,,,,
,fold30_room1_mix1400,,walk,0,0,v12kick,v12ext,13146515871,fold30,,,,
,fold30_room1_mix1401,,static,0,0,v12kick,v12ext,13146620600,fold30,,,,
,fold30_room1_mix1402,,walk,0,0,v12kick,v12ext,13146725329,fold30,,,,
,fold30_room1_mix1403,,static,0,0,v12kick,v12ext,13146830058,fold30,,,,
,fold30_room1_mix1404,,walk,0,0,v12kick,v12ext,13146934787,fold30,,,,
,fold30_room1_mix1405,,static,0,0,v12kick,v12ext,13147039516,fold30,,,,
,fold30_room1_mix1406,,walk,0,0,v12kick,v12ext,13147144245,fold30,,,,
,fold30_room1_mix1407,,static,0,0,v12kick,v12ext,13147248974,fold30,,,,
,fold30_room1_mix1408,,walk,0,0,v12kick,v12ext,13147353703,fold30,,,,
,fold30_room1_mix1409,,static,0,0,v12kick,v12ext,13147458432,fold30,,,,
,fold30_room1_mix1410,,walk,0,0,v12kick,v12ext,13147563161,fold30,,,,
,fold30_room1_mix1411,,static,0,0,v12kick,v12ext,13147667890,fold30,,,,
,fold30_room1_mix1412,,walk,0,0,v12kick,v12ext,13147772619,fold30,,,,
,fold30_room1_mix1413,,static,0,0,v12kick,v12ext,13147877348,fold30,,,,
,fold30_room1_mix1414,,walk,0,0,v12kick,v12ext,13147982077,fold30,,,,
,fold30_room1_mix1415,,static,0,0,v12kick,v12ext,13148086806,fold30,,,,
,fold30_room1_mix1416,,walk,0,0,v12kick,v12ext,13148191535,fold30,,,,
,fold30_room1_mix1417,,static,0,0,v12kick,v12ext,13148296264,fold30,,,,
,fold30_room1_mix1418,,walk,0,0,v12kick,v12ext,13148400993,fold30,,,,
,fold30_room1_mix1419,,static,0,0,v12kick,v12ext,13148505722,fold30,,,,
,fold30_room1_mix1420,,walk,0,0,v12kick,v12ext,13148610451,fold30,,,,
,fold30_room1_mix1421,,static,0,0,v12kick,v12ext,13148715180,fold30,,,,
,fold30_room1_mix1422,,walk,0,0,v12kick,v12ext,13148819909,fold30,,,,
,fold30_room1_mix1423,,static,0,0,v12kick,v12ext,13148924638,fold30,,,,
,fold30_room1_mix1424,,walk,0,0,v12kick,v12ext,13149029367,fold30,,,,
,fold30_room1_mix1425,,static,0,0,v12kick,v12ext,13149134096,fold30,,,,
,fold30_room1_mix1426,,walk,0,0,v12bike,v12ext,13149238825,fold30,,,,
,fold30_room1_mix1427,,static,0,0,v12bike,v12ext,13149343554,fold30,,,,
,fold30_room1_mix1428,,walk,0,0,v12bike,v12ext,13149448283,fold30,,,,
,fold30_room1_mix1429,,static,0,0,v12bike,v12ext,13149553012,fold30,,,,
,fold30_room1_mix1430,,walk,0,0,v12bike,v12ext,13149657741,fold30,,,,
,fold30_room1_mix1431,,static,0,0,v12bike,v12ext,13149762470,fold30,,,,
,fold30_room1_mix1432,,walk,0,0,v12bike,v12ext,13149867199,fold30,,,,
,fold30_room1_mix1433,,static,0,0,v12bike,v12ext,13149971928,fold30,,,,
,fold30_room1_mix1434,,walk,0,0,v12bike,v12ext,13150076657,fold30,,,,
,fold30_room1_mix1435,,static,0,0,v12bike,v12ext,13150181386,fold30,,,,
,fold30_room1_mix1436,,walk,0,0,v12bike,v12ext,13150286115,fold30,,,,
,fold30_room1_mix1437,,static,0,0,v12bike,v12ext,13150390844,fold30,,,,
,fold30_room1_mix1438,,walk,0,0,v12bike,v12ext,13150495573,fold30,,,,
,fold30_room1_mix1439,,static,0,0,v12bike,v12ext,13150600302,fold30,,,,
,fold30_room1_mix1440,,walk,0,0,v12bike,v12ext,13150705031,fold30,,,,
,fold30_room1_mix1441,,static,0,0,v12bike,v12ext,13150809760,fold30,,,,
,fold30_room1_mix1442,,walk,0,0,v12bike,v12ext,13150914489,fold30,,,,
,fold30_room1_mix1443,,static,0,0,v12bike,v12ext,13151019218,fold30,,,,
,fold30_room1_mix1444,,walk,0,0,v12bike,v12ext,13151123947,fold30,,,,
,fold30_room1_mix1445,,static,0,0,v12bike,v12ext,13151228676,fold30,,,,
,fold30_room1_mix1446,,walk,0,0,v12bike,v12ext,13151333405,fold30,,,,
,fold30_room1_mix1447,,static,0,0,v12bike,v12ext,13151438134,fold30,,,,
,fold30_room1_mix1448,,walk,0,0,v12bike,v12ext,13151542863,fold30,,,,
,fold30_room1_mix1449,,static,0,0,v12bike,v12ext,13151647592,fold30,,,,
,fold30_room1_mix1450,,walk,0,0,v12bike,v12ext,13151752321,fold30,,,,
,fold30_room1_mix1451,,static,0,0,v12bike,v12ext,13151857050,fold30,,,,
,fold30_room1_mix1452,,walk,0,0,v12bike,v12ext,13151961779,fold30,,,,
,fold30_room1_mix1453,,static,0,0,v12bike,v12ext,13152066508,fold30,,,,
,fold30_room1_mix1454,,walk,0,0,v12bike,v12ext,13152171237,fold30,,,,
,fold30_room1_mix1455,,static,0,0,v12bike,v12ext,13152275966,fold30,,,,
,fold30_room1_mix1456,,walk,0,0,v12bike,v12ext,13152380695,fold30,,,,
,fold30_room1_mix1457,,static,0,0,v12bike,v12ext,13152485424,fold30,,,,
,fold30_room1_mix1458,,walk,0,0,v12bike,v12ext,13152590153,fold30,,,,
,fold30_room1_mix1459,,static,0,0,v12bike,v12ext,13152694882,fold30,,,,
,fold30_room1_mix1460,,walk,0,0,v12bike,v12ext,13152799611,fold30,,,,
,fold30_room1_mix1461,,static,0,0,v12bike,v12ext,13152904340,fold30,,,,
,fold30_room1_mix1462,,walk,0,0,v12bike,v12ext,13153009069,fold30,,,,
,fold30_room1_mix1463,,static,0,0,v12bike,v12ext,13153113798,fold30,,,,
,fold30_room1_mix1464,,walk,0,0,v12bike,v12ext,13153218527,fold30,,,,
,fold30_room1_mix1465,,static,0,0,v12bike,v12ext,13153323256,fold30,,,,
,fold30_room1_mix1466,,walk,0,0,v12bike,v12ext,13153427985,fold30,,,,
,fold30_room1_mix1467,,static,0,0,v12bike,v12ext,13153532714,fold30,,,,
,fold30_room1_mix1468,,walk,0,0,v12bike,v12ext,13153637443,fold30,,,,
,fold30_room1_mix1469,,static,0,0,v12bike,v12ext,13153742172,fold30,,,,
,fold30_room1_mix1470,,walk,0,0,v12bike,v12ext,13153846901,fold30,,,,
,fold30_room1_mix1471,,static,0,0,v12bike,v12ext,13153951630,fold30,,,,
,fold30_room1_mix1472,,walk,0,0,v12bike,v12ext,13154056359,fold30,,,,
,fold30_room1_mix1473,,static,0,0,v12bike,v12ext,13154161088,fold30,,,,
,fold30_room1_mix1474,,walk,0,0,v12bike,v12ext,13154265817,fold30,,,,
,fold30_room1_mix1475,,static,0,0,v12bike,v12ext,13154370546,fold30,,,,
,fold30_room1_mix1476,,walk,0,0,v12bike,v12ext,13154475275,fold30,,,,
,fold30_room1_mix1477,,static,0,0,v12bike,v12ext,13154580004,fold30,,,,
,fold30_room1_mix1478,,walk,0,0,v12bike,v12ext,13154684733,fold30,,,,
,fold30_room1_mix1479,,static,0,0,v12bike,v12ext,13154789462,fold30,,,,
,fold30_room1_mix1480,,walk,0,0,v12bike,v12ext,13154894191,fold30,,,,
,fold30_room1_mix1481,,static,0,0,v12bike,v12ext,13154998920,fold30,,,,
,fold30_room1_mix1482,,walk,0,0,v12bike,v12ext,13155103649,fold30,,,,
,fold30_room1_mix1483,,static,0,0,v12bike,v12ext,13155208378,fold30,,,,
,fold30_room1_mix1484,,walk,0,0,v12bike,v12ext,13155313107,fold30,,,,
,fold30_room1_mix1485,,static,0,0,v12bike,v12ext,13155417836,fold30,,,,
,fold30_room1_mix1486,,walk,0,0,v12bike,v12ext,13155522565,fold30,,,,
,fold30_room1_mix1487,,static,0,0,v12bike,v12ext,13155627294,fold30,,,,
,fold30_room1_mix1488,,walk,0,0,v12bike,v12ext,13155732023,fold30,,,,
,fold30_room1_mix1489,,static,0,0,v12bike,v12ext,13155836752,fold30,,,,
,fold30_room1_mix1490,,walk,0,0,v12bike,v12ext,13155941481,fold30,,,,
,fold30_room1_mix1491,,static,0,0,v12bike,v12ext,13156046210,fold30,,,,
,fold30_room1_mix1492,,walk,0,0,v12bike,v12ext,13156150939,fold30,,,,
,fold30_room1_mix1493,,static,0,0,v12bike,v12ext,13156255668,fold30,,,,
,fold30_room1_mix1494,,walk,0,0,v12bike,v12ext,13156360397,fold30,,,,
,fold30_room1_mix1495,,static,0,0,v12bike,v12ext,13156465126,fold30,,,,
,fold30_room1_mix1496,,walk,0,0,v12bike,v12ext,13156569855,fold30,,,,
,fold30_room1_mix1497,,static,0,0,v12bike,v12ext,13156674584,fold30,,,,
,fold30_room1_mix1498,,walk,0,0,v12bike,v12ext,13156779313,fold30,,,,
,fold30_room1_mix1499,,static,0,0,v12bike,v12ext,13156884042,fold30,,,,
,fold30_room1_mix1500,,walk,0,0,v12bike,v12ext,13156988771,fold30,,,,
,fold30_room1_mix1501,,static,0,0,v12bike,v12ext,13157093500,fold30,,,,
,fold30_room1_mix1502,,walk,0,0,v12bike,v12ext,13157198229,fold30,,,,
,fold30_room1_mix1503,,static,0,0,v12bike,v12ext,13157302958,fold30,,,,
,fold30_room1_mix1504,,walk,0,0,v12bike,v12ext,13157407687,fold30,,,,
,fold30_room1_mix1505,,static,0,0,v12bike,v12ext,13157512416,fold30,,,,
,fold30_room1_mix1506,,walk,0,0,v12bike,v12ext,13157617145,fold30,,,,
,fold30_room1_mix1507,,static,0,0,v12bike,v12ext,13157721874,fold30,,,,
,fold30_room1_mix1508,,walk,0,0,v12bike,v12ext,13157826603,fold30,,,,
,fold30_room1_mix1509,,static,0,0,v12bike,v12ext,13157931332,fold30,,,,
,fold30_room1_mix1510,,walk,0,0,v12bike,v12ext,13158036061,fold30,,,,
,fold30_room1_mix1511,,static,0,0,v12bike,v12ext,13158140790,fold30,,,,
,fold30_room1_mix1512,,walk,0,0,v12bike,v12ext,13158245519,fold30,,,,
,fold30_room1_mix1513,,static,0,0,v12bike,v12ext,13158350248,fold30,,,,
,fold30_room1_mix1514,,walk,0,0,v12bike,v12ext,13158454977,fold30,,,,
,fold30_room1_mix1515,,static,0,0,v12bike,v12ext,13158559706,fold30,,,,
,fold30_room1_mix1516,,walk,0,0,v12bike,v12ext,13158664435,fold30,,,,
,fold30_room1_mix1517,,static,0,0,v12bike,v12ext,13158769164,fold30,,,,
,fold30_room1_mix1518,,walk,0,0,v12bike,v12ext,13158873893,fold30,,,,
,fold30_room1_mix1519,,static,0,0,v12bike,v12ext,13158978622,fold30,,,,
,fold30_room1_mix1520,,walk,0,0,v12bike,v12ext,13159083351,fold30,,,,
,fold30_room1_mix1521,,static,0,0,v12bike,v12ext,13159188080,fold30,,,,
,fold30_room1_mix1522,,walk,0,0,v12bike,v12ext,13159292809,fold30,,,,
,fold30_room1_mix1523,,static,0,0,v12bike,v12ext,13159397538,fold30,,,,
,fold30_room1_mix1524,,walk,0,0,v12bike,v12ext,13159502267,fold30,,,,
,fold30_room1_mix1525,,static,0,0,v12bike,v12ext,13159606996,fold30,,,,
,fold30_room1_mix1526,,walk,0,0,v12bike,v12ext,13159711725,fold30,,,,
,fold30_room1_mix1527,,static,0,0,v12bike,v12ext,13159816454,fold30,,,,
,fold30_room1_mix1528,,walk,0,0,v12bike,v12ext,13159921183,fold30,,,,
,fold30_room1_mix1529,,static,0,0,v12bike,v12ext,13160025912,fold30,,,,
,fold30_room1_mix1530,,walk,0,0,v12bike,v12ext,13160130641,fold30,,,,
,fold30_room1_mix1531,,static,0,0,v12bike,v12ext,13160235370,fold30,,,,
,fold30_room1_mix1532,,walk,0,0,v12bike,v12ext,13160340099,fold30,,,,
,fold30_room1_mix1533,,static,0,0,v12bike,v12ext,13160444828,fold30,,,,
,fold30_room1_mix1534,,walk,0,0,v12bike,v12ext,13160549557,fold30,,,,
,fold30_room1_mix1535,,static,0,0,v12bike,v12ext,13160654286,fold30,,,,
,fold30_room1_mix1536,,walk,0,0,v12bike,v12ext,13160759015,fold30,,,,
,fold30_room1_mix1537,,static,0,0,v12bike,v12ext,13160863744,fold30,,,,
,fold30_room1_mix1538,,walk,0,0,v12bike,v12ext,13160968473,fold30,,,,
,fold30_room1_mix1539,,static,0,0,v12bike,v12ext,13161073202,fold30,,,,
,fold30_room1_mix1540,,walk,0,0,v12bike,v12ext,13161177931,fold30,,,,
,fold30_room1_mix1541,,static,0,0,v12bike,v12ext,13161282660,fold30,,,,
,fold30_room1_mix1542,,walk,0,0,v12bike,v12ext,13161387389,fold30,,,,
,fold30_room1_mix1543,,static,0,0,v12bike,v12ext,13161492118,fold30,,,,
,fold30_room1_mix1544,,walk,0,0,v12bike,v12ext,13161596847,fold30,,,,
,fold30_room1_mix1545,,static,0,0,v12bike,v12ext,13161701576,fold30,,,,
,fold30_room1_mix1546,,walk,0,0,v12bike,v12ext,13161806305,fold30,,,,
,fold30_room1_mix1547,,static,0,0,v12bike,v12ext,13161911034,fold30,,,,
,fold30_room1_mix1548,,walk,0,0,v12bike,v12ext,13162015763,fold30,,,,
,fold30_room1_mix1549,,static,0,0,v12bike,v12ext,13162120492,fold30,,,,
,fold30_room1_mix1550,,walk,0,0,v12bike,v12ext,13162225221,fold30,,,,
,fold30_room1_mix1551,,static,0,0,v12bike,v12ext,13162329950,fold30,,,,
,fold30_room1_mix1552,,walk,0,0,v12bike,v12ext,13162434679,fold30,,,,
,fold30_room1_mix1553,,static,0,0,v12bike,v12ext,13162539408,fold30,,,,
,fold30_room1_mix1554,,walk,0,0,v12bike,v12ext,13162644137,fold30,,,,
,fold30_room1_mix1555,,static,0,0,v12bike,v12ext,13162748866,fold30,,,,
,fold30_room1_mix1556,,walk,0,0,v12bike,v12ext,13162853595,fold30,,,,
,fold30_room1_mix1557,,static,0,0,v12bike,v12ext,13162958324,fold30,,,,
,fold30_room1_mix1558,,walk,0,0,v12bike,v12ext,13163063053,fold30,,,,
,fold30_room1_mix1559,,static,0,0,v12bike,v12ext,13163167782,fold30,,,,
,fold30_room1_mix1560,,walk,0,0,v12bike,v12ext,13163272511,fold30,,,,
,fold30_room1_mix1561,,static,0,0,v12bike,v12ext,13163377240,fold30,,,,
,fold30_room1_mix1562,,walk,0,0,v12bike,v12ext,13163481969,fold30,,,,
,fold30_room1_mix1563,,static,0,0,v12bike,v12ext,13163586698,fold30,,,,
,fold30_room1_mix1564,,walk,0,0,v12bike,v12ext,13163691427,fold30,,,,
,fold30_room1_mix1565,,static,0,0,v12bike,v12ext,13163796156,fold30,,,,
,fold30_room1_mix1566,,walk,0,0,v12bike,v12ext,13163900885,fold30,,,,
,fold30_room1_mix1567,,static,0,0,v12bike,v12ext,13164005614,fold30,,,,
,fold30_room1_mix1568,,walk,0,0,v12bike,v12ext,13164110343,fold30,,,,
,fold30_room1_mix1569,,static,0,0,v12bike,v12ext,13164215072,fold30,,,,
,fold30_room1_mix1570,,walk,0,0,v12bike,v12ext,13164319801,fold30,,,,
,fold30_room1_mix1571,,static,0,0,v12bike,v12ext,13164424530,fold30,,,,
,fold30_room1_mix1572,,walk,0,0,v12bike,v12ext,13164529259,fold30,,,,
,fold30_room1_mix1573,,static,0,0,v12bike,v12ext,13164633988,fold30,,,,
,fold30_room1_mix1574,,walk,0,0,v12bike,v12ext,13164738717,fold30,,,,
,fold30_room1_mix1575,,static,0,0,v12bike,v12ext,13164843446,fold30,,,,
,fold30_room1_mix1576,,walk,0,0,v12bike,v12ext,13164948175,fold30,,,,
,fold30_room1_mix1577,,static,0,0,v12bike,v12ext,13165052904,fold30,,,,
,fold30_room1_mix1578,,walk,0,0,v12bike,v12ext,13165157633,fold30,,,,
,fold30_room1_mix1579,,static,0,0,v12bike,v12ext,13165262362,fold30,,,,
,fold30_room1_mix1580,,walk,0,0,v12bike,v12ext,13165367091,fold30,,,,
,fold30_room1_mix1581,,static,0,0,v12bike,v12ext,13165471820,fold30,,,,
,fold30_room1_mix1582,,walk,0,0,v12bike,v12ext,13165576549,fold30,,,,
,fold30_room1_mix1583,,static,0,0,v12bike,v12ext,13165681278,fold30,,,,
,fold30_room1_mix1584,,walk,0,0,v12bike,v12ext,13165786007,fold30,,,,
,fold30_room1_mix1585,,static,0,0,v12bike,v12ext,13165890736,fold30,,,,
,fold30_room1_mix1586,,walk,0,0,v12bike,v12ext,13165995465,fold30,,,,
,fold30_room1_mix1587,,static,0,0,v12bike,v12ext,13166100194,fold30,,,,
,fold30_room1_mix1588,,walk,0,0,v12bike,v12ext,13166204923,fold30,,,,
,fold30_room1_mix1589,,static,0,0,v12bike,v12ext,13166309652,fold30,,,,
,fold30_room1_mix1590,,walk,0,0,v12bike,v12ext,13166414381,fold30,,,,
,fold30_room1_mix1591,,static,0,0,v12bike,v12ext,13166519110,fold30,,,,
,fold30_room1_mix1592,,walk,0,0,v12bike,v12ext,13166623839,fold30,,,,
,fold30_room1_mix1593,,static,0,0,v12bike,v12ext,13166728568,fold30,,,,
,fold30_room1_mix1594,,walk,0,0,v12bike,v12ext,13166833297,fold30,,,,
,fold30_room1_mix1595,,static,0,0,v12bike,v12ext,13166938026,fold30,,,,
,fold30_room1_mix1596,,walk,0,0,v12bike,v12ext,13167042755,fold30,,,,
,fold30_room1_mix1597,,static,0,0,v12bike,v12ext,13167147484,fold30,,,,
,fold30_room1_mix1598,,walk,0,0,v12bike,v12ext,13167252213,fold30,,,,
,fold30_room1_mix1599,,static,0,0,v12bike,v12ext,13167356942,fold30,,,,
,fold30_room1_mix1600,,walk,0,0,v12bike,v12ext,13167461671,fold30,,,,
,fold30_room1_mix1601,,static,0,0,v12bike,v12ext,13167566400,fold30,,,,
,fold30_room1_mix1602,,walk,0,0,v12bike,v12ext,13167671129,fold30,,,,
,fold30_room1_mix1603,,static,0,0,v12bike,v12ext,13167775858,fold30,,,,
,fold30_room1_mix1604,,walk,0,0,v12bike,v12ext,13167880587,fold30,,,,
,fold30_room1_mix1605,,static,0,0,v12bike,v12ext,13167985316,fold30,,,,
,fold30_room1_mix1606,,walk,0,0,v12bike,v12ext,13168090045,fold30,,,,
,fold30_room1_mix1607,,static,0,0,v12bike,v12ext,13168194774,fold30,,,,
,fold30_room1_mix1608,,walk,0,0,v12bike,v12ext,13168299503,fold30,,,,
,fold30_room1_mix1609,,static,0,0,v12bike,v12ext,13168404232,fold30,,,,
,fold30_room1_mix1610,,walk,0,0,v12bike,v12ext,13168508961,fold30,,,,
,fold30_room1_mix1611,,static,0,0,v12bike,v12ext,13168613690,fold30,,,,
,fold30_room1_mix1612,,walk,0,0,v12bike,v12ext,13168718419,fold30,,,,
,fold30_room1_mix1613,,static,0,0,v12bike,v12ext,13168823148,fold30,,,,
,fold30_room1_mix1614,,walk,0,0,v12bike,v12ext,13168927877,fold30,,,,
,fold30_room1_mix1615,,static,0,0,v12bike,v12ext,13169032606,fold30,,,,
,fold30_room1_mix1616,,walk,0,0,v12bike,v12ext,13169137335,fold30,,,,
,fold30_room1_mix1617,,static,0,0,v12bike,v12ext,13169242064,fold30,,,,
,fold30_room1_mix1618,,walk,0,0,v12bike,v12ext,13169346793,fold30,,,,
,fold30_room1_mix1619,,static,0,0,v12bike,v12ext,13169451522,fold30,,,,
,fold30_room1_mix1620,,walk,0,0,v12bike,v12ext,13169556251,fold30,,,,
,fold30_room1_mix1621,,static,0,0,v12bike,v12ext,13169660980,fold30,,,,
,fold30_room1_mix1622,,walk,0,0,v12bike,v12ext,13169765709,fold30,,,,
,fold30_room1_mix1623,,static,0,0,v12bike,v12ext,13169870438,fold30,,,,
,fold30_room1_mix1624,,walk,0,0,v12bike,v12ext,13169975167,fold30,,,,
,fold30_room1_mix1625,,static,0,0,v12bike,v12ext,13170079896,fold30,,,,
,fold30_room1_mix1626,,walk,0,0,v12bike,v12ext,13170184625,fold30,,,,
,fold30_room1_mix1627,,static,0,0,v12bike,v12ext,13170289354,fold30,,,,
,fold30_room1_mix1628,,walk,0,0,v12bike,v12ext,13170394083,fold30,,,,
,fold30_room1_mix1629,,static,0,0,v12bike,v12ext,13170498812,fold30,,,,
,fold30_room1_mix1630,,walk,0,0,v12bike,v12ext,13170603541,fold30,,,,
,fold30_room1_mix1631,,static,0,0,v12bike,v12ext,13170708270,fold30,,,,
,fold30_room1_mix1632,,walk,0,0,v12bike,v12ext,13170812999,fold30,,,,
,fold30_room1_mix1633,,static,0,0,v12bike,v12ext,13170917728,fold30,,,,
,fold30_room1_mix1634,,walk,0,0,v12bike,v12ext,13171022457,fold30,,,,
,fold30_room1_mix1635,,static,0,0,v12bike,v12ext,13171127186,fold30,,,,
,fold30_room1_mix1636,,walk,0,0,v12bike,v12ext,13171231915,fold30,,,,
,fold30_room1_mix1637,,static,0,0,v12bike,v12ext,13171336644,fold30,,,,
,fold30_room1_mix1638,,walk,0,0,v12bike,v12ext,13171441373,fold30,,,,
,fold30_room1_mix1639,,static,0,0,v12bike,v12ext,13171546102,fold30,,,,
,fold30_room1_mix1640,,walk,0,0,v12bike,v12ext,13171650831,fold30,,,,
,fold30_room1_mix1641,,static,0,0,v12bike,v12ext,13171755560,fold30,,,,
,fold30_room1_mix1642,,walk,0,0,v12bike,v12ext,13171860289,fold30,,,,
,fold30_room1_mix1643,,static,0,0,v12bike,v12ext,13171965018,fold30,,,,
,fold30_room1_mix1644,,walk,0,0,v12bike,v12ext,13172069747,fold30,,,,
,fold30_room1_mix1645,,static,0,0,v12bike,v12ext,13172174476,fold30,,,,
,fold30_room1_mix1646,,walk,0,0,v12bike,v12ext,13172279205,fold30,,,,
,fold30_room1_mix1647,,static,0,0,v12bike,v12ext,13172383934,fold30,,,,
,fold30_room1_mix1648,,walk,0,0,v12bike,v12ext,13172488663,fold30,,,,
,fold30_room1_mix1649,,static,0,0,v12bike,v12ext,13172593392,fold30,,,,
,fold30_room1_mix1650,,walk,0,0,v12bike,v12ext,13172698121,fold30,,,,
,fold30_room1_mix1651,,static,0,0,v12train,v12ext,13172802850,fold30,,,,
,fold30_room1_mix1652,,walk,0,0,v12train,v12ext,13172907579,fold30,,,,
,fold30_room1_mix1653,,static,0,0,v12train,v12ext,13173012308,fold30,,,,
,fold30_room1_mix1654,,walk,0,0,v12train,v12ext,13173117037,fold30,,,,
,fold30_room1_mix1655,,static,0,0,v12train,v12ext,13173221766,fold30,,,,
,fold30_room1_mix1656,,walk,0,0,v12train,v12ext,13173326495,fold30,,,,
,fold30_room1_mix1657,,static,0,0,v12train,v12ext,13173431224,fold30,,,,
,fold30_room1_mix1658,,walk,0,0,v12train,v12ext,13173535953,fold30,,,,
,fold30_room1_mix1659,,static,0,0,v12train,v12ext,13173640682,fold30,,,,
,fold30_room1_mix1660,,walk,0,0,v12train,v12ext,13173745411,fold30,,,,
,fold30_room1_mix1661,,static,0,0,v12train,v12ext,13173850140,fold30,,,,
,fold30_room1_mix1662,,walk,0,0,v12train,v12ext,13173954869,fold30,,,,
,fold30_room1_mix1663,,static,0,0,v12train,v12ext,13174059598,fold30,,,,
,fold30_room1_mix1664,,walk,0,0,v12train,v12ext,13174164327,fold30,,,,
,fold30_room1_mix1665,,static,0,0,v12train,v12ext,13174269056,fold30,,,,
,fold30_room1_mix1666,,walk,0,0,v12train,v12ext,13174373785,fold30,,,,
,fold30_room1_mix1667,,static,0,0,v12train,v12ext,13174478514,fold30,,,,
,fold30_room1_mix1668,,walk,0,0,v12train,v12ext,13174583243,fold30,,,,
,fold30_room1_mix1669,,static,0,0,v12train,v12ext,13174687972,fold30,,,,
,fold30_room1_mix1670,,walk,0,0,v12train,v12ext,13174792701,fold30,,,,
,fold30_room1_mix1671,,static,0,0,v12train,v12ext,13174897430,fold30,,,,
,fold30_room1_mix1672,,walk,0,0,v12train,v12ext,13175002159,fold30,,,,
,fold30_room1_mix1673,,static,0,0,v12train,v12ext,13175106888,fold30,,,,
,fold30_room1_mix1674,,walk,0,0,v12train,v12ext,13175211617,fold30,,,,
,fold30_room1_mix1675,,static,0,0,v12train,v12ext,13175316346,fold30,,,,
,fold30_room1_mix1676,,walk,0,0,v12train,v12ext,13175421075,fold30,,,,
,fold30_room1_mix1677,,static,0,0,v12train,v12ext,13175525804,fold30,,,,
,fold30_room1_mix1678,,walk,0,0,v12train,v12ext,13175630533,fold30,,,,
,fold30_room1_mix1679,,static,0,0,v12train,v12ext,13175735262,fold30,,,,
,fold30_room1_mix1680,,walk,0,0,v12train,v12ext,13175839991,fold30,,,,
,fold30_room1_mix1681,,static,0,0,v12train,v12ext,13175944720,fold30,,,,
,fold30_room1_mix1682,,walk,0,0,v12train,v12ext,13176049449,fold30,,,,
,fold30_room1_mix1683,,static,0,0,v12train,v12ext,13176154178,fold30,,,,
,fold30_room1_mix1684,,walk,0,0,v12train,v12ext,13176258907,fold30,,,,
,fold30_room1_mix1685,,static,0,0,v12train,v12ext,13176363636,fold30,,,,
,fold30_room1_mix1686,,walk,0,0,v12train,v12ext,13176468365,fold30,,,,
,fold30_room1_mix1687,,static,0,0,v12train,v12ext,13176573094,fold30,,,,
,fold30_room1_mix1688,,walk,0,0,v12train,v12ext,13176677823,fold30,,,,
,fold30_room1_mix1689,,static,0,0,v12train,v12ext,13176782552,fold30,,,,
,fold30_room1_mix1690,,walk,0,0,v12train,v12ext,13176887281,fold30,,,,
,fold30_room1_mix1691,,static,0,0,v12train,v12ext,13176992010,fold30,,,,
,fold30_room1_mix1692,,walk,0,0,v12train,v12ext,13177096739,fold30,,,,
,fold30_room1_mix1693,,static,0,0,v12train,v12ext,13177201468,fold30,,,,
,fold30_room1_mix1694,,walk,0,0,v12train,v12ext,13177306197,fold30,,,,
,fold30_room1_mix1695,,static,0,0,v12train,v12ext,13177410926,fold30,,,,
,fold30_room1_mix1696,,walk,0,0,v12train,v12ext,13177515655,fold30,,,,
,fold30_room1_mix1697,,static,0,0,v12train,v12ext,13177620384,fold30,,,,
,fold30_room1_mix1698,,walk,0,0,v12train,v12ext,13177725113,fold30,,,,
,fold30_room1_mix1699,,static,0,0,v12train,v12ext,13177829842,fold30,,,,
,fold30_room1_mix1700,,walk,0,0,v12train,v12ext,13177934571,fold30,,,,
,fold30_room1_mix1701,,static,0,0,v12train,v12ext,13178039300,fold30,,,,
,fold30_room1_mix1702,,walk,0,0,v12train,v12ext,13178144029,fold30,,,,
,fold30_room1_mix1703,,static,0,0,v12train,v12ext,13178248758,fold30,,,,
,fold30_room1_mix1704,,walk,0,0,v12train,v12ext,13178353487,fold30,,,,
,fold30_room1_mix1705,,static,0,0,v12train,v12ext,13178458216,fold30,,,,
,fold30_room1_mix1706,,walk,0,0,v12train,v12ext,13178562945,fold30,,,,
,fold30_room1_mix1707,,static,0,0,v12train,v12ext,13178667674,fold30,,,,
,fold30_room1_mix1708,,walk,0,0,v12train,v12ext,13178772403,fold30,,,,
,fold30_room1_mix1709,,static,0,0,v12train,v12ext,13178877132,fold30,,,,
,fold30_room1_mix1710,,walk,0,0,v12train,v12ext,13178981861,fold30,,,,
,fold30_room1_mix1711,,static,0,0,v12train,v12ext,13179086590,fold30,,,,
,fold30_room1_mix1712,,walk,0,0,v12train,v12ext,13179191319,fold30,,,,
,fold30_room1_mix1713,,static,0,0,v12train,v12ext,13179296048,fold30,,,,
,fold30_room1_mix1714,,walk,0,0,v12train,v12ext,13179400777,fold30,,,,
,fold30_room1_mix1715,,static,0,0,v12train,v12ext,13179505506,fold30,,,,
,fold30_room1_mix1716,,walk,0,0,v12train,v12ext,13179610235,fold30,,,,
,fold30_room1_mix1717,,static,0,0,v12train,v12ext,13179714964,fold30,,,,
,fold30_room1_mix1718,,walk,0,0,v12train,v12ext,13179819693,fold30,,,,
,fold30_room1_mix1719,,static,0,0,v12train,v12ext,13179924422,fold30,,,,
,fold30_room1_mix1720,,walk,0,0,v12train,v12ext,13180029151,fold30,,,,
,fold30_room1_mix1721,,static,0,0,v12train,v12ext,13180133880,fold30,,,,
,fold30_room1_mix1722,,walk,0,0,v12train,v12ext,13180238609,fold30,,,,
,fold30_room1_mix1723,,static,0,0,v12train,v12ext,13180343338,fold30,,,,
,fold30_room1_mix1724,,walk,0,0,v12train,v12ext,13180448067,fold30,,,,
,fold30_room1_mix1725,,static,0,0,v12train,v12ext,13180552796,fold30,,,,
,fold30_room1_mix1726,,walk,0,0,v12train,v12ext,13180657525,fold30,,,,
,fold30_room1_mix1727,,static,0,0,v12train,v12ext,13180762254,fold30,,,,
,fold30_room1_mix1728,,walk,0,0,v12train,v12ext,13180866983,fold30,,,,
,fold30_room1_mix1729,,static,0,0,v12train,v12ext,13180971712,fold30,,,,
,fold30_room1_mix1730,,walk,0,0,v12train,v12ext,13181076441,fold30,,,,
,fold30_room1_mix1731,,static,0,0,v12train,v12ext,13181181170,fold30,,,,
,fold30_room1_mix1732,,walk,0,0,v12train,v12ext,13181285899,fold30,,,,
,fold30_room1_mix1733,,static,0,0,v12train,v12ext,13181390628,fold30,,,,
,fold30_room1_mix1734,,walk,0,0,v12train,v12ext,13181495357,fold30,,,,
,fold30_room1_mix1735,,static,0,0,v12train,v12ext,13181600086,fold30,,,,
,fold30_room1_mix1736,,walk,0,0,v12train,v12ext,13181704815,fold30,,,,
,fold30_room1_mix1737,,static,0,0,v12train,v12ext,13181809544,fold30,,,,
,fold30_room1_mix1738,,walk,0,0,v12train,v12ext,13181914273,fold30,,,,
,fold30_room1_mix1739,,static,0,0,v12train,v12ext,13182019002,fold30,,,,
,fold30_room1_mix1740,,walk,0,0,v12train,v12ext,13182123731,fold30,,,,
,fold30_room1_mix1741,,static,0,0,v12train,v12ext,13182228460,fold30,,,,
,fold30_room1_mix1742,,walk,0,0,v12train,v12ext,13182333189,fold30,,,,
,fold30_room1_mix1743,,static,0,0,v12train,v12ext,13182437918,fold30,,,,
,fold30_room1_mix1744,,walk,0,0,v12train,v12ext,13182542647,fold30,,,,
,fold30_room1_mix1745,,static,0,0,v12train,v12ext,13182647376,fold30,,,,
,fold30_room1_mix1746,,walk,0,0,v12train,v12ext,13182752105,fold30,,,,
,fold30_room1_mix1747,,static,0,0,v12train,v12ext,13182856834,fold30,,,,
,fold30_room1_mix1748,,walk,0,0,v12train,v12ext,13182961563,fold30,,,,
,fold30_room1_mix1749,,static,0,0,v12train,v12ext,13183066292,fold30,,,,
,fold30_room1_mix1750,,walk,0,0,v12train,v12ext,13183171021,fold30,,,,
,fold30_room1_mix1751,,static,0,0,v12train,v12ext,13183275750,fold30,,,,
,fold30_room1_mix1752,,walk,0,0,v12train,v12ext,13183380479,fold30,,,,
,fold30_room1_mix1753,,static,0,0,v12train,v12ext,13183485208,fold30,,,,
,fold30_room1_mix1754,,walk,0,0,v12train,v12ext,13183589937,fold30,,,,
,fold30_room1_mix1755,,static,0,0,v12train,v12ext,13183694666,fold30,,,,
,fold30_room1_mix1756,,walk,0,0,v12train,v12ext,13183799395,fold30,,,,
,fold30_room1_mix1757,,static,0,0,v12train,v12ext,13183904124,fold30,,,,
,fold30_room1_mix1758,,walk,0,0,v12train,v12ext,13184008853,fold30,,,,
,fold30_room1_mix1759,,static,0,0,v12train,v12ext,13184113582,fold30,,,,
,fold30_room1_mix1760,,walk,0,0,v12train,v12ext,13184218311,fold30,,,,
,fold30_room1_mix1761,,static,0,0,v12train,v12ext,13184323040,fold30,,,,
,fold30_room1_mix1762,,walk,0,0,v12train,v12ext,13184427769,fold30,,,,
,fold30_room1_mix1763,,static,0,0,v12train,v12ext,13184532498,fold30,,,,
,fold30_room1_mix1764,,walk,0,0,v12train,v12ext,13184637227,fold30,,,,
,fold30_room1_mix1765,,static,0,0,v12train,v12ext,13184741956,fold30,,,,
,fold30_room1_mix1766,,walk,0,0,v12train,v12ext,13184846685,fold30,,,,
,fold30_room1_mix1767,,static,0,0,v12train,v12ext,13184951414,fold30,,,,
,fold30_room1_mix1768,,walk,0,0,v12train,v12ext,13185056143,fold30,,,,
,fold30_room1_mix1769,,static,0,0,v12train,v12ext,13185160872,fold30,,,,
,fold30_room1_mix1770,,walk,0,0,v12train,v12ext,13185265601,fold30,,,,
,fold30_room1_mix1771,,static,0,0,v12train,v12ext,13185370330,fold30,,,,
,fold30_room1_mix1772,,walk,0,0,v12train,v12ext,13185475059,fold30,,,,
,fold30_room1_mix1773,,static,0,0,v12train,v12ext,13185579788,fold30,,,,
,fold30_room1_mix1774,,walk,0,0,v12train,v12ext,13185684517,fold30,,,,
,fold30_room1_mix1775,,static,0,0,v12train,v12ext,13185789246,fold30,,,,
,fold30_room1_mix1776,,walk,0,0,v12train,v12ext,13185893975,fold30,,,,
,fold30_room1_mix1777,,static,0,0,v12train,v12ext,13185998704,fold30,,,,
,fold30_room1_mix1778,,walk,0,0,v12train,v12ext,13186103433,fold30,,,,
,fold30_room1_mix1779,,static,0,0,v12train,v12ext,13186208162,fold30,,,,
,fold30_room1_mix1780,,walk,0,0,v12train,v12ext,13186312891,fold30,,,,
,fold30_room1_mix1781,,static,0,0,v12train,v12ext,13186417620,fold30,,,,
,fold30_room1_mix1782,,walk,0,0,v12train,v12ext,13186522349,fold30,,,,
,fold30_room1_mix1783,,static,0,0,v12train,v12ext,13186627078,fold30,,,,
,fold30_room1_mix1784,,walk,0,0,v12train,v12ext,13186731807,fold30,,,,
,fold30_room1_mix1785,,static,0,0,v12train,v12ext,13186836536,fold30,,,,
,fold30_room1_mix1786,,walk,0,0,v12train,v12ext,13186941265,fold30,,,,
,fold30_room1_mix1787,,static,0,0,v12train,v12ext,13187045994,fold30,,,,
,fold30_room1_mix1788,,walk,0,0,v12train,v12ext,13187150723,fold30,,,,
,fold30_room1_mix1789,,static,0,0,v12train,v12ext,13187255452,fold30,,,,
,fold30_room1_mix1790,,walk,0,0,v12train,v12ext,13187360181,fold30,,,,
,fold30_room1_mix1791,,static,0,0,v12train,v12ext,13187464910,fold30,,,,
,fold30_room1_mix1792,,walk,0,0,v12train,v12ext,13187569639,fold30,,,,
,fold30_room1_mix1793,,static,0,0,v12train,v12ext,13187674368,fold30,,,,
,fold30_room1_mix1794,,walk,0,0,v12train,v12ext,13187779097,fold30,,,,
,fold30_room1_mix1795,,static,0,0,v12train,v12ext,13187883826,fold30,,,,
,fold30_room1_mix1796,,walk,0,0,v12train,v12ext,13187988555,fold30,,,,
,fold30_room1_mix1797,,static,0,0,v12train,v12ext,13188093284,fold30,,,,
,fold30_room1_mix1798,,walk,0,0,v12train,v12ext,13188198013,fold30,,,,
,fold30_room1_mix1799,,static,0,0,v12train,v12ext,13188302742,fold30,,,,
,fold30_room1_mix1800,,walk,0,0,v12train,v12ext,13188407471,fold30,,,,
