clip,cls,t_on,t_off,dur,d_on,d_off,snr_on,snr_off,t_cpa,d_cpa,cpa_in_window,sudden_on,sudden_off,noise,speed
fold1_room1_mix0002,bike_bell,2.665,7.47,4.805,16.721207228578777,9.441257655989167,18.55087019488539,23.515625781133124,6.800000000000001,9.145561150014208,1,1,1,51.503951190327626,3.4014451904820984
fold1_room1_mix0008,bike_bell,2.616,7.858,5.241999999999999,13.311946949980225,23.298644528455842,7.810546853748676,2.948765311820864,4.3,8.388905163443438,1,0,0,51.059754599703055,6.11829967023059
fold1_room1_mix0010,horn,2.141,7.086,4.945,15.773993824570637,31.573884009906614,32.526712413484454,26.49898555867592,3.2,13.529628192013691,1,1,1,58.58983668576543,7.4102325834191705
fold1_room1_mix0011,bike_bell,2.402,7.85,5.4479999999999995,14.696740922985217,15.60104967857651,9.556829029832727,9.038173402496213,4.9,12.697727416859456,1,0,0,56.28999445609635,3.022593256879307
fold1_room1_mix0011,bike_bell,4.664,8.987,4.323,9.055485688180505,22.05779554805413,12.458387162967753,4.725379994195393,3.3000000000000003,7.586345586773246,0,1,0,56.28999445609635,3.6473470435887227
fold1_room1_mix0013,horn,1.662,7.288,5.626,28.30802416286465,24.87205336906027,33.58157456280768,34.70553289706668,4.7,6.333012033126718,1,1,1,47.59526777992766,9.179918857387284
fold1_room1_mix0013,bike_bell,4.682,7.199,2.5169999999999995,12.616126424371812,17.655930289300752,19.53812873134796,16.618837269495323,4.7,12.615572086311,1,1,1,47.59526777992766,4.9564314759441395
fold1_room1_mix0015,siren,4.278,7.992,3.7140000000000004,25.40922227851251,25.1499663461885,62.79347343485411,62.88255271854706,6.1000000000000005,6.641227696273752,1,1,1,48.403313057810394,13.138851901087685
fold1_room1_mix0016,horn,5.447,8.042,2.5949999999999998,15.803216921114597,51.632627044597875,33.7234307359052,23.439856318413476,4.5,8.71192712050261,0,1,1,59.89213026808241,14.527371385082557
fold1_room1_mix0016,backup_beep,2.52,5.492,2.972,8.277158624807585,7.467253427882664,10.296983323727531,11.19139106887721,5.0,7.440612337888131,1,1,1,59.89213026808241,1.433720931673968
fold1_room1_mix0017,backup_beep,3.107,7.321,4.2139999999999995,7.057643982957013,8.913799727983717,14.267529136381597,12.239466629575887,4.3,6.659671882155967,1,1,1,50.06752481648522,1.960462375395263
fold1_room1_mix0018,siren,3.15,9.099,5.949,10.156220080325586,30.924439173201698,64.60933270823308,54.93793812784354,4.5,5.279625584919696,1,1,1,55.28342834939279,6.580875959836555
fold1_room1_mix0019,bike_bell,4.414,7.884,3.4700000000000006,13.311759423219641,23.976457376616246,25.75751124812468,20.646520159745975,4.9,12.855025130399536,1,1,1,42.84220535171368,6.829812896569688
fold1_room1_mix0022,horn,1.201,6.55,5.349,13.961428713398739,15.854629283472713,48.00417811656241,46.89965354580696,3.7,3.7692732618444214,1,1,1,40.78310760690923,5.392246324141294
fold1_room1_mix0026,backup_beep,0.479,6.454,5.975,10.578902179096394,9.49021369536749,12.40075740319189,13.344049594786568,4.0,8.43049772675824,1,1,1,51.44077004409799,1.7990086401482277
fold1_room1_mix0028,backup_beep,7.1,9.106,2.0060000000000002,8.921167674386105,12.163973600285646,9.75194227422135,7.058866937148217,5.300000000000001,7.763464373897283,0,0,0,56.44379417160512,2.4771273706977626
fold1_room1_mix0028,bike_bell,2.713,4.824,2.1109999999999998,17.91383203201275,14.300630499631264,4.971435986841186,6.92810223265586,4.4,13.998109858320397,1,0,0,56.44379417160512,6.682281278305689
fold1_room1_mix0033,horn,0.702,6.063,5.361,53.346347619002664,16.336453973164343,12.038900821767157,22.31783876400209,5.0,10.074163829416722,1,1,1,63.01885925724322,12.170717036872855
fold1_room1_mix0034,siren,4.479,7.931,3.452,7.351110497432882,49.34529348133208,77.14936337385197,60.61150766514725,4.4,7.195088131704132,0,1,1,51.150503066712,13.682003682904867
fold1_room1_mix0037,siren,0.387,6.116,5.728999999999999,35.44275261920577,26.691800398960986,35.493970981769436,37.95696248073456,3.7,7.914077914385235,1,1,1,64.87974703919804,10.480092723975188
fold1_room1_mix0040,siren,2.324,4.652,2.3280000000000003,18.39828903205936,11.169592303715815,55.227899201849,59.56270151796278,3.8000000000000003,5.913037556838297,1,1,1,42.50006978910142,11.558899454885795
fold1_room1_mix0041,siren,5.72,9.547,3.827000000000001,20.022660590678747,69.62455007129844,74.61412805312726,63.789315731077394,4.5,11.890424920917248,0,1,1,42.657978399299154,13.713907505725352
fold1_room1_mix0042,backup_beep,2.384,7.949,5.5649999999999995,8.98127784837891,6.9270666420780875,19.184822791817794,21.44059811785722,6.0,5.92747443634995,1,1,1,54.700491913718366,1.8566595727314785
fold1_room1_mix0042,backup_beep,4.936,9.138,4.202,10.27712083785001,10.743251095381549,7.964044440175641,7.5787591726222985,6.800000000000001,9.330567628578923,1,0,0,54.700491913718366,2.292615942940982
fold1_room1_mix0043,siren,0.852,6.178,5.326,19.595570268376626,16.58189492708195,33.89700500051549,35.34747995908799,3.8000000000000003,9.260122977141807,1,1,1,59.02664141134892,5.8252867101221515
fold1_room1_mix0043,bike_bell,1.314,6.679,5.365,23.573310032772746,11.492467673014069,5.189530272551394,11.42967581679548,6.2,11.279871319213159,1,0,1,59.02664141134892,4.269565681742815
fold1_room1_mix0044,bike_bell,2.856,6.153,3.2969999999999997,13.185854464430248,9.308439179292531,9.017424332426515,12.04205258388562,4.800000000000001,4.449393831501477,1,0,1,56.58559178340805,6.246930927505452
fold1_room1_mix0045,backup_beep,4.013,8.4,4.3870000000000005,14.135509177870757,14.453548289167749,18.424887269950325,18.231626852857026,5.9,13.716295254131028,1,1,1,45.221095956240184,1.8177034125082625
fold1_room1_mix0045,backup_beep,2.516,5.201,2.6849999999999996,10.002545291962319,9.943537256075961,21.008872373544428,21.060264799248337,3.9000000000000004,9.696517219249722,1,1,1,45.221095956240184,1.7352595690149564
fold1_room1_mix0046,siren,0.699,5.336,4.6370000000000005,27.723979629942367,23.90640225477122,42.22306913122898,43.509896097390964,3.2,8.608493112141497,1,1,1,47.62751701339943,10.493164949871083
fold1_room1_mix0046,horn,3.905,6.185,2.28,7.987882836057641,6.799514070080523,46.17290804715111,47.571984234134874,5.2,4.345754617130689,1,1,1,47.62751701339943,5.233665617972127
fold1_room1_mix0047,siren,1.692,5.859,4.167,69.92917867857584,13.721847878602308,18.413543931365595,32.55846047265457,6.7,7.874043671018948,0,1,1,64.15599599824995,13.97579787645094
fold1_room1_mix0054,siren,1.633,3.945,2.312,60.66865207655863,31.129693449583847,39.24241827834137,45.03820831852294,6.0,13.746288636032855,0,1,1,46.55536462282772,13.477541178483769
fold1_room1_mix0054,bike_bell,2.757,8.244,5.487,26.132521079219583,15.590737198829343,9.503417422789347,13.989710589765679,6.4,8.76030438256167,1,0,1,46.55536462282772,6.83838743134049
fold1_room1_mix0055,siren,2.318,7.299,4.981,27.316755003060862,35.43098056960221,49.11611303757479,46.857031753413324,4.5,3.6594045227878693,1,1,1,45.93091534884522,12.510278999514112
fold1_room1_mix0056,bike_bell,2.854,5.081,2.2270000000000003,13.105520720766304,7.365730461692691,22.970966317377787,27.975735497190115,6.0,6.600721556268464,0,1,1,44.16368395515667,3.616013459989971
fold1_room1_mix0056,bike_bell,0.362,6.056,5.694,25.96202946634052,9.096872043780031,9.260469500923826,18.369400551157213,5.7,8.966886793009824,1,0,1,44.16368395515667,4.5485008974347085
fold1_room1_mix0057,bike_bell,1.021,6.065,5.0440000000000005,16.313588151948004,15.94044275760805,2.966857082860699,3.167839362061777,3.6,12.443560038094848,1,0,0,55.964105363194136,4.066718953393094
fold1_room1_mix0058,bike_bell,0.587,4.126,3.5390000000000006,24.600621838090404,5.625453594456205,5.059688668130633,17.875459440082167,4.800000000000001,4.227876825387741,0,0,1,58.61682765845978,5.798103915136597
fold1_room1_mix0059,siren,0.376,2.639,2.263,41.142387183500794,11.40489132362688,62.93527038867596,74.07923710192166,3.1,9.457914430830742,0,1,1,50.22017127138305,14.87094081445219
fold1_room1_mix0059,horn,1.184,5.686,4.502,32.28096996249721,12.161610129953447,38.69935727141744,47.17846724698306,5.6000000000000005,12.154016140465291,1,1,1,50.22017127138305,6.74255228816536
fold1_room1_mix0061,bike_bell,3.177,6.097,2.9200000000000004,11.662037540752523,13.51243730305836,2.8933338792448353,1.6141487440697233,3.8000000000000003,11.465549483018698,1,0,0,59.26656346958451,3.1813042986343225
fold1_room1_mix0067,bike_bell,1.224,5.372,4.148,9.584739519364735,7.751265854596656,10.392609734666934,12.236763375791341,3.6,3.4007798306779056,1,1,1,52.59483663259971,3.840378353386162
fold1_room1_mix0069,backup_beep,2.682,7.841,5.159000000000001,5.746942806680397,6.7999730752147824,11.14288611728034,9.681479756756445,4.7,4.974600768769937,1,1,0,56.482351020430855,1.4566247752944141
fold1_room1_mix0070,siren,1.748,7.478,5.7299999999999995,28.41141594681397,16.965877535650414,35.60948364589339,40.087814655575414,5.4,5.244179879087502,1,1,1,60.875969423766264,7.689265532919092
fold1_room1_mix0070,backup_beep,0.936,5.477,4.541,12.101176080073873,9.21693306266191,4.26013631630866,6.624959252068692,5.5,9.216503254431764,0,0,0,60.875969423766264,1.7003796383769174
fold1_room1_mix0071,bike_bell,2.192,4.743,2.551,14.656644459585133,5.171507057176807,-3.8157566387625366,5.232591985376757,5.6000000000000005,3.7371927165692225,0,0,0,62.176785446607255,4.154269032863372
fold1_room1_mix0071,bike_bell,2.761,6.186,3.425,25.393622971457095,10.813638458904132,2.1408946815944887,9.55595111770215,6.7,10.339460410970027,0,0,0,62.176785446607255,5.845985964529653
fold1_room1_mix0072,backup_beep,2.547,8.525,5.978,4.166939649082434,7.790282160082859,11.065764764442193,5.6310452167205085,3.3000000000000003,4.060457924541072,1,1,0,60.267802168241786,1.2687530560424118
fold1_room1_mix0073,backup_beep,0.594,5.718,5.124,17.71808870359926,8.8321321654204,9.02561154757528,15.072637793879679,6.4,8.636330579876503,0,0,1,51.23051815248702,2.658278475929019
fold1_room1_mix0076,bike_bell,3.597,6.841,3.244,14.9558301732752,20.59333567445257,23.73122611271473,20.95290264038413,4.3,14.349336376459783,1,1,1,46.56556036995621,5.853399360145222
fold1_room1_mix0077,bike_bell,3.016,6.405,3.3890000000000002,16.998457168937875,4.237958471649482,3.7750501089995296,15.840106281230824,6.1000000000000005,4.013317000624667,1,0,1,56.641122809740345,5.281877388297522
fold1_room1_mix0079,bike_bell,4.443,7.387,2.944,9.0140528119959,20.49103813433857,27.53572192454942,20.402844657661404,3.4000000000000004,7.501091136947668,0,1,1,46.80349091413299,4.779223116462973
fold1_room1_mix0083,siren,2.728,8.295,5.567,42.49875109057699,23.657575325618346,54.9341398226829,60.022258544339245,6.300000000000001,6.113188037766132,1,1,1,52.49153375194931,11.660937770311524
fold1_room1_mix0086,horn,5.947,8.445,2.498,8.03970402132373,19.87825367517961,57.473326093458816,49.6105627360619,5.300000000000001,7.085196626657437,0,1,1,42.05215812151378,5.91394585693047
fold1_room1_mix0087,backup_beep,2.246,6.851,4.605,13.199978242308529,13.599257570796711,-2.6771271113735082,-2.935966792729623,4.3,12.470150010341959,1,0,0,64.35810926968479,2.1181086217276306
fold1_room1_mix0088,siren,3.224,7.356,4.132,13.087553498803079,20.94913496581221,67.52886696163434,63.44271446663727,4.3,11.345750892144235,1,1,1,50.624610489072765,5.8423484734228115
fold1_room1_mix0092,siren,3.609,8.516,4.907,19.123658858414746,32.42352619120232,58.63625872524787,54.050473594282124,5.300000000000001,11.549895755020868,1,1,1,51.77097595751388,9.282324791098475
fold1_room1_mix0092,siren,4.566,9.172,4.606000000000001,19.573589298827507,21.704720069347182,51.74136896591219,50.84369461619444,6.7,13.55929788785921,1,1,1,51.77097595751388,6.745426118152614
fold1_room1_mix0093,horn,2.798,8.676,5.878,33.82302865171269,26.148357629386325,18.630442761315336,20.865804308263762,6.2,11.065676254603432,1,1,1,59.232044614666805,9.468432930439466
fold1_room1_mix0093,bike_bell,1.3,7.257,5.957,33.64673693860457,16.34947027210609,-8.297025946737136,-2.0282406114639215,6.0,13.955045925758801,1,0,0,59.232044614666805,6.570397735112964
fold1_room1_mix0094,bike_bell,1.351,7.031,5.68,17.12742022419851,26.055297232126886,4.388010551444275,0.7439289813655634,3.1,14.003997463540761,1,0,0,51.27007462323662,5.604412949335025
fold1_room1_mix0095,siren,2.537,4.765,2.2279999999999998,17.355572101044537,21.591537849257403,57.67971602030611,55.78282318484103,3.4000000000000004,12.440039415111638,1,1,1,60.44316972335749,13.36332738509043
fold1_room1_mix0095,siren,2.187,6.087,3.9,28.609259779258334,4.980710185406158,26.609930109120988,41.794237094068514,6.5,4.1128557279728,0,1,1,60.44316972335749,6.538682238136141
fold1_room1_mix0096,siren,1.191,5.334,4.143,63.867075999883895,18.34179188470566,45.30566329778252,56.14236873929149,6.7,8.848453794710808,0,1,1,49.630332954493475,11.38754215301498
fold1_room1_mix0097,siren,2.006,4.958,2.9520000000000004,20.695211022894366,8.197582179156827,48.40275868135221,56.446440282357344,4.9,8.175793013492338,1,1,1,44.89642410479112,6.662772651433588
fold1_room1_mix0098,backup_beep,3.344,8.982,5.638,13.055910114765828,11.721454409727155,20.888397015820402,21.824909990662334,6.9,10.944732704073836,1,1,1,43.81763276292892,2.0067734388793563
fold1_room1_mix0100,bike_bell,1.273,5.043,3.7700000000000005,22.256443015649044,6.68568508535818,19.145178964434628,29.591375787353904,6.300000000000001,3.9634810271829743,0,1,1,43.62055628736049,4.380768544463528
fold1_room1_mix0101,bike_bell,3.954,8.446,4.491999999999999,8.79202394881407,10.045127296324647,10.25588007961099,9.098548433821264,6.0,5.395732259372417,1,1,0,63.44279171839523,3.4317356577987392
fold1_room1_mix0106,bike_bell,4.65,8.722,4.071999999999999,15.309299178159263,17.83161810084973,21.80222500624609,20.477516124736894,6.5,9.29254340052792,1,1,1,46.99231620495513,6.726663531875988
fold1_room1_mix0107,siren,0.467,3.054,2.5869999999999997,56.60135375153317,29.479508889246116,44.4483771196108,50.11450860559725,5.800000000000001,3.625798059680158,0,1,1,49.940813463601486,10.525077306457195
fold1_room1_mix0108,bike_bell,1.743,3.864,2.1209999999999996,10.856190507938079,5.517872197672981,11.501493490672928,17.37960986108581,4.4,5.186316014067661,0,1,1,51.60895561972272,3.608125018386459
fold1_room1_mix0113,backup_beep,2.432,6.258,3.826,13.535723184057195,13.714633044338429,27.95622993992051,27.842175384654944,3.9000000000000004,13.405084810242556,1,1,1,40.538819862178066,1.2478568479232592
fold1_room1_mix0113,backup_beep,3.294,6.888,3.594,12.858088185205307,9.980044818163917,25.448948086072384,27.64982625337867,7.0,9.9772929296283,0,1,1,40.538819862178066,2.19146988481846
fold1_room1_mix0115,backup_beep,3.35,7.976,4.6259999999999994,10.375338050294719,12.319907312547409,16.244415410159277,14.752311717482002,4.3,10.21637922891372,1,1,1,51.17976380582991,1.8795043831515441
fold1_room1_mix0116,horn,3.387,5.419,2.0319999999999996,11.732973355387445,8.552019012980184,56.51165379012644,59.25844232400805,4.9,7.973038002796278,1,1,1,41.09440102682428,5.759535041351191
fold1_room1_mix0120,backup_beep,3.235,6.119,2.884,11.642844201862145,11.32135409204536,14.559795850534456,14.803010094557337,5.9,11.3197909438468,1,1,1,58.01130865551795,1.010546392131695
fold1_room1_mix0130,siren,3.473,7.78,4.307,29.759546828303897,8.474981709447842,48.3737410496244,59.28349192953864,6.9,4.622823049522934,1,1,1,48.95850571676671,8.477376513242179
fold1_room1_mix0139,backup_beep,4.374,9.301,4.9270000000000005,4.191840896326164,10.059663860006577,20.52809795761234,12.924524382148554,5.0,4.008514768811563,1,1,1,55.374206296694105,2.122408751403426
fold1_room1_mix0139,bike_bell,4.892,9.051,4.159,9.824866265319546,14.669022515421943,16.31661052142686,12.835119968640349,5.800000000000001,9.341538912471059,1,1,1,55.374206296694105,3.4516158531698684
fold1_room1_mix0142,bike_bell,3.321,7.029,3.7079999999999997,13.217053171934843,17.69758308030615,21.220384067808055,18.684797615470316,4.7,9.28300682101214,1,1,1,44.041111499015244,6.6030224386876935
fold1_room1_mix0149,horn,0.984,6.249,5.265,20.71593730960091,15.919821957961217,49.01819856555869,51.30552619889693,4.3,12.49604371942387,1,1,1,52.53437609123398,5.011771564613521
fold1_room1_mix0151,siren,2.082,7.474,5.392,55.250915983774156,22.28313353698361,35.97429391415831,43.861558304553824,6.0,10.692956046353398,1,1,1,64.38298543984072,13.681199326879845
fold1_room1_mix0152,horn,2.307,6.591,4.284000000000001,23.065899505477883,18.248583519059558,29.77092803262626,31.8057527525458,4.9,14.040260358022621,1,1,1,59.0691918345844,6.993293796722389
fold1_room1_mix0156,bike_bell,4.952,9.614,4.662000000000001,13.691383186353175,28.843009489617625,14.12350870308444,7.651643754236616,5.7,12.801953445684699,1,1,0,57.26387288973979,6.5854035437104
fold1_room1_mix0158,bike_bell,4.752,7.356,2.604,12.808174130817985,17.20429618110048,-2.810858990775742,-5.373852735709399,5.5,11.655012421885335,1,0,0,61.443067767210515,6.9006784220719535
fold1_room1_mix0158,bike_bell,0.725,6.481,5.756,31.00633025563384,14.966934172300556,-2.6321189246945025,3.6942314742681006,5.300000000000001,12.914834610117651,1,0,0,61.443067767210515,6.2121709019227325
fold1_room1_mix0159,horn,1.154,4.2,3.0460000000000003,66.89405969892287,30.564133660828883,30.163062019731385,36.966571283431435,6.5,11.81264848091797,0,1,1,50.82597103629165,12.361486191580292
fold1_room1_mix0159,bike_bell,4.7,7.541,2.841,14.933367833876428,16.838096263522896,17.376245409724717,16.333540901212075,5.9,13.07438992653867,1,1,1,50.82597103629165,6.278578697439659
fold1_room1_mix0160,siren,1.01,6.312,5.3020000000000005,24.880375937111413,24.926157790771814,66.45127667006324,66.43530863492597,3.7,12.060312972606186,1,1,1,45.999264712494984,8.219864521266341
fold1_room1_mix0160,backup_beep,1.861,5.255,3.394,9.528100009354317,10.118911766333422,11.571030858480775,11.048480817419865,3.3000000000000003,8.622679251262616,1,1,1,45.999264712494984,2.7551909223030284
fold1_room1_mix0162,siren,0.444,5.303,4.859,41.13708404236243,10.084652680617864,40.76993248472009,52.98138365314608,6.7,3.8623341220370535,0,1,1,54.13763818607269,6.511133992611404
fold1_room1_mix0162,backup_beep,2.188,5.351,3.163,6.296967144326555,6.196813158362966,18.41448707621126,18.553747585473232,3.8000000000000003,5.6219111793590235,1,1,1,54.13763818607269,1.7213442205378842
fold1_room1_mix0165,backup_beep,3.173,7.649,4.476,11.236287561728027,11.8628320933348,8.439199943257954,7.967889179312486,4.6000000000000005,11.049671845667115,1,0,0,62.90104623033651,1.4199796226001635
fold1_room1_mix0168,backup_beep,5.274,9.649,4.374999999999999,14.749520976039387,15.571771559954168,-2.130122572693523,-2.6013247343387746,6.6000000000000005,14.570552599489295,1,0,0,57.56734591970174,1.7795865144395837
fold1_room1_mix0170,backup_beep,2.062,7.971,5.909000000000001,14.492146866183386,11.344600644751837,21.49485344544832,23.621723730497784,6.2,10.450595642162128,1,1,1,46.12380319150977,2.4463663769365205
fold1_room1_mix0174,siren,5.083,9.095,4.0120000000000005,13.294466914190602,20.059766706514175,52.58445705543563,49.011358048102146,6.4,10.693404822582044,1,1,1,49.06718275528829,6.2007219242115035
fold1_room1_mix0175,siren,4.001,7.07,3.069,33.669593615160004,17.385698325264055,28.71274477340333,34.453659474471934,6.2,12.140101668456717,1,1,1,63.3087533124948,14.288001629763214
fold1_room1_mix0177,bike_bell,3.798,7.294,3.4959999999999996,14.913525165743014,19.465899296667608,15.113993821828345,12.800110603796185,4.1000000000000005,14.861559142860722,1,1,1,43.39433328535203,3.952251844539512
fold1_room1_mix0178,siren,5.834,8.991,3.157,15.987882181234124,55.591056275765325,75.46017634423617,64.63589660632366,5.0,11.183766335859609,0,1,1,42.841265605702205,13.6297514234375
fold1_room1_mix0178,horn,0.474,3.757,3.2830000000000004,45.82783624765829,5.885950340903313,29.836481188171376,47.66273636645127,3.6,5.614627551268207,1,1,1,42.841265605702205,14.40923663620767
fold1_room1_mix0180,horn,3.667,8.653,4.986000000000001,27.920422286844484,21.38946134461316,30.613157481336202,32.927600176898835,6.6000000000000005,13.056069659332419,1,1,1,56.97799714766805,8.348198965870745
fold1_room1_mix0180,bike_bell,2.793,7.534,4.741,9.622786866616908,22.220864401988386,13.033193647015054,5.763991998986846,3.6,8.79988642947963,1,1,0,56.97799714766805,5.126824982777267
fold1_room1_mix0181,bike_bell,0.765,5.101,4.336,18.335720034853438,14.284769056793797,12.452760206688389,14.62125512008653,3.5,11.244127725792051,1,1,1,47.25856686363378,5.373128650108081
fold1_room1_mix0181,bike_bell,3.555,7.368,3.813,14.926846695950623,9.349723762584857,18.918879270866036,22.98226512370004,6.0,5.5134322940368286,1,1,1,47.25856686363378,5.6187393827723415
fold1_room1_mix0184,horn,2.625,7.369,4.744,23.12562455701787,23.79958574391469,40.63193328081873,40.38241473758957,4.9,14.077465163850068,1,1,1,53.94257079472857,7.913850818129033
fold1_room1_mix0185,backup_beep,2.739,6.183,3.444,14.757317079022076,15.983425753126683,24.25937813469686,23.566128949583316,3.7,14.511103357490676,1,1,1,45.59478331382179,2.7253704802981504
fold1_room1_mix0188,horn,2.349,6.625,4.276,18.522192768777956,17.32539823236794,31.248440012869274,31.82862349140816,4.6000000000000005,6.2269134995090285,1,1,1,52.97253578489936,7.861449968282214
fold1_room1_mix0189,horn,1.038,6.88,5.842,18.850505231608697,17.301331795999335,39.22107987281158,39.96594906844023,4.1000000000000005,10.295692261325708,1,1,1,47.49295947518281,5.083611395227646
fold1_room1_mix0190,horn,0.694,6.331,5.6370000000000005,62.24591057580278,17.71089204332989,33.29965874320075,44.2170665163396,5.1000000000000005,4.705897741446905,1,1,1,49.41385359074502,14.040027752612104
fold1_room1_mix0192,horn,2.108,5.272,3.164,30.91577805769543,17.299354493762944,34.09428740494861,39.13729305798983,4.3,12.692741013432451,1,1,1,54.50821789810997,12.629585035374463
fold1_room1_mix0195,backup_beep,0.828,4.109,3.281,7.126232583508344,3.6017957553223674,11.139612604757865,17.06643081816994,4.4,3.5771506589603446,0,1,1,60.56677518374489,1.7481402523660543
fold1_room1_mix0195,bike_bell,3.81,8.519,4.709,8.32375448731741,15.476508940040741,6.268109332089445,0.8810345142662399,4.5,8.019875108418868,1,0,0,60.56677518374489,3.2842192509622734
fold1_room1_mix0197,siren,6.547,8.688,2.141000000000001,7.628445369307118,20.427409194438937,51.91394960044206,43.35840463620526,6.0,6.660489350384413,0,1,1,53.56731694662991,7.279329499590144
fold1_room1_mix0197,bike_bell,3.277,9.08,5.803,7.7533744814192325,27.10280713909277,18.41766705739979,7.547196773879726,3.2,7.741511012222161,0,1,0,53.56731694662991,4.399996042065483
fold1_room1_mix0198,horn,3.684,8.928,5.244000000000001,27.434186459892572,37.21611363240198,19.855720037987894,17.206941377205283,5.800000000000001,12.860900060616125,1,1,1,58.59429574327943,11.281613728370303
fold1_room1_mix0199,backup_beep,4.325,8.922,4.597,4.387039877225226,4.630892968991404,22.13120081796879,21.661337588727292,6.4,3.747517749947573,1,1,1,48.770163616915866,1.088011431458547
fold1_room1_mix0199,bike_bell,1.351,6.836,5.485,18.610649809985542,12.730258076594634,14.697010501839415,17.995497085303626,4.9,8.800376693085749,1,1,1,48.770163616915866,4.667143489982257
fold1_room1_mix0200,backup_beep,0.956,6.588,5.632,8.864001431765402,10.508845008791868,9.348253659537193,7.869750273617697,3.1,7.832207990054578,1,0,0,64.66406750581214,1.9813422548309112
fold1_room1_mix0203,horn,5.745,9.651,3.9059999999999997,21.33656956936338,48.026574596762885,47.893392961768576,40.84625263363929,3.6,13.89472450866925,0,1,1,52.95101324719791,7.624173509090605
fold1_room1_mix0205,horn,3.765,8.848,5.083,4.100626440034939,39.91433463928467,49.71644588340468,29.950872153680017,3.5,3.6796371435717923,0,1,1,51.98086771255807,7.461691953027386
fold1_room1_mix0208,horn,3.074,6.065,2.9910000000000005,33.82239075185431,5.42133201129096,29.230484702217247,45.132450655340655,6.2,5.122440040412702,0,1,1,62.50577098136875,10.570649250781337
fold1_room1_mix0209,siren,1.861,5.734,3.873,33.07875114287746,23.016663402907287,67.24661007216969,70.39674483613805,4.2,12.925696266054857,1,1,1,47.91551082285833,12.782466504069287
fold1_room1_mix0210,horn,2.711,6.263,3.552,35.76671689973423,14.748499490375671,31.466217189120997,39.16084198265409,5.6000000000000005,12.339273373468705,1,1,1,64.49458045253901,11.727632786466705
fold1_room1_mix0214,siren,3.553,9.323,5.7700000000000005,6.034862470085235,74.78248192265961,45.45508949035256,23.592439543181953,3.8000000000000003,5.042360369369902,1,1,1,60.92102379705936,13.505736843450066
fold1_room1_mix0214,bike_bell,3.911,6.298,2.387,10.514142602216959,15.44531873820593,4.153118746815991,0.8126585056175628,4.4,9.97282109269411,1,0,0,60.92102379705936,6.3406658575638755
fold1_room1_mix0216,backup_beep,2.906,5.27,2.3639999999999994,9.342608634966403,8.347099172727207,31.107476414292904,32.08612807544506,6.800000000000001,8.1485131631034,0,1,1,42.92610361456644,1.1675624738872388
fold1_room1_mix0218,horn,0.359,4.934,4.575,80.8916269163217,26.120682636982664,45.71172475706577,55.530105708574126,6.7,14.151685014598911,0,1,1,44.52660960593667,12.609304968842569
fold1_room1_mix0220,backup_beep,2.138,5.324,3.186,6.421168264085217,3.918808620599753,22.89069417232446,27.17989408903003,5.1000000000000005,3.8945091793701736,1,1,1,50.95399512587849,1.7401064030781155
fold1_room1_mix0222,backup_beep,4.397,6.431,2.034,9.432564057994684,10.425122942375758,19.241415242118542,18.3723868016926,4.3,9.431860881920203,0,1,1,44.386130389016095,2.117332025891568
fold1_room1_mix0230,bike_bell,4.431,9.518,5.087000000000001,13.417834376299096,18.24248556371894,1.4308583228185938,-1.237173365305317,5.4,13.120191067709523,1,0,0,56.430391001260205,3.0448758441679655
fold1_room1_mix0231,bike_bell,6.509,9.028,2.519,15.355929697274163,31.777376203073302,-5.3937976182910745,-11.71063602495741,4.3,4.632083457509969,0,0,0,64.763211920999,6.668191933700859
fold1_room1_mix0233,backup_beep,5.35,7.468,2.1180000000000003,11.9040126697856,13.13916771563605,29.815462047240445,28.957972530985074,5.2,11.902012677715494,0,1,1,42.28670963591786,2.509859811608427
fold1_room1_mix0234,backup_beep,0.872,5.694,4.822,16.800587255549864,13.711258088287495,-6.021373555710305,-4.256430418892023,6.1000000000000005,13.688180282163891,0,0,0,59.96373814036323,1.855052901076432
fold1_room1_mix0234,backup_beep,4.649,8.306,3.656999999999999,6.389396476328105,11.64516932947556,12.116300566291613,6.902581166850894,4.9,6.34499120890063,1,1,0,59.96373814036323,2.875975613482029
fold1_room1_mix0236,siren,0.92,4.259,3.3390000000000004,82.40338084744846,34.73130647776021,41.84911110787376,49.35358930694755,6.5,10.526560301151632,0,1,1,47.75408781949424,14.56384263418707
fold1_room1_mix0236,backup_beep,3.664,6.042,2.3779999999999997,6.819193141793626,6.6118521408243875,22.83844652994069,23.10664369523591,5.0,6.378788122205107,1,1,1,47.75408781949424,1.7468289916475157
fold1_room1_mix0237,horn,3.101,7.902,4.801,10.748043192156567,25.43738174753575,30.013859690247358,22.53099959791146,3.8000000000000003,9.925000804251956,1,1,1,59.583099339643795,5.737982044018367
fold1_room1_mix0238,bike_bell,4.046,8.318,4.271999999999999,11.923163247055108,11.648099714662289,2.984378541931406,3.1871067493908782,6.2,8.573298012395245,1,0,0,63.63699250154521,3.7859428070384795
fold1_room1_mix0242,backup_beep,2.828,6.924,4.096,6.619672476127886,3.8608180000625762,24.415648407553412,29.098791865054274,6.2,3.641622632946838,1,1,1,40.29427109665465,1.6634483162954166
fold1_room1_mix0243,bike_bell,0.36,5.221,4.861,23.51726160821405,8.20458508428831,4.261654028638361,13.408256572127897,5.0,8.124457868335535,1,0,1,54.66689832764811,4.776189562354833
fold1_room1_mix0244,horn,1.089,4.043,2.954,47.62549086917307,19.27652090736568,19.03057067049466,26.886786895238068,5.4,12.982796227461947,0,1,1,61.653737547548694,10.687653453130885
fold1_room1_mix0246,siren,0.864,4.914,4.05,24.813903066060703,16.053625803174562,33.478977799392126,37.261416712194034,3.4000000000000004,5.5228314613173115,1,1,1,59.975024150838806,9.697213786950439
fold1_room1_mix0247,siren,3.984,6.929,2.9450000000000003,8.89557431033376,40.74059166921017,67.4342728202424,54.21720602154224,3.9000000000000004,8.839085507745223,0,1,1,57.718039939311396,13.16279334015601
fold1_room1_mix0247,horn,2.994,8.328,5.334,47.50946157898562,29.398745788192855,17.427778800081185,21.596804914534047,6.300000000000001,4.936653654749541,1,1,1,57.718039939311396,14.292010489947739
fold1_room1_mix0248,backup_beep,4.195,6.622,2.4269999999999996,9.80250701090238,10.28403954138995,11.526448482294398,11.109916957922579,4.4,9.799733071095455,1,1,1,56.88243253184784,1.3830898251282242
fold1_room1_mix0250,backup_beep,4.185,9.22,5.035000000000001,9.833905864745374,11.959869529041356,11.199331330462535,9.499323425440544,4.0,9.83012750416105,0,1,0,60.708723173685904,1.298431869068464
fold1_room1_mix0251,bike_bell,0.409,3.716,3.3070000000000004,23.711123547228926,14.149631527443862,9.984498371232647,14.468638430160688,5.300000000000001,12.509399949183807,0,0,1,47.64219280381488,4.091095112236583
fold1_room1_mix0255,backup_beep,0.954,6.619,5.665,15.086661662639008,12.307145742831812,13.898920650907222,15.667636795905032,4.7,11.190983897891718,1,1,1,56.94974059311273,2.69008182473404
fold1_room1_mix0255,backup_beep,2.811,8.516,5.705,10.848242388809082,5.284047496227619,12.159458462476103,18.407311815912912,7.0,3.7623269966779835,1,1,1,56.94974059311273,2.4338779778349453
fold1_room1_mix0257,bike_bell,3.368,6.773,3.405,14.843209916678802,15.904737542429295,10.553287378371756,9.953313829629074,4.800000000000001,13.314986431284934,1,1,0,50.090229412597445,4.482105788679458
fold1_room1_mix0258,siren,1.029,4.237,3.208,35.48906036615275,16.860496850507282,63.14311476027155,69.60759740829991,5.9,12.615878472595867,0,1,1,50.31626626364359,6.852914180673042
fold1_room1_mix0258,bike_bell,2.295,8.062,5.7669999999999995,17.98895808754725,13.121292388862061,7.685270793834384,10.425858728075625,5.800000000000001,7.03740203765482,1,0,1,50.31626626364359,4.79174649401263
fold1_room1_mix0261,siren,2.709,8.244,5.535,13.754115764629836,60.26328048080284,31.779011029941728,18.94660915402629,3.3000000000000003,12.101047106142637,1,1,1,64.20910331336184,11.850160388768074
fold1_room1_mix0263,backup_beep,3.801,8.871,5.07,15.517975191653239,15.579635871444223,17.75937639031622,17.724931393208948,6.300000000000001,14.895164933560487,1,1,1,50.01132833974336,1.7593317598123923
fold1_room1_mix0265,horn,1.14,6.354,5.214,36.22358154696033,40.78763274684423,39.63994082541429,38.60919858552898,3.6,7.274453049780348,1,1,1,41.228468273596086,14.503319037932282
fold1_room1_mix0267,backup_beep,3.646,6.58,2.934,4.898105126550101,3.956294679585863,40.62791303868628,42.482702439026106,6.2,3.9273174128260804,1,1,1,40.27810166840454,1.161140594469581
fold1_room1_mix0268,backup_beep,1.806,7.408,5.602,12.934499554278888,9.190331824795628,18.6235527279443,21.591921486893284,6.4,8.987695233074298,1,1,1,51.906815436121164,2.0035727032959563
fold1_room1_mix0276,bike_bell,2.185,5.25,3.065,24.342603685560224,14.304588039604974,-8.398403500312703,-3.780570029683183,6.9,12.248357955619072,0,0,0,63.65963068993465,4.452674287440267
fold1_room1_mix0278,bike_bell,2.192,7.934,5.742,11.608354395209805,23.31633360808646,11.13587395846168,5.078081914644564,4.0,4.060409494098479,1,1,0,60.7101159426011,5.893152055896342
fold1_room1_mix0280,siren,2.66,8.02,5.359999999999999,18.510941663997567,25.27523942105543,41.129143228010506,38.423807908125795,4.9,5.078358816484975,1,1,1,54.89783523927322,7.940396395383549
fold1_room1_mix0280,siren,2.534,8.397,5.863,45.70422368172896,23.58422773210473,37.43074997333609,43.177443508266876,6.4,3.7815311803613527,1,1,1,54.89783523927322,11.739292142287251
fold1_room1_mix0281,horn,1.669,6.014,4.345000000000001,49.30940230057004,11.97825758631216,25.649956493078562,37.94067829652606,5.800000000000001,11.80734769424954,1,1,1,48.03902696053434,11.491994243042726
fold1_room1_mix0282,backup_beep,3.103,8.735,5.632,14.70441711843511,19.655803211935144,13.923130864403802,11.402271230999816,3.7,14.630801412928628,1,1,1,57.63057634316458,2.5919122812237525
fold1_room1_mix0283,bike_bell,4.739,8.089,3.3500000000000005,13.271744756828168,15.408305978520517,23.918465279907096,22.6219278122381,5.7,12.781133163816143,1,1,1,43.54703098042917,3.6364805240252105
fold1_room1_mix0284,backup_beep,3.766,5.983,2.2169999999999996,9.161321716967194,6.862233244929393,11.416456493532259,13.926309673196627,6.800000000000001,6.657897003304026,0,1,1,48.869698139102255,2.088626055826303
fold1_room1_mix0285,bike_bell,5.832,8.745,2.9129999999999994,13.433577829271988,29.52421306877924,3.467804212376336,-3.371928488645466,3.6,4.071982340074925,0,0,0,63.522868373550125,5.643515075201083
fold1_room1_mix0286,backup_beep,2.398,7.99,5.5920000000000005,4.015782325373128,7.16523309854003,16.451934573127843,11.422731384198897,3.0,3.9463248353866494,1,1,1,58.19568748539214,1.2025250438450357
fold1_room1_mix0288,horn,1.498,7.406,5.9079999999999995,27.75944269493346,19.644954294608283,25.968538838174865,28.971733240992677,5.0,4.5607522658108115,1,1,1,51.24264573539524,7.869296606875399
fold1_room1_mix0289,siren,3.895,9.156,5.261000000000001,11.354958270345303,19.01528505663243,76.98460376891202,72.50625781388959,5.800000000000001,4.400696512952662,1,1,1,45.454860429745715,5.505912312799898
fold1_room1_mix0290,siren,4.629,8.326,3.697000000000001,15.976300531132257,19.308854570648595,34.4906906961271,32.84508489444225,6.2,9.180932099695363,1,1,1,62.32719613808516,8.132964937505829
fold1_room1_mix0300,bike_bell,5.397,9.451,4.054,7.2480272339428655,19.544315384005326,16.768922659942135,8.152909746507618,5.5,7.239732850883724,1,1,0,52.07117946901161,4.567644244387636
fold1_room1_mix0303,bike_bell,0.672,5.0,4.328,21.728108667295253,12.410116246671064,-0.26708279827221304,4.597838702124619,3.8000000000000003,10.144552066330148,1,0,0,59.73397368168904,6.091812133857855
fold1_room1_mix0304,siren,0.584,6.011,5.4270000000000005,55.66081024705429,5.961858995798257,65.89706438426592,85.30042085850795,5.7,4.84409698096501,1,1,1,42.1165185195839,10.85803608814075
fold1_room1_mix0304,bike_bell,1.615,7.318,5.702999999999999,10.755264154813963,17.06549038863964,18.256725806011147,14.246771982102672,3.2,9.08750603954099,1,1,1,42.1165185195839,3.541942992732959
fold1_room1_mix0305,backup_beep,3.515,6.578,3.063,8.624556442843216,9.311294923102745,12.33433829839462,11.668872021760798,4.2,8.558274155688968,1,1,1,56.04999300020666,1.5460348593895914
fold1_room1_mix0306,horn,1.119,5.371,4.252000000000001,53.20964083155452,16.962647998764844,25.747263089537512,35.677196640024675,4.7,13.440468479246055,1,1,1,58.46504491561828,14.546938946780598
fold1_room1_mix0308,backup_beep,1.906,5.742,3.8360000000000003,9.522759133956376,8.013118158228353,-0.22285901545475895,1.2763660410168427,5.300000000000001,7.991661825366713,1,0,0,61.79214773154493,1.5040800401982948
fold1_room1_mix0310,siren,4.893,8.777,3.8839999999999995,14.884818417962165,36.88656744931349,46.56493469597354,38.682440655932545,4.1000000000000005,13.719316306883675,0,1,1,57.046733692095835,7.329116808257348
fold1_room1_mix0312,siren,2.655,8.337,5.682,12.952878955183976,59.758735684539985,59.3201392688659,46.03943739927453,3.1,12.197806398512018,1,1,1,45.96475710210869,11.06891891633989
fold1_room1_mix0314,siren,4.507,8.297,3.790000000000001,23.200710067174356,19.053376657931512,58.08990753292075,59.80049401154096,6.6000000000000005,6.32860359952863,1,1,1,51.24614172599834,10.631336890190124
fold1_room1_mix0315,siren,3.175,6.09,2.915,19.783688209938035,16.682673660082393,39.576254074931136,41.05708616620594,4.800000000000001,11.840502383449387,1,1,1,57.297644016784865,9.474129380342871
fold1_room1_mix0319,horn,1.139,6.974,5.835,51.16713285751567,12.617227015464342,29.02203013279209,41.18257342989936,5.9,6.3162769504155705,1,1,1,42.60773468515813,10.575552788290064
fold1_room1_mix0322,horn,3.388,7.559,4.171,8.731849015562043,18.11024562603115,35.29899437992789,28.962631919972793,4.7,3.3806133873631694,1,1,1,63.09381510018311,6.195959186495097
fold1_room1_mix0323,backup_beep,5.697,9.15,3.4530000000000003,6.410663129700904,8.08899711850737,29.950133785709866,27.9302992912843,6.800000000000001,5.853395866697847,1,1,1,48.82525932300601,2.3739480128396906
fold1_room1_mix0323,backup_beep,3.954,8.929,4.975,12.376656538114817,11.88107577807414,19.77713309731159,20.13208456244145,6.800000000000001,11.260293982938817,1,1,1,48.82525932300601,1.7944302091239623
fold1_room1_mix0325,backup_beep,1.588,6.339,4.751,17.66224134918743,11.266612155827488,9.914289492063531,13.819338904886834,6.2,11.262948615124714,1,0,1,56.73145929196076,2.927899263590735
fold1_room1_mix0325,bike_bell,2.961,8.147,5.186,11.42337746639379,22.39263808791655,8.74052534389746,2.894310674346052,3.8000000000000003,10.833034121126396,1,0,0,56.73145929196076,4.478478294406868
fold1_room1_mix0326,horn,2.827,7.453,4.626,30.807475385484402,22.541942577098883,49.67380964923525,52.38710506975589,5.6000000000000005,11.980500832541805,1,1,1,42.37799250652448,10.263180354296018
fold1_room1_mix0327,siren,2.906,8.687,5.780999999999999,23.408705848199816,52.579838920140574,49.93415413117115,42.90531719243969,4.7,4.851595091126801,1,1,1,58.76794695357943,13.0189138522606
fold1_room1_mix0327,backup_beep,6.587,9.433,2.846,15.968271308465962,21.03706075724373,8.651157217825705,6.256614050542844,3.5,13.589616284370488,0,0,0,58.76794695357943,2.6962592282285227
fold1_room1_mix0328,horn,2.294,7.998,5.704000000000001,18.07141356007507,43.129957239620765,36.684871857975835,29.12913380137323,3.8000000000000003,9.563621170651816,1,1,1,48.48759607122025,10.061561299713233
fold1_room1_mix0329,horn,0.324,6.085,5.761,32.220405431948144,15.577586199110083,20.85349133414912,27.16610808940873,4.6000000000000005,11.82416410580056,1,1,1,59.87988743041003,6.963455217889024
fold1_room1_mix0333,backup_beep,5.115,7.893,2.7779999999999996,3.915429974639022,7.888433383732988,29.72461481046865,23.64038878839453,4.3,3.571724078977582,0,1,1,41.189325190687114,1.9543904215651644
fold1_room1_mix0334,bike_bell,1.068,4.364,3.296,23.465198474199056,6.537134046253306,-0.6289544715354225,10.471782358660974,4.800000000000001,6.090503621606214,0,0,1,56.626436225324866,6.150024942890074
fold1_room1_mix0335,siren,0.345,4.038,3.6930000000000005,60.995942091143476,23.743612867004416,51.78602220756348,59.98110502416719,5.800000000000001,14.275836975287369,0,1,1,48.08351822529998,10.92010267684321
fold1_room1_mix0335,horn,5.608,8.729,3.1209999999999996,11.610056054325144,32.9675966768036,47.835777435096716,38.77071799773945,6.4,3.562129400411298,1,1,1,48.08351822529998,14.04197040194377
fold1_room1_mix0337,horn,2.517,6.014,3.4970000000000003,42.16504537528877,9.103744741954353,17.155831143457107,30.47048114137327,5.4,4.115145249321627,1,1,1,56.35196918620781,14.331019229945435
fold1_room1_mix0339,backup_beep,4.732,7.045,2.3129999999999997,6.638460164429729,5.880087858630938,33.109537553958546,34.16320831968635,6.9,5.876996968148846,1,1,1,41.268313349782616,1.41732896151084
fold1_room1_mix0340,horn,5.423,8.263,2.84,12.95042790739394,19.021657459419533,33.93020340668892,30.590918645179244,6.0,12.311419886387894,1,1,1,50.405900370847775,6.524205896551897
fold1_room1_mix0340,bike_bell,6.556,8.572,2.015999999999999,13.237723018427658,18.76737134733047,12.699891823566006,9.668088671821245,6.300000000000001,13.127380358660337,0,1,0,50.405900370847775,5.799698097271784
fold1_room1_mix0341,horn,1.247,3.883,2.636,30.47695599695709,18.51338686136384,42.91085778477383,47.240572017286574,6.4,12.750853557787003,0,1,1,50.420447899113604,5.409066109083657
fold1_room1_mix0341,backup_beep,5.038,8.986,3.9480000000000004,5.59626276757995,9.934191885917436,25.264385859119663,20.27969693448967,5.4,5.529059982839781,1,1,1,50.420447899113604,2.3096633817151666
fold1_room1_mix0342,backup_beep,0.517,4.527,4.01,17.205789635394787,10.512904498359564,7.327950944651178,11.60698873554864,7.0,8.921022955965753,0,0,1,59.29346819057372,2.281789173245592
fold1_room1_mix0343,horn,1.837,4.056,2.2190000000000003,49.92215353605293,28.130886570677582,27.480784052007316,32.4629818930816,6.6000000000000005,10.034459776956417,0,1,1,49.39322337234584,10.19462696292837
fold1_room1_mix0346,bike_bell,0.582,3.587,3.0050000000000003,19.688892640573776,4.240798356225612,25.322439872497583,38.65791323217995,3.6,4.2438984740997014,0,1,1,40.501189673234805,6.43675014677293
fold1_room1_mix0351,horn,1.043,6.594,5.551,32.05537621301892,38.378734028447184,30.192564272450483,28.628768940506006,3.6,7.627975645820167,1,1,1,61.61394650683175,12.38622445906563
fold1_room1_mix0354,backup_beep,1.752,5.198,3.4460000000000006,11.908367560199505,8.52566043411697,6.050007562756946,8.952491557015065,5.7,8.456295374780419,0,0,0,53.23110523412544,2.118105503636355
fold1_room1_mix0355,siren,0.819,5.566,4.747,20.80385079413538,15.819489977027557,47.448373048054464,49.82739810163406,3.9000000000000004,13.471794777576482,1,1,1,60.70375823018529,5.087080297219887
fold1_room1_mix0355,bike_bell,1.046,5.316,4.27,14.35916325541299,14.408356230221866,0.9470867252657413,0.9173806418576618,3.2,12.226105957904405,1,0,0,60.70375823018529,3.5494220425339638
fold1_room1_mix0357,horn,2.466,7.404,4.938,19.293762766002096,12.322203118681099,52.300944506909396,56.195515922411836,5.5,5.157264156542585,1,1,1,41.72548344968387,6.032568075573447
fold1_room1_mix0357,backup_beep,0.781,4.137,3.3559999999999994,10.119774546616185,7.714830540451667,28.477985939536644,30.83487486238449,6.0,7.302241427804938,0,1,1,41.72548344968387,1.3459544938958405
fold1_room1_mix0359,bike_bell,3.316,9.192,5.876,23.080482647395716,17.592070712480805,-9.114312187312436,-6.755753701429647,6.800000000000001,9.92954934678492,1,0,0,63.909338181745234,6.0173965342226445
fold1_room1_mix0360,siren,0.791,3.047,2.2560000000000002,25.908813085257492,13.700438928359437,62.60419118615406,68.13845192152527,4.4,10.24690383088072,0,1,1,44.523982184072445,6.515755748813071
fold1_room1_mix0360,bike_bell,0.586,5.944,5.358,21.037061865465052,14.143751464101069,21.426799100053692,24.875208457286128,3.9000000000000004,6.6210708028888225,1,1,1,44.523982184072445,6.0595512810468195
fold1_room1_mix0363,horn,3.905,6.267,2.3620000000000005,10.118063673240117,23.31993590262815,49.99698634611721,42.744387460608465,3.7,9.9678622629862,0,1,1,46.08361443607316,8.189836836175767
fold1_room1_mix0367,backup_beep,3.362,8.884,5.522,6.411970346331121,13.25124024410656,10.500895411425702,4.1955949596243585,4.7,5.197311217533064,1,1,0,51.701307797987994,2.8878396510955398
fold1_room1_mix0370,bike_bell,3.392,6.134,2.7420000000000004,12.952483446912057,14.057803466261095,3.528101010875986,2.816812581388916,4.5,11.816385650172204,1,0,0,64.87116913130383,4.712351623806526
fold1_room1_mix0371,backup_beep,5.66,9.635,3.9749999999999996,4.561931948031481,10.317349332836423,13.739921885910604,6.651535225753108,4.3,3.895313083665423,0,1,0,62.78228108476294,1.8058717099680655
fold1_room1_mix0372,bike_bell,1.271,3.312,2.041,19.90826640181585,15.2265338288637,9.95793429267912,12.286582130720866,6.0,12.434044124278618,0,0,1,44.55170789096909,3.3114844787608737
fold1_room1_mix0372,bike_bell,0.841,5.229,4.388,30.525002696367924,8.556329201536606,19.770817413316102,30.81818192216172,6.800000000000001,3.300519833565748,0,1,1,44.55170789096909,5.1164445548870265
fold1_room1_mix0374,siren,0.535,4.703,4.168,68.36274856574053,20.974607640694284,26.977748566415727,37.24026196601989,5.9,14.548864112828513,0,1,1,62.3174618968857,12.400772010366246
fold1_room1_mix0376,bike_bell,1.788,7.342,5.553999999999999,14.524537635656287,29.421587010562714,14.288593691428233,8.157318115965658,3.3000000000000003,10.403447548144792,1,1,0,52.13341718795958,6.78022499257133
fold1_room1_mix0377,horn,4.045,8.053,4.008000000000001,15.566440502795176,12.199720348967618,22.88200908411804,24.99879789382257,6.300000000000001,4.108653405239173,1,1,1,59.67190240901999,6.612350306157997
fold1_room1_mix0380,backup_beep,1.494,4.159,2.665,9.123136069512599,6.717241847177058,23.3341841444948,25.993247492958645,4.7,6.635089011207199,0,1,1,46.515921438865774,1.9565372503289178
fold1_room1_mix0380,bike_bell,1.689,5.762,4.0729999999999995,21.036229629296322,16.013366230146797,17.98163945828243,20.351344791930188,4.3,12.691901850447143,1,1,1,46.515921438865774,6.517347834717933
fold1_room1_mix0381,siren,1.099,4.085,2.9859999999999998,32.988542842594796,8.497648750739188,36.22951028195145,48.01079741919301,4.5,7.615457603508726,0,1,1,60.6169623176545,9.485643624507373
fold1_room1_mix0383,backup_beep,4.077,9.364,5.287000000000001,6.82006536277408,9.5933254170121,15.639037443346638,12.675424651401087,3.6,6.7990360046112945,0,1,1,56.326727452433005,1.178773026317589
fold1_room1_mix0383,bike_bell,0.668,4.21,3.542,14.674662939517072,3.737637814157249,12.00297540117191,23.882393798131403,4.6000000000000005,3.501593564089213,0,1,1,56.326727452433005,3.653069504232629
fold1_room1_mix0391,siren,5.392,8.847,3.454999999999999,35.676484619588486,85.25264885027975,45.91101304360919,38.34449650298836,3.0,9.179295785024312,0,1,1,53.20969302613767,14.553021881361989
fold1_room1_mix0392,bike_bell,4.891,8.527,3.6359999999999992,8.517549221645512,16.857540091920715,8.569763369049,2.640172383991583,3.8000000000000003,7.771535802096824,0,0,0,56.62170787862995,3.1554209381508347
fold1_room1_mix0398,siren,0.408,5.712,5.303999999999999,70.98240818429288,13.142245563871091,50.38632410661986,65.0359471385153,6.800000000000001,4.279343383720627,0,1,1,56.28909491619064,11.014432547358414
fold1_room1_mix0398,siren,1.419,6.244,4.824999999999999,54.58225453929687,22.945146930999584,52.32752707049762,59.85473961677466,5.0,14.306605061299885,1,1,1,56.28909491619064,14.635311655187436
fold1_room1_mix0401,backup_beep,5.424,9.324,3.8999999999999995,5.858528079488212,11.28144852310999,33.09638176830874,27.40485476307054,5.0,5.796039434284508,0,1,1,41.41496030158715,2.261539964527383
fold1_room1_mix0402,bike_bell,4.136,6.203,2.067,8.888105712291065,17.674899618817975,21.057902479275903,15.08694758605958,3.4000000000000004,7.955951991985156,0,1,1,44.330612905169424,5.716136142234962
fold1_room1_mix0404,bike_bell,1.385,6.328,4.9430000000000005,20.347733516436666,15.1597571206358,7.581974717460518,10.13845067527106,4.800000000000001,13.62571323457258,1,0,1,52.2774819723493,4.401735994099585
fold1_room1_mix0405,backup_beep,4.254,9.224,4.970000000000001,9.5652711685904,11.394386947594779,16.97982817655234,15.459954630239231,4.4,9.562649982280508,1,1,1,53.82286715072026,1.2923763129295445
fold1_room1_mix0405,backup_beep,4.902,8.731,3.8289999999999997,12.839946176180307,15.882201074782376,17.835873067697044,15.988923330911923,5.1000000000000005,12.833950067479742,1,1,1,53.82286715072026,2.5493259165598445
fold1_room1_mix0406,siren,3.706,7.071,3.3649999999999998,13.47955925475487,39.88674917333905,62.84352438893505,53.420465389679606,4.3,11.152724831155963,1,1,1,58.595444246519435,13.636620518690295
fold1_room1_mix0406,siren,4.542,7.07,2.5280000000000005,19.96258039206301,16.25521410166349,50.85918895637235,52.64366863713485,5.9,5.4733995168322815,1,1,1,58.595444246519435,13.658690977181674
fold1_room1_mix0407,horn,0.831,5.578,4.747,43.61014121472298,14.378093955591162,20.58270159263379,30.220425107260148,5.7,14.340710885993994,0,1,1,62.91636747751492,8.457689942520735
fold1_room1_mix0408,horn,7.09,9.662,2.572000000000001,5.7770030007848625,21.909913017825502,34.40725371157092,22.828492505794287,6.9,5.654598294516682,0,1,1,59.42523462960526,7.759555797497768
fold1_room1_mix0408,backup_beep,4.619,6.888,2.269,10.846814294163673,13.651562154756284,4.465479087793163,2.4678761681705197,3.6,10.49771163966343,0,0,0,59.42523462960526,2.6431261502286
fold1_room1_mix0412,horn,0.503,4.899,4.396,53.150095453344264,11.881270012392749,31.804982009692765,44.817805671650774,5.800000000000001,8.01021287915309,0,1,1,42.87416469988932,9.955920476199871
fold1_room1_mix0414,horn,0.619,3.536,2.917,67.18498544155268,29.53904291995797,23.856777974215106,30.9942941252325,5.6000000000000005,9.884276944283162,0,1,1,57.56996619306375,13.237874498825274
fold1_room1_mix0415,bike_bell,0.721,4.397,3.676,24.65635241759163,9.768472779688144,7.9028563061199435,15.944899470276681,4.2,9.694451945082326,1,0,1,55.85770808752207,6.494393464364986
fold1_room1_mix0416,bike_bell,1.484,6.371,4.8870000000000005,18.997730537760653,10.629635327668641,9.168305448005071,14.211972608106478,5.4,9.735894489115568,1,0,1,55.05968463475804,4.212091905534804
fold1_room1_mix0417,siren,4.45,7.183,2.7329999999999997,12.696560905411367,23.119482093685694,57.833079657062434,52.62723964149709,3.4000000000000004,11.479519638286456,0,1,1,51.888025349413475,5.357198641785144
fold1_room1_mix0417,bike_bell,0.826,6.014,5.188000000000001,22.916353902807344,20.380050157895703,10.679444258764057,11.698249699136461,3.7,14.898182486146668,1,1,1,51.888025349413475,6.036909701469471
fold1_room1_mix0419,horn,0.623,4.746,4.123,54.364848187614626,7.047739902138513,10.191695599338132,27.937061831634438,5.1000000000000005,5.746661002406252,0,1,1,63.278507799300954,12.121140638041236
fold1_room1_mix0422,bike_bell,4.973,7.876,2.9030000000000005,5.70238809792962,12.865634451755117,30.70614858803554,23.63865986455678,5.7,3.9834956756755404,1,1,1,46.95091939143271,5.619611312058554
fold1_room1_mix0423,bike_bell,3.086,8.858,5.772,16.16754618966097,16.19337662703127,-4.507232636464515,-4.521098766130876,6.0,6.490517185630419,1,0,0,62.442296746086484,5.1359886947117435
fold1_room1_mix0425,backup_beep,5.231,9.427,4.196,9.500120190936894,11.656269289120088,16.262376150062984,14.485766702779507,5.2,9.500408018238407,0,1,1,46.21028758171699,1.616671473363023
fold1_room1_mix0427,backup_beep,1.063,4.63,3.567,9.376409123399643,3.7342008145645686,30.027147745804648,38.02392533438043,4.0,3.236403414773855,1,1,1,42.41276461774279,2.989366702429587
fold1_room1_mix0432,horn,2.32,6.187,3.8670000000000004,44.46968260486815,14.345199772596388,37.68945899315276,47.516607575231426,7.0,12.376311196874374,0,1,1,54.409466081343886,9.169152708547287
fold1_room1_mix0433,bike_bell,2.913,8.297,5.384,14.877481434801755,18.581470531124868,8.759720038924321,6.8287067601422535,4.800000000000001,13.17122009651137,1,0,0,49.649140279095924,3.7195304174350357
fold1_room1_mix0434,horn,0.479,3.337,2.858,42.815355148599274,9.726575623590172,33.318738287579265,46.191529948391235,3.4000000000000004,9.667936485929658,0,1,1,50.75484963790356,14.215264529286145
fold1_room1_mix0439,bike_bell,4.092,9.262,5.170000000000001,11.91199310548898,19.131848642179147,20.34847168698205,16.233021627003247,6.0,3.281018033888886,1,1,1,44.695362523076014,5.8616562946860595
fold1_room1_mix0439,bike_bell,0.859,6.729,5.87,22.33722852173989,20.58364278315432,16.0275073830254,16.737648401991734,4.0,11.26199637331879,1,1,1,44.695362523076014,6.222028666350819
fold1_room1_mix0442,horn,2.535,6.319,3.784,41.400308785366924,14.312336788833209,29.48738307244973,38.71324373462333,6.2,14.265281316603904,1,1,1,47.67705885334705,10.578393326476736
fold1_room1_mix0443,horn,1.541,3.656,2.115,55.157318149990175,29.837891089752905,19.626707097095448,24.963407445235603,5.9,10.593768305281241,0,1,1,52.013811972709135,12.404939785345547
fold1_room1_mix0444,backup_beep,2.661,7.372,4.711,10.274356419359787,8.068232304657867,12.675612653867077,14.775137319030122,6.7,7.993068153343313,1,1,1,58.00039432509983,1.6035804755363179
fold1_room1_mix0445,siren,4.927,9.223,4.296000000000001,14.570781429258554,41.79870041719206,50.524475850498376,41.37087713893804,3.5,10.45718637666503,0,1,1,53.11384958996594,7.058333530439032
fold1_room1_mix0446,bike_bell,3.737,7.582,3.8449999999999998,10.63155238916041,17.177341553500696,14.284426707340181,10.117241354792007,5.0,7.315307997901412,1,1,1,52.82288555692613,6.048639850992444
fold1_room1_mix0446,bike_bell,5.766,8.531,2.7650000000000006,12.52803662524531,27.7254244274931,11.968003562543352,5.068099786592484,3.8000000000000003,5.0885092198075546,0,1,0,52.82288555692613,5.71618178234308
fold1_room1_mix0449,siren,3.482,9.031,5.549,24.805153226876556,43.834855588658066,33.00527196921646,28.0597186487692,5.5,5.520430349367874,1,1,1,62.635075316496746,12.195838865148401
fold1_room1_mix0449,bike_bell,1.992,5.98,3.9880000000000004,15.557988293134457,13.19110199890981,7.393078166516126,8.826525403895594,4.2,4.770976252010367,1,0,0,62.635075316496746,6.7977577345132065
fold1_room1_mix0451,siren,5.651,9.09,3.439,28.626067018852066,65.03072560539188,36.432357151250535,29.30521882851911,3.4000000000000004,13.189665588109076,0,1,1,55.45908380169056,11.128582769747467
fold1_room1_mix0451,siren,2.427,8.418,5.991,29.97859892102606,26.43681688362894,31.93940082767879,33.031444206410406,5.6000000000000005,4.441006174740201,1,1,1,55.45908380169056,9.298898391125482
fold1_room1_mix0458,bike_bell,0.454,6.297,5.843,19.330657210248695,18.859012701211295,-2.826272945866613,-2.611719614480897,3.4000000000000004,11.991784294729596,1,0,0,61.61409040284333,5.086265200305208
fold1_room1_mix0459,siren,2.148,4.671,2.523,12.869661452367126,4.869255964679657,40.30666282511097,48.74875317778392,4.2,4.205832658473055,1,1,1,56.23366541991371,5.80013769579474
fold1_room1_mix0459,bike_bell,0.826,6.511,5.6850000000000005,35.80312340525057,6.394032201493419,-2.978902030878949,11.984019895171791,6.0,5.098278438792476,1,0,1,56.23366541991371,6.915352381696437
fold1_room1_mix0462,backup_beep,1.14,5.827,4.687,11.581881877230241,10.347951274200717,7.248169177580927,8.226664301822765,6.0,10.3468166240395,0,0,0,53.74723091036617,1.0770389465877208
fold1_room1_mix0463,horn,2.149,5.43,3.2809999999999997,39.01126986730645,14.877321228361348,29.11913164731989,37.49243858874428,4.7,11.216364413015421,1,1,1,47.08688310073801,14.376451490902868
fold1_room1_mix0464,siren,3.315,8.963,5.648,12.689692624579124,80.64110577847192,65.06666511747488,49.004557681665865,3.6,12.166558269638283,1,1,1,47.22971660062249,14.760777023699386
fold1_room1_mix0466,horn,1.031,5.937,4.906000000000001,39.02168425889749,33.0764377626427,30.2613062047894,31.697051792914046,3.7,11.91964526474091,1,1,1,50.40558896384676,13.862902417808291
fold1_room1_mix0467,horn,4.696,6.743,2.0470000000000006,7.055587253856897,23.558264661928092,43.53702753654612,33.06482494651844,4.0,4.36281481957382,0,1,1,45.46588744762656,8.59482892617439
fold1_room1_mix0468,backup_beep,1.348,4.337,2.989,16.61961200475891,14.824180042660563,-10.275285288223174,-9.282281293164047,5.9,14.56578379141217,0,0,0,64.16894232995415,1.755538674134244
fold1_room1_mix0468,backup_beep,0.707,4.476,3.769,14.709884512301235,9.584497971639644,-1.2974048148478587,2.423393050593404,5.4,9.297937358105406,0,0,0,64.16894232995415,2.406638020581754
fold1_room1_mix0470,backup_beep,1.852,5.602,3.75,12.196790499717604,7.960236721981845,16.36626763764002,20.07265926049375,5.5,7.957301739728924,1,1,1,42.766771989463464,2.523484607837943
fold1_room1_mix0472,bike_bell,2.587,7.944,5.356999999999999,8.096316544686927,15.553741236272579,24.898917184857147,19.227969388258067,3.7,7.139853327659187,1,1,1,41.59722713905368,3.2928211562377903
fold1_room1_mix0477,siren,5.479,9.481,4.002,9.31589957269246,51.88850431058443,53.82654155044369,38.9096144663407,5.7,8.84551554300186,1,1,1,49.13017292281609,13.506368706716996
fold1_room1_mix0478,horn,1.865,6.56,4.694999999999999,24.946623496167437,22.9075060945244,43.502840538516494,44.24351977402023,4.4,14.688588377485145,1,1,1,44.54755703797497,8.039327424683002
fold1_room1_mix0479,siren,0.47,3.662,3.192,66.08540389668418,32.96041372782517,33.68851707429428,39.730774958259715,6.4,14.827763434770958,0,1,1,55.330394853878346,10.952656075610996
fold1_room1_mix0481,siren,1.621,7.102,5.481,76.68276499610339,9.24661744800339,15.745613345072499,34.11991082063223,7.0,9.079640842484682,1,1,1,63.03131811851735,14.217150541131064
fold1_room1_mix0483,bike_bell,5.603,8.84,3.237,14.055718622302225,18.608221700097126,8.303487490106576,5.866451148267089,6.300000000000001,13.66224583252377,1,0,0,57.5688791584371,4.924063760094045
fold1_room1_mix0483,bike_bell,1.47,5.049,3.5790000000000006,24.08704417519704,9.707399358533484,-4.9189342999720935,2.9746779486440715,6.1000000000000005,8.138138071951456,0,0,0,57.5688791584371,4.854988745577289
fold1_room1_mix0485,siren,3.291,7.508,4.2170000000000005,17.092854476011972,46.09606118725615,49.51726474458795,40.900280299849584,4.3,10.364929845913517,1,1,1,44.410371989382554,13.876006417500848
fold1_room1_mix0497,horn,0.426,4.215,3.7889999999999997,63.65037411575703,15.054688719949379,41.96203677195722,54.484620380666364,4.7,13.314789810004305,0,1,1,46.00603897417941,14.572810681077568
fold1_room1_mix0498,backup_beep,2.937,8.371,5.434000000000001,6.668324738595405,6.80201298854235,-0.32052171652626527,-0.4929360295514016,5.6000000000000005,5.476925474203773,1,0,0,63.95826788216556,1.4423933784440166
fold1_room1_mix0498,backup_beep,0.329,5.51,5.181,11.180739679814357,7.8562894148235625,1.801643876129532,4.8667051175250435,5.0,7.796531470547581,1,0,0,63.95826788216556,1.7342998718464824
fold1_room1_mix0500,horn,3.103,8.829,5.726000000000001,29.21227839937901,32.81562887517928,31.6324002961495,30.622094285445414,5.800000000000001,12.675260020524034,1,1,1,61.75045756332308,9.883324104029672
fold1_room1_mix0503,horn,5.637,9.021,3.3840000000000012,16.61052463011052,32.46263039613806,39.24708819922531,33.427081047085785,6.6000000000000005,11.472742192500064,1,1,1,58.59884311935988,12.523568610087594
fold1_room1_mix0507,backup_beep,3.809,6.99,3.181,8.901168599420414,5.648813888109864,9.725056873986077,13.67485209324758,6.800000000000001,5.6290788502416325,1,0,1,56.832417777835815,2.316323832147603
fold1_room1_mix0508,horn,4.796,7.293,2.497,19.743505994224158,10.276236994163733,25.01148994655287,30.68329323393077,6.6000000000000005,6.691108601759121,1,1,1,62.47192874420047,10.57117454493485
fold1_room1_mix0509,horn,5.171,8.901,3.7299999999999995,17.55970694114623,47.29833516625916,56.21205731725095,47.60548549937796,3.3000000000000003,8.282228174332682,0,1,1,44.66101958017791,8.333380080613559
fold1_room1_mix0515,siren,4.162,6.795,2.633,11.190829491457773,23.99363810817706,56.169792043140106,49.54511553321606,3.5,10.333853184998135,0,1,1,62.87871784853732,6.592821611083504
fold1_room1_mix0516,backup_beep,1.225,3.653,2.428,7.321405054745798,3.5287912920467837,22.282122090286542,28.62149132375884,4.5,3.079812994242876,0,1,1,50.698048172043805,2.026184399030687
fold1_room1_mix0517,horn,2.802,7.128,4.3260000000000005,18.574115656615916,19.108802815698873,20.35922492964147,20.11271825995901,4.9,12.979782224117116,1,1,1,59.20274821191967,6.313057784561612
fold1_room1_mix0519,backup_beep,2.95,5.921,2.971,8.787611374476091,5.451403072196401,11.354519245191426,15.501770199964767,5.7,5.42868020572814,1,1,1,61.483740480168876,2.4942121423274664
fold1_room1_mix0520,siren,0.478,4.825,4.347,57.94147342648556,10.572009375148317,42.939832459824316,57.716472366632146,4.7,10.50279190917664,1,1,1,43.87177212846815,13.401434207144895
fold1_room1_mix0526,bike_bell,2.396,7.997,5.601,32.75434184910999,14.915534206892868,2.077324748058814,8.909926046077416,6.9,13.186639798250466,1,0,0,57.148696993048674,6.598666098638084
fold1_room1_mix0535,siren,3.328,7.786,4.458,9.12938125441244,28.763153839385243,56.179924294555754,46.21202109530899,4.3,4.286895179654241,1,1,1,48.98018925137287,8.188202567158584
fold1_room1_mix0535,siren,0.499,5.607,5.1080000000000005,79.08340978017037,6.7075898108942456,41.63951036377001,63.06988816079102,5.9,5.579010520296934,0,1,1,48.98018925137287,14.707268940349898
fold1_room1_mix0538,horn,4.669,9.404,4.735,7.457900164560352,63.99732105335181,47.11122556692409,28.44032098084743,4.1000000000000005,3.302849286844977,0,1,1,47.07453136005064,12.085116809742242
fold1_room1_mix0539,siren,2.941,7.453,4.5120000000000005,9.751870939836808,37.381643682133806,70.08009702834872,58.40868805833881,3.3000000000000003,9.135562056758264,1,1,1,52.27100797933218,8.792392356138201
fold1_room1_mix0541,siren,1.208,7.199,5.991,37.88355188793493,3.8677886763589173,51.29070547945247,71.11046454445973,7.0,3.5332221158659736,1,1,1,43.29206920390068,6.563268783387139
fold1_room1_mix0541,siren,1.646,4.724,3.0780000000000003,13.795712255415788,9.872981608530655,56.66286313768505,59.568779127062626,3.5,4.9416681197185985,1,1,1,43.29206920390068,6.9615362651950665
fold1_room1_mix0542,horn,5.288,7.398,2.1099999999999994,7.564768357518452,14.155403422469364,60.20283284871551,54.7603005059832,5.5,7.478358260401525,1,1,1,44.816526070179,6.243013885645371
fold1_room1_mix0543,horn,3.705,8.045,4.34,27.09570665597626,22.98415218677309,23.298670461033197,24.72811032650816,6.1000000000000005,12.174074818564986,1,1,1,60.32331556628202,10.069674080637656
fold1_room1_mix0543,backup_beep,0.89,3.799,2.909,17.57468781641064,14.894859355793526,2.569360631751202,4.006384882132863,6.0,14.192578852815279,0,0,0,60.32331556628202,2.0093014290049993
fold1_room1_mix0545,backup_beep,4.409,7.757,3.348,9.856714333019472,7.467861223763622,21.777832780173078,24.188551404709834,6.9,7.020172615001434,1,1,1,41.62103388857343,2.828553457903636
fold1_room1_mix0546,backup_beep,3.684,5.943,2.2589999999999995,6.847953675568294,6.873993406032516,32.28541295198223,32.252447004048825,4.800000000000001,6.6900413817148205,1,1,1,40.34215147765327,1.346970915612279
fold1_room1_mix0549,siren,0.652,6.129,5.476999999999999,62.832239745116745,21.35028154571323,41.43109653267751,50.80667522486315,4.9,12.161588030928426,1,1,1,45.88497775445865,14.459331945240725
fold1_room1_mix0549,horn,1.526,4.777,3.2510000000000003,37.20833253458338,7.202213449230241,45.18615645254997,59.44964084473829,4.800000000000001,7.18852990523581,0,1,1,45.88497775445865,11.07175757166921
fold1_room1_mix0550,horn,4.452,8.911,4.459,22.484523320787737,35.864762331035514,41.48300588651344,37.42732043897752,6.1000000000000005,8.380935382991945,1,1,1,40.459527715333095,12.500258426619858
fold1_room1_mix0550,backup_beep,1.853,7.589,5.736000000000001,8.559181983364015,8.607614333333132,32.920638617707,32.871627823248346,4.7,6.818651661696697,1,1,1,40.459527715333095,1.8177882324162904
fold1_room1_mix0551,bike_bell,2.799,7.47,4.670999999999999,7.166595799449546,11.607126717116138,8.249967754246114,4.061731452989733,4.5,3.1665655872957643,1,0,0,61.071402763411356,3.7670657756252175
fold1_room1_mix0553,siren,4.664,9.238,4.574,11.99335023766136,47.32169534532343,60.2157439254439,48.29334834873869,4.6000000000000005,11.969019965738635,0,1,1,53.603829940340475,9.839416812189807
fold1_room1_mix0553,siren,5.151,8.697,3.5459999999999994,12.298045530943016,39.618513995812904,50.229320184174185,40.06807847474293,4.4,10.276491052029733,0,1,1,53.603829940340475,8.885132748902254
fold1_room1_mix0556,bike_bell,2.778,5.017,2.2390000000000003,19.1884838792469,12.712878917433482,16.405707211741976,19.98164223163041,5.5,12.441725311845744,0,1,1,40.821995830034005,5.357979429845658
fold1_room1_mix0560,backup_beep,2.551,8.277,5.725999999999999,12.038348815045147,12.662023502352875,10.23684125836931,9.798117412390397,4.800000000000001,11.58530317344853,1,1,0,47.18141664433422,1.4636995843554363
fold1_room1_mix0563,backup_beep,2.201,7.154,4.952999999999999,7.689029392306772,9.496084215786581,24.15593702458694,22.3224762957938,4.3,5.060188871225426,1,1,1,42.47924258306511,2.791346325289466
fold1_room1_mix0565,bike_bell,5.655,7.808,2.1529999999999996,8.836126866561086,9.486394321634643,20.710484586445737,20.093699980007237,6.6000000000000005,7.927049588221019,1,1,1,53.22554051125969,4.234425541575152
fold1_room1_mix0565,bike_bell,4.475,9.019,4.5440000000000005,16.66438865849039,18.47150879187906,15.943996105406164,15.049736405329789,6.5,11.684780254987864,1,1,1,53.22554051125969,5.763838438756904
fold1_room1_mix0567,backup_beep,3.986,8.203,4.216999999999999,7.413158954169199,9.0758856345062,19.55466806350765,17.796954018403923,5.5,6.6287545915004795,1,1,1,46.50859460336797,2.2576062260673195
fold1_room1_mix0568,bike_bell,0.791,6.507,5.715999999999999,37.450054191514845,14.970240847437854,9.088085490689437,17.052558750012132,6.5,14.9693260400997,1,0,1,42.08804230556116,6.066002738706003
fold1_room1_mix0572,siren,2.91,8.07,5.16,11.19371231030673,38.77158652943054,55.967330464572825,45.176541829584934,3.4000000000000004,10.378980553611076,1,1,1,41.755171815662564,8.053771420923006
fold1_room1_mix0577,backup_beep,1.335,4.493,3.1580000000000004,11.415406447886337,10.930135200528861,27.30646078213219,27.683777687097503,4.1000000000000005,10.919693769791325,1,1,1,44.2907412737833,1.2049064005099213
fold1_room1_mix0581,backup_beep,4.744,8.025,3.2810000000000006,6.302483009892016,7.733540382482667,12.930961885853293,11.153628404786971,5.7,5.945059651735407,1,1,1,48.66939049696623,2.1453683604400675
fold1_room1_mix0582,horn,3.236,8.46,5.224,9.00832832318661,39.44534515206819,53.87593765933822,41.04890657567559,3.7,8.314613302123494,1,1,1,46.39632027596126,8.046721378998086
fold1_room1_mix0584,horn,2.344,6.107,3.7630000000000003,15.212101039990372,11.478695150448456,35.60230393650424,38.04823752172875,4.6000000000000005,5.850601131919099,1,1,1,62.060098898469036,6.358089175754391
fold1_room1_mix0592,backup_beep,1.097,5.939,4.8420000000000005,13.423105085422764,10.494395718557339,17.593184102565203,19.731095178241375,5.7,10.489182801437746,1,1,1,48.05966271785951,1.8006388245837284
fold1_room1_mix0593,horn,2.384,7.911,5.526999999999999,25.91841185431009,56.550952653422144,33.622900011380466,26.846269237088052,4.1000000000000005,8.117881701522542,1,1,1,64.9891260475471,14.580113823359534
fold1_room1_mix0598,siren,2.283,8.248,5.965,28.642708799585492,24.599523662153672,54.31243179899835,55.63417960020061,5.5,7.052773536177979,1,1,1,53.17402639446291,8.604842426729515
fold1_room1_mix0600,bike_bell,0.45,5.095,4.645,12.239460389333507,10.415247759542288,23.635581017620588,25.037434331206505,3.0,5.130086742882755,1,1,1,42.533106877697584,4.343762061145782
fold1_room1_mix0605,bike_bell,2.985,7.117,4.132,18.14619975180577,12.892273413897641,13.31311973369695,16.28224333313061,6.2,12.295051192243282,1,1,1,54.440923737984875,4.168684286819619
fold1_room1_mix0606,bike_bell,2.631,8.314,5.683,23.473650347948265,10.649661779961173,11.132717634541805,17.997613952859204,6.7,5.692029449960683,1,1,1,51.68905442613136,5.591063340655156
fold1_room1_mix0608,backup_beep,3.31,7.511,4.2010000000000005,8.436633398955871,11.45881199079357,19.07261412170712,16.413205803049976,3.1,8.428748934545256,0,1,1,48.70721840202222,1.7610275624088891
fold1_room1_mix0609,horn,3.017,6.586,3.5690000000000004,34.908958319118256,22.92641089650759,36.11033246644938,39.76234882535822,5.300000000000001,14.345009184970763,1,1,1,58.029018734094436,13.928140311219256
fold1_room1_mix0610,horn,0.944,5.571,4.627,39.9494103407518,6.538725132331929,43.21981142520315,58.94015726698083,6.2,4.561788875428021,0,1,1,47.88015009832509,7.5649551605515954
fold1_room1_mix0616,bike_bell,2.114,6.272,4.158,16.54676950724475,20.757284311336434,16.115347650077155,14.146201319040713,3.5,14.783231296988884,1,1,1,47.95662208024568,5.292296987147667
fold1_room1_mix0616,bike_bell,5.303,9.607,4.303999999999999,9.199560983703362,14.469998578771968,22.493832288569607,18.559804572948508,6.300000000000001,8.42437449814777,1,1,1,47.95662208024568,3.5927960963682937
fold1_room1_mix0617,siren,4.239,8.712,4.473,11.487444134268257,52.89724988636994,58.23447297593027,44.97027934729997,4.4,11.417880454637162,1,1,1,55.6627060826599,11.85440998494037
fold1_room1_mix0621,horn,2.076,6.273,4.196999999999999,42.21721899165794,9.44717913915036,23.45678209333733,36.460531506995004,6.2,9.435355946814232,1,1,1,49.413581314136145,9.927625940359508
fold1_room1_mix0622,siren,5.925,8.262,2.3370000000000006,12.406035069017047,17.47765548281206,50.3001590967359,47.32315569953985,6.6000000000000005,11.035366627856057,1,1,1,49.128673498135,8.225624407466396
fold1_room1_mix0625,bike_bell,3.337,8.157,4.82,18.631822489818582,20.064472897953774,12.24717953441332,11.60373119016598,5.6000000000000005,13.044261645989845,1,1,1,49.935221045505536,5.923279520150926
fold1_room1_mix0628,backup_beep,3.974,7.296,3.322,5.088312617002803,5.797321264475661,22.876218713589665,21.743147070422303,5.300000000000001,4.279252322379033,1,1,1,41.70590055495245,2.0068683907679836
fold1_room1_mix0632,backup_beep,0.368,3.699,3.331,10.576318457090212,6.260169208515445,10.734174346224641,15.289143286906516,4.4,6.060933231403385,0,1,1,54.94663578835105,2.131237629658539
fold1_room1_mix0633,bike_bell,0.443,3.935,3.492,22.455672087941444,14.762218573967866,1.6474655843949506,5.290954114202599,5.2,14.028994500756502,0,0,0,57.163620352642845,3.705273436293167
fold1_room1_mix0638,siren,0.542,6.454,5.912,33.09291887222995,44.72378259482904,48.97964832748073,46.36357926662009,3.0,7.203521083520811,1,1,1,46.52581599005242,12.930730635458012
fold1_room1_mix0638,backup_beep,5.326,9.095,3.769000000000001,9.911639292175476,14.357386359845718,19.220506404046617,16.00190842759389,5.6000000000000005,9.883527751886447,1,1,1,46.52581599005242,2.961730156589162
fold1_room1_mix0640,siren,4.162,8.929,4.767,9.599421207161768,28.88658931247297,79.27169271752813,69.7026683422262,4.7,8.814902506536564,1,1,1,45.30930954112644,6.5703801792966745
fold1_room1_mix0643,horn,3.088,5.44,2.3520000000000003,22.54709535055615,12.185289784652829,39.85512821406151,45.20022300653123,4.9,10.801345805936592,1,1,1,55.484099097365416,10.81466538018971
fold1_room1_mix0646,siren,3.408,8.066,4.658000000000001,32.422538320342476,16.391568405542937,49.61882791509163,55.5433579504608,6.6000000000000005,8.512139047761936,1,1,1,57.89933961854274,9.724439216822377
fold1_room1_mix0649,horn,0.502,6.093,5.591,81.19057113949994,5.823836221562199,32.811443196459386,55.697372061970064,6.300000000000001,4.885790630221797,0,1,1,40.55937198758567,13.925980183058153
fold1_room1_mix0649,backup_beep,2.281,8.151,5.869999999999999,11.586831591493098,9.963626820577852,25.14999627206911,26.460941106889983,6.4,9.570297130072607,1,1,1,40.55937198758567,1.5849487424910578
fold1_room1_mix0651,siren,3.081,6.184,3.103,14.134389499449705,6.39956760827418,33.90184034323491,40.784368811322594,5.6000000000000005,5.598573559173486,1,1,1,61.80646577171615,5.181924709504521
fold1_room1_mix0654,bike_bell,0.749,4.517,3.7680000000000002,17.822525435409688,6.360997595371334,20.298727194162467,29.247607429904903,5.9,4.361406399128969,0,1,1,49.20992710207534,3.357284342594708
fold1_room1_mix0656,backup_beep,1.556,5.164,3.6079999999999997,6.6207957308047165,4.9794035297664,25.527568653025845,28.00222597532167,4.6000000000000005,4.914251785718034,1,1,1,49.34680819437386,1.4522833165812994
fold1_room1_mix0661,siren,3.073,7.507,4.433999999999999,14.802028563863153,42.701588976505754,46.18549870407976,36.983042744237466,3.6,13.783120542261884,1,1,1,47.89521568277475,10.332214238092249
fold1_room1_mix0661,horn,6.788,9.571,2.7829999999999995,20.456636054835403,49.42766671847657,41.43095192426934,33.768234104830924,5.1000000000000005,9.378396257090513,0,1,1,47.89521568277475,10.90503253371514
fold1_room1_mix0662,siren,3.144,6.46,3.316,12.784319590876704,29.320364597875876,67.56152668713017,60.351691736019774,3.9000000000000004,9.71791316768747,1,1,1,51.63307067820293,10.847603018969743
fold1_room1_mix0662,backup_beep,4.59,9.565,4.975,15.06389255658022,15.826818708004911,10.190611835252788,9.761483470210585,6.7,14.077927422177575,1,1,0,51.63307067820293,2.53110503329318
fold1_room1_mix0665,siren,1.11,5.958,4.848,19.970991378194647,29.98371583477683,51.28642346739976,47.756706885384176,3.0,7.249091565684238,1,1,1,55.045757854441135,9.83975466670491
fold1_room1_mix0665,bike_bell,4.763,9.31,4.547000000000001,12.90104862583742,32.45531574134631,14.097593561438103,6.084377034106737,4.3,12.55674606788769,0,1,0,55.045757854441135,5.929100418795949
fold1_room1_mix0666,backup_beep,1.138,3.609,2.471,17.834795905569116,14.788077017096274,15.424768334684295,17.05189713609856,5.2,14.168666139892043,0,1,1,40.8833169502178,2.669658951316734
fold1_room1_mix0667,siren,5.442,9.15,3.708,22.724535596955704,48.72940320394761,71.10263590217687,64.47671438440497,3.0,13.301979330785821,0,1,1,46.050846755793174,7.6733038256762605
fold1_room1_mix0668,bike_bell,0.626,5.081,4.455,29.891433041024182,14.94976221146484,-6.248273834656857,-0.2300248069847015,5.5,14.783302722529092,0,0,0,58.48230806941423,5.332233682805347
fold1_room1_mix0671,siren,0.648,6.385,5.737,31.749766288120416,19.96721200018988,67.78294989477926,71.81141196935688,4.4,12.023944110480834,1,1,1,41.85606179756259,7.901188019942821
fold1_room1_mix0673,bike_bell,1.041,3.41,2.369,14.141057955642923,8.407586754794732,26.02031910618456,30.536530003176225,3.0,8.076772846835485,1,1,1,40.10291515740094,5.886150525478411
fold1_room1_mix0675,backup_beep,2.441,4.45,2.0090000000000003,11.884088475688275,10.671325645545483,15.671082130530294,16.6060321986146,4.4,10.66940525538668,1,1,1,47.16529633167912,2.714561241814107
fold1_room1_mix0676,siren,2.581,8.527,5.946,26.097328607263375,63.05220435757628,38.880665073628386,31.218580665449558,4.1000000000000005,14.356435233378951,1,1,1,55.210322607743116,13.99242441996174
fold1_room1_mix0678,horn,2.268,5.233,2.965,24.022193836902648,16.07423464548277,26.929708531020765,30.41935579705543,4.3,13.366480209239532,1,1,1,50.14844244199185,9.743893679080537
fold1_room1_mix0679,siren,3.317,9.216,5.898999999999999,25.938454664403537,53.667343780196944,54.0117731952164,47.69645315063455,5.2,6.6414257306668185,1,1,1,48.9798279227735,13.278309969271518
fold1_room1_mix0680,bike_bell,5.287,9.602,4.315,10.382012313559933,27.623348666453623,6.85016636451185,-1.6497293465781766,4.4,9.333776070503573,0,0,0,63.174592311799856,4.971224256423811
fold1_room1_mix0681,bike_bell,5.61,8.235,2.624999999999999,7.316707656449482,11.866831503948925,17.637797321769895,13.43741586128536,5.9,7.1875018704113876,1,1,1,49.02621262791641,4.1241201909101335
fold1_room1_mix0682,siren,6.045,8.326,2.2810000000000006,5.887811596132312,33.96087845475927,58.19212515729009,42.97162493949577,5.7,4.012608130348249,0,1,1,54.32721918577769,12.894488541925858
fold1_room1_mix0685,horn,1.051,5.342,4.2909999999999995,27.428102208582153,24.49542996890202,27.652445147986725,28.634658990346225,3.3000000000000003,5.832279063735593,1,1,1,61.559604798537976,11.79096556790313
fold1_room1_mix0687,bike_bell,0.334,4.313,3.9789999999999996,18.404474119693443,8.157689620267877,13.202728857120853,20.269853560538273,4.0,8.000436418597356,1,1,1,49.261226515259686,4.568722836301799
fold1_room1_mix0688,horn,5.895,9.128,3.2330000000000005,9.222682198474146,45.5127595189686,47.83223684447459,33.96671835110919,5.800000000000001,9.21475506868537,0,1,1,48.753215451790766,13.570296004795049
fold1_room1_mix0689,backup_beep,0.683,4.064,3.3810000000000002,10.344440373415484,7.693476985683894,22.472695023159332,25.044381856248037,6.300000000000001,7.070529351851155,0,1,1,51.4441645708354,1.336273884407928
fold1_room1_mix0690,siren,1.89,7.588,5.698,37.8715251580051,16.674281019359288,57.02553686348318,64.15085043839697,6.4,13.920978750962746,1,1,1,49.16518348303394,7.791978847067947
fold1_room1_mix0691,horn,4.935,7.695,2.7600000000000007,13.63671275944618,15.694789296377587,39.11947427820985,37.89855833974039,6.1000000000000005,9.674859904067103,1,1,1,52.447816516119474,7.963408648280969
fold1_room1_mix0692,siren,5.057,8.41,3.3529999999999998,11.494111359223705,27.06981424058308,54.32917211677918,46.88897461426624,5.5,10.825215929240395,1,1,1,56.99128864882771,8.552276758846478
fold1_room1_mix0692,backup_beep,0.51,3.817,3.3070000000000004,10.47475572799557,6.8509307115054,9.543792325797078,13.231678901348182,5.9,5.966078016221809,0,0,1,56.99128864882771,1.5850023278395058
fold1_room1_mix0698,siren,3.371,6.521,3.15,44.43784524809265,12.421221493336487,63.27086983810194,74.34264356006736,6.7,12.142264499178195,0,1,1,46.42015223724851,12.731907404158857
fold1_room1_mix0699,horn,4.164,8.674,4.51,9.863923543333247,44.45352952397698,46.89848665807736,33.821355628246934,4.7,8.323854785590818,1,1,1,48.3359208421755,10.861806460422542
fold1_room1_mix0700,siren,0.508,6.179,5.671,46.696676918778,38.61626618080366,42.54507874899378,44.19539267929746,3.6,8.03899770935066,1,1,1,40.869760816757896,14.772048817656628
fold1_room1_mix0700,siren,0.353,3.971,3.6180000000000003,41.7313664762153,10.555828043932266,64.13442374759555,76.07382972469497,3.9000000000000004,10.523852851082294,1,1,1,40.869760816757896,11.388530111512706
fold1_room1_mix0701,backup_beep,4.345,7.231,2.886,7.065392855544155,7.048587484880628,29.36534439513032,29.386028803124645,5.800000000000001,6.768907848178086,1,1,1,40.74377072722913,1.3829412813269635
fold1_room1_mix0708,horn,0.559,6.033,5.474,21.77316137772878,9.344797608953732,43.32149786143495,50.66852969495213,4.5,3.443898967448268,1,1,1,56.9572059276623,5.515271289245823
fold1_room1_mix0711,horn,2.239,6.308,4.069,60.60129137279836,7.525923719085909,22.065295146477837,40.18373648016802,6.300000000000001,7.526936670062766,1,1,1,64.37816774074412,14.776794762982307
fold1_room1_mix0715,horn,2.997,8.952,5.955,41.503738412980226,24.320280111136295,22.396715869018422,27.039088759270427,6.9,14.1557278248042,1,1,1,59.98736473133427,9.874032821785415
fold1_room1_mix0716,siren,2.322,5.902,3.58,41.197790083429325,10.157586909352903,64.94465383383039,77.10632130407237,5.7,9.898468972624089,1,1,1,48.29663798492685,11.80813238698334
fold1_room1_mix0719,horn,2.707,7.623,4.916,22.064449640964412,11.976443441778526,29.85745961623016,35.16476424245617,6.2,8.427846336531074,1,1,1,63.471344234882764,5.879249935622739
fold1_room1_mix0720,backup_beep,3.814,7.202,3.388,6.702918285283029,10.158314099831141,20.787849569100644,17.176695322884697,3.2,6.607323546223241,0,1,1,49.64655600479213,1.9440158972067718
fold1_room1_mix0720,bike_bell,1.277,5.632,4.3549999999999995,15.250364446424745,10.764627830234506,15.872898037588229,18.898522097591666,4.0,7.505175113438021,1,1,1,49.64655600479213,4.820869817438496
fold1_room1_mix0723,siren,4.466,8.571,4.1049999999999995,26.406321272425355,38.135249124601685,54.84459302113468,51.652219320918086,6.1000000000000005,11.36647142046329,1,1,1,42.24349772182065,14.674158927680123
fold1_room1_mix0724,horn,3.396,6.025,2.6290000000000004,25.718747233348317,8.374160628388617,53.8945976097717,63.64076807274942,6.1000000000000005,8.33301199610359,0,1,1,43.86217735273015,8.932655494866419
fold1_room1_mix0726,backup_beep,5.133,9.25,4.117,4.9636625516761415,7.5695255379439725,17.93765520000317,14.272327006694361,5.9,4.754390595032372,1,1,1,56.01590235321557,1.777506677470136
fold1_room1_mix0727,horn,1.539,5.724,4.1850000000000005,20.52159657021528,23.482207162420366,25.48950666044655,24.31895127105585,3.5,4.09359020063507,1,1,1,64.0293029670496,10.330424598778041
fold1_room1_mix0728,bike_bell,4.051,8.454,4.4030000000000005,11.981611133714445,21.29263518766656,6.542884449640624,1.5486005909737344,5.1000000000000005,10.46807758570615,1,0,0,63.03840386367288,5.535062982247457
fold1_room1_mix0731,siren,2.055,7.752,5.696999999999999,34.48064650833573,28.875888747283636,53.54097925677309,55.08178006284282,5.2,12.34950113548825,1,1,1,52.86739910501024,10.23259613792796
fold1_room1_mix0732,bike_bell,1.239,5.376,4.1370000000000005,21.47701316686653,12.798365645244393,2.6450553907238046,7.141442785198677,6.300000000000001,12.364164512833868,0,0,0,50.85206488050339,3.4454295374259054
fold1_room1_mix0733,horn,3.665,8.614,4.949000000000001,34.74332095119226,20.356980360708274,33.04607441520061,37.68923382746321,6.800000000000001,5.727517172357272,1,1,1,53.903003157008456,10.871691042435483
fold1_room1_mix0734,backup_beep,2.102,4.507,2.405,12.068233678572987,10.951117223353855,-1.0137372939738185,-0.17003163197684756,4.6000000000000005,10.9496336864757,0,0,0,58.89446257852407,2.0348317603051242
fold1_room1_mix0735,horn,6.556,9.179,2.623,9.613559909513121,36.0701427348791,34.27068091904351,22.785408442707983,6.2,8.647140910618756,0,1,1,53.60851335633942,11.748907792286094
fold1_room1_mix0735,bike_bell,1.319,4.946,3.627,14.07251883117188,5.726349158219547,17.323182839107595,25.133063105803366,4.4,5.287887399983335,1,1,1,53.60851335633942,4.202150996457279
fold1_room1_mix0739,horn,4.938,7.926,2.9880000000000004,8.026664602570726,31.640319599033276,43.00869580683484,31.094580897366313,5.4,6.112890943039052,1,1,1,52.49407359177303,12.136278340092712
fold1_room1_mix0740,horn,4.074,8.511,4.436999999999999,14.630198599737017,57.48738175149419,40.223640376320645,28.337194222242076,4.3,14.213063263833362,1,1,1,52.45297009526652,13.344030111778894
fold1_room1_mix0743,horn,3.235,6.712,3.477,13.384291713357365,20.912482065063156,37.723413031211415,33.84720927286039,4.6000000000000005,4.992822931468462,1,1,1,56.610782795697894,9.41550297252954
fold1_room1_mix0746,bike_bell,1.596,6.964,5.368,29.536455666022814,3.8009733944768427,0.7948358967294027,18.60410688999636,6.7,3.5465543708902554,1,0,1,56.0293372888393,5.718523674148738
fold1_room1_mix0747,siren,1.406,4.517,3.1110000000000007,81.17541558388736,35.74009513342355,38.63485351677395,45.7602298473089,6.800000000000001,9.3776334009775,0,1,1,46.323564487819105,14.831473273194149
fold1_room1_mix0749,horn,5.115,8.245,3.129999999999999,17.56875790382818,32.07430093544203,50.604041438713224,45.37571861271233,3.2,13.773554528370171,0,1,1,49.23308757360543,5.769758639138438
fold1_room1_mix0749,bike_bell,4.781,6.957,2.176,5.0183622797852685,7.682805729835272,28.071939128381175,24.37278230021451,5.1000000000000005,4.8731779862578986,1,1,1,49.23308757360543,3.2862082960092436
fold1_room1_mix0751,backup_beep,3.643,8.151,4.508,8.053300860240386,9.510800373068765,26.272502648760764,24.82763980662226,5.1000000000000005,7.6295694728570975,1,1,1,48.42350153554516,1.8319860724864467
fold1_room1_mix0757,horn,2.156,5.716,3.56,17.411901559127617,26.539330675376924,31.163298842238362,27.5024235907578,3.5,10.249207760802149,1,1,1,61.98372755853036,10.833965909663341
fold1_room1_mix0758,backup_beep,2.531,7.392,4.861000000000001,14.469433293835682,16.266387860276733,12.457339516481973,11.44054748564762,4.1000000000000005,13.832138198971373,1,1,1,55.08339898797001,2.6350260097078113
fold1_room1_mix0761,backup_beep,3.032,7.759,4.727,9.35580514842427,7.31736022266435,14.975624183848488,17.110158844594686,6.1000000000000005,6.251149958930663,1,1,1,51.90161047822618,2.277253184966984
fold1_room1_mix0764,siren,5.498,8.751,3.2529999999999992,6.458051868830502,52.46094512134261,66.58118165941352,48.38649002637347,5.2,4.594255956552253,0,1,1,62.112092115507146,14.668866977920265
fold1_room1_mix0765,siren,2.003,7.018,5.015,56.04484295739093,7.403288038707914,24.219549263353386,41.80176945983959,6.6000000000000005,5.854128729508086,1,1,1,60.00823144626689,12.02320442171893
fold1_room1_mix0774,siren,3.234,6.872,3.638,32.08881536766157,9.250644981116865,54.584304633344594,65.38793804093118,6.4,7.68384773594078,1,1,1,41.54248481381709,9.986240928891085
fold1_room1_mix0778,bike_bell,5.113,8.837,3.7239999999999993,10.383838719033738,21.138564644005495,3.2597669837011622,-2.9145842227254093,4.6000000000000005,10.146378927527628,0,0,0,59.58492406749363,4.3866686220762645
fold1_room1_mix0778,bike_bell,4.479,8.694,4.215000000000001,16.754576967999796,14.029540173338512,-0.7539325674183175,0.7878680310368225,7.0,10.898169854539088,1,0,0,59.58492406749363,5.115921483372224
fold1_room1_mix0779,siren,1.329,7.095,5.766,72.49625183383012,12.811794703533499,50.7094799291524,65.76359158043977,6.300000000000001,6.9935298311611875,1,1,1,47.15463913144361,14.380376168380655
fold1_room1_mix0779,backup_beep,3.424,6.525,3.1010000000000004,12.633641261498777,12.140043218663392,15.966759599722884,16.31292575756774,6.0,12.113213842533671,1,1,1,47.15463913144361,1.4184277333660074
fold1_room1_mix0781,horn,4.494,7.16,2.6660000000000004,4.788837622091988,29.710546306443987,31.846948688141175,15.993338166023982,4.800000000000001,3.2560353095885466,1,1,1,63.64226386322395,12.398699905550838
fold1_room1_mix0782,backup_beep,4.235,8.928,4.6930000000000005,14.240049823619673,22.284132030047395,0.15609745997899438,-3.7335868218929136,3.0,13.782656357043892,0,0,0,60.01918877336777,2.968178189902136
fold1_room1_mix0785,siren,1.038,5.261,4.223,61.03681335525552,11.215720431225899,28.094442621813116,42.80973614847947,6.1000000000000005,4.629037970552862,0,1,1,54.6364708561037,11.992458966593826
fold1_room1_mix0785,backup_beep,2.898,8.63,5.732000000000001,7.667887610112086,9.189160205740471,20.416539057595827,18.84453736822448,5.300000000000001,5.186480571021206,1,1,1,54.6364708561037,2.3089574233540944
fold1_room1_mix0787,backup_beep,3.074,8.621,5.547000000000001,13.921698649174353,17.533200031712813,23.81593444115355,21.812555264085056,3.3000000000000003,13.911259914538599,1,1,1,46.352395291769945,2.0224733984601855
fold1_room1_mix0788,horn,3.042,7.059,4.017,22.66604430426395,10.760218152146521,31.030282248721562,37.50137538957313,5.800000000000001,3.3276518330142566,1,1,1,62.12769486090849,8.128749516703639
fold1_room1_mix0790,siren,0.841,5.046,4.205,38.30527655206962,16.57218834444939,64.27154101159911,71.54911584571222,6.9,12.285965662746541,0,1,1,43.69530143369971,5.9833032750720925
fold1_room1_mix0791,siren,5.526,9.111,3.585000000000001,14.906433235274505,45.44773110183187,38.82942939096519,29.14666004193009,6.0,13.302872791193748,1,1,1,53.81243231987263,13.998229696279719
fold1_room1_mix0791,backup_beep,5.604,8.6,2.9959999999999996,11.604744764028089,13.415565283956983,10.39379278399889,9.134325103366677,5.300000000000001,11.583174570259045,0,1,0,53.81243231987263,2.020898731486474
fold1_room1_mix0792,bike_bell,5.241,7.492,2.2510000000000003,11.876783462819276,21.07304187874213,17.308849643676858,12.328281808952646,3.3000000000000003,7.7685544619334,0,1,1,48.6182868937016,4.710947291124007
fold1_room1_mix0793,siren,6.841,9.508,2.666999999999999,25.31986314592642,57.93166162608453,43.33323326291886,36.144140635881875,5.0,8.840519104381485,0,1,1,60.62568168664027,12.569338641012159
fold1_room1_mix0795,horn,5.382,8.382,3.0,14.835191666646843,27.44678546292983,29.456641630274966,24.112675109863225,6.4,6.5144632477464866,1,1,1,53.83281957226824,13.331361061508678
fold1_room1_mix0795,bike_bell,0.348,6.1,5.752,15.417274423728085,12.194589961472134,13.675344484716895,15.712152502795028,3.6,5.773756083426733,1,1,1,53.83281957226824,4.352928779551798
fold1_room1_mix0797,backup_beep,2.385,4.467,2.082,12.507332803695169,10.529818589900234,1.2794430244515524,2.7743193620337934,6.2,9.952997985582485,0,0,0,62.99428378252398,1.9870761634949792
fold1_room1_mix0797,backup_beep,2.252,4.989,2.737,15.57865827716844,13.482385084191046,3.777131594193591,5.032398068644781,5.1000000000000005,13.476432094991921,0,0,0,62.99428378252398,2.703260185792864
fold1_room1_mix0799,siren,2.762,8.056,5.293999999999999,17.351688781417714,37.25102294980992,72.50581849806989,65.86988942207498,4.3,7.54873952832567,1,1,1,46.7490648174468,9.843751312105995
fold1_room1_mix0800,bike_bell,4.063,7.522,3.4590000000000005,11.599611510836192,23.341797192195124,19.92804780645872,13.854230865336156,4.5,11.210981126016232,1,1,1,41.18024699877311,6.7796109766461505
fold1_room1_mix0803,horn,0.725,4.349,3.624,35.826514824816954,11.62550057820317,16.5705868415765,26.34644484762582,5.7,6.4646513047306575,0,1,1,59.6789957673343,7.057253732644627
fold1_room1_mix0804,bike_bell,6.89,9.327,2.4370000000000003,11.972738930978306,16.283757716739398,18.903589121046757,16.23236673562492,6.6000000000000005,11.928170498342713,0,1,1,47.035848085032335,4.121021823500325
fold1_room1_mix0805,horn,3.222,6.271,3.049,20.906953998239167,12.205997037520362,28.995836159188727,33.67018622807264,5.300000000000001,8.073079857162071,1,1,1,64.2428042400039,9.32798741784571
fold1_room1_mix0806,bike_bell,1.139,4.426,3.287,20.485552142238046,10.360674193451674,7.504833664461742,13.426026804273206,4.0,10.08219272969041,1,0,1,59.454407535094944,6.154788479583611
fold1_room1_mix0809,bike_bell,2.328,6.442,4.114000000000001,11.311438440197552,8.415664438343015,10.187905943732126,12.756494463231355,4.800000000000001,5.28192374318762,1,1,1,61.738142132657394,4.023961413934439
fold1_room1_mix0810,horn,3.118,6.62,3.5020000000000002,4.724873821237738,50.13067280721949,52.549180086437815,32.03491372093927,3.3000000000000003,4.25793381731655,1,1,1,57.43001149429273,14.871797528488447
fold1_room1_mix0812,bike_bell,4.175,6.271,2.096,6.976035734401852,12.866628792034659,-0.3696828704653967,-5.686804369825232,3.4000000000000004,6.218653834387193,0,0,0,64.6203255690303,3.8642517385767676
fold1_room1_mix0814,bike_bell,2.509,5.928,3.419,8.157162488335713,12.061845557424228,12.371598304544463,8.974105305508118,3.4000000000000004,7.5189661882473136,1,1,0,63.606270782427956,3.684530695375918
fold1_room1_mix0816,horn,3.731,7.678,3.947,5.491399407521392,43.50505058151429,44.74781975817187,26.770686850059732,3.3000000000000003,3.8654806867438865,0,1,1,64.94883732684626,9.986145879579134
fold1_room1_mix0816,bike_bell,1.695,6.321,4.6259999999999994,26.896768833955058,13.433141043680576,-9.58986688470155,-3.559416170911774,5.300000000000001,11.313016755147125,1,0,0,64.94883732684626,6.842046334377949
fold1_room1_mix0817,siren,3.302,5.893,2.5909999999999997,6.892227725019206,12.350436383437218,65.9953150097009,60.92886131936391,3.8000000000000003,6.352310645750516,1,1,1,58.24395768907656,5.12136500737663
fold1_room1_mix0817,bike_bell,4.116,8.303,4.187000000000001,11.957095378029834,18.043125719823284,6.2925608881408195,2.7188392542697315,4.6000000000000005,11.792156223447453,1,0,0,58.24395768907656,3.736539970406997
fold1_room1_mix0819,horn,3.763,9.015,5.252000000000001,8.892300799741205,48.809634380429785,62.72293724927742,47.933109062500066,4.0,8.6459657894254,1,1,1,41.25599282760723,9.543803783468967
fold1_room1_mix0825,backup_beep,4.701,9.292,4.591,6.42456480743922,12.65341769914603,22.45271948157132,16.56543687599487,4.7,6.4245819277919045,0,1,1,47.10044790163823,2.3842585616770293
fold1_room1_mix0825,backup_beep,5.084,7.768,2.684,11.338599831143847,10.707485253276309,17.74927014417608,18.246709008840412,6.7,10.304617494939452,1,1,1,47.10044790163823,2.8482699657454336
fold1_room1_mix0826,horn,2.853,5.247,2.3939999999999997,27.346744628009702,17.06635755704273,33.59121752374322,37.686513419637556,6.7,14.789210594404254,0,1,1,61.79458011286345,6.049701438322593
fold1_room1_mix0828,siren,4.288,7.897,3.609,6.867365094956016,40.896050657726384,86.6491692154438,71.15134454814425,4.1000000000000005,6.564551248520679,0,1,1,41.43266936073417,10.625904455295366
fold1_room1_mix0830,horn,1.257,6.294,5.037,17.339861745259835,13.020680449881054,59.31544496607554,61.80368396070278,4.2,5.644875771385794,1,1,1,41.857260952745754,5.584447058899304
fold1_room1_mix0833,siren,2.611,6.904,4.292999999999999,32.41156229968742,8.419984992086768,51.03774757667647,62.745520535869396,6.1000000000000005,4.528725737352008,1,1,1,49.984484186295454,9.13041455664455
fold1_room1_mix0833,siren,1.216,6.937,5.721,66.31608046118605,12.07849110121044,48.7433608222998,63.535484144848546,6.5,10.809120832531587,1,1,1,49.984484186295454,12.378840733462994
fold1_room1_mix0834,backup_beep,1.927,6.907,4.98,15.752983865084788,13.285005682040918,8.566576020715317,10.046597694464623,7.0,13.284339840260122,0,0,1,57.35025025487832,1.6730821737960853
fold1_room1_mix0837,siren,3.194,7.477,4.283,36.30377356570398,19.88333988146296,52.52036735233498,57.749616021358385,6.1000000000000005,11.31693147468391,1,1,1,42.63630512602567,11.870960163655024
fold1_room1_mix0838,siren,5.298,8.337,3.0389999999999997,18.95398118182374,43.79886473298761,49.39847079985017,42.12322262732155,3.1,4.504235561323081,0,1,1,63.35601985717793,8.277355772486006
fold1_room1_mix0842,bike_bell,3.547,8.633,5.0859999999999985,10.993211343136002,18.839193145795445,10.911045225570405,6.232290798163945,4.1000000000000005,10.84129009751203,1,1,0,59.37385580805892,3.387593366686565
fold1_room1_mix0846,siren,2.018,6.93,4.912,43.69427873362308,27.404367164440842,60.4977909437125,64.54988688809784,5.0,4.766570920937348,1,1,1,52.40709998117812,14.339173841158434
fold1_room1_mix0850,horn,3.855,6.719,2.8640000000000003,7.161943419843003,39.55660706207897,51.06082635689562,36.217063406313486,3.4000000000000004,4.3711456842672005,0,1,1,42.96973304265555,11.74312366112112
fold1_room1_mix0855,horn,5.753,8.715,2.9619999999999997,12.952896995240605,24.977507432864517,21.990113152520053,16.286469453252323,5.4,12.739067522948535,0,1,1,64.45462868302485,6.461869735581441
fold1_room1_mix0860,bike_bell,3.847,7.353,3.506,19.344839013860707,17.317906556233897,6.387526358007584,7.348920917155731,5.9,14.370777518791037,1,0,0,59.23838647656218,6.452278302214885
fold1_room1_mix0862,siren,0.414,3.707,3.2929999999999997,41.51595703034222,13.856885886270412,47.27866681175329,56.80965507742419,3.9000000000000004,13.609566983185724,0,1,1,42.48959883911004,11.10502891460035
fold1_room1_mix0864,backup_beep,4.379,7.369,2.99,11.029118245981449,9.529108335662086,14.171996927833682,15.441767497709868,6.800000000000001,9.432497830463468,1,1,1,55.09705967580913,2.36428844390134
fold1_room1_mix0867,horn,0.503,2.933,2.4299999999999997,38.796986557260546,13.032282365585607,26.680631484326774,36.15618174930548,3.2,12.572993849416582,0,1,1,53.97583401393437,13.69035607433856
fold1_room1_mix0867,bike_bell,5.626,8.19,2.563999999999999,5.544305248516542,6.777807864488105,16.7671813782625,15.022338967589711,6.7,4.091043722539369,1,1,1,53.97583401393437,3.5677400536993087
fold1_room1_mix0874,backup_beep,2.23,5.118,2.8880000000000003,9.818924457413777,3.669150858014135,14.478476199147849,23.028443209566746,5.4,3.5586018105482435,0,1,1,56.07250625958041,2.8577422246361843
fold1_room1_mix0879,siren,1.436,4.112,2.676,52.50837981574945,22.60620250697173,40.9375734478566,48.25759353421096,5.6000000000000005,13.006718718263008,0,1,1,43.799881215640745,12.099466159296721
fold1_room1_mix0881,backup_beep,5.204,9.325,4.1209999999999996,15.166912106860861,21.227896675975984,5.095312130913072,2.175116229334506,3.5,14.450341108597735,0,0,0,51.908845922871365,2.655406423486615
fold1_room1_mix0882,siren,1.518,7.448,5.930000000000001,18.12813728957758,13.437614557407436,55.68718482777132,58.28780486529239,4.9,3.4557353136890496,1,1,1,58.902071184951694,5.191433731550877
fold1_room1_mix0885,horn,0.894,5.657,4.763,33.798760685197955,33.74858836899954,21.55554963263289,21.568452915667123,3.3000000000000003,14.363579262214648,1,1,1,53.861993026489785,12.835801156832769
fold1_room1_mix0889,backup_beep,1.113,4.215,3.102,12.605362976984402,8.485011818669427,26.646587543438628,30.08464562975864,6.7,7.104382435941193,0,1,1,45.732292590715716,1.8611582882316748
fold1_room1_mix0892,horn,2.192,7.974,5.782,21.52107933188428,52.94831647703346,55.833250080858996,48.0134879288427,3.6,13.172418402505407,1,1,1,40.29283879834626,11.813992725748768
fold1_room1_mix0894,bike_bell,1.476,7.157,5.681,20.565022214013762,14.287492834797584,10.870649170856176,14.034112318047434,5.5,12.48518868292581,1,1,1,50.2237968353198,4.099671048549336
fold1_room1_mix0898,bike_bell,0.83,3.973,3.143,22.88896932619571,8.862168462434447,11.963004263796194,20.204728979735663,5.2,6.356743859603267,0,1,1,47.77317525604188,5.03137849135434
fold1_room1_mix0901,siren,1.114,5.538,4.424,35.92175240173512,13.82957508622912,40.85853040380475,49.14950397299002,6.2,13.093304267325857,0,1,1,57.01743374351085,6.55447469022434
fold1_room1_mix0901,horn,4.714,9.003,4.289,3.3353158949002846,54.31417650881553,57.665024682361164,33.42950015930407,4.7,3.363014619305984,0,1,1,57.01743374351085,12.740567110465008
fold1_room1_mix0903,horn,3.911,9.481,5.57,11.535417061544724,58.24872838447987,39.50583166128138,25.440768705108354,3.9000000000000004,11.538554231030806,0,1,1,48.06972310313125,10.297768034831304
fold1_room1_mix0906,siren,2.195,7.66,5.465,15.663611717239627,45.34339105957208,55.54419975987165,46.31175801387983,3.1,12.797859750660495,1,1,1,52.95320167620002,9.613670937523194
fold1_room1_mix0906,bike_bell,2.035,6.263,4.228,20.30213135807775,9.260017519702304,9.316533566863278,16.135130067820988,6.800000000000001,9.027704020464743,0,0,1,52.95320167620002,3.8134591328220386
fold1_room1_mix0908,backup_beep,2.272,5.805,3.533,16.69906018827122,14.770638173443269,21.031382715751008,22.097238123582656,6.6000000000000005,14.696530476258035,0,1,1,42.26034695598035,1.8259716755281066
fold1_room1_mix0908,bike_bell,6.423,9.019,2.596,10.557701482317354,22.35409471614278,21.43980973339744,14.924055562917516,4.7,6.193850746932346,0,1,1,42.26034695598035,4.9803179917985325
fold1_room1_mix0910,horn,2.724,6.375,3.651,11.489825370117051,34.758109338646946,31.46634003956298,21.851485699582994,3.1,10.78423224988377,1,1,1,51.31809323716725,10.137119775087118
fold1_room1_mix0912,backup_beep,1.55,4.878,3.3280000000000003,8.8767139439297,5.095953701165873,12.079860957128652,16.900395980546115,6.1000000000000005,4.657814530122273,0,1,1,49.071514238860665,1.64927205445311
fold1_room1_mix0913,siren,4.568,9.108,4.540000000000001,9.192586288678973,31.600243204637326,53.423287087558435,42.69823288944262,4.6000000000000005,9.19779118272428,1,1,1,49.65561703074606,6.633151529612816
fold1_room1_mix0914,bike_bell,3.505,9.483,5.978000000000001,22.030987447865577,26.293986986223334,-0.6812463666947295,-2.217695978895023,6.1000000000000005,13.0854470479012,1,0,0,60.132228303102934,6.780093463948317
fold1_room1_mix0914,bike_bell,6.516,9.615,3.099,8.253838967991724,23.703860007654434,12.186110652563897,3.0228490120496474,5.1000000000000005,4.0695063325265926,0,1,0,60.132228303102934,5.21750008286907
fold1_room1_mix0915,horn,2.155,7.648,5.493,48.026785026758354,10.123554242269801,26.654110674053797,40.1771206986531,6.800000000000001,4.72107451006562,1,1,1,47.47162860400579,10.331704532362892
fold1_room1_mix0915,backup_beep,6.197,9.277,3.079999999999999,5.682699414945361,9.729096342059442,26.1747691907066,21.50441280563595,3.6,3.9192252263051106,0,1,1,47.47162860400579,1.5550133462497548
fold1_room1_mix0917,backup_beep,4.922,9.24,4.3180000000000005,14.793750253109776,15.33269733810288,6.636564877251338,6.3257592724515845,5.7,14.768776818425192,1,0,0,62.17948937998877,1.1533722715903032
fold1_room1_mix0918,backup_beep,0.747,2.969,2.222,8.86149606632668,7.411751478757904,-4.952986927123426,-3.4012629203203772,3.8000000000000003,7.275885147478648,0,0,0,64.43175196134862,1.6404739094749494
fold1_room1_mix0918,bike_bell,3.923,8.709,4.786,17.471148832286854,13.727884607164064,-1.0373815568792821,1.0569753114397002,6.9,11.19279486198413,1,0,0,64.43175196134862,4.464049843497344
fold1_room1_mix0923,siren,3.559,8.142,4.582999999999999,22.140028027145195,40.49014907803574,48.03072380825243,42.78729961917702,5.2,5.934319487927594,1,1,1,59.641140656108064,13.396844960591336
fold1_room1_mix0926,backup_beep,2.223,4.299,2.0760000000000005,10.326117498072723,9.888993153263437,9.401759546137924,9.777459271217353,3.9000000000000004,9.860764813490324,1,0,0,48.15457018981262,1.8361248439170341
fold1_room1_mix0927,siren,2.695,7.935,5.24,53.83085724775752,12.41542220364609,27.268771826191468,40.010167886450034,7.0,3.3703388610150022,1,1,1,61.17651014056584,12.533819202627026
fold1_room1_mix0927,backup_beep,3.996,9.126,5.129999999999999,14.83070240729808,14.686275024653762,3.1821076196351754,3.2671088919280606,6.7,14.19681879035052,1,0,0,61.17651014056584,1.569199870522908
fold1_room1_mix0928,horn,4.324,9.294,4.970000000000001,10.82580712772617,43.88535991842153,39.325599631830464,27.168412050733586,3.6,9.49464850610114,0,1,1,50.57985793672197,7.5731694118069495
fold1_room1_mix0931,backup_beep,0.92,5.988,5.0680000000000005,8.092964217790485,8.346988112164741,25.678014381591687,25.409570886226682,3.2,7.537155954644564,1,1,1,44.69739608109199,1.2892701792851968
fold1_room1_mix0932,bike_bell,4.091,8.874,4.783,9.241732639815837,36.09726002970307,4.448011155052683,-7.386405596304513,3.8000000000000003,9.052124802989276,0,0,0,64.6268208676673,6.9153478236649715
fold1_room1_mix0933,horn,0.592,5.331,4.739000000000001,56.33372903743614,9.159026962941622,34.672813287460954,50.451196547216526,5.2,9.0538363197246,1,1,1,47.9796846617438,12.027319473433531
fold1_room1_mix0936,horn,3.272,6.988,3.7160000000000006,7.089521147868099,19.54578385071133,41.749290857542235,32.94056706901851,3.9000000000000004,6.141855754937197,1,1,1,63.63019069572037,5.948005116206316
fold1_room1_mix0938,bike_bell,4.575,9.402,4.826999999999999,7.801819909034257,19.468331144220183,21.540035597866854,13.59737952729916,5.800000000000001,3.9114752458663204,1,1,1,52.153896259924345,5.350278376801828
fold1_room1_mix0939,backup_beep,3.046,8.258,5.212,10.08095607826207,9.751838899537018,0.8556117304486079,1.1439158193918715,6.1000000000000005,9.359453289541566,1,0,0,58.79201147636931,1.2441529957899746
fold1_room1_mix0939,bike_bell,0.894,5.996,5.102,19.757192879941147,11.839990006960296,4.1060472760057465,8.553525352760317,4.2,5.525059710341991,1,0,0,58.79201147636931,5.770604783831819
fold1_room1_mix0940,bike_bell,1.06,4.742,3.682,14.573634127889644,13.753541419686186,19.421030498792973,19.924096951567677,3.0,10.78696802140702,1,1,1,44.84617973852396,4.979393872989427
fold1_room1_mix0947,bike_bell,3.731,6.029,2.298,10.350665855106126,9.810653991560011,11.013316529938862,11.478723124207448,5.1000000000000005,9.415489636636961,1,1,1,48.8100699845951,3.0715696260615464
fold1_room1_mix0949,siren,1.212,3.411,2.199,48.64645615940021,22.952796867119996,58.71257584076126,65.23688773477734,4.9,13.13263240342693,0,1,1,41.2167231807601,12.740047363723976
fold1_room1_mix0949,bike_bell,4.667,8.609,3.942,14.297206562548633,31.636514888737068,25.030718103934575,18.131969237367613,3.6,12.909947453036331,0,1,1,41.2167231807601,5.7683889803926665
fold1_room1_mix0954,siren,6.09,9.536,3.4459999999999997,5.389563700325499,34.97611555462558,61.58460499359872,45.34024567765486,6.0,5.313845900025622,0,1,1,57.86538835213561,9.770636427896171
fold1_room1_mix0954,horn,0.989,5.554,4.565,16.31187537754172,16.177304522696613,29.34886141734316,29.420816097752905,3.3000000000000003,5.045983220849116,1,1,1,57.86538835213561,6.765158987490235
fold1_room1_mix0955,bike_bell,4.98,8.361,3.3810000000000002,9.457868460328864,31.157838979953596,9.906870924111722,-0.4486102565135681,3.7,3.749029501518506,0,0,0,51.90868650553366,6.579551369763561
fold1_room1_mix0956,backup_beep,3.434,8.769,5.335,13.73888770066354,18.540971651647357,9.44730517587486,6.843686852045934,3.4000000000000004,13.738822975335031,0,0,0,54.720090696833154,2.324210671938121
fold1_room1_mix0957,horn,0.782,3.969,3.187,32.599940727160835,17.828489866934632,17.82029765459501,23.062342692789514,3.1,13.640138596080224,1,1,1,58.747635525465256,12.894367879267111
fold1_room1_mix0960,bike_bell,3.912,6.589,2.6770000000000005,8.645708597917636,10.79671218361919,24.74686635476793,22.817047743276476,5.0,6.534326423826115,1,1,1,48.28773660564434,5.326397411145935
fold1_room1_mix0961,siren,5.15,7.664,2.5139999999999993,15.090954830785536,23.8101573944371,41.00781162475276,37.04690068348661,5.4,14.943151517278332,1,1,1,53.09343342580571,8.211958164982853
fold1_room1_mix0962,bike_bell,2.846,6.306,3.46,17.38077846254619,9.486665799688954,-0.02758665073718447,5.231525803193655,5.4,7.557178715806215,1,0,0,60.57092036606817,6.181695039789476
fold1_room1_mix0963,bike_bell,0.911,3.68,2.769,27.63699067771441,16.451745697027103,11.084594655205855,15.59016994051688,6.4,10.644277752376547,0,1,1,41.30092422882978,4.680377965934038
fold1_room1_mix0966,siren,3.385,8.371,4.986000000000001,42.55415975381835,32.68250958844275,40.0229404913548,42.31547293895518,6.2,7.429317169479738,1,1,1,58.90217490835576,14.78732709653379
fold1_room1_mix0966,backup_beep,7.081,9.425,2.3440000000000003,10.695248125796534,12.943929977531196,15.061657568154573,13.404151760425279,3.2,9.003327809744645,0,1,1,58.90217490835576,1.5044945359577693
fold1_room1_mix0967,siren,3.39,7.496,4.106,20.48770038654745,30.173470409133802,52.795634036383504,49.43299305281742,5.0,4.327604779618014,1,1,1,58.39729647088173,12.151974313246983
fold1_room1_mix0967,backup_beep,1.715,4.666,2.9510000000000005,11.846116671847183,5.877841840169753,12.849199686439519,18.936361880239204,6.6000000000000005,3.9152976819333998,0,1,1,58.39729647088173,2.3029637612613074
fold1_room1_mix0969,horn,3.19,7.202,4.0120000000000005,21.504484277181206,19.409087609514508,39.68836987922618,40.57884810616007,5.300000000000001,3.673650018738798,1,1,1,43.54761405803131,10.031567444809737
fold1_room1_mix0970,horn,5.42,9.283,3.8629999999999995,16.07588549449576,51.00736887076463,35.99633600706964,25.967175654546345,3.7,3.3551886162531592,0,1,1,49.68383291772735,9.105607581314382
fold1_room1_mix0970,bike_bell,4.311,8.35,4.039,10.069110881586319,36.4807765969416,11.234019291779589,0.05256025999604219,3.1,5.619190273881008,0,1,0,49.68383291772735,6.8556431007196625
fold1_room1_mix0974,siren,1.124,4.693,3.5689999999999995,67.6722874893633,14.9061965030503,36.946688176823656,50.087568474225705,5.7,3.764499454327272,0,1,1,63.09807796915486,14.888199828062964
fold1_room1_mix0974,horn,5.505,9.078,3.5729999999999995,13.962988435793628,16.91774016802538,18.25827726972379,16.590997825618203,7.0,10.650183858972174,1,1,1,63.09807796915486,6.2077531262360575
fold1_room1_mix0975,siren,3.249,7.025,3.7760000000000002,18.099945133059794,22.491227022392557,67.2768754333906,65.39015761543752,4.800000000000001,13.063059867323295,1,1,1,52.30555201647623,8.167004946674938
fold1_room1_mix0976,backup_beep,1.352,4.549,3.197,11.125050060235797,10.85369425427758,19.1196784074951,19.334166216121346,3.3000000000000003,10.662482459117811,1,1,1,50.302098408220715,1.6274515886865872
fold1_room1_mix0978,horn,0.977,6.967,5.989999999999999,25.448775710666272,24.057002198079555,30.809503137500954,31.29801086281047,4.1000000000000005,7.220637885113458,1,1,1,50.21185175307285,7.905533504843614
fold1_room1_mix0978,backup_beep,5.72,9.263,3.543,12.040065040673843,16.18644202684464,13.466849763660989,10.896398500913904,4.2,11.556114957498723,0,1,1,50.21185175307285,2.245137313517821
fold1_room1_mix0983,horn,4.863,8.764,3.900999999999999,11.34373867573595,27.997374483256806,41.62938043153499,33.782158568681616,4.4,10.996044097965513,0,1,1,58.38315918985882,5.8856662017124775
fold1_room1_mix0984,bike_bell,3.144,7.679,4.535,14.169159013907127,11.053601574394943,11.090852852562762,13.247658207936638,6.1000000000000005,9.31361214837868,1,1,1,53.22945807775875,3.66805554738952
fold1_room1_mix0985,bike_bell,0.828,6.266,5.438,12.709830590685963,14.58915461953988,23.432448734656823,22.234641430804324,3.1,9.882872698534863,1,1,1,46.99527417782699,3.4436843424290324
fold1_room1_mix0987,bike_bell,1.649,5.448,3.7990000000000004,14.349050254092173,10.570178953538948,10.137086414028872,12.791902746309688,4.7,10.306546984489042,1,1,1,55.52971749834202,3.2459126959533084
fold1_room1_mix0988,horn,2.578,7.16,4.582000000000001,16.54981181348181,19.459569550247675,47.7359735341023,46.329170143303585,4.7,3.505213071247692,1,1,1,44.005582632866776,7.707876686432518
fold1_room1_mix0992,siren,1.472,7.158,5.686,37.505699509919054,47.68510007456905,39.10094439845586,37.01523582629577,3.9000000000000004,13.345271037485688,1,1,1,47.33318185347468,14.217019883369405
fold1_room1_mix0996,bike_bell,3.892,7.245,3.353,17.216191360485997,15.951389213625681,4.540850300749824,5.203621687124503,5.800000000000001,13.990797366484331,1,0,0,57.30915426741463,5.277280053200233
fold1_room1_mix0997,bike_bell,0.32,5.226,4.906,44.86922890371379,13.744151036066947,5.3491598152453435,15.62577355606318,6.800000000000001,8.656400449290253,0,0,1,46.737439488455834,6.797935651045911
fold1_room1_mix0998,siren,0.457,5.962,5.505,33.882213506363335,11.461415515436364,50.328252603639775,59.74292295028881,4.800000000000001,7.434222307679289,1,1,1,44.850348727818975,7.5895639868413936
fold1_room1_mix1003,horn,5.915,9.624,3.7090000000000005,30.26610335591518,66.386232536447,20.197146102024497,13.374715861524074,3.1,11.375956019668214,0,1,1,56.94444155892021,10.071854479471419
fold1_room1_mix1004,bike_bell,5.75,9.067,3.317,11.979906044599435,18.930983146132522,14.586971660312507,10.612576523540916,5.7,11.979305239980324,0,1,1,53.51324275431458,4.376432734786409
fold1_room1_mix1010,backup_beep,6.061,9.087,3.026,9.590326128172315,11.715020708528606,29.826352174365347,28.088158482112995,6.7,9.443729832577153,1,1,1,44.08755850058294,2.845422081587157
fold1_room1_mix1011,horn,1.294,7.092,5.798,68.36417792047513,22.164724707414663,27.694379185931524,37.47770426941776,5.9,13.172475549817586,1,1,1,41.75402775752549,14.645378873427259
fold1_room1_mix1014,horn,3.581,5.595,2.014,7.748455492366021,17.743048737899908,34.42353531472912,27.227273260028383,4.1000000000000005,4.624096330295747,1,1,1,61.259445733596806,11.594755809369413
fold1_room1_mix1018,backup_beep,4.194,8.377,4.183000000000001,15.052877442468942,14.987156490315316,19.632818787210155,19.670824459863823,6.5,14.837683298781721,1,1,1,51.47018259687191,1.1111369965079942
fold1_room1_mix1019,backup_beep,2.291,4.386,2.095,13.620279899167956,12.995698635161741,19.668912701218453,20.076640717529152,3.9000000000000004,12.92882482762605,1,1,1,48.61391299284514,2.6737023980994357
fold1_room1_mix1023,horn,5.386,9.56,4.174,23.879974410909735,64.82390255255147,43.18972717068843,34.51570085148731,3.2,9.79487844792088,0,1,1,42.32773135806184,10.133877407111449
fold1_room1_mix1024,backup_beep,4.417,7.916,3.4990000000000006,5.1916868474156255,9.78574757556939,20.237212930023674,14.731502527587622,3.0,4.554183400802396,0,1,1,50.705745841137144,1.7630252939633793
fold1_room1_mix1025,backup_beep,0.504,3.135,2.631,16.494756449587253,15.108072753375856,-0.7713470256310444,-0.008610227397753079,5.800000000000001,14.610479240666267,0,0,0,59.47378123907943,1.44822369517372
fold1_room1_mix1026,backup_beep,0.332,4.107,3.7750000000000004,21.48363765123439,15.33785923440145,4.998869367162435,7.925730791005236,6.2,14.189704744822818,0,0,0,55.288577715040844,2.7304570380597912
fold1_room1_mix1028,siren,0.709,3.994,3.285,24.701947716276234,7.255066346725763,39.85286393119944,50.4946601271605,4.5,6.537475186261347,0,1,1,64.26128079271109,6.293741845942615
fold1_room1_mix1029,horn,5.651,9.101,3.450000000000001,28.74241977095042,66.9881155102292,19.317445712330553,11.967957057606753,3.4000000000000004,13.036424699602556,0,1,1,57.37289279470643,11.619709336749544
fold1_room1_mix1030,bike_bell,1.401,4.411,3.01,12.45492122595881,11.151758780355177,7.79386708911133,8.75381945502393,3.3000000000000003,10.351354119979785,1,0,0,54.95552142870481,3.67964099189635
fold1_room1_mix1031,siren,5.468,9.117,3.649000000000001,12.438718280030328,51.492062120628184,56.5435577865948,44.20426473131249,4.4,3.6958421894579954,0,1,1,62.7658665997653,10.819082315216733
fold1_room1_mix1032,bike_bell,6.156,9.147,2.9910000000000005,20.470086975583524,40.115681336140824,5.351222928070712,-0.49266676866926673,3.1,3.7747215436446933,0,0,0,59.68628843263022,6.626025417664
fold1_room1_mix1032,bike_bell,6.904,9.421,2.5169999999999995,12.473839581185421,23.540961890031916,8.881918863292526,3.36543786894007,4.7,6.808405284098155,0,0,0,59.68628843263022,4.800396292084798
fold1_room1_mix1035,backup_beep,4.547,9.089,4.542000000000001,4.32951143533917,12.268550060786772,21.111239398301272,12.06415243251444,4.5,4.325823765509114,0,1,1,51.524850578132494,2.4847727878687556
fold1_room1_mix1037,backup_beep,3.336,6.48,3.1440000000000006,6.866541151793381,7.069181801666282,19.350195533617047,19.097573061506687,4.5,6.758861306558264,1,1,1,57.87436642232796,1.0441433529589346
fold1_room1_mix1037,bike_bell,3.105,7.021,3.916,16.859247276076847,14.561112423810519,0.009827644095814492,1.28270015501122,5.800000000000001,13.889891726064512,1,0,0,57.87436642232796,3.5560531320871704
fold1_room1_mix1038,backup_beep,0.388,3.765,3.3770000000000002,12.804822812483195,8.900866586667005,22.74768653290628,25.906512167679246,5.1000000000000005,8.47352656125382,0,1,1,46.42972906136489,2.0359187483356163
fold1_room1_mix1040,horn,4.744,8.012,3.2680000000000007,8.932148532814255,36.95988163525168,57.17637358668373,44.84088087937115,4.9,8.814524680940796,1,1,1,51.55007884211522,11.435667203240932
fold1_room1_mix1042,bike_bell,3.966,9.693,5.726999999999999,13.589491148525372,12.808367256042098,15.421432012351971,15.935620480960495,7.0,7.691161449372462,1,1,1,44.255997867961014,3.74506677776081
fold1_room1_mix1051,backup_beep,6.508,9.696,3.1879999999999997,14.438556978834159,22.060272066228524,-0.14691524884824503,-3.828656712326435,3.2,10.554018373899764,0,0,0,58.224301363403626,2.9857828940362436
fold1_room1_mix1051,backup_beep,2.535,8.507,5.9719999999999995,4.272059479486116,9.592995208005327,15.68466698422543,8.658328247776623,3.9000000000000004,3.250226616032385,1,1,0,58.224301363403626,1.975794665853823
fold1_room1_mix1052,backup_beep,0.906,5.997,5.091,13.795329054866455,12.499868443487271,22.734712931978848,23.59124536720529,5.800000000000001,12.498546859874613,1,1,1,42.00447339842188,1.1838377882320255
fold1_room1_mix1057,bike_bell,2.077,4.945,2.8680000000000003,16.597836558628813,10.741304634810058,14.159219686415582,17.9391086843886,4.4,10.21863347751786,1,1,1,44.539474577686875,5.717124742657482
fold1_room1_mix1059,horn,0.683,6.066,5.383,22.63822878056579,11.383361675653545,17.62490503171213,23.596343230789074,4.7,8.995473298203285,1,1,1,62.16748025213536,5.155218648362659
fold1_room1_mix1060,siren,2.456,7.9,5.444000000000001,23.936415076402398,26.97741528844982,36.98997658743906,35.95115198288103,5.0,6.127740265692195,1,1,1,60.54143656017176,9.076254689148245
fold1_room1_mix1063,bike_bell,2.262,4.388,2.126,23.029435028909933,15.23568905568247,-1.6391115495978852,1.949312113400552,6.6000000000000005,11.234609575598624,0,0,0,62.162549489876554,4.615138418638533
fold1_room1_mix1065,horn,2.103,6.152,4.0489999999999995,56.2306172111623,10.82015199342716,43.824571782553676,58.13936156411367,6.9,6.052262908922486,0,1,1,40.63765112333405,11.590629694291835
fold1_room1_mix1068,siren,2.895,8.088,5.193,8.832153236720197,26.907834958751952,55.891964247316935,46.21572105057703,3.7,7.656153388158597,1,1,1,49.75948078078355,5.817222051021455
fold1_room1_mix1068,bike_bell,3.537,5.668,2.1310000000000002,9.699426834803678,8.455712824049083,16.282920145711017,17.474837075942688,5.1000000000000005,8.201608786411656,1,1,1,49.75948078078355,3.3980720648592113
fold1_room1_mix1069,horn,0.98,5.053,4.073,41.68886407379698,18.788824542267076,28.77821419267663,35.70062321139302,7.0,13.97228079528119,0,1,1,51.66724615137285,6.559014877200115
fold1_room1_mix1070,bike_bell,1.93,7.312,5.382000000000001,16.04144378377754,18.161339129780632,12.3511940597487,11.2731057700803,4.0,14.432591290137422,1,1,1,54.62677249844236,3.3494689626644725
fold1_room1_mix1072,backup_beep,7.0,9.547,2.5470000000000006,14.091539280282953,17.733169415410146,-0.10115893271925813,-2.097717484293021,4.800000000000001,12.944133989157697,0,0,0,62.734562787766976,2.5719759223692273
fold1_room1_mix1073,siren,2.431,6.957,4.526,9.66068933278203,20.889814307623315,60.6026161995905,53.9040869366339,3.4000000000000004,7.960375769227404,1,1,1,44.74792284664046,5.477391208510411
fold1_room1_mix1074,siren,4.457,8.848,4.391000000000001,10.002188650327735,39.0352303138723,61.98283290888536,50.15559881614844,4.2,9.714933159976585,0,1,1,62.3603215022121,8.06324886907456
fold1_room1_mix1074,siren,1.232,3.776,2.5439999999999996,19.72127353094445,14.008060180734837,36.313097579786586,39.284236736931675,3.8000000000000003,14.00957354374174,0,1,1,62.3603215022121,5.494073888473777
fold1_room1_mix1075,horn,1.569,4.071,2.502,30.72118793948972,12.861037963966114,31.77272797636293,39.33596767542558,5.7,4.4471655427829315,0,1,1,62.537263611415156,7.325924696818173
fold1_room1_mix1075,backup_beep,2.093,6.961,4.868,13.752676078169976,8.100178252366339,-1.0219884364320393,3.5758643226438522,6.0,7.653300479003829,1,0,0,62.537263611415156,2.8930296233507873
fold1_room1_mix1083,siren,1.352,5.075,3.723,36.807608189302954,13.655565046902888,41.54933900217751,50.16189744189197,4.1000000000000005,6.080051923085936,1,1,1,48.36876826841526,13.038319488525072
fold1_room1_mix1085,backup_beep,5.77,8.838,3.0679999999999996,10.284418531041986,12.090340614383065,13.849395771344682,12.444219892473875,4.800000000000001,10.161502215944378,0,1,1,58.73457016468979,1.6186467287074844
fold1_room1_mix1088,bike_bell,1.033,6.249,5.215999999999999,40.691459353715274,12.71424617308487,1.1332078879289185,11.237460880695835,6.800000000000001,12.251449110136752,0,0,1,56.33385844012351,6.784918361671766
fold1_room1_mix1090,backup_beep,1.202,7.109,5.907,14.57580329943001,10.67977538912728,10.511213808141484,13.212621406214502,5.5,9.859858252402292,1,1,1,53.07992624772954,2.512149311396694
fold1_room1_mix1091,bike_bell,4.127,6.234,2.107,12.738053589313576,16.993223409058,-3.896850182187123,-6.400304091291318,4.1000000000000005,12.738312754151186,0,0,0,62.46994136733409,5.315184413600962
fold1_room1_mix1092,horn,5.86,8.327,2.4669999999999996,27.52565814384665,57.85651218626831,23.280785688348224,16.82849494193068,3.6,3.2539359472662617,0,1,1,53.69331257208136,12.334614789229233
fold1_room1_mix1097,horn,3.46,9.138,5.678,11.521376552616156,25.61556535703294,39.133483450032074,32.193491956456896,4.9,8.305441903965743,1,1,1,59.16594805284062,5.674470997077891
fold1_room1_mix1097,backup_beep,5.231,7.916,2.6850000000000005,3.8572206515726184,4.020419996697907,10.327900692138527,9.967961870173937,6.5,3.4578460460976004,1,1,0,59.16594805284062,1.4014183543777756
fold1_room1_mix1098,backup_beep,2.709,4.812,2.103,3.8889935183800874,4.22170650966466,34.298016045408026,33.584999669035945,3.4000000000000004,3.7618042287210702,1,1,1,43.455209739254336,1.3806206035142858
fold1_room1_mix1098,bike_bell,5.376,7.811,2.4349999999999996,19.74980107322193,31.61875832040601,25.376975455690932,21.289333747392412,3.2,14.526509669656287,0,1,1,43.455209739254336,6.0380733230163655
fold1_room1_mix1100,siren,4.819,8.202,3.383,10.249461231211761,34.213452513059266,59.55915659771861,49.08923930922663,4.5,9.89992527413945,0,1,1,59.54955308165148,8.894628920461587
fold1_room1_mix1103,siren,0.595,3.586,2.9909999999999997,53.5276916607431,11.960436288933241,59.22040600593552,72.23703586967295,4.2,7.978501883729651,0,1,1,46.24580411729985,14.717015310697647
fold1_room1_mix1103,horn,3.798,7.185,3.3869999999999996,16.433535954067747,22.906841491048414,50.59907065635634,47.7143868298759,5.0,12.693470442338946,1,1,1,46.24580411729985,8.711439812703496
fold1_room1_mix1105,bike_bell,3.693,6.592,2.8989999999999996,7.889723506911379,24.971558440533943,15.928524156273888,5.920846892954664,3.1,6.667019126709531,0,1,0,50.076780344566195,6.845009086679665
fold1_room1_mix1106,horn,2.253,7.487,5.234,14.411952695360117,27.202797618070626,23.718166127645787,18.200351277024055,3.9000000000000004,8.480482846343213,1,1,1,62.877078292012044,7.164917986558067
fold1_room1_mix1110,siren,4.36,9.303,4.9430000000000005,21.344153229590006,42.4304701360981,46.20217827573825,40.23419999980683,5.800000000000001,13.261496444313325,1,1,1,48.81101319918372,11.537472770490622
fold1_room1_mix1111,bike_bell,4.916,8.417,3.5009999999999994,14.956213846215821,22.03641025085512,26.70026198599397,23.333878328347673,4.2,14.71396782303837,0,1,1,43.74924914537802,3.9191832931607324
fold1_room1_mix1114,horn,4.452,9.455,5.003,13.757153914111031,52.009326806655785,24.022818169314085,12.471765443951206,3.0,7.712513204049841,0,1,1,58.15507145961974,8.003317975131068
fold1_room1_mix1119,horn,1.723,5.943,4.22,10.927451087841193,13.128575839208066,38.70245026902543,37.10847534807578,3.6,4.736992898497144,1,1,1,57.57432643990794,5.234971411010489
fold1_room1_mix1122,bike_bell,0.534,5.983,5.449,18.323736562603717,10.622396915430514,8.386108228217886,13.12193851174861,4.1000000000000005,4.5271509412031,1,0,1,50.88896914433751,5.022380614680754
fold1_room1_mix1125,siren,4.248,7.828,3.58,16.560016818473432,55.46837651454983,72.49829159055872,61.998597964108825,3.1,9.73847345587332,0,1,1,43.09842287172728,11.511732923291778
fold1_room1_mix1125,siren,3.465,8.141,4.676,4.701836728718983,26.622073305456244,69.38711869010602,54.327632074453675,3.7,4.403391570826477,1,1,1,43.09842287172728,5.972319225982182
fold1_room1_mix1126,backup_beep,3.897,7.13,3.233,8.560002374527274,10.069427064913844,10.617904255889364,9.207286747659758,3.1,8.49427207532531,0,1,0,49.75854480508038,1.3450778699436443
fold1_room1_mix1129,backup_beep,1.055,3.833,2.7780000000000005,8.281663592140855,3.749721419140023,33.24619690373235,40.12856853515378,4.0,3.729688192027023,0,1,1,40.16347966295675,2.5219174248426492
fold1_room1_mix1129,bike_bell,6.192,8.986,2.7940000000000005,13.911347667268108,19.900360843402304,17.40298615884386,14.293151221851183,3.7,11.679586244547616,0,1,1,40.16347966295675,3.0619104345924235
fold1_room1_mix1131,siren,3.089,6.76,3.671,9.912536224868704,24.941058245755652,67.60724419258523,59.592642409504975,3.9000000000000004,6.86719510273162,1,1,1,40.08766903406848,8.480624020717638
fold1_room1_mix1132,siren,5.37,7.404,2.034,18.279834973032983,37.531656615638006,47.6742634232139,41.42575415236105,3.5,4.522925430886811,0,1,1,56.33904517296206,9.609491931592288
fold1_room1_mix1133,bike_bell,1.486,5.883,4.397,19.390129105591548,9.02045818199604,0.9285312635892353,7.575573328664483,5.800000000000001,9.01922045037776,1,0,0,59.71376098839804,3.948884180011253
fold1_room1_mix1142,siren,5.488,8.208,2.7199999999999998,13.604494346686364,25.114933118887375,69.06526838724238,63.740275958072,5.1000000000000005,13.402446107586384,0,1,1,46.99161415721469,6.942223097184907
fold1_room1_mix1144,horn,3.191,5.665,2.474,24.072636066101033,12.450994413311523,26.43501360147529,32.161405839418066,6.2,11.920988360789805,0,1,1,52.00947630038705,6.999635956312477
fold1_room1_mix1146,bike_bell,0.453,5.553,5.1,29.142305667439608,7.247853144305423,19.05910490005366,31.145395380083436,6.800000000000001,4.403079103169211,0,1,1,45.190966292675505,4.519530892935611
fold1_room1_mix1147,horn,5.269,7.35,2.0809999999999995,7.948914840480005,18.045478467227667,32.72585251700657,25.604641369017685,4.4,6.219216490431472,0,1,1,56.0352942626305,5.761305248088602
fold1_room1_mix1149,siren,0.525,3.676,3.1510000000000002,45.69174786339107,14.292492505303622,40.57704689248992,50.67164286149858,3.9000000000000004,13.879423321343737,0,1,1,64.55449962920962,12.716667795189952
fold1_room1_mix1150,horn,1.285,6.176,4.891,31.879965436936256,14.861824613015258,41.00219082983964,47.63110503111455,5.300000000000001,13.397272308052312,1,1,1,51.87972870850478,7.230117444619703
fold1_room1_mix1155,horn,5.463,9.36,3.8969999999999994,16.79934829009561,72.55009833640506,51.31947774993235,38.61256632408018,4.3,4.333094046131627,0,1,1,49.630430201909434,14.416994525270743
fold1_room1_mix1156,horn,5.905,8.311,2.4059999999999997,23.697017986431007,44.13813742750561,28.982383796542152,23.579977709285615,3.9000000000000004,14.274471777792822,0,1,1,63.91709478084714,9.497369349313221
fold1_room1_mix1157,horn,3.973,7.693,3.7199999999999998,7.104362514002232,19.29293401053423,45.60388333281467,36.92642003713197,4.800000000000001,4.645287279775505,1,1,1,43.63747498642169,6.478663797196558
fold1_room1_mix1158,horn,2.05,4.238,2.1880000000000006,31.405134477669947,16.73460009284078,37.19544520711148,42.663151585784,6.6000000000000005,4.257306569922295,0,1,1,45.479013467082346,6.824113617326054
fold1_room1_mix1160,siren,3.03,5.282,2.2520000000000002,23.595323972471068,14.022250810102824,41.68237690198331,46.202541179077066,6.800000000000001,11.273190779534744,0,1,1,52.3834355873804,5.501384225972069
fold1_room1_mix1162,horn,4.242,8.515,4.273000000000001,32.64354500951535,23.07170587680278,21.492504001467324,24.50685618893921,6.800000000000001,6.436547125641407,1,1,1,56.60811925233236,12.676132136054425
fold1_room1_mix1162,bike_bell,1.278,5.642,4.364000000000001,33.4958004335464,12.828028054491464,5.017466542422312,13.354075729190413,5.800000000000001,12.790700480309313,0,0,1,56.60811925233236,6.86857444358683
fold1_room1_mix1169,siren,2.332,7.701,5.369,26.85391916763748,54.679036427594056,45.807131251533804,39.63086774440481,4.0,13.378531306660461,1,1,1,46.949733484847116,14.212436725156413
fold1_room1_mix1170,siren,5.32,8.882,3.5619999999999994,8.493534646625468,21.869603268081736,57.04016940594387,48.82512056646935,5.2,8.482211195573337,0,1,1,54.11808671718971,5.525561130102138
fold1_room1_mix1173,horn,5.026,8.683,3.657,12.962010373996485,15.531290279882136,28.21910661107765,26.648403170213186,6.5,10.81654925403118,1,1,1,55.75232008188698,5.002471219125631
fold1_room1_mix1175,horn,4.967,7.966,2.9990000000000006,14.832149745186276,23.95625042739578,37.82978733219211,33.665492474338606,4.5,14.585758498699315,0,1,1,60.87145802185421,5.437789468544239
fold1_room1_mix1175,backup_beep,1.092,5.4,4.308,13.687346437492062,12.634797310868214,3.551985229795946,4.247004838368582,5.9,12.621802844182477,0,0,0,60.87145802185421,1.0959336716060724
fold1_room1_mix1177,bike_bell,3.6,9.424,5.824,8.856271485395466,21.988194028058043,27.010943605046535,19.112170816775645,3.2,8.759987723548312,0,1,1,48.02149173048319,3.239267641767894
fold1_room1_mix1178,horn,6.557,9.513,2.9559999999999995,41.47320032384851,73.78071598263463,19.896977454840993,14.89347113613195,3.0,12.280771541076634,0,1,1,56.6192267821971,11.210364462071523
fold1_room1_mix1178,bike_bell,4.778,7.329,2.551,11.30801978357139,22.813592491060195,3.998179037704311,-2.0979633632937364,4.2,10.67839459314332,0,0,0,56.6192267821971,6.4443390696379845
fold1_room1_mix1180,siren,0.665,5.155,4.49,27.17239243068054,7.916513281330436,52.71767443849398,63.42955310745524,4.3,4.297372840059706,1,1,1,48.87065798075076,7.457962981864141
fold1_room1_mix1182,bike_bell,4.702,8.257,3.5549999999999997,7.27995576037964,21.51290292365242,12.272172585041183,2.860767038419162,5.0,7.124608369478497,1,1,0,55.75670777959271,6.139944963698533
fold1_room1_mix1183,bike_bell,2.049,7.467,5.417999999999999,18.314973128967324,18.020789202880593,6.4789390745811914,6.619588659742,4.800000000000001,9.939250673270998,1,0,0,51.381489410130754,5.613810517138294
fold1_room1_mix1185,bike_bell,6.061,8.828,2.7669999999999995,9.488529091011088,17.701177195296797,2.450221602748968,-2.965843519396003,5.300000000000001,8.889889057177083,0,0,0,64.99722456044393,4.333188387151313
fold1_room1_mix1185,bike_bell,3.233,8.128,4.895,10.333598906329026,18.541955345699183,9.353888165366271,4.275809560732583,4.5,8.369878428992761,1,0,0,64.99722456044393,4.619164795109525
fold1_room1_mix1186,backup_beep,4.029,6.553,2.524,9.681598846336605,8.972338440770747,3.466844242109431,4.127672978675292,5.7,8.735806028215505,1,0,0,58.0265666352805,2.4648641570660934
fold1_room1_mix1188,siren,6.031,9.444,3.413000000000001,8.037413858636397,40.49329517789544,82.168298184484,68.12296242607455,6.2,7.743894621715576,1,1,1,44.5602576236419,12.27649953191054
fold1_room1_mix1191,siren,2.984,8.21,5.226000000000001,13.97182202972823,58.574362725848,55.52128642824082,43.07219588350795,3.9000000000000004,4.756320141641004,1,1,1,41.25222472049095,13.688436259540683
fold1_room1_mix1194,siren,6.433,8.864,2.431000000000001,32.24013484028929,64.16531658838956,42.29360789641849,36.315538058906256,4.1000000000000005,9.403804434694718,0,1,1,49.91360153489249,13.423447484157617
fold1_room1_mix1194,siren,3.592,8.373,4.780999999999999,14.084325142816196,27.855914368262102,61.924883691792346,56.001256165384476,4.1000000000000005,13.754997571544731,1,1,1,49.91360153489249,5.700536309289518
fold1_room1_mix1195,backup_beep,2.642,7.798,5.156000000000001,4.99394493729306,10.85722069881391,22.76780856081718,16.0223102322528,3.2,4.879207369550401,1,1,1,48.53035313166604,2.0884997456169825
fold1_room1_mix1199,bike_bell,0.937,6.708,5.771,25.05604278499426,14.649068299063474,-2.6106868330894173,2.0513627294454366,4.6000000000000005,5.061292116723216,1,0,0,60.57315214515522,6.634841702588645
fold1_room1_mix1202,horn,3.987,8.449,4.462,9.374367598977193,35.5225335208954,46.455342899009295,34.884103835893654,4.6000000000000005,7.683022837877353,1,1,1,47.268119414389375,8.976859721807715
fold1_room1_mix1205,bike_bell,6.363,9.162,2.7990000000000004,23.505531491306087,38.91516492119772,14.797916408347973,10.418940414271859,3.4000000000000004,14.408316399265196,0,1,1,44.74832461505397,6.280019985461798
fold1_room1_mix1206,bike_bell,3.783,9.23,5.447000000000001,6.524643447907087,29.96651393451302,9.205035061053621,-4.036553733934603,4.0,6.4037545058916026,1,0,0,54.71172497959911,5.603992212322957
fold1_room1_mix1207,horn,1.604,7.217,5.6129999999999995,21.05343363597285,34.86921601907903,38.4925881066972,34.11020315960127,3.7,7.417985669078387,1,1,1,57.449716688410604,9.58132936002806
fold1_room1_mix1211,horn,1.484,6.391,4.907,32.23567650110914,31.32690281242211,31.2536287053562,31.502015286338256,4.0,12.558287139337006,1,1,1,59.57020714750984,11.899436494099657
fold1_room1_mix1212,siren,3.191,8.333,5.142,7.989408169127364,47.19138302476859,49.08693241467496,33.659970495152876,3.8000000000000003,4.932987756404509,1,1,1,60.54186720872339,10.349569171608724
fold1_room1_mix1217,horn,3.123,8.884,5.761,38.39599246325514,35.22968649600413,32.20578282941551,32.95332521505043,6.1000000000000005,7.432096452074992,1,1,1,50.26584391284658,12.517148298095458
fold1_room1_mix1218,backup_beep,4.067,9.077,5.01,5.839525939267414,8.579728971922297,21.646487705445374,18.30456816418488,5.9,4.06266744227342,1,1,1,54.69999187870052,2.3460110892613684
fold1_room1_mix1220,siren,2.804,5.737,2.9330000000000003,22.97843686746821,16.333460174437768,71.23661937357784,74.20146505522752,4.5,4.9491607945777325,1,1,1,45.67948801293344,12.961569171802694
fold1_room1_mix1223,backup_beep,2.253,8.221,5.968,8.53066515737129,9.057078414974214,15.725619442013311,15.205514795930469,5.0,6.5137290759706845,1,1,1,50.83103457311776,1.9776321372054706
fold1_room1_mix1231,bike_bell,0.388,4.215,3.827,40.08464026590631,16.92583773955186,-1.3326948794723776,6.155861465788952,6.0,11.921842649325189,0,0,0,57.22733596035322,6.860334419405387
fold1_room1_mix1239,siren,3.24,8.091,4.850999999999999,10.806337074224295,36.24005180921775,65.72406771388313,55.213861717262056,3.3000000000000003,10.800357902260593,1,1,1,47.78582360546918,7.20653688392054
fold1_room1_mix1240,horn,2.368,7.626,5.258000000000001,21.525994369213063,22.93458200809214,43.02480020072123,42.47424806045295,4.9,9.514157936488107,1,1,1,51.509593635650745,7.641201047304983
fold1_room1_mix1242,backup_beep,4.179,6.332,2.1529999999999996,14.96793086399377,14.762442993090312,0.9421886584152972,1.0622593578136872,6.1000000000000005,14.75893409960084,1,0,0,61.52009699673959,1.307496665890354
fold1_room1_mix1242,backup_beep,0.917,6.865,5.948,6.9691351719504455,8.210497428383729,16.471456032315864,15.04764440603963,3.1,6.314534940940006,1,1,1,61.52009699673959,1.378193252234024
fold1_room1_mix1247,bike_bell,1.166,6.831,5.665000000000001,34.29581123764866,11.107513517436706,0.9617124624742672,10.75419705730124,6.800000000000001,11.109089793972105,1,0,1,53.70398787665668,5.725928759312532
fold1_room1_mix1249,siren,2.643,8.502,5.859000000000001,15.409470848304554,64.59786889650621,53.44887781415048,41.00026851109658,3.3000000000000003,12.814300558657141,1,1,1,55.75020099141024,12.269990455402267
fold1_room1_mix1251,bike_bell,1.933,6.823,4.890000000000001,26.204133615863082,17.139018038085833,0.6454809451416423,4.3331583329930226,5.300000000000001,14.250366460729257,1,0,0,61.746953092898664,6.445624001380514
fold1_room1_mix1255,horn,3.647,7.811,4.164,23.286159199732644,31.93362150192163,43.63152268970336,40.88851646603345,5.300000000000001,12.804206172940578,1,1,1,40.8963142989536,11.696601749763545
fold1_room1_mix1256,siren,1.776,4.331,2.5550000000000006,52.58461539281065,16.944261016830833,27.849165923701364,37.685887302338685,5.5,5.161992122123332,0,1,1,55.5929053434365,14.163659681975746
fold1_room1_mix1257,backup_beep,3.188,8.149,4.9609999999999985,13.08941011474064,12.671712166496908,11.730398059700057,12.012093572415594,5.800000000000001,10.619542686277397,1,1,1,48.3364640044767,2.9360889939488954
fold1_room1_mix1257,bike_bell,4.779,8.641,3.862,13.607455577944004,21.687708635729027,14.909144955366905,10.860410058430531,5.9,11.219646941664806,1,1,1,48.3364640044767,6.799618714919257
fold1_room1_mix1261,horn,5.195,7.912,2.7169999999999996,9.040847110931502,46.52995488597163,42.712370431714604,28.481900302319204,4.7,5.686093609496947,0,1,1,64.47776830363209,14.409896726305249
fold1_room1_mix1262,horn,5.959,8.477,2.5180000000000007,18.18915979400121,38.79876628607479,31.502310507309303,24.922204948917383,4.0,7.634060349858294,0,1,1,60.86590157108718,8.550334591504047
fold1_room1_mix1263,horn,3.165,7.462,4.297,13.831862628787333,40.07077204609416,27.62893794977242,18.38999708971177,3.9000000000000004,11.246838404797085,1,1,1,60.51323703037251,10.824387871395391
fold1_room1_mix1264,horn,3.726,8.555,4.829,14.596149899412062,35.401283614958906,36.1446536570938,28.449039765824253,4.6000000000000005,12.312267385267427,1,1,1,61.215802225159266,8.499617043475073
fold1_room1_mix1265,horn,0.944,3.958,3.0140000000000002,63.509908009665445,30.814075758716957,16.75784445436846,23.039691208593872,6.800000000000001,3.8984770554982466,0,1,1,54.8607310065942,10.88999542722257
fold1_room1_mix1265,backup_beep,3.952,7.161,3.2089999999999996,7.412666296704042,6.179730268375709,22.597929935135845,24.178028535042024,6.7,6.1330544362540005,1,1,1,54.8607310065942,1.5343019899423052
fold1_room1_mix1267,siren,3.512,7.982,4.470000000000001,15.30862855602669,15.393547252368732,53.68390706562184,53.63585859439017,5.7,7.5034494822034885,1,1,1,56.908944840254534,5.992985425961522
fold1_room1_mix1269,siren,1.72,6.659,4.939,56.39461898036558,11.288283675130272,47.8339684773412,61.80616351830821,6.1000000000000005,8.747990197573158,1,1,1,52.571672719822075,12.724500802694148
fold1_room1_mix1272,horn,3.101,5.662,2.561,12.133678939359823,7.782810901159478,36.921944014165284,40.77906442761641,4.7,3.420294635962484,1,1,1,63.367882810128954,7.275525563280924
fold1_room1_mix1273,backup_beep,1.73,7.296,5.566000000000001,11.875125141549333,11.95747736257517,12.618795343267138,12.558767895563776,4.5,8.905202045658422,1,1,1,54.08791655339233,2.8451168018806534
fold1_room1_mix1274,horn,0.576,5.967,5.391,64.72424871118417,4.685018051493663,16.358914211326983,39.16602920081066,6.300000000000001,3.107593048791858,0,1,1,61.62368980766207,11.340090637955395
fold1_room1_mix1278,siren,0.574,5.438,4.864,31.63359974959862,25.996523620022533,41.686168216162,43.39083500446213,3.3000000000000003,11.212649627453787,1,1,1,64.83619759067929,10.903503597183711
fold1_room1_mix1279,siren,4.302,9.052,4.75,13.201677106587958,30.470215346992937,73.86861885730158,66.6036905124146,5.5,8.5386232178799,1,1,1,46.94839427801438,8.27779175438279
fold1_room1_mix1282,bike_bell,0.355,3.845,3.49,18.762669340562024,15.052299498562297,-6.6959338762746725,-4.782098396811328,3.0,14.636913520736893,1,0,0,64.27480336143162,4.371449261792354
fold1_room1_mix1283,horn,6.049,8.215,2.1659999999999995,14.934014177264975,33.302757636307206,24.228500996037752,17.262428246258395,5.6000000000000005,14.142882820017105,0,1,1,62.86507836432703,11.697893223708594
fold1_room1_mix1287,backup_beep,1.047,6.939,5.892,12.707484720536073,13.23908939652654,2.907158605500861,2.551188234372674,3.4000000000000004,12.272410909428102,1,0,0,55.42673738019627,1.4023606109020064
fold1_room1_mix1289,backup_beep,1.312,6.446,5.1339999999999995,18.903312187801756,13.284809838061229,3.795345688580454,6.858996979826387,6.5,13.283683092757656,0,0,0,63.87911731655855,2.5851493237124115
fold1_room1_mix1290,backup_beep,3.831,7.863,4.032,8.889896856952817,11.184828441613787,22.925373259050616,20.930721161702692,4.5,8.796495280068736,1,1,1,48.33018899868712,2.0326932595138882
fold1_room1_mix1291,horn,2.086,6.108,4.022,25.861033971311834,22.548401231239648,14.68099104896924,15.871593661531328,4.2,5.239569046011375,1,1,1,61.780302911721215,11.751847691770072
fold1_room1_mix1292,bike_bell,1.263,6.169,4.906,22.0321109293676,15.75919251154041,10.30784018508399,13.218283159581624,4.4,11.709581239017787,1,1,1,47.97859743722883,5.953880663069115
fold1_room1_mix1292,bike_bell,2.467,7.273,4.805999999999999,13.32232387124999,12.502848480875816,12.964795138463401,13.51621552313263,5.0,5.980779089231068,1,1,1,47.97859743722883,4.761992974423507
fold1_room1_mix1293,siren,0.35,6.012,5.662,52.012968601405525,23.73649598453163,71.22867531088484,78.04257597764534,4.3,9.60486968173233,1,1,1,40.3073536154299,12.86259973537165
fold1_room1_mix1293,horn,3.817,5.873,2.056,31.80105254871841,6.563537942978743,52.52082505539964,66.22689494098107,6.300000000000001,3.520045820686944,0,1,1,40.3073536154299,12.677345593723526
fold1_room1_mix1295,siren,3.9,9.597,5.696999999999999,24.408066624795133,48.55754070677762,29.594906685098834,23.620440628685245,5.6000000000000005,13.351479871739647,1,1,1,58.92164394504887,11.78239834560728
fold1_room1_mix1296,siren,3.197,5.641,2.444,24.77138230677973,13.763177155697516,72.14985489440214,77.25448573406408,5.6000000000000005,13.766785482816015,1,1,1,43.48653073136674,8.439241264936708
fold1_room1_mix1296,bike_bell,3.286,6.611,3.3249999999999997,19.907383280630782,8.087423868111337,21.08027460233167,28.90435405573156,6.5,8.074803740590857,1,1,1,43.48653073136674,5.615661779249862
fold1_room1_mix1298,horn,3.43,9.103,5.673,14.497782592643038,41.64644241024692,36.96984114611284,27.804314636211643,4.2,13.135479323653557,1,1,1,49.69483611008289,8.04805038576569
fold1_room1_mix1299,siren,6.166,9.282,3.1159999999999997,12.514552237003238,36.166285324482224,67.69222262019522,58.47445084425021,6.800000000000001,9.492931107805575,1,1,1,46.272956743033184,13.825122680897092
fold1_room1_mix1299,bike_bell,3.9,7.437,3.5370000000000004,4.525258543092941,23.46296861005168,23.927771869608755,9.632980616677798,3.4000000000000004,3.696666507875438,0,1,0,46.272956743033184,5.809044740791473
fold1_room1_mix1300,bike_bell,1.139,6.819,5.68,14.55367012014031,9.19199788314784,0.014727602330836476,4.005979824787019,4.7,4.546242173618431,1,0,0,62.980203713334205,3.8409469346107965
fold1_room1_mix1301,horn,1.455,7.131,5.676,64.8062825044465,15.916419313238023,38.240104767440286,50.435539520765886,6.4,12.951738966397391,1,1,1,51.58429384546825,12.817289465690287
fold1_room1_mix1301,backup_beep,5.725,8.294,2.569000000000001,13.212342503888713,13.373553510917983,11.968975957477923,11.86363603006994,6.800000000000001,13.03151134178226,1,1,1,51.58429384546825,2.0178156486215224
fold1_room1_mix1302,siren,6.316,9.505,3.189000000000001,12.437217531812793,54.121988570784225,47.55209732568716,34.77908702854522,5.7,9.31852392352049,0,1,1,47.66897449530758,14.131709371288077
fold1_room1_mix1302,siren,4.838,7.644,2.806,12.612807538562734,12.583298544376431,68.92394168436512,68.94428704909558,6.2,9.245851796342402,1,1,1,47.66897449530758,6.1022625412630935
fold1_room1_mix1303,backup_beep,3.821,7.666,3.845,13.713052942147383,15.388638237281407,12.984444394931252,11.9831236451177,4.9,13.434574296069085,1,1,1,50.91559550876052,2.667968262192012
fold1_room1_mix1305,bike_bell,1.581,5.641,4.0600000000000005,24.65623736282072,7.13760347023975,17.12436487667587,27.89185258169207,5.6000000000000005,7.138491428884437,1,1,1,42.1003171447849,5.835924351317597
fold1_room1_mix1306,siren,2.144,6.536,4.3919999999999995,15.0421991607013,22.663405681243745,57.61354602366744,54.05326925667573,3.9000000000000004,4.6244205585872935,1,1,1,45.763781272684426,8.311651281908217
fold1_room1_mix1307,horn,3.18,8.518,5.338000000000001,43.67282427859636,20.733659290016487,35.06406865690489,41.53477506888466,6.9,10.466738601351375,1,1,1,50.86564232360394,11.297020656027579
fold1_room1_mix1308,siren,3.375,9.306,5.930999999999999,5.926100903647526,76.4696323671953,76.69950733812163,54.48510813090665,3.4000000000000004,5.884871867306907,1,1,1,41.58250534876957,13.00899733993506
fold1_room1_mix1312,backup_beep,4.618,8.718,4.1,3.7264317749699982,4.401444706852743,16.476411394198166,15.030369874129235,6.1000000000000005,3.408033644445993,1,1,1,59.706344305864576,1.0471952188700977
fold1_room1_mix1314,siren,2.364,6.667,4.303,27.568954513657374,11.732311560823593,48.13565222669013,55.55638641365147,6.300000000000001,11.436367359451486,1,1,1,59.08714504442301,6.44169898231941
fold1_room1_mix1320,bike_bell,6.872,9.649,2.7769999999999992,4.718955167658816,22.068580765504,33.067929406391734,19.6693583434877,6.300000000000001,3.0776015548606903,0,1,1,43.35901129919478,6.579690081760981
fold1_room1_mix1320,bike_bell,3.543,8.66,5.117,18.448006184789513,25.77584737531493,14.08815903705262,11.18288871753817,5.4,13.520279547745337,1,1,1,43.35901129919478,6.741548273548118
fold1_room1_mix1325,bike_bell,2.605,6.891,4.286,19.758157898014712,15.527779540602616,4.406520639479716,6.499262546793837,5.2,11.62337500049553,1,0,0,55.6163264089554,6.130192866396012
fold1_room1_mix1326,backup_beep,4.803,8.951,4.148000000000001,6.66629846857362,8.124026901806346,19.93590026163588,18.218168291019254,6.5,5.268228865748409,1,1,1,55.053106252849034,2.476324936129842
fold1_room1_mix1328,horn,1.382,7.264,5.882000000000001,57.591376090061196,12.070252052277375,37.78188425752167,51.35470658800085,6.5,8.083217534024103,1,1,1,47.77529162729343,11.219929497116114
fold1_room1_mix1330,backup_beep,4.01,7.509,3.4990000000000006,9.460576438961201,12.168209171362253,18.01801030026303,15.831828948707283,4.5,9.365226640630324,1,1,1,44.01900386587968,2.603800726745771
fold1_room1_mix1332,siren,2.352,8.185,5.833,35.06426873759395,15.522912664349834,43.18189302900769,50.259724471154534,6.800000000000001,11.337270719427414,1,1,1,56.11257792853528,7.506724462313766
fold1_room1_mix1332,bike_bell,6.113,9.159,3.0460000000000003,17.531430303031478,29.74960358465109,6.6810739006329385,2.0877972283291157,3.8000000000000003,13.155818598066302,0,0,0,56.11257792853528,4.955522680353896
fold1_room1_mix1333,horn,2.458,5.197,2.739,9.527477587371724,17.704050751900557,47.23830902654462,41.85641482448124,3.2,7.501556021850674,1,1,1,60.72242172303721,7.99937154477112
fold1_room1_mix1343,backup_beep,5.2,9.115,3.915,3.458631574862194,6.427856496993942,24.2966145358508,18.913377125056634,5.6000000000000005,3.4063245971124405,1,1,1,41.923833952556244,1.5455023426836645
fold1_room1_mix1344,backup_beep,1.087,6.578,5.4910000000000005,15.605839080126543,11.4552147913712,25.594857331682505,28.280535081950177,6.9,11.436170256138418,0,1,1,45.3502154703572,1.812729005632753
fold1_room1_mix1347,backup_beep,2.838,5.697,2.859,15.130011385817799,14.874108725859903,19.231521986659814,19.379688048684116,5.1000000000000005,14.856407765361702,1,1,1,44.39270765310711,1.2557747541012407
fold1_room1_mix1348,siren,1.865,5.985,4.12,59.9479538205373,8.947853157855624,39.24244840655957,55.7635587217604,6.300000000000001,7.652323894937499,0,1,1,43.32960006557267,13.300490916462914
fold1_room1_mix1356,siren,5.65,8.789,3.1389999999999993,24.313286655253698,46.56911479771312,56.364322389367906,50.719236143117264,3.0,13.207114990593094,0,1,1,52.078143728843365,7.72335522806359
fold1_room1_mix1356,bike_bell,2.836,7.571,4.734999999999999,8.445247215829133,24.5368997345758,14.068776928317781,4.804630505251481,3.7,6.393931724711923,1,1,0,52.078143728843365,6.169051630370004
fold1_room1_mix1357,siren,3.953,9.686,5.7330000000000005,8.540875865348454,31.171670422159984,45.58794519280424,34.34279187276405,4.7,7.15325764734815,1,1,1,53.08078347261949,6.106373637959434
fold1_room1_mix1358,horn,5.839,7.937,2.098,10.765394057588972,32.76696502632659,53.323686165449104,43.65556044166057,5.0,5.306511516401277,0,1,1,45.658565281839245,10.946835628275844
fold1_room1_mix1359,horn,7.076,9.362,2.2860000000000005,21.139903863981637,35.417465811075665,27.62728420042025,23.144994692978827,4.1000000000000005,8.026518120615183,0,1,1,60.6360755700901,6.534988399817951
fold1_room1_mix1360,bike_bell,4.993,7.586,2.593,10.806757947630336,23.94618138718904,8.924663237398377,2.0138463629302237,3.2,4.794693731084975,0,0,0,63.410595007260284,5.312607501324285
fold1_room1_mix1362,horn,3.154,9.116,5.962,14.328768736194275,27.666336135734305,53.739585837204814,48.024730320097916,5.0,8.334853519384028,1,1,1,40.79818933009254,6.379923556644085
fold1_room1_mix1363,horn,1.488,6.716,5.228,31.196247739203514,24.010969618238644,35.42596593848542,37.69981918507682,4.5,6.016921249614096,1,1,1,61.428540377378255,10.302595026539585
fold1_room1_mix1364,backup_beep,4.331,7.705,3.3739999999999997,9.703869369618436,10.505800762847246,21.36361813232203,20.673933756177746,5.2,9.576462533907451,1,1,1,46.60527406957446,1.7452735402978725
fold1_room1_mix1365,siren,5.231,8.196,2.965,9.548697735452429,25.383726194994363,62.43830938973697,53.94608481776612,6.0,3.391872222024975,1,1,1,54.244691360293785,11.494982402991862
fold1_room1_mix1366,siren,0.71,3.035,2.325,21.853291956156227,12.455675932328099,45.1000829946071,49.98307434474726,3.8000000000000003,11.52933235669746,0,1,1,62.07804049945154,5.956496580076434
fold1_room1_mix1373,horn,2.147,4.55,2.403,30.571204728332635,12.572243577875668,27.15414964884924,34.872144986290564,4.7,12.523652700961827,0,1,1,64.33554141886417,11.108264389681803
fold1_room1_mix1381,bike_bell,4.157,7.459,3.3019999999999996,16.127782596263643,30.435341967113665,0.8425858689749646,-4.673484637112686,3.0,14.639081903036088,0,0,0,57.38355843691882,6.03069257271793
fold1_room1_mix1384,bike_bell,2.723,8.593,5.87,19.046233590102293,13.908999938673674,-0.5603431379293866,2.1699208854070235,6.9,12.690693506820791,1,0,0,58.451710998479655,3.3893064534870727
fold1_room1_mix1386,horn,6.491,9.607,3.1159999999999997,38.31620926257586,73.37528334559427,34.19603264480059,28.5526875477779,3.4000000000000004,12.452080594742492,0,1,1,59.53771394489079,11.576745705177071
fold1_room1_mix1389,siren,4.042,6.922,2.88,28.20769780965399,15.12610174154835,37.79691405750958,43.209726560145796,6.6000000000000005,14.73322610989246,1,1,1,55.89490255550935,9.549332268850348
fold1_room1_mix1389,horn,3.09,7.84,4.75,41.87182397728857,26.82350952560067,25.98334794634141,29.85147355192791,6.0,10.87313917733296,1,1,1,55.89490255550935,13.677828792916866
fold1_room1_mix1390,backup_beep,2.578,7.843,5.265000000000001,4.797240776349448,10.615527009378113,20.98449103609083,14.085490173287766,3.8000000000000003,3.66802838958076,1,1,1,56.030560281419056,2.479445650000457
fold1_room1_mix1391,backup_beep,5.678,8.986,3.3080000000000007,10.39520757371396,14.689989111721811,5.047876208792445,2.044110047772378,5.4,10.36642541737094,0,0,0,56.996346376355575,2.9124919417984287
fold1_room1_mix1391,backup_beep,1.49,7.106,5.616,7.293931181884794,9.9875458509672,20.722773714412398,17.99283122129708,3.7,4.123236951425605,1,1,1,56.996346376355575,2.6912464419347164
fold1_room1_mix1392,horn,3.409,8.016,4.607,24.15667300068386,23.39721785171531,31.41541311339251,31.692871146859197,5.800000000000001,4.765178989096223,1,1,1,47.2898361644259,10.114928610510178
fold1_room1_mix1393,bike_bell,0.502,5.892,5.390000000000001,19.460583279669866,16.386784117285114,15.737824208433274,17.231066622266276,3.4000000000000004,3.9233323121176813,1,1,1,49.75113864042944,6.488873651842324
fold1_room1_mix1394,horn,3.355,8.922,5.567,10.743822023411179,53.63654911806552,43.53218287342511,29.56614241529109,3.1,10.499191744338269,0,1,1,58.972493568849224,9.038829450936639
fold1_room1_mix1400,horn,3.948,7.634,3.6860000000000004,27.52428500580551,19.446034648539115,21.382855931148853,24.40055575024401,6.2,12.283584719894847,1,1,1,62.90044750588615,10.774232346818536
fold1_room1_mix1401,backup_beep,6.202,9.334,3.1319999999999997,9.145507314146867,10.321115198999635,12.915632369900415,11.865255889009411,5.300000000000001,9.076504444320067,0,1,1,59.63803777729171,1.210687012923107
fold1_room1_mix1403,backup_beep,6.196,8.736,2.540000000000001,14.33841875933182,15.19520256949885,4.884206312904908,4.380101630563374,6.0,14.335943887095846,0,0,0,64.35815364604767,1.8731821921595202
fold1_room1_mix1403,backup_beep,5.055,9.212,4.157,13.73548937190354,18.847792835379664,-1.6517438263619013,-4.4000710745036855,4.800000000000001,13.714970495999472,0,0,0,64.35815364604767,2.9294469608194875
fold1_room1_mix1407,bike_bell,3.331,7.055,3.7239999999999998,14.43640554364011,14.261949073472028,24.421663087774682,24.52726693389662,5.300000000000001,13.143103417273343,1,1,1,45.14108294259551,3.091269261814683
fold1_room1_mix1408,backup_beep,0.455,5.249,4.794,13.849745283164957,9.154057977648137,8.532789041540866,12.129351590471401,6.800000000000001,8.77949132732366,0,0,1,59.76590283424518,1.6936864228694186
fold1_room1_mix1408,backup_beep,0.483,2.742,2.259,11.847040307107884,10.865616889001823,10.785056945295864,11.536166503015266,6.2,10.247476584603447,0,1,1,59.76590283424518,1.032396177425943
fold1_room1_mix1409,backup_beep,6.581,8.732,2.150999999999999,10.207220936739798,14.449969734199792,8.621603976793061,5.602415532484422,4.5,8.401210475341815,0,0,0,57.60963678881486,2.770597348011391
fold1_room1_mix1411,horn,5.646,8.246,2.6000000000000005,32.68887725383501,66.25464367573187,47.14177146090434,41.005445095551025,3.1,3.2127599519195336,0,1,1,42.79711306052535,12.940291213204986
fold1_room1_mix1412,horn,2.934,5.506,2.572,14.346565289765097,19.710234798576852,47.43661999432353,44.67774281930887,3.9000000000000004,11.146319519825742,1,1,1,52.58542498572955,9.839220914092696
fold1_room1_mix1413,backup_beep,5.087,9.616,4.529,6.931041563572057,12.002376883756643,15.654290303191317,10.884915170788034,3.6,6.470061626107011,0,1,1,61.93832385253866,1.6832941972560025
fold1_room1_mix1414,horn,3.304,9.051,5.747,25.575910080162593,49.004453153573586,29.777776943376622,24.12968792652981,5.2,7.296086752794186,1,1,1,47.27045192516515,12.69834452191838
fold1_room1_mix1415,bike_bell,5.436,8.598,3.162000000000001,14.848992121331642,17.73698098550308,3.222831817018225,1.679177344389096,6.300000000000001,14.273728960941137,1,0,0,56.96818456226944,4.6248498077762825
fold1_room1_mix1417,bike_bell,0.867,3.884,3.017,17.599737661112812,12.62480229583989,0.8683869738263752,3.7540191445713447,3.7,12.600899267608389,1,0,0,63.41793286638975,4.330027269049069
fold1_room1_mix1418,horn,4.427,7.825,3.3980000000000006,26.422338461591764,13.485544845243567,43.75072294398981,49.592778020998914,6.7,6.266771140241764,1,1,1,45.893899517306174,11.072708781396521
fold1_room1_mix1419,siren,5.272,8.399,3.126999999999999,16.92833055583477,38.34368835936713,45.89020859713519,38.78861348850264,4.0,13.19118667853714,0,1,1,48.54862067130501,8.119935684968079
fold1_room1_mix1419,horn,4.5,7.252,2.752,10.927893245630274,7.2578543420716715,58.99349019852587,62.548054111546485,6.2,4.479700394927664,1,1,1,48.54862067130501,5.700836958840378
fold1_room1_mix1420,horn,2.682,5.478,2.796,9.899483601039684,15.717407433492385,48.67702870487817,44.66166129019216,3.4000000000000004,8.897887676910614,1,1,1,53.613762883796326,6.186298301840493
fold1_room1_mix1421,siren,0.964,5.854,4.890000000000001,74.09470248410548,8.948041761759395,37.07259602787937,55.43377915164244,6.1000000000000005,8.510167029779655,0,1,1,64.2369385017733,14.469160567128808
fold1_room1_mix1422,siren,3.982,7.485,3.503,23.927741871086155,24.209132232204627,50.065871327833094,49.964321174952744,5.7,11.388303056109606,1,1,1,58.354971804363075,12.106751378066015
fold1_room1_mix1423,bike_bell,4.951,8.775,3.8240000000000007,11.92671934836506,26.448750225523423,12.70614016596835,5.788457057356425,3.4000000000000004,9.477447346148091,0,1,0,53.53628500424347,4.56343884259908
fold1_room1_mix1427,siren,3.587,9.329,5.742000000000001,19.301001893664672,60.092649319951164,48.56851757884342,38.703687619890225,4.7,13.771564846735103,1,1,1,56.33644491954342,12.543510060353576
fold1_room1_mix1428,siren,4.881,8.627,3.7460000000000004,20.007314659729037,54.1630952637181,41.27633548290494,32.62604203065588,3.3000000000000003,12.374208513125245,0,1,1,60.65981770647117,9.879527026498423
fold1_room1_mix1428,backup_beep,2.748,8.497,5.749,5.1644195955907195,7.065021427872126,8.356462232914737,5.634622971678368,4.1000000000000005,4.943837178084901,1,0,0,60.65981770647117,1.137789790019049
fold1_room1_mix1429,backup_beep,2.921,7.434,4.513,9.613614849221241,7.86105382348708,18.834236429665808,20.582355412480766,7.0,7.833013994475747,1,1,1,48.41868236652583,1.3828358272447574
fold1_room1_mix1430,backup_beep,5.388,9.653,4.265000000000001,7.429746867576008,12.77318957431432,32.3131251738157,27.606618367904453,5.300000000000001,7.426668275625934,0,1,1,41.37860602252611,2.386485108266232
fold1_room1_mix1431,siren,2.88,4.972,2.0920000000000005,14.084148742543887,21.600955553873696,55.8248206771813,52.10997347105343,3.1,14.01025345606202,1,1,1,41.095643146858485,8.575252021731899
fold1_room1_mix1433,horn,0.652,5.621,4.969,36.03127750519768,5.373394008342009,45.39762591443471,61.92624539006596,5.6000000000000005,5.3765038106190435,1,1,1,43.82135501054697,7.162902133768215
fold1_room1_mix1435,horn,0.68,5.195,4.515000000000001,32.21064511117607,26.506779542050282,41.414054941282494,43.10690407833166,3.2,12.027101096774937,1,1,1,45.594138532831614,11.849869029834833
fold1_room1_mix1436,bike_bell,2.849,6.265,3.4159999999999995,25.814496260657354,14.672478379783225,9.197364356929626,14.104567886517884,6.4,14.649276753471376,0,0,1,44.857981548211605,5.980763651307969
fold1_room1_mix1437,siren,1.131,4.912,3.7809999999999997,15.02578293295536,14.196609922370165,52.99557091304308,53.48862013563546,3.1,8.959971937659112,1,1,1,42.39213920493414,6.102662131909206
fold1_room1_mix1438,horn,3.543,5.7,2.157,20.65232862962588,17.193812878647552,42.711749230910726,44.303685854027094,4.800000000000001,12.350790667771802,1,1,1,40.33261575169223,13.219453317889993
fold1_room1_mix1439,siren,0.667,5.187,4.5200000000000005,32.4075165488061,19.247614203864817,42.0903648381136,46.61574176453627,3.7,11.680263672666692,1,1,1,62.31653822189425,10.073667869010325
fold1_room1_mix1439,siren,5.077,7.385,2.308,10.557284397282546,21.088105561753654,38.22855426122155,32.21884734244043,5.2,10.54570912843384,1,1,1,62.31653822189425,8.18481825440272
fold1_room1_mix1440,siren,2.65,7.184,4.534000000000001,8.31527941986008,30.50715122419961,68.81383436033725,57.52333821268407,3.3000000000000003,6.48583211571758,1,1,1,41.409916567229985,7.723271422630874
fold1_room1_mix1441,horn,2.127,6.565,4.438000000000001,53.15228638888837,17.475175999037702,26.866252377290195,36.528260225489475,5.800000000000001,13.63210406820654,1,1,1,53.90360033265917,14.040176911733703
fold1_room1_mix1443,backup_beep,6.041,8.418,2.376999999999999,3.8411400046251867,5.094607968743795,17.513199244958187,15.060186572209162,6.5,3.7349497997622176,1,1,1,59.43466181039729,1.835923908346395
fold1_room1_mix1452,siren,6.224,9.214,2.99,16.34444775231428,49.770258492789466,54.999641963863695,45.327649060444315,4.800000000000001,3.0556341611271445,0,1,1,41.99381737466868,11.244163759446014
fold1_room1_mix1457,siren,3.025,7.56,4.535,53.937901369175144,13.495512481565182,63.665514832652875,75.69960810456095,6.7,3.174616041211364,1,1,1,40.56708747636863,14.767302393858504
fold1_room1_mix1458,horn,2.837,7.107,4.27,17.625079116694703,18.351213421869947,41.577080208985194,41.226405991638416,4.9,4.48197418478627,1,1,1,60.783398320150354,8.16013017218711
fold1_room1_mix1459,bike_bell,4.249,9.413,5.164000000000001,14.09928865671017,26.75910119174645,30.32950472353749,24.764018326006514,5.800000000000001,9.120983683578661,1,1,1,40.876958079382355,6.953593795135339
fold1_room1_mix1459,bike_bell,1.108,6.153,5.045,15.331508039328572,11.836171433221828,16.709199374723873,18.956671940453624,4.0,4.582301033689688,1,1,1,40.876958079382355,5.063211068206764
fold1_room1_mix1465,horn,1.334,4.438,3.1039999999999996,29.73995171433836,22.618402966790384,38.83414646553584,41.21171290406495,3.2,14.808885199295394,1,1,1,57.34829520962083,13.816751067088527
fold1_room1_mix1467,bike_bell,1.144,4.326,3.1819999999999995,13.92520682164351,7.523497151439209,17.395536328556183,22.74317419456228,4.5,7.495993787862551,0,1,1,51.3204141735141,3.485776250639328
fold1_room1_mix1469,siren,3.195,7.683,4.4879999999999995,15.572547247236859,34.341079708622125,55.851352230125755,48.982266462646294,4.6000000000000005,4.614432100275303,1,1,1,46.14382886168653,10.898365134544832
fold1_room1_mix1470,siren,1.935,6.966,5.031000000000001,48.079567189307234,22.71830402730341,30.097862756258735,36.60955560270354,5.5,12.143864122012218,1,1,1,56.829440682342494,13.063198450651383
fold1_room1_mix1472,bike_bell,4.478,9.249,4.771000000000001,14.633858413914076,33.66398105283215,15.861109098224318,8.624976600458517,4.1000000000000005,14.445094146550815,0,1,0,53.38952220120629,5.881668052472415
fold1_room1_mix1474,backup_beep,3.631,9.102,5.471,13.099788860218727,14.777160147607068,9.88877849661612,8.842244813068646,4.6000000000000005,13.010911713395483,1,0,0,54.77615639847891,1.558981692631401
fold1_room1_mix1475,backup_beep,2.92,5.431,2.511,12.317048691794703,10.239581752130597,17.74149325703013,19.345982068093612,5.300000000000001,10.230739327092545,1,1,1,44.73829390839318,2.9020337054963665
fold1_room1_mix1477,horn,2.684,6.542,3.8579999999999997,24.00186417353419,13.745370262302151,29.932521245989086,34.774291860307436,5.4,10.178074672090618,1,1,1,50.659158518584356,8.028881249162541
fold1_room1_mix1478,horn,5.317,9.245,3.927999999999999,7.4321302112285865,50.443430726836276,37.55512002265247,20.92129390347774,4.7,3.5959154715874297,0,1,1,50.324804521363596,11.151184257031783
fold1_room1_mix1479,siren,4.162,8.733,4.571000000000001,10.576514399933243,44.71159607971629,46.61134105725809,34.0897888927517,4.6000000000000005,9.776913335625242,1,1,1,60.267336132850005,10.43494492239
fold1_room1_mix1482,siren,3.359,7.661,4.302,13.671283229454149,42.526826393933945,71.96143820235677,62.104364331333656,4.3,6.407699283190663,1,1,1,44.69751904117534,12.580440373955025
fold1_room1_mix1482,siren,4.153,8.918,4.765,12.805416002335516,25.902595371467893,66.7863569042566,60.66736511016134,5.300000000000001,10.629249667515483,1,1,1,44.69751904117534,6.457230455598811
fold1_room1_mix1483,bike_bell,5.44,7.882,2.4419999999999993,13.55084171155315,11.99456694075216,9.114206706991126,10.173840701627782,7.0,11.091666625539604,1,0,1,52.9820872923237,5.058203653249441
fold1_room1_mix1485,bike_bell,2.61,7.318,4.708,12.543235915367072,9.903784077915867,15.224674139477834,17.276842686132774,5.6000000000000005,8.17564707349591,1,1,1,45.90207766392795,3.207985892300013
fold1_room1_mix1487,siren,7.184,9.463,2.278999999999999,20.615068295937338,41.765888277821865,71.14967238184309,65.01693349174695,5.5,11.658222567098827,0,1,1,42.962948426761876,10.137670655980244
fold1_room1_mix1487,backup_beep,5.821,8.722,2.901,11.863010320862411,13.299995802845032,16.27986074489248,15.286728831401128,5.0,11.777649234882714,0,1,1,42.962948426761876,1.6396411347479778
fold1_room1_mix1489,bike_bell,3.13,7.487,4.357,7.972142546627078,14.840009737801127,7.136604085562276,1.7394214779493211,4.2,6.7044976518171175,1,0,0,61.071701396635724,4.028573515221565
fold1_room1_mix1490,horn,5.242,8.136,2.8939999999999992,7.208752428403121,41.66140499922485,46.15137743738071,30.913901409563117,5.2,7.14512087301942,0,1,1,51.7130138391174,13.811270788756806
fold1_room1_mix1494,bike_bell,0.686,2.974,2.2880000000000003,9.592222070340899,3.9534069367495013,18.648082581463385,26.34703667424705,3.2,3.857756241140163,0,1,1,52.84803959681011,3.458901274839964
fold1_room1_mix1497,siren,3.842,6.33,2.488,27.798675562272877,8.284340944286502,53.909827931626324,64.4251507481451,5.9,5.25437930767028,1,1,1,46.425758415112696,13.560009999442466
fold1_room1_mix1497,backup_beep,4.931,6.931,2.0,15.221831640546524,16.897142619737306,19.573249601754952,18.6663224902738,3.3000000000000003,14.767191101396886,0,1,1,46.425758415112696,2.2599702955565117
fold1_room1_mix1498,backup_beep,2.722,5.123,2.4010000000000002,13.279962636081772,13.757623547960367,-5.3243106759000085,-5.631242045607081,3.3000000000000003,13.225925522328405,1,0,0,60.871768040051585,2.0760308632013533
fold1_room1_mix1499,siren,2.332,6.28,3.9480000000000004,43.04143913861834,12.313436203256249,36.118304659794504,46.98845504787454,5.4,3.0918315556938265,1,1,1,50.297451056055436,13.894160808844422
fold1_room1_mix1502,siren,1.457,6.607,5.15,41.45779575070181,33.71482723219266,47.82291221059961,49.6186175916971,4.3,8.620583278649297,1,1,1,44.81520102420524,14.203212322291517
fold1_room1_mix1503,siren,2.979,8.586,5.607,27.86584097565806,36.85999573830891,60.2550702083175,57.8254076820464,5.300000000000001,10.31998245549862,1,1,1,55.43068082789285,10.92909027260328
fold1_room1_mix1505,horn,0.347,3.755,3.408,88.5888187827778,38.07020055509384,15.396578460824813,22.7324533862312,6.300000000000001,3.782926995438761,0,1,1,63.31494137553018,14.855101036678711
fold1_room1_mix1509,siren,1.198,6.979,5.781000000000001,28.305829115279437,26.421466272466677,61.130092029036696,61.72847133167421,4.2,9.700222830445403,1,1,1,54.13389858910784,8.851107675521291
fold1_room1_mix1510,horn,1.9,6.841,4.941000000000001,36.4248413952737,26.344058464670375,30.08763275420211,32.901932511683405,4.800000000000001,7.813924497407796,1,1,1,50.5015581386562,12.292156801821019
fold1_room1_mix1511,backup_beep,0.777,6.218,5.441,10.833137170964559,9.745491120835235,9.033273904770049,9.95228414789134,5.300000000000001,9.69250946268875,1,0,0,48.81094685812153,1.0758827515249934
fold1_room1_mix1523,bike_bell,4.095,9.048,4.953,17.109126951281425,21.110893855656467,12.364418799467899,10.538843332990943,6.1000000000000005,11.84808261648262,1,1,1,49.99279956671088,6.020724554713643
fold1_room1_mix1524,horn,2.895,7.665,4.77,49.23969774713699,24.647482563925102,21.793276347374913,27.80413255410916,6.1000000000000005,9.55086053821916,1,1,1,60.29362376977646,14.892478126242848
fold1_room1_mix1529,bike_bell,2.076,6.742,4.666,15.837787814960194,10.975339356662547,17.31975322798182,20.505284483604008,4.9,4.262101834996967,1,1,1,45.22017238518766,5.436845682877978
fold1_room1_mix1532,siren,2.295,8.158,5.8629999999999995,31.46864326704021,47.026151899681054,58.52932575491685,55.040097292669465,4.5,14.525192423495108,1,1,1,41.85195637863256,12.39177201581731
fold1_room1_mix1537,backup_beep,5.17,9.02,3.8499999999999996,9.804927971249768,12.915728252051702,15.891351286940761,13.497861462139099,5.6000000000000005,9.733614764809618,1,1,1,53.52242404857256,2.513045203276585
fold1_room1_mix1539,backup_beep,2.08,4.964,2.8840000000000003,14.582562818218802,15.23850861199538,18.515088307432585,18.132916129901055,3.0,14.369570730997697,1,1,1,43.557470078830114,2.6203608144315194
fold1_room1_mix1540,bike_bell,2.25,6.36,4.11,7.4109022480978775,13.614588291312122,5.278010785211713,-0.004657771975978164,3.6,3.659051010660502,1,0,0,63.54257886405869,4.758714047434964
fold1_room1_mix1544,backup_beep,3.468,7.059,3.591,6.683823708735347,10.770528282179615,9.7146386028679,5.570398223510942,3.2,6.660265454077655,0,0,0,55.89939653679446,2.2007776810903668
fold1_room1_mix1549,bike_bell,1.87,6.931,5.061,21.21640241562438,15.825179123146969,5.712701833269264,8.25916402747977,5.0,11.684211297580555,1,0,0,49.709475010811225,5.608400332987784
fold1_room1_mix1551,backup_beep,0.304,5.707,5.403,7.803150541135483,3.9071481277147226,11.270207412671368,17.27840959385152,5.300000000000001,3.864913304077899,1,1,1,63.85860925553541,1.3607350371361326
fold1_room1_mix1554,bike_bell,4.993,7.252,2.2589999999999995,10.780107062270863,6.287860969209609,16.105722521214027,20.788125393090276,6.800000000000001,5.750223048320261,1,1,1,46.567932951032226,5.167917721801212
fold1_room1_mix1555,siren,0.455,6.145,5.6899999999999995,32.19331541239232,8.58206202466488,30.979132749893765,42.462613862432036,6.2,8.571344843391566,0,1,1,58.45819181566107,5.373098724204516
fold1_room1_mix1557,siren,2.581,8.468,5.8870000000000005,10.613374468618174,30.509682286472973,62.07982258889641,52.90813863808922,4.0,4.921106019983751,1,1,1,41.84245945217821,6.712201650933064
fold1_room1_mix1558,horn,6.271,9.157,2.886,10.50309513210055,49.52007429938133,39.42666254853311,25.957382778824915,5.7,6.90150738198682,0,1,1,47.926912799553016,14.247059228993326
fold1_room1_mix1561,horn,1.793,7.642,5.849,46.43353769390433,30.49033784919111,18.137261469212632,21.79065219908577,5.4,8.040371961571275,1,1,1,55.75626777773067,12.84896730355498
fold1_room1_mix1561,bike_bell,6.377,9.486,3.109000000000001,10.599558105759845,19.647092598753012,10.791104170315151,5.430893528965122,5.0,9.094621343795065,0,1,0,55.75626777773067,3.8500986831287882
fold1_room1_mix1564,backup_beep,3.435,8.2,4.764999999999999,15.853193386085184,15.054989789167035,16.904162201329697,17.352888043876632,6.4,14.563651489932031,1,1,1,50.01149760614386,2.1149450708317845
fold1_room1_mix1569,horn,2.417,4.636,2.2190000000000003,57.823080812194135,28.116778216824418,22.213850799869753,28.476564238389393,6.7,6.175312526004477,0,1,1,56.70620823782932,13.546421588339237
fold1_room1_mix1570,backup_beep,6.555,9.468,2.9130000000000003,4.805488385651709,6.243468027168848,19.54608809974596,17.272320897952568,5.9,4.747291568938601,0,1,1,56.8459803839001,1.1361203441554768
fold1_room1_mix1571,backup_beep,3.143,6.313,3.17,14.481984901013803,14.230642597085232,14.078476081861382,14.230547659339237,5.0,13.902158167262325,1,1,1,40.310091242765694,2.2396514885970324
fold1_room1_mix1572,siren,5.053,7.766,2.713,18.254421309186743,14.27620008907163,56.11665636004824,58.251765231003844,7.0,13.235660299069272,1,1,1,59.21131064729845,6.6102030572880075
fold1_room1_mix1573,bike_bell,0.421,3.396,2.975,23.95691340190863,9.444793195352693,14.610433698838676,22.695201899441663,4.5,7.290013064776418,0,1,1,41.283564458872284,5.651291766782586
fold1_room1_mix1575,backup_beep,0.954,6.143,5.189,11.510270253894614,10.934423487309349,17.726411881768158,18.17220449615762,4.1000000000000005,10.526206127792529,1,1,1,47.982025247456775,1.4679123056846568
fold1_room1_mix1579,horn,3.667,7.132,3.465,16.68866060627837,18.169275122574614,34.964580746708336,34.22625837591406,5.300000000000001,7.595550445220663,1,1,1,60.3974085595749,9.052186874525953
fold1_room1_mix1583,backup_beep,2.392,6.904,4.5120000000000005,14.207189952663978,16.641040509464812,19.016450338936068,17.64300452467807,3.1,14.098045407684642,1,1,1,40.53964267082346,2.349775300059564
fold1_room1_mix1586,horn,2.304,6.848,4.5440000000000005,22.535536559438242,4.03395147699996,48.55431777368255,63.497062432195925,6.4,3.2766550962523144,1,1,1,46.250570329503425,5.424812403612522
fold1_room1_mix1586,backup_beep,0.446,4.591,4.1450000000000005,8.461727757740567,5.322413121994782,12.66039889410873,16.687408241037843,3.8000000000000003,5.0584335969901115,1,1,1,46.250570329503425,2.0360595454458297
fold1_room1_mix1590,horn,0.481,3.984,3.503,65.02750604069416,19.475916383651885,27.631595598826834,38.10357953462446,5.300000000000001,8.58016605209178,0,1,1,49.43320251343087,13.409750652908937
fold1_room1_mix1595,backup_beep,4.207,7.289,3.082,12.040997826476476,13.301789293940361,24.329040876428493,23.464089153592965,5.0,11.876072308197616,1,1,1,48.45638526546615,2.5888726948380727
fold1_room1_mix1595,backup_beep,0.719,4.195,3.4760000000000004,18.401312165454044,14.401311285862601,9.558246248264851,11.687181349977934,5.9,13.815659650885484,0,0,1,48.45638526546615,2.3270226883271965
fold1_room1_mix1598,siren,3.008,8.084,5.076,42.098272349877426,34.523414286311464,41.35423123049699,43.077241900744966,5.800000000000001,12.966785194273143,1,1,1,60.539183574638685,14.19470520287724
fold1_room1_mix1598,siren,3.296,8.305,5.009,11.308539510526805,58.86211964201412,60.744789286467096,46.41620173890614,3.6,10.529832142857348,1,1,1,60.539183574638685,12.388623083009051
fold1_room1_mix1600,backup_beep,3.85,8.804,4.954000000000001,5.235973479787026,8.44466673900408,33.07459441596728,28.92289287534129,5.1000000000000005,4.590438199202314,1,1,1,42.8794053714561,1.9396644444790232
fold1_room1_mix1600,bike_bell,2.614,5.153,2.5389999999999997,15.141833008048597,12.441805224025776,15.687087731408496,17.392988812491474,4.2,11.00365131307406,1,1,1,42.8794053714561,6.387750655041607
fold1_room1_mix1601,backup_beep,2.201,5.301,3.1,12.194311346017987,11.974728408048335,23.4178450139378,23.57567715495282,4.6000000000000005,11.950727731532295,1,1,1,42.8771669022513,1.0271684172092268
fold1_room1_mix1602,backup_beep,4.082,6.297,2.215,8.779184070490262,10.221918855752834,27.81250510926884,26.49093962428303,3.8000000000000003,8.75823384396593,0,1,1,46.81058687611218,2.105872081409432
fold1_room1_mix1603,siren,3.189,8.269,5.08,20.042023124197158,52.60207835433992,42.51103350642754,34.129806607004454,4.3,14.58552991371092,1,1,1,48.02093051699033,12.655452670276155
fold1_room1_mix1603,bike_bell,6.708,9.459,2.7509999999999994,15.336360963347332,25.207093150859613,13.767238737428471,9.451229846356853,3.9000000000000004,9.954011983251366,0,1,0,48.02093051699033,4.177128734909849
fold1_room1_mix1606,horn,5.433,8.812,3.3789999999999996,19.185255026036554,65.47135745780473,32.697707840889954,22.036032462080506,4.2,7.628094910454728,0,1,1,46.02282992270603,14.033732506700554
fold1_room1_mix1608,siren,3.334,5.691,2.3569999999999998,23.22685453544424,7.817368775115375,68.25875015166119,77.71734615738501,5.2,5.415737584127245,1,1,1,42.36097781385379,11.977261877273417
fold1_room1_mix1609,bike_bell,4.287,9.33,5.043,3.2055401850729246,16.886140131988146,24.97000319341278,10.537419925834762,4.4,3.197737553702507,1,1,1,48.58598988927186,3.3384676200633945
fold1_room1_mix1611,horn,2.198,4.61,2.4120000000000004,43.403272136171694,11.692264262446733,35.86299794875903,47.25547493574116,5.300000000000001,6.961147899167569,0,1,1,42.06533267420154,13.866482281770242
fold1_room1_mix1613,bike_bell,0.324,2.53,2.206,22.771892830762305,14.996838164901995,17.078338529371678,20.706327056591796,3.3000000000000003,14.232234463316841,0,1,1,40.88242319295001,5.914142472529984
fold1_room1_mix1620,bike_bell,3.432,7.598,4.166,22.84096530104561,10.856471113529953,9.932901731520559,16.393417189399713,6.800000000000001,9.759359761689465,1,0,1,56.725278953776325,6.098993121112507
fold1_room1_mix1626,backup_beep,2.359,6.332,3.973,14.80987132520486,15.608004654467566,14.028696949542194,13.572774935443505,4.0,14.075100399716735,1,1,1,42.182796809822676,2.857695884614696
fold1_room1_mix1627,backup_beep,1.976,4.149,2.173,14.550590733508233,13.057404706150704,19.126670205310987,20.06714541362031,6.1000000000000005,12.60386430854799,0,1,1,45.80795868340854,1.7758474253504481
fold1_room1_mix1628,horn,3.78,8.933,5.1530000000000005,26.239701679104922,37.22741714901206,29.06694032912681,26.028860078043877,5.800000000000001,11.498289676902942,1,1,1,47.83499125236756,11.449834171103888
fold1_room1_mix1630,bike_bell,2.454,5.717,3.2629999999999995,14.626238834693815,23.26966647772373,3.979569174003295,-0.05358078195811089,3.0,14.06212483233379,1,0,0,53.23971514592299,6.9177662211732915
fold1_room1_mix1632,backup_beep,6.229,8.59,2.3609999999999998,10.669839903378117,12.706576200131074,32.378812135627705,30.86139929229345,3.1,9.525430892185645,0,1,1,41.97688277337888,1.5257108196416533
fold1_room1_mix1633,horn,2.521,5.962,3.441,39.50118073630005,5.140177806042337,44.92547828963555,62.63811699505615,5.800000000000001,4.903590414068926,1,1,1,51.811861984253994,11.850008116146743
fold1_room1_mix1633,bike_bell,3.35,5.464,2.1140000000000003,14.356263543581353,13.88624039069595,10.41107179460537,10.700206654694746,4.5,12.60528180263505,1,1,1,51.811861984253994,6.005881036999939
fold1_room1_mix1637,bike_bell,3.162,8.571,5.409,13.543467855056178,24.134095599045125,5.34244615152177,0.3244232032555985,4.9,7.644297208499768,1,0,0,54.75896820252262,6.299685657850539
fold1_room1_mix1640,horn,1.908,7.392,5.484,17.688295039345558,21.21621560903835,38.71990595737215,37.14026702495022,4.4,7.077598690650009,1,1,1,58.3479275653651,6.603720872881048
fold1_room1_mix1641,bike_bell,3.057,6.796,3.7390000000000003,15.300531642030132,5.879418502982553,-0.7944943511627827,7.512948579656765,6.1000000000000005,4.731644118990137,1,0,0,58.66467897530006,4.825770857800935
fold1_room1_mix1642,horn,3.987,7.872,3.885,32.35282233599157,15.771575872772514,45.40700007498621,51.647741740476086,6.800000000000001,10.799264219010805,1,1,1,47.62784758419101,10.808757069009534
fold1_room1_mix1642,bike_bell,4.977,9.156,4.179,7.60990122638642,9.957804298991235,23.894845548592038,21.559154208770472,6.6000000000000005,5.208076838749533,1,1,1,47.62784758419101,3.35899941893724
fold1_room1_mix1643,backup_beep,2.481,6.823,4.3420000000000005,12.057721466803057,10.073724535172998,20.36968217168092,21.931185701617864,5.5,9.588039821241411,1,1,1,47.97590104645826,2.395933397110624
fold1_room1_mix1645,horn,0.381,3.267,2.886,47.4525541472132,15.800114208623546,14.699522589890904,24.251509934324957,4.3,9.696550051590178,0,1,1,61.60210379848408,11.771834465826437
fold1_room1_mix1645,bike_bell,3.583,8.212,4.629,14.914276505008317,17.984470830225018,5.397326583866402,3.7714171177479585,5.300000000000001,12.91633955569919,1,0,0,61.60210379848408,4.314413697047739
fold1_room1_mix1647,horn,4.7,7.244,2.5439999999999996,7.425123836540925,31.988266442202082,43.4016286466025,30.715888576023538,4.1000000000000005,4.159137636136428,0,1,1,54.82654747474452,10.049057424901342
fold1_room1_mix1649,horn,1.502,6.94,5.438000000000001,50.94581071259143,20.732215573703268,32.86108400951471,40.67033924298718,5.6000000000000005,13.792982698379102,1,1,1,40.45826697382833,11.866282014103383
fold1_room1_mix1650,backup_beep,0.686,5.962,5.276,15.867073498755767,5.576992857090411,11.950419454613666,21.032354358762333,6.9,5.081602057820061,0,1,1,53.33466227121018,2.413431805208565
fold1_room1_mix1650,bike_bell,2.196,6.703,4.507,26.616022159736026,14.749888599069392,6.152982645425723,11.280070829328082,5.6000000000000005,12.606269755324938,1,0,1,53.33466227121018,6.900209652132052
fold1_room1_mix1653,siren,0.345,4.081,3.7360000000000007,49.42344378673335,20.520475328289717,29.901666720509155,37.536578461196214,6.6000000000000005,4.419444731790746,0,1,1,57.79119336469775,7.811714586567517
fold1_room1_mix1656,siren,2.149,6.652,4.503,37.456478399179574,12.137640731819781,43.01731213747514,52.805165433741315,6.2,11.343130409753485,1,1,1,53.34190132735687,8.889521486973317
fold1_room1_mix1657,siren,5.255,9.609,4.354,9.868438614424313,47.35752744701645,53.9845994433053,40.361787930059876,6.0,3.788513726288712,1,1,1,57.36662528450154,12.938723014051229
fold1_room1_mix1659,horn,3.202,7.357,4.155,4.574912966370945,49.451426820857016,57.077259374186404,36.40133956647333,3.4000000000000004,3.6174695012588143,1,1,1,52.822185040102234,12.548939029254248
fold1_room1_mix1659,backup_beep,3.757,8.296,4.539,9.241670713550695,8.405111054830332,17.155890480749854,17.9800311653293,6.300000000000001,6.732422258724552,1,1,1,52.822185040102234,2.50347376143376
fold1_room1_mix1660,siren,1.018,6.309,5.291,41.58222465728378,11.480136984190295,35.883008834799384,47.062221839650945,6.800000000000001,11.038733231776776,0,1,1,58.375835686157146,6.979283028751171
fold1_room1_mix1661,bike_bell,2.314,4.334,2.0199999999999996,29.432269595787265,16.501056206184103,21.129236863454466,26.155477049948253,6.6000000000000005,6.526366849895286,0,1,1,41.98796825340877,6.704935547698861
fold1_room1_mix1664,backup_beep,3.094,7.204,4.109999999999999,9.88667496156203,4.261997579412572,10.891388545470079,18.200129697923884,6.9,4.217630312952407,1,1,1,56.43392904382233,2.3265080903237827
fold1_room1_mix1667,backup_beep,0.95,4.075,3.125,10.329959379055762,8.705623010174065,14.947579413806388,16.433554559085046,4.9,8.618254126048921,0,1,1,55.26267511120815,1.4284481050093716
fold1_room1_mix1668,siren,2.453,6.899,4.446,45.50840677560642,7.70852671866413,32.66133556570415,48.0837405517277,6.5,6.390152677965542,1,1,1,53.09313198545769,11.104497470622595
fold1_room1_mix1671,horn,4.579,7.224,2.6450000000000005,17.088536009525793,13.124662773782864,53.841073629520466,56.13340771928719,6.4,11.752850564558349,1,1,1,46.126220638277374,6.8998869163213055
fold1_room1_mix1672,backup_beep,1.284,5.383,4.099,8.416924301399602,7.170258396379105,13.388763898364758,14.781136190108079,3.7,5.476566252362862,1,1,1,48.70429570431794,2.6888783212958596
fold1_room1_mix1675,horn,4.913,9.268,4.355,9.730807445257446,63.145788966481454,45.050261339463276,28.80635103750221,4.3,5.587502962184224,0,1,1,48.753743076307316,12.612690328748123
fold1_room1_mix1681,bike_bell,2.788,4.879,2.0909999999999997,16.231944932524268,11.76053929799815,13.303636297715705,16.102502762023732,4.7,11.720823375806372,1,1,1,42.50715189929166,5.8336979615628115
fold1_room1_mix1681,bike_bell,7.269,9.7,2.430999999999999,17.63400335751195,29.070726166018694,23.627680345251278,19.285581122718312,3.6,3.0666446937220906,0,1,1,42.50715189929166,4.7483278719608215
fold1_room1_mix1688,backup_beep,4.903,9.662,4.759000000000001,7.067617754828828,11.80837494739004,27.836115241484542,23.377773608950143,3.1,6.549337569604609,0,1,1,43.57420668258738,1.5063303307245297
fold1_room1_mix1688,bike_bell,1.923,7.666,5.743,14.00144807970602,20.703544824144505,16.827426328435592,13.429991195093997,3.4000000000000004,12.859133062188556,1,1,1,43.57420668258738,3.789925879158819
fold1_room1_mix1690,bike_bell,4.545,9.106,4.561,13.041515336181932,12.917980403111061,8.73207974184622,8.814748442787376,6.800000000000001,9.07179379293064,1,0,0,59.97853294498721,4.0714214933980415
fold1_room1_mix1691,horn,3.421,5.543,2.1220000000000003,14.511499169150188,20.80116647387279,39.56504922936401,36.43754106104349,4.2,8.501525877108152,1,1,1,51.752637101823794,14.496074139939733
fold1_room1_mix1694,bike_bell,1.456,6.39,4.933999999999999,17.805480897494434,12.471020966664708,18.391271462886834,21.48430543069967,5.4,12.022275586855672,1,1,1,42.27112883083937,3.3338618723713815
fold1_room1_mix1694,bike_bell,5.414,8.791,3.3770000000000007,7.618247739033326,12.65007085943557,32.599209597289374,28.19445226180649,6.2,6.983300431111385,1,1,1,42.27112883083937,4.025957405757042
fold1_room1_mix1700,horn,2.368,4.56,2.1919999999999997,17.012154358892698,3.7667590840815297,48.587722197745464,61.68355160376068,4.4,3.4002491310842973,1,1,1,50.40987234822589,8.35883793608578
fold1_room1_mix1702,horn,3.966,7.139,3.173,13.609203934033825,30.002498590737687,45.486954407521274,38.62046036776979,4.6000000000000005,11.933053025849569,1,1,1,44.13775768926089,10.739634217961786
fold1_room1_mix1703,backup_beep,3.592,6.367,2.775,9.614009826892906,10.09985780336056,15.537928185247736,15.109714232090319,4.1000000000000005,9.584090590605745,1,1,1,46.99010091533381,1.421711535324227
fold1_room1_mix1705,siren,2.917,6.429,3.5120000000000005,23.29164595419975,6.765641532793452,54.51237565533258,65.2501995821624,6.1000000000000005,6.3418147789864925,1,1,1,60.66990755442266,7.052658998482368
fold1_room1_mix1706,siren,5.273,9.61,4.337,11.264363864494888,40.14558861109481,56.85472301382963,45.8160998305371,4.7,10.162104375004965,0,1,1,45.85753682281606,7.831409438465574
fold1_room1_mix1706,horn,2.398,4.515,2.1169999999999995,19.54607861632973,9.446964019238933,38.993722862962215,45.30907046211669,6.1000000000000005,4.5606203599583015,0,1,1,45.85753682281606,5.069141893479325
fold1_room1_mix1707,siren,5.004,8.634,3.630000000000001,11.510767085212642,13.919665421897067,44.56034971376545,42.90985910831931,6.6000000000000005,5.273358105002105,1,1,1,59.46242339651364,6.367581017428185
fold1_room1_mix1707,horn,2.529,5.202,2.673,56.13225859067443,18.060942930321737,33.67515470017335,43.52459663874062,6.4,4.530805850516178,0,1,1,59.46242339651364,14.390015018171209
fold1_room1_mix1708,backup_beep,2.153,4.904,2.751,6.460987246044178,3.8168701341278632,25.655420531811934,30.22725053298364,4.9,3.81684217134711,1,1,1,40.966248451741215,1.9014587497159825
fold1_room1_mix1709,siren,0.373,6.369,5.9959999999999996,34.5171219803956,11.757606032187862,27.73972759174211,37.094041058237536,5.0,6.1464800290464,1,1,1,59.66722424217747,7.33631829381578
fold1_room1_mix1710,siren,1.38,4.801,3.4210000000000003,45.96049899261063,10.997156408789124,47.17277216458162,59.594858829626155,5.2,9.810564058138263,0,1,1,53.46061253977002,11.669969323634135
fold1_room1_mix1711,horn,0.582,4.52,3.9379999999999997,47.913201465768736,6.041176393578617,21.641298359584155,39.62797183652144,4.3,5.575750796499823,1,1,1,58.640320114196456,12.685030185602486
fold1_room1_mix1715,siren,1.083,6.464,5.381,36.61974538522547,15.525197500147486,40.0460906317397,47.49965436564494,5.0,7.251408254272666,1,1,1,61.26519155324894,9.22224419052343
fold1_room1_mix1715,siren,3.693,7.879,4.186,16.17859608858737,25.516584961943373,43.37207320884892,39.414438867718445,5.0,12.871816218258347,1,1,1,61.26519155324894,7.6050318861615125
fold1_room1_mix1716,horn,4.202,7.879,3.6769999999999996,30.036365272710583,24.040341025277517,40.55444183523136,42.48857689668719,6.300000000000001,7.5517295018400965,1,1,1,52.296683570219784,14.116502250423098
fold1_room1_mix1717,siren,5.405,9.399,3.993999999999999,11.628044499844275,29.845216506840245,48.194458462713065,40.007097490103355,5.0,11.322241786637267,0,1,1,52.81619750543445,6.250002836582067
fold1_room1_mix1717,siren,2.972,5.653,2.6809999999999996,25.537998026275744,11.063203975423587,35.855673610574506,43.12179219838416,5.5,10.911577637181846,1,1,1,52.81619750543445,9.31576013878061
fold1_room1_mix1720,horn,3.297,7.779,4.481999999999999,22.082590251694835,26.624199991799067,13.038532805839353,11.414001749518064,5.300000000000001,10.852937758525657,1,1,1,64.30386657917448,9.715702034852505
fold1_room1_mix1721,horn,2.807,5.121,2.3140000000000005,27.840915341062345,13.67680907048208,26.750049913975374,32.92402442474662,5.2,13.66995448928841,0,1,1,57.054460282648165,10.257023175259823
fold1_room1_mix1724,siren,5.298,8.59,3.292,13.98052210847924,39.05817692179862,61.82962015011318,52.905848596371335,4.4,11.392231439433646,0,1,1,43.80386361619828,8.886776930482112
fold1_room1_mix1724,bike_bell,3.604,5.967,2.3629999999999995,6.092439659450564,12.135120368807858,21.308197405937698,15.32314036746515,4.1000000000000005,5.381916250533361,1,1,1,43.80386361619828,5.811203103690415
fold1_room1_mix1725,siren,3.256,8.485,5.228999999999999,6.297740933344396,21.64067938754698,65.7748574058722,55.053135414821256,4.2,3.9087043503047263,1,1,1,43.74123465633045,5.01589079632155
fold1_room1_mix1728,siren,3.441,5.779,2.338,33.60369771051965,5.106823710326845,42.93674660811429,59.301470671588845,6.1000000000000005,3.18255047981049,0,1,1,57.287585369326806,12.599871091405834
fold1_room1_mix1728,horn,4.498,8.508,4.009999999999999,13.667587652145892,24.211752197244653,26.526239786582025,21.55955273504493,5.1000000000000005,13.172542405728125,1,1,1,57.287585369326806,5.975155214705338
fold1_room1_mix1730,siren,3.652,8.424,4.771999999999999,9.430020441253827,71.12395248010995,47.07602505675152,29.525960077285447,3.3000000000000003,7.743534124431596,0,1,1,57.6964209510723,13.681630130628685
fold1_room1_mix1732,backup_beep,4.735,8.324,3.5889999999999995,8.625686933875217,8.963879787071066,30.410530702284838,30.07648405985767,6.300000000000001,8.083822051093863,1,1,1,45.21990641413243,1.9176428094988305
fold1_room1_mix1735,horn,1.664,5.222,3.5580000000000007,16.83493999406841,8.546833189097363,50.02051961697688,55.90864651587051,4.5,7.697057262005968,1,1,1,51.49676671759085,5.252566023537829
fold1_room1_mix1736,siren,1.521,3.776,2.255,56.69165559849302,24.26354243460518,59.96334633184142,67.33464498648136,5.4,3.418402853763164,0,1,1,40.263983802994616,14.440343985000412
fold1_room1_mix1737,siren,3.076,8.431,5.354999999999999,8.170359015477164,32.82681092991971,60.802658542335934,48.72290747404641,3.9000000000000004,5.516843246908891,1,1,1,52.08729709255091,7.1686071370015085
fold1_room1_mix1739,siren,4.064,8.185,4.121,29.70671236836758,24.394068702078464,63.43107195198236,65.14247892471995,6.4,10.73728601778475,1,1,1,43.21037520108128,12.038213145034966
fold1_room1_mix1741,siren,5.02,8.923,3.9030000000000005,11.131215418640455,35.81941485357075,44.588558058538204,34.43704007165076,5.7,8.69536500339472,1,1,1,53.91157919261669,10.685544670975208
fold1_room1_mix1741,horn,0.33,4.356,4.026,35.674910671134114,11.775729221232448,19.810897198965172,29.43839887235294,6.2,3.308892058080567,0,1,1,53.91157919261669,6.015525270951423
fold1_room1_mix1744,siren,2.505,6.71,4.205,12.080543947286401,12.564984490501178,68.01238284586772,67.67087350029509,4.6000000000000005,6.2602238681901206,1,1,1,44.08669813587868,5.049215216130333
fold1_room1_mix1744,horn,1.447,6.808,5.361,32.6950094436815,15.524620701805175,38.057267540667,44.5264769179512,5.2,8.307567515809081,1,1,1,44.08669813587868,8.345769584371629
fold1_room1_mix1746,siren,0.539,3.782,3.243,44.436097892143046,15.38592196163247,44.94211327680444,54.154361066902545,5.1000000000000005,8.759354346713254,0,1,1,48.503813161458105,9.532804527392845
fold1_room1_mix1747,siren,4.37,7.201,2.8309999999999995,14.214459560928324,7.483027407060118,51.920777054422075,57.4938373833168,6.300000000000001,3.278368650698826,1,1,1,49.379114460147974,7.263048693477144
fold1_room1_mix1748,siren,3.306,7.813,4.507,24.228659253466777,43.613581875815996,60.06035284658519,54.95450537625176,4.9,6.421499927278896,1,1,1,54.44806952527945,14.755105979952996
fold1_room1_mix1750,backup_beep,4.938,9.599,4.6610000000000005,7.520131287040491,9.626727388976223,18.166211638741665,16.02114661930093,5.9,7.35852092428106,1,1,1,55.26010404074834,1.6645777186788866
fold1_room1_mix1752,bike_bell,5.519,7.584,2.0649999999999995,7.49679881318523,16.46642853479614,24.1478646822151,17.313393531961225,4.2,4.389586527903269,0,1,1,46.43644579933124,4.741753784567331
fold1_room1_mix1753,siren,4.722,9.073,4.351,18.679661825399833,17.92856356628901,48.72170037989774,49.07817066378543,6.9,4.352408171136399,1,1,1,64.9561633686934,8.174053228495854
fold1_room1_mix1754,bike_bell,3.576,8.8,5.224,21.028152177420115,16.15222328858827,1.5889705683528135,3.880346600504822,6.6000000000000005,5.933027559052559,1,0,0,54.50542598843003,6.737987318019063
fold1_room1_mix1755,horn,2.088,6.859,4.771,30.52238089018815,34.17555181249149,43.04991409791433,42.06797153863514,4.3,14.43349905949481,1,1,1,51.30377015782526,12.130010582326332
fold1_room1_mix1756,bike_bell,0.598,6.144,5.546,14.742805610890587,16.19963600612221,11.325400796104688,10.506898453550392,3.0,12.224634155060976,1,1,1,46.50664038135416,3.4025747036674368
fold1_room1_mix1757,backup_beep,1.643,7.414,5.771,14.054311419900689,13.29907580315677,-5.444825631164498,-4.965063409367147,5.7,13.126219010119673,1,0,0,62.611057626545765,1.2406570030389061
fold1_room1_mix1759,bike_bell,0.762,5.986,5.224,27.197065695450977,8.686572236978133,0.24459929450216578,10.158071589526088,5.6000000000000005,8.453615635632179,1,0,1,60.35153114151552,5.330981224995576
fold1_room1_mix1761,horn,5.486,7.935,2.449,3.632409201966177,24.80427696046553,61.63340249529321,44.94676640008002,5.300000000000001,3.11527338524584,0,1,1,53.240122448051466,9.283181838621726
fold1_room1_mix1762,horn,3.142,5.817,2.6750000000000003,18.554578325370457,14.903831467956685,33.172596131970295,35.075659292284314,5.0,13.824546123773702,1,1,1,56.47338741774021,6.708366647109964
fold1_room1_mix1766,horn,1.729,7.426,5.697,22.12921208698118,59.57618471677629,30.52378193895816,21.9216472134897,3.2,7.395373142104304,1,1,1,63.400943516234555,14.037863613990687
fold1_room1_mix1767,horn,1.117,5.808,4.691,28.29658505543042,38.824056991367044,44.445707314634646,41.698369524103,3.0,13.196565574090531,1,1,1,54.5406632780802,13.120226138342932
fold1_room1_mix1767,backup_beep,5.232,7.36,2.128,11.888159178026216,14.355651530401506,16.731203796496985,15.093037872247308,4.4,11.656598552631976,0,1,1,54.5406632780802,2.8402101214854265
fold1_room1_mix1768,bike_bell,0.803,5.312,4.509,11.589464852283342,6.318013927444663,18.384027900505885,23.653683976353648,4.1000000000000005,5.13473770935217,1,1,1,48.37054623576071,3.121096404603917
fold1_room1_mix1769,backup_beep,0.822,6.818,5.9959999999999996,8.212993310241433,5.8351533190178095,19.720082827171773,22.68906677585374,4.9,4.956366513657274,1,1,1,51.5559562080523,1.6058021529034918
fold1_room1_mix1770,siren,0.483,3.848,3.3649999999999998,90.20339927077976,43.783594867799806,36.39748696974623,42.6757167182271,7.0,4.276040815924527,0,1,1,55.238546309795204,13.826954325774048
fold1_room1_mix1771,bike_bell,6.781,9.18,2.399,15.33744451855992,19.872810987619093,14.068400696189457,11.81827475194995,4.800000000000001,13.96465310337376,0,1,1,50.440609726721235,3.249871287408773
fold1_room1_mix1772,backup_beep,1.657,5.265,3.6079999999999997,13.166826563643106,13.049697637266373,21.54716221003435,21.62477552668809,3.5,12.408079677210088,1,1,1,45.07169415747253,2.341627152796877
fold1_room1_mix1774,siren,4.407,8.895,4.4879999999999995,7.8822895449937596,21.303208126425982,76.77790942480753,68.14205689887842,5.2,6.673963887270134,1,1,1,49.779977002493865,5.442683928883408
fold1_room1_mix1774,siren,1.558,5.259,3.7010000000000005,27.80484176298862,5.283144569371142,44.346158660013344,58.77071731713984,5.5,4.9671029145351095,0,1,1,49.779977002493865,6.904222819046728
fold1_room1_mix1775,siren,0.532,3.195,2.663,58.63742271932712,23.281112028235267,36.007810066293644,44.03123312472121,4.5,14.413848863006123,0,1,1,59.467916767003004,14.475810406722792
fold1_room1_mix1776,backup_beep,0.36,5.202,4.842,12.67237954227133,7.991155403660927,17.721853743353982,21.7268256485387,6.0,7.865443404817891,0,1,1,52.63544585281638,1.7604532382591729
fold1_room1_mix1779,bike_bell,1.838,7.711,5.873,15.594328631597218,11.368319477836016,8.449637920196224,11.195046167671919,5.7,9.504670569879899,1,0,1,56.57045634544761,3.167389864516034
fold1_room1_mix1780,bike_bell,2.566,4.864,2.298,9.598527405083015,10.881678991778706,9.543871831847142,8.454045813280217,3.5,8.064925682132051,1,0,0,54.64483205508179,5.444910743084469
fold1_room1_mix1780,bike_bell,4.765,6.983,2.218,11.497493433086195,23.985931531237796,15.00231904559638,8.61525065675842,3.8000000000000003,9.434602356497388,0,1,0,54.64483205508179,6.979222322300008
fold1_room1_mix1781,horn,0.938,4.114,3.176,38.12488571495029,7.253966684413338,49.40128000019571,63.813939877135,4.1000000000000005,7.2436900168625735,1,1,1,43.25504787072512,11.952457745868008
fold1_room1_mix1781,bike_bell,3.664,7.456,3.7920000000000003,7.700675509745768,19.97382620518345,20.058643604168594,11.77999474050003,3.1,7.267594242295266,0,1,1,43.25504787072512,4.233683416238286
fold1_room1_mix1783,siren,1.07,5.09,4.02,37.40184469884925,19.253138752161014,46.30670167285049,52.074531311118015,3.8000000000000003,9.979262925300922,1,1,1,50.03672431782618,13.064057621375964
fold1_room1_mix1784,horn,1.561,5.705,4.144,31.612365737036683,27.771647993791884,31.274035737966038,32.39914265612024,3.8000000000000003,6.484679468929337,1,1,1,42.923408044337556,13.983770190676491
fold1_room1_mix1785,siren,1.639,5.02,3.3809999999999993,20.948495389011956,11.6712785025961,29.59764825266312,34.678336314922035,4.9,11.657016991373226,1,1,1,61.93513968105897,5.3195567712521115
fold1_room1_mix1785,horn,0.726,4.93,4.204,36.64793506964833,12.767700922779477,13.328215771783874,22.486951938330563,6.9,4.9219838725991165,0,1,1,61.93513968105897,5.835557207018934
fold1_room1_mix1788,bike_bell,5.078,7.373,2.295,6.689083429198708,9.76501903195068,9.837242071833316,6.5511124445786635,5.6000000000000005,6.3028779629599025,1,0,0,58.60428154805403,4.226073998381851
fold1_room1_mix1790,horn,0.46,6.379,5.919,39.8717071183278,20.56511240995987,24.719989315351384,30.470664170810593,4.7,14.223179764022948,1,1,1,53.04469220708988,8.80254368268257
fold1_room1_mix1792,bike_bell,2.39,7.727,5.337,5.415843394480473,18.355287658715945,31.115637685610096,20.513735739411047,3.0,4.904880446433421,1,1,1,40.77974465590981,3.744474854083647
fold1_room1_mix1793,siren,1.103,3.166,2.0629999999999997,24.96674718310536,12.582476164847053,45.7654610561085,51.71737799968209,4.4,9.242230683634896,0,1,1,44.90575950175333,7.102811091979563
fold1_room1_mix1794,siren,2.278,5.387,3.1089999999999995,52.37489382529268,11.253529710580747,31.453280373645605,44.809968247851394,5.800000000000001,9.315955804719923,0,1,1,56.420532017632446,14.544806072836938
fold1_room1_mix1795,siren,2.52,7.37,4.85,24.438653922669847,36.55119013868168,56.4882235471681,52.99173872364056,4.5,3.0693815031535054,1,1,1,57.25803649446423,12.51062333748454
fold1_room1_mix1801,horn,3.663,6.115,2.4520000000000004,23.40887023591187,15.021886768295758,46.22966746770497,50.08278687063043,5.2,9.136976900616874,1,1,1,49.90832883566438,13.660802819379153
fold1_room1_mix1801,bike_bell,4.521,7.845,3.324,7.232332442266562,20.53231206930479,20.790155523871334,11.726966009984338,4.3,7.121486701397937,0,1,1,49.90832883566438,5.413571561914837
fold1_room1_mix1809,bike_bell,5.915,8.1,2.1849999999999996,7.342002548276464,13.14173249960639,13.861128843726348,8.804367004479175,5.0,6.48605756550752,0,1,0,56.757469632812615,3.6559799177033643
fold1_room1_mix1810,horn,2.307,6.777,4.470000000000001,38.09895700461993,11.404359829694972,21.654984642447303,32.13182814092532,6.6000000000000005,11.273974383414474,1,1,1,51.552127363981626,8.529649967892325
fold1_room1_mix1812,horn,3.21,8.56,5.3500000000000005,3.4254392690429443,29.39818676498504,62.97865390599915,44.306568456496805,3.2,3.421857043379983,0,1,1,54.609604980698805,5.410338191369198
fold1_room1_mix1814,siren,0.994,6.146,5.152,47.02067700765487,27.680323878044526,45.511016645324936,50.113370855245755,4.3,12.780826111823062,1,1,1,53.570193608898244,13.550060294968183
fold1_room1_mix1814,bike_bell,2.112,4.243,2.1310000000000002,12.749679660689928,6.56329487545533,18.140671860318697,23.908218989809363,6.1000000000000005,3.274338442330212,0,1,1,53.570193608898244,3.1128409920404874
fold1_room1_mix1815,horn,3.122,7.493,4.371,13.868689908258576,33.41453506687786,43.694957027946444,36.05695733068531,3.4000000000000004,13.759218802024918,1,1,1,61.413144058810914,7.369952771951534
fold1_room1_mix1819,horn,6.34,8.939,2.599,13.348825602079158,43.782563284052436,26.712332758321097,16.395170260382287,5.4,6.439690538979366,0,1,1,61.97546496382185,12.162923221032926
fold1_room1_mix1820,horn,4.749,7.762,3.013,14.194913192492848,28.47261419219947,31.14203738785305,25.0961453394618,3.4000000000000004,11.84800561525405,0,1,1,64.04614389671875,5.997108947283051
fold1_room1_mix1822,siren,3.359,6.366,3.0069999999999997,28.611765672746756,6.461903549720353,53.58310678828938,66.50679055039984,6.800000000000001,5.33594277413978,0,1,1,51.6409934381555,8.135514108056102
fold1_room1_mix1823,siren,5.749,9.105,3.3560000000000008,10.634123442001261,44.261497355141,50.4580789795302,38.07159088815973,5.800000000000001,10.613226482263235,1,1,1,49.071026503831874,13.002551297005592
fold1_room1_mix1824,horn,0.674,4.293,3.619,33.105372272453856,15.022481125138306,55.07456472899603,61.9377009069838,4.1000000000000005,14.972575384361578,1,1,1,42.806523659396596,8.51211022569139
fold1_room1_mix1825,siren,1.592,6.603,5.010999999999999,27.155076389907006,28.2006317684468,68.64889460640939,68.3207384279026,4.0,5.415246264539627,1,1,1,47.625505408358954,10.835274270119942
fold1_room1_mix1828,backup_beep,1.27,5.573,4.303000000000001,7.235177788784121,6.417963790529378,8.645420876677171,9.686459774818168,3.9000000000000004,5.839922679407101,1,0,0,56.756368417370034,1.6112969522108798
fold1_room1_mix1831,backup_beep,5.029,7.604,2.575,5.808532863568089,10.550201238534886,26.440066752226606,21.256180897127926,4.6000000000000005,5.6611992528074015,0,1,1,52.98265468516954,2.952366417240907
fold1_room1_mix1832,horn,0.444,5.315,4.871,47.89583868507489,25.936280112304313,26.122484452157394,31.450286342203412,3.7,8.975210219154265,1,1,1,51.40381426163209,14.657217038314993
fold1_room1_mix1832,backup_beep,4.002,9.501,5.499,10.36547541377763,13.199715550698484,22.855559090589267,20.75605215947847,5.300000000000001,9.979829773550822,1,1,1,51.40381426163209,2.080873888819527
fold1_room1_mix1835,backup_beep,1.797,7.729,5.932,13.009350896085172,12.567168763508306,10.566899092648363,10.867262706136941,5.300000000000001,12.105815889825358,1,1,1,45.074128956874866,1.3718752014745499
fold1_room1_mix1836,horn,4.73,7.353,2.6229999999999993,16.838144274332745,23.483992524704558,44.3750263683184,41.48547222637701,5.800000000000001,9.240047566087558,1,1,1,54.14260743229677,13.602426041297795
fold1_room1_mix1840,siren,2.56,5.88,3.32,32.18635793929916,11.250313181370732,46.0450580392685,55.17520252676843,6.4,10.55223096553449,0,1,1,64.64053180288019,7.981817071888868
fold1_room1_mix1842,siren,1.708,5.819,4.111,27.144428654931964,23.110244394731726,46.33415411457291,47.73167744798758,3.9000000000000004,5.642960306518471,1,1,1,44.49396961625702,11.91200046458251
fold1_room1_mix1844,backup_beep,5.217,8.555,3.338,7.592019743373805,11.32026328745257,25.464498502038296,21.994514522076273,3.3000000000000003,6.825688807078878,0,1,1,43.638803775314926,1.709644155975616
fold1_room1_mix1846,horn,2.168,7.872,5.704,27.150795871608114,33.21772506049294,29.457089314312455,27.705342882777913,4.6000000000000005,14.5810404109253,1,1,1,54.01779233516655,9.248999911390225
fold1_room1_mix1850,bike_bell,2.35,6.906,4.555999999999999,20.19966022846752,15.210613559560585,19.82909115280423,22.293037784585316,5.800000000000001,14.590146015242912,1,1,1,46.60778784803896,4.010648118970574
fold1_room1_mix1851,siren,4.16,9.347,5.186999999999999,7.156370703547652,39.53863464891453,67.58731247674055,52.74073569674534,4.4,6.835908874070077,1,1,1,54.3532835302484,7.918610423626085
fold1_room1_mix1851,backup_beep,1.433,5.859,4.426,11.9959512619509,11.364944482128754,10.774613690129137,11.243961171604973,4.6000000000000005,11.255576631015632,1,1,1,54.3532835302484,1.293096797053428
fold1_room1_mix1852,siren,5.294,9.463,4.169,10.882712335560297,32.12217049817368,41.41849194597887,32.01713727860901,4.5,9.641295731136886,0,1,1,62.88109341586029,6.138376478746791
fold1_room1_mix1853,siren,0.692,3.499,2.8070000000000004,37.1241667243318,10.046453828289772,48.17500544423694,59.52788387970194,4.4,4.620185959648266,0,1,1,48.788928702508265,9.94457966317433
fold1_room1_mix1853,horn,5.772,8.899,3.126999999999999,8.01326046763813,26.72081834365606,48.63716190369049,38.17635200270623,6.0,7.712547598940433,1,1,1,48.788928702508265,8.87887062737806
fold1_room1_mix1854,bike_bell,3.811,8.977,5.166,6.006009411606744,20.229636440963407,13.073128989945772,2.5250876008389156,3.7,5.992279452109225,0,1,0,58.5705435996955,3.661612909212324
fold1_room1_mix1855,bike_bell,2.292,7.353,5.061,14.504947946801368,8.244016718656173,11.345117192899565,16.25266340817643,6.0,6.759351811207279,1,1,1,60.039761889312246,3.4683807102227386
fold1_room1_mix1858,bike_bell,3.348,7.825,4.477,11.558228176744871,19.9480030108936,-0.9744598054738418,-5.714623030645768,4.800000000000001,6.849218880136958,1,0,0,60.22960544344163,6.265195958982339
fold1_room1_mix1860,horn,4.826,9.218,4.392,11.678013278255262,34.591634688556326,36.222341680744364,26.790299258192633,5.7,7.459133533959528,1,1,1,53.42161647311772,9.740396989382576
fold1_room1_mix1860,backup_beep,5.2,8.377,3.1770000000000005,10.194199521660845,10.977848865202763,13.41661658062418,12.773334219329797,4.2,10.143826373364437,0,1,1,53.42161647311772,1.0024959503833213
fold1_room1_mix1862,horn,2.965,7.709,4.744,29.68563318213654,15.25124904950693,39.556778908275106,45.34159698056324,6.9,14.19889195990622,1,1,1,55.34899856265956,6.669485325165695
fold1_room1_mix1863,horn,4.034,9.329,5.295000000000001,6.513056063115166,33.52178111419112,29.581464526798115,15.350619137882447,4.0,6.5114143329794905,0,1,1,62.34605953734912,6.180810878174857
fold1_room1_mix1863,bike_bell,2.685,7.432,4.747,14.214499888957686,13.28908494690853,7.82480709971945,8.409537237719775,5.300000000000001,11.429743203599797,1,0,0,62.34605953734912,3.2084570861912236
fold1_room1_mix1865,backup_beep,5.286,8.426,3.1400000000000006,11.594684438893752,16.212639688835015,19.036903473192595,16.12500752040424,3.0,10.359559454209911,0,1,1,47.06576809621855,2.313201223589526
fold1_room1_mix1866,backup_beep,4.459,9.289,4.83,9.231002851222879,11.392751644305669,16.85700149297159,15.029406593106216,6.300000000000001,7.684532950976304,1,1,1,53.19725060021729,2.800363064588841
fold1_room1_mix1866,backup_beep,0.896,3.07,2.174,10.053412508410565,7.477214776396273,11.882165391559923,14.45363833558757,6.2,5.646425691865059,0,1,1,53.19725060021729,1.571427811711936
fold1_room1_mix1868,horn,2.554,7.541,4.987,16.158832471292186,39.20940778946845,30.261396256983517,22.561790167206993,3.9000000000000004,6.743145371653513,1,1,1,63.05760672753695,10.690597334802357
fold1_room1_mix1869,siren,0.734,5.286,4.552,34.06026309896407,11.324345743946349,62.357098780225165,71.9217963402163,4.4,7.622922584325429,1,1,1,47.47364886596733,9.133765730782125
fold1_room1_mix1869,horn,3.252,8.295,5.043,18.88921290360378,33.274439002816955,38.752555950407306,33.834618340586054,4.9,12.179252520963438,1,1,1,47.47364886596733,9.004911176992536
fold1_room1_mix1870,backup_beep,3.331,8.596,5.265000000000001,12.36043653253696,15.792850346277397,19.664808418051386,17.53627419741784,4.5,12.026255862382762,1,1,1,44.126320206305394,2.4865546816655266
fold1_room1_mix1870,bike_bell,1.975,6.468,4.493,16.67102714951346,11.91002092822444,21.259274680852783,24.180271363857642,4.7,6.468240572062775,1,1,1,44.126320206305394,5.645584567014419
fold1_room1_mix1873,horn,2.447,8.305,5.858,16.944195246892505,31.588676266668077,24.650170935735808,19.239961337724118,4.0,13.583223173556695,1,1,1,63.08322100793304,6.597692870467883
fold1_room1_mix1878,backup_beep,1.472,7.203,5.731,7.824907643662855,8.477185092390249,10.68132992933134,9.985881021414116,4.0,6.334562875925914,1,1,0,49.35255609343045,1.7847778163647645
fold1_room1_mix1878,bike_bell,1.111,6.994,5.883,16.010831775386222,5.767226582218804,7.074756062468609,15.943693666137804,5.7,3.840114388329978,1,0,1,49.35255609343045,3.3736032330068704
fold1_room1_mix1885,backup_beep,4.105,7.923,3.8179999999999996,6.9212584585096,6.43119217799677,28.026793407586496,28.664665004278646,6.4,5.977666529193907,1,1,1,49.037131271406466,1.535213752612857
fold1_room1_mix1887,horn,3.168,9.075,5.906999999999999,8.593119993619492,85.94564942955098,36.51900510145225,16.5175446755092,3.3000000000000003,8.539135564322349,1,1,1,48.71514522678686,14.682779307453302
fold1_room1_mix1888,siren,2.449,8.141,5.692,17.207778262725817,29.9359084649578,36.644563350439114,31.835210529152775,4.1000000000000005,13.28718375255031,1,1,1,61.340131347605436,6.633842663795226
fold1_room1_mix1888,backup_beep,3.366,9.252,5.886000000000001,8.221465477729689,9.249775557430459,14.193713946273434,13.17007479923852,5.300000000000001,7.8555936180719526,1,1,1,61.340131347605436,1.2417482570833707
fold1_room1_mix1889,bike_bell,4.975,7.498,2.5230000000000006,13.235791396804506,21.77001408084676,4.660368704435228,0.33819278211734627,3.7,11.704086895984105,0,0,0,60.16705732839955,4.825779151083369
fold1_room1_mix1890,horn,3.178,8.268,5.090000000000001,8.678667032588926,52.62037194003977,54.410650484353916,38.75663274332806,3.3000000000000003,8.650254201404646,1,1,1,41.99838571829057,10.360133345578518
fold1_room1_mix1895,siren,2.051,4.304,2.253,17.814615789510093,14.811246414009888,61.590542970851004,63.19424003000424,3.4000000000000004,11.497556087787563,1,1,1,46.75370716367081,10.184699514093715
fold1_room1_mix1897,bike_bell,1.111,5.462,4.351,29.109498661247223,14.202100604704462,2.348701909601921,8.582344731314627,5.800000000000001,14.111912134530865,0,0,0,53.249170168055,5.480518585485331
fold1_room1_mix1898,siren,2.878,5.743,2.865,37.03506512738821,15.355189309439053,49.467677054128686,57.1148358063966,5.4,14.49008540161003,1,1,1,41.72747810472927,13.67632481512003
fold1_room1_mix1899,backup_beep,6.252,9.01,2.758,10.096212656985829,12.555369945135416,11.30894568056651,9.41552519649241,4.6000000000000005,9.636588266137332,0,1,0,52.07096410197292,1.8261798885474516
fold1_room1_mix1899,backup_beep,0.576,4.309,3.733,13.239839898119309,11.889745286190102,2.713639897365617,3.647843549831485,3.6,11.81203711302621,1,0,0,52.07096410197292,1.9658342034616603
fold1_room1_mix1900,bike_bell,1.424,7.172,5.747999999999999,18.545922857443234,15.62227646582162,14.741703516167746,16.231786111803984,4.7,9.912833274767268,1,1,1,47.435786476322406,4.827812374676834
fold1_room1_mix1901,horn,3.875,6.954,3.0789999999999997,34.01422250781436,10.921514549815074,41.62226631011433,51.48981990387087,7.0,10.91979061820943,0,1,1,41.54455750202385,10.372309617709853
fold1_room1_mix1902,siren,5.103,8.534,3.431000000000001,13.148969805364318,19.742392086814434,55.66834818187807,52.138187287331405,6.300000000000001,9.159703057770436,1,1,1,43.21798810764837,7.846917588227528
fold1_room1_mix1903,bike_bell,0.406,5.562,5.156000000000001,30.858514249618636,8.774654217645248,21.525945364542658,32.44884538298941,5.6000000000000005,8.772321261084526,0,1,1,41.53961653931524,5.69871635549193
fold1_room1_mix1904,horn,2.999,7.557,4.558,26.600642038606935,13.581224305552047,47.662360017979964,53.50142395717309,6.800000000000001,12.64843336195034,1,1,1,43.36576864934331,6.220869697487727
fold1_room1_mix1909,siren,4.006,8.351,4.345000000000001,42.88295383737378,25.263550652938317,48.786720481569624,53.38252656786137,6.800000000000001,12.066524944250492,1,1,1,50.31988069454538,14.58041134913724
fold1_room1_mix1909,horn,2.047,4.703,2.656,44.543114853923846,17.30354963172631,34.47191579401241,42.68482340498233,5.7,12.882694906807677,0,1,1,50.31988069454538,11.704456718076727
fold1_room1_mix1911,horn,0.437,3.627,3.19,62.78127368381031,27.541160848214155,24.004546162433535,31.16150377500673,5.9,9.533618088590186,0,1,1,55.77717337733092,11.35257809838464
fold1_room1_mix1916,siren,4.853,9.264,4.411,9.6047534839414,48.09851304488841,63.6018505058877,49.60894195101666,3.9000000000000004,4.168492593904319,0,1,1,53.516734483070636,8.901180886629707
fold1_room1_mix1916,bike_bell,3.026,8.383,5.356999999999999,9.97146607411111,19.206451946842794,19.75936285713972,14.065600296460104,4.2,8.75499638962632,1,1,1,53.516734483070636,4.08211203830621
fold1_room1_mix1918,horn,5.956,8.186,2.2299999999999995,23.861579856495688,41.02920310121219,48.70861174943257,44.00073400374077,3.3000000000000003,9.862854142014392,0,1,1,49.895649779886504,8.115677849322134
fold1_room1_mix1923,horn,1.058,5.179,4.121,26.329282159890017,7.284822187340819,14.319996045283375,25.480397305126033,6.1000000000000005,5.613688338017313,0,1,1,64.30570076928636,5.115436125698788
fold1_room1_mix1924,siren,4.075,6.195,2.12,17.633345607750435,12.359470503268968,70.74063802268712,73.82733510761408,5.9,12.155519881624596,1,1,1,46.012589588508476,7.083110243912662
fold1_room1_mix1924,backup_beep,3.867,8.198,4.331,5.832848859490699,7.1562415567975535,32.257117141102526,30.481031771782042,5.7,3.4944579083102623,1,1,1,46.012589588508476,2.5203730229627466
fold1_room1_mix1927,bike_bell,3.627,7.465,3.838,14.467809880259956,12.913934437598042,19.341314998224057,20.32819931618843,5.7,4.955879164654515,1,1,1,40.13647637022201,6.649432134285746
fold1_room1_mix1931,horn,2.686,7.009,4.323,12.08770502028905,23.104906121916752,46.01043034378579,40.38322324342558,4.1000000000000005,5.770939426955852,1,1,1,41.152554722925935,7.632605072881134
fold1_room1_mix1935,backup_beep,3.217,5.882,2.6649999999999996,11.441314085037712,11.288812698643408,17.079816158809045,17.196368969990395,4.9,11.194287806058934,1,1,1,48.87548682803821,1.4348335143706341
fold1_room1_mix1938,backup_beep,1.359,6.261,4.902,11.477644998790923,9.389982095873107,13.73551574292182,15.479276218784861,6.1000000000000005,9.386543279906777,1,1,1,51.301198406058234,1.3996829094229413
fold1_room1_mix1941,horn,2.665,6.06,3.3949999999999996,19.34441145659843,29.0456769073788,55.184775685140245,51.65425606411838,3.9000000000000004,12.295431582272954,1,1,1,43.35664543811722,12.15001534348346
fold1_room1_mix1941,bike_bell,2.658,7.635,4.977,14.677852566122015,19.072420204900585,18.39552196827905,16.1206562578351,3.9000000000000004,14.101053367862187,1,1,1,43.35664543811722,3.3995791478110275
fold1_room1_mix1942,backup_beep,4.116,7.921,3.8050000000000006,6.49738380700808,14.00670158638553,21.41647674930966,14.7445296624417,3.6,6.336439133775856,0,1,1,55.08299645363366,2.9049051828992436
fold1_room1_mix1944,siren,3.395,8.817,5.422000000000001,12.23113362380232,39.11290789781185,46.66502082827201,36.56795293830158,4.2,10.592018810173549,1,1,1,53.8782955544524,8.074683444758715
fold1_room1_mix1944,bike_bell,2.069,7.68,5.611,15.693723262470211,14.839609501126493,7.589216733986184,8.07528708104281,5.0,6.946788494198346,1,0,0,53.8782955544524,4.845288544364821
fold1_room1_mix1945,siren,2.833,5.687,2.854,24.372993270304544,16.78623527788994,55.820710491794046,59.05982174443248,4.800000000000001,14.382242337966801,1,1,1,55.79355556994632,9.928251757411918
fold1_room1_mix1947,backup_beep,4.314,6.896,2.582,7.620471208817885,8.282940762179448,26.295876592739283,25.57182201690572,4.4,7.620489563930883,1,1,1,49.85008169669738,1.2780696635617943
fold1_room1_mix1956,backup_beep,2.927,5.813,2.8859999999999997,7.810578649793803,4.487048416649469,26.887049152824503,31.701498237140797,6.5,4.324314642136123,0,1,1,47.80960541523389,1.8383300510141558
fold1_room1_mix1958,siren,2.048,6.439,4.391,21.310245688134625,23.49989794466897,40.45628233773193,39.60673194871263,4.1000000000000005,11.304598185869338,1,1,1,52.50524294212098,8.80594294518064
fold1_room1_mix1960,bike_bell,2.304,5.071,2.767,21.867889743529986,14.894778423995492,-0.9724280251583082,2.3630285457137177,5.300000000000001,14.836542959150302,0,0,0,58.55962727805307,5.329113498441484
fold1_room1_mix1961,horn,1.195,5.581,4.386,29.83304786541228,5.440714148291527,40.301657922097725,55.08249224154384,5.1000000000000005,4.2156050406023216,1,1,1,45.60636303058464,7.518929680044106
fold1_room1_mix1963,backup_beep,4.126,7.157,3.0309999999999997,11.540749331718366,11.282301452063129,2.6132134703151593,2.8099396435913846,6.1000000000000005,11.1843634380675,1,0,0,55.362605800357144,1.4284283882198003
fold1_room1_mix1964,backup_beep,3.927,7.533,3.6060000000000003,4.722211793393829,5.2373786988951,7.00322039655093,6.103850075378659,5.300000000000001,4.411420219419333,1,0,0,60.58954204453718,1.250230486197924
fold1_room1_mix1964,backup_beep,5.157,9.484,4.327,7.202112963665585,14.642836755806586,5.655934704262407,-0.5073711318613192,3.0,5.657866525173464,0,0,0,60.58954204453718,2.0912957799293146
fold1_room1_mix1969,horn,3.942,5.997,2.0549999999999997,30.22778618967858,13.17564655568825,50.62871684926374,57.841404960093655,5.9,13.05294598913309,1,1,1,46.138093808028344,14.173418266743719
fold1_room1_mix1972,horn,4.925,9.49,4.565,15.109519979835827,58.522014307636084,45.40528804638893,33.64391607262745,4.0,11.942904115377457,0,1,1,54.32558855463833,10.520297830794853
fold1_room1_mix1973,bike_bell,2.481,7.819,5.338,11.661257100674845,13.922211386709415,9.822700443005807,8.283443382662284,4.6000000000000005,9.416354019541027,1,0,0,51.13632677214426,3.2098624333044947
fold1_room1_mix1975,siren,1.658,6.826,5.167999999999999,22.17214032528376,21.905541617895548,39.4967280170134,39.60180047483244,4.3,4.560796529285001,1,1,1,59.699187128301496,8.345414143435953
fold1_room1_mix1975,siren,3.736,7.821,4.084999999999999,18.803731156324535,12.954630910285605,53.997046747586204,57.2334265327919,6.6000000000000005,10.97652807684608,1,1,1,59.699187128301496,5.423517784611639
fold1_room1_mix1977,bike_bell,1.27,6.091,4.821,28.890946756175605,12.91261982775403,-10.352517808693186,-3.3575696256568293,5.9,12.852372309500542,1,0,0,63.919020072610415,5.628480027217211
fold1_room1_mix1978,siren,3.595,7.79,4.195,8.760938746960408,33.66197099998686,60.998512556891,49.30673460530545,3.4000000000000004,8.662837509826154,0,1,1,61.858759975471344,7.440758428696823
fold1_room1_mix1978,siren,4.351,8.316,3.9650000000000007,11.994814980482959,62.510112393568484,60.51716503344386,46.1780305057181,3.4000000000000004,3.262241867641862,0,1,1,61.858759975471344,12.8292052326555
fold1_room1_mix1981,bike_bell,0.662,4.895,4.233,13.781314693052101,12.858995665810582,15.991580464512118,16.59325246259794,3.0,10.996312880984323,1,1,1,53.0443983962136,3.5372320052791575
fold1_room1_mix1985,siren,2.501,5.321,2.82,33.18208078687591,7.994799940989589,33.6678393759611,46.02975969109763,4.800000000000001,3.202496501691308,1,1,1,53.939166956654596,14.309901179651458
fold1_room1_mix1989,siren,3.241,5.579,2.3379999999999996,15.894234111750325,16.30209854454705,55.69895450331629,55.47887633387256,4.3,14.319786815623345,1,1,1,58.87412483514825,6.285913399903186
fold1_room1_mix1989,backup_beep,3.451,8.09,4.638999999999999,12.979368003628107,13.39236546287774,8.074221599187624,7.802146677533898,4.800000000000001,12.899992654418057,1,0,0,58.87412483514825,1.0846467052642976
fold1_room1_mix1990,siren,0.753,5.214,4.461,40.52026216417273,14.90516846458414,48.32765260591808,57.014359757593745,5.300000000000001,14.878356593124236,0,1,1,59.44126706100564,8.243166694007105
fold1_room1_mix1991,bike_bell,2.516,8.425,5.909000000000001,8.269677717228983,24.08076921416154,13.649839250528963,4.3662038346546055,3.5,7.033903638723044,1,1,0,54.24456024141136,4.634486702125996
fold1_room1_mix1992,siren,2.047,6.399,4.352,23.111629821719212,46.44725892213252,52.64933383812367,46.58674350905504,3.3000000000000003,14.396595393789982,1,1,1,40.425854533310655,14.301644824068307
fold1_room1_mix1993,horn,2.512,5.708,3.196,28.563058798794952,12.417746387174812,24.21137714806786,31.446615709594944,6.800000000000001,10.355744863893245,0,1,1,57.40270796995204,6.184753199455249
fold1_room1_mix1993,backup_beep,3.231,6.865,3.6340000000000003,3.8090222903979796,3.8823491940293082,14.545110954037334,14.379489337359423,5.0,3.242291575315284,1,1,1,57.40270796995204,1.137753494086692
fold1_room1_mix1994,siren,1.403,4.776,3.3729999999999998,41.027877921395614,12.306539453606382,49.76883727401116,60.22769939918521,5.0,11.962712908615714,0,1,1,57.63996050082446,10.765715528133688
fold1_room1_mix1998,horn,2.988,8.548,5.5600000000000005,27.71221150793827,47.801124021657515,51.23307737579335,46.49773889673303,5.0,4.784252080232718,1,1,1,44.249538003521685,13.463751176914776
fold1_room1_mix1999,backup_beep,1.491,5.798,4.307,12.704434295091199,3.6740208701536767,13.051654721698284,23.82792897202846,6.2,3.5179585202241257,0,1,1,52.33880469411591,2.5883576626660005
fold1_room1_mix2002,bike_bell,3.191,8.593,5.402,6.189780369267039,21.802195703558272,29.871668016014446,18.93516812835454,3.6,5.990639131055246,1,1,1,42.6054466763237,4.170190812006597
fold1_room1_mix2006,bike_bell,2.616,6.279,3.663,13.319654154370788,16.907899379183657,4.429805650044926,2.3578715274219206,3.1,13.203706072266636,1,0,0,61.893741674478946,3.363509971583987
fold1_room1_mix2008,backup_beep,2.015,7.811,5.795999999999999,8.07301698831708,5.005345885542189,13.303197526700814,17.455232974362616,6.5,4.647349066800071,1,1,1,53.92547583877854,1.4598232714545585
fold1_room1_mix2010,siren,6.955,9.505,2.5500000000000007,9.049620418394845,30.149170612870222,83.14903846014323,72.69613833802528,6.7,8.775083046081981,0,1,1,40.48185667330948,10.43020235494046
fold1_room1_mix2012,horn,2.391,7.076,4.685,19.22268972635621,28.250200625957547,52.43159532458522,49.08744771716461,4.2,6.851687716837636,1,1,1,46.65588851832511,9.68537076208506
fold1_room1_mix2012,backup_beep,3.127,8.971,5.844,7.567199090306004,11.422558794532865,29.070994552664416,25.494429714738587,4.9,6.274159280349629,1,1,1,46.65588851832511,2.357311536251834
fold1_room1_mix2015,siren,2.594,6.475,3.881,42.993392338788304,16.766596483989268,39.95725156882511,48.13638759839224,5.6000000000000005,12.170424131038594,1,1,1,44.9441734401807,13.598193210432484
fold1_room1_mix2017,siren,6.338,8.642,2.3039999999999994,12.688609468380006,37.69440325693632,54.76337865759252,45.306121826905475,5.800000000000001,10.791535134117142,0,1,1,41.2416728967091,12.77784267819721
fold1_room1_mix2021,backup_beep,0.949,4.632,3.683,5.724672920506068,3.6210772297090417,31.06878819955692,35.04704601573427,4.9,3.606847283138418,0,1,1,43.86153166778527,1.1197783469519116
fold1_room1_mix2025,horn,5.774,9.391,3.617,19.57776642002903,63.970967680344266,43.31787358937791,33.03347803747867,4.2,3.5315364307361232,0,1,1,51.69102771480233,12.33517966672497
fold1_room1_mix2027,horn,3.356,9.093,5.737,8.590129098016181,29.66184055278704,30.776673087204642,20.012704981536928,3.7,8.367973953681137,1,1,1,55.96674373804116,5.299295408925726
fold1_room1_mix2027,bike_bell,1.11,5.882,4.771999999999999,26.732493653601118,5.373964212772104,3.4090853059103097,17.343979354194303,5.4,4.65175521056746,1,0,1,55.96674373804116,6.082653121010104
fold1_room1_mix2028,bike_bell,4.83,9.336,4.506,8.698611010464393,21.134605117282387,11.226287774116429,3.515403222906315,5.9,5.665198395433137,1,1,0,62.26480011670735,5.984478071148656
fold1_room1_mix2030,horn,2.312,5.734,3.422,24.722697673687698,7.49245123801021,34.05683255570895,44.42627121299421,6.5,6.057067870495874,0,1,1,54.2459994883456,5.715679544533108
fold1_room1_mix2031,siren,1.92,6.84,4.92,44.94081510976125,21.321706922791183,46.10085026616622,52.57722977941668,5.4,11.485146358482597,1,1,1,59.34780359662166,12.482214609404235
fold1_room1_mix2031,bike_bell,0.49,4.856,4.366,36.43517682660369,14.542610889929735,0.8173566239906407,8.79492657445131,6.9,9.025992536548113,0,0,0,59.34780359662166,5.473085333863705
fold1_room1_mix2032,siren,3.609,5.952,2.343,27.10749336701735,9.400052108021235,59.84019050076975,69.0393724830359,5.6000000000000005,8.245473039310399,1,1,1,53.64692614547424,12.947901282505
fold1_room1_mix2033,bike_bell,1.325,5.693,4.367999999999999,10.185770818328447,9.393595639164419,19.58213303725256,20.285373813799566,3.6,5.859396315066977,1,1,1,46.97345672146881,3.589165465511904
fold1_room1_mix2041,siren,4.541,9.573,5.032,26.85446954756478,48.95738808132905,44.82425845419255,39.60822522355705,6.2,13.96184733856781,1,1,1,56.73792581812574,13.884003067083132
fold1_room1_mix2041,horn,5.565,9.462,3.8969999999999994,14.334508336975164,20.059248470671246,47.442904385449744,44.524267257845814,6.800000000000001,12.571222621646625,1,1,1,56.73792581812574,5.7802163062561895
fold1_room1_mix2042,backup_beep,5.514,8.73,3.216,7.08293424046301,8.301058932021263,27.668899568870778,26.290493821985855,6.7,6.304662704498995,1,1,1,45.55880699239098,2.682927685793813
fold1_room1_mix2045,bike_bell,3.609,7.963,4.354,9.768513914491221,31.46574637551263,23.49431779916457,13.334127032701716,3.1,9.31794493218512,0,1,1,40.19348507440071,6.2273524893741525
fold1_room1_mix2050,siren,5.857,9.431,3.573999999999999,19.12194285450918,38.31584048505654,48.089991512814876,42.05306470134239,3.4000000000000004,11.856696583557325,0,1,1,52.49873296426918,5.996499625727272
fold1_room1_mix2051,backup_beep,1.123,5.576,4.452999999999999,14.538377812626287,13.926104437042016,12.68994733333765,13.063673393423478,4.9,13.903411487633104,1,1,1,46.912122917132216,1.1329420764368971
fold1_room1_mix2051,bike_bell,0.698,4.546,3.8480000000000003,33.97278095276565,12.594305109971588,12.565323120268594,21.18446089212781,5.800000000000001,9.899848536095611,0,1,1,46.912122917132216,6.421456992129046
fold1_room1_mix2052,bike_bell,0.816,6.8,5.984,20.290166604202224,15.591820079429246,11.775925539930206,14.063701508798374,5.1000000000000005,14.529402183219181,1,1,1,45.30620168575373,3.312156277803456
fold1_room1_mix2054,bike_bell,1.706,4.23,2.5240000000000005,32.17965405342128,19.22458957840301,-8.161658809570682,-3.68717292952433,6.7,12.632784269477305,0,0,0,58.65429962218997,5.98399160258515
fold1_room1_mix2057,horn,3.604,9.356,5.752,42.22553883697271,43.56348401313141,10.960348530561483,10.68940042796087,6.4,8.183652517639137,1,1,1,60.64111276469833,14.641607641526793
fold1_room1_mix2058,horn,1.182,4.379,3.1969999999999996,24.13384386700828,14.736931246013885,44.35417491735798,48.63856374528649,4.800000000000001,14.562204528926491,0,1,1,49.50637282411674,5.31205732604861
fold1_room1_mix2060,horn,0.511,5.491,4.9799999999999995,62.70655993675963,8.482551477337745,32.52163290372337,49.897362349154676,5.9,7.168759287870728,0,1,1,46.3941837151952,11.597706254893822
fold1_room1_mix2061,backup_beep,4.913,7.991,3.0779999999999994,6.485592552756476,8.992480968695986,25.697560109432544,22.85896278844986,5.1000000000000005,6.474539725487939,1,1,1,52.79864558521206,2.1506875354969894
fold1_room1_mix2062,bike_bell,6.507,8.79,2.2829999999999995,12.492937140747102,17.56856322523285,19.227646671653375,16.266212849332845,4.9,11.225080992193856,0,1,1,53.36334008497599,3.517163001837405
fold1_room1_mix2063,siren,5.303,7.363,2.0600000000000005,8.896381344415376,26.079687203728504,49.51061205176609,40.16883230174311,5.5,8.461244090424549,1,1,1,56.913782647759604,13.310963407244264
fold1_room1_mix2064,siren,1.018,6.175,5.157,29.922885745204013,43.81402420320906,58.1790102661107,54.86681687597038,3.0,12.95009786484248,1,1,1,56.079813434224896,13.34889206344773
fold1_room1_mix2067,backup_beep,6.531,9.402,2.8709999999999996,9.77874099979517,13.419068780955557,26.72638584549356,23.977597137747118,5.9,9.615928589852825,0,1,1,42.5652571303112,2.6401193103658533
fold1_room1_mix2068,backup_beep,3.714,7.915,4.2010000000000005,9.461954461319037,9.46316926877709,13.34866018554893,13.347545087578943,5.800000000000001,9.041579320311339,1,1,1,53.39519530156979,1.328776600248194
fold1_room1_mix2069,bike_bell,2.128,4.772,2.644,14.891254928770167,7.506593782148664,14.94775106098492,20.897518736879967,4.5,7.294059253927484,1,1,1,44.86563978209502,5.590049997713082
fold1_room1_mix2071,bike_bell,1.099,4.246,3.1470000000000002,17.16351614548066,8.246397325771639,19.22199707579469,25.588837212974127,6.2,5.277207099435324,0,1,1,43.61821444712986,3.175887848975365
fold1_room1_mix2075,backup_beep,4.521,6.986,2.465,14.368104384766648,14.269720975344876,8.811124427808835,8.870804294389778,5.9,14.073472035972525,1,0,0,49.03477336976852,2.131438720639818
fold1_room1_mix2078,backup_beep,0.902,5.724,4.822,15.088782751463537,14.121233615629864,6.685914503740925,7.261545858480915,5.5,14.11869465037077,1,0,0,54.760221477647995,1.1594468745697046
fold1_room1_mix2080,horn,3.88,9.566,5.686000000000001,10.210369256051198,73.74823581388179,45.14033762268214,27.966133879741832,3.2,6.91733459919417,0,1,1,51.26093208050243,11.590768612530699
fold1_room1_mix2083,horn,1.06,4.474,3.414,32.30299404209084,16.0815836199361,39.92020146924904,45.97848074959364,3.8000000000000003,14.458120613673984,1,1,1,42.99996153186811,10.523822228773549
fold1_room1_mix2084,horn,6.548,9.09,2.542,16.98788482742407,49.49252713948706,34.11702839874772,24.82902195965879,5.9,13.693709747370082,0,1,1,54.827766116864254,14.750955288035327
fold1_room1_mix2089,siren,3.005,8.979,5.973999999999999,7.894788165550794,56.397644995868276,54.591283402436964,37.512873641652,3.6,5.192339613826233,1,1,1,54.70637770802366,10.396763249799795
fold1_room1_mix2089,siren,4.145,7.364,3.2190000000000003,10.867787685678058,17.077707317358072,43.08378877094746,39.15802035458464,5.300000000000001,6.368432967135399,1,1,1,54.70637770802366,7.658385897047367
fold1_room1_mix2093,backup_beep,0.413,5.684,5.271,9.598256208071302,4.825729164799021,13.339990736821711,19.3125786204372,5.4,4.800423693240065,1,1,1,52.40821620272805,1.6705646305101458
fold1_room1_mix2096,horn,2.857,7.919,5.061999999999999,41.942545124455386,30.69932151716455,10.705025091077282,13.415545154333067,5.800000000000001,10.25476860821602,1,1,1,63.386573945529314,13.750836679362436
fold1_room1_mix2097,bike_bell,5.481,8.859,3.378,8.78545061132142,20.92266053363621,27.033325613947653,19.49626827154198,5.2,8.689557298608054,0,1,1,46.814853901050185,5.24810147821773
fold1_room1_mix2097,bike_bell,4.539,7.025,2.4860000000000007,5.408114199859663,18.083427701399767,27.447809427268766,16.96311141922091,3.8000000000000003,3.3200669711535276,0,1,1,46.814853901050185,5.430727953548509
fold1_room1_mix2099,backup_beep,4.43,8.76,4.33,12.48608228750306,14.91462787524053,13.63508484337175,12.091360257487885,4.7,12.474387370065527,1,1,1,55.6018643470556,2.012843653329973
fold1_room1_mix2101,horn,4.758,7.869,3.1109999999999998,18.29749760525626,28.480841444004614,22.90167795760459,19.058455616567215,5.9,6.884102638384407,1,1,1,55.92639251521126,14.338140805313381
fold1_room1_mix2102,bike_bell,5.113,8.976,3.8630000000000004,10.740877498797794,16.893697860740446,6.59762742921518,2.6639282441615677,5.0,10.736246885480814,0,0,0,63.421042247496445,3.293760310859545
fold1_room1_mix2105,bike_bell,2.372,7.522,5.15,16.15550067982813,17.688563958670077,21.15015287070689,20.362709783695735,4.800000000000001,7.660292726690041,1,1,1,44.901333463174396,5.8578139611080235
fold1_room1_mix2106,bike_bell,2.12,4.148,2.0279999999999996,17.14341272532913,15.5076573922959,15.031711090323682,15.902732754104413,3.4000000000000004,14.836369876465445,1,1,1,47.83643467821712,6.469152750640534
fold1_room1_mix2108,horn,0.386,5.902,5.516,42.06447666069492,8.236811043027389,29.86778279840611,44.030910536952646,6.7,6.509107343397842,0,1,1,54.91969140438472,6.618170796937969
fold1_room1_mix2111,horn,1.414,4.44,3.0260000000000007,40.128902949298954,15.63229934870845,24.897601322086352,33.08628980528197,5.6000000000000005,11.337185803156247,0,1,1,57.18752396543653,9.164165267487393
fold1_room1_mix2112,horn,2.23,7.868,5.638,14.784549087128458,41.62465506496244,50.67750215109462,41.68665086968229,3.5,9.367408755748228,1,1,1,46.49631016392541,9.223012990626701
fold1_room1_mix2116,siren,0.642,5.315,4.673,55.40462671100492,5.015188478958094,31.60168840566027,52.46686388572414,5.4,5.005283479968648,0,1,1,62.296896006390455,11.691219439986936
fold1_room1_mix2121,siren,0.537,5.8,5.263,53.49592400047101,17.30601360467534,61.72872636789872,71.5311994162762,5.0,14.90198986524011,1,1,1,43.73979215209952,11.435609263116657
fold1_room1_mix2122,siren,2.01,6.115,4.105,52.08809708526339,9.726505158983633,37.79343924242457,52.3690726489654,6.7,7.551512770666494,0,1,1,52.54588603810386,11.059616478043008
fold1_room1_mix2122,bike_bell,0.686,5.748,5.062,18.62052645408377,12.532149025511249,7.154696203697355,10.594024301648375,4.800000000000001,12.138522112615265,1,0,1,52.54588603810386,3.4055398257305685
fold1_room1_mix2123,bike_bell,4.61,7.975,3.3649999999999993,6.566302989963238,13.297158360468362,28.8066919063356,22.677933458832882,5.2,6.090169178219799,1,1,1,46.206049518504074,4.242463449199729
fold1_room1_mix2125,horn,5.386,8.989,3.6030000000000006,25.822201390964917,64.36914960009997,41.478769680478955,33.54507952751319,3.1,6.128760282630058,0,1,1,51.115679197087026,10.821787938945704
fold1_room1_mix2127,siren,1.616,7.462,5.846,44.19979002751519,14.226579912269893,42.94342997707421,52.7898239477368,6.2,7.226905409038029,1,1,1,47.78330901084063,9.555469629958248
fold1_room1_mix2131,horn,0.435,5.545,5.11,37.49346243831794,16.77899396847913,33.14555476652324,40.129347376033415,4.0,6.447984271797488,1,1,1,46.61252305408161,10.26052799322345
fold1_room1_mix2132,backup_beep,3.457,8.163,4.706,9.22721776296803,9.516823894863697,6.432510385895782,6.164085129429822,5.6000000000000005,8.411830311030588,1,0,0,57.39366294499044,1.7517577998000105
fold1_room1_mix2138,backup_beep,6.68,9.204,2.524000000000001,3.6937103055287794,4.568841928381193,12.79307866079732,10.946212628725775,6.7,3.6934772402291767,1,1,1,64.82801114786454,1.085577617256584
fold1_room1_mix2139,horn,4.181,8.326,4.1450000000000005,13.92846412085763,26.54628018149884,38.50315400446897,32.90114512409323,5.4,8.933598410578366,1,1,1,59.080525041214685,8.60953168081889
fold1_room1_mix2141,backup_beep,0.494,4.235,3.7410000000000005,12.509236291720056,6.501041254300656,15.659748339452719,21.34470582259823,5.1000000000000005,6.1977616222519405,0,1,1,54.31773799531449,2.379483642337866
fold1_room1_mix2141,bike_bell,5.259,8.854,3.594999999999999,6.817744208922363,25.323985703414024,20.415029847303003,9.017202716912152,5.0,6.605221973100471,0,1,0,54.31773799531449,6.330380447096225
fold1_room1_mix2144,bike_bell,1.545,6.966,5.421,10.479183284830878,12.412316072961984,10.51508271826151,9.0445749236182,4.0,3.7021666809051794,1,1,0,58.74293047408176,3.993870894086074
fold1_room1_mix2145,horn,2.644,6.32,3.676,19.459290320835848,13.586682491268752,50.54891170748135,53.6691831291447,5.2,11.791217783551605,1,1,1,40.34925387231297,6.047408771475121
fold1_room1_mix2149,bike_bell,2.191,6.185,3.9939999999999998,6.76353905307251,13.515488705789924,8.11749877189132,2.1043437331547565,3.4000000000000004,3.1709127752431994,1,0,0,55.7322810829961,4.786391190816255
fold1_room1_mix2150,horn,4.271,6.692,2.4210000000000003,19.806002706762662,15.250268803490671,53.42193590877461,55.69232261632086,5.800000000000001,12.97749736870293,1,1,1,42.13130137978829,9.496490874201202
fold1_room1_mix2152,siren,2.162,4.704,2.542,22.903651157169282,22.88474379424105,67.0098751521298,67.01704846655805,3.4000000000000004,13.37831000439622,1,1,1,49.34715706467527,14.622493834798878
fold1_room1_mix2152,bike_bell,2.86,7.257,4.397,16.339898218175566,10.923583540363966,14.941202857336563,18.43888710900505,6.7,10.762733244795808,1,1,1,49.34715706467527,3.2212786796378077
fold1_room1_mix2154,siren,0.662,5.714,5.0520000000000005,42.09640327720782,3.545578840075277,34.13959105155941,55.63074793907438,5.9,3.047873562999512,0,1,1,61.84044237594097,7.945043840892811
fold1_room1_mix2155,siren,1.796,7.408,5.612,20.571615363896452,53.18418902935844,34.5889780251765,26.338695108812402,3.2,10.3786874266902,1,1,1,64.39800974912595,12.460088620188808
fold1_room1_mix2156,horn,2.188,5.145,2.9569999999999994,31.354258749211237,13.832212773928935,27.071898567862334,34.17999611109249,5.6000000000000005,13.367330727890009,0,1,1,62.41729732828979,8.386323266326734
fold1_room1_mix2165,bike_bell,4.616,8.162,3.546000000000001,20.108530701353068,14.778999795514089,13.313956215501833,15.988662123836797,7.0,12.263847236909236,1,1,1,46.42092794084168,6.8225725181420245
fold1_room1_mix2167,horn,2.239,4.556,2.317,39.66268012031852,10.423851133931919,32.027216351778264,43.63429349006438,5.300000000000001,3.2600317614970367,0,1,1,60.32482713599383,12.784441727687836
fold1_room1_mix2168,siren,2.44,7.892,5.452,37.542774990974685,13.267469555835133,39.78164469288282,48.81641010873163,6.800000000000001,9.375234852041704,1,1,1,58.268122587351755,8.390429347615965
fold1_room1_mix2169,horn,3.594,8.31,4.716000000000001,47.769306978090206,19.878374708033743,15.158892964911601,22.774254323201035,6.9,4.598546420176156,1,1,1,57.98479046710753,14.186193182233383
fold1_room1_mix2169,backup_beep,5.847,9.326,3.479,7.943257499574403,15.292351594291729,3.8085396905169517,-1.8809729711457805,3.3000000000000003,5.157175799801682,0,0,0,57.98479046710753,2.4014986032595207
fold1_room1_mix2171,horn,4.082,9.364,5.282000000000001,22.468923342307427,22.092569370518454,54.23724796054247,54.38396866460976,6.7,9.230963828955337,1,1,1,45.73152905196768,7.679676855474153
fold1_room1_mix2172,siren,1.683,5.176,3.4930000000000003,71.88905154736807,23.75512289271412,39.948732173622666,49.56684162114879,6.5,13.26655833019604,0,1,1,50.72087637753787,14.585165247450151
fold1_room1_mix2174,bike_bell,2.143,7.058,4.915,21.63159481345294,18.76691616261246,2.8782729419546627,4.112185453663656,4.9,12.500217959988609,1,0,0,64.28243980606922,6.440032009170757
fold1_room1_mix2175,bike_bell,0.481,5.74,5.259,24.32400346301892,14.257052443355532,3.2000005976124655,7.840106786609681,4.2,10.812029230730383,1,0,0,55.860309187147536,5.910813510700651
fold1_room1_mix2176,siren,4.949,9.167,4.218,17.223659588154014,54.27912574532644,62.207577027124756,52.23742881514383,3.7,11.982600354859917,0,1,1,56.4373253371181,9.616786058790694
fold1_room1_mix2176,horn,0.593,5.165,4.572,56.55816020205717,4.943956273689835,27.084644056364127,48.25305711023526,5.4,3.884128209793268,0,1,1,56.4373253371181,11.668534300170563
fold1_room1_mix2178,siren,2.845,7.651,4.805999999999999,12.382202551269724,32.55765889291651,67.36226983463105,58.96516454042677,4.1000000000000005,5.7093850721678026,1,1,1,51.3411250958804,8.956370138219743
fold1_room1_mix2182,horn,3.17,8.485,5.3149999999999995,23.922383866942017,10.850062786488138,15.425456703050486,22.292900775095802,7.0,5.410494179206097,1,1,1,62.076949281207504,6.154790017397675
fold1_room1_mix2185,horn,2.8,8.27,5.47,33.027444764926756,23.48688589738175,34.144779202295474,37.10576994218791,6.1000000000000005,13.823608287673709,1,1,1,53.76305296754074,8.95643166038122
fold1_room1_mix2186,horn,2.248,4.294,2.0459999999999994,16.462081707288466,12.134968773361669,38.028665233660305,40.67758702985422,3.5,8.376045143500768,1,1,1,63.80078782724378,11.218948050372983
fold1_room1_mix2186,bike_bell,0.681,6.584,5.903,14.995950328412318,14.18163712438759,1.7358652363949574,2.22081772927811,3.8000000000000003,10.985507851113335,1,0,0,63.80078782724378,3.2486849415635066
fold1_room1_mix2188,siren,0.863,6.798,5.9350000000000005,57.59794972357478,17.103848272177544,21.435554754354747,31.981818537087456,5.7,11.902922917239172,1,1,1,60.614644763541186,11.566228215458043
fold1_room1_mix2189,bike_bell,2.371,7.345,4.974,24.431889647254575,13.750509198034784,14.664237485230643,19.657003029260878,5.9,10.562520791191217,1,1,1,42.9669771845203,6.199535141630435
fold1_room1_mix2191,backup_beep,1.794,7.327,5.5329999999999995,13.915231227862938,8.290682318966024,28.78957957562767,33.287582637947,5.9,7.290787907542153,1,1,1,42.536966120219745,2.8559855592562267
fold1_room1_mix2192,backup_beep,2.672,8.6,5.927999999999999,5.106091958451403,10.853939259267168,26.62133434751567,20.07135925021352,4.2,3.740980674635188,1,1,1,46.867789444992354,2.305081135774792
fold1_room1_mix2194,horn,2.218,7.729,5.511,17.01955747888458,44.71394551031624,43.29551322909201,34.90561864271872,3.7,4.624717916487129,1,1,1,58.49979440993273,11.042155676586267
fold1_room1_mix2196,horn,3.638,5.957,2.319,22.961405694339362,13.56285878802021,29.197430333981337,33.77037497288496,6.0,13.55090063321045,0,1,1,61.918733096215895,7.712195152785335
fold1_room1_mix2197,backup_beep,0.857,6.291,5.434,12.536677459648061,7.526774271298878,27.765681059303233,32.19715227724508,5.800000000000001,7.463037541164482,1,1,1,44.18558966995833,2.0336749600570014
fold1_room1_mix2197,backup_beep,4.031,8.922,4.891000000000001,13.517682360230479,13.147083364286496,23.28801271029245,23.529469117827446,6.9,12.764752679464875,1,1,1,44.18558966995833,1.5530563834937463
fold1_room1_mix2199,horn,4.966,7.813,2.8469999999999995,18.487479400167114,42.1856348992248,27.462102106301828,20.296364374475843,3.3000000000000003,10.46715081075093,0,1,1,58.574295075734994,9.001145390217738
fold1_room1_mix2199,backup_beep,1.039,5.817,4.7780000000000005,15.870746122938792,14.417076313213109,3.5017496280560536,4.336152572016303,5.9,14.417040183851428,0,0,0,58.574295075734994,1.375894247707661
fold1_room1_mix2200,backup_beep,3.641,8.054,4.413,7.413120902667571,10.88102789677112,34.58075431044628,31.24737749973832,3.8000000000000003,7.40786751735314,1,1,1,42.25820817049295,1.869379448539544
fold1_room1_mix2200,backup_beep,6.575,9.649,3.073999999999999,7.887381556747354,9.424984651855226,24.871965176177667,23.325009154905004,4.2,7.480940275638672,0,1,1,42.25820817049295,1.0519232322417238
fold1_room1_mix2201,backup_beep,1.237,6.913,5.676,11.682026429754748,6.328882343260388,10.752734870938056,16.07655811980436,5.1000000000000005,3.434874327705581,1,1,1,57.50233477686956,2.903748250797448
fold1_room1_mix2205,siren,2.707,7.016,4.309,43.19416983228481,15.323180254908687,62.477618658429485,71.47914307983064,6.5,14.314250915523441,1,1,1,41.859842038685635,10.726879237369715
fold1_room1_mix2207,backup_beep,3.9,9.282,5.382,8.939126394892474,9.702277626822648,22.53375968425987,21.822187292288895,5.6000000000000005,8.712424556352415,1,1,1,47.592405570295035,1.1649880257381773
fold1_room1_mix2207,bike_bell,2.552,6.522,3.97,5.489129037884606,11.447494803558643,28.496143210767478,22.112002914657033,3.6,3.71194145508511,1,1,1,47.592405570295035,3.7468844005248103
fold1_room1_mix2208,horn,6.315,9.328,3.012999999999999,16.822534462963112,48.29359899348005,49.18562086011618,40.0256579612979,4.9,6.506190604769928,0,1,1,52.14692026424657,10.73265984388236
fold1_room1_mix2208,backup_beep,2.212,5.057,2.845,15.159672587563731,13.81285875474558,12.606764137808874,13.414889153494606,6.800000000000001,13.581813833738574,0,1,1,52.14692026424657,1.4825472392979993
fold1_room1_mix2209,bike_bell,3.566,6.774,3.208,3.985216548302363,15.804945111170763,19.51152181089462,7.544700472943475,3.4000000000000004,3.945335630832756,0,1,0,53.344559539507955,4.587638792100992
fold1_room1_mix2210,siren,2.593,8.3,5.707000000000001,34.28397699441865,31.176424994902597,53.83805653891492,54.66335417707479,5.6000000000000005,7.270468289373246,1,1,1,51.97401074514371,11.183020341631357
fold1_room1_mix2210,backup_beep,0.646,3.225,2.579,10.66303413942224,10.0132327850566,16.846148654802327,17.392278395286745,3.1,10.009975582086856,1,1,1,51.97401074514371,1.5282348751141397
fold1_room1_mix2211,horn,0.818,3.643,2.8249999999999997,28.182108994905427,10.820769606722589,33.49011890193151,41.80442570138379,5.2,4.854414462511124,0,1,1,52.04845217462321,6.402549452808342
fold1_room1_mix2213,backup_beep,0.833,3.448,2.615,16.51923099060546,13.157789334809285,3.1943544316973487,5.170492376712865,5.1000000000000005,12.449058918356881,0,0,0,52.96220726353953,2.5230377870827403
fold1_room1_mix2216,horn,3.394,7.924,4.53,10.81285472746779,24.11277996773231,39.082432034000334,32.11629373477949,4.5,8.012873764089584,1,1,1,61.95380450991951,6.6232081510381295
fold1_room1_mix2216,bike_bell,0.49,3.358,2.8680000000000003,35.6496045340898,19.192695344177547,0.3085552672778107,5.686930206384517,6.5,4.994846576656238,0,0,0,61.95380450991951,5.8459760553007065
fold1_room1_mix2218,siren,0.394,4.65,4.256,40.7267158220431,16.88710059361933,51.921052380737464,59.56753837762598,3.6,11.630190243999285,1,1,1,49.23690834247763,12.049659867615105
fold1_room1_mix2218,siren,0.547,3.692,3.145,57.192699344747695,22.524858818624054,33.472179541433036,41.56574988140282,5.4,10.05750838336766,0,1,1,49.23690834247763,11.491924602419012
fold1_room1_mix2219,bike_bell,2.481,7.76,5.279,19.651186100872906,13.467650387693089,6.375205580015347,9.65714427395271,5.7,7.020433288072023,1,0,0,55.95072607565092,5.654314397656929
fold1_room1_mix2224,siren,2.577,6.324,3.747,49.97328709248786,10.546681276496212,64.40290635466596,77.91534825971013,6.800000000000001,9.083407462292728,0,1,1,45.28134120999801,11.683498900991667
fold1_room1_mix2226,siren,4.726,8.607,3.8809999999999993,5.1563556822336505,40.01678656405361,43.09641954463198,25.29843266826105,4.6000000000000005,4.9923312301116685,0,1,1,59.40531155338194,9.897765326768518
fold1_room1_mix2226,bike_bell,4.59,7.835,3.245,9.907747311373793,23.17417711141635,8.01186721409811,0.6312792132308118,4.7,9.864564749526625,1,0,0,59.40531155338194,6.754046955927784
fold1_room1_mix2227,horn,4.447,8.536,4.0889999999999995,16.199784701394247,44.90989847252913,38.1144153911161,29.257758780252672,5.4,7.8620327926116556,1,1,1,44.87618089815845,14.281086206914873
fold1_room1_mix2229,siren,2.521,5.995,3.474,31.29855211940333,7.546833052380364,47.87269670462584,60.22788679629629,6.2,7.3369226262339895,0,1,1,58.521978793231625,8.249068839655022
fold1_room1_mix2230,siren,1.774,5.763,3.989,15.12497045031249,12.209185243091074,67.14363890417663,69.00379593923839,4.1000000000000005,7.43405773535693,1,1,1,49.86141295830255,5.73053393110197
fold1_room1_mix2232,horn,1.934,7.517,5.583,23.293317982437735,19.553860299218425,29.46919420324471,30.989171149199933,5.0,10.237288221239034,1,1,1,48.099154225057475,6.732457769808179
fold1_room1_mix2232,backup_beep,5.285,7.644,2.359,9.861021111901943,12.73040229802543,13.600308367661228,11.381903576381916,3.9000000000000004,9.305169582620293,0,1,1,48.099154225057475,2.2989156825439157
fold1_room1_mix2233,horn,1.977,4.217,2.2399999999999993,53.92161679840471,30.169178240647742,35.44962863810824,40.49361713509653,6.9,8.79378914458047,0,1,1,58.26192789264472,10.86603650009323
fold1_room1_mix2235,backup_beep,3.024,8.934,5.909999999999999,9.405359552827905,10.569328699676376,17.547990617428276,16.534550581983616,4.0,9.35104157716182,1,1,1,47.7672819587904,1.0044347547782562
fold1_room1_mix2236,backup_beep,6.25,9.686,3.436,5.36306887723029,10.339831583951357,6.565680377055074,0.8636785690312507,6.0,5.339966352761924,0,0,0,56.63339304830235,2.429432035919474
fold1_room1_mix2236,bike_bell,4.054,6.874,2.8199999999999994,6.893569248669697,11.32966249383081,10.274664119534165,5.959207519827217,4.9,5.667606342617099,1,1,0,56.63339304830235,4.872716841629393
fold1_room1_mix2237,siren,6.76,8.855,2.0950000000000006,38.28088177019082,62.957984432407955,46.244222163420474,41.92284450333182,3.6,8.53723956307682,0,1,1,64.8804353893731,11.961082233422847
fold1_room1_mix2237,horn,0.669,4.277,3.608,54.15954062701118,20.02563291796574,16.472242078704312,25.114016499758108,6.300000000000001,5.9452366025490315,0,1,1,64.8804353893731,9.619618946138011
fold1_room1_mix2238,bike_bell,4.827,9.646,4.819000000000001,8.733141772338353,30.572518625114363,23.00251357236467,12.119299417008364,5.4,7.889250818926568,1,1,1,41.59855019944714,6.907833647877926
fold1_room1_mix2239,siren,5.343,7.355,2.0120000000000005,5.840196804522235,25.245055142744846,72.09811274667274,59.38313592006752,5.7,3.6872549523382574,1,1,1,48.315204805539295,14.692422674164773
fold1_room1_mix2239,siren,4.692,9.308,4.616,19.815887438859686,22.29875547436692,52.58450890910926,51.559166939437446,6.7,14.28868055714322,1,1,1,48.315204805539295,6.6844048920347525
fold1_room1_mix2241,backup_beep,5.685,8.406,2.721000000000001,6.4933638374852185,7.847064555337481,24.074471227617835,22.429721479679387,5.0,6.434378335819058,0,1,1,44.72702650114445,1.3295910990825586
fold1_room1_mix2247,bike_bell,1.108,4.136,3.028,7.656056389044184,5.3816007945178255,8.553573328657876,11.615446222485005,3.1,4.284587047559116,1,0,1,56.990409891261535,3.170884888892844
fold1_room1_mix2251,horn,2.988,6.223,3.235,14.925747138689655,24.331004795354254,26.846814232640398,22.602334943017766,4.0,10.423171633070382,1,1,1,63.2963505516651,10.103266092481267
fold1_room1_mix2252,horn,4.224,6.817,2.593,18.109310373970533,49.26712854704453,19.268601570804037,10.575494795874164,3.3000000000000003,12.992417396242647,0,1,1,64.05344029005079,13.461999858555755
fold1_room1_mix2252,backup_beep,3.551,9.387,5.836,4.645936585437072,6.986630874949972,9.201430752121738,5.657540329314088,5.1000000000000005,4.188914343196453,1,0,0,64.05344029005079,1.3024386862034916
fold1_room1_mix2253,backup_beep,0.828,3.107,2.2790000000000004,20.62389782118139,14.987680690982183,10.715653014084985,13.488379341532273,7.0,9.673285634132428,0,1,1,57.983861386689505,2.9690090830505946
fold1_room1_mix2254,siren,4.01,6.644,2.6340000000000003,22.669672686364493,9.00212297851988,43.57547575697234,51.597481918825196,7.0,8.71161960171901,0,1,1,59.5999698088965,7.080210408916816
fold1_room1_mix2254,backup_beep,5.287,9.652,4.364999999999999,9.64419797757219,14.44157042144074,8.53320205409878,5.026235948528964,3.1,8.876818823467493,0,0,0,59.5999698088965,1.7459562729666678
fold1_room1_mix2258,backup_beep,2.83,8.558,5.728,10.200798455365055,16.38003598250893,10.686212885506542,6.572599195974668,3.4000000000000004,10.104220558167857,1,1,0,58.67592824391496,2.495252769671544
fold1_room1_mix2259,siren,5.286,9.083,3.7970000000000006,18.729891502232118,50.196886801003245,75.88048295385813,67.3176525234415,3.2,6.937056625421371,0,1,1,41.95825204699207,8.510678926554327
fold1_room1_mix2261,horn,1.523,5.917,4.394,53.64425109794224,10.378053112695497,13.779353520610528,28.04749947454657,6.800000000000001,4.70373604040731,0,1,1,56.565926560411626,10.054684554933253
fold1_room1_mix2262,horn,2.25,5.294,3.0439999999999996,8.24636045186825,11.742933020972828,31.156502379992915,28.08621698604395,3.5,3.8257838042827013,1,1,1,62.20072735260554,6.0494944558345125
fold1_room1_mix2264,backup_beep,3.406,6.745,3.339,12.84484947087095,13.370250091029597,-2.927977342949063,-3.2761875771254125,4.1000000000000005,12.805086718989783,1,0,0,59.82773355783634,1.4543631305020792
fold1_room1_mix2268,siren,5.371,9.117,3.7460000000000004,10.077326955948722,39.718573882305414,69.52573125096507,57.612765307610374,5.300000000000001,10.061950714973479,0,1,1,41.09605644138941,10.10376024359105
fold1_room1_mix2268,siren,1.182,5.836,4.654,36.903699042394535,4.2893126799443255,66.72304874082985,85.41669261078229,5.9,4.290830969843885,0,1,1,41.09605644138941,7.824872714383134
fold1_room1_mix2269,bike_bell,2.904,7.32,4.416,19.426870896440107,16.13723757124378,21.93844853714411,23.5499217637376,5.6000000000000005,13.437369212575728,1,1,1,41.3692888190496,5.200574302254745
fold1_room1_mix2270,backup_beep,2.309,7.461,5.152,7.673737020713579,8.96066787557932,15.759266176281912,14.412596800236784,3.9000000000000004,7.287663818818895,1,1,1,47.962670149682296,1.478640729912609
fold1_room1_mix2271,horn,3.428,5.466,2.0380000000000003,12.58348580181037,7.818606128005113,54.27732424208434,58.41075679953861,4.7,4.053080868002073,1,1,1,40.41062466693554,9.1312768143544
fold1_room1_mix2272,siren,0.302,5.875,5.573,23.14690848902011,20.084449765296934,55.384323270200184,56.61698439811795,3.4000000000000004,14.280752181096785,1,1,1,60.318791158847716,5.803437940500203
fold1_room1_mix2273,horn,0.83,4.304,3.474,46.98487985570937,8.007070361105756,18.589878239104607,33.9595677557878,4.4,7.863221346210254,0,1,1,60.3733660953998,12.89063843053692
fold1_room1_mix2276,bike_bell,1.182,6.057,4.875,32.861016889679505,14.360318455938474,-3.4050323156274587,3.7853062373568136,5.7,14.189258444190001,1,0,0,63.17076279112106,6.533962852116977
fold1_room1_mix2278,horn,4.199,8.869,4.67,14.756637055129856,63.200005281270336,21.12375091122803,8.489156535332782,3.9000000000000004,14.170483629758593,0,1,0,62.26141701684294,12.301639758771685
fold1_room1_mix2281,horn,3.447,8.344,4.896999999999999,42.32072522197482,18.011373080957878,37.91017524670212,45.330300830124905,6.9,6.462625770498433,1,1,1,55.67272743147942,11.975858205599263
fold1_room1_mix2285,horn,4.203,7.608,3.4049999999999994,12.0127029212699,59.28307971214812,36.85804674953346,22.992246351609808,3.5,5.63564788647982,0,1,1,63.54828395770198,14.211519972626894
fold1_room1_mix2292,backup_beep,5.772,9.23,3.458,4.106700091076742,7.136461999913364,34.167495344127055,29.367695948754665,6.7,3.486921947575135,1,1,1,42.10514596905636,2.428610804106526
fold1_room1_mix2296,bike_bell,1.0,4.416,3.4160000000000004,15.12101129345477,7.263926694165163,7.611709650199224,13.979897350601213,3.4000000000000004,4.23899800566944,1,0,1,60.64071978064832,5.976857738173893
fold1_room1_mix2299,backup_beep,4.666,7.619,2.9529999999999994,7.1669138236488035,12.046663478833503,2.4315594727288214,-2.0791324496739065,4.4,7.11042750779474,0,0,0,61.871042192085724,2.9868739859879443
fold1_room1_mix2303,bike_bell,5.728,9.651,3.923,11.823425701214552,28.517779808537345,26.418443336666016,18.77099564021426,4.6000000000000005,10.272878242037203,0,1,1,41.275757079177524,5.2890837776907915
fold1_room1_mix2306,bike_bell,1.62,6.676,5.056,22.155909329698773,14.433188432724604,-4.266233090305988,-0.5436871386197453,6.300000000000001,14.381892670254823,1,0,0,60.426149637697804,3.575158597908383
fold1_room1_mix2309,backup_beep,3.469,9.46,5.991000000000001,16.22349319209459,18.45546467644236,-1.906171355482762,-3.025783626817798,5.7,14.919935149799986,1,0,0,59.193342153508226,2.8767538306479903
fold1_room1_mix2311,backup_beep,1.656,6.487,4.831,11.337159938720049,6.310258191033975,-5.940231581588009,-0.8510886967198701,5.1000000000000005,4.8350384574628595,1,0,0,64.38615690132724,2.9620728819977638
fold1_room1_mix2312,bike_bell,1.605,6.53,4.925000000000001,13.26292271666127,11.091152232368529,3.8564507720699055,5.409702226414673,4.3,4.884565571776991,1,0,0,57.32052687132065,4.525883658891411
fold1_room1_mix2313,backup_beep,4.429,8.205,3.776,8.757762147288407,16.296593402593327,28.259327977160886,22.865254294670386,3.0,7.8296527569308685,0,1,1,44.37796899917891,2.745990404839292
fold1_room1_mix2315,horn,1.699,7.153,5.454,68.3615103357758,8.151674581263727,29.767168746833022,48.23846504842173,6.7,4.817129533840209,1,1,1,54.78196915923134,13.710934886580336
fold1_room1_mix2315,bike_bell,2.403,4.901,2.4979999999999998,21.075392323441896,11.289934964529156,5.031666024232138,10.453350577844958,6.1000000000000005,9.562949489709178,0,0,1,54.78196915923134,5.1156409903394895
fold1_room1_mix2319,horn,2.199,7.385,5.186,26.92251616528515,17.56667162035791,34.504303916744334,38.212827185522315,5.4,3.7182712289559894,1,1,1,63.60913306372018,8.453633214132044
fold1_room1_mix2320,bike_bell,1.256,6.524,5.268,20.632028380705382,14.636800108256763,17.33785977835427,20.319775472914458,5.1000000000000005,13.380650505205143,1,1,1,40.89701161320377,4.107445041048161
fold1_room1_mix2322,backup_beep,0.717,6.019,5.3020000000000005,6.660226521327952,5.912625747525565,17.263765468984232,18.29793766852852,4.1000000000000005,5.54334249932737,1,1,1,54.67287318145365,1.0842909720001104
fold1_room1_mix2323,backup_beep,1.626,7.046,5.42,7.869287665871364,6.850037095474042,1.5083376801594426,2.713187642073592,5.4,6.562906344913437,1,0,0,62.38579721067947,1.1633645996285158
fold1_room1_mix2326,backup_beep,2.695,7.148,4.452999999999999,12.437380633561487,7.549689034929926,2.7179885649838837,7.053985802781952,6.5,7.341141402522193,1,0,0,64.7618658544507,2.650491165179429
fold1_room1_mix2327,horn,4.556,8.602,4.046,8.37084191864123,16.056211240854836,29.156545744630648,23.499067089002395,5.800000000000001,5.020671296951866,1,1,1,64.44059866171379,5.4249579402121215
fold1_room1_mix2328,bike_bell,2.348,7.207,4.859,17.504259044877813,23.254255437163536,26.706996493566763,24.239822356173732,4.2,12.300316417714054,1,1,1,40.05393946508512,6.6250328683519175
fold1_room1_mix2329,siren,6.088,8.532,2.444,13.110743311323613,39.62329571543937,41.62444414377804,32.01797852309908,5.1000000000000005,6.3940122187876405,0,1,1,60.52441020306734,11.3158244777108
fold1_room1_mix2330,siren,3.272,9.01,5.7379999999999995,45.50643383079418,36.91372892241505,61.02550974264717,62.84320742603377,6.5,13.568041887624952,1,1,1,42.9110754666592,13.553320986057706
fold1_room1_mix2332,horn,3.164,6.262,3.0979999999999994,19.889960759161077,18.06372007709378,35.21833925548569,36.054873889119264,4.9,14.87353903300093,1,1,1,55.67685935482072,7.571529193899
fold1_room1_mix2333,bike_bell,2.211,7.522,5.311,14.508135698628017,17.685427415171052,5.567752246030473,3.847673223050954,4.6000000000000005,5.133126822680735,1,0,0,62.73242066091753,5.741903150319704
fold1_room1_mix2335,horn,0.918,6.822,5.904,30.025837942059795,11.264077450382022,50.73265176719526,59.24864193312843,5.5,7.573240879709157,1,1,1,45.737839967173464,6.333562641014831
fold1_room1_mix2342,backup_beep,3.233,7.399,4.166,15.633109789836288,15.727585419084106,20.118749357664143,20.066415864026126,5.300000000000001,14.487017581210571,1,1,1,42.999013576730604,2.880164753701867
fold1_room1_mix2342,backup_beep,4.911,6.965,2.0540000000000003,5.132763969958022,6.849944500768909,34.14862781933921,31.641912637475457,4.5,5.078713882856989,0,1,1,42.999013576730604,1.8759564360545395
fold1_room1_mix2343,bike_bell,5.742,9.111,3.3690000000000007,5.515040741782758,12.846949335314878,10.173993631257304,2.828967905264136,5.6000000000000005,5.483716093744637,0,1,0,61.79333288360107,3.2696469100088112
fold1_room1_mix2349,siren,2.485,5.103,2.618,20.439952565902896,15.205994048035905,41.20399055403807,43.77329190318861,4.3,13.851467721934126,1,1,1,62.70920949820771,8.14060873391853
fold1_room1_mix2350,siren,0.842,4.826,3.9839999999999995,22.422488525717355,10.158707939169453,62.412266516631234,69.28917323305465,3.7,4.852583844986749,1,1,1,45.87770937140617,7.735842511079029
fold1_room1_mix2350,backup_beep,1.213,6.994,5.781,5.041272537465437,6.327252269989548,25.70470903817464,23.731209563772723,3.1,4.549671838957327,1,1,1,45.87770937140617,1.1362666851892431
fold1_room1_mix2352,horn,3.017,5.184,2.1670000000000003,19.064403084381677,5.499487813240081,24.943336407412332,35.74135576457101,5.1000000000000005,5.432290374790503,1,1,1,60.7690068130469,8.83272090915877
fold1_room1_mix2355,backup_beep,0.894,5.819,4.925,7.437461980324993,4.005719969503901,22.827112390563045,28.201995853692992,4.9,3.7166977283681746,1,1,1,54.2638997229697,1.6114207067154864
fold1_room1_mix2355,bike_bell,2.125,6.302,4.177,17.74034236354739,15.15335221319308,2.7303125208860592,4.099378102504545,4.5,11.006895953876093,1,0,0,54.2638997229697,5.824375436996028
fold1_room1_mix2359,siren,0.905,6.683,5.778,54.193024710236635,24.840589921831395,51.96331798845076,58.738947705717344,4.9,6.982489409329355,1,1,1,57.45273535097241,13.42690552994506
fold1_room1_mix2361,horn,2.185,6.727,4.542,25.65652580259567,20.819541619038628,45.912712376950864,47.72724605547752,4.7,8.471270222676235,1,1,1,43.95112731834715,9.519907989268267
fold1_room1_mix2364,horn,6.111,8.962,2.851,21.967202032920838,62.19663466203182,45.28300340291058,36.243160558135784,4.6000000000000005,3.8260654539882664,0,1,1,47.754089305050016,14.186890117856205
fold1_room1_mix2366,backup_beep,3.727,9.529,5.802,7.560071861135965,16.926961483715935,19.238205559969508,12.237143912914256,3.1,7.431515437926215,0,1,1,47.95756056302128,2.381380087581574
fold1_room1_mix2367,siren,3.072,8.855,5.783,16.419832350725763,42.516638391171725,55.51555138210006,47.25174736580044,4.3,11.980226287711607,1,1,1,44.643149796667956,8.996112649871549
fold1_room1_mix2371,backup_beep,3.382,8.072,4.6899999999999995,14.067747414125039,13.96481224392721,13.70048142882807,13.764270648050697,5.800000000000001,13.30067695408216,1,1,1,55.00946430029627,1.8842992976307922
fold1_room1_mix2372,horn,2.994,7.527,4.5329999999999995,22.48720876903366,17.92538606976399,33.50887166607499,35.47821234124364,5.5,6.839494014642712,1,1,1,45.92983217765654,8.383074066306477
fold1_room1_mix2372,bike_bell,2.05,4.639,2.5890000000000004,12.0872919911219,3.7124599456415988,14.37393655130041,24.6272812864103,5.1000000000000005,3.3464358784496384,0,1,1,45.92983217765654,3.8625579207600813
fold1_room1_mix2375,horn,0.448,5.915,5.467,40.56598945211756,39.66754408436733,26.11723380553122,26.311769012192222,3.2,7.928534402310086,1,1,1,63.0457602599455,14.386626749358003
fold1_room1_mix2376,siren,0.915,6.068,5.153,31.754683216348855,43.686542546845516,41.030967412220235,38.26016960384311,3.1,4.7629084000977375,1,1,1,45.59661454106609,14.520585644336508
fold1_room1_mix2381,bike_bell,3.395,6.901,3.506,7.650199408281734,13.890412321219685,9.838037889704019,4.657190250650267,3.7,7.584762087889105,1,0,0,59.66888315465889,3.605337198286559
fold1_room1_mix2382,backup_beep,1.896,7.14,5.244,9.295841814462715,11.34753380276849,6.496116104979386,4.763860898635905,4.0,7.296877401877175,1,0,0,57.618172371595115,2.755481507461808
fold1_room1_mix2384,siren,3.023,8.856,5.833,9.232024761558515,78.89048578604499,47.09337012564676,28.45881673195437,3.4000000000000004,7.543231567690116,1,1,1,53.1548449807749,14.375543185809551
fold1_room1_mix2384,siren,3.381,8.788,5.407,19.91342555401626,48.440379360633635,64.28129377355621,56.56006255647914,4.800000000000001,10.667221280787748,1,1,1,53.1548449807749,11.848819864898799
fold1_room1_mix2389,horn,1.905,4.028,2.1229999999999993,14.050102913274634,12.55026980549486,45.96272928154365,46.94325814097322,3.2,11.368581742064805,1,1,1,59.63871723050874,6.393067408242472
fold1_room1_mix2391,siren,3.129,7.734,4.605,25.41062384021391,26.40353767393828,51.68549204012815,51.35255619260002,5.4,7.069856988173054,1,1,1,48.13944322181031,10.824746974174499
fold1_room1_mix2392,siren,2.856,5.413,2.5570000000000004,20.161013073698367,11.429042999037604,44.77689625981254,49.70694595183945,5.4,11.427489821626013,1,1,1,51.31964262330879,6.593800254094622
fold1_room1_mix2392,backup_beep,4.421,9.094,4.672999999999999,5.30449798796742,14.35460517172256,24.658460318825426,16.01152106753613,4.3,5.293653503559826,0,1,1,51.31964262330879,2.782759942409677
fold1_room1_mix2393,siren,6.612,9.021,2.4090000000000007,12.925728356877633,36.30780247708332,54.89655261043801,45.92565382178056,5.5,6.2866363606107765,0,1,1,56.012548476721875,10.155865194637936
fold1_room1_mix2393,bike_bell,2.372,6.388,4.016,19.9021120460506,6.4509066308132414,11.159790058705298,20.94535827633642,6.0,6.151954599680347,1,1,1,56.012548476721875,5.196718388036045
fold1_room1_mix2400,siren,2.018,6.978,4.96,28.127001062512196,22.224183243130486,58.044331959909584,60.09028436653631,5.0,14.933249213653687,1,1,1,54.17761190380621,8.125543593316596
fold1_room1_mix2401,siren,1.352,3.517,2.165,27.50919151746941,12.367867123803299,41.22486099560218,48.168521319116515,3.6,12.339884184492536,0,1,1,46.225413015712114,10.970630755224192
fold1_room1_mix2401,bike_bell,1.244,4.951,3.707,10.122163248782698,9.236774854929228,19.671146858865548,20.466206446505176,3.2,3.5573822486696987,1,1,1,46.225413015712114,4.8558862064587665
fold1_room1_mix2402,backup_beep,3.932,8.246,4.314,14.0706229178788,14.811576134235251,11.98303660885992,11.537277592133975,5.6000000000000005,13.609105598802918,1,1,1,51.902617525891145,2.183854205985882
fold1_room1_mix2402,backup_beep,1.621,4.572,2.951,15.892739062891403,14.720776515005657,4.163810607098455,4.82917127636,4.4,14.717051646228876,1,0,0,51.902617525891145,2.145766517202155
fold1_room1_mix2406,bike_bell,1.762,5.212,3.4499999999999997,13.15566827338528,11.025320773006923,4.226339823077019,5.760773427513939,3.9000000000000004,9.626445756903289,1,0,0,57.92679150413895,4.1572688141567635
fold1_room1_mix2407,backup_beep,4.917,7.806,2.8890000000000002,11.831472982935862,15.980346286829596,17.72057141572313,15.109624021961977,3.5,11.24596280852923,0,1,1,50.35402805483305,2.6572545931009506
fold1_room1_mix2410,bike_bell,6.729,9.643,2.9140000000000006,15.04089223205461,26.48803948962697,6.1376290575288195,1.2221047443250654,5.4,13.157558708640519,0,0,0,51.485498808977525,5.3880540847016185
fold1_room1_mix2413,backup_beep,3.043,6.285,3.242,5.089972868252215,3.9905498804025914,15.730609819930315,17.84426429326873,5.1000000000000005,3.1744762576915835,1,1,1,56.23896072713469,1.9737844448494821
fold1_room1_mix2419,bike_bell,4.871,9.153,4.282,9.50810530032217,16.26446002487679,4.799666312715729,0.1367529805715364,6.0,7.967843512243716,1,0,0,55.95444600926154,4.523160818212739
fold1_room1_mix2420,siren,2.775,8.353,5.577999999999999,44.87945704089512,32.12922140954331,40.58650361256052,43.489451467229955,6.1000000000000005,14.30875527646918,1,1,1,53.05109399593651,12.783161917176091
fold1_room1_mix2422,backup_beep,3.205,7.975,4.77,7.302734052879376,5.888469743762888,17.477391578369286,19.347052320876365,6.300000000000001,5.117601785661776,1,1,1,50.86533102822825,1.7030135862149247
fold1_room1_mix2425,bike_bell,0.592,3.097,2.505,23.050437892052067,13.405840827657071,19.736631053893788,24.44433348581437,5.300000000000001,8.91765650196499,0,1,1,46.92228699188321,4.489247443841741
fold1_room1_mix2425,bike_bell,5.834,8.169,2.335000000000001,5.5553331882561094,11.217245713718953,20.128957612578247,14.025435177209587,5.800000000000001,5.554603784091374,0,1,1,46.92228699188321,4.131228538500658
fold1_room1_mix2430,siren,3.021,7.844,4.823,41.01468041431336,15.87853871041945,39.48935713207508,47.73193312684888,6.800000000000001,11.730675611503468,1,1,1,62.81424396795776,10.367735465183891
fold1_room1_mix2431,bike_bell,3.891,7.493,3.6020000000000003,12.981676664007512,14.787365451553907,15.798776109738462,14.667575746741484,5.0,12.43168770282217,1,1,1,54.39125470180924,3.26180645365362
fold1_room1_mix2433,horn,2.838,7.382,4.544,17.93372002588977,25.299522019838424,46.07576716436063,43.08692854939369,4.7,4.859577469115607,1,1,1,52.64651568999969,9.263025282429544
fold1_room1_mix2434,backup_beep,4.577,7.632,3.0549999999999997,10.9642516036252,10.481653829002095,3.2165674892519576,3.607551100851879,6.300000000000001,9.895183992502803,1,0,0,64.60231152005042,2.678299758393023
fold1_room1_mix2436,horn,5.577,8.081,2.5039999999999996,11.9143934446295,31.965256564342518,66.4468306810914,57.87470554035131,6.0,9.97773594666175,1,1,1,40.56867594897428,14.731268644869036
fold1_room1_mix2440,horn,1.481,6.44,4.9590000000000005,41.03220245525625,17.041194935932932,34.89153365746431,42.52402934711199,5.1000000000000005,9.678712006231729,1,1,1,58.88288026443291,10.871924677068701
fold1_room1_mix2446,siren,3.641,8.363,4.7219999999999995,30.857850070384977,20.679628354010923,41.5274097945148,45.00386849590219,6.6000000000000005,11.241044717925428,1,1,1,60.8342209705096,9.761993516530566
fold1_room1_mix2446,horn,0.598,3.161,2.563,41.924525084412224,20.765317954230444,22.0957515038319,28.198342830847217,5.1000000000000005,11.335932861015614,0,1,1,60.8342209705096,8.960101752884588
fold1_room1_mix2455,siren,2.312,7.347,5.035,19.436451954880763,44.605427491788305,67.48927927767036,60.27386494162884,3.8000000000000003,7.815499180912191,1,1,1,47.02627718796963,12.257969973172507
fold1_room1_mix2455,backup_beep,2.039,7.626,5.587,15.36305758170788,15.923501445315022,20.045896873553325,19.734678607129347,4.6000000000000005,13.47183325236703,1,1,1,47.02627718796963,2.8414918116255254
fold1_room1_mix2456,backup_beep,1.397,6.745,5.348,11.083208210299244,7.188699881210368,24.83059522064449,28.59089800559625,5.6000000000000005,6.760196295169869,1,1,1,45.75855455119025,2.09948540869393
fold1_room1_mix2456,bike_bell,6.395,8.41,2.0150000000000006,9.15159655942716,18.141372288675083,25.12147809029856,19.178012701383018,5.1000000000000005,6.319698246140734,0,1,1,45.75855455119025,5.1542097560481475
fold1_room1_mix2457,horn,0.661,6.176,5.515000000000001,61.93591333001386,6.013620832816751,37.11214018889622,57.36827027871247,6.6000000000000005,4.06008038864568,0,1,1,45.16534194683747,10.40190031436003
fold1_room1_mix2458,horn,3.279,7.531,4.252,13.497705991040908,40.14983300659982,41.490719674437784,32.02224408977965,3.7,12.95014330882103,1,1,1,62.97965809100934,9.836419012487024
fold1_room1_mix2462,siren,2.358,7.644,5.286,33.334487715007995,15.379516158482982,40.64161480969362,47.360637060623006,7.0,14.738603420862509,1,1,1,45.487180377644776,6.488659368101942
fold1_room1_mix2462,backup_beep,4.732,7.028,2.2959999999999994,12.015979868842575,13.36367554693349,20.268888959721224,19.345554341380918,4.800000000000001,12.014219103039334,1,1,1,45.487180377644776,2.6392514196772936
fold1_room1_mix2463,horn,1.331,6.818,5.487,51.508794162817665,20.480759980250852,30.357963789583067,38.3686700904923,5.4,10.440164248568072,1,1,1,57.58559899308571,12.403808302344082
fold1_room1_mix2463,bike_bell,3.64,7.151,3.5109999999999997,18.246057923424313,7.32866406143197,5.297083616840105,13.219968310853545,6.6000000000000005,6.643090905690225,1,0,1,57.58559899308571,5.7218256426369045
fold1_room1_mix2466,backup_beep,0.431,4.275,3.8440000000000003,19.84628914930417,14.07871403230074,-6.984938312254442,-4.0026117745161685,6.4,12.996937354198321,0,0,0,62.232510785572686,2.493683315532433
fold1_room1_mix2466,backup_beep,4.075,9.532,5.457,10.036342461899327,13.413237131398683,11.023902198552676,8.504739587799989,5.300000000000001,9.684450143316319,1,1,0,62.232510785572686,2.1834583171524233
fold1_room1_mix2469,siren,4.57,8.849,4.279,12.493324454555273,68.50737623342216,60.971818441069246,46.19063212254548,4.3,11.762936313755157,0,1,1,43.257157572386205,14.78741657922252
fold1_room1_mix2469,horn,1.652,6.128,4.476,19.397986279883526,35.543456486606544,38.58798695264109,33.327926723816205,3.1,10.017889947154861,1,1,1,43.257157572386205,11.330501909427902
fold1_room1_mix2470,bike_bell,2.846,8.485,5.638999999999999,3.2371622642149585,16.611181207919877,14.906674857953128,0.7019539233312173,3.2,3.071770662200251,1,1,0,55.86790067795685,3.0765050671660155
fold1_room1_mix2471,backup_beep,2.917,6.89,3.973,7.846959698799994,7.500385029663538,32.588463241302975,32.98082051733141,5.0,6.157697819283643,1,1,1,43.32894025057273,2.3023620842197237
fold1_room1_mix2472,horn,3.565,8.344,4.779,14.628989726693305,45.71458419424386,35.88368260959095,25.986873829810293,3.3000000000000003,14.39481800421602,0,1,1,52.470077096165966,8.52835960126555
fold1_room1_mix2477,horn,4.819,7.239,2.42,22.761358418336787,51.44210149137808,50.31537610062076,43.232965614325,3.0,6.776180726056782,0,1,1,45.12562894209146,12.09240424798717
fold1_room1_mix2482,siren,0.705,6.39,5.685,49.37236918349231,27.808878375593345,42.24093178316629,47.22694168525429,4.4,4.596536306887082,1,1,1,56.55751514618514,13.473224097298772
fold1_room1_mix2483,horn,4.067,9.259,5.192,17.214805003274385,41.38266807130589,30.982688226118114,23.364360628696815,5.5,8.231517484442692,1,1,1,61.87556225366397,10.723752520639724
fold1_room1_mix2485,siren,1.67,6.684,5.014,21.819284220216524,25.967986155075234,51.46597581429344,49.954020385403346,3.9000000000000004,7.654780388435942,1,1,1,58.83987681091333,9.024900589244774
fold1_room1_mix2486,siren,1.557,3.881,2.324,15.075808466931232,6.149650755424859,61.059003864758125,68.8476070402116,4.1000000000000005,6.046105284041165,0,1,1,60.20704124111644,5.458084980734749
fold1_room1_mix2487,siren,3.364,6.431,3.067,40.99261461069608,13.555631908085314,38.1205959877353,47.73231303093489,6.1000000000000005,12.834498779633293,1,1,1,46.1469568911196,14.119844814870786
fold1_room1_mix2489,siren,4.362,7.103,2.7409999999999997,9.512244745454852,23.407338567644338,50.75430065823649,42.9329202393054,4.800000000000001,8.763938282758781,1,1,1,53.024935568468024,9.274721668490226
fold1_room1_mix2491,bike_bell,4.354,6.679,2.325,15.390875607236937,9.427610962674814,17.792160482535536,22.049393990159615,7.0,9.332539307235129,0,1,1,43.18011658065734,4.685873749287284
fold1_room1_mix2491,bike_bell,3.315,7.66,4.345000000000001,12.942633615872126,16.412571928674197,18.534820242231902,16.47174053804396,5.2,4.546322558478494,1,1,1,43.18011658065734,6.418464734549897
fold1_room1_mix2493,backup_beep,3.844,8.934,5.09,12.329844849854863,11.341940875532234,21.683280857312496,22.408685512359398,6.9,10.584205861771236,1,1,1,46.388826232018715,2.043588780171305
fold1_room1_mix2494,horn,1.416,6.822,5.406000000000001,54.43578651800628,17.338317898890857,11.039920562096825,20.97747137663862,5.6000000000000005,4.785304938652057,1,1,1,59.10206071031101,13.116253030938495
fold1_room1_mix2496,siren,0.712,2.962,2.25,68.05646321091476,38.779280950697206,38.12952485647568,43.01491732944271,5.800000000000001,10.736152958349123,0,1,1,48.803632203495056,13.306369094087241
fold1_room1_mix2497,horn,2.363,5.841,3.478,37.39008915938139,12.945092414743518,33.100727754803124,42.31375466602319,5.5,12.316981155179404,1,1,1,54.724518491034324,11.296436628143484
fold1_room1_mix2500,siren,1.064,3.764,2.6999999999999997,14.599880197938294,5.302205872849987,67.36133527397774,76.15918938801184,3.8000000000000003,5.304712028276504,0,1,1,44.943208437561,5.031802807411793
fold1_room1_mix2500,horn,4.247,7.441,3.194,15.360066480438174,34.718434177700736,42.13973528755463,35.05639459518029,3.5,14.239942087237797,0,1,1,44.943208437561,8.108834544164676
fold1_room1_mix2503,bike_bell,3.84,8.409,4.569000000000001,15.278776900594357,12.1894996394545,20.487780284856747,22.44983449603769,6.4,5.124511167313683,1,1,1,41.58363304975381,5.571271559740395
fold1_room1_mix2504,siren,3.939,7.68,3.7409999999999997,15.088192554434611,22.281127370436604,59.529407490711066,56.14340862210574,5.2,11.37815077411296,1,1,1,40.08752232753274,7.769846770305959
fold1_room1_mix2504,bike_bell,1.528,7.526,5.997999999999999,18.315536071939643,9.037905237057156,17.405524289578032,23.54056130967058,6.5,8.392833265636822,1,1,1,40.08752232753274,3.273196860278436
fold1_room1_mix2505,bike_bell,5.139,8.323,3.184,16.212348775871043,28.40369737926568,13.834895036990396,8.964316261538023,3.3000000000000003,13.33177260099216,0,1,0,51.02032546092,4.979648809444378
fold1_room1_mix2506,horn,1.254,6.583,5.329000000000001,48.327710304389605,26.097401984887266,19.399585284773053,24.751564169412873,4.9,14.639907503312044,1,1,1,57.97587957348982,12.697160297142975
fold1_room1_mix2507,bike_bell,1.65,5.051,3.4010000000000002,21.619580514413833,6.188171270441861,13.910240111065434,24.775938868543562,5.5,5.770549524046362,0,1,1,46.19215628507527,5.466534511493887
fold1_room1_mix2509,backup_beep,4.528,9.127,4.599000000000001,9.316365061092666,14.997945232503797,29.126530367233606,24.990825059748794,3.1,8.852317157057993,0,1,1,40.2856478956055,2.0010620579252647
fold1_room1_mix2511,backup_beep,1.99,7.712,5.7219999999999995,8.42874435996831,10.183794371747661,17.608630231873725,15.965695441778443,4.3,6.280271862251639,1,1,1,42.15320386224759,2.3838379340693225
fold1_room1_mix2513,siren,0.571,4.942,4.371,34.18683718528723,24.146118150401485,31.51911239760375,34.53934444335184,3.2,8.441651224715487,1,1,1,54.952987688652996,12.756056631248908
fold1_room1_mix2514,horn,3.078,7.79,4.712,9.125870181518017,59.79264598229952,41.19944336303344,24.871973642594725,3.6,6.017834675174183,1,1,1,60.510741240418,14.084876592337176
fold1_room1_mix2516,backup_beep,6.853,9.24,2.3870000000000005,14.804437082393326,17.8270426577751,20.136864859364138,18.52311675768358,4.5,13.685381254232126,0,1,1,50.75222873483153,2.4205145632532705
fold1_room1_mix2516,bike_bell,0.897,6.249,5.351999999999999,18.63798489287603,18.341614743113325,14.415323303611643,14.554551070034236,3.6,12.485784712699266,1,1,1,50.75222873483153,5.0959800699957665
fold1_room1_mix2518,backup_beep,3.387,7.584,4.196999999999999,4.040902023118802,5.97063192263856,30.794976500917997,27.40413693908566,4.0,3.978559889147325,1,1,1,41.91972522990375,1.2296061915071035
fold1_room1_mix2520,horn,3.209,8.465,5.256,35.5892247291411,39.57020864283994,50.327254997245625,49.40625874338681,5.7,5.185218339453256,1,1,1,40.87543925155622,14.162595375817698
fold1_room1_mix2521,horn,2.26,7.82,5.5600000000000005,57.15720569115896,18.096090491261155,20.415658561660294,30.405383151153544,6.800000000000001,12.36786629507392,1,1,1,49.35722313804713,12.41504837193406
fold1_room1_mix2521,bike_bell,2.754,7.378,4.6240000000000006,16.912869771174954,13.239852778450599,18.26834299971044,20.395025976925467,5.6000000000000005,9.960972877302394,1,1,1,49.35722313804713,4.84245826172724
fold1_room1_mix2522,siren,2.105,5.612,3.507,18.46320535694605,12.71029463502314,50.461293702242244,53.70432334593025,4.3,8.348237616147111,1,1,1,41.036800108415775,7.429283076342968
fold1_room1_mix2522,backup_beep,0.327,6.279,5.952,20.838894790700508,9.64875582797539,17.35608303887055,24.044150354607353,6.7,9.58824428935257,0,1,1,41.036800108415775,2.925770696422262
fold1_room1_mix2523,horn,3.094,7.581,4.487,36.85945469294821,26.14821387532931,37.16775734323352,40.14989488976454,5.7,5.385244837919776,1,1,1,45.9753251712026,13.830526316824804
fold1_room1_mix2523,backup_beep,2.599,7.416,4.817,12.980515047200184,8.759183162365023,23.134204849281076,26.55077118988619,6.5,8.473912185836861,1,1,1,45.9753251712026,2.501898799142161
fold1_room1_mix2524,bike_bell,4.391,8.318,3.9269999999999996,8.868437928561406,15.626461979848662,23.682656023290377,18.762385444528753,5.300000000000001,7.807133699505177,1,1,1,42.08601129814153,4.518688485109196
fold1_room1_mix2528,horn,3.736,6.315,2.579,47.94340233898834,13.523797171335568,9.520742692544495,20.51334673627027,6.9,10.285688217485793,0,0,1,62.24568063588095,14.752024803243224
fold1_room1_mix2529,bike_bell,2.937,8.625,5.688000000000001,6.687507407852191,17.819681699210825,24.597702486869622,16.08498916365525,4.2,4.780322277642722,1,1,1,43.30075677460343,3.8409261959136316
fold1_room1_mix2530,horn,1.9,7.454,5.554,29.428513694798852,18.704453106344175,22.07458158827187,26.011047864752342,5.5,12.182377508751866,1,1,1,54.57812647111045,7.379266506396968
fold1_room1_mix2532,siren,3.233,8.231,4.997999999999999,22.52435813770543,24.04626049227902,39.608134428927954,39.04023195932976,5.6000000000000005,7.30244617866416,1,1,1,59.67449215573109,8.848436589234876
fold1_room1_mix2532,siren,0.968,4.442,3.474,26.059911051127543,14.573438456158705,39.87393663508452,44.92215459013542,4.7,14.470066109451542,0,1,1,59.67449215573109,5.73423930970273
fold1_room1_mix2535,bike_bell,2.52,6.69,4.17,6.205813381862923,12.901953169461017,22.25062513778432,15.893490145087206,3.3000000000000003,5.6919246354500075,1,1,1,55.05898742759236,3.370952048550724
fold1_room1_mix2536,bike_bell,3.163,8.744,5.5809999999999995,7.954516045794566,14.31716655021598,14.163258106644939,9.058391809375301,4.800000000000001,5.759391099921154,1,1,0,52.82796663683896,3.3317475103629186
fold1_room1_mix2536,bike_bell,0.974,3.867,2.893,29.268026478766828,11.631848521857611,-0.3389778718306147,7.675916156269913,5.6000000000000005,3.797420942308491,0,0,0,52.82796663683896,6.23055411129932
fold1_room1_mix2540,backup_beep,0.896,5.587,4.691,15.851517545940238,14.748650471865409,15.838287483024793,16.464658729982688,4.2,14.509891973708047,1,1,1,45.50049903790866,1.9240069559828685
fold1_room1_mix2542,backup_beep,1.419,4.011,2.592,16.49185486915509,13.87447755524183,2.447933473130348,3.9489907848357646,5.300000000000001,13.519133235109827,0,0,0,55.92434986677851,2.440316715270528
fold1_room1_mix2544,horn,2.63,5.281,2.651,23.08819535582501,13.151448114232858,40.41906752100427,45.307395772148276,4.3,4.507833771189238,1,1,1,44.76737350026989,13.210263257355615
fold1_room1_mix2546,horn,1.699,4.284,2.585,27.103001098443816,15.053407735383992,18.44485820289286,23.552509355670267,3.5,9.024472624945997,1,1,1,64.72217560232505,14.557396993463655
fold1_room1_mix2549,bike_bell,2.847,8.063,5.216000000000001,14.850689486325305,25.131725410465908,17.62252050628934,13.053006737068749,4.5,10.019160278538191,1,1,1,43.91124899367727,6.520748941686069
fold1_room1_mix2551,backup_beep,1.098,4.244,3.146,13.3194359995766,9.955103630671967,4.116264088943595,6.6450650905109825,5.4,9.635056404654097,0,0,0,60.43502792083301,2.1271807233575784
fold1_room1_mix2551,bike_bell,4.797,7.602,2.8050000000000006,9.021918772976255,17.727951946075393,2.314882212907122,-3.552310849922847,4.5,8.868939987838651,0,0,0,60.43502792083301,4.877937004660881
fold1_room1_mix2554,horn,5.29,9.651,4.361,13.510092203158603,62.137876742212974,34.2795211069536,21.02555918103578,4.6000000000000005,10.634510151644575,0,1,1,63.60023959345495,12.127626569150886
fold1_room1_mix2557,backup_beep,1.803,6.638,4.835,16.510253220484117,15.205767403953391,24.3676563908951,25.082564214364204,5.1000000000000005,14.856878561297222,1,1,1,43.44856633764028,2.1595859095291163
fold1_room1_mix2560,siren,2.605,5.64,3.0349999999999997,18.530763023828868,13.34966566924777,45.74211675963183,48.59057501790183,5.1000000000000005,13.078809179192438,1,1,1,45.00826039588871,5.208277227516937
fold1_room1_mix2560,bike_bell,4.858,7.415,2.5570000000000004,10.007274338812685,11.765574726370131,23.78407967284248,22.378132856150685,5.7,9.284107045907842,1,1,1,45.00826039588871,4.288481003291969
fold1_room1_mix2561,backup_beep,1.264,6.55,5.286,12.669486888512465,12.41491583516639,11.812866447567664,11.989171382218508,4.4,12.191504637149343,1,1,1,45.20886802195414,1.0957010892569456
fold1_room1_mix2563,bike_bell,6.388,9.653,3.2650000000000006,14.886943326220317,18.718850143392753,9.021851410057444,7.032378760912387,6.9,14.701394922503589,1,0,0,48.41468132238099,4.268657189919878
fold1_room1_mix2564,bike_bell,2.667,8.546,5.879,7.448171188101281,27.00225208109051,17.209159796642396,6.022153047525137,3.5,5.935883196789528,1,1,0,57.389844822182226,5.246284160623025
fold1_room1_mix2568,backup_beep,2.602,7.066,4.464,9.653212331608803,9.912709288237824,15.930191375865057,15.699781161497945,4.6000000000000005,9.058783838331452,1,1,1,51.996097241465996,1.648861858928985
fold1_room1_mix2568,backup_beep,6.197,8.854,2.656999999999999,5.370236087366683,9.918013181755976,20.436827353396275,15.108201303271876,5.0,4.643332905298045,0,1,1,51.996097241465996,2.2829630461696047
fold1_room1_mix2569,siren,5.355,9.251,3.895999999999999,12.543132437185495,48.41919543023148,79.0094889730416,67.27725775721595,5.9,10.203525357619071,1,1,1,40.22859301389363,14.02363808894054
fold1_room1_mix2570,siren,5.253,9.44,4.186999999999999,10.020768653558425,38.41224152845343,76.72662964797564,65.05525734528463,4.800000000000001,9.271497383845205,0,1,1,44.22637547621133,7.993906597304985
fold1_room1_mix2571,siren,3.167,6.736,3.569,22.182807504100264,8.613721834766876,65.15811950596434,73.37463285948564,5.9,5.567972310790337,1,1,1,51.81335060106041,7.857902806183842
fold1_room1_mix2572,horn,3.551,9.312,5.760999999999999,30.864448989764742,44.598670979355056,27.10312041269345,23.90585263211228,5.9,7.453398953352761,1,1,1,52.364490188664426,12.83170287915333
fold1_room1_mix2574,horn,4.43,8.207,3.777000000000001,16.94423971534721,16.514762325585675,39.80189787958062,40.024893060354316,6.4,9.723954349143547,1,1,1,58.7898750197773,7.21008720804464
fold1_room1_mix2576,horn,5.802,8.907,3.1050000000000004,11.147353944677329,22.491231573123894,36.25288693615832,30.156058009703642,5.5,10.985829653883583,0,1,1,57.56122185845972,5.70938059512512
fold1_room1_mix2580,horn,2.234,5.226,2.992,30.452101353985622,16.310231965327397,39.54322828922738,44.96637086797076,6.300000000000001,14.691574136572179,0,1,1,41.07062764454046,6.547365081002626
fold1_room1_mix2581,siren,5.498,9.154,3.6559999999999997,12.127722116591169,25.147559449926394,63.99228300937262,57.657950886713515,5.300000000000001,12.069377933020197,0,1,1,43.27359288024612,5.709076305864564
fold1_room1_mix2581,horn,2.559,5.503,2.944,19.699841138244135,28.937392061477556,45.66819113980963,42.32825785100629,3.6,14.835325406472137,1,1,1,43.27359288024612,12.845171110785852
fold1_room1_mix2584,siren,2.869,6.718,3.8489999999999998,27.43745711084876,5.426938780073911,48.928112637384146,63.00389136286411,6.4,4.777104965674323,1,1,1,62.40785892915443,7.689586952919071
fold1_room1_mix2586,bike_bell,4.589,7.633,3.0439999999999996,9.563141760277645,20.46419742529582,5.807199736720435,-0.8006827294879599,3.8000000000000003,8.706195215193787,0,0,0,62.6378258598682,4.783060726535032
fold1_room1_mix2586,bike_bell,1.433,7.38,5.947,33.22237862072134,5.375936244850733,-1.4163185529010178,14.403213722351609,6.800000000000001,4.281183831486469,1,0,1,62.6378258598682,6.088625077531455
fold1_room1_mix2587,siren,0.809,6.325,5.516,39.64709439030406,7.173096984748098,30.393009631920243,45.2431028708858,5.6000000000000005,3.291958286143937,1,1,1,61.43969187428828,8.320245274342387
fold1_room1_mix2594,horn,4.433,8.863,4.43,9.922381299434255,69.77124287338378,66.16801919981731,49.22680825602399,4.3,9.576509919099355,0,1,1,41.86902067488733,14.99466917754993
fold1_room1_mix2595,horn,1.119,7.102,5.9830000000000005,28.959969437417946,38.85369134467996,34.35592759498396,31.8032438629292,3.7,5.969380351322044,1,1,1,49.65573276029364,11.154373215170263
fold1_room1_mix2596,siren,0.929,6.533,5.604,17.099137773382243,14.981707462006314,53.78856866293279,54.936826641839815,3.9000000000000004,3.381935985776824,1,1,1,51.97019610951949,5.595568848874648
fold1_room1_mix2597,bike_bell,1.124,6.496,5.372,12.893901045235227,7.887673486554873,17.756746886806013,22.025455054174216,4.800000000000001,5.604098944927067,1,1,1,40.17436941793426,3.195333933338002
fold1_room1_mix2597,bike_bell,2.895,8.035,5.140000000000001,22.38526178336817,12.609288248104775,12.88355766193429,17.86898975758249,6.300000000000001,6.558839018370584,1,1,1,40.17436941793426,6.259263399508816
fold1_room1_mix2600,horn,5.503,7.927,2.4239999999999995,13.965527168484106,12.48503525507446,41.95192041689816,42.92527163651859,6.800000000000001,4.072201877382442,1,1,1,42.16882602023131,10.380263072550822
fold1_room1_mix2600,bike_bell,0.351,4.872,4.521,20.69861211978215,13.470266816430826,16.454345458961797,20.185646018083133,4.0,12.952335910340437,1,1,1,42.16882602023131,4.390015650263802
fold1_room1_mix2603,horn,1.257,7.187,5.930000000000001,51.79974154684911,6.55384572337115,18.476505209781536,36.4331327881426,6.6000000000000005,3.4524154386028836,1,1,1,64.16518723934841,9.655357926191227
fold1_room1_mix2605,bike_bell,1.267,7.178,5.911,13.828240247391129,23.701163104018562,9.204367913738594,4.524313058809739,3.4000000000000004,5.698810587159953,1,0,0,56.77638774183197,6.024186761793608
fold1_room1_mix2606,backup_beep,2.928,8.138,5.21,9.43849324348547,12.08871932711891,17.28362915630929,15.134076654551976,4.5,8.708772449120259,1,1,1,51.24807250489543,2.3077193319056635
fold1_room1_mix2606,bike_bell,6.038,9.139,3.100999999999999,10.323089027453094,25.77281667314094,13.567612766621735,5.620568530854342,5.5,9.786604365495256,0,1,0,51.24807250489543,6.626350368749064
fold1_room1_mix2609,horn,3.054,8.138,5.084,15.690556413453148,35.213029638534664,31.59230354565038,24.57100259390252,4.5,6.275210961283707,1,1,1,57.56144479587236,9.645940570065576
fold1_room1_mix2610,horn,2.167,6.986,4.819,20.228081186188227,20.634624990471277,59.038445609020805,58.86560775936581,4.6000000000000005,3.141079290944492,1,1,1,41.225556223094436,8.380347471896954
fold1_room1_mix2610,backup_beep,4.559,8.583,4.024,6.682698774210037,11.459282808113162,27.432627505194283,22.748516462301872,3.0,6.130828916522596,0,1,1,41.225556223094436,1.744935045112832
fold1_room1_mix2613,backup_beep,4.465,7.091,2.6260000000000003,4.979616432813734,6.915743408041224,20.38157925275361,17.52871965267535,4.3,4.969549937053986,0,1,1,55.98997847912945,1.7102297307915442
fold1_room1_mix2615,backup_beep,1.987,5.601,3.614,9.607192778914493,6.089854189910621,25.074509545170372,29.03430176502546,5.9,6.066741485641617,0,1,1,47.74437864008334,1.9141758549449441
fold1_room1_mix2616,horn,3.475,7.557,4.082000000000001,15.524043254581743,45.599194947073684,42.62445097028368,33.265404347712966,3.9000000000000004,14.756060800674225,1,1,1,48.523280328134895,11.751894178170431
fold1_room1_mix2617,horn,3.015,5.261,2.246,37.13311380482538,16.256525246929346,21.85563280207802,29.030305717231073,6.5,9.929281582700924,0,1,1,61.760698124471475,10.199349868672487
fold1_room1_mix2617,bike_bell,2.866,8.777,5.911,14.915520172969329,27.036989849385915,-0.3647176298187276,-5.531116313311188,3.1,14.898524353863888,1,0,0,61.760698124471475,3.94152944455213
fold1_room1_mix2618,siren,5.446,8.794,3.3480000000000008,19.271575701356483,36.58216478671722,53.0418265256051,47.474782997575176,3.5,14.786368045830068,0,1,1,55.39290184082063,6.302561537078262
fold1_room1_mix2620,bike_bell,5.349,9.049,3.6999999999999993,12.425278479583248,14.500903600069696,30.567746926024867,29.22596823888017,6.5,11.834777214485992,1,1,1,42.532102595804105,3.287651702307566
fold1_room1_mix2622,horn,5.626,8.726,3.1000000000000005,9.947097018583763,19.3100413900952,32.50112268350274,26.739385666830003,6.300000000000001,8.840061710349019,1,1,1,63.475553617337354,7.010271254682269
fold1_room1_mix2622,backup_beep,1.169,6.77,5.600999999999999,12.885922788707038,12.322200621296522,5.7530976448156395,6.141642632337508,4.5,11.86019755884054,1,0,0,63.475553617337354,1.4964032740509214
fold1_room1_mix2625,bike_bell,3.733,9.196,5.462999999999999,9.600381971859912,24.476952586414757,9.9244823820315,1.795105704695203,4.0,9.539336549645952,1,0,0,58.5242144378593,4.324538979350248
fold1_room1_mix2627,siren,4.498,9.485,4.986999999999999,21.368536267658012,84.00525276730401,71.40786313485002,59.51722976159836,3.1,10.556500440906364,0,1,1,45.79801233096465,12.985074732254168
fold1_room1_mix2631,horn,4.54,7.07,2.5300000000000002,10.215815779860622,27.788003168240202,43.88534923683763,35.193663497760866,4.9,9.446854280378675,1,1,1,60.99718709539161,11.874073468928568
fold1_room1_mix2633,backup_beep,1.291,4.502,3.211,8.622954287150804,8.066385011542124,9.810054974960167,10.389597706553076,3.2,7.593833973508666,1,0,1,59.87655724710871,2.1195979416805573
fold1_room1_mix2637,siren,0.413,6.008,5.595,64.14317216115491,17.651278113984574,50.549243290284195,61.75672881298364,4.9,7.289192913249036,1,1,1,47.13237634232313,14.263896320611526
fold1_room1_mix2638,horn,2.503,6.72,4.217,6.873757153345546,31.707488559445288,48.6159805480444,35.336627352538095,3.0,5.265467256185611,1,1,1,58.47447582515779,8.463802963194274
fold1_room1_mix2639,backup_beep,6.382,8.678,2.296000000000001,6.378661789608543,11.224270990369794,13.596714892468029,8.688143534568994,4.1000000000000005,3.4422794984983227,0,1,0,60.63588129543858,2.313986529375785
fold1_room1_mix2641,siren,5.045,7.526,2.481,22.102618015281013,57.15480171788691,69.61179423585365,61.35961414986987,3.7,9.959827975620026,0,1,1,47.640822262693106,14.731484367343734
fold1_room1_mix2641,siren,0.36,6.13,5.77,41.06742455719331,9.822150939846665,42.16381783978146,54.58963512414239,5.300000000000001,7.037333452247327,1,1,1,47.640822262693106,8.199689014075126
fold1_room1_mix2643,horn,3.417,8.123,4.7059999999999995,28.194374047816943,19.90936911567937,53.187605598739616,56.209704773112726,6.2,6.243236202254611,1,1,1,40.5634506132108,9.859698556983602
fold1_room1_mix2644,horn,3.019,7.697,4.678,27.94439238441068,31.040800409022502,21.31301710901422,20.40025229995748,5.2,13.914289478786609,1,1,1,63.968861185433305,11.111884445913372
fold1_room1_mix2646,siren,2.682,6.895,4.212999999999999,34.98779000602886,7.4693872122556195,55.47959880657778,68.89222955571186,6.7,7.210783020198532,1,1,1,47.72837206631681,8.594474801683539
fold1_room1_mix2648,siren,0.304,4.422,4.117999999999999,69.12780056969069,26.548037496948126,41.06647544730212,49.37888178399461,6.800000000000001,8.17103687999679,0,1,1,40.96163740234362,10.535051332574445
fold1_room1_mix2649,backup_beep,4.041,9.259,5.218,13.612005873693944,13.43482324170966,23.35948709688399,23.473290515129868,7.0,13.164395607756097,1,1,1,48.53462766895951,1.177493699380096
fold1_room1_mix2650,backup_beep,3.162,9.097,5.935,6.2801102506906545,10.690774930300888,28.28090421967751,23.660065849785013,4.0,6.088491604353675,1,1,1,45.10641995133233,1.7404882890804032
fold1_room1_mix2654,bike_bell,4.637,8.805,4.168,8.718830763675161,22.808695112973595,9.09809937763788,0.7452555362221887,5.5,6.882661433337477,1,0,0,57.219107599593926,6.503182005111817
fold1_room1_mix2659,horn,5.748,8.999,3.2510000000000003,5.270760850289682,29.594565898373208,41.19365881321235,26.206885562483407,5.6000000000000005,5.0163349425936605,0,1,1,64.12381273571405,8.458332752746902
fold1_room1_mix2660,horn,5.628,8.141,2.513,13.585028822623492,17.298785091318113,39.937052444561175,37.837951661610305,6.4,12.2582987141282,1,1,1,58.51514782205872,7.192041219340375
fold1_room1_mix2660,backup_beep,3.216,7.427,4.210999999999999,4.949390842130392,5.517898468435952,12.931503415523565,11.987064323316062,4.7,4.711393277153418,1,1,1,58.51514782205872,1.0422845006490822
fold1_room1_mix2663,bike_bell,3.263,8.229,4.965999999999999,15.634623524576357,14.654782086910789,3.6569463870007013,4.219107649024394,5.9,11.72791736369905,1,0,0,62.98591650813647,3.8522021123053634
fold1_room1_mix2664,backup_beep,3.257,7.017,3.7600000000000002,9.426279495074919,9.903346526399423,28.79357743373025,28.36474417519507,4.6000000000000005,9.194088786197293,1,1,1,45.12391294044363,1.5318709777111688
fold1_room1_mix2665,backup_beep,4.049,6.54,2.4909999999999997,11.940942227028966,13.271968007847319,0.04375031155743869,-0.8741842687503691,3.4000000000000004,11.885922825203115,0,0,0,61.97307467438472,1.9097616205629286
fold1_room1_mix2667,horn,1.317,6.571,5.254,46.32527453157007,9.401502031483288,26.237304866436006,40.089720015998694,5.800000000000001,5.403359110167116,1,1,1,52.1622059746324,10.221793520513508
fold1_room1_mix2668,horn,3.12,8.904,5.784,28.40298732962781,40.113998782298346,27.06684067282739,24.068201934480932,5.5,3.8977409383404313,1,1,1,55.752939477124634,11.766764655108782
fold1_room1_mix2668,bike_bell,2.642,6.204,3.562,10.690299386157719,18.894350636197604,8.311094121220528,3.364252068387877,3.7,7.585520458376364,1,0,0,55.752939477124634,6.973579313480437
fold1_room1_mix2669,backup_beep,4.601,8.19,3.5889999999999995,14.789952221195325,14.831494753880065,19.39831897149522,19.373955942163185,6.300000000000001,14.537986618311985,1,1,1,46.96019844575806,1.5756526782643085
fold1_room1_mix2670,backup_beep,1.775,7.086,5.311,8.291183313658802,6.401866419415112,31.740028200909556,33.98622638702734,6.800000000000001,6.392403107873622,1,1,1,41.92257948079395,1.0603855720466167
fold1_room1_mix2673,backup_beep,4.992,8.035,3.043,6.071338158295277,5.9065546731653935,8.539150011893256,8.778153899037122,6.6000000000000005,4.83254707759818,1,0,0,55.103246992035636,2.324187061548835
fold1_room1_mix2674,siren,3.655,8.007,4.352,30.110480959362135,29.168966861560154,27.995594123721702,28.271527034618302,5.9,3.5647065117261163,1,1,1,60.57742145373153,13.523947098468907
fold1_room1_mix2675,siren,4.291,7.546,3.255,13.34544124558802,15.385505492486928,37.83489807436527,36.59932143435509,5.800000000000001,3.255138160515015,1,1,1,58.85911924689066,8.595896423686764
fold1_room1_mix2675,horn,0.369,5.8,5.431,28.70548623336128,16.007467503303857,31.26821712181173,36.341062697979226,3.9000000000000004,4.307984754282171,1,1,1,58.85911924689066,8.064392804623951
fold1_room1_mix2680,bike_bell,2.857,7.544,4.686999999999999,11.065079993779198,14.727067895121989,26.652732935246583,24.169498314019727,4.2,10.20347618570549,1,1,1,43.64406700197912,3.179088044048645
fold1_room1_mix2682,siren,5.52,9.449,3.9290000000000003,9.416768485169335,24.560700855000118,81.70496367776153,73.37818643265757,6.1000000000000005,8.699778963259874,1,1,1,44.4163678439843,6.766995815669955
fold1_room1_mix2685,backup_beep,2.935,5.936,3.001,4.300462769841811,9.482653349693225,26.787268647658053,19.91897499877534,3.1,4.2877305749841845,1,1,1,53.26221566593834,2.937026180403485
fold1_room1_mix2687,backup_beep,2.786,5.019,2.233,11.718575434127674,7.582192028145415,24.529523085373306,28.31112389984353,5.9,7.095938762516296,0,1,1,40.43614614774564,2.979870869456845
fold1_room1_mix2687,backup_beep,3.39,5.442,2.052,13.973413422714282,15.354475176492507,23.910042669231338,23.091393305465218,3.3000000000000003,13.971402453506746,0,1,1,40.43614614774564,2.9872282586805774
fold1_room1_mix2688,bike_bell,4.927,6.993,2.0660000000000007,14.81053603606224,16.99652103432836,1.0614728489866678,-0.1343123289067023,5.6000000000000005,14.156397496539004,1,0,0,63.84011506364679,6.661187757053391
fold1_room1_mix2692,siren,5.017,8.098,3.0810000000000004,24.715986563688563,20.06572658657427,35.70802530902195,37.51848651195927,6.7,6.457188000365553,1,1,1,61.90821899040375,13.912816444089959
fold1_room1_mix2693,siren,3.141,6.045,2.904,17.996156184216254,10.338152436411404,42.009347460590845,46.82408390217222,5.1000000000000005,5.655766020729376,1,1,1,59.97828714460516,8.865377884622955
fold1_room1_mix2693,backup_beep,3.555,6.98,3.4250000000000003,6.581787728906549,6.865928398685891,0.7127395050496474,0.34563153616363707,4.800000000000001,6.409587631348349,1,0,0,59.97828714460516,1.1558612932222567
fold1_room1_mix2695,bike_bell,5.789,7.925,2.136,11.78686387199512,21.859758431005144,17.634680563377614,12.269738753823724,3.6,4.920024541954508,0,1,1,49.80659931562816,4.956709418191677
fold1_room1_mix2699,backup_beep,1.652,6.898,5.2459999999999996,15.50001814137031,14.833871192921539,1.2186971429780158,1.6002512008541316,5.1000000000000005,14.602113914148653,1,0,0,60.07058360996663,1.4891401389124679
fold1_room1_mix2700,horn,4.163,8.982,4.818999999999999,15.439654492734517,34.16104967216616,63.36669027523817,56.468817688120296,3.1,14.355924870507138,0,1,1,41.029719333538736,5.253159052815214
fold1_room1_mix2700,bike_bell,1.546,6.646,5.1,14.10881275841183,22.603316433577948,27.371918546013887,23.278284644480834,3.0,11.74379900076376,1,1,1,41.029719333538736,5.320193612087477
fold1_room1_mix2704,backup_beep,0.625,4.764,4.139,14.258246790320438,10.236650566381215,13.506250947408418,16.384415923614085,5.6000000000000005,10.084368506864214,0,1,1,47.434756360791454,2.0099504505000207
fold1_room1_mix2705,bike_bell,3.212,5.799,2.587,15.563972200990557,16.375849856591973,5.407535838229336,4.965867810781759,4.4,13.313072127942837,1,0,0,61.33168866805528,6.802478087281665
fold1_room1_mix2706,backup_beep,1.744,3.883,2.1390000000000002,12.020635478379639,8.042325438734697,-3.716329664601659,-0.22541397765749593,6.1000000000000005,6.094976865760333,0,0,0,61.69102131966403,2.390732104812769
fold1_room1_mix2707,siren,2.742,6.784,4.042,19.544668379220813,6.904171540521942,54.75215002741511,63.79048468192245,5.9,4.0021864849795845,1,1,1,56.79826854934831,6.126086995261644
fold1_room1_mix2707,backup_beep,2.749,6.816,4.067,8.343363998765234,6.271690844035312,4.3921038607670155,6.871234840062932,6.9,6.271803920682413,0,0,0,56.79826854934831,1.340723889174627
fold1_room1_mix2708,siren,4.915,9.301,4.386,15.556592946072799,66.79826894681939,57.70929402203439,45.05227962347045,4.6000000000000005,14.903757498141308,0,1,1,55.619324638425006,13.828989334141879
fold1_room1_mix2708,backup_beep,2.216,4.221,2.005,12.77964060524873,12.550498079501708,0.17897597866480908,0.3361295583872774,3.7,12.520424557033238,1,0,0,55.619324638425006,1.7105251215871522
fold1_room1_mix2709,siren,3.616,6.362,2.746,14.06745444489524,32.76766655768301,42.62518540453517,35.28058544087898,3.5,13.986099034283693,0,1,1,53.90284383037199,10.225809777186743
fold1_room1_mix2709,siren,3.986,7.555,3.5689999999999995,17.239304303152963,16.412816632265027,61.37271578837992,61.79944815402847,5.9,14.049310586327564,1,1,1,53.90284383037199,5.1769085191318
fold1_room1_mix2710,bike_bell,4.533,9.173,4.64,5.816341351355646,25.23304756596161,31.37548486076053,18.629088465694032,5.1000000000000005,4.825067796548576,1,1,1,48.13080207844411,6.038880867388224
fold1_room1_mix2711,backup_beep,2.373,6.273,3.8999999999999995,7.910995839972657,5.670541855419174,8.915288966381965,11.807420881032535,5.4,5.3894907981104545,1,0,1,54.26537894374727,1.9374845914701024
fold1_room1_mix2711,backup_beep,1.7,7.289,5.5889999999999995,11.258167192540084,11.635888980548048,13.429808264803448,13.143170765711055,4.2,10.307489148321558,1,1,1,54.26537894374727,1.7764373612002893
fold1_room1_mix2712,backup_beep,4.328,7.305,2.9769999999999994,8.379215346191398,9.104900523036727,20.34556091775805,19.62412385263319,5.4,7.996042350949166,1,1,1,49.35272323755426,2.304295617306689
fold1_room1_mix2714,horn,0.772,6.295,5.523,31.949053770077967,5.660948942476364,37.67455390822027,52.70592915551939,5.7,4.459420421369198,1,1,1,40.37281360627055,6.361841462079955
fold1_room1_mix2717,bike_bell,3.792,5.906,2.114,4.252510814193563,10.3145597725861,15.0752690185858,7.379163614005009,3.8000000000000003,4.252695061727379,1,1,0,58.56766361349443,4.443175721547412
fold1_room1_mix2717,bike_bell,4.961,8.787,3.8260000000000005,6.300819246218898,19.113018334336434,18.185735725766506,8.547090618466058,5.6000000000000005,5.331032938850524,1,1,0,58.56766361349443,5.678252939130656
fold1_room1_mix2725,horn,3.272,7.471,4.199,14.941132038889796,29.210634690880347,33.91201319238452,28.08886339810863,3.8000000000000003,14.417725824633678,1,1,1,58.15979504700073,6.985699775199212
fold1_room1_mix2727,backup_beep,2.476,5.193,2.7169999999999996,4.642673298944903,4.075789098292327,24.642470457145016,25.773598866195194,4.2,3.745903700360503,1,1,1,40.909556234908855,1.6007360010331393
fold1_room1_mix2729,backup_beep,4.451,9.138,4.687,5.239986854295939,13.23207211455987,30.726241619047826,22.680288385967415,5.0,4.942608732303913,1,1,1,40.35838868673932,2.9907804170322656
fold1_room1_mix2731,backup_beep,1.406,6.273,4.867,15.03086595496049,13.097331064479746,17.672586046518028,18.868609973801803,4.7,12.425992872867582,1,1,1,44.5319323238564,2.5883111470321953
fold1_room1_mix2733,horn,0.345,6.133,5.788,66.29269555647386,12.401965359263492,41.313493687023595,55.8729969762077,5.300000000000001,6.505588380914933,1,1,1,49.17989765375094,13.224328641407595
fold1_room1_mix2735,horn,1.553,6.78,5.227,23.786526952574903,48.49717061810855,38.67873912191586,32.49103179520338,3.2,5.4470557577516105,1,1,1,59.98150267864228,13.652095627394882
fold1_room1_mix2736,horn,3.766,8.305,4.539,29.089303374078575,30.867815331482188,24.850836663066836,24.335385214352748,6.0,3.294852763801982,1,1,1,54.9107318078651,13.130586561232318
fold1_room1_mix2737,siren,4.488,9.183,4.694999999999999,15.995349726518599,23.555902106007554,45.05685051799502,41.69473050297181,6.2,11.010259606082101,1,1,1,58.14007799976058,6.907446745907442
fold1_room1_mix2741,horn,3.505,7.985,4.48,24.241297611783533,13.358372880418626,37.80206436147848,42.97811039006718,6.5,7.738364679141951,1,1,1,59.721930799948375,7.560087635395137
fold1_room1_mix2743,horn,1.08,5.003,3.923,29.815507972378704,8.76001525471386,49.85562807683921,60.494375085853136,4.3,5.8525970267254355,1,1,1,45.14238251117989,9.114115131463633
fold1_room1_mix2743,bike_bell,2.449,8.111,5.662000000000001,9.546448993141386,11.349747891965531,24.78973011707697,23.286842950136474,4.9,5.92032839416599,1,1,1,45.14238251117989,3.032960908458083
fold1_room1_mix2744,siren,2.669,5.273,2.6039999999999996,11.79798492976677,21.14409266422832,37.22249790680116,32.15487357992553,3.5,6.942916970560245,1,1,1,61.06722610597841,11.333188220001045
fold1_room1_mix2745,bike_bell,2.24,4.887,2.6469999999999994,13.020825650342788,8.886982193606816,17.478213116829664,20.795897391148273,4.4,8.65052883300998,1,1,1,45.74612210724217,4.447669761792269
fold1_room1_mix2745,bike_bell,4.458,8.423,3.965,19.673580361764813,19.411660713988258,12.52404961870738,12.640463853196344,6.5,14.779173132047571,1,1,1,45.74612210724217,6.449808596485897
fold1_room1_mix2751,siren,3.531,5.796,2.265,7.506993467941791,21.910205002218863,43.70811044803857,34.40450238664154,3.9000000000000004,6.6075306212597305,1,1,1,59.77804814237943,10.807826538713536
fold1_room1_mix2751,siren,2.603,5.748,3.145,49.12934946322588,5.723122768749196,30.30893728593982,48.9830963125858,6.1000000000000005,3.1774878892056053,0,1,1,59.77804814237943,14.074100198606883
fold1_room1_mix2752,bike_bell,2.353,6.489,4.135999999999999,19.38859425322591,13.864014938075147,2.436510438820001,5.349656530294418,5.0,10.431999337105646,1,0,0,58.98605860632106,6.159224332168074
fold1_room1_mix2752,bike_bell,4.318,9.401,5.083,12.961529121451392,22.946415857682098,12.650661828259864,7.689489426515657,3.8000000000000003,12.83925440524382,0,1,0,58.98605860632106,3.392076531347934
fold1_room1_mix2753,siren,0.6,6.427,5.827,30.447834835009697,31.259950523663633,44.57481083795029,44.34617341394627,3.5,4.3505691131043145,1,1,1,51.18510987150328,10.484555330251077
fold1_room1_mix2753,horn,1.059,3.722,2.6630000000000003,40.52590120429795,12.159132322416673,32.14620142656343,42.60280335923779,4.2,10.908890909754852,0,1,1,51.18510987150328,12.627884496088408
fold1_room1_mix2755,bike_bell,1.975,7.763,5.788,11.414041015990982,12.202836365320842,10.947166183498936,10.366739008034898,4.800000000000001,3.127724879275924,1,1,1,53.96281409859452,3.934692039738491
fold1_room1_mix2760,bike_bell,0.981,3.972,2.991,25.64293696768729,15.255925995534303,5.095609301619206,9.60619313151728,6.5,10.954973039004058,0,0,0,51.264932084099826,4.20179619609704
fold1_room1_mix2760,bike_bell,3.498,8.994,5.4959999999999996,25.60806489573098,19.41862589092474,1.8554378464659607,4.258603182356353,6.9,14.035229707313741,1,0,0,51.264932084099826,6.33925286918878
fold1_room1_mix2762,backup_beep,2.498,8.164,5.6659999999999995,15.06966465169763,16.6416320590771,-1.9348968420919448,-2.7967433959977015,3.5,14.985369613799627,1,0,0,63.839193609871316,1.5583541276879178
fold1_room1_mix2762,backup_beep,1.213,6.341,5.128,11.977380332365481,11.400133444589207,6.141802302194776,6.570840411073291,4.4,11.040722485290337,1,0,0,63.839193609871316,1.4592980734724164
fold1_room1_mix2763,backup_beep,3.906,7.19,3.2840000000000003,10.13114868283596,12.10776794611068,26.130223063157025,24.58211506757808,3.8000000000000003,10.128424711920584,0,1,1,44.2392034626343,1.9480599947273576
fold1_room1_mix2765,backup_beep,3.696,9.367,5.671000000000001,10.129363008551092,17.519131369900823,-0.2987474276883191,-5.057356106273744,3.4000000000000004,10.109265787658133,0,0,0,62.19777227408545,2.4099010191669072
fold1_room1_mix2765,bike_bell,2.064,6.72,4.656,19.46805376282324,8.018878649900094,6.708259827841729,14.41243773968101,6.800000000000001,8.01578462142785,0,0,1,62.19777227408545,3.7604202160383426
fold1_room1_mix2769,horn,3.273,9.037,5.764000000000001,11.547017228906967,29.70235776623158,38.18570689808063,29.979284676687563,3.8000000000000003,11.136644767039728,1,1,1,62.49514848219541,5.308690974708097
fold1_room1_mix2774,siren,0.349,6.258,5.909,61.962354527440034,7.701239416643737,30.476509385650225,48.587855132044034,6.0,7.225889291353955,1,1,1,57.634113800599444,10.865961831499556
fold1_room1_mix2776,horn,3.945,6.056,2.111,5.070552218497626,21.162857073739243,40.524236458392096,28.113855672870045,3.6,4.004799592199114,0,1,1,57.254279918405786,8.36718792075369
fold1_room1_mix2776,backup_beep,3.832,6.883,3.051,12.97457374837417,14.724441805250063,10.25141359900394,9.152498779376401,4.3,12.898104354008273,1,1,0,57.254279918405786,2.790529766060571
fold1_room1_mix2777,backup_beep,2.328,5.519,3.1910000000000003,15.527326273387057,14.995090473863257,0.8189180941937906,1.1218698625489836,4.5,14.814258891847333,1,0,0,53.03454856051492,2.1861865040596458
fold1_room1_mix2779,backup_beep,4.579,9.589,5.010000000000001,10.526492169996496,17.03902198523879,28.819131851111614,24.63591202053052,4.0,10.444121925899218,0,1,1,40.903576417900105,2.424351621940699
fold1_room1_mix2780,horn,3.816,8.047,4.231000000000001,7.345099004329014,58.5915327746534,48.11715571570807,30.080411606837536,3.4000000000000004,4.905418330961426,0,1,1,51.66049940224236,12.505980033469761
fold1_room1_mix2782,backup_beep,3.479,7.049,3.5700000000000003,8.322319876526304,8.524436275980733,21.360574444622273,21.15214915956888,4.9,8.131033106574591,1,1,1,46.80744492008057,1.2142779331411593
fold1_room1_mix2784,horn,1.206,3.416,2.21,25.677200532335373,15.250952985338182,29.55438659856388,34.079400410069184,5.2,11.41479251516505,0,1,1,46.334133135726006,5.829952128933602
fold1_room1_mix2788,bike_bell,3.113,7.926,4.813000000000001,11.921423011008896,18.202435221634268,10.844942718629426,7.168914803952852,4.0,11.425804056322828,1,1,0,53.444239853779564,3.651857928145378
fold1_room1_mix2789,backup_beep,1.355,5.395,4.039999999999999,10.786746032304205,10.473553110904469,15.371819358102513,15.627747644168139,4.0,10.349794015124129,1,1,1,49.2370536417741,1.1495919154445813
fold1_room1_mix2791,siren,3.99,9.348,5.3580000000000005,36.105051031623425,29.063039768842813,45.09578434639215,46.98032288630051,7.0,6.1809324900478275,1,1,1,64.24734277339385,11.93998767735061
fold1_room1_mix2793,bike_bell,5.913,8.025,2.112,14.042077870115357,18.470823133057674,19.336424237965204,16.95532678444765,4.5,13.058336217243943,0,1,1,51.63201514186292,3.7401484874941344
fold1_room1_mix2794,bike_bell,2.364,5.197,2.833,9.976022604833238,14.446067802285874,24.616483332161714,21.40063884548981,3.2,8.704604866387166,1,1,1,40.15999146126426,5.789865052168987
fold1_room1_mix2796,horn,2.164,8.107,5.943,47.061631979324275,16.283123136955385,39.22087932300355,48.439464847298446,6.800000000000001,9.946037791204104,1,1,1,48.1940143546962,9.909354327400749
fold1_room1_mix2798,siren,3.135,7.639,4.5040000000000004,14.861456179918113,29.670866592783767,55.55776737600017,49.55239006388946,3.3000000000000003,14.80891860814976,1,1,1,40.19754111801144,5.993623450507032
fold1_room1_mix2798,horn,3.591,8.846,5.255,22.10562101849677,25.50121119243325,46.64624215130918,45.40508039531829,6.0,5.852690445714613,1,1,1,40.19754111801144,8.779921395313952
fold1_room1_mix2799,siren,4.475,9.367,4.892000000000001,6.944542537131479,25.100758529595876,51.11735296965249,39.956488902217544,5.0,6.220545772321606,1,1,1,63.26662801899316,5.602847792302667
fold1_room1_mix2800,backup_beep,4.305,6.497,2.192,10.97606865121932,12.214328806441394,15.270345532781576,14.341889689054383,3.4000000000000004,10.855282196482381,0,1,1,52.88871801037358,1.8136026999004151
fold1_room1_mix2800,bike_bell,3.077,8.005,4.928000000000001,17.827236188288868,11.694090463784077,16.56846249507187,20.230813879480266,6.2,6.574506575627703,1,1,1,52.88871801037358,5.325060833942144
fold1_room1_mix2802,backup_beep,6.93,9.443,2.513,11.337344786901403,13.67098396199855,12.510930553284538,10.885162165649035,4.9,10.69154913720807,0,1,1,49.189088840595616,1.889265648573189
fold1_room1_mix2808,bike_bell,2.851,6.105,3.2540000000000004,20.84177554455305,13.120009038225142,19.23480014810154,23.254811752747457,5.4,12.24385263384747,1,1,1,41.16521944923967,6.631982166647486
fold1_room1_mix2809,horn,2.394,5.574,3.1799999999999997,12.452378345463588,22.475690197362873,21.825094569382486,16.69587997651142,3.4000000000000004,7.4258520252888225,1,1,1,64.49436019962309,9.814640329807723
fold1_room1_mix2810,siren,0.439,5.721,5.282,33.61042749909346,11.830878699213983,69.13187731365994,78.20101800955132,5.2,11.419265273930227,1,1,1,45.52621865663399,6.573693065776023
fold1_room1_mix2811,horn,5.136,8.401,3.2649999999999997,10.91473442646798,15.103055259455575,49.931672050158724,47.11063928346016,6.2,9.407279869964173,1,1,1,45.7310090101341,5.314604342076986
fold1_room1_mix2811,backup_beep,0.354,2.523,2.169,15.671360835675006,12.896062466789026,19.421136603234558,21.114128249218254,4.9,11.708976576834777,0,1,1,45.7310090101341,2.310335835412394
fold1_room1_mix2812,bike_bell,2.203,6.317,4.114000000000001,18.811893275907405,6.505294458262721,25.193788677005628,34.41709961317514,6.7,6.312586701097002,0,1,1,44.12987918637975,3.9251487507856555
fold1_room1_mix2812,bike_bell,0.961,3.493,2.532,19.63662591279112,11.20407756733079,22.633244151377355,27.507059348200542,4.6000000000000005,9.880921680188735,0,1,1,44.12987918637975,4.615155577170958
fold1_room1_mix2813,bike_bell,3.377,9.154,5.777,13.504567439473455,21.001227905807827,16.75558587000188,12.92030567133584,4.5,12.959260665336675,1,1,1,54.271989014007545,3.5188599851923894
fold1_room1_mix2816,siren,2.966,7.441,4.475,13.013529439278834,35.98075104465223,33.09874580390229,24.265243294335775,4.0,7.415165903396742,1,1,1,63.60572461538004,10.257678974038505
fold1_room1_mix2817,backup_beep,4.649,7.945,3.2960000000000003,3.2912815549568473,6.873771918091031,29.00788835860684,22.61128672656114,4.3,3.2308408635955423,0,1,1,50.17554960140857,1.6496321889249457
fold1_room1_mix2821,siren,6.602,8.901,2.2989999999999995,8.396833592186507,23.837927926198986,52.778921085224646,43.715861967246504,5.5,3.9224001916614557,0,1,1,47.96556578774143,6.996517632611916
fold1_room1_mix2821,horn,0.657,6.023,5.366,26.275528407299177,12.935882728105497,43.9199508054213,50.075058581263484,4.6000000000000005,9.30258190660333,1,1,1,47.96556578774143,6.25477048092264
fold1_room1_mix2824,bike_bell,0.405,4.275,3.87,17.04116616551044,11.18620740461354,3.3609889813613947,7.017317858066058,4.4,11.179564783007711,0,0,0,60.72516642470803,3.2236965006647496
fold1_room1_mix2825,horn,2.802,8.672,5.870000000000001,12.739789517968575,27.89651077698643,41.229452054907966,34.42169938614073,4.1000000000000005,10.371758852190744,1,1,1,56.20481619693457,5.672020664719626
fold1_room1_mix2827,horn,3.645,9.115,5.470000000000001,3.482194171136051,40.153723767763694,51.798893263745654,30.561436408141375,3.5,3.3981936659392606,0,1,1,57.156725866653304,7.168677192767195
fold1_room1_mix2827,bike_bell,4.647,7.697,3.05,16.986407288833398,34.13635963509266,4.410426319612483,-1.65188712393023,3.2,13.51347431646512,0,0,0,57.156725866653304,6.902502290160049
fold1_room1_mix2830,bike_bell,5.49,7.531,2.0409999999999995,3.4729705373308724,12.783422098670847,17.09090791330636,5.771987309312458,5.7,3.0809734561006543,1,1,0,57.43314747785511,6.868941572929564
fold1_room1_mix2831,siren,4.657,7.352,2.6950000000000003,16.60164993943687,27.498208768836506,39.13204626780319,34.74898321365086,3.4000000000000004,14.865729278583236,0,1,1,60.127976555836284,5.841405428293078
fold1_room1_mix2831,horn,5.799,8.704,2.9050000000000002,32.209769149856186,65.6779211281719,37.77830352589561,31.58966781373786,3.4000000000000004,14.188067606495295,0,1,1,60.127976555836284,12.1205890760127
fold1_room1_mix2832,backup_beep,4.916,8.929,4.013,12.734397116417028,13.609714321610742,-3.608029395292135,-4.185441797435232,5.5,12.712033275811315,1,0,0,64.69709136132361,1.3999791996692998
fold1_room1_mix2833,bike_bell,2.408,7.823,5.415000000000001,12.5011682369728,23.391899406769483,22.398918191253202,16.956620434360048,3.4000000000000004,11.552287279791297,1,1,1,42.62586198670844,4.6392982236935065
fold1_room1_mix2836,backup_beep,2.393,4.502,2.109,11.308898269664423,6.928507622268751,20.198061467939027,24.45367343321091,6.1000000000000005,5.455705612687943,0,1,1,45.02911233813383,2.6719334945346587
fold1_room1_mix2838,bike_bell,1.26,4.072,2.8120000000000003,39.28291571564305,21.577136429222865,11.711466321441094,16.915664473596777,6.9,9.955085065034313,0,1,1,46.74906683894683,6.705822308609217
fold1_room1_mix2839,horn,6.301,9.602,3.301,14.946496502268184,28.41670572066152,49.78722236674001,44.20653586716192,4.5,11.70026707143623,0,1,1,45.70508441252308,5.026782933366208
fold1_room1_mix2841,bike_bell,0.31,4.199,3.889,24.07826426832388,10.331735426082147,0.7112386495984424,8.060276657902065,3.6,9.48460747798794,1,0,0,62.23361246582273,6.744461724512236
fold1_room1_mix2843,backup_beep,3.062,7.349,4.287000000000001,17.504990737572616,13.707481912915696,14.669083718561524,16.793167794565882,6.800000000000001,13.597189136455246,1,1,1,47.27989600135262,2.9772664628144065
fold1_room1_mix2844,siren,4.868,9.031,4.163,13.704500072595346,55.24419823446313,66.95738931552793,54.84891976585916,4.800000000000001,13.710098641836321,0,1,1,41.0722039499423,12.772655999386657
fold1_room1_mix2847,horn,5.502,8.429,2.9270000000000005,10.274575680679812,39.443796337496195,26.204457535595765,14.520161289854997,5.300000000000001,10.002230622448915,0,1,1,61.212571742826796,12.231570503460107
fold1_room1_mix2847,bike_bell,5.572,8.931,3.358999999999999,9.153847819082618,18.501287298196996,5.823952658173752,-0.28801252325832394,3.4000000000000004,5.983989101084351,0,0,0,61.212571742826796,3.1495703206702585
fold1_room1_mix2848,siren,6.095,9.456,3.3609999999999998,3.884644537745659,45.74922448385488,79.11895825046,57.69830922123572,6.1000000000000005,3.8764387698560414,1,1,1,52.345003656364014,13.711831515989767
fold1_room1_mix2848,horn,5.478,7.664,2.186,15.544710290946139,35.334427410231825,36.702858606325606,29.57055009476322,4.7,12.891878823723458,0,1,1,52.345003656364014,11.076385117236796
fold1_room1_mix2849,backup_beep,0.5,3.795,3.295,16.941316367174036,15.19007538117768,5.756599027200366,6.704343499393772,6.2,14.777115303606369,0,0,0,55.88590452362898,1.4468172490483706
fold1_room1_mix2853,siren,1.466,4.38,2.9139999999999997,28.183954064494255,14.29337706652027,43.850920760181324,49.748262191592914,3.8000000000000003,12.798889281294441,1,1,1,58.89355664769529,10.801064793470148
fold1_room1_mix2854,horn,1.979,5.907,3.928,19.91701554996029,34.06398232299245,33.78039533266113,29.118972206924738,3.4000000000000004,8.939008575845994,1,1,1,50.472550588725795,12.902398266527221
fold1_room1_mix2855,horn,5.349,9.136,3.786999999999999,10.083465106961235,39.213893635197685,52.354960167432104,40.558356833027936,5.7,9.193908234027747,1,1,1,51.77591424790172,11.161603028816748
fold1_room1_mix2857,horn,4.272,7.956,3.684,9.501596564568421,45.703108806012835,31.352895624883487,17.709912502644002,3.5,5.668013148628209,0,1,1,53.20253843445258,10.238957701476942
fold1_room1_mix2859,backup_beep,4.333,7.984,3.651,6.9568322222578765,14.617667059797284,17.698862590857573,11.249531864654955,3.1,6.10165124502567,0,1,1,55.792084971396605,2.7229556536648394
fold1_room1_mix2860,horn,4.594,8.016,3.4219999999999997,31.522619065605596,22.91538947712875,41.26099422096536,44.03089523589455,6.7,12.946475158557753,1,1,1,53.85736195535462,13.928752489502763
fold1_room1_mix2865,horn,1.729,5.051,3.322,45.234166281241166,18.023276827475524,27.09914637495926,35.091803112843934,6.1000000000000005,14.696285017476152,0,1,1,55.827792784973454,9.73659317937205
fold1_room1_mix2865,backup_beep,4.519,8.6,4.0809999999999995,11.71407456545598,16.643384574840983,11.324859681504662,8.27418639639825,4.1000000000000005,11.665682932142436,0,1,0,55.827792784973454,2.647928762790449
fold1_room1_mix2866,bike_bell,4.295,6.336,2.0410000000000004,7.557367567393139,15.043046993216308,28.380224815686304,22.40091948144628,3.1,5.628901255630498,0,1,1,42.56074358516308,4.363389457485941
fold1_room1_mix2867,backup_beep,1.092,6.194,5.102,7.019219754155846,3.533734306080592,15.343517134946985,21.3046160663422,5.2,3.163734626869729,1,1,1,47.016457707183726,1.5368234128866987
fold1_room1_mix2868,bike_bell,3.662,6.375,2.713,12.369593409514602,6.504468305811395,21.365593234334774,26.948465688001427,6.0,6.255433431514099,1,1,1,48.69400384744545,4.590913822231713
fold1_room1_mix2868,bike_bell,0.777,3.169,2.392,14.983871465344388,7.119269336877289,16.03362888277983,22.497401190776877,5.0,3.049827070905937,0,1,1,48.69400384744545,3.4433731811234036
fold1_room1_mix2869,siren,1.036,3.898,2.862,39.74771292867084,10.427989996961106,48.36319345678308,59.98542422956049,4.1000000000000005,10.15822441792637,0,1,1,52.68376629908501,12.601183419102465
fold1_room1_mix2869,bike_bell,3.21,7.243,4.033,19.668665491371172,5.2917656040564784,6.6093310361393804,18.012816939498663,6.6000000000000005,3.471669416383454,1,0,1,52.68376629908501,5.793531698582383
fold1_room1_mix2871,bike_bell,0.493,4.282,3.789,17.685912510385535,7.207046613820678,12.457042805026212,20.254445630823575,5.5,5.97601029604636,0,1,1,48.55966714760404,3.329932191734942
fold1_room1_mix2871,bike_bell,3.023,8.74,5.7170000000000005,8.77570807198223,19.8569851852739,14.472562886293154,7.379940006399238,3.1,8.773403568288312,1,1,0,48.55966714760404,3.151720520326194
fold1_room1_mix2873,siren,4.18,6.734,2.5540000000000003,10.078041360230774,26.357894185680482,65.47156596514736,57.12087448909966,3.3000000000000003,7.851572141539708,0,1,1,58.07295021099415,7.377196742588162
fold1_room1_mix2875,bike_bell,3.314,7.866,4.552,7.58346501812814,32.760303879851804,22.73784508089105,10.028240404566347,3.1,7.445437400838869,0,1,1,40.537506256056446,6.69216241750023
fold1_room1_mix2876,siren,1.714,3.781,2.067,31.39513333472916,11.42772917758322,59.14995069645575,67.92799854099245,4.2,10.051186683242667,0,1,1,40.33344336574011,11.748023110709127
fold1_room1_mix2876,horn,2.808,7.824,5.016,19.032805553695532,40.688243023374305,39.43390444945827,32.83458192762417,4.4,5.018585992931278,1,1,1,40.33344336574011,11.710513045913677
fold1_room1_mix2877,horn,1.878,7.723,5.845,59.67759626990076,12.247531874946562,19.634622917280396,33.3898777899809,6.9,7.9587043843117495,1,1,1,56.64493478072431,11.712620065105902
fold1_room1_mix2878,horn,4.368,9.568,5.199999999999999,12.185425060577758,73.40643466023404,32.409959946771515,16.812090990501893,4.1000000000000005,11.731026634366692,0,1,1,57.61629835960341,13.299387451582449
fold1_room1_mix2879,bike_bell,4.666,8.044,3.378,12.633273080005909,29.856793475836728,23.715642538074583,16.245096935434425,3.2,9.363995361393608,0,1,1,42.97019262904828,5.881961214533497
fold1_room1_mix2882,horn,3.834,8.506,4.672000000000001,18.202727949296122,60.31585691822608,23.281296512824433,12.875396033675678,4.5,14.953586818943704,1,1,1,62.69203881216931,14.732749118079218
fold1_room1_mix2886,siren,2.702,7.652,4.95,31.103211534798945,30.811619345745015,28.019201856135737,28.10101606003755,5.2,9.73452403797942,1,1,1,60.391976805375094,11.873650800106944
fold1_room1_mix2887,siren,2.828,8.535,5.707000000000001,23.581184537222928,39.24781659339357,49.248796149985836,44.82379846053853,4.9,6.718084333800531,1,1,1,40.66606302187054,10.737177548754381
fold1_room1_mix2888,backup_beep,2.563,8.535,5.9719999999999995,12.206607581528607,13.417030353925519,21.93922152673413,21.11799314239198,3.2,12.187404703715618,1,1,1,48.18125615508153,1.054188104135838
fold1_room1_mix2888,bike_bell,0.361,3.225,2.864,29.127692896650867,18.177910710985923,3.36469118953066,7.459933613012581,6.5,11.044272055109452,0,0,0,48.18125615508153,4.369499085626227
fold1_room1_mix2890,siren,1.223,5.334,4.111,31.297000816486648,14.034813401348003,54.62940368982479,61.59532525639121,5.800000000000001,13.754172282372743,0,1,1,58.794904911135056,6.158880620454149
fold1_room1_mix2901,siren,3.134,9.131,5.997,48.77668087733968,34.569797287236774,28.957044722474862,31.94735295250372,6.7,5.884489481730143,1,1,1,62.901597863385135,13.756149588517076
fold1_room1_mix2901,siren,2.412,8.151,5.739,13.043847001222952,28.39636944191148,55.878302856957845,49.121160422667344,4.1000000000000005,5.804741325585059,1,1,1,62.901597863385135,6.878913577923651
fold1_room1_mix2902,horn,1.265,4.08,2.8150000000000004,85.36406294950503,44.68646448068465,34.549592305788245,40.17157394650835,7.0,12.221199604246333,0,1,1,48.77524143685546,14.743113731276816
fold1_room1_mix2907,bike_bell,1.929,7.652,5.723,9.581625641571296,16.80148368063754,13.50424077500076,8.62607206133736,3.9000000000000004,3.62063729963396,1,1,0,56.75352088743005,4.417324896132611
fold1_room1_mix2908,horn,1.69,6.543,4.853,27.659825625215156,25.58538044826723,32.95914277945901,33.63629395282478,4.2,4.069357045456542,1,1,1,53.38611306254719,10.84263883410684
fold1_room1_mix2910,horn,2.022,6.713,4.691000000000001,11.63255979368719,17.423330454124788,63.173274563472106,59.664156962688324,3.7,8.275631554232094,1,1,1,42.78051696404644,5.0122725878014425
fold1_room1_mix2911,bike_bell,2.067,6.842,4.7749999999999995,14.15443452057239,21.85350643890241,29.604529186845497,25.831957054165727,3.3000000000000003,12.820928063591339,1,1,1,40.217694166426355,4.962660928201211
fold1_room1_mix2921,siren,1.02,5.909,4.888999999999999,27.83055825463237,36.720999979688195,54.830840204446794,52.422988577198204,3.0,14.94778861700478,1,1,1,50.45358792428913,11.66331051332017
fold1_room1_mix2921,backup_beep,2.493,5.944,3.451,12.761671731799666,13.087135342871834,17.789412170924784,17.57067167723178,3.7,12.643210771186626,1,1,1,50.45358792428913,1.4823922820125863
fold1_room1_mix2922,horn,2.614,8.203,5.5889999999999995,24.64043378124068,53.907552455366954,44.809307154512574,38.00928185270508,4.3,5.376753514619233,1,1,1,49.77019849884288,13.901740735514055
fold1_room1_mix2923,horn,4.923,8.334,3.4109999999999996,9.611640022093425,43.28282274097392,37.39350836151522,24.32314678269931,5.0,9.59830995085383,1,1,1,60.37667203973702,12.554207135995284
fold1_room1_mix2926,horn,5.709,8.702,2.9930000000000003,6.193298986633948,44.22699248649203,35.812702623704496,18.737395400871947,5.4,4.795599863140514,0,1,1,63.48045060569791,13.378570330214098
fold1_room1_mix2927,horn,5.102,8.277,3.174999999999999,10.201266182713537,30.007033507781635,41.08409076768068,31.71271109898609,3.8000000000000003,5.769322525506141,0,1,1,62.227923531282144,6.624316158270297
fold1_room1_mix2927,bike_bell,4.515,8.361,3.846000000000001,6.36421470900492,22.171344144297226,8.93044165064623,-1.9105023526338343,4.6000000000000005,6.3508351001186245,1,0,0,62.227923531282144,5.6316777429461204
fold1_room1_mix2928,bike_bell,7.185,9.481,2.2960000000000003,6.62425143304891,20.104325853770888,32.520331275169134,22.877277147507833,6.300000000000001,3.744595560654745,0,1,1,40.38204200057505,6.223032457569477
fold1_room1_mix2929,horn,3.534,8.009,4.4750000000000005,22.73452688329897,28.45386840412044,39.279084490034485,37.329976532755886,5.4,14.587114224397798,1,1,1,41.57049932187464,9.355987632876012
fold1_room1_mix2936,backup_beep,1.088,6.915,5.827,9.556807671556586,7.198480645780803,17.073931942509574,19.53537203656795,5.4,6.772448848760193,1,1,1,40.737666656547944,1.5759984256255501
fold1_room1_mix2938,horn,0.578,3.622,3.044,39.18486267142445,13.180799855415962,42.64918848940999,52.112719760435446,4.9,6.4055311889215005,0,1,1,47.52695488812483,8.915114594515584
fold1_room1_mix2945,siren,2.731,8.674,5.943,20.963813390737094,15.465451375726444,63.11526951515205,65.75742322125599,6.300000000000001,8.9742230329367,1,1,1,40.50630510792642,5.307288566573747
fold1_room1_mix2952,horn,1.195,6.124,4.928999999999999,71.30090228718369,10.619773516755023,12.540305626112854,29.07990104391274,6.7,7.921180549888071,0,1,1,63.70439372857646,12.939203153540966
fold1_room1_mix2952,backup_beep,4.845,7.61,2.7650000000000006,8.023741673028054,12.65723351269389,7.088560394488283,3.1293233051257516,3.3000000000000003,7.068842519453501,0,0,0,63.70439372857646,2.424181088169857
fold1_room1_mix2955,horn,4.362,6.513,2.151,3.6665646464811794,20.394187208694046,52.23632337717594,37.33138227717931,4.4,3.6318589453114343,1,1,1,48.522182789689275,9.576411891797246
fold1_room1_mix2959,horn,2.061,6.265,4.204,30.489596406423846,16.09842815823322,56.299052740850726,61.84641677650474,5.1000000000000005,12.604105096255646,1,1,1,40.07909044178905,8.989252482193397
fold1_room1_mix2963,horn,3.742,8.656,4.914000000000001,5.529447831764907,57.635061276993014,39.61833983055536,19.25823994615459,4.0,4.302280249423163,1,1,1,60.19001178749127,12.405392091863412
fold1_room1_mix2964,horn,0.478,5.722,5.244000000000001,79.67720492308005,17.520579520974756,48.45533756491809,61.61105003652646,7.0,9.013802414649142,0,1,1,41.555461605389176,12.229624857850325
fold1_room1_mix2965,backup_beep,2.171,7.111,4.9399999999999995,8.63586688859591,10.780184551064432,7.673469309268299,5.7470641849707675,4.2,6.360295544131258,1,0,0,61.24887321171617,2.944961860941052
fold1_room1_mix2972,siren,1.728,6.724,4.996,29.89903906259527,47.8076504684024,47.46628979414672,43.389486393886955,3.6,13.361183406268756,1,1,1,49.00273721302483,14.542989676774997
fold1_room1_mix2974,horn,3.957,9.516,5.559,8.819895106642361,54.143922923030686,55.288395538905604,39.526669566893915,4.2,8.3838209657481,1,1,1,51.73921546136141,10.11813059872598
fold1_room1_mix2975,horn,5.466,8.846,3.38,18.597446505571824,55.2191219141418,44.27481066524438,34.82208710295168,4.0,9.315549663929408,0,1,1,45.03239942591586,11.338953885508781
fold1_room1_mix2979,bike_bell,4.679,6.873,2.194,8.759609895312307,7.0782321707453875,15.923237672765588,17.774436909458963,5.9,3.258380709882682,1,1,1,49.62337396290611,6.570811149165052
fold1_room1_mix2984,horn,0.559,6.189,5.63,48.97465545979545,25.18563646564483,27.10815806993616,32.8845272500645,4.3,7.333158973097005,1,1,1,53.76469819207666,12.880761244277938
fold1_room1_mix2985,backup_beep,3.751,9.061,5.3100000000000005,13.467430834318483,15.405606333918337,3.761933965131689,2.594053121772248,4.3,13.444497676726375,1,0,0,61.79790062657531,1.565148848096379
fold1_room1_mix2985,bike_bell,3.908,8.863,4.955,16.612342994747607,12.1281935101342,3.7185759369761087,6.451271371314945,7.0,8.064829311918487,1,0,0,61.79790062657531,4.759826341456806
fold1_room1_mix2989,horn,1.419,6.789,5.369999999999999,15.936233790338663,18.32220739207266,34.82601627866596,33.61417423267511,3.8000000000000003,8.851537097951011,1,1,1,63.22317237830781,5.4560468691882775
fold1_room1_mix2991,backup_beep,2.476,4.51,2.034,6.484222744809578,4.072212974515071,16.569311742017454,20.60986058099295,4.9,3.988722182449797,0,1,1,57.14555567290599,2.1100718462504053
fold1_room1_mix2994,horn,2.593,5.682,3.0890000000000004,36.343263215000064,9.97768295659063,38.151329396218216,49.37921378546652,6.1000000000000005,9.153179753587224,0,1,1,42.420639331308294,10.09829372933589
fold1_room1_mix3001,horn,2.816,7.483,4.667,17.340511588951202,17.905566829692415,22.21576075792838,21.937237403023303,5.1000000000000005,4.068473730133073,1,1,1,59.97228726917952,7.3481933179483665
fold1_room1_mix3002,siren,0.866,5.525,4.659000000000001,68.29489681949072,4.731567355237658,32.93001694335317,56.117681472336194,5.5,4.747267567757834,1,1,1,47.434805658142416,14.619003632786042
fold1_room1_mix3005,horn,1.114,5.64,4.526,66.51604165387018,12.593039771555361,19.321177358206874,33.777093791147585,6.300000000000001,8.95116381489283,0,1,1,58.37084635787293,12.60229236945157
fold1_room1_mix3006,siren,2.61,8.151,5.541,15.402604114086873,57.10898853196417,37.079989533064605,25.69778322771407,3.5,11.489653766446397,1,1,1,59.09591729230408,11.948602465490085
fold1_room1_mix3008,horn,5.549,8.334,2.7849999999999993,25.544061938289335,65.01288145990394,45.40215956580079,37.28797043783541,3.8000000000000003,6.2199687613963395,0,1,1,52.1007438242158,14.340499366554981
fold1_room1_mix3010,bike_bell,0.667,5.058,4.391,23.73787108948326,14.956885205832812,-6.366288765485265,-2.354276633832633,6.4,14.272743609435816,0,0,0,62.88721045360589,3.3012461115108436
fold1_room1_mix3011,horn,2.424,8.338,5.914,55.31833755221262,28.578071700678937,38.60026877019069,44.33699274087727,6.4,8.555961563210335,1,1,1,49.24509362084017,13.852694550886252
fold1_room1_mix3015,backup_beep,1.325,4.284,2.9589999999999996,13.854522093584249,8.299366853624122,16.642421212043047,21.093352963979584,6.4,6.585072815346824,0,1,1,47.19554040470064,2.412301437959978
fold1_room1_mix3017,siren,5.359,8.584,3.2249999999999996,11.753914772466995,34.48520705022014,33.74551044765397,24.396504437141928,4.9,10.967231861796389,0,1,1,62.5916383801093,8.825931805371406
fold1_room1_mix3019,backup_beep,1.772,6.193,4.420999999999999,11.048621671053287,9.441374860731557,5.1598371307513275,6.525294359075858,4.5,8.350766732256481,1,0,0,61.8967306333283,2.6328738788705515
fold1_room1_mix3024,backup_beep,4.033,6.135,2.1019999999999994,9.820726946997775,9.32179585011951,22.668352302536007,23.121233275818312,6.4,9.314914114264386,0,1,1,48.92637636025124,1.3096275683338592
fold1_room1_mix3024,backup_beep,2.341,5.613,3.2720000000000002,10.59451071162401,8.606157051961054,16.021241664385684,17.826674409070478,4.7,8.187052743010657,1,1,1,48.92637636025124,2.86600399801201
fold1_room1_mix3029,bike_bell,1.73,4.169,2.4389999999999996,15.901634340000683,9.388092627571773,20.894364422850458,25.471652356258375,5.0,8.783330754728583,0,1,1,46.99954985260392,4.075507512108375
fold1_room1_mix3032,horn,4.191,7.851,3.66,17.38083743593825,63.2121467318666,57.95461472960059,46.740017890802335,3.3000000000000003,12.62839060785867,0,1,1,43.755425658070294,13.659532593732349
fold1_room1_mix3033,backup_beep,2.021,5.832,3.811,7.264985847256088,9.598422049249397,19.146828519833,16.72752712686411,3.1,6.7663806962490805,1,1,1,42.29808383640627,2.480463665514734
fold1_room1_mix3034,siren,0.454,5.1,4.646,81.55149786168064,21.36187446852142,53.99065170878585,65.62650337931355,6.7,4.789746080842443,0,1,1,52.131650376446956,13.04190755967054
fold1_room1_mix3036,bike_bell,2.788,7.996,5.208,12.730292944845232,36.145280353465424,13.43592887331733,4.3716648729603875,3.1,12.543691303489817,1,1,0,52.02750729617903,6.926003656014077
fold1_room1_mix3038,horn,4.44,8.931,4.490999999999999,17.34959362938145,59.331194692998274,25.49975393475175,14.819878206948573,3.1,11.346396604574263,0,1,1,61.37892234656836,10.044058993630333
fold1_room1_mix3039,backup_beep,3.829,7.645,3.8159999999999994,6.47349393042051,10.08978046937812,17.22205074857638,13.36719130976492,3.2,6.365721286437477,0,1,1,53.747902170288555,1.7425112302840464
fold1_room1_mix3040,backup_beep,1.008,3.344,2.336,7.859300751696338,6.56773387976977,26.49343143826551,28.052798659990337,5.4,6.162132807333872,0,1,1,41.96576835253874,1.115521573166997
fold1_room1_mix3042,horn,0.798,4.587,3.7889999999999997,61.00158014745888,24.69596774163024,46.34831524889568,54.20261596217011,6.7,11.787615362883532,0,1,1,42.48744071453991,10.068065871158073
fold1_room1_mix3043,bike_bell,3.889,9.114,5.225000000000001,15.441502379360424,19.93393698235389,13.255336919379246,11.037266353587626,5.5,14.229314483087718,1,1,1,53.173965930043224,3.820158284110446
fold1_room1_mix3044,horn,2.701,5.029,2.328,15.600758120264292,18.849260904712008,37.323599473926954,35.68062702635718,3.7,10.256514192636125,1,1,1,53.658356613881175,11.842890016977433
fold1_room1_mix3046,siren,0.708,4.894,4.186,24.02320819437975,11.94968369364443,42.08798234093466,48.15347424778828,4.2,11.245550916839194,1,1,1,60.931153078337374,6.037520502181307
fold1_room1_mix3049,backup_beep,1.651,6.406,4.755,7.089764110242586,6.014265916564644,32.539281481439836,33.968264669738794,4.7,5.384230786929924,1,1,1,42.0500979480671,1.5338565212256972
fold1_room1_mix3050,bike_bell,4.854,6.995,2.141,7.593273890421433,6.192285996002024,20.43445301368488,22.206014190142888,6.4,5.843168397590549,1,1,1,52.76355862982793,3.225321197033101
fold1_room1_mix3052,backup_beep,3.865,9.269,5.404,13.80460413604096,14.084749896092003,17.05489341296468,16.88038976565668,6.0,13.60481155208183,1,1,1,44.538771052036246,1.1076585402004735
fold1_room1_mix3054,bike_bell,1.906,6.584,4.678,16.27405172193794,8.617439965929531,8.04385456156507,13.566203069280107,6.2,8.504864075863592,1,0,1,60.67356787300761,3.2644746130693463
fold1_room1_mix3055,bike_bell,5.083,9.423,4.34,4.719748730286737,24.694117757938688,23.73737125630423,9.363878526035379,5.4,4.225761943669032,1,1,0,55.10387474690914,6.092215595356686
fold1_room1_mix3056,horn,5.131,9.43,4.2989999999999995,15.072522239795298,38.5147889005944,28.40703701807108,20.258205248276752,3.1,9.329482715563676,0,1,1,53.56743433726653,5.9381759622081285
fold1_room1_mix3056,bike_bell,0.715,4.506,3.7910000000000004,38.61633420457848,14.38930716871735,9.217830603889439,17.792453820771044,6.6000000000000005,4.715284094233379,0,0,1,53.56743433726653,6.523998616870481
fold1_room1_mix3057,horn,5.217,8.283,3.066,13.616940354653467,30.515373934870638,36.21296819609162,29.20418497597312,3.3000000000000003,7.537642310147694,0,1,1,51.50011357497527,5.945622253533992
fold1_room1_mix3058,siren,1.39,5.35,3.96,45.7746919582136,13.230684916127192,32.304291387232226,43.085153455041436,4.5,5.841754083754187,1,1,1,61.11097093776333,14.464848829422001
fold1_room1_mix3060,horn,6.058,8.998,2.9399999999999995,10.870959932145825,22.265435379377056,45.80640365252985,39.57913771795431,6.1000000000000005,10.866176884943169,1,1,1,40.83944709626539,6.720827283272327
fold1_room1_mix3061,backup_beep,4.248,9.41,5.162,14.802878865039688,14.797064974180596,6.270135943313072,6.273548031882804,6.800000000000001,13.906598653138253,1,0,0,61.431135070982585,1.9622520945786905
fold1_room1_mix3064,horn,0.796,3.256,2.46,24.556557174048454,11.989675038903995,28.35192030789579,34.57912163417169,4.6000000000000005,8.709431349678553,0,1,1,52.545744630015356,5.983164777293688
fold1_room1_mix3068,siren,2.749,7.509,4.76,18.774360541935593,43.51287962591143,49.867362681141024,42.56630925097385,4.1000000000000005,8.389076646327878,1,1,1,54.04433630620512,12.498466186726827
fold1_room1_mix3068,siren,3.585,8.354,4.768999999999999,14.539040873863396,55.640911962137366,48.264772556235435,36.607602915569494,4.5,7.299603802716917,1,1,1,54.04433630620512,14.204707104512801
fold1_room1_mix3069,horn,2.317,4.425,2.1079999999999997,50.84619574166596,27.194568670555658,34.29600415820306,39.731529960282046,6.6000000000000005,10.678159905790308,0,1,1,54.55541209829457,11.717114517326333
fold1_room1_mix3074,horn,6.409,8.487,2.0780000000000003,27.64188387329304,49.94345920263957,34.91496661131596,29.776746987211965,4.1000000000000005,9.402068034912926,0,1,1,62.27727683117352,11.095018057126044
fold1_room1_mix3075,siren,4.273,8.346,4.073,19.40065773201172,17.90460263563152,41.40655771008208,42.10359304809532,6.4,11.343537128144371,1,1,1,63.572490695441545,7.266652429278783
fold1_room1_mix3080,backup_beep,3.644,8.072,4.427999999999999,8.861287557914665,14.702121049339707,21.291350042947876,16.89368676123184,3.9000000000000004,8.834991525344144,1,1,1,48.89803679592617,2.808163445726331
fold1_room1_mix3085,backup_beep,3.223,6.375,3.152,13.074296025417638,12.95611808013543,8.01162107245645,8.090489402307249,4.9,12.620874950886181,1,0,0,54.708372074225835,2.01206650856408
fold1_room1_mix3085,bike_bell,3.74,8.051,4.311,7.382488688188812,22.976230079450676,15.604720012802929,5.743200386138675,4.3,6.61611862800264,1,1,0,54.708372074225835,5.863706792816824
fold1_room1_mix3086,bike_bell,0.495,5.087,4.592,29.945496773748545,7.881254275926475,17.764028660134933,29.358752311429186,5.5,7.473032273323562,0,1,1,43.48095431618371,5.769087600426047
fold1_room1_mix3092,backup_beep,4.794,8.56,3.766000000000001,8.166073590092703,9.057296614433426,16.31794752760151,15.41824150334429,5.5,8.106759236448264,1,1,1,43.45371833044235,1.333708667301082
fold1_room1_mix3094,backup_beep,5.003,9.302,4.2989999999999995,9.848736616665992,10.607872625150971,29.747691129372228,29.102735670622067,6.2,9.703790168376619,1,1,1,44.727082235127014,1.3884436049897932
fold1_room1_mix3096,siren,3.623,8.492,4.869000000000001,16.844604974273366,36.012505161998064,60.00279530610468,53.40294524974836,4.9,11.894126707492678,1,1,1,41.91445495203131,9.431113445011237
fold1_room1_mix3097,backup_beep,5.405,8.406,3.0010000000000003,3.6887804802319266,5.810618811192679,6.385342857765934,2.4385513645013006,5.800000000000001,3.6362109979159345,1,0,0,60.32369777745373,1.7179645736339242
fold1_room1_mix3098,horn,1.859,7.707,5.848,53.614679025265524,21.59226119803739,15.537872626091286,23.43758432958127,6.300000000000001,13.5663664132944,1,1,1,56.13810614482638,11.742675224261774
fold1_room1_mix3099,bike_bell,2.253,7.321,5.068,13.626529152972102,22.04143018360048,16.375924242329702,12.19883382041202,3.4000000000000004,12.426810465131716,1,1,1,55.037653472239285,4.696171684131693
fold1_room1_mix3101,backup_beep,0.944,3.916,2.972,14.680674232974518,11.685718779439613,17.13095279618416,19.112764216754087,6.4,10.742326601301427,0,1,1,52.05137256112208,1.8189774818687008
fold1_room1_mix3103,bike_bell,5.56,9.21,3.6500000000000012,4.451809056938606,12.426143709722606,23.468843727602874,14.552846861945682,5.800000000000001,4.374819627438148,1,1,1,55.899344896773655,3.412310905302195
fold1_room1_mix3104,siren,1.027,5.824,4.797,26.862718785766365,23.225126550008635,65.3251748479317,66.58901237972965,3.6,10.810456080539188,1,1,1,40.66173372425101,9.412867701232699
fold1_room1_mix3107,bike_bell,1.374,6.771,5.397,33.941775216578485,12.564855889234392,10.501575933766965,19.133116755496687,6.6000000000000005,12.498988917860848,1,1,1,42.57999204221314,6.090620073577247
fold1_room1_mix3109,bike_bell,0.722,3.304,2.582,23.32811103734143,14.695472466224288,3.1900416094679684,7.203962017471667,3.8000000000000003,14.345534844452601,0,0,0,62.51923520913955,5.886040278990013
fold1_room1_mix3109,bike_bell,0.559,5.442,4.883,19.815646782812646,9.597703315942637,-2.018704737375181,4.278113890147381,4.2,7.3452422864567435,1,0,0,62.51923520913955,5.034251039670378
fold1_room1_mix3110,horn,5.875,9.494,3.6189999999999998,8.193501532868465,50.18231801759866,36.1908772578341,20.449253677004023,5.4,5.654266259692721,0,1,1,51.961218651146126,12.13895735840549
fold1_room1_mix3111,bike_bell,3.777,8.426,4.649,14.93232517009182,28.86765521588533,4.804812468739584,-0.9208689502107603,3.1,14.625137233413696,0,0,0,58.5124356028613,4.704531796757625
fold1_room1_mix3114,bike_bell,1.908,7.088,5.18,14.279424314576753,7.324285401891792,10.932322860734068,16.73123166055543,5.4,3.5001005040099584,1,1,1,55.312721074410895,3.9152638758809473
fold1_room1_mix3117,backup_beep,2.184,6.005,3.8209999999999997,10.276834779768318,10.041095924189316,10.842464552702168,11.044029722071372,4.2,9.208621529584004,1,1,1,57.364126271642135,2.2417823888732817
fold1_room1_mix3117,backup_beep,2.088,5.697,3.609,6.7335070356383335,3.514729056523233,18.98996884801913,24.63695817783814,6.800000000000001,3.226177759708448,0,1,1,57.364126271642135,1.251203815240397
fold1_room1_mix3120,backup_beep,5.349,9.385,4.036,6.672912189590963,8.482199990995488,20.390096294271444,18.306234333967268,6.1000000000000005,6.557576683080723,1,1,1,51.63826657826161,1.639108198202296
fold1_room1_mix3122,backup_beep,2.545,8.049,5.504,7.578007256255311,5.139561350539862,22.617975393228818,25.990554637801736,6.0,3.30557613484501,1,1,1,41.52792494938183,1.9541206205101398
fold1_room1_mix3125,bike_bell,4.54,8.521,3.9810000000000008,9.226055377480213,25.949467916846476,2.812474124828327,-6.169773879247941,4.2,8.991567383893232,0,0,0,59.54793622666956,5.593691381029169
fold1_room1_mix3126,siren,3.274,8.329,5.055000000000001,26.64124258114373,47.001191781187714,51.7661519141623,46.83506404998975,5.0,10.259355596207142,1,1,1,41.04886560995781,13.93933050213736
fold1_room1_mix3127,backup_beep,1.287,5.056,3.769,13.475902073485303,5.0575622397681395,9.749801349268935,18.262133556677767,5.5,4.857199719418945,0,0,1,55.28726511636886,2.96036227897328
fold1_room1_mix3129,horn,3.236,6.051,2.815,18.128878074097354,12.70108604699803,28.590956515166923,31.68155791205318,5.7,12.575613657767683,1,1,1,59.51898363928389,5.2718712837087365
fold1_room1_mix3129,backup_beep,1.643,6.641,4.998,14.571904551663458,14.831181112748885,3.056184113740507,2.9029957038752627,3.7,14.274269596627777,1,0,0,59.51898363928389,1.392061841838596
fold1_room1_mix3132,horn,2.926,8.185,5.259,20.6087711446496,10.224554453840328,45.77705963486197,51.86521372085819,6.6000000000000005,4.956270467165082,1,1,1,53.61675489634773,5.5050057518155775
fold1_room1_mix3134,siren,1.313,4.318,3.005,64.72193367875037,21.978396836008955,64.12181565188362,73.50292512123002,5.7,9.657141703093993,0,1,1,43.66038875134004,14.724814901388303
fold1_room1_mix3136,horn,3.762,8.858,5.096,10.99590338628337,36.49158067934062,27.40523884141718,16.98600363219925,4.800000000000001,5.93781129884678,1,1,1,63.778363273225516,8.88151243501549
fold1_room1_mix3139,backup_beep,0.314,5.281,4.967,10.213418304079493,8.453940164807772,14.758236062017502,16.400475056379562,3.6,7.680033804235623,1,1,1,56.53144778024755,2.0670763999566537
fold1_room1_mix3141,horn,0.906,3.985,3.0789999999999997,34.8122004540085,11.205659480196404,31.19934692223729,41.045228015972846,3.4000000000000004,7.686084057175002,1,1,1,47.785501290198646,13.676236068076062
fold1_room1_mix3144,backup_beep,2.57,7.121,4.551,12.225924478182241,14.936311070119524,-3.2279859963176563,-4.967218818263149,3.1,12.177925297251395,1,0,0,64.14570421879901,2.1383869508771474
fold1_room1_mix3150,horn,0.334,4.37,4.0360000000000005,59.57197001507464,24.503818273807205,34.3138995614692,42.030063546627034,6.5,14.105181483311664,0,1,1,51.36687575926233,9.375853044341472
fold1_room1_mix3155,horn,1.629,5.072,3.443,18.711864350032638,9.067102775823805,52.15729852946885,58.45026896822755,4.7,8.815906579154525,1,1,1,49.6678829539936,5.410289470306418
fold1_room1_mix3156,horn,1.945,5.888,3.9429999999999996,31.682467816545998,17.230476440614222,41.737110062690306,47.02754438411233,4.7,11.75429921519915,1,1,1,44.87444551917551,10.656910019431304
fold1_room1_mix3157,bike_bell,3.982,9.4,5.418,6.402339741873733,27.935118488598675,13.523324714178713,0.7270886858712231,3.6,6.206170361396653,0,1,0,60.30672160511283,4.734186325576375
fold1_room1_mix3161,siren,4.446,8.686,4.24,25.200984207939452,18.187971990304273,39.52777875593823,42.36044326562943,6.9,6.530380764066157,1,1,1,55.94175097735227,9.74632746853164
fold1_room1_mix3163,siren,4.422,9.31,4.888000000000001,20.06014754755985,19.69020233935587,53.432546218928216,53.59422509913582,6.9,13.145237798963379,1,1,1,53.12637340844581,6.099174408243248
fold1_room1_mix3165,siren,5.51,8.298,2.7880000000000003,14.93581387414815,38.37865154658268,70.14372941598137,61.946513044191654,5.0,13.915862548451058,0,1,1,42.21422159032647,10.882705158248736
fold1_room1_mix3167,backup_beep,5.781,8.169,2.388000000000001,3.7977000961507468,5.437877197795752,31.091112823161623,27.97293821876781,3.8000000000000003,3.243259442652792,0,1,1,49.01515315356748,1.000430010410701
fold1_room1_mix3168,horn,5.255,9.624,4.369000000000001,22.74458168226691,66.54625676428506,29.392446281635614,20.067532728258413,3.3000000000000003,10.66735641004064,0,1,1,51.73132401992798,10.436283322958904
fold1_room1_mix3169,bike_bell,1.302,4.749,3.4469999999999996,17.06536465879754,12.294668809268135,5.049418647188688,7.897393418341693,4.6000000000000005,12.286571561102875,1,0,0,56.976135926004986,3.567359928190923
fold1_room1_mix3172,bike_bell,1.356,3.916,2.5599999999999996,21.57418862553377,10.757842896534143,14.852044530962267,20.896230006529784,5.0,9.079414861212136,0,1,1,41.353524802039736,5.390662464908602
fold1_room1_mix3174,bike_bell,5.248,9.391,4.143,10.734304533605057,30.28540803427757,18.397699632944196,9.38850928979825,4.7,10.23586753398067,0,1,0,51.766570841653234,6.099112160962293
fold1_room1_mix3175,backup_beep,2.511,4.724,2.213,12.787385624656377,12.443612259628221,-3.6548501663514656,-3.4181443240042455,3.9000000000000004,12.239402903230369,1,0,0,62.965003905054445,2.6880753988473463
fold1_room1_mix3177,siren,1.599,3.694,2.0949999999999998,24.22166406888616,9.744109204810366,63.0407272600125,70.94996394043193,5.0,3.414220630048021,0,1,1,46.54274393428632,7.089670913303239
fold1_room1_mix3178,backup_beep,3.364,7.187,3.8230000000000004,7.857160379834539,8.941085702066635,22.939480682509938,21.81698788905132,3.0,7.849306627757035,0,1,1,53.301377360098954,1.0278980270208231
fold1_room1_mix3179,siren,5.446,7.947,2.5010000000000003,15.260583330417107,32.05100491333992,64.95988363949678,58.51447331829707,4.4,12.383723286384406,0,1,1,45.457028185440144,8.253015374876972
fold1_room1_mix3181,siren,3.225,5.968,2.743,34.257947780366216,12.936354866040078,31.297143862534412,39.75613231333908,6.1000000000000005,12.857761332321308,0,1,1,63.7854551893404,11.056970620538976
fold1_room1_mix3181,horn,0.858,6.358,5.5,42.04145159461155,3.6801454829489577,17.558901950015454,38.71515625658573,6.300000000000001,3.6859811315393887,1,1,1,63.7854551893404,7.646127289712527
fold1_room1_mix3182,siren,5.13,8.679,3.5490000000000004,7.136978663857799,22.459520250469165,53.776737266790896,43.819015730920945,5.4,6.957363137518564,1,1,1,45.39625493226281,6.467523304103787
fold1_room1_mix3191,siren,0.732,5.672,4.9399999999999995,22.96656542743293,16.593527700525566,43.88825241757982,46.71139897978412,3.6,4.9514741354975,1,1,1,58.69212816968812,7.746237707354524
fold1_room1_mix3192,backup_beep,2.236,8.096,5.859999999999999,14.754096822994422,17.01370748106901,7.302240325354056,6.064513675680125,3.6,14.512254419831946,1,0,0,47.300659691722096,1.9694436286550334
fold1_room1_mix3192,bike_bell,1.883,7.837,5.954,22.169481317180086,11.35644588562516,12.812144153580014,18.62240608502838,6.800000000000001,10.49347307705594,1,1,1,47.300659691722096,4.010090289940916
fold1_room1_mix3194,siren,4.312,7.895,3.5829999999999993,24.437524273195965,18.254678419339168,36.34065302058902,38.874313409415215,6.4,10.041336088118218,1,1,1,52.38146093652288,10.475401479737844
fold1_room1_mix3196,siren,2.288,4.393,2.105,8.394167283543352,11.458563673016938,55.131294180454944,52.428242929228546,3.1,5.711198608656298,1,1,1,52.3701244170346,7.641788904760673
fold1_room1_mix3197,siren,6.268,9.67,3.402,14.765501701259886,44.35645824974729,34.439972159285695,24.88579908785892,5.2,10.489469383671267,0,1,1,59.019268783419314,9.613723377821707
fold1_room1_mix3197,bike_bell,2.739,7.539,4.8,11.459864065171036,22.383066750733644,8.886940984341244,3.0721385098669955,4.3,3.173912150274853,1,0,0,59.019268783419314,6.910821464524678
fold1_room1_mix3199,bike_bell,2.323,8.251,5.927999999999999,21.690453086872875,16.09830893400497,26.305837391461893,28.895604722230118,5.7,4.2584677625407075,1,1,1,40.47863192183861,6.207563583931118
fold1_room1_mix3200,bike_bell,2.911,8.845,5.934000000000001,29.06943723380173,21.276671340784603,-0.5268577159072976,2.1838010653724353,6.6000000000000005,14.899278786224945,1,0,0,57.86852065406414,6.766081155586127
fold1_room1_mix3200,bike_bell,6.345,8.89,2.545000000000001,6.118406950226564,12.496816391062275,12.559727873124103,6.356507284765641,5.4,5.278645835630844,0,1,0,57.86852065406414,3.2351310429021884
fold1_room1_mix3201,bike_bell,6.047,9.572,3.5249999999999995,8.90701924247546,13.164633087377265,8.081709722286718,4.688182346337385,6.6000000000000005,8.702863452639063,1,0,0,64.83812050852592,3.340283836381386
fold1_room1_mix3202,horn,3.389,7.706,4.317,10.21589552370094,32.857939314056466,39.85283707681963,29.7055594697837,3.9000000000000004,9.27402080077853,1,1,1,46.89480133344373,8.294371608388126
fold1_room1_mix3204,backup_beep,1.462,4.265,2.803,10.486477721469495,7.369451465184863,8.65306077417138,11.716950285513562,5.0,7.18654729576665,0,0,1,50.60154422778065,2.1420788535395188
fold1_room1_mix3205,bike_bell,1.451,6.14,4.689,10.919813299409721,12.969636417283363,24.33465219410982,22.84040042621608,3.4000000000000004,8.174017010671914,1,1,1,43.43798265427829,3.6917366387622965
fold1_room1_mix3207,bike_bell,2.145,4.905,2.7600000000000002,14.278112792780785,12.300648577508536,17.54445673588127,18.839312681889375,4.6000000000000005,12.260897396685714,1,1,1,42.240808548411195,3.010105298869464
fold1_room1_mix3208,siren,1.549,5.291,3.7420000000000004,22.42383149434295,19.06886084874787,45.00177609185331,46.409477524720025,3.6,10.352627858421945,1,1,1,51.41918073272793,9.595773710704467
fold1_room1_mix3208,bike_bell,4.152,7.013,2.8609999999999998,6.364811774738172,8.562461949792318,23.699262737552935,21.123000943732315,5.0,5.703764610827879,1,1,1,51.41918073272793,3.2201970192950644
fold1_room1_mix3210,horn,2.243,6.842,4.599,19.181204825562677,21.68562765740118,15.502477683641715,14.436555409535885,4.3,14.641165221640378,1,1,1,64.70142615646351,6.174243237981859
fold1_room1_mix3210,bike_bell,3.139,7.948,4.809000000000001,25.80431366338106,10.770977873046268,-10.66142990820569,-3.0726863364096033,7.0,8.972253958794868,1,0,0,64.70142615646351,6.270224779584609
fold1_room1_mix3212,horn,1.387,3.994,2.607,33.659580413911065,16.23636035221777,32.68117837019204,39.01357869805544,4.800000000000001,14.523121061690155,0,1,1,52.876261606883276,8.862729442281026
fold1_room1_mix3214,siren,1.728,5.157,3.4290000000000003,35.48727912881232,12.950405843470207,54.11710798368901,62.872894460489775,5.9,11.434717475641937,0,1,1,59.15127489046684,8.023945963368643
fold1_room1_mix3215,bike_bell,5.841,8.951,3.1100000000000003,6.091005211089567,18.092583198186034,13.603782346213762,4.147550199509148,5.9,6.081491731815006,1,1,0,56.65793898206189,5.588532739343215
fold1_room1_mix3216,backup_beep,5.17,8.105,2.9350000000000005,8.899508073768652,11.741497564256358,24.158937953933545,21.75178813482556,5.2,8.899709016426817,1,1,1,48.66253930288963,2.615172788138155
fold1_room1_mix3216,bike_bell,3.694,9.003,5.309,14.191430460048716,30.577273403047823,8.383788380732497,1.716336720389748,4.2,13.926789360569538,1,0,0,48.66253930288963,5.641842622719139
fold1_room1_mix3217,bike_bell,2.783,6.899,4.116,11.855718540234681,17.092653644816828,11.891145833999914,8.71351359374178,3.0,11.829600822728985,1,1,0,50.01310610628455,3.190247790570712
fold1_room1_mix3220,backup_beep,4.643,9.463,4.819999999999999,4.527631881891618,10.51124976710958,25.488409587147444,18.172744657810952,5.1000000000000005,4.4400407681845975,1,1,1,46.50728231743578,2.161711213502476
fold1_room1_mix3221,horn,1.022,3.932,2.91,27.46205523271655,8.574637102126097,35.105132903780074,45.2154786536597,4.800000000000001,5.862587104762442,0,1,1,47.4071096846324,7.068972992993432
fold1_room1_mix3221,bike_bell,3.776,5.873,2.0970000000000004,13.771606120007725,11.612657274042524,19.515697790408822,20.99675747387083,5.7,11.5936242954172,1,1,1,47.4071096846324,3.861374308095429
fold1_room1_mix3222,horn,2.909,5.545,2.636,26.23199027112143,12.293203099583254,39.86593978385014,46.449263499943484,6.0,11.716705437774861,0,1,1,56.31258255486706,7.48760292056777
fold1_room1_mix3225,bike_bell,4.997,7.975,2.9779999999999998,18.670698355775347,32.80260908019741,12.180255045338981,7.28529852904682,3.0,14.572369350978091,0,1,0,47.85813297982601,5.948530963713181
fold1_room1_mix3225,bike_bell,5.959,9.084,3.125,16.13218893870019,31.22578521305674,20.442555846826636,14.706154480785116,4.4,13.088209855853497,0,1,1,47.85813297982601,6.054182921810176
fold1_room1_mix3227,backup_beep,2.369,7.002,4.632999999999999,7.152127589712223,8.56146165618736,17.319201588002954,15.756948336953911,4.3,4.944065790921206,1,1,1,51.48732597664602,2.6245268768000214
fold1_room1_mix3228,siren,1.81,6.35,4.539999999999999,30.192040477217677,7.543763040426448,55.5274432891402,67.5735318267875,6.4,7.548680113519137,0,1,1,47.54107199519334,6.429326197470071
fold1_room1_mix3230,backup_beep,2.957,8.645,5.688,7.17219940869372,9.027244436894513,20.809784613951173,18.81172768276604,3.3000000000000003,7.165763216360805,1,1,1,47.23032994175849,1.0191999750956986
fold1_room1_mix3233,horn,1.628,6.91,5.282,29.88304115857927,35.28121874922019,29.464172048211168,28.021796329383562,4.0,9.200741453416928,1,1,1,64.42239478236922,11.831909103552533
fold1_room1_mix3234,backup_beep,2.582,5.368,2.7860000000000005,8.272525031176363,7.341049759165662,23.328368880111626,24.36596732233339,5.300000000000001,7.340988865574117,1,1,1,40.91661933824166,1.38761112414771
fold1_room1_mix3234,bike_bell,3.525,5.911,2.3859999999999997,22.272871602970696,12.185763744354773,24.035073669259887,29.273542862169464,6.7,11.157143176859597,0,1,1,40.91661933824166,6.024776276311117
fold1_room1_mix3237,siren,2.669,4.992,2.323,18.394268348839102,11.16779777934594,67.94746118569714,72.28176071816486,4.1000000000000005,4.178359846446678,1,1,1,48.70143614136877,12.177653550844754
fold1_room1_mix3239,backup_beep,1.911,6.607,4.696,8.81543479395154,8.952811387708135,4.045766070706037,3.9114521156808237,4.2,6.7410170326467345,1,0,0,54.05982455945817,2.464362044956008
fold1_room1_mix3243,horn,7.317,9.419,2.1020000000000003,36.96018913208803,65.4195676108647,37.82059523779206,32.86112554938241,4.7,8.281760655277953,0,1,1,45.77989053757453,13.735880365934374
fold1_room1_mix3243,bike_bell,0.828,6.21,5.382,18.514859927511647,5.886497400339792,14.603245997597796,24.556515482114534,6.5,5.834850010524458,0,1,1,45.77989053757453,3.118713959570927
fold1_room1_mix3247,bike_bell,0.969,6.676,5.707,24.486049584860485,7.329072841748671,-2.7504121295594857,7.726981601650664,5.800000000000001,6.093866359152246,1,0,0,55.30869851527591,4.8699286219584135
fold1_room1_mix3248,bike_bell,1.253,7.185,5.9319999999999995,18.54379492556835,30.07266218466635,6.332052687999081,2.132587489245495,3.2,13.054714878613687,1,0,0,52.54616570132609,6.787145481524316
fold1_room1_mix3249,siren,1.403,6.936,5.5329999999999995,41.12356721622874,39.9096078263649,21.953843763645494,22.214110159713613,4.2,10.711800468686638,1,1,1,64.16514755336445,14.124378693787733
fold1_room1_mix3249,horn,3.75,7.008,3.258,7.855566377748851,41.31772049001678,27.166664179718623,12.747487165709558,3.1,3.346744659701034,0,1,1,64.16514755336445,10.4570673017585
fold1_room1_mix3250,bike_bell,2.67,6.443,3.7729999999999997,6.203421849039056,13.218211904534758,22.319567592668534,15.748739701923,3.6,4.840543754548353,1,1,1,46.42843595657129,4.288789847278631
fold1_room1_mix3251,backup_beep,2.182,7.779,5.5969999999999995,10.567273400507789,6.412028072656301,8.652892655655421,12.992243230032997,5.9,4.376916774539459,1,0,1,57.23929753620553,2.556033970957703
fold1_room1_mix3251,backup_beep,1.193,3.93,2.737,16.188901015647968,14.523892722298234,-4.48768743852834,-3.5450007340420555,3.7,14.511949985685815,1,0,0,57.23929753620553,2.83795154304764
fold1_room1_mix3252,horn,3.581,8.784,5.203000000000001,28.14554836395676,23.99412826751834,48.459561547837595,49.845656314515935,6.5,12.607375871067182,1,1,1,42.16250002853005,8.761552013783993
fold1_room1_mix3253,bike_bell,3.08,8.922,5.8420000000000005,11.593166426032973,29.483486241446546,9.79757303047056,1.6900377415444439,3.3000000000000003,11.563144885469372,1,0,0,58.87902131923603,4.789253604863411
fold1_room1_mix3255,bike_bell,3.159,8.37,5.210999999999999,12.610770399461904,21.177715723394066,-6.032382007738491,-10.535131920037912,4.2,11.897158602944284,1,0,0,64.07788604239137,4.165318795398944
fold1_room1_mix3257,backup_beep,4.34,6.605,2.2650000000000006,5.902980041196871,3.9671224339271687,13.857700142609737,17.30961436002511,6.800000000000001,3.9488936811163864,0,1,1,49.857984293403774,1.768722849144287
fold1_room1_mix3261,siren,2.69,6.38,3.69,24.805183940146016,13.133146914347348,49.489068452436065,55.01254143860884,5.1000000000000005,3.616726722880358,1,1,1,59.224995069801516,10.073075543598389
fold1_room1_mix3261,horn,2.292,7.58,5.288,24.92122189842165,11.141479747848427,22.26677388091573,29.2593030203386,6.800000000000001,10.334616774249872,1,1,1,59.224995069801516,5.076822611828172
fold1_room1_mix3262,siren,3.547,8.136,4.588999999999999,21.29759525560006,28.08633704469976,73.96373022536537,71.56043954807996,5.4,12.62637436895411,1,1,1,41.63884835960451,9.204573774494367
fold1_room1_mix3263,siren,1.315,4.44,3.1250000000000004,36.99891534810883,6.619006345482035,34.25077820009015,49.19870210285151,5.0,3.2468866453747327,0,1,1,53.29561940178674,9.947294466511725
fold1_room1_mix3263,bike_bell,4.56,7.305,2.745,4.516478695582617,16.50490016495679,18.186286205938174,6.9300274915324565,4.2,4.085594850356981,0,1,0,53.29561940178674,5.123663989389591
fold1_room1_mix3264,siren,2.675,8.054,5.3790000000000004,34.86079033361257,14.518320538893281,50.73495447069537,58.34337143479034,6.5,4.915230072990535,1,1,1,53.27533065447963,8.956465954464845
fold1_room1_mix3264,horn,3.804,8.521,4.7170000000000005,14.260298612362792,50.02886789932458,51.09502047454416,40.19317936299322,4.4,12.028671049708095,1,1,1,53.27533065447963,11.924025559274984
fold1_room1_mix3268,horn,1.692,7.231,5.539,24.45590664887875,19.640561161833016,31.45478023231047,33.359377749513854,4.800000000000001,9.561281904439559,1,1,1,46.820174279274184,7.161729656284713
fold1_room1_mix3272,siren,3.567,6.321,2.7539999999999996,16.383653599615233,13.408259316392343,40.01263316004586,41.7534002888352,5.1000000000000005,3.760549581115603,1,1,1,58.79202747459404,10.46367695117883
fold1_room1_mix3277,siren,1.127,6.27,5.143,42.08812280780555,31.109479742327988,41.47060202339046,44.09593817814265,4.1000000000000005,11.537616195530005,1,1,1,49.90242531725931,13.48841659489788
fold1_room1_mix3280,bike_bell,1.066,5.792,4.726,35.38492487814282,12.127693646530005,-0.054751083441750836,9.246050118062605,6.1000000000000005,11.977711700011128,0,0,0,53.561964117532106,6.641947320738629
fold1_room1_mix3287,siren,2.847,8.076,5.229000000000001,14.04754129574849,35.48245586286562,42.48913450712891,34.4408674322236,3.8000000000000003,11.840459525565613,1,1,1,56.40402062860802,7.8424328584444805
fold1_room1_mix3290,siren,2.421,4.947,2.5260000000000002,24.40209781685701,5.215363659070065,50.849209793552205,64.2520611374159,4.800000000000001,5.027543253573373,1,1,1,57.31097073684083,10.003205933417885
fold1_room1_mix3290,horn,0.785,3.893,3.1079999999999997,22.69349027895815,4.3346465531534975,42.74936608953928,57.12831818937468,4.0,4.327240624558182,0,1,1,57.31097073684083,7.033682605751172
fold1_room1_mix3291,backup_beep,0.948,6.5,5.552,14.237010543013538,11.99526534479996,18.51830018687965,20.006479132864875,4.800000000000001,11.375458938670837,1,1,1,51.00557086931989,2.227498079772575
fold1_room1_mix3292,horn,2.356,6.464,4.1080000000000005,25.520460277805324,31.81716512970157,41.5042777667432,39.58881818610979,4.2,10.145625476224675,1,1,1,53.857768787444144,13.044872864096837
fold1_room1_mix3294,horn,5.664,8.428,2.764000000000001,8.779923431980565,19.125668523742515,50.19111968729378,43.42860176704394,5.300000000000001,8.589814418526315,0,1,1,40.890159605115045,5.521978497268575
fold1_room1_mix3294,bike_bell,2.641,8.085,5.444000000000001,20.59973477829056,11.310754805712765,24.65240127148256,29.859802091454313,6.9,10.227670030642342,1,1,1,40.890159605115045,4.1721076133406925
fold1_room1_mix3296,bike_bell,0.552,3.383,2.831,22.16358042193276,15.753188154230521,-7.528568722395029,-4.563139527394398,5.5,13.922849096140112,0,0,0,62.92026913693281,3.4880392329190375
fold1_room1_mix3297,siren,3.708,8.199,4.491,14.058752433707271,25.585707557600667,70.13428326347545,64.93327029745157,4.0,13.989656578118268,1,1,1,48.12810561942688,5.080717498806273
fold1_room1_mix3298,siren,1.854,7.741,5.887,29.42342173469365,11.453352872055051,68.89138993603078,77.08660064339045,6.2,5.1288649647274775,1,1,1,45.357841567279046,6.6610840219022975
fold1_room1_mix3301,backup_beep,6.707,9.0,2.293,10.151831987923536,10.96599870032844,4.679437271831887,4.009361902404123,4.3,9.837970823136777,0,0,0,62.266275291180136,1.0201849500226534
fold1_room1_mix3302,horn,2.284,6.596,4.312,12.762306696104165,25.29623737878831,52.689496310657404,46.74696129283136,3.7,3.576692367554566,1,1,1,43.94950194435033,8.648648127829473
fold1_room1_mix3302,bike_bell,3.251,8.239,4.988000000000001,16.557353050233544,18.950483163107876,16.019155864299705,14.846568304964983,5.2,14.71794478152981,1,1,1,43.94950194435033,3.9138702132949437
fold1_room1_mix3307,backup_beep,2.716,8.537,5.821000000000001,9.97975194326153,9.360487196061856,14.972497992898745,15.528923853802297,6.5,9.092717491763365,1,1,1,47.684282347738176,1.0884789918832163
fold1_room1_mix3308,bike_bell,5.185,8.572,3.3869999999999996,12.842684845150186,20.889121051420478,-3.466279598395033,-7.691566425646762,3.1,10.93429989169379,0,0,0,63.78466063798123,3.2661306826015974
fold1_room1_mix3309,backup_beep,5.041,8.13,3.0890000000000004,8.328298341920117,11.316304158868926,13.194605759171907,10.531639008992144,3.9000000000000004,8.031344643359137,0,1,1,56.97796663424076,1.8670091044204227
fold1_room1_mix3309,backup_beep,2.652,8.582,5.930000000000001,7.089445529977049,6.345346892383767,15.03716170070463,16.00029971340399,5.9,4.67475557727958,1,1,1,56.97796663424076,1.622474906901577
fold1_room1_mix3318,backup_beep,2.332,7.807,5.4750000000000005,9.276201878305999,8.931384998089213,20.06530916304594,20.394336784627626,5.4,8.344042762489018,1,1,1,47.31814135425921,1.3220337760163237
fold1_room1_mix3319,backup_beep,3.003,6.501,3.498,7.565756435160026,6.781408795788852,13.123006363258632,14.073654976822489,6.300000000000001,6.7771035716001435,1,1,1,55.82944692252767,1.0314200216782559
fold1_room1_mix3320,bike_bell,5.531,8.045,2.5140000000000002,12.50578418159147,18.17397237799356,6.652800060839908,3.4060213794484895,5.9,12.332565113134178,1,0,0,53.75367142092577,6.138719474771219
fold1_room1_mix3321,backup_beep,4.415,8.602,4.187,13.46137885142541,13.448047204631205,5.429720932367971,5.438327375476874,6.5,13.088376474467292,1,0,0,62.97458260800012,1.4895796600840312
fold1_room1_mix3323,horn,1.337,5.546,4.2090000000000005,36.58409599104406,7.4649853530482195,19.484788532159037,33.29005589131541,5.0,5.314820722856767,1,1,1,58.00795881945344,9.845543133546743
fold1_room1_mix3325,backup_beep,2.963,6.32,3.357,7.22160805211077,9.364708258823716,-1.4460805723069612,-3.7032873431550755,3.0,7.220599864901463,1,0,0,62.54913507452281,1.8187599651288917
fold1_room1_mix3330,siren,0.367,4.957,4.59,46.68338982470658,7.113130979662103,23.656413716636308,39.99844528066865,4.6000000000000005,6.057660511264467,1,1,1,64.729964155951,10.89777807016549
fold1_room1_mix3332,backup_beep,1.368,6.012,4.643999999999999,14.28585617535046,13.895303462589528,23.415871917114053,23.656636669646865,3.8000000000000003,12.26551897111954,1,1,1,42.82598249484028,2.983306109048235
fold1_room1_mix3332,backup_beep,5.206,7.724,2.518,11.979789192659954,15.534382420394403,26.146073805558764,23.88917747768219,4.1000000000000005,11.541841824785584,0,1,1,42.82598249484028,2.8544078716409302
fold1_room1_mix3336,horn,0.389,5.865,5.476,53.7400068741573,12.025627431585397,42.63223283473411,55.636032292692704,6.1000000000000005,11.873114633639961,0,1,1,49.353504663462246,9.21988690435454
fold1_room1_mix3338,horn,6.316,9.058,2.742,26.910687006642426,55.37910307646323,37.01510834593402,30.746685695215184,4.0,10.557293340873704,0,1,1,46.26864996170425,10.798474443764672
fold1_room1_mix3340,siren,3.349,7.088,3.739,25.764575733497747,14.149746268487066,53.69642955882717,58.90191642069008,5.9,8.255420453674764,1,1,1,45.55068358197669,9.601105030762508
fold1_room1_mix3340,horn,1.818,6.579,4.760999999999999,42.15279865556807,8.667424532906736,44.563880592577995,58.302607495169845,6.0,5.998923532227562,1,1,1,45.55068358197669,10.081287303449429
fold1_room1_mix3343,siren,3.295,8.238,4.943,27.64373140410225,30.507378035315302,46.892502071009716,46.03633768845941,5.6000000000000005,3.9324447098173168,1,1,1,62.037888006527496,11.65770367994891
fold1_room1_mix3345,horn,4.634,8.718,4.084,13.372907990730138,27.654349222154845,30.692152148810322,24.381400422621795,4.9,13.245594856655305,1,1,1,57.36822739682381,6.3964002034244025
fold1_room1_mix3346,horn,4.841,9.264,4.422999999999999,19.887340569943674,64.91877051632133,52.8355266799583,42.55965517719648,3.1,8.071026236961817,0,1,1,41.91624246585493,10.454249996559726
fold1_room1_mix3350,horn,2.192,5.516,3.324,26.643186500803065,9.814473455432296,36.368578863375525,45.04296206499276,5.6000000000000005,9.803522252630097,0,1,1,47.94909991072377,7.3081856366509665
fold1_room1_mix3354,horn,4.091,6.753,2.662,24.9811422286855,16.847149571168472,42.480714350579944,45.90243155882652,5.800000000000001,11.301487231238752,1,1,1,53.57284800602375,13.06265689303042
fold1_room1_mix3356,siren,1.051,6.948,5.897,18.859004630601355,21.859076565843516,57.975094894046855,56.6928340113761,3.7,11.281300331514842,1,1,1,50.32507865934327,5.737864937163151
fold1_room1_mix3357,backup_beep,2.998,8.974,5.976,12.682318571071153,18.268140385072268,5.051125965630007,1.8812123215682277,4.0,12.37504507514821,1,0,0,64.10666847331402,2.713122157297213
fold1_room1_mix3359,backup_beep,5.263,7.436,2.173,8.950875822679683,10.452348130756395,16.551477619754372,15.204510939850586,5.1000000000000005,8.943847472015204,0,1,1,51.847619526971194,2.32572339610502
fold1_room1_mix3359,bike_bell,0.698,5.252,4.554,16.093103474403033,11.51340110461289,10.304889398265864,13.213612773993468,3.7,9.232553134412537,1,1,1,51.847619526971194,4.405002612945305
fold1_room1_mix3362,horn,1.854,6.913,5.059,62.1555343367075,7.673368283162676,37.31267933467144,55.48255456825523,6.800000000000001,7.527645561832664,1,1,1,52.041605951207195,12.49031308517474
fold1_room1_mix3362,backup_beep,5.097,8.92,3.8229999999999995,6.216935758477623,12.950911213026199,25.302906139911705,18.92842721348756,3.6,5.277363445781775,0,1,1,52.041605951207195,2.2339115093640474
fold1_room1_mix3364,horn,5.327,8.648,3.3209999999999997,9.378023314449413,43.43298718038943,38.40261659845965,25.088448765111217,4.5,3.0595300924995796,0,1,1,51.71038162207575,10.375318479764289
fold1_room1_mix3367,horn,0.651,2.889,2.2379999999999995,42.6982502184265,22.868268414766767,27.83817631719196,33.261712254257354,5.300000000000001,6.947352906557775,0,1,1,56.59555804984917,9.089213426551968
fold1_room1_mix3373,bike_bell,0.499,3.029,2.53,20.524620794706923,13.045854551171296,-3.970235152813089,-0.03418295767005475,5.7,9.03384373975,0,0,0,64.89972409217378,3.5641824983219506
fold1_room1_mix3374,backup_beep,0.598,3.811,3.213,10.414616424062391,7.299000835727267,5.439433540685137,8.527030858719222,5.1000000000000005,6.934070850129295,0,0,0,51.559401325707036,1.7088883792299923
fold1_room1_mix3376,backup_beep,3.403,8.599,5.196,10.461854037939295,9.710753807081554,27.20815335084584,27.85526760612553,6.300000000000001,8.527520443095671,1,1,1,41.35455133897272,2.0607590342517246
fold1_room1_mix3379,backup_beep,1.015,5.211,4.196000000000001,8.490377504162037,4.085814738980698,25.185352977315418,31.538319572936302,4.3,3.45247661147451,1,1,1,41.95459448836026,2.369389018961626
fold1_room1_mix3380,bike_bell,1.538,7.121,5.583,17.305614051811116,14.39481364793514,-3.114597327076723,-1.5149779886452208,5.2,13.207134178080114,1,0,0,59.31470295197891,3.0287541517765817
fold1_room1_mix3381,horn,1.021,6.195,5.174,79.18859522476708,9.801251667409286,28.002646409738368,46.15026837112543,6.6000000000000005,8.352408980245979,0,1,1,47.65932118071867,14.222264502241451
fold1_room1_mix3382,siren,3.897,7.223,3.326,16.975510807639363,14.81873636417268,57.51427809700232,58.69451169192135,5.800000000000001,11.456747209634996,1,1,1,56.20169779701132,6.592081673639364
fold1_room1_mix3384,bike_bell,6.902,9.046,2.1439999999999992,4.345125011170277,12.931675717559576,36.316496651467254,26.843446058692315,7.0,4.308739654118253,1,1,1,43.322929176948584,5.948837843059172
fold1_room1_mix3386,bike_bell,4.486,7.186,2.7,15.800960320161161,15.368914366195634,21.058913827186714,21.299719661206552,6.0,14.575420667343714,1,1,1,43.743126962476154,4.065349428320429
fold1_room1_mix3388,siren,2.669,6.486,3.8169999999999997,47.563196807582194,12.552953532203329,42.16784455787688,53.738346866985175,5.9,9.273814502856084,1,1,1,44.72124898899879,14.438150745185274
fold1_room1_mix3389,backup_beep,3.692,6.808,3.1159999999999997,5.156277518230744,4.985708693950706,14.341731898841772,14.63391957488193,5.300000000000001,3.716756338447175,1,1,1,50.14843672300228,2.2134429673426936
fold1_room1_mix3390,backup_beep,2.755,7.55,4.795,7.259688204871421,13.334707516995024,14.161172568092582,8.879862054681112,3.5,6.917683596364862,1,1,0,59.094065591738484,2.837160894618119
fold1_room1_mix3391,horn,0.743,6.267,5.524,37.900557967612464,34.485652705297134,31.600169024099273,32.42031209234386,3.7,13.085736839806286,1,1,1,59.41999496475404,12.216758667011554
fold1_room1_mix3392,siren,4.647,8.095,3.4480000000000004,15.027304284829686,17.374706881506846,35.277111041670224,34.016382918520605,6.0,12.844218223455538,1,1,1,61.348366955433235,5.656451478219956
fold1_room1_mix3394,horn,5.679,7.833,2.154,6.389146245841213,22.64819718175688,26.427354585244657,15.435538418505217,5.5,6.135206529144534,0,1,1,63.935206976050665,9.291557459940835
fold1_room1_mix3395,backup_beep,2.006,6.891,4.885,10.863189202638658,6.050262148929876,18.708730709796065,23.792393734783126,6.2,5.882496151727919,1,1,1,47.4159318890264,2.159641586912933
fold1_room1_mix3396,backup_beep,1.802,7.465,5.663,6.709621209901183,8.63823728748559,24.233110993584738,22.03856845695875,4.1000000000000005,4.3298972380008145,1,1,1,49.01156122217956,2.225013260353301
fold1_room1_mix3398,siren,0.715,5.356,4.641,58.374487664226514,11.987714879778627,47.43541636466115,61.18514990343691,6.2,7.7628865211259575,0,1,1,57.36419664368805,10.49724434292987
fold1_room1_mix3398,backup_beep,1.64,5.339,3.6990000000000007,12.18824709664979,10.58482277482721,15.063872200764578,16.289025388062953,4.1000000000000005,9.929004855973359,1,1,1,57.36419664368805,2.902884690154401
fold1_room1_mix3399,siren,5.601,7.917,2.316,13.499546172435046,46.64830917913648,76.93755600352488,66.16722123877345,4.7,4.310723722396687,0,1,1,45.2473815595081,14.530845344593814
fold1_room1_mix3400,horn,3.132,7.934,4.802,40.36023905185891,18.18065567306346,50.91553168090639,57.84241544437615,6.7,11.816218184499723,1,1,1,40.32660527824964,10.915246980679068
fold1_room1_mix3401,backup_beep,2.638,7.837,5.199,11.745082785747465,8.006181408105979,17.85267873685669,21.18129185534093,6.2,6.713766416217467,1,1,1,46.80762941860817,2.6926452649297077
fold1_room1_mix3403,horn,2.942,5.683,2.7409999999999997,9.710134873315317,19.932579337185,43.42917877753199,37.182413995504746,3.8000000000000003,3.9486598333995317,1,1,1,51.94516790456957,10.364318084801848
fold1_room1_mix3406,bike_bell,3.716,8.439,4.723,9.817320594693877,19.71459453982613,22.35703978343836,16.30114226292681,3.2,9.679276881663101,0,1,1,47.656658422311175,3.2889042370584423
fold1_room1_mix3408,bike_bell,3.116,7.713,4.5969999999999995,16.707602172420668,16.15977647111494,3.8539892974659438,4.143564827891566,5.5,5.461860170548187,1,0,0,54.20219094278869,6.744326651751288
fold1_room1_mix3409,backup_beep,4.234,9.001,4.7669999999999995,8.29419328576627,12.088436206244616,23.58010535613849,20.308185933788508,4.9,8.167927994240083,1,1,1,48.61999914028307,2.1718617886603067
fold1_room1_mix3414,backup_beep,6.244,8.413,2.1690000000000005,12.799009178043237,14.57955568636795,5.7626390172891035,4.631280246988567,3.6,11.964239002469158,0,0,0,64.58163106653305,1.7450730391737859
fold1_room1_mix3419,bike_bell,2.956,5.257,2.3009999999999997,19.963997646426645,9.560829771192507,-0.6622342408956499,5.732804244414332,5.7,9.17673257490059,0,0,0,56.743915146876425,6.53651004433692
fold1_room1_mix3420,siren,1.675,6.125,4.45,23.51936397583979,20.386494945587057,43.08124676855789,44.32290695392312,4.1000000000000005,7.654557183593395,1,1,1,52.57566746207118,9.243890438142392
fold1_room1_mix3420,siren,4.834,8.375,3.5410000000000004,23.26258765524785,27.061417688397317,49.23327281751946,47.919422377584226,6.5,7.1215591343233156,1,1,1,52.57566746207118,13.630648101148111
fold1_room1_mix3421,backup_beep,4.011,7.668,3.657,14.02363098393933,14.969906683095347,27.720090337742562,27.152917980676392,4.5,13.995656738882452,1,1,1,40.435027929881386,1.6953211186702193
fold1_room1_mix3422,horn,6.021,8.198,2.1770000000000005,20.176926159682512,45.90022509419629,52.88049786721122,45.74130165361085,4.4,6.66754146557048,0,1,1,49.83091086795531,12.110626119454986
fold1_room1_mix3422,backup_beep,2.515,7.71,5.195,11.031719374367755,8.537037658394402,12.651701494956427,14.878421665342657,5.800000000000001,6.974899612145769,1,1,1,49.83091086795531,2.5928057419952046
fold1_room1_mix3425,backup_beep,4.531,8.847,4.316,6.405510000669478,15.182839336440132,22.320344098091603,14.824358441901062,3.3000000000000003,5.536867713118811,0,1,1,56.51195163595265,2.5289601666854233
fold1_room1_mix3425,backup_beep,1.904,6.986,5.082,5.670770608505365,5.90199913431356,14.833431685598406,14.486290451413588,4.4,3.8365600329318577,1,1,1,56.51195163595265,1.7044948134387035
fold1_room1_mix3426,horn,4.15,7.761,3.6109999999999998,18.578014546908037,23.783355950121425,18.938947781507323,16.793471039093035,5.7,6.53753174325195,1,1,1,60.3419723510968,11.148588788175447
fold1_room1_mix3428,bike_bell,0.927,6.814,5.8870000000000005,21.200228199870004,24.349969383017392,11.21097821785338,10.007820542478193,3.5,14.26940166754669,1,1,1,47.74540362995562,6.015332936371781
fold1_room1_mix3429,siren,6.55,9.663,3.1130000000000004,16.149383813639254,33.7707471163762,64.85851577034711,58.45082152198265,4.2,8.098382410466513,0,1,1,42.06494446458416,6.043116609523573
fold1_room1_mix3431,bike_bell,2.197,5.852,3.6550000000000002,14.895188450904206,9.385373338137484,5.897493710585209,9.909382694825425,4.7,7.253226413498562,1,0,0,63.85428258154947,5.189088791125345
fold1_room1_mix3431,bike_bell,4.867,7.419,2.5519999999999996,9.718848131239074,8.042217726108388,7.679561607288619,9.324340992633154,6.4,5.9336981393398815,1,0,0,63.85428258154947,5.145490379544867
fold1_room1_mix3432,bike_bell,5.056,7.264,2.208,11.246979273509421,18.102157145554827,-0.14586071923268662,-4.279749437238898,5.1000000000000005,11.242005087369948,1,0,0,63.620254480198334,6.57891945314725
fold1_room1_mix3433,bike_bell,4.734,7.103,2.3689999999999998,5.768061257358221,7.162597441399515,14.333795487407244,12.4529819022151,5.7,4.006925441432937,1,1,1,60.87713649957925,4.257629770391514
fold1_room1_mix3435,siren,1.959,5.69,3.7310000000000003,33.98121268735334,12.322598934298966,47.290988567362284,56.10171976373967,4.800000000000001,7.490049064625017,1,1,1,48.016923759268145,11.50998423696569
fold1_room1_mix3440,bike_bell,4.071,8.526,4.455,10.743969580174117,36.442642907389974,20.454131348839518,9.845229439087781,3.3000000000000003,9.41444132179858,0,1,0,51.84393219834627,6.740423284879597
fold1_room1_mix3442,backup_beep,1.268,4.251,2.9830000000000005,10.216553447431295,7.9229884640516675,8.130799564856495,10.339107319773781,3.9000000000000004,7.874584212329288,1,0,1,57.047929375000614,2.4752308254241795
fold1_room1_mix3444,backup_beep,0.517,4.54,4.023,16.628378360642646,10.688045841598244,24.089029055618468,27.928060855558172,6.0,10.07539228448769,0,1,1,41.66699926613708,2.401530015680324
fold1_room1_mix3446,siren,5.634,8.335,2.7010000000000005,38.55566285525729,76.42310826232908,32.561922415664874,26.619191950748736,3.1,13.10254521047732,0,1,1,62.498004256732905,14.450057656967502
fold1_room1_mix3446,bike_bell,4.053,7.466,3.4130000000000003,15.35026792594442,20.324510486866807,-4.002364862625363,-6.440447549524563,5.0,14.459447545387803,1,0,0,62.498004256732905,5.696968426717065
fold1_room1_mix3447,horn,5.034,9.23,4.196000000000001,15.55804777896493,19.441931091307897,51.186420649244276,49.250734676575284,6.9,5.396435279379147,1,1,1,50.36490608080641,7.929616393523026
fold1_room1_mix3450,siren,1.567,4.683,3.1159999999999997,63.46287361844503,22.73898019518448,53.55938925420527,62.47436424984839,6.4,5.035779805748083,0,1,1,53.6812575729375,13.185272013210467
fold1_room1_mix3452,bike_bell,5.931,8.976,3.045000000000001,17.63815642030401,29.98362828974684,7.50700679490577,2.898386884668753,3.4000000000000004,12.522370745857327,0,0,0,57.070916599541185,4.867561294773582
fold1_room1_mix3453,siren,1.818,4.864,3.046,57.99251521940712,20.71482616447336,41.01183071552788,49.95364375589229,6.300000000000001,9.694067478405042,0,1,1,45.30720009484135,12.760999373121605
fold1_room1_mix3453,horn,2.633,5.071,2.4379999999999997,14.856583508579694,14.491830458387799,58.12173928374743,58.33765336229489,3.9000000000000004,4.219994378748251,1,1,1,45.30720009484135,11.533150434396594
fold1_room1_mix3454,backup_beep,0.646,6.12,5.474,16.13223696668013,11.341177883821874,-0.41494848411609553,2.6457801245740313,5.4,11.22345073200565,1,0,0,63.69859902727377,2.415389807176495
fold1_room1_mix3456,horn,3.35,9.111,5.761000000000001,33.36056212724361,26.836931828676697,22.002594029328407,23.892603967862982,6.5,3.3069848363848315,1,1,1,59.68621707936701,10.386481699362959
fold1_room1_mix3458,horn,0.752,4.632,3.88,55.56219304229176,13.101262116772121,22.963660645513045,35.51298551301673,5.0,12.1970515656776,0,1,1,51.520517759751016,12.73795044223619
fold1_room1_mix3460,horn,3.367,5.869,2.502,24.658388216196247,10.929786801760882,52.184672366730496,59.25173226920056,5.7,10.85200630599239,1,1,1,44.932817948465,9.380716667313624
fold1_room1_mix3461,backup_beep,3.743,8.329,4.586,13.576766423600642,11.99123615246822,11.807028603878692,12.885676413001725,6.9,11.541772195300913,1,1,1,46.428085617692155,2.268173845454646
fold1_room1_mix3462,backup_beep,0.695,5.681,4.986,14.479971220945668,7.601831979094548,14.01583617606866,19.612824824064006,6.300000000000001,7.4779417564260875,0,1,1,50.98590512067676,2.212747243884711
fold1_room1_mix3462,backup_beep,5.972,8.943,2.970999999999999,12.378331136454635,15.663584797400862,5.960088696374164,3.9155073745171904,3.9000000000000004,11.59619470340937,0,0,0,50.98590512067676,2.0866673881174136
fold1_room1_mix3463,horn,4.58,9.435,4.855,6.055792840069192,21.24624739093959,48.08391915315189,37.18169467455527,5.300000000000001,4.868853258997016,1,1,1,58.84699455634905,5.001400863648183
fold1_room1_mix3463,bike_bell,1.87,6.131,4.261,24.64135344424904,9.288380998239257,-3.097739164880423,5.376751570187075,6.4,9.22242500053162,0,0,0,58.84699455634905,5.097609492019304
fold1_room1_mix3465,siren,4.247,8.446,4.199,11.547861431741492,28.803966863576957,46.53589153745939,38.59687676352169,4.7,11.081932098407142,1,1,1,58.329526271207925,7.105049382173428
fold1_room1_mix3465,siren,0.779,5.085,4.306,50.385348734131014,9.17962005481122,24.83735480531587,39.62694605965015,5.300000000000001,8.746516179131506,0,1,1,58.329526271207925,10.866958586838635
fold1_room1_mix3466,bike_bell,0.42,2.971,2.551,25.973265024196074,15.787382878449177,-4.807079069630653,-0.48275096395453687,5.6000000000000005,9.966522753693592,0,0,0,64.42867477320448,4.602424246092853
fold1_room1_mix3467,siren,0.619,5.218,4.599,32.151737487646244,25.587499385167344,48.69477184186934,50.67830388262672,3.2,9.361601876068875,1,1,1,53.97111237193259,11.86622208928105
fold1_room1_mix3468,bike_bell,0.465,3.013,2.548,30.227064394840365,19.303771061009176,0.8894653494768008,4.784541608338756,6.0,12.410910056858718,0,0,0,52.109474193514856,5.014047032874951
fold1_room1_mix3470,horn,1.534,4.863,3.3290000000000006,35.798247092071236,12.349577537935128,31.382030159992624,40.62622336269533,4.7,12.198407092979437,1,1,1,47.58590543673756,10.691623780982841
fold1_room1_mix3472,bike_bell,3.883,7.815,3.9320000000000004,9.165251921182724,26.720071551320995,18.078807436314435,8.784943235447813,4.2,8.918340280968126,1,1,0,49.85740008361728,6.943738694102803
fold1_room1_mix3475,backup_beep,2.017,5.133,3.116,11.257989236630483,5.085243786033541,23.784901057597864,30.68788208404999,5.6000000000000005,4.924038942295876,0,1,1,41.164522626916806,2.841056559812942
fold1_room1_mix3475,bike_bell,4.546,8.748,4.201999999999999,14.456667010247541,30.876294489189068,20.536505043338863,13.945365109287948,4.6000000000000005,14.458428908152056,1,1,1,41.164522626916806,6.517510055400091
fold1_room1_mix3476,bike_bell,5.176,9.68,4.504,8.232499486418257,32.28173774991261,5.452455451055542,-6.416048404606315,4.2,6.13037198987408,0,0,0,62.710124897669544,5.816411367286467
fold1_room1_mix3478,bike_bell,3.856,5.856,2.0,20.102277364097116,14.239194054024543,18.937088980792524,21.93228602554069,6.9,13.241542202229251,0,1,1,47.86354127355075,4.944259566034938
fold1_room1_mix3479,bike_bell,3.474,8.686,5.212,16.0972295785367,16.7769914033733,5.611255219477833,5.251996339603032,6.0,9.822938009026258,1,0,0,61.00668810086783,5.056281603555407
fold1_room1_mix3480,bike_bell,3.732,6.686,2.9539999999999997,17.289354036234048,13.379468954961363,12.970932659090565,15.197730485481067,6.1000000000000005,13.064949245864666,1,1,1,46.94748677889647,4.809999727548053
fold1_room1_mix3483,horn,4.7,6.93,2.2299999999999995,15.376151497252625,12.115087741786342,48.31259545334416,50.3830171640753,6.300000000000001,11.468730855763708,1,1,1,52.266244270423414,6.344201733193905
fold1_room1_mix3483,bike_bell,0.692,6.23,5.538,16.588646857634572,19.155703486410093,5.4297281266048145,4.179985246144,3.0,13.31944548894793,1,0,0,52.266244270423414,4.271459176379786
fold1_room1_mix3484,horn,1.519,5.37,3.851,42.07386932506497,20.639252677666285,37.805189670658834,43.991559386660626,4.3,13.207466872922858,1,1,1,54.656622586612826,14.493064128770035
fold1_room1_mix3484,bike_bell,3.154,6.886,3.732,25.467831506395054,14.708921022950532,10.377922723706604,15.146145760386759,6.300000000000001,14.124937844693166,1,1,1,54.656622586612826,6.778659424664394
fold1_room1_mix3487,siren,3.494,9.349,5.855,49.402340016889006,36.08556613382691,43.11749574617427,45.84577569112035,6.9,9.6982839656677,1,1,1,49.71478558534959,14.209902944117506
fold1_room1_mix3487,bike_bell,0.326,6.278,5.952,32.01637030457007,9.618416465890062,8.754656420417263,19.20002675722148,5.5,8.39354988073406,1,0,1,49.71478558534959,5.980146896297889
fold1_room1_mix3493,backup_beep,2.061,7.777,5.716,6.644910954682759,6.893763684574235,36.56173993262369,36.24239540570422,4.800000000000001,3.7450151693178593,1,1,1,41.091553418292115,1.9730872032354518
fold1_room1_mix3496,siren,6.997,9.585,2.588000000000001,18.294447170672804,38.06174740564634,52.4473158050025,46.08392715626809,5.0,9.052400185097431,0,1,1,59.54146646622746,8.141225540141573
fold1_room1_mix3496,siren,6.489,8.786,2.2969999999999997,13.313024305299725,28.85479969913225,35.41249562340201,28.693668842771643,6.0,12.428251855792503,0,1,1,59.54146646622746,9.256989798674692
fold1_room1_mix3497,bike_bell,0.732,4.949,4.217,23.94118594681479,7.816401791589522,-9.30941787722469,0.41335780557119506,4.9,7.808729774004814,1,0,0,63.35727224682267,5.451754896064811
fold1_room1_mix3497,bike_bell,1.88,6.311,4.431,9.896015951050332,8.020346002568866,-2.7094508029772655,-0.884105158345001,4.4,4.405076399491507,1,0,0,63.35727224682267,3.512493614698364
fold1_room1_mix3501,siren,2.959,6.631,3.672,15.971316691605743,19.056073678110522,41.67520796788704,40.141353927929394,4.5,12.423759914200467,1,1,1,52.65051138320144,6.669595136039701
fold1_room1_mix3502,horn,5.72,7.92,2.2,9.765271715223777,33.28751123069551,44.46357919279589,33.81163931100954,5.0,5.007826874212305,0,1,1,57.29695206572839,11.14510528472379
fold1_room1_mix3502,backup_beep,4.163,6.732,2.569,7.361623770428654,8.689282603242406,12.478926542979892,11.038720465932926,4.3,7.35603158793117,1,1,1,57.29695206572839,1.9125477173365035
fold1_room1_mix3505,bike_bell,3.339,7.056,3.717,6.676264656853925,10.84377455181756,25.630099476211036,21.417160768988133,4.7,3.291026902093114,1,1,1,46.363163558889546,4.342866907756459
fold1_room1_mix3506,siren,3.763,9.289,5.526,20.0790536656204,26.055817145084887,43.57158497257101,41.30835582660679,6.1000000000000005,7.725981927013803,1,1,1,55.51096907245516,7.857141742153887
fold1_room1_mix3507,siren,3.083,5.092,2.0089999999999995,17.68515532233455,14.351882203345866,44.063520829033635,45.87752117473049,4.800000000000001,14.246430440001959,1,1,1,50.40609278896328,6.080549693108165
fold1_room1_mix3507,backup_beep,4.539,9.207,4.668000000000001,7.700434480960953,7.3927446244011685,25.95123547148431,26.30542598895154,7.0,5.384312547790824,1,1,1,50.40609278896328,2.26471834175047
fold1_room1_mix3514,horn,1.261,5.455,4.194,17.570047881698947,16.869783928049447,45.36297114529721,45.71623964423958,3.5,13.620773007632296,1,1,1,44.85939194583128,5.019949122793123
fold1_room1_mix3516,horn,2.004,4.687,2.6830000000000003,58.22732584811396,23.324740872664925,8.174231367637432,16.12043171763912,6.5,3.117645378540387,0,0,1,62.167311101289826,13.054223276245954
fold1_room1_mix3517,bike_bell,3.489,7.761,4.272,10.555429016111646,21.99250618973498,24.767350558722015,18.39137389162265,3.7,10.499258309335891,1,1,1,49.53358986699517,4.778855901758973
fold1_room1_mix3517,bike_bell,4.062,7.465,3.4029999999999996,6.765048429371351,26.131790982230143,15.785345206502697,4.04737988994674,3.2,4.037199231713298,0,1,0,49.53358986699517,5.990108632219289
fold1_room1_mix3519,horn,3.048,6.298,3.25,17.576510241174933,21.489540808906845,44.54800229216355,42.802112612341624,4.4,13.48449190725579,1,1,1,57.971053934541565,8.620508441021391
fold1_room1_mix3521,siren,5.31,7.359,2.0490000000000004,10.585228608429503,27.828374290434233,42.05538698326865,33.65963510160479,4.9,9.592587578208596,0,1,1,59.7414060135595,10.563883135150594
fold1_room1_mix3523,backup_beep,1.349,4.558,3.2089999999999996,11.892933455021982,6.744493025734246,0.8741534974100063,5.800947076409969,6.6000000000000005,5.373403504831387,0,0,0,63.391361849179546,2.0359057056945087
fold1_room1_mix3524,siren,3.661,9.603,5.942,23.32889844903323,19.396920664989217,51.94400876889392,53.547237631498575,6.9,4.607457589660079,1,1,1,60.23583083831308,7.019857644115374
fold1_room1_mix3526,horn,4.292,8.702,4.41,5.827271372211691,52.04984928471679,37.51300689560952,18.493922236874752,3.9000000000000004,4.110400523086564,0,1,1,51.59858677422508,10.828865579024342
fold1_room1_mix3530,bike_bell,2.398,4.747,2.3489999999999998,12.222748960184786,12.238414412834251,15.15036363121601,15.139238370379395,3.6,11.69080423705717,1,1,1,47.01124790970165,3.060857113799142
fold1_room1_mix3537,bike_bell,5.312,8.274,2.961999999999999,4.453047882703555,16.70356017034543,23.165371385929745,11.682337769608182,5.6000000000000005,4.017544208584492,1,1,1,52.8465758678345,6.124804721997306
fold1_room1_mix3543,bike_bell,0.732,5.831,5.099,15.383170220239778,16.292678777255166,14.489049526825802,13.990116537744967,3.2,3.109659630072842,1,1,1,45.96670309895862,6.091159827504519
fold1_room1_mix3544,backup_beep,0.677,4.325,3.648,17.680216109536293,14.554401056995442,14.481178429984247,16.17104305294722,5.2,14.4312854559943,0,1,1,47.6110592384485,2.2814401196444614
fold1_room1_mix3545,bike_bell,4.532,9.484,4.952,8.580535366756584,21.026699085192607,15.010083706456548,7.224949430003228,5.300000000000001,7.706817744048636,1,1,0,55.44654820046737,4.713164187870705
fold1_room1_mix3547,siren,5.429,7.802,2.3729999999999993,10.99040554486752,24.18621542523685,57.604556240535416,50.7534722675789,6.0,7.969354952840478,1,1,1,58.21655979613864,12.814804997977856
fold1_room1_mix3547,bike_bell,4.229,9.282,5.053,10.912388783728455,27.916839342287865,3.9989834648056473,-4.159944870113179,4.6000000000000005,10.719435397929997,1,0,0,58.21655979613864,5.50560553501081
fold1_room1_mix3549,siren,4.498,9.127,4.6290000000000004,35.9541588276885,33.4585865285544,41.44882055501746,42.073651405433594,6.9,5.101113684279503,1,1,1,44.65130012741193,14.832130059156235
fold1_room1_mix3549,bike_bell,5.339,8.397,3.058,13.45983965546188,26.702821647394206,24.284130940056215,18.333785564252764,4.0,11.132230551262928,0,1,1,44.65130012741193,5.462041638292806
fold1_room1_mix3550,siren,1.776,4.527,2.7510000000000003,54.09874312464227,19.121891637550803,43.39974077118074,52.43286722155556,6.0,3.090891416128887,0,1,1,56.040637354780905,12.773497122099291
fold1_room1_mix3551,horn,5.558,9.399,3.8409999999999993,13.930326710484712,37.96961659178145,34.07443599444254,25.364937801882235,5.800000000000001,13.8100244398973,1,1,1,50.15817818385193,9.699733151065603
fold1_room1_mix3551,backup_beep,2.917,6.523,3.606,8.739291488857733,12.641476755888977,25.574424771062993,22.367993061438426,3.3000000000000003,8.68418315330325,1,1,1,50.15817818385193,2.82073292797213
fold1_room1_mix3552,bike_bell,3.708,9.671,5.962999999999999,15.958859977677704,26.10031777875242,11.877425955645194,7.604547340369848,4.9,14.97951981168569,1,1,0,49.13242151295029,4.5078503356153785
fold1_room1_mix3554,bike_bell,6.856,9.284,2.428000000000001,7.088084302207033,19.43785628921772,31.923029778053937,23.160639923724297,5.800000000000001,4.280298614377063,0,1,1,44.30678645292887,5.481788263471876
fold1_room1_mix3555,siren,4.668,6.985,2.317,10.886134522666246,29.598042733700595,55.855507245795714,47.16772132214823,3.4000000000000004,3.8042408066764466,0,1,1,41.55933089880683,8.265131351290457
fold1_room1_mix3556,siren,3.493,8.176,4.683,12.094102427910695,55.39291829986416,55.29029974497663,42.07268767444891,3.3000000000000003,11.915255480687707,0,1,1,55.4634940601352,11.108878103777082
fold1_room1_mix3556,siren,5.262,8.446,3.184,17.59070497275327,18.005879365814124,47.15113130952464,46.94850948172964,6.800000000000001,12.588971926237074,1,1,1,55.4634940601352,7.9023878920284965
fold1_room1_mix3557,siren,5.628,8.119,2.4909999999999997,12.33882014827094,42.20554584213416,50.546739451460475,39.864821703667296,5.2,10.787988302468772,0,1,1,56.52242420928672,13.976199535997678
fold1_room1_mix3559,horn,4.651,7.872,3.221,13.289633652267884,45.62882867705142,54.249511681100635,43.534985458659385,3.9000000000000004,10.161680153765788,0,1,1,44.819858247800305,11.150710801831739
fold1_room1_mix3559,backup_beep,1.193,3.67,2.477,11.104774582881669,8.399002861252079,26.69415857638888,29.119798935790946,5.0,7.9611950651821966,0,1,1,44.819858247800305,2.0449174998924216
fold1_room1_mix3561,horn,3.2,6.307,3.107,17.429448894507242,7.190791120790393,37.400100196956814,45.09023983281733,5.9,6.698839664689276,1,1,1,64.40842358655479,6.022215265385783
fold1_room1_mix3567,horn,6.208,9.302,3.0939999999999994,21.446563099637444,49.11438576621887,47.34001802239747,40.14299777366581,4.0,7.21802355074818,0,1,1,44.674140455102304,9.174407633903138
fold1_room1_mix3568,backup_beep,1.122,4.19,3.0680000000000005,13.369654533827369,6.642193512657494,19.03938902879436,25.115562254925138,5.9,4.9063825861490304,0,1,1,49.98445184621097,2.5943383774124698
fold1_room1_mix3569,horn,0.571,6.377,5.806,25.77067915450256,34.806064423672,52.91221515793484,50.30163404385648,3.0,4.658249351697228,1,1,1,45.3296292164236,10.307002089792608
fold1_room1_mix3569,backup_beep,1.779,7.515,5.736,8.789347641337637,14.078623559666676,13.228147675700896,9.136076586577083,3.0,8.222118088573582,1,1,0,45.3296292164236,2.53392781183663
fold1_room1_mix3571,siren,1.673,6.169,4.4959999999999996,33.57710159013793,10.708452079634077,45.046242285372415,54.97257242788427,6.7,10.172093695033372,0,1,1,51.15377995587713,6.372882239650041
fold1_room1_mix3573,bike_bell,1.713,5.991,4.278,19.84936641311515,6.364944804119737,13.585802681108312,23.464842818716747,6.0,6.365291832876893,0,1,1,49.27940620686762,4.403260920837887
fold1_room1_mix3576,siren,5.785,8.36,2.5749999999999993,12.735895581432555,41.79496409878103,49.805188820214084,39.483299484540595,5.5,12.285005872819502,0,1,1,58.157345795073326,14.18903414419075
fold1_room1_mix3578,backup_beep,1.34,3.743,2.4029999999999996,14.163057127634698,13.10048172029737,7.868626344939507,8.546021173660712,4.800000000000001,12.979846298985358,0,0,0,61.3699015587808,1.6198760801748355
fold1_room1_mix3578,bike_bell,2.285,7.263,4.978,11.029639399351213,7.56086080397293,5.432465693841159,8.712267117864606,5.4,4.78300074011963,1,0,0,61.3699015587808,3.1729092059231814
fold1_room1_mix3581,bike_bell,4.659,8.095,3.436000000000001,4.971573622069211,17.880573335312494,21.841194621531173,10.723443319252041,5.1000000000000005,4.133432029635102,1,1,1,58.93176819482993,5.8688978778766625
fold1_room1_mix3582,siren,4.158,6.405,2.247,14.559693261907517,7.608225812004768,70.0582165114981,75.69559314247869,5.800000000000001,5.686553936759517,1,1,1,43.522765563979746,8.214858864700386
fold1_room1_mix3582,siren,2.371,7.844,5.473000000000001,36.329132333472515,10.129254345044798,47.741862690844215,58.83541367356645,6.800000000000001,6.154385729090042,1,1,1,43.522765563979746,8.013297000469997
fold1_room1_mix3586,siren,3.634,8.745,5.110999999999999,16.880924022256114,42.93619314307384,76.70275158597002,68.5942051719859,4.9,10.517773212833765,1,1,1,41.350033589894565,10.729581525131394
fold1_room1_mix3590,bike_bell,3.508,8.486,4.978000000000001,18.53102833217017,16.56556599463563,11.841699025415934,12.815563846801602,6.4,13.829309736485243,1,1,1,44.603451593773016,4.310191946097312
fold1_room1_mix3593,siren,1.495,7.469,5.974,16.866679457417767,16.62498376106698,56.741872945329426,56.867240179316575,4.5,5.329166912375435,1,1,1,50.934060732216174,5.3147665853504
fold1_room1_mix3594,siren,3.836,8.687,4.850999999999999,13.176072010147687,28.73531352692018,41.37514865048434,34.60254904373776,4.9,10.976006204155597,1,1,1,57.87899260390359,6.977420757931564
fold1_room1_mix3594,horn,2.57,6.739,4.1690000000000005,34.99562096564841,17.434120871873592,27.104439328116676,33.15671235670063,5.7,14.195322698720643,1,1,1,57.87899260390359,10.1025292728373
fold1_room1_mix3598,siren,2.234,8.113,5.879,15.471615272479507,72.64807870070528,54.80676860021252,41.37299908562504,3.2,5.718408328306656,1,1,1,57.9278658069572,14.764289712252085
fold1_room1_mix3599,siren,4.1,9.338,5.2379999999999995,12.474777484679214,39.20249333691315,44.34464243622256,34.39902479792501,5.1000000000000005,9.117391990483888,1,1,1,57.566281965048816,8.906527999040758
fold1_room1_mix3600,siren,5.017,7.381,2.364,22.373160723149123,45.68960027364056,41.715603309233984,35.51380298851811,3.2,11.99752813019148,0,1,1,55.55947587030411,10.659261211212026
fold1_room1_mix3600,backup_beep,1.404,3.795,2.391,11.528045761023574,8.833186027704755,3.548917770944712,5.861684069813016,4.5,8.651012372118466,0,0,0,55.55947587030411,2.43990277669277
fold1_room1_mix3604,backup_beep,0.895,3.275,2.38,8.945372967416313,6.733933496014711,3.165824813608303,5.6324174077124525,5.6000000000000005,5.84184877281602,0,0,0,55.44096002097598,1.4390639045924936
fold1_room1_mix3605,siren,3.521,7.755,4.234,15.896265839225537,14.974757574498765,74.66871583785178,75.18742217150674,5.800000000000001,10.96710840797961,1,1,1,45.556471352760056,5.126671274485455
fold1_room1_mix3605,backup_beep,2.061,7.521,5.46,7.973785958413369,6.896952816719751,23.965452367127398,25.225598741819795,5.4,6.009776310215656,1,1,1,45.556471352760056,1.579622258748364
fold1_room1_mix3607,siren,2.453,7.138,4.6850000000000005,22.243720474987718,24.84547046894833,57.20935410510588,56.2485581854423,4.6000000000000005,9.242606073196534,1,1,1,43.62817614994291,9.242702806609627
fold1_room1_mix3607,siren,3.346,9.011,5.664999999999999,18.138007012851524,21.95413144698485,77.03297399172385,75.37444009826413,5.7,13.425264125118307,1,1,1,43.62817614994291,5.219364254754102
fold1_room1_mix3608,bike_bell,5.912,9.5,3.588,10.030180532755738,19.409168708287034,17.637558167172216,11.903594465498259,6.2,9.902775950204306,1,1,1,56.873486283838986,5.098186881572582
fold1_room1_mix3613,horn,1.812,4.67,2.8579999999999997,51.61752469010431,15.121039151005183,36.781562769238526,47.445873495756324,5.800000000000001,4.977555787940874,0,1,1,48.47567315336965,12.979341529891379
fold1_room1_mix3613,backup_beep,5.965,9.221,3.2560000000000002,3.4675385156457232,6.223736686949672,33.50161113702554,28.42101280498516,5.6000000000000005,3.423639405353279,0,1,1,48.47567315336965,1.4271245555092864
fold1_room1_mix3620,horn,3.354,9.229,5.874999999999999,18.876392840982756,26.757888871752716,39.02710773488643,35.99645095953247,5.800000000000001,3.276581742529613,1,1,1,40.19086697409426,7.684817233023885
fold1_room1_mix3621,siren,3.317,8.92,5.603,5.5868911418861265,78.39053533038042,56.632486791063975,33.69061837394164,3.6,3.687925159504403,1,1,1,47.80193777077434,14.724358558649076
fold1_room1_mix3621,siren,0.594,4.783,4.189,63.86816416532779,24.751689658710756,46.94363585787496,55.1772274938126,6.9,13.557297426782986,0,1,1,47.80193777077434,9.955109737814611
fold1_room1_mix3622,siren,2.134,4.819,2.685,34.85525204251051,14.773256138140729,33.268171555273184,40.72401155219987,5.0,14.655867622992096,0,1,1,63.54219057053923,11.083982518565389
fold1_room1_mix3628,siren,3.937,7.765,3.828,12.768024675562271,21.803588945737086,45.425210581139794,40.77712513060749,5.2,8.558740592339433,1,1,1,56.23794371538675,7.715192012712471
fold1_room1_mix3634,horn,0.632,5.077,4.445,27.318161271148938,15.023710689565844,40.36788814695345,45.56137320103052,3.8000000000000003,11.01397638608995,1,1,1,55.325394668282115,7.923064166553553
fold1_room1_mix3640,backup_beep,7.171,9.505,2.3340000000000005,7.6670330199652605,12.41750048447625,5.4467547922462956,1.258617753143227,4.6000000000000005,4.766868066497411,0,0,0,60.31342949622831,2.3397858937061655
fold1_room1_mix3642,siren,2.291,7.999,5.708,12.369865889624732,37.05492783176565,70.8930599138053,61.363440301668156,3.1,10.724147134378564,1,1,1,43.22651841231539,7.295191333144357
fold1_room1_mix3644,horn,4.633,8.865,4.232,11.893812207572045,37.36037879764343,40.04833931647249,30.106535440538877,4.5,11.827117154610415,0,1,1,59.83483525397004,8.073229238126995
fold1_room1_mix3645,backup_beep,6.377,8.818,2.441,12.901851164892802,14.710044702413457,27.71999964294986,26.580760344526368,5.4,12.727279820500081,0,1,1,40.560078934875264,2.1550714936647126
fold1_room1_mix3646,siren,2.536,5.854,3.318,52.06599686690686,8.53356489574853,52.45426467854785,68.16273852575256,6.1000000000000005,7.957276032359141,0,1,1,41.9769329151004,14.568611160820733
fold1_room1_mix3649,horn,4.539,7.884,3.3450000000000006,8.888712315027835,29.254951543339438,43.45122665953723,33.1040160054979,4.6000000000000005,8.863200443646557,1,1,1,44.76155642563839,8.542798875646863
fold1_room1_mix3650,horn,2.475,8.067,5.5920000000000005,30.785913263894006,21.408430758686837,36.845698745196856,40.00104288226511,5.800000000000001,7.895196375472683,1,1,1,56.665606969944506,8.880179233616488
fold1_room1_mix3652,siren,4.792,9.143,4.351000000000001,10.931315006185157,20.704054898487136,40.85059087640548,35.30293085499014,6.300000000000001,3.328851264225572,1,1,1,60.21652347733607,7.090873256225377
fold1_room1_mix3655,horn,3.622,7.85,4.228,9.300461601766846,29.737268105291665,36.20404928448072,26.10811799792279,4.0,8.797189333463105,1,1,1,55.1120793179515,7.4344114187194785
fold1_room1_mix3656,siren,2.324,5.102,2.7780000000000005,64.11080870483873,24.406612325656845,26.978817105072956,35.36729215123761,6.6000000000000005,10.12907397177657,0,1,1,63.63898791071339,14.794836048379672
fold1_room1_mix3656,backup_beep,0.483,2.867,2.384,11.237904393728142,9.13017172289393,-3.2168769305208897,-1.412749189011734,6.2,7.833258592525262,0,0,0,63.63898791071339,1.4125461936427162
fold1_room1_mix3658,siren,1.334,5.935,4.600999999999999,72.21244545107027,15.391878715731934,17.4302855397535,30.85669393802415,6.2,14.822909024689576,0,1,1,62.934205767470246,14.456922030331334
fold1_room1_mix3659,backup_beep,2.866,6.922,4.055999999999999,16.15176480226373,15.141625836591508,21.68467780159788,22.24562723625025,5.800000000000001,14.937521454626525,1,1,1,44.435105471194866,2.1263187247144764
fold1_room1_mix3660,backup_beep,0.956,3.118,2.162,12.926402218081511,12.147780616417865,3.32136358000659,3.860978083198148,3.3000000000000003,12.145247079811773,0,0,0,55.56968908683291,1.925669940101014
fold1_room1_mix3661,siren,1.22,6.636,5.416,41.24222350685905,28.354996753416458,53.11805044872361,56.37229984114987,4.4,6.072389863960846,1,1,1,59.21604127028401,12.647705613495186
fold1_room1_mix3661,backup_beep,5.613,9.304,3.691,9.81221256578447,13.586443740303338,11.499691337101552,8.672914400248558,4.0,9.347349962012666,0,1,0,59.21604127028401,1.8627770023563166
fold1_room1_mix3662,horn,1.054,6.052,4.997999999999999,21.32441179329624,31.8473340850697,18.846885821331917,15.362965357273914,3.0,6.608092115762877,1,1,1,59.471649204637295,10.29041576440352
fold1_room1_mix3663,horn,5.84,8.1,2.26,23.844328438538902,50.401612222095515,39.98499523341766,33.48380856595696,4.0,8.184989693501127,0,1,1,41.41759712412994,12.095947636102634
fold1_room1_mix3663,backup_beep,1.922,4.835,2.9130000000000003,12.541168624252737,11.90907919595082,23.284846727217,23.734043205475785,3.7,11.401745327537492,1,1,1,41.41759712412994,2.973935207515394
fold1_room1_mix3664,horn,4.494,9.197,4.702999999999999,18.546430077993733,34.62229477941656,37.65197095911085,32.23006049566637,6.1000000000000005,4.051519151008488,1,1,1,48.94982320920173,11.159733861467998
fold1_room1_mix3664,backup_beep,3.821,9.309,5.4879999999999995,14.623668289024327,19.171487590644603,19.173527130389267,16.821537421181198,3.9000000000000004,14.62139513733322,1,1,1,48.94982320920173,2.3093616022606707
fold1_room1_mix3666,siren,2.024,6.875,4.851,25.77011537586637,11.612978778893051,27.58681947858073,34.510274088916056,6.0,10.436962057829568,1,1,1,62.40545748151644,5.907021787012785
fold1_room1_mix3667,bike_bell,3.499,6.564,3.065,22.30412421300885,14.037932020312184,2.1974317356209028,6.219072536770398,6.6000000000000005,14.033321768622908,0,0,0,53.774627390184705,5.517943286151281
fold1_room1_mix3668,backup_beep,4.582,9.427,4.845,7.046240606077985,9.8528108616799,8.714327277025937,5.80227373398548,6.4,4.885337881347403,1,0,0,60.27291230607161,2.8140942518030103
fold1_room1_mix3670,siren,1.682,4.172,2.4899999999999998,37.23552363736483,14.963005617245539,42.885507915338614,50.80428044860384,4.5,14.382992795323265,0,1,1,47.36783945993643,12.135549060394185
fold1_room1_mix3671,horn,3.864,7.659,3.795,16.235266059162143,14.934621417461896,45.6855904840111,46.41089432626097,5.9,9.443493814250818,1,1,1,45.74242034216496,6.528789312297755
fold1_room1_mix3672,backup_beep,2.892,5.922,3.03,6.06256111240242,6.805785142628336,8.885251164398426,7.880809065769995,3.1,6.057909712629112,1,0,0,64.70800479288707,1.10207279032761
fold1_room1_mix3680,siren,2.559,8.152,5.592999999999999,38.47210577937137,27.202860731693004,57.45707568576622,60.467703286988204,5.800000000000001,4.889410951067467,1,1,1,48.555442924647544,11.609016152292172
fold1_room1_mix3681,bike_bell,4.899,9.462,4.563,3.5985875162123824,16.575780858375918,19.849515175974084,6.582676626917923,4.9,3.598560853827046,1,1,0,60.108194019227575,3.5523235895406926
fold1_room1_mix3682,horn,2.609,6.248,3.6390000000000002,14.658873789691928,37.511543362345115,39.15122836761471,30.989941821103706,3.6,3.4141163150039224,1,1,1,63.54445787538422,14.18344781745118
fold1_room1_mix3684,horn,1.134,4.465,3.331,26.35109354351132,13.341988706870763,41.143918172097294,47.05547965181945,5.800000000000001,11.466379387214548,0,1,1,58.60129873312257,5.074781911497244
fold1_room1_mix3687,horn,0.972,4.672,3.6999999999999997,28.314534473362514,4.278844499775274,30.188081713809837,46.601740151317,4.6000000000000005,4.263010002968936,1,1,1,59.88753484742571,7.673201499576075
fold1_room1_mix3693,siren,0.588,4.935,4.3469999999999995,31.772460797834494,18.8433832128282,72.4704344396155,77.00827388315747,3.6,13.457545848712474,1,1,1,43.083351606406744,9.656399310602158
fold1_room1_mix3693,horn,1.58,3.902,2.322,40.81180671977563,12.815362332755635,45.42301281912528,55.484111450655455,4.6000000000000005,8.658293290383442,0,1,1,43.083351606406744,13.105462538594509
fold1_room1_mix3694,bike_bell,1.219,5.225,4.005999999999999,22.119290689652697,17.878905030078183,18.768143915652892,20.616749488359368,3.7,14.805664883343775,1,1,1,45.40496173670309,6.60406939802193
fold1_room1_mix3695,horn,3.745,6.229,2.484,11.343279069329519,23.14715870343026,63.419556375496384,57.22437492554293,4.3,9.864667734958017,1,1,1,41.09512897180092,10.689034844512403
fold1_room1_mix3697,bike_bell,3.461,8.22,4.759,8.70459977904181,19.295886215746126,28.753916766300733,21.83959833357123,4.2,8.040651200569,1,1,1,41.36236988391603,4.386787412558649
fold1_room1_mix3697,bike_bell,5.833,9.118,3.285,16.367888364847655,34.388481831636966,21.278470177328522,14.83006319999042,3.9000000000000004,11.234005051434384,0,1,1,41.36236988391603,6.269882262738738
fold1_room1_mix3699,bike_bell,2.137,5.614,3.477,13.434003671066515,8.123530294536373,24.44329841181814,28.812511576747163,4.5,5.314147699805681,1,1,1,43.099445885607174,5.317409295441561
fold1_room1_mix3704,horn,6.627,9.089,2.4620000000000006,25.784230057169587,42.47896509203346,26.334687100710717,21.998291898948374,3.7,13.361384200955817,0,1,1,62.5357923472727,7.420607561843315
fold1_room1_mix3705,horn,3.664,7.265,3.6009999999999995,12.812169439290459,44.70653909344198,58.381146599346934,47.52617905472739,3.1,11.239427304675527,0,1,1,46.05852786419938,10.30599212851751
fold1_room1_mix3706,horn,5.946,9.063,3.117000000000001,34.87520740993963,72.24450134010972,33.595410727391126,27.26965075499548,3.3000000000000003,12.187494023320838,0,1,1,55.75318271015995,12.36211130286902
fold1_room1_mix3709,horn,4.489,9.171,4.6819999999999995,10.838124291742728,45.82650536627041,26.058687601619084,13.535435343286764,5.300000000000001,3.994590612777124,1,1,1,60.85723580119361,11.904820582324332
fold1_room1_mix3709,bike_bell,2.249,5.536,3.2869999999999995,23.30866744395804,4.957611794889089,5.5194063938049,18.964304978408535,5.7,4.841844750553863,0,0,1,60.85723580119361,6.612400036128558
fold1_room1_mix3710,horn,2.862,8.498,5.635999999999999,34.149685395484376,33.93010489489036,38.23799524114575,38.29402533760571,5.7,10.457549130069944,1,1,1,48.2343280444856,11.49535806888433
fold1_room1_mix3715,horn,3.818,7.909,4.090999999999999,11.235872888914892,47.42083083640681,41.63100528287812,29.123758455563532,4.6000000000000005,4.2159482318491905,1,1,1,60.17040766042244,14.096424403756915
fold1_room1_mix3716,siren,5.19,8.335,3.1450000000000005,6.59119109705296,23.206107749061378,43.08049152241624,32.1477234990881,4.4,4.645289998962412,0,1,1,63.804747936696174,5.742033670898152
fold1_room1_mix3717,horn,1.593,6.987,5.394,29.267819575881266,29.24651232799355,36.182894930590535,36.18922064279819,4.3,8.731222947432215,1,1,1,61.944306508147676,10.35376786717464
fold1_room1_mix3718,backup_beep,5.951,7.965,2.0140000000000002,6.553528461426807,7.26933211523421,19.81680028688369,18.91641386441229,6.7,6.220247275250048,1,1,1,53.272787368983884,2.8942851233201607
fold1_room1_mix3719,backup_beep,2.376,5.093,2.717,9.050378445790646,7.835149529045584,32.92193092922051,34.174319942864756,6.7,7.619448514123234,0,1,1,40.947141648802955,1.1255546478070342
fold1_room1_mix3719,bike_bell,3.543,8.485,4.941999999999999,7.6230689847264905,27.6189879386186,24.801307732989144,13.619749523719264,4.5,4.221693986792082,1,1,1,40.947141648802955,6.807853494950281
fold1_room1_mix3721,backup_beep,2.219,5.489,3.27,8.35536375277125,6.6048704079576535,21.478668615373408,23.520689832858224,4.4,5.901039474622149,1,1,1,47.963852894091815,2.716227800769551
fold1_room1_mix3722,backup_beep,3.537,9.163,5.626,13.509363689328735,16.705689294162813,-10.3060971393881,-12.150687263085302,4.7,13.267907476270027,1,0,0,64.80753699577278,2.2565453040101877
fold1_room1_mix3722,backup_beep,6.189,8.253,2.064,9.83290892755094,14.060187270928783,0.282834363452821,-2.8233474055289065,3.4000000000000004,6.914087859182219,0,0,0,64.80753699577278,2.5440249510256083
fold1_room1_mix3723,siren,1.86,4.949,3.0889999999999995,17.06922145626409,7.0851225689853745,71.23859212962061,78.87591903470052,4.4,6.210843700384632,1,1,1,44.805599502647894,6.250798497848607
fold1_room1_mix3724,horn,0.846,5.606,4.76,70.41586886034585,14.820022265350774,15.856800634956556,29.39323436069128,5.4,14.619062466937343,1,1,1,64.35306456954862,14.997122654172362
fold1_room1_mix3724,backup_beep,0.7,2.767,2.067,15.723265342065456,14.998592169765447,-3.784409388456993,-3.3745644434307493,5.800000000000001,14.58511452611242,0,0,0,64.35306456954862,1.1494067628445759
fold1_room1_mix3725,siren,0.69,6.548,5.8580000000000005,24.99181318323558,13.014149508219875,64.5564719444281,70.22411142741592,4.7,6.9760986716849915,1,1,1,48.423521734801625,5.972183528907397
fold1_room1_mix3725,bike_bell,0.383,3.641,3.258,25.920346147262283,13.083191107453553,12.025836966976712,17.96437920099595,3.7,13.068869885719408,0,1,1,48.423521734801625,6.664662144506471
fold1_room1_mix3726,horn,1.436,6.632,5.196,21.126547139737823,24.947525057916966,38.51016199496848,37.06618310565775,3.8000000000000003,6.01892712819177,1,1,1,61.99585747369296,8.556890290205047
fold1_room1_mix3728,backup_beep,5.17,7.212,2.042,14.323632888970932,14.251868241166878,12.183236779572631,12.226864439392607,6.300000000000001,14.141420142440174,1,1,1,55.63630755638503,1.9828569583616882
fold1_room1_mix3728,bike_bell,1.979,4.39,2.4109999999999996,12.16586531219492,4.109254570495134,10.512172884943759,19.939772029514508,4.4,4.106931067939031,0,1,1,55.63630755638503,4.655678179760586
fold1_room1_mix3730,horn,5.458,9.496,4.038,19.065068195263212,58.924652520921654,48.717880700329694,38.916707358457266,4.0,11.77771232618785,0,1,1,42.77312854165728,10.584173921449514
fold1_room1_mix3733,siren,1.976,5.771,3.795,51.360585292458204,13.454478636466654,39.82059818890157,51.45586000423182,5.4,12.229818007396496,1,1,1,49.372228405355216,14.623228855879672
fold1_room1_mix3735,siren,4.995,8.797,3.8020000000000005,17.357515658684104,53.25056748828329,46.87030618311972,37.13357268972801,3.3000000000000003,5.075753877664702,0,1,1,61.13139909661878,9.575603468883461
fold1_room1_mix3737,siren,1.998,7.004,5.005999999999999,29.985470041189636,11.337293975437971,41.85251850749778,50.30054756853308,6.7,11.219334523675542,1,1,1,52.42633168793019,5.882130181276769
fold1_room1_mix3738,backup_beep,4.145,9.625,5.48,11.698070173675866,20.487140335614093,24.858525252214157,19.99118285054677,3.9000000000000004,11.681342643163417,0,1,1,40.4230071898159,2.9559751382097628
fold1_room1_mix3739,horn,1.232,6.19,4.958,23.574089347693786,7.537171304657672,12.374657483048153,22.27918826685854,5.1000000000000005,3.333262086621418,1,1,1,64.94662644066733,6.070852515486296
fold1_room1_mix3739,backup_beep,1.534,5.548,4.014,5.2311440582697175,4.902956528980318,14.998817318595314,15.561590065814002,3.8000000000000003,4.444308865679956,1,1,1,64.94662644066733,1.2033247829224296
fold1_room1_mix3740,siren,2.659,4.991,2.332,31.352513186700996,7.603429490052265,29.780478628868394,42.0857353546247,5.6000000000000005,4.1621632880514445,0,1,1,59.20059575870191,10.596677035717354
fold1_room1_mix3741,horn,2.967,8.892,5.924999999999999,22.475573272338288,39.95030871622005,38.063963238090636,33.06777600181148,5.0,10.600873983809722,1,1,1,55.5540022076856,9.846101332947933
fold1_room1_mix3744,horn,1.929,5.169,3.2399999999999993,26.806565683145653,6.7793913155055225,38.1345805361194,50.07559004255674,5.800000000000001,5.151870242173984,0,1,1,52.15392447222774,6.758720181939678
fold1_room1_mix3750,siren,3.215,5.36,2.1450000000000005,12.34801265003863,27.54545432470793,73.95082335333926,66.98176587061324,3.5,11.876996157603896,1,1,1,41.126879475901205,13.1714051610755
fold1_room1_mix3751,horn,2.405,8.075,5.67,11.86258310687606,41.47961628934543,61.27545186616287,50.40234262151807,3.1,10.603165356557215,1,1,1,42.42857566362396,8.01181834693525
fold1_room1_mix3752,bike_bell,0.799,2.975,2.176,23.907167623682447,18.757763445066757,12.759825517275075,14.86676695593944,6.9,14.071106501469988,0,1,1,52.481330264287166,3.1817892890460966
fold1_room1_mix3753,backup_beep,5.255,7.311,2.056,15.154096632317842,17.3616717055126,18.784416347289813,17.603186596135515,3.3000000000000003,14.41065889618214,0,1,1,44.560811094685356,2.4292634666567112
fold1_room1_mix3754,siren,3.423,6.7,3.277,17.00032544958776,10.417855075096016,48.37717170523747,52.630750183099764,5.6000000000000005,6.384107387010748,1,1,1,49.70461033161757,7.321230110066094
fold1_room1_mix3754,backup_beep,1.687,4.485,2.798,7.691259406285495,4.553100063481366,13.489264613800088,18.04306990037,3.9000000000000004,4.289247671512138,1,1,1,49.70461033161757,2.8297924674885278
fold1_room1_mix3755,siren,1.508,4.189,2.681,70.41246759777349,32.03915951905626,38.24624174794652,45.085610740844594,6.2,12.32313704536664,0,1,1,49.325898371455516,14.826821940867486
fold1_room1_mix3756,horn,2.482,5.66,3.178,21.509754086497594,16.69349235477892,30.842681501041064,33.044446355180575,4.3,5.314286458959723,1,1,1,50.14934489793843,11.538368769928493
fold1_room1_mix3758,siren,2.534,5.236,2.702,17.25486906339949,22.662917448780984,60.787630009625765,58.419547033741075,3.6,11.137842771211245,1,1,1,45.55511572976416,12.182928245796525
fold1_room1_mix3758,bike_bell,1.481,5.482,4.001,21.647550546934713,17.520082770044553,18.5158340568344,20.35328623323455,4.0,14.489346804230113,1,1,1,45.55511572976416,6.4828218658414904
fold1_room1_mix3760,siren,1.067,5.594,4.527,20.343347266754495,14.156723068367583,58.07893329946089,61.22812682239833,4.1000000000000005,11.447566373150003,1,1,1,60.71808634351189,5.554565068078241
fold1_room1_mix3765,bike_bell,1.074,6.107,5.033,15.376475468612943,7.503011949030616,-5.382483081040121,0.8499401512674183,4.800000000000001,5.301553774159482,1,0,0,64.4772494933811,3.9235662350250453
fold1_room1_mix3766,horn,1.221,6.25,5.029,34.0009716666845,18.167296186825958,22.499551494452604,27.94357212726389,4.9,14.506692832104811,1,1,1,56.71923439835966,8.290194856175486
fold1_room1_mix3766,bike_bell,2.245,6.856,4.611,12.471223551392306,23.81156257532996,12.104538357374636,6.486961724158199,3.1,11.404415982072429,1,1,0,56.71923439835966,5.629314125494933
fold1_room1_mix3767,backup_beep,0.343,3.829,3.486,18.02651223625392,11.529019048832332,11.463610937454064,15.345997956382817,5.5,10.554683149861816,0,1,1,50.04782931824529,2.860987799719177
fold1_room1_mix3768,siren,2.174,6.781,4.606999999999999,40.24370111424288,22.564919909890744,61.807362795656424,66.83264516508163,5.2,11.339240479016603,1,1,1,47.943410327395675,12.617617467678008
fold1_room1_mix3774,backup_beep,2.723,5.352,2.6290000000000004,8.294029274166792,7.725137636691934,8.995220915447995,9.612407675851408,4.800000000000001,7.673240240662437,1,0,0,62.83887412044856,1.5381696846946316
fold1_room1_mix3774,bike_bell,1.627,5.055,3.428,18.376925854876088,8.159449042000848,-6.886688725523577,0.16555184679712198,4.9,8.10448278823315,1,0,0,62.83887412044856,5.091934995364575
fold1_room1_mix3775,siren,4.222,6.49,2.268,4.595633613598415,25.39853221011181,79.90970785646158,65.06044341639955,4.4,3.93128722231386,1,1,1,51.99354057055118,12.11867130218813
fold1_room1_mix3775,backup_beep,6.034,9.526,3.492,4.814195324668984,7.838888806517745,26.156653558576544,21.922037612329596,5.6000000000000005,4.772384709093122,0,1,1,51.99354057055118,1.5988623459796278
fold1_room1_mix3776,horn,5.469,8.628,3.159,17.456893818965817,51.942690742113655,51.02847623078573,41.55732677242378,4.5,13.040505721384413,0,1,1,44.12815255374092,12.24167070363702
fold1_room1_mix3777,siren,2.917,5.921,3.0040000000000004,19.867019919090076,18.89457064112489,55.91987797110118,56.35579196558569,4.5,14.323466546346095,1,1,1,63.403098077969155,8.684995643986921
fold1_room1_mix3779,bike_bell,1.45,7.248,5.798,10.57677672008718,20.80426847373373,9.048150576068366,3.17216831057506,3.3000000000000003,5.0847302217858426,1,0,0,60.035784111155806,5.079137983822898
fold1_room1_mix3780,horn,3.175,6.373,3.1980000000000004,8.749577223463497,28.005978499281834,49.83563131061933,39.73035766083223,3.5,8.170864674635265,1,1,1,42.92671191553652,9.355286542697684
fold1_room1_mix3782,bike_bell,1.772,7.097,5.325,26.54478982715753,14.083797825443293,13.790087361679802,19.29527754160069,6.0,12.80700052583252,1,1,1,50.707498159361585,5.4671294489305495
fold1_room1_mix3786,siren,4.31,9.601,5.291000000000001,21.056630089773055,34.36661168402189,43.33773721220787,39.08278025283579,6.300000000000001,3.4247392568427606,1,1,1,48.597422836937156,10.389754906002953
fold1_room1_mix3786,bike_bell,2.917,7.917,5.0,22.79669506474385,7.264828393933477,10.042185995786703,19.97511659470827,6.800000000000001,3.681176200363901,1,1,1,48.597422836937156,5.752653288854945
fold1_room1_mix3788,backup_beep,0.421,3.735,3.314,15.79833923793,14.357556355338723,11.77681114447757,12.6074292560724,4.9,14.24330209583812,0,1,1,52.04691328915438,1.516856059431573
fold1_room1_mix3788,backup_beep,4.964,8.015,3.051,12.063636604489364,12.846384888329974,11.142193655662929,10.596139989295786,5.4,12.034581275924833,1,1,1,52.04691328915438,1.748717466729397
fold1_room1_mix3789,horn,4.637,8.97,4.333000000000001,13.607534504020247,36.89203086438551,39.81918512685347,31.156122745034068,4.800000000000001,13.559298109723736,1,1,1,62.051579273733964,8.185673949505773
fold1_room1_mix3792,siren,0.763,6.743,5.98,56.3275122565262,4.411753684892228,44.6969055727193,66.819091845486,6.5,3.7059085485546936,1,1,1,64.01801402478783,9.799198500735208
fold1_room1_mix3793,backup_beep,2.031,7.178,5.147,15.002000122597572,13.034814307178019,2.110521792810907,3.3314081137777336,6.800000000000001,13.01859772621925,1,0,0,62.84708790774429,1.5752197000306072
fold1_room1_mix3797,bike_bell,2.51,6.134,3.6240000000000006,17.401048518348823,5.458564865422733,23.698940789579865,33.768879638409715,6.7,4.977207135431556,0,1,1,41.70897947860706,3.9825431109975895
fold1_room1_mix3799,backup_beep,4.989,9.253,4.264,6.090040408760727,7.944654434363584,17.46575803126659,15.156661284687964,6.4,5.317603877187949,1,1,1,46.19484463569835,2.080515544292034
fold1_room1_mix3801,horn,3.53,8.677,5.147,20.872881066488187,46.92427779273207,51.914210385575885,44.87790641262491,5.1000000000000005,7.257205431909123,1,1,1,42.66786796752629,12.81149675772982
fold1_room1_mix3803,siren,1.86,4.187,2.327,21.283411861363014,10.480208293707166,42.038657641474344,48.19208434052706,3.5,6.771697356357805,1,1,1,57.13046968844539,12.112077575448517
fold1_room1_mix3809,horn,1.64,5.254,3.614,58.70899938305964,16.87676773200316,34.04271668653717,44.87102478755782,6.1000000000000005,12.614873772582667,0,1,1,50.25686634984111,12.761515678105127
fold1_room1_mix3809,bike_bell,2.732,6.66,3.928,26.720180811680173,9.691164435040577,11.97321831528047,20.782486917060147,6.5,9.61602053482875,1,1,1,50.25686634984111,6.655803042552276
fold1_room1_mix3810,backup_beep,2.548,7.31,4.762,8.509847966515892,7.841266294636355,9.723853145758234,10.43456510952064,5.800000000000001,7.627423297208451,1,0,1,51.705153894116414,1.1745466678898289
fold1_room1_mix3810,backup_beep,2.934,5.449,2.5149999999999997,7.365270572924722,5.223797471093701,22.184177819186225,25.1682253200889,6.800000000000001,4.858218414546533,0,1,1,51.705153894116414,1.4377191181780389
fold1_room1_mix3811,backup_beep,0.742,6.008,5.266,11.627677277950951,12.042924892693438,18.250048715206184,17.945268550217328,3.1,10.66848394113075,1,1,1,49.57614874303733,1.9392619369375967
fold1_room1_mix3812,bike_bell,5.196,8.062,2.8659999999999997,14.225168635301028,20.4435056177396,5.344246684022252,2.1942877560848473,5.4,14.198953731457095,1,0,0,61.331271532237054,5.443272349874176
fold1_room1_mix3813,siren,4.215,7.89,3.675,7.2493175629381605,29.223061951926493,54.85651630908358,42.74794443061946,3.4000000000000004,5.152930409284804,0,1,1,62.256587478533795,6.439295902356317
fold1_room1_mix3813,backup_beep,0.693,6.064,5.371,8.23029047033141,7.404614427296444,4.4651393442327745,5.383393625888907,4.2,7.035506534499866,1,0,0,62.256587478533795,1.2250304219927877
fold1_room1_mix3814,backup_beep,3.241,7.159,3.9179999999999997,9.589149433972125,5.774777501297151,28.610780487152333,33.015677103018795,6.6000000000000005,5.651790018256542,1,1,1,41.98608052829167,2.280661596861185
fold1_room1_mix3819,horn,4.796,7.638,2.8419999999999996,24.21913167370766,65.51614937429197,38.13062953392364,29.486833612964304,3.3000000000000003,8.650845165017136,0,1,1,62.812109045897884,14.890686072692558
fold1_room1_mix3821,horn,7.39,9.423,2.0330000000000004,21.326920964355857,45.866969160249965,20.486680570767092,13.835242893259519,5.7,6.209816061554337,0,1,1,63.35622068783859,12.316563760256965
fold1_room1_mix3823,backup_beep,3.166,6.257,3.0909999999999997,16.090946386318798,14.22029661350797,6.776627603073919,7.85008625516538,5.7,14.136153204112361,1,0,0,63.28172168578135,2.9882572090099555
fold1_room1_mix3827,backup_beep,4.658,9.58,4.922,15.258581017628686,21.91095499929089,23.77684639271982,20.633903214241215,3.0,14.71927759950954,0,1,1,44.42498127299973,2.480496051530705
fold1_room1_mix3829,siren,2.842,8.363,5.520999999999999,16.32858266922481,36.07685844927945,34.98303679102362,28.09743232966072,4.5,5.338843058739701,1,1,1,61.14211034851205,9.257574295695985
fold1_room1_mix3830,siren,3.812,6.901,3.089,34.54262119331749,13.045878442666634,39.68056685450222,48.138206102637454,6.4,11.60237636473737,1,1,1,56.18963158981802,12.466213738346402
fold1_room1_mix3833,siren,0.823,3.556,2.733,28.288972227641228,14.68413434273278,46.27794860285104,51.973325006134075,4.5,13.111097480821348,0,1,1,60.90652136174751,6.751401703863572
fold1_room1_mix3836,siren,4.172,7.764,3.5920000000000005,21.912476730998502,14.80615245332201,53.80933341115656,57.21431843290877,6.5,9.72969582280721,1,1,1,44.750970779946954,8.575110666347975
fold1_room1_mix3839,horn,1.514,7.096,5.582,23.067774211514664,9.895011430634332,31.169475600127726,38.5212634326937,5.6000000000000005,6.0158152086234,1,1,1,53.752512425167254,5.397675431184758
fold1_room1_mix3840,horn,3.174,6.381,3.2070000000000003,15.01691539530607,32.14249466771302,57.78228529991647,51.172308368839865,4.0,10.452180257577675,1,1,1,46.12722239960179,12.840644353061968
fold1_room1_mix3841,horn,2.568,5.488,2.9200000000000004,31.63585497308199,5.301434924185738,28.35255093584638,43.86827375988442,5.2,3.765690718616626,1,1,1,46.493839595406186,12.0389748225038
fold1_room1_mix3842,bike_bell,4.589,7.381,2.792,11.39089052587745,11.043163611688927,12.85364063608452,13.12292406501723,6.0,9.031351568167635,1,1,1,53.076850500054064,4.7650811038491
fold1_room1_mix3846,siren,0.594,4.76,4.1659999999999995,19.392303501101402,14.894118364476936,45.592394709242164,47.88468668165486,3.0,8.175779964748834,1,1,1,59.87774778776983,7.210284376155352
fold1_room1_mix3848,bike_bell,2.402,7.492,5.09,14.134169016597749,13.550536881941744,25.428019970526755,25.794295524543436,5.0,8.380282031401679,1,1,1,45.49725534540243,4.32846750811621
fold1_room1_mix3850,backup_beep,6.281,8.79,2.5089999999999995,12.345628936607842,14.89765973348552,5.9265485635012425,4.294451941719885,3.6,11.290299325097466,0,0,0,61.27337942718145,1.8832314242758676
fold1_room1_mix3853,siren,3.526,7.447,3.9210000000000003,36.83505785490802,14.845883067160145,41.31901897702221,49.212125392689146,6.9,13.596354165843866,1,1,1,54.55247712797002,10.254626067168076
fold1_room1_mix3853,backup_beep,5.994,8.953,2.9589999999999996,10.04378494481225,11.621408112749968,17.077147353506774,15.809920401783486,5.9,10.043060352007814,0,1,1,54.55247712797002,1.932041969338204
fold1_room1_mix3854,bike_bell,0.759,4.21,3.451,37.18227354515181,16.47721946593084,-6.623452128858943,0.4455881777304853,6.7,5.5477944174123675,0,0,0,64.00687845579085,6.157710356850745
fold1_room1_mix3854,bike_bell,1.713,7.45,5.737,13.42585105012083,22.34866784357195,5.575986748410855,1.149790424975322,3.8000000000000003,3.5151736393125077,1,0,0,64.00687845579085,6.10612699773822
fold1_room1_mix3856,bike_bell,1.494,5.765,4.271,17.191882324263226,19.974072051507406,6.414926475145286,5.112062828411126,3.4000000000000004,11.68594529944767,1,0,0,50.152894467423614,6.746103470819325
fold1_room1_mix3859,horn,2.101,8.011,5.909999999999999,23.98493278938608,13.41473167813111,54.24834105433383,59.29547136432419,6.300000000000001,10.25823430168357,1,1,1,41.07312341248291,5.131350565563595
fold1_room1_mix3860,siren,1.388,6.098,4.71,54.9827841525871,19.75860796345377,32.08503026673351,40.97443792680035,5.0,12.388029672969198,1,1,1,59.360116870735666,14.64561268400156
fold1_room1_mix3861,siren,3.024,5.698,2.6740000000000004,29.738281170617206,3.693629612910733,47.86443919937804,65.98168959735855,5.6000000000000005,3.4906622508502525,1,1,1,56.96418784501779,11.497110256642001
fold1_room1_mix3861,siren,4.647,8.375,3.7279999999999998,19.510283197925297,57.088617787657775,61.08799535188109,51.76227625657168,3.3000000000000003,12.77191181273032,0,1,1,56.96418784501779,10.969075130719077
fold1_room1_mix3862,horn,1.22,5.413,4.1930000000000005,18.8777081666523,17.872451667191307,40.6975737027299,41.17287643698069,3.5,14.786867820576818,1,1,1,59.831779896285894,5.193144338882733
fold1_room1_mix3862,bike_bell,4.624,6.91,2.2860000000000005,10.25977657747853,9.900460480844535,9.612560909199047,9.922211086856464,5.9,8.95082310499788,1,0,0,59.831779896285894,4.046501472951013
fold1_room1_mix3863,siren,6.582,9.69,3.1079999999999997,33.679306496169104,64.8156446347383,48.74773824574709,43.061404154851886,3.3000000000000003,4.6977259427504166,0,1,1,40.240848343194244,10.068994650767758
fold1_room1_mix3863,siren,2.949,8.221,5.272,32.05715008591782,23.690987978202863,50.46117989630689,53.08801465926979,6.0,4.260358894576091,1,1,1,40.240848343194244,10.447257872678454
fold1_room1_mix3865,backup_beep,0.834,3.262,2.428,18.661213657799937,15.974626415768945,23.20434442991764,24.55452792543546,6.4,14.531056656444536,0,1,1,40.445825309700105,2.089067113662284
fold1_room1_mix3865,backup_beep,0.324,6.309,5.985,18.574150805867422,8.648839911697719,24.67749775367019,31.316519930467614,6.0,8.593734431793065,1,1,1,40.445825309700105,2.9147081219470685
fold1_room1_mix3866,siren,1.201,5.662,4.461,26.45591068280446,6.597274355656056,57.20074458783913,69.26390799939213,5.0,5.06205426338126,1,1,1,48.98441310862059,6.771155784759179
fold1_room1_mix3866,siren,0.996,4.159,3.163,29.5518321729367,9.336236507375432,61.125333614587426,71.13358495264026,3.6,6.791611216715054,1,1,1,48.98441310862059,11.1193751012213
fold1_room1_mix3867,siren,3.788,6.872,3.084,27.164964564066096,4.1680176466298535,62.394394406646526,78.67598628316276,6.9,4.1399448470189695,0,1,1,48.62187829229951,8.50895498212846
fold1_room1_mix3868,backup_beep,2.61,6.005,3.395,4.894357097752043,5.315560813516503,29.089064981418254,28.371996214454747,4.2,3.1581536432723913,1,1,1,42.8006167121222,2.360766188224721
fold1_room1_mix3872,bike_bell,5.231,8.294,3.0630000000000006,9.898231332921196,19.654871447262206,18.148811211376966,12.190559049145008,3.7,7.969518644643934,0,1,1,47.17079613369856,3.948592865527994
fold1_room1_mix3875,bike_bell,2.996,8.519,5.523,22.087209952314602,20.40775729433142,-4.957346130983119,-4.270434555404819,5.9,8.97876676108739,1,0,0,64.3716991458644,6.972030739951684
fold1_room1_mix3876,backup_beep,3.488,8.988,5.5,15.549374010347393,16.373679482497884,2.742616183610977,2.293948684712575,6.0,13.78535029172609,1,0,0,62.01233089859423,2.914695646525482
fold1_room1_mix3876,bike_bell,1.287,4.052,2.7649999999999997,22.745802761116387,5.786915681291266,-2.2711917062100113,9.617890581382909,4.800000000000001,3.066331128716698,0,0,0,62.01233089859423,6.375711904609558
fold1_room1_mix3877,siren,1.921,5.412,3.4909999999999997,19.518114830397057,33.32369597344426,66.92046962479742,62.27416372854283,3.1,11.841611856816085,1,1,1,49.28372276205617,13.367855870500696
fold1_room1_mix3877,horn,0.663,3.931,3.268,66.35027873381347,26.52204102683388,33.840445746696815,41.80516192911962,6.1000000000000005,3.815952118473486,0,1,1,49.28372276205617,12.237869734373927
fold1_room1_mix3879,siren,4.711,8.587,3.8759999999999994,12.131130809776986,21.300090589236603,32.2191395832033,27.329536288149754,6.0,5.543504528043773,1,1,1,62.67266254110346,8.09235534316116
fold1_room1_mix3883,siren,0.559,3.626,3.0669999999999997,33.79933580932063,20.36704174669396,66.34454181377305,70.74414606307909,6.300000000000001,14.50948807888903,0,1,1,40.76281561493755,5.292836621598436
fold1_room1_mix3884,backup_beep,2.059,6.692,4.633,11.736253975020634,10.497324781469105,17.13531126091027,18.10432855927081,4.800000000000001,9.246463960679982,1,1,1,54.765377368884316,2.6327444273623426
fold1_room1_mix3885,backup_beep,2.506,7.372,4.866,9.288131665364089,14.26557188387362,7.147411043378959,3.4201945768379645,3.4000000000000004,8.978402652031999,1,0,0,62.5618069577365,2.7674932169756654
fold1_room1_mix3887,siren,3.071,6.427,3.3559999999999994,17.11148493246107,22.642115275635298,49.867376508595534,47.43479054958545,4.4,12.26848039563697,1,1,1,53.264250973389856,9.227077903224863
fold1_room1_mix3891,backup_beep,3.152,7.297,4.145,6.508956919434459,5.690341740439676,12.414192852115107,13.581653808900427,5.5,4.111290665649468,1,1,1,59.07856389040043,2.166625667841354
fold1_room1_mix3892,siren,5.567,8.15,2.583,9.752024772808301,24.72256900207538,85.6572259724295,77.57724993508937,4.7,7.878183135997324,0,1,1,40.0492703784482,6.846213332588221
fold1_room1_mix3892,backup_beep,2.801,4.819,2.018,11.065911924220503,10.714629422117786,25.446278427163122,25.726479511101644,4.3,10.669354133036201,1,1,1,40.0492703784482,1.9426197969762369
fold1_room1_mix3893,backup_beep,1.491,5.119,3.6279999999999997,14.34840049022447,11.894705894059175,30.740853620395207,32.36984925831754,5.800000000000001,11.829678611353835,0,1,1,40.92188022868407,1.8955913742125234
fold1_room1_mix3894,backup_beep,0.924,4.597,3.6730000000000005,8.690654577320151,8.453176972983426,15.711763709828446,15.952414255470025,3.1,8.270149339572962,1,1,1,44.38221011093175,1.2037542040329323
fold1_room1_mix3896,backup_beep,1.938,6.063,4.125,9.305733875988626,8.621855099646071,8.143210391832518,8.806208566477572,5.300000000000001,8.585230896242662,1,0,0,56.14875331632812,1.062885591617551
fold1_room1_mix3897,bike_bell,0.501,3.541,3.04,30.206478461976488,11.634006251724857,18.322170056602303,26.609586144123853,4.9,7.341654046601281,0,1,1,42.560589138275915,6.669628891445038
fold1_room1_mix3901,backup_beep,5.114,7.122,2.008,15.494038751679309,17.983984459608987,9.346544627149335,8.052119011713096,3.8000000000000003,14.979474532036479,0,0,0,60.25945108118885,2.9839883463586445
fold1_room1_mix3902,horn,3.157,5.226,2.069,44.9161988434779,18.621067151120833,28.884453861140976,36.53242245166425,6.2,12.805428075257526,0,1,1,46.384580337948584,14.272334645852926
fold1_room1_mix3902,backup_beep,4.181,6.756,2.575,8.75860066782163,7.096981895743972,24.373150459914548,26.20037103165931,6.5,7.0777386795483475,1,1,1,46.384580337948584,2.2071395637434765
fold1_room1_mix3903,bike_bell,3.726,8.427,4.701,13.27681173492066,18.863622479653653,18.499092960527342,15.448466975848525,5.6000000000000005,6.229080014489208,1,1,1,52.51271856559318,6.2817455554617805
fold1_room1_mix3905,siren,5.968,9.2,3.2319999999999993,23.42198786702473,56.21459932302607,58.74267323057168,51.138165873554556,3.7,4.459519287075114,0,1,1,42.74336604994434,10.223833008017271
fold1_room1_mix3906,bike_bell,3.013,7.496,4.4830000000000005,14.162486956453385,12.98927235159896,6.206537074183352,6.957631073311795,5.5,9.946329803430082,1,0,0,60.75068920331169,4.112974783312264
fold1_room1_mix3907,bike_bell,1.232,7.12,5.888,14.618902337648935,27.811222183014934,-3.5124451578926923,-9.09855135520516,3.2,5.140256309850889,1,0,0,63.99980665237405,6.966286461262629
fold1_room1_mix3908,horn,6.251,8.809,2.557999999999999,26.07728477149823,48.00796843135724,53.19952721122539,47.898508040578406,3.3000000000000003,5.019892135220925,0,1,1,40.152751533210676,8.66115388345078
fold1_room1_mix3911,siren,6.097,8.385,2.2879999999999994,32.29139005173217,54.09552541333664,38.58951949537115,34.10802744000513,3.2,13.430822618100024,0,1,1,52.06934726855724,10.068035924487278
fold1_room1_mix3913,backup_beep,3.002,8.449,5.447,7.332181320418514,8.119301874598252,11.499156031121743,10.61344618201916,5.5,3.7571762050596456,1,1,1,59.404464965769506,2.477660247566206
fold1_room1_mix3920,siren,1.786,4.634,2.8480000000000003,50.56276549994129,23.112821879065145,54.92872004265455,61.72827698301536,6.300000000000001,14.529539369730763,0,1,1,48.62219842479267,10.693441592981692
fold1_room1_mix3921,bike_bell,2.911,8.49,5.579000000000001,9.363353521550355,22.042857872334686,15.900557033799863,8.463827442578228,4.0,7.7455280646639775,1,1,0,45.26661821802637,4.643039360822746
fold1_room1_mix3926,horn,3.977,8.607,4.629999999999999,10.72023507460853,30.94263713921208,38.27596059971742,29.068900285551564,4.800000000000001,8.201657838151588,1,1,1,61.15912786682803,7.937833280083057
fold1_room1_mix3929,backup_beep,1.48,4.431,2.951,11.866755412681544,10.41366311216374,2.5094027372740726,3.643972082419346,4.800000000000001,10.394574189163727,0,0,0,55.18492675323198,1.7263537584103543
fold1_room1_mix3932,bike_bell,4.271,7.434,3.1630000000000003,15.53725501558186,22.797604004222947,21.850975244758153,18.520677010326402,3.1,14.815419148640556,0,1,1,47.34664029188722,3.9982580634042746
fold1_room1_mix3938,backup_beep,4.272,9.668,5.395999999999999,9.49097009350942,12.70099498076034,27.274359915092447,24.743817125448004,5.4,9.210287418720254,1,1,1,44.818094322280615,2.0453644981529915
fold1_room1_mix3938,bike_bell,1.351,7.223,5.872,8.846957469123335,20.170240908085567,17.145694440252193,9.987351522352363,3.1,3.6031574798932358,1,1,0,44.818094322280615,4.756576075218739
fold1_room1_mix3939,siren,5.393,7.887,2.4939999999999998,23.64158567497808,53.44604060732078,30.894074107128887,23.809295399747455,4.0,14.69226638529496,0,1,1,61.20568953754626,13.177434433383747
fold1_room1_mix3939,horn,2.971,8.565,5.593999999999999,13.071681048688783,57.264816363211025,36.4007770132899,23.569648415175564,3.7,9.481050913353808,1,1,1,61.20568953754626,11.706822047302872
fold1_room1_mix3940,horn,4.409,6.541,2.1320000000000006,7.575047273794983,18.577136104390206,41.563328149137945,33.7714598401585,3.4000000000000004,4.674332624163122,0,1,1,61.24941919166967,5.635148310850537
fold1_room1_mix3943,horn,4.109,7.906,3.7969999999999997,16.204910961157935,40.83743565086648,50.4827304521248,42.454494171498965,4.800000000000001,13.716760900586344,1,1,1,44.38013646255267,12.402827154075286
fold1_room1_mix3944,horn,2.376,4.575,2.1990000000000003,47.03767196124064,16.22132699965372,29.825840151092763,39.07302894848867,5.6000000000000005,6.479834491627174,0,1,1,62.57738587084816,14.423898286271108
fold1_room1_mix3945,backup_beep,1.246,5.993,4.747,13.143443744173787,13.033799063512086,7.1206371032645706,7.193400088432853,3.9000000000000004,12.813298025690639,1,0,0,49.780663298340386,1.1197460912001216
fold1_room1_mix3946,bike_bell,5.833,8.704,2.8710000000000004,17.03359938087892,26.383864506084752,15.128197251098428,11.327557665369447,3.0,12.622512657348103,0,1,1,44.512510086422324,4.0859070716413175
fold1_room1_mix3948,horn,0.61,5.34,4.7299999999999995,90.50230383389794,24.09132395670045,17.705222680037366,29.201202023022674,7.0,6.991249940271163,0,1,1,58.47409215578037,14.201480610584081
fold1_room1_mix3949,siren,4.048,8.333,4.285,14.24941539942202,32.226567164708634,69.52656071839938,62.43822074079472,5.0,10.958938144919719,1,1,1,41.08384706892464,9.20013811597649
fold1_room1_mix3950,siren,1.858,6.462,4.603999999999999,17.49814453075447,21.288058888756648,28.076919318522243,26.374038047704417,3.7,13.05305251689809,1,1,1,64.02782153127762,6.18487066826558
fold1_room1_mix3953,horn,0.351,5.115,4.764,43.36236898629118,10.041184136289855,24.099429353831567,36.805990741831366,6.1000000000000005,7.072418011071019,0,1,1,63.93928752504884,7.483318224745542
fold1_room1_mix3954,siren,4.899,9.081,4.1819999999999995,7.747220227836642,43.06756183659026,61.17270533501857,46.27261764993606,4.3,5.755432799296639,0,1,1,54.04913100072307,8.965208540192524
fold1_room1_mix3956,horn,1.863,7.764,5.901,46.124528588383086,19.57180576465181,43.23820586316908,50.684226732297354,6.1000000000000005,9.546160302022312,1,1,1,45.1783641254606,10.543975594721736
fold1_room1_mix3959,backup_beep,2.272,6.387,4.115,13.715566567517289,8.218658393979013,9.047483605203055,13.495740061145554,6.4,8.218698297176884,0,0,1,59.01383259602149,2.6664854788459316
fold1_room1_mix3960,backup_beep,2.846,8.746,5.9,7.78479784181278,8.054649573138427,24.279761369038035,23.983775138381667,5.6000000000000005,6.898724030445546,1,1,1,47.50536928448867,1.3160392783725208
fold1_room1_mix3962,backup_beep,0.522,5.491,4.968999999999999,13.902811467390842,12.76221165590991,7.631378439926266,8.374912250014091,5.300000000000001,12.759372953706391,1,0,0,61.11531469613381,1.1663700739774454
fold1_room1_mix3964,siren,1.048,4.794,3.7459999999999996,39.9576210545998,14.401187201140717,60.68537139986722,69.54939796060373,4.2,12.46053258254606,1,1,1,49.389075262834865,12.06230282916512
fold1_room1_mix3964,backup_beep,0.821,5.212,4.391,16.051037551500176,11.46476426799864,15.248570938447884,18.171330565244347,6.0,11.331233873340857,0,1,1,49.389075262834865,2.1916556289241482
fold1_room1_mix3966,siren,2.934,6.583,3.649,12.143236236309658,21.468579732195867,53.25189637842385,48.30251896990906,3.2,12.03552501055229,1,1,1,60.414549985639184,5.318378774431462
fold1_room1_mix3967,horn,5.617,9.664,4.047,14.685556723225028,70.98704490181505,34.01564779424426,20.329874147312424,4.9,9.61740566418267,0,1,1,55.93366342567542,14.632946426885693
fold1_room1_mix3970,siren,1.307,6.001,4.694000000000001,53.89879818745959,15.089473906461354,52.9499622533437,64.0080619171483,5.300000000000001,11.308480177514397,1,1,1,47.202304978230316,13.360555507165925
fold1_room1_mix3972,backup_beep,1.511,7.066,5.555,11.560564437620195,9.360309789480306,13.498028547058631,15.331804874108293,6.2,9.264028862384347,1,1,1,48.713052789083356,1.486204942545836
fold1_room1_mix3972,bike_bell,3.69,6.985,3.2950000000000004,15.260454342467577,31.054753555497467,11.891879015635276,5.720666550478661,3.0,14.558325434711078,0,1,0,48.713052789083356,6.9351726426111835
fold1_room1_mix3973,horn,4.263,8.578,4.3149999999999995,4.46025576253995,55.22078356920994,58.941293387868456,37.08643735009251,4.0,3.3859840039129674,0,1,1,45.368206670012015,12.097812745325747
fold1_room1_mix3975,horn,1.758,6.387,4.629,39.2927165390468,13.73242588668419,43.44048240929961,52.57177823685472,6.4,13.729242236370805,0,1,1,41.26458078442045,7.850218667196685
fold1_room1_mix3979,horn,2.704,5.553,2.8489999999999998,9.319513294239718,23.24746383059838,36.010686346722856,28.07103937668071,3.4000000000000004,5.720615442241997,1,1,1,54.30391241736087,10.491423505662597
fold1_room1_mix3982,horn,1.883,6.605,4.722,18.389024634258153,38.19844254114806,39.39601086748604,33.046271642173835,3.2,12.087708750117619,1,1,1,48.95570772165374,10.608655686149882
fold1_room1_mix3983,siren,2.76,7.458,4.698,10.07160402450371,63.22892877073854,48.817750312121674,32.86140668560812,3.2,7.227671195650275,1,1,1,51.88637159646372,14.867511058901332
fold1_room1_mix3985,backup_beep,1.59,6.253,4.663,9.63781684244816,10.11887351479607,-0.3925598185220025,-0.8156297905786616,3.4000000000000004,9.26596113291261,1,0,0,58.85669262467954,1.4407179051712806
fold1_room1_mix3990,bike_bell,2.271,4.874,2.6029999999999998,7.9758525752148115,8.642141571277206,13.484348841172796,12.787463671090059,3.5,4.517960863657292,1,1,1,54.786528613012216,5.355353806218171
fold1_room1_mix3991,siren,1.343,4.983,3.6399999999999997,45.57525996664452,6.739136878126228,44.66889263162702,61.27139017593723,5.5,3.464688417804166,0,1,1,59.863193548987866,10.89598781673503
fold1_room1_mix3991,bike_bell,0.94,3.948,3.008,17.608126849201806,8.292315867990668,9.490934627591429,16.031681057394934,5.800000000000001,5.281544818904033,0,0,1,59.863193548987866,3.458963806498247
fold1_room1_mix3992,siren,1.62,4.251,2.6310000000000002,20.631904393286383,10.455042668007172,42.99080954520667,48.89507968705534,3.9000000000000004,10.157929238129006,1,1,1,57.502589649558985,7.771250841559246
fold1_room1_mix3993,siren,4.547,8.68,4.133,23.656530430294648,75.67078550748484,30.967276266384403,20.867732410768838,3.2,14.632383018705893,0,1,1,62.413261040357725,13.464814651524264
fold1_room1_mix3993,backup_beep,4.029,9.621,5.5920000000000005,12.072690932618023,18.778250751922567,1.1249435006042532,-2.712077528029411,3.8000000000000003,12.054210176256678,0,0,0,62.413261040357725,2.4537409900412053
fold1_room1_mix3995,bike_bell,4.596,7.722,3.1260000000000003,8.499726142438092,11.871821574082105,6.070316103420488,3.1680675502538733,5.9,3.488193885773,1,0,0,56.948231054427616,6.111265897130384
fold1_room1_mix3995,bike_bell,4.708,9.642,4.933999999999999,7.875721601712622,25.92153884095151,12.666451066896776,2.3190425847251177,4.6000000000000005,7.872293734425739,0,1,0,56.948231054427616,4.941379381441711
fold1_room1_mix3996,bike_bell,4.307,9.62,5.312999999999999,11.156509074194647,43.53552978431002,21.45442879045411,9.62811857537811,3.3000000000000003,8.981283429272226,0,1,0,49.93782393906637,6.77170674614284
fold1_room1_mix3999,horn,0.49,4.302,3.8119999999999994,29.96334837492112,5.799316327046257,51.98332982524018,66.24760073497737,4.6000000000000005,5.353656422484599,0,1,1,43.920409249803505,7.148375571955152
fold1_room1_mix3999,backup_beep,6.886,9.299,2.4129999999999994,6.227573552282405,9.260380298348531,34.97926760442386,31.533068469466507,6.4,6.114758484878324,0,1,1,43.920409249803505,2.393015440980691
fold1_room1_mix4000,siren,3.221,8.631,5.41,14.216236936966148,29.948767799432854,70.51982513678591,64.047939025611,3.7,13.934969173430247,1,1,1,41.5259181596367,5.422042205684653
fold1_room1_mix4001,bike_bell,1.309,6.736,5.427,25.698600770998258,11.047311695248863,19.308336704266694,26.641394104944894,5.300000000000001,6.704317697628534,1,1,1,47.12621880984038,6.189412627201717
fold1_room1_mix4007,bike_bell,5.223,9.325,4.101999999999999,4.915982365788692,23.50959618046681,35.16005042850922,21.56735336751062,5.2,4.916250470739763,0,1,1,41.310226503620186,5.591390500732897
fold1_room1_mix4008,horn,3.162,8.07,4.908,41.85040816988711,15.31057500002311,31.21274267712832,39.94690661306983,6.800000000000001,4.718237818453199,1,1,1,54.03026537548865,11.440319213509676
fold1_room1_mix4008,backup_beep,1.47,3.473,2.003,11.783234100613143,6.4171762170608355,15.142632777438365,20.421043592108262,5.4,3.2429790295170404,0,1,1,54.03026537548865,2.89100855741194
fold1_room1_mix4009,horn,2.193,5.606,3.413,37.17771179951537,8.395928181905798,19.892095831500157,32.81637466052159,5.0,3.483759942825181,1,1,1,55.458044126559116,13.085143929339
fold1_room1_mix4010,bike_bell,2.53,4.718,2.188,17.412215467907163,11.859596593067733,14.186135547263184,17.52181786836313,5.5,11.326151185255238,0,1,1,44.254578699751356,4.436933833227254
fold1_room1_mix4012,bike_bell,4.154,7.035,2.8810000000000002,9.592741929921702,13.33879658522426,11.034152290084677,8.170674515817254,4.9,8.870129869223426,1,1,0,49.89387198598001,4.7267759287038
fold1_room1_mix4018,backup_beep,3.37,7.115,3.745,10.14818388768667,9.753710379505595,15.033911374950833,15.378280822273723,5.5,9.26283972837739,1,1,1,56.779006640293034,1.9229663296976416
fold1_room1_mix4019,bike_bell,2.057,6.927,4.869999999999999,12.117212999621463,7.1968001616527255,10.922490095337473,15.447756067160107,5.4,5.063536786005338,1,1,1,50.80792808865461,3.3107116498853753
fold1_room1_mix4020,horn,1.906,5.816,3.91,59.49315056329675,11.084991235362446,35.19536695161166,49.78999923740109,6.2,9.864087510986579,0,1,1,50.695068852347774,13.710644328813038
fold1_room1_mix4024,siren,1.621,4.932,3.3110000000000004,34.018716834801445,7.193892032232948,48.876946106226,62.372026360909246,5.6000000000000005,3.963110623831838,0,1,1,58.69024473563363,8.387639093925012
fold1_room1_mix4024,horn,0.39,3.329,2.939,44.03249982895629,17.679670938403635,21.55036236810814,29.476345660202156,5.0,8.264486503766515,0,1,1,58.69024473563363,9.398006282651128
fold1_room1_mix4026,backup_beep,1.63,7.478,5.848,11.880622003160878,8.159430573184103,10.13739806170475,13.40098460217613,5.9,7.44217322885252,1,1,1,51.7570031176566,2.1557257281510145
fold1_room1_mix4026,backup_beep,2.221,5.016,2.795,9.94660422124951,7.288422424224888,16.72125104420963,19.422077082559646,5.4,7.236565808563203,0,1,1,51.7570031176566,2.1305202875154134
fold1_room1_mix4030,siren,5.072,9.441,4.369000000000001,21.793099824137933,28.728707525921944,52.94287997228402,50.54293837584359,6.9,12.520629498907093,1,1,1,59.45711666670053,10.003080239113178
fold1_room1_mix4030,siren,0.714,3.978,3.2640000000000002,65.34304183736167,23.8631315360102,46.99071104822876,55.74014930187579,5.6000000000000005,10.540776315774885,0,1,1,59.45711666670053,13.198022674443251
fold1_room1_mix4034,backup_beep,0.795,5.408,4.613,18.46330235666085,12.734640746593136,18.18245075028083,21.408904431911658,6.800000000000001,12.315426603576032,0,1,1,43.917681447830184,2.279370206484174
fold1_room1_mix4034,bike_bell,5.113,7.425,2.3119999999999994,3.979270117455805,9.580757811480067,35.70039537215887,28.068466544706475,4.9,3.9061218113040326,0,1,1,43.917681447830184,3.4552349793517165
fold1_room1_mix4035,bike_bell,4.345,8.317,3.9720000000000004,12.385319013965976,9.883574877507758,-2.6822735356973055,-0.7224107244128106,6.6000000000000005,3.787802199565608,1,0,0,62.76919153008727,5.267256697123292
fold1_room1_mix4035,bike_bell,1.187,6.062,4.875,22.993938123488682,5.765124943295662,-9.256912429678934,2.759180259660681,6.2,5.730886209152379,0,0,0,62.76919153008727,4.439131368273502
fold1_room1_mix4041,backup_beep,4.548,7.905,3.357,4.522221251944638,4.196640323336303,13.521031796125541,14.170032943722063,6.5,3.689942823409291,1,1,1,52.34902265677019,1.3748719247459584
fold1_room1_mix4041,bike_bell,4.793,7.796,3.003,11.113574765097354,23.43654344306426,11.509489127161856,5.02869344113391,3.8000000000000003,9.780285641665413,0,1,0,52.34902265677019,5.3347477377745385
fold1_room1_mix4042,horn,6.237,9.189,2.952,14.348992443664287,28.923252841293216,62.34326476584533,56.25475022133715,5.6000000000000005,13.645215093181276,0,1,1,41.143450133485274,7.135001020199699
fold1_room1_mix4042,bike_bell,0.687,4.521,3.8339999999999996,24.003806354537407,11.288551888833606,15.268871329354951,21.821708948067027,5.6000000000000005,10.279190176864333,0,1,1,41.143450133485274,4.440378661059302
fold1_room1_mix4043,siren,0.488,2.628,2.14,39.19883877678041,18.374540536131672,56.61546666462381,63.19660093559415,3.8000000000000003,12.842269812426053,0,1,1,57.45904288510697,11.165349982336622
fold1_room1_mix4043,bike_bell,6.043,9.369,3.3259999999999996,4.786554551894122,12.622170216486884,17.916844418036376,9.494624024544606,6.5,4.4894015493064705,1,1,0,57.45904288510697,4.049369131028941
fold1_room1_mix4047,siren,1.603,3.732,2.1290000000000004,42.520414034393916,21.15089440977619,45.9609380137701,52.02631296541045,5.4,11.321133109548178,0,1,1,54.43740599785661,10.858936697779619
fold1_room1_mix4049,backup_beep,6.968,9.383,2.414999999999999,6.010206133392768,7.523296715626399,14.80276471279845,12.852388248937572,7.0,6.010547665777642,1,1,1,63.79193945354169,1.8720020110396598
fold1_room1_mix4050,horn,1.805,6.356,4.551,42.06017847465827,23.639659495174747,40.27788668348333,45.28248457371218,4.9,13.343986731575392,1,1,1,52.0710528628596,13.054428084042714
fold1_room1_mix4051,siren,1.127,6.92,5.793,25.040556995053766,37.08020089295045,29.47084014132404,26.060878272756803,3.4000000000000004,8.359257350012212,1,1,1,60.90505889128044,10.310846720369142
fold1_room1_mix4052,bike_bell,1.042,6.991,5.949,36.262557739799014,14.968571782376102,-6.019985845504436,1.6655755337488927,5.9,12.851354739481932,1,0,0,55.29696719340005,6.990050453627221
fold1_room1_mix4052,bike_bell,3.528,8.672,5.144,10.931040387413823,11.209854432785887,6.988695134727237,6.769925652255424,6.1000000000000005,5.712620384450315,1,0,0,55.29696719340005,3.687278837208154
fold1_room1_mix4053,backup_beep,2.628,8.345,5.7170000000000005,15.418758387204212,11.558699633244135,10.139179442779799,12.641987939979153,6.6000000000000005,10.41956470829264,1,1,1,54.23334249345583,2.863207925046599
fold1_room1_mix4054,backup_beep,2.34,5.513,3.173,6.283428963303854,5.577614492426436,13.483457845121862,14.518422159186144,4.1000000000000005,4.430144896601355,1,1,1,55.65746122297706,2.4732112287856456
fold1_room1_mix4054,bike_bell,6.631,9.526,2.8949999999999996,17.607249150153542,31.22570179911455,11.770037042663304,6.793623078379568,4.5,12.950202062363207,0,1,0,55.65746122297706,5.693749606319693
fold1_room1_mix4057,horn,1.311,4.895,3.5839999999999996,64.34162566833018,16.19845988416513,31.248497212964644,43.22886331266404,5.9,7.755248437953613,0,1,1,49.45488610405314,13.852876006562422
fold1_room1_mix4058,backup_beep,2.697,4.737,2.04,8.695874634806,5.252170202740376,32.32806964036445,36.707559212228944,6.5,3.8582727286218614,0,1,1,41.47877976639123,2.0729836548905025
fold1_room1_mix4063,horn,1.694,5.58,3.886,45.5342443907784,12.26211926252797,47.93753639539815,59.332988362497126,6.300000000000001,10.004110869984476,0,1,1,47.496068389514924,9.606067461389667
fold1_room1_mix4064,backup_beep,4.597,7.918,3.3209999999999997,8.962879507045075,9.471064542508163,7.516523755900479,7.037498991707054,5.7,8.759304467206608,1,0,0,64.62194016492323,1.657249788737845
fold1_room1_mix4065,siren,4.029,6.153,2.1239999999999997,13.76577165526428,31.912025798259215,33.838445774670745,26.535369512002887,3.2,10.773866712703207,0,1,1,63.29415715019961,10.10745516524693
fold1_room1_mix4067,backup_beep,0.401,5.299,4.898000000000001,9.994873744139738,4.829933400688557,5.499814763547285,11.816538165355432,6.1000000000000005,4.651512998033083,0,0,1,63.59665336577887,1.540287352571282
fold1_room1_mix4069,backup_beep,1.661,7.473,5.811999999999999,15.08011292886536,10.357059910330994,4.127562947134599,7.390925054627758,6.0,9.485437282792857,1,0,0,58.103907007742436,2.7331446941236033
fold1_room1_mix4074,backup_beep,3.568,9.149,5.5809999999999995,10.455680330946388,7.3600092588626795,19.910511487779992,22.95999020975072,6.9,3.1175126218311298,1,1,1,44.90830438922236,2.982880893445557
fold1_room1_mix4077,backup_beep,1.019,6.12,5.101,19.24633272480743,9.730188643265015,0.7180365522055467,6.6425711377114,6.9,9.463689068973286,0,0,0,59.43725345781347,2.8419544102438543
fold1_room1_mix4077,backup_beep,4.698,9.689,4.991,11.772957912966776,12.818499747225307,8.464889236386554,7.725857082534944,6.7,10.778436837896285,1,0,0,59.43725345781347,2.3391205354249633
fold1_room1_mix4081,horn,5.605,7.889,2.284,25.05503020624046,56.003499509317415,42.56628962517692,35.57988492326584,4.2,13.843816067631895,0,1,1,57.140598113524504,14.614953432077709
fold1_room1_mix4081,bike_bell,1.407,4.597,3.1900000000000004,16.27435858999039,5.75353358039647,12.915431132759963,21.94681570957991,5.1000000000000005,5.425558021445893,0,1,1,57.140598113524504,4.206946971271364
fold1_room1_mix4082,horn,3.016,7.891,4.875,40.77837307022373,18.090367449712538,30.939638761840797,37.99928889181736,6.5,10.127245249670338,1,1,1,63.51847967917118,11.180479072229332
fold1_room1_mix4083,siren,2.882,6.959,4.077,37.91339242597011,13.972150750613155,49.12416388044963,57.79475154736784,6.2,11.107155832897126,1,1,1,63.571420399983424,10.970845506422275
fold1_room1_mix4085,siren,2.278,6.438,4.16,22.28090076234994,12.441927921994074,52.160563390258886,57.221464655094024,5.4,10.525588305075173,1,1,1,41.594971729434604,6.3155986295628965
fold1_room1_mix4085,backup_beep,2.42,7.557,5.1370000000000005,10.050764845330377,10.442355799342018,19.388445958717426,19.05645846543395,4.5,9.747326958379098,1,1,1,41.594971729434604,1.2065676351334917
fold1_room1_mix4090,horn,3.426,6.872,3.4459999999999997,33.90227093249618,15.565804676498592,30.181248952674075,36.942393227407,6.2,13.602843473838622,1,1,1,52.2539179386986,11.207354443041865
fold1_room1_mix4092,siren,4.316,7.712,3.396,15.601373159200152,33.830229565625295,31.691796442406996,24.96895403734932,3.3000000000000003,14.025144999068445,0,1,1,63.05543751515425,7.0513819498724555
fold1_room1_mix4093,siren,3.126,7.202,4.0760000000000005,14.61825963040751,16.50391860911201,72.0228839836127,70.96905593936432,5.0,3.3677071115914576,1,1,1,42.40596226581158,7.454877368241039
fold1_room1_mix4093,backup_beep,2.093,6.901,4.808,17.486721512543603,12.982639339436338,22.663005104459558,25.249913128546552,7.0,12.981863249449908,0,1,1,42.40596226581158,2.4032034414668235
fold1_room1_mix4094,siren,2.54,5.234,2.694,17.741836866284192,13.925970701861093,45.29739383364857,47.40085592365642,4.3,12.165323959989491,1,1,1,58.539289815790326,7.309666397812747
fold1_room1_mix4095,siren,2.079,6.382,4.302999999999999,47.93720570522401,10.626038467542443,42.213113883519,55.29914050986815,6.300000000000001,10.547047154673422,1,1,1,49.20554729330438,11.186389289935228
fold1_room1_mix4096,siren,2.311,4.459,2.1479999999999997,25.23275154164496,14.75093650952043,47.93835484691375,52.60125519946053,6.6000000000000005,8.693061382120936,0,1,1,52.851208642903565,5.479536935088998
fold1_room1_mix4100,bike_bell,3.688,8.48,4.792,9.013379542733515,10.18759319861367,2.2248699483597676,1.1611912339284132,5.9,4.19348319258978,1,0,0,59.45116563300567,3.6024528498932895
fold1_room1_mix4102,bike_bell,2.887,5.021,2.134,21.352971306439063,10.737539326478322,1.979909107796253,7.950980088019001,6.9,4.59917604680048,0,0,0,51.70531248590478,5.224337234513099
fold1_room1_mix4103,siren,5.221,7.757,2.5359999999999996,7.755818557366701,14.22370189756743,72.16770196143185,66.90000193658432,5.800000000000001,6.846581850427425,1,1,1,52.7358491275975,6.353097984116224
fold1_room1_mix4105,horn,4.531,6.72,2.189,6.663948767956135,24.601108539751646,59.263626493534694,47.9191659432146,4.2,5.731782084243456,0,1,1,48.76735264221336,9.37075632814602
fold1_room1_mix4106,horn,4.054,7.297,3.2429999999999994,22.82376841471592,22.021266940732755,23.010105634047648,23.321006645704216,5.7,13.65678032369639,1,1,1,64.84066509893253,10.966795600734063
fold1_room1_mix4112,bike_bell,3.148,5.353,2.2049999999999996,21.614861512816805,11.64142912035205,4.816780869159508,10.191704050570934,6.800000000000001,8.665152442968916,0,0,1,50.375506633076924,5.454523789680117
fold1_room1_mix4112,bike_bell,3.365,6.775,3.41,18.331405683790592,4.3099320855898045,9.011437400875813,21.585944239583725,6.4,3.531627177774418,1,0,1,50.375506633076924,6.003107773702947
fold1_room1_mix4113,horn,1.494,6.541,5.047000000000001,30.894709958080036,25.4035157941829,29.927113223885257,31.626919146678517,4.3,10.074124795620403,1,1,1,49.32877421025361,10.407506534096328
fold1_room1_mix4114,backup_beep,4.978,8.238,3.26,14.879463527722693,14.964201875409525,9.218310718543826,9.16898501379557,6.300000000000001,14.796356434869033,1,0,0,45.812129087429035,1.1674325276549016
fold1_room1_mix4114,bike_bell,1.001,6.185,5.183999999999999,27.134329998053417,14.532931304799945,6.899324389607713,12.322642024122459,6.9,14.25288309400928,0,0,1,45.812129087429035,3.9062398354033747
fold1_room1_mix4116,bike_bell,3.886,6.047,2.1609999999999996,4.472763984109499,6.209528539425772,19.45779937061802,16.608146465378255,4.5,4.075803457223202,1,1,1,50.068547520314425,3.02029186009571
fold1_room1_mix4118,backup_beep,0.444,4.056,3.612,21.095620167728594,15.893265755036062,16.74912334312458,19.20870638062454,6.1000000000000005,14.959941186425185,0,1,1,45.4655726345598,2.632181301842837
fold1_room1_mix4120,bike_bell,3.752,9.51,5.758,10.602979981707723,28.088266622967172,8.967684464782273,0.5057445152644533,4.2,10.410964501186513,1,0,0,63.24521256436723,4.880882344244208
fold1_room1_mix4121,backup_beep,0.905,5.688,4.7829999999999995,15.998025656583842,13.325623698914459,17.292794879291833,18.880371756160898,6.300000000000001,13.286568176692096,0,1,1,49.46027297185671,1.6498766227897979
fold1_room1_mix4122,bike_bell,0.66,3.93,3.27,21.484536136161488,12.80828595630068,21.350329525791125,25.843028854170782,3.3000000000000003,11.98310768848071,1,1,1,41.33378660713977,6.83852312476257
fold1_room1_mix4123,siren,2.725,8.558,5.833,17.72821643820082,24.427120663328207,40.14973390975235,37.36558926046822,4.9,13.131204558649184,1,1,1,51.53562791326723,5.573622982334609
fold1_room1_mix4130,bike_bell,2.233,7.793,5.5600000000000005,15.690020212458885,12.968570734893568,10.73611071840618,12.39073847638278,5.4,8.56832601198085,1,1,1,47.63228431407685,4.115076363710362
fold1_room1_mix4131,horn,2.242,4.559,2.317,14.199441193366196,23.17175718078229,46.38895820311257,42.13520389519261,3.1,7.201523922403548,1,1,1,52.669926264650634,14.792688169989216
fold1_room1_mix4138,backup_beep,0.71,4.962,4.252,11.201748603221153,7.90122226791286,10.45847760380336,13.49030845775637,4.2,7.70905176376622,1,1,1,60.036182363273,2.3187953301696007
fold1_room1_mix4144,siren,1.175,4.746,3.5710000000000006,56.296259041126476,23.71954598443999,32.71656220880489,40.22402549754132,6.9,11.167873534097605,0,1,1,63.16635399518485,9.591262810355731
fold1_room1_mix4148,siren,3.406,6.66,3.254,15.305006009335457,20.08868896011066,58.65766428936124,56.29530248864453,4.6000000000000005,11.668800518505494,1,1,1,59.6931986078711,8.070623029876149
fold1_room1_mix4148,siren,3.979,8.195,4.216,36.98546419871509,23.42084606953688,49.74085334063789,53.709423222313255,6.6000000000000005,4.189600159010403,1,1,1,59.6931986078711,14.183312290753955
fold1_room1_mix4149,backup_beep,1.018,6.693,5.675,6.215691977916888,6.393026540291726,14.329018520642549,14.084678065321881,3.7,5.351494116351312,1,1,1,61.34310596875592,1.1734331173808037
fold1_room1_mix4149,backup_beep,1.356,4.451,3.0949999999999998,11.261271022057185,10.224893176221146,2.589539582108358,3.4281122062003675,5.1000000000000005,10.194856834604876,0,0,0,61.34310596875592,1.2919990449262007
fold1_room1_mix4153,bike_bell,1.158,7.017,5.859,30.572429226561045,8.037449961996643,13.65805237492502,25.262285697111075,5.9,3.4817013325711703,1,1,1,49.183569187203226,6.42057947660042
fold1_room1_mix4153,bike_bell,2.911,7.059,4.148,13.749079979040832,17.088712133767224,10.157416987697182,8.268703073869709,4.0,13.212584304493129,1,1,0,49.183569187203226,3.529668819359085
fold1_room1_mix4154,horn,0.849,5.49,4.641,39.69071265574942,19.808620052877814,17.540276655060495,23.576970153435283,4.1000000000000005,12.56099905924293,1,1,1,59.339277576696745,11.415837666223261
fold1_room1_mix4155,bike_bell,4.617,8.346,3.729,5.936296611565906,13.123618711240319,21.994761841893528,15.104001613900216,5.2,5.565489083491085,1,1,1,50.01767174397269,3.741990579455968
fold1_room1_mix4156,siren,2.027,7.895,5.867999999999999,33.780409050384385,12.810278279498165,58.69748923460788,67.11961603649931,6.9,11.253910206736636,1,1,1,53.32315550906058,6.4723975094548205
fold1_room1_mix4158,siren,3.226,6.388,3.162,12.560303432949835,21.96046820303683,65.96630224263657,61.11347296468665,3.6,12.343000920095603,1,1,1,40.23099129615838,6.480702103594842
fold1_room1_mix4159,horn,2.964,7.332,4.368,22.407784005070077,25.805420253022525,36.855817948466765,35.629577416508084,4.9,13.971929278465481,1,1,1,60.059023615709606,8.977817102486847
fold1_room1_mix4160,siren,3.455,6.79,3.335,14.764051228239635,30.612223833114868,76.18622950075402,69.852442765918,4.0,13.882088541899442,1,1,1,41.62146958443861,9.69034873774577
fold1_room1_mix4162,backup_beep,2.472,7.542,5.07,16.094818147395063,12.371667015028931,-4.840346292282142,-2.555189259639235,7.0,12.296333223554884,1,0,0,58.654062351062045,2.318166701403133
fold1_room1_mix4165,backup_beep,3.141,8.05,4.909000000000001,8.730535268002058,13.603983899415317,8.676764988546182,4.824260224469967,3.6,8.660199885566144,1,0,0,61.99568734134992,2.362519113938795
fold1_room1_mix4165,backup_beep,3.142,6.442,3.3000000000000003,10.238128195409447,10.264735634283822,-4.943476225614781,-4.966020335479044,4.800000000000001,9.89754053957078,1,0,0,61.99568734134992,1.6185579766817682
fold1_room1_mix4167,siren,1.165,6.899,5.734,58.9216954286478,24.86187048001874,41.54645585519232,49.0412845596928,5.2,4.920517779538022,1,1,1,53.23943713513056,14.490364482111305
fold1_room1_mix4167,bike_bell,4.859,8.961,4.102,17.062304799639975,22.03829328356197,3.0756582967829758,0.8528530482439578,6.4,13.30313812722502,1,0,0,53.23943713513056,6.888014798852211
fold1_room1_mix4169,bike_bell,0.319,5.523,5.204,9.269980027730337,8.195172842586635,17.0208197486087,18.09123336542926,3.1,3.1636692725969127,1,1,1,54.72697614953806,3.1270860385916905
fold1_room1_mix4170,backup_beep,1.832,6.424,4.5920000000000005,7.424575229257211,5.675072534520561,14.255524188672553,16.589528095759093,5.7,5.5988332179288935,1,1,1,61.94695411062594,1.2638069304053268
fold1_room1_mix4177,horn,2.992,6.396,3.404,22.493798752378364,26.112633383837277,31.35883187854396,30.063074556465118,4.6000000000000005,5.927066522206236,1,1,1,59.93592707553561,13.849444685300025
fold1_room1_mix4178,siren,4.018,8.71,4.692000000000001,20.113311441144983,53.425154145127706,36.8067628078018,28.321518698345173,5.1000000000000005,12.929808753907395,1,1,1,54.958291926195585,14.331631178328305
fold1_room1_mix4178,siren,2.062,4.955,2.8930000000000002,25.59602702620586,10.560637498043889,44.12561885772091,51.815267351125584,5.9,8.777513617703448,0,1,1,54.958291926195585,6.281207956365296
fold1_room1_mix4179,horn,7.01,9.505,2.495000000000001,34.53041781246484,64.38327266962558,53.65412242154433,48.242698115886654,4.3,9.946570206151016,0,1,1,41.658625636814136,12.24184007042824
fold1_room1_mix4181,horn,2.744,6.937,4.193,25.724031183301854,17.84081002539257,36.529675596054346,39.708164768762245,5.4,11.405899225525753,1,1,1,41.474218038040476,8.771534667478555
fold1_room1_mix4181,bike_bell,2.034,5.481,3.447,16.5997835016278,13.253231959784685,24.627847105568932,26.583459601371814,5.300000000000001,13.243839786485868,1,1,1,41.474218038040476,3.0487978070817565
fold1_room1_mix4183,horn,4.479,7.198,2.7190000000000003,26.217827877629,12.883773126997735,31.687930792588745,37.85900357900594,7.0,12.721802151043057,1,1,1,44.22299565565167,9.185419662126542
fold1_room1_mix4185,horn,2.99,8.645,5.654999999999999,7.82727891822126,64.82644438135588,25.219252123707854,6.856424280621944,3.0,7.819410929107234,1,1,0,63.939147239201255,11.485106256839837
fold1_room1_mix4186,horn,4.582,7.761,3.1790000000000003,16.41853445608942,21.07080809354689,35.70228868023549,33.53535262050918,6.0,5.9095805466534514,1,1,1,59.270751967267195,11.185785721750854
fold1_room1_mix4187,bike_bell,2.304,5.986,3.682,19.00675416558567,11.103585133806808,20.006600686016853,24.675495302201043,5.0,8.96661561689737,1,1,1,42.384812661830026,6.333001758450849
fold1_room1_mix4189,siren,2.066,7.29,5.224,18.585439632474408,51.06330013513388,62.23936305837404,53.46064224937594,3.3000000000000003,9.448890889476953,1,1,1,55.31496062239053,12.670650220773217
fold1_room1_mix4190,siren,5.643,9.342,3.6990000000000007,12.595208652931518,23.939599498156948,50.16184226867021,44.58361198701094,5.7,12.59740302438371,1,1,1,44.1815466149731,5.522606695559151
fold1_room1_mix4190,horn,2.131,7.571,5.4399999999999995,28.43763905877947,28.644646926238032,52.9467227776893,52.88372406128356,4.800000000000001,5.342383237988587,1,1,1,44.1815466149731,10.308761432617619
fold1_room1_mix4191,bike_bell,5.218,8.237,3.019,7.185247802088049,9.111698929606884,18.93850953703877,16.875357321824737,6.5,4.171344332525361,1,1,1,53.788819782733626,4.621411529131824
fold1_room1_mix4192,siren,1.459,6.695,5.236000000000001,64.52948762372706,11.862911370756041,46.97697517565237,61.6883137955227,6.1000000000000005,7.823125561060731,1,1,1,41.843762065519684,13.941549560568362
fold1_room1_mix4194,backup_beep,1.465,4.09,2.625,10.297262534342654,9.603116258463391,9.214530973022882,9.82072295006003,3.2,9.333304064687132,1,0,0,51.155532948650986,2.518307700712415
fold1_room1_mix4196,backup_beep,3.151,5.537,2.386,10.68124906379584,9.623006469542883,17.12167238431141,18.02789766889147,6.7,9.491406622688324,0,1,1,56.565850527524574,1.388524742259998
fold1_room1_mix4199,backup_beep,1.967,6.181,4.214,10.065336165065137,5.731881242166138,7.317467248531436,12.208089256813658,6.4,5.716236872785403,0,0,1,60.74683198533844,1.8654988977531501
fold1_room1_mix4200,bike_bell,3.488,6.041,2.5530000000000004,21.20723551112001,14.63572882551909,7.1968317648421944,10.418225868330104,5.9,14.619536099084998,1,0,1,59.77198586151072,6.296327906776647
fold1_room1_mix4202,backup_beep,1.365,5.212,3.8469999999999995,12.688186508882715,6.8113142775422135,18.567708283821,23.971080975390144,5.6000000000000005,6.75058828329637,0,1,1,44.71899231401901,2.5559084317132488
fold1_room1_mix4203,backup_beep,6.679,9.603,2.9239999999999995,8.243647311595009,8.776019486701866,3.185192944917347,2.6416294282000905,6.800000000000001,8.242036007599625,1,0,0,56.349853635810874,1.0880436082377187
fold1_room1_mix4204,siren,3.796,8.385,4.589,16.792652912149737,20.78538719657266,38.738784851920975,36.886008702732745,5.6000000000000005,13.687258105567716,1,1,1,59.74884984611298,5.529854441707785
fold1_room1_mix4206,horn,4.615,9.634,5.019,10.238121644460579,39.07858146998244,41.26865308475479,29.634282977373402,5.1000000000000005,9.491075700050242,1,1,1,58.04858028734259,8.318952158333442
fold1_room1_mix4206,bike_bell,3.936,7.834,3.8979999999999997,8.79892826371797,11.83058216446719,15.381858232150861,12.810331449612278,5.2,7.6306891865932815,1,1,1,58.04858028734259,3.4432940303213466
fold1_room1_mix4209,horn,0.909,6.084,5.175,40.28079794344721,13.70564923421786,24.21785533911607,33.58182438545853,6.4,13.541868989280074,0,1,1,47.67217240343224,6.922235444917629
fold1_room1_mix4211,backup_beep,0.853,3.984,3.1310000000000002,11.822931172627287,5.3848849390342375,16.25973545062771,23.090710117617867,5.300000000000001,4.299316731245179,0,1,1,48.36305651997379,2.4819871329488548
fold1_room1_mix4211,backup_beep,3.743,7.863,4.120000000000001,7.077003567711454,12.121136762534872,27.475063253919267,22.801184516952098,4.1000000000000005,7.01586818358587,1,1,1,48.36305651997379,2.624408285868663
fold1_room1_mix4214,bike_bell,2.608,5.941,3.3329999999999997,15.135056994805474,14.503754378532019,14.755824476433276,15.125896963993853,4.5,13.313155827465591,1,1,1,53.63178975333207,3.8877665301132076
fold1_room1_mix4218,bike_bell,5.481,9.415,3.9339999999999993,6.958729011637236,19.474442697571256,16.91547972806778,7.976777451402413,3.7,3.6828654387680686,0,1,0,58.73978318875892,3.360039118398649
fold1_room1_mix4220,backup_beep,5.158,9.204,4.046,9.629649666356974,13.3354822910136,19.242996450370626,16.415031659583192,3.8000000000000003,9.311930396560388,0,1,1,48.144819490553786,1.7527996356793036
fold1_room1_mix4220,bike_bell,4.18,9.207,5.027000000000001,11.258359852976206,32.21229172058659,19.848691626850595,10.717761676602393,4.1000000000000005,11.256211024455885,0,1,1,48.144819490553786,5.946583531276959
fold1_room1_mix4221,backup_beep,0.948,4.906,3.9579999999999997,13.485069671461725,5.95403138911154,4.435079677347588,11.53592117188316,5.1000000000000005,5.936838660134468,0,0,1,62.11687750481802,2.9418630689222436
fold1_room1_mix4221,backup_beep,4.054,8.195,4.141,13.14712259441154,13.578806996761427,1.0673724397260997,0.7867543832211581,5.7,12.850206382642149,1,0,0,62.11687750481802,1.7309686648960438
fold1_room1_mix4222,siren,4.691,7.754,3.0629999999999997,10.023506501184754,27.674024389078642,42.67722123350728,33.8561683744429,4.9,9.89663433284494,1,1,1,55.90156534028846,8.963919340112142
fold1_room1_mix4222,backup_beep,6.017,8.845,2.8280000000000003,6.184933273183453,8.478744099381764,8.64421068124733,5.90428049571635,4.1000000000000005,5.624195278990628,0,0,0,55.90156534028846,1.3336487426803676
fold1_room1_mix4224,backup_beep,5.874,8.016,2.1420000000000003,10.782343498657966,11.915918617755146,8.230021841368298,7.361734537505697,3.9000000000000004,10.413454793802599,0,0,0,62.74056026096697,1.3986046743013711
fold1_room1_mix4224,bike_bell,6.277,9.191,2.9140000000000006,15.806136902973819,26.468733901372193,-2.2463963742459825,-6.724544947403309,4.3,12.727143980060692,0,0,0,62.74056026096697,4.747773590471085
fold1_room1_mix4225,horn,0.301,3.834,3.533,33.391277588709265,14.438263632602947,41.93803844399649,49.220399814307,3.4000000000000004,13.866846468346296,1,1,1,46.32959108904946,9.737637712693669
fold1_room1_mix4229,backup_beep,5.725,7.892,2.1670000000000007,11.852247767218744,12.505775205657088,11.97165549118916,11.505457567500578,4.4,11.735893773554539,0,1,1,54.86104056060443,1.2290111680810627
fold1_room1_mix4231,backup_beep,4.394,9.371,4.977,8.793280562753491,9.717650909862598,0.9474508830441835,0.07924361263150104,6.5,7.431126301467638,1,0,0,62.54945448928062,2.2028686882673374
fold1_room1_mix4231,backup_beep,5.453,9.283,3.829999999999999,11.866926524783226,14.165090129536155,3.7503953451641934,2.212773569288615,6.0,11.792458954177388,1,0,0,62.54945448928062,2.395629274346858
fold1_room1_mix4234,bike_bell,2.446,5.798,3.352,16.872412268715227,8.248640316729013,14.791996268619641,21.00789251034891,6.1000000000000005,8.17650139897296,0,1,1,47.974326602424824,4.07597725180365
fold1_room1_mix4235,siren,1.923,6.149,4.226,18.460199059348728,29.365267642002625,42.80129038804441,38.76933871452211,3.3000000000000003,13.17728001789341,1,1,1,50.05575626855338,9.26939245424034
fold1_room1_mix4235,bike_bell,1.617,6.468,4.851,12.415164222177092,16.673201141688693,20.175864040711076,17.61453362365515,3.6,5.319286460677452,1,1,1,50.05575626855338,5.570422140829427
fold1_room1_mix4236,backup_beep,4.379,9.591,5.212,8.342034407486697,12.199553276425148,0.49811625964591144,-2.8033227635091436,3.4000000000000004,8.224967939438116,0,0,0,58.95867934001966,1.4614107167272723
fold1_room1_mix4236,bike_bell,2.375,7.67,5.295,23.35064544675697,12.649633337338926,7.182044084829272,12.506463132746731,6.6000000000000005,11.685057287634617,1,0,1,58.95867934001966,4.73417351321277
fold1_room1_mix4237,horn,3.819,7.412,3.593,8.825768097712015,40.45559409847126,27.577641804414426,14.353120377607269,3.1,5.48104153300161,0,1,1,58.0160394087176,9.229081165869449
fold1_room1_mix4239,siren,3.466,8.684,5.217999999999999,6.100829339087998,53.42908201247702,58.668556858222374,39.82078013862413,3.9000000000000004,3.5053930678095364,1,1,1,63.86812101274214,11.174686632838
fold1_room1_mix4249,siren,3.411,9.369,5.958,15.278324459953994,45.28395562609216,51.46903759630943,42.03166504790601,4.5,11.851036833534492,1,1,1,50.91638976586645,8.954191404609496
fold1_room1_mix4249,backup_beep,1.074,6.895,5.821,7.095162769398382,8.397492783841491,11.115273935887394,9.651528409849874,3.6,4.436231135111059,1,1,0,50.91638976586645,2.1761853002882674
fold1_room1_mix4250,bike_bell,2.073,6.93,4.856999999999999,15.241093267146836,18.698715404069894,25.93400380832415,24.158090789704033,3.7,13.788977710522559,1,1,1,43.57616463948966,3.9372350510363994
fold1_room1_mix4251,bike_bell,5.598,8.803,3.205000000000001,17.45405712174325,33.309954322430436,12.55667250830259,6.943119624231855,3.9000000000000004,13.890764851844951,0,1,0,45.00810492601157,6.148674731675415
fold1_room1_mix4252,backup_beep,2.984,8.573,5.589,9.009687546480391,10.453933640116887,16.150912822773876,14.859512644497784,3.5,8.993853467371698,1,1,1,56.10712022459212,1.0489713029598977
fold1_room1_mix4253,horn,0.648,6.542,5.894,49.62891492762878,4.11496826844601,15.520293057018861,37.14765884509271,6.4,4.033526713735779,1,1,1,64.18341297878496,8.541887849490859
fold1_room1_mix4257,horn,2.906,8.164,5.257999999999999,25.466422803586337,29.480579901232545,38.14979011651152,36.87842857686564,5.300000000000001,6.6946211863428875,1,1,1,56.61427919728431,10.13404210452423
fold1_room1_mix4259,backup_beep,0.306,4.258,3.952,17.77473395608513,14.291023576642274,1.9803738934836659,3.8751693621014027,5.5,14.042669186735882,0,0,0,61.441337068973766,2.085967602493931
fold1_room1_mix4260,horn,4.216,7.566,3.3499999999999996,13.784741744390997,21.57353013746901,32.85095681217291,28.96050517843078,4.800000000000001,13.386786277466914,1,1,1,63.436782752859784,6.0344844711304475
fold1_room1_mix4260,backup_beep,4.743,9.226,4.4830000000000005,13.56606146052142,17.060272610391014,-1.8175137839857811,-3.808157509982756,5.2,13.514529826994778,1,0,0,63.436782752859784,2.586068871119984
fold1_room1_mix4261,horn,3.725,9.426,5.7010000000000005,10.24528459696886,19.55795143175023,30.846613930941288,25.230627202396533,5.6000000000000005,3.8482977618553504,1,1,1,52.908279197647516,5.029122388561454
fold1_room1_mix4263,siren,2.291,6.456,4.165000000000001,28.585669212193494,8.895809669542471,58.2695387474221,68.40879637643334,6.4,8.897048369742338,1,1,1,54.85289988803721,6.559507602710372
fold1_room1_mix4265,bike_bell,5.265,9.595,4.330000000000001,17.323632724761165,38.014266352514845,6.762222993116232,-0.06392991853597607,3.3000000000000003,13.242110693612625,0,0,0,52.235445922319855,5.649832988374138
fold1_room1_mix4265,bike_bell,4.877,9.525,4.648000000000001,14.542914757489303,21.327914823015846,18.179204648703887,14.853265866617392,4.5,14.498873665309679,0,1,1,52.235445922319855,3.121755430999019
fold1_room1_mix4267,siren,3.234,7.789,4.555,21.208564882806687,10.328669633775545,46.07985665468186,52.329194566320524,6.9,9.155096842200187,1,1,1,46.85330368636633,5.250132180683692
fold1_room1_mix4269,horn,2.605,5.799,3.1940000000000004,19.472754090979898,9.147075236487005,24.8581005718001,31.421003135795637,5.7,9.140839190509263,1,1,1,54.80540758034021,5.50151052682044
fold1_room1_mix4272,backup_beep,2.715,7.652,4.937,7.757914211160458,6.511650762698329,20.758132194237376,22.279209646890607,6.300000000000001,6.299635920082615,1,1,1,54.60806008813661,1.2510665052165104
fold1_room1_mix4274,bike_bell,5.858,9.028,3.170000000000001,14.802116306658135,30.087373195257957,16.558218365254582,10.397009153176782,3.7,9.319833222700158,0,1,1,50.75641390166954,5.396615001169938
fold1_room1_mix4277,siren,4.279,8.904,4.625,10.940125652651112,52.68609614146042,74.12210939810964,60.468635199540806,3.2,4.180859743049841,0,1,1,46.80851693156141,9.169364360071793
fold1_room1_mix4277,backup_beep,0.57,5.696,5.1259999999999994,12.518256123927904,12.353165071771134,11.086469294997052,11.201781058545862,3.2,10.989020309231995,1,1,1,46.80851693156141,2.2705155611621053
fold1_room1_mix4279,horn,1.377,5.377,4.0,29.019522633635766,10.800618952283964,26.508449146586585,35.093281541087435,6.4,9.203985605740586,0,1,1,57.516489125029,5.46736496889901
fold1_room1_mix4279,backup_beep,0.843,3.132,2.289,11.902029289495331,9.383804113507802,6.419081682399749,8.483923309471919,4.0,9.136753356435834,0,0,0,57.516489125029,2.397476950110856
fold1_room1_mix4280,backup_beep,3.061,8.819,5.758000000000001,9.72714828464937,9.947988979399907,22.667416592501894,22.47242141275059,5.800000000000001,8.203245955865102,1,1,1,44.04634673977078,1.8852981637412511
fold1_room1_mix4281,siren,1.931,4.749,2.8179999999999996,18.585675410699135,15.47487472310934,44.9696091923433,46.56063331784921,3.5,5.903828894681204,1,1,1,60.59378689280436,11.330367469611637
fold1_room1_mix4284,bike_bell,2.859,6.422,3.5629999999999997,17.61002884160284,10.60983232092737,7.138418514541904,11.539449453336978,5.800000000000001,10.185652647182476,1,0,1,55.407236654611744,4.865586514432232
fold1_room1_mix4285,siren,7.009,9.6,2.5909999999999993,32.62247752912182,54.96835886722347,47.52927290660014,42.99735630196835,3.4000000000000004,7.327314937116583,0,1,1,45.48618082140641,8.7567107786399
fold1_room1_mix4289,siren,5.572,9.063,3.4910000000000005,9.946807532000093,32.94008622555045,79.4374361451554,69.03661580272578,5.4,9.816216517259758,0,1,1,43.747516722081706,8.545091321714578
fold1_room1_mix4289,backup_beep,2.734,7.704,4.97,14.036066452420005,14.06370734055928,21.865706686124803,21.84861859259916,5.2,13.567936113427567,1,1,1,43.747516722081706,1.468037123098949
fold1_room1_mix4290,backup_beep,1.384,3.738,2.354,10.106070692389501,5.057443850927557,28.724554912130912,34.73758015219116,4.800000000000001,4.151296566252003,0,1,1,45.21228604962626,2.687025815886809
fold1_room1_mix4292,bike_bell,0.923,4.821,3.8979999999999997,20.24551036432626,6.706130631088014,5.180100198499289,14.777234604887028,5.7,5.780575026283677,0,0,1,57.00098776213301,4.10420664708633
fold1_room1_mix4295,siren,5.511,8.699,3.1879999999999997,25.61390560756242,55.88641234760608,55.05307201736154,48.27646349613158,3.4000000000000004,14.193839687554584,0,1,1,61.3378825666948,10.266835683229282
fold1_room1_mix4297,siren,5.103,8.78,3.6769999999999996,14.468471767095197,42.12883522667386,36.33392280026222,27.05078698430335,4.9,14.280307614010342,0,1,1,62.0029639680989,10.142128187555357
fold1_room1_mix4297,backup_beep,1.982,7.912,5.93,5.146223441971775,4.603326146783826,11.739644869155548,12.707982727171277,5.300000000000001,3.5820242862922607,1,1,1,62.0029639680989,1.1106753225888712
fold1_room1_mix4298,horn,0.948,6.254,5.305999999999999,56.01282540363785,15.932745580465806,41.97439921547468,52.894336389648835,5.1000000000000005,6.075293687119159,1,1,1,43.77262136805205,13.27283020105977
fold1_room1_mix4299,bike_bell,5.027,8.07,3.043,11.424873486643731,25.743072787740243,6.299098844616367,-0.7570808561729763,4.5,10.975096645746323,0,0,0,54.02023436476249,6.6054973365919665
fold1_room1_mix4303,horn,5.232,8.119,2.8869999999999996,14.948158983351082,23.4101419307707,20.368360474972256,16.47203370426113,6.0,13.369913543922104,1,1,1,62.05326032864004,8.973362346559476
fold1_room1_mix4304,backup_beep,2.181,4.617,2.436,13.863700791659886,13.09744108497952,1.7101309149682464,2.2039853794715043,4.7,13.095934886875025,0,0,0,62.0296147346406,1.7827047162266012
fold1_room1_mix4308,siren,0.693,6.203,5.510000000000001,50.71025251054146,6.823673771549279,56.455302914960875,73.8768532619815,5.800000000000001,5.807066846708057,1,1,1,49.88633502128838,9.796380416535907
fold1_room1_mix4308,bike_bell,5.066,8.932,3.8660000000000005,4.51793804271641,23.34879079884116,29.761337736966247,15.494855274847005,5.5,3.4343031358003846,1,1,1,49.88633502128838,6.733161321431734
fold1_room1_mix4310,horn,3.002,7.668,4.666,18.262934953768518,25.395554498310386,49.73695807287166,46.873215521990076,4.9,9.060750671404334,1,1,1,51.155036986962,8.48351421302113
fold1_room1_mix4311,backup_beep,0.942,6.497,5.555,8.627518894654516,5.973281843735903,21.441254342613085,24.634712584176704,5.300000000000001,5.73153816403386,1,1,1,50.60721284769483,1.4639853287615114
fold1_room1_mix4314,siren,4.48,9.007,4.526999999999999,15.810086703399778,17.35362891683511,70.27009762498275,69.46097652900309,6.5,11.982507388832264,1,1,1,47.804659771799734,5.051398106141127
fold1_room1_mix4314,bike_bell,3.246,6.789,3.5429999999999997,4.376285510552107,18.083840641939037,19.428286522694293,7.1045860525142,3.7,3.6283202891289754,1,1,0,47.804659771799734,5.692106698862604
fold1_room1_mix4316,horn,6.023,8.703,2.6799999999999997,8.51273340046807,20.453240798303106,40.21950749700009,32.60564551910466,6.7,4.328600559436702,1,1,1,55.4183480038373,10.200682364186456
fold1_room1_mix4320,siren,2.767,7.422,4.654999999999999,27.676817697836388,12.882070432957585,63.08254534654796,69.72515502247514,6.2,9.20096023085203,1,1,1,50.77998531279549,7.544959552176009
fold1_room1_mix4323,horn,4.587,8.465,3.878,12.697699640567022,12.665871612128901,30.817346072096456,30.839145438184772,6.5,7.0072894484689305,1,1,1,55.80243871356251,5.451908523414184
fold1_room1_mix4324,backup_beep,5.43,8.389,2.9589999999999996,4.738172846003345,9.205791794212363,28.76894634203009,22.99994136600911,5.0,4.609248413554337,0,1,1,43.15997752264565,2.3206122928039106
fold1_room1_mix4324,bike_bell,2.848,6.772,3.9240000000000004,20.868668401025392,18.97798126947865,10.655385566055642,11.480280057869777,5.0,14.719297989085417,1,1,1,43.15997752264565,6.823059828592921
fold1_room1_mix4325,siren,0.402,3.577,3.175,30.7300150915076,16.1983230984216,55.523872877034236,61.08572720114397,5.300000000000001,12.809903015256747,0,1,1,49.80950376255899,5.674939310425869
fold1_room1_mix4328,backup_beep,0.504,3.298,2.794,16.8096422162015,11.183366029047459,15.272136438547626,18.811855045188743,6.300000000000001,8.236873757739884,0,1,1,51.729889804375,2.5371072819282023
fold1_room1_mix4330,siren,2.431,4.893,2.4619999999999997,34.8737008573997,14.32589367507634,47.41260697943826,55.14013326634342,4.7,13.948465483595664,1,1,1,44.800344537939786,14.32961895078929
fold1_room1_mix4331,backup_beep,0.746,6.602,5.856,11.825234287109591,9.913866929866494,19.06391394477445,20.595247318899276,4.9,9.467582421755743,1,1,1,45.403320819196146,1.7121709098049163
fold1_room1_mix4332,siren,2.284,7.417,5.133,54.99284539558826,12.903767312329935,50.16603546116442,62.757828824348444,6.5,3.7272255160962553,1,1,1,43.97556408758593,13.096857335194006
fold1_room1_mix4338,horn,1.075,4.802,3.7269999999999994,47.87451565482094,8.536272519686035,46.96008205723032,61.93680449334509,5.0,8.037103795826916,0,1,1,44.386069117499105,11.876539300195764
fold1_room1_mix4339,bike_bell,2.861,7.507,4.645999999999999,7.001457527812462,19.139590834511896,5.234073443500449,-3.5008103678216855,4.0,3.2919791485349563,1,0,0,59.07942353311208,5.388250376015962
fold1_room1_mix4342,bike_bell,1.891,6.992,5.101,24.00185095610109,15.334713326054889,7.333964244723106,11.225345706468325,5.7,13.75535415802839,1,0,1,48.74700172773939,5.184875323369344
fold1_room1_mix4343,bike_bell,3.084,7.45,4.366,4.509252271290206,20.890275356794284,18.916712541116894,5.599919905260087,3.2,4.497987241167893,1,1,0,56.29636728673604,4.756976951278636
fold1_room1_mix4346,bike_bell,1.402,5.73,4.328,12.492316459994518,16.976408591011786,11.7976238444612,9.133567005499202,3.2,3.108141201203299,1,1,0,46.862319199600044,6.652109177208187
fold1_room1_mix4348,siren,1.189,3.49,2.301,28.101588380316137,10.829218128265746,33.3337460763597,41.61642140693543,4.5,6.795734555112289,0,1,1,56.38206058615076,8.185528841132037
fold1_room1_mix4350,bike_bell,0.399,4.116,3.7169999999999996,14.01425214902988,11.139355736195554,15.841361055224603,17.835558131252576,3.1,10.513368383054342,1,1,1,52.478401392293385,3.484551976638559
fold1_room1_mix4353,bike_bell,4.04,7.874,3.8339999999999996,13.17196666462723,28.1403314689839,16.746964125431617,10.153392409254067,3.3000000000000003,12.577944000189984,0,1,1,49.210962189632,5.544618099125094
fold1_room1_mix4354,horn,1.502,5.697,4.195,25.986282541835713,28.836236422024243,58.222789873210594,57.318901444286716,3.5,13.574355276021775,1,1,1,41.08296889269041,11.349585665056093
fold1_room1_mix4354,backup_beep,4.244,7.971,3.7270000000000003,4.931239529828767,9.316746157663303,36.8508379349744,31.32467464502964,5.0,4.501256345027556,1,1,1,41.08296889269041,2.7292395236983724
fold1_room1_mix4356,horn,0.894,4.19,3.2960000000000003,41.287667990089844,10.123889313349032,37.95523543981885,50.164694749229966,4.0,9.831186253118423,1,1,1,46.90843263492923,12.899625549629311
fold1_room1_mix4357,bike_bell,1.536,5.368,3.8320000000000003,18.672704216646494,7.361343650512352,17.05515838032055,25.140160888951016,4.6000000000000005,5.70657368158539,1,1,1,43.95760130779337,5.85409235721294
fold1_room1_mix4358,bike_bell,5.098,9.208,4.11,8.10521925657181,20.842512597127502,17.87513067308555,9.671424571305963,6.2,3.6321804784667777,1,1,0,58.18377787606681,6.757437506907083
fold1_room1_mix4359,backup_beep,4.132,6.652,2.5200000000000005,4.695333536799662,3.5367759590393164,2.5651430735810976,5.026321040211272,5.800000000000001,3.1228775768946213,1,0,0,61.6588034866039,2.0514816392610413
fold1_room1_mix4360,horn,0.495,3.452,2.957,33.34667781514366,15.220108195198838,49.74447605394448,56.55717273028853,3.1,14.536369054575768,1,1,1,45.21916627304279,11.682248843488003
fold1_room1_mix4361,backup_beep,2.208,5.363,3.1550000000000002,9.78471933142885,7.964942138800727,21.851421259828903,23.638736209494887,6.800000000000001,7.7459490920171765,0,1,1,40.30858431324774,1.3069414815244522
fold1_room1_mix4362,horn,5.538,8.198,2.66,7.522153095601615,13.958725307028091,44.213401923053766,38.84333006967597,6.0,7.184093709272669,1,1,1,56.37021134242379,5.342656385877474
fold1_room1_mix4364,backup_beep,2.079,7.093,5.013999999999999,7.802085811377795,6.247578357190706,20.676716934306462,22.60669715108869,5.4,5.560451943908912,1,1,1,43.31309971176791,1.659724492772641
fold1_room1_mix4365,horn,6.596,8.871,2.2750000000000004,23.26208973354721,39.36034816887616,17.27295451111003,12.704750416735493,3.5,6.908181083708727,0,1,1,62.46283598939685,7.268537359816318
fold1_room1_mix4369,horn,2.97,8.847,5.876999999999999,19.143487626306854,28.874960495227725,52.01078209435863,48.440775357972484,5.300000000000001,6.197969288075334,1,1,1,47.18719515162829,7.881080568486465
fold1_room1_mix4371,backup_beep,1.253,5.06,3.8069999999999995,13.268403470016906,10.395264065767886,18.679033206892655,20.79869607174831,4.9,10.386324735758569,1,1,1,50.170958681650944,2.2836931262151756
fold1_room1_mix4372,bike_bell,4.145,6.191,2.0460000000000003,6.2864356281582285,15.44021116861852,24.302873286827435,16.497898029605807,3.1,3.6978091162085183,0,1,1,54.066048139063554,4.842127430716165
fold1_room1_mix4373,backup_beep,3.622,9.218,5.596,4.60440801944929,11.60823738792901,17.308816029406927,9.276966446002405,4.7,3.711463435948271,1,1,0,62.98680344196447,2.4527274858042425
fold1_room1_mix4373,backup_beep,4.007,8.95,4.943,5.263601523407556,14.5142255206756,10.884509502448125,2.0742922448780234,3.4000000000000004,5.035789504970604,0,1,0,62.98680344196447,2.4438913055193634
fold1_room1_mix4374,bike_bell,0.822,3.598,2.776,34.19644255392867,17.89518390469865,18.74954467059547,24.374439930243454,6.1000000000000005,8.712863632883412,0,1,1,43.3190594857856,6.281294737557876
fold1_room1_mix4375,bike_bell,1.899,7.21,5.311,22.338934927002775,12.571278832420836,3.3315469949967067,8.325207071708832,6.800000000000001,12.481672685414798,1,0,0,54.17699692857091,3.770611573097869
fold1_room1_mix4377,backup_beep,3.788,6.413,2.6250000000000004,14.195305787345548,15.094795417809381,28.273695354149204,27.740045773262814,4.2,14.1640932172603,1,1,1,40.23121335525999,2.346517341086906
fold1_room1_mix4378,bike_bell,1.331,5.571,4.24,14.179984769280628,11.945231832145218,20.676175744415254,22.165799373413385,3.7,3.898479138565445,1,1,1,43.857831679611984,5.880113997173941
fold1_room1_mix4379,backup_beep,1.603,4.323,2.7200000000000006,13.200804239955005,11.637040775437308,25.266477070465633,26.361633764756427,3.9000000000000004,11.566634281955993,1,1,1,41.26477518104951,2.810341529470036
fold1_room1_mix4380,horn,2.671,7.509,4.838000000000001,46.49716151224598,10.349672354993979,29.245448908194987,42.29544571279634,6.9,7.7272806825956435,1,1,1,56.94455915737447,10.901393522556074
fold1_room1_mix4382,bike_bell,1.024,5.096,4.072,17.248518201153836,4.371481329087933,4.79349858113185,16.71596185083562,5.5,4.1391825788326795,0,0,1,53.014586013941475,3.7658251805173397
fold1_room1_mix4382,bike_bell,1.772,5.237,3.465,19.338549422974726,14.795436966196553,7.3543302422329475,9.680252214952162,4.9,14.717802183439051,1,0,0,53.014586013941475,4.0597176550430865
fold1_room1_mix4384,siren,1.481,7.296,5.815,20.492871018244568,48.690388177316414,45.59479453393878,38.077985928134225,3.2,3.4175938093837237,1,1,1,57.8508373008799,11.827469220266284
fold1_room1_mix4384,horn,3.965,8.033,4.068,35.774806035583964,28.74612078527673,32.03799638710919,33.937957221346565,6.300000000000001,13.187138808242583,1,1,1,57.8508373008799,14.455996777727577
fold1_room1_mix4385,horn,2.987,6.086,3.099,22.67875081187171,6.801246388790762,21.33529725008478,31.795909666191093,6.2,6.767533935602713,0,1,1,62.678344094452086,6.764594692285943
fold1_room1_mix4388,bike_bell,3.146,6.798,3.652,8.889414247605115,8.592844582530676,17.626504777136823,17.921228536990874,5.0,3.4549801730645076,1,1,1,44.6425427950588,4.397145371462516
fold1_room1_mix4395,bike_bell,2.1,6.644,4.5440000000000005,11.958063448274903,5.737999840051344,14.624922171910804,21.002928604089874,5.4,3.679460797375505,1,1,1,48.527542527194385,3.4731464432901515
fold1_room1_mix4398,siren,1.693,6.473,4.779999999999999,43.42862368579922,18.167327610188472,36.63344727802043,44.20314764428946,5.1000000000000005,5.6818816932486715,1,1,1,64.28180816379037,12.617463052344542
fold1_room1_mix4399,siren,2.298,6.806,4.508,20.01368365594923,23.005106063885542,65.66026244619732,64.45031826574946,4.3,13.097792500564982,1,1,1,52.05998436153736,7.552152901132233
fold1_room1_mix4400,bike_bell,5.299,9.308,4.0089999999999995,11.269079012709312,15.92556188641215,0.20098170779222357,-2.8031450949340098,6.9,3.212035126826302,1,0,0,60.786152040295164,6.58647702726974
fold1_room1_mix4400,bike_bell,6.19,8.543,2.352999999999999,8.624995954986453,13.782921298788562,1.7718427050157004,-2.299804819947738,5.800000000000001,8.506610934503183,0,0,0,60.786152040295164,4.001424040423406
fold1_room1_mix4404,horn,0.46,4.788,4.328,34.1502342174415,18.54723625950051,39.40372487062687,44.706014519713385,3.4000000000000004,9.154089413260854,1,1,1,45.1844005261454,11.330637522498069
fold1_room1_mix4405,bike_bell,5.942,9.384,3.442,13.591291743327735,22.087709516930865,22.65785592019531,18.44005697600695,5.9,13.593569416247504,0,1,1,47.08027418431747,5.069726436891443
fold1_room1_mix4407,horn,3.859,8.317,4.458,7.126795144417343,32.59041329804971,48.43253190150368,35.228620049347015,4.5,4.972269986386381,1,1,1,52.33680798365485,8.371886453637632
fold1_room1_mix4408,siren,2.091,4.208,2.117,15.36525020195822,11.684806576892514,62.659717227822014,65.03807940370767,3.5,9.671421646222749,1,1,1,41.27697716708691,8.745234825024209
fold1_room1_mix4410,bike_bell,3.341,8.976,5.635000000000001,8.654455858978858,16.65476528441758,5.242649050653675,-0.44332593651851226,5.1000000000000005,4.422725200321451,1,0,0,56.042928588745994,4.169815074941357
fold1_room1_mix4410,bike_bell,4.295,8.97,4.675000000000001,12.70179426058188,24.18783866065044,6.490591345035931,0.8959515614336055,3.8000000000000003,12.538580256000445,0,0,0,56.042928588745994,3.9901242012596843
fold1_room1_mix4411,bike_bell,4.951,8.51,3.559,8.723267487654761,20.87706391528514,3.407918942226324,-4.171885678911337,5.300000000000001,8.490662063646488,1,0,0,58.27768234196505,5.921514069899459
fold1_room1_mix4412,siren,1.825,7.676,5.851,36.48760889935121,35.74559625380488,40.69281322691222,40.871270396321506,4.800000000000001,7.69625737084048,1,1,1,63.615203771308984,12.062087398611803
fold1_room1_mix4413,siren,2.456,7.551,5.095000000000001,17.4344184972144,24.96874282672006,54.107537302883436,50.987753110678064,4.4,10.223142229513043,1,1,1,45.70889776668074,7.242901921622945
fold1_room1_mix4417,bike_bell,0.644,6.165,5.521,30.451522665638098,14.083774447285759,-4.427690196667243,2.270108849685073,5.5,13.632867615363574,1,0,0,63.83821185327935,5.573093492721099
fold1_room1_mix4418,horn,0.709,3.383,2.674,52.5079029856765,24.873987111375623,22.64033489864488,29.12992028272015,5.1000000000000005,14.843063466301201,0,1,1,52.298916298426306,11.370008740142065
fold1_room1_mix4419,horn,2.897,7.495,4.598000000000001,41.279567492115085,23.149842544329257,13.318792799395865,18.34253473614575,5.9,9.518171973450249,1,1,1,62.331059969278485,13.325502574613278
fold1_room1_mix4420,bike_bell,4.068,8.728,4.66,15.06365613073057,14.567246020719203,26.61490031535186,26.905959080063766,6.5,12.196949254402519,1,1,1,44.319616008377054,3.606350167274093
fold1_room1_mix4422,horn,4.675,8.226,3.551000000000001,15.126347213243283,48.034035492624376,29.92494317790146,19.888642986320527,3.2,6.166323476104932,0,1,1,50.64204869887222,9.52485525704571
fold1_room1_mix4424,horn,5.06,7.836,2.7760000000000007,10.261036219798408,32.11136774887097,36.58826082837058,26.678909155155168,5.5,8.621418508802078,1,1,1,64.56810807326775,13.148966901194202
fold1_room1_mix4427,backup_beep,1.519,4.204,2.6849999999999996,7.582071956250275,6.499295478797587,19.198009886919245,20.53644228425383,4.9,6.451638436052395,0,1,1,48.69082491444019,1.1904913387393028
fold1_room1_mix4428,siren,1.199,4.39,3.191,42.05165795794162,14.209237121933718,47.59964885609581,57.023896086100436,5.1000000000000005,12.216619837061675,0,1,1,45.36746692847963,10.335672692064424
fold1_room1_mix4428,horn,5.68,8.546,2.8659999999999997,12.286744352574598,22.10918459934025,45.353706137695056,40.250988063372844,6.300000000000001,10.852218056091761,1,1,1,45.36746692847963,8.736280964680116
fold1_room1_mix4430,horn,1.066,6.202,5.136,73.44274553682354,8.690712748635269,45.94484206224077,64.4827122286752,6.7,6.1214379694631305,0,1,1,45.42129778063689,13.047233595692916
fold1_room1_mix4431,backup_beep,1.508,5.268,3.76,16.922549025543745,14.380012161339563,13.071217269719078,14.485347821939662,6.5,14.197270309992124,0,1,1,53.44363556681636,1.8414817643578334
fold1_room1_mix4433,backup_beep,5.05,7.736,2.686,9.984219152033043,9.431655510205394,18.001646323388286,18.496169829427387,6.7,9.124332689633224,1,1,1,48.65762324130438,2.399336749119425
fold1_room1_mix4437,backup_beep,0.846,6.401,5.555,12.01095099517528,9.713150506622089,11.146978500589569,12.991324036699893,5.2,9.51450919472299,1,1,1,57.71300593269649,1.6716079510850028
fold1_room1_mix4441,horn,0.826,5.18,4.354,51.84520276062594,6.154940949077501,39.94367668951628,58.45337042263769,5.6000000000000005,4.609593011582989,0,1,1,41.601902639041725,10.917659425896417
fold1_room1_mix4445,siren,1.756,7.349,5.593,30.55986631012738,28.81331963960943,51.692456684476205,52.203619742773064,4.6000000000000005,11.505634711977557,1,1,1,54.15159472034528,9.786550012576377
fold1_room1_mix4445,siren,2.357,4.626,2.269,14.135883109301878,12.50114740004234,47.48431231444011,48.55177370164399,3.8000000000000003,11.823195490222245,1,1,1,54.15159472034528,5.209114658984523
fold1_room1_mix4446,siren,1.568,4.889,3.321,34.44832618420903,6.896478122862139,39.703543105473585,53.67435834299248,5.5,4.414756405124501,0,1,1,52.01045971265508,8.69196475150292
fold1_room1_mix4447,siren,3.699,7.884,4.1850000000000005,6.437679205095306,51.38500548467607,57.01245112603753,38.970309614334354,3.8000000000000003,6.29166463392718,1,1,1,50.565411263166425,12.512718245248653
fold1_room1_mix4447,backup_beep,3.163,8.403,5.24,9.969089966251788,7.7093776046070115,15.407055968219424,17.639779916607452,6.9,7.172760263550886,1,1,1,50.565411263166425,1.8606163020004234
fold1_room1_mix4450,siren,2.972,8.299,5.327,28.25372118174826,28.217288830784547,56.06715940586378,56.078366835076025,5.6000000000000005,6.5604925192513175,1,1,1,40.58930664385545,10.311794371271631
fold1_room1_mix4450,bike_bell,1.829,6.949,5.12,13.840811505633294,15.312959763333115,31.3734528668664,30.495501122528225,4.2,5.646397897800994,1,1,1,40.58930664385545,5.2487176291225754
fold1_room1_mix4451,bike_bell,2.82,6.392,3.5720000000000005,12.761462594359074,6.234233040495912,7.373421138032143,13.595769524510999,5.9,5.89978983717872,1,0,1,61.85444779839477,3.7346958565970074
fold1_room1_mix4452,backup_beep,1.645,4.52,2.8749999999999996,4.528830081985611,4.3171117441814175,25.281660877347235,25.697515607892882,3.3000000000000003,3.951063778214746,1,1,1,47.627896964304426,1.3757070486065506
fold1_room1_mix4454,backup_beep,0.547,4.694,4.147,16.166879766151673,14.562966614046452,-4.388276080800992,-3.480748989281622,4.1000000000000005,14.517233251035963,1,0,0,63.72646375350928,1.9938102754114577
fold1_room1_mix4458,backup_beep,4.648,7.508,2.8600000000000003,6.787229781634514,6.845943041028966,3.094256578084895,3.0194419988314394,6.0,6.396777001144694,1,0,0,58.87943876635289,1.6463469505979347
fold1_room1_mix4459,backup_beep,2.404,6.604,4.2,16.608461405817565,14.55723244234318,20.758088378035062,21.903100077703463,6.7,14.557068352619906,0,1,1,44.76282335700339,1.8792197719405892
fold1_room1_mix4461,siren,1.126,7.08,5.954000000000001,46.859172879619514,13.202984188724045,42.32269092235174,53.32514122875176,6.4,11.733943256993683,1,1,1,59.67812034369592,8.636532937425901
fold1_room1_mix4463,backup_beep,3.301,6.378,3.077,3.2353252420035634,4.996256192472247,22.99040341462792,19.21586834616744,3.6,3.2042860056888083,1,1,1,59.17508793963107,1.3915478675134878
fold1_room1_mix4464,horn,1.448,7.228,5.779999999999999,33.56646330155322,7.364676251284708,29.283817361216236,42.45885585074534,6.5,5.450474750030034,1,1,1,52.847504179845444,6.587681323201791
fold1_room1_mix4465,bike_bell,5.386,7.51,2.1239999999999997,8.473950376176177,13.985841666991936,-1.1230915194724815,-5.47514533709608,4.6000000000000005,7.895442070009011,0,0,0,64.60773658395054,3.9860671451966314
fold1_room1_mix4466,siren,0.916,5.394,4.478,36.60721753713936,8.907282928085687,25.830531786032353,38.10696124004234,5.5,8.85721859839267,0,1,1,62.10684573289693,7.719342665833882
fold1_room1_mix4467,backup_beep,1.739,6.858,5.119,13.463722843456159,6.5852628207590245,19.24862200524842,25.4604630130777,6.800000000000001,6.5825838954260565,1,1,1,43.17886703938122,2.333076056042101
fold1_room1_mix4468,siren,5.018,8.161,3.143,8.935970130320955,53.4232081568585,64.47431527282208,48.9425501490737,4.5,3.9481510228959045,0,1,1,46.52543107215532,14.394781194905768
fold1_room1_mix4471,bike_bell,1.333,5.64,4.3069999999999995,38.115120871561274,14.280015782169201,13.312456041334315,21.8398283200048,6.5,13.10867566126882,0,1,1,42.497374059052405,6.992665022060777
fold1_room1_mix4474,horn,2.478,6.83,4.352,32.56461722174918,16.979146676487478,45.242916625242366,50.89951897735906,5.800000000000001,14.417313277683109,1,1,1,45.69375659914861,8.770210790762512
fold1_room1_mix4475,bike_bell,0.366,3.251,2.885,18.494866252399518,7.842527455598188,3.807713125472361,11.259616070248399,3.9000000000000004,7.243210091158833,0,0,1,54.88956072536011,4.855441704212238
fold1_room1_mix4476,backup_beep,1.235,3.978,2.7430000000000003,12.2858179916133,11.420979056493785,20.18084058128794,20.814855421976063,5.800000000000001,11.24949346237822,0,1,1,46.206463547110346,1.0816371223238144
fold1_room1_mix4477,siren,1.355,4.643,3.288,24.81374797756556,12.684119442923379,52.51903447804278,58.347675357368736,4.3,12.393887234554072,1,1,1,57.33352882681563,7.36051576288145
fold1_room1_mix4479,backup_beep,5.891,9.41,3.519,11.979264956385348,17.921712636509064,14.59026555879359,11.091278784936492,4.6000000000000005,11.372377613990368,0,1,1,46.16735414343343,2.866236235326176
fold1_room1_mix4480,backup_beep,1.92,7.734,5.814,13.693635173273675,12.836111155238434,9.846664926233586,10.408370605012522,5.300000000000001,11.907595506731125,1,0,1,53.352242358508676,1.9875434553260216
fold1_room1_mix4481,bike_bell,3.571,7.546,3.975,12.343521509408035,15.285908575837809,-5.081878153595888,-6.938921745559753,4.9,11.062086294688706,1,0,0,64.44260590117844,4.032177238300915
fold1_room1_mix4485,horn,5.439,9.465,4.026,13.638182143903164,48.46423278949176,43.773469349059326,32.760172234839146,4.5,10.45710680971239,0,1,1,48.309843224790995,9.579007190187061
fold1_room1_mix4488,bike_bell,5.765,8.11,2.3449999999999998,10.86027652408346,21.6551185466776,22.773347762539345,16.778954119673706,4.4,8.121434868273482,0,1,1,41.67929984390558,5.484434690355602
fold1_room1_mix4488,bike_bell,1.3,4.345,3.045,20.78372869680931,9.787603507230003,12.324323080150762,18.865265015006727,5.9,7.110431276793587,0,1,1,41.67929984390558,4.204212059433528
fold1_room1_mix4491,backup_beep,2.684,7.682,4.998,5.017402378100795,6.877228785934047,9.990282495679864,7.251591675493032,3.3000000000000003,4.977774781471277,1,0,0,58.3493667598746,1.0755524811781239
fold1_room1_mix4492,horn,4.531,7.682,3.1510000000000007,18.425419219459652,17.628196081493783,34.70359040772246,35.08778051203326,6.1000000000000005,7.955004346721554,1,1,1,45.53411606040156,10.27199025883252
fold1_room1_mix4492,bike_bell,3.152,7.417,4.265,5.983964983902447,13.87476451107637,32.15930936565594,24.85457781989767,3.4000000000000004,5.943524861445652,1,1,1,45.53411606040156,3.103322579954887
fold1_room1_mix4495,backup_beep,3.205,5.821,2.6159999999999997,16.10090814305145,13.645339147758676,16.468931531757164,17.906252292308785,6.9,13.38152834601362,0,1,1,44.761979326538565,2.401738917953545
fold1_room1_mix4495,backup_beep,2.476,5.097,2.6210000000000004,5.677903427514579,8.115216144129926,33.85525794273143,30.75301614401998,3.1,5.40055186646901,1,1,1,44.761979326538565,2.9813759464880722
fold1_room1_mix4496,backup_beep,1.437,3.76,2.3229999999999995,11.459037932647083,9.516805173911939,-0.032782774720885755,1.5803567943008332,5.6000000000000005,8.968932233225088,0,0,0,56.1016248961854,1.7001642832957442
fold1_room1_mix4497,bike_bell,3.738,7.994,4.256,5.7227648869376875,20.147293622673295,11.076473304081055,0.14425706395740434,3.7,5.718459383476559,0,1,0,55.88006653857261,4.485214778143721
fold1_room1_mix4498,backup_beep,0.417,4.099,3.6820000000000004,15.792156846422893,14.8638686744098,19.444256323928073,19.970448106859294,5.4,14.796022068563447,0,1,1,47.241570513349444,1.1138393063066954
fold1_room1_mix4499,backup_beep,0.966,5.934,4.968,14.756245175462288,11.516092792569522,6.283346835259778,8.436760971669969,5.2,11.409759586019561,1,0,0,58.671646135676085,2.198045501096197
fold1_room1_mix4500,horn,1.175,6.27,5.095,21.25892822867231,9.713769227632994,40.81973549072471,47.62280717296794,5.0,7.153695669843752,1,1,1,55.07772518170462,5.2189948143944385
fold1_room1_mix4501,siren,2.878,6.381,3.503,8.394653364685883,31.445287235762585,75.21248797835747,63.741432011509886,3.4000000000000004,6.11017701508697,1,1,1,44.292673831796264,10.451655309324082
fold1_room1_mix4502,horn,5.632,9.549,3.917,9.470755809794927,40.95554626272969,25.048694290740627,12.330132614293973,5.0,7.385469802580559,0,1,1,62.92961138612084,8.76789356558221
fold1_room1_mix4504,horn,4.541,9.26,4.718999999999999,9.56577111929513,17.528350826152508,48.64374210964033,43.383320676114664,6.1000000000000005,4.934609160519292,1,1,1,59.992912079248555,5.300821559975287
fold1_room1_mix4507,backup_beep,1.151,6.072,4.921,12.677290929870397,13.117606505314201,16.9382463680963,16.641683527827283,3.4000000000000004,11.249428636499964,1,1,1,53.834430600630455,2.5590938420626905
fold1_room1_mix4511,horn,4.759,8.196,3.4369999999999994,24.52593593718667,26.126794155950044,44.86715371698169,44.317943035079395,6.4,5.595388561850647,1,1,1,55.111350582305846,14.373937362917477
fold1_room1_mix4512,siren,3.8,7.546,3.7460000000000004,28.03345901163471,29.502139155408212,24.94040743204529,24.496871050780555,5.6000000000000005,7.679962568652361,1,1,1,62.80441699332481,14.802349916889021
fold1_room1_mix4513,horn,0.513,4.3,3.787,24.47693710407134,9.131835688573226,27.776857418430552,36.34083708581929,3.4000000000000004,4.39586466720801,1,1,1,61.89020736633728,8.475185395430657
fold1_room1_mix4514,siren,4.965,9.271,4.306000000000001,6.701336982443685,56.43928338993333,66.14636325590294,47.63796258543856,4.9,6.707100645729676,0,1,1,46.5986784938638,12.927800349151966
fold1_room1_mix4519,backup_beep,2.99,6.46,3.4699999999999998,12.005355857699904,6.737970071049299,28.637873016972172,33.65479222042999,6.5,6.739436425638169,0,1,1,41.56895066909002,2.8717126289365837
fold1_room1_mix4520,siren,5.766,7.947,2.181,13.47608402890094,22.57470394844062,42.57585706327738,38.094689998656364,6.4,10.610101019204128,1,1,1,56.056073115924434,12.946024166153666
fold1_room1_mix4520,bike_bell,2.329,5.745,3.416,15.300598672963655,17.902715457493393,2.2546222552117854,0.8904125522108188,3.6,13.92915491135124,1,0,0,56.056073115924434,5.147345112937446
fold1_room1_mix4526,bike_bell,4.451,6.662,2.2110000000000003,5.22483944071232,7.551618980058468,18.865022317430473,15.665679913015083,5.0,4.926364399855026,1,1,1,55.94205520448763,3.3779572849938546
fold1_room1_mix4527,backup_beep,7.047,9.506,2.4590000000000005,10.532252029621755,11.718763201977136,12.215635653015013,11.28842493820676,3.4000000000000004,9.809452998533347,0,1,1,61.92895525135063,1.047901756753526
fold1_room1_mix4528,bike_bell,3.198,6.188,2.9899999999999998,12.974337849767617,10.202625637696547,2.1344217842913693,4.2218868085614005,5.800000000000001,10.137093300148642,1,0,0,61.89066109608279,3.0947278931947952
fold1_room1_mix4529,horn,1.596,5.936,4.34,38.14224716914445,13.732337294157318,43.57740173472249,52.4506380166082,6.6000000000000005,12.935419534386835,0,1,1,45.726854058243,7.204858098283643
fold1_room1_mix4531,backup_beep,5.183,9.423,4.24,4.452536161213716,10.334511021633993,19.283222920632767,11.969573370663923,3.5,3.4957383878584256,0,1,1,62.26943821150165,1.6433064152407624
fold1_room1_mix4531,backup_beep,1.857,5.019,3.162,14.221833421271972,13.779209475736748,-3.297622941035911,-3.022997240492728,4.2,13.725550320421753,1,0,0,62.26943821150165,1.5627033108561272
fold1_room1_mix4532,siren,1.735,4.662,2.9269999999999996,46.08169693117217,19.76530756319559,34.36742605919464,41.71992379245371,6.6000000000000005,8.305080473137297,0,1,1,51.22663631081859,9.357929136680553
fold1_room1_mix4532,horn,1.327,5.987,4.66,31.53988323917686,21.892947625858156,43.667937030576894,46.83905389312119,4.1000000000000005,6.302375367967906,1,1,1,51.22663631081859,11.13090998652228
fold1_room1_mix4533,siren,4.828,8.054,3.226,18.511578445258817,52.40272646247382,69.81508677555823,60.77687814087385,3.1,3.6272799035023366,0,1,1,44.76578363161717,10.57781489465842
fold1_room1_mix4533,bike_bell,2.183,7.655,5.472,17.027090561748096,17.76492833528099,23.554918684693845,23.186458405719847,4.800000000000001,13.493006542010626,1,1,1,44.76578363161717,4.009911952687199
fold1_room1_mix4536,backup_beep,3.515,9.272,5.757,11.344814178054378,15.882355156751235,8.150139814069362,5.227789482171353,4.6000000000000005,11.041642146199996,1,0,0,51.436668317518624,2.435605080017568
fold1_room1_mix4536,backup_beep,0.729,6.36,5.631,9.987136559784847,8.435605749579835,14.228936256826728,15.695430539232873,4.2,7.350218298891126,1,1,1,51.436668317518624,1.9359056349775658
fold1_room1_mix4537,siren,2.907,7.824,4.917,18.232698339792126,49.5251651904056,49.144077376985834,40.46457765354394,4.2,5.988503774380465,1,1,1,53.614552180752426,13.501139749329475
fold1_room1_mix4537,backup_beep,4.176,7.241,3.0649999999999995,6.468881024799041,7.975892827010355,15.742971129376699,13.923968209831756,4.800000000000001,6.337186908233945,1,1,1,53.614552180752426,2.004191041173285
fold1_room1_mix4538,horn,3.808,7.527,3.7190000000000003,30.329878930029352,16.67431830772368,33.15588479134993,38.35233656971381,6.300000000000001,7.343424065821847,1,1,1,64.7340621716149,11.939488261763271
fold1_room1_mix4540,siren,5.349,9.095,3.7460000000000004,8.469767102689323,29.673588294848763,69.25445528812845,58.36448332209838,6.0,5.894662113280321,1,1,1,56.594697437732364,9.387139544319504
fold1_room1_mix4544,horn,6.793,9.077,2.284,26.652810925963788,43.11560177837052,21.91724195802189,17.739413285436996,3.2,4.62081129047221,0,1,1,60.42982342547771,7.2758277662012585
fold1_room1_mix4544,backup_beep,1.984,5.137,3.1529999999999996,7.867141127737597,5.150209892680672,13.592241211710487,17.272081457148317,6.4,4.845857294953614,0,1,1,60.42982342547771,1.4123070602727081
fold1_room1_mix4545,backup_beep,4.796,9.677,4.880999999999999,10.112707121237774,10.447728139792975,22.763606255014494,22.48051758129327,6.9,9.708825024942362,1,1,1,43.00087363649554,1.3705251046180906
fold1_room1_mix4546,siren,4.335,8.826,4.4910000000000005,15.08028129485534,16.115777478749585,33.54117078597366,32.964334394119604,6.5,3.33041671299985,1,1,1,62.198209244002925,6.785982093480255
fold1_room1_mix4547,siren,3.533,5.911,2.3779999999999997,41.39276522676124,12.790246999843772,64.19773803096422,74.398648206247,6.4,10.939861692154135,0,1,1,45.562831318993126,13.999808028999443
fold1_room1_mix4554,siren,1.875,4.741,2.8659999999999997,58.23782345458598,24.095147263054677,47.24981618905702,54.915327201276945,6.7,3.3335681081936803,0,1,1,45.22998922122573,11.9597105770947
fold1_room1_mix4554,bike_bell,4.698,7.434,2.7359999999999998,10.074179171277969,21.017205705083676,18.2683419345921,11.881035848823835,3.9000000000000004,9.19714350264916,0,1,1,45.22998922122573,5.403222762355783
fold1_room1_mix4561,bike_bell,1.507,7.055,5.548,12.016622614363012,22.035638912347498,9.858892815222262,4.592028316380912,3.3000000000000003,7.04521845988762,1,0,0,56.291780315764086,5.518315448395292
fold1_room1_mix4565,horn,1.7,6.393,4.693,32.74193527458803,17.002681160812674,45.78364333682802,51.47538203200391,5.2,14.094067341171653,1,1,1,45.275614640373135,8.326345067263045
fold1_room1_mix4566,bike_bell,3.348,8.587,5.239,3.347280074983824,33.69345346439456,27.98273714078988,7.925667648253977,3.3000000000000003,3.3249841827001103,0,1,0,54.88969890262733,6.324166632197166
fold1_room1_mix4567,siren,5.812,8.622,2.8099999999999996,28.144533730795903,56.996405797090226,71.93152356511997,65.80245533043798,3.5,12.553805727950817,0,1,1,40.131779135852184,10.820909179208808
fold1_room1_mix4568,siren,5.047,8.759,3.7120000000000006,13.086995791323073,17.892949348686845,80.48021073577151,77.7633713400245,6.1000000000000005,11.864466651587568,1,1,1,40.7596848329557,5.096973050727616
fold1_room1_mix4568,siren,4.37,9.219,4.848999999999999,13.368765259801837,39.81923684073021,81.46678051022556,71.98674781786696,5.6000000000000005,3.4449561224526772,1,1,1,40.7596848329557,10.846806043356702
fold1_room1_mix4577,horn,5.401,8.204,2.803000000000001,14.028379252015991,22.146751105540726,59.33298047412942,55.366929943357796,5.6000000000000005,13.985942890530575,1,1,1,46.210497362083565,6.521516553149198
fold1_room1_mix4578,backup_beep,3.431,8.513,5.082,3.9035983625032453,7.479087943884496,20.578779937477897,14.931109681179727,3.8000000000000003,3.876901160057179,1,1,1,59.501664621510464,1.3485749200057342
fold1_room1_mix4579,backup_beep,3.761,8.494,4.733,13.995857463146615,16.33790859933634,4.057345082684364,2.7134060580274735,3.5,13.991357471129136,0,0,0,59.253582965429985,1.7055853669051582
fold1_room1_mix4579,bike_bell,0.44,6.101,5.661,31.624713439163855,8.166616921407547,-7.58522565300958,4.174462640865094,5.9,8.126112964968122,1,0,0,59.253582965429985,5.549821190690663
fold1_room1_mix4580,horn,1.914,6.062,4.148000000000001,44.753821155287575,14.1613569344658,37.952859525096976,47.94736458067084,5.4,11.012498104510254,1,1,1,49.30144203299046,12.609300654935954
fold1_room1_mix4580,bike_bell,3.018,5.122,2.104,15.062521484824357,13.773097469194948,16.343331292741205,17.12065246240622,4.6000000000000005,13.571399303370065,1,1,1,49.30144203299046,4.2248373804875605
fold1_room1_mix4582,siren,1.538,5.843,4.305,37.40902696095143,6.175193896313705,59.586822959845655,75.23333922659847,5.4,4.701522743816973,1,1,1,53.1431748004154,9.552336271976559
fold1_room1_mix4582,horn,2.557,7.61,5.053000000000001,18.60408616218516,16.801598722675134,46.48640570384347,47.371560385815094,5.2,4.900885910572116,1,1,1,53.1431748004154,6.732493303563244
fold1_room1_mix4585,horn,3.562,9.302,5.74,24.014949941406147,51.960987879547254,50.78802944531939,44.08411517404385,5.2,12.182743253793584,1,1,1,44.11246953077514,12.406418357534374
fold1_room1_mix4587,bike_bell,4.694,8.811,4.117,17.31941269044654,24.011013099634603,5.307103630789413,2.469557153061004,6.0,14.68836891279905,1,0,0,63.67809392681306,6.843762502377846
fold1_room1_mix4592,horn,2.187,5.424,3.2370000000000005,31.331689341602583,15.249173264856347,48.40898286520752,54.66373312092591,4.800000000000001,13.333858178831036,1,1,1,47.152594518003625,11.051885891087318
fold1_room1_mix4592,backup_beep,1.949,4.86,2.9110000000000005,15.495122336184544,10.816753607229746,22.63767325283237,25.75963469875697,5.800000000000001,10.469381864531144,0,1,1,47.152594518003625,2.9896624921996464
fold1_room1_mix4603,horn,2.29,5.883,3.593,18.235485414225813,25.332099016100386,41.14794262376474,38.29286565347447,3.6,12.683038681093894,1,1,1,40.0849903543477,9.751618325443516
fold1_room1_mix4606,siren,4.457,9.635,5.178,17.84347841915195,36.19226604958235,51.809516795785946,45.666791679385405,5.9,12.645991799055333,1,1,1,44.52190067043117,8.981614465884165
fold1_room1_mix4606,siren,5.534,9.216,3.6819999999999995,12.99479287931535,63.18336969629473,76.22986719090673,62.4931987468593,4.9,9.275132145811716,0,1,1,44.52190067043117,14.502178252828141
fold1_room1_mix4609,horn,1.786,7.217,5.430999999999999,17.27782854345275,48.79358945931638,24.35659154652963,15.339119389992732,3.1,8.607822310261996,1,1,1,58.254253360423775,11.602334673349102
fold1_room1_mix4609,backup_beep,4.711,8.331,3.619999999999999,13.162039735897567,16.429536360999634,12.356789657445717,10.430747451583287,3.8000000000000003,13.020261739681205,0,1,1,58.254253360423775,2.2350967281996654
fold1_room1_mix4612,siren,4.281,9.357,5.076,16.941120828791448,80.57417934354967,44.23588041581241,30.69080539790503,3.0,6.432804767218968,0,1,1,49.433510810664465,12.7333756539206
fold1_room1_mix4617,bike_bell,3.379,9.133,5.754,13.519566597196258,34.809519313689925,24.782614730538597,16.567909597008004,3.4000000000000004,13.518334307623748,1,1,1,45.764521331526154,5.609626063591955
fold1_room1_mix4620,horn,1.744,6.661,4.917,56.38222046048126,5.2080986646943215,38.117312980603494,58.80657242582301,6.7,5.161349412420947,0,1,1,41.26534412317047,11.26194968281122
fold1_room1_mix4620,bike_bell,1.743,6.735,4.992,21.813503184401785,20.069217805705605,16.94409769457517,17.66799712118057,4.4,13.656329209869229,1,1,1,41.26534412317047,6.353617481670027
fold1_room1_mix4622,backup_beep,5.996,8.551,2.5549999999999997,7.315385002062983,7.604920801607761,9.560834584978537,9.223684424167445,7.0,7.115271936683128,1,0,0,50.517215061383055,1.7159782538905246
fold1_room1_mix4623,backup_beep,0.833,5.395,4.561999999999999,8.985715320673265,6.483850958998478,-2.117213592465731,0.7171790489064449,3.6,3.9204755810622194,1,0,0,60.556061099542916,2.9044395280156845
fold1_room1_mix4623,backup_beep,5.96,8.043,2.0829999999999993,12.721759369269058,14.347462619843384,4.87166619666516,3.8271076917168045,3.3000000000000003,11.898707004176275,0,0,0,60.556061099542916,1.6876285175614847
fold1_room1_mix4625,backup_beep,1.146,4.486,3.34,13.45682605505536,13.047184344657216,16.058916124495312,16.32743292613958,3.6,12.973005537254407,1,1,1,48.332320475852896,1.4874013502476624
fold1_room1_mix4626,backup_beep,3.629,8.582,4.953000000000001,3.473678584515558,5.3698356268377845,7.803052734485007,4.019625519563071,4.9,3.0909527260769125,1,0,0,58.296088981660105,1.2067972995427467
fold1_room1_mix4630,siren,3.59,6.556,2.966,14.836132276020908,17.803975001846343,36.74510359458978,35.16117801318097,4.800000000000001,12.030124483415465,1,1,1,55.93185877460513,7.353877632639568
fold1_room1_mix4631,siren,4.548,9.33,4.782,27.193243597985617,38.45191986521052,38.68040932852723,35.67126901991725,6.5,6.122736354214055,1,1,1,57.15463293590503,13.479173093267336
fold1_room1_mix4631,horn,1.227,4.16,2.933,28.813094484226273,7.515272045667665,26.92265567727847,38.595559619777575,3.7,5.203934679255288,1,1,1,57.15463293590503,11.51145292112369
fold1_room1_mix4633,bike_bell,0.905,3.232,2.327,20.86890081362865,10.857171893785361,25.676995606840855,31.352652830415444,5.6000000000000005,3.4382563906795096,0,1,1,40.115414983659356,4.419712160596024
fold1_room1_mix4634,horn,6.4,8.483,2.083,10.836541481184863,22.645023946343546,44.07503414383862,37.67339241372639,6.9,8.774143918713621,1,1,1,51.45172815966123,13.076777459260839
fold1_room1_mix4635,siren,3.151,8.707,5.556000000000001,20.664338053383922,37.60981283445923,44.529776983678644,39.3281834997624,4.9,13.200806629322697,1,1,1,57.0082825538001,9.200306358606236
fold1_room1_mix4636,siren,1.874,7.688,5.814,16.280805589968512,49.883212237862054,67.59233475832488,57.86676432275398,3.3000000000000003,3.063915234387081,1,1,1,44.206318486498006,11.314031718871924
fold1_room1_mix4637,siren,2.547,7.521,4.974,15.72956350446033,64.45081582831524,43.79437199342558,31.544137033905976,3.1,14.009237955219142,1,1,1,51.1966155397481,14.091631538736337
fold1_room1_mix4641,siren,4.469,7.114,2.6449999999999996,16.30003483080425,13.571291763744517,48.434998764141724,50.02634566635879,6.1000000000000005,11.873177899009555,1,1,1,44.70372701872196,6.709717849509663
fold1_room1_mix4641,siren,3.808,7.667,3.859,11.982439416521684,15.653435094671433,56.79499165943102,54.473703360130656,5.4,4.598797474963346,1,1,1,44.70372701872196,6.746814258147911
fold1_room1_mix4643,siren,0.488,4.954,4.465999999999999,43.68101523791964,14.366482782161809,23.813616078306154,33.47246141872105,4.1000000000000005,10.260118906215927,1,1,1,63.02433035813243,11.7588620095325
fold1_room1_mix4643,siren,0.495,2.857,2.362,51.490638023538345,26.11292269913884,19.669651395091904,25.567107197194474,4.9,11.853779244451582,0,1,1,63.02433035813243,11.363325139522182
fold1_room1_mix4644,siren,2.335,5.419,3.0839999999999996,37.34187009444072,13.323678842599097,52.944619774017085,61.896057933708576,5.1000000000000005,12.584678675525875,1,1,1,53.35010823167197,12.822377746598402
fold1_room1_mix4646,bike_bell,1.272,3.435,2.1630000000000003,24.502482236007015,13.215599880644795,9.449271148630345,14.811735181834237,5.9,3.170338965252648,0,0,1,48.394518208697946,5.300881372487129
fold1_room1_mix4651,horn,1.536,4.152,2.616,36.365565793720684,9.385189516155476,37.664115816285,49.42906185887991,4.800000000000001,6.551383604561717,0,1,1,52.62142862392799,11.100060532133462
fold1_room1_mix4654,backup_beep,4.117,6.808,2.691,5.4321774649393175,7.062085582091725,19.85039733031455,17.57121679615176,4.4,5.402957799233299,1,1,1,51.127473880381515,1.8992870690642278
fold1_room1_mix4655,backup_beep,5.969,8.891,2.9219999999999997,6.312664040736367,11.01670252951223,23.32100401225712,18.484225091644475,3.5,4.237065936142902,0,1,1,51.72580146387898,1.8787807968125019
fold1_room1_mix4658,backup_beep,6.045,8.366,2.3209999999999997,11.060562319775855,13.649158317707867,30.190949819723258,28.364376537324446,3.5,9.939082062577858,0,1,1,40.95367666709173,1.9395340046767395
fold1_room1_mix4659,bike_bell,0.446,5.703,5.257000000000001,32.94011773088411,13.059211823690504,-4.049459320930595,3.9867042939428927,6.0,12.97925226154168,0,0,0,55.193197290995485,5.482645813187364
fold1_room1_mix4660,horn,4.391,9.374,4.9830000000000005,8.953810370813661,72.54267478812889,53.440412432758066,35.26869898438284,4.5,8.774796870046059,1,1,1,43.045936049415644,14.81042772072906
fold1_room1_mix4662,siren,6.094,9.479,3.384999999999999,13.96524508964114,37.797489751921766,63.924159183068205,55.27587126312316,5.9,13.87961573881942,0,1,1,59.06423974297298,9.919309303074549
fold1_room1_mix4662,siren,0.339,4.027,3.688,44.97691583052174,5.150524318320667,40.02658092539688,58.84934551571589,4.0,5.156713422821095,1,1,1,59.06423974297298,12.133275902113908
fold1_room1_mix4669,horn,3.342,6.19,2.8480000000000003,26.923079890599553,13.216230241640334,30.150309310770986,36.33065219017771,5.5,9.99361232487729,1,1,1,47.6188372615753,11.821640661257248
fold1_room1_mix4670,horn,1.428,4.853,3.425,28.64319841431371,14.168920003382667,33.74253915357828,39.856234415483016,5.6000000000000005,13.356096813002349,0,1,1,63.37783667063701,6.015648268570035
fold1_room1_mix4674,horn,3.901,6.836,2.9350000000000005,15.771382113232914,21.166209487709793,57.31591467630116,54.76044795481323,5.1000000000000005,8.520192976787254,1,1,1,43.978240797972575,11.12360203150326
fold1_room1_mix4677,backup_beep,6.952,9.33,2.378,7.096363921233644,10.974247145787945,21.69479137292482,17.908014227160045,5.9,6.536066077016683,0,1,1,50.62505383916274,2.544511984968662
fold1_room1_mix4679,siren,1.234,6.77,5.536,14.87826622975834,22.714892404910188,41.85138559677413,38.17621842969101,3.4000000000000004,5.200918128002329,1,1,1,51.56695582959711,6.512407708707225
fold1_room1_mix4679,siren,0.346,3.61,3.264,33.495349471273904,14.264071991240838,38.16524424139427,45.5800640665749,4.9,10.9230554900133,0,1,1,51.56695582959711,6.88959296483883
fold1_room1_mix4682,backup_beep,4.982,9.455,4.473,15.272343814383825,21.64465179408762,4.0283883019956335,0.9994900797482558,3.2,14.552801080130497,0,0,0,56.08792611531885,2.546125637122091
fold1_room1_mix4683,backup_beep,2.535,5.072,2.537,12.306350550929434,11.403552754170498,16.32457905520407,16.98636117454798,5.2,11.401455140784144,0,1,1,43.78685969804542,1.7394559277301438
fold1_room1_mix4683,backup_beep,3.533,9.502,5.969000000000001,15.001700665653484,19.98244712562627,27.158799255983894,24.668635717904948,4.7,14.593496901573918,1,1,1,43.78685969804542,2.869655366538333
fold1_room1_mix4685,horn,1.719,4.759,3.04,24.584129729512252,6.674885037445054,40.08982965075149,51.41405062731719,5.5,4.9479568309408295,0,1,1,55.665487878437624,6.44521202590624
fold1_room1_mix4688,horn,2.082,4.994,2.912,31.81034270615449,7.479567451241287,41.559836652920154,54.133673951725214,4.5,3.5337956310695198,1,1,1,49.45548205788759,13.120440830429308
fold1_room1_mix4692,siren,0.421,5.951,5.529999999999999,72.26376671807319,6.773345509183816,65.2813791447018,85.84372645771911,5.6000000000000005,4.548397360783398,1,1,1,42.73523331011934,13.949569661738538
fold1_room1_mix4697,siren,2.701,7.923,5.2219999999999995,10.086745337049456,32.73905545990027,49.42628534125557,39.19998355309465,3.1,9.792921424898786,1,1,1,47.89629188895723,6.446188250009125
fold1_room1_mix4698,bike_bell,4.95,9.466,4.515999999999999,11.21410588297987,19.85535214957287,17.76189400158958,12.799635168789294,4.1000000000000005,10.891487123582168,0,1,1,51.84445748509661,3.0847264687195923
fold1_room1_mix4699,siren,3.273,6.698,3.4250000000000003,13.946917772848854,21.131068159742146,45.1111052096573,41.502241000882215,4.0,13.259537040530299,1,1,1,52.962327523696665,6.0667782037645015
fold1_room1_mix4701,siren,4.202,9.077,4.875,18.531703440081124,40.044949686851915,65.0418200882165,58.34917187414252,5.7,4.5687475127562545,1,1,1,42.117533765512356,11.845141799849106
fold1_room1_mix4701,bike_bell,2.046,5.548,3.5020000000000002,25.12472950052878,7.891468681425838,15.162235939953547,25.221107088684214,6.4,6.282527179218003,0,1,1,42.117533765512356,5.582828543265313
fold1_room1_mix4706,siren,1.875,7.173,5.298,28.10871649234989,14.634069891572643,27.116621608208767,32.78613941460839,6.1000000000000005,13.251115176757027,1,1,1,61.646899866980014,5.851212316074514
fold1_room1_mix4713,siren,3.694,7.611,3.917,24.453289534534875,33.25132017790099,43.54332886575397,40.87389681143819,5.300000000000001,7.518778928899931,1,1,1,50.321891978026606,14.211445018771618
fold1_room1_mix4715,backup_beep,1.559,3.971,2.412,13.951990959475298,13.095565610220795,3.357574630730838,3.9078131389217745,6.2,12.831659943694028,0,0,0,58.185051838283925,1.1865479528079719
fold1_room1_mix4717,backup_beep,3.417,6.312,2.8950000000000005,14.31478475288572,14.049914079101612,24.22382570620529,24.38604877996707,5.4,13.971975752291534,1,1,1,44.60213762369062,1.586292476500218
fold1_room1_mix4721,horn,3.933,9.445,5.5120000000000005,8.298591274828908,71.659424233493,57.73984693919658,39.014468153135084,4.3,6.187019768028194,1,1,1,47.179630559773216,13.958619341336352
fold1_room1_mix4721,backup_beep,0.628,5.458,4.83,14.183588866643502,3.884012521609499,21.862376343506952,33.11248659793573,5.9,3.7403437848659413,0,1,1,47.179630559773216,2.6149386160708685
fold1_room1_mix4724,siren,4.013,6.627,2.614,27.70567231851611,11.269019448974507,56.487484348125264,64.30113564775876,6.1000000000000005,8.949565848709012,1,1,1,42.270222503539145,12.651705994718371
fold1_room1_mix4725,siren,3.553,6.481,2.928,10.355952269377275,44.028188018774415,53.25154472130997,40.680729274829446,3.1,8.467787197145435,0,1,1,54.16753758687477,12.71908984327743
fold1_room1_mix4729,siren,2.366,6.455,4.089,34.770727066856445,6.693336500323633,53.697999016113826,68.00942127152098,6.1000000000000005,5.812021108861642,1,1,1,50.7292066024727,9.19585856292855
fold1_room1_mix4729,backup_beep,5.721,9.043,3.321999999999999,9.427875343432962,13.158994734230344,10.389401922070746,7.493224291255061,4.2,8.923483905605861,0,1,0,50.7292066024727,1.9953952324450799
fold1_room1_mix4730,horn,4.002,8.985,4.983,10.10489567331971,33.08904370840377,34.170824201098085,23.867776562422648,3.0,8.637978051474768,0,1,1,54.20140924807525,5.357607620919921
fold1_room1_mix4731,bike_bell,2.819,7.824,5.005,11.359622614466902,15.72420273684144,5.0299591491192075,2.205864528278248,4.5,9.126182810058289,1,0,0,55.431502715745104,3.910725255398651
fold1_room1_mix4731,bike_bell,4.797,8.85,4.053,8.914579271180676,17.881844164854833,18.16953076003687,12.123301668082853,6.0,4.78407002074208,1,1,1,55.431502715745104,6.107846970811235
fold1_room1_mix4732,siren,1.368,7.275,5.907,68.87979674180484,15.976676009703981,47.64152793258687,60.333636505358186,6.2,6.7076642319568105,1,1,1,46.606928824834085,14.062648074307067
fold1_room1_mix4732,horn,3.799,7.274,3.475,12.05702490124609,33.53115824575313,44.604195600152735,35.72002765228885,4.2,11.355731084409973,1,1,1,46.606928824834085,10.245247896754279
fold1_room1_mix4734,backup_beep,0.307,5.376,5.069,9.852380301831538,6.019745594352498,13.401203828709,17.680464422760522,4.800000000000001,5.937799289499382,1,1,1,46.59738317759245,1.7463182311328938
fold1_room1_mix4737,backup_beep,5.416,9.076,3.66,5.129321198738754,6.625379799479086,13.166278103318831,10.94326042864175,6.1000000000000005,5.0273318319756735,1,1,1,60.575280634129356,1.4571930256065022
fold1_room1_mix4738,backup_beep,3.958,6.189,2.231,4.859266751840829,3.823150245866034,2.693535248884295,4.776522745818106,5.5,3.5373143056703062,1,0,0,62.27714882689644,2.143642772367497
fold1_room1_mix4738,bike_bell,2.012,4.782,2.77,21.549568537422164,10.466903864483195,-6.260119000056321,0.012287877588477158,4.9,10.439365257377464,0,0,0,62.27714882689644,6.531874353279706
fold1_room1_mix4739,horn,1.808,3.881,2.0729999999999995,28.480486178668887,13.899605984876622,40.79952364170095,47.03042182772537,5.5,7.217776914648496,0,1,1,55.16643016226829,7.558636932940576
fold1_room1_mix4745,siren,1.237,4.563,3.3259999999999996,47.33932848748436,9.834136096081043,42.94755283718819,56.597270414577885,5.1000000000000005,7.7429728884251485,0,1,1,41.03249839400642,12.213698687468565
fold1_room1_mix4745,backup_beep,5.087,8.739,3.652000000000001,13.300714976087946,13.280142577026258,24.262748846273006,24.276193831873023,7.0,13.074040832533688,1,1,1,41.03249839400642,1.3080561879064854
fold1_room1_mix4746,siren,6.714,8.775,2.061,15.757986705566328,27.261589599116633,61.81216427398958,57.05115535762981,4.5,8.031759206324557,0,1,1,59.08325049967378,6.062001113661134
fold1_room1_mix4748,siren,1.668,4.323,2.6550000000000002,23.595850734095134,14.920141696013008,38.32869709766581,42.309950948691366,5.300000000000001,13.958886741691135,0,1,1,64.3832454731421,5.17971587162957
fold1_room1_mix4749,siren,3.557,6.477,2.9200000000000004,12.78308073054168,30.43107487343043,62.97351429983836,55.43987908160115,3.6,12.765782975360345,1,1,1,59.67879276456868,9.713604722423034
fold1_room1_mix4750,siren,1.585,4.385,2.8,25.325974991089552,8.26436192398464,52.07882164543882,61.80595855640564,3.8000000000000003,5.471258289131055,1,1,1,58.323762214349216,11.046008653523394
fold1_room1_mix4751,bike_bell,2.475,8.471,5.996,16.244339582630992,22.55870316323513,6.844732000837396,3.9924906017199646,5.0,4.702361978794092,1,0,0,51.412558896375415,6.27361301334164
fold1_room1_mix4752,horn,3.354,6.082,2.7279999999999998,6.209398078257935,21.35193967735991,29.169087698720872,18.44133108053056,3.9000000000000004,4.126540774167682,1,1,1,63.735331133914954,9.390601131887951
fold1_room1_mix4754,backup_beep,2.181,5.52,3.3389999999999995,10.895976571229289,11.016253912790766,25.037661103420746,24.94230557053423,3.8000000000000003,10.40334909426237,1,1,1,47.78237871862349,2.055940933398155
fold1_room1_mix4756,siren,5.616,7.859,2.2430000000000003,14.742995789015565,29.215902747799774,43.08644712275874,37.145775748523235,5.9,14.37843910857434,1,1,1,53.435341966858445,12.801255769732212
fold1_room1_mix4758,bike_bell,5.861,8.503,2.6420000000000003,15.201126198784147,32.37028653947071,-1.4680051854402194,-8.033420770498303,3.8000000000000003,6.391026156093654,0,0,0,61.491970630651224,6.790283148249909
fold1_room1_mix4762,bike_bell,5.277,8.263,2.9859999999999998,9.784336872223582,15.880222039142634,14.403544178266323,10.19704070713783,5.0,9.742941739580669,0,1,1,49.98171215194264,3.893924950002201
fold1_room1_mix4762,bike_bell,5.798,9.062,3.2639999999999993,8.375089676146729,21.457170662224417,15.897370936954708,7.72571114704585,5.9,8.337678949130355,1,1,0,49.98171215194264,6.304952943133687
fold1_room1_mix4766,bike_bell,3.414,8.674,5.26,13.05807630938694,26.5429416065835,13.311799726971714,7.150402738741015,4.800000000000001,9.73659906561542,1,1,0,49.410150813599586,6.348791406882043
fold1_room1_mix4769,horn,3.473,8.579,5.106000000000001,43.83328290282689,27.357189769043625,37.748855492260745,41.843505800892544,6.6000000000000005,7.379450347282388,1,1,1,45.48281655366516,13.623610819083465
fold1_room1_mix4771,backup_beep,1.39,6.385,4.995,13.35818670647225,13.489247445836515,9.286749157615318,9.20194491490652,3.8000000000000003,11.383217864436537,1,0,0,55.7115956591538,2.8488516707778793
fold1_room1_mix4775,bike_bell,2.042,7.109,5.067,25.394399155570973,17.16313282416229,14.003245112857584,17.406072676607337,5.4,13.632974459973182,1,1,1,50.55322298080246,6.287422399470861
fold1_room1_mix4776,siren,4.486,8.075,3.5889999999999995,18.373687510361304,63.94539415112445,72.09180944370414,61.25955058795996,3.1,3.8746812144109737,0,1,1,46.40136629097659,12.779648412868152
fold1_room1_mix4784,horn,5.144,8.401,3.2569999999999997,14.0670513616901,15.409755893163455,54.972402956090825,54.18054923750693,6.7,3.8050588502346154,1,1,1,47.083681473243196,8.742862006379948
fold1_room1_mix4785,bike_bell,3.983,8.68,4.696999999999999,3.5019040640628405,29.75475015398322,28.47464591308647,9.889604639928585,3.8000000000000003,3.27516326172534,0,1,0,50.58408360788362,6.030724109012452
fold1_room1_mix4788,horn,4.82,9.157,4.337,4.978566945554623,57.48323726422848,39.867127329359604,18.61838999307666,4.5,3.05231198948239,0,1,1,61.974880489423285,12.328566822389277
fold1_room1_mix4794,horn,2.75,5.663,2.9130000000000003,15.72926458537971,25.69664673055215,21.47815710006894,17.214796376907316,3.8000000000000003,7.54223255822958,1,1,1,58.85217097409489,13.171288092463456
fold1_room1_mix4795,backup_beep,2.117,4.815,2.6980000000000004,14.526430733357076,10.245574417451184,-9.459536288583337,-6.427084179092162,6.2,9.567319644144519,0,0,0,64.3984868705636,2.692617551685391
fold1_room1_mix4795,backup_beep,1.755,6.801,5.046,13.168730950598095,11.294800611278843,1.917308914433903,3.250616035561748,7.0,11.29192317096288,0,0,0,64.3984868705636,1.292230652312112
fold1_room1_mix4797,siren,3.215,6.978,3.763,23.53410131263423,15.399300533681577,73.67625936797401,77.3601918469358,5.800000000000001,12.811298707109932,1,1,1,40.14310272740217,7.518972351205317
fold1_room1_mix4799,bike_bell,1.988,7.612,5.6240000000000006,14.317674718919964,18.187145931279133,13.008608676208794,10.930767475982776,4.5,3.179073097815778,1,1,1,47.329789920966945,5.667170779609399
fold1_room1_mix4800,siren,2.152,5.067,2.915,9.051707593443732,10.943503376186928,62.73965883148712,61.091141627770895,3.5,3.434653903497269,1,1,1,63.672409136837544,6.440871116514249
fold1_room1_mix4800,bike_bell,3.211,6.379,3.1679999999999997,14.040008928691304,20.254958896392402,-4.471419953233671,-7.654699597637119,3.9000000000000004,13.506296549737945,1,0,0,63.672409136837544,5.978899427655688
