fold2_room6_mix001,0,4,8,-3
fold2_room6_mix001,1,4,8,-3
fold2_room6_mix001,2,2,3,-2
fold2_room6_mix001,2,4,9,-3
fold2_room6_mix001,3,2,7,-2
fold2_room6_mix001,3,4,10,-3
fold2_room6_mix001,4,2,9,-2
fold2_room6_mix001,4,4,11,-3
fold2_room6_mix001,5,2,11,-2
fold2_room6_mix001,5,4,11,-3
fold2_room6_mix001,6,2,11,-2
fold2_room6_mix001,6,4,11,-3
fold2_room6_mix001,7,2,12,-3
fold2_room6_mix001,7,4,11,-3
fold2_room6_mix001,8,2,12,-3
fold2_room6_mix001,8,4,11,-4
fold2_room6_mix001,9,2,11,-3
fold2_room6_mix001,9,4,11,-4
fold2_room6_mix001,10,2,10,-3
fold2_room6_mix001,10,4,11,-3
fold2_room6_mix001,11,2,10,-3
fold2_room6_mix001,11,4,11,-3
fold2_room6_mix001,12,2,10,-3
fold2_room6_mix001,12,4,11,-3
fold2_room6_mix001,13,2,10,-3
fold2_room6_mix001,13,4,11,-4
fold2_room6_mix001,14,2,10,-3
fold2_room6_mix001,14,4,11,-4
fold2_room6_mix001,15,2,11,-3
fold2_room6_mix001,15,4,11,-4
fold2_room6_mix001,16,2,12,-3
fold2_room6_mix001,16,4,12,-4
fold2_room6_mix001,17,2,13,-3
fold2_room6_mix001,17,4,12,-4
fold2_room6_mix001,18,2,13,-3
fold2_room6_mix001,18,4,12,-4
fold2_room6_mix001,19,2,13,-3
fold2_room6_mix001,19,4,12,-4
fold2_room6_mix001,20,2,13,-3
fold2_room6_mix001,20,4,12,-4
fold2_room6_mix001,21,2,14,-3
fold2_room6_mix001,21,4,12,-4
fold2_room6_mix001,22,2,14,-3
fold2_room6_mix001,22,4,13,-4
fold2_room6_mix001,23,2,14,-3
fold2_room6_mix001,23,4,13,-4
fold2_room6_mix001,24,2,14,-3
fold2_room6_mix001,24,4,13,-4
fold2_room6_mix001,25,2,14,-3
fold2_room6_mix001,25,4,14,-5
fold2_room6_mix001,26,2,14,-3
fold2_room6_mix001,26,4,14,-5
fold2_room6_mix001,27,2,14,-3
fold2_room6_mix001,27,4,14,-5
fold2_room6_mix001,28,2,14,-3
fold2_room6_mix001,28,4,15,-5
fold2_room6_mix001,29,2,14,-3
fold2_room6_mix001,29,4,15,-5
fold2_room6_mix001,30,2,14,-3
fold2_room6_mix001,30,4,15,-5
fold2_room6_mix001,31,2,15,-3
fold2_room6_mix001,31,4,15,-5
fold2_room6_mix001,32,2,15,-3
fold2_room6_mix001,32,4,15,-5
fold2_room6_mix001,33,2,15,-3
fold2_room6_mix001,33,4,15,-5
fold2_room6_mix001,34,2,15,-3
fold2_room6_mix001,34,4,16,-6
fold2_room6_mix001,35,2,15,-3
fold2_room6_mix001,35,4,16,-6
fold2_room6_mix001,36,2,15,-3
fold2_room6_mix001,36,4,17,-6
fold2_room6_mix001,37,2,16,-3
fold2_room6_mix001,37,4,17,-6
fold2_room6_mix001,38,2,16,-3
fold2_room6_mix001,38,4,17,-7
fold2_room6_mix001,39,2,17,-3
fold2_room6_mix001,39,4,18,-7
fold2_room6_mix001,40,2,17,-3
fold2_room6_mix001,40,4,18,-7
fold2_room6_mix001,41,2,18,-3
fold2_room6_mix001,41,4,18,-7
fold2_room6_mix001,42,2,18,-3
fold2_room6_mix001,42,4,18,-7
fold2_room6_mix001,43,2,19,-3
fold2_room6_mix001,43,4,19,-8
fold2_room6_mix001,44,2,21,-3
fold2_room6_mix001,44,4,20,-8
fold2_room6_mix001,45,2,23,-3
fold2_room6_mix001,45,4,21,-8
fold2_room6_mix001,46,2,25,-2
fold2_room6_mix001,46,4,22,-9
fold2_room6_mix001,47,2,26,-2
fold2_room6_mix001,47,4,23,-9
fold2_room6_mix001,48,2,26,-2
fold2_room6_mix001,48,4,24,-10
fold2_room6_mix001,49,2,27,-2
fold2_room6_mix001,49,4,24,-11
fold2_room6_mix001,50,2,32,-2
fold2_room6_mix001,50,4,25,-11
fold2_room6_mix001,51,2,38,-2
fold2_room6_mix001,51,4,25,-11
fold2_room6_mix001,52,2,44,-2
fold2_room6_mix001,52,4,26,-12
fold2_room6_mix001,53,2,48,-2
fold2_room6_mix001,53,4,27,-12
fold2_room6_mix001,54,2,53,-3
fold2_room6_mix001,54,4,28,-12
fold2_room6_mix001,55,2,57,-3
fold2_room6_mix001,55,4,29,-12
fold2_room6_mix001,56,2,60,-3
fold2_room6_mix001,56,4,31,-12
fold2_room6_mix001,57,2,62,-3
fold2_room6_mix001,57,4,34,-13
fold2_room6_mix001,58,2,63,-3
fold2_room6_mix001,58,4,36,-14
fold2_room6_mix001,59,2,65,-4
fold2_room6_mix001,59,4,39,-14
fold2_room6_mix001,60,2,69,-4
fold2_room6_mix001,60,4,41,-15
fold2_room6_mix001,61,2,73,-4
fold2_room6_mix001,61,4,44,-15
fold2_room6_mix001,62,2,77,-4
fold2_room6_mix001,62,4,47,-16
fold2_room6_mix001,63,2,83,-4
fold2_room6_mix001,63,4,52,-17
fold2_room6_mix001,64,2,90,-5
fold2_room6_mix001,64,4,57,-17
fold2_room6_mix001,65,2,97,-5
fold2_room6_mix001,65,4,62,-18
fold2_room6_mix001,66,2,102,-5
fold2_room6_mix001,66,4,69,-18
fold2_room6_mix001,67,2,105,-5
fold2_room6_mix001,67,4,77,-17
fold2_room6_mix001,68,2,108,-5
fold2_room6_mix001,68,4,86,-16
fold2_room6_mix001,69,2,112,-5
fold2_room6_mix001,69,4,97,-15
fold2_room6_mix001,70,2,116,-5
fold2_room6_mix001,70,4,107,-13
fold2_room6_mix001,71,2,120,-5
fold2_room6_mix001,71,4,116,-11
fold2_room6_mix001,72,2,124,-5
fold2_room6_mix001,72,4,123,-10
fold2_room6_mix001,73,2,129,-5
fold2_room6_mix001,73,4,128,-9
fold2_room6_mix001,74,2,135,-5
fold2_room6_mix001,74,4,133,-8
fold2_room6_mix001,75,2,141,-6
fold2_room6_mix001,75,4,138,-7
fold2_room6_mix001,76,2,143,-5
fold2_room6_mix001,76,4,143,-6
fold2_room6_mix001,77,2,145,-5
fold2_room6_mix001,77,4,148,-5
fold2_room6_mix001,78,2,147,-5
fold2_room6_mix001,78,4,152,-5
fold2_room6_mix001,79,2,148,-5
fold2_room6_mix001,79,4,154,-4
fold2_room6_mix001,80,2,149,-5
fold2_room6_mix001,80,4,156,-4
fold2_room6_mix001,81,2,149,-4
fold2_room6_mix001,81,4,158,-3
fold2_room6_mix001,82,2,151,-4
fold2_room6_mix001,82,4,159,-3
fold2_room6_mix001,83,2,152,-4
fold2_room6_mix001,83,4,160,-3
fold2_room6_mix001,84,2,154,-4
fold2_room6_mix001,84,4,161,-3
fold2_room6_mix001,85,2,155,-4
fold2_room6_mix001,85,4,162,-2
fold2_room6_mix001,86,2,155,-4
fold2_room6_mix001,86,4,163,-2
fold2_room6_mix001,87,2,155,-4
fold2_room6_mix001,87,4,164,-2
fold2_room6_mix001,88,2,156,-4
fold2_room6_mix001,88,4,164,-2
fold2_room6_mix001,89,2,156,-3
fold2_room6_mix001,89,4,165,-2
fold2_room6_mix001,90,2,157,-3
fold2_room6_mix001,90,4,165,-3
fold2_room6_mix001,91,2,158,-3
fold2_room6_mix001,91,4,166,-3
fold2_room6_mix001,92,2,158,-3
fold2_room6_mix001,92,4,166,-2
fold2_room6_mix001,93,2,158,-3
fold2_room6_mix001,93,4,167,-2
fold2_room6_mix001,94,2,159,-3
fold2_room6_mix001,94,4,167,-2
fold2_room6_mix001,95,2,159,-3
fold2_room6_mix001,95,4,167,-2
fold2_room6_mix001,96,2,160,-3
fold2_room6_mix001,96,4,167,-2
fold2_room6_mix001,97,2,161,-3
fold2_room6_mix001,97,4,168,-2
fold2_room6_mix001,98,2,161,-3
fold2_room6_mix001,98,4,168,-2
fold2_room6_mix001,99,2,161,-3
fold2_room6_mix001,99,4,169,-2
fold2_room6_mix002,1,4,176,0
fold2_room6_mix002,2,4,176,0
fold2_room6_mix002,3,2,169,-1
fold2_room6_mix002,3,4,175,0
fold2_room6_mix002,4,2,168,-1
fold2_room6_mix002,4,4,174,0
fold2_room6_mix002,5,2,168,-1
fold2_room6_mix002,5,4,174,0
fold2_room6_mix002,6,2,168,-1
fold2_room6_mix002,6,4,173,0
fold2_room6_mix002,7,2,168,-2
fold2_room6_mix002,7,4,173,0
fold2_room6_mix002,8,2,167,-2
fold2_room6_mix002,8,4,173,0
fold2_room6_mix002,9,2,167,-2
fold2_room6_mix002,9,4,173,0
fold2_room6_mix002,10,2,167,-2
fold2_room6_mix002,10,4,173,-1
fold2_room6_mix002,11,2,167,-2
fold2_room6_mix002,11,4,173,-1
fold2_room6_mix002,12,2,166,-2
fold2_room6_mix002,12,4,173,-1
fold2_room6_mix002,13,2,165,-2
fold2_room6_mix002,13,4,173,-1
fold2_room6_mix002,14,2,165,-2
fold2_room6_mix002,14,4,173,-1
fold2_room6_mix002,15,2,165,-2
fold2_room6_mix002,15,4,172,-1
fold2_room6_mix002,16,2,165,-2
fold2_room6_mix002,16,4,172,-1
fold2_room6_mix002,17,2,165,-2
fold2_room6_mix002,17,4,172,0
fold2_room6_mix002,18,2,165,-2
fold2_room6_mix002,18,4,172,-1
fold2_room6_mix002,19,2,165,-2
fold2_room6_mix002,19,4,172,-1
fold2_room6_mix002,20,2,165,-2
fold2_room6_mix002,20,4,172,-1
fold2_room6_mix002,21,2,165,-2
fold2_room6_mix002,21,4,172,-1
fold2_room6_mix002,22,2,164,-2
fold2_room6_mix002,22,4,172,-1
fold2_room6_mix002,23,2,164,-2
fold2_room6_mix002,23,4,172,-1
fold2_room6_mix002,24,2,164,-2
fold2_room6_mix002,24,4,171,-1
fold2_room6_mix002,25,2,165,-2
fold2_room6_mix002,25,4,171,-1
fold2_room6_mix002,26,2,165,-2
fold2_room6_mix002,26,4,171,-1
fold2_room6_mix002,27,2,166,-2
fold2_room6_mix002,27,4,170,-1
fold2_room6_mix002,28,2,165,-2
fold2_room6_mix002,28,4,170,-1
fold2_room6_mix002,29,2,165,-2
fold2_room6_mix002,29,4,170,-1
fold2_room6_mix002,30,2,164,-2
fold2_room6_mix002,30,4,170,-1
fold2_room6_mix002,31,2,163,-2
fold2_room6_mix002,31,4,170,-1
fold2_room6_mix002,32,2,162,-2
fold2_room6_mix002,32,4,169,-1
fold2_room6_mix002,33,2,161,-2
fold2_room6_mix002,33,4,169,-1
fold2_room6_mix002,34,2,161,-2
fold2_room6_mix002,34,4,169,-1
fold2_room6_mix002,35,2,160,-2
fold2_room6_mix002,35,4,169,-1
fold2_room6_mix002,36,2,160,-2
fold2_room6_mix002,36,4,169,-1
fold2_room6_mix002,37,2,159,-2
fold2_room6_mix002,37,4,169,-1
fold2_room6_mix002,38,2,159,-2
fold2_room6_mix002,38,4,168,-1
fold2_room6_mix002,39,2,159,-2
fold2_room6_mix002,39,4,168,-1
fold2_room6_mix002,40,2,159,-2
fold2_room6_mix002,40,4,168,-1
fold2_room6_mix002,41,2,158,-2
fold2_room6_mix002,41,4,167,-1
fold2_room6_mix002,42,2,158,-2
fold2_room6_mix002,42,4,167,-2
fold2_room6_mix002,43,2,157,-2
fold2_room6_mix002,43,4,167,-2
fold2_room6_mix002,44,2,157,-2
fold2_room6_mix002,44,4,167,-2
fold2_room6_mix002,45,2,155,-2
fold2_room6_mix002,45,4,166,-2
fold2_room6_mix002,46,2,153,-3
fold2_room6_mix002,46,4,166,-2
fold2_room6_mix002,47,2,153,-2
fold2_room6_mix002,47,4,165,-1
fold2_room6_mix002,48,2,153,-2
fold2_room6_mix002,48,4,165,-1
fold2_room6_mix002,49,2,153,-2
fold2_room6_mix002,49,4,164,-1
fold2_room6_mix002,50,2,152,-2
fold2_room6_mix002,50,4,163,-2
fold2_room6_mix002,51,2,151,-3
fold2_room6_mix002,51,4,162,-2
fold2_room6_mix002,52,2,150,-3
fold2_room6_mix002,52,4,161,-2
fold2_room6_mix002,53,2,150,-3
fold2_room6_mix002,53,4,161,-2
fold2_room6_mix002,54,2,149,-3
fold2_room6_mix002,54,4,160,-2
fold2_room6_mix002,55,2,148,-3
fold2_room6_mix002,55,4,160,-2
fold2_room6_mix002,56,2,148,-3
fold2_room6_mix002,56,4,159,-3
fold2_room6_mix002,57,2,147,-3
fold2_room6_mix002,57,4,158,-3
fold2_room6_mix002,58,2,145,-3
fold2_room6_mix002,58,4,157,-3
fold2_room6_mix002,59,2,144,-4
fold2_room6_mix002,59,4,155,-3
fold2_room6_mix002,60,2,142,-4
fold2_room6_mix002,60,4,154,-4
fold2_room6_mix002,61,2,140,-4
fold2_room6_mix002,61,4,152,-4
fold2_room6_mix002,62,2,137,-4
fold2_room6_mix002,62,4,151,-5
fold2_room6_mix002,63,2,132,-4
fold2_room6_mix002,63,4,148,-5
fold2_room6_mix002,64,2,127,-4
fold2_room6_mix002,64,4,146,-6
fold2_room6_mix002,65,2,122,-5
fold2_room6_mix002,65,4,143,-6
fold2_room6_mix002,66,2,119,-5
fold2_room6_mix002,66,4,138,-7
fold2_room6_mix002,67,2,115,-5
fold2_room6_mix002,67,4,133,-7
fold2_room6_mix002,68,2,111,-5
fold2_room6_mix002,68,4,128,-8
fold2_room6_mix002,69,2,105,-5
fold2_room6_mix002,69,4,124,-9
fold2_room6_mix002,70,2,99,-5
fold2_room6_mix002,70,4,119,-10
fold2_room6_mix002,71,2,93,-6
fold2_room6_mix002,71,4,114,-11
fold2_room6_mix002,72,2,88,-6
fold2_room6_mix002,72,4,107,-13
fold2_room6_mix002,73,2,83,-6
fold2_room6_mix002,73,4,100,-14
fold2_room6_mix002,74,2,79,-6
fold2_room6_mix002,74,4,92,-15
fold2_room6_mix002,75,2,74,-5
fold2_room6_mix002,75,4,84,-16
fold2_room6_mix002,76,2,69,-5
fold2_room6_mix002,76,4,78,-16
fold2_room6_mix002,77,2,64,-4
fold2_room6_mix002,77,4,73,-16
fold2_room6_mix002,78,2,58,-4
fold2_room6_mix002,78,4,68,-16
fold2_room6_mix002,79,2,54,-4
fold2_room6_mix002,79,4,64,-16
fold2_room6_mix002,80,2,51,-3
fold2_room6_mix002,80,4,60,-15
fold2_room6_mix002,81,2,48,-3
fold2_room6_mix002,81,4,56,-15
fold2_room6_mix002,82,2,47,-3
fold2_room6_mix002,82,4,53,-14
fold2_room6_mix002,83,2,46,-3
fold2_room6_mix002,83,4,50,-14
fold2_room6_mix002,84,2,46,-3
fold2_room6_mix002,84,4,47,-13
fold2_room6_mix002,85,2,44,-2
fold2_room6_mix002,85,4,44,-13
fold2_room6_mix002,86,2,42,-2
fold2_room6_mix002,86,4,42,-13
fold2_room6_mix002,87,2,40,-2
fold2_room6_mix002,87,4,39,-12
fold2_room6_mix002,88,2,38,-2
fold2_room6_mix002,88,4,37,-12
fold2_room6_mix002,89,2,38,-2
fold2_room6_mix002,89,4,36,-12
fold2_room6_mix002,90,2,38,-2
fold2_room6_mix002,90,4,35,-11
fold2_room6_mix002,91,2,38,-2
fold2_room6_mix002,91,4,33,-11
fold2_room6_mix002,92,2,37,-2
fold2_room6_mix002,92,4,31,-10
fold2_room6_mix002,93,2,37,-2
fold2_room6_mix002,93,4,30,-10
fold2_room6_mix002,94,2,36,-1
fold2_room6_mix002,94,4,28,-9
fold2_room6_mix002,95,2,34,-1
fold2_room6_mix002,95,4,27,-9
fold2_room6_mix002,96,2,33,-1
fold2_room6_mix002,96,4,26,-9
fold2_room6_mix002,97,4,25,-9
fold2_room6_mix002,98,4,24,-9
fold2_room6_mix002,99,4,22,-8
fold2_room6_mix003,0,4,-172,-2
fold2_room6_mix003,1,4,-172,-2
fold2_room6_mix003,2,4,-172,-2
fold2_room6_mix003,3,4,-171,-2
fold2_room6_mix003,4,4,-171,-2
fold2_room6_mix003,5,4,-171,-2
fold2_room6_mix003,6,4,-171,-2
fold2_room6_mix003,7,4,-171,-2
fold2_room6_mix003,8,4,-171,-2
fold2_room6_mix003,9,4,-171,-2
fold2_room6_mix003,10,4,-170,-3
fold2_room6_mix003,11,4,-170,-3
fold2_room6_mix003,12,4,-170,-3
fold2_room6_mix003,13,4,-170,-3
fold2_room6_mix003,14,4,-170,-3
fold2_room6_mix003,15,4,-169,-3
fold2_room6_mix003,16,4,-169,-3
fold2_room6_mix003,17,4,-169,-3
fold2_room6_mix003,18,4,-169,-3
fold2_room6_mix003,19,4,-169,-3
fold2_room6_mix003,20,4,-168,-3
fold2_room6_mix003,21,4,-168,-3
fold2_room6_mix003,22,4,-168,-3
fold2_room6_mix003,23,4,-168,-3
fold2_room6_mix003,24,4,-167,-3
fold2_room6_mix003,25,4,-167,-3
fold2_room6_mix003,26,4,-167,-4
fold2_room6_mix003,27,4,-167,-4
fold2_room6_mix003,28,4,-167,-4
fold2_room6_mix003,29,4,-166,-4
fold2_room6_mix003,30,4,-166,-4
fold2_room6_mix003,31,4,-166,-4
fold2_room6_mix003,32,4,-165,-4
fold2_room6_mix003,33,4,-165,-4
fold2_room6_mix003,34,4,-164,-4
fold2_room6_mix003,35,4,-164,-4
fold2_room6_mix003,36,4,-163,-4
fold2_room6_mix003,37,4,-162,-5
fold2_room6_mix003,38,4,-161,-5
fold2_room6_mix003,39,4,-161,-5
fold2_room6_mix003,40,4,-160,-5
fold2_room6_mix003,41,4,-159,-5
fold2_room6_mix003,42,4,-158,-5
fold2_room6_mix003,43,4,-157,-5
fold2_room6_mix003,44,4,-156,-5
fold2_room6_mix003,45,4,-155,-6
fold2_room6_mix003,46,4,-154,-6
fold2_room6_mix003,47,4,-153,-6
fold2_room6_mix003,48,4,-151,-6
fold2_room6_mix003,49,4,-150,-6
fold2_room6_mix003,50,4,-148,-7
fold2_room6_mix003,51,4,-145,-7
fold2_room6_mix003,52,4,-143,-8
fold2_room6_mix003,53,4,-140,-9
fold2_room6_mix003,54,4,-137,-9
fold2_room6_mix003,55,4,-134,-10
fold2_room6_mix003,56,4,-129,-11
fold2_room6_mix003,57,4,-123,-13
fold2_room6_mix003,58,4,-117,-15
fold2_room6_mix003,59,4,-111,-16
fold2_room6_mix003,60,4,-104,-17
fold2_room6_mix003,61,4,-98,-18
fold2_room6_mix003,62,4,-91,-18
fold2_room6_mix003,63,4,-84,-19
fold2_room6_mix003,64,4,-78,-19
fold2_room6_mix003,65,4,-71,-20
fold2_room6_mix003,66,4,-66,-20
fold2_room6_mix003,67,4,-49,-19
fold2_room6_mix003,67,4,-67,-20
fold2_room6_mix003,68,4,-43,-19
fold2_room6_mix003,68,4,-63,-20
fold2_room6_mix003,69,4,-40,-18
fold2_room6_mix003,69,4,-60,-19
fold2_room6_mix003,70,4,-50,-19
fold2_room6_mix003,71,4,-47,-18
fold2_room6_mix003,72,4,-45,-18
fold2_room6_mix003,73,4,-43,-18
fold2_room6_mix003,74,4,-42,-18
fold2_room6_mix003,75,4,-40,-18
fold2_room6_mix003,76,4,-38,-18
fold2_room6_mix003,77,4,-36,-18
fold2_room6_mix003,78,4,-35,-19
fold2_room6_mix003,79,4,-33,-18
fold2_room6_mix003,80,4,-30,-18
fold2_room6_mix003,81,4,-28,-17
fold2_room6_mix003,82,4,-27,-17
fold2_room6_mix003,83,4,-26,-16
fold2_room6_mix003,84,4,-24,-16
fold2_room6_mix003,85,4,-23,-16
fold2_room6_mix003,86,4,-22,-15
fold2_room6_mix003,87,4,-21,-15
fold2_room6_mix003,88,4,-20,-15
fold2_room6_mix003,89,4,-19,-14
fold2_room6_mix003,90,4,-18,-14
fold2_room6_mix003,91,4,-18,-13
fold2_room6_mix003,92,4,-17,-13
fold2_room6_mix003,93,4,-16,-12
fold2_room6_mix003,94,4,-15,-12
fold2_room6_mix003,95,4,-14,-11
fold2_room6_mix003,96,4,-14,-10
fold2_room6_mix003,97,4,-13,-10
fold2_room6_mix003,98,4,-13,-9
fold2_room6_mix003,99,4,-12,-8
fold2_room6_mix004,0,4,-173,0
fold2_room6_mix004,1,4,-173,0
fold2_room6_mix004,2,2,178,-2
fold2_room6_mix004,2,4,-172,-1
fold2_room6_mix004,3,2,-179,-1
fold2_room6_mix004,3,4,-172,-1
fold2_room6_mix004,4,2,-177,-2
fold2_room6_mix004,4,4,-171,-1
fold2_room6_mix004,5,2,-176,-2
fold2_room6_mix004,5,4,-171,-1
fold2_room6_mix004,6,2,-176,-2
fold2_room6_mix004,6,4,-171,-1
fold2_room6_mix004,7,2,-176,-2
fold2_room6_mix004,7,4,-171,-1
fold2_room6_mix004,8,2,-175,-2
fold2_room6_mix004,8,4,-171,-1
fold2_room6_mix004,9,2,-175,-2
fold2_room6_mix004,9,4,-171,-1
fold2_room6_mix004,10,2,-174,-2
fold2_room6_mix004,10,4,-171,-1
fold2_room6_mix004,11,2,-174,-2
fold2_room6_mix004,11,4,-171,-1
fold2_room6_mix004,12,2,-174,-2
fold2_room6_mix004,12,4,-171,-1
fold2_room6_mix004,13,2,-173,-2
fold2_room6_mix004,13,4,-170,-1
fold2_room6_mix004,14,2,-173,-2
fold2_room6_mix004,14,4,-170,-1
fold2_room6_mix004,15,2,-174,-2
fold2_room6_mix004,15,4,-170,-1
fold2_room6_mix004,16,2,-175,-2
fold2_room6_mix004,16,4,-170,-1
fold2_room6_mix004,17,2,-176,-2
fold2_room6_mix004,17,4,-170,-1
fold2_room6_mix004,18,2,-176,-2
fold2_room6_mix004,18,4,-170,-1
fold2_room6_mix004,19,2,-175,-3
fold2_room6_mix004,19,4,-170,-1
fold2_room6_mix004,20,2,-175,-3
fold2_room6_mix004,20,4,-169,-1
fold2_room6_mix004,21,2,-174,-3
fold2_room6_mix004,21,4,-169,-1
fold2_room6_mix004,22,2,-174,-3
fold2_room6_mix004,22,4,-169,-1
fold2_room6_mix004,23,2,-173,-2
fold2_room6_mix004,23,4,-168,-1
fold2_room6_mix004,24,2,-173,-2
fold2_room6_mix004,24,4,-168,-1
fold2_room6_mix004,25,2,-174,-3
fold2_room6_mix004,25,4,-168,-1
fold2_room6_mix004,26,2,-174,-3
fold2_room6_mix004,26,4,-169,-1
fold2_room6_mix004,27,2,-174,-3
fold2_room6_mix004,27,4,-169,-1
fold2_room6_mix004,28,2,-173,-2
fold2_room6_mix004,28,4,-168,-1
fold2_room6_mix004,29,2,-173,-2
fold2_room6_mix004,29,4,-168,-1
fold2_room6_mix004,30,2,-172,-2
fold2_room6_mix004,30,4,-168,-1
fold2_room6_mix004,31,2,-172,-2
fold2_room6_mix004,31,4,-167,-1
fold2_room6_mix004,32,2,-171,-2
fold2_room6_mix004,32,4,-167,-2
fold2_room6_mix004,33,2,-171,-2
fold2_room6_mix004,33,4,-167,-2
fold2_room6_mix004,34,2,-172,-2
fold2_room6_mix004,34,4,-167,-2
fold2_room6_mix004,35,2,-172,-3
fold2_room6_mix004,35,4,-167,-2
fold2_room6_mix004,36,2,-173,-3
fold2_room6_mix004,36,4,-167,-1
fold2_room6_mix004,37,2,-172,-3
fold2_room6_mix004,37,4,-166,-1
fold2_room6_mix004,38,2,-172,-3
fold2_room6_mix004,38,4,-166,-2
fold2_room6_mix004,39,2,-171,-3
fold2_room6_mix004,39,4,-165,-2
fold2_room6_mix004,40,2,-170,-3
fold2_room6_mix004,40,4,-165,-2
fold2_room6_mix004,41,2,-169,-3
fold2_room6_mix004,41,4,-164,-2
fold2_room6_mix004,42,2,-168,-2
fold2_room6_mix004,42,4,-164,-2
fold2_room6_mix004,43,2,-167,-2
fold2_room6_mix004,43,4,-164,-2
fold2_room6_mix004,44,2,-166,-3
fold2_room6_mix004,44,4,-163,-2
fold2_room6_mix004,45,2,-166,-3
fold2_room6_mix004,45,4,-163,-2
fold2_room6_mix004,46,2,-166,-3
fold2_room6_mix004,46,4,-163,-2
fold2_room6_mix004,47,2,-165,-3
fold2_room6_mix004,47,4,-162,-2
fold2_room6_mix004,48,2,-165,-3
fold2_room6_mix004,48,4,-162,-2
fold2_room6_mix004,49,2,-164,-3
fold2_room6_mix004,49,4,-161,-2
fold2_room6_mix004,50,2,-163,-3
fold2_room6_mix004,50,4,-161,-2
fold2_room6_mix004,51,2,-161,-3
fold2_room6_mix004,51,4,-160,-3
fold2_room6_mix004,52,2,-160,-3
fold2_room6_mix004,52,4,-160,-3
fold2_room6_mix004,53,2,-159,-3
fold2_room6_mix004,53,4,-159,-3
fold2_room6_mix004,54,2,-159,-3
fold2_room6_mix004,54,4,-159,-3
fold2_room6_mix004,55,2,-159,-3
fold2_room6_mix004,55,4,-159,-3
fold2_room6_mix004,56,2,-158,-3
fold2_room6_mix004,56,4,-158,-3
fold2_room6_mix004,57,2,-157,-3
fold2_room6_mix004,57,4,-157,-3
fold2_room6_mix004,58,2,-156,-3
fold2_room6_mix004,58,4,-157,-3
fold2_room6_mix004,59,2,-154,-3
fold2_room6_mix004,59,4,-156,-3
fold2_room6_mix004,60,2,-152,-3
fold2_room6_mix004,60,4,-155,-3
fold2_room6_mix004,61,2,-150,-3
fold2_room6_mix004,61,4,-154,-4
fold2_room6_mix004,62,2,-148,-3
fold2_room6_mix004,62,4,-153,-4
fold2_room6_mix004,63,2,-145,-3
fold2_room6_mix004,63,4,-153,-4
fold2_room6_mix004,64,2,-142,-3
fold2_room6_mix004,64,4,-153,-4
fold2_room6_mix004,65,2,-140,-3
fold2_room6_mix004,65,4,-152,-4
fold2_room6_mix004,66,2,-138,-3
fold2_room6_mix004,66,4,-151,-4
fold2_room6_mix004,67,2,-137,-3
fold2_room6_mix004,67,4,-150,-4
fold2_room6_mix004,68,2,-135,-3
fold2_room6_mix004,68,4,-149,-4
fold2_room6_mix004,69,2,-134,-3
fold2_room6_mix004,69,4,-147,-5
fold2_room6_mix004,70,2,-132,-3
fold2_room6_mix004,70,4,-145,-5
fold2_room6_mix004,71,2,-131,-3
fold2_room6_mix004,71,4,-144,-5
fold2_room6_mix004,72,2,-129,-3
fold2_room6_mix004,72,4,-142,-5
fold2_room6_mix004,73,2,-128,-3
fold2_room6_mix004,73,4,-140,-6
fold2_room6_mix004,74,2,-126,-3
fold2_room6_mix004,74,4,-139,-6
fold2_room6_mix004,75,2,-125,-3
fold2_room6_mix004,75,4,-137,-6
fold2_room6_mix004,76,2,-125,-3
fold2_room6_mix004,76,4,-134,-7
fold2_room6_mix004,77,2,-126,-3
fold2_room6_mix004,77,4,-131,-7
fold2_room6_mix004,78,2,-126,-4
fold2_room6_mix004,78,4,-128,-8
fold2_room6_mix004,79,2,-123,-3
fold2_room6_mix004,79,4,-125,-8
fold2_room6_mix004,80,2,-121,-3
fold2_room6_mix004,80,4,-123,-9
fold2_room6_mix004,81,2,-119,-3
fold2_room6_mix004,81,4,-120,-9
fold2_room6_mix004,82,2,-117,-3
fold2_room6_mix004,82,4,-117,-10
fold2_room6_mix004,83,2,-115,-4
fold2_room6_mix004,83,4,-113,-12
fold2_room6_mix004,84,2,-114,-4
fold2_room6_mix004,84,4,-109,-13
fold2_room6_mix004,85,2,-110,-4
fold2_room6_mix004,85,4,-105,-14
fold2_room6_mix004,86,2,-106,-4
fold2_room6_mix004,86,4,-102,-15
fold2_room6_mix004,87,2,-100,-4
fold2_room6_mix004,87,4,-98,-16
fold2_room6_mix004,88,2,-95,-4
fold2_room6_mix004,88,4,-94,-17
fold2_room6_mix004,89,2,-89,-3
fold2_room6_mix004,89,4,-90,-17
fold2_room6_mix004,90,2,-84,-3
fold2_room6_mix004,90,4,-85,-17
fold2_room6_mix004,91,2,-80,-3
fold2_room6_mix004,91,4,-81,-18
fold2_room6_mix004,92,2,-77,-2
fold2_room6_mix004,92,4,-79,-17
fold2_room6_mix004,93,2,-75,-2
fold2_room6_mix004,93,4,-76,-17
fold2_room6_mix004,94,2,-74,-2
fold2_room6_mix004,94,4,-73,-17
fold2_room6_mix004,95,2,-78,-2
fold2_room6_mix004,95,4,-70,-17
fold2_room6_mix004,96,2,-84,-2
fold2_room6_mix004,96,4,-66,-17
fold2_room6_mix004,97,4,-62,-17
fold2_room6_mix004,98,4,-58,-16
fold2_room6_mix004,99,4,-54,-15
fold2_room6_mix005,25,4,3,-3
fold2_room6_mix005,26,2,6,-2
fold2_room6_mix005,26,4,3,-3
fold2_room6_mix005,27,2,6,-2
fold2_room6_mix005,27,4,4,-3
fold2_room6_mix005,28,2,4,-3
fold2_room6_mix005,28,4,4,-3
fold2_room6_mix005,29,2,3,-3
fold2_room6_mix005,29,4,4,-3
fold2_room6_mix005,30,2,2,-3
fold2_room6_mix005,30,4,4,-3
fold2_room6_mix005,31,2,1,-3
fold2_room6_mix005,31,4,5,-3
fold2_room6_mix005,32,2,1,-3
fold2_room6_mix005,32,4,5,-3
fold2_room6_mix005,33,2,1,-3
fold2_room6_mix005,33,4,5,-3
fold2_room6_mix005,34,2,0,-3
fold2_room6_mix005,34,4,5,-3
fold2_room6_mix005,35,2,0,-3
fold2_room6_mix005,35,4,6,-3
fold2_room6_mix005,36,2,-1,-3
fold2_room6_mix005,36,4,7,-4
fold2_room6_mix005,37,2,-1,-3
fold2_room6_mix005,37,4,7,-4
fold2_room6_mix005,38,2,0,-3
fold2_room6_mix005,38,4,7,-4
fold2_room6_mix005,39,2,0,-2
fold2_room6_mix005,39,4,6,-4
fold2_room6_mix005,40,2,0,-2
fold2_room6_mix005,40,4,6,-4
fold2_room6_mix005,41,2,0,-2
fold2_room6_mix005,41,4,6,-4
fold2_room6_mix005,42,2,0,-2
fold2_room6_mix005,42,4,6,-4
fold2_room6_mix005,43,2,0,-2
fold2_room6_mix005,43,4,6,-4
fold2_room6_mix005,44,2,0,-2
fold2_room6_mix005,44,4,7,-4
fold2_room6_mix005,45,2,0,-2
fold2_room6_mix005,45,4,7,-4
fold2_room6_mix005,46,2,0,-2
fold2_room6_mix005,46,4,8,-4
fold2_room6_mix005,47,2,0,-2
fold2_room6_mix005,47,4,8,-5
fold2_room6_mix005,48,2,1,-2
fold2_room6_mix005,48,4,8,-5
fold2_room6_mix005,49,2,1,-2
fold2_room6_mix005,49,4,8,-5
fold2_room6_mix005,50,2,2,-2
fold2_room6_mix005,50,4,8,-5
fold2_room6_mix005,51,2,2,-2
fold2_room6_mix005,51,4,7,-5
fold2_room6_mix005,52,2,3,-2
fold2_room6_mix005,52,4,7,-6
fold2_room6_mix005,53,2,3,-2
fold2_room6_mix005,53,4,7,-6
fold2_room6_mix005,54,2,3,-2
fold2_room6_mix005,54,4,8,-7
fold2_room6_mix005,55,2,4,-2
fold2_room6_mix005,55,4,9,-8
fold2_room6_mix005,56,2,4,-2
fold2_room6_mix005,56,4,9,-8
fold2_room6_mix005,57,2,4,-2
fold2_room6_mix005,57,4,10,-9
fold2_room6_mix005,58,2,5,-1
fold2_room6_mix005,58,4,10,-10
fold2_room6_mix005,59,2,5,-1
fold2_room6_mix005,59,4,10,-10
fold2_room6_mix005,60,2,6,-1
fold2_room6_mix005,60,4,11,-11
fold2_room6_mix005,61,2,7,-1
fold2_room6_mix005,61,4,12,-11
fold2_room6_mix005,62,2,7,-1
fold2_room6_mix005,62,4,12,-11
fold2_room6_mix005,63,2,8,-1
fold2_room6_mix005,63,4,13,-12
fold2_room6_mix005,64,2,9,-1
fold2_room6_mix005,64,4,14,-13
fold2_room6_mix005,65,2,10,-1
fold2_room6_mix005,65,4,15,-14
fold2_room6_mix005,66,2,10,-1
fold2_room6_mix005,66,4,17,-15
fold2_room6_mix005,67,2,10,-1
fold2_room6_mix005,67,4,19,-16
fold2_room6_mix005,68,2,10,-1
fold2_room6_mix005,68,4,21,-18
fold2_room6_mix005,69,2,12,-1
fold2_room6_mix005,69,4,22,-19
fold2_room6_mix005,70,2,15,-1
fold2_room6_mix005,70,4,24,-19
fold2_room6_mix005,71,2,17,-1
fold2_room6_mix005,71,4,25,-20
fold2_room6_mix005,72,2,17,-1
fold2_room6_mix005,72,4,27,-20
fold2_room6_mix005,73,2,14,-1
fold2_room6_mix005,73,4,30,-21
fold2_room6_mix005,74,2,11,-1
fold2_room6_mix005,74,4,32,-22
fold2_room6_mix005,75,2,10,-1
fold2_room6_mix005,75,4,36,-24
fold2_room6_mix005,76,2,14,-1
fold2_room6_mix005,76,4,44,-26
fold2_room6_mix005,77,2,17,-1
fold2_room6_mix005,77,4,54,-29
fold2_room6_mix005,78,2,19,-1
fold2_room6_mix005,78,4,68,-31
fold2_room6_mix005,79,4,86,-31
fold2_room6_mix005,80,4,105,-28
fold2_room6_mix005,81,4,119,-24
fold2_room6_mix005,82,4,129,-20
fold2_room6_mix005,83,4,139,-17
fold2_room6_mix005,84,4,149,-13
fold2_room6_mix005,85,4,154,-11
fold2_room6_mix005,86,4,157,-10
fold2_room6_mix005,87,4,160,-8
fold2_room6_mix005,88,4,162,-7
fold2_room6_mix005,89,4,164,-7
fold2_room6_mix005,90,4,166,-6
fold2_room6_mix005,91,4,167,-5
fold2_room6_mix005,92,4,168,-5
fold2_room6_mix005,93,4,169,-4
fold2_room6_mix005,94,4,169,-4
fold2_room6_mix005,95,4,170,-4
fold2_room6_mix005,96,4,170,-3
fold2_room6_mix005,97,4,171,-3
fold2_room6_mix005,98,4,171,-3
fold2_room6_mix005,99,4,171,-3
fold2_room6_mix006,0,4,9,-1
fold2_room6_mix006,1,4,9,-1
fold2_room6_mix006,2,4,10,-2
fold2_room6_mix006,3,2,6,-1
fold2_room6_mix006,3,4,12,-2
fold2_room6_mix006,4,2,7,-1
fold2_room6_mix006,4,4,14,-2
fold2_room6_mix006,5,2,10,-1
fold2_room6_mix006,5,4,15,-2
fold2_room6_mix006,6,2,12,-2
fold2_room6_mix006,6,4,15,-3
fold2_room6_mix006,7,2,14,-2
fold2_room6_mix006,7,4,16,-3
fold2_room6_mix006,8,2,14,-2
fold2_room6_mix006,8,4,17,-3
fold2_room6_mix006,9,2,12,-2
fold2_room6_mix006,9,4,17,-3
fold2_room6_mix006,10,2,10,-2
fold2_room6_mix006,10,4,17,-3
fold2_room6_mix006,11,2,10,-2
fold2_room6_mix006,11,4,17,-3
fold2_room6_mix006,12,2,12,-2
fold2_room6_mix006,12,4,18,-3
fold2_room6_mix006,13,2,14,-2
fold2_room6_mix006,13,4,18,-3
fold2_room6_mix006,14,2,16,-2
fold2_room6_mix006,14,4,19,-3
fold2_room6_mix006,15,2,16,-2
fold2_room6_mix006,15,4,19,-3
fold2_room6_mix006,16,2,16,-2
fold2_room6_mix006,16,4,19,-4
fold2_room6_mix006,17,2,16,-2
fold2_room6_mix006,17,4,19,-4
fold2_room6_mix006,18,2,17,-2
fold2_room6_mix006,18,4,19,-4
fold2_room6_mix006,19,2,19,-2
fold2_room6_mix006,19,4,19,-4
fold2_room6_mix006,20,2,20,-2
fold2_room6_mix006,20,4,19,-4
fold2_room6_mix006,21,2,21,-2
fold2_room6_mix006,21,4,20,-4
fold2_room6_mix006,22,2,21,-2
fold2_room6_mix006,22,4,20,-4
fold2_room6_mix006,23,2,21,-2
fold2_room6_mix006,23,4,20,-4
fold2_room6_mix006,24,2,20,-2
fold2_room6_mix006,24,4,20,-4
fold2_room6_mix006,25,2,20,-2
fold2_room6_mix006,25,4,21,-4
fold2_room6_mix006,26,2,20,-2
fold2_room6_mix006,26,4,21,-5
fold2_room6_mix006,27,2,20,-2
fold2_room6_mix006,27,4,22,-5
fold2_room6_mix006,28,2,21,-2
fold2_room6_mix006,28,4,22,-5
fold2_room6_mix006,29,2,23,-2
fold2_room6_mix006,29,4,23,-5
fold2_room6_mix006,30,2,24,-2
fold2_room6_mix006,30,4,24,-5
fold2_room6_mix006,31,2,25,-2
fold2_room6_mix006,31,4,24,-5
fold2_room6_mix006,32,2,26,-2
fold2_room6_mix006,32,4,25,-5
fold2_room6_mix006,33,2,28,-2
fold2_room6_mix006,33,4,25,-6
fold2_room6_mix006,34,2,30,-2
fold2_room6_mix006,34,4,26,-6
fold2_room6_mix006,35,2,32,-2
fold2_room6_mix006,35,4,27,-6
fold2_room6_mix006,36,2,35,-2
fold2_room6_mix006,36,4,28,-6
fold2_room6_mix006,37,2,36,-2
fold2_room6_mix006,37,4,29,-7
fold2_room6_mix006,38,2,36,-2
fold2_room6_mix006,38,4,31,-7
fold2_room6_mix006,39,2,36,-2
fold2_room6_mix006,39,4,32,-8
fold2_room6_mix006,40,2,36,-2
fold2_room6_mix006,40,4,32,-8
fold2_room6_mix006,41,2,38,-2
fold2_room6_mix006,41,4,32,-8
fold2_room6_mix006,42,2,39,-2
fold2_room6_mix006,42,4,32,-8
fold2_room6_mix006,43,2,40,-2
fold2_room6_mix006,43,4,33,-8
fold2_room6_mix006,44,2,42,-2
fold2_room6_mix006,44,4,33,-8
fold2_room6_mix006,45,2,44,-2
fold2_room6_mix006,45,4,34,-8
fold2_room6_mix006,46,2,46,-2
fold2_room6_mix006,46,4,35,-8
fold2_room6_mix006,47,2,47,-2
fold2_room6_mix006,47,4,37,-9
fold2_room6_mix006,48,2,48,-2
fold2_room6_mix006,48,4,39,-10
fold2_room6_mix006,49,2,49,-2
fold2_room6_mix006,49,4,41,-10
fold2_room6_mix006,50,2,49,-2
fold2_room6_mix006,50,4,41,-11
fold2_room6_mix006,51,2,49,-2
fold2_room6_mix006,51,4,41,-11
fold2_room6_mix006,52,2,49,-2
fold2_room6_mix006,52,4,41,-11
fold2_room6_mix006,53,2,50,-2
fold2_room6_mix006,53,4,42,-12
fold2_room6_mix006,54,2,53,-2
fold2_room6_mix006,54,4,44,-12
fold2_room6_mix006,55,2,56,-2
fold2_room6_mix006,55,4,45,-12
fold2_room6_mix006,56,2,58,-2
fold2_room6_mix006,56,4,47,-13
fold2_room6_mix006,57,2,60,-2
fold2_room6_mix006,57,4,49,-13
fold2_room6_mix006,58,2,61,-3
fold2_room6_mix006,58,4,52,-14
fold2_room6_mix006,59,2,63,-3
fold2_room6_mix006,59,4,54,-14
fold2_room6_mix006,60,2,67,-3
fold2_room6_mix006,60,4,58,-15
fold2_room6_mix006,61,2,70,-3
fold2_room6_mix006,61,4,62,-15
fold2_room6_mix006,62,2,73,-4
fold2_room6_mix006,62,4,66,-15
fold2_room6_mix006,63,2,76,-4
fold2_room6_mix006,63,4,69,-16
fold2_room6_mix006,64,2,78,-4
fold2_room6_mix006,64,4,73,-16
fold2_room6_mix006,65,2,81,-4
fold2_room6_mix006,65,4,77,-16
fold2_room6_mix006,66,2,86,-4
fold2_room6_mix006,66,4,81,-16
fold2_room6_mix006,67,2,91,-5
fold2_room6_mix006,67,4,86,-16
fold2_room6_mix006,68,2,96,-5
fold2_room6_mix006,68,4,90,-16
fold2_room6_mix006,69,2,100,-5
fold2_room6_mix006,69,4,95,-15
fold2_room6_mix006,70,2,103,-5
fold2_room6_mix006,70,4,100,-14
fold2_room6_mix006,71,2,105,-5
fold2_room6_mix006,71,4,105,-13
fold2_room6_mix006,72,2,108,-5
fold2_room6_mix006,72,4,109,-12
fold2_room6_mix006,73,2,111,-4
fold2_room6_mix006,73,4,113,-11
fold2_room6_mix006,74,2,114,-4
fold2_room6_mix006,74,4,117,-10
fold2_room6_mix006,75,2,117,-4
fold2_room6_mix006,75,4,120,-9
fold2_room6_mix006,76,2,122,-4
fold2_room6_mix006,76,4,123,-8
fold2_room6_mix006,77,2,127,-3
fold2_room6_mix006,77,4,126,-8
fold2_room6_mix006,78,2,133,-3
fold2_room6_mix006,78,4,129,-7
fold2_room6_mix006,79,2,133,-3
fold2_room6_mix006,79,4,132,-6
fold2_room6_mix006,80,2,133,-3
fold2_room6_mix006,80,4,136,-6
fold2_room6_mix006,81,2,133,-3
fold2_room6_mix006,81,4,139,-6
fold2_room6_mix006,82,2,135,-3
fold2_room6_mix006,82,4,142,-5
fold2_room6_mix006,83,2,137,-3
fold2_room6_mix006,83,4,144,-5
fold2_room6_mix006,84,2,140,-3
fold2_room6_mix006,84,4,146,-5
fold2_room6_mix006,85,2,141,-3
fold2_room6_mix006,85,4,148,-4
fold2_room6_mix006,86,2,143,-3
fold2_room6_mix006,86,4,149,-4
fold2_room6_mix006,87,2,146,-3
fold2_room6_mix006,87,4,151,-4
fold2_room6_mix006,88,2,147,-3
fold2_room6_mix006,88,4,152,-3
fold2_room6_mix006,89,2,147,-3
fold2_room6_mix006,89,4,153,-3
fold2_room6_mix006,90,2,148,-3
fold2_room6_mix006,90,4,154,-3
fold2_room6_mix006,91,2,148,-3
fold2_room6_mix006,91,4,155,-3
fold2_room6_mix006,92,2,148,-3
fold2_room6_mix006,92,4,156,-3
fold2_room6_mix006,93,2,148,-2
fold2_room6_mix006,93,4,157,-3
fold2_room6_mix006,94,2,148,-2
fold2_room6_mix006,94,4,158,-3
fold2_room6_mix006,95,2,151,-2
fold2_room6_mix006,95,4,159,-3
fold2_room6_mix006,96,2,153,-2
fold2_room6_mix006,96,4,159,-3
fold2_room6_mix006,97,4,160,-3
fold2_room6_mix006,98,4,161,-3
fold2_room6_mix006,99,4,161,-3
fold2_room6_mix007,2,4,0,-1
fold2_room6_mix007,3,2,6,-1
fold2_room6_mix007,3,4,-1,-2
fold2_room6_mix007,4,2,7,-1
fold2_room6_mix007,4,4,-1,-3
fold2_room6_mix007,5,2,9,-1
fold2_room6_mix007,5,4,-2,-3
fold2_room6_mix007,6,2,11,-2
fold2_room6_mix007,6,4,-2,-3
fold2_room6_mix007,7,2,14,-2
fold2_room6_mix007,7,4,-3,-4
fold2_room6_mix007,8,2,13,-2
fold2_room6_mix007,8,4,-3,-4
fold2_room6_mix007,9,2,9,-2
fold2_room6_mix007,9,4,-3,-3
fold2_room6_mix007,10,2,7,-2
fold2_room6_mix007,10,4,-3,-3
fold2_room6_mix007,11,2,5,-2
fold2_room6_mix007,11,4,-3,-3
fold2_room6_mix007,12,2,5,-2
fold2_room6_mix007,12,4,-3,-3
fold2_room6_mix007,13,2,5,-2
fold2_room6_mix007,13,4,-3,-3
fold2_room6_mix007,14,2,5,-2
fold2_room6_mix007,14,4,-3,-3
fold2_room6_mix007,15,2,5,-2
fold2_room6_mix007,15,4,-3,-3
fold2_room6_mix007,16,2,5,-2
fold2_room6_mix007,16,4,-3,-3
fold2_room6_mix007,17,2,5,-2
fold2_room6_mix007,17,4,-3,-4
fold2_room6_mix007,18,2,5,-2
fold2_room6_mix007,18,4,-3,-4
fold2_room6_mix007,19,2,5,-2
fold2_room6_mix007,19,4,-3,-4
fold2_room6_mix007,20,2,4,-2
fold2_room6_mix007,20,4,-2,-4
fold2_room6_mix007,21,2,4,-2
fold2_room6_mix007,21,4,-3,-4
fold2_room6_mix007,22,2,3,-2
fold2_room6_mix007,22,4,-3,-4
fold2_room6_mix007,23,2,3,-2
fold2_room6_mix007,23,4,-3,-4
fold2_room6_mix007,24,2,2,-2
fold2_room6_mix007,24,4,-4,-4
fold2_room6_mix007,25,2,3,-2
fold2_room6_mix007,25,4,-4,-5
fold2_room6_mix007,26,2,3,-2
fold2_room6_mix007,26,4,-4,-5
fold2_room6_mix007,27,2,3,-2
fold2_room6_mix007,27,4,-4,-6
fold2_room6_mix007,28,2,3,-2
fold2_room6_mix007,28,4,-5,-6
fold2_room6_mix007,29,2,2,-2
fold2_room6_mix007,29,4,-5,-6
fold2_room6_mix007,30,2,2,-2
fold2_room6_mix007,30,4,-6,-6
fold2_room6_mix007,31,2,3,-2
fold2_room6_mix007,31,4,-6,-6
fold2_room6_mix007,32,2,4,-2
fold2_room6_mix007,32,4,-7,-7
fold2_room6_mix007,33,2,5,-2
fold2_room6_mix007,33,4,-7,-7
fold2_room6_mix007,34,2,4,-2
fold2_room6_mix007,34,4,-8,-8
fold2_room6_mix007,35,2,4,-2
fold2_room6_mix007,35,4,-9,-8
fold2_room6_mix007,36,2,3,-2
fold2_room6_mix007,36,4,-9,-9
fold2_room6_mix007,37,2,2,-2
fold2_room6_mix007,37,4,-10,-9
fold2_room6_mix007,38,2,2,-2
fold2_room6_mix007,38,4,-10,-10
fold2_room6_mix007,39,2,1,-2
fold2_room6_mix007,39,4,-10,-10
fold2_room6_mix007,40,2,1,-2
fold2_room6_mix007,40,4,-11,-11
fold2_room6_mix007,41,2,2,-2
fold2_room6_mix007,41,4,-12,-11
fold2_room6_mix007,42,2,4,-2
fold2_room6_mix007,42,4,-12,-11
fold2_room6_mix007,43,2,5,-2
fold2_room6_mix007,43,4,-13,-11
fold2_room6_mix007,44,2,5,-2
fold2_room6_mix007,44,4,-14,-12
fold2_room6_mix007,45,2,6,-2
fold2_room6_mix007,45,4,-16,-13
fold2_room6_mix007,46,2,7,-2
fold2_room6_mix007,46,4,-17,-14
fold2_room6_mix007,47,2,9,-1
fold2_room6_mix007,47,4,-20,-15
fold2_room6_mix007,48,2,11,-1
fold2_room6_mix007,48,4,-22,-17
fold2_room6_mix007,49,2,14,-1
fold2_room6_mix007,49,4,-24,-18
fold2_room6_mix007,50,2,15,-1
fold2_room6_mix007,50,4,-25,-19
fold2_room6_mix007,51,2,16,-1
fold2_room6_mix007,51,4,-26,-19
fold2_room6_mix007,52,2,18,-1
fold2_room6_mix007,52,4,-26,-19
fold2_room6_mix007,53,2,19,-1
fold2_room6_mix007,53,4,-28,-20
fold2_room6_mix007,54,4,-32,-22
fold2_room6_mix007,55,4,-35,-23
fold2_room6_mix007,56,4,-42,-25
fold2_room6_mix007,57,4,-52,-26
fold2_room6_mix007,58,4,-62,-28
fold2_room6_mix007,59,4,-74,-29
fold2_room6_mix007,60,4,-94,-28
fold2_room6_mix007,61,4,-113,-25
fold2_room6_mix007,62,4,-127,-20
fold2_room6_mix007,63,4,-139,-16
fold2_room6_mix007,64,4,-149,-12
fold2_room6_mix007,65,4,-158,-9
fold2_room6_mix007,66,4,-162,-8
fold2_room6_mix007,67,4,-164,-7
fold2_room6_mix007,68,4,-166,-7
fold2_room6_mix007,69,4,-167,-6
fold2_room6_mix007,70,4,-168,-6
fold2_room6_mix007,71,4,-168,-5
fold2_room6_mix007,72,4,-169,-5
fold2_room6_mix007,73,4,-170,-4
fold2_room6_mix007,74,4,-170,-4
fold2_room6_mix007,75,4,-171,-4
fold2_room6_mix007,76,4,-171,-4
fold2_room6_mix007,77,4,-172,-3
fold2_room6_mix007,78,4,-172,-3
fold2_room6_mix007,79,4,-172,-3
fold2_room6_mix007,80,4,-173,-3
fold2_room6_mix007,81,4,-173,-3
fold2_room6_mix007,82,4,-173,-3
fold2_room6_mix007,83,4,-174,-2
fold2_room6_mix007,84,4,-174,-2
fold2_room6_mix007,85,4,-174,-2
fold2_room6_mix007,86,4,-174,-2
fold2_room6_mix007,87,4,-175,-2
fold2_room6_mix007,88,4,-175,-2
fold2_room6_mix007,89,4,-175,-2
fold2_room6_mix007,90,4,-175,-2
fold2_room6_mix007,91,4,-175,-2
fold2_room6_mix007,92,4,-175,-2
fold2_room6_mix007,93,4,-175,-2
fold2_room6_mix007,94,4,-175,-2
fold2_room6_mix007,95,4,-175,-2
fold2_room6_mix007,96,4,-175,-2
fold2_room6_mix007,97,4,-176,-2
fold2_room6_mix007,98,4,-175,-2
fold2_room6_mix007,99,4,-175,-2
fold2_room6_mix008,0,4,-172,0
fold2_room6_mix008,1,4,-172,0
fold2_room6_mix008,2,4,-171,0
fold2_room6_mix008,3,2,-178,-1
fold2_room6_mix008,3,4,-170,0
fold2_room6_mix008,4,2,-176,-1
fold2_room6_mix008,4,4,-169,0
fold2_room6_mix008,5,2,-176,-2
fold2_room6_mix008,5,4,-169,0
fold2_room6_mix008,6,2,-176,-2
fold2_room6_mix008,6,4,-169,0
fold2_room6_mix008,7,2,-175,-2
fold2_room6_mix008,7,4,-170,0
fold2_room6_mix008,8,2,-175,-2
fold2_room6_mix008,8,4,-170,0
fold2_room6_mix008,9,2,-175,-2
fold2_room6_mix008,9,4,-170,0
fold2_room6_mix008,10,2,-174,-2
fold2_room6_mix008,10,4,-170,0
fold2_room6_mix008,11,2,-174,-2
fold2_room6_mix008,11,4,-170,-1
fold2_room6_mix008,12,2,-174,-2
fold2_room6_mix008,12,4,-169,-1
fold2_room6_mix008,13,2,-174,-2
fold2_room6_mix008,13,4,-169,-1
fold2_room6_mix008,14,2,-174,-2
fold2_room6_mix008,14,4,-169,-1
fold2_room6_mix008,15,2,-175,-2
fold2_room6_mix008,15,4,-169,-1
fold2_room6_mix008,16,2,-176,-2
fold2_room6_mix008,16,4,-169,0
fold2_room6_mix008,17,2,-176,-3
fold2_room6_mix008,17,4,-169,0
fold2_room6_mix008,18,2,-176,-3
fold2_room6_mix008,18,4,-169,0
fold2_room6_mix008,19,2,-176,-3
fold2_room6_mix008,19,4,-169,0
fold2_room6_mix008,20,2,-175,-3
fold2_room6_mix008,20,4,-168,-1
fold2_room6_mix008,21,2,-175,-3
fold2_room6_mix008,21,4,-168,-1
fold2_room6_mix008,22,2,-175,-3
fold2_room6_mix008,22,4,-168,-1
fold2_room6_mix008,23,2,-174,-2
fold2_room6_mix008,23,4,-167,-1
fold2_room6_mix008,24,2,-174,-2
fold2_room6_mix008,24,4,-167,-1
fold2_room6_mix008,25,2,-175,-3
fold2_room6_mix008,25,4,-167,-1
fold2_room6_mix008,26,2,-175,-3
fold2_room6_mix008,26,4,-167,-1
fold2_room6_mix008,27,2,-176,-3
fold2_room6_mix008,27,4,-167,-1
fold2_room6_mix008,28,2,-175,-3
fold2_room6_mix008,28,4,-167,-1
fold2_room6_mix008,29,2,-175,-3
fold2_room6_mix008,29,4,-166,-1
fold2_room6_mix008,30,2,-174,-3
fold2_room6_mix008,30,4,-166,-1
fold2_room6_mix008,31,2,-174,-3
fold2_room6_mix008,31,4,-166,-1
fold2_room6_mix008,32,2,-174,-3
fold2_room6_mix008,32,4,-165,-1
fold2_room6_mix008,33,2,-173,-3
fold2_room6_mix008,33,4,-165,-1
fold2_room6_mix008,34,2,-173,-3
fold2_room6_mix008,34,4,-165,-1
fold2_room6_mix008,35,2,-173,-3
fold2_room6_mix008,35,4,-164,-1
fold2_room6_mix008,36,2,-173,-3
fold2_room6_mix008,36,4,-164,-1
fold2_room6_mix008,37,2,-172,-3
fold2_room6_mix008,37,4,-164,-1
fold2_room6_mix008,38,2,-171,-3
fold2_room6_mix008,38,4,-164,-1
fold2_room6_mix008,39,2,-171,-3
fold2_room6_mix008,39,4,-164,-1
fold2_room6_mix008,40,2,-170,-3
fold2_room6_mix008,40,4,-163,-1
fold2_room6_mix008,41,2,-169,-3
fold2_room6_mix008,41,4,-163,-1
fold2_room6_mix008,42,2,-167,-2
fold2_room6_mix008,42,4,-163,-1
fold2_room6_mix008,43,2,-167,-2
fold2_room6_mix008,43,4,-162,-1
fold2_room6_mix008,44,2,-169,-3
fold2_room6_mix008,44,4,-162,-1
fold2_room6_mix008,45,2,-171,-3
fold2_room6_mix008,45,4,-162,-1
fold2_room6_mix008,46,2,-172,-3
fold2_room6_mix008,46,4,-162,-1
fold2_room6_mix008,47,2,-170,-3
fold2_room6_mix008,47,4,-161,-1
fold2_room6_mix008,48,2,-168,-3
fold2_room6_mix008,48,4,-160,-1
fold2_room6_mix008,49,2,-165,-3
fold2_room6_mix008,49,4,-159,-1
fold2_room6_mix008,50,2,-163,-3
fold2_room6_mix008,50,4,-159,-1
fold2_room6_mix008,51,2,-161,-3
fold2_room6_mix008,51,4,-158,-1
fold2_room6_mix008,52,2,-160,-3
fold2_room6_mix008,52,4,-157,-2
fold2_room6_mix008,53,2,-159,-3
fold2_room6_mix008,53,4,-156,-2
fold2_room6_mix008,54,2,-159,-3
fold2_room6_mix008,54,4,-156,-2
fold2_room6_mix008,55,2,-159,-3
fold2_room6_mix008,55,4,-155,-2
fold2_room6_mix008,56,2,-158,-3
fold2_room6_mix008,56,4,-154,-2
fold2_room6_mix008,57,2,-156,-3
fold2_room6_mix008,57,4,-154,-2
fold2_room6_mix008,58,2,-154,-3
fold2_room6_mix008,58,4,-153,-2
fold2_room6_mix008,59,2,-152,-3
fold2_room6_mix008,59,4,-152,-2
fold2_room6_mix008,60,2,-149,-3
fold2_room6_mix008,60,4,-152,-2
fold2_room6_mix008,61,2,-147,-3
fold2_room6_mix008,61,4,-151,-2
fold2_room6_mix008,62,2,-144,-3
fold2_room6_mix008,62,4,-150,-2
fold2_room6_mix008,63,2,-143,-3
fold2_room6_mix008,63,4,-149,-2
fold2_room6_mix008,64,2,-141,-3
fold2_room6_mix008,64,4,-149,-2
fold2_room6_mix008,65,2,-139,-3
fold2_room6_mix008,65,4,-148,-2
fold2_room6_mix008,66,2,-139,-3
fold2_room6_mix008,66,4,-147,-2
fold2_room6_mix008,67,2,-138,-3
fold2_room6_mix008,67,4,-146,-2
fold2_room6_mix008,68,2,-137,-3
fold2_room6_mix008,68,4,-145,-3
fold2_room6_mix008,69,2,-137,-3
fold2_room6_mix008,69,4,-143,-3
fold2_room6_mix008,70,2,-136,-3
fold2_room6_mix008,70,4,-142,-3
fold2_room6_mix008,71,2,-135,-3
fold2_room6_mix008,71,4,-140,-3
fold2_room6_mix008,72,2,-135,-3
fold2_room6_mix008,72,4,-139,-3
fold2_room6_mix008,73,2,-134,-3
fold2_room6_mix008,73,4,-137,-3
fold2_room6_mix008,74,2,-133,-3
fold2_room6_mix008,74,4,-136,-3
fold2_room6_mix008,75,2,-132,-3
fold2_room6_mix008,75,4,-134,-3
fold2_room6_mix008,76,2,-133,-3
fold2_room6_mix008,76,4,-131,-3
fold2_room6_mix008,77,2,-134,-4
fold2_room6_mix008,77,4,-129,-3
fold2_room6_mix008,78,2,-134,-5
fold2_room6_mix008,78,4,-127,-3
fold2_room6_mix008,79,2,-129,-4
fold2_room6_mix008,79,4,-124,-4
fold2_room6_mix008,80,2,-124,-4
fold2_room6_mix008,80,4,-121,-4
fold2_room6_mix008,81,2,-121,-4
fold2_room6_mix008,81,4,-118,-4
fold2_room6_mix008,82,2,-118,-4
fold2_room6_mix008,82,4,-115,-5
fold2_room6_mix008,83,2,-115,-4
fold2_room6_mix008,83,4,-113,-6
fold2_room6_mix008,84,2,-113,-4
fold2_room6_mix008,84,4,-110,-6
fold2_room6_mix008,85,2,-110,-4
fold2_room6_mix008,85,4,-106,-7
fold2_room6_mix008,86,2,-107,-4
fold2_room6_mix008,86,4,-102,-8
fold2_room6_mix008,87,2,-102,-4
fold2_room6_mix008,87,4,-98,-8
fold2_room6_mix008,88,2,-99,-4
fold2_room6_mix008,88,4,-94,-9
fold2_room6_mix008,89,2,-96,-4
fold2_room6_mix008,89,4,-90,-9
fold2_room6_mix008,90,2,-92,-4
fold2_room6_mix008,90,4,-86,-10
fold2_room6_mix008,91,2,-88,-4
fold2_room6_mix008,91,4,-82,-10
fold2_room6_mix008,92,2,-83,-4
fold2_room6_mix008,92,4,-79,-10
fold2_room6_mix008,93,2,-78,-3
fold2_room6_mix008,93,4,-76,-10
fold2_room6_mix008,94,2,-73,-3
fold2_room6_mix008,94,4,-73,-9
fold2_room6_mix008,95,2,-71,-3
fold2_room6_mix008,95,4,-71,-10
fold2_room6_mix008,96,2,-69,-3
fold2_room6_mix008,96,4,-69,-10
fold2_room6_mix008,97,2,-67,-2
fold2_room6_mix008,97,4,-67,-10
fold2_room6_mix008,98,2,-68,-2
fold2_room6_mix008,98,4,-62,-10
fold2_room6_mix008,99,2,-70,-2
fold2_room6_mix008,99,4,-57,-9
fold2_room6_mix009,0,4,177,-1
fold2_room6_mix009,1,4,177,-1
fold2_room6_mix009,2,4,177,0
fold2_room6_mix009,3,2,172,-1
fold2_room6_mix009,3,4,177,-1
fold2_room6_mix009,4,2,172,-1
fold2_room6_mix009,4,4,176,-1
fold2_room6_mix009,5,2,171,-1
fold2_room6_mix009,5,4,175,-1
fold2_room6_mix009,6,2,172,-2
fold2_room6_mix009,6,4,175,-1
fold2_room6_mix009,7,2,172,-2
fold2_room6_mix009,7,4,175,-1
fold2_room6_mix009,8,2,171,-2
fold2_room6_mix009,8,4,175,-1
fold2_room6_mix009,9,2,171,-2
fold2_room6_mix009,9,4,175,-1
fold2_room6_mix009,10,2,171,-2
fold2_room6_mix009,10,4,176,-1
fold2_room6_mix009,11,2,170,-2
fold2_room6_mix009,11,4,175,-1
fold2_room6_mix009,12,2,170,-2
fold2_room6_mix009,12,4,175,-1
fold2_room6_mix009,13,2,169,-2
fold2_room6_mix009,13,4,175,-1
fold2_room6_mix009,14,2,169,-2
fold2_room6_mix009,14,4,175,-1
fold2_room6_mix009,15,2,169,-2
fold2_room6_mix009,15,4,175,-1
fold2_room6_mix009,16,2,169,-3
fold2_room6_mix009,16,4,175,-1
fold2_room6_mix009,17,2,169,-3
fold2_room6_mix009,17,4,175,-1
fold2_room6_mix009,18,2,169,-3
fold2_room6_mix009,18,4,174,-1
fold2_room6_mix009,19,2,169,-3
fold2_room6_mix009,19,4,174,-1
fold2_room6_mix009,20,2,169,-3
fold2_room6_mix009,20,4,174,-2
fold2_room6_mix009,21,2,169,-3
fold2_room6_mix009,21,4,174,-2
fold2_room6_mix009,22,2,169,-3
fold2_room6_mix009,22,4,174,-2
fold2_room6_mix009,23,2,169,-3
fold2_room6_mix009,23,4,174,-2
fold2_room6_mix009,24,2,169,-3
fold2_room6_mix009,24,4,174,-2
fold2_room6_mix009,25,2,169,-3
fold2_room6_mix009,25,4,174,-2
fold2_room6_mix009,26,2,170,-3
fold2_room6_mix009,26,4,174,-2
fold2_room6_mix009,27,2,170,-2
fold2_room6_mix009,27,4,173,-2
fold2_room6_mix009,28,2,170,-2
fold2_room6_mix009,28,4,173,-2
fold2_room6_mix009,29,2,170,-2
fold2_room6_mix009,29,4,173,-2
fold2_room6_mix009,30,2,170,-2
fold2_room6_mix009,30,4,173,-2
fold2_room6_mix009,31,2,169,-2
fold2_room6_mix009,31,4,173,-2
fold2_room6_mix009,32,2,168,-2
fold2_room6_mix009,32,4,173,-2
fold2_room6_mix009,33,2,168,-2
fold2_room6_mix009,33,4,173,-3
fold2_room6_mix009,34,2,167,-3
fold2_room6_mix009,34,4,172,-3
fold2_room6_mix009,35,2,167,-3
fold2_room6_mix009,35,4,172,-2
fold2_room6_mix009,36,2,166,-3
fold2_room6_mix009,36,4,172,-2
fold2_room6_mix009,37,2,166,-3
fold2_room6_mix009,37,4,172,-2
fold2_room6_mix009,38,2,166,-3
fold2_room6_mix009,38,4,172,-2
fold2_room6_mix009,39,2,166,-3
fold2_room6_mix009,39,4,172,-3
fold2_room6_mix009,40,2,166,-3
fold2_room6_mix009,40,4,171,-3
fold2_room6_mix009,41,2,166,-3
fold2_room6_mix009,41,4,171,-3
fold2_room6_mix009,42,2,166,-3
fold2_room6_mix009,42,4,171,-3
fold2_room6_mix009,43,2,166,-3
fold2_room6_mix009,43,4,170,-3
fold2_room6_mix009,44,2,165,-3
fold2_room6_mix009,44,4,170,-3
fold2_room6_mix009,45,2,165,-3
fold2_room6_mix009,45,4,170,-3
fold2_room6_mix009,46,2,165,-3
fold2_room6_mix009,46,4,169,-3
fold2_room6_mix009,47,2,164,-3
fold2_room6_mix009,47,4,169,-4
fold2_room6_mix009,48,2,164,-3
fold2_room6_mix009,48,4,168,-4
fold2_room6_mix009,49,2,163,-3
fold2_room6_mix009,49,4,168,-4
fold2_room6_mix009,50,2,162,-3
fold2_room6_mix009,50,4,167,-4
fold2_room6_mix009,51,2,161,-3
fold2_room6_mix009,51,4,166,-5
fold2_room6_mix009,52,2,160,-3
fold2_room6_mix009,52,4,166,-5
fold2_room6_mix009,53,2,159,-4
fold2_room6_mix009,53,4,165,-5
fold2_room6_mix009,54,2,158,-4
fold2_room6_mix009,54,4,164,-6
fold2_room6_mix009,55,2,157,-4
fold2_room6_mix009,55,4,163,-6
fold2_room6_mix009,56,2,157,-4
fold2_room6_mix009,56,4,162,-6
fold2_room6_mix009,57,2,156,-4
fold2_room6_mix009,57,4,160,-7
fold2_room6_mix009,58,2,156,-4
fold2_room6_mix009,58,4,159,-7
fold2_room6_mix009,59,2,154,-4
fold2_room6_mix009,59,4,157,-8
fold2_room6_mix009,60,2,151,-4
fold2_room6_mix009,60,4,154,-9
fold2_room6_mix009,61,2,149,-4
fold2_room6_mix009,61,4,152,-10
fold2_room6_mix009,62,2,146,-5
fold2_room6_mix009,62,4,149,-11
fold2_room6_mix009,63,2,143,-5
fold2_room6_mix009,63,4,144,-13
fold2_room6_mix009,64,2,140,-5
fold2_room6_mix009,64,4,138,-15
fold2_room6_mix009,65,2,136,-6
fold2_room6_mix009,65,4,132,-18
fold2_room6_mix009,66,2,133,-6
fold2_room6_mix009,66,4,124,-20
fold2_room6_mix009,67,2,129,-7
fold2_room6_mix009,67,4,116,-23
fold2_room6_mix009,68,2,123,-7
fold2_room6_mix009,68,4,106,-25
fold2_room6_mix009,69,2,105,-7
fold2_room6_mix009,69,4,95,-27
fold2_room6_mix009,70,2,83,-6
fold2_room6_mix009,70,4,81,-28
fold2_room6_mix009,71,2,68,-5
fold2_room6_mix009,71,4,68,-27
fold2_room6_mix009,72,2,60,-4
fold2_room6_mix009,72,4,59,-26
fold2_room6_mix009,73,2,56,-4
fold2_room6_mix009,73,4,52,-24
fold2_room6_mix009,74,2,53,-4
fold2_room6_mix009,74,4,47,-23
fold2_room6_mix009,75,2,50,-4
fold2_room6_mix009,75,4,43,-22
fold2_room6_mix009,76,2,49,-3
fold2_room6_mix009,76,4,42,-22
fold2_room6_mix009,77,2,48,-3
fold2_room6_mix009,77,4,41,-21
fold2_room6_mix009,78,2,47,-3
fold2_room6_mix009,78,4,40,-21
fold2_room6_mix009,79,2,44,-3
fold2_room6_mix009,79,4,37,-20
fold2_room6_mix009,80,2,41,-3
fold2_room6_mix009,80,4,34,-19
fold2_room6_mix009,81,2,39,-3
fold2_room6_mix009,81,4,31,-18
fold2_room6_mix009,82,2,37,-2
fold2_room6_mix009,82,4,29,-17
fold2_room6_mix009,83,2,35,-2
fold2_room6_mix009,83,4,26,-16
fold2_room6_mix009,84,2,33,-2
fold2_room6_mix009,84,4,24,-15
fold2_room6_mix009,85,2,32,-2
fold2_room6_mix009,85,4,23,-15
fold2_room6_mix009,86,2,32,-2
fold2_room6_mix009,86,4,22,-14
fold2_room6_mix009,87,2,31,-2
fold2_room6_mix009,87,4,21,-14
fold2_room6_mix009,88,2,30,-2
fold2_room6_mix009,88,4,20,-14
fold2_room6_mix009,89,2,28,-2
fold2_room6_mix009,89,4,18,-13
fold2_room6_mix009,90,2,27,-2
fold2_room6_mix009,90,4,17,-12
fold2_room6_mix009,91,2,26,-2
fold2_room6_mix009,91,4,16,-11
fold2_room6_mix009,92,2,26,-2
fold2_room6_mix009,92,4,15,-11
fold2_room6_mix009,93,2,26,-1
fold2_room6_mix009,93,4,15,-10
fold2_room6_mix009,94,2,26,-1
fold2_room6_mix009,94,4,14,-9
fold2_room6_mix009,95,2,22,-1
fold2_room6_mix009,95,4,13,-9
fold2_room6_mix009,96,2,13,-1
fold2_room6_mix009,96,4,12,-9
fold2_room6_mix009,97,4,11,-8
fold2_room6_mix009,98,4,11,-7
fold2_room6_mix009,99,4,10,-7
fold2_room6_mix010,1,4,10,-2
fold2_room6_mix010,2,2,6,-2
fold2_room6_mix010,2,4,8,-1
fold2_room6_mix010,3,2,8,-2
fold2_room6_mix010,3,4,10,-1
fold2_room6_mix010,4,2,11,-2
fold2_room6_mix010,4,4,12,-2
fold2_room6_mix010,5,2,12,-2
fold2_room6_mix010,5,4,13,-2
fold2_room6_mix010,6,2,12,-2
fold2_room6_mix010,6,4,13,-2
fold2_room6_mix010,7,2,13,-2
fold2_room6_mix010,7,4,14,-2
fold2_room6_mix010,8,2,13,-3
fold2_room6_mix010,8,4,14,-2
fold2_room6_mix010,9,2,12,-3
fold2_room6_mix010,9,4,14,-2
fold2_room6_mix010,10,2,11,-3
fold2_room6_mix010,10,4,14,-2
fold2_room6_mix010,11,2,11,-3
fold2_room6_mix010,11,4,13,-2
fold2_room6_mix010,12,2,12,-3
fold2_room6_mix010,12,4,13,-2
fold2_room6_mix010,13,2,13,-3
fold2_room6_mix010,13,4,13,-2
fold2_room6_mix010,14,2,13,-3
fold2_room6_mix010,14,4,13,-2
fold2_room6_mix010,15,2,14,-3
fold2_room6_mix010,15,4,14,-2
fold2_room6_mix010,16,2,16,-3
fold2_room6_mix010,16,4,15,-3
fold2_room6_mix010,17,2,17,-3
fold2_room6_mix010,17,4,15,-3
fold2_room6_mix010,18,2,16,-3
fold2_room6_mix010,18,4,15,-3
fold2_room6_mix010,19,2,15,-3
fold2_room6_mix010,19,4,15,-3
fold2_room6_mix010,20,2,15,-3
fold2_room6_mix010,20,4,15,-3
fold2_room6_mix010,21,2,15,-3
fold2_room6_mix010,21,4,15,-3
fold2_room6_mix010,22,2,17,-3
fold2_room6_mix010,22,4,15,-3
fold2_room6_mix010,23,2,18,-3
fold2_room6_mix010,23,4,15,-3
fold2_room6_mix010,24,2,18,-3
fold2_room6_mix010,24,4,16,-3
fold2_room6_mix010,25,2,18,-3
fold2_room6_mix010,25,4,17,-3
fold2_room6_mix010,26,2,17,-3
fold2_room6_mix010,26,4,19,-4
fold2_room6_mix010,27,2,16,-3
fold2_room6_mix010,27,4,20,-4
fold2_room6_mix010,28,2,17,-3
fold2_room6_mix010,28,4,21,-4
fold2_room6_mix010,29,2,18,-3
fold2_room6_mix010,29,4,21,-4
fold2_room6_mix010,30,2,19,-3
fold2_room6_mix010,30,4,22,-4
fold2_room6_mix010,31,2,19,-3
fold2_room6_mix010,31,4,23,-4
fold2_room6_mix010,32,2,20,-3
fold2_room6_mix010,32,4,24,-4
fold2_room6_mix010,33,2,21,-3
fold2_room6_mix010,33,4,25,-5
fold2_room6_mix010,34,2,21,-3
fold2_room6_mix010,34,4,26,-5
fold2_room6_mix010,35,2,22,-3
fold2_room6_mix010,35,4,28,-5
fold2_room6_mix010,36,2,23,-3
fold2_room6_mix010,36,4,29,-6
fold2_room6_mix010,37,2,24,-3
fold2_room6_mix010,37,4,30,-6
fold2_room6_mix010,38,2,24,-3
fold2_room6_mix010,38,4,31,-6
fold2_room6_mix010,39,2,25,-3
fold2_room6_mix010,39,4,31,-6
fold2_room6_mix010,40,2,26,-3
fold2_room6_mix010,40,4,32,-6
fold2_room6_mix010,41,2,27,-3
fold2_room6_mix010,41,4,33,-7
fold2_room6_mix010,42,2,29,-3
fold2_room6_mix010,42,4,34,-7
fold2_room6_mix010,43,2,30,-3
fold2_room6_mix010,43,4,35,-7
fold2_room6_mix010,44,2,33,-3
fold2_room6_mix010,44,4,37,-8
fold2_room6_mix010,45,2,35,-3
fold2_room6_mix010,45,4,39,-8
fold2_room6_mix010,46,2,37,-3
fold2_room6_mix010,46,4,41,-9
fold2_room6_mix010,47,2,37,-3
fold2_room6_mix010,47,4,43,-9
fold2_room6_mix010,48,2,37,-3
fold2_room6_mix010,48,4,44,-9
fold2_room6_mix010,49,2,37,-3
fold2_room6_mix010,49,4,46,-9
fold2_room6_mix010,50,2,43,-3
fold2_room6_mix010,50,4,48,-9
fold2_room6_mix010,51,2,49,-3
fold2_room6_mix010,51,4,51,-9
fold2_room6_mix010,52,2,56,-4
fold2_room6_mix010,52,4,54,-9
fold2_room6_mix010,53,2,59,-4
fold2_room6_mix010,53,4,57,-10
fold2_room6_mix010,54,2,60,-4
fold2_room6_mix010,54,4,60,-10
fold2_room6_mix010,55,2,61,-5
fold2_room6_mix010,55,4,64,-10
fold2_room6_mix010,56,2,65,-5
fold2_room6_mix010,56,4,67,-10
fold2_room6_mix010,57,2,70,-5
fold2_room6_mix010,57,4,72,-10
fold2_room6_mix010,58,2,75,-5
fold2_room6_mix010,58,4,77,-10
fold2_room6_mix010,59,2,80,-6
fold2_room6_mix010,59,4,82,-10
fold2_room6_mix010,60,2,88,-6
fold2_room6_mix010,60,4,90,-9
fold2_room6_mix010,61,2,96,-6
fold2_room6_mix010,61,4,97,-9
fold2_room6_mix010,62,2,104,-5
fold2_room6_mix010,62,4,103,-8
fold2_room6_mix010,63,2,111,-5
fold2_room6_mix010,63,4,108,-7
fold2_room6_mix010,64,2,118,-5
fold2_room6_mix010,64,4,113,-6
fold2_room6_mix010,65,2,128,-5
fold2_room6_mix010,65,4,117,-5
fold2_room6_mix010,66,2,131,-5
fold2_room6_mix010,66,4,123,-5
fold2_room6_mix010,67,2,133,-5
fold2_room6_mix010,67,4,129,-4
fold2_room6_mix010,68,2,134,-5
fold2_room6_mix010,68,4,135,-4
fold2_room6_mix010,69,2,136,-4
fold2_room6_mix010,69,4,138,-4
fold2_room6_mix010,70,2,138,-4
fold2_room6_mix010,70,4,140,-4
fold2_room6_mix010,71,2,140,-4
fold2_room6_mix010,71,4,143,-3
fold2_room6_mix010,72,2,142,-4
fold2_room6_mix010,72,4,145,-3
fold2_room6_mix010,73,2,144,-4
fold2_room6_mix010,73,4,147,-3
fold2_room6_mix010,74,2,146,-4
fold2_room6_mix010,74,4,149,-3
fold2_room6_mix010,75,2,148,-4
fold2_room6_mix010,75,4,151,-3
fold2_room6_mix010,76,2,148,-4
fold2_room6_mix010,76,4,152,-2
fold2_room6_mix010,77,2,148,-4
fold2_room6_mix010,77,4,154,-2
fold2_room6_mix010,78,2,148,-3
fold2_room6_mix010,78,4,155,-2
fold2_room6_mix010,79,2,149,-3
fold2_room6_mix010,79,4,156,-2
fold2_room6_mix010,80,2,150,-3
fold2_room6_mix010,80,4,157,-2
fold2_room6_mix010,81,2,150,-3
fold2_room6_mix010,81,4,158,-2
fold2_room6_mix010,82,2,151,-3
fold2_room6_mix010,82,4,159,-2
fold2_room6_mix010,83,2,153,-3
fold2_room6_mix010,83,4,160,-2
fold2_room6_mix010,84,2,154,-3
fold2_room6_mix010,84,4,161,-1
fold2_room6_mix010,85,2,154,-3
fold2_room6_mix010,85,4,162,-1
fold2_room6_mix010,86,2,155,-3
fold2_room6_mix010,86,4,162,-1
fold2_room6_mix010,87,2,155,-3
fold2_room6_mix010,87,4,163,-1
fold2_room6_mix010,88,2,155,-3
fold2_room6_mix010,88,4,164,-1
fold2_room6_mix010,89,2,155,-3
fold2_room6_mix010,89,4,164,-1
fold2_room6_mix010,90,2,156,-3
fold2_room6_mix010,90,4,164,-1
fold2_room6_mix010,91,2,156,-3
fold2_room6_mix010,91,4,165,-1
fold2_room6_mix010,92,2,156,-3
fold2_room6_mix010,92,4,165,-1
fold2_room6_mix010,93,2,157,-3
fold2_room6_mix010,93,4,166,-1
fold2_room6_mix010,94,2,158,-3
fold2_room6_mix010,94,4,166,-1
fold2_room6_mix010,95,2,158,-3
fold2_room6_mix010,95,4,166,-1
fold2_room6_mix010,96,2,158,-3
fold2_room6_mix010,96,4,166,-1
fold2_room6_mix010,97,2,158,-3
fold2_room6_mix010,97,4,166,-1
fold2_room6_mix010,98,2,158,-3
fold2_room6_mix010,98,4,167,-1
fold2_room6_mix010,99,2,158,-2
fold2_room6_mix010,99,4,167,-1
fold2_room6_mix011,2,4,0,-1
fold2_room6_mix011,3,2,13,-1
fold2_room6_mix011,3,4,0,-1
fold2_room6_mix011,4,2,15,-1
fold2_room6_mix011,4,4,0,-1
fold2_room6_mix011,5,2,15,-2
fold2_room6_mix011,5,4,0,-2
fold2_room6_mix011,6,2,13,-2
fold2_room6_mix011,6,4,0,-2
fold2_room6_mix011,7,2,11,-2
fold2_room6_mix011,7,4,0,-2
fold2_room6_mix011,8,2,11,-2
fold2_room6_mix011,8,4,0,-2
fold2_room6_mix011,9,2,13,-2
fold2_room6_mix011,9,4,0,-2
fold2_room6_mix011,10,2,14,-2
fold2_room6_mix011,10,4,0,-2
fold2_room6_mix011,11,2,15,-2
fold2_room6_mix011,11,4,0,-2
fold2_room6_mix011,12,2,15,-2
fold2_room6_mix011,12,4,0,-2
fold2_room6_mix011,13,2,15,-2
fold2_room6_mix011,13,4,0,-2
fold2_room6_mix011,14,2,15,-2
fold2_room6_mix011,14,4,0,-2
fold2_room6_mix011,15,2,15,-2
fold2_room6_mix011,15,4,0,-2
fold2_room6_mix011,16,2,15,-2
fold2_room6_mix011,16,4,0,-2
fold2_room6_mix011,17,2,15,-2
fold2_room6_mix011,17,4,0,-2
fold2_room6_mix011,18,2,16,-2
fold2_room6_mix011,18,4,0,-2
fold2_room6_mix011,19,2,16,-1
fold2_room6_mix011,19,4,0,-2
fold2_room6_mix011,20,2,17,-1
fold2_room6_mix011,20,4,0,-3
fold2_room6_mix011,21,2,18,-1
fold2_room6_mix011,21,4,0,-3
fold2_room6_mix011,22,2,18,-1
fold2_room6_mix011,22,4,0,-2
fold2_room6_mix011,23,2,18,-1
fold2_room6_mix011,23,4,0,-2
fold2_room6_mix011,24,2,18,-1
fold2_room6_mix011,24,4,0,-2
fold2_room6_mix011,25,2,17,-1
fold2_room6_mix011,25,4,0,-3
fold2_room6_mix011,26,2,16,-1
fold2_room6_mix011,26,4,-1,-3
fold2_room6_mix011,27,2,16,-1
fold2_room6_mix011,27,4,-1,-3
fold2_room6_mix011,28,2,16,-1
fold2_room6_mix011,28,4,0,-3
fold2_room6_mix011,29,2,16,-1
fold2_room6_mix011,29,4,0,-3
fold2_room6_mix011,30,2,16,-2
fold2_room6_mix011,30,4,0,-3
fold2_room6_mix011,31,2,15,-2
fold2_room6_mix011,31,4,0,-3
fold2_room6_mix011,32,2,14,-2
fold2_room6_mix011,32,4,0,-3
fold2_room6_mix011,33,2,14,-2
fold2_room6_mix011,33,4,0,-3
fold2_room6_mix011,34,2,13,-2
fold2_room6_mix011,34,4,0,-3
fold2_room6_mix011,35,2,13,-2
fold2_room6_mix011,35,4,0,-3
fold2_room6_mix011,36,2,13,-2
fold2_room6_mix011,36,4,-1,-3
fold2_room6_mix011,37,2,13,-2
fold2_room6_mix011,37,4,-1,-3
fold2_room6_mix011,38,2,13,-2
fold2_room6_mix011,38,4,-1,-4
fold2_room6_mix011,39,2,13,-2
fold2_room6_mix011,39,4,-1,-4
fold2_room6_mix011,40,2,12,-2
fold2_room6_mix011,40,4,-1,-4
fold2_room6_mix011,41,2,12,-2
fold2_room6_mix011,41,4,-1,-4
fold2_room6_mix011,42,2,12,-2
fold2_room6_mix011,42,4,-1,-4
fold2_room6_mix011,43,2,11,-2
fold2_room6_mix011,43,4,-2,-4
fold2_room6_mix011,44,2,10,-2
fold2_room6_mix011,44,4,-2,-5
fold2_room6_mix011,45,2,9,-2
fold2_room6_mix011,45,4,-2,-5
fold2_room6_mix011,46,2,8,-2
fold2_room6_mix011,46,4,-2,-5
fold2_room6_mix011,47,2,9,-2
fold2_room6_mix011,47,4,-2,-5
fold2_room6_mix011,48,2,9,-2
fold2_room6_mix011,48,4,-2,-5
fold2_room6_mix011,49,2,10,-2
fold2_room6_mix011,49,4,-2,-5
fold2_room6_mix011,50,2,9,-2
fold2_room6_mix011,50,4,-2,-6
fold2_room6_mix011,51,2,8,-2
fold2_room6_mix011,51,4,-2,-6
fold2_room6_mix011,52,2,7,-2
fold2_room6_mix011,52,4,-2,-6
fold2_room6_mix011,53,2,8,-2
fold2_room6_mix011,53,4,-2,-7
fold2_room6_mix011,54,2,9,-2
fold2_room6_mix011,54,4,-3,-7
fold2_room6_mix011,55,2,9,-2
fold2_room6_mix011,55,4,-3,-7
fold2_room6_mix011,56,2,10,-2
fold2_room6_mix011,56,4,-3,-8
fold2_room6_mix011,57,2,10,-2
fold2_room6_mix011,57,4,-3,-8
fold2_room6_mix011,58,2,10,-1
fold2_room6_mix011,58,4,-4,-8
fold2_room6_mix011,59,2,10,-1
fold2_room6_mix011,59,4,-4,-9
fold2_room6_mix011,60,2,9,-1
fold2_room6_mix011,60,4,-4,-10
fold2_room6_mix011,61,2,8,-1
fold2_room6_mix011,61,4,-5,-11
fold2_room6_mix011,62,2,7,-1
fold2_room6_mix011,62,4,-5,-12
fold2_room6_mix011,63,2,6,-1
fold2_room6_mix011,63,4,-6,-13
fold2_room6_mix011,64,2,5,-1
fold2_room6_mix011,64,4,-8,-14
fold2_room6_mix011,65,2,4,-1
fold2_room6_mix011,65,4,-9,-15
fold2_room6_mix011,66,2,2,-2
fold2_room6_mix011,66,4,-10,-16
fold2_room6_mix011,67,2,0,-2
fold2_room6_mix011,67,4,-12,-18
fold2_room6_mix011,68,2,-1,-2
fold2_room6_mix011,68,4,-13,-19
fold2_room6_mix011,69,2,-3,-2
fold2_room6_mix011,69,4,-15,-22
fold2_room6_mix011,70,2,-7,-2
fold2_room6_mix011,70,4,-17,-24
fold2_room6_mix011,71,2,-10,-3
fold2_room6_mix011,71,4,-19,-26
fold2_room6_mix011,72,2,-14,-3
fold2_room6_mix011,72,4,-23,-28
fold2_room6_mix011,73,2,-18,-3
fold2_room6_mix011,73,4,-28,-31
fold2_room6_mix011,74,2,-22,-3
fold2_room6_mix011,74,4,-33,-33
fold2_room6_mix011,75,2,-28,-4
fold2_room6_mix011,75,4,-41,-36
fold2_room6_mix011,76,4,-57,-40
fold2_room6_mix011,77,4,-81,-43
fold2_room6_mix011,78,4,-107,-41
fold2_room6_mix011,79,2,-156,-4
fold2_room6_mix011,79,4,-128,-35
fold2_room6_mix011,80,2,-167,-4
fold2_room6_mix011,80,4,-143,-28
fold2_room6_mix011,81,2,-176,-4
fold2_room6_mix011,81,4,-154,-22
fold2_room6_mix011,82,2,-176,-3
fold2_room6_mix011,82,4,-159,-17
fold2_room6_mix011,83,2,-175,-3
fold2_room6_mix011,83,4,-163,-14
fold2_room6_mix011,84,2,-175,-3
fold2_room6_mix011,84,4,-167,-10
fold2_room6_mix011,85,2,-176,-3
fold2_room6_mix011,85,4,-168,-9
fold2_room6_mix011,86,2,-177,-3
fold2_room6_mix011,86,4,-170,-8
fold2_room6_mix011,87,2,-179,-3
fold2_room6_mix011,87,4,-171,-7
fold2_room6_mix011,88,2,179,-3
fold2_room6_mix011,88,4,-172,-7
fold2_room6_mix011,89,2,179,-3
fold2_room6_mix011,89,4,-173,-6
fold2_room6_mix011,90,2,178,-3
fold2_room6_mix011,90,4,-173,-5
fold2_room6_mix011,91,2,178,-3
fold2_room6_mix011,91,4,-174,-5
fold2_room6_mix011,92,2,178,-3
fold2_room6_mix011,92,4,-174,-4
fold2_room6_mix011,93,2,178,-3
fold2_room6_mix011,93,4,-175,-4
fold2_room6_mix011,94,2,178,-3
fold2_room6_mix011,94,4,-175,-4
fold2_room6_mix011,95,2,178,-3
fold2_room6_mix011,95,4,-175,-4
fold2_room6_mix011,96,2,177,-3
fold2_room6_mix011,96,4,-175,-4
fold2_room6_mix011,97,2,177,-3
fold2_room6_mix011,97,4,-175,-4
fold2_room6_mix011,98,2,177,-2
fold2_room6_mix011,98,4,-175,-4
fold2_room6_mix011,99,2,178,-2
fold2_room6_mix011,99,4,-176,-3
fold2_room6_mix012,0,2,-172,-3
fold2_room6_mix012,0,4,-165,-3
fold2_room6_mix012,1,2,-172,-3
fold2_room6_mix012,1,4,-165,-3
fold2_room6_mix012,2,2,-173,-3
fold2_room6_mix012,2,4,-164,-2
fold2_room6_mix012,3,2,-173,-4
fold2_room6_mix012,3,4,-164,-2
fold2_room6_mix012,4,2,-174,-4
fold2_room6_mix012,4,4,-163,-2
fold2_room6_mix012,5,2,-173,-4
fold2_room6_mix012,5,4,-163,-2
fold2_room6_mix012,6,2,-173,-4
fold2_room6_mix012,6,4,-163,-2
fold2_room6_mix012,7,2,-172,-4
fold2_room6_mix012,7,4,-163,-2
fold2_room6_mix012,8,2,-172,-4
fold2_room6_mix012,8,4,-163,-2
fold2_room6_mix012,9,2,-172,-4
fold2_room6_mix012,9,4,-162,-3
fold2_room6_mix012,10,2,-171,-4
fold2_room6_mix012,10,4,-162,-3
fold2_room6_mix012,11,2,-171,-4
fold2_room6_mix012,11,4,-161,-3
fold2_room6_mix012,12,2,-171,-4
fold2_room6_mix012,12,4,-161,-3
fold2_room6_mix012,13,2,-170,-4
fold2_room6_mix012,13,4,-161,-3
fold2_room6_mix012,14,2,-170,-4
fold2_room6_mix012,14,4,-161,-2
fold2_room6_mix012,15,2,-169,-4
fold2_room6_mix012,15,4,-161,-2
fold2_room6_mix012,16,2,-168,-4
fold2_room6_mix012,16,4,-161,-2
fold2_room6_mix012,17,2,-167,-4
fold2_room6_mix012,17,4,-160,-2
fold2_room6_mix012,18,2,-166,-4
fold2_room6_mix012,18,4,-160,-2
fold2_room6_mix012,19,2,-165,-4
fold2_room6_mix012,19,4,-159,-3
fold2_room6_mix012,20,2,-163,-4
fold2_room6_mix012,20,4,-159,-3
fold2_room6_mix012,21,2,-163,-4
fold2_room6_mix012,21,4,-158,-3
fold2_room6_mix012,22,2,-164,-4
fold2_room6_mix012,22,4,-158,-3
fold2_room6_mix012,23,2,-164,-4
fold2_room6_mix012,23,4,-158,-3
fold2_room6_mix012,24,2,-164,-4
fold2_room6_mix012,24,4,-157,-3
fold2_room6_mix012,25,2,-164,-4
fold2_room6_mix012,25,4,-156,-3
fold2_room6_mix012,26,2,-164,-4
fold2_room6_mix012,26,4,-155,-3
fold2_room6_mix012,27,2,-163,-4
fold2_room6_mix012,27,4,-154,-3
fold2_room6_mix012,28,2,-162,-4
fold2_room6_mix012,28,4,-154,-3
fold2_room6_mix012,29,2,-160,-4
fold2_room6_mix012,29,4,-153,-3
fold2_room6_mix012,30,2,-159,-4
fold2_room6_mix012,30,4,-153,-4
fold2_room6_mix012,31,2,-157,-4
fold2_room6_mix012,31,4,-152,-4
fold2_room6_mix012,32,2,-155,-4
fold2_room6_mix012,32,4,-152,-3
fold2_room6_mix012,33,2,-153,-5
fold2_room6_mix012,33,4,-152,-3
fold2_room6_mix012,34,2,-152,-5
fold2_room6_mix012,34,4,-151,-3
fold2_room6_mix012,35,2,-151,-5
fold2_room6_mix012,35,4,-150,-4
fold2_room6_mix012,36,2,-151,-5
fold2_room6_mix012,36,4,-149,-4
fold2_room6_mix012,37,2,-149,-5
fold2_room6_mix012,37,4,-148,-4
fold2_room6_mix012,38,2,-147,-4
fold2_room6_mix012,38,4,-148,-4
fold2_room6_mix012,39,2,-145,-4
fold2_room6_mix012,39,4,-147,-4
fold2_room6_mix012,40,2,-144,-4
fold2_room6_mix012,40,4,-146,-4
fold2_room6_mix012,41,2,-143,-4
fold2_room6_mix012,41,4,-145,-4
fold2_room6_mix012,42,2,-142,-5
fold2_room6_mix012,42,4,-145,-4
fold2_room6_mix012,43,2,-141,-5
fold2_room6_mix012,43,4,-144,-3
fold2_room6_mix012,44,2,-140,-5
fold2_room6_mix012,44,4,-142,-4
fold2_room6_mix012,45,2,-139,-5
fold2_room6_mix012,45,4,-141,-4
fold2_room6_mix012,46,2,-138,-5
fold2_room6_mix012,46,4,-140,-4
fold2_room6_mix012,47,2,-134,-4
fold2_room6_mix012,47,4,-139,-4
fold2_room6_mix012,48,2,-132,-4
fold2_room6_mix012,48,4,-137,-4
fold2_room6_mix012,49,2,-129,-4
fold2_room6_mix012,49,4,-136,-5
fold2_room6_mix012,50,2,-126,-4
fold2_room6_mix012,50,4,-134,-5
fold2_room6_mix012,51,2,-123,-5
fold2_room6_mix012,51,4,-132,-5
fold2_room6_mix012,52,2,-120,-5
fold2_room6_mix012,52,4,-130,-5
fold2_room6_mix012,53,2,-119,-5
fold2_room6_mix012,53,4,-128,-6
fold2_room6_mix012,54,2,-118,-5
fold2_room6_mix012,54,4,-125,-6
fold2_room6_mix012,55,2,-117,-5
fold2_room6_mix012,55,4,-123,-6
fold2_room6_mix012,56,2,-115,-5
fold2_room6_mix012,56,4,-121,-7
fold2_room6_mix012,57,2,-114,-5
fold2_room6_mix012,57,4,-118,-7
fold2_room6_mix012,58,2,-113,-5
fold2_room6_mix012,58,4,-115,-8
fold2_room6_mix012,59,2,-111,-5
fold2_room6_mix012,59,4,-112,-8
fold2_room6_mix012,60,2,-107,-6
fold2_room6_mix012,60,4,-108,-9
fold2_room6_mix012,61,2,-103,-6
fold2_room6_mix012,61,4,-104,-9
fold2_room6_mix012,62,2,-98,-6
fold2_room6_mix012,62,4,-100,-10
fold2_room6_mix012,63,2,-93,-6
fold2_room6_mix012,63,4,-98,-10
fold2_room6_mix012,64,2,-86,-6
fold2_room6_mix012,64,4,-96,-11
fold2_room6_mix012,65,2,-81,-6
fold2_room6_mix012,65,4,-93,-11
fold2_room6_mix012,66,2,-80,-6
fold2_room6_mix012,66,4,-91,-11
fold2_room6_mix012,67,2,-80,-6
fold2_room6_mix012,67,4,-89,-12
fold2_room6_mix012,68,2,-80,-6
fold2_room6_mix012,68,4,-86,-12
fold2_room6_mix012,69,2,-77,-5
fold2_room6_mix012,69,4,-83,-12
fold2_room6_mix012,70,2,-73,-5
fold2_room6_mix012,70,4,-78,-12
fold2_room6_mix012,71,2,-69,-5
fold2_room6_mix012,71,4,-74,-12
fold2_room6_mix012,72,2,-66,-5
fold2_room6_mix012,72,4,-71,-12
fold2_room6_mix012,73,2,-64,-4
fold2_room6_mix012,73,4,-69,-13
fold2_room6_mix012,74,2,-62,-4
fold2_room6_mix012,74,4,-66,-13
fold2_room6_mix012,75,2,-60,-4
fold2_room6_mix012,75,4,-64,-13
fold2_room6_mix012,76,2,-59,-4
fold2_room6_mix012,76,4,-63,-13
fold2_room6_mix012,77,2,-58,-4
fold2_room6_mix012,77,4,-62,-13
fold2_room6_mix012,78,2,-57,-3
fold2_room6_mix012,78,4,-61,-13
fold2_room6_mix012,79,2,-55,-3
fold2_room6_mix012,79,4,-58,-13
fold2_room6_mix012,80,2,-54,-3
fold2_room6_mix012,80,4,-56,-13
fold2_room6_mix012,81,2,-52,-4
fold2_room6_mix012,81,4,-54,-13
fold2_room6_mix012,82,2,-49,-4
fold2_room6_mix012,82,4,-52,-13
fold2_room6_mix012,83,2,-47,-4
fold2_room6_mix012,83,4,-51,-13
fold2_room6_mix012,84,2,-44,-4
fold2_room6_mix012,84,4,-50,-14
fold2_room6_mix012,85,2,-45,-4
fold2_room6_mix012,85,4,-49,-14
fold2_room6_mix012,86,2,-46,-4
fold2_room6_mix012,86,4,-48,-14
fold2_room6_mix012,87,2,-48,-4
fold2_room6_mix012,87,4,-48,-13
fold2_room6_mix012,88,2,-47,-4
fold2_room6_mix012,88,4,-47,-13
fold2_room6_mix012,89,2,-44,-4
fold2_room6_mix012,89,4,-46,-13
fold2_room6_mix012,90,2,-41,-4
fold2_room6_mix012,90,4,-45,-13
fold2_room6_mix012,91,2,-40,-4
fold2_room6_mix012,91,4,-44,-13
fold2_room6_mix012,92,2,-42,-4
fold2_room6_mix012,92,4,-43,-13
fold2_room6_mix012,93,2,-45,-4
fold2_room6_mix012,93,4,-42,-13
fold2_room6_mix012,94,2,-46,-3
fold2_room6_mix012,94,4,-41,-13
fold2_room6_mix012,95,2,-42,-4
fold2_room6_mix012,95,4,-39,-13
fold2_room6_mix012,96,2,-38,-4
fold2_room6_mix012,96,4,-37,-12
fold2_room6_mix012,97,2,-33,-4
fold2_room6_mix012,97,4,-35,-11
fold2_room6_mix012,98,2,-32,-4
fold2_room6_mix012,98,4,-32,-10
fold2_room6_mix012,99,2,-32,-3
fold2_room6_mix012,99,4,-29,-9
fold2_room6_mix013,0,2,144,-1
fold2_room6_mix013,0,4,159,-2
fold2_room6_mix013,1,2,144,-1
fold2_room6_mix013,1,4,159,-2
fold2_room6_mix013,2,2,144,-2
fold2_room6_mix013,2,4,158,-2
fold2_room6_mix013,3,2,145,-2
fold2_room6_mix013,3,4,157,-1
fold2_room6_mix013,4,2,146,-2
fold2_room6_mix013,4,4,156,-1
fold2_room6_mix013,5,2,146,-2
fold2_room6_mix013,5,4,156,-1
fold2_room6_mix013,6,2,147,-2
fold2_room6_mix013,6,4,155,-1
fold2_room6_mix013,7,2,148,-2
fold2_room6_mix013,7,4,155,-1
fold2_room6_mix013,8,2,147,-2
fold2_room6_mix013,8,4,155,-1
fold2_room6_mix013,9,2,146,-2
fold2_room6_mix013,9,4,154,-1
fold2_room6_mix013,10,2,145,-2
fold2_room6_mix013,10,4,154,-2
fold2_room6_mix013,11,2,144,-2
fold2_room6_mix013,11,4,154,-2
fold2_room6_mix013,12,2,144,-2
fold2_room6_mix013,12,4,154,-2
fold2_room6_mix013,13,2,144,-2
fold2_room6_mix013,13,4,154,-2
fold2_room6_mix013,14,2,144,-2
fold2_room6_mix013,14,4,154,-2
fold2_room6_mix013,15,2,145,-2
fold2_room6_mix013,15,4,154,-1
fold2_room6_mix013,16,2,146,-2
fold2_room6_mix013,16,4,153,-1
fold2_room6_mix013,17,2,146,-2
fold2_room6_mix013,17,4,153,-1
fold2_room6_mix013,18,2,145,-2
fold2_room6_mix013,18,4,153,-1
fold2_room6_mix013,19,2,144,-2
fold2_room6_mix013,19,4,153,-2
fold2_room6_mix013,20,2,143,-2
fold2_room6_mix013,20,4,152,-2
fold2_room6_mix013,21,2,143,-2
fold2_room6_mix013,21,4,152,-2
fold2_room6_mix013,22,2,143,-2
fold2_room6_mix013,22,4,152,-2
fold2_room6_mix013,23,2,142,-2
fold2_room6_mix013,23,4,152,-2
fold2_room6_mix013,24,2,142,-2
fold2_room6_mix013,24,4,151,-2
fold2_room6_mix013,25,2,143,-2
fold2_room6_mix013,25,4,150,-2
fold2_room6_mix013,26,2,144,-2
fold2_room6_mix013,26,4,149,-2
fold2_room6_mix013,27,2,144,-2
fold2_room6_mix013,27,4,149,-2
fold2_room6_mix013,28,2,143,-2
fold2_room6_mix013,28,4,149,-2
fold2_room6_mix013,29,2,142,-2
fold2_room6_mix013,29,4,138,-4
fold2_room6_mix013,29,4,153,-2
fold2_room6_mix013,30,2,141,-2
fold2_room6_mix013,30,4,138,-5
fold2_room6_mix013,30,4,153,-2
fold2_room6_mix013,31,2,140,-2
fold2_room6_mix013,31,4,137,-5
fold2_room6_mix013,31,4,153,-2
fold2_room6_mix013,32,2,138,-2
fold2_room6_mix013,32,4,137,-5
fold2_room6_mix013,32,4,152,-2
fold2_room6_mix013,33,2,137,-2
fold2_room6_mix013,33,4,136,-5
fold2_room6_mix013,33,4,152,-2
fold2_room6_mix013,34,2,137,-2
fold2_room6_mix013,34,4,146,-3
fold2_room6_mix013,35,2,137,-2
fold2_room6_mix013,35,4,144,-2
fold2_room6_mix013,36,2,137,-2
fold2_room6_mix013,36,4,143,-2
fold2_room6_mix013,37,2,136,-2
fold2_room6_mix013,37,4,142,-2
fold2_room6_mix013,38,2,134,-2
fold2_room6_mix013,38,4,142,-3
fold2_room6_mix013,39,2,133,-2
fold2_room6_mix013,39,4,142,-4
fold2_room6_mix013,40,2,131,-2
fold2_room6_mix013,40,4,142,-4
fold2_room6_mix013,41,2,129,-2
fold2_room6_mix013,41,4,141,-4
fold2_room6_mix013,42,2,127,-2
fold2_room6_mix013,42,4,140,-4
fold2_room6_mix013,43,2,125,-2
fold2_room6_mix013,43,4,139,-4
fold2_room6_mix013,44,2,124,-2
fold2_room6_mix013,44,4,136,-4
fold2_room6_mix013,45,2,123,-2
fold2_room6_mix013,45,4,134,-4
fold2_room6_mix013,46,2,122,-2
fold2_room6_mix013,46,4,133,-4
fold2_room6_mix013,47,2,121,-2
fold2_room6_mix013,47,4,132,-4
fold2_room6_mix013,48,2,120,-3
fold2_room6_mix013,48,4,132,-5
fold2_room6_mix013,49,2,118,-3
fold2_room6_mix013,49,4,131,-6
fold2_room6_mix013,50,2,117,-3
fold2_room6_mix013,50,4,131,-6
fold2_room6_mix013,51,2,116,-3
fold2_room6_mix013,51,4,129,-6
fold2_room6_mix013,52,2,115,-3
fold2_room6_mix013,52,4,128,-7
fold2_room6_mix013,53,2,115,-3
fold2_room6_mix013,53,4,126,-7
fold2_room6_mix013,54,2,114,-3
fold2_room6_mix013,54,4,124,-6
fold2_room6_mix013,55,2,113,-3
fold2_room6_mix013,55,4,122,-6
fold2_room6_mix013,56,2,112,-3
fold2_room6_mix013,56,4,121,-7
fold2_room6_mix013,57,2,111,-3
fold2_room6_mix013,57,4,120,-7
fold2_room6_mix013,58,2,110,-3
fold2_room6_mix013,58,4,119,-8
fold2_room6_mix013,59,2,109,-3
fold2_room6_mix013,59,4,118,-8
fold2_room6_mix013,60,2,108,-3
fold2_room6_mix013,60,4,116,-8
fold2_room6_mix013,61,2,107,-3
fold2_room6_mix013,61,4,115,-9
fold2_room6_mix013,62,2,106,-3
fold2_room6_mix013,62,4,113,-9
fold2_room6_mix013,63,2,105,-3
fold2_room6_mix013,63,4,110,-9
fold2_room6_mix013,64,2,105,-3
fold2_room6_mix013,64,4,107,-10
fold2_room6_mix013,65,2,104,-3
fold2_room6_mix013,65,4,103,-10
fold2_room6_mix013,66,2,103,-3
fold2_room6_mix013,66,4,102,-10
fold2_room6_mix013,67,2,101,-3
fold2_room6_mix013,67,4,101,-10
fold2_room6_mix013,68,2,100,-3
fold2_room6_mix013,68,4,100,-11
fold2_room6_mix013,69,2,100,-3
fold2_room6_mix013,69,4,98,-11
fold2_room6_mix013,70,2,99,-3
fold2_room6_mix013,70,4,97,-12
fold2_room6_mix013,71,2,98,-3
fold2_room6_mix013,71,4,96,-12
fold2_room6_mix013,72,2,98,-3
fold2_room6_mix013,72,4,93,-12
fold2_room6_mix013,73,2,97,-3
fold2_room6_mix013,73,4,90,-12
fold2_room6_mix013,74,2,96,-3
fold2_room6_mix013,74,4,87,-13
fold2_room6_mix013,75,2,96,-3
fold2_room6_mix013,75,4,85,-13
fold2_room6_mix013,76,2,95,-3
fold2_room6_mix013,76,4,85,-13
fold2_room6_mix013,77,2,95,-3
fold2_room6_mix013,77,4,84,-13
fold2_room6_mix013,78,2,94,-3
fold2_room6_mix013,78,4,84,-14
fold2_room6_mix013,79,2,93,-3
fold2_room6_mix013,79,4,82,-14
fold2_room6_mix013,80,2,93,-3
fold2_room6_mix013,80,4,81,-14
fold2_room6_mix013,81,2,93,-3
fold2_room6_mix013,81,4,80,-14
fold2_room6_mix013,82,2,92,-3
fold2_room6_mix013,82,4,78,-14
fold2_room6_mix013,83,2,91,-3
fold2_room6_mix013,83,4,75,-14
fold2_room6_mix013,84,2,89,-3
fold2_room6_mix013,84,4,73,-14
fold2_room6_mix013,85,2,89,-3
fold2_room6_mix013,85,4,72,-14
fold2_room6_mix013,86,2,89,-3
fold2_room6_mix013,86,4,71,-15
fold2_room6_mix013,87,2,89,-3
fold2_room6_mix013,87,4,70,-15
fold2_room6_mix013,88,2,88,-3
fold2_room6_mix013,88,4,69,-15
fold2_room6_mix013,89,2,87,-3
fold2_room6_mix013,89,4,68,-15
fold2_room6_mix013,90,2,86,-3
fold2_room6_mix013,90,4,67,-15
fold2_room6_mix013,91,2,85,-3
fold2_room6_mix013,91,4,65,-14
fold2_room6_mix013,92,2,86,-4
fold2_room6_mix013,92,4,64,-15
fold2_room6_mix013,93,2,87,-4
fold2_room6_mix013,93,4,62,-15
fold2_room6_mix013,94,2,87,-4
fold2_room6_mix013,94,4,61,-15
fold2_room6_mix013,95,2,87,-4
fold2_room6_mix013,95,4,61,-15
fold2_room6_mix013,96,2,86,-3
fold2_room6_mix013,96,4,60,-15
fold2_room6_mix013,97,2,85,-3
fold2_room6_mix013,97,4,60,-15
fold2_room6_mix013,98,2,85,-3
fold2_room6_mix013,98,4,58,-14
fold2_room6_mix013,99,2,86,-3
fold2_room6_mix013,99,4,56,-14
fold2_room6_mix014,0,2,164,-2
fold2_room6_mix014,0,4,169,-3
fold2_room6_mix014,1,2,164,-2
fold2_room6_mix014,1,4,169,-3
fold2_room6_mix014,2,2,163,-3
fold2_room6_mix014,2,4,169,-3
fold2_room6_mix014,3,2,163,-3
fold2_room6_mix014,3,4,168,-3
fold2_room6_mix014,4,2,162,-3
fold2_room6_mix014,4,4,168,-3
fold2_room6_mix014,5,2,163,-3
fold2_room6_mix014,5,4,167,-3
fold2_room6_mix014,6,2,164,-3
fold2_room6_mix014,6,4,167,-3
fold2_room6_mix014,7,2,166,-3
fold2_room6_mix014,7,4,168,-3
fold2_room6_mix014,8,2,166,-3
fold2_room6_mix014,8,4,167,-3
fold2_room6_mix014,9,2,165,-3
fold2_room6_mix014,9,4,167,-3
fold2_room6_mix014,10,2,164,-3
fold2_room6_mix014,10,4,167,-3
fold2_room6_mix014,11,2,164,-3
fold2_room6_mix014,11,4,166,-3
fold2_room6_mix014,12,2,163,-3
fold2_room6_mix014,12,4,166,-3
fold2_room6_mix014,13,2,163,-3
fold2_room6_mix014,13,4,166,-3
fold2_room6_mix014,14,2,163,-3
fold2_room6_mix014,14,4,166,-3
fold2_room6_mix014,15,2,164,-3
fold2_room6_mix014,15,4,166,-3
fold2_room6_mix014,16,2,165,-3
fold2_room6_mix014,16,4,167,-3
fold2_room6_mix014,17,2,165,-3
fold2_room6_mix014,17,4,167,-3
fold2_room6_mix014,18,2,165,-3
fold2_room6_mix014,18,4,166,-3
fold2_room6_mix014,19,2,164,-3
fold2_room6_mix014,19,4,166,-3
fold2_room6_mix014,20,2,163,-3
fold2_room6_mix014,20,4,165,-4
fold2_room6_mix014,21,2,163,-3
fold2_room6_mix014,21,4,165,-4
fold2_room6_mix014,22,2,162,-3
fold2_room6_mix014,22,4,165,-4
fold2_room6_mix014,23,2,162,-3
fold2_room6_mix014,23,4,164,-4
fold2_room6_mix014,24,2,163,-3
fold2_room6_mix014,24,4,164,-4
fold2_room6_mix014,25,2,164,-3
fold2_room6_mix014,25,4,163,-4
fold2_room6_mix014,26,2,165,-3
fold2_room6_mix014,26,4,163,-4
fold2_room6_mix014,27,2,165,-3
fold2_room6_mix014,27,4,163,-4
fold2_room6_mix014,28,2,164,-2
fold2_room6_mix014,28,4,162,-4
fold2_room6_mix014,29,2,163,-2
fold2_room6_mix014,29,4,162,-4
fold2_room6_mix014,30,2,162,-2
fold2_room6_mix014,30,4,162,-4
fold2_room6_mix014,31,2,161,-2
fold2_room6_mix014,31,4,161,-5
fold2_room6_mix014,32,2,160,-2
fold2_room6_mix014,32,4,161,-5
fold2_room6_mix014,33,2,159,-2
fold2_room6_mix014,33,4,160,-5
fold2_room6_mix014,34,2,159,-2
fold2_room6_mix014,34,4,160,-5
fold2_room6_mix014,35,2,159,-2
fold2_room6_mix014,35,4,159,-5
fold2_room6_mix014,36,2,159,-3
fold2_room6_mix014,36,4,159,-4
fold2_room6_mix014,37,2,159,-3
fold2_room6_mix014,37,4,159,-5
fold2_room6_mix014,38,2,158,-3
fold2_room6_mix014,38,4,158,-5
fold2_room6_mix014,39,2,157,-3
fold2_room6_mix014,39,4,158,-5
fold2_room6_mix014,40,2,155,-3
fold2_room6_mix014,40,4,157,-5
fold2_room6_mix014,41,2,154,-3
fold2_room6_mix014,41,4,157,-6
fold2_room6_mix014,42,2,152,-3
fold2_room6_mix014,42,4,156,-6
fold2_room6_mix014,43,2,151,-3
fold2_room6_mix014,43,4,156,-6
fold2_room6_mix014,44,2,152,-3
fold2_room6_mix014,44,4,155,-6
fold2_room6_mix014,45,2,152,-3
fold2_room6_mix014,45,4,154,-6
fold2_room6_mix014,46,2,152,-3
fold2_room6_mix014,46,4,153,-6
fold2_room6_mix014,47,2,149,-3
fold2_room6_mix014,47,4,152,-6
fold2_room6_mix014,48,2,147,-3
fold2_room6_mix014,48,4,151,-7
fold2_room6_mix014,49,2,145,-3
fold2_room6_mix014,49,4,150,-7
fold2_room6_mix014,50,2,143,-3
fold2_room6_mix014,50,4,150,-7
fold2_room6_mix014,51,2,141,-3
fold2_room6_mix014,51,4,149,-7
fold2_room6_mix014,52,2,139,-4
fold2_room6_mix014,52,4,148,-7
fold2_room6_mix014,53,2,138,-4
fold2_room6_mix014,53,4,146,-8
fold2_room6_mix014,54,2,137,-4
fold2_room6_mix014,54,4,144,-8
fold2_room6_mix014,55,2,136,-4
fold2_room6_mix014,55,4,143,-8
fold2_room6_mix014,56,2,134,-4
fold2_room6_mix014,56,4,140,-9
fold2_room6_mix014,57,2,131,-4
fold2_room6_mix014,57,4,138,-10
fold2_room6_mix014,58,2,129,-4
fold2_room6_mix014,58,4,135,-10
fold2_room6_mix014,59,2,125,-4
fold2_room6_mix014,59,4,132,-11
fold2_room6_mix014,60,2,122,-4
fold2_room6_mix014,60,4,130,-12
fold2_room6_mix014,61,2,119,-5
fold2_room6_mix014,61,4,127,-13
fold2_room6_mix014,62,2,117,-5
fold2_room6_mix014,62,4,124,-13
fold2_room6_mix014,63,2,114,-5
fold2_room6_mix014,63,4,120,-15
fold2_room6_mix014,64,2,110,-5
fold2_room6_mix014,64,4,115,-16
fold2_room6_mix014,65,2,107,-5
fold2_room6_mix014,65,4,110,-18
fold2_room6_mix014,66,2,104,-5
fold2_room6_mix014,66,4,106,-19
fold2_room6_mix014,67,2,101,-5
fold2_room6_mix014,67,4,103,-20
fold2_room6_mix014,68,2,98,-6
fold2_room6_mix014,68,4,100,-20
fold2_room6_mix014,69,2,94,-6
fold2_room6_mix014,69,4,97,-21
fold2_room6_mix014,70,2,88,-6
fold2_room6_mix014,70,4,93,-22
fold2_room6_mix014,71,2,84,-6
fold2_room6_mix014,71,4,90,-22
fold2_room6_mix014,72,2,79,-5
fold2_room6_mix014,72,4,85,-22
fold2_room6_mix014,73,2,76,-5
fold2_room6_mix014,73,4,80,-22
fold2_room6_mix014,74,2,73,-5
fold2_room6_mix014,74,4,75,-22
fold2_room6_mix014,75,2,70,-5
fold2_room6_mix014,75,4,71,-22
fold2_room6_mix014,76,2,68,-5
fold2_room6_mix014,76,4,68,-21
fold2_room6_mix014,77,2,66,-4
fold2_room6_mix014,77,4,66,-21
fold2_room6_mix014,78,2,63,-4
fold2_room6_mix014,78,4,63,-21
fold2_room6_mix014,79,2,60,-4
fold2_room6_mix014,79,4,60,-20
fold2_room6_mix014,80,2,58,-4
fold2_room6_mix014,80,4,56,-20
fold2_room6_mix014,81,2,56,-4
fold2_room6_mix014,81,4,53,-19
fold2_room6_mix014,82,2,55,-3
fold2_room6_mix014,82,4,51,-19
fold2_room6_mix014,83,2,53,-3
fold2_room6_mix014,83,4,48,-18
fold2_room6_mix014,84,2,52,-3
fold2_room6_mix014,84,4,46,-18
fold2_room6_mix014,85,2,51,-3
fold2_room6_mix014,85,4,45,-18
fold2_room6_mix014,86,2,49,-3
fold2_room6_mix014,86,4,43,-17
fold2_room6_mix014,87,2,48,-3
fold2_room6_mix014,87,4,42,-17
fold2_room6_mix014,88,2,47,-3
fold2_room6_mix014,88,4,41,-17
fold2_room6_mix014,89,2,46,-3
fold2_room6_mix014,89,4,40,-16
fold2_room6_mix014,90,2,45,-3
fold2_room6_mix014,90,4,39,-16
fold2_room6_mix014,91,2,45,-3
fold2_room6_mix014,91,4,37,-16
fold2_room6_mix014,92,2,44,-3
fold2_room6_mix014,92,4,36,-15
fold2_room6_mix014,93,2,44,-3
fold2_room6_mix014,93,4,34,-15
fold2_room6_mix014,94,2,44,-3
fold2_room6_mix014,94,4,33,-15
fold2_room6_mix014,95,2,44,-2
fold2_room6_mix014,95,4,32,-15
fold2_room6_mix014,96,2,43,-2
fold2_room6_mix014,96,4,32,-16
fold2_room6_mix014,97,2,43,-2
fold2_room6_mix014,97,4,32,-16
fold2_room6_mix014,98,2,42,-2
fold2_room6_mix014,98,4,29,-15
fold2_room6_mix014,99,2,40,-2
fold2_room6_mix014,99,4,25,-14
fold2_room6_mix015,0,2,-170,-1
fold2_room6_mix015,0,4,-165,-7
fold2_room6_mix015,1,2,-170,-1
fold2_room6_mix015,1,4,-165,-7
fold2_room6_mix015,2,2,-171,-1
fold2_room6_mix015,2,4,-165,-7
fold2_room6_mix015,3,2,-171,-2
fold2_room6_mix015,3,4,-164,-7
fold2_room6_mix015,4,2,-172,-2
fold2_room6_mix015,4,4,-164,-7
fold2_room6_mix015,5,2,-172,-2
fold2_room6_mix015,5,4,-163,-7
fold2_room6_mix015,6,2,-171,-2
fold2_room6_mix015,6,4,-163,-6
fold2_room6_mix015,7,2,-171,-2
fold2_room6_mix015,7,4,-163,-6
fold2_room6_mix015,8,2,-171,-2
fold2_room6_mix015,8,4,-162,-7
fold2_room6_mix015,9,2,-172,-2
fold2_room6_mix015,9,4,-162,-7
fold2_room6_mix015,10,2,-172,-2
fold2_room6_mix015,10,4,-162,-7
fold2_room6_mix015,11,2,-173,-2
fold2_room6_mix015,11,4,-161,-8
fold2_room6_mix015,12,2,-172,-2
fold2_room6_mix015,12,4,-162,-7
fold2_room6_mix015,13,2,-172,-2
fold2_room6_mix015,13,4,-162,-7
fold2_room6_mix015,14,2,-172,-2
fold2_room6_mix015,14,4,-162,-7
fold2_room6_mix015,15,2,-172,-2
fold2_room6_mix015,15,4,-162,-7
fold2_room6_mix015,16,2,-172,-2
fold2_room6_mix015,16,4,-162,-6
fold2_room6_mix015,17,2,-172,-2
fold2_room6_mix015,17,4,-162,-6
fold2_room6_mix015,18,2,-171,-2
fold2_room6_mix015,18,4,-162,-7
fold2_room6_mix015,19,2,-170,-1
fold2_room6_mix015,19,4,-162,-7
fold2_room6_mix015,20,2,-169,-1
fold2_room6_mix015,20,4,-161,-7
fold2_room6_mix015,21,2,-168,-1
fold2_room6_mix015,21,4,-161,-7
fold2_room6_mix015,22,2,-168,-1
fold2_room6_mix015,22,4,-161,-7
fold2_room6_mix015,23,2,-167,-1
fold2_room6_mix015,23,4,-166,-8
fold2_room6_mix015,23,4,-151,-6
fold2_room6_mix015,24,2,-167,-1
fold2_room6_mix015,24,4,-166,-8
fold2_room6_mix015,24,4,-151,-6
fold2_room6_mix015,25,2,-168,-1
fold2_room6_mix015,25,4,-161,-8
fold2_room6_mix015,26,2,-168,-2
fold2_room6_mix015,26,4,-162,-8
fold2_room6_mix015,27,2,-168,-2
fold2_room6_mix015,27,4,-162,-8
fold2_room6_mix015,28,2,-166,-2
fold2_room6_mix015,28,4,-161,-9
fold2_room6_mix015,29,2,-165,-2
fold2_room6_mix015,29,4,-160,-9
fold2_room6_mix015,30,2,-164,-1
fold2_room6_mix015,30,4,-160,-9
fold2_room6_mix015,31,2,-164,-2
fold2_room6_mix015,31,4,-160,-9
fold2_room6_mix015,32,2,-164,-2
fold2_room6_mix015,32,4,-160,-9
fold2_room6_mix015,33,2,-163,-2
fold2_room6_mix015,33,4,-160,-9
fold2_room6_mix015,34,2,-163,-2
fold2_room6_mix015,34,4,-160,-9
fold2_room6_mix015,35,2,-162,-2
fold2_room6_mix015,35,4,-160,-8
fold2_room6_mix015,36,2,-162,-2
fold2_room6_mix015,36,4,-165,-9
fold2_room6_mix015,36,4,-150,-7
fold2_room6_mix015,37,2,-161,-2
fold2_room6_mix015,37,4,-164,-9
fold2_room6_mix015,37,4,-149,-7
fold2_room6_mix015,38,2,-160,-2
fold2_room6_mix015,38,4,-163,-10
fold2_room6_mix015,38,4,-148,-7
fold2_room6_mix015,39,2,-159,-2
fold2_room6_mix015,39,4,-163,-10
fold2_room6_mix015,39,4,-148,-7
fold2_room6_mix015,40,2,-158,-2
fold2_room6_mix015,40,4,-162,-10
fold2_room6_mix015,40,4,-147,-7
fold2_room6_mix015,41,2,-157,-2
fold2_room6_mix015,41,4,-162,-10
fold2_room6_mix015,41,4,-146,-7
fold2_room6_mix015,42,2,-156,-2
fold2_room6_mix015,42,4,-161,-11
fold2_room6_mix015,42,4,-146,-8
fold2_room6_mix015,43,2,-156,-2
fold2_room6_mix015,43,4,-161,-11
fold2_room6_mix015,43,4,-145,-8
fold2_room6_mix015,44,2,-156,-2
fold2_room6_mix015,44,4,-161,-11
fold2_room6_mix015,44,4,-145,-8
fold2_room6_mix015,45,2,-156,-2
fold2_room6_mix015,45,4,-162,-11
fold2_room6_mix015,45,4,-144,-8
fold2_room6_mix015,46,2,-155,-2
fold2_room6_mix015,46,4,-162,-11
fold2_room6_mix015,46,4,-143,-8
fold2_room6_mix015,47,2,-153,-2
fold2_room6_mix015,47,4,-161,-11
fold2_room6_mix015,47,4,-143,-9
fold2_room6_mix015,48,2,-152,-1
fold2_room6_mix015,48,4,-160,-12
fold2_room6_mix015,48,4,-143,-9
fold2_room6_mix015,49,2,-151,-1
fold2_room6_mix015,49,4,-160,-12
fold2_room6_mix015,49,4,-142,-9
fold2_room6_mix015,50,2,-150,-1
fold2_room6_mix015,50,4,-158,-13
fold2_room6_mix015,50,4,-141,-10
fold2_room6_mix015,51,2,-148,-1
fold2_room6_mix015,51,4,-156,-13
fold2_room6_mix015,51,4,-140,-10
fold2_room6_mix015,52,2,-147,-1
fold2_room6_mix015,52,4,-149,-13
fold2_room6_mix015,53,2,-147,-1
fold2_room6_mix015,53,4,-149,-13
fold2_room6_mix015,54,2,-148,-1
fold2_room6_mix015,54,4,-149,-13
fold2_room6_mix015,55,2,-149,-1
fold2_room6_mix015,55,4,-149,-14
fold2_room6_mix015,56,2,-148,-1
fold2_room6_mix015,56,4,-148,-14
fold2_room6_mix015,57,2,-147,-1
fold2_room6_mix015,57,4,-147,-15
fold2_room6_mix015,58,2,-145,-1
fold2_room6_mix015,58,4,-145,-15
fold2_room6_mix015,59,2,-144,-1
fold2_room6_mix015,59,4,-144,-16
fold2_room6_mix015,60,2,-144,0
fold2_room6_mix015,60,4,-143,-17
fold2_room6_mix015,61,2,-145,0
fold2_room6_mix015,61,4,-141,-17
fold2_room6_mix015,62,2,-146,0
fold2_room6_mix015,62,4,-140,-18
fold2_room6_mix015,63,2,-147,0
fold2_room6_mix015,63,4,-139,-19
fold2_room6_mix015,64,4,-138,-20
fold2_room6_mix015,65,4,-138,-22
fold2_room6_mix015,66,4,-136,-23
fold2_room6_mix015,67,4,-135,-24
fold2_room6_mix015,68,4,-133,-25
fold2_room6_mix015,69,4,-131,-26
fold2_room6_mix015,70,4,-129,-27
fold2_room6_mix015,71,4,-126,-29
fold2_room6_mix015,72,4,-124,-30
fold2_room6_mix015,73,4,-123,-30
fold2_room6_mix015,74,4,-122,-31
fold2_room6_mix015,75,4,-121,-32
fold2_room6_mix015,76,4,-121,-33
fold2_room6_mix015,77,4,-120,-34
fold2_room6_mix015,78,4,-119,-34
fold2_room6_mix015,79,4,-117,-35
fold2_room6_mix015,80,4,-114,-36
fold2_room6_mix015,81,4,-111,-37
fold2_room6_mix015,82,4,-108,-38
fold2_room6_mix015,83,4,-105,-38
fold2_room6_mix015,84,4,-102,-39
fold2_room6_mix015,85,4,-99,-39
fold2_room6_mix015,86,4,-97,-39
fold2_room6_mix015,87,4,-94,-40
fold2_room6_mix015,88,4,-93,-40
fold2_room6_mix015,89,4,-92,-39
fold2_room6_mix015,90,4,-91,-39
fold2_room6_mix015,91,4,-90,-39
fold2_room6_mix015,92,4,-89,-39
fold2_room6_mix015,93,4,-87,-39
fold2_room6_mix015,94,4,-86,-39
fold2_room6_mix015,95,4,-84,-39
fold2_room6_mix015,96,4,-83,-39
fold2_room6_mix015,97,4,-82,-39
fold2_room6_mix015,98,4,-77,-40
fold2_room6_mix015,99,4,-52,-40
fold2_room6_mix015,99,4,-82,-39
fold2_room6_mix016,0,2,-170,-3
fold2_room6_mix016,0,4,-161,-2
fold2_room6_mix016,1,2,-170,-3
fold2_room6_mix016,1,4,-161,-2
fold2_room6_mix016,2,2,-171,-3
fold2_room6_mix016,2,4,-161,-2
fold2_room6_mix016,3,2,-171,-4
fold2_room6_mix016,3,4,-161,-2
fold2_room6_mix016,4,2,-172,-4
fold2_room6_mix016,4,4,-160,-2
fold2_room6_mix016,5,2,-172,-4
fold2_room6_mix016,5,4,-160,-2
fold2_room6_mix016,6,2,-173,-4
fold2_room6_mix016,6,4,-160,-2
fold2_room6_mix016,7,2,-173,-4
fold2_room6_mix016,7,4,-160,-2
fold2_room6_mix016,8,2,-173,-4
fold2_room6_mix016,8,4,-160,-2
fold2_room6_mix016,9,2,-173,-4
fold2_room6_mix016,9,4,-160,-2
fold2_room6_mix016,10,2,-172,-4
fold2_room6_mix016,10,4,-160,-2
fold2_room6_mix016,11,2,-171,-4
fold2_room6_mix016,11,4,-160,-2
fold2_room6_mix016,12,2,-171,-4
fold2_room6_mix016,12,4,-160,-2
fold2_room6_mix016,13,2,-171,-4
fold2_room6_mix016,13,4,-160,-2
fold2_room6_mix016,14,2,-171,-4
fold2_room6_mix016,14,4,-160,-2
fold2_room6_mix016,15,2,-171,-4
fold2_room6_mix016,15,4,-160,-2
fold2_room6_mix016,16,2,-171,-4
fold2_room6_mix016,16,4,-160,-2
fold2_room6_mix016,17,2,-171,-4
fold2_room6_mix016,17,4,-160,-2
fold2_room6_mix016,18,2,-171,-4
fold2_room6_mix016,18,4,-159,-2
fold2_room6_mix016,19,2,-170,-4
fold2_room6_mix016,19,4,-159,-2
fold2_room6_mix016,20,2,-169,-4
fold2_room6_mix016,20,4,-159,-2
fold2_room6_mix016,21,2,-169,-4
fold2_room6_mix016,21,4,-158,-2
fold2_room6_mix016,22,2,-169,-4
fold2_room6_mix016,22,4,-158,-2
fold2_room6_mix016,23,2,-169,-4
fold2_room6_mix016,23,4,-157,-2
fold2_room6_mix016,24,2,-169,-4
fold2_room6_mix016,24,4,-157,-2
fold2_room6_mix016,25,2,-170,-4
fold2_room6_mix016,25,4,-156,-2
fold2_room6_mix016,26,2,-171,-4
fold2_room6_mix016,26,4,-156,-2
fold2_room6_mix016,27,2,-171,-4
fold2_room6_mix016,27,4,-156,-2
fold2_room6_mix016,28,2,-170,-4
fold2_room6_mix016,28,4,-155,-2
fold2_room6_mix016,29,2,-169,-4
fold2_room6_mix016,29,4,-155,-2
fold2_room6_mix016,30,2,-168,-3
fold2_room6_mix016,30,4,-155,-2
fold2_room6_mix016,31,2,-168,-3
fold2_room6_mix016,31,4,-154,-2
fold2_room6_mix016,32,2,-167,-4
fold2_room6_mix016,32,4,-154,-2
fold2_room6_mix016,33,2,-167,-4
fold2_room6_mix016,33,4,-153,-2
fold2_room6_mix016,34,2,-166,-4
fold2_room6_mix016,34,4,-153,-2
fold2_room6_mix016,35,2,-166,-4
fold2_room6_mix016,35,4,-153,-2
fold2_room6_mix016,36,2,-165,-4
fold2_room6_mix016,36,4,-152,-2
fold2_room6_mix016,37,2,-163,-4
fold2_room6_mix016,37,4,-152,-2
fold2_room6_mix016,38,2,-160,-4
fold2_room6_mix016,38,4,-151,-2
fold2_room6_mix016,39,2,-157,-4
fold2_room6_mix016,39,4,-151,-3
fold2_room6_mix016,40,2,-155,-4
fold2_room6_mix016,40,4,-151,-3
fold2_room6_mix016,41,2,-154,-4
fold2_room6_mix016,41,4,-150,-3
fold2_room6_mix016,42,2,-152,-4
fold2_room6_mix016,42,4,-150,-3
fold2_room6_mix016,43,2,-151,-4
fold2_room6_mix016,43,4,-150,-3
fold2_room6_mix016,44,2,-151,-4
fold2_room6_mix016,44,4,-149,-2
fold2_room6_mix016,45,2,-151,-4
fold2_room6_mix016,45,4,-148,-2
fold2_room6_mix016,46,2,-151,-4
fold2_room6_mix016,46,4,-148,-2
fold2_room6_mix016,47,2,-148,-4
fold2_room6_mix016,47,4,-148,-2
fold2_room6_mix016,48,2,-146,-4
fold2_room6_mix016,48,4,-147,-3
fold2_room6_mix016,49,2,-144,-3
fold2_room6_mix016,49,4,-147,-3
fold2_room6_mix016,50,2,-143,-3
fold2_room6_mix016,50,4,-147,-3
fold2_room6_mix016,51,2,-142,-4
fold2_room6_mix016,51,4,-146,-3
fold2_room6_mix016,52,2,-141,-4
fold2_room6_mix016,52,4,-145,-3
fold2_room6_mix016,53,2,-140,-4
fold2_room6_mix016,53,4,-144,-3
fold2_room6_mix016,54,2,-140,-4
fold2_room6_mix016,54,4,-143,-3
fold2_room6_mix016,55,2,-140,-4
fold2_room6_mix016,55,4,-142,-3
fold2_room6_mix016,56,2,-138,-4
fold2_room6_mix016,56,4,-141,-3
fold2_room6_mix016,57,2,-135,-4
fold2_room6_mix016,57,4,-140,-3
fold2_room6_mix016,58,2,-133,-4
fold2_room6_mix016,58,4,-139,-3
fold2_room6_mix016,59,2,-131,-3
fold2_room6_mix016,59,4,-139,-3
fold2_room6_mix016,60,2,-130,-3
fold2_room6_mix016,60,4,-138,-3
fold2_room6_mix016,61,2,-129,-3
fold2_room6_mix016,61,4,-137,-3
fold2_room6_mix016,62,2,-128,-4
fold2_room6_mix016,62,4,-136,-4
fold2_room6_mix016,63,2,-127,-4
fold2_room6_mix016,63,4,-135,-4
fold2_room6_mix016,64,2,-126,-4
fold2_room6_mix016,64,4,-134,-4
fold2_room6_mix016,65,2,-125,-4
fold2_room6_mix016,65,4,-132,-4
fold2_room6_mix016,66,2,-124,-4
fold2_room6_mix016,66,4,-131,-4
fold2_room6_mix016,67,2,-124,-4
fold2_room6_mix016,67,4,-130,-4
fold2_room6_mix016,68,2,-124,-3
fold2_room6_mix016,68,4,-129,-4
fold2_room6_mix016,69,2,-123,-3
fold2_room6_mix016,69,4,-128,-5
fold2_room6_mix016,70,2,-122,-3
fold2_room6_mix016,70,4,-126,-5
fold2_room6_mix016,71,2,-121,-3
fold2_room6_mix016,71,4,-125,-5
fold2_room6_mix016,72,2,-121,-3
fold2_room6_mix016,72,4,-123,-5
fold2_room6_mix016,73,2,-120,-4
fold2_room6_mix016,73,4,-121,-6
fold2_room6_mix016,74,2,-120,-4
fold2_room6_mix016,74,4,-119,-6
fold2_room6_mix016,75,2,-118,-4
fold2_room6_mix016,75,4,-117,-6
fold2_room6_mix016,76,2,-115,-3
fold2_room6_mix016,76,4,-115,-6
fold2_room6_mix016,77,2,-113,-3
fold2_room6_mix016,77,4,-114,-7
fold2_room6_mix016,78,2,-111,-3
fold2_room6_mix016,78,4,-112,-7
fold2_room6_mix016,79,2,-111,-3
fold2_room6_mix016,79,4,-110,-8
fold2_room6_mix016,80,2,-111,-3
fold2_room6_mix016,80,4,-107,-8
fold2_room6_mix016,81,2,-111,-4
fold2_room6_mix016,81,4,-105,-9
fold2_room6_mix016,82,2,-110,-4
fold2_room6_mix016,82,4,-102,-9
fold2_room6_mix016,83,2,-109,-4
fold2_room6_mix016,83,4,-99,-10
fold2_room6_mix016,84,2,-108,-4
fold2_room6_mix016,84,4,-96,-11
fold2_room6_mix016,85,2,-106,-4
fold2_room6_mix016,85,4,-95,-11
fold2_room6_mix016,86,2,-104,-4
fold2_room6_mix016,86,4,-94,-11
fold2_room6_mix016,87,2,-103,-4
fold2_room6_mix016,87,4,-92,-11
fold2_room6_mix016,88,2,-101,-4
fold2_room6_mix016,88,4,-91,-12
fold2_room6_mix016,89,2,-101,-4
fold2_room6_mix016,89,4,-89,-12
fold2_room6_mix016,90,2,-100,-4
fold2_room6_mix016,90,4,-87,-12
fold2_room6_mix016,91,2,-99,-4
fold2_room6_mix016,91,4,-85,-12
fold2_room6_mix016,92,2,-98,-4
fold2_room6_mix016,92,4,-83,-12
fold2_room6_mix016,93,2,-97,-4
fold2_room6_mix016,93,4,-81,-13
fold2_room6_mix016,94,2,-96,-4
fold2_room6_mix016,94,4,-80,-13
fold2_room6_mix016,95,2,-94,-3
fold2_room6_mix016,95,4,-79,-13
fold2_room6_mix016,96,2,-92,-3
fold2_room6_mix016,96,4,-78,-13
fold2_room6_mix016,97,2,-91,-3
fold2_room6_mix016,97,4,-76,-13
fold2_room6_mix016,98,2,-89,-3
fold2_room6_mix016,98,4,-72,-13
fold2_room6_mix016,99,2,-87,-3
fold2_room6_mix016,99,4,-67,-12
fold2_room6_mix017,1,4,4,-1
fold2_room6_mix017,2,4,2,-1
fold2_room6_mix017,3,2,5,-1
fold2_room6_mix017,3,4,3,-1
fold2_room6_mix017,4,2,6,-1
fold2_room6_mix017,4,4,4,-1
fold2_room6_mix017,5,2,7,-1
fold2_room6_mix017,5,4,5,-1
fold2_room6_mix017,6,2,7,-2
fold2_room6_mix017,6,4,6,-2
fold2_room6_mix017,7,2,6,-2
fold2_room6_mix017,7,4,6,-2
fold2_room6_mix017,8,2,6,-2
fold2_room6_mix017,8,4,6,-2
fold2_room6_mix017,9,2,5,-2
fold2_room6_mix017,9,4,6,-2
fold2_room6_mix017,10,2,4,-2
fold2_room6_mix017,10,4,6,-2
fold2_room6_mix017,11,2,4,-2
fold2_room6_mix017,11,4,6,-2
fold2_room6_mix017,12,2,5,-2
fold2_room6_mix017,12,4,6,-2
fold2_room6_mix017,13,2,5,-2
fold2_room6_mix017,13,4,6,-2
fold2_room6_mix017,14,2,6,-2
fold2_room6_mix017,14,4,6,-2
fold2_room6_mix017,15,2,5,-2
fold2_room6_mix017,15,4,7,-2
fold2_room6_mix017,16,2,4,-2
fold2_room6_mix017,16,4,7,-2
fold2_room6_mix017,17,2,4,-2
fold2_room6_mix017,17,4,8,-2
fold2_room6_mix017,18,2,4,-2
fold2_room6_mix017,18,4,8,-2
fold2_room6_mix017,19,2,5,-2
fold2_room6_mix017,19,4,8,-2
fold2_room6_mix017,20,2,6,-2
fold2_room6_mix017,20,4,8,-2
fold2_room6_mix017,21,2,6,-2
fold2_room6_mix017,21,4,8,-2
fold2_room6_mix017,22,2,6,-2
fold2_room6_mix017,22,4,8,-2
fold2_room6_mix017,23,2,6,-2
fold2_room6_mix017,23,4,8,-2
fold2_room6_mix017,24,2,6,-2
fold2_room6_mix017,24,4,7,-2
fold2_room6_mix017,25,2,6,-2
fold2_room6_mix017,25,4,7,-2
fold2_room6_mix017,26,2,5,-2
fold2_room6_mix017,26,4,7,-2
fold2_room6_mix017,27,2,5,-2
fold2_room6_mix017,27,4,8,-2
fold2_room6_mix017,28,2,6,-2
fold2_room6_mix017,28,4,8,-2
fold2_room6_mix017,29,2,8,-2
fold2_room6_mix017,29,4,9,-3
fold2_room6_mix017,30,2,9,-2
fold2_room6_mix017,30,4,9,-3
fold2_room6_mix017,31,2,9,-2
fold2_room6_mix017,31,4,9,-3
fold2_room6_mix017,32,2,9,-2
fold2_room6_mix017,32,4,10,-3
fold2_room6_mix017,33,2,9,-2
fold2_room6_mix017,33,4,10,-3
fold2_room6_mix017,34,2,10,-2
fold2_room6_mix017,34,4,10,-4
fold2_room6_mix017,35,2,10,-2
fold2_room6_mix017,35,4,10,-4
fold2_room6_mix017,36,2,11,-2
fold2_room6_mix017,36,4,11,-4
fold2_room6_mix017,37,2,11,-2
fold2_room6_mix017,37,4,11,-5
fold2_room6_mix017,38,2,12,-2
fold2_room6_mix017,38,4,12,-5
fold2_room6_mix017,39,2,13,-2
fold2_room6_mix017,39,4,13,-6
fold2_room6_mix017,40,2,14,-2
fold2_room6_mix017,40,4,14,-6
fold2_room6_mix017,41,2,15,-2
fold2_room6_mix017,41,4,14,-6
fold2_room6_mix017,42,2,15,-2
fold2_room6_mix017,42,4,14,-6
fold2_room6_mix017,43,2,16,-2
fold2_room6_mix017,43,4,14,-6
fold2_room6_mix017,44,2,17,-2
fold2_room6_mix017,44,4,15,-6
fold2_room6_mix017,45,2,17,-2
fold2_room6_mix017,45,4,15,-7
fold2_room6_mix017,46,2,18,-2
fold2_room6_mix017,46,4,16,-7
fold2_room6_mix017,47,2,19,-2
fold2_room6_mix017,47,4,17,-8
fold2_room6_mix017,48,2,20,-1
fold2_room6_mix017,48,4,18,-8
fold2_room6_mix017,49,2,20,-1
fold2_room6_mix017,49,4,19,-9
fold2_room6_mix017,50,2,22,-1
fold2_room6_mix017,50,4,21,-10
fold2_room6_mix017,51,2,24,-2
fold2_room6_mix017,51,4,22,-10
fold2_room6_mix017,52,2,25,-2
fold2_room6_mix017,52,4,23,-11
fold2_room6_mix017,53,2,28,-2
fold2_room6_mix017,53,4,25,-12
fold2_room6_mix017,54,2,32,-2
fold2_room6_mix017,54,4,26,-13
fold2_room6_mix017,55,2,35,-2
fold2_room6_mix017,55,4,28,-13
fold2_room6_mix017,56,2,39,-2
fold2_room6_mix017,56,4,29,-14
fold2_room6_mix017,57,2,45,-3
fold2_room6_mix017,57,4,32,-14
fold2_room6_mix017,58,2,51,-3
fold2_room6_mix017,58,4,34,-15
fold2_room6_mix017,59,2,56,-3
fold2_room6_mix017,59,4,37,-16
fold2_room6_mix017,60,2,57,-4
fold2_room6_mix017,60,4,42,-17
fold2_room6_mix017,61,2,58,-4
fold2_room6_mix017,61,4,48,-18
fold2_room6_mix017,62,2,62,-5
fold2_room6_mix017,62,4,56,-20
fold2_room6_mix017,63,2,72,-5
fold2_room6_mix017,63,4,67,-21
fold2_room6_mix017,64,2,83,-5
fold2_room6_mix017,64,4,80,-21
fold2_room6_mix017,65,2,92,-5
fold2_room6_mix017,65,4,94,-21
fold2_room6_mix017,66,2,102,-5
fold2_room6_mix017,66,4,108,-18
fold2_room6_mix017,67,2,112,-6
fold2_room6_mix017,67,4,120,-15
fold2_room6_mix017,68,2,122,-6
fold2_room6_mix017,68,4,131,-12
fold2_room6_mix017,69,2,133,-5
fold2_room6_mix017,69,4,138,-10
fold2_room6_mix017,70,2,143,-5
fold2_room6_mix017,70,4,144,-8
fold2_room6_mix017,71,2,153,-5
fold2_room6_mix017,71,4,150,-7
fold2_room6_mix017,72,2,157,-4
fold2_room6_mix017,72,4,154,-6
fold2_room6_mix017,73,2,158,-4
fold2_room6_mix017,73,4,156,-6
fold2_room6_mix017,74,2,159,-4
fold2_room6_mix017,74,4,158,-5
fold2_room6_mix017,75,2,159,-4
fold2_room6_mix017,75,4,160,-5
fold2_room6_mix017,76,2,160,-4
fold2_room6_mix017,76,4,161,-5
fold2_room6_mix017,77,2,160,-4
fold2_room6_mix017,77,4,162,-4
fold2_room6_mix017,78,2,161,-4
fold2_room6_mix017,78,4,164,-4
fold2_room6_mix017,79,2,162,-4
fold2_room6_mix017,79,4,165,-3
fold2_room6_mix017,80,2,162,-3
fold2_room6_mix017,80,4,166,-3
fold2_room6_mix017,81,2,163,-3
fold2_room6_mix017,81,4,167,-2
fold2_room6_mix017,82,2,163,-3
fold2_room6_mix017,82,4,168,-2
fold2_room6_mix017,83,2,163,-3
fold2_room6_mix017,83,4,168,-2
fold2_room6_mix017,84,2,163,-3
fold2_room6_mix017,84,4,169,-2
fold2_room6_mix017,85,2,164,-3
fold2_room6_mix017,85,4,169,-2
fold2_room6_mix017,86,2,164,-3
fold2_room6_mix017,86,4,170,-2
fold2_room6_mix017,87,2,164,-3
fold2_room6_mix017,87,4,170,-2
fold2_room6_mix017,88,2,164,-3
fold2_room6_mix017,88,4,171,-2
fold2_room6_mix017,89,2,164,-3
fold2_room6_mix017,89,4,171,-2
fold2_room6_mix017,90,2,163,-3
fold2_room6_mix017,90,4,171,-1
fold2_room6_mix017,91,2,164,-3
fold2_room6_mix017,91,4,172,-1
fold2_room6_mix017,92,2,164,-3
fold2_room6_mix017,92,4,172,-1
fold2_room6_mix017,93,2,165,-3
fold2_room6_mix017,93,4,172,-1
fold2_room6_mix017,94,2,165,-3
fold2_room6_mix017,94,4,172,-1
fold2_room6_mix017,95,2,165,-2
fold2_room6_mix017,95,4,173,-1
fold2_room6_mix017,96,2,164,-2
fold2_room6_mix017,96,4,173,-1
fold2_room6_mix017,97,2,164,-2
fold2_room6_mix017,97,4,173,-1
fold2_room6_mix017,98,2,164,-2
fold2_room6_mix017,98,4,173,-1
fold2_room6_mix017,99,2,165,-2
fold2_room6_mix017,99,4,174,-1
fold2_room6_mix018,2,4,4,0
fold2_room6_mix018,3,2,10,-1
fold2_room6_mix018,3,4,5,0
fold2_room6_mix018,4,2,12,-1
fold2_room6_mix018,4,4,6,-1
fold2_room6_mix018,5,2,12,-2
fold2_room6_mix018,5,4,7,-1
fold2_room6_mix018,6,2,11,-2
fold2_room6_mix018,6,4,8,-1
fold2_room6_mix018,7,2,9,-2
fold2_room6_mix018,7,4,8,-1
fold2_room6_mix018,8,2,9,-2
fold2_room6_mix018,8,4,8,-1
fold2_room6_mix018,9,2,10,-2
fold2_room6_mix018,9,4,8,-1
fold2_room6_mix018,10,2,11,-2
fold2_room6_mix018,10,4,7,-1
fold2_room6_mix018,11,2,11,-2
fold2_room6_mix018,11,4,6,-1
fold2_room6_mix018,12,2,9,-2
fold2_room6_mix018,12,4,6,-1
fold2_room6_mix018,13,2,8,-2
fold2_room6_mix018,13,4,6,-1
fold2_room6_mix018,14,2,6,-2
fold2_room6_mix018,14,4,7,-1
fold2_room6_mix018,15,2,8,-2
fold2_room6_mix018,15,4,7,-1
fold2_room6_mix018,16,2,10,-2
fold2_room6_mix018,16,4,8,-1
fold2_room6_mix018,17,2,11,-2
fold2_room6_mix018,17,4,9,-1
fold2_room6_mix018,18,2,10,-2
fold2_room6_mix018,18,4,9,-1
fold2_room6_mix018,19,2,8,-2
fold2_room6_mix018,19,4,8,-1
fold2_room6_mix018,20,2,6,-2
fold2_room6_mix018,20,4,8,-1
fold2_room6_mix018,21,2,5,-2
fold2_room6_mix018,21,4,8,-1
fold2_room6_mix018,22,2,4,-2
fold2_room6_mix018,22,4,8,-1
fold2_room6_mix018,23,2,3,-2
fold2_room6_mix018,23,4,8,-1
fold2_room6_mix018,24,2,4,-2
fold2_room6_mix018,24,4,8,-1
fold2_room6_mix018,25,2,5,-2
fold2_room6_mix018,25,4,9,-1
fold2_room6_mix018,26,2,6,-2
fold2_room6_mix018,26,4,9,-2
fold2_room6_mix018,27,2,7,-2
fold2_room6_mix018,27,4,10,-2
fold2_room6_mix018,28,2,7,-2
fold2_room6_mix018,28,4,10,-2
fold2_room6_mix018,29,2,8,-2
fold2_room6_mix018,29,4,10,-2
fold2_room6_mix018,30,2,8,-2
fold2_room6_mix018,30,4,10,-2
fold2_room6_mix018,31,2,8,-2
fold2_room6_mix018,31,4,10,-2
fold2_room6_mix018,32,2,9,-2
fold2_room6_mix018,32,4,10,-2
fold2_room6_mix018,33,2,9,-2
fold2_room6_mix018,33,4,10,-2
fold2_room6_mix018,34,2,11,-2
fold2_room6_mix018,34,4,11,-2
fold2_room6_mix018,35,2,12,-2
fold2_room6_mix018,35,4,11,-2
fold2_room6_mix018,36,2,14,-2
fold2_room6_mix018,36,4,11,-2
fold2_room6_mix018,37,2,13,-2
fold2_room6_mix018,37,4,12,-2
fold2_room6_mix018,38,2,12,-2
fold2_room6_mix018,38,4,12,-2
fold2_room6_mix018,39,2,10,-2
fold2_room6_mix018,39,4,13,-2
fold2_room6_mix018,40,2,10,-2
fold2_room6_mix018,40,4,13,-2
fold2_room6_mix018,41,2,12,-2
fold2_room6_mix018,41,4,13,-2
fold2_room6_mix018,42,2,13,-2
fold2_room6_mix018,42,4,14,-2
fold2_room6_mix018,43,2,16,-2
fold2_room6_mix018,43,4,14,-3
fold2_room6_mix018,44,2,18,-2
fold2_room6_mix018,44,4,15,-3
fold2_room6_mix018,45,2,20,-2
fold2_room6_mix018,45,4,17,-3
fold2_room6_mix018,46,2,21,-2
fold2_room6_mix018,46,4,18,-4
fold2_room6_mix018,47,2,22,-2
fold2_room6_mix018,47,4,18,-4
fold2_room6_mix018,48,2,22,-2
fold2_room6_mix018,48,4,18,-4
fold2_room6_mix018,49,2,23,-2
fold2_room6_mix018,49,4,19,-4
fold2_room6_mix018,50,2,24,-2
fold2_room6_mix018,50,4,19,-4
fold2_room6_mix018,51,2,26,-2
fold2_room6_mix018,51,4,20,-5
fold2_room6_mix018,52,2,28,-2
fold2_room6_mix018,52,4,20,-5
fold2_room6_mix018,53,2,30,-2
fold2_room6_mix018,53,4,21,-5
fold2_room6_mix018,54,2,33,-2
fold2_room6_mix018,54,4,23,-6
fold2_room6_mix018,55,2,34,-2
fold2_room6_mix018,55,4,24,-7
fold2_room6_mix018,56,2,36,-2
fold2_room6_mix018,56,4,26,-7
fold2_room6_mix018,57,2,37,-2
fold2_room6_mix018,57,4,27,-7
fold2_room6_mix018,58,2,38,-2
fold2_room6_mix018,58,4,28,-8
fold2_room6_mix018,59,2,40,-2
fold2_room6_mix018,59,4,30,-8
fold2_room6_mix018,60,2,45,-2
fold2_room6_mix018,60,4,32,-9
fold2_room6_mix018,61,2,50,-2
fold2_room6_mix018,61,4,34,-9
fold2_room6_mix018,62,2,54,-3
fold2_room6_mix018,62,4,36,-9
fold2_room6_mix018,63,2,57,-3
fold2_room6_mix018,63,4,39,-10
fold2_room6_mix018,64,2,60,-3
fold2_room6_mix018,64,4,43,-11
fold2_room6_mix018,65,2,63,-4
fold2_room6_mix018,65,4,46,-12
fold2_room6_mix018,66,2,66,-4
fold2_room6_mix018,66,4,49,-12
fold2_room6_mix018,67,2,68,-4
fold2_room6_mix018,67,4,52,-12
fold2_room6_mix018,68,2,71,-4
fold2_room6_mix018,68,4,54,-13
fold2_room6_mix018,69,2,75,-4
fold2_room6_mix018,69,4,59,-13
fold2_room6_mix018,70,2,79,-5
fold2_room6_mix018,70,4,66,-14
fold2_room6_mix018,71,2,84,-5
fold2_room6_mix018,71,4,72,-14
fold2_room6_mix018,72,2,89,-5
fold2_room6_mix018,72,4,79,-14
fold2_room6_mix018,73,2,94,-5
fold2_room6_mix018,73,4,86,-13
fold2_room6_mix018,74,2,99,-5
fold2_room6_mix018,74,4,94,-13
fold2_room6_mix018,75,2,104,-5
fold2_room6_mix018,75,4,102,-11
fold2_room6_mix018,76,2,108,-5
fold2_room6_mix018,76,4,111,-10
fold2_room6_mix018,77,2,112,-5
fold2_room6_mix018,77,4,120,-8
fold2_room6_mix018,78,2,117,-5
fold2_room6_mix018,78,4,127,-7
fold2_room6_mix018,79,2,122,-4
fold2_room6_mix018,79,4,131,-6
fold2_room6_mix018,80,2,128,-4
fold2_room6_mix018,80,4,135,-5
fold2_room6_mix018,81,2,135,-4
fold2_room6_mix018,81,4,139,-5
fold2_room6_mix018,82,2,139,-4
fold2_room6_mix018,82,4,143,-4
fold2_room6_mix018,83,2,143,-4
fold2_room6_mix018,83,4,147,-4
fold2_room6_mix018,84,2,146,-3
fold2_room6_mix018,84,4,150,-3
fold2_room6_mix018,85,2,147,-3
fold2_room6_mix018,85,4,152,-3
fold2_room6_mix018,86,2,149,-3
fold2_room6_mix018,86,4,154,-3
fold2_room6_mix018,87,2,150,-3
fold2_room6_mix018,87,4,156,-2
fold2_room6_mix018,88,2,150,-3
fold2_room6_mix018,88,4,157,-2
fold2_room6_mix018,89,2,151,-3
fold2_room6_mix018,89,4,158,-2
fold2_room6_mix018,90,2,152,-3
fold2_room6_mix018,90,4,159,-2
fold2_room6_mix018,91,2,153,-3
fold2_room6_mix018,91,4,161,-2
fold2_room6_mix018,92,2,153,-3
fold2_room6_mix018,92,4,162,-2
fold2_room6_mix018,93,2,153,-3
fold2_room6_mix018,93,4,162,-2
fold2_room6_mix018,94,2,153,-2
fold2_room6_mix018,94,4,163,-2
fold2_room6_mix018,95,2,153,-2
fold2_room6_mix018,95,4,164,-2
fold2_room6_mix018,96,2,153,-2
fold2_room6_mix018,96,4,165,-2
fold2_room6_mix018,97,2,153,-2
fold2_room6_mix018,97,4,165,-2
fold2_room6_mix018,98,2,154,-2
fold2_room6_mix018,98,4,165,-2
fold2_room6_mix018,99,2,155,-2
fold2_room6_mix018,99,4,165,-2
fold2_room6_mix019,2,4,0,0
fold2_room6_mix019,3,2,13,-1
fold2_room6_mix019,3,4,0,0
fold2_room6_mix019,4,2,14,-1
fold2_room6_mix019,4,4,-1,0
fold2_room6_mix019,5,2,14,-1
fold2_room6_mix019,5,4,0,0
fold2_room6_mix019,6,2,13,-2
fold2_room6_mix019,6,4,0,-1
fold2_room6_mix019,7,2,12,-2
fold2_room6_mix019,7,4,0,-1
fold2_room6_mix019,8,2,12,-2
fold2_room6_mix019,8,4,0,-1
fold2_room6_mix019,9,2,12,-2
fold2_room6_mix019,9,4,0,-1
fold2_room6_mix019,10,2,13,-2
fold2_room6_mix019,10,4,0,-1
fold2_room6_mix019,11,2,13,-2
fold2_room6_mix019,11,4,0,-1
fold2_room6_mix019,12,2,13,-2
fold2_room6_mix019,12,4,0,-1
fold2_room6_mix019,13,2,13,-2
fold2_room6_mix019,13,4,0,0
fold2_room6_mix019,14,2,12,-2
fold2_room6_mix019,14,4,0,0
fold2_room6_mix019,15,2,11,-2
fold2_room6_mix019,15,4,0,0
fold2_room6_mix019,16,2,10,-1
fold2_room6_mix019,16,4,0,-1
fold2_room6_mix019,17,2,9,-1
fold2_room6_mix019,17,4,0,-1
fold2_room6_mix019,18,2,10,-1
fold2_room6_mix019,18,4,0,-1
fold2_room6_mix019,19,2,11,-1
fold2_room6_mix019,19,4,0,-1
fold2_room6_mix019,20,2,12,-1
fold2_room6_mix019,20,4,0,-1
fold2_room6_mix019,21,2,12,-1
fold2_room6_mix019,21,4,0,-1
fold2_room6_mix019,22,2,12,-1
fold2_room6_mix019,22,4,0,-1
fold2_room6_mix019,23,2,11,-1
fold2_room6_mix019,23,4,-1,-1
fold2_room6_mix019,24,2,11,-1
fold2_room6_mix019,24,4,-1,-1
fold2_room6_mix019,25,2,11,-1
fold2_room6_mix019,25,4,-1,-1
fold2_room6_mix019,26,2,10,-1
fold2_room6_mix019,26,4,-1,-1
fold2_room6_mix019,27,2,10,-1
fold2_room6_mix019,27,4,-1,-1
fold2_room6_mix019,28,2,10,-1
fold2_room6_mix019,28,4,-1,-1
fold2_room6_mix019,29,2,11,-1
fold2_room6_mix019,29,4,-1,-1
fold2_room6_mix019,30,2,11,-1
fold2_room6_mix019,30,4,0,-1
fold2_room6_mix019,31,2,11,-1
fold2_room6_mix019,31,4,-1,-1
fold2_room6_mix019,32,2,10,-1
fold2_room6_mix019,32,4,-1,-1
fold2_room6_mix019,33,2,10,-1
fold2_room6_mix019,33,4,-1,-1
fold2_room6_mix019,34,2,9,-1
fold2_room6_mix019,34,4,-1,-1
fold2_room6_mix019,35,2,9,-1
fold2_room6_mix019,35,4,-1,-1
fold2_room6_mix019,36,2,9,-1
fold2_room6_mix019,36,4,-1,-1
fold2_room6_mix019,37,2,9,-1
fold2_room6_mix019,37,4,-1,-1
fold2_room6_mix019,38,2,9,-1
fold2_room6_mix019,38,4,-1,-1
fold2_room6_mix019,39,2,10,-1
fold2_room6_mix019,39,4,-1,-1
fold2_room6_mix019,40,2,10,-1
fold2_room6_mix019,40,4,-2,-1
fold2_room6_mix019,41,2,9,-1
fold2_room6_mix019,41,4,-2,-1
fold2_room6_mix019,42,2,9,-2
fold2_room6_mix019,42,4,-2,-1
fold2_room6_mix019,43,2,8,-2
fold2_room6_mix019,43,4,-2,-1
fold2_room6_mix019,44,2,7,-2
fold2_room6_mix019,44,4,-2,-1
fold2_room6_mix019,45,2,7,-2
fold2_room6_mix019,45,4,-3,-1
fold2_room6_mix019,46,2,6,-2
fold2_room6_mix019,46,4,-3,-1
fold2_room6_mix019,47,2,7,-2
fold2_room6_mix019,47,4,-3,-2
fold2_room6_mix019,48,2,8,-2
fold2_room6_mix019,48,4,-3,-2
fold2_room6_mix019,49,2,8,-2
fold2_room6_mix019,49,4,-2,-2
fold2_room6_mix019,50,2,8,-2
fold2_room6_mix019,50,4,-3,-2
fold2_room6_mix019,51,2,7,-2
fold2_room6_mix019,51,4,-3,-2
fold2_room6_mix019,52,2,6,-2
fold2_room6_mix019,52,4,-3,-2
fold2_room6_mix019,53,2,5,-2
fold2_room6_mix019,53,4,-3,-2
fold2_room6_mix019,54,2,5,-2
fold2_room6_mix019,54,4,-4,-2
fold2_room6_mix019,55,2,5,-2
fold2_room6_mix019,55,4,-4,-2
fold2_room6_mix019,56,2,5,-2
fold2_room6_mix019,56,4,-5,-3
fold2_room6_mix019,57,2,5,-2
fold2_room6_mix019,57,4,-5,-3
fold2_room6_mix019,58,2,5,-2
fold2_room6_mix019,58,4,-5,-3
fold2_room6_mix019,59,2,5,-2
fold2_room6_mix019,59,4,-5,-3
fold2_room6_mix019,60,2,3,-1
fold2_room6_mix019,60,4,-5,-4
fold2_room6_mix019,61,2,1,-1
fold2_room6_mix019,61,4,-6,-4
fold2_room6_mix019,62,2,0,-1
fold2_room6_mix019,62,4,-6,-5
fold2_room6_mix019,63,2,0,-1
fold2_room6_mix019,63,4,-7,-5
fold2_room6_mix019,64,2,-1,-1
fold2_room6_mix019,64,4,-7,-5
fold2_room6_mix019,65,2,-2,-2
fold2_room6_mix019,65,4,-8,-5
fold2_room6_mix019,66,2,-3,-2
fold2_room6_mix019,66,4,-9,-5
fold2_room6_mix019,67,2,-4,-2
fold2_room6_mix019,67,4,-10,-6
fold2_room6_mix019,68,2,-6,-2
fold2_room6_mix019,68,4,-10,-6
fold2_room6_mix019,69,2,-8,-1
fold2_room6_mix019,69,4,-12,-7
fold2_room6_mix019,70,2,-11,-1
fold2_room6_mix019,70,4,-13,-8
fold2_room6_mix019,71,2,-14,-1
fold2_room6_mix019,71,4,-15,-9
fold2_room6_mix019,72,2,-15,-1
fold2_room6_mix019,72,4,-17,-10
fold2_room6_mix019,73,2,-14,-2
fold2_room6_mix019,73,4,-19,-10
fold2_room6_mix019,74,2,-13,-2
fold2_room6_mix019,74,4,-21,-11
fold2_room6_mix019,75,2,-13,-2
fold2_room6_mix019,75,4,-23,-12
fold2_room6_mix019,76,2,-14,-2
fold2_room6_mix019,76,4,-25,-12
fold2_room6_mix019,77,2,-16,-2
fold2_room6_mix019,77,4,-27,-12
fold2_room6_mix019,78,2,-18,-2
fold2_room6_mix019,78,4,-30,-13
fold2_room6_mix019,79,2,-22,-2
fold2_room6_mix019,79,4,-36,-15
fold2_room6_mix019,80,2,-27,-3
fold2_room6_mix019,80,4,-43,-17
fold2_room6_mix019,81,2,-35,-3
fold2_room6_mix019,81,4,-50,-20
fold2_room6_mix019,82,2,-57,-4
fold2_room6_mix019,82,4,-63,-21
fold2_room6_mix019,83,2,-83,-5
fold2_room6_mix019,83,4,-78,-21
fold2_room6_mix019,84,2,-104,-5
fold2_room6_mix019,84,4,-95,-21
fold2_room6_mix019,85,2,-116,-5
fold2_room6_mix019,85,4,-111,-18
fold2_room6_mix019,86,2,-123,-5
fold2_room6_mix019,86,4,-125,-14
fold2_room6_mix019,87,2,-129,-5
fold2_room6_mix019,87,4,-138,-10
fold2_room6_mix019,88,2,-133,-5
fold2_room6_mix019,88,4,-148,-7
fold2_room6_mix019,89,2,-136,-5
fold2_room6_mix019,89,4,-153,-6
fold2_room6_mix019,90,2,-139,-4
fold2_room6_mix019,90,4,-158,-6
fold2_room6_mix019,91,2,-142,-4
fold2_room6_mix019,91,4,-161,-5
fold2_room6_mix019,92,2,-143,-4
fold2_room6_mix019,92,4,-163,-4
fold2_room6_mix019,93,2,-143,-4
fold2_room6_mix019,93,4,-164,-4
fold2_room6_mix019,94,2,-144,-3
fold2_room6_mix019,94,4,-165,-4
fold2_room6_mix019,95,2,-146,-3
fold2_room6_mix019,95,4,-166,-3
fold2_room6_mix019,96,2,-149,-3
fold2_room6_mix019,96,4,-167,-3
fold2_room6_mix019,97,2,-151,-3
fold2_room6_mix019,97,4,-168,-2
fold2_room6_mix019,98,2,-154,-3
fold2_room6_mix019,98,4,-169,-2
fold2_room6_mix019,99,2,-158,-2
fold2_room6_mix019,99,4,-170,-2
fold2_room6_mix020,0,2,-58,-2
fold2_room6_mix020,0,4,-87,-20
fold2_room6_mix020,1,2,-58,-2
fold2_room6_mix020,1,4,-87,-20
fold2_room6_mix020,2,2,-56,-2
fold2_room6_mix020,2,4,-87,-20
fold2_room6_mix020,3,2,-54,-3
fold2_room6_mix020,3,4,-86,-20
fold2_room6_mix020,4,2,-52,-3
fold2_room6_mix020,4,4,-86,-20
fold2_room6_mix020,5,2,-51,-3
fold2_room6_mix020,5,4,-86,-20
fold2_room6_mix020,6,2,-52,-3
fold2_room6_mix020,6,4,-88,-20
fold2_room6_mix020,7,2,-53,-3
fold2_room6_mix020,7,4,-89,-20
fold2_room6_mix020,8,2,-53,-3
fold2_room6_mix020,8,4,-89,-20
fold2_room6_mix020,9,2,-52,-3
fold2_room6_mix020,9,4,-88,-20
fold2_room6_mix020,10,2,-51,-3
fold2_room6_mix020,10,4,-87,-20
fold2_room6_mix020,11,2,-51,-3
fold2_room6_mix020,11,4,-87,-19
fold2_room6_mix020,12,2,-50,-3
fold2_room6_mix020,12,4,-87,-19
fold2_room6_mix020,13,2,-50,-3
fold2_room6_mix020,13,4,-88,-20
fold2_room6_mix020,14,2,-50,-3
fold2_room6_mix020,14,4,-88,-20
fold2_room6_mix020,15,2,-51,-3
fold2_room6_mix020,15,4,-88,-20
fold2_room6_mix020,16,2,-51,-4
fold2_room6_mix020,16,4,-89,-21
fold2_room6_mix020,17,2,-53,-4
fold2_room6_mix020,17,4,-89,-21
fold2_room6_mix020,18,2,-54,-4
fold2_room6_mix020,18,4,-89,-21
fold2_room6_mix020,19,2,-54,-3
fold2_room6_mix020,19,4,-88,-20
fold2_room6_mix020,20,2,-55,-3
fold2_room6_mix020,20,4,-87,-19
fold2_room6_mix020,21,2,-55,-3
fold2_room6_mix020,21,4,-87,-19
fold2_room6_mix020,22,2,-55,-3
fold2_room6_mix020,22,4,-88,-19
fold2_room6_mix020,23,2,-56,-3
fold2_room6_mix020,23,4,-88,-19
fold2_room6_mix020,24,2,-57,-3
fold2_room6_mix020,24,4,-89,-19
fold2_room6_mix020,25,2,-58,-4
fold2_room6_mix020,25,4,-90,-19
fold2_room6_mix020,26,2,-60,-4
fold2_room6_mix020,26,4,-91,-19
fold2_room6_mix020,27,2,-61,-4
fold2_room6_mix020,27,4,-92,-19
fold2_room6_mix020,28,2,-62,-4
fold2_room6_mix020,28,4,-90,-18
fold2_room6_mix020,29,2,-62,-3
fold2_room6_mix020,29,4,-89,-18
fold2_room6_mix020,30,2,-62,-3
fold2_room6_mix020,30,4,-88,-17
fold2_room6_mix020,31,2,-62,-3
fold2_room6_mix020,31,4,-89,-17
fold2_room6_mix020,32,2,-63,-3
fold2_room6_mix020,32,4,-90,-17
fold2_room6_mix020,33,2,-63,-3
fold2_room6_mix020,33,4,-90,-17
fold2_room6_mix020,34,2,-65,-3
fold2_room6_mix020,34,4,-91,-17
fold2_room6_mix020,35,2,-66,-4
fold2_room6_mix020,35,4,-92,-17
fold2_room6_mix020,36,2,-68,-4
fold2_room6_mix020,36,4,-92,-17
fold2_room6_mix020,37,2,-69,-4
fold2_room6_mix020,37,4,-92,-17
fold2_room6_mix020,38,2,-68,-3
fold2_room6_mix020,38,4,-91,-16
fold2_room6_mix020,39,2,-67,-3
fold2_room6_mix020,39,4,-91,-16
fold2_room6_mix020,40,2,-67,-3
fold2_room6_mix020,40,4,-91,-16
fold2_room6_mix020,41,2,-68,-3
fold2_room6_mix020,41,4,-92,-16
fold2_room6_mix020,42,2,-69,-3
fold2_room6_mix020,42,4,-93,-16
fold2_room6_mix020,43,2,-71,-3
fold2_room6_mix020,43,4,-94,-16
fold2_room6_mix020,44,2,-74,-3
fold2_room6_mix020,44,4,-94,-16
fold2_room6_mix020,45,2,-77,-4
fold2_room6_mix020,45,4,-95,-16
fold2_room6_mix020,46,2,-79,-4
fold2_room6_mix020,46,4,-95,-16
fold2_room6_mix020,47,2,-80,-4
fold2_room6_mix020,47,4,-94,-16
fold2_room6_mix020,48,2,-80,-4
fold2_room6_mix020,48,4,-93,-15
fold2_room6_mix020,49,2,-81,-3
fold2_room6_mix020,49,4,-92,-15
fold2_room6_mix020,50,2,-82,-3
fold2_room6_mix020,50,4,-93,-15
fold2_room6_mix020,51,2,-85,-3
fold2_room6_mix020,51,4,-94,-15
fold2_room6_mix020,52,2,-87,-3
fold2_room6_mix020,52,4,-95,-15
fold2_room6_mix020,53,2,-88,-3
fold2_room6_mix020,53,4,-96,-15
fold2_room6_mix020,54,2,-88,-4
fold2_room6_mix020,54,4,-97,-15
fold2_room6_mix020,55,2,-88,-4
fold2_room6_mix020,55,4,-98,-15
fold2_room6_mix020,56,2,-89,-4
fold2_room6_mix020,56,4,-98,-15
fold2_room6_mix020,57,2,-90,-3
fold2_room6_mix020,57,4,-97,-14
fold2_room6_mix020,58,2,-90,-3
fold2_room6_mix020,58,4,-96,-14
fold2_room6_mix020,59,2,-91,-3
fold2_room6_mix020,59,4,-96,-13
fold2_room6_mix020,60,2,-92,-3
fold2_room6_mix020,60,4,-97,-13
fold2_room6_mix020,61,2,-93,-3
fold2_room6_mix020,61,4,-98,-14
fold2_room6_mix020,62,2,-93,-3
fold2_room6_mix020,62,4,-98,-13
fold2_room6_mix020,63,2,-94,-3
fold2_room6_mix020,63,4,-99,-13
fold2_room6_mix020,64,2,-95,-3
fold2_room6_mix020,64,4,-100,-13
fold2_room6_mix020,65,2,-96,-3
fold2_room6_mix020,65,4,-101,-13
fold2_room6_mix020,66,2,-96,-3
fold2_room6_mix020,66,4,-101,-13
fold2_room6_mix020,67,2,-97,-3
fold2_room6_mix020,67,4,-100,-13
fold2_room6_mix020,68,2,-97,-3
fold2_room6_mix020,68,4,-100,-13
fold2_room6_mix020,69,2,-98,-3
fold2_room6_mix020,69,4,-100,-13
fold2_room6_mix020,70,2,-98,-3
fold2_room6_mix020,70,4,-101,-12
fold2_room6_mix020,71,2,-99,-3
fold2_room6_mix020,71,4,-101,-12
fold2_room6_mix020,72,2,-99,-3
fold2_room6_mix020,72,4,-102,-12
fold2_room6_mix020,73,2,-99,-3
fold2_room6_mix020,73,4,-104,-12
fold2_room6_mix020,74,2,-99,-3
fold2_room6_mix020,74,4,-106,-12
fold2_room6_mix020,75,2,-99,-3
fold2_room6_mix020,75,4,-107,-12
fold2_room6_mix020,76,2,-99,-3
fold2_room6_mix020,76,4,-107,-12
fold2_room6_mix020,77,2,-99,-3
fold2_room6_mix020,77,4,-107,-12
fold2_room6_mix020,78,2,-99,-3
fold2_room6_mix020,78,4,-106,-12
fold2_room6_mix020,79,2,-99,-3
fold2_room6_mix020,79,4,-107,-12
fold2_room6_mix020,80,2,-99,-3
fold2_room6_mix020,80,4,-107,-12
fold2_room6_mix020,81,2,-99,-3
fold2_room6_mix020,81,4,-108,-12
fold2_room6_mix020,82,2,-99,-3
fold2_room6_mix020,82,4,-108,-11
fold2_room6_mix020,83,2,-100,-3
fold2_room6_mix020,83,4,-109,-11
fold2_room6_mix020,84,2,-100,-3
fold2_room6_mix020,84,4,-110,-11
fold2_room6_mix020,85,2,-100,-3
fold2_room6_mix020,85,4,-110,-11
fold2_room6_mix020,86,2,-99,-3
fold2_room6_mix020,86,4,-110,-11
fold2_room6_mix020,87,2,-99,-3
fold2_room6_mix020,87,4,-110,-11
fold2_room6_mix020,88,2,-99,-3
fold2_room6_mix020,88,4,-110,-11
fold2_room6_mix020,89,2,-99,-3
fold2_room6_mix020,89,4,-110,-11
fold2_room6_mix020,90,2,-99,-3
fold2_room6_mix020,90,4,-110,-10
fold2_room6_mix020,91,2,-99,-3
fold2_room6_mix020,91,4,-110,-10
fold2_room6_mix020,92,2,-98,-3
fold2_room6_mix020,92,4,-112,-10
fold2_room6_mix020,93,2,-98,-3
fold2_room6_mix020,93,4,-113,-10
fold2_room6_mix020,94,2,-98,-3
fold2_room6_mix020,94,4,-114,-10
fold2_room6_mix020,95,2,-98,-3
fold2_room6_mix020,95,4,-112,-10
fold2_room6_mix020,96,2,-97,-2
fold2_room6_mix020,96,4,-111,-10
fold2_room6_mix020,97,2,-97,-2
fold2_room6_mix020,97,4,-109,-10
fold2_room6_mix020,98,2,-99,-2
fold2_room6_mix020,98,4,-111,-10
fold2_room6_mix020,99,2,-101,-2
fold2_room6_mix020,99,4,-114,-9
fold9_room1_mix001,31,0,155,-1
fold9_room1_mix001,32,0,153,-1
fold9_room1_mix001,33,0,149,-1
fold9_room1_mix001,34,0,149,-1
fold9_room1_mix001,35,0,148,-1
fold9_room1_mix001,36,0,147,-1
fold9_room1_mix001,37,0,145,-1
fold9_room1_mix001,38,0,143,-1
fold9_room1_mix001,39,0,141,-1
fold9_room1_mix001,40,0,139,-1
fold9_room1_mix001,41,0,136,-1
fold9_room1_mix001,42,0,134,-1
fold9_room1_mix001,43,0,130,-1
fold9_room1_mix001,44,0,124,-2
fold9_room1_mix001,45,0,118,-2
fold9_room1_mix001,46,0,112,-2
fold9_room1_mix001,47,0,107,-2
fold9_room1_mix001,48,0,101,-2
fold9_room1_mix001,49,0,96,-2
fold9_room1_mix001,50,0,92,-2
fold9_room1_mix001,51,0,89,-2
fold9_room1_mix001,52,0,86,-2
fold9_room1_mix001,53,0,80,-2
fold9_room1_mix001,54,0,73,-2
fold9_room1_mix001,55,0,66,-2
fold9_room1_mix001,56,0,62,-2
fold9_room1_mix001,57,0,59,-2
fold9_room1_mix001,58,0,57,-2
fold9_room1_mix001,59,0,54,-2
fold9_room1_mix001,60,0,51,-1
fold9_room1_mix001,61,0,48,-1
fold9_room1_mix001,62,0,45,-1
fold9_room1_mix001,63,0,42,-1
fold9_room1_mix001,64,0,40,-1
fold9_room1_mix001,65,0,39,-1
fold9_room1_mix001,66,0,37,-1
fold9_room1_mix001,67,0,35,-1
fold9_room1_mix001,68,0,32,-1
fold9_room1_mix001,69,0,30,-1
fold9_room1_mix001,70,0,27,-1
fold9_room1_mix002,31,0,-149,-1
fold9_room1_mix002,32,0,-146,-1
fold9_room1_mix002,33,0,-143,-1
fold9_room1_mix002,34,0,-143,-1
fold9_room1_mix002,35,0,-143,-1
fold9_room1_mix002,36,0,-143,-1
fold9_room1_mix002,37,0,-142,-1
fold9_room1_mix002,38,0,-139,-1
fold9_room1_mix002,39,0,-136,-1
fold9_room1_mix002,40,0,-130,-2
fold9_room1_mix002,41,0,-122,-2
fold9_room1_mix002,42,0,-114,-2
fold9_room1_mix002,43,0,-107,-2
fold9_room1_mix002,44,0,-104,-2
fold9_room1_mix002,45,0,-102,-2
fold9_room1_mix002,46,0,-99,-2
fold9_room1_mix002,47,0,-97,-2
fold9_room1_mix002,48,0,-96,-2
fold9_room1_mix002,49,0,-94,-2
fold9_room1_mix002,50,0,-91,-2
fold9_room1_mix002,51,0,-87,-2
fold9_room1_mix002,52,0,-84,-2
fold9_room1_mix002,53,0,-80,-2
fold9_room1_mix002,54,0,-76,-2
fold9_room1_mix002,55,0,-72,-2
fold9_room1_mix002,56,0,-68,-2
fold9_room1_mix002,57,0,-62,-2
fold9_room1_mix002,58,0,-57,-1
fold9_room1_mix002,59,0,-53,-1
fold9_room1_mix002,60,0,-53,-1
fold9_room1_mix002,61,0,-52,-1
fold9_room1_mix002,62,0,-52,-1
fold9_room1_mix002,63,0,-50,-1
fold9_room1_mix002,64,0,-49,-1
fold9_room1_mix002,65,0,-48,-1
fold9_room1_mix002,66,0,-47,-1
fold9_room1_mix002,67,0,-44,-1
fold9_room1_mix002,68,0,-41,-1
fold9_room1_mix002,69,0,-39,-1
fold9_room1_mix003,30,0,34,-1
fold9_room1_mix003,31,0,36,-1
fold9_room1_mix003,32,0,37,-1
fold9_room1_mix003,33,0,39,-1
fold9_room1_mix003,34,0,40,-1
fold9_room1_mix003,35,0,41,-1
fold9_room1_mix003,36,0,42,-2
fold9_room1_mix003,37,0,44,-2
fold9_room1_mix003,38,0,45,-2
fold9_room1_mix003,39,0,47,-2
fold9_room1_mix003,40,0,51,-2
fold9_room1_mix003,41,0,57,-2
fold9_room1_mix003,42,0,62,-2
fold9_room1_mix003,43,0,68,-2
fold9_room1_mix003,44,0,72,-2
fold9_room1_mix003,45,0,76,-2
fold9_room1_mix003,46,0,81,-2
fold9_room1_mix003,47,0,85,-2
fold9_room1_mix003,48,0,89,-2
fold9_room1_mix003,49,0,93,-2
fold9_room1_mix003,50,0,96,-2
fold9_room1_mix003,51,0,98,-2
fold9_room1_mix003,52,0,101,-2
fold9_room1_mix003,53,0,105,-2
fold9_room1_mix003,54,0,109,-2
fold9_room1_mix003,55,0,114,-2
fold9_room1_mix003,56,0,119,-2
fold9_room1_mix003,57,0,123,-2
fold9_room1_mix003,58,0,128,-2
fold9_room1_mix003,59,0,131,-2
fold9_room1_mix003,60,0,132,-2
fold9_room1_mix003,61,0,133,-1
fold9_room1_mix003,62,0,135,-1
fold9_room1_mix003,63,0,138,-1
fold9_room1_mix003,64,0,142,-1
fold9_room1_mix003,65,0,145,-1
fold9_room1_mix003,66,0,147,-1
fold9_room1_mix003,67,0,148,-1
fold9_room1_mix003,68,0,150,-1
fold9_room1_mix003,69,0,153,-1
fold9_room1_mix003,70,0,156,-1
fold9_room1_mix004,31,0,-27,-1
fold9_room1_mix004,32,0,-29,-1
fold9_room1_mix004,33,0,-32,-1
fold9_room1_mix004,34,0,-33,-1
fold9_room1_mix004,35,0,-34,-1
fold9_room1_mix004,36,0,-36,-1
fold9_room1_mix004,37,0,-40,-1
fold9_room1_mix004,38,0,-44,-1
fold9_room1_mix004,39,0,-49,-1
fold9_room1_mix004,40,0,-52,-1
fold9_room1_mix004,41,0,-54,-2
fold9_room1_mix004,42,0,-56,-2
fold9_room1_mix004,43,0,-59,-2
fold9_room1_mix004,44,0,-64,-2
fold9_room1_mix004,45,0,-69,-2
fold9_room1_mix004,46,0,-74,-2
fold9_room1_mix004,47,0,-80,-2
fold9_room1_mix004,48,0,-86,-3
fold9_room1_mix004,49,0,-92,-3
fold9_room1_mix004,50,0,-95,-3
fold9_room1_mix004,51,0,-98,-2
fold9_room1_mix004,52,0,-100,-2
fold9_room1_mix004,53,0,-106,-2
fold9_room1_mix004,54,0,-113,-2
fold9_room1_mix004,55,0,-119,-2
fold9_room1_mix004,56,0,-124,-2
fold9_room1_mix004,57,0,-128,-2
fold9_room1_mix004,58,0,-132,-2
fold9_room1_mix004,59,0,-135,-2
fold9_room1_mix004,60,0,-136,-1
fold9_room1_mix004,61,0,-138,-1
fold9_room1_mix004,62,0,-140,-1
fold9_room1_mix004,63,0,-144,-1
fold9_room1_mix004,64,0,-147,-1
fold9_room1_mix004,65,0,-149,-1
fold9_room1_mix004,66,0,-151,-1
fold9_room1_mix004,67,0,-152,0
fold9_room1_mix004,68,0,-153,0
fold9_room1_mix004,69,0,-156,0
fold9_room1_mix004,70,0,-161,0
fold9_room1_mix005,30,0,26,-1
fold9_room1_mix005,31,0,24,0
fold9_room1_mix005,32,0,26,0
fold9_room1_mix005,33,0,29,0
fold9_room1_mix005,34,0,31,-1
fold9_room1_mix005,35,0,33,-1
fold9_room1_mix005,36,0,36,-1
fold9_room1_mix005,37,0,39,-1
fold9_room1_mix005,38,0,41,-1
fold9_room1_mix005,39,0,44,-1
fold9_room1_mix005,40,0,46,-1
fold9_room1_mix005,41,0,49,-1
fold9_room1_mix005,42,0,52,-1
fold9_room1_mix005,43,0,56,-2
fold9_room1_mix005,44,0,60,-2
fold9_room1_mix005,45,0,65,-2
fold9_room1_mix005,46,0,69,-2
fold9_room1_mix005,47,0,76,-2
fold9_room1_mix005,48,0,84,-2
fold9_room1_mix005,49,0,92,-2
fold9_room1_mix005,50,0,94,-2
fold9_room1_mix005,51,0,94,-2
fold9_room1_mix005,52,0,95,-2
fold9_room1_mix005,53,0,102,-2
fold9_room1_mix005,54,0,111,-2
fold9_room1_mix005,55,0,119,-1
fold9_room1_mix005,56,0,125,-1
fold9_room1_mix005,57,0,128,-1
fold9_room1_mix005,58,0,131,-1
fold9_room1_mix005,59,0,134,-1
fold9_room1_mix005,60,0,136,-1
fold9_room1_mix005,61,0,139,-1
fold9_room1_mix005,62,0,141,-1
fold9_room1_mix005,63,0,142,-1
fold9_room1_mix005,64,0,144,-1
fold9_room1_mix005,65,0,146,-1
fold9_room1_mix005,66,0,149,0
fold9_room1_mix005,67,0,151,0
fold9_room1_mix005,68,0,152,0
fold9_room1_mix005,69,0,156,0
fold9_room1_mix005,70,0,160,0
fold9_room1_mix006,31,0,-165,0
fold9_room1_mix006,32,0,-162,0
fold9_room1_mix006,33,0,-157,-1
fold9_room1_mix006,34,0,-157,-1
fold9_room1_mix006,35,0,-157,-1
fold9_room1_mix006,36,0,-157,-1
fold9_room1_mix006,37,0,-155,-1
fold9_room1_mix006,38,0,-151,-1
fold9_room1_mix006,39,0,-148,-1
fold9_room1_mix006,40,0,-145,-1
fold9_room1_mix006,41,0,-143,-1
fold9_room1_mix006,42,0,-140,-2
fold9_room1_mix006,43,0,-136,-2
fold9_room1_mix006,44,0,-128,-2
fold9_room1_mix006,45,0,-121,-2
fold9_room1_mix006,46,0,-114,-2
fold9_room1_mix006,47,0,-109,-2
fold9_room1_mix006,48,0,-103,-3
fold9_room1_mix006,49,0,-97,-3
fold9_room1_mix006,50,0,-88,-2
fold9_room1_mix006,51,0,-79,-2
fold9_room1_mix006,52,0,-71,-2
fold9_room1_mix006,53,0,-65,-2
fold9_room1_mix006,54,0,-60,-2
fold9_room1_mix006,55,0,-55,-2
fold9_room1_mix006,56,0,-49,-1
fold9_room1_mix006,57,0,-41,-1
fold9_room1_mix006,58,0,-34,-1
fold9_room1_mix006,59,0,-28,-1
fold9_room1_mix006,60,0,-28,-1
fold9_room1_mix006,61,0,-29,-1
fold9_room1_mix006,62,0,-28,-1
fold9_room1_mix006,63,0,-24,-1
fold9_room1_mix006,64,0,-21,-1
fold9_room1_mix006,65,0,-19,-1
fold9_room1_mix006,66,0,-19,-1
fold9_room1_mix006,67,0,-19,-1
fold9_room1_mix006,68,0,-19,0
fold9_room1_mix006,69,0,-16,0
fold9_room1_mix006,70,0,-13,0
fold9_room1_mix007,31,0,18,-1
fold9_room1_mix007,32,0,19,-1
fold9_room1_mix007,33,0,22,-1
fold9_room1_mix007,34,0,23,-1
fold9_room1_mix007,35,0,23,-1
fold9_room1_mix007,36,0,24,-1
fold9_room1_mix007,37,0,27,-1
fold9_room1_mix007,38,0,29,-1
fold9_room1_mix007,39,0,33,-1
fold9_room1_mix007,40,0,35,-1
fold9_room1_mix007,41,0,37,-1
fold9_room1_mix007,42,0,39,-1
fold9_room1_mix007,43,0,42,-2
fold9_room1_mix007,44,0,49,-2
fold9_room1_mix007,45,0,56,-2
fold9_room1_mix007,46,0,63,-2
fold9_room1_mix007,47,0,70,-2
fold9_room1_mix007,48,0,77,-2
fold9_room1_mix007,49,0,85,-2
fold9_room1_mix007,50,0,93,-2
fold9_room1_mix007,51,0,101,-2
fold9_room1_mix007,52,0,109,-2
fold9_room1_mix007,53,0,117,-2
fold9_room1_mix007,54,0,125,-2
fold9_room1_mix007,55,0,133,-1
fold9_room1_mix007,56,0,140,-1
fold9_room1_mix007,57,0,144,-1
fold9_room1_mix007,58,0,147,-1
fold9_room1_mix007,59,0,150,-1
fold9_room1_mix007,60,0,152,-1
fold9_room1_mix007,61,0,153,-1
fold9_room1_mix007,62,0,155,0
fold9_room1_mix007,63,0,157,0
fold9_room1_mix007,64,0,159,0
fold9_room1_mix007,65,0,161,0
fold9_room1_mix007,66,0,160,0
fold9_room1_mix007,67,0,158,0
fold9_room1_mix007,68,0,157,0
fold9_room1_mix007,69,0,160,0
fold9_room1_mix007,70,0,166,0
fold9_room1_mix008,31,0,-161,0
fold9_room1_mix008,32,0,-157,0
fold9_room1_mix008,33,0,-152,0
fold9_room1_mix008,34,0,-151,-1
fold9_room1_mix008,35,0,-150,-1
fold9_room1_mix008,36,0,-149,-1
fold9_room1_mix008,37,0,-146,-1
fold9_room1_mix008,38,0,-143,-1
fold9_room1_mix008,39,0,-141,-1
fold9_room1_mix008,40,0,-137,-1
fold9_room1_mix008,41,0,-133,-2
fold9_room1_mix008,42,0,-129,-2
fold9_room1_mix008,43,0,-124,-2
fold9_room1_mix008,44,0,-120,-2
fold9_room1_mix008,45,0,-115,-2
fold9_room1_mix008,46,0,-110,-3
fold9_room1_mix008,47,0,-105,-3
fold9_room1_mix008,48,0,-100,-3
fold9_room1_mix008,49,0,-94,-3
fold9_room1_mix008,50,0,-91,-3
fold9_room1_mix008,51,0,-88,-3
fold9_room1_mix008,52,0,-84,-3
fold9_room1_mix008,53,0,-78,-3
fold9_room1_mix008,54,0,-71,-2
fold9_room1_mix008,55,0,-64,-2
fold9_room1_mix008,56,0,-59,-2
fold9_room1_mix008,57,0,-54,-2
fold9_room1_mix008,58,0,-51,-1
fold9_room1_mix008,59,0,-48,-1
fold9_room1_mix008,60,0,-45,-1
fold9_room1_mix008,61,0,-43,-1
fold9_room1_mix008,62,0,-40,-1
fold9_room1_mix008,63,0,-35,-1
fold9_room1_mix008,64,0,-31,-1
fold9_room1_mix008,65,0,-27,-1
fold9_room1_mix008,66,0,-26,-1
fold9_room1_mix008,67,0,-26,-1
fold9_room1_mix008,68,0,-26,-1
fold9_room1_mix008,69,0,-23,-1
fold9_room1_mix008,70,0,-19,0
fold9_room1_mix009,30,1,20,-1
fold9_room1_mix009,31,1,23,-1
fold9_room1_mix009,32,1,25,-1
fold9_room1_mix009,33,1,28,-1
fold9_room1_mix009,34,1,29,-1
fold9_room1_mix009,35,1,30,-1
fold9_room1_mix009,36,1,31,-1
fold9_room1_mix009,37,1,33,-1
fold9_room1_mix009,38,1,36,-1
fold9_room1_mix009,39,1,39,-1
fold9_room1_mix009,40,1,41,-1
fold9_room1_mix009,41,1,43,-1
fold9_room1_mix009,42,1,45,-1
fold9_room1_mix009,43,1,51,-1
fold9_room1_mix009,44,1,61,-1
fold9_room1_mix009,45,1,69,-2
fold9_room1_mix009,46,1,75,-2
fold9_room1_mix009,47,1,80,-2
fold9_room1_mix009,48,1,84,-2
fold9_room1_mix009,49,1,89,-2
fold9_room1_mix009,50,1,95,-2
fold9_room1_mix009,51,1,100,-2
fold9_room1_mix009,52,1,105,-2
fold9_room1_mix009,53,1,114,-1
fold9_room1_mix009,54,1,125,-1
fold9_room1_mix009,55,1,136,-1
fold9_room1_mix009,56,1,144,-1
fold9_room1_mix009,57,1,145,-1
fold9_room1_mix009,58,1,146,-1
fold9_room1_mix009,59,1,146,-1
fold9_room1_mix009,60,1,147,-1
fold9_room1_mix009,61,1,148,-1
fold9_room1_mix009,62,1,149,-1
fold9_room1_mix009,63,1,151,-1
fold9_room1_mix009,64,1,154,-1
fold9_room1_mix009,65,1,156,-1
fold9_room1_mix009,66,1,156,-1
fold9_room1_mix009,67,1,156,-1
fold9_room1_mix009,68,1,155,-1
fold9_room1_mix009,69,1,158,0
fold9_room1_mix009,70,1,162,0
fold9_room1_mix010,31,1,-36,-1
fold9_room1_mix010,32,1,-36,-1
fold9_room1_mix010,33,1,-38,-1
fold9_room1_mix010,34,1,-39,-1
fold9_room1_mix010,35,1,-40,-1
fold9_room1_mix010,36,1,-42,-1
fold9_room1_mix010,37,1,-47,-1
fold9_room1_mix010,38,1,-51,-1
fold9_room1_mix010,39,1,-56,-1
fold9_room1_mix010,40,1,-59,-2
fold9_room1_mix010,41,1,-61,-2
fold9_room1_mix010,42,1,-64,-2
fold9_room1_mix010,43,1,-66,-2
fold9_room1_mix010,44,1,-70,-2
fold9_room1_mix010,45,1,-74,-2
fold9_room1_mix010,46,1,-78,-2
fold9_room1_mix010,47,1,-82,-2
fold9_room1_mix010,48,1,-86,-2
fold9_room1_mix010,49,1,-91,-2
fold9_room1_mix010,50,1,-96,-2
fold9_room1_mix010,51,1,-101,-2
fold9_room1_mix010,52,1,-105,-2
fold9_room1_mix010,53,1,-110,-2
fold9_room1_mix010,54,1,-113,-2
fold9_room1_mix010,55,1,-117,-2
fold9_room1_mix010,56,1,-121,-1
fold9_room1_mix010,57,1,-125,-1
fold9_room1_mix010,58,1,-130,-1
fold9_room1_mix010,59,1,-134,-1
fold9_room1_mix010,60,1,-136,-1
fold9_room1_mix010,61,1,-139,-1
fold9_room1_mix010,62,1,-141,-1
fold9_room1_mix010,63,1,-143,-1
fold9_room1_mix010,64,1,-145,-1
fold9_room1_mix010,65,1,-147,-1
fold9_room1_mix010,66,1,-148,-1
fold9_room1_mix010,67,1,-149,-1
fold9_room1_mix010,68,1,-150,-1
fold9_room1_mix010,69,1,-153,0
fold9_room1_mix010,70,1,-155,0
fold9_room1_mix011,31,1,162,0
fold9_room1_mix011,32,1,157,0
fold9_room1_mix011,33,1,153,-1
fold9_room1_mix011,34,1,153,-1
fold9_room1_mix011,35,1,153,-1
fold9_room1_mix011,36,1,154,-1
fold9_room1_mix011,37,1,153,-1
fold9_room1_mix011,38,1,151,-1
fold9_room1_mix011,39,1,148,-1
fold9_room1_mix011,40,1,147,-1
fold9_room1_mix011,41,1,146,-1
fold9_room1_mix011,42,1,146,-1
fold9_room1_mix011,43,1,142,-1
fold9_room1_mix011,44,1,135,-1
fold9_room1_mix011,45,1,128,-1
fold9_room1_mix011,46,1,123,-1
fold9_room1_mix011,47,1,118,-2
fold9_room1_mix011,48,1,112,-2
fold9_room1_mix011,49,1,106,-2
fold9_room1_mix011,50,1,97,-2
fold9_room1_mix011,51,1,87,-2
fold9_room1_mix011,52,1,76,-1
fold9_room1_mix011,53,1,70,-1
fold9_room1_mix011,54,1,66,-1
fold9_room1_mix011,55,1,62,-2
fold9_room1_mix011,56,1,56,-1
fold9_room1_mix011,57,1,49,-1
fold9_room1_mix011,58,1,42,-1
fold9_room1_mix011,59,1,36,-1
fold9_room1_mix011,60,1,34,-1
fold9_room1_mix011,61,1,31,-1
fold9_room1_mix011,62,1,28,-1
fold9_room1_mix011,63,1,27,0
fold9_room1_mix011,64,1,26,0
fold9_room1_mix011,65,1,25,0
fold9_room1_mix011,66,1,24,0
fold9_room1_mix011,67,1,23,0
fold9_room1_mix011,68,1,23,0
fold9_room1_mix011,69,1,20,0
fold9_room1_mix011,70,1,15,0
fold9_room1_mix012,31,1,-23,0
fold9_room1_mix012,32,1,-25,0
fold9_room1_mix012,33,1,-28,0
fold9_room1_mix012,34,1,-30,0
fold9_room1_mix012,35,1,-31,-1
fold9_room1_mix012,36,1,-34,-1
fold9_room1_mix012,37,1,-37,-1
fold9_room1_mix012,38,1,-40,-1
fold9_room1_mix012,39,1,-44,-1
fold9_room1_mix012,40,1,-47,-1
fold9_room1_mix012,41,1,-50,-1
fold9_room1_mix012,42,1,-53,-1
fold9_room1_mix012,43,1,-56,-1
fold9_room1_mix012,44,1,-60,-2
fold9_room1_mix012,45,1,-65,-2
fold9_room1_mix012,46,1,-70,-2
fold9_room1_mix012,47,1,-76,-2
fold9_room1_mix012,48,1,-83,-2
fold9_room1_mix012,49,1,-91,-2
fold9_room1_mix012,50,1,-97,-2
fold9_room1_mix012,51,1,-104,-2
fold9_room1_mix012,52,1,-109,-2
fold9_room1_mix012,53,1,-116,-2
fold9_room1_mix012,54,1,-122,-2
fold9_room1_mix012,55,1,-128,-1
fold9_room1_mix012,56,1,-132,-1
fold9_room1_mix012,57,1,-133,-1
fold9_room1_mix012,58,1,-134,-1
fold9_room1_mix012,59,1,-136,-1
fold9_room1_mix012,60,1,-139,-1
fold9_room1_mix012,61,1,-142,-1
fold9_room1_mix012,62,1,-145,-1
fold9_room1_mix012,63,1,-149,-1
fold9_room1_mix012,64,1,-152,-1
fold9_room1_mix012,65,1,-154,0
fold9_room1_mix012,66,1,-155,0
fold9_room1_mix012,67,1,-156,0
fold9_room1_mix012,68,1,-157,0
fold9_room1_mix012,69,1,-160,0
fold9_room1_mix012,70,1,-162,0
fold9_room1_mix013,32,1,157,0
fold9_room1_mix013,33,1,154,0
fold9_room1_mix013,34,1,153,0
fold9_room1_mix013,35,1,152,-1
fold9_room1_mix013,36,1,150,-1
fold9_room1_mix013,37,1,149,-1
fold9_room1_mix013,38,1,147,-1
fold9_room1_mix013,39,1,144,-1
fold9_room1_mix013,40,1,142,-1
fold9_room1_mix013,41,1,139,-1
fold9_room1_mix013,42,1,136,-1
fold9_room1_mix013,43,1,133,-1
fold9_room1_mix013,44,1,129,-1
fold9_room1_mix013,45,1,125,-1
fold9_room1_mix013,46,1,120,-1
fold9_room1_mix013,47,1,115,-1
fold9_room1_mix013,48,1,110,-1
fold9_room1_mix013,49,1,104,-1
fold9_room1_mix013,50,1,98,-1
fold9_room1_mix013,51,1,90,-2
fold9_room1_mix013,52,1,81,-2
fold9_room1_mix013,53,1,74,-2
fold9_room1_mix013,54,1,70,-2
fold9_room1_mix013,55,1,66,-2
fold9_room1_mix013,56,1,62,-2
fold9_room1_mix013,57,1,57,-2
fold9_room1_mix013,58,1,53,-1
fold9_room1_mix013,59,1,48,-1
fold9_room1_mix013,60,1,44,-1
fold9_room1_mix013,61,1,40,-1
fold9_room1_mix013,62,1,35,-1
fold9_room1_mix013,63,1,32,-1
fold9_room1_mix013,64,1,31,-1
fold9_room1_mix013,65,1,30,-1
fold9_room1_mix013,66,1,29,-1
fold9_room1_mix013,67,1,27,0
fold9_room1_mix013,68,1,25,0
fold9_room1_mix013,69,1,24,0
fold9_room1_mix014,31,1,-24,0
fold9_room1_mix014,32,1,-27,0
fold9_room1_mix014,33,1,-31,0
fold9_room1_mix014,34,1,-33,0
fold9_room1_mix014,35,1,-34,-1
fold9_room1_mix014,36,1,-35,-1
fold9_room1_mix014,37,1,-37,-1
fold9_room1_mix014,38,1,-39,-1
fold9_room1_mix014,39,1,-42,-1
fold9_room1_mix014,40,1,-45,-1
fold9_room1_mix014,41,1,-50,-1
fold9_room1_mix014,42,1,-56,-1
fold9_room1_mix014,43,1,-61,-2
fold9_room1_mix014,44,1,-66,-2
fold9_room1_mix014,45,1,-71,-2
fold9_room1_mix014,46,1,-77,-2
fold9_room1_mix014,47,1,-81,-2
fold9_room1_mix014,48,1,-87,-2
fold9_room1_mix014,49,1,-92,-2
fold9_room1_mix014,50,1,-96,-2
fold9_room1_mix014,51,1,-100,-2
fold9_room1_mix014,52,1,-103,-2
fold9_room1_mix014,53,1,-108,-2
fold9_room1_mix014,54,1,-113,-2
fold9_room1_mix014,55,1,-118,-2
fold9_room1_mix014,56,1,-123,-2
fold9_room1_mix014,57,1,-128,-1
fold9_room1_mix014,58,1,-132,-1
fold9_room1_mix014,59,1,-135,-1
fold9_room1_mix014,60,1,-139,-1
fold9_room1_mix014,61,1,-143,-1
fold9_room1_mix014,62,1,-147,-1
fold9_room1_mix014,63,1,-149,-1
fold9_room1_mix014,64,1,-151,-1
fold9_room1_mix014,65,1,-153,-1
fold9_room1_mix014,66,1,-154,0
fold9_room1_mix014,67,1,-156,0
fold9_room1_mix014,68,1,-158,0
fold9_room1_mix014,69,1,-161,0
fold9_room1_mix014,70,1,-164,0
fold9_room1_mix015,31,1,61,-1
fold9_room1_mix015,32,1,60,-1
fold9_room1_mix015,33,1,58,-1
fold9_room1_mix015,34,1,58,-1
fold9_room1_mix015,35,1,59,-1
fold9_room1_mix015,36,1,61,-1
fold9_room1_mix015,37,1,63,-1
fold9_room1_mix015,38,1,66,-1
fold9_room1_mix015,39,1,69,-1
fold9_room1_mix015,40,1,72,-1
fold9_room1_mix015,41,1,74,-1
fold9_room1_mix015,42,1,77,-1
fold9_room1_mix015,43,1,79,-1
fold9_room1_mix015,44,1,82,-1
fold9_room1_mix015,45,1,84,-1
fold9_room1_mix015,46,1,87,-1
fold9_room1_mix015,47,1,89,-1
fold9_room1_mix015,48,1,91,-1
fold9_room1_mix015,49,1,93,-1
fold9_room1_mix015,50,1,96,-1
fold9_room1_mix015,51,1,99,-1
fold9_room1_mix015,52,1,101,-1
fold9_room1_mix015,53,1,104,-1
fold9_room1_mix015,54,1,106,-1
fold9_room1_mix015,55,1,108,-1
fold9_room1_mix015,56,1,111,-1
fold9_room1_mix015,57,1,115,-1
fold9_room1_mix015,58,1,118,-1
fold9_room1_mix015,59,1,121,-1
fold9_room1_mix015,60,1,121,-1
fold9_room1_mix015,61,1,121,-1
fold9_room1_mix015,62,1,122,-1
fold9_room1_mix015,63,1,128,-1
fold9_room1_mix015,64,1,133,-1
fold9_room1_mix015,65,1,136,-1
fold9_room1_mix015,66,1,138,-1
fold9_room1_mix015,67,1,140,-1
fold9_room1_mix015,68,1,142,-1
fold9_room1_mix015,69,1,144,-1
fold9_room1_mix016,31,1,-150,-1
fold9_room1_mix016,32,1,-149,-1
fold9_room1_mix016,33,1,-146,-1
fold9_room1_mix016,34,1,-145,-1
fold9_room1_mix016,35,1,-144,-1
fold9_room1_mix016,36,1,-143,-1
fold9_room1_mix016,37,1,-142,-1
fold9_room1_mix016,38,1,-139,-1
fold9_room1_mix016,39,1,-137,-1
fold9_room1_mix016,40,1,-132,-1
fold9_room1_mix016,41,1,-127,-2
fold9_room1_mix016,42,1,-122,-2
fold9_room1_mix016,43,1,-117,-2
fold9_room1_mix016,44,1,-115,-2
fold9_room1_mix016,45,1,-112,-2
fold9_room1_mix016,46,1,-109,-2
fold9_room1_mix016,47,1,-105,-2
fold9_room1_mix016,48,1,-99,-2
fold9_room1_mix016,49,1,-94,-2
fold9_room1_mix016,50,1,-90,-2
fold9_room1_mix016,51,1,-86,-2
fold9_room1_mix016,52,1,-83,-2
fold9_room1_mix016,53,1,-79,-2
fold9_room1_mix016,54,1,-76,-2
fold9_room1_mix016,55,1,-73,-2
fold9_room1_mix016,56,1,-70,-2
fold9_room1_mix016,57,1,-68,-2
fold9_room1_mix016,58,1,-65,-2
fold9_room1_mix016,59,1,-63,-2
fold9_room1_mix016,60,1,-61,-2
fold9_room1_mix016,61,1,-58,-2
fold9_room1_mix016,62,1,-57,-2
fold9_room1_mix016,63,1,-56,-1
fold9_room1_mix016,64,1,-56,-1
fold9_room1_mix016,65,1,-55,-1
fold9_room1_mix016,66,1,-51,-1
fold9_room1_mix016,67,1,-46,-1
fold9_room1_mix016,68,1,-42,-1
fold9_room1_mix016,69,1,-40,-1
fold9_room1_mix016,70,1,-38,-1
fold9_room1_mix017,29,2,118,-2
fold9_room1_mix017,30,2,117,-2
fold9_room1_mix017,31,2,115,-2
fold9_room1_mix017,32,2,116,-2
fold9_room1_mix017,33,2,117,-2
fold9_room1_mix017,34,2,116,-2
fold9_room1_mix017,35,2,115,-2
fold9_room1_mix017,36,2,114,-2
fold9_room1_mix017,37,2,114,-2
fold9_room1_mix017,38,2,113,-2
fold9_room1_mix017,39,2,112,-2
fold9_room1_mix017,40,2,112,-2
fold9_room1_mix017,41,2,111,-2
fold9_room1_mix017,42,2,110,-2
fold9_room1_mix017,43,2,109,-3
fold9_room1_mix017,44,2,107,-3
fold9_room1_mix017,45,2,105,-3
fold9_room1_mix017,46,2,103,-3
fold9_room1_mix017,47,2,101,-3
fold9_room1_mix017,48,2,100,-3
fold9_room1_mix017,49,2,98,-3
fold9_room1_mix017,50,2,97,-3
fold9_room1_mix017,51,2,95,-3
fold9_room1_mix017,52,2,94,-3
fold9_room1_mix017,53,2,92,-3
fold9_room1_mix017,54,2,90,-3
fold9_room1_mix017,55,2,88,-3
fold9_room1_mix017,56,2,86,-3
fold9_room1_mix017,57,2,84,-3
fold9_room1_mix017,58,2,82,-3
fold9_room1_mix017,59,2,80,-3
fold9_room1_mix017,60,2,79,-3
fold9_room1_mix017,61,2,78,-3
fold9_room1_mix017,62,2,77,-3
fold9_room1_mix017,63,2,75,-3
fold9_room1_mix017,64,2,74,-3
fold9_room1_mix017,65,2,72,-3
fold9_room1_mix017,66,2,71,-2
fold9_room1_mix017,67,2,71,-2
fold9_room1_mix017,68,2,70,-2
fold9_room1_mix017,69,2,72,-2
fold9_room1_mix017,70,2,74,-2
fold9_room1_mix018,31,2,-116,-3
fold9_room1_mix018,32,2,-117,-2
fold9_room1_mix018,33,2,-120,-3
fold9_room1_mix018,34,2,-120,-3
fold9_room1_mix018,35,2,-119,-3
fold9_room1_mix018,36,2,-118,-3
fold9_room1_mix018,37,2,-116,-3
fold9_room1_mix018,38,2,-114,-3
fold9_room1_mix018,39,2,-111,-3
fold9_room1_mix018,40,2,-109,-3
fold9_room1_mix018,41,2,-109,-3
fold9_room1_mix018,42,2,-108,-3
fold9_room1_mix018,43,2,-108,-3
fold9_room1_mix018,44,2,-106,-3
fold9_room1_mix018,45,2,-105,-3
fold9_room1_mix018,46,2,-104,-3
fold9_room1_mix018,47,2,-102,-3
fold9_room1_mix018,48,2,-101,-3
fold9_room1_mix018,49,2,-100,-3
fold9_room1_mix018,50,2,-98,-3
fold9_room1_mix018,51,2,-96,-3
fold9_room1_mix018,52,2,-94,-3
fold9_room1_mix018,53,2,-91,-3
fold9_room1_mix018,54,2,-89,-3
fold9_room1_mix018,55,2,-87,-3
fold9_room1_mix018,56,2,-84,-3
fold9_room1_mix018,57,2,-81,-3
fold9_room1_mix018,58,2,-78,-3
fold9_room1_mix018,59,2,-76,-3
fold9_room1_mix018,60,2,-74,-3
fold9_room1_mix018,61,2,-73,-3
fold9_room1_mix018,62,2,-71,-3
fold9_room1_mix018,63,2,-70,-3
fold9_room1_mix018,64,2,-68,-3
fold9_room1_mix018,65,2,-67,-3
fold9_room1_mix018,66,2,-66,-3
fold9_room1_mix018,67,2,-66,-3
fold9_room1_mix018,68,2,-65,-3
fold9_room1_mix018,69,2,-67,-2
fold9_room1_mix018,70,2,-69,-3
fold9_room1_mix019,29,2,125,-2
fold9_room1_mix019,30,2,125,-2
fold9_room1_mix019,31,2,124,-2
fold9_room1_mix019,32,2,124,-2
fold9_room1_mix019,33,2,124,-2
fold9_room1_mix019,34,2,123,-2
fold9_room1_mix019,35,2,120,-3
fold9_room1_mix019,36,2,118,-3
fold9_room1_mix019,37,2,116,-3
fold9_room1_mix019,38,2,115,-3
fold9_room1_mix019,39,2,113,-3
fold9_room1_mix019,40,2,112,-3
fold9_room1_mix019,41,2,112,-3
fold9_room1_mix019,42,2,112,-3
fold9_room1_mix019,43,2,111,-3
fold9_room1_mix019,44,2,109,-3
fold9_room1_mix019,45,2,106,-3
fold9_room1_mix019,46,2,104,-3
fold9_room1_mix019,47,2,101,-3
fold9_room1_mix019,48,2,98,-3
fold9_room1_mix019,49,2,95,-3
fold9_room1_mix019,50,2,93,-3
fold9_room1_mix019,51,2,91,-3
fold9_room1_mix019,52,2,89,-3
fold9_room1_mix019,53,2,87,-3
fold9_room1_mix019,54,2,85,-3
fold9_room1_mix019,55,2,83,-3
fold9_room1_mix019,56,2,81,-3
fold9_room1_mix019,57,2,79,-3
fold9_room1_mix019,58,2,77,-3
fold9_room1_mix019,59,2,75,-3
fold9_room1_mix019,60,2,73,-3
fold9_room1_mix019,61,2,71,-3
fold9_room1_mix019,62,2,70,-3
fold9_room1_mix019,63,2,69,-3
fold9_room1_mix019,64,2,67,-3
fold9_room1_mix019,65,2,62,-3
fold9_room1_mix020,28,2,-71,-2
fold9_room1_mix020,29,2,-70,-2
fold9_room1_mix020,30,2,-68,-2
fold9_room1_mix020,31,2,-69,-2
fold9_room1_mix020,32,2,-71,-3
fold9_room1_mix020,33,2,-72,-3
fold9_room1_mix020,34,2,-74,-3
fold9_room1_mix020,35,2,-75,-3
fold9_room1_mix020,36,2,-76,-3
fold9_room1_mix020,37,2,-77,-3
fold9_room1_mix020,38,2,-77,-3
fold9_room1_mix020,39,2,-78,-3
fold9_room1_mix020,40,2,-79,-3
fold9_room1_mix020,41,2,-81,-3
fold9_room1_mix020,42,2,-84,-3
fold9_room1_mix020,43,2,-86,-3
fold9_room1_mix020,44,2,-87,-3
fold9_room1_mix020,45,2,-88,-3
fold9_room1_mix020,46,2,-90,-3
fold9_room1_mix020,47,2,-91,-3
fold9_room1_mix020,48,2,-92,-3
fold9_room1_mix020,49,2,-93,-3
fold9_room1_mix020,50,2,-94,-3
fold9_room1_mix020,51,2,-94,-3
fold9_room1_mix020,52,2,-95,-3
fold9_room1_mix020,53,2,-96,-3
fold9_room1_mix020,54,2,-98,-3
fold9_room1_mix020,55,2,-100,-3
fold9_room1_mix020,56,2,-102,-3
fold9_room1_mix020,57,2,-103,-3
fold9_room1_mix020,58,2,-104,-3
fold9_room1_mix020,59,2,-106,-3
fold9_room1_mix020,60,2,-108,-3
fold9_room1_mix020,61,2,-109,-3
fold9_room1_mix020,62,2,-111,-3
fold9_room1_mix020,63,2,-113,-3
fold9_room1_mix020,64,2,-114,-3
fold9_room1_mix020,65,2,-115,-3
fold9_room1_mix020,66,2,-113,-2
fold9_room1_mix020,67,2,-111,-2
fold9_room1_mix020,68,2,-112,-3
fold9_room1_mix021,28,2,110,-1
fold9_room1_mix021,29,2,112,-1
fold9_room1_mix021,30,2,115,-1
fold9_room1_mix021,31,2,116,-2
fold9_room1_mix021,32,2,118,-2
fold9_room1_mix021,33,2,121,-2
fold9_room1_mix021,34,2,120,-2
fold9_room1_mix021,35,2,119,-2
fold9_room1_mix021,36,2,120,-2
fold9_room1_mix021,37,2,119,-2
fold9_room1_mix021,38,2,116,-2
fold9_room1_mix021,39,2,114,-2
fold9_room1_mix021,40,2,112,-3
fold9_room1_mix021,41,2,112,-3
fold9_room1_mix021,42,2,111,-3
fold9_room1_mix021,43,2,110,-3
fold9_room1_mix021,44,2,109,-3
fold9_room1_mix021,45,2,108,-3
fold9_room1_mix021,46,2,107,-3
fold9_room1_mix021,47,2,105,-3
fold9_room1_mix021,48,2,103,-3
fold9_room1_mix021,49,2,101,-3
fold9_room1_mix021,50,2,99,-3
fold9_room1_mix021,51,2,97,-3
fold9_room1_mix021,52,2,95,-3
fold9_room1_mix021,53,2,93,-3
fold9_room1_mix021,54,2,92,-3
fold9_room1_mix021,55,2,90,-3
fold9_room1_mix021,56,2,88,-3
fold9_room1_mix021,57,2,85,-3
fold9_room1_mix021,58,2,83,-3
fold9_room1_mix021,59,2,81,-3
fold9_room1_mix021,60,2,80,-3
fold9_room1_mix021,61,2,79,-3
fold9_room1_mix021,62,2,78,-3
fold9_room1_mix021,63,2,76,-3
fold9_room1_mix021,64,2,74,-3
fold9_room1_mix021,65,2,72,-3
fold9_room1_mix021,66,2,70,-3
fold9_room1_mix021,67,2,69,-2
fold9_room1_mix021,68,2,69,-2
fold9_room1_mix021,69,2,69,-2
fold9_room1_mix021,70,2,71,-2
fold9_room1_mix021,71,2,72,-2
fold9_room1_mix021,72,2,74,-2
fold9_room1_mix021,73,2,75,-2
fold9_room1_mix022,29,2,-74,-2
fold9_room1_mix022,30,2,-74,-2
fold9_room1_mix022,31,2,-76,-2
fold9_room1_mix022,32,2,-76,-2
fold9_room1_mix022,33,2,-76,-3
fold9_room1_mix022,34,2,-77,-3
fold9_room1_mix022,35,2,-78,-3
fold9_room1_mix022,36,2,-79,-3
fold9_room1_mix022,37,2,-80,-3
fold9_room1_mix022,38,2,-81,-3
fold9_room1_mix022,39,2,-81,-3
fold9_room1_mix022,40,2,-83,-3
fold9_room1_mix022,41,2,-84,-3
fold9_room1_mix022,42,2,-86,-3
fold9_room1_mix022,43,2,-87,-3
fold9_room1_mix022,44,2,-88,-3
fold9_room1_mix022,45,2,-89,-3
fold9_room1_mix022,46,2,-91,-3
fold9_room1_mix022,47,2,-92,-3
fold9_room1_mix022,48,2,-93,-3
fold9_room1_mix022,49,2,-94,-2
fold9_room1_mix022,50,2,-94,-2
fold9_room1_mix022,51,2,-94,-2
fold9_room1_mix022,52,2,-95,-2
fold9_room1_mix022,53,2,-96,-2
fold9_room1_mix022,54,2,-97,-2
fold9_room1_mix022,55,2,-98,-2
fold9_room1_mix022,56,2,-100,-3
fold9_room1_mix022,57,2,-101,-3
fold9_room1_mix022,58,2,-102,-3
fold9_room1_mix022,59,2,-103,-3
fold9_room1_mix022,60,2,-105,-3
fold9_room1_mix022,61,2,-107,-3
fold9_room1_mix022,62,2,-109,-3
fold9_room1_mix022,63,2,-110,-3
fold9_room1_mix022,64,2,-111,-3
fold9_room1_mix022,65,2,-111,-3
fold9_room1_mix022,66,2,-108,-2
fold9_room1_mix022,67,2,-105,-2
fold9_room1_mix023,29,2,44,-2
fold9_room1_mix023,30,2,44,-2
fold9_room1_mix023,31,2,44,-2
fold9_room1_mix023,32,2,43,-3
fold9_room1_mix023,33,2,43,-3
fold9_room1_mix023,34,2,44,-3
fold9_room1_mix023,35,2,46,-3
fold9_room1_mix023,36,2,47,-3
fold9_room1_mix023,37,2,49,-3
fold9_room1_mix023,38,2,52,-3
fold9_room1_mix023,39,2,54,-3
fold9_room1_mix023,40,2,56,-3
fold9_room1_mix023,41,2,57,-3
fold9_room1_mix023,42,2,59,-3
fold9_room1_mix023,43,2,60,-3
fold9_room1_mix023,44,2,62,-3
fold9_room1_mix023,45,2,65,-3
fold9_room1_mix023,46,2,67,-3
fold9_room1_mix023,47,2,71,-3
fold9_room1_mix023,48,2,74,-3
fold9_room1_mix023,49,2,78,-4
fold9_room1_mix023,50,2,83,-4
fold9_room1_mix023,51,2,89,-4
fold9_room1_mix023,52,2,95,-4
fold9_room1_mix023,53,2,99,-4
fold9_room1_mix023,54,2,103,-4
fold9_room1_mix023,55,2,107,-4
fold9_room1_mix023,56,2,111,-4
fold9_room1_mix023,57,2,115,-4
fold9_room1_mix023,58,2,119,-4
fold9_room1_mix023,59,2,122,-4
fold9_room1_mix023,60,2,124,-3
fold9_room1_mix023,61,2,125,-3
fold9_room1_mix023,62,2,127,-3
fold9_room1_mix023,63,2,129,-3
fold9_room1_mix023,64,2,132,-3
fold9_room1_mix023,65,2,135,-2
fold9_room1_mix023,66,2,136,-2
fold9_room1_mix023,67,2,137,-2
fold9_room1_mix023,68,2,137,-2
fold9_room1_mix023,69,2,138,-2
fold9_room1_mix023,70,2,141,-2
fold9_room1_mix024,31,2,-89,-2
fold9_room1_mix024,32,2,-89,-2
fold9_room1_mix024,33,2,-88,-2
fold9_room1_mix024,34,2,-88,-2
fold9_room1_mix024,35,2,-89,-2
fold9_room1_mix024,36,2,-89,-2
fold9_room1_mix024,37,2,-89,-2
fold9_room1_mix024,38,2,-89,-2
fold9_room1_mix024,39,2,-89,-2
fold9_room1_mix024,40,2,-90,-2
fold9_room1_mix024,41,2,-90,-2
fold9_room1_mix024,42,2,-90,-2
fold9_room1_mix024,43,2,-90,-2
fold9_room1_mix024,44,2,-91,-2
fold9_room1_mix024,45,2,-91,-2
fold9_room1_mix024,46,2,-92,-2
fold9_room1_mix024,47,2,-92,-2
fold9_room1_mix024,48,2,-93,-2
fold9_room1_mix024,49,2,-93,-2
fold9_room1_mix024,50,2,-93,-2
fold9_room1_mix024,51,2,-93,-2
fold9_room1_mix024,52,2,-93,-2
fold9_room1_mix024,53,2,-93,-2
fold9_room1_mix024,54,2,-94,-2
fold9_room1_mix024,55,2,-95,-2
fold9_room1_mix024,56,2,-96,-2
fold9_room1_mix024,57,2,-96,-2
fold9_room1_mix024,58,2,-96,-2
fold9_room1_mix024,59,2,-96,-2
fold9_room1_mix024,60,2,-96,-2
fold9_room1_mix024,61,2,-96,-2
fold9_room1_mix024,62,2,-96,-2
fold9_room1_mix024,63,2,-96,-2
fold9_room1_mix024,64,2,-96,-2
fold9_room1_mix024,65,2,-97,-2
fold9_room1_mix024,66,2,-97,-2
fold9_room1_mix024,67,2,-98,-2
fold9_room1_mix024,68,2,-99,-2
fold9_room1_mix024,69,2,-98,-2
fold9_room1_mix024,70,2,-97,-2
fold9_room1_mix024,71,2,-96,-2
fold9_room1_mix024,72,2,-95,-2
fold9_room1_mix024,73,2,-94,-2
fold9_room1_mix025,31,3,154,-1
fold9_room1_mix025,32,3,148,-1
fold9_room1_mix025,33,3,144,-2
fold9_room1_mix025,34,3,144,-2
fold9_room1_mix025,35,3,145,-2
fold9_room1_mix025,36,3,146,-2
fold9_room1_mix025,37,3,144,-2
fold9_room1_mix025,38,3,142,-2
fold9_room1_mix025,39,3,140,-2
fold9_room1_mix025,40,3,137,-2
fold9_room1_mix025,41,3,133,-2
fold9_room1_mix025,42,3,130,-2
fold9_room1_mix025,43,3,128,-3
fold9_room1_mix025,44,3,124,-3
fold9_room1_mix025,45,3,120,-3
fold9_room1_mix025,46,3,116,-3
fold9_room1_mix025,47,3,111,-4
fold9_room1_mix025,48,3,107,-4
fold9_room1_mix025,49,3,102,-4
fold9_room1_mix025,50,3,98,-4
fold9_room1_mix025,51,3,92,-4
fold9_room1_mix025,52,3,87,-4
fold9_room1_mix025,53,3,83,-3
fold9_room1_mix025,54,3,79,-3
fold9_room1_mix025,55,3,74,-3
fold9_room1_mix025,56,3,70,-3
fold9_room1_mix025,57,3,65,-2
fold9_room1_mix025,58,3,60,-2
fold9_room1_mix025,59,3,56,-2
fold9_room1_mix025,60,3,51,-2
fold9_room1_mix025,61,3,47,-2
fold9_room1_mix025,62,3,44,-2
fold9_room1_mix025,63,3,44,-2
fold9_room1_mix025,64,3,44,-2
fold9_room1_mix025,65,3,43,-1
fold9_room1_mix025,66,3,41,-1
fold9_room1_mix025,67,3,38,-1
fold9_room1_mix025,68,3,35,-1
fold9_room1_mix025,69,3,32,-1
fold9_room1_mix025,70,3,30,-1
fold9_room1_mix026,30,3,-44,-2
fold9_room1_mix026,31,3,-49,-2
fold9_room1_mix026,32,3,-52,-2
fold9_room1_mix026,33,3,-53,-2
fold9_room1_mix026,34,3,-54,-2
fold9_room1_mix026,35,3,-55,-2
fold9_room1_mix026,36,3,-57,-3
fold9_room1_mix026,37,3,-59,-3
fold9_room1_mix026,38,3,-61,-3
fold9_room1_mix026,39,3,-63,-3
fold9_room1_mix026,40,3,-66,-3
fold9_room1_mix026,41,3,-69,-3
fold9_room1_mix026,42,3,-72,-3
fold9_room1_mix026,43,3,-75,-3
fold9_room1_mix026,44,3,-78,-3
fold9_room1_mix026,45,3,-80,-3
fold9_room1_mix026,46,3,-83,-3
fold9_room1_mix026,47,3,-87,-3
fold9_room1_mix026,48,3,-91,-3
fold9_room1_mix026,49,3,-95,-3
fold9_room1_mix026,50,3,-96,-3
fold9_room1_mix026,51,3,-97,-3
fold9_room1_mix026,52,3,-98,-3
fold9_room1_mix026,53,3,-101,-3
fold9_room1_mix026,54,3,-106,-3
fold9_room1_mix026,55,3,-110,-3
fold9_room1_mix026,56,3,-113,-3
fold9_room1_mix026,57,3,-115,-3
fold9_room1_mix026,58,3,-117,-3
fold9_room1_mix026,59,3,-119,-3
fold9_room1_mix026,60,3,-122,-3
fold9_room1_mix026,61,3,-125,-3
fold9_room1_mix026,62,3,-127,-3
fold9_room1_mix026,63,3,-128,-3
fold9_room1_mix026,64,3,-129,-2
fold9_room1_mix026,65,3,-131,-2
fold9_room1_mix026,66,3,-132,-2
fold9_room1_mix026,67,3,-134,-2
fold9_room1_mix026,68,3,-136,-2
fold9_room1_mix026,69,3,-137,-2
fold9_room1_mix027,31,3,153,-1
fold9_room1_mix027,32,3,147,-1
fold9_room1_mix027,33,3,143,-1
fold9_room1_mix027,34,3,142,-1
fold9_room1_mix027,35,3,142,-2
fold9_room1_mix027,36,3,142,-2
fold9_room1_mix027,37,3,141,-2
fold9_room1_mix027,38,3,138,-2
fold9_room1_mix027,39,3,135,-2
fold9_room1_mix027,40,3,131,-2
fold9_room1_mix027,41,3,129,-3
fold9_room1_mix027,42,3,127,-3
fold9_room1_mix027,43,3,125,-3
fold9_room1_mix027,44,3,121,-3
fold9_room1_mix027,45,3,117,-3
fold9_room1_mix027,46,3,112,-3
fold9_room1_mix027,47,3,107,-3
fold9_room1_mix027,48,3,102,-3
fold9_room1_mix027,49,3,97,-3
fold9_room1_mix027,50,3,94,-3
fold9_room1_mix027,51,3,91,-3
fold9_room1_mix027,52,3,88,-3
fold9_room1_mix027,53,3,85,-3
fold9_room1_mix027,54,3,82,-3
fold9_room1_mix027,55,3,78,-3
fold9_room1_mix027,56,3,74,-3
fold9_room1_mix027,57,3,68,-3
fold9_room1_mix027,58,3,63,-3
fold9_room1_mix027,59,3,57,-3
fold9_room1_mix027,60,3,54,-2
fold9_room1_mix027,61,3,50,-2
fold9_room1_mix027,62,3,48,-2
fold9_room1_mix027,63,3,48,-2
fold9_room1_mix027,64,3,47,-2
fold9_room1_mix027,65,3,44,-2
fold9_room1_mix027,66,3,37,-1
fold9_room1_mix027,67,3,36,-1
fold9_room1_mix027,68,3,36,-1
fold9_room1_mix027,69,3,34,-1
fold9_room1_mix027,70,3,32,-1
fold9_room1_mix028,31,3,-38,-1
fold9_room1_mix028,32,3,-42,-1
fold9_room1_mix028,33,3,-44,-2
fold9_room1_mix028,34,3,-45,-2
fold9_room1_mix028,35,3,-47,-2
fold9_room1_mix028,36,3,-50,-2
fold9_room1_mix028,37,3,-53,-2
fold9_room1_mix028,38,3,-55,-2
fold9_room1_mix028,39,3,-59,-2
fold9_room1_mix028,40,3,-62,-2
fold9_room1_mix028,41,3,-65,-3
fold9_room1_mix028,42,3,-68,-3
fold9_room1_mix028,43,3,-71,-3
fold9_room1_mix028,44,3,-74,-3
fold9_room1_mix028,45,3,-76,-3
fold9_room1_mix028,46,3,-79,-3
fold9_room1_mix028,47,3,-83,-3
fold9_room1_mix028,48,3,-87,-3
fold9_room1_mix028,49,3,-91,-3
fold9_room1_mix028,50,3,-94,-3
fold9_room1_mix028,51,3,-96,-3
fold9_room1_mix028,52,3,-98,-3
fold9_room1_mix028,53,3,-102,-3
fold9_room1_mix028,54,3,-107,-3
fold9_room1_mix028,55,3,-111,-3
fold9_room1_mix028,56,3,-115,-3
fold9_room1_mix028,57,3,-118,-3
fold9_room1_mix028,58,3,-121,-3
fold9_room1_mix028,59,3,-123,-3
fold9_room1_mix028,60,3,-124,-3
fold9_room1_mix028,61,3,-125,-3
fold9_room1_mix028,62,3,-127,-3
fold9_room1_mix028,63,3,-130,-2
fold9_room1_mix028,64,3,-134,-2
fold9_room1_mix028,65,3,-137,-2
fold9_room1_mix028,66,3,-138,-2
fold9_room1_mix028,67,3,-138,-2
fold9_room1_mix028,68,3,-139,-2
fold9_room1_mix028,69,3,-139,-1
fold9_room1_mix028,70,3,-140,-2
fold9_room1_mix029,30,3,28,-1
fold9_room1_mix029,31,3,35,-1
fold9_room1_mix029,32,3,39,-1
fold9_room1_mix029,33,3,41,-1
fold9_room1_mix029,34,3,44,-1
fold9_room1_mix029,35,3,48,-1
fold9_room1_mix029,36,3,50,-2
fold9_room1_mix029,37,3,51,-2
fold9_room1_mix029,38,3,51,-2
fold9_room1_mix029,39,3,51,-2
fold9_room1_mix029,40,3,54,-2
fold9_room1_mix029,41,3,60,-2
fold9_room1_mix029,42,3,64,-3
fold9_room1_mix029,43,3,68,-3
fold9_room1_mix029,44,3,72,-3
fold9_room1_mix029,45,3,76,-3
fold9_room1_mix029,46,3,81,-3
fold9_room1_mix029,47,3,86,-3
fold9_room1_mix029,48,3,90,-3
fold9_room1_mix029,49,3,94,-3
fold9_room1_mix029,50,3,96,-3
fold9_room1_mix029,51,3,97,-3
fold9_room1_mix029,52,3,98,-3
fold9_room1_mix029,53,3,103,-3
fold9_room1_mix029,54,3,110,-3
fold9_room1_mix029,55,3,116,-3
fold9_room1_mix029,56,3,120,-3
fold9_room1_mix029,57,3,123,-2
fold9_room1_mix029,58,3,127,-2
fold9_room1_mix029,59,3,129,-2
fold9_room1_mix029,60,3,130,-2
fold9_room1_mix029,61,3,132,-2
fold9_room1_mix029,62,3,134,-2
fold9_room1_mix029,63,3,136,-2
fold9_room1_mix029,64,3,138,-2
fold9_room1_mix029,65,3,139,-2
fold9_room1_mix029,66,3,140,-1
fold9_room1_mix029,67,3,143,-1
fold9_room1_mix029,68,3,147,-1
fold9_room1_mix029,69,3,150,-1
fold9_room1_mix030,30,3,-46,-2
fold9_room1_mix030,31,3,-50,-2
fold9_room1_mix030,32,3,-51,-2
fold9_room1_mix030,33,3,-52,-2
fold9_room1_mix030,34,3,-54,-2
fold9_room1_mix030,35,3,-57,-2
fold9_room1_mix030,36,3,-60,-3
fold9_room1_mix030,37,3,-61,-3
fold9_room1_mix030,38,3,-61,-3
fold9_room1_mix030,39,3,-61,-3
fold9_room1_mix030,40,3,-63,-3
fold9_room1_mix030,41,3,-68,-3
fold9_room1_mix030,42,3,-72,-3
fold9_room1_mix030,43,3,-76,-3
fold9_room1_mix030,44,3,-80,-3
fold9_room1_mix030,45,3,-83,-3
fold9_room1_mix030,46,3,-87,-3
fold9_room1_mix030,47,3,-89,-3
fold9_room1_mix030,48,3,-91,-3
fold9_room1_mix030,49,3,-94,-3
fold9_room1_mix030,50,3,-97,-3
fold9_room1_mix030,51,3,-100,-3
fold9_room1_mix030,52,3,-103,-3
fold9_room1_mix030,53,3,-105,-3
fold9_room1_mix030,54,3,-107,-3
fold9_room1_mix030,55,3,-108,-3
fold9_room1_mix030,56,3,-111,-3
fold9_room1_mix030,57,3,-114,-3
fold9_room1_mix030,58,3,-118,-3
fold9_room1_mix030,59,3,-120,-3
fold9_room1_mix030,60,3,-121,-3
fold9_room1_mix030,61,3,-121,-2
fold9_room1_mix030,62,3,-122,-2
fold9_room1_mix030,63,3,-124,-2
fold9_room1_mix030,64,3,-126,-2
fold9_room1_mix030,65,3,-128,-2
fold9_room1_mix030,66,3,-130,-2
fold9_room1_mix030,67,3,-132,-2
fold9_room1_mix030,68,3,-134,-2
fold9_room1_mix030,69,3,-135,-2
fold9_room1_mix030,70,3,-135,-2
fold9_room1_mix031,31,3,47,-1
fold9_room1_mix031,32,3,51,-1
fold9_room1_mix031,33,3,52,-1
fold9_room1_mix031,34,3,55,-1
fold9_room1_mix031,35,3,58,-2
fold9_room1_mix031,36,3,60,-2
fold9_room1_mix031,37,3,62,-2
fold9_room1_mix031,38,3,63,-2
fold9_room1_mix031,39,3,65,-2
fold9_room1_mix031,40,3,67,-2
fold9_room1_mix031,41,3,69,-3
fold9_room1_mix031,42,3,72,-3
fold9_room1_mix031,43,3,75,-3
fold9_room1_mix031,44,3,77,-3
fold9_room1_mix031,45,3,80,-3
fold9_room1_mix031,46,3,83,-3
fold9_room1_mix031,47,3,86,-3
fold9_room1_mix031,48,3,89,-3
fold9_room1_mix031,49,3,92,-3
fold9_room1_mix031,50,3,94,-3
fold9_room1_mix031,51,3,96,-3
fold9_room1_mix031,52,3,99,-3
fold9_room1_mix031,53,3,102,-2
fold9_room1_mix031,54,3,107,-2
fold9_room1_mix031,55,3,111,-2
fold9_room1_mix031,56,3,114,-2
fold9_room1_mix031,57,3,116,-2
fold9_room1_mix031,58,3,119,-2
fold9_room1_mix031,59,3,121,-2
fold9_room1_mix031,60,3,122,-2
fold9_room1_mix031,61,3,124,-2
fold9_room1_mix031,62,3,125,-2
fold9_room1_mix031,63,3,126,-2
fold9_room1_mix031,64,3,128,-2
fold9_room1_mix031,65,3,129,-2
fold9_room1_mix031,66,3,130,-2
fold9_room1_mix031,67,3,132,-1
fold9_room1_mix031,68,3,133,-1
fold9_room1_mix031,69,3,134,-1
fold9_room1_mix031,70,3,134,-1
fold9_room1_mix032,31,3,-149,-2
fold9_room1_mix032,32,3,-145,-2
fold9_room1_mix032,33,3,-142,-2
fold9_room1_mix032,34,3,-142,-2
fold9_room1_mix032,35,3,-141,-2
fold9_room1_mix032,36,3,-139,-2
fold9_room1_mix032,37,3,-137,-2
fold9_room1_mix032,38,3,-135,-3
fold9_room1_mix032,39,3,-133,-3
fold9_room1_mix032,40,3,-131,-3
fold9_room1_mix032,41,3,-128,-3
fold9_room1_mix032,42,3,-126,-3
fold9_room1_mix032,43,3,-123,-3
fold9_room1_mix032,44,3,-120,-3
fold9_room1_mix032,45,3,-116,-3
fold9_room1_mix032,46,3,-113,-3
fold9_room1_mix032,47,3,-109,-3
fold9_room1_mix032,48,3,-104,-3
fold9_room1_mix032,49,3,-98,-4
fold9_room1_mix032,50,3,-94,-4
fold9_room1_mix032,51,3,-91,-4
fold9_room1_mix032,52,3,-87,-4
fold9_room1_mix032,53,3,-83,-4
fold9_room1_mix032,54,3,-78,-4
fold9_room1_mix032,55,3,-74,-4
fold9_room1_mix032,56,3,-70,-4
fold9_room1_mix032,57,3,-66,-3
fold9_room1_mix032,58,3,-62,-3
fold9_room1_mix032,59,3,-58,-3
fold9_room1_mix032,60,3,-56,-3
fold9_room1_mix032,61,3,-53,-3
fold9_room1_mix032,62,3,-51,-3
fold9_room1_mix032,63,3,-48,-3
fold9_room1_mix032,64,3,-45,-2
fold9_room1_mix032,65,3,-42,-2
fold9_room1_mix032,66,3,-41,-2
fold9_room1_mix032,67,3,-41,-2
fold9_room1_mix032,68,3,-40,-2
fold9_room1_mix032,69,3,-40,-2
fold9_room1_mix032,70,3,-39,-2
fold9_room1_mix033,0,5,86,5
fold9_room1_mix033,1,5,86,5
fold9_room1_mix033,2,5,87,5
fold9_room1_mix033,3,5,87,5
fold9_room1_mix033,4,5,87,6
fold9_room1_mix033,5,5,87,6
fold9_room1_mix033,6,5,87,6
fold9_room1_mix033,7,5,87,6
fold9_room1_mix033,8,5,87,6
fold9_room1_mix033,9,5,87,6
fold9_room1_mix033,10,5,87,6
fold9_room1_mix033,11,5,87,6
fold9_room1_mix033,12,5,87,6
fold9_room1_mix033,13,5,87,6
fold9_room1_mix033,14,5,88,6
fold9_room1_mix033,15,5,88,6
fold9_room1_mix033,16,5,88,6
fold9_room1_mix033,17,5,88,6
fold9_room1_mix033,18,5,88,6
fold9_room1_mix033,19,5,88,6
fold9_room1_mix033,20,5,88,7
fold9_room1_mix033,21,5,88,7
fold9_room1_mix033,22,5,88,7
fold9_room1_mix033,23,5,88,7
fold9_room1_mix033,24,5,88,7
fold9_room1_mix033,25,5,87,7
fold9_room1_mix033,26,5,87,7
fold9_room1_mix033,27,5,86,7
fold9_room1_mix033,28,5,86,7
fold9_room1_mix033,29,5,86,7
fold9_room1_mix033,30,5,86,7
fold9_room1_mix033,31,5,86,7
fold9_room1_mix033,32,5,86,7
fold9_room1_mix033,33,5,86,7
fold9_room1_mix033,34,5,86,7
fold9_room1_mix033,35,5,86,7
fold9_room1_mix033,36,5,86,7
fold9_room1_mix033,37,5,86,7
fold9_room1_mix033,38,5,86,7
fold9_room1_mix033,39,5,86,7
fold9_room1_mix033,40,5,86,7
fold9_room1_mix033,41,5,86,7
fold9_room1_mix033,42,5,86,7
fold9_room1_mix033,43,5,86,7
fold9_room1_mix033,44,5,86,7
fold9_room1_mix033,45,5,86,7
fold9_room1_mix033,46,5,86,7
fold9_room1_mix033,47,5,86,7
fold9_room1_mix033,48,5,86,7
fold9_room1_mix033,49,5,86,7
fold9_room1_mix033,50,5,86,7
fold9_room1_mix033,51,5,86,7
fold9_room1_mix033,52,5,86,7
fold9_room1_mix033,53,5,86,7
fold9_room1_mix033,54,5,87,8
fold9_room1_mix033,55,5,87,8
fold9_room1_mix033,56,5,87,8
fold9_room1_mix033,57,5,87,8
fold9_room1_mix033,58,5,87,8
fold9_room1_mix033,59,5,87,8
fold9_room1_mix033,60,5,87,8
fold9_room1_mix033,61,5,87,8
fold9_room1_mix033,62,5,87,8
fold9_room1_mix033,63,5,87,8
fold9_room1_mix033,64,5,87,8
fold9_room1_mix033,65,5,87,8
fold9_room1_mix033,66,5,87,8
fold9_room1_mix033,67,5,87,8
fold9_room1_mix033,68,5,87,8
fold9_room1_mix033,69,5,87,8
fold9_room1_mix033,70,5,87,8
fold9_room1_mix033,71,5,87,8
fold9_room1_mix033,72,5,87,8
fold9_room1_mix033,73,5,87,8
fold9_room1_mix033,74,5,87,8
fold9_room1_mix033,75,5,87,8
fold9_room1_mix033,76,5,87,9
fold9_room1_mix033,77,5,87,9
fold9_room1_mix033,78,5,87,9
fold9_room1_mix033,79,5,87,9
fold9_room1_mix033,80,5,87,9
fold9_room1_mix033,81,5,87,9
fold9_room1_mix033,82,5,86,9
fold9_room1_mix033,83,5,86,9
fold9_room1_mix033,84,5,86,9
fold9_room1_mix033,85,5,86,9
fold9_room1_mix033,86,5,85,9
fold9_room1_mix033,87,5,85,9
fold9_room1_mix033,88,5,85,9
fold9_room1_mix033,89,5,85,9
fold9_room1_mix033,90,5,85,9
fold9_room1_mix033,91,5,85,8
fold9_room1_mix033,92,5,85,8
fold9_room1_mix033,93,5,85,8
fold9_room1_mix033,94,5,85,8
fold9_room1_mix033,95,5,85,8
fold9_room1_mix033,96,5,85,8
fold9_room1_mix033,97,5,85,8
fold9_room1_mix033,98,5,86,8
fold9_room1_mix033,99,5,86,7
fold9_room1_mix034,0,5,-14,7
fold9_room1_mix034,1,5,-14,7
fold9_room1_mix034,2,5,-15,7
fold9_room1_mix034,3,5,-15,7
fold9_room1_mix034,4,5,-16,8
fold9_room1_mix034,5,5,-16,8
fold9_room1_mix034,6,5,-16,8
fold9_room1_mix034,7,5,-15,8
fold9_room1_mix034,8,5,-15,8
fold9_room1_mix034,9,5,-15,9
fold9_room1_mix034,10,5,-15,9
fold9_room1_mix034,11,5,-15,9
fold9_room1_mix034,12,5,-15,9
fold9_room1_mix034,13,5,-15,9
fold9_room1_mix034,14,5,-15,9
fold9_room1_mix034,15,5,-15,9
fold9_room1_mix034,16,5,-15,9
fold9_room1_mix034,17,5,-15,9
fold9_room1_mix034,18,5,-14,9
fold9_room1_mix034,19,5,-14,8
fold9_room1_mix034,20,5,-14,8
fold9_room1_mix034,21,5,-14,8
fold9_room1_mix034,22,5,-15,9
fold9_room1_mix034,23,5,-15,9
fold9_room1_mix034,24,5,-15,9
fold9_room1_mix034,25,5,-16,9
fold9_room1_mix034,26,5,-16,9
fold9_room1_mix034,27,5,-16,9
fold9_room1_mix034,28,5,-16,9
fold9_room1_mix034,29,5,-16,9
fold9_room1_mix034,30,5,-16,9
fold9_room1_mix034,31,5,-15,9
fold9_room1_mix034,32,5,-15,9
fold9_room1_mix034,33,5,-15,9
fold9_room1_mix034,34,5,-15,9
fold9_room1_mix034,35,5,-15,9
fold9_room1_mix034,36,5,-15,9
fold9_room1_mix034,37,5,-15,9
fold9_room1_mix034,38,5,-15,9
fold9_room1_mix034,39,5,-14,9
fold9_room1_mix034,40,5,-14,9
fold9_room1_mix034,41,5,-14,9
fold9_room1_mix034,42,5,-14,9
fold9_room1_mix034,43,5,-15,9
fold9_room1_mix034,44,5,-15,9
fold9_room1_mix034,45,5,-16,9
fold9_room1_mix034,46,5,-16,9
fold9_room1_mix034,47,5,-16,9
fold9_room1_mix034,48,5,-16,9
fold9_room1_mix034,49,5,-16,10
fold9_room1_mix034,50,5,-16,10
fold9_room1_mix034,51,5,-15,10
fold9_room1_mix034,52,5,-15,10
fold9_room1_mix034,53,5,-15,10
fold9_room1_mix034,54,5,-15,11
fold9_room1_mix034,55,5,-14,11
fold9_room1_mix034,56,5,-15,11
fold9_room1_mix034,57,5,-15,11
fold9_room1_mix034,58,5,-15,10
fold9_room1_mix034,59,5,-15,10
fold9_room1_mix034,60,5,-15,10
fold9_room1_mix034,61,5,-14,10
fold9_room1_mix034,62,5,-14,9
fold9_room1_mix034,63,5,-14,9
fold9_room1_mix034,64,5,-14,9
fold9_room1_mix034,65,5,-14,9
fold9_room1_mix034,66,5,-14,9
fold9_room1_mix034,67,5,-14,8
fold9_room1_mix034,68,5,-14,8
fold9_room1_mix034,69,5,-14,8
fold9_room1_mix034,70,5,-14,8
fold9_room1_mix034,71,5,-14,8
fold9_room1_mix034,72,5,-14,8
fold9_room1_mix034,73,5,-14,8
fold9_room1_mix034,74,5,-14,9
fold9_room1_mix034,75,5,-13,9
fold9_room1_mix034,76,5,-14,9
fold9_room1_mix034,77,5,-14,10
fold9_room1_mix034,78,5,-14,10
fold9_room1_mix034,79,5,-14,10
fold9_room1_mix034,80,5,-15,10
fold9_room1_mix034,81,5,-15,10
fold9_room1_mix034,82,5,-15,10
fold9_room1_mix034,83,5,-15,10
fold9_room1_mix034,84,5,-15,10
fold9_room1_mix034,85,5,-15,10
fold9_room1_mix034,86,5,-14,9
fold9_room1_mix034,87,5,-14,9
fold9_room1_mix034,88,5,-14,9
fold9_room1_mix034,89,5,-14,9
fold9_room1_mix034,90,5,-14,8
fold9_room1_mix034,91,5,-14,8
fold9_room1_mix034,92,5,-14,8
fold9_room1_mix034,93,5,-13,8
fold9_room1_mix034,94,5,-13,8
fold9_room1_mix034,95,5,-13,8
fold9_room1_mix034,96,5,-13,8
fold9_room1_mix034,97,5,-12,8
fold9_room1_mix034,98,5,-11,7
fold9_room1_mix034,99,5,-10,7
fold9_room1_mix035,0,5,46,9
fold9_room1_mix035,1,5,46,9
fold9_room1_mix035,2,5,46,9
fold9_room1_mix035,3,5,46,9
fold9_room1_mix035,4,5,45,9
fold9_room1_mix035,5,5,45,9
fold9_room1_mix035,6,5,45,9
fold9_room1_mix035,7,5,45,9
fold9_room1_mix035,8,5,45,9
fold9_room1_mix035,9,5,45,9
fold9_room1_mix035,10,5,45,9
fold9_room1_mix035,11,5,45,9
fold9_room1_mix035,12,5,45,9
fold9_room1_mix035,13,5,45,9
fold9_room1_mix035,14,5,45,9
fold9_room1_mix035,15,5,45,9
fold9_room1_mix035,16,5,45,10
fold9_room1_mix035,17,5,45,10
fold9_room1_mix035,18,5,45,10
fold9_room1_mix035,19,5,45,10
fold9_room1_mix035,20,5,45,10
fold9_room1_mix035,21,5,45,10
fold9_room1_mix035,22,5,45,10
fold9_room1_mix035,23,5,44,10
fold9_room1_mix035,24,5,44,10
fold9_room1_mix035,25,5,44,11
fold9_room1_mix035,26,5,44,11
fold9_room1_mix035,27,5,44,11
fold9_room1_mix035,28,5,44,11
fold9_room1_mix035,29,5,44,11
fold9_room1_mix035,30,5,44,11
fold9_room1_mix035,31,5,44,11
fold9_room1_mix035,32,5,45,11
fold9_room1_mix035,33,5,45,11
fold9_room1_mix035,34,5,45,11
fold9_room1_mix035,35,5,45,11
fold9_room1_mix035,36,5,45,11
fold9_room1_mix035,37,5,45,11
fold9_room1_mix035,38,5,45,11
fold9_room1_mix035,39,5,45,12
fold9_room1_mix035,40,5,45,12
fold9_room1_mix035,41,5,45,11
fold9_room1_mix035,42,5,45,11
fold9_room1_mix035,43,5,45,11
fold9_room1_mix035,44,5,45,11
fold9_room1_mix035,45,5,45,11
fold9_room1_mix035,46,5,45,11
fold9_room1_mix035,47,5,45,11
fold9_room1_mix035,48,5,45,11
fold9_room1_mix035,49,5,45,11
fold9_room1_mix035,50,5,45,11
fold9_room1_mix035,51,5,45,12
fold9_room1_mix035,52,5,45,12
fold9_room1_mix035,53,5,45,12
fold9_room1_mix035,54,5,45,12
fold9_room1_mix035,55,5,45,12
fold9_room1_mix035,56,5,45,12
fold9_room1_mix035,57,5,45,12
fold9_room1_mix035,58,5,46,12
fold9_room1_mix035,59,5,46,12
fold9_room1_mix035,60,5,46,12
fold9_room1_mix035,61,5,46,12
fold9_room1_mix035,62,5,46,12
fold9_room1_mix035,63,5,45,12
fold9_room1_mix035,64,5,45,12
fold9_room1_mix035,65,5,45,12
fold9_room1_mix035,66,5,45,12
fold9_room1_mix035,67,5,45,12
fold9_room1_mix035,68,5,45,12
fold9_room1_mix035,69,5,45,12
fold9_room1_mix035,70,5,45,12
fold9_room1_mix035,71,5,46,11
fold9_room1_mix035,72,5,46,11
fold9_room1_mix035,73,5,45,11
fold9_room1_mix035,74,5,45,12
fold9_room1_mix035,75,5,45,12
fold9_room1_mix035,76,5,45,12
fold9_room1_mix035,77,5,45,12
fold9_room1_mix035,78,5,46,12
fold9_room1_mix035,79,5,46,11
fold9_room1_mix035,80,5,46,11
fold9_room1_mix035,81,5,46,11
fold9_room1_mix035,82,5,46,11
fold9_room1_mix035,83,5,46,11
fold9_room1_mix035,84,5,46,11
fold9_room1_mix035,85,5,46,11
fold9_room1_mix035,86,5,46,11
fold9_room1_mix035,87,5,46,11
fold9_room1_mix035,88,5,46,10
fold9_room1_mix035,89,5,46,10
fold9_room1_mix035,90,5,46,10
fold9_room1_mix035,91,5,46,10
fold9_room1_mix035,92,5,46,10
fold9_room1_mix035,93,5,45,10
fold9_room1_mix035,94,5,45,10
fold9_room1_mix035,95,5,45,10
fold9_room1_mix035,96,5,44,10
fold9_room1_mix035,97,5,44,9
fold9_room1_mix035,98,5,44,9
fold9_room1_mix035,99,5,43,9
fold9_room1_mix036,0,5,-120,6
fold9_room1_mix036,1,5,-120,6
fold9_room1_mix036,2,5,-121,6
fold9_room1_mix036,3,5,-122,6
fold9_room1_mix036,4,5,-123,6
fold9_room1_mix036,5,5,-123,7
fold9_room1_mix036,6,5,-123,7
fold9_room1_mix036,7,5,-123,7
fold9_room1_mix036,8,5,-123,7
fold9_room1_mix036,9,5,-123,7
fold9_room1_mix036,10,5,-123,7
fold9_room1_mix036,11,5,-123,7
fold9_room1_mix036,12,5,-123,7
fold9_room1_mix036,13,5,-123,7
fold9_room1_mix036,14,5,-123,8
fold9_room1_mix036,15,5,-123,8
fold9_room1_mix036,16,5,-123,8
fold9_room1_mix036,17,5,-123,8
fold9_room1_mix036,18,5,-123,8
fold9_room1_mix036,19,5,-124,8
fold9_room1_mix036,20,5,-124,8
fold9_room1_mix036,21,5,-124,8
fold9_room1_mix036,22,5,-124,8
fold9_room1_mix036,23,5,-124,8
fold9_room1_mix036,24,5,-124,8
fold9_room1_mix036,25,5,-124,8
fold9_room1_mix036,26,5,-124,8
fold9_room1_mix036,27,5,-124,8
fold9_room1_mix036,28,5,-123,7
fold9_room1_mix036,29,5,-123,7
fold9_room1_mix036,30,5,-123,7
fold9_room1_mix036,31,5,-123,7
fold9_room1_mix036,32,5,-123,7
fold9_room1_mix036,33,5,-123,7
fold9_room1_mix036,34,5,-122,7
fold9_room1_mix036,35,5,-122,7
fold9_room1_mix036,36,5,-122,7
fold9_room1_mix036,37,5,-122,7
fold9_room1_mix036,38,5,-122,7
fold9_room1_mix036,39,5,-122,7
fold9_room1_mix036,40,5,-122,7
fold9_room1_mix036,41,5,-122,7
fold9_room1_mix036,42,5,-122,7
fold9_room1_mix036,43,5,-122,7
fold9_room1_mix036,44,5,-122,7
fold9_room1_mix036,45,5,-122,7
fold9_room1_mix036,46,5,-122,7
fold9_room1_mix036,47,5,-122,7
fold9_room1_mix036,48,5,-122,7
fold9_room1_mix036,49,5,-122,7
fold9_room1_mix036,50,5,-122,7
fold9_room1_mix036,51,5,-122,7
fold9_room1_mix036,52,5,-122,8
fold9_room1_mix036,53,5,-121,8
fold9_room1_mix036,54,5,-121,8
fold9_room1_mix036,55,5,-121,8
fold9_room1_mix036,56,5,-121,8
fold9_room1_mix036,57,5,-121,8
fold9_room1_mix036,58,5,-121,8
fold9_room1_mix036,59,5,-121,8
fold9_room1_mix036,60,5,-121,7
fold9_room1_mix036,61,5,-120,7
fold9_room1_mix036,62,5,-120,7
fold9_room1_mix036,63,5,-120,7
fold9_room1_mix036,64,5,-120,7
fold9_room1_mix036,65,5,-120,7
fold9_room1_mix036,66,5,-120,7
fold9_room1_mix036,67,5,-120,7
fold9_room1_mix036,68,5,-120,7
fold9_room1_mix036,69,5,-120,7
fold9_room1_mix036,70,5,-120,7
fold9_room1_mix036,71,5,-120,7
fold9_room1_mix036,72,5,-121,7
fold9_room1_mix036,73,5,-121,7
fold9_room1_mix036,74,5,-121,7
fold9_room1_mix036,75,5,-121,7
fold9_room1_mix036,76,5,-121,7
fold9_room1_mix036,77,5,-120,7
fold9_room1_mix036,78,5,-120,7
fold9_room1_mix036,79,5,-120,7
fold9_room1_mix036,80,5,-120,7
fold9_room1_mix036,81,5,-120,7
fold9_room1_mix036,82,5,-120,7
fold9_room1_mix036,83,5,-120,7
fold9_room1_mix036,84,5,-120,7
fold9_room1_mix036,85,5,-120,8
fold9_room1_mix036,86,5,-120,8
fold9_room1_mix036,87,5,-120,8
fold9_room1_mix036,88,5,-121,7
fold9_room1_mix036,89,5,-121,7
fold9_room1_mix036,90,5,-121,7
fold9_room1_mix036,91,5,-121,7
fold9_room1_mix036,92,5,-121,7
fold9_room1_mix036,93,5,-121,7
fold9_room1_mix036,94,5,-121,7
fold9_room1_mix036,95,5,-122,7
fold9_room1_mix036,96,5,-122,7
fold9_room1_mix036,97,5,-122,7
fold9_room1_mix036,98,5,-122,7
fold9_room1_mix036,99,5,-121,6
fold9_room1_mix037,0,5,46,5
fold9_room1_mix037,1,5,46,5
fold9_room1_mix037,2,5,46,5
fold9_room1_mix037,3,5,46,5
fold9_room1_mix037,4,5,46,4
fold9_room1_mix037,5,5,47,4
fold9_room1_mix037,6,5,47,5
fold9_room1_mix037,7,5,48,5
fold9_room1_mix037,8,5,49,5
fold9_room1_mix037,9,5,50,6
fold9_room1_mix037,10,5,50,6
fold9_room1_mix037,11,5,51,6
fold9_room1_mix037,12,5,51,6
fold9_room1_mix037,13,5,51,6
fold9_room1_mix037,14,5,51,6
fold9_room1_mix037,15,5,51,6
fold9_room1_mix037,16,5,52,6
fold9_room1_mix037,17,5,53,6
fold9_room1_mix037,18,5,53,6
fold9_room1_mix037,19,5,53,6
fold9_room1_mix037,20,5,53,7
fold9_room1_mix037,21,5,52,7
fold9_room1_mix037,22,5,52,7
fold9_room1_mix037,23,5,52,7
fold9_room1_mix037,24,5,52,7
fold9_room1_mix037,25,5,53,7
fold9_room1_mix037,26,5,53,7
fold9_room1_mix037,27,5,53,7
fold9_room1_mix037,28,5,54,7
fold9_room1_mix037,29,5,54,8
fold9_room1_mix037,30,5,55,8
fold9_room1_mix037,31,5,55,8
fold9_room1_mix037,32,5,56,8
fold9_room1_mix037,33,5,56,8
fold9_room1_mix037,34,5,57,8
fold9_room1_mix037,35,5,58,8
fold9_room1_mix037,36,5,60,8
fold9_room1_mix037,37,5,61,8
fold9_room1_mix037,38,5,62,9
fold9_room1_mix037,39,5,63,9
fold9_room1_mix037,40,5,65,9
fold9_room1_mix037,41,5,66,9
fold9_room1_mix037,42,5,68,10
fold9_room1_mix037,43,5,69,10
fold9_room1_mix037,44,5,70,9
fold9_room1_mix037,45,5,71,9
fold9_room1_mix037,46,5,72,9
fold9_room1_mix037,47,5,74,9
fold9_room1_mix037,48,5,77,9
fold9_room1_mix037,49,5,79,9
fold9_room1_mix037,50,5,80,9
fold9_room1_mix037,51,5,81,9
fold9_room1_mix037,52,5,83,10
fold9_room1_mix037,53,5,84,10
fold9_room1_mix037,54,5,85,9
fold9_room1_mix037,55,5,86,9
fold9_room1_mix037,56,5,87,9
fold9_room1_mix037,57,5,87,9
fold9_room1_mix037,58,5,88,9
fold9_room1_mix037,59,5,88,9
fold9_room1_mix037,60,5,89,9
fold9_room1_mix037,61,5,90,9
fold9_room1_mix037,62,5,90,10
fold9_room1_mix037,63,5,91,10
fold9_room1_mix037,64,5,91,10
fold9_room1_mix037,65,5,92,10
fold9_room1_mix037,66,5,92,10
fold9_room1_mix037,67,5,93,10
fold9_room1_mix037,68,5,93,10
fold9_room1_mix037,69,5,94,10
fold9_room1_mix037,70,5,95,10
fold9_room1_mix037,71,5,96,10
fold9_room1_mix037,72,5,97,10
fold9_room1_mix037,73,5,99,10
fold9_room1_mix037,74,5,100,10
fold9_room1_mix037,75,5,102,10
fold9_room1_mix037,76,5,103,10
fold9_room1_mix037,77,5,105,10
fold9_room1_mix037,78,5,106,10
fold9_room1_mix037,79,5,107,10
fold9_room1_mix037,80,5,108,9
fold9_room1_mix037,81,5,108,9
fold9_room1_mix037,82,5,109,9
fold9_room1_mix037,83,5,110,9
fold9_room1_mix037,84,5,111,9
fold9_room1_mix037,85,5,112,9
fold9_room1_mix037,86,5,113,8
fold9_room1_mix037,87,5,114,8
fold9_room1_mix037,88,5,115,8
fold9_room1_mix037,89,5,116,8
fold9_room1_mix037,90,5,116,8
fold9_room1_mix037,91,5,117,8
fold9_room1_mix037,92,5,118,8
fold9_room1_mix037,93,5,118,8
fold9_room1_mix037,94,5,119,8
fold9_room1_mix037,95,5,120,8
fold9_room1_mix037,96,5,120,8
fold9_room1_mix037,97,5,121,8
fold9_room1_mix037,98,5,120,8
fold9_room1_mix037,99,5,119,7
fold9_room1_mix038,0,5,-36,5
fold9_room1_mix038,1,5,-36,5
fold9_room1_mix038,2,5,-36,5
fold9_room1_mix038,3,5,-37,5
fold9_room1_mix038,4,5,-37,5
fold9_room1_mix038,5,5,-37,5
fold9_room1_mix038,6,5,-37,5
fold9_room1_mix038,7,5,-37,5
fold9_room1_mix038,8,5,-37,5
fold9_room1_mix038,9,5,-38,5
fold9_room1_mix038,10,5,-38,5
fold9_room1_mix038,11,5,-38,6
fold9_room1_mix038,12,5,-38,6
fold9_room1_mix038,13,5,-38,6
fold9_room1_mix038,14,5,-38,6
fold9_room1_mix038,15,5,-38,6
fold9_room1_mix038,16,5,-38,6
fold9_room1_mix038,17,5,-38,6
fold9_room1_mix038,18,5,-38,7
fold9_room1_mix038,19,5,-39,7
fold9_room1_mix038,20,5,-39,7
fold9_room1_mix038,21,5,-40,7
fold9_room1_mix038,22,5,-40,7
fold9_room1_mix038,23,5,-40,7
fold9_room1_mix038,24,5,-40,7
fold9_room1_mix038,25,5,-40,7
fold9_room1_mix038,26,5,-40,8
fold9_room1_mix038,27,5,-41,8
fold9_room1_mix038,28,5,-41,8
fold9_room1_mix038,29,5,-41,8
fold9_room1_mix038,30,5,-41,8
fold9_room1_mix038,31,5,-42,8
fold9_room1_mix038,32,5,-42,8
fold9_room1_mix038,33,5,-43,8
fold9_room1_mix038,34,5,-44,8
fold9_room1_mix038,35,5,-45,9
fold9_room1_mix038,36,5,-46,9
fold9_room1_mix038,37,5,-47,9
fold9_room1_mix038,38,5,-47,9
fold9_room1_mix038,39,5,-48,9
fold9_room1_mix038,40,5,-49,10
fold9_room1_mix038,41,5,-50,10
fold9_room1_mix038,42,5,-51,10
fold9_room1_mix038,43,5,-52,10
fold9_room1_mix038,44,5,-53,10
fold9_room1_mix038,45,5,-55,10
fold9_room1_mix038,46,5,-56,10
fold9_room1_mix038,47,5,-57,10
fold9_room1_mix038,48,5,-58,10
fold9_room1_mix038,49,5,-59,10
fold9_room1_mix038,50,5,-60,10
fold9_room1_mix038,51,5,-60,10
fold9_room1_mix038,52,5,-61,10
fold9_room1_mix038,53,5,-61,9
fold9_room1_mix038,54,5,-62,9
fold9_room1_mix038,55,5,-63,9
fold9_room1_mix038,56,5,-64,9
fold9_room1_mix038,57,5,-65,9
fold9_room1_mix038,58,5,-66,9
fold9_room1_mix038,59,5,-67,10
fold9_room1_mix038,60,5,-68,10
fold9_room1_mix038,61,5,-69,10
fold9_room1_mix038,62,5,-71,10
fold9_room1_mix038,63,5,-72,10
fold9_room1_mix038,64,5,-74,10
fold9_room1_mix038,65,5,-75,10
fold9_room1_mix038,66,5,-77,10
fold9_room1_mix038,67,5,-79,10
fold9_room1_mix038,68,5,-81,10
fold9_room1_mix038,69,5,-82,11
fold9_room1_mix038,70,5,-83,11
fold9_room1_mix038,71,5,-85,11
fold9_room1_mix038,72,5,-86,11
fold9_room1_mix038,73,5,-87,11
fold9_room1_mix038,74,5,-88,11
fold9_room1_mix038,75,5,-88,11
fold9_room1_mix038,76,5,-89,11
fold9_room1_mix038,77,5,-90,11
fold9_room1_mix038,78,5,-91,11
fold9_room1_mix038,79,5,-92,10
fold9_room1_mix038,80,5,-93,10
fold9_room1_mix038,81,5,-94,10
fold9_room1_mix038,82,5,-96,10
fold9_room1_mix038,83,5,-98,10
fold9_room1_mix038,84,5,-100,10
fold9_room1_mix038,85,5,-101,10
fold9_room1_mix038,86,5,-103,10
fold9_room1_mix038,87,5,-104,10
fold9_room1_mix038,88,5,-106,10
fold9_room1_mix038,89,5,-107,10
fold9_room1_mix038,90,5,-108,10
fold9_room1_mix038,91,5,-110,9
fold9_room1_mix038,92,5,-111,9
fold9_room1_mix038,93,5,-113,9
fold9_room1_mix038,94,5,-114,8
fold9_room1_mix038,95,5,-116,8
fold9_room1_mix038,96,5,-118,8
fold9_room1_mix038,97,5,-119,8
fold9_room1_mix038,98,5,-119,8
fold9_room1_mix038,99,5,-118,7
fold9_room1_mix039,0,5,137,6
fold9_room1_mix039,1,5,137,6
fold9_room1_mix039,2,5,137,6
fold9_room1_mix039,3,5,137,6
fold9_room1_mix039,4,5,137,6
fold9_room1_mix039,5,5,137,6
fold9_room1_mix039,6,5,137,7
fold9_room1_mix039,7,5,136,7
fold9_room1_mix039,8,5,136,7
fold9_room1_mix039,9,5,136,7
fold9_room1_mix039,10,5,135,7
fold9_room1_mix039,11,5,135,7
fold9_room1_mix039,12,5,134,7
fold9_room1_mix039,13,5,134,7
fold9_room1_mix039,14,5,133,7
fold9_room1_mix039,15,5,132,7
fold9_room1_mix039,16,5,131,7
fold9_room1_mix039,17,5,130,7
fold9_room1_mix039,18,5,129,7
fold9_room1_mix039,19,5,128,7
fold9_room1_mix039,20,5,127,7
fold9_room1_mix039,21,5,126,7
fold9_room1_mix039,22,5,125,7
fold9_room1_mix039,23,5,124,8
fold9_room1_mix039,24,5,123,8
fold9_room1_mix039,25,5,122,8
fold9_room1_mix039,26,5,120,8
fold9_room1_mix039,27,5,119,9
fold9_room1_mix039,28,5,118,9
fold9_room1_mix039,29,5,117,9
fold9_room1_mix039,30,5,116,9
fold9_room1_mix039,31,5,116,9
fold9_room1_mix039,32,5,115,9
fold9_room1_mix039,33,5,115,9
fold9_room1_mix039,34,5,114,9
fold9_room1_mix039,35,5,113,9
fold9_room1_mix039,36,5,111,9
fold9_room1_mix039,37,5,110,9
fold9_room1_mix039,38,5,109,9
fold9_room1_mix039,39,5,107,9
fold9_room1_mix039,40,5,106,9
fold9_room1_mix039,41,5,105,9
fold9_room1_mix039,42,5,103,9
fold9_room1_mix039,43,5,102,9
fold9_room1_mix039,44,5,101,9
fold9_room1_mix039,45,5,100,9
fold9_room1_mix039,46,5,99,9
fold9_room1_mix039,47,5,98,9
fold9_room1_mix039,48,5,98,9
fold9_room1_mix039,49,5,97,9
fold9_room1_mix039,50,5,96,9
fold9_room1_mix039,51,5,96,9
fold9_room1_mix039,52,5,95,9
fold9_room1_mix039,53,5,95,9
fold9_room1_mix039,54,5,94,9
fold9_room1_mix039,55,5,94,9
fold9_room1_mix039,56,5,93,9
fold9_room1_mix039,57,5,92,9
fold9_room1_mix039,58,5,91,9
fold9_room1_mix039,59,5,90,9
fold9_room1_mix039,60,5,89,10
fold9_room1_mix039,61,5,88,10
fold9_room1_mix039,62,5,87,10
fold9_room1_mix039,63,5,86,10
fold9_room1_mix039,64,5,85,10
fold9_room1_mix039,65,5,85,10
fold9_room1_mix039,66,5,84,10
fold9_room1_mix039,67,5,84,10
fold9_room1_mix039,68,5,83,10
fold9_room1_mix039,69,5,83,10
fold9_room1_mix039,70,5,82,10
fold9_room1_mix039,71,5,81,10
fold9_room1_mix039,72,5,80,10
fold9_room1_mix039,73,5,79,9
fold9_room1_mix039,74,5,79,9
fold9_room1_mix039,75,5,78,9
fold9_room1_mix039,76,5,78,9
fold9_room1_mix039,77,5,78,9
fold9_room1_mix039,78,5,77,9
fold9_room1_mix039,79,5,77,9
fold9_room1_mix039,80,5,76,9
fold9_room1_mix039,81,5,75,9
fold9_room1_mix039,82,5,73,8
fold9_room1_mix039,83,5,72,8
fold9_room1_mix039,84,5,71,8
fold9_room1_mix039,85,5,70,8
fold9_room1_mix039,86,5,69,8
fold9_room1_mix039,87,5,68,8
fold9_room1_mix039,88,5,68,8
fold9_room1_mix039,89,5,67,8
fold9_room1_mix039,90,5,67,8
fold9_room1_mix039,91,5,66,8
fold9_room1_mix039,92,5,65,8
fold9_room1_mix039,93,5,64,8
fold9_room1_mix039,94,5,63,8
fold9_room1_mix039,95,5,61,8
fold9_room1_mix039,96,5,60,8
fold9_room1_mix039,97,5,58,8
fold9_room1_mix039,98,5,59,8
fold9_room1_mix039,99,5,60,8
fold9_room1_mix040,0,5,-129,9
fold9_room1_mix040,1,5,-130,9
fold9_room1_mix040,2,5,-130,9
fold9_room1_mix040,3,5,-130,10
fold9_room1_mix040,4,5,-131,10
fold9_room1_mix040,5,5,-131,11
fold9_room1_mix040,6,5,-131,11
fold9_room1_mix040,7,5,-131,11
fold9_room1_mix040,8,5,-131,12
fold9_room1_mix040,9,5,-130,12
fold9_room1_mix040,10,5,-130,12
fold9_room1_mix040,11,5,-130,12
fold9_room1_mix040,12,5,-130,12
fold9_room1_mix040,13,5,-129,12
fold9_room1_mix040,14,5,-128,11
fold9_room1_mix040,15,5,-128,11
fold9_room1_mix040,16,5,-128,11
fold9_room1_mix040,17,5,-127,11
fold9_room1_mix040,18,5,-127,11
fold9_room1_mix040,19,5,-127,11
fold9_room1_mix040,20,5,-127,11
fold9_room1_mix040,21,5,-126,11
fold9_room1_mix040,22,5,-126,10
fold9_room1_mix040,23,5,-125,10
fold9_room1_mix040,24,5,-125,10
fold9_room1_mix040,25,5,-124,10
fold9_room1_mix040,26,5,-123,10
fold9_room1_mix040,27,5,-122,10
fold9_room1_mix040,28,5,-121,10
fold9_room1_mix040,29,5,-120,10
fold9_room1_mix040,30,5,-120,10
fold9_room1_mix040,31,5,-119,10
fold9_room1_mix040,32,5,-119,10
fold9_room1_mix040,33,5,-118,10
fold9_room1_mix040,34,5,-118,10
fold9_room1_mix040,35,5,-117,10
fold9_room1_mix040,36,5,-116,10
fold9_room1_mix040,37,5,-115,10
fold9_room1_mix040,38,5,-115,10
fold9_room1_mix040,39,5,-114,10
fold9_room1_mix040,40,5,-113,10
fold9_room1_mix040,41,5,-113,10
fold9_room1_mix040,42,5,-112,10
fold9_room1_mix040,43,5,-111,10
fold9_room1_mix040,44,5,-110,10
fold9_room1_mix040,45,5,-109,10
fold9_room1_mix040,46,5,-108,11
fold9_room1_mix040,47,5,-107,11
fold9_room1_mix040,48,5,-107,11
fold9_room1_mix040,49,5,-106,11
fold9_room1_mix040,50,5,-106,11
fold9_room1_mix040,51,5,-105,11
fold9_room1_mix040,52,5,-105,11
fold9_room1_mix040,53,5,-104,11
fold9_room1_mix040,54,5,-104,11
fold9_room1_mix040,55,5,-103,11
fold9_room1_mix040,56,5,-103,11
fold9_room1_mix040,57,5,-103,11
fold9_room1_mix040,58,5,-102,11
fold9_room1_mix040,59,5,-102,11
fold9_room1_mix040,60,5,-101,12
fold9_room1_mix040,61,5,-101,12
fold9_room1_mix040,62,5,-100,12
fold9_room1_mix040,63,5,-99,13
fold9_room1_mix040,64,5,-98,13
fold9_room1_mix040,65,5,-98,13
fold9_room1_mix040,66,5,-96,14
fold9_room1_mix040,67,5,-94,14
fold9_room1_mix040,68,5,-92,14
fold9_room1_mix040,69,5,-91,14
fold9_room1_mix040,70,5,-89,14
fold9_room1_mix040,71,5,-88,14
fold9_room1_mix040,72,5,-86,14
fold9_room1_mix040,73,5,-84,14
fold9_room1_mix040,74,5,-82,14
fold9_room1_mix040,75,5,-80,14
fold9_room1_mix040,76,5,-79,14
fold9_room1_mix040,77,5,-78,14
fold9_room1_mix040,78,5,-76,14
fold9_room1_mix040,79,5,-74,14
fold9_room1_mix040,80,5,-72,14
fold9_room1_mix040,81,5,-70,14
fold9_room1_mix040,82,5,-69,14
fold9_room1_mix040,83,5,-67,14
fold9_room1_mix040,84,5,-66,14
fold9_room1_mix040,85,5,-64,14
fold9_room1_mix040,86,5,-63,14
fold9_room1_mix040,87,5,-62,14
fold9_room1_mix040,88,5,-60,14
fold9_room1_mix040,89,5,-59,14
fold9_room1_mix040,90,5,-58,14
fold9_room1_mix040,91,5,-57,14
fold9_room1_mix040,92,5,-57,14
fold9_room1_mix040,93,5,-56,14
fold9_room1_mix040,94,5,-55,13
fold9_room1_mix040,95,5,-56,14
fold9_room1_mix040,96,5,-57,14
fold9_room1_mix040,97,5,-58,14
fold9_room1_mix040,98,5,-59,14
fold9_room1_mix040,99,5,-61,13
fold9_room1_mix041,1,4,9,-1
fold9_room1_mix041,2,4,6,-1
fold9_room1_mix041,3,4,8,-1
fold9_room1_mix041,4,4,10,-1
fold9_room1_mix041,5,4,10,-1
fold9_room1_mix041,6,4,10,-1
fold9_room1_mix041,7,4,10,-1
fold9_room1_mix041,8,4,10,-1
fold9_room1_mix041,9,4,11,-1
fold9_room1_mix041,10,4,11,-1
fold9_room1_mix041,11,4,11,-1
fold9_room1_mix041,12,4,11,-1
fold9_room1_mix041,13,4,12,-1
fold9_room1_mix041,14,4,12,-1
fold9_room1_mix041,15,4,12,-1
fold9_room1_mix041,16,4,12,-1
fold9_room1_mix041,17,4,13,-1
fold9_room1_mix041,18,4,13,-2
fold9_room1_mix041,19,4,13,-2
fold9_room1_mix041,20,4,13,-2
fold9_room1_mix041,21,4,14,-2
fold9_room1_mix041,22,4,14,-2
fold9_room1_mix041,23,4,14,-2
fold9_room1_mix041,24,4,14,-2
fold9_room1_mix041,25,4,14,-2
fold9_room1_mix041,26,4,15,-2
fold9_room1_mix041,27,4,15,-2
fold9_room1_mix041,28,4,15,-2
fold9_room1_mix041,29,4,15,-2
fold9_room1_mix041,30,4,15,-2
fold9_room1_mix041,31,4,16,-2
fold9_room1_mix041,32,4,16,-2
fold9_room1_mix041,33,4,17,-2
fold9_room1_mix041,34,4,17,-2
fold9_room1_mix041,35,4,17,-2
fold9_room1_mix041,36,4,18,-2
fold9_room1_mix041,37,4,18,-2
fold9_room1_mix041,38,4,19,-2
fold9_room1_mix041,39,4,19,-2
fold9_room1_mix041,40,4,20,-2
fold9_room1_mix041,41,4,20,-2
fold9_room1_mix041,42,4,20,-2
fold9_room1_mix041,43,4,21,-3
fold9_room1_mix041,44,4,22,-3
fold9_room1_mix041,45,4,22,-3
fold9_room1_mix041,46,4,23,-3
fold9_room1_mix041,47,4,24,-3
fold9_room1_mix041,48,4,25,-3
fold9_room1_mix041,49,4,26,-3
fold9_room1_mix041,50,4,27,-3
fold9_room1_mix041,51,4,28,-3
fold9_room1_mix041,52,4,29,-4
fold9_room1_mix041,53,4,30,-4
fold9_room1_mix041,54,4,31,-4
fold9_room1_mix041,55,4,32,-4
fold9_room1_mix041,56,4,33,-4
fold9_room1_mix041,57,4,35,-4
fold9_room1_mix041,58,4,36,-5
fold9_room1_mix041,59,4,38,-5
fold9_room1_mix041,60,4,39,-5
fold9_room1_mix041,61,4,41,-5
fold9_room1_mix041,62,4,42,-5
fold9_room1_mix041,63,4,43,-5
fold9_room1_mix041,64,4,44,-5
fold9_room1_mix041,65,4,45,-5
fold9_room1_mix041,66,4,47,-6
fold9_room1_mix041,67,4,49,-6
fold9_room1_mix041,68,4,51,-6
fold9_room1_mix041,69,4,54,-7
fold9_room1_mix041,70,4,57,-7
fold9_room1_mix041,71,4,60,-7
fold9_room1_mix041,72,4,63,-7
fold9_room1_mix041,73,4,66,-7
fold9_room1_mix041,74,4,69,-7
fold9_room1_mix041,75,4,73,-7
fold9_room1_mix041,76,4,77,-7
fold9_room1_mix041,77,4,81,-7
fold9_room1_mix041,78,4,86,-6
fold9_room1_mix041,79,4,90,-6
fold9_room1_mix041,80,4,95,-6
fold9_room1_mix041,81,4,99,-5
fold9_room1_mix041,82,4,104,-5
fold9_room1_mix041,83,4,109,-4
fold9_room1_mix041,84,4,113,-4
fold9_room1_mix041,85,4,117,-4
fold9_room1_mix041,86,4,121,-3
fold9_room1_mix041,87,4,125,-3
fold9_room1_mix041,88,4,128,-3
fold9_room1_mix041,89,4,131,-3
fold9_room1_mix041,90,4,134,-3
fold9_room1_mix041,91,4,136,-3
fold9_room1_mix041,92,4,138,-3
fold9_room1_mix041,93,4,140,-2
fold9_room1_mix041,94,4,142,-2
fold9_room1_mix041,95,4,144,-2
fold9_room1_mix041,96,4,146,-2
fold9_room1_mix041,97,4,147,-2
fold9_room1_mix041,98,4,149,-2
fold9_room1_mix041,99,4,150,-2
fold9_room1_mix042,1,4,-171,-1
fold9_room1_mix042,2,4,-173,0
fold9_room1_mix042,3,4,-171,0
fold9_room1_mix042,4,4,-170,-1
fold9_room1_mix042,5,4,-169,-1
fold9_room1_mix042,6,4,-170,-1
fold9_room1_mix042,7,4,-170,-1
fold9_room1_mix042,8,4,-171,-1
fold9_room1_mix042,9,4,-171,-1
fold9_room1_mix042,10,4,-171,-1
fold9_room1_mix042,11,4,-171,-1
fold9_room1_mix042,12,4,-171,-1
fold9_room1_mix042,13,4,-170,-1
fold9_room1_mix042,14,4,-170,-1
fold9_room1_mix042,15,4,-170,-1
fold9_room1_mix042,16,4,-170,-1
fold9_room1_mix042,17,4,-169,-1
fold9_room1_mix042,18,4,-169,-1
fold9_room1_mix042,19,4,-169,-1
fold9_room1_mix042,20,4,-169,-1
fold9_room1_mix042,21,4,-169,-1
fold9_room1_mix042,22,4,-169,-1
fold9_room1_mix042,23,4,-169,-1
fold9_room1_mix042,24,4,-169,-1
fold9_room1_mix042,25,4,-169,-1
fold9_room1_mix042,26,4,-168,-1
fold9_room1_mix042,27,4,-168,-1
fold9_room1_mix042,28,4,-168,-1
fold9_room1_mix042,29,4,-168,-1
fold9_room1_mix042,30,4,-168,-1
fold9_room1_mix042,31,4,-168,-1
fold9_room1_mix042,32,4,-167,-1
fold9_room1_mix042,33,4,-167,-1
fold9_room1_mix042,34,4,-167,-1
fold9_room1_mix042,35,4,-166,-1
fold9_room1_mix042,36,4,-166,-1
fold9_room1_mix042,37,4,-166,-1
fold9_room1_mix042,38,4,-166,-1
fold9_room1_mix042,39,4,-165,-1
fold9_room1_mix042,40,4,-165,-1
fold9_room1_mix042,41,4,-165,-1
fold9_room1_mix042,42,4,-165,-1
fold9_room1_mix042,43,4,-164,-1
fold9_room1_mix042,44,4,-164,-1
fold9_room1_mix042,45,4,-164,-1
fold9_room1_mix042,46,4,-163,-1
fold9_room1_mix042,47,4,-163,-1
fold9_room1_mix042,48,4,-163,-1
fold9_room1_mix042,49,4,-162,-1
fold9_room1_mix042,50,4,-162,-1
fold9_room1_mix042,51,4,-161,-2
fold9_room1_mix042,52,4,-160,-2
fold9_room1_mix042,53,4,-160,-2
fold9_room1_mix042,54,4,-159,-2
fold9_room1_mix042,55,4,-159,-2
fold9_room1_mix042,56,4,-159,-2
fold9_room1_mix042,57,4,-158,-2
fold9_room1_mix042,58,4,-157,-2
fold9_room1_mix042,59,4,-157,-2
fold9_room1_mix042,60,4,-156,-2
fold9_room1_mix042,61,4,-155,-2
fold9_room1_mix042,62,4,-155,-2
fold9_room1_mix042,63,4,-154,-2
fold9_room1_mix042,64,4,-153,-2
fold9_room1_mix042,65,4,-152,-2
fold9_room1_mix042,66,4,-152,-2
fold9_room1_mix042,67,4,-151,-2
fold9_room1_mix042,68,4,-150,-2
fold9_room1_mix042,69,4,-149,-2
fold9_room1_mix042,70,4,-147,-2
fold9_room1_mix042,71,4,-146,-3
fold9_room1_mix042,72,4,-144,-3
fold9_room1_mix042,73,4,-143,-3
fold9_room1_mix042,74,4,-142,-3
fold9_room1_mix042,75,4,-140,-3
fold9_room1_mix042,76,4,-138,-3
fold9_room1_mix042,77,4,-136,-3
fold9_room1_mix042,78,4,-134,-3
fold9_room1_mix042,79,4,-131,-3
fold9_room1_mix042,80,4,-129,-4
fold9_room1_mix042,81,4,-126,-4
fold9_room1_mix042,82,4,-123,-4
fold9_room1_mix042,83,4,-120,-5
fold9_room1_mix042,84,4,-116,-5
fold9_room1_mix042,85,4,-113,-6
fold9_room1_mix042,86,4,-109,-6
fold9_room1_mix042,87,4,-105,-7
fold9_room1_mix042,88,4,-101,-8
fold9_room1_mix042,89,4,-97,-8
fold9_room1_mix042,90,4,-92,-9
fold9_room1_mix042,91,4,-88,-9
fold9_room1_mix042,92,4,-84,-9
fold9_room1_mix042,93,4,-80,-9
fold9_room1_mix042,94,4,-76,-9
fold9_room1_mix042,95,4,-72,-10
fold9_room1_mix042,96,4,-68,-10
fold9_room1_mix042,97,4,-64,-10
fold9_room1_mix042,98,4,-60,-10
fold9_room1_mix042,99,4,-56,-9
fold9_room1_mix043,1,4,172,0
fold9_room1_mix043,2,4,174,0
fold9_room1_mix043,3,4,173,0
fold9_room1_mix043,4,4,172,0
fold9_room1_mix043,5,4,171,0
fold9_room1_mix043,6,4,171,0
fold9_room1_mix043,7,4,171,0
fold9_room1_mix043,8,4,171,0
fold9_room1_mix043,9,4,171,0
fold9_room1_mix043,10,4,171,0
fold9_room1_mix043,11,4,171,0
fold9_room1_mix043,12,4,171,0
fold9_room1_mix043,13,4,170,0
fold9_room1_mix043,14,4,170,0
fold9_room1_mix043,15,4,170,0
fold9_room1_mix043,16,4,170,0
fold9_room1_mix043,17,4,169,0
fold9_room1_mix043,18,4,169,0
fold9_room1_mix043,19,4,169,0
fold9_room1_mix043,20,4,169,0
fold9_room1_mix043,21,4,168,0
fold9_room1_mix043,22,4,168,0
fold9_room1_mix043,23,4,168,0
fold9_room1_mix043,24,4,168,0
fold9_room1_mix043,25,4,168,0
fold9_room1_mix043,26,4,168,0
fold9_room1_mix043,27,4,167,0
fold9_room1_mix043,28,4,167,0
fold9_room1_mix043,29,4,167,0
fold9_room1_mix043,30,4,167,0
fold9_room1_mix043,31,4,166,0
fold9_room1_mix043,32,4,166,-1
fold9_room1_mix043,33,4,165,-1
fold9_room1_mix043,34,4,165,-1
fold9_room1_mix043,35,4,164,-1
fold9_room1_mix043,36,4,164,-1
fold9_room1_mix043,37,4,163,-1
fold9_room1_mix043,38,4,163,-1
fold9_room1_mix043,39,4,162,-1
fold9_room1_mix043,40,4,162,-1
fold9_room1_mix043,41,4,161,-1
fold9_room1_mix043,42,4,160,-1
fold9_room1_mix043,43,4,160,-1
fold9_room1_mix043,44,4,159,-1
fold9_room1_mix043,45,4,158,-1
fold9_room1_mix043,46,4,157,-1
fold9_room1_mix043,47,4,156,-1
fold9_room1_mix043,48,4,155,-1
fold9_room1_mix043,49,4,154,-1
fold9_room1_mix043,50,4,153,-1
fold9_room1_mix043,51,4,152,-2
fold9_room1_mix043,52,4,151,-2
fold9_room1_mix043,53,4,149,-2
fold9_room1_mix043,54,4,147,-2
fold9_room1_mix043,55,4,145,-2
fold9_room1_mix043,56,4,142,-2
fold9_room1_mix043,57,4,139,-2
fold9_room1_mix043,58,4,135,-3
fold9_room1_mix043,59,4,131,-3
fold9_room1_mix043,60,4,126,-3
fold9_room1_mix043,61,4,122,-3
fold9_room1_mix043,62,4,117,-4
fold9_room1_mix043,63,4,111,-4
fold9_room1_mix043,64,4,105,-5
fold9_room1_mix043,65,4,99,-5
fold9_room1_mix043,66,4,93,-5
fold9_room1_mix043,67,4,86,-6
fold9_room1_mix043,68,4,80,-6
fold9_room1_mix043,69,4,75,-6
fold9_room1_mix043,70,4,70,-6
fold9_room1_mix043,71,4,65,-6
fold9_room1_mix043,72,4,61,-6
fold9_room1_mix043,73,4,58,-6
fold9_room1_mix043,74,4,54,-6
fold9_room1_mix043,75,4,51,-6
fold9_room1_mix043,76,4,49,-5
fold9_room1_mix043,77,4,46,-5
fold9_room1_mix043,78,4,43,-5
fold9_room1_mix043,79,4,41,-5
fold9_room1_mix043,80,4,39,-4
fold9_room1_mix043,81,4,37,-4
fold9_room1_mix043,82,4,35,-4
fold9_room1_mix043,83,4,33,-4
fold9_room1_mix043,84,4,31,-4
fold9_room1_mix043,85,4,29,-3
fold9_room1_mix043,86,4,27,-3
fold9_room1_mix043,87,4,26,-3
fold9_room1_mix043,88,4,24,-3
fold9_room1_mix043,89,4,23,-3
fold9_room1_mix043,90,4,22,-3
fold9_room1_mix043,91,4,21,-2
fold9_room1_mix043,92,4,21,-2
fold9_room1_mix043,93,4,20,-2
fold9_room1_mix043,94,4,19,-2
fold9_room1_mix043,95,4,18,-2
fold9_room1_mix043,96,4,18,-2
fold9_room1_mix043,97,4,17,-2
fold9_room1_mix043,98,4,17,-2
fold9_room1_mix043,99,4,16,-2
fold9_room1_mix044,2,4,-3,0
fold9_room1_mix044,3,4,-5,0
fold9_room1_mix044,4,4,-7,0
fold9_room1_mix044,5,4,-7,-1
fold9_room1_mix044,6,4,-7,-1
fold9_room1_mix044,7,4,-7,-1
fold9_room1_mix044,8,4,-7,-1
fold9_room1_mix044,9,4,-7,-1
fold9_room1_mix044,10,4,-7,-1
fold9_room1_mix044,11,4,-8,-1
fold9_room1_mix044,12,4,-8,-1
fold9_room1_mix044,13,4,-8,-1
fold9_room1_mix044,14,4,-8,-1
fold9_room1_mix044,15,4,-8,-1
fold9_room1_mix044,16,4,-9,-1
fold9_room1_mix044,17,4,-9,-1
fold9_room1_mix044,18,4,-9,-1
fold9_room1_mix044,19,4,-9,-1
fold9_room1_mix044,20,4,-9,-1
fold9_room1_mix044,21,4,-9,-1
fold9_room1_mix044,22,4,-9,-1
fold9_room1_mix044,23,4,-10,-1
fold9_room1_mix044,24,4,-10,-1
fold9_room1_mix044,25,4,-10,-1
fold9_room1_mix044,26,4,-11,-1
fold9_room1_mix044,27,4,-11,-1
fold9_room1_mix044,28,4,-12,-1
fold9_room1_mix044,29,4,-12,-1
fold9_room1_mix044,30,4,-12,-1
fold9_room1_mix044,31,4,-13,-1
fold9_room1_mix044,32,4,-13,-1
fold9_room1_mix044,33,4,-14,-1
fold9_room1_mix044,34,4,-14,-2
fold9_room1_mix044,35,4,-15,-2
fold9_room1_mix044,36,4,-15,-2
fold9_room1_mix044,37,4,-16,-2
fold9_room1_mix044,38,4,-17,-2
fold9_room1_mix044,39,4,-18,-2
fold9_room1_mix044,40,4,-19,-2
fold9_room1_mix044,41,4,-20,-2
fold9_room1_mix044,42,4,-21,-3
fold9_room1_mix044,43,4,-22,-3
fold9_room1_mix044,44,4,-23,-3
fold9_room1_mix044,45,4,-25,-3
fold9_room1_mix044,46,4,-26,-3
fold9_room1_mix044,47,4,-28,-3
fold9_room1_mix044,48,4,-30,-4
fold9_room1_mix044,49,4,-33,-4
fold9_room1_mix044,50,4,-35,-4
fold9_room1_mix044,51,4,-37,-4
fold9_room1_mix044,52,4,-39,-5
fold9_room1_mix044,53,4,-42,-5
fold9_room1_mix044,54,4,-45,-5
fold9_room1_mix044,55,4,-48,-6
fold9_room1_mix044,56,4,-52,-6
fold9_room1_mix044,57,4,-57,-6
fold9_room1_mix044,58,4,-62,-6
fold9_room1_mix044,59,4,-68,-6
fold9_room1_mix044,60,4,-75,-6
fold9_room1_mix044,61,4,-83,-6
fold9_room1_mix044,62,4,-91,-5
fold9_room1_mix044,63,4,-100,-5
fold9_room1_mix044,64,4,-109,-4
fold9_room1_mix044,65,4,-117,-4
fold9_room1_mix044,66,4,-123,-4
fold9_room1_mix044,67,4,-128,-3
fold9_room1_mix044,68,4,-133,-3
fold9_room1_mix044,69,4,-137,-3
fold9_room1_mix044,70,4,-140,-3
fold9_room1_mix044,71,4,-143,-2
fold9_room1_mix044,72,4,-146,-2
fold9_room1_mix044,73,4,-148,-2
fold9_room1_mix044,74,4,-150,-2
fold9_room1_mix044,75,4,-152,-2
fold9_room1_mix044,76,4,-154,-2
fold9_room1_mix044,77,4,-155,-1
fold9_room1_mix044,78,4,-157,-1
fold9_room1_mix044,79,4,-158,-1
fold9_room1_mix044,80,4,-160,-1
fold9_room1_mix044,81,4,-161,-1
fold9_room1_mix044,82,4,-162,-1
fold9_room1_mix044,83,4,-163,-1
fold9_room1_mix044,84,4,-164,-1
fold9_room1_mix044,85,4,-164,-1
fold9_room1_mix044,86,4,-165,-1
fold9_room1_mix044,87,4,-165,-1
fold9_room1_mix044,88,4,-166,0
fold9_room1_mix044,89,4,-166,0
fold9_room1_mix044,90,4,-167,0
fold9_room1_mix044,91,4,-167,0
fold9_room1_mix044,92,4,-168,0
fold9_room1_mix044,93,4,-168,0
fold9_room1_mix044,94,4,-168,0
fold9_room1_mix044,95,4,-168,0
fold9_room1_mix044,96,4,-168,0
fold9_room1_mix044,97,4,-168,0
fold9_room1_mix044,98,4,-168,0
fold9_room1_mix044,99,4,-169,0
fold9_room1_mix045,2,4,176,0
fold9_room1_mix045,3,4,175,0
fold9_room1_mix045,4,4,173,0
fold9_room1_mix045,5,4,173,0
fold9_room1_mix045,6,4,173,0
fold9_room1_mix045,7,4,173,0
fold9_room1_mix045,8,4,173,0
fold9_room1_mix045,9,4,173,0
fold9_room1_mix045,10,4,173,0
fold9_room1_mix045,11,4,173,0
fold9_room1_mix045,12,4,173,0
fold9_room1_mix045,13,4,173,0
fold9_room1_mix045,14,4,173,0
fold9_room1_mix045,15,4,172,0
fold9_room1_mix045,16,4,172,0
fold9_room1_mix045,17,4,172,0
fold9_room1_mix045,18,4,172,0
fold9_room1_mix045,19,4,171,0
fold9_room1_mix045,20,4,171,0
fold9_room1_mix045,21,4,171,0
fold9_room1_mix045,22,4,171,0
fold9_room1_mix045,23,4,171,0
fold9_room1_mix045,24,4,171,0
fold9_room1_mix045,25,4,171,0
fold9_room1_mix045,26,4,170,0
fold9_room1_mix045,27,4,170,0
fold9_room1_mix045,28,4,170,0
fold9_room1_mix045,29,4,170,0
fold9_room1_mix045,30,4,170,0
fold9_room1_mix045,31,4,169,0
fold9_room1_mix045,32,4,169,0
fold9_room1_mix045,33,4,169,-1
fold9_room1_mix045,34,4,168,-1
fold9_room1_mix045,35,4,168,-1
fold9_room1_mix045,36,4,168,-1
fold9_room1_mix045,37,4,167,-1
fold9_room1_mix045,38,4,167,-1
fold9_room1_mix045,39,4,166,-1
fold9_room1_mix045,40,4,166,-1
fold9_room1_mix045,41,4,165,-1
fold9_room1_mix045,42,4,165,-1
fold9_room1_mix045,43,4,164,-1
fold9_room1_mix045,44,4,163,-1
fold9_room1_mix045,45,4,163,-1
fold9_room1_mix045,46,4,162,-1
fold9_room1_mix045,47,4,161,-1
fold9_room1_mix045,48,4,161,-1
fold9_room1_mix045,49,4,160,-1
fold9_room1_mix045,50,4,159,-1
fold9_room1_mix045,51,4,158,-1
fold9_room1_mix045,52,4,157,-1
fold9_room1_mix045,53,4,156,-2
fold9_room1_mix045,54,4,155,-2
fold9_room1_mix045,55,4,153,-2
fold9_room1_mix045,56,4,151,-2
fold9_room1_mix045,57,4,149,-2
fold9_room1_mix045,58,4,147,-3
fold9_room1_mix045,59,4,143,-3
fold9_room1_mix045,60,4,140,-3
fold9_room1_mix045,61,4,136,-4
fold9_room1_mix045,62,4,131,-4
fold9_room1_mix045,63,4,125,-4
fold9_room1_mix045,64,4,118,-5
fold9_room1_mix045,65,4,112,-6
fold9_room1_mix045,66,4,104,-6
fold9_room1_mix045,67,4,95,-7
fold9_room1_mix045,68,4,86,-7
fold9_room1_mix045,69,4,78,-8
fold9_room1_mix045,70,4,71,-8
fold9_room1_mix045,71,4,65,-8
fold9_room1_mix045,72,4,60,-8
fold9_room1_mix045,73,4,55,-7
fold9_room1_mix045,74,4,51,-7
fold9_room1_mix045,75,4,47,-7
fold9_room1_mix045,76,4,44,-6
fold9_room1_mix045,77,4,42,-5
fold9_room1_mix045,78,4,39,-5
fold9_room1_mix045,79,4,37,-5
fold9_room1_mix045,80,4,34,-5
fold9_room1_mix045,81,4,32,-4
fold9_room1_mix045,82,4,30,-4
fold9_room1_mix045,83,4,28,-4
fold9_room1_mix045,84,4,26,-4
fold9_room1_mix045,85,4,24,-4
fold9_room1_mix045,86,4,23,-3
fold9_room1_mix045,87,4,22,-3
fold9_room1_mix045,88,4,21,-3
fold9_room1_mix045,89,4,20,-3
fold9_room1_mix045,90,4,19,-3
fold9_room1_mix045,91,4,18,-3
fold9_room1_mix045,92,4,17,-2
fold9_room1_mix045,93,4,16,-2
fold9_room1_mix045,94,4,15,-2
fold9_room1_mix045,95,4,15,-2
fold9_room1_mix045,96,4,14,-2
fold9_room1_mix045,97,4,13,-2
fold9_room1_mix045,98,4,13,-2
fold9_room1_mix045,99,4,12,-1
fold9_room1_mix046,0,4,-22,-2
fold9_room1_mix046,1,4,-22,-2
fold9_room1_mix046,2,4,-22,-2
fold9_room1_mix046,3,4,-23,-2
fold9_room1_mix046,4,4,-24,-2
fold9_room1_mix046,5,4,-25,-2
fold9_room1_mix046,6,4,-26,-3
fold9_room1_mix046,7,4,-27,-3
fold9_room1_mix046,8,4,-28,-3
fold9_room1_mix046,9,4,-28,-3
fold9_room1_mix046,10,4,-28,-3
fold9_room1_mix046,11,4,-28,-3
fold9_room1_mix046,12,4,-29,-3
fold9_room1_mix046,13,4,-29,-3
fold9_room1_mix046,14,4,-30,-3
fold9_room1_mix046,15,4,-30,-3
fold9_room1_mix046,16,4,-30,-3
fold9_room1_mix046,17,4,-30,-3
fold9_room1_mix046,18,4,-31,-3
fold9_room1_mix046,19,4,-31,-3
fold9_room1_mix046,20,4,-32,-3
fold9_room1_mix046,21,4,-32,-3
fold9_room1_mix046,22,4,-33,-3
fold9_room1_mix046,23,4,-34,-4
fold9_room1_mix046,24,4,-34,-4
fold9_room1_mix046,25,4,-35,-4
fold9_room1_mix046,26,4,-36,-4
fold9_room1_mix046,27,4,-37,-4
fold9_room1_mix046,28,4,-37,-4
fold9_room1_mix046,29,4,-38,-4
fold9_room1_mix046,30,4,-39,-4
fold9_room1_mix046,31,4,-39,-4
fold9_room1_mix046,32,4,-39,-4
fold9_room1_mix046,33,4,-39,-4
fold9_room1_mix046,34,4,-40,-4
fold9_room1_mix046,35,4,-40,-4
fold9_room1_mix046,36,4,-41,-4
fold9_room1_mix046,37,4,-41,-5
fold9_room1_mix046,38,4,-42,-5
fold9_room1_mix046,39,4,-43,-5
fold9_room1_mix046,40,4,-43,-5
fold9_room1_mix046,41,4,-44,-5
fold9_room1_mix046,42,4,-44,-5
fold9_room1_mix046,43,4,-45,-5
fold9_room1_mix046,44,4,-46,-5
fold9_room1_mix046,45,4,-47,-5
fold9_room1_mix046,46,4,-48,-6
fold9_room1_mix046,47,4,-49,-6
fold9_room1_mix046,48,4,-50,-6
fold9_room1_mix046,49,4,-51,-6
fold9_room1_mix046,50,4,-52,-6
fold9_room1_mix046,51,4,-53,-6
fold9_room1_mix046,52,4,-54,-6
fold9_room1_mix046,53,4,-55,-6
fold9_room1_mix046,54,4,-55,-6
fold9_room1_mix046,55,4,-55,-7
fold9_room1_mix046,56,4,-56,-7
fold9_room1_mix046,57,4,-57,-7
fold9_room1_mix046,58,4,-58,-7
fold9_room1_mix046,59,4,-59,-7
fold9_room1_mix046,60,4,-60,-7
fold9_room1_mix046,61,4,-61,-7
fold9_room1_mix046,62,4,-63,-7
fold9_room1_mix046,63,4,-64,-7
fold9_room1_mix046,64,4,-65,-7
fold9_room1_mix046,65,4,-66,-7
fold9_room1_mix046,66,4,-67,-7
fold9_room1_mix046,67,4,-69,-7
fold9_room1_mix046,68,4,-70,-7
fold9_room1_mix046,69,4,-72,-7
fold9_room1_mix046,70,4,-74,-7
fold9_room1_mix046,71,4,-76,-7
fold9_room1_mix046,72,4,-78,-7
fold9_room1_mix046,73,4,-80,-7
fold9_room1_mix046,74,4,-82,-7
fold9_room1_mix046,75,4,-84,-7
fold9_room1_mix046,76,4,-85,-6
fold9_room1_mix046,77,4,-87,-6
fold9_room1_mix046,78,4,-89,-6
fold9_room1_mix046,79,4,-90,-6
fold9_room1_mix046,80,4,-91,-6
fold9_room1_mix046,81,4,-92,-5
fold9_room1_mix046,82,4,-94,-5
fold9_room1_mix046,83,4,-95,-5
fold9_room1_mix046,84,4,-97,-5
fold9_room1_mix046,85,4,-99,-5
fold9_room1_mix046,86,4,-101,-4
fold9_room1_mix046,87,4,-104,-4
fold9_room1_mix046,88,4,-106,-4
fold9_room1_mix046,89,4,-108,-4
fold9_room1_mix046,90,4,-110,-4
fold9_room1_mix046,91,4,-112,-4
fold9_room1_mix046,92,4,-114,-3
fold9_room1_mix046,93,4,-116,-3
fold9_room1_mix046,94,4,-117,-3
fold9_room1_mix046,95,4,-119,-3
fold9_room1_mix046,96,4,-120,-3
fold9_room1_mix046,97,4,-121,-3
fold9_room1_mix046,98,4,-122,-3
fold9_room1_mix046,99,4,-124,-3
fold9_room1_mix047,1,4,173,-1
fold9_room1_mix047,2,4,175,0
fold9_room1_mix047,3,4,175,0
fold9_room1_mix047,4,4,174,0
fold9_room1_mix047,5,4,174,-1
fold9_room1_mix047,6,4,174,-1
fold9_room1_mix047,7,4,174,-1
fold9_room1_mix047,8,4,174,-1
fold9_room1_mix047,9,4,174,-1
fold9_room1_mix047,10,4,173,-1
fold9_room1_mix047,11,4,173,-1
fold9_room1_mix047,12,4,173,-1
fold9_room1_mix047,13,4,173,-1
fold9_room1_mix047,14,4,173,-1
fold9_room1_mix047,15,4,173,-1
fold9_room1_mix047,16,4,172,-1
fold9_room1_mix047,17,4,172,-1
fold9_room1_mix047,18,4,172,-1
fold9_room1_mix047,19,4,172,-1
fold9_room1_mix047,20,4,172,-1
fold9_room1_mix047,21,4,172,-1
fold9_room1_mix047,22,4,172,-1
fold9_room1_mix047,23,4,172,-1
fold9_room1_mix047,24,4,172,-1
fold9_room1_mix047,25,4,171,-1
fold9_room1_mix047,26,4,171,-1
fold9_room1_mix047,27,4,171,-1
fold9_room1_mix047,28,4,171,-1
fold9_room1_mix047,29,4,171,-1
fold9_room1_mix047,30,4,171,-1
fold9_room1_mix047,31,4,170,-1
fold9_room1_mix047,32,4,170,-1
fold9_room1_mix047,33,4,170,-1
fold9_room1_mix047,34,4,170,-1
fold9_room1_mix047,35,4,170,-1
fold9_room1_mix047,36,4,169,-1
fold9_room1_mix047,37,4,169,-1
fold9_room1_mix047,38,4,169,-1
fold9_room1_mix047,39,4,169,-1
fold9_room1_mix047,40,4,169,-1
fold9_room1_mix047,41,4,168,-1
fold9_room1_mix047,42,4,168,-1
fold9_room1_mix047,43,4,168,-1
fold9_room1_mix047,44,4,168,-1
fold9_room1_mix047,45,4,167,-2
fold9_room1_mix047,46,4,167,-2
fold9_room1_mix047,47,4,166,-2
fold9_room1_mix047,48,4,166,-2
fold9_room1_mix047,49,4,165,-2
fold9_room1_mix047,50,4,165,-2
fold9_room1_mix047,51,4,164,-2
fold9_room1_mix047,52,4,164,-2
fold9_room1_mix047,53,4,163,-2
fold9_room1_mix047,54,4,163,-2
fold9_room1_mix047,55,4,162,-2
fold9_room1_mix047,56,4,161,-2
fold9_room1_mix047,57,4,160,-3
fold9_room1_mix047,58,4,158,-3
fold9_room1_mix047,59,4,157,-3
fold9_room1_mix047,60,4,155,-3
fold9_room1_mix047,61,4,154,-3
fold9_room1_mix047,62,4,152,-4
fold9_room1_mix047,63,4,151,-4
fold9_room1_mix047,64,4,149,-4
fold9_room1_mix047,65,4,146,-5
fold9_room1_mix047,66,4,143,-5
fold9_room1_mix047,67,4,139,-6
fold9_room1_mix047,68,4,135,-6
fold9_room1_mix047,69,4,130,-7
fold9_room1_mix047,70,4,124,-7
fold9_room1_mix047,71,4,117,-8
fold9_room1_mix047,72,4,111,-9
fold9_room1_mix047,73,4,104,-11
fold9_room1_mix047,74,4,96,-12
fold9_room1_mix047,75,4,88,-13
fold9_room1_mix047,76,4,80,-13
fold9_room1_mix047,77,4,73,-14
fold9_room1_mix047,78,4,67,-14
fold9_room1_mix047,79,4,62,-14
fold9_room1_mix047,80,4,57,-13
fold9_room1_mix047,81,4,52,-12
fold9_room1_mix047,82,4,48,-12
fold9_room1_mix047,83,4,45,-11
fold9_room1_mix047,84,4,42,-11
fold9_room1_mix047,85,4,39,-10
fold9_room1_mix047,86,4,37,-10
fold9_room1_mix047,87,4,34,-9
fold9_room1_mix047,88,4,32,-9
fold9_room1_mix047,89,4,31,-8
fold9_room1_mix047,90,4,29,-8
fold9_room1_mix047,91,4,28,-8
fold9_room1_mix047,92,4,26,-7
fold9_room1_mix047,93,4,25,-7
fold9_room1_mix047,94,4,24,-7
fold9_room1_mix047,95,4,23,-6
fold9_room1_mix047,96,4,21,-6
fold9_room1_mix047,97,4,20,-6
fold9_room1_mix047,98,4,19,-5
fold9_room1_mix047,99,4,18,-5
fold9_room1_mix048,2,4,-177,0
fold9_room1_mix048,3,4,-176,0
fold9_room1_mix048,4,4,-174,0
fold9_room1_mix048,5,4,-174,0
fold9_room1_mix048,6,4,-174,0
fold9_room1_mix048,7,4,-174,0
fold9_room1_mix048,8,4,-175,0
fold9_room1_mix048,9,4,-175,0
fold9_room1_mix048,10,4,-175,0
fold9_room1_mix048,11,4,-175,0
fold9_room1_mix048,12,4,-175,0
fold9_room1_mix048,13,4,-175,0
fold9_room1_mix048,14,4,-175,0
fold9_room1_mix048,15,4,-175,0
fold9_room1_mix048,16,4,-175,0
fold9_room1_mix048,17,4,-175,0
fold9_room1_mix048,18,4,-175,0
fold9_room1_mix048,19,4,-175,0
fold9_room1_mix048,20,4,-174,0
fold9_room1_mix048,21,4,-174,0
fold9_room1_mix048,22,4,-174,0
fold9_room1_mix048,23,4,-174,0
fold9_room1_mix048,24,4,-174,0
fold9_room1_mix048,25,4,-174,0
fold9_room1_mix048,26,4,-174,0
fold9_room1_mix048,27,4,-174,0
fold9_room1_mix048,28,4,-174,0
fold9_room1_mix048,29,4,-174,0
fold9_room1_mix048,30,4,-174,0
fold9_room1_mix048,31,4,-174,0
fold9_room1_mix048,32,4,-174,0
fold9_room1_mix048,33,4,-174,0
fold9_room1_mix048,34,4,-174,0
fold9_room1_mix048,35,4,-174,0
fold9_room1_mix048,36,4,-173,0
fold9_room1_mix048,37,4,-173,0
fold9_room1_mix048,38,4,-173,0
fold9_room1_mix048,39,4,-173,0
fold9_room1_mix048,40,4,-173,0
fold9_room1_mix048,41,4,-173,0
fold9_room1_mix048,42,4,-173,0
fold9_room1_mix048,43,4,-173,0
fold9_room1_mix048,44,4,-172,0
fold9_room1_mix048,45,4,-172,0
fold9_room1_mix048,46,4,-172,0
fold9_room1_mix048,47,4,-171,0
fold9_room1_mix048,48,4,-171,-1
fold9_room1_mix048,49,4,-171,-1
fold9_room1_mix048,50,4,-171,-1
fold9_room1_mix048,51,4,-170,-1
fold9_room1_mix048,52,4,-170,-1
fold9_room1_mix048,53,4,-170,-1
fold9_room1_mix048,54,4,-169,-1
fold9_room1_mix048,55,4,-169,-1
fold9_room1_mix048,56,4,-169,-1
fold9_room1_mix048,57,4,-168,-1
fold9_room1_mix048,58,4,-168,-1
fold9_room1_mix048,59,4,-168,-1
fold9_room1_mix048,60,4,-167,-1
fold9_room1_mix048,61,4,-167,-1
fold9_room1_mix048,62,4,-167,-1
fold9_room1_mix048,63,4,-166,-1
fold9_room1_mix048,64,4,-166,-1
fold9_room1_mix048,65,4,-166,-1
fold9_room1_mix048,66,4,-165,-1
fold9_room1_mix048,67,4,-164,-1
fold9_room1_mix048,68,4,-164,-1
fold9_room1_mix048,69,4,-163,-1
fold9_room1_mix048,70,4,-162,-1
fold9_room1_mix048,71,4,-161,-2
fold9_room1_mix048,72,4,-159,-2
fold9_room1_mix048,73,4,-158,-2
fold9_room1_mix048,74,4,-157,-2
fold9_room1_mix048,75,4,-155,-2
fold9_room1_mix048,76,4,-153,-2
fold9_room1_mix048,77,4,-151,-2
fold9_room1_mix048,78,4,-148,-3
fold9_room1_mix048,79,4,-146,-3
fold9_room1_mix048,80,4,-144,-3
fold9_room1_mix048,81,4,-141,-3
fold9_room1_mix048,82,4,-137,-3
fold9_room1_mix048,83,4,-132,-4
fold9_room1_mix048,84,4,-127,-4
fold9_room1_mix048,85,4,-120,-5
fold9_room1_mix048,86,4,-112,-6
fold9_room1_mix048,87,4,-104,-7
fold9_room1_mix048,88,4,-95,-8
fold9_room1_mix048,89,4,-85,-8
fold9_room1_mix048,90,4,-75,-9
fold9_room1_mix048,91,4,-67,-9
fold9_room1_mix048,92,4,-63,-9
fold9_room1_mix048,93,4,-58,-9
fold9_room1_mix048,94,4,-53,-9
fold9_room1_mix048,95,4,-49,-8
fold9_room1_mix048,96,4,-45,-8
fold9_room1_mix048,97,4,-42,-8
fold9_room1_mix048,98,4,-38,-7
fold9_room1_mix048,99,4,-35,-6
