fold2_room1_mix0063,1,1,0,109,-2,7.63
fold2_room1_mix0063,2,1,0,120,-1,10.16
fold2_room1_mix0063,12,3,0,111,-2,10.74
fold2_room1_mix0063,13,3,0,113,-3,8.74
fold2_room1_mix0063,14,3,0,110,-2,10.27
fold2_room1_mix0063,15,3,0,108,-2,10.62
fold2_room1_mix0063,16,3,0,107,-3,9.70
fold2_room1_mix0063,17,3,0,107,-2,10.70
fold2_room1_mix0063,18,3,0,111,-2,11.11
fold2_room1_mix0063,19,3,0,100,-2,10.75
fold2_room1_mix0063,20,3,0,107,-2,10.73
fold2_room1_mix0063,21,3,0,104,-2,9.01
fold2_room1_mix0063,22,3,0,102,-2,9.18
fold2_room1_mix0063,23,3,0,107,-2,9.38
fold2_room1_mix0063,24,3,0,107,-2,7.27
fold2_room1_mix0063,25,3,0,104,-1,3.97
fold2_room1_mix0063,81,4,0,-78,-5,1.86
fold2_room1_mix0063,82,4,0,-96,-6,1.46
fold2_room1_mix0063,83,4,0,-128,-5,0.66
fold2_room1_mix0078,1,1,0,112,-2,4.55
fold2_room1_mix0090,1,1,0,119,-1,4.30
fold2_room1_mix0090,57,4,0,15,-2,4.00
fold2_room1_mix0090,58,4,0,15,-2,3.14
fold2_room1_mix0090,59,4,0,14,-3,4.67
fold2_room1_mix0090,60,4,0,21,-4,4.08
fold2_room1_mix0090,61,4,0,24,-5,3.92
fold2_room1_mix0090,62,4,0,29,-6,3.67
fold2_room1_mix0090,63,4,0,36,-8,3.24
fold2_room1_mix0090,64,4,0,55,-12,2.09
fold2_room1_mix0090,65,4,0,87,-16,1.78
fold2_room1_mix0090,66,4,0,117,-13,1.85
fold2_room1_mix0090,67,4,0,136,-9,2.37
fold2_room1_mix0090,68,4,0,145,-8,2.85
fold2_room1_mix0090,69,4,0,151,-5,3.65
fold2_room1_mix0090,70,4,0,157,-4,4.66
fold2_room1_mix0090,71,4,0,160,-4,5.40
fold2_room1_mix0090,72,4,0,163,-3,6.23
fold2_room1_mix0090,73,4,0,164,-3,6.82
fold2_room1_mix0090,74,4,0,164,-2,5.78
fold2_room1_mix0090,75,4,0,168,-1,2.55
fold2_room1_mix0090,76,4,0,168,-1,1.14
fold2_room1_mix0102,67,4,0,-7,-5,1.61
fold2_room1_mix0102,68,4,0,-6,-4,2.15
fold2_room1_mix0102,69,4,0,-14,-6,2.46
fold2_room1_mix0102,70,4,0,-22,-11,1.82
fold2_room1_mix0102,71,4,0,-47,-28,1.39
fold2_room1_mix0102,72,4,0,-114,-37,1.01
fold2_room1_mix0102,73,4,0,-148,-25,1.54
fold2_room1_mix0102,74,4,0,-173,-13,2.50
fold2_room1_mix0102,75,4,0,-169,-9,3.11
fold2_room1_mix0102,76,4,0,-171,-8,4.07
fold2_room1_mix0102,77,4,0,-171,-5,5.11
fold2_room1_mix0102,78,4,0,-174,-5,1.71
fold2_room1_mix0102,79,4,0,-175,-3,1.85
fold2_room1_mix0102,80,4,0,-176,-3,1.04
fold2_room1_mix0104,0,2,0,118,-2,4.37
fold2_room1_mix0104,1,2,0,127,-2,5.48
fold2_room1_mix0104,2,2,0,128,-2,5.55
fold2_room1_mix0104,3,2,0,125,-3,6.13
fold2_room1_mix0104,4,2,0,124,-3,6.71
fold2_room1_mix0104,5,2,0,125,-3,8.08
fold2_room1_mix0104,6,2,0,124,-3,8.68
fold2_room1_mix0104,7,2,0,122,-2,9.35
fold2_room1_mix0104,8,2,0,124,-2,8.18
fold2_room1_mix0104,9,2,0,109,-3,7.59
fold2_room1_mix0104,10,2,0,119,-3,5.90
fold2_room1_mix0104,11,2,0,115,-3,5.49
fold2_room1_mix0104,12,2,0,115,-3,5.84
fold2_room1_mix0104,13,2,0,115,-3,5.87
fold2_room1_mix0104,14,2,0,119,-4,5.56
fold2_room1_mix0104,15,2,0,117,-4,5.58
fold2_room1_mix0104,16,2,0,112,-4,6.16
fold2_room1_mix0104,17,2,0,115,-4,5.58
fold2_room1_mix0104,18,2,0,118,-3,5.48
fold2_room1_mix0104,19,2,0,116,-4,4.77
fold2_room1_mix0104,20,2,0,114,-3,6.39
fold2_room1_mix0104,21,2,0,112,-4,5.69
fold2_room1_mix0104,22,2,0,109,-4,4.93
fold2_room1_mix0104,23,2,0,109,-4,5.58
fold2_room1_mix0104,24,2,0,111,-4,5.46
fold2_room1_mix0104,25,2,0,107,-4,6.04
fold2_room1_mix0104,26,2,0,103,-4,6.54
fold2_room1_mix0104,27,2,0,109,-4,6.14
fold2_room1_mix0104,28,2,0,99,-4,5.10
fold2_room1_mix0104,29,2,0,97,-4,3.94
fold2_room1_mix0104,30,2,0,100,-4,5.63
fold2_room1_mix0104,31,2,0,98,-4,6.26
fold2_room1_mix0104,32,2,0,93,-4,5.88
fold2_room1_mix0104,33,2,0,91,-4,6.03
fold2_room1_mix0104,34,2,0,90,-4,6.30
fold2_room1_mix0104,35,2,0,86,-4,6.20
fold2_room1_mix0104,36,2,0,81,-4,6.59
fold2_room1_mix0104,37,2,0,81,-4,5.82
fold2_room1_mix0104,38,2,0,76,-4,4.47
fold2_room1_mix0104,41,2,0,81,-4,6.46
fold2_room1_mix0104,42,2,0,81,-4,5.98
fold2_room1_mix0104,43,2,0,79,-4,6.26
fold2_room1_mix0104,44,2,0,82,-4,5.74
fold2_room1_mix0104,45,2,0,81,-4,6.16
fold2_room1_mix0104,46,2,0,77,-4,6.58
fold2_room1_mix0104,47,2,0,77,-4,5.62
fold2_room1_mix0104,48,2,0,75,-4,5.73
fold2_room1_mix0104,48,4,0,1,-2,0.87
fold2_room1_mix0104,49,2,0,77,-4,5.59
fold2_room1_mix0104,49,4,0,-1,-3,1.04
fold2_room1_mix0104,50,2,0,77,-4,4.37
fold2_room1_mix0104,50,4,0,-2,-3,1.22
fold2_room1_mix0104,51,2,0,77,-4,5.69
fold2_room1_mix0104,51,4,0,0,-4,0.74
fold2_room1_mix0104,52,2,0,79,-4,6.32
fold2_room1_mix0104,53,2,0,79,-4,5.92
fold2_room1_mix0104,53,4,0,-1,-4,1.12
fold2_room1_mix0104,54,2,0,79,-4,6.02
fold2_room1_mix0104,54,4,0,-4,-5,1.11
fold2_room1_mix0104,55,2,0,80,-4,6.39
fold2_room1_mix0104,55,4,0,-3,-4,2.69
fold2_room1_mix0104,56,2,0,78,-4,6.81
fold2_room1_mix0104,56,4,0,-4,-4,3.44
fold2_room1_mix0104,57,2,0,78,-3,6.83
fold2_room1_mix0104,57,4,0,-4,-4,4.27
fold2_room1_mix0104,58,2,0,77,-3,6.75
fold2_room1_mix0104,58,4,0,-7,-4,4.11
fold2_room1_mix0104,59,2,0,81,-3,4.51
fold2_room1_mix0104,59,4,0,-6,-4,3.71
fold2_room1_mix0104,60,2,0,81,-4,3.00
fold2_room1_mix0104,60,4,0,-8,-5,3.49
fold2_room1_mix0104,61,2,0,71,-4,6.15
fold2_room1_mix0104,61,4,0,-8,-6,3.09
fold2_room1_mix0104,62,2,0,71,-4,6.78
fold2_room1_mix0104,62,4,0,-9,-6,3.00
fold2_room1_mix0104,63,2,0,68,-4,6.58
fold2_room1_mix0104,63,4,0,-13,-7,2.77
fold2_room1_mix0104,64,2,0,70,-4,7.04
fold2_room1_mix0104,64,4,0,-13,-8,2.52
fold2_room1_mix0104,65,2,0,64,-4,6.67
fold2_room1_mix0104,65,4,0,-13,-10,2.43
fold2_room1_mix0104,66,2,0,61,-3,5.85
fold2_room1_mix0104,66,4,0,-18,-12,2.17
fold2_room1_mix0104,67,2,0,56,-3,7.08
fold2_room1_mix0104,67,4,0,-16,-16,1.87
fold2_room1_mix0104,68,2,0,55,-3,7.63
fold2_room1_mix0104,68,4,0,-21,-16,1.84
fold2_room1_mix0104,69,2,0,60,-3,6.05
fold2_room1_mix0104,69,4,0,-29,-22,1.52
fold2_room1_mix0104,70,2,0,54,-3,6.43
fold2_room1_mix0104,70,4,0,-37,-29,1.20
fold2_room1_mix0104,71,4,0,-46,-32,1.04
fold2_room1_mix0104,72,4,0,-67,-38,0.89
fold2_room1_mix0104,73,4,0,-96,-37,0.96
fold2_room1_mix0104,74,4,0,-118,-35,1.08
fold2_room1_mix0104,75,4,0,-136,-32,1.13
fold2_room1_mix0104,76,4,0,-145,-29,1.32
fold2_room1_mix0104,77,4,0,-152,-24,1.63
fold2_room1_mix0104,78,4,0,-155,-21,1.83
fold2_room1_mix0104,79,4,0,-160,-17,2.09
fold2_room1_mix0104,80,4,0,-163,-16,2.22
fold2_room1_mix0104,81,4,0,-165,-15,2.34
fold2_room1_mix0104,82,2,0,46,-3,8.69
fold2_room1_mix0104,82,4,0,-164,-11,2.85
fold2_room1_mix0104,83,2,0,45,-3,9.37
fold2_room1_mix0104,83,4,0,-165,-10,3.32
fold2_room1_mix0104,84,2,0,43,-2,9.94
fold2_room1_mix0104,84,4,0,-168,-9,3.55
fold2_room1_mix0104,85,2,0,44,-3,8.91
fold2_room1_mix0104,85,4,0,-169,-8,4.01
fold2_room1_mix0104,86,2,0,42,-2,9.51
fold2_room1_mix0104,86,4,0,-168,-8,3.86
fold2_room1_mix0104,87,2,0,42,-3,7.92
fold2_room1_mix0104,87,4,0,-171,-7,4.32
fold2_room1_mix0104,88,2,0,43,-3,6.79
fold2_room1_mix0104,88,4,0,-172,-7,4.55
fold2_room1_mix0104,89,2,0,42,-3,5.44
fold2_room1_mix0104,89,4,0,-173,-6,4.95
fold2_room1_mix0104,90,2,0,32,-3,3.08
fold2_room1_mix0104,90,4,0,-174,-6,5.20
fold2_room1_mix0104,91,4,0,-175,-5,5.39
fold2_room1_mix0104,92,2,0,42,-3,8.08
fold2_room1_mix0104,92,4,0,-176,-5,5.58
fold2_room1_mix0104,93,2,0,44,-3,8.73
fold2_room1_mix0104,93,4,0,-177,-4,6.52
fold2_room1_mix0104,94,2,0,46,-2,9.43
fold2_room1_mix0104,94,4,0,-175,-4,6.32
fold2_room1_mix0104,95,2,0,43,-2,9.37
fold2_room1_mix0104,95,4,0,-178,-3,4.29
fold2_room1_mix0104,96,2,0,40,-2,10.07
fold2_room1_mix0104,96,4,0,-178,-3,3.47
fold2_room1_mix0104,97,4,0,-177,-3,3.64
fold2_room1_mix0104,98,2,0,43,-3,4.27
fold2_room1_mix0104,98,4,0,179,-4,4.85
fold2_room1_mix0104,99,2,0,43,-3,1.95
fold2_room1_mix0104,99,4,0,-178,-3,1.77
fold2_room1_mix0104,39,2,0,82,-2,1.33
fold2_room1_mix0125,1,1,0,112,-1,6.66
fold2_room1_mix0125,58,7,0,-6,0,5.48
fold2_room1_mix0125,59,7,0,-9,0,2.93
fold2_room1_mix0125,61,7,0,-13,0,10.89
fold2_room1_mix0125,65,4,0,-43,-3,3.98
fold2_room1_mix0125,66,4,0,-49,-2,5.36
fold2_room1_mix0125,67,4,0,-48,-2,4.34
fold2_room1_mix0125,68,4,0,-53,-3,4.30
fold2_room1_mix0125,69,4,0,-55,-3,5.69
fold2_room1_mix0125,70,4,0,-60,-3,5.58
fold2_room1_mix0125,71,4,0,-65,-3,5.77
fold2_room1_mix0125,72,4,0,-71,-4,5.55
fold2_room1_mix0125,73,4,0,-81,-5,4.71
fold2_room1_mix0125,74,4,0,-85,-5,4.69
fold2_room1_mix0125,75,4,0,-91,-5,4.98
fold2_room1_mix0125,76,4,0,-101,-5,4.49
fold2_room1_mix0125,77,4,0,-113,-4,4.36
fold2_room1_mix0125,78,4,0,-122,-4,4.61
fold2_room1_mix0125,79,4,0,-128,-4,6.02
fold2_room1_mix0125,80,4,0,-131,-4,5.82
fold2_room1_mix0125,81,4,0,-139,-3,5.31
fold2_room1_mix0125,82,4,0,-139,-3,5.71
fold2_room1_mix0125,83,4,0,-140,-3,7.42
fold2_room1_mix0125,84,4,0,-142,-2,7.30
fold2_room1_mix0125,85,4,0,-149,-1,3.76
fold2_room1_mix0125,86,4,0,-152,-1,3.46
fold2_room1_mix0125,88,4,0,-153,-1,3.24
fold2_room1_mix0125,64,4,0,-37,-1,2.28
fold2_room1_mix0125,89,4,0,-156,0,2.37
fold2_room1_mix0125,90,4,0,-160,0,1.64
fold2_room1_mix0171,1,1,0,106,-2,9.05
fold2_room1_mix0171,2,1,0,118,-1,7.46
fold2_room1_mix0171,2,5,0,-44,3,8.34
fold2_room1_mix0171,3,5,0,-43,5,4.98
fold2_room1_mix0171,4,5,0,-42,3,10.20
fold2_room1_mix0171,5,5,0,-47,3,16.88
fold2_room1_mix0171,6,5,0,-44,3,14.39
fold2_room1_mix0171,7,5,0,-46,3,16.60
fold2_room1_mix0171,8,5,0,-51,3,16.64
fold2_room1_mix0171,9,5,0,-44,3,14.95
fold2_room1_mix0171,10,5,0,-50,3,17.48
fold2_room1_mix0171,11,5,0,-50,3,15.55
fold2_room1_mix0171,12,5,0,-51,4,13.84
fold2_room1_mix0171,13,5,0,-53,3,16.49
fold2_room1_mix0171,14,5,0,-51,4,14.37
fold2_room1_mix0171,15,5,0,-51,3,16.13
fold2_room1_mix0171,16,5,0,-51,3,16.86
fold2_room1_mix0171,17,5,0,-52,4,14.55
fold2_room1_mix0171,18,5,0,-54,3,17.14
fold2_room1_mix0171,19,5,0,-51,3,16.67
fold2_room1_mix0171,20,5,0,-53,3,15.35
fold2_room1_mix0171,21,5,0,-53,3,17.02
fold2_room1_mix0171,22,5,0,-53,3,15.83
fold2_room1_mix0171,23,5,0,-52,3,16.44
fold2_room1_mix0171,24,5,0,-62,4,15.42
fold2_room1_mix0171,25,5,0,-58,3,15.75
fold2_room1_mix0171,26,5,0,-61,3,16.21
fold2_room1_mix0171,27,5,0,-60,3,15.61
fold2_room1_mix0171,28,5,0,-57,4,14.74
fold2_room1_mix0171,29,5,0,-63,3,16.98
fold2_room1_mix0171,30,5,0,-57,4,13.82
fold2_room1_mix0171,31,5,0,-58,3,15.86
fold2_room1_mix0171,32,5,0,-61,3,15.22
fold2_room1_mix0171,33,5,0,-62,3,15.02
fold2_room1_mix0171,34,5,0,-59,3,15.34
fold2_room1_mix0171,35,5,0,-60,3,15.32
fold2_room1_mix0171,36,5,0,-60,3,14.85
fold2_room1_mix0171,37,5,0,-62,3,15.64
fold2_room1_mix0171,38,5,0,-57,3,16.00
fold2_room1_mix0171,39,5,0,-59,3,14.65
fold2_room1_mix0171,40,5,0,-60,3,15.15
fold2_room1_mix0171,41,5,0,-60,3,16.09
fold2_room1_mix0171,42,5,0,-63,4,14.67
fold2_room1_mix0171,43,5,0,-60,3,15.54
fold2_room1_mix0171,44,5,0,-62,4,14.43
fold2_room1_mix0171,45,5,0,-62,4,14.77
fold2_room1_mix0171,46,5,0,-61,4,14.79
fold2_room1_mix0171,47,5,0,-66,4,13.11
fold2_room1_mix0171,48,5,0,-68,4,14.59
fold2_room1_mix0171,49,5,0,-66,3,14.92
fold2_room1_mix0171,50,5,0,-67,4,13.73
fold2_room1_mix0171,51,5,0,-68,4,13.71
fold2_room1_mix0171,52,5,0,-70,4,13.82
fold2_room1_mix0171,53,5,0,-70,4,12.99
fold2_room1_mix0171,54,5,0,-70,4,14.00
fold2_room1_mix0171,55,5,0,-66,4,13.48
fold2_room1_mix0171,56,5,0,-74,4,13.78
fold2_room1_mix0171,57,5,0,-75,4,13.63
fold2_room1_mix0171,58,5,0,-76,4,13.43
fold2_room1_mix0171,59,5,0,-75,4,13.14
fold2_room1_mix0171,60,5,0,-72,4,13.08
fold2_room1_mix0171,61,5,0,-78,4,12.76
fold2_room1_mix0171,62,5,0,-73,4,13.59
fold2_room1_mix0171,63,5,0,-73,4,12.68
fold2_room1_mix0171,64,5,0,-76,4,12.68
fold2_room1_mix0171,65,5,0,-75,4,13.12
fold2_room1_mix0171,66,5,0,-84,3,13.79
fold2_room1_mix0171,67,5,0,-82,4,13.89
fold2_room1_mix0171,68,4,0,0,-2,0.21
fold2_room1_mix0171,68,5,0,-86,4,13.12
fold2_room1_mix0171,69,4,0,0,-2,0.22
fold2_room1_mix0171,69,5,0,-98,3,14.09
fold2_room1_mix0171,70,4,0,-2,-3,0.32
fold2_room1_mix0171,70,5,0,-89,4,13.97
fold2_room1_mix0171,71,4,0,0,-3,0.15
fold2_room1_mix0171,71,5,0,-84,4,13.73
fold2_room1_mix0171,72,4,0,-1,-4,0.34
fold2_room1_mix0171,72,5,0,-88,3,14.84
fold2_room1_mix0171,73,4,0,-3,-4,0.38
fold2_room1_mix0171,73,5,0,-84,3,15.26
fold2_room1_mix0171,74,4,0,-5,-5,0.56
fold2_room1_mix0171,74,5,0,-97,3,16.02
fold2_room1_mix0171,75,4,0,-11,-7,0.42
fold2_room1_mix0171,75,5,0,-98,3,16.83
fold2_room1_mix0171,76,4,0,-21,-9,0.45
fold2_room1_mix0171,76,5,0,-94,4,15.13
fold2_room1_mix0171,77,4,0,140,-7,2.45
fold2_room1_mix0171,77,4,0,-25,-11,0.48
fold2_room1_mix0171,77,5,0,-97,3,15.56
fold2_room1_mix0171,78,4,0,-51,-19,0.10
fold2_room1_mix0171,78,5,0,-101,3,16.44
fold2_room1_mix0171,79,4,0,-98,-22,0.50
fold2_room1_mix0171,79,4,0,-102,-22,0.33
fold2_room1_mix0171,79,5,0,-95,3,16.33
fold2_room1_mix0171,80,4,0,-137,-17,0.62
fold2_room1_mix0171,80,4,0,-139,-17,0.62
fold2_room1_mix0171,80,5,0,-108,3,16.37
fold2_room1_mix0171,81,4,0,-156,-13,1.63
fold2_room1_mix0171,81,4,0,161,-7,4.13
fold2_room1_mix0171,81,5,0,-87,3,16.66
fold2_room1_mix0171,82,4,0,-167,-8,2.70
fold2_room1_mix0171,82,4,0,117,-7,3.93
fold2_room1_mix0171,82,5,0,-100,3,16.02
fold2_room1_mix0171,83,4,0,-171,-7,2.93
fold2_room1_mix0171,83,4,0,113,-6,4.23
fold2_room1_mix0171,83,5,0,-93,3,16.18
fold2_room1_mix0171,84,4,0,174,-8,3.78
fold2_room1_mix0171,84,4,0,-166,-6,4.88
fold2_room1_mix0171,84,4,0,98,-9,3.47
fold2_room1_mix0171,84,5,0,-95,3,15.86
fold2_room1_mix0171,85,4,0,175,-9,3.34
fold2_room1_mix0171,85,4,0,-166,-6,4.88
fold2_room1_mix0171,85,4,0,112,-8,3.37
fold2_room1_mix0171,85,5,0,-101,3,16.02
fold2_room1_mix0171,86,4,0,152,-9,3.54
fold2_room1_mix0171,86,4,0,-169,-4,6.02
fold2_room1_mix0171,86,4,0,95,-10,3.02
fold2_room1_mix0171,86,5,0,-97,3,15.47
fold2_room1_mix0171,87,4,0,156,-12,3.64
fold2_room1_mix0171,87,4,0,-173,-4,8.37
fold2_room1_mix0171,87,4,0,90,-10,3.06
fold2_room1_mix0171,87,5,0,-98,3,14.48
fold2_room1_mix0171,88,4,0,98,-8,2.96
fold2_room1_mix0171,88,4,0,-161,-3,6.62
fold2_room1_mix0171,88,4,0,69,-6,3.55
fold2_room1_mix0171,88,5,0,-100,3,16.35
fold2_room1_mix0171,89,4,0,88,-10,3.94
fold2_room1_mix0171,89,4,0,-171,-1,10.33
fold2_room1_mix0171,89,4,0,73,-6,3.44
fold2_room1_mix0171,89,5,0,-97,3,15.40
fold2_room1_mix0171,90,4,0,78,-9,3.51
fold2_room1_mix0171,90,4,0,-169,-3,10.23
fold2_room1_mix0171,90,4,0,56,-7,4.08
fold2_room1_mix0171,90,5,0,-97,3,14.52
fold2_room1_mix0171,91,4,0,67,-8,3.11
fold2_room1_mix0171,91,4,0,-174,-2,8.06
fold2_room1_mix0171,91,4,0,49,-6,3.09
fold2_room1_mix0171,91,5,0,-102,3,16.05
fold2_room1_mix0171,92,4,0,47,-8,3.90
fold2_room1_mix0171,92,4,0,42,-6,3.77
fold2_room1_mix0171,92,5,0,-96,3,14.31
fold2_room1_mix0171,93,4,0,179,-2,6.26
fold2_room1_mix0171,93,4,0,39,-6,2.35
fold2_room1_mix0171,93,5,0,-97,3,15.66
fold2_room1_mix0171,94,4,0,-176,-1,5.83
fold2_room1_mix0171,94,4,0,36,-5,2.06
fold2_room1_mix0171,94,5,0,-93,3,15.25
fold2_room1_mix0171,95,4,0,-174,0,4.27
fold2_room1_mix0171,95,4,0,31,-4,1.49
fold2_room1_mix0171,95,5,0,-91,3,14.40
fold2_room1_mix0171,96,4,0,33,-5,2.06
fold2_room1_mix0171,96,4,0,35,-5,1.92
fold2_room1_mix0171,96,5,0,-94,3,15.38
fold2_room1_mix0171,97,4,0,178,0,2.31
fold2_room1_mix0171,97,4,0,27,-3,0.68
fold2_room1_mix0171,97,5,0,-92,3,15.61
fold2_room1_mix0171,98,4,0,174,0,1.27
fold2_room1_mix0171,98,4,0,23,-2,0.49
fold2_room1_mix0171,98,5,0,-101,3,14.62
fold2_room1_mix0171,99,4,0,176,0,1.79
fold2_room1_mix0171,99,4,0,22,-3,0.40
fold2_room1_mix0171,99,5,0,-96,3,14.43
fold2_room1_mix0237,0,0,0,109,-1,15.55
fold2_room1_mix0237,1,0,0,113,-2,13.37
fold2_room1_mix0237,2,0,0,112,-2,12.56
fold2_room1_mix0237,3,0,0,105,-2,12.60
fold2_room1_mix0237,4,0,0,104,-2,13.03
fold2_room1_mix0237,5,0,0,102,-2,13.17
fold2_room1_mix0237,6,0,0,98,-2,12.83
fold2_room1_mix0237,7,0,0,93,-2,12.27
fold2_room1_mix0237,8,0,0,89,-2,11.66
fold2_room1_mix0237,9,0,0,89,-2,12.52
fold2_room1_mix0237,10,0,0,84,-2,11.72
fold2_room1_mix0237,11,0,0,83,-2,12.09
fold2_room1_mix0237,12,0,0,82,-2,12.61
fold2_room1_mix0237,13,0,0,76,-2,12.70
fold2_room1_mix0237,14,0,0,75,-2,13.16
fold2_room1_mix0237,15,0,0,69,-2,13.96
fold2_room1_mix0237,16,0,0,65,-1,14.28
fold2_room1_mix0237,17,0,0,63,-1,14.33
fold2_room1_mix0237,18,0,0,60,-1,14.53
fold2_room1_mix0237,19,0,0,50,-1,15.08
fold2_room1_mix0237,20,0,0,55,-1,14.41
fold2_room1_mix0237,21,0,0,53,-1,14.66
fold2_room1_mix0237,22,0,0,57,-1,15.23
fold2_room1_mix0237,22,2,0,79,-4,7.23
fold2_room1_mix0237,23,0,0,53,-1,15.77
fold2_room1_mix0237,23,2,0,78,-3,8.24
fold2_room1_mix0237,24,0,0,52,-1,16.14
fold2_room1_mix0237,24,2,0,78,-4,7.70
fold2_room1_mix0237,25,0,0,44,-1,15.99
fold2_room1_mix0237,25,2,0,78,-3,7.91
fold2_room1_mix0237,26,0,0,39,-1,17.11
fold2_room1_mix0237,26,2,0,78,-4,6.47
fold2_room1_mix0237,27,0,0,36,0,19.34
fold2_room1_mix0237,27,2,0,77,-4,6.88
fold2_room1_mix0237,28,0,0,38,-1,19.25
fold2_room1_mix0237,28,2,0,76,-4,7.14
fold2_room1_mix0237,29,0,0,36,-1,21.00
fold2_room1_mix0237,29,2,0,76,-4,5.10
fold2_room1_mix0237,30,0,0,35,-1,22.49
fold2_room1_mix0237,30,2,0,75,-4,6.29
fold2_room1_mix0237,31,0,0,35,0,20.73
fold2_room1_mix0237,31,2,0,73,-4,6.73
fold2_room1_mix0237,32,0,0,39,-1,20.17
fold2_room1_mix0237,32,2,0,73,-4,4.10
fold2_room1_mix0237,33,0,0,36,-1,20.74
fold2_room1_mix0237,34,0,0,38,-1,22.49
fold2_room1_mix0237,34,2,0,72,-3,2.89
fold2_room1_mix0237,35,0,0,33,0,24.50
fold2_room1_mix0237,35,2,0,69,-4,4.35
fold2_room1_mix0237,36,0,0,33,-1,22.38
fold2_room1_mix0237,36,2,0,69,-4,3.69
fold2_room1_mix0237,37,0,0,31,0,22.91
fold2_room1_mix0237,37,2,0,70,-4,4.21
fold2_room1_mix0237,38,0,0,30,0,23.63
fold2_room1_mix0237,38,2,0,68,-4,4.27
fold2_room1_mix0237,39,0,0,28,0,24.57
fold2_room1_mix0237,39,2,0,67,-4,3.09
fold2_room1_mix0237,40,0,0,30,0,22.88
fold2_room1_mix0237,40,2,0,65,-4,3.14
fold2_room1_mix0237,41,0,0,32,0,22.62
fold2_room1_mix0237,41,2,0,64,-4,4.10
fold2_room1_mix0237,42,0,0,32,0,24.58
fold2_room1_mix0237,42,2,0,67,-4,2.37
fold2_room1_mix0237,43,0,0,31,0,25.80
fold2_room1_mix0237,44,0,0,29,0,26.49
fold2_room1_mix0237,44,2,0,67,-3,1.99
fold2_room1_mix0237,45,0,0,26,-1,27.15
fold2_room1_mix0237,46,0,0,26,-1,25.88
fold2_room1_mix0237,47,0,0,24,-1,26.09
fold2_room1_mix0237,48,0,0,23,0,28.65
fold2_room1_mix0237,49,0,0,23,0,29.46
fold2_room1_mix0237,50,0,0,28,-1,24.08
fold2_room1_mix0237,50,2,0,66,-4,2.23
fold2_room1_mix0237,51,0,0,25,0,27.57
fold2_room1_mix0237,51,2,0,68,-3,2.41
fold2_room1_mix0237,52,0,0,27,-1,27.45
fold2_room1_mix0237,52,2,0,71,-3,4.13
fold2_room1_mix0237,53,0,0,26,-1,28.85
fold2_room1_mix0237,53,2,0,72,-3,6.52
fold2_room1_mix0237,54,0,0,25,0,29.83
fold2_room1_mix0237,54,2,0,72,-3,5.16
fold2_room1_mix0237,55,0,0,20,-1,31.96
fold2_room1_mix0237,55,2,0,71,-3,6.72
fold2_room1_mix0237,56,0,0,21,0,32.36
fold2_room1_mix0237,56,2,0,70,-3,5.24
fold2_room1_mix0237,57,0,0,24,0,32.72
fold2_room1_mix0237,57,2,0,70,-3,3.45
fold2_room1_mix0237,58,0,0,22,0,36.01
fold2_room1_mix0237,58,4,0,129,-3,3.77
fold2_room1_mix0237,59,0,0,21,0,37.10
fold2_room1_mix0237,59,4,0,120,-3,4.56
fold2_room1_mix0237,60,0,0,19,0,38.04
fold2_room1_mix0237,60,4,0,114,-2,5.09
fold2_room1_mix0237,61,0,0,18,0,38.62
fold2_room1_mix0237,61,4,0,94,-3,4.65
fold2_room1_mix0237,62,0,0,18,0,38.14
fold2_room1_mix0237,62,4,0,84,-3,5.28
fold2_room1_mix0237,63,0,0,18,0,38.60
fold2_room1_mix0237,63,4,0,72,-3,5.72
fold2_room1_mix0237,64,0,0,18,0,37.41
fold2_room1_mix0237,64,4,0,64,-3,5.62
fold2_room1_mix0237,65,0,0,16,0,40.12
fold2_room1_mix0237,65,4,0,56,-2,4.71
fold2_room1_mix0237,66,0,0,13,0,43.34
fold2_room1_mix0237,66,4,0,52,-2,5.27
fold2_room1_mix0237,67,0,0,15,0,40.01
fold2_room1_mix0237,67,4,0,47,-1,4.23
fold2_room1_mix0237,68,0,0,15,0,39.68
fold2_room1_mix0237,68,4,0,46,-1,3.59
fold2_room1_mix0237,69,0,0,14,0,41.64
fold2_room1_mix0237,69,4,0,41,-1,2.74
fold2_room1_mix0237,70,0,0,18,-1,36.71
fold2_room1_mix0237,70,4,0,39,0,1.14
fold2_room1_mix0237,71,0,0,17,0,39.67
fold2_room1_mix0237,71,4,0,40,0,1.31
fold2_room1_mix0237,72,0,0,16,0,43.19
fold2_room1_mix0237,73,0,0,15,0,45.78
fold2_room1_mix0237,74,0,0,14,0,47.12
fold2_room1_mix0237,75,0,0,13,0,47.85
fold2_room1_mix0237,76,0,0,12,0,48.98
fold2_room1_mix0237,77,0,0,13,0,45.12
fold2_room1_mix0237,78,0,0,11,0,45.60
fold2_room1_mix0237,79,0,0,12,0,44.42
fold2_room1_mix0237,80,0,0,16,0,43.71
fold2_room1_mix0237,81,0,0,13,0,44.49
fold2_room1_mix0237,82,0,0,17,0,41.36
fold2_room1_mix0237,82,2,0,74,-3,2.92
fold2_room1_mix0237,83,0,0,18,-1,38.59
fold2_room1_mix0237,83,2,0,83,-2,3.20
fold2_room1_mix0237,84,0,0,17,0,42.30
fold2_room1_mix0237,84,2,0,83,-2,3.01
fold2_room1_mix0237,85,0,0,13,0,38.88
fold2_room1_mix0237,85,2,0,76,-3,3.92
fold2_room1_mix0237,86,0,0,12,0,42.00
fold2_room1_mix0237,87,0,0,13,0,39.65
fold2_room1_mix0237,88,0,0,13,0,40.62
fold2_room1_mix0237,89,0,0,12,0,43.83
fold2_room1_mix0237,90,0,0,13,0,41.37
fold2_room1_mix0237,91,0,0,17,0,37.07
fold2_room1_mix0237,92,0,0,19,0,35.41
fold2_room1_mix0237,93,0,0,26,-1,31.28
fold2_room1_mix0237,94,0,0,18,0,34.84
fold2_room1_mix0237,94,2,0,77,-3,2.68
fold2_room1_mix0237,95,0,0,16,0,40.46
fold2_room1_mix0237,96,0,0,17,0,40.17
fold2_room1_mix0237,97,0,0,13,0,39.58
fold2_room1_mix0237,98,0,0,12,0,46.67
fold2_room1_mix0237,99,0,0,12,0,41.63
fold2_room1_mix0341,0,0,0,-3,0,31.64
fold2_room1_mix0341,1,0,0,-3,0,40.54
fold2_room1_mix0341,2,0,0,-2,0,33.46
fold2_room1_mix0341,3,0,0,-1,0,59.91
fold2_room1_mix0341,4,0,0,-6,0,67.17
fold2_room1_mix0341,5,0,0,-6,0,68.87
fold2_room1_mix0341,6,0,0,-6,0,57.75
fold2_room1_mix0341,7,0,0,-5,0,65.44
fold2_room1_mix0341,8,0,0,-5,0,57.95
fold2_room1_mix0341,9,0,0,-5,0,53.53
fold2_room1_mix0341,10,0,0,-5,0,59.79
fold2_room1_mix0341,11,0,0,-6,0,64.17
fold2_room1_mix0341,12,0,0,-7,0,57.33
fold2_room1_mix0341,13,0,0,-7,0,60.43
fold2_room1_mix0341,14,0,0,-6,0,61.11
fold2_room1_mix0341,15,0,0,-5,0,61.88
fold2_room1_mix0341,16,0,0,-4,0,67.92
fold2_room1_mix0341,17,0,0,-4,0,68.80
fold2_room1_mix0341,18,0,0,-3,0,66.48
fold2_room1_mix0341,19,0,0,-4,0,65.19
fold2_room1_mix0341,20,0,0,-4,0,64.19
fold2_room1_mix0341,21,0,0,-4,0,66.50
fold2_room1_mix0341,22,0,0,-2,0,65.34
fold2_room1_mix0341,23,0,0,-4,0,68.04
fold2_room1_mix0341,24,0,0,-5,0,65.93
fold2_room1_mix0341,25,0,0,-7,0,63.26
fold2_room1_mix0341,26,0,0,-6,0,69.79
fold2_room1_mix0341,27,0,0,-4,0,67.07
fold2_room1_mix0341,28,0,0,-6,0,61.84
fold2_room1_mix0341,29,0,0,-4,0,64.72
fold2_room1_mix0341,30,0,0,-3,0,60.32
fold2_room1_mix0341,31,0,0,-4,0,59.20
fold2_room1_mix0341,32,0,0,-3,0,62.46
fold2_room1_mix0341,33,0,0,-2,0,56.78
fold2_room1_mix0341,34,0,0,-2,0,53.19
fold2_room1_mix0341,35,0,0,-2,0,57.58
fold2_room1_mix0341,36,0,0,-3,0,51.09
fold2_room1_mix0341,37,0,0,-4,0,49.98
fold2_room1_mix0341,38,0,0,-4,0,51.83
fold2_room1_mix0341,39,0,0,-1,0,53.23
fold2_room1_mix0341,40,0,0,0,0,43.22
fold2_room1_mix0341,40,4,0,-179,0,0.81
fold2_room1_mix0341,41,0,0,0,0,35.23
fold2_room1_mix0341,41,4,0,178,0,0.55
fold2_room1_mix0341,42,0,0,0,0,36.88
fold2_room1_mix0341,42,4,0,-179,0,0.90
fold2_room1_mix0341,43,0,0,0,0,40.37
fold2_room1_mix0341,43,4,0,-178,0,1.23
fold2_room1_mix0341,44,0,0,0,0,16.43
fold2_room1_mix0341,44,4,0,-176,1,1.74
fold2_room1_mix0341,45,0,0,0,0,36.89
fold2_room1_mix0341,45,4,0,-174,1,1.86
fold2_room1_mix0341,46,0,0,-1,0,41.72
fold2_room1_mix0341,46,4,0,-175,1,1.66
fold2_room1_mix0341,47,0,0,0,0,43.02
fold2_room1_mix0341,47,4,0,-175,1,1.44
fold2_room1_mix0341,48,0,0,-4,0,42.37
fold2_room1_mix0341,48,4,0,-173,1,1.96
fold2_room1_mix0341,49,0,0,-1,0,32.37
fold2_room1_mix0341,49,4,0,-174,0,2.43
fold2_room1_mix0341,50,0,0,-1,0,36.64
fold2_room1_mix0341,50,4,0,-174,0,2.19
fold2_room1_mix0341,50,4,0,8,-9,0.43
fold2_room1_mix0341,52,0,0,1,0,19.27
fold2_room1_mix0341,52,4,0,-178,-1,2.91
fold2_room1_mix0341,52,4,0,19,-17,0.38
fold2_room1_mix0341,55,4,0,146,-22,2.28
fold2_room1_mix0341,55,4,0,176,-9,5.85
fold2_room1_mix0341,55,4,0,63,-27,0.50
fold2_room1_mix0341,56,4,0,140,-21,1.66
fold2_room1_mix0341,56,4,0,-179,-11,4.97
fold2_room1_mix0341,56,4,0,60,-26,1.31
fold2_room1_mix0341,57,0,0,4,0,14.79
fold2_room1_mix0341,57,4,0,157,-16,1.89
fold2_room1_mix0341,57,4,0,178,-8,5.03
fold2_room1_mix0341,58,0,0,-1,0,22.76
fold2_room1_mix0341,58,4,0,162,-13,2.52
fold2_room1_mix0341,58,4,0,162,-17,2.57
fold2_room1_mix0341,59,0,0,-1,0,26.03
fold2_room1_mix0341,59,4,0,178,-10,3.72
fold2_room1_mix0341,59,4,0,-158,-15,3.25
fold2_room1_mix0341,60,0,0,0,0,21.19
fold2_room1_mix0341,60,4,0,-174,-14,3.47
fold2_room1_mix0341,60,4,0,-147,-19,2.91
fold2_room1_mix0341,61,0,0,2,0,18.36
fold2_room1_mix0341,61,4,0,-104,-25,1.34
fold2_room1_mix0341,61,4,0,118,-24,3.45
fold2_room1_mix0341,61,4,0,-67,-24,1.56
fold2_room1_mix0341,62,4,0,-21,-15,2.63
fold2_room1_mix0341,63,4,0,-9,-11,3.27
fold2_room1_mix0341,63,4,0,-11,-10,3.16
fold2_room1_mix0341,64,4,0,-3,-8,3.82
fold2_room1_mix0341,64,4,0,-6,-8,3.94
fold2_room1_mix0341,65,4,0,-6,-7,4.04
fold2_room1_mix0341,65,4,0,-6,-7,4.16
fold2_room1_mix0341,66,4,0,-5,-6,4.66
fold2_room1_mix0341,66,4,0,-3,-6,4.66
fold2_room1_mix0341,67,4,0,-6,-5,5.23
fold2_room1_mix0341,67,4,0,-5,-6,4.81
fold2_room1_mix0341,68,4,0,-7,-5,5.65
fold2_room1_mix0341,68,4,0,-5,-5,5.61
fold2_room1_mix0341,69,0,0,0,0,19.68
fold2_room1_mix0341,69,4,0,-4,-5,6.01
fold2_room1_mix0341,69,4,0,-2,-5,6.08
fold2_room1_mix0341,70,0,0,0,0,25.37
fold2_room1_mix0341,70,4,0,-5,-5,5.13
fold2_room1_mix0341,70,4,0,-3,-4,5.66
fold2_room1_mix0341,71,0,0,-4,0,30.81
fold2_room1_mix0341,71,4,0,-4,-3,2.97
fold2_room1_mix0341,71,4,0,-3,-2,3.64
fold2_room1_mix0341,72,0,0,-3,0,54.07
fold2_room1_mix0341,72,4,0,-3,-3,1.69
fold2_room1_mix0341,72,4,0,-1,-2,2.16
fold2_room1_mix0341,73,0,0,-3,0,52.22
fold2_room1_mix0341,73,4,0,-3,-4,1.37
fold2_room1_mix0341,73,4,0,-1,-2,1.88
fold2_room1_mix0341,74,0,0,-4,0,58.73
fold2_room1_mix0341,74,4,0,172,-2,1.20
fold2_room1_mix0341,74,4,0,0,0,1.77
fold2_room1_mix0341,75,0,0,-1,0,63.43
fold2_room1_mix0341,75,4,0,0,0,1.47
fold2_room1_mix0341,76,0,0,-2,0,61.49
fold2_room1_mix0341,76,4,0,174,-1,0.71
fold2_room1_mix0341,76,4,0,1,1,1.04
fold2_room1_mix0341,77,0,0,-3,0,68.06
fold2_room1_mix0341,77,4,0,2,1,0.85
fold2_room1_mix0341,78,0,0,-2,0,63.94
fold2_room1_mix0341,79,0,0,-4,0,57.79
fold2_room1_mix0341,79,4,0,4,1,0.66
fold2_room1_mix0341,80,0,0,-3,0,63.50
fold2_room1_mix0341,81,0,0,-2,0,64.50
fold2_room1_mix0341,82,0,0,-3,0,68.54
fold2_room1_mix0341,83,0,0,-4,0,62.27
fold2_room1_mix0341,84,0,0,-5,0,62.00
fold2_room1_mix0341,85,0,0,-4,0,66.20
fold2_room1_mix0341,86,0,0,-4,0,68.38
fold2_room1_mix0341,87,0,0,-3,0,64.63
fold2_room1_mix0341,88,0,0,-2,0,74.06
fold2_room1_mix0341,89,0,0,-2,0,71.59
fold2_room1_mix0341,90,0,0,-3,0,58.24
fold2_room1_mix0341,91,0,0,-3,0,60.82
fold2_room1_mix0341,92,0,0,-1,0,61.86
fold2_room1_mix0341,93,0,0,-4,0,62.36
fold2_room1_mix0341,94,0,0,-3,0,62.53
fold2_room1_mix0341,95,0,0,-4,0,62.82
fold2_room1_mix0341,96,0,0,-4,0,63.42
fold2_room1_mix0341,97,0,0,-3,0,62.79
fold2_room1_mix0341,98,0,0,-3,0,64.50
fold2_room1_mix0341,99,0,0,-3,0,60.64
fold2_room1_mix0341,51,4,0,-176,0,3.63
fold2_room1_mix0341,51,4,0,15,-10,0.55
fold2_room1_mix0341,53,4,0,-176,-2,3.47
fold2_room1_mix0341,53,4,0,29,-13,0.77
fold2_room1_mix0341,54,4,0,-173,-6,5.77
fold2_room1_mix0341,54,4,0,48,-19,0.75
fold2_room1_mix0420,1,1,0,111,-2,3.93
fold2_room1_mix0420,38,1,0,103,-2,11.67
fold2_room1_mix0420,39,1,0,102,-2,11.81
fold2_room1_mix0420,40,1,0,102,-2,12.61
fold2_room1_mix0420,41,1,0,108,-2,12.96
fold2_room1_mix0420,42,1,0,98,-1,11.25
fold2_room1_mix0420,72,4,0,2,-2,2.89
fold2_room1_mix0420,73,4,0,5,-2,3.78
fold2_room1_mix0420,74,4,0,9,-2,4.59
fold2_room1_mix0420,75,4,0,12,-3,6.04
fold2_room1_mix0420,76,4,0,9,-3,4.27
fold2_room1_mix0420,77,4,0,10,-3,5.07
fold2_room1_mix0420,78,4,0,13,-4,3.31
fold2_room1_mix0420,79,4,0,17,-5,3.80
fold2_room1_mix0420,80,4,0,16,-5,3.25
fold2_room1_mix0420,81,4,0,20,-7,2.99
fold2_room1_mix0420,82,4,0,24,-7,2.43
fold2_room1_mix0420,83,4,0,31,-8,2.16
fold2_room1_mix0420,84,4,0,38,-10,1.73
fold2_room1_mix0420,85,4,0,56,-15,1.18
fold2_room1_mix0420,86,4,0,85,-18,1.05
fold2_room1_mix0420,87,4,0,115,-17,1.08
fold2_room1_mix0420,88,4,0,135,-11,1.39
fold2_room1_mix0420,89,4,0,147,-9,1.88
fold2_room1_mix0420,90,4,0,154,-8,2.30
fold2_room1_mix0420,91,4,0,158,-7,2.49
fold2_room1_mix0420,92,4,0,161,-5,3.34
fold2_room1_mix0420,93,4,0,163,-5,3.74
fold2_room1_mix0420,94,4,0,165,-4,4.07
fold2_room1_mix0420,95,4,0,167,-4,4.54
fold2_room1_mix0420,96,4,0,167,-4,5.12
fold2_room1_mix0420,97,4,0,168,-4,5.51
fold2_room1_mix0420,98,4,0,167,-4,5.59
fold2_room1_mix0420,99,4,0,167,-3,6.38
fold2_room1_mix0420,70,4,0,5,0,1.73
fold2_room1_mix0459,0,0,0,-9,-1,27.29
fold2_room1_mix0459,1,0,0,-7,0,33.25
fold2_room1_mix0459,2,0,0,-9,0,35.29
fold2_room1_mix0459,3,0,0,-7,0,38.47
fold2_room1_mix0459,4,0,0,-6,0,38.44
fold2_room1_mix0459,5,0,0,-6,0,36.02
fold2_room1_mix0459,6,0,0,-7,0,27.48
fold2_room1_mix0459,7,0,0,-6,0,28.70
fold2_room1_mix0459,8,0,0,-7,-1,30.01
fold2_room1_mix0459,9,0,0,-10,-1,33.48
fold2_room1_mix0459,10,0,0,-10,0,36.70
fold2_room1_mix0459,11,0,0,-13,0,37.51
fold2_room1_mix0459,12,0,0,-12,0,36.57
fold2_room1_mix0459,13,0,0,-12,0,35.71
fold2_room1_mix0459,14,0,0,-14,0,33.65
fold2_room1_mix0459,15,0,0,-11,0,33.33
fold2_room1_mix0459,16,0,0,-11,0,36.90
fold2_room1_mix0459,17,0,0,-12,0,32.13
fold2_room1_mix0459,18,0,0,-13,0,33.13
fold2_room1_mix0459,19,0,0,-13,0,30.89
fold2_room1_mix0459,20,0,0,-13,0,30.64
fold2_room1_mix0459,21,0,0,-13,0,28.01
fold2_room1_mix0459,22,0,0,-14,0,26.84
fold2_room1_mix0459,23,0,0,-15,0,27.03
fold2_room1_mix0459,24,0,0,-15,-1,25.08
fold2_room1_mix0459,25,0,0,-16,-1,25.76
fold2_room1_mix0459,26,0,0,-16,-1,20.08
fold2_room1_mix0459,27,0,0,-16,-1,21.57
fold2_room1_mix0459,28,0,0,-17,-1,19.02
fold2_room1_mix0459,29,0,0,-16,-1,18.21
fold2_room1_mix0459,30,0,0,-16,-1,18.77
fold2_room1_mix0459,31,0,0,-15,-1,17.63
fold2_room1_mix0459,32,0,0,-12,-1,16.08
fold2_room1_mix0459,33,0,0,-13,-1,14.85
fold2_room1_mix0459,34,0,0,-15,-1,12.78
fold2_room1_mix0459,35,0,0,-13,-2,11.11
fold2_room1_mix0459,36,0,0,-16,-1,13.67
fold2_room1_mix0459,37,0,0,-18,-2,11.22
fold2_room1_mix0459,38,0,0,-17,-2,10.77
fold2_room1_mix0459,39,0,0,-21,-2,9.64
fold2_room1_mix0459,40,0,0,-22,-2,8.64
fold2_room1_mix0459,41,0,0,-24,-2,7.97
fold2_room1_mix0459,42,0,0,-30,-3,7.13
fold2_room1_mix0459,43,0,0,-33,-3,5.58
fold2_room1_mix0459,44,0,0,-38,-3,5.85
fold2_room1_mix0459,45,0,0,-51,-3,5.38
fold2_room1_mix0459,46,0,0,-74,-5,3.34
fold2_room1_mix0459,47,0,0,-88,-5,3.98
fold2_room1_mix0459,48,0,0,-107,-5,3.90
fold2_room1_mix0459,49,0,0,-119,-5,3.67
fold2_room1_mix0459,50,0,0,-130,-4,4.31
fold2_room1_mix0459,51,0,0,-137,-4,5.20
fold2_room1_mix0459,52,0,0,-144,-3,5.88
fold2_room1_mix0459,53,0,0,-150,-3,7.02
fold2_room1_mix0459,54,0,0,-153,-3,7.61
fold2_room1_mix0459,55,0,0,-155,-3,8.52
fold2_room1_mix0459,56,0,0,-160,-3,8.35
fold2_room1_mix0459,57,0,0,-161,-2,10.79
fold2_room1_mix0459,58,0,0,-164,-2,11.06
fold2_room1_mix0459,59,0,0,-166,-2,12.71
fold2_room1_mix0459,60,0,0,-169,-2,12.60
fold2_room1_mix0459,61,0,0,-167,-2,14.88
fold2_room1_mix0459,62,0,0,-168,-1,16.04
fold2_room1_mix0459,63,0,0,-169,-1,16.70
fold2_room1_mix0459,64,0,0,-169,-1,18.54
fold2_room1_mix0459,65,0,0,-170,-1,18.69
fold2_room1_mix0459,66,0,0,-171,-1,18.98
fold2_room1_mix0459,67,0,0,-172,-1,19.98
fold2_room1_mix0459,68,0,0,-171,-1,20.93
fold2_room1_mix0459,69,0,0,-171,-1,21.66
fold2_room1_mix0459,70,0,0,-171,-1,21.57
fold2_room1_mix0459,71,0,0,-171,-1,22.95
fold2_room1_mix0459,72,0,0,-171,-1,26.59
fold2_room1_mix0459,73,0,0,-171,-1,26.15
fold2_room1_mix0459,74,0,0,-172,-1,25.04
fold2_room1_mix0459,75,0,0,-171,-1,30.68
fold2_room1_mix0459,76,0,0,-171,-1,28.83
fold2_room1_mix0459,77,0,0,-172,-1,31.20
fold2_room1_mix0459,78,0,0,-171,-1,31.72
fold2_room1_mix0459,79,0,0,-172,-1,29.43
fold2_room1_mix0459,80,0,0,-171,-1,31.44
fold2_room1_mix0459,81,0,0,-170,-1,31.07
fold2_room1_mix0459,82,0,0,-171,-1,32.86
fold2_room1_mix0459,83,0,0,-171,-1,35.22
fold2_room1_mix0459,84,0,0,-173,-1,27.59
fold2_room1_mix0459,85,0,0,-171,-1,29.32
fold2_room1_mix0459,85,4,0,-174,-4,1.38
fold2_room1_mix0459,86,0,0,-170,-1,28.43
fold2_room1_mix0459,86,4,0,-162,-9,2.62
fold2_room1_mix0459,87,0,0,-167,-1,26.40
fold2_room1_mix0459,87,4,0,-148,-15,1.91
fold2_room1_mix0459,88,0,0,-172,-1,33.48
fold2_room1_mix0459,88,4,0,-82,-37,1.10
fold2_room1_mix0459,88,4,0,-63,-29,1.54
fold2_room1_mix0459,89,0,0,-173,-1,30.39
fold2_room1_mix0459,89,4,0,-52,-27,2.05
fold2_room1_mix0459,89,4,0,-34,-17,3.05
fold2_room1_mix0459,90,0,0,-175,-1,31.98
fold2_room1_mix0459,90,4,0,-30,-15,2.43
fold2_room1_mix0459,91,0,0,-173,-1,33.07
fold2_room1_mix0459,91,4,0,-16,-9,3.09
fold2_room1_mix0459,92,0,0,-172,-1,31.15
fold2_room1_mix0459,92,4,0,-14,-6,2.69
fold2_room1_mix0459,93,0,0,-172,-1,34.78
fold2_room1_mix0459,93,4,0,-10,-4,2.96
fold2_room1_mix0459,94,0,0,-173,-1,35.77
fold2_room1_mix0459,94,4,0,-7,-4,1.79
fold2_room1_mix0459,95,0,0,-171,-1,34.86
fold2_room1_mix0459,95,4,0,-7,-3,0.79
fold2_room1_mix0459,96,0,0,-171,-1,34.70
fold2_room1_mix0459,96,4,0,-2,-1,0.70
fold2_room1_mix0459,97,0,0,-171,-1,33.45
fold2_room1_mix0459,98,0,0,-171,-1,32.98
fold2_room1_mix0459,99,0,0,-171,-1,31.66
fold2_room1_mix0469,42,3,0,-121,-3,6.38
fold2_room1_mix0469,42,4,0,6,0,0.88
fold2_room1_mix0469,43,3,0,-122,-3,6.43
fold2_room1_mix0469,43,4,0,171,-2,1.46
fold2_room1_mix0469,43,4,0,10,0,3.52
fold2_room1_mix0469,44,3,0,-113,-3,6.14
fold2_room1_mix0469,44,4,0,171,-2,1.55
fold2_room1_mix0469,44,4,0,6,-1,3.47
fold2_room1_mix0469,45,3,0,-119,-3,5.14
fold2_room1_mix0469,45,4,0,170,-2,0.77
fold2_room1_mix0469,45,4,0,9,0,1.80
fold2_room1_mix0469,46,3,0,-116,-2,7.64
fold2_room1_mix0469,46,4,0,173,-2,1.36
fold2_room1_mix0469,46,4,0,6,0,2.57
fold2_room1_mix0469,47,3,0,-110,-3,5.71
fold2_room1_mix0469,47,4,0,168,-3,1.17
fold2_room1_mix0469,47,4,0,12,-2,1.99
fold2_room1_mix0469,48,3,0,-120,-3,5.83
fold2_room1_mix0469,48,4,0,8,0,1.15
fold2_room1_mix0469,49,3,0,-106,-2,8.41
fold2_room1_mix0469,49,4,0,173,-4,1.84
fold2_room1_mix0469,49,4,0,8,-3,2.80
fold2_room1_mix0469,50,3,0,-113,-3,5.60
fold2_room1_mix0469,50,4,0,173,-4,1.70
fold2_room1_mix0469,50,4,0,4,-2,2.56
fold2_room1_mix0469,51,3,0,-119,-2,7.47
fold2_room1_mix0469,51,4,0,172,-3,2.14
fold2_room1_mix0469,51,4,0,7,-2,2.93
fold2_room1_mix0469,52,3,0,-117,-2,8.32
fold2_room1_mix0469,52,4,0,175,-4,2.46
fold2_room1_mix0469,52,4,0,2,-3,3.33
fold2_room1_mix0469,53,3,0,-108,-3,3.04
fold2_room1_mix0469,53,4,0,166,-5,2.81
fold2_room1_mix0469,53,4,0,4,-4,3.07
fold2_room1_mix0469,58,3,0,-125,-2,3.31
fold2_room1_mix0469,58,4,0,144,-12,3.10
fold2_room1_mix0469,58,4,0,166,-12,2.43
fold2_room1_mix0469,58,4,0,-20,-15,1.00
fold2_room1_mix0469,59,4,0,147,-15,2.45
fold2_room1_mix0469,59,4,0,-35,-19,0.66
fold2_room1_mix0469,60,4,0,-148,-29,2.07
fold2_room1_mix0469,60,4,0,135,-12,3.02
fold2_room1_mix0469,60,4,0,-74,-25,0.50
fold2_room1_mix0469,61,4,0,179,-21,1.96
fold2_room1_mix0469,61,4,0,135,-11,3.11
fold2_room1_mix0469,61,4,0,-114,-24,0.29
fold2_room1_mix0469,62,4,0,164,-12,3.33
fold2_room1_mix0469,62,4,0,148,-9,3.24
fold2_room1_mix0469,62,4,0,-135,-16,1.18
fold2_room1_mix0469,63,4,0,164,-12,2.79
fold2_room1_mix0469,64,4,0,169,-10,2.93
fold2_room1_mix0469,65,4,0,175,-13,1.98
fold2_room1_mix0469,65,4,0,148,-10,3.02
fold2_room1_mix0469,66,4,0,163,-12,2.19
fold2_room1_mix0469,66,4,0,-176,-10,3.00
fold2_room1_mix0469,66,4,0,139,-10,2.55
fold2_room1_mix0469,67,4,0,160,-14,2.20
fold2_room1_mix0469,67,4,0,153,-14,2.29
fold2_room1_mix0469,68,4,0,154,-15,2.34
fold2_room1_mix0469,68,4,0,147,-15,1.93
fold2_room1_mix0469,69,4,0,148,-16,2.28
fold2_room1_mix0469,69,4,0,175,-8,5.93
fold2_room1_mix0469,69,4,0,131,-19,1.36
fold2_room1_mix0469,70,4,0,145,-20,2.00
fold2_room1_mix0469,70,4,0,-178,-10,6.67
fold2_room1_mix0469,70,4,0,126,-23,0.95
fold2_room1_mix0469,71,4,0,136,-24,1.81
fold2_room1_mix0469,71,4,0,128,-25,1.39
fold2_room1_mix0469,72,4,0,123,-29,1.59
fold2_room1_mix0469,72,4,0,176,-14,7.43
fold2_room1_mix0469,72,4,0,90,-28,0.84
fold2_room1_mix0469,73,4,0,106,-32,1.58
fold2_room1_mix0469,73,4,0,-178,-14,7.91
fold2_room1_mix0469,73,4,0,71,-27,1.07
fold2_room1_mix0469,74,4,0,121,-28,2.47
fold2_room1_mix0469,74,4,0,178,-11,8.77
fold2_room1_mix0469,74,4,0,59,-23,1.11
fold2_room1_mix0469,75,4,0,66,-31,1.73
fold2_room1_mix0469,75,4,0,179,-11,10.07
fold2_room1_mix0469,75,4,0,46,-22,1.13
fold2_room1_mix0469,76,4,0,53,-26,1.72
fold2_room1_mix0469,76,4,0,47,-22,1.55
fold2_room1_mix0469,77,4,0,38,-18,2.07
fold2_room1_mix0469,77,4,0,38,-17,1.89
fold2_room1_mix0469,78,4,0,37,-20,1.71
fold2_room1_mix0469,78,4,0,36,-18,1.63
fold2_room1_mix0469,79,4,0,34,-17,2.39
fold2_room1_mix0469,79,4,0,33,-15,2.18
fold2_room1_mix0469,80,4,0,29,-16,2.48
fold2_room1_mix0469,80,4,0,29,-15,2.25
fold2_room1_mix0469,81,4,0,33,-15,2.55
fold2_room1_mix0469,81,4,0,32,-13,2.28
fold2_room1_mix0469,82,4,0,28,-14,2.05
fold2_room1_mix0469,82,4,0,28,-13,2.22
fold2_room1_mix0469,83,4,0,24,-9,3.18
fold2_room1_mix0469,83,4,0,24,-9,2.84
fold2_room1_mix0469,84,4,0,19,-11,2.05
fold2_room1_mix0469,84,4,0,21,-9,2.02
fold2_room1_mix0469,85,4,0,26,-14,1.62
fold2_room1_mix0469,85,4,0,26,-10,1.47
fold2_room1_mix0469,86,4,0,17,-8,2.78
fold2_room1_mix0469,86,4,0,19,-7,2.65
fold2_room1_mix0469,87,4,0,14,-7,3.46
fold2_room1_mix0469,87,4,0,16,-6,3.27
fold2_room1_mix0469,88,4,0,12,-8,2.76
fold2_room1_mix0469,88,4,0,15,-7,2.61
fold2_room1_mix0469,89,4,0,13,-8,2.93
fold2_room1_mix0469,89,4,0,16,-7,2.71
fold2_room1_mix0469,90,4,0,10,-6,3.15
fold2_room1_mix0469,90,4,0,13,-6,3.08
fold2_room1_mix0469,91,4,0,11,-7,2.36
fold2_room1_mix0469,91,4,0,13,-6,2.34
fold2_room1_mix0469,93,4,0,11,-7,1.57
fold2_room1_mix0469,93,4,0,11,-6,1.61
fold2_room1_mix0469,94,4,0,11,-5,3.01
fold2_room1_mix0469,94,4,0,11,-4,3.15
fold2_room1_mix0469,95,4,0,10,-7,1.54
fold2_room1_mix0469,95,4,0,11,-5,1.60
fold2_room1_mix0469,54,4,0,171,-4,1.88
fold2_room1_mix0469,54,4,0,1,-4,2.07
fold2_room1_mix0469,55,4,0,167,-5,1.53
fold2_room1_mix0469,55,4,0,0,-5,1.68
fold2_room1_mix0469,56,4,0,160,-7,1.66
fold2_room1_mix0469,56,4,0,-5,-9,1.26
fold2_room1_mix0469,57,4,0,158,-8,1.51
fold2_room1_mix0469,57,4,0,-9,-11,0.79
fold2_room1_mix0469,92,4,0,-177,0,7.97
fold2_room1_mix0469,92,4,0,14,-3,1.78
fold2_room1_mix0469,96,4,0,179,0,5.52
fold2_room1_mix0469,96,4,0,10,-2,1.43
fold2_room1_mix0469,97,4,0,175,0,2.67
fold2_room1_mix0469,97,4,0,6,-1,0.92
fold2_room1_mix0469,98,4,0,-179,0,2.24
fold2_room1_mix0469,99,4,0,177,0,1.74
fold2_room1_mix0469,35,4,0,4,1,0.66
fold2_room1_mix0469,38,4,0,2,1,0.88
fold2_room1_mix0469,39,4,0,9,1,0.71
fold2_room1_mix0472,1,1,0,111,-2,3.90
fold2_room1_mix0472,75,4,0,-75,0,2.15
fold2_room1_mix0472,77,4,0,-70,0,2.67
fold2_room1_mix0472,78,4,0,-64,0,1.31
fold2_room1_mix0474,0,2,0,-88,-1,3.65
fold2_room1_mix0474,1,1,0,105,-1,4.26
fold2_room1_mix0474,1,2,0,-85,-1,5.08
fold2_room1_mix0474,2,2,0,-83,-2,6.79
fold2_room1_mix0474,3,2,0,-83,-2,8.41
fold2_room1_mix0474,4,2,0,-84,-2,9.00
fold2_room1_mix0474,5,2,0,-85,-2,9.54
fold2_room1_mix0474,6,2,0,-87,-2,10.66
fold2_room1_mix0474,7,2,0,-85,-1,11.47
fold2_room1_mix0474,8,2,0,-84,-1,11.28
fold2_room1_mix0474,9,2,0,-85,-1,12.16
fold2_room1_mix0474,10,2,0,-83,-1,11.66
fold2_room1_mix0474,11,2,0,-81,-2,10.30
fold2_room1_mix0474,12,2,0,-80,-2,9.40
fold2_room1_mix0474,13,2,0,-83,-2,10.31
fold2_room1_mix0474,14,2,0,-85,-2,9.15
fold2_room1_mix0474,15,2,0,-83,-2,9.08
fold2_room1_mix0474,16,2,0,-82,-2,10.36
fold2_room1_mix0474,17,2,0,-84,-2,11.00
fold2_room1_mix0474,18,2,0,-83,-2,10.07
fold2_room1_mix0474,19,2,0,-85,-2,10.13
fold2_room1_mix0474,20,2,0,-81,-2,9.55
fold2_room1_mix0474,21,2,0,-79,-2,10.19
fold2_room1_mix0474,22,2,0,-79,-2,9.92
fold2_room1_mix0474,23,2,0,-85,-2,9.69
fold2_room1_mix0474,24,2,0,-77,-2,10.51
fold2_room1_mix0474,25,2,0,-80,-2,10.72
fold2_room1_mix0474,26,2,0,-81,-2,10.73
fold2_room1_mix0474,27,2,0,-83,-2,10.39
fold2_room1_mix0474,28,2,0,-79,-2,9.12
fold2_room1_mix0474,29,2,0,-84,-2,8.77
fold2_room1_mix0474,30,2,0,-78,-2,7.38
fold2_room1_mix0474,31,2,0,-82,-2,5.77
fold2_room1_mix0474,32,2,0,-82,-2,9.96
fold2_room1_mix0474,33,2,0,-78,-2,10.06
fold2_room1_mix0474,34,2,0,-84,-2,10.40
fold2_room1_mix0474,35,2,0,-82,-2,10.61
fold2_room1_mix0474,36,2,0,-81,-2,10.39
fold2_room1_mix0474,37,2,0,-81,-2,9.64
fold2_room1_mix0474,38,2,0,-82,-2,9.76
fold2_room1_mix0474,39,2,0,-83,-2,6.33
fold2_room1_mix0474,40,2,0,-80,-2,7.17
fold2_room1_mix0474,41,2,0,-83,-2,7.96
fold2_room1_mix0474,42,2,0,-69,-2,10.40
fold2_room1_mix0474,43,2,0,-86,-2,9.94
fold2_room1_mix0474,44,2,0,-87,-2,10.15
fold2_room1_mix0474,45,2,0,-78,-2,10.21
fold2_room1_mix0474,46,2,0,-79,-2,11.04
fold2_room1_mix0474,47,2,0,-81,-2,10.89
fold2_room1_mix0474,48,2,0,-80,-2,6.06
fold2_room1_mix0474,49,2,0,-81,-2,6.67
fold2_room1_mix0474,50,2,0,-83,-2,8.99
fold2_room1_mix0474,51,2,0,-81,-2,7.74
fold2_room1_mix0474,52,2,0,-82,-2,6.16
fold2_room1_mix0474,53,2,0,-79,-2,10.21
fold2_room1_mix0474,54,2,0,-79,-2,8.78
fold2_room1_mix0474,55,2,0,-81,-2,11.14
fold2_room1_mix0474,56,2,0,-81,-2,10.28
fold2_room1_mix0474,57,2,0,-84,-2,10.39
fold2_room1_mix0474,58,2,0,-80,-2,11.04
fold2_room1_mix0474,59,2,0,-80,-2,8.12
fold2_room1_mix0474,60,2,0,-82,-2,8.24
fold2_room1_mix0474,61,2,0,-85,-2,5.81
fold2_room1_mix0474,62,2,0,-86,-2,4.30
fold2_room1_mix0474,64,2,0,-84,-2,9.99
fold2_room1_mix0474,65,2,0,-82,-2,8.30
fold2_room1_mix0474,66,2,0,-87,-2,11.01
fold2_room1_mix0474,67,2,0,-85,-2,10.98
fold2_room1_mix0474,68,2,0,-86,-2,10.54
fold2_room1_mix0474,69,2,0,-83,-2,8.79
fold2_room1_mix0474,70,2,0,-84,-2,6.28
fold2_room1_mix0474,71,2,0,-88,-2,7.86
fold2_room1_mix0474,72,2,0,-85,-2,4.39
fold2_room1_mix0474,72,4,0,-2,0,1.70
fold2_room1_mix0474,73,4,0,-7,-1,4.07
fold2_room1_mix0474,74,2,0,-77,-2,8.69
fold2_room1_mix0474,75,2,0,-88,-2,9.74
fold2_room1_mix0474,75,4,0,-11,-2,4.15
fold2_room1_mix0474,76,2,0,-77,-2,9.74
fold2_room1_mix0474,76,4,0,-12,-2,3.56
fold2_room1_mix0474,77,2,0,-82,-2,11.15
fold2_room1_mix0474,77,4,0,-13,-3,4.64
fold2_room1_mix0474,78,2,0,-83,-2,9.49
fold2_room1_mix0474,78,4,0,-14,-3,3.92
fold2_room1_mix0474,79,2,0,-82,-1,5.25
fold2_room1_mix0474,79,4,0,-17,-4,3.50
fold2_room1_mix0474,80,2,0,-80,-2,6.15
fold2_room1_mix0474,80,4,0,-21,-7,3.01
fold2_room1_mix0474,81,2,0,-81,-2,4.74
fold2_room1_mix0474,81,4,0,-22,-8,3.47
fold2_room1_mix0474,82,2,0,-79,-2,4.75
fold2_room1_mix0474,82,4,0,-29,-11,2.36
fold2_room1_mix0474,83,4,0,-45,-19,1.83
fold2_room1_mix0474,84,4,0,-73,-28,1.33
fold2_room1_mix0474,85,4,0,-100,-26,1.25
fold2_room1_mix0474,86,2,0,-66,-1,8.90
fold2_room1_mix0474,86,4,0,-127,-22,1.49
fold2_room1_mix0474,87,2,0,-66,-2,10.88
fold2_room1_mix0474,87,4,0,-143,-19,1.98
fold2_room1_mix0474,88,2,0,-63,-1,9.54
fold2_room1_mix0474,88,4,0,-153,-13,2.61
fold2_room1_mix0474,89,2,0,-61,-2,11.43
fold2_room1_mix0474,89,4,0,-160,-9,3.00
fold2_room1_mix0474,89,4,0,-143,-9,4.05
fold2_room1_mix0474,90,2,0,-62,-2,9.71
fold2_room1_mix0474,90,4,0,-162,-7,4.28
fold2_room1_mix0474,91,2,0,-59,-1,4.77
fold2_room1_mix0474,91,4,0,-165,-5,5.20
fold2_room1_mix0474,92,2,0,-53,-2,3.65
fold2_room1_mix0474,92,4,0,-168,-5,5.37
fold2_room1_mix0474,93,2,0,-64,-2,5.93
fold2_room1_mix0474,93,4,0,-170,-4,6.81
fold2_room1_mix0474,94,2,0,-57,-2,2.52
fold2_room1_mix0474,94,4,0,-169,-4,6.89
fold2_room1_mix0474,95,2,0,-65,-2,9.26
fold2_room1_mix0474,95,4,0,-171,-4,7.75
fold2_room1_mix0474,96,2,0,-71,-1,11.12
fold2_room1_mix0474,96,4,0,-173,-3,8.30
fold2_room1_mix0474,97,2,0,-70,-2,10.72
fold2_room1_mix0474,97,4,0,-171,-3,6.66
fold2_room1_mix0474,98,2,0,-72,-2,11.37
fold2_room1_mix0474,98,4,0,-173,-2,4.51
fold2_room1_mix0474,99,2,0,-74,-2,10.38
fold2_room1_mix0474,99,4,0,-175,-1,2.81
fold2_room1_mix0482,1,1,0,101,-2,6.68
fold2_room1_mix0482,4,7,0,-179,0,3.94
fold2_room1_mix0482,5,7,0,-179,0,6.03
fold2_room1_mix0482,6,7,0,-179,0,7.16
fold2_room1_mix0482,7,7,0,179,0,4.92
fold2_room1_mix0482,8,7,0,178,0,16.30
fold2_room1_mix0482,9,7,0,178,0,12.95
fold2_room1_mix0482,10,7,0,178,0,9.63
fold2_room1_mix0482,11,7,0,179,0,6.14
fold2_room1_mix0482,12,7,0,178,0,7.03
fold2_room1_mix0482,13,7,0,178,0,9.17
fold2_room1_mix0482,14,7,0,177,0,9.52
fold2_room1_mix0482,15,7,0,177,0,14.02
fold2_room1_mix0482,16,7,0,177,0,9.25
fold2_room1_mix0482,17,7,0,177,0,14.83
fold2_room1_mix0482,18,7,0,175,0,14.75
fold2_room1_mix0482,19,7,0,177,0,14.19
fold2_room1_mix0482,20,7,0,176,0,7.26
fold2_room1_mix0482,21,7,0,175,0,5.22
fold2_room1_mix0482,22,7,0,176,0,4.80
fold2_room1_mix0482,23,7,0,175,0,6.02
fold2_room1_mix0482,25,7,0,174,0,4.14
fold2_room1_mix0482,26,7,0,175,0,3.07
fold2_room1_mix0482,27,7,0,176,0,9.30
fold2_room1_mix0482,49,4,0,171,-4,1.47
fold2_room1_mix0482,49,4,0,145,0,2.12
fold2_room1_mix0482,49,4,0,-104,-9,0.43
fold2_room1_mix0482,51,4,0,146,-3,2.31
fold2_room1_mix0482,51,4,0,-84,-9,0.30
fold2_room1_mix0482,52,4,0,123,-3,2.24
fold2_room1_mix0482,52,4,0,-64,-8,0.28
fold2_room1_mix0482,53,4,0,108,-4,2.28
fold2_room1_mix0482,53,4,0,124,-3,2.93
fold2_room1_mix0482,53,4,0,-51,-8,0.39
fold2_room1_mix0482,54,4,0,96,-5,2.50
fold2_room1_mix0482,54,4,0,119,-4,3.13
fold2_room1_mix0482,54,4,0,-39,-8,0.63
fold2_room1_mix0482,55,4,0,93,-3,3.19
fold2_room1_mix0482,55,4,0,109,-2,4.19
fold2_room1_mix0482,55,4,0,-36,-7,0.92
fold2_room1_mix0482,56,4,0,90,-2,3.34
fold2_room1_mix0482,56,4,0,-31,-7,0.70
fold2_room1_mix0482,57,4,0,51,-6,1.99
fold2_room1_mix0482,57,4,0,83,-2,3.48
fold2_room1_mix0482,57,4,0,-28,-6,1.03
fold2_room1_mix0482,58,4,0,39,-5,1.69
fold2_room1_mix0482,58,4,0,82,-1,2.95
fold2_room1_mix0482,58,4,0,-23,-5,1.03
fold2_room1_mix0482,59,4,0,12,-4,2.27
fold2_room1_mix0482,59,4,0,67,-1,4.47
fold2_room1_mix0482,59,4,0,-15,-4,1.78
fold2_room1_mix0482,60,4,0,9,-4,2.63
fold2_room1_mix0482,60,4,0,79,0,5.12
fold2_room1_mix0482,60,4,0,-12,-4,2.14
fold2_room1_mix0482,62,4,0,4,-3,1.67
fold2_room1_mix0482,62,4,0,85,0,3.37
fold2_room1_mix0482,62,4,0,-12,-2,1.82
fold2_room1_mix0482,63,4,0,-6,-2,2.64
fold2_room1_mix0482,63,4,0,-6,-2,2.75
fold2_room1_mix0482,64,4,0,7,-2,1.51
fold2_room1_mix0482,64,4,0,82,0,2.86
fold2_room1_mix0482,64,4,0,-10,-1,1.57
fold2_room1_mix0482,65,4,0,-1,-2,2.31
fold2_room1_mix0482,65,4,0,-5,-2,2.34
fold2_room1_mix0482,66,4,0,5,-2,1.52
fold2_room1_mix0482,66,4,0,78,0,2.89
fold2_room1_mix0482,66,4,0,-10,-1,1.62
fold2_room1_mix0482,67,4,0,-4,-2,2.77
fold2_room1_mix0482,67,4,0,-6,-2,2.86
fold2_room1_mix0482,68,4,0,6,-2,1.46
fold2_room1_mix0482,68,4,0,72,0,2.70
fold2_room1_mix0482,68,4,0,-9,-1,1.62
fold2_room1_mix0482,69,4,0,11,-1,1.41
fold2_room1_mix0482,69,4,0,73,0,2.46
fold2_room1_mix0482,69,4,0,-8,0,1.49
fold2_room1_mix0482,97,5,0,6,-1,4.58
fold2_room1_mix0482,42,4,0,-171,-4,0.94
fold2_room1_mix0482,42,4,0,139,1,3.22
fold2_room1_mix0482,43,4,0,-155,-4,0.78
fold2_room1_mix0482,43,4,0,125,1,3.51
fold2_room1_mix0482,44,4,0,-151,-4,0.97
fold2_room1_mix0482,44,4,0,128,0,3.38
fold2_room1_mix0482,45,4,0,-148,-5,0.82
fold2_room1_mix0482,45,4,0,129,0,3.39
fold2_room1_mix0482,46,4,0,-159,-5,0.82
fold2_room1_mix0482,46,4,0,137,0,2.69
fold2_room1_mix0482,47,4,0,132,1,2.68
fold2_room1_mix0482,47,4,0,-125,-6,0.52
fold2_room1_mix0482,48,4,0,123,0,2.77
fold2_room1_mix0482,48,4,0,-123,-7,0.66
fold2_room1_mix0482,50,4,0,135,-1,2.45
fold2_room1_mix0482,50,4,0,-103,-9,0.19
fold2_room1_mix0482,61,4,0,82,0,2.20
fold2_room1_mix0482,61,4,0,-19,-3,1.05
fold2_room1_mix0482,70,4,0,83,1,1.89
fold2_room1_mix0482,70,4,0,-9,-1,0.92
fold2_room1_mix0482,71,4,0,71,1,1.95
fold2_room1_mix0482,71,4,0,-10,-1,1.04
fold2_room1_mix0482,72,4,0,78,2,1.83
fold2_room1_mix0482,72,4,0,-8,-1,0.82
fold2_room1_mix0482,73,4,0,74,3,1.33
fold2_room1_mix0482,73,4,0,-11,-1,0.49
fold2_room1_mix0482,74,4,0,70,2,1.52
fold2_room1_mix0482,74,4,0,-9,-1,0.67
fold2_room1_mix0482,75,4,0,66,2,1.67
fold2_room1_mix0482,75,4,0,-11,0,0.88
fold2_room1_mix0482,76,4,0,74,3,1.22
fold2_room1_mix0482,76,4,0,-13,0,0.59
fold2_room1_mix0482,77,4,0,79,2,1.19
fold2_room1_mix0482,77,4,0,-13,0,0.51
fold2_room1_mix0482,78,4,0,79,2,1.12
fold2_room1_mix0482,78,4,0,-13,0,0.55
fold2_room1_mix0482,93,5,0,6,-1,4.28
fold2_room1_mix0482,95,5,0,7,-1,3.64
fold2_room1_mix0482,96,5,0,4,-1,2.92
fold2_room1_mix0482,98,5,0,6,-1,2.59
fold2_room1_mix0482,36,4,0,155,2,1.81
fold2_room1_mix0482,38,4,0,147,3,2.45
fold2_room1_mix0482,39,4,0,138,3,2.26
fold2_room1_mix0482,41,4,0,141,3,2.63
fold2_room1_mix0482,79,4,0,-15,0,0.57
fold2_room1_mix0482,80,4,0,-16,0,0.70
fold2_room1_mix0482,81,4,0,-16,0,0.77
fold2_room1_mix0482,82,4,0,-15,0,0.62
fold2_room1_mix0482,83,4,0,-15,0,0.76
fold2_room1_mix0482,84,4,0,-15,1,0.68
fold2_room1_mix0482,85,4,0,-14,1,0.79
fold2_room1_mix0482,86,4,0,-15,1,0.54
fold2_room1_mix0482,87,4,0,-14,0,0.37
fold2_room1_mix0482,89,4,0,-4,0,0.15
fold2_room1_mix0482,90,4,0,-8,1,0.45
fold2_room1_mix0482,91,4,0,-3,0,0.13
fold2_room1_mix0482,91,5,0,0,-1,1.94
fold2_room1_mix0482,94,5,0,0,-1,1.55
fold2_room1_mix0482,99,5,0,3,-2,1.41
fold2_room1_mix0492,0,2,0,123,-2,4.36
fold2_room1_mix0492,1,1,0,121,-2,5.98
fold2_room1_mix0492,1,2,0,120,-3,4.94
fold2_room1_mix0492,2,2,0,119,-3,5.55
fold2_room1_mix0492,3,2,0,107,-4,4.97
fold2_room1_mix0492,4,2,0,102,-5,5.14
fold2_room1_mix0492,5,2,0,99,-4,8.13
fold2_room1_mix0492,6,2,0,109,-4,6.07
fold2_room1_mix0492,7,2,0,101,-3,7.14
fold2_room1_mix0492,8,2,0,98,-3,7.57
fold2_room1_mix0492,9,2,0,102,-4,6.33
fold2_room1_mix0492,10,2,0,103,-4,6.10
fold2_room1_mix0492,11,2,0,99,-4,5.81
fold2_room1_mix0492,12,2,0,95,-5,5.06
fold2_room1_mix0492,13,2,0,92,-5,4.85
fold2_room1_mix0492,14,2,0,92,-5,4.41
fold2_room1_mix0492,15,2,0,90,-5,4.82
fold2_room1_mix0492,16,2,0,89,-5,4.26
fold2_room1_mix0492,17,2,0,87,-5,5.09
fold2_room1_mix0492,18,2,0,93,-4,6.23
fold2_room1_mix0492,19,2,0,86,-5,5.19
fold2_room1_mix0492,20,2,0,82,-5,4.74
fold2_room1_mix0492,21,2,0,74,-5,4.63
fold2_room1_mix0492,22,2,0,75,-6,3.84
fold2_room1_mix0492,23,2,0,73,-6,4.38
fold2_room1_mix0492,24,2,0,67,-5,3.61
fold2_room1_mix0492,25,2,0,71,-6,3.25
fold2_room1_mix0492,26,2,0,63,-6,4.31
fold2_room1_mix0492,27,2,0,58,-5,4.47
fold2_room1_mix0492,28,2,0,62,-5,5.78
fold2_room1_mix0492,28,2,0,34,-8,5.81
fold2_room1_mix0492,30,2,0,48,-7,5.95
fold2_room1_mix0492,30,2,0,67,-4,5.99
fold2_room1_mix0492,30,2,0,-53,-5,6.05
fold2_room1_mix0492,31,2,0,42,-7,5.95
fold2_room1_mix0492,31,2,0,66,-4,5.97
fold2_room1_mix0492,31,2,0,-56,-5,6.04
fold2_room1_mix0492,33,2,0,-37,-7,6.61
fold2_room1_mix0492,33,2,0,48,-6,6.60
fold2_room1_mix0492,33,2,0,-61,-4,6.58
fold2_room1_mix0492,37,2,0,54,-7,7.57
fold2_room1_mix0492,37,2,0,72,-4,7.63
fold2_room1_mix0492,37,2,0,-62,-4,7.74
fold2_room1_mix0492,38,2,0,-39,-8,6.41
fold2_room1_mix0492,38,2,0,58,-6,6.42
fold2_room1_mix0492,38,2,0,-62,-4,6.47
fold2_room1_mix0492,42,2,0,-73,-6,5.37
fold2_room1_mix0492,43,2,0,-79,-6,4.28
fold2_room1_mix0492,44,2,0,-89,-6,3.56
fold2_room1_mix0492,46,2,0,-77,-5,6.37
fold2_room1_mix0492,47,2,0,-104,-5,4.82
fold2_room1_mix0492,49,2,0,120,-5,5.74
fold2_room1_mix0492,49,2,0,-106,-5,5.88
fold2_room1_mix0492,51,2,0,125,-3,6.49
fold2_room1_mix0492,51,2,0,-148,-7,6.48
fold2_room1_mix0492,52,2,0,130,-4,5.37
fold2_room1_mix0492,52,2,0,-141,-6,5.24
fold2_room1_mix0492,53,2,0,128,-4,6.25
fold2_room1_mix0492,53,2,0,-145,-7,6.12
fold2_room1_mix0492,54,2,0,146,-5,3.07
fold2_room1_mix0492,54,2,0,124,-3,3.04
fold2_room1_mix0492,56,2,0,-150,-6,6.62
fold2_room1_mix0492,56,2,0,152,-6,6.59
fold2_room1_mix0492,56,2,0,-132,-5,6.49
fold2_room1_mix0492,57,2,0,151,-5,6.15
fold2_room1_mix0492,57,2,0,136,-4,6.19
fold2_room1_mix0492,57,2,0,-168,-6,6.11
fold2_room1_mix0492,58,2,0,151,-5,6.62
fold2_room1_mix0492,58,2,0,134,-4,6.68
fold2_room1_mix0492,58,2,0,-152,-6,6.65
fold2_room1_mix0492,59,2,0,139,-5,5.51
fold2_room1_mix0492,59,2,0,-162,-6,5.49
fold2_room1_mix0492,60,2,0,131,-3,6.54
fold2_room1_mix0492,60,2,0,-166,-6,6.56
fold2_room1_mix0492,61,2,0,146,-4,4.53
fold2_room1_mix0492,61,2,0,131,-3,4.52
fold2_room1_mix0492,61,2,0,-173,-5,4.43
fold2_room1_mix0492,62,2,0,156,-5,4.31
fold2_room1_mix0492,62,2,0,137,-4,4.29
fold2_room1_mix0492,62,2,0,-172,-5,4.24
fold2_room1_mix0492,62,4,0,144,-2,3.44
fold2_room1_mix0492,63,2,0,168,-5,3.28
fold2_room1_mix0492,63,2,0,151,-4,3.27
fold2_room1_mix0492,63,2,0,-172,-5,3.26
fold2_room1_mix0492,63,4,0,140,-2,3.93
fold2_room1_mix0492,64,4,0,140,-2,5.66
fold2_room1_mix0492,65,2,0,166,-5,7.59
fold2_room1_mix0492,65,2,0,151,-4,7.58
fold2_room1_mix0492,65,2,0,-177,-5,7.51
fold2_room1_mix0492,66,2,0,166,-4,6.29
fold2_room1_mix0492,66,2,0,-167,-4,6.30
fold2_room1_mix0492,66,4,0,142,-2,1.86
fold2_room1_mix0492,67,2,0,176,-4,4.94
fold2_room1_mix0492,67,2,0,156,-4,4.94
fold2_room1_mix0492,67,2,0,-156,-4,4.89
fold2_room1_mix0492,67,4,0,138,-3,2.63
fold2_room1_mix0492,68,2,0,146,-4,7.28
fold2_room1_mix0492,68,2,0,-171,-5,7.26
fold2_room1_mix0492,68,4,0,134,-3,2.02
fold2_room1_mix0492,69,2,0,156,-5,5.92
fold2_room1_mix0492,69,2,0,139,-4,5.97
fold2_room1_mix0492,69,2,0,-155,-5,5.95
fold2_room1_mix0492,69,4,0,137,-3,2.41
fold2_room1_mix0492,70,2,0,174,-4,2.92
fold2_room1_mix0492,70,2,0,155,-3,2.92
fold2_room1_mix0492,70,2,0,-161,-4,2.87
fold2_room1_mix0492,70,4,0,136,-2,2.88
fold2_room1_mix0492,71,2,0,163,-4,3.88
fold2_room1_mix0492,71,4,0,131,-2,6.07
fold2_room1_mix0492,72,2,0,166,-5,3.60
fold2_room1_mix0492,72,2,0,-170,-5,3.58
fold2_room1_mix0492,72,4,0,129,-3,5.89
fold2_room1_mix0492,73,2,0,148,-4,2.43
fold2_room1_mix0492,73,4,0,125,-3,7.04
fold2_room1_mix0492,74,4,0,127,-3,6.91
fold2_room1_mix0492,75,2,0,-178,-5,3.79
fold2_room1_mix0492,75,4,0,128,-3,7.15
fold2_room1_mix0492,76,2,0,172,-4,5.24
fold2_room1_mix0492,76,2,0,-167,-5,5.26
fold2_room1_mix0492,76,4,0,126,-3,6.21
fold2_room1_mix0492,77,2,0,148,-4,6.63
fold2_room1_mix0492,77,2,0,-173,-5,6.66
fold2_room1_mix0492,77,4,0,128,-3,6.01
fold2_room1_mix0492,78,2,0,151,-4,5.90
fold2_room1_mix0492,78,2,0,-172,-5,5.92
fold2_room1_mix0492,78,4,0,126,-3,5.10
fold2_room1_mix0492,79,2,0,141,-4,4.86
fold2_room1_mix0492,79,2,0,-179,-6,4.88
fold2_room1_mix0492,79,4,0,124,-3,6.55
fold2_room1_mix0492,80,2,0,161,-4,2.57
fold2_room1_mix0492,80,2,0,-171,-4,2.55
fold2_room1_mix0492,80,4,0,116,-4,6.08
fold2_room1_mix0492,81,4,0,116,-4,5.91
fold2_room1_mix0492,82,4,0,108,-4,5.72
fold2_room1_mix0492,83,4,0,107,-4,5.86
fold2_room1_mix0492,84,2,0,-178,-4,5.55
fold2_room1_mix0492,84,4,0,104,-4,5.19
fold2_room1_mix0492,85,2,0,167,-4,5.32
fold2_room1_mix0492,85,2,0,-171,-4,5.31
fold2_room1_mix0492,85,4,0,104,-3,5.37
fold2_room1_mix0492,86,2,0,147,-3,6.20
fold2_room1_mix0492,86,2,0,173,-4,6.22
fold2_room1_mix0492,86,4,0,104,-4,5.09
fold2_room1_mix0492,87,2,0,153,-4,5.92
fold2_room1_mix0492,87,2,0,-177,-5,5.93
fold2_room1_mix0492,87,4,0,93,-5,4.83
fold2_room1_mix0492,88,2,0,153,-4,5.64
fold2_room1_mix0492,88,2,0,178,-4,5.63
fold2_room1_mix0492,88,4,0,91,-4,4.93
fold2_room1_mix0492,89,2,0,158,-3,1.87
fold2_room1_mix0492,89,2,0,178,-4,1.86
fold2_room1_mix0492,89,4,0,84,-4,5.15
fold2_room1_mix0492,90,2,0,173,-4,3.56
fold2_room1_mix0492,90,4,0,77,-4,5.28
fold2_room1_mix0492,91,4,0,80,-5,5.32
fold2_room1_mix0492,92,4,0,75,-5,4.61
fold2_room1_mix0492,93,2,0,138,-3,4.25
fold2_room1_mix0492,93,4,0,72,-5,5.33
fold2_room1_mix0492,94,2,0,148,-3,5.22
fold2_room1_mix0492,94,4,0,66,-5,5.22
fold2_room1_mix0492,95,2,0,138,-3,5.37
fold2_room1_mix0492,95,4,0,60,-4,5.44
fold2_room1_mix0492,96,2,0,133,-3,6.17
fold2_room1_mix0492,96,4,0,59,-4,4.82
fold2_room1_mix0492,97,2,0,134,-4,4.76
fold2_room1_mix0492,97,4,0,54,-4,5.60
fold2_room1_mix0492,98,2,0,136,-3,2.54
fold2_room1_mix0492,98,4,0,52,-4,5.80
fold2_room1_mix0492,99,2,0,135,-4,3.94
fold2_room1_mix0492,99,4,0,47,-3,6.66
fold2_room1_mix0492,29,2,0,72,-4,7.17
fold2_room1_mix0492,29,2,0,-65,-4,7.24
fold2_room1_mix0492,32,2,0,68,-4,6.17
fold2_room1_mix0492,32,2,0,-60,-4,6.22
fold2_room1_mix0492,34,2,0,65,-4,5.90
fold2_room1_mix0492,34,2,0,-56,-5,5.90
fold2_room1_mix0492,36,2,0,62,-5,6.11
fold2_room1_mix0492,36,2,0,-55,-5,6.15
fold2_room1_mix0492,39,2,0,75,-5,6.52
fold2_room1_mix0492,39,2,0,-71,-4,6.54
fold2_room1_mix0492,40,2,0,71,-6,5.71
fold2_room1_mix0492,40,2,0,-70,-4,5.75
fold2_room1_mix0492,41,2,0,85,-5,4.49
fold2_room1_mix0492,41,2,0,-76,-4,4.62
fold2_room1_mix0492,45,2,0,91,-5,5.27
fold2_room1_mix0492,45,2,0,-82,-6,5.26
fold2_room1_mix0492,48,2,0,114,-4,6.41
fold2_room1_mix0492,48,2,0,-106,-5,6.42
fold2_room1_mix0492,50,2,0,115,-5,5.02
fold2_room1_mix0492,50,2,0,-107,-5,5.07
fold2_room1_mix0492,55,2,0,117,-3,2.55
fold2_room1_mix0492,35,2,0,-57,-5,4.32
fold2_room1_mix0498,0,0,0,2,-1,23.85
fold2_room1_mix0498,1,0,0,-2,0,28.54
fold2_room1_mix0498,2,0,0,-1,0,40.91
fold2_room1_mix0498,3,0,0,1,0,49.86
fold2_room1_mix0498,4,0,0,-2,0,54.83
fold2_room1_mix0498,5,0,0,-1,0,60.77
fold2_room1_mix0498,6,0,0,-2,0,50.98
fold2_room1_mix0498,7,0,0,0,0,54.65
fold2_room1_mix0498,8,0,0,-3,0,54.37
fold2_room1_mix0498,9,0,0,-3,0,51.96
fold2_room1_mix0498,10,0,0,-2,0,58.31
fold2_room1_mix0498,11,0,0,-4,0,58.62
fold2_room1_mix0498,12,0,0,-3,0,53.61
fold2_room1_mix0498,13,0,0,-2,0,54.05
fold2_room1_mix0498,14,0,0,-4,0,54.96
fold2_room1_mix0498,15,0,0,-3,0,53.12
fold2_room1_mix0498,16,0,0,-5,0,50.73
fold2_room1_mix0498,17,0,0,-6,0,55.54
fold2_room1_mix0498,18,0,0,-8,0,50.70
fold2_room1_mix0498,19,0,0,-8,0,53.74
fold2_room1_mix0498,20,0,0,-8,0,53.73
fold2_room1_mix0498,21,0,0,-8,0,50.17
fold2_room1_mix0498,22,0,0,-7,0,53.25
fold2_room1_mix0498,23,0,0,-6,0,56.00
fold2_room1_mix0498,24,0,0,-7,0,55.65
fold2_room1_mix0498,25,0,0,-7,0,53.54
fold2_room1_mix0498,26,0,0,-5,0,51.55
fold2_room1_mix0498,27,0,0,-6,0,51.00
fold2_room1_mix0498,28,0,0,-6,0,51.61
fold2_room1_mix0498,29,0,0,-4,0,55.11
fold2_room1_mix0498,30,0,0,-5,0,51.27
fold2_room1_mix0498,31,0,0,-5,0,50.13
fold2_room1_mix0498,32,0,0,-3,0,51.07
fold2_room1_mix0498,33,0,0,-2,0,59.88
fold2_room1_mix0498,34,0,0,-2,0,59.17
fold2_room1_mix0498,35,0,0,-2,0,55.43
fold2_room1_mix0498,36,0,0,-2,0,52.98
fold2_room1_mix0498,37,0,0,-1,0,56.93
fold2_room1_mix0498,38,0,0,-1,0,50.57
fold2_room1_mix0498,39,0,0,0,0,49.35
fold2_room1_mix0498,40,0,0,0,0,50.17
fold2_room1_mix0498,41,0,0,2,0,42.12
fold2_room1_mix0498,42,0,0,2,0,42.90
fold2_room1_mix0498,43,0,0,-1,0,44.21
fold2_room1_mix0498,44,0,0,-2,0,44.77
fold2_room1_mix0498,45,0,0,-2,0,44.14
fold2_room1_mix0498,46,0,0,-4,0,48.06
fold2_room1_mix0498,47,0,0,-3,0,48.68
fold2_room1_mix0498,48,0,0,-5,0,53.25
fold2_room1_mix0498,49,0,0,-5,0,52.85
fold2_room1_mix0498,50,0,0,-3,0,54.45
fold2_room1_mix0498,51,0,0,-4,0,54.07
fold2_room1_mix0498,52,0,0,-4,0,55.12
fold2_room1_mix0498,53,0,0,-3,0,48.70
fold2_room1_mix0498,54,0,0,-4,0,49.01
fold2_room1_mix0498,55,0,0,-3,0,50.32
fold2_room1_mix0498,56,0,0,-3,0,48.57
fold2_room1_mix0498,57,0,0,-3,0,51.43
fold2_room1_mix0498,58,0,0,-1,0,53.06
fold2_room1_mix0498,59,0,0,-1,0,51.65
fold2_room1_mix0498,60,0,0,-2,0,53.32
fold2_room1_mix0498,61,0,0,-1,0,55.60
fold2_room1_mix0498,62,0,0,-2,0,55.33
fold2_room1_mix0498,63,0,0,-2,0,58.13
fold2_room1_mix0498,64,0,0,-2,0,60.18
fold2_room1_mix0498,65,0,0,-2,0,63.94
fold2_room1_mix0498,66,0,0,-3,0,64.85
fold2_room1_mix0498,67,0,0,-3,0,62.72
fold2_room1_mix0498,68,0,0,-1,0,63.49
fold2_room1_mix0498,69,0,0,-2,0,59.16
fold2_room1_mix0498,70,0,0,-1,0,54.81
fold2_room1_mix0498,71,0,0,-2,0,58.67
fold2_room1_mix0498,72,0,0,-1,0,52.53
fold2_room1_mix0498,73,0,0,-1,0,53.58
fold2_room1_mix0498,74,0,0,0,0,50.08
fold2_room1_mix0498,75,0,0,1,0,53.48
fold2_room1_mix0498,76,0,0,0,0,50.40
fold2_room1_mix0498,77,0,0,0,0,52.50
fold2_room1_mix0498,78,0,0,0,0,51.66
fold2_room1_mix0498,79,0,0,0,0,54.26
fold2_room1_mix0498,80,0,0,0,0,55.84
fold2_room1_mix0498,81,0,0,0,0,53.85
fold2_room1_mix0498,82,0,0,-1,0,52.54
fold2_room1_mix0498,83,0,0,-3,0,48.34
fold2_room1_mix0498,84,0,0,-2,0,48.56
fold2_room1_mix0498,85,0,0,-3,0,49.26
fold2_room1_mix0498,86,0,0,-1,0,48.20
fold2_room1_mix0498,87,0,0,-2,0,43.27
fold2_room1_mix0498,88,0,0,-1,0,44.74
fold2_room1_mix0498,89,0,0,-4,0,44.81
fold2_room1_mix0498,90,0,0,-2,0,44.71
fold2_room1_mix0498,91,0,0,-4,0,42.81
fold2_room1_mix0498,92,0,0,-4,0,44.84
fold2_room1_mix0498,93,0,0,-5,0,42.88
fold2_room1_mix0498,94,0,0,-4,0,43.72
fold2_room1_mix0498,95,0,0,-4,0,44.15
fold2_room1_mix0498,96,0,0,-4,0,44.32
fold2_room1_mix0498,97,0,0,-5,0,41.86
fold2_room1_mix0498,98,0,0,-2,0,43.47
fold2_room1_mix0498,99,0,0,-3,0,42.87
fold2_room1_mix0511,1,1,0,122,-1,8.81
fold2_room1_mix0511,54,7,0,0,0,3.00
fold2_room1_mix0511,56,4,0,0,-1,3.02
fold2_room1_mix0511,57,4,0,-1,-2,2.97
fold2_room1_mix0511,58,4,0,-2,-1,2.21
fold2_room1_mix0511,59,4,0,-5,-2,5.98
fold2_room1_mix0511,60,4,0,-5,-2,5.48
fold2_room1_mix0511,61,4,0,-11,-3,5.18
fold2_room1_mix0511,62,4,0,-8,-2,4.86
fold2_room1_mix0511,63,4,0,-9,-4,5.09
fold2_room1_mix0511,64,4,0,-14,-4,4.97
fold2_room1_mix0511,65,4,0,-14,-4,3.71
fold2_room1_mix0511,66,4,0,-16,-5,3.64
fold2_room1_mix0511,67,4,0,-19,-7,3.00
fold2_room1_mix0511,68,4,0,-24,-7,2.40
fold2_room1_mix0511,69,4,0,-29,-8,2.12
fold2_room1_mix0511,70,4,0,-42,-13,1.43
fold2_room1_mix0511,71,4,0,-78,-20,1.10
fold2_room1_mix0511,72,4,0,-113,-15,1.16
fold2_room1_mix0511,73,4,0,-133,-10,1.54
fold2_room1_mix0511,74,4,0,-150,-9,1.88
fold2_room1_mix0511,75,4,0,-160,-7,2.72
fold2_room1_mix0511,76,4,0,-162,-6,3.44
fold2_room1_mix0511,77,4,0,-165,-4,3.94
fold2_room1_mix0511,78,4,0,-167,-3,4.31
fold2_room1_mix0511,79,4,0,-169,-3,5.12
fold2_room1_mix0511,80,4,0,-171,-3,6.01
fold2_room1_mix0511,81,4,0,-172,-3,6.06
fold2_room1_mix0511,82,4,0,-173,-2,7.00
fold2_room1_mix0511,83,4,0,-173,-2,7.08
fold2_room1_mix0511,84,4,0,-173,-2,7.78
fold2_room1_mix0511,85,4,0,-176,-2,8.73
fold2_room1_mix0511,86,4,0,-174,-2,8.11
fold2_room1_mix0511,87,4,0,-175,0,4.54
fold2_room1_mix0511,88,4,0,-177,0,5.19
fold2_room1_mix0511,89,4,0,-176,0,1.43
fold2_room1_mix0511,90,4,0,-177,0,4.03
fold2_room1_mix0565,1,1,0,116,-2,6.73
fold2_room1_mix0565,2,1,0,106,-1,5.37
fold2_room1_mix0565,20,5,0,5,-1,6.20
fold2_room1_mix0565,22,5,0,4,-2,4.94
fold2_room1_mix0565,23,5,0,1,-2,7.03
fold2_room1_mix0565,27,7,0,0,0,5.86
fold2_room1_mix0565,42,4,0,28,-4,1.90
fold2_room1_mix0565,42,4,0,-7,-2,2.55
fold2_room1_mix0565,46,4,0,33,-9,1.39
fold2_room1_mix0565,46,4,0,-32,-6,3.50
fold2_room1_mix0565,46,4,0,4,-4,2.83
fold2_room1_mix0565,47,4,0,35,-14,1.35
fold2_room1_mix0565,47,4,0,-17,0,7.07
fold2_room1_mix0565,48,4,0,58,-19,1.28
fold2_room1_mix0565,48,4,0,-12,-2,9.48
fold2_room1_mix0565,49,4,0,83,-23,1.43
fold2_room1_mix0565,49,4,0,-18,-7,8.71
fold2_room1_mix0565,50,4,0,110,-22,1.57
fold2_room1_mix0565,50,4,0,-12,-6,9.85
fold2_room1_mix0565,51,4,0,128,-17,1.99
fold2_room1_mix0565,51,4,0,-25,-5,10.18
fold2_room1_mix0565,52,4,0,138,-13,2.33
fold2_room1_mix0565,52,4,0,-43,-5,6.99
fold2_room1_mix0565,53,4,0,146,-10,3.00
fold2_room1_mix0565,53,4,0,-43,-4,8.28
fold2_room1_mix0565,54,4,0,154,-8,3.30
fold2_room1_mix0565,54,4,0,-47,-3,9.43
fold2_room1_mix0565,55,4,0,157,-7,3.96
fold2_room1_mix0565,55,4,0,-52,-3,9.48
fold2_room1_mix0565,56,4,0,161,-6,4.91
fold2_room1_mix0565,56,4,0,-50,-2,9.90
fold2_room1_mix0565,57,4,0,-143,-5,5.26
fold2_room1_mix0565,57,4,0,157,-5,4.73
fold2_room1_mix0565,57,4,0,-47,-3,8.30
fold2_room1_mix0565,58,4,0,168,-4,5.82
fold2_room1_mix0565,58,4,0,-50,-3,8.09
fold2_room1_mix0565,59,4,0,160,-4,6.59
fold2_room1_mix0565,59,4,0,-59,-3,8.52
fold2_room1_mix0565,60,4,0,162,-3,6.41
fold2_room1_mix0565,60,4,0,-66,-3,7.47
fold2_room1_mix0565,61,4,0,164,-3,5.90
fold2_room1_mix0565,61,4,0,-61,-2,7.24
fold2_room1_mix0565,62,4,0,165,-3,4.48
fold2_room1_mix0565,62,4,0,-75,-3,4.55
fold2_room1_mix0565,63,4,0,164,-2,4.12
fold2_room1_mix0565,63,4,0,-76,-3,3.88
fold2_room1_mix0565,64,4,0,167,-2,5.05
fold2_room1_mix0565,64,4,0,-72,-3,4.09
fold2_room1_mix0565,65,4,0,-95,-3,4.00
fold2_room1_mix0565,65,4,0,160,-1,5.42
fold2_room1_mix0565,65,4,0,-76,-3,3.77
fold2_room1_mix0565,66,4,0,-101,-3,4.12
fold2_room1_mix0565,66,4,0,160,0,5.73
fold2_room1_mix0565,66,4,0,-78,-3,3.54
fold2_room1_mix0565,25,5,0,4,-2,3.52
fold2_room1_mix0565,37,4,0,54,0,0.80
fold2_room1_mix0565,37,4,0,-22,-1,0.48
fold2_room1_mix0565,40,4,0,19,-1,1.16
fold2_room1_mix0565,40,4,0,-13,-1,1.57
fold2_room1_mix0565,41,4,0,10,-3,0.85
fold2_room1_mix0565,41,4,0,-9,-1,1.26
fold2_room1_mix0565,43,4,0,17,-4,0.85
fold2_room1_mix0565,43,4,0,-16,-1,1.75
fold2_room1_mix0565,44,4,0,1,-2,1.67
fold2_room1_mix0565,67,4,0,161,-1,5.87
fold2_room1_mix0565,67,4,0,-78,-3,3.58
fold2_room1_mix0565,68,4,0,165,-1,4.23
fold2_room1_mix0565,68,4,0,-79,-2,2.52
fold2_room1_mix0565,69,4,0,165,0,4.96
fold2_room1_mix0565,69,4,0,-80,-2,2.95
fold2_room1_mix0565,70,4,0,168,0,3.52
fold2_room1_mix0565,70,4,0,-86,-2,1.93
fold2_room1_mix0565,71,4,0,165,0,3.56
fold2_room1_mix0565,71,4,0,-83,-2,1.92
fold2_room1_mix0565,72,4,0,165,0,2.72
fold2_room1_mix0565,72,4,0,-87,-2,1.33
fold2_room1_mix0565,73,4,0,167,0,3.66
fold2_room1_mix0565,73,4,0,-90,-1,1.79
fold2_room1_mix0565,74,4,0,167,0,3.00
fold2_room1_mix0565,74,4,0,-94,-1,1.32
fold2_room1_mix0565,75,4,0,168,0,3.13
fold2_room1_mix0565,75,4,0,-99,0,1.47
fold2_room1_mix0565,76,4,0,168,0,2.77
fold2_room1_mix0565,76,4,0,-102,0,1.17
fold2_room1_mix0565,77,4,0,169,0,2.95
fold2_room1_mix0565,77,4,0,-101,0,1.31
fold2_room1_mix0565,78,4,0,167,0,2.58
fold2_room1_mix0565,78,4,0,-109,0,1.00
fold2_room1_mix0565,79,4,0,169,0,2.76
fold2_room1_mix0565,79,4,0,-110,0,1.23
fold2_room1_mix0565,80,4,0,168,0,2.54
fold2_room1_mix0565,80,4,0,-112,0,0.87
fold2_room1_mix0565,81,4,0,168,0,3.09
fold2_room1_mix0565,81,4,0,-118,0,0.98
fold2_room1_mix0565,82,4,0,169,0,2.90
fold2_room1_mix0565,82,4,0,-115,0,1.06
fold2_room1_mix0565,83,4,0,170,0,2.89
fold2_room1_mix0565,83,4,0,-125,0,0.79
fold2_room1_mix0565,84,4,0,169,1,3.70
fold2_room1_mix0565,84,4,0,-127,1,1.33
fold2_room1_mix0565,85,4,0,170,1,3.57
fold2_room1_mix0565,85,4,0,-139,1,1.35
fold2_room1_mix0565,86,4,0,176,0,4.01
fold2_room1_mix0565,86,4,0,-150,0,1.17
fold2_room1_mix0565,87,4,0,171,0,3.83
fold2_room1_mix0565,87,4,0,-153,1,1.19
fold2_room1_mix0565,88,4,0,172,0,3.25
fold2_room1_mix0565,88,4,0,-159,2,1.55
fold2_room1_mix0565,89,4,0,174,0,3.54
fold2_room1_mix0565,89,4,0,-164,2,1.43
fold2_room1_mix0565,90,4,0,176,0,3.35
fold2_room1_mix0565,90,4,0,-166,1,1.33
fold2_room1_mix0565,91,4,0,-177,1,2.23
fold2_room1_mix0565,92,4,0,173,0,2.20
fold2_room1_mix0565,92,4,0,-164,3,1.06
fold2_room1_mix0565,93,4,0,-176,1,2.51
fold2_room1_mix0565,94,4,0,-179,1,1.59
fold2_room1_mix0565,95,4,0,-178,2,2.25
fold2_room1_mix0565,96,4,0,178,2,1.60
fold2_room1_mix0565,97,4,0,177,2,2.80
fold2_room1_mix0565,98,4,0,172,0,0.91
fold2_room1_mix0565,99,4,0,173,0,1.93
fold2_room1_mix0565,21,5,0,1,-1,3.41
fold2_room1_mix0565,26,5,0,0,-1,2.25
fold2_room1_mix0565,28,5,0,1,-1,2.63
fold2_room1_mix0565,38,4,0,-8,-2,0.82
fold2_room1_mix0565,39,4,0,-16,0,0.85
fold2_room1_mix0565,45,4,0,-9,-1,2.61
fold2_room1_mix0588,1,1,0,108,-2,5.58
fold2_room1_mix0678,0,0,0,177,-1,31.24
fold2_room1_mix0678,1,0,0,178,0,34.47
fold2_room1_mix0678,1,1,0,149,-1,5.84
fold2_room1_mix0678,2,0,0,176,0,40.66
fold2_room1_mix0678,3,0,0,176,0,46.18
fold2_room1_mix0678,4,0,0,174,0,51.45
fold2_room1_mix0678,5,0,0,175,0,51.63
fold2_room1_mix0678,6,0,0,175,0,46.96
fold2_room1_mix0678,7,0,0,174,0,48.97
fold2_room1_mix0678,8,0,0,174,0,49.22
fold2_room1_mix0678,9,0,0,173,0,51.09
fold2_room1_mix0678,10,0,0,175,0,54.61
fold2_room1_mix0678,11,0,0,175,0,53.93
fold2_room1_mix0678,12,0,0,175,0,54.90
fold2_room1_mix0678,13,0,0,176,0,57.88
fold2_room1_mix0678,14,0,0,176,0,57.81
fold2_room1_mix0678,15,0,0,176,0,54.43
fold2_room1_mix0678,16,0,0,178,0,56.21
fold2_room1_mix0678,17,0,0,178,0,57.31
fold2_room1_mix0678,18,0,0,178,0,57.62
fold2_room1_mix0678,19,0,0,179,0,59.00
fold2_room1_mix0678,20,0,0,-179,0,58.37
fold2_room1_mix0678,21,0,0,179,0,58.39
fold2_room1_mix0678,22,0,0,178,0,57.41
fold2_room1_mix0678,23,0,0,178,0,58.16
fold2_room1_mix0678,24,0,0,178,0,58.78
fold2_room1_mix0678,25,0,0,177,0,57.01
fold2_room1_mix0678,26,0,0,177,0,57.74
fold2_room1_mix0678,27,0,0,175,0,56.94
fold2_room1_mix0678,28,0,0,177,0,59.87
fold2_room1_mix0678,29,0,0,175,0,53.78
fold2_room1_mix0678,30,0,0,174,0,53.00
fold2_room1_mix0678,31,0,0,173,0,53.89
fold2_room1_mix0678,32,0,0,173,0,51.68
fold2_room1_mix0678,33,0,0,173,0,55.23
fold2_room1_mix0678,34,0,0,174,0,47.49
fold2_room1_mix0678,35,0,0,173,0,48.59
fold2_room1_mix0678,36,0,0,172,0,50.52
fold2_room1_mix0678,37,0,0,172,0,46.79
fold2_room1_mix0678,38,0,0,173,0,48.38
fold2_room1_mix0678,39,0,0,171,0,48.46
fold2_room1_mix0678,40,0,0,171,0,48.04
fold2_room1_mix0678,41,0,0,171,0,47.67
fold2_room1_mix0678,42,0,0,171,0,45.17
fold2_room1_mix0678,43,0,0,170,0,45.54
fold2_room1_mix0678,44,0,0,170,0,43.28
fold2_room1_mix0678,45,0,0,172,0,44.07
fold2_room1_mix0678,46,0,0,172,-1,43.05
fold2_room1_mix0678,47,0,0,173,0,46.53
fold2_room1_mix0678,48,0,0,172,0,44.34
fold2_room1_mix0678,49,0,0,174,0,44.90
fold2_room1_mix0678,50,0,0,174,0,45.84
fold2_room1_mix0678,51,0,0,174,0,46.19
fold2_room1_mix0678,52,0,0,173,0,45.74
fold2_room1_mix0678,53,0,0,174,0,43.60
fold2_room1_mix0678,54,0,0,169,0,39.19
fold2_room1_mix0678,55,0,0,166,-1,38.33
fold2_room1_mix0678,56,0,0,167,0,39.99
fold2_room1_mix0678,57,0,0,170,0,41.79
fold2_room1_mix0678,58,0,0,169,0,43.06
fold2_room1_mix0678,59,0,0,171,0,48.34
fold2_room1_mix0678,60,0,0,172,0,49.09
fold2_room1_mix0678,61,0,0,173,0,52.10
fold2_room1_mix0678,62,0,0,173,0,48.17
fold2_room1_mix0678,63,0,0,173,0,50.29
fold2_room1_mix0678,64,0,0,174,0,51.57
fold2_room1_mix0678,65,0,0,173,0,54.14
fold2_room1_mix0678,66,0,0,172,-1,42.28
fold2_room1_mix0678,67,0,0,171,-1,43.28
fold2_room1_mix0678,68,0,0,170,-1,38.57
fold2_room1_mix0678,69,0,0,168,-1,34.08
fold2_room1_mix0678,70,0,0,168,-1,34.10
fold2_room1_mix0678,71,0,0,167,-1,35.83
fold2_room1_mix0678,72,0,0,169,-1,41.90
fold2_room1_mix0678,73,0,0,166,-1,34.92
fold2_room1_mix0678,74,0,0,167,-1,35.44
fold2_room1_mix0678,75,0,0,168,-1,34.35
fold2_room1_mix0678,76,0,0,171,-1,35.43
fold2_room1_mix0678,77,0,0,170,-1,32.85
fold2_room1_mix0678,78,0,0,167,-1,27.07
fold2_room1_mix0678,79,0,0,167,-2,22.17
fold2_room1_mix0678,80,0,0,164,-2,19.01
fold2_room1_mix0678,81,0,0,161,-2,16.97
fold2_room1_mix0678,82,0,0,164,-2,16.79
fold2_room1_mix0678,83,0,0,163,-2,15.51
fold2_room1_mix0678,84,0,0,158,-2,14.42
fold2_room1_mix0678,85,0,0,160,-2,14.57
fold2_room1_mix0678,86,0,0,166,-2,22.23
fold2_room1_mix0678,86,4,0,111,-7,1.81
fold2_room1_mix0678,87,0,0,170,-2,22.98
fold2_room1_mix0678,87,4,0,130,-6,1.99
fold2_room1_mix0678,88,0,0,165,-2,18.33
fold2_room1_mix0678,88,4,0,148,-6,2.43
fold2_room1_mix0678,89,0,0,166,-2,23.80
fold2_room1_mix0678,90,0,0,165,-1,23.69
fold2_room1_mix0678,91,0,0,165,-1,23.95
fold2_room1_mix0678,91,4,0,156,-4,1.49
fold2_room1_mix0678,92,0,0,166,-1,26.16
fold2_room1_mix0678,93,0,0,164,-1,23.76
fold2_room1_mix0678,94,0,0,163,-1,26.07
fold2_room1_mix0678,95,0,0,164,-1,25.99
fold2_room1_mix0678,96,0,0,162,-1,23.66
fold2_room1_mix0678,97,0,0,162,-1,26.75
fold2_room1_mix0678,98,0,0,159,-1,20.24
fold2_room1_mix0678,99,0,0,159,-1,22.49
fold2_room1_mix0701,0,2,0,83,-1,9.47
fold2_room1_mix0701,1,1,0,115,-2,4.59
fold2_room1_mix0701,1,2,0,96,-2,10.96
fold2_room1_mix0701,2,2,0,94,-2,11.50
fold2_room1_mix0701,3,2,0,87,-2,11.54
fold2_room1_mix0701,4,2,0,88,-2,12.99
fold2_room1_mix0701,5,2,0,87,-2,14.08
fold2_room1_mix0701,6,2,0,86,-2,14.04
fold2_room1_mix0701,7,2,0,86,-2,15.05
fold2_room1_mix0701,8,2,0,86,-2,14.45
fold2_room1_mix0701,9,2,0,86,-2,13.41
fold2_room1_mix0701,10,2,0,86,-2,12.57
fold2_room1_mix0701,11,2,0,89,-2,11.76
fold2_room1_mix0701,12,2,0,90,-2,11.48
fold2_room1_mix0701,13,2,0,90,-2,11.39
fold2_room1_mix0701,14,2,0,90,-2,11.82
fold2_room1_mix0701,15,2,0,91,-2,11.67
fold2_room1_mix0701,16,2,0,88,-3,11.23
fold2_room1_mix0701,17,2,0,88,-3,10.86
fold2_room1_mix0701,18,2,0,88,-2,11.15
fold2_room1_mix0701,19,2,0,87,-3,11.51
fold2_room1_mix0701,20,2,0,89,-2,12.66
fold2_room1_mix0701,21,2,0,90,-3,11.06
fold2_room1_mix0701,22,2,0,90,-3,11.31
fold2_room1_mix0701,23,2,0,89,-3,11.11
fold2_room1_mix0701,24,2,0,89,-3,11.80
fold2_room1_mix0701,25,2,0,88,-3,11.56
fold2_room1_mix0701,26,2,0,87,-3,7.91
fold2_room1_mix0701,27,2,0,86,-3,9.10
fold2_room1_mix0701,28,2,0,88,-3,8.69
fold2_room1_mix0701,29,2,0,87,-3,10.99
fold2_room1_mix0701,30,2,0,92,-3,11.21
fold2_room1_mix0701,31,2,0,89,-3,12.39
fold2_room1_mix0701,32,2,0,89,-3,11.96
fold2_room1_mix0701,33,2,0,90,-3,11.54
fold2_room1_mix0701,34,2,0,90,-3,11.43
fold2_room1_mix0701,35,2,0,88,-3,11.84
fold2_room1_mix0701,36,2,0,92,-3,10.79
fold2_room1_mix0701,37,2,0,88,-3,9.00
fold2_room1_mix0701,38,2,0,87,-3,4.28
fold2_room1_mix0701,39,2,0,93,-3,11.77
fold2_room1_mix0701,40,2,0,90,-3,12.47
fold2_room1_mix0701,41,2,0,86,-3,12.12
fold2_room1_mix0701,42,2,0,89,-3,11.16
fold2_room1_mix0701,43,2,0,91,-3,11.60
fold2_room1_mix0701,44,2,0,90,-2,13.33
fold2_room1_mix0701,44,4,0,5,0,1.13
fold2_room1_mix0701,45,2,0,91,-3,11.42
fold2_room1_mix0701,45,4,0,9,0,1.57
fold2_room1_mix0701,46,2,0,87,-3,10.10
fold2_room1_mix0701,46,4,0,6,-1,1.91
fold2_room1_mix0701,47,2,0,86,-3,8.05
fold2_room1_mix0701,47,4,0,1,-2,4.23
fold2_room1_mix0701,48,2,0,88,-3,5.71
fold2_room1_mix0701,48,4,0,-1,-2,4.40
fold2_room1_mix0701,49,2,0,96,-3,10.94
fold2_room1_mix0701,49,4,0,2,-2,2.58
fold2_room1_mix0701,50,2,0,99,-3,10.62
fold2_room1_mix0701,50,4,0,0,-2,3.53
fold2_room1_mix0701,51,2,0,96,-3,10.62
fold2_room1_mix0701,51,4,0,-1,-3,5.83
fold2_room1_mix0701,52,2,0,97,-2,10.21
fold2_room1_mix0701,52,4,0,-2,-3,6.79
fold2_room1_mix0701,53,2,0,99,-3,9.98
fold2_room1_mix0701,53,4,0,1,-3,5.63
fold2_room1_mix0701,54,2,0,97,-3,8.93
fold2_room1_mix0701,54,4,0,0,-4,5.73
fold2_room1_mix0701,55,2,0,100,-2,8.73
fold2_room1_mix0701,55,4,0,-1,-3,5.63
fold2_room1_mix0701,56,2,0,101,-3,7.91
fold2_room1_mix0701,56,4,0,-2,-3,5.38
fold2_room1_mix0701,57,4,0,-4,-4,4.82
fold2_room1_mix0701,58,2,0,102,-3,8.82
fold2_room1_mix0701,58,4,0,-2,-5,4.40
fold2_room1_mix0701,59,2,0,100,-3,9.46
fold2_room1_mix0701,59,4,0,-5,-6,3.88
fold2_room1_mix0701,60,2,0,99,-3,9.24
fold2_room1_mix0701,60,4,0,-6,-7,3.09
fold2_room1_mix0701,61,2,0,96,-2,9.73
fold2_room1_mix0701,61,4,0,-7,-7,2.98
fold2_room1_mix0701,62,2,0,93,-2,10.46
fold2_room1_mix0701,62,4,0,-8,-9,2.55
fold2_room1_mix0701,63,2,0,95,-3,9.83
fold2_room1_mix0701,63,4,0,-10,-13,2.15
fold2_room1_mix0701,64,2,0,92,-3,8.52
fold2_room1_mix0701,64,4,0,-15,-20,1.52
fold2_room1_mix0701,65,2,0,92,-3,4.53
fold2_room1_mix0701,65,4,0,-22,-25,1.31
fold2_room1_mix0701,66,2,0,94,-3,4.92
fold2_room1_mix0701,66,4,0,-38,-38,1.00
fold2_room1_mix0701,67,4,0,-82,-45,0.80
fold2_room1_mix0701,68,2,0,112,-3,7.51
fold2_room1_mix0701,68,4,0,-135,-37,0.88
fold2_room1_mix0701,69,2,0,114,-2,7.68
fold2_room1_mix0701,69,4,0,-155,-27,1.12
fold2_room1_mix0701,70,2,0,101,-3,8.18
fold2_room1_mix0701,70,4,0,-160,-22,1.45
fold2_room1_mix0701,71,2,0,99,-3,8.58
fold2_room1_mix0701,71,4,0,-167,-17,1.98
fold2_room1_mix0701,72,2,0,100,-2,8.49
fold2_room1_mix0701,72,4,0,-171,-14,2.25
fold2_room1_mix0701,73,2,0,105,-2,4.44
fold2_room1_mix0701,73,4,0,-171,-11,2.53
fold2_room1_mix0701,74,2,0,107,-3,3.36
fold2_room1_mix0701,74,4,0,-174,-10,2.89
fold2_room1_mix0701,75,4,0,-174,-8,3.05
fold2_room1_mix0701,76,4,0,-175,-7,3.85
fold2_room1_mix0701,77,4,0,-176,-7,3.93
fold2_room1_mix0701,78,2,0,109,-2,3.64
fold2_room1_mix0701,78,4,0,-175,-6,4.44
fold2_room1_mix0701,79,2,0,122,-2,8.56
fold2_room1_mix0701,79,4,0,-176,-4,5.39
fold2_room1_mix0701,80,2,0,107,-2,9.07
fold2_room1_mix0701,80,4,0,-176,-4,5.50
fold2_room1_mix0701,81,2,0,102,-2,9.79
fold2_room1_mix0701,81,4,0,-178,-4,5.80
fold2_room1_mix0701,82,2,0,108,-2,10.70
fold2_room1_mix0701,82,4,0,-178,-3,6.59
fold2_room1_mix0701,83,2,0,98,-2,5.29
fold2_room1_mix0701,83,4,0,179,-3,7.06
fold2_room1_mix0701,84,2,0,106,-2,6.89
fold2_room1_mix0701,84,4,0,179,-4,7.04
fold2_room1_mix0701,85,4,0,178,-4,7.66
fold2_room1_mix0701,86,4,0,-179,-4,7.07
fold2_room1_mix0701,87,2,0,110,-2,11.25
fold2_room1_mix0701,87,4,0,-177,-4,7.14
fold2_room1_mix0701,88,2,0,97,-2,14.45
fold2_room1_mix0701,88,4,0,178,-3,7.83
fold2_room1_mix0701,89,2,0,104,-2,14.61
fold2_room1_mix0701,89,4,0,-178,-2,8.48
fold2_room1_mix0701,90,2,0,99,-2,15.84
fold2_room1_mix0701,90,4,0,177,-2,7.64
fold2_room1_mix0701,91,2,0,108,-1,16.49
fold2_room1_mix0701,91,4,0,176,-1,2.10
fold2_room1_mix0701,92,2,0,108,-1,15.32
fold2_room1_mix0701,92,4,0,177,-1,0.97
fold2_room1_mix0701,96,2,0,99,-1,2.83
fold2_room1_mix0701,97,2,0,95,-2,15.04
fold2_room1_mix0701,98,2,0,98,-1,11.59
fold2_room1_mix0701,99,2,0,95,-2,14.98
fold2_room1_mix0718,1,1,0,109,-2,6.59
fold2_room1_mix0776,1,1,0,114,-2,6.30
fold2_room1_mix0776,64,4,0,-53,-6,1.05
fold2_room1_mix0776,66,4,0,-80,-11,0.97
fold2_room1_mix0776,66,4,0,-82,-11,0.62
fold2_room1_mix0776,67,4,0,-99,-12,1.97
fold2_room1_mix0776,63,4,0,87,0,1.23
fold2_room1_mix0776,63,4,0,-41,-5,0.42
fold2_room1_mix0776,68,4,0,-126,-10,0.51
fold2_room1_mix0776,69,4,0,133,-4,2.12
fold2_room1_mix0776,69,4,0,-149,-10,0.90
fold2_room1_mix0776,70,4,0,-156,-8,0.97
fold2_room1_mix0776,70,4,0,102,-2,2.02
fold2_room1_mix0776,73,4,0,-166,-4,1.42
fold2_room1_mix0776,74,4,0,-165,-2,1.25
fold2_room1_mix0776,74,4,0,75,-1,2.40
fold2_room1_mix0776,65,4,0,-69,-7,0.39
fold2_room1_mix0788,0,2,0,-114,-2,3.32
fold2_room1_mix0788,1,1,0,133,-2,6.71
fold2_room1_mix0788,1,2,0,-112,-2,4.01
fold2_room1_mix0788,2,2,0,-116,-2,5.31
fold2_room1_mix0788,2,5,0,-7,6,4.56
fold2_room1_mix0788,3,2,0,-116,-3,4.86
fold2_room1_mix0788,4,2,0,-117,-3,5.46
fold2_room1_mix0788,5,2,0,-120,-3,5.24
fold2_room1_mix0788,5,5,0,-23,5,8.91
fold2_room1_mix0788,6,2,0,-123,-2,7.26
fold2_room1_mix0788,6,4,0,-179,1,2.64
fold2_room1_mix0788,6,5,0,-23,7,5.20
fold2_room1_mix0788,7,2,0,-123,-3,7.07
fold2_room1_mix0788,7,5,0,-31,7,8.74
fold2_room1_mix0788,8,2,0,-116,-3,5.41
fold2_room1_mix0788,8,5,0,-32,5,10.85
fold2_room1_mix0788,9,2,0,-111,-2,1.52
fold2_room1_mix0788,9,4,0,-178,0,2.28
fold2_room1_mix0788,9,5,0,-34,5,13.98
fold2_room1_mix0788,10,2,0,-106,-4,5.19
fold2_room1_mix0788,10,4,0,-176,0,2.86
fold2_room1_mix0788,10,5,0,-28,7,10.40
fold2_room1_mix0788,11,2,0,-106,-3,4.01
fold2_room1_mix0788,11,4,0,176,-1,2.44
fold2_room1_mix0788,11,5,0,-30,5,10.68
fold2_room1_mix0788,12,2,0,-109,-3,6.45
fold2_room1_mix0788,12,4,0,-173,-1,3.89
fold2_room1_mix0788,12,5,0,-25,7,8.04
fold2_room1_mix0788,13,2,0,-108,-4,6.18
fold2_room1_mix0788,13,5,0,-30,6,7.99
fold2_room1_mix0788,14,2,0,-109,-3,4.26
fold2_room1_mix0788,14,4,0,177,0,5.38
fold2_room1_mix0788,14,5,0,-31,6,9.77
fold2_room1_mix0788,15,2,0,-113,-3,5.91
fold2_room1_mix0788,15,5,0,-29,6,9.03
fold2_room1_mix0788,16,2,0,-112,-3,6.14
fold2_room1_mix0788,16,4,0,178,-1,5.76
fold2_room1_mix0788,16,5,0,-29,6,11.07
fold2_room1_mix0788,17,2,0,-109,-3,5.38
fold2_room1_mix0788,17,4,0,-177,-1,9.59
fold2_room1_mix0788,17,5,0,-32,5,12.83
fold2_room1_mix0788,18,2,0,-111,-3,6.21
fold2_room1_mix0788,18,4,0,-177,0,10.37
fold2_room1_mix0788,18,5,0,-35,4,14.18
fold2_room1_mix0788,19,2,0,-103,-4,3.96
fold2_room1_mix0788,19,4,0,-175,-1,15.53
fold2_room1_mix0788,19,5,0,-31,7,11.23
fold2_room1_mix0788,20,2,0,-103,-4,5.03
fold2_room1_mix0788,20,4,0,-179,-2,6.73
fold2_room1_mix0788,20,5,0,-33,5,15.61
fold2_room1_mix0788,21,2,0,-100,-3,4.76
fold2_room1_mix0788,21,4,0,-175,-1,3.47
fold2_room1_mix0788,21,5,0,-29,5,14.21
fold2_room1_mix0788,22,2,0,-89,-3,5.26
fold2_room1_mix0788,22,4,0,-176,-1,8.83
fold2_room1_mix0788,22,5,0,-24,7,9.28
fold2_room1_mix0788,23,2,0,-103,-4,5.20
fold2_room1_mix0788,23,4,0,-177,0,10.79
fold2_room1_mix0788,23,5,0,-31,6,12.84
fold2_room1_mix0788,24,2,0,-103,-3,5.01
fold2_room1_mix0788,24,4,0,-178,-1,5.82
fold2_room1_mix0788,24,5,0,-32,4,13.87
fold2_room1_mix0788,25,2,0,-103,-4,5.99
fold2_room1_mix0788,25,4,0,-176,-1,8.14
fold2_room1_mix0788,25,5,0,-34,5,10.98
fold2_room1_mix0788,26,2,0,-102,-4,5.64
fold2_room1_mix0788,26,4,0,-176,-2,9.66
fold2_room1_mix0788,26,5,0,-36,5,12.88
fold2_room1_mix0788,27,2,0,-101,-4,5.61
fold2_room1_mix0788,27,4,0,179,-2,9.46
fold2_room1_mix0788,27,5,0,-28,4,15.53
fold2_room1_mix0788,28,2,0,-97,-4,5.92
fold2_room1_mix0788,28,4,0,-175,-2,10.70
fold2_room1_mix0788,28,5,0,-26,5,11.10
fold2_room1_mix0788,29,2,0,-93,-4,4.50
fold2_room1_mix0788,29,4,0,-173,-4,10.06
fold2_room1_mix0788,29,5,0,-32,5,16.82
fold2_room1_mix0788,30,2,0,-89,-4,5.68
fold2_room1_mix0788,30,4,0,-177,-3,10.21
fold2_room1_mix0788,30,5,0,-30,4,14.92
fold2_room1_mix0788,31,2,0,-74,-3,7.30
fold2_room1_mix0788,31,4,0,-178,-2,10.91
fold2_room1_mix0788,31,5,0,-24,6,10.14
fold2_room1_mix0788,32,2,0,-65,-3,6.59
fold2_room1_mix0788,32,4,0,-178,-3,10.31
fold2_room1_mix0788,32,5,0,-30,6,11.34
fold2_room1_mix0788,33,2,0,-69,-4,6.27
fold2_room1_mix0788,33,4,0,-176,-3,8.51
fold2_room1_mix0788,33,5,0,-31,5,13.45
fold2_room1_mix0788,34,2,0,-66,-4,6.31
fold2_room1_mix0788,34,4,0,-177,-3,8.82
fold2_room1_mix0788,34,5,0,-28,5,9.73
fold2_room1_mix0788,35,2,0,-64,-4,5.57
fold2_room1_mix0788,35,4,0,-176,-2,9.64
fold2_room1_mix0788,35,5,0,-23,6,7.34
fold2_room1_mix0788,36,2,0,-68,-4,6.26
fold2_room1_mix0788,36,4,0,-173,-4,8.40
fold2_room1_mix0788,36,5,0,-33,5,12.27
fold2_room1_mix0788,37,2,0,-67,-4,6.98
fold2_room1_mix0788,37,4,0,-174,-4,8.00
fold2_room1_mix0788,37,5,0,-39,5,9.78
fold2_room1_mix0788,38,2,0,-65,-4,6.49
fold2_room1_mix0788,38,4,0,-171,-5,7.47
fold2_room1_mix0788,38,5,0,-36,6,9.46
fold2_room1_mix0788,39,2,0,-63,-4,5.08
fold2_room1_mix0788,39,4,0,-167,-6,5.36
fold2_room1_mix0788,39,5,0,-38,6,11.23
fold2_room1_mix0788,40,2,0,-61,-3,6.23
fold2_room1_mix0788,40,4,0,-169,-6,5.57
fold2_room1_mix0788,40,5,0,-32,5,13.88
fold2_room1_mix0788,41,2,0,-60,-3,8.92
fold2_room1_mix0788,41,4,0,-165,-5,6.31
fold2_room1_mix0788,41,5,0,-34,6,10.77
fold2_room1_mix0788,42,2,0,-59,-4,7.20
fold2_room1_mix0788,42,4,0,-161,-6,4.81
fold2_room1_mix0788,42,4,0,-160,-6,4.45
fold2_room1_mix0788,42,5,0,-36,7,10.14
fold2_room1_mix0788,43,2,0,-58,-3,8.30
fold2_room1_mix0788,43,4,0,-159,-6,4.88
fold2_room1_mix0788,43,4,0,-159,-6,4.83
fold2_room1_mix0788,43,5,0,-35,5,11.01
fold2_room1_mix0788,44,2,0,-55,-3,9.49
fold2_room1_mix0788,44,4,0,-154,-7,3.44
fold2_room1_mix0788,44,4,0,-151,-7,3.53
fold2_room1_mix0788,44,5,0,-31,7,6.34
fold2_room1_mix0788,45,2,0,-51,-3,9.53
fold2_room1_mix0788,45,4,0,-143,-7,3.05
fold2_room1_mix0788,45,4,0,-141,-7,3.09
fold2_room1_mix0788,45,5,0,-36,7,6.98
fold2_room1_mix0788,46,2,0,-50,-3,8.91
fold2_room1_mix0788,46,4,0,-139,-10,2.45
fold2_room1_mix0788,46,4,0,-134,-10,2.49
fold2_room1_mix0788,46,5,0,-34,6,9.48
fold2_room1_mix0788,47,2,0,-52,-3,8.37
fold2_room1_mix0788,47,4,0,-138,-10,2.30
fold2_room1_mix0788,47,4,0,178,-6,5.31
fold2_room1_mix0788,47,4,0,-113,-10,2.02
fold2_room1_mix0788,47,5,0,-28,7,7.09
fold2_room1_mix0788,48,2,0,-51,-3,5.64
fold2_room1_mix0788,48,4,0,-146,-11,2.73
fold2_room1_mix0788,48,4,0,-179,-8,4.55
fold2_room1_mix0788,48,4,0,-99,-13,1.63
fold2_room1_mix0788,48,5,0,-29,6,12.85
fold2_room1_mix0788,49,2,0,-42,-3,4.20
fold2_room1_mix0788,49,4,0,-118,-14,1.99
fold2_room1_mix0788,49,4,0,-179,-10,3.61
fold2_room1_mix0788,49,4,0,-99,-12,1.82
fold2_room1_mix0788,49,5,0,-35,6,12.38
fold2_room1_mix0788,50,2,0,-41,-3,5.56
fold2_room1_mix0788,50,4,0,-97,-16,1.90
fold2_room1_mix0788,50,4,0,173,-11,3.08
fold2_room1_mix0788,50,4,0,-78,-15,1.55
fold2_room1_mix0788,50,5,0,-33,7,10.98
fold2_room1_mix0788,51,2,0,-41,-2,2.34
fold2_room1_mix0788,51,4,0,-78,-17,1.81
fold2_room1_mix0788,51,4,0,-70,-15,1.74
fold2_room1_mix0788,51,5,0,-29,6,13.97
fold2_room1_mix0788,52,4,0,-70,-15,1.76
fold2_room1_mix0788,52,4,0,-65,-14,1.86
fold2_room1_mix0788,52,5,0,-34,4,16.01
fold2_room1_mix0788,53,4,0,-63,-15,1.75
fold2_room1_mix0788,53,4,0,-170,-12,2.46
fold2_room1_mix0788,53,4,0,-47,-12,2.27
fold2_room1_mix0788,53,5,0,-34,4,15.22
fold2_room1_mix0788,54,4,0,-69,-21,1.49
fold2_room1_mix0788,54,4,0,-155,-18,1.86
fold2_room1_mix0788,54,4,0,-45,-14,2.70
fold2_room1_mix0788,54,5,0,-33,5,17.59
fold2_room1_mix0788,55,4,0,-68,-19,1.44
fold2_room1_mix0788,55,4,0,-157,-17,2.21
fold2_room1_mix0788,55,4,0,-45,-12,3.06
fold2_room1_mix0788,55,5,0,-32,5,14.51
fold2_room1_mix0788,56,4,0,-78,-25,0.95
fold2_room1_mix0788,56,4,0,-166,-26,2.73
fold2_room1_mix0788,56,4,0,-51,-19,2.10
fold2_room1_mix0788,56,5,0,-37,5,14.36
fold2_room1_mix0788,57,4,0,-74,-25,1.08
fold2_room1_mix0788,57,4,0,-133,-30,2.19
fold2_room1_mix0788,57,4,0,-37,-15,4.12
fold2_room1_mix0788,57,5,0,-37,5,14.20
fold2_room1_mix0788,58,4,0,-64,-24,1.22
fold2_room1_mix0788,58,4,0,-145,-26,3.08
fold2_room1_mix0788,58,4,0,-39,-17,3.23
fold2_room1_mix0788,58,5,0,-44,6,12.67
fold2_room1_mix0788,59,4,0,-44,-19,1.25
fold2_room1_mix0788,59,4,0,-146,-26,3.71
fold2_room1_mix0788,59,4,0,-29,-14,3.27
fold2_room1_mix0788,59,5,0,-35,5,13.01
fold2_room1_mix0788,60,4,0,-36,-18,1.63
fold2_room1_mix0788,60,4,0,-29,-16,2.21
fold2_room1_mix0788,60,5,0,-38,5,11.73
fold2_room1_mix0788,61,4,0,-31,-16,1.95
fold2_room1_mix0788,61,4,0,-29,-15,2.29
fold2_room1_mix0788,61,5,0,-41,5,12.34
fold2_room1_mix0788,62,4,0,-27,-15,2.09
fold2_room1_mix0788,62,4,0,-26,-14,2.33
fold2_room1_mix0788,62,5,0,-39,5,13.15
fold2_room1_mix0788,63,4,0,-23,-12,2.55
fold2_room1_mix0788,63,4,0,-20,-11,2.82
fold2_room1_mix0788,63,5,0,-31,6,10.40
fold2_room1_mix0788,64,4,0,-22,-13,2.57
fold2_room1_mix0788,64,4,0,-19,-12,2.80
fold2_room1_mix0788,64,5,0,-32,4,14.14
fold2_room1_mix0788,65,4,0,-18,-11,2.46
fold2_room1_mix0788,65,4,0,-16,-11,2.88
fold2_room1_mix0788,65,5,0,-39,4,13.51
fold2_room1_mix0788,66,4,0,-15,-9,3.35
fold2_room1_mix0788,66,4,0,-14,-9,3.39
fold2_room1_mix0788,66,5,0,-42,5,10.85
fold2_room1_mix0788,67,4,0,-14,-9,3.20
fold2_room1_mix0788,67,4,0,-14,-8,3.40
fold2_room1_mix0788,67,5,0,-41,6,10.10
fold2_room1_mix0788,68,4,0,-11,-8,3.41
fold2_room1_mix0788,68,4,0,-11,-8,3.66
fold2_room1_mix0788,68,5,0,-41,5,11.92
fold2_room1_mix0788,69,4,0,-14,-6,4.17
fold2_room1_mix0788,69,4,0,-12,-6,4.41
fold2_room1_mix0788,69,5,0,-43,5,10.15
fold2_room1_mix0788,70,4,0,-15,-7,4.03
fold2_room1_mix0788,70,4,0,-14,-6,4.38
fold2_room1_mix0788,70,5,0,-38,6,9.26
fold2_room1_mix0788,71,4,0,-14,-6,4.26
fold2_room1_mix0788,71,4,0,-14,-5,5.02
fold2_room1_mix0788,71,5,0,-39,5,10.80
fold2_room1_mix0788,72,4,0,-13,-6,4.10
fold2_room1_mix0788,72,4,0,-13,-5,4.26
fold2_room1_mix0788,72,5,0,-39,6,9.57
fold2_room1_mix0788,73,4,0,-14,-6,4.20
fold2_room1_mix0788,73,4,0,-15,-5,4.61
fold2_room1_mix0788,73,5,0,-40,6,9.93
fold2_room1_mix0788,74,4,0,-13,-6,4.56
fold2_room1_mix0788,74,4,0,-15,-6,4.58
fold2_room1_mix0788,74,5,0,-41,5,11.63
fold2_room1_mix0788,75,4,0,-9,-6,4.75
fold2_room1_mix0788,75,4,0,-11,-6,4.63
fold2_room1_mix0788,75,5,0,-36,5,12.36
fold2_room1_mix0788,76,4,0,-3,-5,5.55
fold2_room1_mix0788,76,4,0,-6,-4,5.86
fold2_room1_mix0788,76,5,0,-38,8,7.63
fold2_room1_mix0788,77,4,0,-5,-5,5.96
fold2_room1_mix0788,77,4,0,-8,-4,6.71
fold2_room1_mix0788,77,5,0,-33,4,11.88
fold2_room1_mix0788,78,4,0,-3,-5,6.49
fold2_room1_mix0788,78,4,0,-5,-4,7.61
fold2_room1_mix0788,78,5,0,-34,5,12.48
fold2_room1_mix0788,79,4,0,-2,-4,7.01
fold2_room1_mix0788,79,4,0,-5,-3,7.71
fold2_room1_mix0788,79,5,0,-31,7,9.17
fold2_room1_mix0788,80,4,0,-7,-5,6.58
fold2_room1_mix0788,80,4,0,-9,-4,7.85
fold2_room1_mix0788,80,5,0,-32,4,12.70
fold2_room1_mix0788,81,4,0,-5,-5,6.85
fold2_room1_mix0788,81,4,0,-6,-3,9.21
fold2_room1_mix0788,81,5,0,-33,4,12.76
fold2_room1_mix0788,82,4,0,-5,-3,8.14
fold2_room1_mix0788,82,4,0,-7,-3,9.85
fold2_room1_mix0788,82,5,0,-30,6,8.41
fold2_room1_mix0788,83,4,0,-1,-3,9.21
fold2_room1_mix0788,83,4,0,-4,-2,11.16
fold2_room1_mix0788,83,5,0,-41,7,7.71
fold2_room1_mix0788,84,4,0,-6,-3,8.26
fold2_room1_mix0788,84,4,0,-6,-2,9.97
fold2_room1_mix0788,84,5,0,-33,5,11.86
fold2_room1_mix0788,85,4,0,-2,-2,8.62
fold2_room1_mix0788,85,4,0,-3,-2,9.62
fold2_room1_mix0788,85,5,0,-25,4,10.72
fold2_room1_mix0788,86,4,0,-6,-2,9.26
fold2_room1_mix0788,86,4,0,-8,-3,9.67
fold2_room1_mix0788,86,5,0,-32,5,8.91
fold2_room1_mix0788,87,4,0,-7,-2,9.67
fold2_room1_mix0788,87,4,0,-5,-3,10.51
fold2_room1_mix0788,87,5,0,-29,4,12.58
fold2_room1_mix0788,88,4,0,-3,-3,8.24
fold2_room1_mix0788,88,4,0,-3,-3,9.02
fold2_room1_mix0788,88,5,0,-25,4,11.75
fold2_room1_mix0788,89,4,0,-1,-2,9.27
fold2_room1_mix0788,89,4,0,-2,-3,9.07
fold2_room1_mix0788,89,5,0,-24,4,9.45
fold2_room1_mix0788,90,4,0,-5,-2,10.06
fold2_room1_mix0788,90,4,0,-4,-3,10.76
fold2_room1_mix0788,90,5,0,-28,3,11.91
fold2_room1_mix0788,91,4,0,-12,-3,8.99
fold2_room1_mix0788,91,5,0,-26,3,13.13
fold2_room1_mix0788,92,4,0,-11,-3,10.02
fold2_room1_mix0788,92,5,0,-21,5,8.08
fold2_room1_mix0788,93,4,0,-7,-2,10.67
fold2_room1_mix0788,93,4,0,-5,-2,12.17
fold2_room1_mix0788,93,5,0,-28,3,12.26
fold2_room1_mix0788,94,4,0,-11,-2,12.09
fold2_room1_mix0788,94,5,0,-28,3,13.68
fold2_room1_mix0788,95,4,0,-7,-3,10.21
fold2_room1_mix0788,95,5,0,-20,4,10.12
fold2_room1_mix0788,96,4,0,-2,-3,7.31
fold2_room1_mix0788,96,4,0,0,-2,8.54
fold2_room1_mix0788,96,5,0,-26,3,12.79
fold2_room1_mix0788,97,4,0,-7,-3,8.42
fold2_room1_mix0788,97,5,0,-25,2,17.40
fold2_room1_mix0788,98,4,0,-5,-2,5.04
fold2_room1_mix0788,98,5,0,-22,4,13.14
fold2_room1_mix0788,99,4,0,0,-1,7.19
fold2_room1_mix0788,99,5,0,-23,3,18.97
fold2_room1_mix0882,1,1,0,101,-2,8.86
fold2_room1_mix0882,66,4,0,6,-6,4.14
fold2_room1_mix0882,66,4,0,7,-5,4.07
fold2_room1_mix0882,67,4,0,5,-6,3.91
fold2_room1_mix0882,67,4,0,7,-5,3.84
fold2_room1_mix0882,68,4,0,9,-9,3.41
fold2_room1_mix0882,68,4,0,9,-7,3.39
fold2_room1_mix0882,69,4,0,4,-6,4.08
fold2_room1_mix0882,69,4,0,7,-5,4.05
fold2_room1_mix0882,70,4,0,3,-6,3.83
fold2_room1_mix0882,70,4,0,6,-5,3.80
fold2_room1_mix0882,71,4,0,4,-8,3.01
fold2_room1_mix0882,71,4,0,6,-6,2.98
fold2_room1_mix0882,73,4,0,-176,-7,3.76
fold2_room1_mix0882,73,4,0,14,-8,2.66
fold2_room1_mix0882,74,4,0,-179,-7,4.45
fold2_room1_mix0882,74,4,0,14,-8,2.76
fold2_room1_mix0882,75,4,0,-174,-7,4.39
fold2_room1_mix0882,75,4,0,19,-9,2.72
fold2_room1_mix0882,76,4,0,-176,-9,3.83
fold2_room1_mix0882,76,4,0,21,-12,2.50
fold2_room1_mix0882,77,4,0,-174,-11,3.54
fold2_room1_mix0882,77,4,0,26,-13,2.28
fold2_room1_mix0882,78,4,0,-174,-16,2.71
fold2_room1_mix0882,78,4,0,30,-14,1.91
fold2_room1_mix0882,79,4,0,164,-31,2.34
fold2_room1_mix0882,79,4,0,-169,-18,2.37
fold2_room1_mix0882,79,4,0,42,-18,1.89
fold2_room1_mix0882,80,4,0,119,-42,1.87
fold2_room1_mix0882,80,4,0,-167,-20,2.29
fold2_room1_mix0882,80,4,0,57,-20,1.24
fold2_room1_mix0882,81,4,0,144,-34,1.55
fold2_room1_mix0882,81,4,0,-153,-25,1.81
fold2_room1_mix0882,81,4,0,85,-26,0.98
fold2_room1_mix0882,82,4,0,160,-38,1.39
fold2_room1_mix0882,82,4,0,-151,-31,1.33
fold2_room1_mix0882,82,4,0,123,-27,1.05
fold2_room1_mix0882,83,4,0,-136,-69,1.25
fold2_room1_mix0882,83,4,0,133,-57,1.44
fold2_room1_mix0882,83,4,0,-96,-51,1.32
fold2_room1_mix0882,84,4,0,-44,-35,1.52
fold2_room1_mix0882,84,4,0,-44,-31,1.57
fold2_room1_mix0882,85,4,0,-12,-32,2.36
fold2_room1_mix0882,85,4,0,150,-22,2.15
fold2_room1_mix0882,85,4,0,-28,-21,2.24
fold2_room1_mix0882,86,4,0,-21,-19,2.88
fold2_room1_mix0882,86,4,0,-20,-17,2.85
fold2_room1_mix0882,87,4,0,-8,-17,3.19
fold2_room1_mix0882,87,4,0,-14,-15,3.07
fold2_room1_mix0882,88,4,0,-11,-11,3.50
fold2_room1_mix0882,88,4,0,-11,-10,3.57
fold2_room1_mix0882,89,4,0,-10,-11,3.79
fold2_room1_mix0882,89,4,0,-12,-10,3.98
fold2_room1_mix0882,90,4,0,-8,-8,4.45
fold2_room1_mix0882,90,4,0,-9,-8,4.53
fold2_room1_mix0882,91,4,0,-8,-8,4.76
fold2_room1_mix0882,91,4,0,-8,-8,4.84
fold2_room1_mix0882,92,4,0,-4,-8,5.05
fold2_room1_mix0882,92,4,0,-6,-8,5.01
fold2_room1_mix0882,93,4,0,-6,-7,5.86
fold2_room1_mix0882,93,4,0,-6,-7,5.81
fold2_room1_mix0882,94,4,0,-4,-6,6.44
fold2_room1_mix0882,94,4,0,-4,-6,6.58
fold2_room1_mix0882,95,4,0,-5,-5,7.61
fold2_room1_mix0882,95,4,0,-6,-5,7.45
fold2_room1_mix0882,96,4,0,-4,-6,5.63
fold2_room1_mix0882,96,4,0,-4,-5,5.81
fold2_room1_mix0882,97,4,0,-2,-5,4.37
fold2_room1_mix0882,97,4,0,-3,-4,4.82
fold2_room1_mix0882,99,4,0,-3,-7,3.46
fold2_room1_mix0882,99,4,0,-4,-4,4.08
fold2_room1_mix0882,9,4,0,175,3,0.93
fold2_room1_mix0882,9,4,0,2,3,1.10
fold2_room1_mix0882,23,4,0,175,2,0.78
fold2_room1_mix0882,23,4,0,4,2,0.62
fold2_room1_mix0882,59,4,0,168,-1,1.82
fold2_room1_mix0882,59,4,0,5,-1,1.42
fold2_room1_mix0882,60,4,0,174,-1,2.91
fold2_room1_mix0882,60,4,0,6,-1,2.30
fold2_room1_mix0882,61,4,0,178,-1,3.68
fold2_room1_mix0882,61,4,0,7,-1,3.30
fold2_room1_mix0882,62,4,0,176,-2,3.89
fold2_room1_mix0882,62,4,0,6,-2,3.17
fold2_room1_mix0882,63,4,0,176,-2,2.47
fold2_room1_mix0882,63,4,0,5,-2,2.03
fold2_room1_mix0882,64,4,0,179,-2,3.02
fold2_room1_mix0882,64,4,0,6,-2,2.28
fold2_room1_mix0882,65,4,0,179,-2,3.50
fold2_room1_mix0882,65,4,0,7,-2,2.57
fold2_room1_mix0882,72,4,0,-179,-4,3.58
fold2_room1_mix0882,72,4,0,11,-6,2.20
fold2_room1_mix0882,98,4,0,173,-3,2.88
fold2_room1_mix0882,98,4,0,-3,-3,3.35
fold2_room1_mix0882,5,4,0,3,3,0.56
fold2_room1_mix0882,6,4,0,1,3,0.51
fold2_room1_mix0882,7,4,0,3,3,0.62
fold2_room1_mix0882,14,4,0,3,3,0.59
fold2_room1_mix0882,16,4,0,1,3,0.69
fold2_room1_mix0882,17,4,0,4,3,0.63
fold2_room1_mix0882,20,4,0,7,3,0.58
fold2_room1_mix0882,21,4,0,4,2,0.58
fold2_room1_mix0882,22,4,0,5,2,0.48
fold2_room1_mix0882,55,4,0,4,-1,0.55
fold2_room1_mix0882,57,4,0,4,-1,0.75
fold2_room1_mix0908,0,0,0,-179,-1,27.18
fold2_room1_mix0908,1,0,0,-178,0,35.26
fold2_room1_mix0908,2,0,0,-170,0,37.45
fold2_room1_mix0908,3,0,0,-175,0,42.78
fold2_room1_mix0908,4,0,0,-175,0,45.20
fold2_room1_mix0908,5,0,0,-173,0,45.33
fold2_room1_mix0908,6,0,0,-171,0,43.02
fold2_room1_mix0908,7,0,0,-172,0,45.87
fold2_room1_mix0908,8,0,0,-173,0,44.39
fold2_room1_mix0908,9,0,0,-172,0,43.70
fold2_room1_mix0908,10,0,0,-170,0,38.89
fold2_room1_mix0908,11,0,0,-170,0,39.00
fold2_room1_mix0908,12,0,0,-168,0,37.36
fold2_room1_mix0908,13,0,0,-166,0,35.41
fold2_room1_mix0908,14,0,0,-168,0,37.50
fold2_room1_mix0908,15,0,0,-167,0,35.33
fold2_room1_mix0908,16,0,0,-170,0,38.99
fold2_room1_mix0908,17,0,0,-168,0,42.31
fold2_room1_mix0908,18,0,0,-168,0,42.46
fold2_room1_mix0908,19,0,0,-167,0,40.99
fold2_room1_mix0908,20,0,0,-166,0,37.00
fold2_room1_mix0908,21,0,0,-166,0,36.45
fold2_room1_mix0908,22,0,0,-166,0,36.58
fold2_room1_mix0908,23,0,0,-165,-1,31.15
fold2_room1_mix0908,24,0,0,-166,-1,30.43
fold2_room1_mix0908,25,0,0,-164,-1,29.02
fold2_room1_mix0908,26,0,0,-161,-1,23.68
fold2_room1_mix0908,27,0,0,-161,-1,24.04
fold2_room1_mix0908,28,0,0,-157,-1,22.85
fold2_room1_mix0908,29,0,0,-156,-1,22.28
fold2_room1_mix0908,30,0,0,-159,-1,26.79
fold2_room1_mix0908,31,0,0,-152,-1,19.05
fold2_room1_mix0908,32,0,0,-155,-1,21.93
fold2_room1_mix0908,33,0,0,-150,-1,18.20
fold2_room1_mix0908,34,0,0,-149,-1,17.23
fold2_room1_mix0908,35,0,0,-147,-2,15.30
fold2_room1_mix0908,36,0,0,-145,-2,14.76
fold2_room1_mix0908,37,0,0,-136,-2,13.59
fold2_room1_mix0908,38,0,0,-142,-2,15.37
fold2_room1_mix0908,39,0,0,-138,-2,13.33
fold2_room1_mix0908,40,0,0,-137,-2,11.71
fold2_room1_mix0908,41,0,0,-132,-2,10.23
fold2_room1_mix0908,42,0,0,-131,-3,8.54
fold2_room1_mix0908,43,0,0,-125,-2,10.47
fold2_room1_mix0908,44,0,0,-118,-3,9.26
fold2_room1_mix0908,45,0,0,-106,-3,8.26
fold2_room1_mix0908,46,0,0,-97,-3,8.53
fold2_room1_mix0908,47,0,0,-90,-3,8.17
fold2_room1_mix0908,48,0,0,-80,-4,6.45
fold2_room1_mix0908,49,0,0,-72,-3,8.10
fold2_room1_mix0908,50,0,0,-65,-3,7.61
fold2_room1_mix0908,51,0,0,-61,-3,8.25
fold2_room1_mix0908,52,0,0,-58,-3,9.02
fold2_room1_mix0908,53,0,0,-52,-2,10.82
fold2_room1_mix0908,54,0,0,-48,-2,11.13
fold2_room1_mix0908,54,4,0,-168,-1,2.35
fold2_room1_mix0908,55,0,0,-47,-2,11.32
fold2_room1_mix0908,55,4,0,-167,0,2.26
fold2_room1_mix0908,56,0,0,-42,-2,11.20
fold2_room1_mix0908,56,4,0,-161,-2,6.61
fold2_room1_mix0908,57,0,0,-39,-2,11.57
fold2_room1_mix0908,57,4,0,-155,-3,6.65
fold2_room1_mix0908,58,0,0,-36,-2,12.05
fold2_room1_mix0908,58,4,0,-151,-3,6.05
fold2_room1_mix0908,59,0,0,-33,-2,12.37
fold2_room1_mix0908,59,4,0,-152,-2,6.93
fold2_room1_mix0908,60,0,0,-32,-2,14.36
fold2_room1_mix0908,60,4,0,-142,-4,3.98
fold2_room1_mix0908,61,0,0,-32,-1,16.10
fold2_room1_mix0908,61,4,0,-143,-4,5.35
fold2_room1_mix0908,62,0,0,-32,-1,16.93
fold2_room1_mix0908,62,4,0,-141,-3,5.22
fold2_room1_mix0908,63,0,0,-30,-1,18.46
fold2_room1_mix0908,63,4,0,-137,-5,4.17
fold2_room1_mix0908,64,0,0,-31,-1,19.40
fold2_room1_mix0908,64,4,0,-138,-5,3.96
fold2_room1_mix0908,64,4,0,-118,-6,4.26
fold2_room1_mix0908,65,0,0,-28,-1,20.76
fold2_room1_mix0908,65,4,0,-131,-6,3.71
fold2_room1_mix0908,65,4,0,-111,-7,3.88
fold2_room1_mix0908,66,0,0,-28,-1,21.71
fold2_room1_mix0908,66,4,0,-125,-6,3.71
fold2_room1_mix0908,66,4,0,-105,-7,3.84
fold2_room1_mix0908,67,0,0,-29,-1,25.04
fold2_room1_mix0908,67,4,0,-106,-7,3.48
fold2_room1_mix0908,68,0,0,-25,-1,27.05
fold2_room1_mix0908,68,4,0,-85,-6,3.76
fold2_room1_mix0908,68,4,0,-84,-6,3.64
fold2_room1_mix0908,69,0,0,-25,-1,29.10
fold2_room1_mix0908,69,4,0,-70,-6,3.76
fold2_room1_mix0908,69,4,0,-68,-6,3.67
fold2_room1_mix0908,70,0,0,-24,-1,28.22
fold2_room1_mix0908,70,4,0,-55,-5,3.93
fold2_room1_mix0908,70,4,0,-55,-5,3.85
fold2_room1_mix0908,71,0,0,-24,-1,29.49
fold2_room1_mix0908,71,4,0,-52,-5,3.92
fold2_room1_mix0908,72,0,0,-22,-1,31.51
fold2_room1_mix0908,72,4,0,-46,-5,4.55
fold2_room1_mix0908,73,0,0,-22,-1,31.39
fold2_room1_mix0908,73,4,0,-38,-5,4.55
fold2_room1_mix0908,74,0,0,-22,-1,31.55
fold2_room1_mix0908,74,4,0,-33,-4,4.82
fold2_room1_mix0908,75,0,0,-21,-1,33.46
fold2_room1_mix0908,75,4,0,-29,-4,5.18
fold2_room1_mix0908,76,0,0,-20,-1,32.22
fold2_room1_mix0908,76,4,0,-26,-3,5.80
fold2_room1_mix0908,77,0,0,-20,-1,33.66
fold2_room1_mix0908,77,4,0,-23,-3,5.88
fold2_room1_mix0908,78,0,0,-19,0,35.53
fold2_room1_mix0908,78,4,0,-24,-3,6.28
fold2_room1_mix0908,79,0,0,-18,0,38.27
fold2_room1_mix0908,79,4,0,-20,-2,6.49
fold2_room1_mix0908,80,0,0,-18,-1,38.32
fold2_room1_mix0908,80,4,0,-20,-2,6.81
fold2_room1_mix0908,81,0,0,-18,0,42.55
fold2_room1_mix0908,81,4,0,-18,-2,6.66
fold2_room1_mix0908,82,0,0,-18,0,39.98
fold2_room1_mix0908,82,4,0,-17,-1,7.40
fold2_room1_mix0908,83,0,0,-16,0,43.12
fold2_room1_mix0908,83,4,0,-18,-1,5.42
fold2_room1_mix0908,84,0,0,-17,0,44.92
fold2_room1_mix0908,84,4,0,-16,-1,4.20
fold2_room1_mix0908,85,0,0,-15,0,45.37
fold2_room1_mix0908,85,4,0,-17,0,3.31
fold2_room1_mix0908,86,0,0,-16,0,44.84
fold2_room1_mix0908,86,4,0,-12,0,2.34
fold2_room1_mix0908,87,0,0,-16,0,45.05
fold2_room1_mix0908,87,4,0,-13,-1,4.91
fold2_room1_mix0908,88,0,0,-16,0,46.91
fold2_room1_mix0908,88,4,0,-10,-1,2.23
fold2_room1_mix0908,89,0,0,-16,0,44.89
fold2_room1_mix0908,90,0,0,-16,0,45.67
fold2_room1_mix0908,91,0,0,-16,0,47.57
fold2_room1_mix0908,92,0,0,-16,0,44.50
fold2_room1_mix0908,93,0,0,-17,0,44.89
fold2_room1_mix0908,94,0,0,-16,0,46.44
fold2_room1_mix0908,95,0,0,-17,0,47.09
fold2_room1_mix0908,96,0,0,-16,0,50.62
fold2_room1_mix0908,97,0,0,-15,0,50.78
fold2_room1_mix0908,98,0,0,-15,0,50.00
fold2_room1_mix0908,99,0,0,-14,0,52.04
fold2_room1_mix0987,0,0,0,-145,-1,23.85
fold2_room1_mix0987,1,0,0,-153,-2,22.51
fold2_room1_mix0987,1,0,0,-154,-1,22.70
fold2_room1_mix0987,2,0,0,-154,-2,19.72
fold2_room1_mix0987,2,0,0,-155,-2,19.97
fold2_room1_mix0987,3,0,0,-171,-1,28.58
fold2_room1_mix0987,3,0,0,-169,-1,28.36
fold2_room1_mix0987,4,0,0,-176,-1,30.64
fold2_room1_mix0987,4,0,0,-174,-1,30.18
fold2_room1_mix0987,5,0,0,-169,-1,30.62
fold2_room1_mix0987,5,0,0,-167,-1,30.39
fold2_room1_mix0987,6,0,0,-165,-1,28.11
fold2_room1_mix0987,7,0,0,-172,0,32.44
fold2_room1_mix0987,8,0,0,-167,-1,33.64
fold2_room1_mix0987,9,0,0,-170,-1,30.76
fold2_room1_mix0987,10,0,0,-162,-1,26.38
fold2_room1_mix0987,11,0,0,-162,-1,25.09
fold2_room1_mix0987,12,0,0,-157,-1,26.21
fold2_room1_mix0987,13,0,0,-158,-1,27.72
fold2_room1_mix0987,14,0,0,-157,-1,27.39
fold2_room1_mix0987,15,0,0,-167,-1,31.18
fold2_room1_mix0987,16,0,0,-169,-1,33.16
fold2_room1_mix0987,17,0,0,-170,0,38.08
fold2_room1_mix0987,18,0,0,-171,0,37.80
fold2_room1_mix0987,19,0,0,-169,0,37.76
fold2_room1_mix0987,20,0,0,-162,0,32.55
fold2_room1_mix0987,21,0,0,-160,0,30.81
fold2_room1_mix0987,22,0,0,-166,0,26.80
fold2_room1_mix0987,22,0,0,-166,0,26.98
fold2_room1_mix0987,23,0,0,-170,-1,28.83
fold2_room1_mix0987,23,0,0,-168,-1,28.60
fold2_room1_mix0987,24,0,0,-175,-1,31.01
fold2_room1_mix0987,24,0,0,-173,-1,30.66
fold2_room1_mix0987,25,0,0,179,-1,40.25
fold2_room1_mix0987,25,0,0,-178,-1,39.46
fold2_room1_mix0987,26,0,0,179,-1,38.18
fold2_room1_mix0987,26,0,0,-177,-1,37.24
fold2_room1_mix0987,27,0,0,-170,-1,39.32
fold2_room1_mix0987,28,0,0,-171,-1,38.07
fold2_room1_mix0987,29,0,0,-169,0,39.53
fold2_room1_mix0987,30,0,0,-166,0,31.93
fold2_room1_mix0987,31,0,0,-173,-1,28.67
fold2_room1_mix0987,31,0,0,-174,-1,29.17
fold2_room1_mix0987,32,0,0,-165,-1,25.49
fold2_room1_mix0987,32,0,0,-166,-1,25.80
fold2_room1_mix0987,32,2,0,-71,-2,4.71
fold2_room1_mix0987,33,0,0,-164,-1,20.20
fold2_room1_mix0987,33,0,0,-164,-1,20.40
fold2_room1_mix0987,33,2,0,-67,-2,6.26
fold2_room1_mix0987,34,0,0,-166,0,34.90
fold2_room1_mix0987,34,2,0,-71,-3,5.66
fold2_room1_mix0987,35,0,0,178,-1,41.53
fold2_room1_mix0987,35,0,0,-179,-1,41.21
fold2_room1_mix0987,35,2,0,-69,-2,2.28
fold2_room1_mix0987,36,0,0,176,0,43.73
fold2_room1_mix0987,36,0,0,178,0,43.03
fold2_room1_mix0987,37,0,0,-173,0,48.08
fold2_room1_mix0987,37,2,0,-66,-3,4.09
fold2_room1_mix0987,38,0,0,-175,0,49.48
fold2_room1_mix0987,38,2,0,-66,-3,4.25
fold2_room1_mix0987,39,0,0,-168,0,41.34
fold2_room1_mix0987,39,2,0,-62,-3,6.63
fold2_room1_mix0987,40,0,0,-164,0,40.12
fold2_room1_mix0987,40,2,0,-64,-2,4.46
fold2_room1_mix0987,41,0,0,-170,0,41.52
fold2_room1_mix0987,41,2,0,-70,-3,3.60
fold2_room1_mix0987,42,0,0,-168,-1,37.88
fold2_room1_mix0987,43,0,0,-164,-1,39.05
fold2_room1_mix0987,44,0,0,-164,-1,35.96
fold2_room1_mix0987,44,2,0,-75,-3,1.85
fold2_room1_mix0987,45,0,0,-171,0,37.57
fold2_room1_mix0987,46,0,0,-171,0,40.58
fold2_room1_mix0987,47,0,0,-172,0,40.24
fold2_room1_mix0987,48,0,0,-176,0,40.26
fold2_room1_mix0987,49,0,0,-173,0,46.70
fold2_room1_mix0987,50,0,0,-169,0,44.14
fold2_room1_mix0987,51,0,0,-161,-1,34.57
fold2_room1_mix0987,52,0,0,-165,-1,35.21
fold2_room1_mix0987,53,0,0,-158,-1,29.69
fold2_room1_mix0987,54,0,0,-167,-1,37.00
fold2_room1_mix0987,55,0,0,-172,-1,43.17
fold2_room1_mix0987,56,0,0,-173,0,47.82
fold2_room1_mix0987,57,0,0,-174,0,44.62
fold2_room1_mix0987,58,0,0,-173,0,42.72
fold2_room1_mix0987,59,0,0,-166,0,42.84
fold2_room1_mix0987,60,0,0,-167,-1,42.20
fold2_room1_mix0987,61,0,0,-169,-1,39.32
fold2_room1_mix0987,62,0,0,-163,-1,35.71
fold2_room1_mix0987,62,2,0,-80,-2,3.16
fold2_room1_mix0987,63,0,0,-161,-1,35.85
fold2_room1_mix0987,64,0,0,-170,-1,37.70
fold2_room1_mix0987,64,2,0,-90,-3,3.72
fold2_room1_mix0987,65,0,0,-167,-1,43.12
fold2_room1_mix0987,65,2,0,-78,-2,3.06
fold2_room1_mix0987,66,0,0,-171,0,48.16
fold2_room1_mix0987,67,0,0,-173,0,50.62
fold2_room1_mix0987,68,0,0,-173,0,49.92
fold2_room1_mix0987,69,0,0,-169,0,51.02
fold2_room1_mix0987,70,0,0,-166,0,47.05
fold2_room1_mix0987,71,0,0,-167,-1,43.12
fold2_room1_mix0987,72,0,0,-167,-1,39.74
fold2_room1_mix0987,73,0,0,-167,-1,39.95
fold2_room1_mix0987,74,0,0,-172,0,42.09
fold2_room1_mix0987,75,0,0,-171,0,45.45
fold2_room1_mix0987,76,0,0,-172,0,44.60
fold2_room1_mix0987,77,0,0,-174,0,42.96
fold2_room1_mix0987,78,0,0,-172,0,45.55
fold2_room1_mix0987,79,0,0,-170,0,48.09
fold2_room1_mix0987,80,0,0,-171,0,47.57
fold2_room1_mix0987,81,0,0,-171,0,47.55
fold2_room1_mix0987,82,0,0,-167,0,45.33
fold2_room1_mix0987,83,0,0,-166,0,43.40
fold2_room1_mix0987,84,0,0,-170,0,47.62
fold2_room1_mix0987,85,0,0,-173,0,50.86
fold2_room1_mix0987,86,0,0,-172,0,50.30
fold2_room1_mix0987,87,0,0,-174,0,51.73
fold2_room1_mix0987,88,0,0,-172,0,49.28
fold2_room1_mix0987,89,0,0,-169,0,45.71
fold2_room1_mix0987,90,0,0,-168,-1,43.77
fold2_room1_mix0987,91,0,0,-167,0,45.60
fold2_room1_mix0987,92,0,0,-169,-1,40.51
fold2_room1_mix0987,93,0,0,-169,0,42.50
fold2_room1_mix0987,94,0,0,-173,0,43.83
fold2_room1_mix0987,95,0,0,-173,-1,44.78
fold2_room1_mix0987,96,0,0,-174,0,47.49
fold2_room1_mix0987,97,0,0,-174,0,47.68
fold2_room1_mix0987,98,0,0,-175,0,51.32
fold2_room1_mix0987,99,0,0,-173,0,47.04
fold2_room1_mix0988,37,3,0,57,-3,7.19
fold2_room1_mix0988,38,3,0,57,-3,6.07
fold2_room1_mix0988,39,3,0,61,-3,6.44
fold2_room1_mix0988,40,3,0,62,-3,5.92
fold2_room1_mix0988,41,3,0,70,-3,6.16
fold2_room1_mix0988,42,3,0,71,-3,5.78
fold2_room1_mix0988,43,3,0,71,-3,6.04
fold2_room1_mix0988,44,3,0,74,-3,6.13
fold2_room1_mix0988,45,3,0,77,-3,6.15
fold2_room1_mix0988,46,3,0,80,-4,6.05
fold2_room1_mix0988,47,3,0,81,-3,6.78
fold2_room1_mix0988,48,3,0,83,-4,6.15
fold2_room1_mix0988,49,3,0,88,-4,6.14
fold2_room1_mix0988,50,3,0,92,-4,5.86
fold2_room1_mix0988,51,1,0,67,-2,11.09
fold2_room1_mix0988,51,3,0,96,-4,5.26
fold2_room1_mix0988,52,1,0,72,-2,11.53
fold2_room1_mix0988,52,3,0,103,-4,4.75
fold2_room1_mix0988,53,1,0,69,-2,12.01
fold2_room1_mix0988,53,3,0,99,-4,4.65
fold2_room1_mix0988,54,1,0,75,-2,11.92
fold2_room1_mix0988,54,3,0,96,-4,4.99
fold2_room1_mix0988,55,1,0,75,-2,11.83
fold2_room1_mix0988,55,3,0,100,-4,4.81
fold2_room1_mix0988,56,1,0,78,-2,11.85
fold2_room1_mix0988,56,3,0,104,-3,5.03
fold2_room1_mix0988,57,1,0,80,-1,10.06
fold2_room1_mix0988,57,3,0,104,-3,3.98
fold2_room1_mix0988,58,3,0,105,-3,2.12
fold2_room1_mix0996,1,1,0,109,-2,4.06
fold2_room1_mix0996,31,1,0,-56,-2,11.35
fold2_room1_mix0996,32,1,0,-61,-2,13.22
fold2_room1_mix0996,33,1,0,-63,-2,13.05
fold2_room1_mix0996,34,1,0,-63,-2,12.57
fold2_room1_mix0996,35,1,0,-61,-1,14.57
fold2_room1_mix0996,36,1,0,-64,-1,13.37
fold2_room1_mix1004,0,5,0,-79,4,3.94
fold2_room1_mix1004,1,1,0,121,-1,10.24
fold2_room1_mix1004,1,5,0,-87,3,3.95
fold2_room1_mix1004,2,5,0,-83,3,10.54
fold2_room1_mix1004,3,5,0,-86,2,9.73
fold2_room1_mix1004,4,5,0,-82,3,12.28
fold2_room1_mix1004,5,5,0,-85,4,14.59
fold2_room1_mix1004,6,5,0,-88,3,15.49
fold2_room1_mix1004,7,5,0,-86,3,15.52
fold2_room1_mix1004,8,5,0,-84,4,14.59
fold2_room1_mix1004,9,5,0,-84,4,12.94
fold2_room1_mix1004,10,5,0,-86,4,13.59
fold2_room1_mix1004,11,5,0,-87,4,13.97
fold2_room1_mix1004,12,5,0,-84,5,12.59
fold2_room1_mix1004,13,5,0,-82,3,15.30
fold2_room1_mix1004,14,5,0,-87,4,14.09
fold2_room1_mix1004,15,5,0,-87,4,13.19
fold2_room1_mix1004,16,5,0,-84,4,13.26
fold2_room1_mix1004,17,5,0,-90,4,13.58
fold2_room1_mix1004,18,5,0,-84,4,15.43
fold2_room1_mix1004,19,5,0,-89,4,14.70
fold2_room1_mix1004,20,5,0,-89,4,14.22
fold2_room1_mix1004,21,5,0,-88,4,14.18
fold2_room1_mix1004,22,5,0,-89,4,14.47
fold2_room1_mix1004,23,5,0,-92,4,15.06
fold2_room1_mix1004,24,5,0,-92,4,13.62
fold2_room1_mix1004,25,5,0,-93,4,14.05
fold2_room1_mix1004,26,5,0,-94,4,15.26
fold2_room1_mix1004,27,5,0,-92,4,13.86
fold2_room1_mix1004,28,5,0,-99,4,13.23
fold2_room1_mix1004,29,5,0,-96,4,13.77
fold2_room1_mix1004,30,5,0,-97,4,14.17
fold2_room1_mix1004,31,5,0,-100,4,15.00
fold2_room1_mix1004,32,5,0,-101,4,13.77
fold2_room1_mix1004,33,5,0,-101,4,13.96
fold2_room1_mix1004,34,5,0,-105,4,14.86
fold2_room1_mix1004,35,5,0,-102,4,15.38
fold2_room1_mix1004,36,5,0,-102,4,14.77
fold2_room1_mix1004,37,5,0,-107,4,14.81
fold2_room1_mix1004,38,5,0,-103,4,14.90
fold2_room1_mix1004,39,5,0,-106,3,16.22
fold2_room1_mix1004,40,5,0,-105,4,14.74
fold2_room1_mix1004,41,5,0,-102,3,15.55
fold2_room1_mix1004,42,5,0,-108,3,16.32
fold2_room1_mix1004,43,5,0,-108,3,16.50
fold2_room1_mix1004,44,5,0,-109,3,16.56
fold2_room1_mix1004,45,5,0,-111,3,17.55
fold2_room1_mix1004,46,5,0,-107,3,16.88
fold2_room1_mix1004,47,5,0,-110,3,17.59
fold2_room1_mix1004,48,4,0,-20,-4,1.38
fold2_room1_mix1004,48,5,0,-113,3,17.34
fold2_room1_mix1004,49,4,0,-29,-4,1.63
fold2_room1_mix1004,49,5,0,-110,3,17.24
fold2_room1_mix1004,50,4,0,-38,-6,2.33
fold2_room1_mix1004,50,5,0,-114,3,17.55
fold2_room1_mix1004,51,4,0,-71,-7,2.35
fold2_room1_mix1004,51,4,0,-55,-4,3.86
fold2_room1_mix1004,51,5,0,-110,3,18.19
fold2_room1_mix1004,52,4,0,-92,-10,1.96
fold2_room1_mix1004,52,4,0,-26,0,7.29
fold2_room1_mix1004,52,5,0,-105,3,17.55
fold2_room1_mix1004,53,4,0,-116,-9,2.03
fold2_room1_mix1004,53,4,0,-38,-1,6.82
fold2_room1_mix1004,53,5,0,-108,3,17.62
fold2_room1_mix1004,54,4,0,-133,-10,2.88
fold2_room1_mix1004,54,4,0,-9,0,10.87
fold2_room1_mix1004,54,5,0,-104,3,18.21
fold2_room1_mix1004,55,4,0,-150,-6,3.70
fold2_room1_mix1004,55,4,0,-5,0,10.86
fold2_room1_mix1004,55,5,0,-105,2,19.17
fold2_room1_mix1004,56,4,0,-149,-5,4.25
fold2_room1_mix1004,56,4,0,-3,0,11.60
fold2_room1_mix1004,56,5,0,-111,2,18.77
fold2_room1_mix1004,57,4,0,-160,-3,4.89
fold2_room1_mix1004,57,4,0,-4,0,10.66
fold2_room1_mix1004,57,5,0,-106,3,17.13
fold2_room1_mix1004,58,4,0,2,1,6.26
fold2_room1_mix1004,58,5,0,-108,3,17.97
fold2_room1_mix1004,59,4,0,4,1,7.31
fold2_room1_mix1004,59,5,0,-108,2,17.51
fold2_room1_mix1004,60,4,0,2,0,4.06
fold2_room1_mix1004,60,5,0,-113,3,16.05
fold2_room1_mix1004,61,4,0,1,0,2.66
fold2_room1_mix1004,61,5,0,-114,2,17.95
fold2_room1_mix1004,62,4,0,-1,0,1.78
fold2_room1_mix1004,62,5,0,-113,2,17.51
fold2_room1_mix1004,63,5,0,-111,2,17.52
fold2_room1_mix1004,64,4,0,0,0,1.26
fold2_room1_mix1004,64,5,0,-114,2,18.66
fold2_room1_mix1004,65,4,0,-4,-1,0.73
fold2_room1_mix1004,65,5,0,-113,3,15.98
fold2_room1_mix1004,66,5,0,-116,3,17.58
fold2_room1_mix1004,67,5,0,-113,2,18.88
fold2_room1_mix1004,68,5,0,-117,3,16.90
fold2_room1_mix1004,69,5,0,-115,3,17.69
fold2_room1_mix1004,70,5,0,-114,3,17.35
fold2_room1_mix1004,71,5,0,-116,3,18.21
fold2_room1_mix1004,72,5,0,-116,3,16.38
fold2_room1_mix1004,73,5,0,-116,3,16.95
fold2_room1_mix1004,74,5,0,-119,2,18.01
fold2_room1_mix1004,75,5,0,-112,2,18.32
fold2_room1_mix1004,76,5,0,-118,2,18.30
fold2_room1_mix1004,77,4,0,-53,-4,3.45
fold2_room1_mix1004,77,5,0,-121,2,18.27
fold2_room1_mix1004,78,4,0,-62,-4,3.41
fold2_room1_mix1004,78,5,0,-115,3,17.22
fold2_room1_mix1004,79,4,0,-73,-5,3.00
fold2_room1_mix1004,79,5,0,-119,2,17.78
fold2_room1_mix1004,80,4,0,-84,-6,3.99
fold2_room1_mix1004,80,5,0,-124,2,17.84
fold2_room1_mix1004,81,4,0,-95,-5,3.90
fold2_room1_mix1004,81,5,0,-121,2,17.52
fold2_room1_mix1004,82,4,0,-100,-5,3.90
fold2_room1_mix1004,82,5,0,-130,2,19.02
fold2_room1_mix1004,83,4,0,-110,-5,3.48
fold2_room1_mix1004,83,5,0,-121,2,19.14
fold2_room1_mix1004,84,4,0,-126,-4,3.21
fold2_room1_mix1004,84,5,0,-120,2,18.20
fold2_room1_mix1004,85,4,0,-131,-3,2.03
fold2_room1_mix1004,85,5,0,-127,2,18.88
fold2_room1_mix1004,86,4,0,-145,-2,1.09
fold2_room1_mix1004,86,5,0,-121,2,19.66
fold2_room1_mix1004,87,4,0,-147,-2,2.34
fold2_room1_mix1004,87,5,0,-118,2,19.79
fold2_room1_mix1004,88,4,0,-151,-2,2.15
fold2_room1_mix1004,88,5,0,-121,2,18.18
fold2_room1_mix1004,89,5,0,-119,2,20.27
fold2_room1_mix1004,90,5,0,-123,2,20.08
fold2_room1_mix1004,91,5,0,-122,2,19.03
fold2_room1_mix1004,92,5,0,-124,2,18.97
fold2_room1_mix1004,93,5,0,-124,2,21.54
fold2_room1_mix1004,94,5,0,-126,2,19.99
fold2_room1_mix1004,95,5,0,-125,2,20.77
fold2_room1_mix1004,96,5,0,-125,2,21.41
fold2_room1_mix1004,97,5,0,-127,2,18.60
fold2_room1_mix1004,98,5,0,-129,2,20.64
fold2_room1_mix1004,99,5,0,-125,2,20.06
fold2_room1_mix1095,0,5,0,-74,11,1.29
fold2_room1_mix1095,1,1,0,121,-1,9.63
fold2_room1_mix1095,1,5,0,-84,7,1.92
fold2_room1_mix1095,2,5,0,-80,10,3.76
fold2_room1_mix1095,3,5,0,-75,12,3.26
fold2_room1_mix1095,4,5,0,-69,10,5.15
fold2_room1_mix1095,5,5,0,-70,10,5.40
fold2_room1_mix1095,6,5,0,-70,11,5.01
fold2_room1_mix1095,7,5,0,-74,12,4.78
fold2_room1_mix1095,8,5,0,-74,13,4.57
fold2_room1_mix1095,9,5,0,-71,12,5.01
fold2_room1_mix1095,10,5,0,-73,14,4.28
fold2_room1_mix1095,11,5,0,-72,13,4.52
fold2_room1_mix1095,12,5,0,-74,15,3.97
fold2_room1_mix1095,13,5,0,-76,13,4.77
fold2_room1_mix1095,14,5,0,-71,12,4.91
fold2_room1_mix1095,15,5,0,-72,14,4.44
fold2_room1_mix1095,16,5,0,-75,14,4.06
fold2_room1_mix1095,17,5,0,-72,14,4.43
fold2_room1_mix1095,18,5,0,-71,14,4.40
fold2_room1_mix1095,19,5,0,-72,12,4.68
fold2_room1_mix1095,20,5,0,-72,15,4.00
fold2_room1_mix1095,21,5,0,-73,11,5.18
fold2_room1_mix1095,22,5,0,-73,12,4.75
fold2_room1_mix1095,23,5,0,-70,12,4.87
fold2_room1_mix1095,24,5,0,-72,13,4.67
fold2_room1_mix1095,25,5,0,-70,13,4.57
fold2_room1_mix1095,26,5,0,-66,12,4.75
fold2_room1_mix1095,27,5,0,-68,11,5.08
fold2_room1_mix1095,28,5,0,-64,13,4.37
fold2_room1_mix1095,29,5,0,-63,11,5.10
fold2_room1_mix1095,30,5,0,-61,10,5.58
fold2_room1_mix1095,31,5,0,-64,13,4.44
fold2_room1_mix1095,32,5,0,-65,12,4.49
fold2_room1_mix1095,33,5,0,-64,10,5.34
fold2_room1_mix1095,34,5,0,-62,11,5.08
fold2_room1_mix1095,35,5,0,-66,11,5.04
fold2_room1_mix1095,36,4,0,18,-2,2.30
fold2_room1_mix1095,36,5,0,-65,12,4.72
fold2_room1_mix1095,37,4,0,25,-3,4.19
fold2_room1_mix1095,37,5,0,-64,10,5.42
fold2_room1_mix1095,38,4,0,25,-3,3.35
fold2_room1_mix1095,38,5,0,-66,11,5.05
fold2_room1_mix1095,39,4,0,28,-4,4.31
fold2_room1_mix1095,39,5,0,-70,12,4.62
fold2_room1_mix1095,40,4,0,35,-4,4.31
fold2_room1_mix1095,40,5,0,-72,12,4.59
fold2_room1_mix1095,41,4,0,44,-5,4.05
fold2_room1_mix1095,41,5,0,-68,12,4.42
fold2_room1_mix1095,42,4,0,50,-5,3.78
fold2_room1_mix1095,42,5,0,-65,11,4.64
fold2_room1_mix1095,43,4,0,61,-6,2.87
fold2_room1_mix1095,43,4,0,58,-6,2.85
fold2_room1_mix1095,43,5,0,-72,12,4.73
fold2_room1_mix1095,44,4,0,78,-7,2.82
fold2_room1_mix1095,44,4,0,76,-7,2.96
fold2_room1_mix1095,44,5,0,-72,14,3.86
fold2_room1_mix1095,45,4,0,99,-8,2.46
fold2_room1_mix1095,45,4,0,97,-7,2.61
fold2_room1_mix1095,45,5,0,-73,12,4.50
fold2_room1_mix1095,46,4,0,111,-7,2.52
fold2_room1_mix1095,46,4,0,109,-7,2.60
fold2_room1_mix1095,46,5,0,-73,11,4.93
fold2_room1_mix1095,47,4,0,122,-6,2.99
fold2_room1_mix1095,47,4,0,119,-6,3.04
fold2_room1_mix1095,47,5,0,-77,14,3.93
fold2_room1_mix1095,48,4,0,128,-5,3.32
fold2_room1_mix1095,48,4,0,126,-5,3.41
fold2_room1_mix1095,48,5,0,-75,14,3.92
fold2_room1_mix1095,49,4,0,142,-4,4.02
fold2_room1_mix1095,49,4,0,140,-4,3.98
fold2_room1_mix1095,49,5,0,-73,13,4.22
fold2_room1_mix1095,50,4,0,147,-4,4.70
fold2_room1_mix1095,50,5,0,-73,13,4.31
fold2_room1_mix1095,51,4,0,148,-3,4.88
fold2_room1_mix1095,51,4,0,144,-3,4.83
fold2_room1_mix1095,51,5,0,-74,13,4.35
fold2_room1_mix1095,52,4,0,152,-3,5.20
fold2_room1_mix1095,52,4,0,147,-3,5.23
fold2_room1_mix1095,52,5,0,-74,13,4.13
fold2_room1_mix1095,53,4,0,157,-3,5.90
fold2_room1_mix1095,53,5,0,-73,12,4.91
fold2_room1_mix1095,54,4,0,159,-3,6.79
fold2_room1_mix1095,54,5,0,-74,13,4.31
fold2_room1_mix1095,55,4,0,163,-3,6.54
fold2_room1_mix1095,55,5,0,-75,14,4.04
fold2_room1_mix1095,56,4,0,163,-3,6.46
fold2_room1_mix1095,56,5,0,-78,15,3.89
fold2_room1_mix1095,57,4,0,163,-2,6.40
fold2_room1_mix1095,57,5,0,-77,13,4.31
fold2_room1_mix1095,58,4,0,166,-3,4.63
fold2_room1_mix1095,58,5,0,-73,14,4.32
fold2_room1_mix1095,59,4,0,166,-2,5.63
fold2_room1_mix1095,59,5,0,-75,13,4.42
fold2_room1_mix1095,60,4,0,170,-2,4.76
fold2_room1_mix1095,60,5,0,-76,15,3.77
fold2_room1_mix1095,61,4,0,171,-3,5.17
fold2_room1_mix1095,61,5,0,-75,12,5.06
fold2_room1_mix1095,62,4,0,174,-3,5.59
fold2_room1_mix1095,62,5,0,-71,12,4.94
fold2_room1_mix1095,63,4,0,-172,-5,4.46
fold2_room1_mix1095,63,5,0,-73,15,3.86
fold2_room1_mix1095,64,4,0,-170,-8,3.84
fold2_room1_mix1095,64,4,0,170,-4,6.78
fold2_room1_mix1095,64,4,0,-147,-10,2.04
fold2_room1_mix1095,64,5,0,-71,15,3.85
fold2_room1_mix1095,65,4,0,-156,-13,2.60
fold2_room1_mix1095,65,4,0,174,-6,6.38
fold2_room1_mix1095,65,4,0,-135,-15,1.44
fold2_room1_mix1095,65,5,0,-76,15,4.03
fold2_room1_mix1095,66,4,0,-167,-19,3.48
fold2_room1_mix1095,66,4,0,174,-10,6.26
fold2_room1_mix1095,66,4,0,-95,-22,0.73
fold2_room1_mix1095,66,5,0,-69,14,4.19
fold2_room1_mix1095,67,4,0,-101,-30,2.00
fold2_room1_mix1095,67,4,0,-173,-11,6.54
fold2_room1_mix1095,67,4,0,-60,-20,1.03
fold2_room1_mix1095,67,5,0,-72,14,4.37
fold2_room1_mix1095,68,4,0,-45,-16,1.81
fold2_room1_mix1095,68,4,0,-45,-15,1.59
fold2_room1_mix1095,68,5,0,-70,13,4.53
fold2_room1_mix1095,69,4,0,-177,-4,6.39
fold2_room1_mix1095,69,4,0,-37,-11,1.36
fold2_room1_mix1095,69,5,0,-71,11,5.05
fold2_room1_mix1095,70,4,0,-179,-3,7.18
fold2_room1_mix1095,70,4,0,-31,-7,2.07
fold2_room1_mix1095,70,5,0,-75,12,4.82
fold2_room1_mix1095,71,4,0,-168,-3,5.58
fold2_room1_mix1095,71,4,0,-29,-5,2.89
fold2_room1_mix1095,71,5,0,-76,12,4.88
fold2_room1_mix1095,72,4,0,-168,-4,5.65
fold2_room1_mix1095,72,4,0,-28,-5,3.40
fold2_room1_mix1095,72,5,0,-68,11,5.17
fold2_room1_mix1095,73,4,0,-167,-3,5.34
fold2_room1_mix1095,73,4,0,-26,-3,4.03
fold2_room1_mix1095,73,5,0,-72,12,4.64
fold2_room1_mix1095,74,4,0,-163,-4,4.40
fold2_room1_mix1095,74,4,0,-21,-3,5.03
fold2_room1_mix1095,74,5,0,-68,12,4.89
fold2_room1_mix1095,75,4,0,-164,-4,4.86
fold2_room1_mix1095,75,4,0,-25,-4,5.41
fold2_room1_mix1095,75,5,0,-66,12,4.81
fold2_room1_mix1095,76,4,0,-148,-6,2.31
fold2_room1_mix1095,76,4,0,-167,-4,4.02
fold2_room1_mix1095,76,4,0,-27,-3,4.09
fold2_room1_mix1095,76,5,0,-78,14,4.10
fold2_room1_mix1095,77,4,0,-145,-7,2.11
fold2_room1_mix1095,77,4,0,-170,-3,5.32
fold2_room1_mix1095,77,4,0,-46,-7,3.42
fold2_room1_mix1095,77,5,0,-70,12,4.76
fold2_room1_mix1095,78,4,0,-137,-7,1.78
fold2_room1_mix1095,78,4,0,-169,-3,5.40
fold2_room1_mix1095,78,4,0,-52,-9,2.80
fold2_room1_mix1095,78,5,0,-69,12,4.78
fold2_room1_mix1095,79,4,0,-117,-7,1.80
fold2_room1_mix1095,79,4,0,-166,-1,5.66
fold2_room1_mix1095,79,4,0,-86,-9,1.83
fold2_room1_mix1095,79,5,0,-74,14,3.87
fold2_room1_mix1095,80,4,0,-92,-8,1.55
fold2_room1_mix1095,80,4,0,-151,-3,4.54
fold2_room1_mix1095,80,4,0,-62,-8,1.92
fold2_room1_mix1095,80,5,0,-70,13,4.30
fold2_room1_mix1095,81,4,0,-69,-6,1.68
fold2_room1_mix1095,81,4,0,-127,-5,4.17
fold2_room1_mix1095,81,4,0,-53,-6,1.89
fold2_room1_mix1095,81,5,0,-67,11,5.09
fold2_room1_mix1095,82,4,0,-48,-6,1.79
fold2_room1_mix1095,82,5,0,-71,12,4.84
fold2_room1_mix1095,83,4,0,-39,-6,2.63
fold2_room1_mix1095,83,5,0,-69,11,5.33
fold2_room1_mix1095,84,4,0,-33,-4,2.52
fold2_room1_mix1095,84,5,0,-74,13,4.99
fold2_room1_mix1095,85,4,0,-27,-3,2.67
fold2_room1_mix1095,85,5,0,-74,11,5.82
fold2_room1_mix1095,86,4,0,-25,-3,2.54
fold2_room1_mix1095,86,5,0,-73,11,6.04
fold2_room1_mix1095,87,4,0,-22,-2,2.23
fold2_room1_mix1095,87,5,0,-76,11,5.90
fold2_room1_mix1095,88,4,0,-19,-2,3.34
fold2_room1_mix1095,88,5,0,-76,12,5.68
fold2_room1_mix1095,89,4,0,-17,-2,2.22
fold2_room1_mix1095,89,5,0,-75,12,5.48
fold2_room1_mix1095,90,4,0,-14,-1,2.97
fold2_room1_mix1095,90,5,0,-75,11,6.09
fold2_room1_mix1095,91,4,0,-14,-2,2.19
fold2_room1_mix1095,91,5,0,-73,10,6.30
fold2_room1_mix1095,92,5,0,-70,11,5.79
fold2_room1_mix1095,93,5,0,-66,9,7.02
fold2_room1_mix1095,94,5,0,-71,9,7.24
fold2_room1_mix1095,95,5,0,-72,11,6.14
fold2_room1_mix1095,96,5,0,-68,10,6.29
fold2_room1_mix1095,97,5,0,-66,9,7.00
fold2_room1_mix1095,98,5,0,-68,10,6.90
fold2_room1_mix1095,99,5,0,-66,10,6.41
fold2_room1_mix1110,1,1,0,104,-2,2.87
fold2_room1_mix1110,15,7,0,179,0,3.07
fold2_room1_mix1110,17,7,0,-179,0,3.16
fold2_room1_mix1110,18,7,0,179,0,5.78
fold2_room1_mix1110,19,7,0,-179,0,3.70
fold2_room1_mix1110,20,7,0,-179,0,3.15
fold2_room1_mix1110,21,7,0,179,0,2.31
fold2_room1_mix1110,22,7,0,179,0,4.03
fold2_room1_mix1110,23,7,0,178,0,1.68
fold2_room1_mix1110,24,7,0,179,0,3.67
fold2_room1_mix1110,25,7,0,-178,0,1.59
fold2_room1_mix1110,26,7,0,-177,0,12.99
fold2_room1_mix1110,27,7,0,-175,0,11.63
fold2_room1_mix1110,28,7,0,-179,0,4.35
fold2_room1_mix1110,29,7,0,-176,0,6.22
fold2_room1_mix1110,30,7,0,-172,0,10.02
fold2_room1_mix1110,31,7,0,-175,0,2.81
fold2_room1_mix1110,32,7,0,-174,0,4.72
fold2_room1_mix1110,34,7,0,-174,0,3.50
fold2_room1_mix1110,35,7,0,-172,0,4.34
fold2_room1_mix1110,36,7,0,-171,0,3.63
fold2_room1_mix1110,37,4,0,-174,-2,2.04
fold2_room1_mix1110,38,4,0,-175,-1,0.74
fold2_room1_mix1110,38,7,0,-168,0,1.50
fold2_room1_mix1110,39,4,0,-172,-3,2.54
fold2_room1_mix1110,40,4,0,-165,-3,2.84
fold2_room1_mix1110,41,4,0,-163,-4,2.95
fold2_room1_mix1110,42,4,0,-163,-4,2.22
fold2_room1_mix1110,43,4,0,-157,-5,1.77
fold2_room1_mix1110,44,4,0,-147,-5,2.41
fold2_room1_mix1110,45,4,0,-136,-7,2.05
fold2_room1_mix1110,46,4,0,-116,-7,1.34
fold2_room1_mix1110,47,4,0,-100,-8,1.58
fold2_room1_mix1110,48,4,0,-76,-8,1.83
fold2_room1_mix1110,49,4,0,-61,-7,1.97
fold2_room1_mix1110,50,4,0,-54,-5,1.96
fold2_room1_mix1110,51,4,0,-39,-4,2.06
fold2_room1_mix1110,52,4,0,-29,-5,2.19
fold2_room1_mix1110,53,4,0,-28,-5,2.58
fold2_room1_mix1110,53,4,0,-30,-5,2.10
fold2_room1_mix1110,54,4,0,-23,-4,2.73
fold2_room1_mix1110,54,4,0,-22,-4,2.36
fold2_room1_mix1110,55,4,0,-20,-3,4.37
fold2_room1_mix1110,55,4,0,-21,-4,3.72
fold2_room1_mix1110,56,4,0,-14,-3,3.26
fold2_room1_mix1110,56,4,0,-17,-3,2.75
fold2_room1_mix1110,57,4,0,-9,-3,2.13
fold2_room1_mix1110,57,4,0,-12,-4,1.81
fold2_room1_mix1110,58,4,0,-12,-2,3.37
fold2_room1_mix1110,58,4,0,-13,-3,2.94
fold2_room1_mix1110,59,4,0,-4,-2,1.59
fold2_room1_mix1110,59,4,0,-8,-2,1.45
fold2_room1_mix1110,60,4,0,117,1,2.34
fold2_room1_mix1110,60,4,0,-11,-3,0.62
fold2_room1_mix1110,61,4,0,107,0,2.65
fold2_room1_mix1110,61,4,0,-16,-2,1.15
fold2_room1_mix1110,62,4,0,107,0,1.54
fold2_room1_mix1110,62,4,0,-10,0,0.94
fold2_room1_mix1110,63,4,0,103,0,1.66
fold2_room1_mix1110,63,4,0,-16,0,1.23
fold2_room1_mix1110,64,4,0,102,0,1.35
fold2_room1_mix1110,64,4,0,-17,0,1.21
fold2_room1_mix1110,65,4,0,104,0,1.18
fold2_room1_mix1110,65,4,0,-14,0,1.13
fold2_room1_mix1110,66,4,0,90,0,1.29
fold2_room1_mix1110,66,4,0,-19,0,1.29
fold2_room1_mix1110,67,4,0,95,0,1.75
fold2_room1_mix1110,67,4,0,-16,0,1.69
fold2_room1_mix1110,68,4,0,101,0,1.60
fold2_room1_mix1110,68,4,0,-12,0,1.49
fold2_room1_mix1110,69,4,0,106,1,1.56
fold2_room1_mix1110,69,4,0,-12,0,1.43
fold2_room1_mix1110,70,4,0,79,1,1.30
fold2_room1_mix1110,70,4,0,-16,1,1.36
fold2_room1_mix1110,71,4,0,-9,0,1.62
fold2_room1_mix1110,72,4,0,-11,1,0.87
fold2_room1_mix1110,73,4,0,-5,1,1.21
fold2_room1_mix1110,77,4,0,6,1,1.17
fold2_room1_mix1125,0,2,0,73,-1,8.62
fold2_room1_mix1125,1,1,0,100,-2,9.52
fold2_room1_mix1125,1,2,0,74,-2,8.23
fold2_room1_mix1125,2,1,0,122,-1,7.38
fold2_room1_mix1125,2,2,0,63,-2,8.73
fold2_room1_mix1125,3,2,0,69,-3,7.89
fold2_room1_mix1125,4,2,0,66,-3,6.83
fold2_room1_mix1125,5,2,0,64,-4,8.61
fold2_room1_mix1125,5,5,0,88,4,8.31
fold2_room1_mix1125,6,2,0,62,-3,11.05
fold2_room1_mix1125,6,5,0,89,5,8.68
fold2_room1_mix1125,7,2,0,63,-3,10.06
fold2_room1_mix1125,7,5,0,87,6,6.20
fold2_room1_mix1125,8,2,0,59,-3,9.26
fold2_room1_mix1125,8,5,0,86,5,6.42
fold2_room1_mix1125,9,2,0,68,-3,10.64
fold2_room1_mix1125,9,5,0,83,5,7.63
fold2_room1_mix1125,10,2,0,63,-3,10.30
fold2_room1_mix1125,10,5,0,91,7,7.68
fold2_room1_mix1125,11,2,0,65,-3,8.20
fold2_room1_mix1125,11,5,0,88,5,8.53
fold2_room1_mix1125,12,2,0,68,-3,8.88
fold2_room1_mix1125,12,5,0,82,8,4.56
fold2_room1_mix1125,13,2,0,68,-3,8.47
fold2_room1_mix1125,13,5,0,86,7,5.38
fold2_room1_mix1125,14,2,0,67,-4,7.75
fold2_room1_mix1125,14,5,0,87,6,5.82
fold2_room1_mix1125,15,2,0,68,-4,7.96
fold2_room1_mix1125,15,5,0,87,8,4.49
fold2_room1_mix1125,16,2,0,68,-3,8.65
fold2_room1_mix1125,16,5,0,82,7,5.31
fold2_room1_mix1125,17,2,0,68,-4,7.56
fold2_room1_mix1125,17,5,0,88,5,6.48
fold2_room1_mix1125,18,2,0,67,-4,8.08
fold2_room1_mix1125,18,5,0,88,5,8.74
fold2_room1_mix1125,19,2,0,66,-3,9.00
fold2_room1_mix1125,19,5,0,88,6,8.46
fold2_room1_mix1125,20,2,0,65,-4,9.01
fold2_room1_mix1125,20,5,0,90,6,8.03
fold2_room1_mix1125,21,2,0,68,-3,8.61
fold2_room1_mix1125,21,5,0,87,6,7.40
fold2_room1_mix1125,22,2,0,65,-3,8.73
fold2_room1_mix1125,22,5,0,88,7,5.40
fold2_room1_mix1125,23,2,0,68,-4,8.00
fold2_room1_mix1125,23,5,0,91,5,8.11
fold2_room1_mix1125,24,2,0,68,-4,7.79
fold2_room1_mix1125,24,5,0,91,5,8.66
fold2_room1_mix1125,25,2,0,66,-4,8.40
fold2_room1_mix1125,25,5,0,87,7,6.02
fold2_room1_mix1125,26,2,0,68,-4,6.75
fold2_room1_mix1125,26,5,0,102,5,9.95
fold2_room1_mix1125,27,2,0,65,-4,7.84
fold2_room1_mix1125,27,5,0,96,5,9.60
fold2_room1_mix1125,28,2,0,63,-4,7.89
fold2_room1_mix1125,28,5,0,94,6,8.38
fold2_room1_mix1125,29,2,0,67,-4,6.32
fold2_room1_mix1125,29,5,0,103,5,13.06
fold2_room1_mix1125,30,2,0,68,-4,7.69
fold2_room1_mix1125,30,5,0,94,5,11.31
fold2_room1_mix1125,31,2,0,68,-4,8.74
fold2_room1_mix1125,31,5,0,96,5,9.09
fold2_room1_mix1125,32,2,0,66,-4,7.94
fold2_room1_mix1125,32,5,0,102,5,9.93
fold2_room1_mix1125,33,2,0,79,-4,7.64
fold2_room1_mix1125,33,5,0,98,4,11.34
fold2_room1_mix1125,34,2,0,76,-4,7.60
fold2_room1_mix1125,34,5,0,95,5,7.38
fold2_room1_mix1125,35,2,0,76,-4,7.98
fold2_room1_mix1125,35,5,0,109,5,9.15
fold2_room1_mix1125,36,2,0,76,-4,7.81
fold2_room1_mix1125,36,5,0,107,5,8.67
fold2_room1_mix1125,37,2,0,69,-4,9.42
fold2_room1_mix1125,37,5,0,101,6,8.59
fold2_room1_mix1125,38,2,0,83,-4,7.19
fold2_room1_mix1125,38,5,0,111,5,13.50
fold2_room1_mix1125,39,2,0,75,-4,8.19
fold2_room1_mix1125,39,5,0,104,4,13.84
fold2_room1_mix1125,40,2,0,65,-3,9.26
fold2_room1_mix1125,40,5,0,95,5,13.94
fold2_room1_mix1125,41,2,0,85,-4,8.48
fold2_room1_mix1125,41,5,0,110,5,13.29
fold2_room1_mix1125,42,2,0,73,-4,7.39
fold2_room1_mix1125,42,5,0,107,4,14.58
fold2_room1_mix1125,43,2,0,76,-4,8.05
fold2_room1_mix1125,43,5,0,94,4,12.15
fold2_room1_mix1125,44,2,0,74,-4,7.95
fold2_room1_mix1125,44,5,0,101,5,10.48
fold2_room1_mix1125,45,2,0,70,-4,7.95
fold2_room1_mix1125,45,4,0,78,-7,0.00
fold2_room1_mix1125,45,4,0,-57,3,0.77
fold2_room1_mix1125,45,5,0,109,4,12.42
fold2_room1_mix1125,46,2,0,70,-4,8.40
fold2_room1_mix1125,46,4,0,-58,4,0.59
fold2_room1_mix1125,46,5,0,102,5,10.54
fold2_room1_mix1125,47,2,0,70,-4,7.68
fold2_room1_mix1125,47,4,0,-51,5,0.59
fold2_room1_mix1125,47,5,0,112,5,12.03
fold2_room1_mix1125,48,2,0,66,-3,5.93
fold2_room1_mix1125,48,5,0,114,4,14.02
fold2_room1_mix1125,49,2,0,70,-4,7.62
fold2_room1_mix1125,49,5,0,109,5,12.74
fold2_room1_mix1125,50,2,0,68,-4,2.31
fold2_room1_mix1125,50,5,0,117,4,15.10
fold2_room1_mix1125,51,2,0,72,-4,8.54
fold2_room1_mix1125,51,5,0,120,4,13.99
fold2_room1_mix1125,52,2,0,75,-3,10.78
fold2_room1_mix1125,52,5,0,109,4,12.81
fold2_room1_mix1125,53,2,0,73,-3,11.29
fold2_room1_mix1125,53,5,0,108,5,9.20
fold2_room1_mix1125,54,2,0,75,-3,9.90
fold2_room1_mix1125,54,5,0,124,4,10.66
fold2_room1_mix1125,55,2,0,68,-3,11.36
fold2_room1_mix1125,55,5,0,105,5,10.33
fold2_room1_mix1125,56,2,0,74,-3,10.30
fold2_room1_mix1125,56,5,0,115,4,13.07
fold2_room1_mix1125,57,2,0,69,-3,10.09
fold2_room1_mix1125,57,5,0,123,4,12.14
fold2_room1_mix1125,58,2,0,68,-3,9.99
fold2_room1_mix1125,58,5,0,120,4,13.71
fold2_room1_mix1125,59,2,0,67,-3,9.08
fold2_room1_mix1125,59,5,0,117,5,14.02
fold2_room1_mix1125,60,2,0,73,-3,6.97
fold2_room1_mix1125,60,5,0,126,4,15.51
fold2_room1_mix1125,61,2,0,66,-3,10.30
fold2_room1_mix1125,61,5,0,119,4,14.08
fold2_room1_mix1125,62,2,0,71,-3,11.26
fold2_room1_mix1125,62,5,0,121,5,13.54
fold2_room1_mix1125,63,2,0,76,-3,8.68
fold2_room1_mix1125,63,5,0,126,4,14.70
fold2_room1_mix1125,64,2,0,77,-3,9.16
fold2_room1_mix1125,64,5,0,119,4,12.94
fold2_room1_mix1125,65,2,0,76,-3,9.35
fold2_room1_mix1125,65,5,0,118,4,13.14
fold2_room1_mix1125,66,2,0,82,-3,8.68
fold2_room1_mix1125,66,5,0,127,4,13.38
fold2_room1_mix1125,67,2,0,80,-3,6.59
fold2_room1_mix1125,67,5,0,128,4,14.47
fold2_room1_mix1125,68,2,0,77,-3,6.92
fold2_room1_mix1125,68,5,0,120,4,16.70
fold2_room1_mix1125,69,2,0,74,-2,4.97
fold2_room1_mix1125,69,5,0,127,4,17.58
fold2_room1_mix1125,70,2,0,81,-3,5.54
fold2_room1_mix1125,70,5,0,128,4,17.66
fold2_room1_mix1125,71,2,0,77,-3,7.88
fold2_room1_mix1125,71,5,0,119,4,13.76
fold2_room1_mix1125,72,2,0,73,-2,8.90
fold2_room1_mix1125,72,5,0,131,4,13.71
fold2_room1_mix1125,73,2,0,79,-3,7.78
fold2_room1_mix1125,73,5,0,128,4,13.26
fold2_room1_mix1125,74,2,0,80,-3,8.27
fold2_room1_mix1125,74,5,0,123,4,13.94
fold2_room1_mix1125,75,2,0,81,-3,8.31
fold2_room1_mix1125,75,5,0,123,4,12.13
fold2_room1_mix1125,76,2,0,78,-3,8.28
fold2_room1_mix1125,76,5,0,130,4,11.40
fold2_room1_mix1125,77,2,0,81,-3,5.17
fold2_room1_mix1125,77,5,0,122,4,14.34
fold2_room1_mix1125,78,2,0,75,-2,4.73
fold2_room1_mix1125,78,5,0,127,4,15.16
fold2_room1_mix1125,79,2,0,83,-2,3.07
fold2_room1_mix1125,79,5,0,127,4,11.45
fold2_room1_mix1125,80,2,0,76,-3,6.12
fold2_room1_mix1125,80,5,0,124,4,14.61
fold2_room1_mix1125,81,5,0,122,4,15.89
fold2_room1_mix1125,82,2,0,79,-3,7.46
fold2_room1_mix1125,82,5,0,130,4,15.05
fold2_room1_mix1125,83,2,0,77,-3,7.85
fold2_room1_mix1125,83,5,0,124,4,14.14
fold2_room1_mix1125,84,2,0,82,-3,7.70
fold2_room1_mix1125,84,5,0,121,4,14.66
fold2_room1_mix1125,85,2,0,74,-3,8.05
fold2_room1_mix1125,85,5,0,131,4,11.72
fold2_room1_mix1125,86,2,0,77,-3,7.95
fold2_room1_mix1125,86,5,0,131,4,12.46
fold2_room1_mix1125,87,2,0,76,-3,6.08
fold2_room1_mix1125,87,5,0,124,4,13.02
fold2_room1_mix1125,88,2,0,79,-2,4.38
fold2_room1_mix1125,88,5,0,138,4,12.23
fold2_room1_mix1125,89,2,0,81,-2,4.13
fold2_room1_mix1125,89,5,0,129,4,14.20
fold2_room1_mix1125,90,2,0,79,-2,4.88
fold2_room1_mix1125,90,5,0,121,4,15.12
fold2_room1_mix1125,91,2,0,78,-3,2.94
fold2_room1_mix1125,91,5,0,130,4,15.37
fold2_room1_mix1125,92,2,0,75,-2,6.35
fold2_room1_mix1125,92,5,0,134,4,14.55
fold2_room1_mix1125,93,2,0,78,-3,6.30
fold2_room1_mix1125,93,5,0,123,4,14.20
fold2_room1_mix1125,94,2,0,81,-2,5.17
fold2_room1_mix1125,94,5,0,127,4,12.14
fold2_room1_mix1125,95,2,0,75,-3,6.86
fold2_room1_mix1125,95,5,0,131,4,12.82
fold2_room1_mix1125,96,2,0,78,-3,7.25
fold2_room1_mix1125,96,5,0,127,4,11.71
fold2_room1_mix1125,97,2,0,77,-2,4.57
fold2_room1_mix1125,97,5,0,137,4,14.53
fold2_room1_mix1125,98,2,0,72,-2,3.18
fold2_room1_mix1125,98,5,0,139,4,13.71
fold2_room1_mix1125,99,2,0,74,-3,4.56
fold2_room1_mix1125,99,5,0,129,4,12.97
fold2_room1_mix1150,24,7,0,178,0,2.02
fold2_room1_mix1150,29,7,0,179,0,4.02
fold2_room1_mix1150,31,7,0,-179,0,2.19
fold2_room1_mix1150,34,7,0,-179,0,2.38
fold2_room1_mix1150,35,7,0,-179,0,6.92
fold2_room1_mix1150,37,7,0,-179,0,2.82
fold2_room1_mix1150,38,7,0,179,0,6.56
fold2_room1_mix1150,39,7,0,178,0,9.32
fold2_room1_mix1150,40,7,0,-179,0,2.76
fold2_room1_mix1150,41,1,0,-144,-1,10.91
fold2_room1_mix1150,41,4,0,172,0,0.67
fold2_room1_mix1150,42,1,0,-140,-2,13.09
fold2_room1_mix1150,43,1,0,-139,-2,12.26
fold2_room1_mix1150,44,1,0,-138,-1,13.93
fold2_room1_mix1150,45,1,0,-134,-1,12.19
fold2_room1_mix1150,47,1,0,-133,-2,11.98
fold2_room1_mix1150,47,4,0,171,-2,3.21
fold2_room1_mix1150,48,1,0,-125,-2,9.94
fold2_room1_mix1150,48,4,0,162,-1,6.10
fold2_room1_mix1150,49,1,0,-123,-2,8.33
fold2_room1_mix1150,49,4,0,164,-3,4.47
fold2_room1_mix1150,50,1,0,-120,-2,9.59
fold2_room1_mix1150,50,4,0,154,-4,4.28
fold2_room1_mix1150,51,1,0,-119,-1,2.37
fold2_room1_mix1150,51,4,0,152,-4,4.57
fold2_room1_mix1150,52,4,0,150,-6,3.39
fold2_room1_mix1150,53,4,0,139,-8,3.14
fold2_room1_mix1150,53,4,0,139,-9,2.82
fold2_room1_mix1150,54,4,0,126,-14,2.47
fold2_room1_mix1150,54,4,0,124,-15,2.12
fold2_room1_mix1150,55,4,0,94,-15,2.65
fold2_room1_mix1150,55,4,0,90,-16,2.08
fold2_room1_mix1150,56,4,0,73,-13,2.99
fold2_room1_mix1150,56,4,0,67,-13,2.30
fold2_room1_mix1150,57,4,0,48,-10,3.14
fold2_room1_mix1150,57,4,0,47,-10,2.64
fold2_room1_mix1150,58,4,0,31,-6,3.97
fold2_room1_mix1150,58,4,0,34,-6,3.47
fold2_room1_mix1150,59,4,0,26,-5,4.51
fold2_room1_mix1150,59,4,0,30,-6,4.00
fold2_room1_mix1150,60,4,0,16,-3,5.74
fold2_room1_mix1150,60,4,0,20,-3,5.49
fold2_room1_mix1150,61,4,0,14,-3,5.67
fold2_room1_mix1150,61,4,0,19,-3,5.37
fold2_room1_mix1150,62,4,0,11,-2,3.43
fold2_room1_mix1150,62,4,0,15,-2,3.72
fold2_room1_mix1150,63,4,0,9,-2,4.70
fold2_room1_mix1150,63,4,0,12,-2,5.08
fold2_room1_mix1150,64,4,0,12,-4,2.96
fold2_room1_mix1150,64,4,0,13,-2,3.69
fold2_room1_mix1150,70,4,0,170,-3,6.38
fold2_room1_mix1150,71,4,0,169,-2,6.78
fold2_room1_mix1150,72,4,0,165,-3,7.11
fold2_room1_mix1150,73,4,0,165,-3,6.41
fold2_room1_mix1150,74,4,0,164,-4,6.26
fold2_room1_mix1150,75,4,0,162,-4,5.97
fold2_room1_mix1150,76,4,0,163,-4,5.28
fold2_room1_mix1150,77,4,0,161,-5,4.61
fold2_room1_mix1150,78,4,0,162,-5,3.97
fold2_room1_mix1150,79,4,0,158,-6,3.43
fold2_room1_mix1150,80,4,0,155,-7,2.98
fold2_room1_mix1150,81,4,0,149,-7,2.85
fold2_room1_mix1150,82,4,0,142,-10,2.12
fold2_room1_mix1150,83,4,0,126,-13,1.64
fold2_room1_mix1150,84,4,0,102,-14,1.41
fold2_room1_mix1150,85,4,0,68,-12,1.34
fold2_room1_mix1150,86,4,0,49,-9,1.73
fold2_room1_mix1150,87,4,0,38,-7,2.34
fold2_room1_mix1150,88,4,0,30,-6,2.53
fold2_room1_mix1150,89,4,0,22,-5,3.17
fold2_room1_mix1150,90,4,0,18,-4,3.49
fold2_room1_mix1150,91,4,0,15,-3,4.06
fold2_room1_mix1150,92,4,0,14,-3,3.96
fold2_room1_mix1150,93,4,0,13,-3,4.41
fold2_room1_mix1150,94,4,0,11,-3,4.78
fold2_room1_mix1150,95,4,0,9,-3,5.34
fold2_room1_mix1150,96,4,0,9,-2,5.61
fold2_room1_mix1150,97,4,0,9,-2,6.24
fold2_room1_mix1150,98,4,0,6,-2,7.03
fold2_room1_mix1150,99,4,0,6,-2,7.46
fold2_room1_mix1150,65,4,0,173,-2,3.15
fold2_room1_mix1150,65,4,0,12,-1,4.29
fold2_room1_mix1150,66,4,0,175,-2,1.27
fold2_room1_mix1150,66,4,0,9,0,2.29
fold2_room1_mix1150,67,4,0,173,-2,2.30
fold2_room1_mix1150,67,4,0,11,-1,3.75
fold2_room1_mix1150,68,4,0,174,-1,1.88
fold2_room1_mix1150,68,4,0,12,0,3.62
fold2_room1_mix1150,69,4,0,174,-2,1.90
fold2_room1_mix1150,46,4,0,172,0,0.60
fold2_room1_mix1172,1,0,0,0,0,29.23
fold2_room1_mix1172,1,1,0,15,-1,3.44
fold2_room1_mix1172,2,0,0,-2,0,37.54
fold2_room1_mix1172,3,0,0,-1,0,57.27
fold2_room1_mix1172,4,0,0,-2,0,60.83
fold2_room1_mix1172,5,0,0,-4,0,68.91
fold2_room1_mix1172,6,0,0,-4,0,54.57
fold2_room1_mix1172,7,0,0,-6,0,57.05
fold2_room1_mix1172,8,0,0,-7,0,58.20
fold2_room1_mix1172,9,0,0,-5,0,62.55
fold2_room1_mix1172,10,0,0,-4,0,67.61
fold2_room1_mix1172,11,0,0,-5,0,59.78
fold2_room1_mix1172,12,0,0,-5,0,64.02
fold2_room1_mix1172,13,0,0,-5,0,63.59
fold2_room1_mix1172,14,0,0,-4,0,62.95
fold2_room1_mix1172,15,0,0,-5,0,64.76
fold2_room1_mix1172,16,0,0,-4,0,68.67
fold2_room1_mix1172,17,0,0,-4,0,65.48
fold2_room1_mix1172,18,0,0,-3,0,64.58
fold2_room1_mix1172,19,0,0,-3,0,64.23
fold2_room1_mix1172,20,0,0,-4,0,68.19
fold2_room1_mix1172,21,0,0,-4,0,69.19
fold2_room1_mix1172,22,0,0,-4,0,66.57
fold2_room1_mix1172,23,0,0,-3,0,61.96
fold2_room1_mix1172,24,0,0,-1,0,65.29
fold2_room1_mix1172,25,0,0,0,0,68.09
fold2_room1_mix1172,26,0,0,0,0,64.67
fold2_room1_mix1172,27,0,0,0,0,63.27
fold2_room1_mix1172,28,0,0,0,0,64.95
fold2_room1_mix1172,29,0,0,0,0,69.12
fold2_room1_mix1172,30,0,0,1,0,67.29
fold2_room1_mix1172,31,0,0,0,0,63.85
fold2_room1_mix1172,32,0,0,1,0,60.47
fold2_room1_mix1172,33,0,0,0,0,58.41
fold2_room1_mix1172,34,0,0,0,0,54.85
fold2_room1_mix1172,35,0,0,0,0,58.65
fold2_room1_mix1172,36,0,0,0,0,60.06
fold2_room1_mix1172,37,0,0,0,0,58.82
fold2_room1_mix1172,38,0,0,0,0,58.49
fold2_room1_mix1172,39,0,0,0,0,53.93
fold2_room1_mix1172,40,0,0,-1,0,52.00
fold2_room1_mix1172,41,0,0,-3,0,56.60
fold2_room1_mix1172,41,4,0,176,-4,0.56
fold2_room1_mix1172,42,0,0,-4,0,51.71
fold2_room1_mix1172,42,4,0,-177,-4,0.76
fold2_room1_mix1172,43,0,0,-4,0,53.56
fold2_room1_mix1172,43,4,0,-174,-5,0.86
fold2_room1_mix1172,44,0,0,-4,0,53.04
fold2_room1_mix1172,44,4,0,-173,-7,1.32
fold2_room1_mix1172,45,0,0,-5,0,50.55
fold2_room1_mix1172,45,4,0,-164,-8,2.23
fold2_room1_mix1172,46,0,0,-6,0,48.49
fold2_room1_mix1172,46,4,0,-160,-11,1.45
fold2_room1_mix1172,46,4,0,85,-6,5.15
fold2_room1_mix1172,47,0,0,-4,0,44.36
fold2_room1_mix1172,47,4,0,-138,-12,1.64
fold2_room1_mix1172,47,4,0,-159,-13,1.72
fold2_room1_mix1172,47,4,0,69,-9,7.04
fold2_room1_mix1172,48,0,0,-5,0,47.06
fold2_room1_mix1172,48,4,0,-131,-14,1.53
fold2_room1_mix1172,48,4,0,-148,-14,1.84
fold2_room1_mix1172,48,4,0,61,-9,6.85
fold2_room1_mix1172,49,0,0,-6,0,49.46
fold2_room1_mix1172,49,4,0,-108,-15,1.39
fold2_room1_mix1172,49,4,0,-133,-15,1.96
fold2_room1_mix1172,49,4,0,41,-6,7.60
fold2_room1_mix1172,50,0,0,-3,-1,47.58
fold2_room1_mix1172,50,4,0,-84,-16,1.57
fold2_room1_mix1172,50,4,0,-118,-18,2.29
fold2_room1_mix1172,50,4,0,33,-7,7.11
fold2_room1_mix1172,51,0,0,-7,-1,43.25
fold2_room1_mix1172,51,4,0,-61,-12,1.75
fold2_room1_mix1172,51,4,0,40,-4,7.08
fold2_room1_mix1172,52,0,0,-5,0,44.64
fold2_room1_mix1172,52,4,0,-49,-11,1.97
fold2_room1_mix1172,52,4,0,36,-5,6.15
fold2_room1_mix1172,53,0,0,-6,0,46.65
fold2_room1_mix1172,53,4,0,-32,-8,2.44
fold2_room1_mix1172,53,4,0,23,-5,6.06
fold2_room1_mix1172,54,0,0,-8,0,50.69
fold2_room1_mix1172,54,4,0,-29,-7,2.96
fold2_room1_mix1172,54,4,0,76,-5,5.23
fold2_room1_mix1172,54,4,0,11,-7,5.50
fold2_room1_mix1172,55,0,0,-6,0,49.50
fold2_room1_mix1172,55,4,0,-20,-6,3.03
fold2_room1_mix1172,55,4,0,88,-6,5.29
fold2_room1_mix1172,55,4,0,12,-6,5.01
fold2_room1_mix1172,56,0,0,-7,0,50.96
fold2_room1_mix1172,56,4,0,-11,-6,3.23
fold2_room1_mix1172,56,4,0,108,-6,4.34
fold2_room1_mix1172,56,4,0,21,-7,3.76
fold2_room1_mix1172,57,0,0,-7,0,50.58
fold2_room1_mix1172,57,4,0,-3,-6,3.66
fold2_room1_mix1172,57,4,0,124,-6,4.53
fold2_room1_mix1172,57,4,0,27,-6,4.17
fold2_room1_mix1172,58,0,0,-7,0,54.00
fold2_room1_mix1172,58,4,0,-1,-5,2.99
fold2_room1_mix1172,58,4,0,23,-6,3.21
fold2_room1_mix1172,59,0,0,-7,0,56.91
fold2_room1_mix1172,59,4,0,22,-6,2.39
fold2_room1_mix1172,60,0,0,-8,0,53.75
fold2_room1_mix1172,61,0,0,-6,0,54.31
fold2_room1_mix1172,61,4,0,40,-4,1.94
fold2_room1_mix1172,62,0,0,-6,0,57.17
fold2_room1_mix1172,63,0,0,-9,0,51.50
fold2_room1_mix1172,64,0,0,-8,0,56.46
fold2_room1_mix1172,65,0,0,-7,0,60.16
fold2_room1_mix1172,66,0,0,-7,0,57.38
fold2_room1_mix1172,67,0,0,-6,0,62.76
fold2_room1_mix1172,67,4,0,-172,-1,0.97
fold2_room1_mix1172,68,0,0,-7,0,56.88
fold2_room1_mix1172,68,4,0,177,-1,0.79
fold2_room1_mix1172,69,0,0,-6,0,59.31
fold2_room1_mix1172,69,4,0,-175,-1,1.27
fold2_room1_mix1172,70,0,0,-6,0,63.14
fold2_room1_mix1172,70,4,0,-173,-1,1.10
fold2_room1_mix1172,71,0,0,-8,0,67.67
fold2_room1_mix1172,71,4,0,-174,0,1.07
fold2_room1_mix1172,71,4,0,166,0,1.41
fold2_room1_mix1172,72,0,0,-8,0,67.42
fold2_room1_mix1172,72,4,0,-170,-1,1.16
fold2_room1_mix1172,73,0,0,-8,0,63.93
fold2_room1_mix1172,73,4,0,-173,-1,0.72
fold2_room1_mix1172,74,0,0,-7,0,65.51
fold2_room1_mix1172,74,4,0,-169,-2,0.76
fold2_room1_mix1172,75,0,0,-7,0,62.95
fold2_room1_mix1172,76,0,0,-8,0,61.18
fold2_room1_mix1172,77,0,0,-7,0,65.15
fold2_room1_mix1172,78,0,0,-6,0,67.20
fold2_room1_mix1172,79,0,0,-6,0,66.16
fold2_room1_mix1172,80,0,0,-10,0,59.55
fold2_room1_mix1172,81,0,0,-7,0,61.86
fold2_room1_mix1172,82,0,0,-7,0,63.35
fold2_room1_mix1172,83,0,0,-7,0,63.78
fold2_room1_mix1172,84,0,0,-8,0,64.28
fold2_room1_mix1172,85,0,0,-6,0,59.63
fold2_room1_mix1172,86,0,0,-5,0,61.14
fold2_room1_mix1172,87,0,0,-7,0,61.90
fold2_room1_mix1172,88,0,0,-6,0,55.99
fold2_room1_mix1172,89,0,0,-6,0,57.62
fold2_room1_mix1172,90,0,0,-6,0,59.95
fold2_room1_mix1172,91,0,0,-7,0,55.88
fold2_room1_mix1172,92,0,0,-5,0,58.93
fold2_room1_mix1172,93,0,0,-5,0,58.10
fold2_room1_mix1172,94,0,0,-5,0,62.55
fold2_room1_mix1172,95,0,0,-5,0,59.86
fold2_room1_mix1172,96,0,0,-4,0,60.14
fold2_room1_mix1172,97,0,0,-5,0,58.95
fold2_room1_mix1172,98,0,0,-4,0,57.99
fold2_room1_mix1172,99,0,0,-4,0,58.40
fold2_room1_mix1216,1,1,0,122,-2,8.89
fold2_room1_mix1216,2,1,0,116,-1,6.08
fold2_room1_mix1251,1,1,0,108,-2,3.88
fold2_room1_mix1302,1,1,0,102,-2,8.44
fold2_room1_mix1302,2,1,0,102,-1,9.26
fold2_room1_mix1368,1,1,0,125,-2,6.17
fold2_room1_mix1372,1,1,0,115,-2,5.64
fold2_room1_mix1517,1,1,0,118,-2,5.16
fold2_room1_mix1517,2,7,0,-1,0,3.44
fold2_room1_mix1517,3,7,0,1,0,25.41
fold2_room1_mix1517,4,7,0,0,0,29.53
fold2_room1_mix1517,5,7,0,1,0,26.69
fold2_room1_mix1517,6,7,0,1,0,28.65
fold2_room1_mix1517,7,7,0,0,0,53.09
fold2_room1_mix1517,8,7,0,1,0,50.54
fold2_room1_mix1517,9,7,0,0,0,48.03
fold2_room1_mix1517,10,7,0,0,0,45.20
fold2_room1_mix1517,11,7,0,1,0,46.91
fold2_room1_mix1517,12,7,0,1,0,47.52
fold2_room1_mix1517,13,7,0,1,0,45.59
fold2_room1_mix1517,14,7,0,1,0,44.16
fold2_room1_mix1517,15,7,0,1,0,43.87
fold2_room1_mix1517,16,7,0,1,0,41.60
fold2_room1_mix1517,17,7,0,0,0,46.13
fold2_room1_mix1517,18,7,0,0,0,45.30
fold2_room1_mix1517,19,7,0,0,0,43.95
fold2_room1_mix1517,20,7,0,0,0,43.37
fold2_room1_mix1517,21,7,0,0,0,44.30
fold2_room1_mix1517,22,7,0,1,0,45.09
fold2_room1_mix1517,23,7,0,0,0,46.77
fold2_room1_mix1517,24,7,0,0,0,45.51
fold2_room1_mix1517,25,7,0,0,0,46.32
fold2_room1_mix1517,26,7,0,0,0,44.03
fold2_room1_mix1517,27,7,0,0,0,42.61
fold2_room1_mix1517,28,7,0,0,0,43.97
fold2_room1_mix1517,29,7,0,0,0,42.14
fold2_room1_mix1517,30,7,0,1,0,39.86
fold2_room1_mix1517,31,7,0,1,0,40.78
fold2_room1_mix1517,32,7,0,0,0,40.45
fold2_room1_mix1517,33,7,0,1,0,35.33
fold2_room1_mix1517,34,7,0,3,0,35.88
fold2_room1_mix1517,35,7,0,1,0,36.95
fold2_room1_mix1517,36,7,0,2,0,35.75
fold2_room1_mix1517,37,7,0,1,0,35.62
fold2_room1_mix1517,38,7,0,2,0,37.24
fold2_room1_mix1517,39,7,0,2,0,34.10
fold2_room1_mix1517,40,7,0,0,0,33.14
fold2_room1_mix1517,41,7,0,1,0,31.09
fold2_room1_mix1517,42,7,0,1,0,30.90
fold2_room1_mix1517,43,7,0,0,0,30.73
fold2_room1_mix1517,44,7,0,0,0,29.27
fold2_room1_mix1517,45,7,0,3,0,32.86
fold2_room1_mix1517,46,7,0,3,0,26.94
fold2_room1_mix1517,47,7,0,2,0,28.37
fold2_room1_mix1517,48,7,0,4,0,24.46
fold2_room1_mix1517,49,7,0,5,0,24.31
fold2_room1_mix1517,50,7,0,4,0,23.21
fold2_room1_mix1517,51,7,0,6,0,22.98
fold2_room1_mix1517,52,7,0,6,0,22.58
fold2_room1_mix1517,53,7,0,7,0,20.90
fold2_room1_mix1517,54,7,0,7,0,21.49
fold2_room1_mix1517,55,7,0,8,0,20.76
fold2_room1_mix1517,56,7,0,9,0,21.34
fold2_room1_mix1517,57,7,0,7,0,20.73
fold2_room1_mix1517,58,7,0,7,0,18.25
fold2_room1_mix1517,59,7,0,8,0,17.92
fold2_room1_mix1517,60,7,0,8,0,16.26
fold2_room1_mix1517,61,7,0,9,0,15.09
fold2_room1_mix1517,62,7,0,9,0,15.10
fold2_room1_mix1517,63,7,0,11,0,13.28
fold2_room1_mix1517,64,7,0,14,0,11.86
fold2_room1_mix1517,65,7,0,14,0,11.15
fold2_room1_mix1517,66,7,0,15,0,10.57
fold2_room1_mix1517,67,7,0,18,0,8.97
fold2_room1_mix1517,68,7,0,19,0,8.22
fold2_room1_mix1517,69,7,0,20,0,7.18
fold2_room1_mix1517,70,7,0,22,0,6.24
fold2_room1_mix1517,71,7,0,26,0,5.45
fold2_room1_mix1517,72,7,0,30,0,4.77
fold2_room1_mix1517,73,7,0,36,0,4.26
fold2_room1_mix1517,74,7,0,42,0,3.66
fold2_room1_mix1517,75,7,0,48,0,2.97
fold2_room1_mix1517,76,7,0,54,0,2.61
fold2_room1_mix1517,77,7,0,67,0,2.21
fold2_room1_mix1517,78,7,0,84,0,2.39
fold2_room1_mix1517,79,7,0,105,0,2.43
fold2_room1_mix1517,80,7,0,119,0,2.70
fold2_room1_mix1517,81,7,0,128,0,3.05
fold2_room1_mix1517,82,7,0,135,0,3.56
fold2_room1_mix1517,83,7,0,139,0,3.95
fold2_room1_mix1517,84,7,0,145,0,4.31
fold2_room1_mix1517,85,7,0,148,0,4.91
fold2_room1_mix1517,86,7,0,152,0,5.40
fold2_room1_mix1517,87,7,0,156,0,6.14
fold2_room1_mix1517,88,7,0,157,0,6.83
fold2_room1_mix1517,89,7,0,159,0,8.09
fold2_room1_mix1517,90,7,0,162,0,8.93
fold2_room1_mix1517,91,7,0,162,0,8.62
fold2_room1_mix1517,92,7,0,162,0,10.27
fold2_room1_mix1517,93,7,0,164,0,11.61
fold2_room1_mix1517,94,7,0,165,0,11.91
fold2_room1_mix1517,95,7,0,165,0,12.53
fold2_room1_mix1517,96,7,0,167,0,14.74
fold2_room1_mix1517,97,7,0,168,0,15.47
fold2_room1_mix1517,98,7,0,168,0,16.56
fold2_room1_mix1517,99,7,0,169,0,18.04
fold2_room1_mix1532,2,7,0,0,0,8.72
fold2_room1_mix1532,3,7,0,1,0,21.75
fold2_room1_mix1532,4,7,0,1,0,27.48
fold2_room1_mix1532,5,7,0,1,0,30.15
fold2_room1_mix1532,6,7,0,0,0,42.36
fold2_room1_mix1532,7,7,0,0,0,42.28
fold2_room1_mix1532,8,7,0,0,0,43.34
fold2_room1_mix1532,9,7,0,0,0,41.21
fold2_room1_mix1532,10,7,0,0,0,41.74
fold2_room1_mix1532,11,7,0,0,0,45.11
fold2_room1_mix1532,12,7,0,0,0,44.24
fold2_room1_mix1532,13,7,0,0,0,43.98
fold2_room1_mix1532,14,7,0,0,0,44.68
fold2_room1_mix1532,15,7,0,0,0,42.87
fold2_room1_mix1532,16,7,0,0,0,43.01
fold2_room1_mix1532,17,7,0,0,0,42.10
fold2_room1_mix1532,18,7,0,1,0,38.34
fold2_room1_mix1532,19,7,0,0,0,40.14
fold2_room1_mix1532,20,7,0,0,0,40.71
fold2_room1_mix1532,21,7,0,0,0,40.82
fold2_room1_mix1532,22,7,0,0,0,39.55
fold2_room1_mix1532,23,7,0,1,0,39.48
fold2_room1_mix1532,24,7,0,1,0,31.60
fold2_room1_mix1532,25,7,0,1,0,35.98
fold2_room1_mix1532,26,7,0,1,0,37.71
fold2_room1_mix1532,27,7,0,0,0,36.51
fold2_room1_mix1532,28,7,0,1,0,35.34
fold2_room1_mix1532,29,7,0,2,0,34.14
fold2_room1_mix1532,30,7,0,1,0,36.22
fold2_room1_mix1532,31,7,0,1,0,33.56
fold2_room1_mix1532,32,7,0,2,0,29.86
fold2_room1_mix1532,33,7,0,2,0,31.07
fold2_room1_mix1532,34,7,0,3,0,28.24
fold2_room1_mix1532,35,7,0,3,0,28.49
fold2_room1_mix1532,36,7,0,4,0,32.30
fold2_room1_mix1532,37,7,0,6,0,24.08
fold2_room1_mix1532,38,7,0,7,0,27.09
fold2_room1_mix1532,39,7,0,7,0,21.21
fold2_room1_mix1532,40,7,0,8,0,26.39
fold2_room1_mix1532,41,7,0,9,0,26.23
fold2_room1_mix1532,42,7,0,7,0,24.03
fold2_room1_mix1532,43,7,0,7,0,29.31
fold2_room1_mix1532,44,7,0,6,0,22.89
fold2_room1_mix1532,45,7,0,10,0,21.22
fold2_room1_mix1532,46,7,0,9,0,22.52
fold2_room1_mix1532,47,7,0,9,0,20.56
fold2_room1_mix1532,48,7,0,10,0,16.39
fold2_room1_mix1532,49,7,0,11,0,16.89
fold2_room1_mix1532,50,7,0,12,0,15.33
fold2_room1_mix1532,51,7,0,15,0,12.15
fold2_room1_mix1532,52,7,0,17,0,11.78
fold2_room1_mix1532,53,7,0,21,0,8.99
fold2_room1_mix1532,54,7,0,22,0,8.83
fold2_room1_mix1532,55,7,0,26,0,6.81
fold2_room1_mix1532,56,7,0,27,0,6.35
fold2_room1_mix1532,57,7,0,32,0,5.61
fold2_room1_mix1532,58,7,0,40,0,4.76
fold2_room1_mix1532,59,7,0,50,0,4.21
fold2_room1_mix1532,60,7,0,54,0,3.81
fold2_room1_mix1532,61,7,0,64,0,3.11
fold2_room1_mix1532,62,7,0,77,0,2.61
fold2_room1_mix1532,63,7,0,90,0,2.72
fold2_room1_mix1532,64,7,0,109,0,2.86
fold2_room1_mix1532,65,7,0,120,0,3.37
fold2_room1_mix1532,66,7,0,128,0,3.70
fold2_room1_mix1532,67,7,0,134,0,4.61
fold2_room1_mix1532,68,7,0,144,0,5.41
fold2_room1_mix1532,69,7,0,144,0,6.26
fold2_room1_mix1532,70,7,0,149,0,6.96
fold2_room1_mix1532,71,7,0,155,0,8.78
fold2_room1_mix1532,72,7,0,155,0,9.96
fold2_room1_mix1532,73,7,0,157,0,9.43
fold2_room1_mix1532,74,7,0,159,0,9.37
fold2_room1_mix1532,75,7,0,162,0,11.52
fold2_room1_mix1532,76,7,0,163,0,12.54
fold2_room1_mix1532,77,7,0,164,0,14.60
fold2_room1_mix1532,78,7,0,166,0,16.47
fold2_room1_mix1532,79,7,0,167,0,20.69
fold2_room1_mix1532,80,7,0,167,0,22.18
fold2_room1_mix1532,81,7,0,167,0,19.30
fold2_room1_mix1532,82,7,0,169,0,26.20
fold2_room1_mix1532,83,7,0,169,0,28.62
fold2_room1_mix1532,84,7,0,170,0,30.29
fold2_room1_mix1532,85,7,0,170,0,31.13
fold2_room1_mix1532,86,7,0,171,0,34.25
fold2_room1_mix1532,87,7,0,170,0,30.79
fold2_room1_mix1532,88,7,0,171,0,31.61
fold2_room1_mix1532,89,7,0,171,0,31.64
fold2_room1_mix1532,90,7,0,172,0,29.78
fold2_room1_mix1532,91,7,0,171,0,29.81
fold2_room1_mix1532,92,7,0,172,0,28.89
fold2_room1_mix1532,93,7,0,172,0,31.32
fold2_room1_mix1532,94,7,0,172,0,28.69
fold2_room1_mix1532,95,7,0,172,0,30.96
fold2_room1_mix1532,96,7,0,172,0,33.17
fold2_room1_mix1532,97,7,0,173,0,32.26
fold2_room1_mix1532,98,7,0,173,0,32.50
fold2_room1_mix1532,99,7,0,173,0,34.01
fold2_room1_mix1537,1,1,0,109,-2,6.53
fold2_room1_mix1537,3,7,0,1,0,8.63
fold2_room1_mix1537,5,7,0,1,0,8.28
fold2_room1_mix1537,7,7,0,1,0,14.87
fold2_room1_mix1537,8,5,0,4,0,10.15
fold2_room1_mix1537,9,5,0,6,0,4.90
fold2_room1_mix1537,10,5,0,3,0,38.29
fold2_room1_mix1537,11,7,0,1,0,13.08
fold2_room1_mix1537,12,5,0,5,0,20.82
fold2_room1_mix1537,13,5,0,5,0,12.43
fold2_room1_mix1537,14,5,0,3,0,13.76
fold2_room1_mix1537,15,5,0,5,0,5.03
fold2_room1_mix1537,15,7,0,1,0,10.53
fold2_room1_mix1537,16,5,0,4,0,16.52
fold2_room1_mix1537,17,7,0,1,0,16.25
fold2_room1_mix1537,18,5,0,4,0,4.12
fold2_room1_mix1537,18,7,0,2,0,10.56
fold2_room1_mix1537,19,7,0,2,0,13.34
fold2_room1_mix1537,20,5,0,3,0,8.07
fold2_room1_mix1537,20,7,0,1,0,8.95
fold2_room1_mix1537,21,5,0,4,0,12.59
fold2_room1_mix1537,21,7,0,1,0,6.18
fold2_room1_mix1537,22,5,0,4,0,32.54
fold2_room1_mix1537,23,5,0,5,0,4.65
fold2_room1_mix1537,23,7,0,1,0,10.89
fold2_room1_mix1537,24,5,0,5,0,7.95
fold2_room1_mix1537,24,7,0,2,0,8.01
fold2_room1_mix1537,25,5,0,5,0,25.17
fold2_room1_mix1537,26,5,0,6,0,51.95
fold2_room1_mix1537,27,5,0,6,0,29.72
fold2_room1_mix1537,28,5,0,7,0,51.11
fold2_room1_mix1537,29,5,0,11,0,48.06
fold2_room1_mix1537,30,5,0,8,0,57.11
fold2_room1_mix1537,31,5,0,10,0,42.89
fold2_room1_mix1537,32,5,0,13,1,36.28
fold2_room1_mix1537,32,7,0,0,0,2.29
fold2_room1_mix1537,33,5,0,13,1,23.64
fold2_room1_mix1537,33,7,0,0,0,4.05
fold2_room1_mix1537,34,5,0,17,1,23.92
fold2_room1_mix1537,34,7,0,-1,0,2.97
fold2_room1_mix1537,35,7,0,2,0,22.19
fold2_room1_mix1537,36,7,0,2,0,24.39
fold2_room1_mix1537,37,7,0,4,0,29.07
fold2_room1_mix1537,38,7,0,3,0,27.12
fold2_room1_mix1537,39,7,0,5,0,24.54
fold2_room1_mix1537,40,7,0,5,0,24.74
fold2_room1_mix1537,41,7,0,5,0,25.90
fold2_room1_mix1537,42,7,0,6,0,23.10
fold2_room1_mix1537,43,7,0,7,0,23.98
fold2_room1_mix1537,44,7,0,9,0,21.87
fold2_room1_mix1537,45,7,0,11,0,18.51
fold2_room1_mix1537,46,7,0,11,0,16.77
fold2_room1_mix1537,47,7,0,12,0,15.43
fold2_room1_mix1537,48,7,0,14,0,13.52
fold2_room1_mix1537,49,7,0,17,0,11.79
fold2_room1_mix1537,50,7,0,18,0,10.28
fold2_room1_mix1537,51,7,0,20,0,8.34
fold2_room1_mix1537,52,7,0,22,0,7.33
fold2_room1_mix1537,53,7,0,24,0,6.34
fold2_room1_mix1537,54,7,0,29,0,4.66
fold2_room1_mix1537,55,7,0,34,0,4.41
fold2_room1_mix1537,56,7,0,42,0,3.92
fold2_room1_mix1537,57,7,0,57,0,3.07
fold2_room1_mix1537,58,7,0,76,0,2.55
fold2_room1_mix1537,59,7,0,93,0,2.66
fold2_room1_mix1537,60,7,0,113,0,2.99
fold2_room1_mix1537,61,7,0,127,0,3.60
fold2_room1_mix1537,62,7,0,135,0,4.16
fold2_room1_mix1537,63,7,0,144,0,4.95
fold2_room1_mix1537,64,7,0,152,0,5.71
fold2_room1_mix1537,65,7,0,153,0,6.36
fold2_room1_mix1537,66,7,0,156,0,7.15
fold2_room1_mix1537,67,7,0,160,0,7.73
fold2_room1_mix1537,68,7,0,161,0,9.53
fold2_room1_mix1537,69,7,0,164,0,11.29
fold2_room1_mix1537,70,7,0,165,0,12.22
fold2_room1_mix1537,71,7,0,166,0,13.33
fold2_room1_mix1537,72,7,0,168,0,15.50
fold2_room1_mix1537,73,7,0,168,0,18.01
fold2_room1_mix1537,74,7,0,169,0,18.59
fold2_room1_mix1537,75,7,0,171,0,21.11
fold2_room1_mix1537,76,7,0,171,0,24.21
fold2_room1_mix1537,77,7,0,171,0,26.38
fold2_room1_mix1537,78,7,0,171,0,26.16
fold2_room1_mix1537,79,7,0,171,0,28.12
fold2_room1_mix1537,80,7,0,172,0,28.87
fold2_room1_mix1537,81,7,0,172,0,29.02
fold2_room1_mix1537,82,7,0,172,0,28.95
fold2_room1_mix1537,83,7,0,174,0,31.91
fold2_room1_mix1537,84,7,0,173,0,31.32
fold2_room1_mix1537,85,7,0,174,0,32.37
fold2_room1_mix1537,86,7,0,174,0,33.09
fold2_room1_mix1537,87,7,0,174,0,35.50
fold2_room1_mix1537,88,7,0,174,0,35.30
fold2_room1_mix1537,89,7,0,175,0,36.25
fold2_room1_mix1537,90,7,0,175,0,36.93
fold2_room1_mix1537,91,7,0,175,0,36.80
fold2_room1_mix1537,92,7,0,175,0,40.80
fold2_room1_mix1537,93,7,0,175,0,41.79
fold2_room1_mix1537,94,7,0,175,0,42.95
fold2_room1_mix1537,95,7,0,175,0,44.49
fold2_room1_mix1537,96,7,0,176,0,48.37
fold2_room1_mix1537,97,7,0,175,0,46.67
fold2_room1_mix1537,98,7,0,176,0,48.61
fold2_room1_mix1537,99,7,0,177,0,49.68
fold2_room1_mix1537,4,5,0,3,0,2.95
fold2_room1_mix1537,6,5,0,2,0,3.35
fold2_room1_mix1677,3,5,0,-178,0,3.69
fold2_room1_mix1677,4,5,0,176,0,28.64
fold2_room1_mix1677,5,5,0,178,0,39.70
fold2_room1_mix1677,6,5,0,176,0,79.22
fold2_room1_mix1677,7,5,0,175,0,89.99
fold2_room1_mix1677,8,5,0,174,0,100.87
fold2_room1_mix1677,9,5,0,175,0,101.60
fold2_room1_mix1677,10,5,0,176,0,97.38
fold2_room1_mix1677,11,5,0,175,0,99.78
fold2_room1_mix1677,12,5,0,175,0,91.57
fold2_room1_mix1677,13,5,0,175,0,98.28
fold2_room1_mix1677,14,5,0,175,0,99.95
fold2_room1_mix1677,15,5,0,174,0,96.24
fold2_room1_mix1677,16,5,0,175,0,97.84
fold2_room1_mix1677,17,5,0,175,0,99.72
fold2_room1_mix1677,18,5,0,175,0,95.47
fold2_room1_mix1677,19,5,0,174,0,98.07
fold2_room1_mix1677,20,5,0,175,0,101.12
fold2_room1_mix1677,21,5,0,175,0,98.21
fold2_room1_mix1677,22,5,0,174,0,101.43
fold2_room1_mix1677,23,5,0,175,0,102.56
fold2_room1_mix1677,24,5,0,174,0,102.10
fold2_room1_mix1677,25,5,0,174,0,105.51
fold2_room1_mix1677,26,5,0,174,0,99.18
fold2_room1_mix1677,27,5,0,173,0,103.58
fold2_room1_mix1677,28,5,0,173,0,100.93
fold2_room1_mix1677,29,5,0,172,0,95.37
fold2_room1_mix1677,30,5,0,172,0,97.30
fold2_room1_mix1677,31,5,0,172,0,87.99
fold2_room1_mix1677,32,5,0,171,0,83.67
fold2_room1_mix1677,33,5,0,170,0,79.16
fold2_room1_mix1677,34,5,0,171,0,74.96
fold2_room1_mix1677,35,5,0,169,0,71.76
fold2_room1_mix1677,36,5,0,168,0,72.71
fold2_room1_mix1677,37,5,0,155,0,23.25
fold2_room1_mix1677,37,5,0,174,0,94.26
fold2_room1_mix1677,38,5,0,154,0,23.05
fold2_room1_mix1677,38,5,0,173,0,87.49
fold2_room1_mix1677,39,5,0,151,0,19.27
fold2_room1_mix1677,39,5,0,172,0,79.79
fold2_room1_mix1677,40,5,0,150,0,20.18
fold2_room1_mix1677,40,5,0,172,0,81.02
fold2_room1_mix1677,41,5,0,146,0,17.71
fold2_room1_mix1677,41,5,0,172,0,77.49
fold2_room1_mix1677,42,5,0,140,0,14.88
fold2_room1_mix1677,42,5,0,172,0,71.64
fold2_room1_mix1677,43,5,0,131,0,12.33
fold2_room1_mix1677,43,5,0,170,0,64.13
fold2_room1_mix1677,44,5,0,120,0,9.95
fold2_room1_mix1677,44,5,0,171,0,62.16
fold2_room1_mix1677,45,5,0,110,0,8.93
fold2_room1_mix1677,45,5,0,170,0,58.65
fold2_room1_mix1677,46,5,0,105,0,8.30
fold2_room1_mix1677,46,5,0,171,0,62.74
fold2_room1_mix1677,47,5,0,93,0,7.80
fold2_room1_mix1677,47,5,0,171,0,64.79
fold2_room1_mix1677,48,5,0,87,0,7.50
fold2_room1_mix1677,48,5,0,171,0,64.87
fold2_room1_mix1677,49,5,0,72,0,7.71
fold2_room1_mix1677,49,5,0,171,0,66.70
fold2_room1_mix1677,50,5,0,67,0,7.75
fold2_room1_mix1677,50,5,0,171,0,65.72
fold2_room1_mix1677,51,5,0,59,0,7.75
fold2_room1_mix1677,51,5,0,171,0,64.10
fold2_room1_mix1677,52,5,0,48,0,9.22
fold2_room1_mix1677,52,5,0,171,0,62.56
fold2_room1_mix1677,53,5,0,41,0,11.36
fold2_room1_mix1677,53,5,0,171,0,64.07
fold2_room1_mix1677,54,5,0,37,0,12.99
fold2_room1_mix1677,54,5,0,169,0,55.00
fold2_room1_mix1677,55,5,0,32,0,14.60
fold2_room1_mix1677,55,5,0,170,0,55.71
fold2_room1_mix1677,56,5,0,30,0,15.49
fold2_room1_mix1677,56,5,0,169,0,52.60
fold2_room1_mix1677,57,5,0,24,0,18.19
fold2_room1_mix1677,57,5,0,170,0,52.16
fold2_room1_mix1677,58,5,0,25,0,19.06
fold2_room1_mix1677,58,5,0,168,0,52.03
fold2_room1_mix1677,59,5,0,22,0,20.75
fold2_room1_mix1677,59,5,0,169,0,53.14
fold2_room1_mix1677,60,5,0,20,0,22.93
fold2_room1_mix1677,60,5,0,167,0,47.02
fold2_room1_mix1677,61,5,0,20,0,21.59
fold2_room1_mix1677,61,5,0,168,0,52.54
fold2_room1_mix1677,62,5,0,16,0,24.21
fold2_room1_mix1677,62,5,0,166,0,46.07
fold2_room1_mix1677,63,5,0,14,0,28.12
fold2_room1_mix1677,63,5,0,150,0,17.35
fold2_room1_mix1677,63,5,0,170,0,55.44
fold2_room1_mix1677,64,5,0,17,0,28.27
fold2_room1_mix1677,64,5,0,155,0,21.56
fold2_room1_mix1677,64,5,0,170,0,64.98
fold2_room1_mix1677,65,5,0,16,0,29.16
fold2_room1_mix1677,65,5,0,144,0,16.21
fold2_room1_mix1677,65,5,0,167,0,51.72
fold2_room1_mix1677,66,5,0,15,0,32.52
fold2_room1_mix1677,66,5,0,138,0,13.57
fold2_room1_mix1677,66,5,0,169,0,48.42
fold2_room1_mix1677,67,5,0,16,0,34.55
fold2_room1_mix1677,67,5,0,139,0,14.06
fold2_room1_mix1677,67,5,0,167,0,51.55
fold2_room1_mix1677,68,5,0,16,0,34.67
fold2_room1_mix1677,68,5,0,138,0,13.69
fold2_room1_mix1677,68,5,0,167,0,48.51
fold2_room1_mix1677,69,5,0,14,0,38.25
fold2_room1_mix1677,69,5,0,136,0,12.85
fold2_room1_mix1677,69,5,0,169,0,49.75
fold2_room1_mix1677,70,5,0,16,0,35.43
fold2_room1_mix1677,70,5,0,131,0,12.21
fold2_room1_mix1677,70,5,0,168,0,45.89
fold2_room1_mix1677,71,5,0,13,0,38.33
fold2_room1_mix1677,71,5,0,112,0,9.35
fold2_room1_mix1677,71,5,0,167,0,37.62
fold2_room1_mix1677,72,5,0,12,0,40.11
fold2_room1_mix1677,72,5,0,133,0,11.05
fold2_room1_mix1677,72,5,0,171,0,47.71
fold2_room1_mix1677,73,5,0,13,0,40.11
fold2_room1_mix1677,73,5,0,126,0,10.13
fold2_room1_mix1677,73,5,0,170,0,44.47
fold2_room1_mix1677,74,5,0,11,0,43.54
fold2_room1_mix1677,74,5,0,119,0,9.70
fold2_room1_mix1677,74,5,0,170,0,44.98
fold2_room1_mix1677,75,5,0,11,0,43.65
fold2_room1_mix1677,75,5,0,120,0,9.67
fold2_room1_mix1677,75,5,0,170,0,44.72
fold2_room1_mix1677,76,5,0,9,0,47.24
fold2_room1_mix1677,76,5,0,80,0,9.86
fold2_room1_mix1677,76,5,0,166,0,34.78
fold2_room1_mix1677,77,5,0,9,0,46.36
fold2_room1_mix1677,77,5,0,101,0,9.78
fold2_room1_mix1677,77,5,0,167,0,38.62
fold2_room1_mix1677,78,5,0,9,0,49.70
fold2_room1_mix1677,78,5,0,94,0,9.80
fold2_room1_mix1677,78,5,0,167,0,40.96
fold2_room1_mix1677,79,5,0,10,0,50.05
fold2_room1_mix1677,79,5,0,82,1,9.77
fold2_room1_mix1677,79,5,0,165,0,39.25
fold2_room1_mix1677,80,5,0,8,0,57.02
fold2_room1_mix1677,80,5,0,56,0,11.43
fold2_room1_mix1677,80,5,0,163,0,36.93
fold2_room1_mix1677,81,5,0,9,0,54.67
fold2_room1_mix1677,81,5,0,59,0,11.88
fold2_room1_mix1677,81,5,0,162,0,34.82
fold2_room1_mix1677,82,5,0,9,0,53.56
fold2_room1_mix1677,82,5,0,59,0,11.13
fold2_room1_mix1677,82,5,0,163,0,36.19
fold2_room1_mix1677,83,5,0,10,0,51.61
fold2_room1_mix1677,83,5,0,70,0,10.69
fold2_room1_mix1677,83,5,0,163,0,38.67
fold2_room1_mix1677,84,5,0,9,0,55.29
fold2_room1_mix1677,84,5,0,54,0,12.16
fold2_room1_mix1677,84,5,0,162,0,34.18
fold2_room1_mix1677,85,5,0,8,0,53.55
fold2_room1_mix1677,85,5,0,41,0,13.85
fold2_room1_mix1677,85,5,0,161,0,26.58
fold2_room1_mix1677,86,5,0,7,0,54.83
fold2_room1_mix1677,86,5,0,34,0,14.75
fold2_room1_mix1677,86,5,0,160,0,24.06
fold2_room1_mix1677,87,5,0,8,0,59.42
fold2_room1_mix1677,87,5,0,25,0,19.85
fold2_room1_mix1677,87,5,0,150,0,16.23
fold2_room1_mix1677,88,5,0,6,0,65.08
fold2_room1_mix1677,88,5,0,23,0,21.14
fold2_room1_mix1677,88,5,0,153,0,18.55
fold2_room1_mix1677,89,5,0,12,0,39.43
fold2_room1_mix1677,89,5,0,149,0,14.52
fold2_room1_mix1677,90,5,0,13,0,44.12
fold2_room1_mix1677,90,5,0,144,0,13.56
fold2_room1_mix1677,91,5,0,13,0,45.19
fold2_room1_mix1677,91,5,0,138,0,11.49
fold2_room1_mix1677,92,5,0,12,0,45.47
fold2_room1_mix1677,92,5,0,139,0,11.96
fold2_room1_mix1677,93,5,0,13,0,46.09
fold2_room1_mix1677,93,5,0,135,0,10.71
fold2_room1_mix1677,94,5,0,12,0,51.23
fold2_room1_mix1677,94,5,0,123,0,9.00
fold2_room1_mix1677,95,5,0,10,0,53.50
fold2_room1_mix1677,95,5,0,124,0,8.59
fold2_room1_mix1677,96,5,0,10,0,60.44
fold2_room1_mix1677,96,5,0,116,0,8.25
fold2_room1_mix1677,97,5,0,11,0,54.26
fold2_room1_mix1677,97,5,0,105,0,8.35
fold2_room1_mix1677,98,5,0,10,0,58.46
fold2_room1_mix1677,98,5,0,85,0,8.84
fold2_room1_mix1677,99,5,0,10,0,58.54
fold2_room1_mix1677,99,5,0,74,0,8.93
fold2_room1_mix1698,1,1,0,111,-2,4.71
fold2_room1_mix1698,4,5,0,6,0,10.20
fold2_room1_mix1698,5,5,0,4,0,31.66
fold2_room1_mix1698,6,5,0,3,0,35.78
fold2_room1_mix1698,7,5,0,2,0,92.43
fold2_room1_mix1698,8,5,0,2,0,101.92
fold2_room1_mix1698,9,5,0,1,0,110.58
fold2_room1_mix1698,10,5,0,2,0,106.06
fold2_room1_mix1698,11,5,0,2,0,107.30
fold2_room1_mix1698,12,5,0,4,0,109.39
fold2_room1_mix1698,13,5,0,2,0,109.12
fold2_room1_mix1698,14,5,0,2,0,113.27
fold2_room1_mix1698,15,5,0,3,0,108.48
fold2_room1_mix1698,16,5,0,2,0,108.76
fold2_room1_mix1698,17,5,0,2,0,110.23
fold2_room1_mix1698,18,5,0,2,0,105.06
fold2_room1_mix1698,19,5,0,2,0,109.12
fold2_room1_mix1698,20,5,0,2,0,108.77
fold2_room1_mix1698,21,5,0,3,0,106.05
fold2_room1_mix1698,22,5,0,2,0,108.53
fold2_room1_mix1698,23,5,0,2,0,108.01
fold2_room1_mix1698,24,5,0,2,0,111.31
fold2_room1_mix1698,25,5,0,2,0,113.22
fold2_room1_mix1698,26,5,0,2,0,106.28
fold2_room1_mix1698,27,5,0,2,0,113.25
fold2_room1_mix1698,28,5,0,3,0,115.04
fold2_room1_mix1698,29,5,0,3,0,111.59
fold2_room1_mix1698,30,5,0,3,0,111.55
fold2_room1_mix1698,31,5,0,3,0,108.06
fold2_room1_mix1698,32,5,0,4,0,111.22
fold2_room1_mix1698,33,5,0,4,0,111.16
fold2_room1_mix1698,34,5,0,4,0,106.60
fold2_room1_mix1698,35,5,0,4,0,103.82
fold2_room1_mix1698,36,5,0,5,0,105.48
fold2_room1_mix1698,37,5,0,5,0,104.04
fold2_room1_mix1698,38,5,0,6,0,96.88
fold2_room1_mix1698,39,5,0,7,0,95.93
fold2_room1_mix1698,40,5,0,7,0,93.58
fold2_room1_mix1698,41,5,0,7,0,97.16
fold2_room1_mix1698,42,5,0,8,0,95.78
fold2_room1_mix1698,43,5,0,3,0,125.97
fold2_room1_mix1698,43,5,0,20,0,25.91
fold2_room1_mix1698,44,5,0,3,0,120.05
fold2_room1_mix1698,44,5,0,25,0,20.22
fold2_room1_mix1698,45,5,0,3,0,112.19
fold2_room1_mix1698,45,5,0,27,0,17.20
fold2_room1_mix1698,46,5,0,4,0,103.00
fold2_room1_mix1698,46,5,0,32,0,15.17
fold2_room1_mix1698,47,5,0,4,0,99.73
fold2_room1_mix1698,47,5,0,37,0,13.69
fold2_room1_mix1698,48,5,0,4,0,90.59
fold2_room1_mix1698,48,5,0,44,0,10.97
fold2_room1_mix1698,49,5,0,5,0,88.62
fold2_room1_mix1698,49,5,0,54,0,9.63
fold2_room1_mix1698,50,5,0,4,0,84.79
fold2_room1_mix1698,50,5,0,60,0,8.67
fold2_room1_mix1698,51,5,0,5,0,85.34
fold2_room1_mix1698,51,5,0,69,0,7.82
fold2_room1_mix1698,52,5,0,5,0,85.12
fold2_room1_mix1698,52,5,0,86,0,7.72
fold2_room1_mix1698,53,5,0,5,0,87.85
fold2_room1_mix1698,53,5,0,99,0,7.63
fold2_room1_mix1698,54,5,0,5,0,85.15
fold2_room1_mix1698,54,5,0,113,0,7.54
fold2_room1_mix1698,55,5,0,6,0,83.76
fold2_room1_mix1698,55,5,0,127,0,9.27
fold2_room1_mix1698,56,5,0,5,0,81.06
fold2_room1_mix1698,56,5,0,132,0,9.69
fold2_room1_mix1698,57,5,0,6,0,79.67
fold2_room1_mix1698,57,5,0,140,0,11.33
fold2_room1_mix1698,58,5,0,6,0,75.25
fold2_room1_mix1698,58,5,0,143,0,12.39
fold2_room1_mix1698,59,5,0,6,0,72.30
fold2_room1_mix1698,59,5,0,150,0,14.70
fold2_room1_mix1698,60,5,0,6,0,70.76
fold2_room1_mix1698,60,5,0,155,0,16.89
fold2_room1_mix1698,61,5,0,6,0,75.43
fold2_room1_mix1698,61,5,0,155,0,17.80
fold2_room1_mix1698,62,5,0,5,0,73.96
fold2_room1_mix1698,62,5,0,155,0,17.49
fold2_room1_mix1698,63,5,0,6,0,72.13
fold2_room1_mix1698,63,5,0,157,0,19.49
fold2_room1_mix1698,64,5,0,6,0,70.89
fold2_room1_mix1698,64,5,0,158,0,20.59
fold2_room1_mix1698,65,5,0,7,0,68.58
fold2_room1_mix1698,65,5,0,161,0,22.29
fold2_room1_mix1698,66,5,0,8,0,63.82
fold2_room1_mix1698,66,5,0,160,0,21.38
fold2_room1_mix1698,67,5,0,7,0,69.56
fold2_room1_mix1698,67,5,0,164,0,25.76
fold2_room1_mix1698,68,5,0,10,0,56.10
fold2_room1_mix1698,68,5,0,165,0,29.60
fold2_room1_mix1698,69,5,0,10,0,52.86
fold2_room1_mix1698,69,5,0,168,0,31.04
fold2_room1_mix1698,70,5,0,9,0,53.51
fold2_room1_mix1698,70,5,0,167,0,30.75
fold2_room1_mix1698,71,5,0,9,0,58.36
fold2_room1_mix1698,71,5,0,168,0,33.26
fold2_room1_mix1698,72,5,0,4,0,76.28
fold2_room1_mix1698,72,5,0,20,0,23.33
fold2_room1_mix1698,72,5,0,168,0,35.16
fold2_room1_mix1698,73,5,0,4,0,77.30
fold2_room1_mix1698,73,5,0,25,0,20.17
fold2_room1_mix1698,73,5,0,169,0,41.36
fold2_room1_mix1698,74,5,0,6,0,64.22
fold2_room1_mix1698,74,5,0,31,0,15.88
fold2_room1_mix1698,74,5,0,170,0,42.00
fold2_room1_mix1698,75,5,0,5,0,67.25
fold2_room1_mix1698,75,5,0,34,0,14.50
fold2_room1_mix1698,75,5,0,172,0,50.32
fold2_room1_mix1698,76,5,0,6,0,59.54
fold2_room1_mix1698,76,5,0,39,0,11.91
fold2_room1_mix1698,76,5,0,171,0,45.95
fold2_room1_mix1698,77,5,0,6,0,58.65
fold2_room1_mix1698,77,5,0,33,0,13.72
fold2_room1_mix1698,77,5,0,171,0,41.18
fold2_room1_mix1698,78,5,0,5,0,74.32
fold2_room1_mix1698,78,5,0,33,0,16.03
fold2_room1_mix1698,78,5,0,172,0,49.01
fold2_room1_mix1698,79,5,0,7,0,60.45
fold2_room1_mix1698,79,5,0,45,0,12.11
fold2_room1_mix1698,79,5,0,167,0,45.50
fold2_room1_mix1698,80,5,0,6,0,63.61
fold2_room1_mix1698,80,5,0,36,0,14.40
fold2_room1_mix1698,80,5,0,166,0,42.44
fold2_room1_mix1698,81,5,0,5,0,79.92
fold2_room1_mix1698,81,5,0,29,0,18.84
fold2_room1_mix1698,81,5,0,168,0,43.83
fold2_room1_mix1698,82,5,0,5,0,70.17
fold2_room1_mix1698,82,5,0,56,0,12.46
fold2_room1_mix1698,82,5,0,172,0,58.10
fold2_room1_mix1698,83,5,0,4,0,71.46
fold2_room1_mix1698,83,5,0,44,0,13.47
fold2_room1_mix1698,83,5,0,170,0,53.63
fold2_room1_mix1698,84,5,0,6,0,57.10
fold2_room1_mix1698,84,5,0,71,0,10.72
fold2_room1_mix1698,84,5,0,171,0,52.40
fold2_room1_mix1698,85,5,0,7,0,44.40
fold2_room1_mix1698,85,5,0,122,0,11.45
fold2_room1_mix1698,85,5,0,174,0,62.60
fold2_room1_mix1698,86,5,0,14,0,27.24
fold2_room1_mix1698,86,5,0,151,0,15.81
fold2_room1_mix1698,86,5,0,175,0,68.25
fold2_room1_mix1698,87,5,0,13,0,35.83
fold2_room1_mix1698,87,5,0,136,0,11.35
fold2_room1_mix1698,87,5,0,173,0,61.64
fold2_room1_mix1698,88,5,0,9,0,41.84
fold2_room1_mix1698,88,5,0,125,0,11.92
fold2_room1_mix1698,88,5,0,175,0,65.17
fold2_room1_mix1698,89,5,0,12,0,31.43
fold2_room1_mix1698,89,5,0,149,0,15.57
fold2_room1_mix1698,89,5,0,176,0,73.33
fold2_room1_mix1698,90,5,0,15,0,26.70
fold2_room1_mix1698,90,5,0,150,0,15.15
fold2_room1_mix1698,90,5,0,175,0,64.15
fold2_room1_mix1698,91,5,0,20,0,26.53
fold2_room1_mix1698,91,5,0,142,0,14.30
fold2_room1_mix1698,91,5,0,177,0,68.29
fold2_room1_mix1698,92,5,0,13,0,34.13
fold2_room1_mix1698,92,5,0,146,0,14.60
fold2_room1_mix1698,92,5,0,176,0,75.64
fold2_room1_mix1698,93,5,0,25,0,22.65
fold2_room1_mix1698,93,5,0,149,0,16.11
fold2_room1_mix1698,93,5,0,174,0,69.15
fold2_room1_mix1698,94,5,0,28,0,21.08
fold2_room1_mix1698,94,5,0,152,0,17.64
fold2_room1_mix1698,94,5,0,173,0,68.02
fold2_room1_mix1698,95,5,0,21,0,20.58
fold2_room1_mix1698,95,5,0,158,0,20.88
fold2_room1_mix1698,95,5,0,174,0,77.24
fold2_room1_mix1698,96,5,0,17,0,25.56
fold2_room1_mix1698,96,5,0,155,0,17.46
fold2_room1_mix1698,96,5,0,175,0,70.71
fold2_room1_mix1698,97,5,0,20,0,21.44
fold2_room1_mix1698,97,5,0,158,0,19.45
fold2_room1_mix1698,97,5,0,173,0,73.62
fold2_room1_mix1698,98,5,0,15,0,32.00
fold2_room1_mix1698,98,5,0,152,0,16.83
fold2_room1_mix1698,98,5,0,174,0,76.66
fold2_room1_mix1698,99,5,0,24,0,17.08
fold2_room1_mix1698,99,5,0,167,0,50.02
fold2_room1_mix1715,1,1,0,106,-2,8.28
fold2_room1_mix1715,4,5,0,179,0,9.24
fold2_room1_mix1715,5,5,0,-178,0,12.31
fold2_room1_mix1715,6,5,0,-177,0,49.29
fold2_room1_mix1715,7,5,0,-179,0,78.26
fold2_room1_mix1715,8,5,0,-178,0,87.52
fold2_room1_mix1715,9,5,0,-178,0,91.36
fold2_room1_mix1715,10,5,0,-178,0,91.52
fold2_room1_mix1715,11,5,0,-178,0,88.34
fold2_room1_mix1715,12,5,0,-179,0,90.07
fold2_room1_mix1715,13,5,0,-178,0,97.02
fold2_room1_mix1715,14,5,0,-178,0,86.82
fold2_room1_mix1715,15,5,0,-178,0,96.97
fold2_room1_mix1715,16,5,0,-178,0,87.53
fold2_room1_mix1715,17,5,0,-177,0,91.14
fold2_room1_mix1715,18,5,0,-177,0,82.34
fold2_room1_mix1715,19,5,0,-177,0,90.28
fold2_room1_mix1715,20,5,0,-176,0,90.11
fold2_room1_mix1715,21,5,0,-177,0,92.90
fold2_room1_mix1715,22,5,0,-176,0,91.27
fold2_room1_mix1715,23,5,0,-176,0,89.72
fold2_room1_mix1715,24,5,0,-176,0,90.01
fold2_room1_mix1715,25,5,0,-176,0,97.74
fold2_room1_mix1715,26,5,0,-176,0,101.10
fold2_room1_mix1715,27,5,0,-176,0,104.97
fold2_room1_mix1715,28,5,0,-175,0,91.33
fold2_room1_mix1715,29,5,0,-175,0,96.30
fold2_room1_mix1715,30,5,0,-175,0,95.93
fold2_room1_mix1715,31,5,0,-173,0,97.33
fold2_room1_mix1715,32,5,0,-173,0,96.70
fold2_room1_mix1715,33,5,0,-171,0,96.91
fold2_room1_mix1715,34,5,0,-170,0,90.95
fold2_room1_mix1715,35,5,0,-159,0,32.18
fold2_room1_mix1715,35,5,0,-175,0,115.59
fold2_room1_mix1715,36,5,0,-154,0,22.62
fold2_room1_mix1715,36,5,0,-175,0,101.42
fold2_room1_mix1715,37,5,0,-146,0,17.37
fold2_room1_mix1715,37,5,0,-175,0,92.44
fold2_room1_mix1715,38,5,0,-138,0,13.74
fold2_room1_mix1715,38,5,0,-175,0,93.86
fold2_room1_mix1715,39,5,0,-126,0,10.48
fold2_room1_mix1715,39,5,0,-175,0,84.33
fold2_room1_mix1715,40,5,0,-117,0,9.72
fold2_room1_mix1715,40,5,0,-173,0,82.90
fold2_room1_mix1715,41,5,0,-98,0,9.18
fold2_room1_mix1715,41,5,0,-171,0,72.34
fold2_room1_mix1715,42,5,0,-92,0,8.40
fold2_room1_mix1715,42,5,0,-172,0,72.67
fold2_room1_mix1715,43,5,0,-64,0,9.42
fold2_room1_mix1715,43,5,0,-171,0,67.07
fold2_room1_mix1715,44,5,0,-56,0,8.94
fold2_room1_mix1715,44,5,0,-173,0,75.61
fold2_room1_mix1715,45,5,0,-48,0,9.69
fold2_room1_mix1715,45,5,0,-173,0,70.96
fold2_room1_mix1715,46,5,0,-43,0,9.79
fold2_room1_mix1715,46,5,0,-174,0,70.57
fold2_room1_mix1715,47,5,0,-33,0,13.49
fold2_room1_mix1715,47,5,0,-174,0,68.14
fold2_room1_mix1715,48,5,0,-31,0,14.18
fold2_room1_mix1715,48,5,0,-173,0,63.12
fold2_room1_mix1715,49,5,0,-26,0,16.76
fold2_room1_mix1715,49,5,0,-172,0,58.66
fold2_room1_mix1715,50,5,0,-22,0,18.68
fold2_room1_mix1715,50,5,0,-172,0,57.74
fold2_room1_mix1715,51,5,0,-20,0,22.23
fold2_room1_mix1715,51,5,0,-171,0,56.11
fold2_room1_mix1715,52,5,0,-16,0,24.14
fold2_room1_mix1715,52,5,0,-172,0,58.65
fold2_room1_mix1715,53,5,0,-15,0,28.03
fold2_room1_mix1715,53,5,0,-171,0,56.60
fold2_room1_mix1715,54,5,0,-16,0,26.36
fold2_room1_mix1715,54,5,0,-171,0,58.76
fold2_room1_mix1715,55,5,0,-14,0,28.64
fold2_room1_mix1715,55,5,0,-172,0,60.89
fold2_room1_mix1715,56,5,0,-13,0,28.89
fold2_room1_mix1715,56,5,0,-171,0,56.14
fold2_room1_mix1715,57,5,0,-12,0,31.57
fold2_room1_mix1715,57,5,0,-170,0,52.62
fold2_room1_mix1715,58,5,0,-11,0,33.22
fold2_room1_mix1715,58,5,0,-170,0,54.67
fold2_room1_mix1715,59,5,0,-10,0,37.32
fold2_room1_mix1715,59,5,0,-157,0,19.75
fold2_room1_mix1715,59,5,0,-175,0,69.46
fold2_room1_mix1715,60,5,0,-9,0,39.34
fold2_room1_mix1715,60,5,0,-155,0,19.50
fold2_room1_mix1715,60,5,0,-175,0,68.91
fold2_room1_mix1715,61,5,0,-10,0,40.62
fold2_room1_mix1715,61,5,0,-153,0,19.40
fold2_room1_mix1715,61,5,0,-175,0,71.23
fold2_room1_mix1715,62,5,0,-9,0,43.48
fold2_room1_mix1715,62,5,0,-153,0,19.24
fold2_room1_mix1715,62,5,0,-175,0,72.41
fold2_room1_mix1715,63,5,0,-7,0,47.88
fold2_room1_mix1715,63,5,0,-148,0,17.09
fold2_room1_mix1715,63,5,0,-175,0,71.35
fold2_room1_mix1715,64,5,0,-7,0,48.63
fold2_room1_mix1715,64,5,0,-147,0,16.95
fold2_room1_mix1715,64,5,0,-174,0,70.79
fold2_room1_mix1715,65,5,0,-6,0,52.52
fold2_room1_mix1715,65,5,0,-142,0,15.35
fold2_room1_mix1715,65,5,0,-175,0,69.07
fold2_room1_mix1715,66,5,0,-8,0,50.60
fold2_room1_mix1715,66,5,0,-147,0,16.89
fold2_room1_mix1715,66,5,0,-174,0,73.49
fold2_room1_mix1715,67,5,0,-7,0,54.57
fold2_room1_mix1715,67,5,0,-142,0,16.06
fold2_room1_mix1715,67,5,0,-175,0,73.34
fold2_room1_mix1715,68,5,0,-6,0,54.65
fold2_room1_mix1715,68,5,0,-98,0,11.36
fold2_room1_mix1715,68,5,0,-172,0,49.23
fold2_room1_mix1715,69,5,0,-6,0,54.93
fold2_room1_mix1715,69,5,0,-126,0,12.93
fold2_room1_mix1715,69,5,0,-175,0,61.03
fold2_room1_mix1715,70,5,0,-6,0,55.81
fold2_room1_mix1715,70,5,0,-94,0,11.47
fold2_room1_mix1715,70,5,0,-173,0,52.15
fold2_room1_mix1715,71,5,0,-4,0,59.72
fold2_room1_mix1715,71,5,0,-119,0,12.11
fold2_room1_mix1715,71,5,0,-175,0,58.93
fold2_room1_mix1715,72,5,0,-6,0,60.09
fold2_room1_mix1715,72,5,0,-82,0,10.69
fold2_room1_mix1715,72,5,0,-172,0,49.92
fold2_room1_mix1715,73,5,0,-5,0,70.15
fold2_room1_mix1715,73,5,0,-63,0,12.02
fold2_room1_mix1715,73,5,0,-171,0,47.82
fold2_room1_mix1715,74,5,0,-5,0,70.37
fold2_room1_mix1715,74,5,0,-58,0,11.88
fold2_room1_mix1715,74,5,0,-169,0,45.78
fold2_room1_mix1715,75,5,0,-6,0,78.37
fold2_room1_mix1715,75,5,0,-47,0,13.71
fold2_room1_mix1715,75,5,0,-168,0,48.13
fold2_room1_mix1715,76,5,0,-5,0,82.08
fold2_room1_mix1715,76,5,0,-37,0,15.17
fold2_room1_mix1715,76,5,0,-167,0,44.20
fold2_room1_mix1715,77,5,0,-5,0,79.87
fold2_room1_mix1715,77,5,0,-40,0,14.64
fold2_room1_mix1715,77,5,0,-167,0,45.49
fold2_room1_mix1715,78,5,0,-5,0,80.03
fold2_room1_mix1715,78,5,0,-43,0,14.54
fold2_room1_mix1715,78,5,0,-169,0,49.08
fold2_room1_mix1715,79,5,0,-5,0,82.94
fold2_room1_mix1715,79,5,0,-39,0,14.14
fold2_room1_mix1715,79,5,0,-169,0,50.67
fold2_room1_mix1715,80,5,0,-4,0,79.32
fold2_room1_mix1715,80,5,0,-44,0,14.59
fold2_room1_mix1715,80,5,0,-172,0,50.98
fold2_room1_mix1715,81,5,0,-5,0,79.07
fold2_room1_mix1715,81,5,0,-44,0,13.55
fold2_room1_mix1715,81,5,0,-173,0,53.99
fold2_room1_mix1715,82,5,0,-5,0,76.77
fold2_room1_mix1715,82,5,0,-48,0,12.78
fold2_room1_mix1715,82,5,0,-171,0,50.73
fold2_room1_mix1715,83,5,0,-5,0,76.33
fold2_room1_mix1715,83,5,0,-39,0,14.05
fold2_room1_mix1715,83,5,0,-169,0,45.54
fold2_room1_mix1715,84,5,0,-5,0,78.63
fold2_room1_mix1715,84,5,0,-36,0,14.60
fold2_room1_mix1715,84,5,0,-168,0,42.03
fold2_room1_mix1715,85,5,0,-6,0,92.68
fold2_room1_mix1715,85,5,0,-26,0,18.81
fold2_room1_mix1715,85,5,0,-166,0,35.86
fold2_room1_mix1715,86,5,0,-5,0,92.28
fold2_room1_mix1715,86,5,0,-24,0,20.97
fold2_room1_mix1715,86,5,0,-161,0,29.12
fold2_room1_mix1715,87,5,0,-4,0,95.68
fold2_room1_mix1715,87,5,0,-22,0,21.77
fold2_room1_mix1715,87,5,0,-158,0,28.48
fold2_room1_mix1715,88,5,0,-4,0,96.59
fold2_room1_mix1715,88,5,0,-20,0,25.14
fold2_room1_mix1715,88,5,0,-145,0,19.69
fold2_room1_mix1715,89,5,0,-7,0,89.06
fold2_room1_mix1715,89,5,0,-27,0,19.75
fold2_room1_mix1715,89,5,0,-162,0,34.01
fold2_room1_mix1715,90,5,0,-5,0,92.42
fold2_room1_mix1715,90,5,0,-26,0,21.28
fold2_room1_mix1715,90,5,0,-163,0,32.68
fold2_room1_mix1715,91,5,0,-5,0,96.17
fold2_room1_mix1715,91,5,0,-24,0,23.43
fold2_room1_mix1715,91,5,0,-164,0,32.23
fold2_room1_mix1715,92,5,0,-12,0,69.44
fold2_room1_mix1715,92,5,0,-161,0,26.28
fold2_room1_mix1715,93,5,0,-4,0,98.52
fold2_room1_mix1715,93,5,0,-20,0,24.42
fold2_room1_mix1715,93,5,0,-166,0,32.16
fold2_room1_mix1715,94,5,0,-10,0,62.55
fold2_room1_mix1715,94,5,0,-156,0,22.01
fold2_room1_mix1715,95,5,0,-10,0,64.79
fold2_room1_mix1715,95,5,0,-149,0,19.19
fold2_room1_mix1715,96,5,0,-10,0,66.00
fold2_room1_mix1715,96,5,0,-155,0,21.24
fold2_room1_mix1715,97,5,0,-9,0,67.26
fold2_room1_mix1715,97,5,0,-146,0,15.01
fold2_room1_mix1715,98,5,0,-9,0,68.36
fold2_room1_mix1715,98,5,0,-134,0,13.32
fold2_room1_mix1715,99,5,0,-9,0,67.27
fold2_room1_mix1715,99,5,0,-140,0,15.15
fold2_room1_mix1731,1,1,0,112,-1,8.39
fold2_room1_mix1731,2,7,0,-2,0,3.94
fold2_room1_mix1731,3,7,0,-2,0,8.23
fold2_room1_mix1731,4,5,0,4,0,4.63
fold2_room1_mix1731,5,5,0,3,0,6.22
fold2_room1_mix1731,6,5,0,-4,0,34.16
fold2_room1_mix1731,7,5,0,-2,0,51.29
fold2_room1_mix1731,8,5,0,-2,0,72.51
fold2_room1_mix1731,9,5,0,-3,0,91.08
fold2_room1_mix1731,10,5,0,-3,0,99.02
fold2_room1_mix1731,11,5,0,-3,0,84.23
fold2_room1_mix1731,12,5,0,-2,0,84.88
fold2_room1_mix1731,13,5,0,-3,0,88.22
fold2_room1_mix1731,14,5,0,-3,0,87.32
fold2_room1_mix1731,15,5,0,-3,0,97.77
fold2_room1_mix1731,16,5,0,-4,0,90.98
fold2_room1_mix1731,17,5,0,-4,0,99.85
fold2_room1_mix1731,18,5,0,-4,0,97.17
fold2_room1_mix1731,19,5,0,-3,0,102.90
fold2_room1_mix1731,20,5,0,-4,0,102.04
fold2_room1_mix1731,21,5,0,-3,0,110.81
fold2_room1_mix1731,22,5,0,-4,0,100.96
fold2_room1_mix1731,23,5,0,-4,0,107.98
fold2_room1_mix1731,24,5,0,-4,0,105.43
fold2_room1_mix1731,25,5,0,-5,0,115.87
fold2_room1_mix1731,26,5,0,-5,0,108.35
fold2_room1_mix1731,27,5,0,-7,0,93.02
fold2_room1_mix1731,28,5,0,-8,0,86.87
fold2_room1_mix1731,29,5,0,-9,0,78.48
fold2_room1_mix1731,30,5,0,-10,1,70.32
fold2_room1_mix1731,31,5,0,-11,1,77.30
fold2_room1_mix1731,32,5,0,-12,1,72.21
fold2_room1_mix1731,33,5,0,-12,0,72.17
fold2_room1_mix1731,34,5,0,-12,0,76.95
fold2_room1_mix1731,35,5,0,-9,0,86.07
fold2_room1_mix1731,35,5,0,-26,0,18.17
fold2_room1_mix1731,36,5,0,-11,0,83.76
fold2_room1_mix1731,36,5,0,-28,0,17.95
fold2_room1_mix1731,37,5,0,-10,0,82.26
fold2_room1_mix1731,37,5,0,-40,0,14.56
fold2_room1_mix1731,38,5,0,-12,0,70.31
fold2_room1_mix1731,38,5,0,-46,0,12.73
fold2_room1_mix1731,39,5,0,-11,0,83.66
fold2_room1_mix1731,39,5,0,-57,0,11.48
fold2_room1_mix1731,40,5,0,-14,0,73.86
fold2_room1_mix1731,40,5,0,-71,0,10.83
fold2_room1_mix1731,41,5,0,-9,0,88.21
fold2_room1_mix1731,41,5,0,-88,0,10.30
fold2_room1_mix1731,42,5,0,-10,0,83.31
fold2_room1_mix1731,42,5,0,-101,0,10.53
fold2_room1_mix1731,43,5,0,-10,0,77.83
fold2_room1_mix1731,43,5,0,-113,0,10.53
fold2_room1_mix1731,44,5,0,-10,0,76.20
fold2_room1_mix1731,44,5,0,-125,0,12.23
fold2_room1_mix1731,45,5,0,-8,0,81.37
fold2_room1_mix1731,45,5,0,-134,0,14.60
fold2_room1_mix1731,46,5,0,-9,0,78.55
fold2_room1_mix1731,46,5,0,-137,0,15.25
fold2_room1_mix1731,47,5,0,-11,0,64.41
fold2_room1_mix1731,47,5,0,-143,0,17.60
fold2_room1_mix1731,48,5,0,-12,0,63.98
fold2_room1_mix1731,48,5,0,-144,0,17.55
fold2_room1_mix1731,49,5,0,-12,0,64.24
fold2_room1_mix1731,49,5,0,-151,0,20.18
fold2_room1_mix1731,50,5,0,-13,0,57.47
fold2_room1_mix1731,50,5,0,-150,0,19.08
fold2_room1_mix1731,51,5,0,-11,0,67.23
fold2_room1_mix1731,51,5,0,-155,0,23.26
fold2_room1_mix1731,52,5,0,-14,0,58.14
fold2_room1_mix1731,52,5,0,-157,0,25.86
fold2_room1_mix1731,53,5,0,-15,0,56.67
fold2_room1_mix1731,53,5,0,-157,0,29.10
fold2_room1_mix1731,54,5,0,-13,0,61.68
fold2_room1_mix1731,54,5,0,-158,0,29.94
fold2_room1_mix1731,55,5,0,-13,0,58.89
fold2_room1_mix1731,55,5,0,-158,0,30.80
fold2_room1_mix1731,56,5,0,-8,0,72.59
fold2_room1_mix1731,56,5,0,-26,0,23.27
fold2_room1_mix1731,56,5,0,-159,0,29.26
fold2_room1_mix1731,57,5,0,-6,0,80.35
fold2_room1_mix1731,57,5,0,-27,0,22.88
fold2_room1_mix1731,57,5,0,-161,0,37.11
fold2_room1_mix1731,58,5,0,-7,0,70.52
fold2_room1_mix1731,58,5,0,-32,0,19.69
fold2_room1_mix1731,58,5,0,-162,0,37.13
fold2_room1_mix1731,59,5,0,-10,0,55.92
fold2_room1_mix1731,59,5,0,-43,0,15.43
fold2_room1_mix1731,59,5,0,-163,0,37.36
fold2_room1_mix1731,60,5,0,-8,0,67.40
fold2_room1_mix1731,60,5,0,-39,0,18.59
fold2_room1_mix1731,60,5,0,-163,0,38.05
fold2_room1_mix1731,61,5,0,-8,0,70.51
fold2_room1_mix1731,61,5,0,-42,0,18.22
fold2_room1_mix1731,61,5,0,-164,0,42.34
fold2_room1_mix1731,62,5,0,-10,0,63.73
fold2_room1_mix1731,62,5,0,-45,0,17.20
fold2_room1_mix1731,62,5,0,-163,0,40.71
fold2_room1_mix1731,63,5,0,-8,0,72.15
fold2_room1_mix1731,63,5,0,-42,0,18.08
fold2_room1_mix1731,63,5,0,-165,0,45.49
fold2_room1_mix1731,64,5,0,-9,0,75.95
fold2_room1_mix1731,64,5,0,-39,0,20.32
fold2_room1_mix1731,64,5,0,-164,0,45.83
fold2_room1_mix1731,65,5,0,-7,0,86.81
fold2_room1_mix1731,65,5,0,-31,0,22.06
fold2_room1_mix1731,65,5,0,-164,0,44.98
fold2_room1_mix1731,66,5,0,-8,0,71.97
fold2_room1_mix1731,66,5,0,-38,0,18.37
fold2_room1_mix1731,66,5,0,-166,0,44.79
fold2_room1_mix1731,67,5,0,-8,0,69.42
fold2_room1_mix1731,67,5,0,-58,0,15.24
fold2_room1_mix1731,67,5,0,-168,0,59.09
fold2_room1_mix1731,68,5,0,-8,0,71.50
fold2_room1_mix1731,68,5,0,-45,0,16.32
fold2_room1_mix1731,68,5,0,-169,0,55.15
fold2_room1_mix1731,69,5,0,-10,0,62.36
fold2_room1_mix1731,69,5,0,-59,0,14.24
fold2_room1_mix1731,69,5,0,-168,0,56.12
fold2_room1_mix1731,70,5,0,-12,0,52.93
fold2_room1_mix1731,70,5,0,-87,0,13.06
fold2_room1_mix1731,70,5,0,-169,0,60.65
fold2_room1_mix1731,71,5,0,-10,0,55.70
fold2_room1_mix1731,71,5,0,-92,0,12.04
fold2_room1_mix1731,71,5,0,-170,0,62.97
fold2_room1_mix1731,72,5,0,-11,0,57.85
fold2_room1_mix1731,72,5,0,-78,0,13.32
fold2_room1_mix1731,72,5,0,-169,0,58.87
fold2_room1_mix1731,73,5,0,-9,0,59.63
fold2_room1_mix1731,73,5,0,-83,0,12.17
fold2_room1_mix1731,73,5,0,-170,0,61.91
fold2_room1_mix1731,74,5,0,-8,0,61.66
fold2_room1_mix1731,74,5,0,-78,0,13.58
fold2_room1_mix1731,74,5,0,-169,0,59.86
fold2_room1_mix1731,75,5,0,-9,0,59.67
fold2_room1_mix1731,75,5,0,-103,0,13.24
fold2_room1_mix1731,75,5,0,-170,0,67.00
fold2_room1_mix1731,76,5,0,-9,0,54.25
fold2_room1_mix1731,76,5,0,-114,0,13.32
fold2_room1_mix1731,76,5,0,-170,0,67.87
fold2_room1_mix1731,77,5,0,-10,0,53.63
fold2_room1_mix1731,77,5,0,-126,0,14.79
fold2_room1_mix1731,77,5,0,-171,0,76.01
fold2_room1_mix1731,78,5,0,-8,0,62.52
fold2_room1_mix1731,78,5,0,-91,0,13.87
fold2_room1_mix1731,78,5,0,-170,0,68.61
fold2_room1_mix1731,79,5,0,-13,0,47.02
fold2_room1_mix1731,79,5,0,-131,0,15.52
fold2_room1_mix1731,79,5,0,-170,0,73.94
fold2_room1_mix1731,80,5,0,-14,0,44.45
fold2_room1_mix1731,80,5,0,-131,0,15.30
fold2_room1_mix1731,80,5,0,-170,0,71.03
fold2_room1_mix1731,81,5,0,-15,0,45.81
fold2_room1_mix1731,81,5,0,-135,0,16.98
fold2_room1_mix1731,81,5,0,-170,0,78.71
fold2_room1_mix1731,82,5,0,-15,0,44.15
fold2_room1_mix1731,82,5,0,-133,0,16.19
fold2_room1_mix1731,82,5,0,-170,0,73.41
fold2_room1_mix1731,83,5,0,-15,0,41.71
fold2_room1_mix1731,83,5,0,-142,0,19.52
fold2_room1_mix1731,83,5,0,-171,0,80.63
fold2_room1_mix1731,84,5,0,-11,0,55.46
fold2_room1_mix1731,84,5,0,-122,0,15.12
fold2_room1_mix1731,84,5,0,-171,0,73.21
fold2_room1_mix1731,85,5,0,-9,0,59.00
fold2_room1_mix1731,85,5,0,-127,0,15.91
fold2_room1_mix1731,85,5,0,-171,0,76.02
fold2_room1_mix1731,86,5,0,-9,0,57.24
fold2_room1_mix1731,86,5,0,-120,0,14.27
fold2_room1_mix1731,86,5,0,-171,0,73.42
fold2_room1_mix1731,87,5,0,-8,0,57.95
fold2_room1_mix1731,87,5,0,-119,0,15.06
fold2_room1_mix1731,87,5,0,-170,0,68.39
fold2_room1_mix1731,88,5,0,-10,0,53.90
fold2_room1_mix1731,88,5,0,-117,0,14.69
fold2_room1_mix1731,88,5,0,-170,0,70.81
fold2_room1_mix1731,89,5,0,-10,0,53.20
fold2_room1_mix1731,89,5,0,-129,0,15.45
fold2_room1_mix1731,89,5,0,-171,0,76.25
fold2_room1_mix1731,90,5,0,-11,0,52.49
fold2_room1_mix1731,90,5,0,-120,0,14.95
fold2_room1_mix1731,90,5,0,-169,0,70.44
fold2_room1_mix1731,91,5,0,-11,0,55.37
fold2_room1_mix1731,91,5,0,-117,0,15.55
fold2_room1_mix1731,91,5,0,-170,0,72.19
fold2_room1_mix1731,92,5,0,-12,0,51.21
fold2_room1_mix1731,92,5,0,-122,0,15.15
fold2_room1_mix1731,92,5,0,-170,0,74.11
fold2_room1_mix1731,93,5,0,-13,0,52.67
fold2_room1_mix1731,93,5,0,-133,0,17.82
fold2_room1_mix1731,93,5,0,-171,0,87.30
fold2_room1_mix1731,94,5,0,-16,0,47.47
fold2_room1_mix1731,94,5,0,-140,0,20.09
fold2_room1_mix1731,94,5,0,-171,0,88.81
fold2_room1_mix1731,95,5,0,-19,0,37.18
fold2_room1_mix1731,95,5,0,-149,0,23.08
fold2_room1_mix1731,95,5,0,-171,0,89.49
fold2_room1_mix1731,96,5,0,-15,0,48.15
fold2_room1_mix1731,96,5,0,-136,0,19.11
fold2_room1_mix1731,96,5,0,-171,0,85.28
fold2_room1_mix1731,97,5,0,-17,0,41.33
fold2_room1_mix1731,97,5,0,-147,0,22.29
fold2_room1_mix1731,97,5,0,-172,0,90.75
fold2_room1_mix1731,98,5,0,-18,0,35.10
fold2_room1_mix1731,98,5,0,-151,0,24.17
fold2_room1_mix1731,98,5,0,-171,0,88.43
fold2_room1_mix1731,99,5,0,-19,0,31.41
fold2_room1_mix1731,99,5,0,-152,0,24.83
fold2_room1_mix1731,99,5,0,-172,0,88.37
fold2_room1_mix1744,1,1,0,110,-2,3.62
fold2_room1_mix1744,4,5,0,-2,0,16.93
fold2_room1_mix1744,5,5,0,-1,0,37.97
fold2_room1_mix1744,6,5,0,-3,0,44.27
fold2_room1_mix1744,7,5,0,-3,0,101.51
fold2_room1_mix1744,8,5,0,-3,0,113.08
fold2_room1_mix1744,9,5,0,-3,0,121.20
fold2_room1_mix1744,10,5,0,-3,0,110.80
fold2_room1_mix1744,11,5,0,-3,0,112.59
fold2_room1_mix1744,12,5,0,-3,0,111.33
fold2_room1_mix1744,13,5,0,-3,0,114.07
fold2_room1_mix1744,14,5,0,-3,0,115.62
fold2_room1_mix1744,15,5,0,-2,0,112.39
fold2_room1_mix1744,16,5,0,-3,0,115.69
fold2_room1_mix1744,17,5,0,-4,0,115.16
fold2_room1_mix1744,18,5,0,-4,0,114.11
fold2_room1_mix1744,19,5,0,-3,0,118.82
fold2_room1_mix1744,20,5,0,-4,0,116.96
fold2_room1_mix1744,21,5,0,-4,0,117.47
fold2_room1_mix1744,22,5,0,-4,0,119.91
fold2_room1_mix1744,23,5,0,-3,0,115.73
fold2_room1_mix1744,24,5,0,-5,0,119.42
fold2_room1_mix1744,25,5,0,-5,0,123.49
fold2_room1_mix1744,26,5,0,-4,0,117.99
fold2_room1_mix1744,27,5,0,-4,0,121.71
fold2_room1_mix1744,28,5,0,-5,0,120.39
fold2_room1_mix1744,29,5,0,-5,0,121.82
fold2_room1_mix1744,30,5,0,-5,0,120.05
fold2_room1_mix1744,31,5,0,-5,0,124.32
fold2_room1_mix1744,32,5,0,-5,0,119.29
fold2_room1_mix1744,33,5,0,-6,0,119.71
fold2_room1_mix1744,34,5,0,-6,0,115.40
fold2_room1_mix1744,35,5,0,-7,0,109.23
fold2_room1_mix1744,36,5,0,-8,0,98.82
fold2_room1_mix1744,37,5,0,-8,0,102.82
fold2_room1_mix1744,38,5,0,-8,0,99.97
fold2_room1_mix1744,39,5,0,-8,0,104.21
fold2_room1_mix1744,40,5,0,-9,0,99.43
fold2_room1_mix1744,41,5,0,-9,0,92.06
fold2_room1_mix1744,42,5,0,-10,0,92.11
fold2_room1_mix1744,43,5,0,-11,0,86.32
fold2_room1_mix1744,44,5,0,-12,0,82.42
fold2_room1_mix1744,45,5,0,-7,0,110.49
fold2_room1_mix1744,45,5,0,-25,0,20.81
fold2_room1_mix1744,46,5,0,-7,0,110.73
fold2_room1_mix1744,46,5,0,-26,0,19.81
fold2_room1_mix1744,47,5,0,-7,0,102.45
fold2_room1_mix1744,47,5,0,-34,0,16.11
fold2_room1_mix1744,48,5,0,-7,0,102.38
fold2_room1_mix1744,48,5,0,-46,0,14.09
fold2_room1_mix1744,49,5,0,-8,0,87.77
fold2_room1_mix1744,49,5,0,-46,0,12.43
fold2_room1_mix1744,50,5,0,-8,0,86.89
fold2_room1_mix1744,50,5,0,-52,0,11.23
fold2_room1_mix1744,51,5,0,-9,0,73.99
fold2_room1_mix1744,51,5,0,-63,0,9.38
fold2_room1_mix1744,52,5,0,-9,0,67.63
fold2_room1_mix1744,52,5,0,-77,0,8.97
fold2_room1_mix1744,53,5,0,-11,0,68.28
fold2_room1_mix1744,53,5,0,-88,0,9.80
fold2_room1_mix1744,54,5,0,-13,0,55.28
fold2_room1_mix1744,54,5,0,-93,0,9.15
fold2_room1_mix1744,55,5,0,-12,0,63.57
fold2_room1_mix1744,55,5,0,-115,0,10.12
fold2_room1_mix1744,56,5,0,-12,0,57.24
fold2_room1_mix1744,56,5,0,-124,0,10.22
fold2_room1_mix1744,57,5,0,-10,0,63.10
fold2_room1_mix1744,57,5,0,-130,0,11.25
fold2_room1_mix1744,58,5,0,-10,0,62.32
fold2_room1_mix1744,58,5,0,-135,0,11.92
fold2_room1_mix1744,59,5,0,-10,0,58.70
fold2_room1_mix1744,59,5,0,-140,0,13.59
fold2_room1_mix1744,60,5,0,-11,0,53.87
fold2_room1_mix1744,60,5,0,-141,0,13.75
fold2_room1_mix1744,61,5,0,-11,0,56.69
fold2_room1_mix1744,61,5,0,-148,0,15.86
fold2_room1_mix1744,62,5,0,-14,0,49.62
fold2_room1_mix1744,62,5,0,-150,0,18.35
fold2_room1_mix1744,63,5,0,-14,0,47.03
fold2_room1_mix1744,63,5,0,-154,0,19.00
fold2_room1_mix1744,64,5,0,-15,0,47.76
fold2_room1_mix1744,64,5,0,-154,0,20.45
fold2_room1_mix1744,65,5,0,-11,0,61.34
fold2_room1_mix1744,65,5,0,-28,0,24.73
fold2_room1_mix1744,65,5,0,-158,0,25.81
fold2_room1_mix1744,66,5,0,-14,0,43.66
fold2_room1_mix1744,66,5,0,-40,0,16.94
fold2_room1_mix1744,66,5,0,-158,0,25.58
fold2_room1_mix1744,67,5,0,-11,0,50.52
fold2_room1_mix1744,67,5,0,-33,0,19.29
fold2_room1_mix1744,67,5,0,-157,0,25.51
fold2_room1_mix1744,68,5,0,-13,0,44.62
fold2_room1_mix1744,68,5,0,-50,0,15.51
fold2_room1_mix1744,68,5,0,-161,0,33.37
fold2_room1_mix1744,69,5,0,-14,0,40.30
fold2_room1_mix1744,69,5,0,-72,0,13.48
fold2_room1_mix1744,69,5,0,-162,0,36.76
fold2_room1_mix1744,70,5,0,-16,0,29.31
fold2_room1_mix1744,70,5,0,-95,0,10.35
fold2_room1_mix1744,70,5,0,-164,0,34.79
fold2_room1_mix1744,71,5,0,-14,0,37.97
fold2_room1_mix1744,71,5,0,-81,0,12.32
fold2_room1_mix1744,71,5,0,-165,0,41.13
fold2_room1_mix1744,72,5,0,-14,0,38.39
fold2_room1_mix1744,72,5,0,-77,0,12.46
fold2_room1_mix1744,72,5,0,-165,0,39.77
fold2_room1_mix1744,73,5,0,-16,0,33.07
fold2_room1_mix1744,73,5,0,-98,0,11.03
fold2_room1_mix1744,73,5,0,-165,0,39.70
fold2_room1_mix1744,74,5,0,-16,0,31.74
fold2_room1_mix1744,74,5,0,-95,0,10.50
fold2_room1_mix1744,74,5,0,-165,0,38.53
fold2_room1_mix1744,75,5,0,-17,0,34.04
fold2_room1_mix1744,75,5,0,-110,0,12.08
fold2_room1_mix1744,75,5,0,-166,0,46.50
fold2_room1_mix1744,76,5,0,-16,0,34.63
fold2_room1_mix1744,76,5,0,-97,0,11.10
fold2_room1_mix1744,76,5,0,-166,0,44.46
fold2_room1_mix1744,77,5,0,-20,0,28.38
fold2_room1_mix1744,77,5,0,-108,0,9.59
fold2_room1_mix1744,77,5,0,-164,0,40.37
fold2_room1_mix1744,78,5,0,-23,0,27.61
fold2_room1_mix1744,78,5,0,-118,0,11.52
fold2_room1_mix1744,78,5,0,-165,0,45.70
fold2_room1_mix1744,79,5,0,-17,0,33.43
fold2_room1_mix1744,79,5,0,-117,0,12.17
fold2_room1_mix1744,79,5,0,-167,0,49.75
fold2_room1_mix1744,80,5,0,-20,0,28.57
fold2_room1_mix1744,80,5,0,-126,0,12.19
fold2_room1_mix1744,80,5,0,-167,0,46.35
fold2_room1_mix1744,81,5,0,-24,0,25.43
fold2_room1_mix1744,81,5,0,-138,0,16.43
fold2_room1_mix1744,81,5,0,-168,0,56.23
fold2_room1_mix1744,82,5,0,-25,0,22.84
fold2_room1_mix1744,82,5,0,-142,0,17.43
fold2_room1_mix1744,82,5,0,-169,0,56.84
fold2_room1_mix1744,83,5,0,-32,0,18.55
fold2_room1_mix1744,83,5,0,-147,0,19.40
fold2_room1_mix1744,83,5,0,-169,0,56.78
fold2_room1_mix1744,84,5,0,-49,0,13.50
fold2_room1_mix1744,84,5,0,-152,0,22.11
fold2_room1_mix1744,84,5,0,-170,0,61.82
fold2_room1_mix1744,85,5,0,-54,0,12.39
fold2_room1_mix1744,85,5,0,-154,0,22.71
fold2_room1_mix1744,85,5,0,-171,0,62.70
fold2_room1_mix1744,86,5,0,-60,0,11.50
fold2_room1_mix1744,86,5,0,-163,0,45.29
fold2_room1_mix1744,87,5,0,-72,0,10.82
fold2_room1_mix1744,87,5,0,-164,0,50.82
fold2_room1_mix1744,88,5,0,-76,0,10.11
fold2_room1_mix1744,88,5,0,-164,0,48.61
fold2_room1_mix1744,89,5,0,-95,0,9.66
fold2_room1_mix1744,89,5,0,-165,0,53.89
fold2_room1_mix1744,90,5,0,-98,0,10.34
fold2_room1_mix1744,90,5,0,-165,0,55.23
fold2_room1_mix1744,91,5,0,-107,0,10.84
fold2_room1_mix1744,91,5,0,-166,0,58.59
fold2_room1_mix1744,92,5,0,-118,0,11.99
fold2_room1_mix1744,92,5,0,-166,0,59.26
fold2_room1_mix1744,93,5,0,-123,0,13.25
fold2_room1_mix1744,93,5,0,-166,0,62.62
fold2_room1_mix1744,94,5,0,-129,0,13.84
fold2_room1_mix1744,94,5,0,-167,0,63.96
fold2_room1_mix1744,95,5,0,-136,0,15.09
fold2_room1_mix1744,95,5,0,-167,0,61.92
fold2_room1_mix1744,96,5,0,-138,0,16.16
fold2_room1_mix1744,96,5,0,-167,0,63.36
fold2_room1_mix1744,97,5,0,-142,0,18.60
fold2_room1_mix1744,97,5,0,-168,0,69.64
fold2_room1_mix1744,98,5,0,-148,0,22.32
fold2_room1_mix1744,98,5,0,-168,0,68.39
fold2_room1_mix1744,99,5,0,-162,0,56.30
fold2_room1_mix1772,3,5,0,4,1,4.37
fold2_room1_mix1772,4,5,0,5,0,26.30
fold2_room1_mix1772,5,5,0,4,0,44.46
fold2_room1_mix1772,6,5,0,3,0,66.33
fold2_room1_mix1772,7,5,0,5,0,98.76
fold2_room1_mix1772,8,5,0,4,0,103.92
fold2_room1_mix1772,9,5,0,3,0,111.59
fold2_room1_mix1772,10,5,0,4,0,107.83
fold2_room1_mix1772,11,5,0,5,0,109.55
fold2_room1_mix1772,12,5,0,5,0,112.67
fold2_room1_mix1772,13,5,0,5,0,112.03
fold2_room1_mix1772,14,5,0,4,0,113.44
fold2_room1_mix1772,15,5,0,5,0,110.97
fold2_room1_mix1772,16,5,0,5,0,110.32
fold2_room1_mix1772,17,5,0,4,0,111.02
fold2_room1_mix1772,18,5,0,4,0,109.49
fold2_room1_mix1772,19,5,0,6,0,100.68
fold2_room1_mix1772,20,5,0,7,0,98.43
fold2_room1_mix1772,21,5,0,5,0,101.02
fold2_room1_mix1772,22,5,0,5,0,100.87
fold2_room1_mix1772,23,5,0,6,0,101.44
fold2_room1_mix1772,24,5,0,6,0,95.67
fold2_room1_mix1772,25,5,0,7,0,95.37
fold2_room1_mix1772,26,5,0,6,0,94.39
fold2_room1_mix1772,27,5,0,6,0,100.60
fold2_room1_mix1772,28,5,0,6,0,96.05
fold2_room1_mix1772,29,5,0,7,0,98.20
fold2_room1_mix1772,30,5,0,7,0,91.46
fold2_room1_mix1772,31,5,0,8,0,86.09
fold2_room1_mix1772,32,5,0,8,0,88.17
fold2_room1_mix1772,33,5,0,3,0,107.61
fold2_room1_mix1772,33,5,0,19,0,31.90
fold2_room1_mix1772,34,5,0,8,0,81.16
fold2_room1_mix1772,35,5,0,4,0,111.15
fold2_room1_mix1772,35,5,0,20,0,34.07
fold2_room1_mix1772,36,5,0,4,0,109.51
fold2_room1_mix1772,36,5,0,20,0,27.06
fold2_room1_mix1772,37,5,0,4,0,110.28
fold2_room1_mix1772,37,5,0,21,0,23.87
fold2_room1_mix1772,38,5,0,4,0,109.73
fold2_room1_mix1772,38,5,0,24,0,20.78
fold2_room1_mix1772,39,5,0,5,0,95.77
fold2_room1_mix1772,39,5,0,29,0,17.02
fold2_room1_mix1772,40,5,0,5,0,92.95
fold2_room1_mix1772,40,5,0,35,0,14.46
fold2_room1_mix1772,41,5,0,5,0,86.26
fold2_room1_mix1772,41,5,0,38,0,13.30
fold2_room1_mix1772,42,5,0,5,0,87.64
fold2_room1_mix1772,42,5,0,42,0,12.31
fold2_room1_mix1772,43,5,0,6,0,82.08
fold2_room1_mix1772,43,5,0,47,0,11.23
fold2_room1_mix1772,44,5,0,6,0,84.69
fold2_room1_mix1772,44,5,0,52,0,10.03
fold2_room1_mix1772,45,5,0,6,0,81.36
fold2_room1_mix1772,45,5,0,68,0,8.45
fold2_room1_mix1772,46,5,0,6,0,74.47
fold2_room1_mix1772,46,5,0,82,0,7.36
fold2_room1_mix1772,47,5,0,7,0,68.84
fold2_room1_mix1772,47,5,0,87,0,7.19
fold2_room1_mix1772,48,5,0,8,0,68.08
fold2_room1_mix1772,48,5,0,109,0,7.81
fold2_room1_mix1772,49,5,0,8,0,67.63
fold2_room1_mix1772,49,5,0,119,0,8.27
fold2_room1_mix1772,50,5,0,8,0,68.27
fold2_room1_mix1772,50,5,0,126,0,9.01
fold2_room1_mix1772,51,5,0,7,0,76.91
fold2_room1_mix1772,51,5,0,132,0,10.95
fold2_room1_mix1772,52,5,0,8,0,69.84
fold2_room1_mix1772,52,5,0,138,0,11.85
fold2_room1_mix1772,53,5,0,8,0,66.22
fold2_room1_mix1772,53,5,0,143,0,12.64
fold2_room1_mix1772,54,5,0,9,0,61.82
fold2_room1_mix1772,54,5,0,146,0,14.91
fold2_room1_mix1772,55,5,0,10,0,57.34
fold2_room1_mix1772,55,5,0,154,0,18.10
fold2_room1_mix1772,56,5,0,9,0,56.92
fold2_room1_mix1772,56,5,0,156,0,17.92
fold2_room1_mix1772,57,5,0,10,0,57.46
fold2_room1_mix1772,57,5,0,158,0,20.02
fold2_room1_mix1772,58,5,0,11,0,52.34
fold2_room1_mix1772,58,5,0,160,0,22.03
fold2_room1_mix1772,59,5,0,10,0,51.92
fold2_room1_mix1772,59,5,0,160,0,22.23
fold2_room1_mix1772,60,5,0,13,0,44.85
fold2_room1_mix1772,60,5,0,161,0,23.13
fold2_room1_mix1772,61,5,0,12,0,46.26
fold2_room1_mix1772,61,5,0,163,0,25.77
fold2_room1_mix1772,62,5,0,12,0,51.72
fold2_room1_mix1772,62,5,0,161,0,26.06
fold2_room1_mix1772,63,5,0,8,0,49.85
fold2_room1_mix1772,63,5,0,33,0,15.64
fold2_room1_mix1772,63,5,0,163,0,28.59
fold2_room1_mix1772,64,5,0,8,0,45.72
fold2_room1_mix1772,64,5,0,39,0,13.26
fold2_room1_mix1772,64,5,0,166,0,32.73
fold2_room1_mix1772,65,5,0,10,0,37.17
fold2_room1_mix1772,65,5,0,60,0,10.73
fold2_room1_mix1772,65,5,0,166,0,35.42
fold2_room1_mix1772,66,5,0,9,0,47.67
fold2_room1_mix1772,66,5,0,38,0,13.64
fold2_room1_mix1772,66,5,0,165,0,33.06
fold2_room1_mix1772,67,5,0,11,0,43.02
fold2_room1_mix1772,67,5,0,49,0,11.05
fold2_room1_mix1772,67,5,0,165,0,37.35
fold2_room1_mix1772,68,5,0,12,0,41.45
fold2_room1_mix1772,68,5,0,67,0,10.61
fold2_room1_mix1772,68,5,0,167,0,43.52
fold2_room1_mix1772,69,5,0,12,0,39.32
fold2_room1_mix1772,69,5,0,79,0,9.35
fold2_room1_mix1772,69,5,0,167,0,43.03
fold2_room1_mix1772,70,5,0,12,0,39.15
fold2_room1_mix1772,70,5,0,77,0,8.51
fold2_room1_mix1772,70,5,0,167,0,43.15
fold2_room1_mix1772,71,5,0,15,0,34.28
fold2_room1_mix1772,71,5,0,107,0,8.26
fold2_room1_mix1772,71,5,0,168,0,44.61
fold2_room1_mix1772,72,5,0,17,0,31.30
fold2_room1_mix1772,72,5,0,108,0,8.35
fold2_room1_mix1772,72,5,0,167,0,41.79
fold2_room1_mix1772,73,5,0,16,0,29.92
fold2_room1_mix1772,73,5,0,127,0,9.29
fold2_room1_mix1772,73,5,0,169,0,45.96
fold2_room1_mix1772,74,5,0,17,0,29.50
fold2_room1_mix1772,74,5,0,132,0,11.53
fold2_room1_mix1772,74,5,0,170,0,50.10
fold2_room1_mix1772,75,5,0,19,0,24.95
fold2_room1_mix1772,75,5,0,139,0,13.15
fold2_room1_mix1772,75,5,0,170,0,52.30
fold2_room1_mix1772,76,5,0,17,0,26.40
fold2_room1_mix1772,76,5,0,133,0,11.39
fold2_room1_mix1772,76,5,0,170,0,49.61
fold2_room1_mix1772,77,5,0,28,0,16.70
fold2_room1_mix1772,77,5,0,149,0,17.58
fold2_room1_mix1772,77,5,0,172,0,57.39
fold2_room1_mix1772,78,5,0,35,0,14.11
fold2_room1_mix1772,78,5,0,150,0,17.37
fold2_room1_mix1772,78,5,0,170,0,55.38
fold2_room1_mix1772,79,5,0,40,0,10.96
fold2_room1_mix1772,79,5,0,152,0,16.83
fold2_room1_mix1772,79,5,0,171,0,54.44
fold2_room1_mix1772,80,5,0,51,0,9.57
fold2_room1_mix1772,80,5,0,154,0,17.93
fold2_room1_mix1772,80,5,0,171,0,56.38
fold2_room1_mix1772,81,5,0,61,0,8.90
fold2_room1_mix1772,81,5,0,166,0,48.00
fold2_room1_mix1772,82,5,0,75,0,7.08
fold2_room1_mix1772,82,5,0,166,0,39.95
fold2_room1_mix1772,83,5,0,93,0,6.43
fold2_room1_mix1772,83,5,0,168,0,45.81
fold2_room1_mix1772,84,5,0,99,0,8.09
fold2_room1_mix1772,84,5,0,168,0,52.80
fold2_room1_mix1772,85,5,0,113,0,7.51
fold2_room1_mix1772,85,5,0,168,0,49.83
fold2_room1_mix1772,86,5,0,123,0,8.01
fold2_room1_mix1772,86,5,0,168,0,50.97
fold2_room1_mix1772,87,5,0,130,0,10.26
fold2_room1_mix1772,87,5,0,169,0,62.48
fold2_room1_mix1772,88,5,0,134,0,10.17
fold2_room1_mix1772,88,5,0,169,0,56.25
fold2_room1_mix1772,89,5,0,141,0,11.50
fold2_room1_mix1772,89,5,0,169,0,54.48
fold2_room1_mix1772,90,5,0,143,0,13.87
fold2_room1_mix1772,90,5,0,170,0,64.54
fold2_room1_mix1772,91,5,0,148,0,16.27
fold2_room1_mix1772,91,5,0,171,0,63.89
fold2_room1_mix1772,92,5,0,151,0,16.55
fold2_room1_mix1772,92,5,0,172,0,60.20
fold2_room1_mix1772,93,5,0,166,0,50.00
fold2_room1_mix1772,94,5,0,167,0,53.28
fold2_room1_mix1772,95,5,0,169,0,54.86
fold2_room1_mix1772,96,5,0,169,0,59.46
fold2_room1_mix1772,97,5,0,171,0,63.02
fold2_room1_mix1772,98,5,0,171,0,62.60
fold2_room1_mix1772,99,5,0,172,0,65.12
fold2_room1_mix1777,1,1,0,106,-2,7.41
fold2_room1_mix1777,2,1,0,104,-1,5.50
fold2_room1_mix1777,6,5,0,0,0,21.13
fold2_room1_mix1777,7,5,0,0,0,29.54
fold2_room1_mix1777,8,5,0,1,0,75.99
fold2_room1_mix1777,9,5,0,0,0,98.62
fold2_room1_mix1777,10,5,0,-1,0,98.79
fold2_room1_mix1777,11,5,0,-1,0,100.07
fold2_room1_mix1777,12,5,0,0,0,96.16
fold2_room1_mix1777,13,5,0,0,0,92.20
fold2_room1_mix1777,14,5,0,0,0,98.66
fold2_room1_mix1777,15,5,0,0,0,102.28
fold2_room1_mix1777,16,5,0,0,0,99.78
fold2_room1_mix1777,17,5,0,0,0,103.80
fold2_room1_mix1777,18,5,0,-1,0,103.92
fold2_room1_mix1777,19,5,0,-1,0,108.56
fold2_room1_mix1777,20,5,0,-2,0,107.40
fold2_room1_mix1777,21,5,0,-1,0,106.89
fold2_room1_mix1777,22,5,0,-1,0,109.64
fold2_room1_mix1777,23,5,0,-1,0,112.97
fold2_room1_mix1777,24,5,0,-2,0,105.57
fold2_room1_mix1777,25,5,0,-1,0,115.19
fold2_room1_mix1777,26,5,0,-2,0,108.08
fold2_room1_mix1777,27,5,0,-2,0,113.90
fold2_room1_mix1777,28,5,0,-3,0,114.92
fold2_room1_mix1777,29,5,0,-2,0,115.06
fold2_room1_mix1777,30,5,0,-2,0,116.23
fold2_room1_mix1777,31,5,0,-2,0,110.45
fold2_room1_mix1777,32,5,0,-3,0,121.09
fold2_room1_mix1777,33,5,0,-3,0,113.11
fold2_room1_mix1777,34,5,0,-3,0,114.87
fold2_room1_mix1777,35,5,0,-3,0,122.61
fold2_room1_mix1777,36,5,0,-3,0,123.87
fold2_room1_mix1777,37,5,0,-4,0,118.97
fold2_room1_mix1777,38,5,0,-5,0,113.10
fold2_room1_mix1777,39,5,0,-4,0,115.29
fold2_room1_mix1777,40,5,0,-5,0,114.34
fold2_room1_mix1777,41,5,0,-5,0,113.88
fold2_room1_mix1777,42,5,0,-5,0,115.64
fold2_room1_mix1777,43,5,0,-6,0,110.66
fold2_room1_mix1777,44,5,0,-8,0,91.34
fold2_room1_mix1777,45,5,0,-9,0,89.71
fold2_room1_mix1777,46,5,0,-10,0,91.89
fold2_room1_mix1777,47,5,0,-10,0,91.16
fold2_room1_mix1777,48,5,0,-11,0,83.67
fold2_room1_mix1777,49,5,0,-7,0,100.97
fold2_room1_mix1777,49,5,0,-29,0,17.41
fold2_room1_mix1777,50,5,0,-7,0,95.97
fold2_room1_mix1777,50,5,0,-38,0,14.50
fold2_room1_mix1777,51,5,0,-8,0,88.68
fold2_room1_mix1777,51,5,0,-45,0,12.73
fold2_room1_mix1777,52,5,0,-7,0,102.95
fold2_room1_mix1777,52,5,0,-56,0,11.06
fold2_room1_mix1777,53,5,0,-8,0,89.54
fold2_room1_mix1777,53,5,0,-68,0,8.92
fold2_room1_mix1777,54,5,0,-7,0,85.64
fold2_room1_mix1777,54,5,0,-84,0,8.50
fold2_room1_mix1777,55,5,0,-7,0,92.12
fold2_room1_mix1777,55,5,0,-107,0,9.71
fold2_room1_mix1777,56,5,0,-7,0,84.39
fold2_room1_mix1777,56,5,0,-119,0,9.86
fold2_room1_mix1777,57,5,0,-6,0,82.33
fold2_room1_mix1777,57,5,0,-132,0,10.41
fold2_room1_mix1777,58,5,0,-7,0,78.84
fold2_room1_mix1777,58,5,0,-139,0,12.91
fold2_room1_mix1777,59,5,0,-7,0,80.00
fold2_room1_mix1777,59,5,0,-141,0,14.30
fold2_room1_mix1777,60,5,0,-8,0,71.07
fold2_room1_mix1777,60,5,0,-148,0,15.66
fold2_room1_mix1777,61,5,0,-7,0,74.68
fold2_room1_mix1777,61,5,0,-151,0,17.04
fold2_room1_mix1777,62,5,0,-8,0,71.03
fold2_room1_mix1777,62,5,0,-155,0,19.47
fold2_room1_mix1777,63,5,0,-7,0,76.59
fold2_room1_mix1777,63,5,0,-156,0,21.33
fold2_room1_mix1777,64,5,0,-7,0,75.89
fold2_room1_mix1777,64,5,0,-157,0,24.37
fold2_room1_mix1777,65,5,0,-7,0,79.09
fold2_room1_mix1777,65,5,0,-160,0,25.32
fold2_room1_mix1777,66,5,0,-9,0,68.18
fold2_room1_mix1777,66,5,0,-164,0,28.63
fold2_room1_mix1777,67,5,0,-9,0,64.42
fold2_room1_mix1777,67,5,0,-164,0,29.66
fold2_room1_mix1777,68,5,0,-9,0,64.44
fold2_room1_mix1777,68,5,0,-165,0,33.10
fold2_room1_mix1777,69,5,0,-10,0,59.10
fold2_room1_mix1777,69,5,0,-163,0,33.45
fold2_room1_mix1777,70,5,0,-6,0,75.46
fold2_room1_mix1777,70,5,0,-26,0,21.91
fold2_room1_mix1777,70,5,0,-165,0,38.41
fold2_room1_mix1777,71,5,0,-7,0,70.06
fold2_room1_mix1777,71,5,0,-31,0,19.39
fold2_room1_mix1777,71,5,0,-164,0,38.44
fold2_room1_mix1777,72,5,0,-7,0,65.24
fold2_room1_mix1777,72,5,0,-38,0,16.80
fold2_room1_mix1777,72,5,0,-166,0,41.45
fold2_room1_mix1777,73,5,0,-7,0,74.56
fold2_room1_mix1777,73,5,0,-33,0,18.81
fold2_room1_mix1777,73,5,0,-165,0,43.01
fold2_room1_mix1777,74,5,0,-9,0,52.58
fold2_room1_mix1777,74,5,0,-64,0,12.62
fold2_room1_mix1777,74,5,0,-166,0,45.89
fold2_room1_mix1777,75,5,0,-8,0,69.71
fold2_room1_mix1777,75,5,0,-44,0,17.10
fold2_room1_mix1777,75,5,0,-167,0,50.10
fold2_room1_mix1777,76,5,0,-9,0,61.10
fold2_room1_mix1777,76,5,0,-65,0,14.80
fold2_room1_mix1777,76,5,0,-168,0,54.52
fold2_room1_mix1777,77,5,0,-7,0,68.10
fold2_room1_mix1777,77,5,0,-47,0,15.05
fold2_room1_mix1777,77,5,0,-168,0,54.15
fold2_room1_mix1777,78,5,0,-10,0,43.18
fold2_room1_mix1777,78,5,0,-116,0,10.90
fold2_room1_mix1777,78,5,0,-170,0,56.40
fold2_room1_mix1777,79,5,0,-7,0,66.58
fold2_room1_mix1777,79,5,0,-51,0,14.43
fold2_room1_mix1777,79,5,0,-170,0,60.64
fold2_room1_mix1777,80,5,0,-9,0,58.24
fold2_room1_mix1777,80,5,0,-66,0,12.81
fold2_room1_mix1777,80,5,0,-170,0,59.88
fold2_room1_mix1777,81,5,0,-11,0,50.62
fold2_room1_mix1777,81,5,0,-79,0,11.55
fold2_room1_mix1777,81,5,0,-170,0,59.07
fold2_room1_mix1777,82,5,0,-10,0,53.23
fold2_room1_mix1777,82,5,0,-95,0,12.31
fold2_room1_mix1777,82,5,0,-170,0,61.28
fold2_room1_mix1777,83,5,0,-9,0,52.95
fold2_room1_mix1777,83,5,0,-99,0,10.73
fold2_room1_mix1777,83,5,0,-171,0,62.83
fold2_room1_mix1777,84,5,0,-8,0,54.41
fold2_room1_mix1777,84,5,0,-99,0,11.37
fold2_room1_mix1777,84,5,0,-171,0,62.68
fold2_room1_mix1777,85,5,0,-6,0,70.54
fold2_room1_mix1777,85,5,0,-68,0,13.72
fold2_room1_mix1777,85,5,0,-170,0,64.56
fold2_room1_mix1777,86,5,0,-10,0,45.77
fold2_room1_mix1777,86,5,0,-132,0,13.27
fold2_room1_mix1777,86,5,0,-171,0,69.42
fold2_room1_mix1777,87,5,0,-8,0,52.15
fold2_room1_mix1777,87,5,0,-118,0,11.68
fold2_room1_mix1777,87,5,0,-171,0,67.23
fold2_room1_mix1777,88,5,0,-8,0,52.95
fold2_room1_mix1777,88,5,0,-114,1,11.64
fold2_room1_mix1777,88,5,0,-171,0,63.57
fold2_room1_mix1777,89,5,0,-8,0,61.40
fold2_room1_mix1777,89,5,0,-106,0,12.86
fold2_room1_mix1777,89,5,0,-171,0,73.02
fold2_room1_mix1777,90,5,0,-8,0,56.77
fold2_room1_mix1777,90,5,0,-118,0,12.16
fold2_room1_mix1777,90,5,0,-171,0,70.57
fold2_room1_mix1777,91,5,0,-7,0,56.12
fold2_room1_mix1777,91,5,0,-103,1,10.70
fold2_room1_mix1777,91,5,0,-172,0,63.21
fold2_room1_mix1777,92,5,0,-13,0,50.79
fold2_room1_mix1777,92,5,0,-133,0,15.91
fold2_room1_mix1777,92,5,0,-172,0,82.11
fold2_room1_mix1777,93,5,0,-9,0,55.41
fold2_room1_mix1777,93,5,0,-122,0,11.86
fold2_room1_mix1777,93,5,0,-172,0,77.21
fold2_room1_mix1777,94,5,0,-11,0,46.29
fold2_room1_mix1777,94,5,0,-140,0,15.76
fold2_room1_mix1777,94,5,0,-172,0,76.63
fold2_room1_mix1777,95,5,0,-10,0,54.44
fold2_room1_mix1777,95,5,0,-130,0,14.31
fold2_room1_mix1777,95,5,0,-172,0,81.43
fold2_room1_mix1777,96,5,0,-10,0,54.97
fold2_room1_mix1777,96,5,0,-137,0,16.14
fold2_room1_mix1777,96,5,0,-173,0,84.49
fold2_room1_mix1777,97,5,0,-13,0,42.33
fold2_room1_mix1777,97,5,0,-144,0,17.15
fold2_room1_mix1777,97,5,0,-173,0,84.35
fold2_room1_mix1777,98,5,0,-11,0,41.92
fold2_room1_mix1777,98,5,0,-141,0,16.06
fold2_room1_mix1777,98,5,0,-172,0,79.96
fold2_room1_mix1777,99,5,0,-13,0,38.05
fold2_room1_mix1777,99,5,0,-151,0,20.74
fold2_room1_mix1777,99,5,0,-173,0,94.07
fold2_room1_mix1789,1,1,0,110,-2,4.40
fold2_room1_mix1789,3,5,0,176,0,4.24
fold2_room1_mix1789,4,5,0,174,0,6.27
fold2_room1_mix1789,5,5,0,171,0,40.48
fold2_room1_mix1789,6,5,0,170,0,72.27
fold2_room1_mix1789,7,5,0,171,0,83.51
fold2_room1_mix1789,8,5,0,171,0,89.24
fold2_room1_mix1789,9,5,0,170,0,90.17
fold2_room1_mix1789,10,5,0,171,0,92.92
fold2_room1_mix1789,11,5,0,170,0,83.26
fold2_room1_mix1789,12,5,0,170,0,94.16
fold2_room1_mix1789,13,5,0,171,0,95.38
fold2_room1_mix1789,14,5,0,171,0,90.98
fold2_room1_mix1789,15,5,0,171,0,94.75
fold2_room1_mix1789,16,5,0,171,0,88.19
fold2_room1_mix1789,17,5,0,172,0,89.34
fold2_room1_mix1789,18,5,0,171,0,82.10
fold2_room1_mix1789,19,5,0,171,0,81.50
fold2_room1_mix1789,20,5,0,171,0,90.24
fold2_room1_mix1789,21,5,0,169,0,84.80
fold2_room1_mix1789,22,5,0,169,0,85.33
fold2_room1_mix1789,23,5,0,169,0,89.22
fold2_room1_mix1789,24,5,0,169,0,90.97
fold2_room1_mix1789,25,5,0,169,0,91.97
fold2_room1_mix1789,26,5,0,168,0,89.22
fold2_room1_mix1789,27,5,0,169,0,96.38
fold2_room1_mix1789,28,5,0,169,0,93.51
fold2_room1_mix1789,29,5,0,168,0,96.14
fold2_room1_mix1789,30,5,0,156,0,36.12
fold2_room1_mix1789,30,5,0,173,0,116.54
fold2_room1_mix1789,31,5,0,156,0,34.46
fold2_room1_mix1789,31,5,0,173,0,114.70
fold2_room1_mix1789,32,5,0,155,0,32.09
fold2_room1_mix1789,32,5,0,173,0,118.02
fold2_room1_mix1789,33,5,0,152,0,26.29
fold2_room1_mix1789,33,5,0,171,0,105.50
fold2_room1_mix1789,34,5,0,150,0,24.34
fold2_room1_mix1789,34,5,0,172,0,99.64
fold2_room1_mix1789,35,5,0,148,0,20.02
fold2_room1_mix1789,35,5,0,171,0,85.12
fold2_room1_mix1789,36,5,0,142,0,17.35
fold2_room1_mix1789,36,5,0,171,0,87.80
fold2_room1_mix1789,37,5,0,140,0,16.29
fold2_room1_mix1789,37,5,0,171,0,88.05
fold2_room1_mix1789,38,5,0,136,0,15.28
fold2_room1_mix1789,38,5,0,170,0,81.38
fold2_room1_mix1789,39,5,0,135,0,14.64
fold2_room1_mix1789,39,5,0,170,0,83.22
fold2_room1_mix1789,40,5,0,130,0,13.73
fold2_room1_mix1789,40,5,0,169,0,77.22
fold2_room1_mix1789,41,5,0,126,0,13.15
fold2_room1_mix1789,41,5,0,169,0,75.71
fold2_room1_mix1789,42,5,0,114,0,11.92
fold2_room1_mix1789,42,5,0,168,0,73.20
fold2_room1_mix1789,43,5,0,115,0,11.09
fold2_room1_mix1789,43,5,0,168,0,67.02
fold2_room1_mix1789,44,5,0,96,0,10.53
fold2_room1_mix1789,44,5,0,168,0,67.20
fold2_room1_mix1789,45,5,0,102,0,10.22
fold2_room1_mix1789,45,5,0,168,0,66.59
fold2_room1_mix1789,46,5,0,82,0,10.38
fold2_room1_mix1789,46,5,0,167,0,59.61
fold2_room1_mix1789,47,5,0,70,0,10.94
fold2_room1_mix1789,47,5,0,167,0,64.93
fold2_room1_mix1789,48,5,0,66,0,11.07
fold2_room1_mix1789,48,5,0,167,0,66.04
fold2_room1_mix1789,49,5,0,61,0,11.55
fold2_room1_mix1789,49,5,0,167,0,63.85
fold2_room1_mix1789,50,5,0,54,0,12.41
fold2_room1_mix1789,50,5,0,166,0,59.52
fold2_room1_mix1789,51,5,0,49,0,12.74
fold2_room1_mix1789,51,5,0,167,0,65.98
fold2_room1_mix1789,52,5,0,47,0,13.28
fold2_room1_mix1789,52,5,0,167,0,61.72
fold2_room1_mix1789,53,5,0,42,0,14.81
fold2_room1_mix1789,53,5,0,167,0,64.62
fold2_room1_mix1789,54,5,0,41,0,14.55
fold2_room1_mix1789,54,5,0,167,0,60.48
fold2_room1_mix1789,55,5,0,36,0,17.07
fold2_room1_mix1789,55,5,0,167,0,62.10
fold2_room1_mix1789,56,5,0,34,0,17.59
fold2_room1_mix1789,56,5,0,165,0,53.22
fold2_room1_mix1789,57,5,0,30,0,20.41
fold2_room1_mix1789,57,5,0,165,0,53.97
fold2_room1_mix1789,58,5,0,27,0,22.59
fold2_room1_mix1789,58,5,0,164,0,49.45
fold2_room1_mix1789,59,5,0,26,0,23.01
fold2_room1_mix1789,59,5,0,165,0,52.00
fold2_room1_mix1789,60,5,0,27,0,23.23
fold2_room1_mix1789,60,5,0,164,0,48.93
fold2_room1_mix1789,61,5,0,22,0,28.69
fold2_room1_mix1789,61,5,0,164,0,51.93
fold2_room1_mix1789,62,5,0,24,0,28.07
fold2_room1_mix1789,62,5,0,164,0,50.44
fold2_room1_mix1789,63,5,0,23,0,31.30
fold2_room1_mix1789,63,5,0,163,0,48.33
fold2_room1_mix1789,64,5,0,21,0,33.78
fold2_room1_mix1789,64,5,0,152,0,22.73
fold2_room1_mix1789,64,5,0,169,0,68.88
fold2_room1_mix1789,65,5,0,19,0,35.81
fold2_room1_mix1789,65,5,0,148,0,21.57
fold2_room1_mix1789,65,5,0,169,0,68.13
fold2_room1_mix1789,66,5,0,23,0,34.66
fold2_room1_mix1789,66,5,0,142,0,18.34
fold2_room1_mix1789,66,5,0,166,0,57.94
fold2_room1_mix1789,67,5,0,20,0,39.25
fold2_room1_mix1789,67,5,0,141,0,18.48
fold2_room1_mix1789,67,5,0,168,0,63.24
fold2_room1_mix1789,68,5,0,20,0,40.92
fold2_room1_mix1789,68,5,0,136,0,16.27
fold2_room1_mix1789,68,5,0,166,0,57.79
fold2_room1_mix1789,69,5,0,17,0,46.96
fold2_room1_mix1789,69,5,0,125,0,13.59
fold2_room1_mix1789,69,5,0,166,0,54.76
fold2_room1_mix1789,70,5,0,17,0,44.75
fold2_room1_mix1789,70,5,0,122,0,12.50
fold2_room1_mix1789,70,5,0,164,0,49.26
fold2_room1_mix1789,71,5,0,17,0,48.41
fold2_room1_mix1789,71,5,0,119,0,12.55
fold2_room1_mix1789,71,5,0,165,0,52.18
fold2_room1_mix1789,72,5,0,14,0,51.00
fold2_room1_mix1789,72,5,0,110,0,11.92
fold2_room1_mix1789,72,5,0,166,0,50.71
fold2_room1_mix1789,73,5,0,15,0,51.56
fold2_room1_mix1789,73,5,0,120,0,13.29
fold2_room1_mix1789,73,5,0,167,0,55.18
fold2_room1_mix1789,74,5,0,17,0,45.47
fold2_room1_mix1789,74,5,0,125,0,13.82
fold2_room1_mix1789,74,5,0,167,0,52.89
fold2_room1_mix1789,75,5,0,16,0,48.64
fold2_room1_mix1789,75,5,0,121,0,13.53
fold2_room1_mix1789,75,5,0,167,0,54.82
fold2_room1_mix1789,76,5,0,17,0,43.98
fold2_room1_mix1789,76,5,0,132,0,13.74
fold2_room1_mix1789,76,5,0,168,0,54.51
fold2_room1_mix1789,77,5,0,15,0,50.88
fold2_room1_mix1789,77,5,0,119,0,13.10
fold2_room1_mix1789,77,5,0,166,0,55.10
fold2_room1_mix1789,78,5,0,16,0,46.95
fold2_room1_mix1789,78,5,0,115,0,12.07
fold2_room1_mix1789,78,5,0,165,0,49.59
fold2_room1_mix1789,79,5,0,14,0,49.74
fold2_room1_mix1789,79,5,0,114,0,11.43
fold2_room1_mix1789,79,5,0,166,0,49.54
fold2_room1_mix1789,80,5,0,13,0,52.77
fold2_room1_mix1789,80,5,0,119,0,12.97
fold2_room1_mix1789,80,5,0,166,0,54.63
fold2_room1_mix1789,81,5,0,13,0,55.77
fold2_room1_mix1789,81,5,0,118,0,12.78
fold2_room1_mix1789,81,5,0,168,0,57.67
fold2_room1_mix1789,82,5,0,14,0,53.99
fold2_room1_mix1789,82,5,0,101,0,11.91
fold2_room1_mix1789,82,5,0,163,0,48.74
fold2_room1_mix1789,83,5,0,12,0,60.23
fold2_room1_mix1789,83,5,0,91,0,12.79
fold2_room1_mix1789,83,5,0,163,0,48.96
fold2_room1_mix1789,84,5,0,13,0,57.46
fold2_room1_mix1789,84,5,0,85,0,12.78
fold2_room1_mix1789,84,5,0,161,0,44.22
fold2_room1_mix1789,85,5,0,13,0,59.04
fold2_room1_mix1789,85,5,0,68,0,13.45
fold2_room1_mix1789,85,5,0,159,0,41.32
fold2_room1_mix1789,86,5,0,15,0,52.22
fold2_room1_mix1789,86,5,0,65,0,13.27
fold2_room1_mix1789,86,5,0,155,0,34.53
fold2_room1_mix1789,87,5,0,15,0,52.19
fold2_room1_mix1789,87,5,0,65,0,13.78
fold2_room1_mix1789,87,5,0,155,0,33.52
fold2_room1_mix1789,88,5,0,13,0,53.06
fold2_room1_mix1789,88,5,0,58,0,13.93
fold2_room1_mix1789,88,5,0,156,0,31.49
fold2_room1_mix1789,89,5,0,13,0,53.27
fold2_room1_mix1789,89,5,0,63,0,13.82
fold2_room1_mix1789,89,5,0,157,0,32.95
fold2_room1_mix1789,90,5,0,13,0,54.20
fold2_room1_mix1789,90,5,0,58,0,14.53
fold2_room1_mix1789,90,5,0,156,0,31.53
fold2_room1_mix1789,91,5,0,11,0,60.12
fold2_room1_mix1789,91,5,0,48,0,17.14
fold2_room1_mix1789,91,5,0,157,0,29.39
fold2_room1_mix1789,92,5,0,11,0,58.38
fold2_room1_mix1789,92,5,0,46,0,17.72
fold2_room1_mix1789,92,5,0,155,0,25.70
fold2_room1_mix1789,93,5,0,11,0,57.53
fold2_room1_mix1789,93,5,0,34,0,20.44
fold2_room1_mix1789,93,5,0,148,0,19.05
fold2_room1_mix1789,94,5,0,9,0,62.81
fold2_room1_mix1789,94,5,0,35,0,19.83
fold2_room1_mix1789,94,5,0,150,0,21.58
fold2_room1_mix1789,95,5,0,8,0,66.00
fold2_room1_mix1789,95,5,0,26,0,23.34
fold2_room1_mix1789,95,5,0,141,0,15.62
fold2_room1_mix1789,96,5,0,8,0,64.85
fold2_room1_mix1789,96,5,0,25,0,22.88
fold2_room1_mix1789,96,5,0,138,0,14.72
fold2_room1_mix1789,97,5,0,8,0,65.07
fold2_room1_mix1789,97,5,0,23,0,22.33
fold2_room1_mix1789,97,5,0,133,0,11.98
fold2_room1_mix1789,98,5,0,14,0,47.49
fold2_room1_mix1789,98,5,0,124,0,9.90
fold2_room1_mix1789,99,5,0,15,0,44.28
fold2_room1_mix1789,99,5,0,127,0,10.27
