fold2_room1_mix0023,14,4,0,0,0,33.44
fold2_room1_mix0023,14,4,0,0,-1,32.94
fold2_room1_mix0023,16,4,0,2,-1,31.95
fold2_room1_mix0023,17,4,0,2,0,40.27
fold2_room1_mix0023,17,4,0,1,0,40.83
fold2_room1_mix0023,18,4,0,1,0,39.68
fold2_room1_mix0023,18,4,0,1,0,40.82
fold2_room1_mix0023,19,4,0,1,0,34.84
fold2_room1_mix0023,19,4,0,1,0,36.99
fold2_room1_mix0023,20,4,0,0,0,37.85
fold2_room1_mix0023,21,4,0,2,0,26.01
fold2_room1_mix0023,22,4,0,0,0,39.08
fold2_room1_mix0023,24,4,0,-1,0,39.03
fold2_room1_mix0023,25,4,0,-1,0,34.69
fold2_room1_mix0023,25,4,0,-1,0,34.31
fold2_room1_mix0023,26,4,0,0,0,38.06
fold2_room1_mix0023,26,4,0,0,0,36.05
fold2_room1_mix0023,27,4,0,2,0,35.28
fold2_room1_mix0023,27,4,0,1,0,35.56
fold2_room1_mix0023,28,4,0,0,0,34.03
fold2_room1_mix0023,28,4,0,0,0,34.29
fold2_room1_mix0023,29,4,0,0,0,38.41
fold2_room1_mix0023,30,4,0,0,0,34.07
fold2_room1_mix0023,30,4,0,0,0,34.81
fold2_room1_mix0023,31,4,0,1,0,35.64
fold2_room1_mix0023,31,4,0,1,-1,35.14
fold2_room1_mix0023,32,4,0,0,0,34.15
fold2_room1_mix0023,32,4,0,0,-1,33.81
fold2_room1_mix0023,33,4,0,2,0,35.05
fold2_room1_mix0023,33,4,0,1,0,34.43
fold2_room1_mix0023,34,4,0,0,0,32.89
fold2_room1_mix0023,34,4,0,0,-1,33.68
fold2_room1_mix0023,35,4,0,1,0,29.21
fold2_room1_mix0023,35,4,0,1,-1,29.06
fold2_room1_mix0023,36,4,0,2,0,31.39
fold2_room1_mix0023,36,4,0,3,0,31.26
fold2_room1_mix0023,37,4,0,3,0,30.19
fold2_room1_mix0023,37,4,0,2,-1,29.95
fold2_room1_mix0023,38,4,0,2,0,28.95
fold2_room1_mix0023,38,4,0,2,0,29.03
fold2_room1_mix0023,39,4,0,0,0,30.97
fold2_room1_mix0023,39,4,0,0,0,30.75
fold2_room1_mix0023,40,4,0,1,0,29.48
fold2_room1_mix0023,40,4,0,1,0,29.26
fold2_room1_mix0023,41,4,0,2,0,29.29
fold2_room1_mix0023,41,4,0,2,0,28.49
fold2_room1_mix0023,42,4,0,1,0,29.97
fold2_room1_mix0023,42,4,0,1,0,29.42
fold2_room1_mix0023,43,4,0,3,0,26.35
fold2_room1_mix0023,43,4,0,3,0,26.02
fold2_room1_mix0023,44,4,0,2,0,24.39
fold2_room1_mix0023,44,4,0,3,0,23.87
fold2_room1_mix0023,45,4,0,3,0,22.04
fold2_room1_mix0023,45,4,0,3,0,22.31
fold2_room1_mix0023,46,4,0,4,-1,19.64
fold2_room1_mix0023,46,4,0,4,0,20.23
fold2_room1_mix0023,47,4,0,3,-1,19.15
fold2_room1_mix0023,47,4,0,3,-1,19.68
fold2_room1_mix0023,48,4,0,3,-1,20.23
fold2_room1_mix0023,48,4,0,3,0,20.33
fold2_room1_mix0023,49,4,0,2,-1,18.19
fold2_room1_mix0023,49,4,0,2,-1,18.63
fold2_room1_mix0023,50,4,0,3,-1,16.97
fold2_room1_mix0023,50,4,0,2,0,17.69
fold2_room1_mix0023,51,4,0,3,-1,15.23
fold2_room1_mix0023,51,4,0,3,-1,15.71
fold2_room1_mix0023,52,4,0,5,-1,15.27
fold2_room1_mix0023,52,4,0,4,-1,15.51
fold2_room1_mix0023,53,4,0,5,-2,12.23
fold2_room1_mix0023,53,4,0,5,-2,12.64
fold2_room1_mix0023,54,4,0,6,-2,11.61
fold2_room1_mix0023,54,4,0,5,-2,12.21
fold2_room1_mix0023,55,4,0,6,-2,11.36
fold2_room1_mix0023,55,4,0,5,-2,11.66
fold2_room1_mix0023,56,4,0,3,-2,11.21
fold2_room1_mix0023,56,4,0,2,-2,11.47
fold2_room1_mix0023,57,4,0,4,-2,9.94
fold2_room1_mix0023,57,4,0,4,-2,9.98
fold2_room1_mix0023,58,4,0,5,-2,10.76
fold2_room1_mix0023,58,4,0,4,-2,11.02
fold2_room1_mix0023,59,4,0,3,-3,9.12
fold2_room1_mix0023,59,4,0,3,-2,9.02
fold2_room1_mix0023,60,4,0,5,-3,8.19
fold2_room1_mix0023,60,4,0,6,-3,8.19
fold2_room1_mix0023,61,4,0,6,-3,7.65
fold2_room1_mix0023,61,4,0,7,-3,7.36
fold2_room1_mix0023,62,4,0,6,-3,6.87
fold2_room1_mix0023,62,4,0,7,-3,6.67
fold2_room1_mix0023,63,4,0,11,-3,8.53
fold2_room1_mix0023,63,4,0,11,-4,6.87
fold2_room1_mix0023,64,4,0,171,-1,14.39
fold2_room1_mix0023,64,4,0,12,-4,5.77
fold2_room1_mix0023,65,4,0,171,0,18.27
fold2_room1_mix0023,65,4,0,14,-6,4.54
fold2_room1_mix0023,67,4,0,173,-1,13.97
fold2_room1_mix0023,67,4,0,18,-9,3.17
fold2_room1_mix0023,68,4,0,170,-2,13.72
fold2_room1_mix0023,68,4,0,21,-9,3.05
fold2_room1_mix0023,69,4,0,168,-5,10.67
fold2_room1_mix0023,69,4,0,30,-12,1.88
fold2_room1_mix0023,70,4,0,109,-27,2.83
fold2_room1_mix0023,70,4,0,167,-8,11.86
fold2_room1_mix0023,70,4,0,56,-22,0.90
fold2_room1_mix0023,71,4,0,142,-17,3.21
fold2_room1_mix0023,71,4,0,168,-8,11.30
fold2_room1_mix0023,71,4,0,111,-24,0.80
fold2_room1_mix0023,72,4,0,142,-18,1.63
fold2_room1_mix0023,72,4,0,140,-18,1.48
fold2_room1_mix0023,73,4,0,160,-10,4.58
fold2_room1_mix0023,74,4,0,166,-8,5.20
fold2_room1_mix0023,75,4,0,169,-7,5.41
fold2_room1_mix0023,76,4,0,169,-5,5.67
fold2_room1_mix0023,77,4,0,169,-5,6.06
fold2_room1_mix0023,78,4,0,168,-5,6.17
fold2_room1_mix0023,79,4,0,164,-6,6.16
fold2_room1_mix0023,80,4,0,157,-8,4.08
fold2_room1_mix0023,80,4,0,152,-9,3.57
fold2_room1_mix0023,81,4,0,158,-9,4.13
fold2_room1_mix0023,81,4,0,173,-3,11.68
fold2_room1_mix0023,81,4,0,137,-14,1.72
fold2_room1_mix0023,82,4,0,170,-4,8.65
fold2_room1_mix0023,82,4,0,74,-19,1.49
fold2_room1_mix0023,83,4,0,177,-2,11.88
fold2_room1_mix0023,83,4,0,44,-14,1.50
fold2_room1_mix0023,84,4,0,178,-1,12.02
fold2_room1_mix0023,84,4,0,28,-9,2.53
fold2_room1_mix0023,85,4,0,176,-1,12.71
fold2_room1_mix0023,85,4,0,25,-9,2.40
fold2_room1_mix0023,86,4,0,179,-1,14.43
fold2_room1_mix0023,86,4,0,22,-7,3.47
fold2_room1_mix0023,87,4,0,179,-1,14.70
fold2_room1_mix0023,87,4,0,17,-6,4.08
fold2_room1_mix0023,88,4,0,178,-1,15.10
fold2_room1_mix0023,88,4,0,14,-5,4.88
fold2_room1_mix0023,89,4,0,178,-1,15.87
fold2_room1_mix0023,89,4,0,13,-4,6.09
fold2_room1_mix0023,90,4,0,177,-1,16.09
fold2_room1_mix0023,90,4,0,9,-3,6.92
fold2_room1_mix0023,91,4,0,178,-1,16.69
fold2_room1_mix0023,91,4,0,10,-3,7.61
fold2_room1_mix0023,92,4,0,177,0,17.42
fold2_room1_mix0023,92,4,0,9,-3,8.06
fold2_room1_mix0023,93,4,0,178,0,17.99
fold2_room1_mix0023,93,4,0,7,-2,9.13
fold2_room1_mix0023,94,4,0,178,-1,19.29
fold2_room1_mix0023,94,4,0,7,-2,9.39
fold2_room1_mix0023,95,4,0,178,-1,20.08
fold2_room1_mix0023,95,4,0,6,-2,10.21
fold2_room1_mix0023,96,4,0,178,0,21.26
fold2_room1_mix0023,96,4,0,7,-2,11.03
fold2_room1_mix0023,97,4,0,178,0,24.03
fold2_room1_mix0023,97,4,0,6,-2,11.46
fold2_room1_mix0023,98,4,0,177,0,24.54
fold2_room1_mix0023,98,4,0,5,-2,12.11
fold2_room1_mix0023,99,4,0,178,0,25.57
fold2_room1_mix0023,99,4,0,5,-1,13.86
fold2_room1_mix0023,9,4,0,177,0,22.02
fold2_room1_mix0023,9,4,0,1,-1,23.29
fold2_room1_mix0023,10,4,0,176,0,3.96
fold2_room1_mix0023,12,4,0,174,0,4.61
fold2_room1_mix0023,13,4,0,176,0,15.72
fold2_room1_mix0023,13,4,0,0,0,17.31
fold2_room1_mix0023,15,4,0,-178,0,33.06
fold2_room1_mix0023,15,4,0,-4,-1,32.88
fold2_room1_mix0023,23,4,0,-179,0,19.68
fold2_room1_mix0023,23,4,0,0,0,21.91
fold2_room1_mix0023,66,4,0,174,-1,16.57
fold2_room1_mix0023,66,4,0,17,-7,3.98
fold2_room1_mix0025,0,5,0,74,3,1.81
fold2_room1_mix0025,1,4,0,3,1,3.64
fold2_room1_mix0025,1,5,0,69,5,5.20
fold2_room1_mix0025,2,4,0,6,0,16.26
fold2_room1_mix0025,2,5,0,71,4,6.23
fold2_room1_mix0025,3,4,0,3,0,23.74
fold2_room1_mix0025,3,5,0,79,2,3.58
fold2_room1_mix0025,4,4,0,9,-1,22.07
fold2_room1_mix0025,4,5,0,73,5,8.05
fold2_room1_mix0025,5,4,0,7,-1,22.07
fold2_room1_mix0025,5,5,0,69,4,13.05
fold2_room1_mix0025,6,4,0,4,-1,33.72
fold2_room1_mix0025,6,5,0,71,4,14.07
fold2_room1_mix0025,7,4,0,3,-1,33.67
fold2_room1_mix0025,7,5,0,74,3,11.95
fold2_room1_mix0025,8,4,0,3,-1,33.35
fold2_room1_mix0025,8,5,0,74,5,10.20
fold2_room1_mix0025,9,4,0,1,-1,31.20
fold2_room1_mix0025,9,5,0,69,4,12.88
fold2_room1_mix0025,10,4,0,2,-1,28.55
fold2_room1_mix0025,10,5,0,69,4,13.48
fold2_room1_mix0025,11,4,0,1,-1,28.59
fold2_room1_mix0025,11,5,0,69,4,12.48
fold2_room1_mix0025,12,4,0,0,-1,30.10
fold2_room1_mix0025,12,5,0,66,4,13.42
fold2_room1_mix0025,13,4,0,1,-1,26.94
fold2_room1_mix0025,13,5,0,68,4,13.40
fold2_room1_mix0025,14,4,0,0,-1,26.55
fold2_room1_mix0025,14,5,0,69,4,12.98
fold2_room1_mix0025,15,4,0,-2,-1,25.70
fold2_room1_mix0025,15,5,0,69,4,13.10
fold2_room1_mix0025,16,4,0,0,-1,26.84
fold2_room1_mix0025,16,5,0,71,4,13.14
fold2_room1_mix0025,17,4,0,-2,-1,26.37
fold2_room1_mix0025,17,5,0,66,4,11.98
fold2_room1_mix0025,18,4,0,-1,-1,27.06
fold2_room1_mix0025,18,5,0,68,4,13.02
fold2_room1_mix0025,19,4,0,-1,-1,25.76
fold2_room1_mix0025,19,5,0,70,4,12.86
fold2_room1_mix0025,20,4,0,-3,-1,26.64
fold2_room1_mix0025,20,5,0,68,4,12.15
fold2_room1_mix0025,21,4,0,-4,0,27.47
fold2_room1_mix0025,21,5,0,68,4,12.84
fold2_room1_mix0025,22,4,0,-2,0,28.48
fold2_room1_mix0025,22,5,0,65,4,11.88
fold2_room1_mix0025,23,4,0,-4,-1,26.65
fold2_room1_mix0025,23,5,0,67,4,12.88
fold2_room1_mix0025,24,4,0,-7,-1,26.55
fold2_room1_mix0025,24,5,0,64,4,12.57
fold2_room1_mix0025,25,4,0,-6,-1,25.15
fold2_room1_mix0025,25,5,0,66,4,12.25
fold2_room1_mix0025,26,4,0,-6,-1,23.71
fold2_room1_mix0025,26,5,0,65,4,13.05
fold2_room1_mix0025,27,4,0,-6,-1,22.69
fold2_room1_mix0025,27,5,0,65,4,12.91
fold2_room1_mix0025,28,4,0,-7,-1,20.58
fold2_room1_mix0025,28,5,0,63,4,12.80
fold2_room1_mix0025,29,4,0,-8,-1,20.18
fold2_room1_mix0025,29,5,0,64,4,13.16
fold2_room1_mix0025,30,4,0,-8,-1,19.91
fold2_room1_mix0025,30,5,0,65,4,12.47
fold2_room1_mix0025,31,4,0,-6,-2,17.70
fold2_room1_mix0025,31,5,0,62,4,13.21
fold2_room1_mix0025,32,4,0,-6,-2,18.57
fold2_room1_mix0025,32,5,0,61,4,12.38
fold2_room1_mix0025,33,4,0,-9,-1,17.91
fold2_room1_mix0025,33,5,0,64,4,12.90
fold2_room1_mix0025,34,4,0,-10,-1,15.08
fold2_room1_mix0025,34,5,0,62,4,13.70
fold2_room1_mix0025,35,4,0,-10,-2,15.44
fold2_room1_mix0025,35,5,0,62,4,13.41
fold2_room1_mix0025,36,4,0,-9,-2,16.14
fold2_room1_mix0025,36,5,0,62,4,12.90
fold2_room1_mix0025,37,4,0,-9,-2,15.30
fold2_room1_mix0025,37,5,0,62,4,13.46
fold2_room1_mix0025,38,4,0,-12,-2,13.87
fold2_room1_mix0025,38,5,0,62,3,14.26
fold2_room1_mix0025,39,4,0,-10,-2,13.16
fold2_room1_mix0025,39,5,0,59,3,13.96
fold2_room1_mix0025,40,4,0,-10,-2,13.05
fold2_room1_mix0025,40,5,0,61,4,13.03
fold2_room1_mix0025,41,4,0,-13,-3,11.40
fold2_room1_mix0025,41,5,0,61,4,13.88
fold2_room1_mix0025,42,4,0,-13,-3,10.79
fold2_room1_mix0025,42,5,0,62,3,13.98
fold2_room1_mix0025,43,4,0,-13,-2,10.75
fold2_room1_mix0025,43,5,0,60,4,13.70
fold2_room1_mix0025,44,4,0,-15,-3,9.78
fold2_room1_mix0025,44,5,0,58,3,13.64
fold2_room1_mix0025,45,4,0,-14,-3,9.41
fold2_room1_mix0025,45,5,0,59,4,13.02
fold2_room1_mix0025,46,4,0,-15,-3,8.75
fold2_room1_mix0025,46,5,0,57,4,12.97
fold2_room1_mix0025,47,4,0,-15,-3,8.68
fold2_room1_mix0025,47,5,0,55,3,13.84
fold2_room1_mix0025,48,4,0,-15,-3,8.25
fold2_room1_mix0025,48,5,0,56,4,12.74
fold2_room1_mix0025,49,4,0,-19,-3,7.70
fold2_room1_mix0025,49,5,0,54,4,12.97
fold2_room1_mix0025,50,4,0,-19,-4,7.19
fold2_room1_mix0025,50,5,0,54,4,12.89
fold2_room1_mix0025,51,4,0,-20,-4,6.60
fold2_room1_mix0025,51,5,0,59,3,14.02
fold2_room1_mix0025,52,4,0,-24,-4,6.63
fold2_room1_mix0025,52,5,0,54,3,13.18
fold2_room1_mix0025,53,4,0,-28,-5,5.39
fold2_room1_mix0025,53,5,0,57,3,13.02
fold2_room1_mix0025,54,4,0,-33,-5,5.29
fold2_room1_mix0025,54,5,0,56,3,13.45
fold2_room1_mix0025,55,4,0,-38,-5,4.83
fold2_room1_mix0025,55,5,0,53,3,14.09
fold2_room1_mix0025,56,4,0,-44,-7,3.74
fold2_room1_mix0025,56,5,0,54,4,13.11
fold2_room1_mix0025,57,4,0,-49,-10,3.26
fold2_room1_mix0025,57,5,0,57,4,12.50
fold2_room1_mix0025,58,4,0,-61,-11,2.82
fold2_room1_mix0025,58,5,0,54,4,13.44
fold2_room1_mix0025,59,4,0,-69,-12,2.80
fold2_room1_mix0025,59,5,0,53,4,13.22
fold2_room1_mix0025,60,4,0,-82,-11,3.03
fold2_room1_mix0025,60,5,0,54,4,13.34
fold2_room1_mix0025,61,4,0,-97,-11,2.96
fold2_room1_mix0025,61,5,0,51,4,13.06
fold2_room1_mix0025,62,4,0,-106,-11,2.99
fold2_room1_mix0025,62,5,0,51,4,13.09
fold2_room1_mix0025,63,4,0,-112,-11,3.07
fold2_room1_mix0025,63,5,0,49,4,13.39
fold2_room1_mix0025,64,4,0,-124,-10,3.32
fold2_room1_mix0025,64,5,0,50,4,13.57
fold2_room1_mix0025,65,4,0,-131,-8,4.01
fold2_room1_mix0025,65,5,0,47,4,13.55
fold2_room1_mix0025,66,4,0,-136,-7,4.37
fold2_room1_mix0025,66,5,0,47,4,12.90
fold2_room1_mix0025,67,4,0,-143,-6,4.91
fold2_room1_mix0025,67,5,0,47,3,14.08
fold2_room1_mix0025,68,4,0,-147,-6,5.32
fold2_room1_mix0025,68,5,0,46,4,13.66
fold2_room1_mix0025,69,4,0,-147,-6,5.51
fold2_room1_mix0025,69,5,0,44,4,14.09
fold2_room1_mix0025,70,4,0,-154,-5,5.99
fold2_room1_mix0025,70,5,0,46,3,13.90
fold2_room1_mix0025,71,4,0,-156,-4,6.58
fold2_room1_mix0025,71,5,0,43,3,14.33
fold2_room1_mix0025,72,4,0,-158,-4,7.13
fold2_room1_mix0025,72,5,0,42,3,14.18
fold2_room1_mix0025,73,4,0,-159,-3,8.36
fold2_room1_mix0025,73,5,0,39,3,15.26
fold2_room1_mix0025,74,4,0,-160,-3,8.75
fold2_room1_mix0025,74,5,0,41,3,14.76
fold2_room1_mix0025,75,4,0,-163,-3,9.58
fold2_room1_mix0025,75,5,0,39,3,14.47
fold2_room1_mix0025,76,4,0,-163,-3,9.64
fold2_room1_mix0025,76,5,0,40,3,15.20
fold2_room1_mix0025,77,4,0,-164,-3,9.66
fold2_room1_mix0025,77,5,0,38,3,15.09
fold2_room1_mix0025,78,4,0,-163,-3,9.69
fold2_room1_mix0025,78,5,0,38,3,14.77
fold2_room1_mix0025,79,4,0,-165,-2,10.91
fold2_room1_mix0025,79,5,0,38,3,15.09
fold2_room1_mix0025,80,4,0,-166,-2,11.93
fold2_room1_mix0025,80,5,0,38,3,15.14
fold2_room1_mix0025,81,4,0,-166,-2,12.05
fold2_room1_mix0025,81,5,0,36,3,14.96
fold2_room1_mix0025,82,4,0,-165,-2,12.55
fold2_room1_mix0025,82,5,0,34,3,14.88
fold2_room1_mix0025,83,4,0,-165,-2,13.36
fold2_room1_mix0025,83,5,0,35,3,15.32
fold2_room1_mix0025,84,4,0,-168,-2,13.73
fold2_room1_mix0025,84,5,0,36,3,15.22
fold2_room1_mix0025,85,4,0,-166,-2,14.38
fold2_room1_mix0025,85,5,0,33,3,15.29
fold2_room1_mix0025,86,4,0,-167,-2,14.99
fold2_room1_mix0025,86,5,0,35,3,15.46
fold2_room1_mix0025,87,4,0,-168,-2,14.86
fold2_room1_mix0025,87,5,0,35,3,15.56
fold2_room1_mix0025,88,4,0,-169,-1,16.25
fold2_room1_mix0025,88,5,0,33,3,15.62
fold2_room1_mix0025,89,4,0,-168,-1,16.48
fold2_room1_mix0025,89,5,0,34,3,15.94
fold2_room1_mix0025,90,4,0,-168,-2,16.13
fold2_room1_mix0025,90,5,0,35,3,15.58
fold2_room1_mix0025,91,4,0,-168,-2,16.30
fold2_room1_mix0025,91,5,0,34,3,14.90
fold2_room1_mix0025,92,4,0,-168,-2,17.36
fold2_room1_mix0025,92,5,0,35,3,16.26
fold2_room1_mix0025,93,4,0,-170,-1,17.42
fold2_room1_mix0025,93,5,0,36,3,15.52
fold2_room1_mix0025,94,4,0,-169,-1,17.59
fold2_room1_mix0025,94,5,0,34,3,15.86
fold2_room1_mix0025,95,4,0,-169,-1,18.80
fold2_room1_mix0025,95,5,0,34,3,15.41
fold2_room1_mix0025,96,4,0,-169,-1,19.63
fold2_room1_mix0025,96,5,0,35,3,15.30
fold2_room1_mix0025,97,4,0,-171,-1,19.10
fold2_room1_mix0025,97,5,0,34,2,16.28
fold2_room1_mix0025,98,4,0,-169,-1,18.14
fold2_room1_mix0025,98,5,0,35,3,14.89
fold2_room1_mix0025,99,4,0,-174,-1,20.22
fold2_room1_mix0025,99,5,0,35,4,15.18
fold2_room1_mix0031,5,4,0,178,0,14.54
fold2_room1_mix0031,6,4,0,-179,0,8.18
fold2_room1_mix0031,7,4,0,179,0,18.57
fold2_room1_mix0031,8,4,0,179,0,25.96
fold2_room1_mix0031,9,4,0,176,0,26.01
fold2_room1_mix0031,10,4,0,176,0,24.18
fold2_room1_mix0031,11,4,0,176,0,26.56
fold2_room1_mix0031,12,4,0,175,0,30.56
fold2_room1_mix0031,13,4,0,176,0,29.20
fold2_room1_mix0031,14,4,0,176,0,29.73
fold2_room1_mix0031,15,4,0,178,0,27.69
fold2_room1_mix0031,16,4,0,177,0,28.38
fold2_room1_mix0031,17,4,0,177,0,25.31
fold2_room1_mix0031,18,4,0,177,0,23.68
fold2_room1_mix0031,19,4,0,178,0,22.36
fold2_room1_mix0031,20,4,0,177,0,22.01
fold2_room1_mix0031,21,4,0,177,-1,20.18
fold2_room1_mix0031,22,4,0,177,-1,19.49
fold2_room1_mix0031,23,4,0,178,-1,17.11
fold2_room1_mix0031,24,4,0,178,-1,16.50
fold2_room1_mix0031,25,4,0,178,-1,15.26
fold2_room1_mix0031,26,4,0,-179,-1,14.77
fold2_room1_mix0031,27,4,0,-179,-1,14.22
fold2_room1_mix0031,28,4,0,-179,-1,13.06
fold2_room1_mix0031,29,4,0,-179,-2,11.85
fold2_room1_mix0031,30,4,0,-178,-2,11.28
fold2_room1_mix0031,31,4,0,-178,-2,9.59
fold2_room1_mix0031,32,4,0,-178,-3,8.94
fold2_room1_mix0031,33,4,0,-176,-3,7.74
fold2_room1_mix0031,34,4,0,-176,-4,7.04
fold2_room1_mix0031,35,4,0,-172,-5,5.85
fold2_room1_mix0031,36,4,0,-170,-6,5.25
fold2_room1_mix0031,37,4,0,-167,-8,4.79
fold2_room1_mix0031,38,4,0,-155,-15,2.02
fold2_room1_mix0031,38,4,0,-154,-13,2.21
fold2_room1_mix0031,39,4,0,-139,-23,1.48
fold2_room1_mix0031,39,4,0,-138,-20,1.54
fold2_room1_mix0031,40,4,0,-95,-28,1.19
fold2_room1_mix0031,40,4,0,-102,-26,1.10
fold2_room1_mix0031,41,4,0,-89,-33,2.78
fold2_room1_mix0031,41,4,0,177,-9,12.72
fold2_room1_mix0031,41,4,0,-50,-23,0.76
fold2_room1_mix0031,42,4,0,-29,-18,1.56
fold2_room1_mix0031,42,4,0,-29,-17,1.55
fold2_room1_mix0031,43,4,0,-17,-12,2.65
fold2_room1_mix0031,43,4,0,-17,-12,2.37
fold2_room1_mix0031,45,1,0,-22,-1,22.75
fold2_room1_mix0031,45,4,0,4,-12,4.84
fold2_room1_mix0031,45,4,0,165,-5,10.66
fold2_room1_mix0031,45,4,0,-10,-9,3.37
fold2_room1_mix0031,46,1,0,-22,-2,21.53
fold2_room1_mix0031,46,4,0,0,-10,5.51
fold2_room1_mix0031,46,4,0,-3,-9,4.84
fold2_room1_mix0031,47,1,0,-23,-2,20.33
fold2_room1_mix0031,47,4,0,0,-7,6.35
fold2_room1_mix0031,47,4,0,0,-6,5.80
fold2_room1_mix0031,48,1,0,-25,-2,20.80
fold2_room1_mix0031,48,4,0,9,-6,8.92
fold2_room1_mix0031,48,4,0,3,-5,7.71
fold2_room1_mix0031,49,1,0,-23,-2,19.75
fold2_room1_mix0031,49,4,0,4,-6,9.07
fold2_room1_mix0031,49,4,0,1,-5,8.33
fold2_room1_mix0031,50,1,0,-21,-2,15.28
fold2_room1_mix0031,50,4,0,8,-5,11.20
fold2_room1_mix0031,50,4,0,1,-4,10.08
fold2_room1_mix0031,51,1,0,-15,-1,10.15
fold2_room1_mix0031,51,4,0,144,-5,5.23
fold2_room1_mix0031,51,4,0,-11,-2,10.83
fold2_room1_mix0031,53,1,0,-25,-1,8.78
fold2_room1_mix0031,53,4,0,47,-11,7.89
fold2_room1_mix0031,53,4,0,137,-9,3.54
fold2_room1_mix0031,53,4,0,-21,-3,11.63
fold2_room1_mix0031,54,1,0,-30,-2,14.66
fold2_room1_mix0031,54,4,0,25,-11,6.55
fold2_room1_mix0031,54,4,0,133,-10,3.63
fold2_room1_mix0031,54,4,0,-15,-3,9.32
fold2_room1_mix0031,55,1,0,-36,-2,10.71
fold2_room1_mix0031,55,4,0,2,-3,11.30
fold2_room1_mix0031,55,4,0,-4,-3,11.47
fold2_room1_mix0031,56,1,0,-41,-2,11.27
fold2_room1_mix0031,56,4,0,1,-4,9.42
fold2_room1_mix0031,56,4,0,-3,-4,9.61
fold2_room1_mix0031,57,1,0,-39,-2,10.23
fold2_room1_mix0031,57,4,0,7,-6,7.73
fold2_room1_mix0031,57,4,0,87,-17,3.65
fold2_room1_mix0031,57,4,0,-9,-4,9.72
fold2_room1_mix0031,58,1,0,-46,-2,9.14
fold2_room1_mix0031,58,4,0,3,-3,10.85
fold2_room1_mix0031,58,4,0,-3,-3,11.39
fold2_room1_mix0031,59,1,0,-42,-2,6.24
fold2_room1_mix0031,59,4,0,0,-2,11.49
fold2_room1_mix0031,59,4,0,-3,-2,10.97
fold2_room1_mix0031,60,4,0,31,-5,5.80
fold2_room1_mix0031,60,4,0,133,-8,3.98
fold2_room1_mix0031,60,4,0,6,-3,11.25
fold2_room1_mix0031,61,4,0,45,-5,4.88
fold2_room1_mix0031,61,4,0,159,-4,5.22
fold2_room1_mix0031,61,4,0,-1,-2,11.68
fold2_room1_mix0031,62,1,0,-89,-2,5.80
fold2_room1_mix0031,62,4,0,14,-4,7.54
fold2_room1_mix0031,62,4,0,12,-4,8.53
fold2_room1_mix0031,63,1,0,-97,-2,5.59
fold2_room1_mix0031,63,4,0,7,-2,8.55
fold2_room1_mix0031,63,4,0,5,-3,9.25
fold2_room1_mix0031,64,1,0,-110,-2,6.34
fold2_room1_mix0031,64,4,0,5,-2,11.50
fold2_room1_mix0031,64,4,0,6,-3,10.72
fold2_room1_mix0031,65,1,0,-113,-2,8.24
fold2_room1_mix0031,65,4,0,5,-3,9.82
fold2_room1_mix0031,65,4,0,4,-3,11.53
fold2_room1_mix0031,66,1,0,-120,-2,8.09
fold2_room1_mix0031,66,4,0,0,-2,11.41
fold2_room1_mix0031,66,4,0,0,-2,12.70
fold2_room1_mix0031,67,4,0,10,-1,11.08
fold2_room1_mix0031,67,4,0,7,-2,11.83
fold2_room1_mix0031,68,4,0,8,-1,11.46
fold2_room1_mix0031,68,4,0,7,-2,12.55
fold2_room1_mix0031,69,4,0,16,-2,9.51
fold2_room1_mix0031,69,4,0,11,-2,11.53
fold2_room1_mix0031,70,4,0,18,-3,9.48
fold2_room1_mix0031,70,4,0,11,-2,11.33
fold2_room1_mix0031,71,4,0,13,-2,9.93
fold2_room1_mix0031,71,4,0,10,-2,11.27
fold2_room1_mix0031,72,4,0,17,-1,11.10
fold2_room1_mix0031,72,4,0,12,-1,12.45
fold2_room1_mix0031,73,4,0,13,-1,11.38
fold2_room1_mix0031,73,4,0,11,-1,12.27
fold2_room1_mix0031,74,4,0,18,0,12.59
fold2_room1_mix0031,74,4,0,11,0,14.04
fold2_room1_mix0031,75,4,0,14,-1,13.55
fold2_room1_mix0031,75,4,0,8,0,15.96
fold2_room1_mix0031,76,4,0,16,-1,14.14
fold2_room1_mix0031,76,4,0,10,0,16.69
fold2_room1_mix0031,77,4,0,23,-4,12.04
fold2_room1_mix0031,77,4,0,163,-13,2.34
fold2_room1_mix0031,77,4,0,1,0,20.54
fold2_room1_mix0031,78,4,0,22,-5,12.43
fold2_room1_mix0031,78,4,0,161,-16,1.61
fold2_room1_mix0031,78,4,0,0,0,20.60
fold2_room1_mix0031,79,4,0,75,-25,4.78
fold2_room1_mix0031,79,4,0,152,-20,1.55
fold2_room1_mix0031,79,4,0,4,-2,23.98
fold2_room1_mix0031,80,4,0,75,-26,4.00
fold2_room1_mix0031,80,4,0,137,-25,0.97
fold2_room1_mix0031,80,4,0,4,-4,22.94
fold2_room1_mix0031,81,4,0,83,-27,2.44
fold2_room1_mix0031,81,4,0,105,-31,0.74
fold2_room1_mix0031,81,4,0,13,-7,23.92
fold2_room1_mix0031,82,4,0,38,-17,6.31
fold2_room1_mix0031,82,4,0,82,-29,0.77
fold2_room1_mix0031,82,4,0,0,-3,27.02
fold2_room1_mix0031,83,4,0,34,-20,4.48
fold2_room1_mix0031,83,4,0,53,-26,1.16
fold2_room1_mix0031,83,4,0,0,-5,26.30
fold2_room1_mix0031,84,4,0,18,-11,7.77
fold2_room1_mix0031,84,4,0,39,-21,1.33
fold2_room1_mix0031,84,4,0,0,-2,23.27
fold2_room1_mix0031,85,4,0,15,-9,7.21
fold2_room1_mix0031,85,4,0,29,-16,1.93
fold2_room1_mix0031,85,4,0,-1,-2,20.69
fold2_room1_mix0031,86,4,0,12,-8,9.51
fold2_room1_mix0031,87,4,0,10,-7,9.21
fold2_room1_mix0031,88,4,0,8,-5,10.72
fold2_room1_mix0031,89,4,0,8,-5,9.07
fold2_room1_mix0031,90,4,0,7,-5,8.56
fold2_room1_mix0031,91,4,0,7,-5,9.04
fold2_room1_mix0031,92,4,0,5,-4,9.40
fold2_room1_mix0031,93,4,0,6,-4,9.73
fold2_room1_mix0031,94,4,0,5,-4,9.92
fold2_room1_mix0031,95,4,0,5,-4,10.61
fold2_room1_mix0031,96,4,0,5,-4,9.98
fold2_room1_mix0031,97,4,0,4,-4,9.72
fold2_room1_mix0031,98,4,0,4,-3,11.00
fold2_room1_mix0031,99,4,0,5,-3,9.89
fold2_room1_mix0031,44,4,0,165,-6,8.08
fold2_room1_mix0031,44,4,0,-13,-9,2.47
fold2_room1_mix0031,52,4,0,136,-5,4.98
fold2_room1_mix0031,52,4,0,-13,-2,10.50
fold2_room1_mix0033,0,2,0,116,-1,12.55
fold2_room1_mix0033,1,2,0,118,-2,10.50
fold2_room1_mix0033,2,2,0,114,-2,9.68
fold2_room1_mix0033,3,2,0,115,-2,8.20
fold2_room1_mix0033,4,2,0,121,-2,9.96
fold2_room1_mix0033,10,2,0,118,-2,10.08
fold2_room1_mix0033,11,2,0,120,-2,10.13
fold2_room1_mix0033,12,2,0,122,-2,8.97
fold2_room1_mix0033,13,2,0,121,-2,9.30
fold2_room1_mix0033,14,2,0,120,-3,9.66
fold2_room1_mix0033,19,2,0,117,-2,10.42
fold2_room1_mix0033,20,2,0,119,-2,9.74
fold2_room1_mix0033,21,2,0,119,-3,8.80
fold2_room1_mix0033,22,2,0,115,-3,7.25
fold2_room1_mix0033,23,2,0,117,-3,8.07
fold2_room1_mix0033,25,4,0,178,0,15.54
fold2_room1_mix0033,26,4,0,-179,0,16.18
fold2_room1_mix0033,27,4,0,-179,0,17.78
fold2_room1_mix0033,28,4,0,179,-1,20.49
fold2_room1_mix0033,29,2,0,104,-3,11.36
fold2_room1_mix0033,29,4,0,178,0,21.35
fold2_room1_mix0033,30,2,0,102,-4,10.83
fold2_room1_mix0033,30,4,0,-178,-1,18.53
fold2_room1_mix0033,31,2,0,96,-4,8.23
fold2_room1_mix0033,31,4,0,-179,0,20.28
fold2_room1_mix0033,32,2,0,94,-3,11.12
fold2_room1_mix0033,32,4,0,-175,-1,19.41
fold2_room1_mix0033,33,2,0,92,-4,9.10
fold2_room1_mix0033,33,4,0,-177,0,19.13
fold2_room1_mix0033,34,2,0,90,-4,7.43
fold2_room1_mix0033,34,4,0,-176,0,20.08
fold2_room1_mix0033,35,4,0,-177,-1,17.80
fold2_room1_mix0033,36,4,0,-174,-1,17.56
fold2_room1_mix0033,37,4,0,-172,-1,16.50
fold2_room1_mix0033,38,2,0,97,-3,9.28
fold2_room1_mix0033,38,4,0,-175,0,16.40
fold2_room1_mix0033,39,2,0,86,-3,10.12
fold2_room1_mix0033,39,4,0,-175,-1,15.23
fold2_room1_mix0033,40,2,0,85,-4,8.78
fold2_room1_mix0033,40,4,0,-171,-1,14.88
fold2_room1_mix0033,41,2,0,88,-4,9.89
fold2_room1_mix0033,41,4,0,-171,-1,14.39
fold2_room1_mix0033,42,2,0,88,-4,9.21
fold2_room1_mix0033,42,4,0,-175,-1,12.34
fold2_room1_mix0033,43,2,0,75,-5,10.39
fold2_room1_mix0033,43,2,0,-75,-4,9.85
fold2_room1_mix0033,43,4,0,-172,-1,12.70
fold2_room1_mix0033,44,4,0,-168,-1,12.30
fold2_room1_mix0033,45,4,0,-168,-1,11.65
fold2_room1_mix0033,46,4,0,-169,-1,11.39
fold2_room1_mix0033,47,4,0,-166,-1,10.51
fold2_room1_mix0033,48,2,0,81,-3,10.46
fold2_room1_mix0033,48,4,0,-167,-1,9.69
fold2_room1_mix0033,49,2,0,82,-4,10.02
fold2_room1_mix0033,49,4,0,-167,-2,9.35
fold2_room1_mix0033,50,2,0,83,-4,8.55
fold2_room1_mix0033,50,2,0,-77,-4,8.18
fold2_room1_mix0033,50,4,0,-168,-2,8.58
fold2_room1_mix0033,51,2,0,86,-4,8.68
fold2_room1_mix0033,51,2,0,-80,-4,8.30
fold2_room1_mix0033,51,4,0,-165,-2,8.39
fold2_room1_mix0033,52,2,0,80,-5,8.45
fold2_room1_mix0033,52,2,0,-76,-4,8.13
fold2_room1_mix0033,52,4,0,-164,-2,8.04
fold2_room1_mix0033,53,2,0,-74,-4,10.64
fold2_room1_mix0033,53,4,0,-165,-2,8.37
fold2_room1_mix0033,54,4,0,-163,-3,7.09
fold2_room1_mix0033,55,4,0,-162,-2,7.26
fold2_room1_mix0033,56,4,0,-161,-3,6.87
fold2_room1_mix0033,57,4,0,-161,-3,6.47
fold2_room1_mix0033,58,2,0,81,-4,11.11
fold2_room1_mix0033,58,4,0,-158,-4,5.33
fold2_room1_mix0033,59,2,0,83,-4,9.30
fold2_room1_mix0033,59,4,0,-155,-4,5.07
fold2_room1_mix0033,60,2,0,83,-4,8.74
fold2_room1_mix0033,60,2,0,-77,-3,8.38
fold2_room1_mix0033,60,4,0,-153,-4,4.70
fold2_room1_mix0033,61,2,0,84,-4,9.71
fold2_room1_mix0033,61,2,0,-78,-4,9.33
fold2_room1_mix0033,61,4,0,-149,-5,4.24
fold2_room1_mix0033,62,2,0,-81,-3,9.48
fold2_room1_mix0033,62,4,0,-146,-4,4.12
fold2_room1_mix0033,63,2,0,-76,-5,8.05
fold2_room1_mix0033,63,4,0,-141,-5,3.77
fold2_room1_mix0033,64,4,0,-138,-5,3.47
fold2_room1_mix0033,65,4,0,-133,-5,3.35
fold2_room1_mix0033,66,4,0,-126,-6,3.15
fold2_room1_mix0033,67,2,0,75,-3,9.23
fold2_room1_mix0033,67,4,0,-113,-7,2.57
fold2_room1_mix0033,68,2,0,83,-4,9.91
fold2_room1_mix0033,68,4,0,-103,-7,2.72
fold2_room1_mix0033,69,2,0,82,-4,8.94
fold2_room1_mix0033,69,4,0,-91,-7,2.67
fold2_room1_mix0033,70,2,0,85,-4,9.58
fold2_room1_mix0033,70,2,0,-76,-5,9.28
fold2_room1_mix0033,70,4,0,-82,-8,2.37
fold2_room1_mix0033,71,2,0,83,-4,10.31
fold2_room1_mix0033,71,4,0,-73,-7,2.60
fold2_room1_mix0033,72,2,0,-80,-4,10.81
fold2_room1_mix0033,72,4,0,-64,-6,2.67
fold2_room1_mix0033,73,4,0,-53,-5,2.94
fold2_room1_mix0033,74,4,0,-48,-5,3.37
fold2_room1_mix0033,75,4,0,-43,-4,3.68
fold2_room1_mix0033,76,4,0,-39,-4,3.94
fold2_room1_mix0033,77,2,0,83,-3,10.55
fold2_room1_mix0033,77,4,0,-35,-3,3.97
fold2_room1_mix0033,78,2,0,93,-3,9.15
fold2_room1_mix0033,78,4,0,-31,-3,4.16
fold2_room1_mix0033,79,2,0,92,-3,8.68
fold2_room1_mix0033,79,4,0,-27,-3,4.60
fold2_room1_mix0033,80,2,0,96,-3,9.53
fold2_room1_mix0033,80,2,0,-93,-5,9.22
fold2_room1_mix0033,80,4,0,-26,-3,4.68
fold2_room1_mix0033,81,2,0,104,-4,9.46
fold2_room1_mix0033,81,2,0,-103,-4,9.17
fold2_room1_mix0033,81,4,0,-23,-2,5.47
fold2_room1_mix0033,82,2,0,-100,-4,8.61
fold2_room1_mix0033,82,4,0,-21,-2,6.03
fold2_room1_mix0033,83,4,0,-21,-2,6.76
fold2_room1_mix0033,84,4,0,-19,-2,7.08
fold2_room1_mix0033,85,4,0,-17,-2,7.88
fold2_room1_mix0033,86,2,0,76,-2,7.79
fold2_room1_mix0033,86,4,0,-17,-2,7.81
fold2_room1_mix0033,87,2,0,89,-3,10.11
fold2_room1_mix0033,87,4,0,-16,-2,7.98
fold2_room1_mix0033,88,2,0,96,-3,9.00
fold2_room1_mix0033,88,4,0,-14,-2,8.38
fold2_room1_mix0033,89,2,0,94,-3,8.44
fold2_room1_mix0033,89,4,0,-15,-2,8.75
fold2_room1_mix0033,90,2,0,92,-3,9.18
fold2_room1_mix0033,90,4,0,-13,-2,8.76
fold2_room1_mix0033,91,2,0,114,-4,8.89
fold2_room1_mix0033,91,2,0,-110,-4,8.57
fold2_room1_mix0033,91,4,0,-12,-1,9.70
fold2_room1_mix0033,92,4,0,-12,-1,10.75
fold2_room1_mix0033,93,4,0,-11,-1,10.92
fold2_room1_mix0033,94,4,0,-10,-1,11.58
fold2_room1_mix0033,95,4,0,-11,-1,12.10
fold2_room1_mix0033,96,2,0,81,-2,9.97
fold2_room1_mix0033,96,4,0,-10,-1,11.33
fold2_room1_mix0033,97,2,0,94,-3,9.57
fold2_room1_mix0033,97,4,0,-8,-1,12.43
fold2_room1_mix0033,98,2,0,101,-3,9.74
fold2_room1_mix0033,98,4,0,-6,-1,12.03
fold2_room1_mix0033,99,2,0,92,-3,9.26
fold2_room1_mix0033,99,4,0,-6,-1,11.90
fold2_room1_mix0033,24,2,0,-43,-5,9.08
fold2_room1_mix0033,24,2,0,-64,-3,8.90
fold2_room1_mix0035,0,2,0,-62,-2,10.99
fold2_room1_mix0035,1,2,0,-64,-2,10.06
fold2_room1_mix0035,2,2,0,-64,-2,9.17
fold2_room1_mix0035,3,2,0,-64,-2,10.52
fold2_room1_mix0035,4,2,0,-65,-2,12.03
fold2_room1_mix0035,5,2,0,-67,-2,12.26
fold2_room1_mix0035,10,2,0,-65,-2,12.37
fold2_room1_mix0035,11,2,0,-67,-2,11.96
fold2_room1_mix0035,12,2,0,-66,-2,11.14
fold2_room1_mix0035,13,2,0,-66,-2,11.53
fold2_room1_mix0035,14,2,0,-64,-2,11.58
fold2_room1_mix0035,15,2,0,-69,-2,11.25
fold2_room1_mix0035,16,2,0,-75,-2,6.49
fold2_room1_mix0035,21,2,0,-70,-2,12.39
fold2_room1_mix0035,22,2,0,-71,-2,11.11
fold2_room1_mix0035,23,2,0,-75,-2,10.85
fold2_room1_mix0035,24,2,0,-75,-2,11.92
fold2_room1_mix0035,25,2,0,-78,-2,12.04
fold2_room1_mix0035,26,2,0,-83,-2,11.63
fold2_room1_mix0035,31,2,0,-79,-2,11.83
fold2_room1_mix0035,32,2,0,-82,-2,11.29
fold2_room1_mix0035,33,2,0,-83,-2,11.58
fold2_room1_mix0035,34,2,0,-82,-3,11.21
fold2_room1_mix0035,35,2,0,-85,-3,11.59
fold2_room1_mix0035,36,2,0,-88,-2,12.53
fold2_room1_mix0035,41,2,0,-83,-2,12.50
fold2_room1_mix0035,42,2,0,-90,-2,11.52
fold2_room1_mix0035,43,2,0,-90,-2,11.58
fold2_room1_mix0035,44,2,0,-94,-3,11.56
fold2_room1_mix0035,45,2,0,-93,-2,12.54
fold2_room1_mix0035,46,2,0,-94,-3,12.00
fold2_room1_mix0035,47,2,0,-94,-3,3.18
fold2_room1_mix0035,52,2,0,-99,-2,12.12
fold2_room1_mix0035,53,2,0,-98,-2,11.40
fold2_room1_mix0035,54,2,0,-100,-3,11.04
fold2_room1_mix0035,55,2,0,-98,-2,12.08
fold2_room1_mix0035,56,2,0,-97,-3,12.09
fold2_room1_mix0035,57,2,0,-99,-2,11.48
fold2_room1_mix0035,62,2,0,-101,-2,12.25
fold2_room1_mix0035,63,2,0,-102,-2,12.48
fold2_room1_mix0035,64,2,0,-103,-2,11.56
fold2_room1_mix0035,65,2,0,-105,-2,10.86
fold2_room1_mix0035,66,2,0,-105,-2,12.02
fold2_room1_mix0035,67,2,0,-104,-2,13.15
fold2_room1_mix0035,72,2,0,-107,-2,12.00
fold2_room1_mix0035,73,2,0,-107,-2,12.00
fold2_room1_mix0035,74,2,0,-108,-2,11.98
fold2_room1_mix0035,75,2,0,-109,-2,11.68
fold2_room1_mix0035,76,2,0,-109,-2,12.79
fold2_room1_mix0035,77,2,0,-112,-2,12.69
fold2_room1_mix0035,78,2,0,-109,-2,7.07
fold2_room1_mix0035,83,2,0,-113,-2,11.70
fold2_room1_mix0035,84,2,0,-115,-2,11.61
fold2_room1_mix0035,85,2,0,-114,-2,11.75
fold2_room1_mix0035,86,2,0,-116,-2,11.78
fold2_room1_mix0035,87,2,0,-116,-2,11.97
fold2_room1_mix0035,88,2,0,-114,-2,10.71
fold2_room1_mix0035,93,2,0,-117,-2,12.22
fold2_room1_mix0035,94,2,0,-116,-2,10.98
fold2_room1_mix0035,95,2,0,-117,-2,11.22
fold2_room1_mix0035,96,2,0,-119,-2,11.87
fold2_room1_mix0035,97,2,0,-118,-2,11.90
fold2_room1_mix0035,98,2,0,-121,-2,11.27
fold2_room1_mix0045,1,4,0,-178,2,2.69
fold2_room1_mix0045,2,4,0,-177,1,3.88
fold2_room1_mix0045,3,4,0,172,0,13.31
fold2_room1_mix0045,3,4,0,-158,0,15.70
fold2_room1_mix0045,4,4,0,166,0,11.71
fold2_room1_mix0045,4,4,0,-151,0,13.90
fold2_room1_mix0045,5,4,0,167,0,11.71
fold2_room1_mix0045,5,4,0,-150,0,14.05
fold2_room1_mix0045,6,4,0,166,-1,15.50
fold2_room1_mix0045,6,4,0,-147,0,21.10
fold2_room1_mix0045,7,4,0,162,-1,15.24
fold2_room1_mix0045,7,4,0,-142,0,22.74
fold2_room1_mix0045,8,4,0,161,-1,15.46
fold2_room1_mix0045,8,4,0,-141,0,23.14
fold2_room1_mix0045,9,4,0,164,-2,14.14
fold2_room1_mix0045,9,4,0,-142,-1,21.58
fold2_room1_mix0045,10,4,0,162,-1,14.27
fold2_room1_mix0045,10,4,0,-140,0,21.18
fold2_room1_mix0045,11,4,0,161,-2,13.31
fold2_room1_mix0045,11,4,0,-134,0,22.23
fold2_room1_mix0045,12,4,0,159,-2,11.90
fold2_room1_mix0045,12,4,0,-134,0,21.89
fold2_room1_mix0045,13,4,0,159,-2,11.86
fold2_room1_mix0045,13,4,0,-134,0,20.07
fold2_room1_mix0045,14,4,0,160,-2,11.47
fold2_room1_mix0045,14,4,0,-135,0,20.16
fold2_room1_mix0045,15,4,0,159,-2,10.83
fold2_room1_mix0045,15,4,0,-135,0,19.85
fold2_room1_mix0045,16,4,0,158,-2,10.82
fold2_room1_mix0045,16,4,0,-135,0,19.39
fold2_room1_mix0045,17,4,0,157,-2,10.74
fold2_room1_mix0045,17,4,0,-134,0,19.53
fold2_room1_mix0045,18,4,0,157,-2,9.93
fold2_room1_mix0045,18,4,0,-132,0,19.71
fold2_room1_mix0045,19,4,0,157,-3,9.63
fold2_room1_mix0045,19,4,0,-130,0,20.68
fold2_room1_mix0045,20,4,0,157,-2,10.50
fold2_room1_mix0045,20,4,0,-133,0,20.41
fold2_room1_mix0045,21,4,0,157,-2,10.06
fold2_room1_mix0045,21,4,0,-130,0,19.04
fold2_room1_mix0045,22,4,0,156,-3,9.51
fold2_room1_mix0045,22,4,0,-129,0,19.69
fold2_room1_mix0045,23,4,0,158,-3,9.22
fold2_room1_mix0045,23,4,0,-126,0,19.19
fold2_room1_mix0045,24,4,0,156,-3,9.14
fold2_room1_mix0045,24,4,0,-123,0,19.63
fold2_room1_mix0045,25,4,0,156,-3,8.82
fold2_room1_mix0045,25,4,0,-125,0,20.02
fold2_room1_mix0045,26,4,0,156,-3,8.95
fold2_room1_mix0045,26,4,0,-122,0,19.79
fold2_room1_mix0045,27,4,0,158,-3,8.73
fold2_room1_mix0045,27,4,0,-120,0,19.23
fold2_room1_mix0045,28,4,0,156,-3,8.66
fold2_room1_mix0045,28,4,0,-118,0,19.06
fold2_room1_mix0045,29,4,0,155,-3,8.30
fold2_room1_mix0045,29,4,0,-119,0,18.69
fold2_room1_mix0045,30,4,0,155,-3,8.82
fold2_room1_mix0045,30,4,0,-118,0,18.72
fold2_room1_mix0045,31,4,0,155,-3,8.37
fold2_room1_mix0045,31,4,0,-120,0,18.99
fold2_room1_mix0045,32,4,0,153,-3,8.54
fold2_room1_mix0045,32,4,0,-119,0,18.07
fold2_room1_mix0045,33,4,0,152,-4,8.20
fold2_room1_mix0045,33,4,0,-121,0,18.00
fold2_room1_mix0045,34,4,0,154,-3,8.20
fold2_room1_mix0045,34,4,0,-115,0,17.32
fold2_room1_mix0045,35,4,0,152,-4,7.73
fold2_room1_mix0045,35,4,0,-116,0,17.88
fold2_room1_mix0045,36,4,0,151,-4,7.84
fold2_room1_mix0045,36,4,0,-112,0,17.37
fold2_room1_mix0045,37,4,0,152,-4,7.31
fold2_room1_mix0045,37,4,0,-110,0,16.01
fold2_room1_mix0045,38,4,0,149,-5,6.89
fold2_room1_mix0045,38,4,0,-110,0,16.10
fold2_room1_mix0045,39,4,0,149,-4,7.46
fold2_room1_mix0045,39,4,0,-107,0,15.96
fold2_room1_mix0045,40,4,0,149,-4,7.21
fold2_room1_mix0045,40,4,0,-108,0,15.40
fold2_room1_mix0045,41,4,0,147,-4,7.05
fold2_room1_mix0045,41,4,0,-103,-1,14.04
fold2_room1_mix0045,42,4,0,145,-5,7.09
fold2_room1_mix0045,42,4,0,-103,-1,14.13
fold2_room1_mix0045,43,4,0,148,-5,7.30
fold2_room1_mix0045,43,4,0,-106,-1,13.93
fold2_room1_mix0045,44,4,0,145,-5,7.13
fold2_room1_mix0045,44,4,0,-106,-1,13.37
fold2_room1_mix0045,45,4,0,142,-6,6.92
fold2_room1_mix0045,45,4,0,-104,-2,13.30
fold2_room1_mix0045,46,4,0,144,-6,6.51
fold2_room1_mix0045,46,4,0,-97,-2,12.75
fold2_room1_mix0045,47,4,0,139,-6,6.66
fold2_room1_mix0045,47,4,0,-96,-2,11.97
fold2_room1_mix0045,48,4,0,139,-6,6.35
fold2_room1_mix0045,48,4,0,-94,-2,11.79
fold2_room1_mix0045,49,4,0,135,-6,6.58
fold2_room1_mix0045,49,4,0,-91,-2,11.72
fold2_room1_mix0045,50,4,0,136,-7,6.68
fold2_room1_mix0045,50,4,0,-92,-3,11.41
fold2_room1_mix0045,51,4,0,-110,-4,10.99
fold2_room1_mix0045,51,4,0,128,-6,4.39
fold2_room1_mix0045,51,4,0,-87,-3,10.18
fold2_room1_mix0045,52,4,0,-120,-5,11.37
fold2_room1_mix0045,52,4,0,126,-6,4.66
fold2_room1_mix0045,52,4,0,-89,-3,10.37
fold2_room1_mix0045,53,4,0,-98,-2,12.43
fold2_room1_mix0045,53,4,0,-92,-3,11.10
fold2_room1_mix0045,56,4,0,-98,-3,11.75
fold2_room1_mix0045,56,4,0,-90,-4,9.87
fold2_room1_mix0045,59,4,0,-91,-2,12.98
fold2_room1_mix0045,59,4,0,-87,-3,10.62
fold2_room1_mix0045,62,4,0,-80,-2,13.73
fold2_room1_mix0045,62,4,0,-74,-3,10.95
fold2_room1_mix0045,64,4,0,80,-10,7.12
fold2_room1_mix0045,64,4,0,-77,-3,10.89
fold2_room1_mix0045,65,4,0,75,-9,6.39
fold2_room1_mix0045,65,4,0,-77,-3,11.50
fold2_room1_mix0045,67,4,0,-63,-3,12.74
fold2_room1_mix0045,67,4,0,-59,-3,11.25
fold2_room1_mix0045,68,4,0,-61,-2,13.84
fold2_room1_mix0045,68,4,0,-58,-3,11.89
fold2_room1_mix0045,69,4,0,-64,0,14.36
fold2_room1_mix0045,69,4,0,-56,-2,11.51
fold2_room1_mix0045,70,4,0,-49,-4,13.11
fold2_room1_mix0045,70,4,0,-49,-3,11.56
fold2_room1_mix0045,71,4,0,59,-9,3.93
fold2_room1_mix0045,71,4,0,28,-7,8.74
fold2_room1_mix0045,71,4,0,-55,0,14.37
fold2_room1_mix0045,72,4,0,56,-8,4.10
fold2_room1_mix0045,72,4,0,7,-6,9.98
fold2_room1_mix0045,72,4,0,-56,0,13.45
fold2_room1_mix0045,73,4,0,53,-8,4.27
fold2_room1_mix0045,73,4,0,16,-5,9.65
fold2_room1_mix0045,73,4,0,-51,0,14.24
fold2_room1_mix0045,74,4,0,53,-8,3.38
fold2_room1_mix0045,74,4,0,2,-5,9.90
fold2_room1_mix0045,74,4,0,-50,0,16.72
fold2_room1_mix0045,75,4,0,53,-8,3.20
fold2_room1_mix0045,75,4,0,-14,-4,11.61
fold2_room1_mix0045,75,4,0,-49,0,18.59
fold2_room1_mix0045,76,4,0,51,-8,3.27
fold2_room1_mix0045,76,4,0,-6,-5,10.63
fold2_room1_mix0045,76,4,0,-46,0,18.06
fold2_room1_mix0045,77,4,0,50,-7,3.41
fold2_room1_mix0045,77,4,0,-4,-5,10.97
fold2_room1_mix0045,77,4,0,-44,0,17.85
fold2_room1_mix0045,78,4,0,50,-7,3.53
fold2_room1_mix0045,78,4,0,0,-5,10.50
fold2_room1_mix0045,78,4,0,-44,0,18.92
fold2_room1_mix0045,79,4,0,48,-7,3.69
fold2_room1_mix0045,79,4,0,0,-5,10.93
fold2_room1_mix0045,79,4,0,-43,0,18.23
fold2_room1_mix0045,80,4,0,47,-7,3.77
fold2_room1_mix0045,80,4,0,0,-4,10.70
fold2_room1_mix0045,80,4,0,-42,0,20.10
fold2_room1_mix0045,81,4,0,47,-7,3.63
fold2_room1_mix0045,81,4,0,0,-4,10.86
fold2_room1_mix0045,81,4,0,-41,1,21.25
fold2_room1_mix0045,82,4,0,46,-7,3.61
fold2_room1_mix0045,82,4,0,-8,-2,12.33
fold2_room1_mix0045,82,4,0,-38,1,22.02
fold2_room1_mix0045,83,4,0,45,-6,3.75
fold2_room1_mix0045,83,4,0,-27,0,17.67
fold2_room1_mix0045,84,4,0,44,-6,4.00
fold2_room1_mix0045,84,4,0,-8,-3,12.06
fold2_room1_mix0045,84,4,0,-33,1,21.36
fold2_room1_mix0045,85,4,0,44,-6,4.03
fold2_room1_mix0045,85,4,0,-9,-2,13.36
fold2_room1_mix0045,85,4,0,-33,1,23.07
fold2_room1_mix0045,86,4,0,43,-6,4.19
fold2_room1_mix0045,86,4,0,-10,-2,13.12
fold2_room1_mix0045,86,4,0,-31,1,22.72
fold2_room1_mix0045,87,4,0,42,-6,4.46
fold2_room1_mix0045,87,4,0,-2,-3,12.79
fold2_room1_mix0045,87,4,0,-32,1,22.89
fold2_room1_mix0045,88,4,0,41,-6,4.63
fold2_room1_mix0045,88,4,0,-4,-2,13.74
fold2_room1_mix0045,88,4,0,-30,1,23.82
fold2_room1_mix0045,89,4,0,39,-6,4.72
fold2_room1_mix0045,89,4,0,-4,-2,13.70
fold2_room1_mix0045,89,4,0,-29,1,23.86
fold2_room1_mix0045,90,4,0,39,-5,5.03
fold2_room1_mix0045,90,4,0,-8,-1,15.37
fold2_room1_mix0045,90,4,0,-27,1,23.81
fold2_room1_mix0045,91,4,0,38,-6,4.85
fold2_room1_mix0045,91,4,0,-21,0,21.52
fold2_room1_mix0045,92,4,0,38,-6,4.99
fold2_room1_mix0045,92,4,0,-20,0,20.46
fold2_room1_mix0045,93,4,0,37,-5,5.23
fold2_room1_mix0045,93,4,0,-22,0,21.64
fold2_room1_mix0045,94,4,0,35,-5,5.69
fold2_room1_mix0045,94,4,0,-29,0,22.39
fold2_room1_mix0045,94,4,0,-11,0,20.91
fold2_room1_mix0045,95,4,0,34,-5,6.09
fold2_room1_mix0045,95,4,0,-20,0,20.81
fold2_room1_mix0045,96,4,0,33,-5,6.67
fold2_room1_mix0045,96,4,0,-19,0,21.48
fold2_room1_mix0045,97,4,0,33,-4,7.10
fold2_room1_mix0045,97,4,0,-29,1,24.23
fold2_room1_mix0045,97,4,0,-6,0,18.37
fold2_room1_mix0045,98,4,0,32,-4,7.17
fold2_room1_mix0045,98,4,0,-30,0,22.64
fold2_room1_mix0045,98,4,0,-3,-1,15.51
fold2_room1_mix0045,99,4,0,30,-4,7.07
fold2_room1_mix0045,99,4,0,-19,0,19.52
fold2_room1_mix0045,54,4,0,124,-7,4.77
fold2_room1_mix0045,54,4,0,-89,-3,10.18
fold2_room1_mix0045,55,4,0,123,-7,4.42
fold2_room1_mix0045,55,4,0,-88,-3,9.71
fold2_room1_mix0045,57,4,0,119,-7,4.49
fold2_room1_mix0045,57,4,0,-82,-4,9.15
fold2_room1_mix0045,58,4,0,115,-8,4.08
fold2_room1_mix0045,58,4,0,-81,-4,8.35
fold2_room1_mix0045,60,4,0,106,-9,3.62
fold2_room1_mix0045,60,4,0,-78,-4,8.60
fold2_room1_mix0045,61,4,0,100,-10,3.46
fold2_room1_mix0045,61,4,0,-76,-4,9.18
fold2_room1_mix0045,63,4,0,88,-10,3.97
fold2_room1_mix0045,63,4,0,-79,-4,9.16
fold2_room1_mix0045,66,4,0,78,-9,3.46
fold2_room1_mix0045,66,4,0,-68,-3,9.55
fold2_room1_mix0056,0,2,0,90,-2,10.78
fold2_room1_mix0056,1,2,0,84,-2,11.59
fold2_room1_mix0056,1,4,0,-6,0,2.18
fold2_room1_mix0056,2,2,0,81,-2,9.28
fold2_room1_mix0056,2,4,0,-6,0,2.77
fold2_room1_mix0056,3,2,0,84,-3,8.78
fold2_room1_mix0056,3,4,0,-14,-1,6.71
fold2_room1_mix0056,4,2,0,85,-3,9.87
fold2_room1_mix0056,4,4,0,-11,-1,6.79
fold2_room1_mix0056,5,2,0,83,-3,8.89
fold2_room1_mix0056,5,4,0,-11,0,9.12
fold2_room1_mix0056,6,4,0,-14,-1,10.64
fold2_room1_mix0056,7,4,0,-12,-2,10.39
fold2_room1_mix0056,8,4,0,-13,-2,9.36
fold2_room1_mix0056,9,4,0,-15,-3,8.95
fold2_room1_mix0056,10,4,0,-16,-3,8.34
fold2_room1_mix0056,11,2,0,85,-3,9.08
fold2_room1_mix0056,11,4,0,-17,-3,7.31
fold2_room1_mix0056,12,2,0,86,-3,9.23
fold2_room1_mix0056,12,4,0,-19,-3,9.27
fold2_room1_mix0056,13,2,0,86,-3,10.11
fold2_room1_mix0056,13,4,0,-17,-3,7.83
fold2_room1_mix0056,14,2,0,86,-3,9.57
fold2_room1_mix0056,14,4,0,-18,-3,7.72
fold2_room1_mix0056,15,2,0,87,-4,9.05
fold2_room1_mix0056,15,4,0,-18,-3,7.12
fold2_room1_mix0056,16,2,0,89,-4,7.35
fold2_room1_mix0056,16,4,0,-19,-2,7.78
fold2_room1_mix0056,17,4,0,-19,-3,7.71
fold2_room1_mix0056,18,4,0,-20,-3,6.54
fold2_room1_mix0056,19,4,0,-21,-3,6.60
fold2_room1_mix0056,20,4,0,-24,-3,6.26
fold2_room1_mix0056,21,4,0,-24,-3,5.82
fold2_room1_mix0056,22,2,0,88,-3,9.56
fold2_room1_mix0056,22,4,0,-26,-4,5.85
fold2_room1_mix0056,23,2,0,89,-3,9.83
fold2_room1_mix0056,23,4,0,-27,-3,5.86
fold2_room1_mix0056,24,2,0,88,-4,9.38
fold2_room1_mix0056,24,4,0,-31,-3,6.19
fold2_room1_mix0056,24,4,0,-30,-4,5.29
fold2_room1_mix0056,25,2,0,87,-3,10.55
fold2_room1_mix0056,25,4,0,-178,-1,19.83
fold2_room1_mix0056,25,4,0,-31,-5,4.12
fold2_room1_mix0056,26,2,0,86,-3,9.63
fold2_room1_mix0056,26,4,0,-144,0,13.68
fold2_room1_mix0056,26,4,0,177,0,19.39
fold2_room1_mix0056,26,4,0,-32,-5,3.64
fold2_room1_mix0056,27,2,0,88,-4,7.30
fold2_room1_mix0056,27,4,0,-175,-2,14.36
fold2_room1_mix0056,27,4,0,-31,-6,2.96
fold2_room1_mix0056,28,4,0,-35,-5,4.13
fold2_room1_mix0056,29,4,0,-36,-7,3.78
fold2_room1_mix0056,30,4,0,-176,-1,19.05
fold2_room1_mix0056,30,4,0,-40,-8,2.86
fold2_room1_mix0056,31,4,0,-47,-7,3.39
fold2_room1_mix0056,32,2,0,85,-3,10.72
fold2_room1_mix0056,32,4,0,172,0,19.83
fold2_room1_mix0056,32,4,0,-45,-6,3.07
fold2_room1_mix0056,33,2,0,88,-3,11.35
fold2_room1_mix0056,33,4,0,169,-1,17.91
fold2_room1_mix0056,33,4,0,-46,-7,2.52
fold2_room1_mix0056,34,2,0,88,-3,10.32
fold2_room1_mix0056,34,4,0,172,0,18.72
fold2_room1_mix0056,34,4,0,-49,-7,2.94
fold2_room1_mix0056,35,2,0,87,-3,9.94
fold2_room1_mix0056,35,4,0,169,-1,17.77
fold2_room1_mix0056,35,4,0,-52,-9,2.50
fold2_room1_mix0056,36,2,0,87,-3,9.80
fold2_room1_mix0056,36,4,0,-83,-9,4.97
fold2_room1_mix0056,36,4,0,173,-1,17.12
fold2_room1_mix0056,36,4,0,-51,-9,2.55
fold2_room1_mix0056,37,2,0,89,-3,9.50
fold2_room1_mix0056,37,4,0,177,-2,14.96
fold2_room1_mix0056,37,4,0,-56,-10,2.04
fold2_room1_mix0056,38,2,0,91,-3,7.51
fold2_room1_mix0056,38,4,0,-123,-8,7.94
fold2_room1_mix0056,38,4,0,171,-2,15.13
fold2_room1_mix0056,38,4,0,-64,-12,1.71
fold2_room1_mix0056,39,3,0,74,-2,8.55
fold2_room1_mix0056,39,4,0,-87,-11,4.41
fold2_room1_mix0056,39,4,0,166,-1,18.00
fold2_room1_mix0056,39,4,0,-66,-10,2.99
fold2_room1_mix0056,40,3,0,68,-3,12.39
fold2_room1_mix0056,40,4,0,-73,-11,3.28
fold2_room1_mix0056,40,4,0,-74,-11,3.23
fold2_room1_mix0056,41,3,0,73,-2,8.98
fold2_room1_mix0056,41,4,0,-112,-11,3.78
fold2_room1_mix0056,41,4,0,163,-1,16.64
fold2_room1_mix0056,41,4,0,-96,-11,2.26
fold2_room1_mix0056,42,4,0,-101,-9,3.92
fold2_room1_mix0056,42,4,0,-97,-8,3.88
fold2_room1_mix0056,43,2,0,92,-3,10.60
fold2_room1_mix0056,43,4,0,-109,-10,3.68
fold2_room1_mix0056,43,4,0,160,-3,12.07
fold2_room1_mix0056,43,4,0,-80,-9,3.29
fold2_room1_mix0056,44,2,0,92,-3,9.74
fold2_room1_mix0056,44,4,0,-112,-9,2.99
fold2_room1_mix0056,44,4,0,164,-2,12.90
fold2_room1_mix0056,44,4,0,-86,-9,4.10
fold2_room1_mix0056,45,2,0,92,-3,11.42
fold2_room1_mix0056,45,4,0,-115,-9,2.85
fold2_room1_mix0056,45,4,0,166,-2,12.12
fold2_room1_mix0056,45,4,0,-79,-8,4.39
fold2_room1_mix0056,46,2,0,93,-3,10.32
fold2_room1_mix0056,46,4,0,-124,-8,2.87
fold2_room1_mix0056,46,4,0,-117,-9,3.03
fold2_room1_mix0056,47,2,0,92,-3,10.38
fold2_room1_mix0056,47,4,0,-130,-7,3.31
fold2_room1_mix0056,47,4,0,166,-3,9.65
fold2_room1_mix0056,47,4,0,-88,-9,4.46
fold2_room1_mix0056,48,2,0,92,-3,9.66
fold2_room1_mix0056,48,4,0,-137,-6,3.92
fold2_room1_mix0056,48,4,0,168,-3,8.65
fold2_room1_mix0056,48,4,0,-118,-8,3.76
fold2_room1_mix0056,49,4,0,-143,-5,4.15
fold2_room1_mix0056,49,4,0,170,-3,8.12
fold2_room1_mix0056,49,4,0,-124,-6,4.64
fold2_room1_mix0056,50,4,0,-149,-5,4.37
fold2_room1_mix0056,50,4,0,-145,-5,4.36
fold2_room1_mix0056,51,4,0,-161,-4,4.93
fold2_room1_mix0056,51,4,0,169,-3,7.61
fold2_room1_mix0056,51,4,0,-130,-5,4.32
fold2_room1_mix0056,52,4,0,-165,-4,5.15
fold2_room1_mix0056,52,4,0,169,-2,7.17
fold2_room1_mix0056,52,4,0,-138,-4,4.12
fold2_room1_mix0056,53,4,0,178,-3,5.77
fold2_room1_mix0056,53,4,0,-125,-3,5.71
fold2_room1_mix0056,54,2,0,95,-3,10.21
fold2_room1_mix0056,54,4,0,178,-3,6.52
fold2_room1_mix0056,54,4,0,-129,-3,6.13
fold2_room1_mix0056,55,2,0,90,-2,11.56
fold2_room1_mix0056,55,4,0,178,-3,6.64
fold2_room1_mix0056,55,4,0,-140,-4,5.31
fold2_room1_mix0056,56,2,0,95,-3,10.38
fold2_room1_mix0056,56,4,0,178,-2,7.24
fold2_room1_mix0056,56,4,0,-145,-4,5.31
fold2_room1_mix0056,57,2,0,93,-3,10.22
fold2_room1_mix0056,57,4,0,179,-3,7.25
fold2_room1_mix0056,57,4,0,-146,-4,6.10
fold2_room1_mix0056,58,2,0,92,-3,11.56
fold2_room1_mix0056,58,4,0,176,-3,7.33
fold2_room1_mix0056,58,4,0,-152,-4,6.13
fold2_room1_mix0056,59,2,0,95,-3,10.68
fold2_room1_mix0056,59,4,0,179,-3,7.08
fold2_room1_mix0056,59,4,0,-157,-4,6.30
fold2_room1_mix0056,60,4,0,170,-2,7.37
fold2_room1_mix0056,60,4,0,174,-3,7.21
fold2_room1_mix0056,61,4,0,179,-2,7.71
fold2_room1_mix0056,62,4,0,157,-3,6.32
fold2_room1_mix0056,62,4,0,-174,-2,8.00
fold2_room1_mix0056,63,4,0,154,-3,5.33
fold2_room1_mix0056,63,4,0,-170,-2,7.75
fold2_room1_mix0056,64,4,0,155,-3,5.17
fold2_room1_mix0056,64,4,0,154,-3,5.29
fold2_room1_mix0056,65,2,0,91,-2,12.51
fold2_room1_mix0056,65,4,0,151,-4,4.56
fold2_room1_mix0056,65,4,0,147,-4,4.46
fold2_room1_mix0056,66,2,0,90,-2,11.92
fold2_room1_mix0056,66,4,0,151,-4,4.53
fold2_room1_mix0056,66,4,0,144,-5,4.31
fold2_room1_mix0056,67,2,0,91,-2,12.15
fold2_room1_mix0056,67,4,0,146,-5,3.91
fold2_room1_mix0056,67,4,0,142,-5,3.76
fold2_room1_mix0056,68,2,0,88,-2,12.32
fold2_room1_mix0056,68,4,0,138,-6,3.72
fold2_room1_mix0056,68,4,0,134,-7,3.32
fold2_room1_mix0056,69,2,0,91,-2,10.79
fold2_room1_mix0056,69,4,0,114,-8,2.92
fold2_room1_mix0056,69,4,0,112,-9,2.47
fold2_room1_mix0056,70,2,0,88,-2,10.69
fold2_room1_mix0056,70,4,0,96,-6,3.67
fold2_room1_mix0056,70,4,0,94,-8,2.84
fold2_room1_mix0056,71,4,0,74,-8,4.10
fold2_room1_mix0056,71,4,0,69,-8,3.12
fold2_room1_mix0056,72,4,0,91,-10,4.49
fold2_room1_mix0056,72,4,0,-169,-1,10.02
fold2_room1_mix0056,72,4,0,58,-9,1.71
fold2_room1_mix0056,73,4,0,169,-3,8.01
fold2_room1_mix0056,73,4,0,-167,-1,11.82
fold2_room1_mix0056,73,4,0,47,-7,2.40
fold2_room1_mix0056,75,2,0,84,-2,3.50
fold2_room1_mix0056,75,4,0,34,-6,5.59
fold2_room1_mix0056,75,4,0,34,-5,4.60
fold2_room1_mix0056,76,2,0,90,-2,12.84
fold2_room1_mix0056,76,4,0,-166,0,13.96
fold2_room1_mix0056,76,4,0,32,-5,4.07
fold2_room1_mix0056,77,2,0,87,-2,12.68
fold2_room1_mix0056,77,4,0,-171,-2,11.97
fold2_room1_mix0056,77,4,0,30,-4,4.94
fold2_room1_mix0056,78,2,0,97,-2,12.44
fold2_room1_mix0056,78,4,0,20,-4,5.64
fold2_room1_mix0056,78,4,0,21,-4,5.50
fold2_room1_mix0056,79,2,0,96,-3,11.93
fold2_room1_mix0056,79,4,0,19,-4,6.81
fold2_room1_mix0056,79,4,0,19,-4,6.53
fold2_room1_mix0056,80,2,0,97,-3,10.40
fold2_room1_mix0056,80,4,0,18,-3,7.07
fold2_room1_mix0056,80,4,0,17,-3,6.84
fold2_room1_mix0056,81,2,0,105,-3,10.65
fold2_room1_mix0056,81,4,0,15,-3,7.92
fold2_room1_mix0056,81,4,0,14,-3,8.08
fold2_room1_mix0056,82,4,0,14,-3,8.58
fold2_room1_mix0056,82,4,0,14,-3,8.66
fold2_room1_mix0056,83,4,0,14,-3,9.03
fold2_room1_mix0056,83,4,0,13,-2,9.40
fold2_room1_mix0056,84,4,0,14,-2,9.52
fold2_room1_mix0056,84,4,0,13,-2,9.74
fold2_room1_mix0056,85,4,0,15,-2,9.96
fold2_room1_mix0056,85,4,0,13,-1,10.28
fold2_room1_mix0056,86,2,0,93,-3,12.25
fold2_room1_mix0056,86,4,0,14,-1,11.33
fold2_room1_mix0056,86,4,0,11,-1,11.36
fold2_room1_mix0056,87,2,0,92,-3,12.59
fold2_room1_mix0056,87,4,0,13,-1,10.80
fold2_room1_mix0056,87,4,0,10,-1,11.16
fold2_room1_mix0056,88,2,0,93,-3,12.55
fold2_room1_mix0056,88,4,0,14,-2,11.26
fold2_room1_mix0056,88,4,0,11,-2,11.37
fold2_room1_mix0056,89,2,0,96,-3,11.60
fold2_room1_mix0056,89,4,0,12,-1,12.95
fold2_room1_mix0056,89,4,0,9,-1,13.39
fold2_room1_mix0056,90,2,0,96,-3,11.47
fold2_room1_mix0056,90,4,0,10,-1,12.64
fold2_room1_mix0056,90,4,0,7,-1,13.02
fold2_room1_mix0056,91,2,0,99,-3,10.90
fold2_room1_mix0056,91,4,0,11,-1,12.28
fold2_room1_mix0056,91,4,0,9,-1,12.56
fold2_room1_mix0056,92,2,0,97,-3,9.28
fold2_room1_mix0056,92,4,0,9,-1,13.84
fold2_room1_mix0056,92,4,0,7,-1,14.66
fold2_room1_mix0056,93,4,0,7,-2,12.84
fold2_room1_mix0056,93,4,0,6,-1,13.68
fold2_room1_mix0056,94,4,0,7,-1,14.80
fold2_room1_mix0056,94,4,0,6,-1,15.85
fold2_room1_mix0056,95,4,0,6,-1,16.39
fold2_room1_mix0056,95,4,0,4,-1,17.05
fold2_room1_mix0056,96,4,0,5,-1,16.08
fold2_room1_mix0056,96,4,0,4,-1,16.62
fold2_room1_mix0056,97,2,0,105,-3,12.93
fold2_room1_mix0056,97,4,0,7,-1,18.13
fold2_room1_mix0056,97,4,0,4,-1,17.82
fold2_room1_mix0056,98,2,0,104,-3,11.06
fold2_room1_mix0056,98,4,0,9,0,25.20
fold2_room1_mix0056,98,4,0,8,0,25.27
fold2_room1_mix0056,99,2,0,101,-3,10.36
fold2_room1_mix0056,99,4,0,11,0,21.08
fold2_room1_mix0056,99,4,0,7,0,21.01
fold2_room1_mix0056,74,4,0,-167,-2,11.96
fold2_room1_mix0056,74,4,0,41,-5,2.77
fold2_room1_mix0059,1,0,0,1,0,6.32
fold2_room1_mix0059,1,5,0,22,8,2.95
fold2_room1_mix0059,2,0,0,0,0,293.82
fold2_room1_mix0059,2,4,0,6,0,5.41
fold2_room1_mix0059,2,5,0,33,7,4.26
fold2_room1_mix0059,3,0,0,0,0,448.11
fold2_room1_mix0059,3,4,0,2,0,23.76
fold2_room1_mix0059,3,5,0,34,11,1.11
fold2_room1_mix0059,4,0,0,0,0,503.50
fold2_room1_mix0059,4,4,0,3,-1,23.33
fold2_room1_mix0059,4,5,0,44,6,4.62
fold2_room1_mix0059,5,0,0,0,0,547.08
fold2_room1_mix0059,5,4,0,3,-1,23.17
fold2_room1_mix0059,5,5,0,39,7,6.52
fold2_room1_mix0059,6,0,0,0,0,511.88
fold2_room1_mix0059,6,4,0,0,-1,29.45
fold2_room1_mix0059,6,5,0,42,10,5.26
fold2_room1_mix0059,7,0,0,0,0,611.69
fold2_room1_mix0059,7,4,0,2,-1,35.54
fold2_room1_mix0059,7,5,0,42,8,5.20
fold2_room1_mix0059,8,0,0,0,0,726.78
fold2_room1_mix0059,8,4,0,1,-1,35.64
fold2_room1_mix0059,8,5,0,41,9,4.54
fold2_room1_mix0059,9,0,0,0,0,677.56
fold2_room1_mix0059,9,4,0,2,-1,35.55
fold2_room1_mix0059,9,5,0,40,9,4.68
fold2_room1_mix0059,10,0,0,0,0,557.58
fold2_room1_mix0059,10,4,0,2,-1,36.80
fold2_room1_mix0059,10,5,0,39,10,5.53
fold2_room1_mix0059,11,0,0,0,0,556.90
fold2_room1_mix0059,11,4,0,1,-1,35.66
fold2_room1_mix0059,11,5,0,38,8,6.42
fold2_room1_mix0059,12,0,0,0,0,650.29
fold2_room1_mix0059,12,4,0,0,-1,33.95
fold2_room1_mix0059,12,5,0,39,10,5.29
fold2_room1_mix0059,13,0,0,0,0,527.86
fold2_room1_mix0059,13,4,0,1,-1,36.87
fold2_room1_mix0059,13,5,0,37,10,5.64
fold2_room1_mix0059,14,0,0,0,0,612.42
fold2_room1_mix0059,14,4,0,0,-2,33.71
fold2_room1_mix0059,14,5,0,36,8,6.11
fold2_room1_mix0059,15,0,0,0,0,547.86
fold2_room1_mix0059,15,4,0,0,-1,30.75
fold2_room1_mix0059,15,5,0,39,10,5.51
fold2_room1_mix0059,16,0,0,0,0,572.59
fold2_room1_mix0059,16,4,0,0,-1,31.50
fold2_room1_mix0059,16,5,0,37,11,5.02
fold2_room1_mix0059,17,0,0,0,0,601.81
fold2_room1_mix0059,17,4,0,-1,-2,31.80
fold2_room1_mix0059,17,5,0,39,9,5.72
fold2_room1_mix0059,18,0,0,0,0,659.92
fold2_room1_mix0059,18,4,0,0,-2,29.15
fold2_room1_mix0059,18,5,0,43,8,5.81
fold2_room1_mix0059,19,0,0,-1,0,468.00
fold2_room1_mix0059,19,4,0,-1,-1,30.98
fold2_room1_mix0059,19,5,0,40,11,5.22
fold2_room1_mix0059,20,0,0,0,0,572.53
fold2_room1_mix0059,20,4,0,-1,-1,29.84
fold2_room1_mix0059,20,5,0,41,8,5.78
fold2_room1_mix0059,21,0,0,0,0,672.64
fold2_room1_mix0059,21,4,0,-1,-1,27.32
fold2_room1_mix0059,21,5,0,40,8,6.17
fold2_room1_mix0059,22,0,0,0,0,733.84
fold2_room1_mix0059,22,4,0,0,-1,25.02
fold2_room1_mix0059,22,5,0,41,9,5.28
fold2_room1_mix0059,23,0,0,0,0,602.78
fold2_room1_mix0059,23,4,0,-1,-1,27.48
fold2_room1_mix0059,23,5,0,37,8,6.56
fold2_room1_mix0059,24,0,0,0,0,788.02
fold2_room1_mix0059,24,4,0,-1,-1,24.49
fold2_room1_mix0059,24,5,0,36,8,6.35
fold2_room1_mix0059,25,0,0,0,0,757.68
fold2_room1_mix0059,25,4,0,-1,-1,25.50
fold2_room1_mix0059,25,5,0,38,9,6.18
fold2_room1_mix0059,26,0,0,0,0,715.71
fold2_room1_mix0059,26,4,0,-1,-1,24.46
fold2_room1_mix0059,26,5,0,36,9,6.45
fold2_room1_mix0059,27,0,0,1,0,677.13
fold2_room1_mix0059,27,4,0,0,-1,22.97
fold2_room1_mix0059,27,5,0,36,9,5.99
fold2_room1_mix0059,28,0,0,0,0,719.13
fold2_room1_mix0059,28,4,0,-1,-1,22.90
fold2_room1_mix0059,28,5,0,40,10,5.76
fold2_room1_mix0059,29,0,0,0,0,653.23
fold2_room1_mix0059,29,4,0,0,-1,22.09
fold2_room1_mix0059,29,5,0,41,9,6.10
fold2_room1_mix0059,30,0,0,0,0,783.51
fold2_room1_mix0059,30,4,0,0,-1,20.86
fold2_room1_mix0059,30,5,0,38,9,6.20
fold2_room1_mix0059,31,0,0,0,0,745.77
fold2_room1_mix0059,31,4,0,-1,-1,22.10
fold2_room1_mix0059,31,5,0,42,8,6.41
fold2_room1_mix0059,32,0,0,0,0,669.60
fold2_room1_mix0059,32,4,0,0,-1,22.07
fold2_room1_mix0059,32,5,0,40,9,5.70
fold2_room1_mix0059,33,0,0,0,0,672.22
fold2_room1_mix0059,33,4,0,-2,-1,20.89
fold2_room1_mix0059,33,5,0,40,8,6.94
fold2_room1_mix0059,34,0,0,0,0,811.65
fold2_room1_mix0059,34,4,0,-1,-1,20.89
fold2_room1_mix0059,34,5,0,40,8,6.70
fold2_room1_mix0059,35,0,0,0,0,716.00
fold2_room1_mix0059,35,4,0,-1,-1,20.58
fold2_room1_mix0059,35,5,0,40,9,6.42
fold2_room1_mix0059,36,0,0,0,0,717.88
fold2_room1_mix0059,36,4,0,-2,-1,19.68
fold2_room1_mix0059,36,5,0,41,8,7.42
fold2_room1_mix0059,37,0,0,0,0,752.83
fold2_room1_mix0059,37,4,0,-3,-1,18.93
fold2_room1_mix0059,37,5,0,39,8,7.13
fold2_room1_mix0059,38,0,0,0,0,726.60
fold2_room1_mix0059,38,4,0,-3,-1,16.79
fold2_room1_mix0059,38,5,0,40,9,6.68
fold2_room1_mix0059,39,0,0,0,0,666.07
fold2_room1_mix0059,39,4,0,-3,-1,17.76
fold2_room1_mix0059,39,5,0,39,8,7.18
fold2_room1_mix0059,40,0,0,0,0,768.83
fold2_room1_mix0059,40,4,0,-2,-1,16.35
fold2_room1_mix0059,40,5,0,40,8,6.94
fold2_room1_mix0059,41,0,0,0,0,753.46
fold2_room1_mix0059,41,4,0,-2,-2,15.64
fold2_room1_mix0059,41,5,0,40,9,6.11
fold2_room1_mix0059,42,0,0,0,0,665.49
fold2_room1_mix0059,42,4,0,-2,-1,15.18
fold2_room1_mix0059,42,5,0,43,9,6.58
fold2_room1_mix0059,43,0,0,0,0,738.60
fold2_room1_mix0059,43,4,0,-2,-2,14.73
fold2_room1_mix0059,43,5,0,41,9,6.53
fold2_room1_mix0059,44,0,0,0,0,791.61
fold2_room1_mix0059,44,4,0,-3,-2,13.78
fold2_room1_mix0059,44,5,0,42,9,6.39
fold2_room1_mix0059,45,0,0,0,0,616.70
fold2_room1_mix0059,45,4,0,-2,-2,13.79
fold2_room1_mix0059,45,5,0,42,8,6.88
fold2_room1_mix0059,46,0,0,0,0,770.36
fold2_room1_mix0059,46,4,0,-2,-2,13.87
fold2_room1_mix0059,46,5,0,40,8,6.84
fold2_room1_mix0059,47,0,0,0,0,781.56
fold2_room1_mix0059,47,4,0,-2,-2,14.40
fold2_room1_mix0059,47,5,0,40,8,7.10
fold2_room1_mix0059,48,0,0,0,0,777.56
fold2_room1_mix0059,48,4,0,-2,-2,13.21
fold2_room1_mix0059,48,5,0,40,9,6.09
fold2_room1_mix0059,49,0,0,0,0,822.56
fold2_room1_mix0059,49,4,0,-1,-2,12.82
fold2_room1_mix0059,49,5,0,38,8,7.39
fold2_room1_mix0059,50,0,0,0,0,844.97
fold2_room1_mix0059,50,4,0,-2,-2,11.33
fold2_room1_mix0059,50,5,0,38,8,7.00
fold2_room1_mix0059,51,0,0,0,0,682.05
fold2_room1_mix0059,51,4,0,-2,-2,11.41
fold2_room1_mix0059,51,5,0,41,9,5.74
fold2_room1_mix0059,52,0,0,0,0,693.07
fold2_room1_mix0059,52,4,0,-2,-2,10.63
fold2_room1_mix0059,52,5,0,41,8,6.80
fold2_room1_mix0059,53,0,0,0,0,766.39
fold2_room1_mix0059,53,4,0,-2,-2,10.77
fold2_room1_mix0059,53,5,0,39,8,6.72
fold2_room1_mix0059,54,0,0,0,0,789.08
fold2_room1_mix0059,54,4,0,-2,-3,9.75
fold2_room1_mix0059,54,5,0,41,9,5.70
fold2_room1_mix0059,55,0,0,0,0,664.05
fold2_room1_mix0059,55,4,0,-3,-3,9.22
fold2_room1_mix0059,55,5,0,43,8,6.35
fold2_room1_mix0059,56,0,0,0,0,785.02
fold2_room1_mix0059,56,4,0,-3,-3,9.49
fold2_room1_mix0059,56,5,0,40,8,6.13
fold2_room1_mix0059,57,0,0,0,0,766.96
fold2_room1_mix0059,57,4,0,-3,-3,8.40
fold2_room1_mix0059,57,5,0,41,9,5.77
fold2_room1_mix0059,58,0,0,0,0,740.95
fold2_room1_mix0059,58,4,0,-2,-4,8.27
fold2_room1_mix0059,58,5,0,41,9,6.42
fold2_room1_mix0059,59,0,0,0,0,759.72
fold2_room1_mix0059,59,4,0,-3,-4,7.86
fold2_room1_mix0059,59,5,0,38,8,6.90
fold2_room1_mix0059,60,0,0,0,0,822.91
fold2_room1_mix0059,60,4,0,-3,-4,7.21
fold2_room1_mix0059,60,5,0,38,8,6.51
fold2_room1_mix0059,61,0,0,0,0,776.04
fold2_room1_mix0059,61,4,0,-3,-4,6.72
fold2_room1_mix0059,61,5,0,41,8,6.64
fold2_room1_mix0059,62,0,0,0,0,867.68
fold2_room1_mix0059,62,4,0,-3,-5,5.50
fold2_room1_mix0059,62,5,0,40,8,6.97
fold2_room1_mix0059,63,0,0,0,0,764.50
fold2_room1_mix0059,63,4,0,-3,-5,5.27
fold2_room1_mix0059,63,5,0,38,8,6.16
fold2_room1_mix0059,64,0,0,0,0,724.96
fold2_room1_mix0059,64,4,0,-3,-6,4.90
fold2_room1_mix0059,64,5,0,41,9,5.94
fold2_room1_mix0059,65,0,0,0,0,765.96
fold2_room1_mix0059,65,4,0,-3,-7,4.16
fold2_room1_mix0059,65,5,0,40,8,7.12
fold2_room1_mix0059,66,0,0,0,0,818.22
fold2_room1_mix0059,66,4,0,-3,-8,3.60
fold2_room1_mix0059,66,5,0,42,8,6.30
fold2_room1_mix0059,67,0,0,0,0,746.09
fold2_room1_mix0059,67,4,0,-3,-9,3.27
fold2_room1_mix0059,67,5,0,40,9,5.90
fold2_room1_mix0059,68,0,0,0,0,765.69
fold2_room1_mix0059,68,4,0,-3,-9,3.14
fold2_room1_mix0059,68,5,0,42,8,7.24
fold2_room1_mix0059,69,0,0,0,0,793.17
fold2_room1_mix0059,69,4,0,-7,-11,2.85
fold2_room1_mix0059,69,5,0,39,7,6.62
fold2_room1_mix0059,70,0,0,0,0,859.72
fold2_room1_mix0059,70,4,0,-9,-15,2.31
fold2_room1_mix0059,70,5,0,42,8,6.04
fold2_room1_mix0059,71,0,0,1,0,805.50
fold2_room1_mix0059,71,4,0,-12,-20,2.08
fold2_room1_mix0059,71,5,0,41,7,7.36
fold2_room1_mix0059,72,0,0,1,0,978.02
fold2_room1_mix0059,72,4,0,-18,-28,1.24
fold2_room1_mix0059,72,4,0,-4,-18,3.90
fold2_room1_mix0059,72,5,0,42,7,7.08
fold2_room1_mix0059,73,0,0,0,0,944.05
fold2_room1_mix0059,73,4,0,-34,-36,0.94
fold2_room1_mix0059,73,4,0,-5,-22,4.24
fold2_room1_mix0059,73,5,0,41,7,7.16
fold2_room1_mix0059,74,0,0,1,0,903.75
fold2_room1_mix0059,74,4,0,-76,-42,0.80
fold2_room1_mix0059,74,4,0,-19,-31,4.26
fold2_room1_mix0059,74,5,0,44,6,8.22
fold2_room1_mix0059,75,0,0,1,0,855.95
fold2_room1_mix0059,75,4,0,-112,-46,0.81
fold2_room1_mix0059,75,4,0,-26,-38,3.63
fold2_room1_mix0059,75,5,0,40,6,7.87
fold2_room1_mix0059,76,0,0,1,0,861.21
fold2_room1_mix0059,76,4,0,-149,-35,1.05
fold2_room1_mix0059,76,5,0,37,6,7.29
fold2_room1_mix0059,77,0,0,0,0,752.67
fold2_room1_mix0059,77,4,0,-160,-30,1.17
fold2_room1_mix0059,77,5,0,38,6,7.68
fold2_room1_mix0059,78,0,0,2,0,812.31
fold2_room1_mix0059,78,4,0,-166,-24,2.01
fold2_room1_mix0059,78,5,0,38,6,7.64
fold2_room1_mix0059,79,0,0,1,0,817.45
fold2_room1_mix0059,79,4,0,-170,-18,2.36
fold2_room1_mix0059,79,5,0,36,6,7.09
fold2_room1_mix0059,80,0,0,1,0,792.90
fold2_room1_mix0059,80,4,0,-173,-17,2.95
fold2_room1_mix0059,80,5,0,37,6,6.86
fold2_room1_mix0059,81,0,0,2,0,781.69
fold2_room1_mix0059,81,4,0,-174,-13,3.21
fold2_room1_mix0059,81,5,0,38,6,7.81
fold2_room1_mix0059,82,0,0,1,0,859.56
fold2_room1_mix0059,82,4,0,-177,-12,3.61
fold2_room1_mix0059,82,5,0,35,6,6.89
fold2_room1_mix0059,83,0,0,0,0,693.99
fold2_room1_mix0059,83,4,0,-178,-10,3.94
fold2_room1_mix0059,83,5,0,35,7,7.05
fold2_room1_mix0059,84,0,0,1,0,759.54
fold2_room1_mix0059,84,4,0,-177,-9,4.36
fold2_room1_mix0059,84,5,0,39,6,7.76
fold2_room1_mix0059,85,0,0,1,0,817.22
fold2_room1_mix0059,85,4,0,-177,-8,4.91
fold2_room1_mix0059,85,5,0,37,6,7.33
fold2_room1_mix0059,86,0,0,0,0,773.59
fold2_room1_mix0059,86,4,0,-178,-8,5.18
fold2_room1_mix0059,86,5,0,38,7,7.33
fold2_room1_mix0059,87,0,0,1,0,716.56
fold2_room1_mix0059,87,4,0,-176,-6,5.87
fold2_room1_mix0059,87,5,0,41,6,8.21
fold2_room1_mix0059,88,0,0,1,0,858.61
fold2_room1_mix0059,88,4,0,-178,-6,5.92
fold2_room1_mix0059,88,5,0,41,6,8.01
fold2_room1_mix0059,89,0,0,0,0,772.24
fold2_room1_mix0059,89,4,0,-178,-6,6.57
fold2_room1_mix0059,89,5,0,40,7,7.76
fold2_room1_mix0059,90,0,0,1,0,679.34
fold2_room1_mix0059,90,4,0,-178,-5,7.03
fold2_room1_mix0059,90,5,0,42,7,8.45
fold2_room1_mix0059,91,0,0,1,0,662.29
fold2_room1_mix0059,91,4,0,-177,-5,7.65
fold2_room1_mix0059,91,5,0,40,6,8.51
fold2_room1_mix0059,92,0,0,1,0,750.38
fold2_room1_mix0059,92,4,0,-178,-4,8.21
fold2_room1_mix0059,92,5,0,41,7,7.50
fold2_room1_mix0059,93,0,0,0,0,608.74
fold2_room1_mix0059,93,4,0,-178,-4,9.20
fold2_room1_mix0059,93,5,0,40,7,8.36
fold2_room1_mix0059,94,0,0,1,0,663.91
fold2_room1_mix0059,94,4,0,-178,-4,9.42
fold2_room1_mix0059,94,5,0,43,6,8.73
fold2_room1_mix0059,95,0,0,0,0,712.36
fold2_room1_mix0059,95,4,0,-177,-4,9.99
fold2_room1_mix0059,95,5,0,38,7,7.80
fold2_room1_mix0059,96,0,0,0,0,577.70
fold2_room1_mix0059,96,4,0,-178,-3,10.46
fold2_room1_mix0059,96,5,0,38,7,7.73
fold2_room1_mix0059,97,0,0,1,0,645.41
fold2_room1_mix0059,97,4,0,-177,-3,11.15
fold2_room1_mix0059,97,5,0,41,6,9.00
fold2_room1_mix0059,98,0,0,1,0,689.03
fold2_room1_mix0059,98,4,0,-178,-3,10.78
fold2_room1_mix0059,98,5,0,42,6,8.30
fold2_room1_mix0059,99,0,0,0,0,529.00
fold2_room1_mix0059,99,4,0,-178,-3,10.92
fold2_room1_mix0059,99,5,0,39,7,8.61
fold2_room1_mix0060,1,4,0,-175,0,3.09
fold2_room1_mix0060,2,4,0,-177,0,8.81
fold2_room1_mix0060,3,4,0,-177,0,11.68
fold2_room1_mix0060,4,4,0,-178,0,15.37
fold2_room1_mix0060,5,4,0,-177,0,18.09
fold2_room1_mix0060,6,4,0,-177,0,22.23
fold2_room1_mix0060,7,4,0,-179,0,23.88
fold2_room1_mix0060,8,4,0,-177,0,22.83
fold2_room1_mix0060,9,4,0,-176,-1,21.74
fold2_room1_mix0060,10,4,0,-178,-1,21.05
fold2_room1_mix0060,11,4,0,-177,-1,20.86
fold2_room1_mix0060,12,4,0,-176,-1,20.62
fold2_room1_mix0060,13,4,0,-177,-1,20.85
fold2_room1_mix0060,14,4,0,-177,-1,21.64
fold2_room1_mix0060,15,4,0,-177,-1,20.08
fold2_room1_mix0060,16,4,0,-177,-1,20.61
fold2_room1_mix0060,17,4,0,-178,0,19.93
fold2_room1_mix0060,18,4,0,-178,0,19.70
fold2_room1_mix0060,19,4,0,-176,0,19.54
fold2_room1_mix0060,20,4,0,-176,0,19.28
fold2_room1_mix0060,21,4,0,-176,-1,18.24
fold2_room1_mix0060,22,4,0,-176,-1,17.06
fold2_room1_mix0060,23,4,0,-175,-1,17.02
fold2_room1_mix0060,24,4,0,-176,-1,16.65
fold2_room1_mix0060,25,4,0,-176,-1,16.91
fold2_room1_mix0060,26,4,0,-176,-1,16.11
fold2_room1_mix0060,27,4,0,-176,-1,16.11
fold2_room1_mix0060,28,4,0,-177,-1,16.16
fold2_room1_mix0060,29,4,0,-177,-1,14.96
fold2_room1_mix0060,30,4,0,-176,-1,14.43
fold2_room1_mix0060,31,4,0,-176,-1,14.31
fold2_room1_mix0060,32,4,0,-175,-1,13.87
fold2_room1_mix0060,33,4,0,-174,-1,14.81
fold2_room1_mix0060,34,4,0,-176,-1,13.08
fold2_room1_mix0060,35,4,0,-174,-1,13.54
fold2_room1_mix0060,36,4,0,-174,-1,13.48
fold2_room1_mix0060,37,4,0,-175,-1,13.11
fold2_room1_mix0060,38,4,0,-175,-1,12.24
fold2_room1_mix0060,39,4,0,-174,-1,12.36
fold2_room1_mix0060,40,4,0,-174,-1,12.22
fold2_room1_mix0060,41,4,0,-174,-1,11.79
fold2_room1_mix0060,42,4,0,-172,-1,11.52
fold2_room1_mix0060,43,4,0,-172,-2,11.55
fold2_room1_mix0060,44,4,0,-171,-2,10.88
fold2_room1_mix0060,45,4,0,-173,-2,10.73
fold2_room1_mix0060,46,4,0,-171,-2,10.08
fold2_room1_mix0060,47,4,0,-172,-2,10.11
fold2_room1_mix0060,48,4,0,-172,-2,9.95
fold2_room1_mix0060,49,4,0,-171,-2,9.90
fold2_room1_mix0060,50,4,0,-171,-2,9.52
fold2_room1_mix0060,51,4,0,-172,-3,8.95
fold2_room1_mix0060,52,4,0,-171,-3,8.80
fold2_room1_mix0060,53,4,0,-172,-3,8.56
fold2_room1_mix0060,54,4,0,-171,-3,7.87
fold2_room1_mix0060,55,4,0,-171,-3,7.73
fold2_room1_mix0060,56,4,0,-171,-3,7.43
fold2_room1_mix0060,57,4,0,-171,-3,7.46
fold2_room1_mix0060,58,4,0,-170,-4,6.92
fold2_room1_mix0060,59,4,0,-171,-4,6.41
fold2_room1_mix0060,60,4,0,-170,-4,6.57
fold2_room1_mix0060,61,4,0,-170,-4,6.47
fold2_room1_mix0060,62,4,0,-170,-4,6.04
fold2_room1_mix0060,63,4,0,-169,-4,5.68
fold2_room1_mix0060,64,4,0,-169,-4,5.49
fold2_room1_mix0060,65,4,0,-168,-5,5.16
fold2_room1_mix0060,66,4,0,-168,-5,5.11
fold2_room1_mix0060,67,4,0,-167,-5,4.93
fold2_room1_mix0060,68,4,0,-166,-6,4.52
fold2_room1_mix0060,69,4,0,-166,-6,4.23
fold2_room1_mix0060,70,4,0,-166,-7,3.85
fold2_room1_mix0060,71,4,0,-165,-8,3.65
fold2_room1_mix0060,72,4,0,-166,-8,3.38
fold2_room1_mix0060,73,4,0,-164,-8,3.21
fold2_room1_mix0060,74,4,0,-161,-9,3.04
fold2_room1_mix0060,75,4,0,-158,-9,2.86
fold2_room1_mix0060,76,4,0,-159,-9,2.73
fold2_room1_mix0060,77,4,0,-156,-12,2.39
fold2_room1_mix0060,78,4,0,-154,-13,2.23
fold2_room1_mix0060,79,4,0,-151,-14,1.97
fold2_room1_mix0060,80,4,0,-147,-18,1.77
fold2_room1_mix0060,81,4,0,-145,-19,1.66
fold2_room1_mix0060,82,4,0,-140,-21,1.52
fold2_room1_mix0060,83,4,0,-136,-23,1.42
fold2_room1_mix0060,84,4,0,-130,-26,1.31
fold2_room1_mix0060,85,4,0,-120,-30,1.20
fold2_room1_mix0060,86,4,0,-111,-31,1.10
fold2_room1_mix0060,87,4,0,-102,-30,1.17
fold2_room1_mix0060,88,4,0,-94,-29,1.24
fold2_room1_mix0060,89,4,0,-82,-30,1.27
fold2_room1_mix0060,90,4,0,-66,-29,1.24
fold2_room1_mix0060,91,4,0,-56,-27,1.40
fold2_room1_mix0060,92,4,0,-50,-25,1.45
fold2_room1_mix0060,93,4,0,-41,-23,1.54
fold2_room1_mix0060,94,4,0,-36,-20,1.71
fold2_room1_mix0060,95,4,0,-34,-19,1.80
fold2_room1_mix0060,96,4,0,-30,-17,1.92
fold2_room1_mix0060,97,4,0,-27,-16,2.02
fold2_room1_mix0060,98,4,0,-25,-14,2.30
fold2_room1_mix0060,99,4,0,-23,-13,2.49
fold2_room1_mix0062,0,0,0,0,0,129.86
fold2_room1_mix0062,1,0,0,0,0,138.62
fold2_room1_mix0062,2,0,0,-1,0,193.37
fold2_room1_mix0062,3,0,0,0,0,633.14
fold2_room1_mix0062,4,0,0,0,0,463.37
fold2_room1_mix0062,5,0,0,-2,0,564.72
fold2_room1_mix0062,6,0,0,-1,0,606.56
fold2_room1_mix0062,7,0,0,-1,0,479.96
fold2_room1_mix0062,8,0,0,-1,0,457.58
fold2_room1_mix0062,9,0,0,-1,0,541.54
fold2_room1_mix0062,10,0,0,-1,0,582.19
fold2_room1_mix0062,11,0,0,-2,0,571.49
fold2_room1_mix0062,12,0,0,-2,0,451.00
fold2_room1_mix0062,13,0,0,-1,0,538.82
fold2_room1_mix0062,14,0,0,-2,0,618.78
fold2_room1_mix0062,15,0,0,-2,0,544.31
fold2_room1_mix0062,16,0,0,-1,0,524.85
fold2_room1_mix0062,17,0,0,-1,0,605.71
fold2_room1_mix0062,18,0,0,0,0,539.74
fold2_room1_mix0062,19,0,0,-1,0,509.52
fold2_room1_mix0062,20,0,0,0,0,405.13
fold2_room1_mix0062,21,0,0,-1,0,485.69
fold2_room1_mix0062,22,0,0,0,0,511.97
fold2_room1_mix0062,23,0,0,0,0,476.36
fold2_room1_mix0062,24,0,0,0,0,392.02
fold2_room1_mix0062,25,0,0,0,0,505.17
fold2_room1_mix0062,26,0,0,-1,0,435.23
fold2_room1_mix0062,27,0,0,0,0,487.13
fold2_room1_mix0062,28,0,0,0,0,438.93
fold2_room1_mix0062,29,0,0,-1,0,523.47
fold2_room1_mix0062,30,0,0,0,0,466.03
fold2_room1_mix0062,31,0,0,-1,0,436.60
fold2_room1_mix0062,32,0,0,-1,0,429.68
fold2_room1_mix0062,33,0,0,-1,0,534.97
fold2_room1_mix0062,34,0,0,-1,0,450.53
fold2_room1_mix0062,35,0,0,-2,0,549.48
fold2_room1_mix0062,36,0,0,-1,0,507.06
fold2_room1_mix0062,37,0,0,-1,0,573.38
fold2_room1_mix0062,38,0,0,-2,0,540.05
fold2_room1_mix0062,39,0,0,-2,0,531.73
fold2_room1_mix0062,40,0,0,-1,0,491.35
fold2_room1_mix0062,41,0,0,-1,0,603.94
fold2_room1_mix0062,42,0,0,-1,0,555.11
fold2_room1_mix0062,43,0,0,-1,0,579.58
fold2_room1_mix0062,44,0,0,-1,0,449.41
fold2_room1_mix0062,45,0,0,-1,0,483.69
fold2_room1_mix0062,46,0,0,-1,0,447.40
fold2_room1_mix0062,47,0,0,-1,0,441.71
fold2_room1_mix0062,48,0,0,-1,0,475.66
fold2_room1_mix0062,49,0,0,-1,0,502.81
fold2_room1_mix0062,50,0,0,-1,0,509.69
fold2_room1_mix0062,51,0,0,-1,0,522.27
fold2_room1_mix0062,52,0,0,-2,0,494.49
fold2_room1_mix0062,53,0,0,-1,0,605.87
fold2_room1_mix0062,54,0,0,-1,0,615.33
fold2_room1_mix0062,55,0,0,-1,0,561.08
fold2_room1_mix0062,56,0,0,-1,0,535.27
fold2_room1_mix0062,57,0,0,-1,0,571.61
fold2_room1_mix0062,58,0,0,-1,0,518.86
fold2_room1_mix0062,59,0,0,-1,0,566.77
fold2_room1_mix0062,60,0,0,-1,0,457.93
fold2_room1_mix0062,61,0,0,-1,0,543.15
fold2_room1_mix0062,62,0,0,0,0,598.01
fold2_room1_mix0062,63,0,0,0,0,528.71
fold2_room1_mix0062,64,0,0,0,0,453.66
fold2_room1_mix0062,65,0,0,0,0,512.23
fold2_room1_mix0062,66,0,0,0,0,467.31
fold2_room1_mix0062,67,0,0,0,0,480.99
fold2_room1_mix0062,68,0,0,0,0,434.17
fold2_room1_mix0062,69,0,0,0,0,512.32
fold2_room1_mix0062,70,0,0,0,0,486.58
fold2_room1_mix0062,71,0,0,0,0,457.86
fold2_room1_mix0062,72,0,0,-1,0,451.63
fold2_room1_mix0062,73,0,0,0,0,471.74
fold2_room1_mix0062,74,0,0,-1,0,537.20
fold2_room1_mix0062,75,0,0,-1,0,552.47
fold2_room1_mix0062,76,0,0,-1,0,450.99
fold2_room1_mix0062,77,0,0,-1,0,538.62
fold2_room1_mix0062,78,0,0,-1,0,542.29
fold2_room1_mix0062,79,0,0,-1,0,535.13
fold2_room1_mix0062,80,0,0,-1,0,553.56
fold2_room1_mix0062,81,0,0,0,0,561.67
fold2_room1_mix0062,82,0,0,0,0,538.65
fold2_room1_mix0062,83,0,0,0,0,576.04
fold2_room1_mix0062,84,0,0,0,0,506.04
fold2_room1_mix0062,85,0,0,0,0,560.29
fold2_room1_mix0062,86,0,0,-1,0,584.06
fold2_room1_mix0062,87,0,0,0,0,494.31
fold2_room1_mix0062,88,0,0,-1,0,474.37
fold2_room1_mix0062,89,0,0,-1,0,458.98
fold2_room1_mix0062,90,0,0,-1,0,455.57
fold2_room1_mix0062,91,0,0,-1,0,540.31
fold2_room1_mix0062,92,0,0,-1,0,496.36
fold2_room1_mix0062,93,0,0,-1,0,571.95
fold2_room1_mix0062,94,0,0,-1,0,593.39
fold2_room1_mix0062,95,0,0,-1,0,581.81
fold2_room1_mix0062,96,0,0,-1,0,580.98
fold2_room1_mix0062,97,0,0,0,0,549.13
fold2_room1_mix0062,98,0,0,-1,0,512.51
fold2_room1_mix0062,99,0,0,0,0,572.63
fold2_room1_mix0082,42,1,0,136,-2,7.08
fold2_room1_mix0082,44,1,0,136,-1,15.37
fold2_room1_mix0082,45,1,0,126,-2,3.84
fold2_room1_mix0092,0,5,0,-21,5,1.18
fold2_room1_mix0092,1,5,0,-34,5,5.47
fold2_room1_mix0092,2,5,0,-28,5,5.70
fold2_room1_mix0092,3,5,0,-27,5,3.96
fold2_room1_mix0092,4,5,0,-29,5,11.53
fold2_room1_mix0092,5,5,0,-29,6,8.79
fold2_room1_mix0092,6,5,0,-31,6,10.07
fold2_room1_mix0092,7,5,0,-30,5,11.00
fold2_room1_mix0092,8,5,0,-28,6,9.07
fold2_room1_mix0092,9,5,0,-27,6,9.83
fold2_room1_mix0092,10,5,0,-28,6,9.54
fold2_room1_mix0092,11,5,0,-28,6,10.21
fold2_room1_mix0092,12,5,0,-29,6,9.98
fold2_room1_mix0092,13,5,0,-27,6,9.35
fold2_room1_mix0092,14,5,0,-29,6,8.78
fold2_room1_mix0092,15,5,0,-28,5,11.33
fold2_room1_mix0092,16,5,0,-26,6,8.94
fold2_room1_mix0092,17,5,0,-28,6,9.44
fold2_room1_mix0092,18,5,0,-25,6,9.34
fold2_room1_mix0092,19,5,0,-27,5,9.85
fold2_room1_mix0092,20,5,0,-27,5,10.54
fold2_room1_mix0092,21,5,0,-26,6,9.08
fold2_room1_mix0092,22,5,0,-28,6,9.01
fold2_room1_mix0092,23,5,0,-25,5,10.77
fold2_room1_mix0092,24,5,0,-25,7,8.41
fold2_room1_mix0092,25,5,0,-28,6,9.26
fold2_room1_mix0092,26,5,0,-26,6,9.39
fold2_room1_mix0092,27,5,0,-26,6,9.41
fold2_room1_mix0092,28,5,0,-26,6,9.54
fold2_room1_mix0092,29,5,0,-26,6,9.23
fold2_room1_mix0092,30,5,0,-27,6,8.96
fold2_room1_mix0092,31,5,0,-28,6,10.55
fold2_room1_mix0092,32,5,0,-27,7,8.22
fold2_room1_mix0092,33,5,0,-28,6,9.19
fold2_room1_mix0092,34,5,0,-27,6,9.02
fold2_room1_mix0092,35,5,0,-28,6,9.49
fold2_room1_mix0092,36,5,0,-29,6,9.24
fold2_room1_mix0092,37,5,0,-27,6,9.20
fold2_room1_mix0092,38,5,0,-29,7,8.50
fold2_room1_mix0092,39,5,0,-27,6,10.80
fold2_room1_mix0092,40,5,0,-27,7,8.48
fold2_room1_mix0092,41,5,0,-29,6,8.89
fold2_room1_mix0092,42,5,0,-25,6,9.63
fold2_room1_mix0092,43,5,0,-27,6,9.20
fold2_room1_mix0092,44,5,0,-28,6,9.88
fold2_room1_mix0092,45,5,0,-27,6,9.11
fold2_room1_mix0092,46,5,0,-27,7,8.93
fold2_room1_mix0092,47,5,0,-26,6,10.77
fold2_room1_mix0092,48,5,0,-26,7,8.37
fold2_room1_mix0092,49,5,0,-29,6,9.50
fold2_room1_mix0092,50,5,0,-26,6,9.44
fold2_room1_mix0092,51,5,0,-28,6,9.29
fold2_room1_mix0092,52,5,0,-27,6,9.71
fold2_room1_mix0092,53,5,0,-26,6,9.24
fold2_room1_mix0092,54,5,0,-28,6,9.03
fold2_room1_mix0092,55,5,0,-27,6,10.83
fold2_room1_mix0092,56,5,0,-26,7,8.37
fold2_room1_mix0092,57,5,0,-28,6,9.33
fold2_room1_mix0092,58,5,0,-27,6,9.58
fold2_room1_mix0092,59,5,0,-27,6,9.41
fold2_room1_mix0092,60,5,0,-28,6,9.67
fold2_room1_mix0092,61,5,0,-26,6,9.75
fold2_room1_mix0092,62,5,0,-29,7,9.01
fold2_room1_mix0092,63,5,0,-28,6,10.81
fold2_room1_mix0092,64,5,0,-26,7,8.76
fold2_room1_mix0092,65,5,0,-30,6,9.37
fold2_room1_mix0092,66,5,0,-26,6,9.48
fold2_room1_mix0092,67,5,0,-27,6,9.31
fold2_room1_mix0092,68,5,0,-27,6,10.35
fold2_room1_mix0092,69,5,0,-26,6,9.71
fold2_room1_mix0092,70,5,0,-28,6,9.53
fold2_room1_mix0092,71,5,0,-26,6,11.04
fold2_room1_mix0092,72,5,0,-26,7,8.89
fold2_room1_mix0092,73,5,0,-29,6,10.15
fold2_room1_mix0092,74,5,0,-26,6,10.18
fold2_room1_mix0092,75,5,0,-27,6,9.63
fold2_room1_mix0092,76,5,0,-27,6,10.38
fold2_room1_mix0092,77,5,0,-25,6,10.20
fold2_room1_mix0092,78,5,0,-28,6,10.09
fold2_room1_mix0092,79,5,0,-28,6,10.88
fold2_room1_mix0092,80,5,0,-25,6,9.40
fold2_room1_mix0092,81,5,0,-28,6,10.36
fold2_room1_mix0092,82,5,0,-27,6,10.48
fold2_room1_mix0092,83,5,0,-28,6,9.73
fold2_room1_mix0092,84,5,0,-28,6,10.44
fold2_room1_mix0092,85,5,0,-25,6,10.26
fold2_room1_mix0092,86,5,0,-28,6,10.28
fold2_room1_mix0092,87,5,0,-27,6,11.50
fold2_room1_mix0092,88,5,0,-26,6,9.84
fold2_room1_mix0092,89,5,0,-29,6,10.40
fold2_room1_mix0092,90,5,0,-25,6,10.77
fold2_room1_mix0092,91,5,0,-26,6,10.27
fold2_room1_mix0092,92,5,0,-28,6,10.68
fold2_room1_mix0092,93,5,0,-25,6,10.59
fold2_room1_mix0092,94,5,0,-29,6,10.16
fold2_room1_mix0092,95,5,0,-27,6,11.13
fold2_room1_mix0092,96,5,0,-27,6,9.61
fold2_room1_mix0092,97,5,0,-28,6,10.98
fold2_room1_mix0092,98,5,0,-27,6,10.81
fold2_room1_mix0092,99,5,0,-28,6,9.58
fold2_room1_mix0094,39,4,0,-177,-1,5.87
fold2_room1_mix0094,40,4,0,-174,0,15.59
fold2_room1_mix0094,41,4,0,-178,0,20.85
fold2_room1_mix0094,42,4,0,-175,0,14.22
fold2_room1_mix0094,43,4,0,-176,-1,23.45
fold2_room1_mix0094,44,4,0,-175,-1,22.90
fold2_room1_mix0094,45,4,0,-176,-1,24.49
fold2_room1_mix0094,46,4,0,-176,-1,24.24
fold2_room1_mix0094,47,4,0,-178,0,24.61
fold2_room1_mix0094,48,4,0,-177,-1,24.69
fold2_room1_mix0094,49,4,0,-177,-1,23.80
fold2_room1_mix0094,50,4,0,-177,0,23.61
fold2_room1_mix0094,51,4,0,-178,0,22.60
fold2_room1_mix0094,52,4,0,-176,-1,21.54
fold2_room1_mix0094,53,4,0,-173,-1,21.30
fold2_room1_mix0094,54,4,0,-172,-1,21.07
fold2_room1_mix0094,55,4,0,-172,0,21.01
fold2_room1_mix0094,56,4,0,-171,-1,19.71
fold2_room1_mix0094,57,4,0,-171,-1,18.88
fold2_room1_mix0094,58,3,0,-81,-3,7.71
fold2_room1_mix0094,58,4,0,-170,-1,17.48
fold2_room1_mix0094,59,3,0,-84,-3,7.74
fold2_room1_mix0094,59,4,0,-171,-1,16.39
fold2_room1_mix0094,60,3,0,-87,-3,6.69
fold2_room1_mix0094,60,4,0,-169,-1,17.78
fold2_room1_mix0094,61,3,0,-84,-3,5.69
fold2_room1_mix0094,61,4,0,-170,-1,16.67
fold2_room1_mix0094,62,3,0,-84,-3,9.47
fold2_room1_mix0094,62,4,0,-170,-1,14.77
fold2_room1_mix0094,63,4,0,-172,-1,15.71
fold2_room1_mix0094,64,4,0,-172,-1,14.60
fold2_room1_mix0094,65,4,0,-171,-1,13.35
fold2_room1_mix0094,66,4,0,-171,-1,12.78
fold2_room1_mix0094,67,4,0,-170,-1,12.55
fold2_room1_mix0094,68,4,0,-170,-1,12.40
fold2_room1_mix0094,69,4,0,-168,-1,11.94
fold2_room1_mix0094,70,4,0,-167,-1,11.54
fold2_room1_mix0094,71,4,0,-166,-1,10.70
fold2_room1_mix0094,72,4,0,-167,-2,10.16
fold2_room1_mix0094,73,4,0,-167,-2,9.82
fold2_room1_mix0094,74,4,0,-165,-2,9.09
fold2_room1_mix0094,75,4,0,-165,-3,8.22
fold2_room1_mix0094,76,4,0,-164,-3,7.80
fold2_room1_mix0094,77,4,0,-163,-3,7.20
fold2_room1_mix0094,78,4,0,-161,-3,6.72
fold2_room1_mix0094,79,4,0,-160,-4,5.96
fold2_room1_mix0094,80,4,0,-158,-4,5.57
fold2_room1_mix0094,81,4,0,-157,-4,5.03
fold2_room1_mix0094,82,4,0,-153,-5,4.59
fold2_room1_mix0094,83,4,0,-150,-5,4.26
fold2_room1_mix0094,84,4,0,-145,-6,3.74
fold2_room1_mix0094,85,4,0,-140,-6,3.37
fold2_room1_mix0094,86,4,0,-132,-8,2.95
fold2_room1_mix0094,87,4,0,-122,-8,2.64
fold2_room1_mix0094,88,4,0,-108,-9,2.40
fold2_room1_mix0094,89,4,0,-94,-10,2.45
fold2_room1_mix0094,90,4,0,-78,-10,2.41
fold2_room1_mix0094,91,4,0,-66,-8,2.46
fold2_room1_mix0094,92,4,0,-55,-7,2.77
fold2_room1_mix0094,93,4,0,-45,-6,3.15
fold2_room1_mix0094,94,4,0,-40,-5,3.45
fold2_room1_mix0094,95,4,0,-34,-5,3.78
fold2_room1_mix0094,96,4,0,-30,-5,4.18
fold2_room1_mix0094,97,4,0,-27,-4,4.38
fold2_room1_mix0094,98,4,0,-25,-4,4.79
fold2_room1_mix0094,99,4,0,-22,-4,5.39
fold2_room1_mix0094,38,4,0,-178,0,3.30
fold2_room1_mix0107,0,5,0,-80,3,2.20
fold2_room1_mix0107,1,4,0,-12,0,3.47
fold2_room1_mix0107,1,5,0,-81,4,7.14
fold2_room1_mix0107,2,4,0,-20,1,5.01
fold2_room1_mix0107,2,5,0,-75,4,8.82
fold2_room1_mix0107,3,4,0,-20,0,16.58
fold2_room1_mix0107,3,4,0,-16,0,16.72
fold2_room1_mix0107,3,5,0,-79,3,3.38
fold2_room1_mix0107,4,4,0,-19,0,17.71
fold2_room1_mix0107,4,4,0,-18,0,18.08
fold2_room1_mix0107,5,4,0,-18,0,17.23
fold2_room1_mix0107,5,4,0,-17,0,18.02
fold2_room1_mix0107,5,5,0,-74,5,14.34
fold2_room1_mix0107,6,4,0,-25,-1,21.62
fold2_room1_mix0107,6,4,0,-22,-1,22.97
fold2_room1_mix0107,6,5,0,-73,5,13.61
fold2_room1_mix0107,7,4,0,-26,-1,24.62
fold2_room1_mix0107,7,4,0,-23,-1,27.06
fold2_room1_mix0107,7,5,0,-73,5,11.72
fold2_room1_mix0107,8,4,0,-26,-1,23.38
fold2_room1_mix0107,8,4,0,-23,-1,25.53
fold2_room1_mix0107,8,5,0,-71,5,12.19
fold2_room1_mix0107,9,4,0,-28,-1,22.40
fold2_room1_mix0107,9,4,0,-25,-1,24.51
fold2_room1_mix0107,9,5,0,-73,5,12.84
fold2_room1_mix0107,10,4,0,-28,-1,21.39
fold2_room1_mix0107,10,4,0,-25,-1,23.63
fold2_room1_mix0107,10,5,0,-72,5,12.52
fold2_room1_mix0107,11,4,0,-24,-1,22.49
fold2_room1_mix0107,11,4,0,-22,-1,24.19
fold2_room1_mix0107,11,5,0,-68,5,11.57
fold2_room1_mix0107,12,4,0,-29,-1,23.45
fold2_room1_mix0107,12,4,0,-26,-1,25.62
fold2_room1_mix0107,12,5,0,-70,5,12.59
fold2_room1_mix0107,13,4,0,-29,-1,21.15
fold2_room1_mix0107,13,4,0,-27,-1,23.17
fold2_room1_mix0107,13,5,0,-71,5,12.57
fold2_room1_mix0107,14,4,0,-30,-1,21.11
fold2_room1_mix0107,14,4,0,-27,-1,23.89
fold2_room1_mix0107,14,5,0,-73,6,11.33
fold2_room1_mix0107,15,4,0,-30,-1,20.31
fold2_room1_mix0107,15,4,0,-29,-1,21.87
fold2_room1_mix0107,15,5,0,-74,5,12.68
fold2_room1_mix0107,16,4,0,-31,-1,19.66
fold2_room1_mix0107,16,4,0,-29,-1,21.29
fold2_room1_mix0107,16,5,0,-72,6,11.71
fold2_room1_mix0107,17,4,0,-32,-1,19.20
fold2_room1_mix0107,17,4,0,-29,-1,21.68
fold2_room1_mix0107,17,5,0,-73,6,11.10
fold2_room1_mix0107,18,4,0,-31,-1,19.18
fold2_room1_mix0107,18,4,0,-29,-1,21.17
fold2_room1_mix0107,18,5,0,-75,5,12.81
fold2_room1_mix0107,19,4,0,-29,-1,19.25
fold2_room1_mix0107,19,4,0,-29,-1,20.43
fold2_room1_mix0107,19,5,0,-72,5,13.02
fold2_room1_mix0107,20,4,0,-32,-2,19.02
fold2_room1_mix0107,20,4,0,-30,-1,21.28
fold2_room1_mix0107,20,5,0,-75,6,10.65
fold2_room1_mix0107,21,4,0,-35,-2,16.97
fold2_room1_mix0107,21,4,0,-31,-1,19.32
fold2_room1_mix0107,21,5,0,-78,5,12.55
fold2_room1_mix0107,22,4,0,-34,-2,17.15
fold2_room1_mix0107,22,4,0,-30,-1,19.10
fold2_room1_mix0107,22,5,0,-73,6,10.82
fold2_room1_mix0107,23,4,0,-35,-2,16.42
fold2_room1_mix0107,23,4,0,-32,-2,18.07
fold2_room1_mix0107,23,5,0,-74,6,12.21
fold2_room1_mix0107,24,4,0,-35,-2,16.67
fold2_room1_mix0107,24,4,0,-32,-2,18.31
fold2_room1_mix0107,24,5,0,-78,5,12.70
fold2_room1_mix0107,25,4,0,-31,-2,15.95
fold2_room1_mix0107,25,4,0,-32,-1,16.37
fold2_room1_mix0107,25,5,0,-74,5,11.85
fold2_room1_mix0107,26,4,0,-37,-2,14.85
fold2_room1_mix0107,26,4,0,-34,-2,15.91
fold2_room1_mix0107,26,5,0,-78,5,12.08
fold2_room1_mix0107,27,4,0,-32,-1,18.94
fold2_room1_mix0107,27,4,0,-36,-1,16.70
fold2_room1_mix0107,27,5,0,-74,5,11.74
fold2_room1_mix0107,28,4,0,-37,-2,13.73
fold2_room1_mix0107,28,4,0,-37,-2,14.56
fold2_room1_mix0107,28,5,0,-79,6,11.39
fold2_room1_mix0107,29,4,0,-41,-3,12.61
fold2_room1_mix0107,29,4,0,-41,-3,13.17
fold2_room1_mix0107,29,5,0,-73,5,11.94
fold2_room1_mix0107,30,4,0,-43,-2,13.52
fold2_room1_mix0107,30,4,0,-41,-2,14.41
fold2_room1_mix0107,30,5,0,-72,5,11.28
fold2_room1_mix0107,31,4,0,-37,-2,14.86
fold2_room1_mix0107,31,4,0,-39,-2,14.73
fold2_room1_mix0107,31,5,0,-76,5,12.30
fold2_room1_mix0107,32,4,0,-39,-1,15.74
fold2_room1_mix0107,32,4,0,-43,-1,15.39
fold2_room1_mix0107,32,5,0,-79,5,12.38
fold2_room1_mix0107,33,4,0,-34,-1,17.40
fold2_room1_mix0107,33,4,0,169,0,27.04
fold2_room1_mix0107,33,4,0,-49,-1,14.57
fold2_room1_mix0107,33,5,0,-74,5,11.40
fold2_room1_mix0107,34,4,0,-47,-2,13.89
fold2_room1_mix0107,34,4,0,-42,-1,16.54
fold2_room1_mix0107,34,5,0,-75,5,11.82
fold2_room1_mix0107,35,4,0,-40,-2,17.89
fold2_room1_mix0107,35,4,0,-49,-1,15.93
fold2_room1_mix0107,35,5,0,-79,5,12.34
fold2_room1_mix0107,36,4,0,-45,-2,13.17
fold2_room1_mix0107,36,4,0,-49,-2,13.82
fold2_room1_mix0107,36,5,0,-79,5,11.49
fold2_room1_mix0107,37,4,0,163,0,22.72
fold2_room1_mix0107,37,4,0,-57,-1,13.22
fold2_room1_mix0107,37,5,0,-77,5,12.45
fold2_room1_mix0107,38,4,0,-46,-2,13.99
fold2_room1_mix0107,38,4,0,-52,-1,14.26
fold2_room1_mix0107,38,5,0,-77,5,11.87
fold2_room1_mix0107,39,4,0,161,0,17.25
fold2_room1_mix0107,39,4,0,-69,-2,10.25
fold2_room1_mix0107,39,5,0,-77,5,11.74
fold2_room1_mix0107,40,4,0,164,-1,18.64
fold2_room1_mix0107,40,4,0,-60,-1,12.75
fold2_room1_mix0107,40,5,0,-77,5,11.91
fold2_room1_mix0107,41,4,0,162,-1,15.69
fold2_room1_mix0107,41,4,0,-73,-1,10.21
fold2_room1_mix0107,41,5,0,-76,5,11.39
fold2_room1_mix0107,42,4,0,167,-1,15.65
fold2_room1_mix0107,42,4,0,-74,-1,11.64
fold2_room1_mix0107,42,5,0,-80,5,11.84
fold2_room1_mix0107,43,4,0,163,-1,14.51
fold2_room1_mix0107,43,4,0,-80,-2,10.07
fold2_room1_mix0107,43,5,0,-76,5,12.25
fold2_room1_mix0107,44,4,0,169,-1,12.61
fold2_room1_mix0107,44,4,0,-74,-1,10.18
fold2_room1_mix0107,44,5,0,-77,5,12.15
fold2_room1_mix0107,45,4,0,177,-2,11.48
fold2_room1_mix0107,45,4,0,-76,-1,10.56
fold2_room1_mix0107,45,5,0,-76,5,12.06
fold2_room1_mix0107,46,4,0,174,-2,10.91
fold2_room1_mix0107,46,4,0,-82,-2,9.16
fold2_room1_mix0107,46,5,0,-78,5,11.17
fold2_room1_mix0107,47,4,0,173,-3,9.25
fold2_room1_mix0107,47,4,0,-78,-2,9.65
fold2_room1_mix0107,47,5,0,-81,5,11.82
fold2_room1_mix0107,48,4,0,170,-3,8.72
fold2_room1_mix0107,48,4,0,-83,-2,8.64
fold2_room1_mix0107,48,5,0,-79,5,11.22
fold2_room1_mix0107,49,4,0,175,-4,7.10
fold2_room1_mix0107,49,4,0,-76,-2,8.25
fold2_room1_mix0107,49,5,0,-77,5,10.71
fold2_room1_mix0107,50,4,0,-118,-5,7.41
fold2_room1_mix0107,50,4,0,166,-5,6.43
fold2_room1_mix0107,50,4,0,-82,-3,8.21
fold2_room1_mix0107,50,5,0,-78,5,11.96
fold2_room1_mix0107,51,4,0,-179,-6,4.86
fold2_room1_mix0107,51,4,0,-81,-2,7.42
fold2_room1_mix0107,51,5,0,-83,5,11.22
fold2_room1_mix0107,52,4,0,172,-7,4.17
fold2_room1_mix0107,52,4,0,-87,-3,6.63
fold2_room1_mix0107,52,5,0,-81,5,10.40
fold2_room1_mix0107,53,4,0,174,-9,3.41
fold2_room1_mix0107,53,4,0,-96,-4,6.35
fold2_room1_mix0107,53,5,0,-79,5,12.35
fold2_room1_mix0107,54,4,0,175,-12,2.69
fold2_room1_mix0107,54,4,0,-106,-5,6.05
fold2_room1_mix0107,54,5,0,-79,5,12.00
fold2_room1_mix0107,55,4,0,-167,-21,2.25
fold2_room1_mix0107,55,4,0,-98,-9,6.30
fold2_room1_mix0107,55,5,0,-80,5,11.52
fold2_room1_mix0107,56,4,0,-122,-36,1.40
fold2_room1_mix0107,56,4,0,-139,-30,3.30
fold2_room1_mix0107,56,4,0,-96,-19,4.35
fold2_room1_mix0107,56,5,0,-81,5,12.71
fold2_room1_mix0107,57,4,0,-53,-40,1.02
fold2_room1_mix0107,57,4,0,-124,-31,5.78
fold2_room1_mix0107,57,4,0,-64,-22,2.84
fold2_room1_mix0107,57,5,0,-79,5,12.19
fold2_room1_mix0107,58,4,0,-20,-26,1.52
fold2_room1_mix0107,58,4,0,-26,-22,2.55
fold2_room1_mix0107,58,5,0,-77,6,12.10
fold2_room1_mix0107,59,4,0,-13,-17,2.09
fold2_room1_mix0107,59,4,0,-19,-15,2.68
fold2_room1_mix0107,59,5,0,-75,6,10.28
fold2_room1_mix0107,60,4,0,-11,-13,2.40
fold2_room1_mix0107,60,4,0,-15,-12,3.01
fold2_room1_mix0107,60,5,0,-72,6,10.33
fold2_room1_mix0107,61,4,0,-11,-12,2.93
fold2_room1_mix0107,61,4,0,-11,-11,3.19
fold2_room1_mix0107,61,5,0,-78,6,10.38
fold2_room1_mix0107,62,4,0,-9,-9,3.45
fold2_room1_mix0107,62,4,0,-7,-8,3.53
fold2_room1_mix0107,62,5,0,-78,5,9.56
fold2_room1_mix0107,63,4,0,-14,-7,4.80
fold2_room1_mix0107,63,4,0,-10,-7,4.54
fold2_room1_mix0107,63,5,0,-75,5,11.46
fold2_room1_mix0107,64,4,0,-10,-7,5.04
fold2_room1_mix0107,64,4,0,-8,-6,4.88
fold2_room1_mix0107,64,5,0,-80,5,10.41
fold2_room1_mix0107,65,4,0,-15,-6,5.66
fold2_room1_mix0107,65,4,0,-11,-5,5.57
fold2_room1_mix0107,65,5,0,-71,6,9.84
fold2_room1_mix0107,66,4,0,-7,-5,6.01
fold2_room1_mix0107,66,4,0,-7,-5,5.98
fold2_room1_mix0107,66,5,0,-74,5,11.33
fold2_room1_mix0107,67,4,0,-1,-5,6.80
fold2_room1_mix0107,67,4,0,-3,-5,6.79
fold2_room1_mix0107,67,5,0,-76,5,11.08
fold2_room1_mix0107,68,4,0,-1,-4,7.76
fold2_room1_mix0107,68,4,0,-3,-4,7.90
fold2_room1_mix0107,68,5,0,-71,6,10.30
fold2_room1_mix0107,69,4,0,-2,-4,8.14
fold2_room1_mix0107,69,4,0,-4,-4,8.27
fold2_room1_mix0107,69,5,0,-72,5,10.86
fold2_room1_mix0107,70,4,0,-8,-3,9.08
fold2_room1_mix0107,70,4,0,-9,-3,9.11
fold2_room1_mix0107,70,5,0,-76,5,10.91
fold2_room1_mix0107,71,4,0,-5,-3,9.41
fold2_room1_mix0107,71,4,0,-7,-3,9.36
fold2_room1_mix0107,71,5,0,-75,5,10.69
fold2_room1_mix0107,72,4,0,-2,-3,9.64
fold2_room1_mix0107,72,4,0,-5,-3,9.91
fold2_room1_mix0107,72,5,0,-76,5,11.15
fold2_room1_mix0107,73,4,0,0,-3,10.45
fold2_room1_mix0107,73,4,0,-2,-3,11.31
fold2_room1_mix0107,73,5,0,-79,6,10.45
fold2_room1_mix0107,74,4,0,0,-3,11.39
fold2_room1_mix0107,74,4,0,-2,-3,12.00
fold2_room1_mix0107,74,5,0,-78,6,10.35
fold2_room1_mix0107,75,4,0,1,-3,11.29
fold2_room1_mix0107,75,4,0,-1,-3,12.17
fold2_room1_mix0107,75,5,0,-78,5,11.43
fold2_room1_mix0107,76,4,0,1,-2,12.85
fold2_room1_mix0107,76,4,0,-2,-2,13.72
fold2_room1_mix0107,76,5,0,-75,5,11.35
fold2_room1_mix0107,77,4,0,2,-3,12.97
fold2_room1_mix0107,77,4,0,-2,-2,14.12
fold2_room1_mix0107,77,5,0,-81,5,10.99
fold2_room1_mix0107,78,4,0,1,-2,13.95
fold2_room1_mix0107,78,4,0,-1,-2,15.96
fold2_room1_mix0107,78,5,0,-79,5,10.94
fold2_room1_mix0107,79,4,0,0,-2,14.49
fold2_room1_mix0107,79,4,0,-3,-1,16.78
fold2_room1_mix0107,79,5,0,-75,5,11.24
fold2_room1_mix0107,80,4,0,-4,-2,15.85
fold2_room1_mix0107,80,4,0,-5,-1,18.35
fold2_room1_mix0107,80,5,0,-79,6,9.97
fold2_room1_mix0107,81,4,0,-4,-2,15.44
fold2_room1_mix0107,81,4,0,-5,-1,18.04
fold2_room1_mix0107,81,5,0,-74,6,10.41
fold2_room1_mix0107,82,4,0,-141,-2,15.32
fold2_room1_mix0107,82,4,0,-5,-1,26.00
fold2_room1_mix0107,82,5,0,-75,5,11.68
fold2_room1_mix0107,83,4,0,-137,-2,16.06
fold2_room1_mix0107,83,4,0,-5,-1,26.97
fold2_room1_mix0107,83,5,0,-75,5,10.50
fold2_room1_mix0107,84,4,0,-139,-2,15.71
fold2_room1_mix0107,84,4,0,-5,-1,27.79
fold2_room1_mix0107,84,5,0,-74,6,10.21
fold2_room1_mix0107,85,4,0,-139,-1,16.69
fold2_room1_mix0107,85,4,0,-7,0,28.71
fold2_room1_mix0107,85,5,0,-77,5,11.07
fold2_room1_mix0107,86,4,0,-144,-1,15.62
fold2_room1_mix0107,86,4,0,-5,-1,28.70
fold2_room1_mix0107,86,5,0,-77,5,10.72
fold2_room1_mix0107,87,4,0,-146,-1,16.88
fold2_room1_mix0107,87,4,0,-6,-1,29.13
fold2_room1_mix0107,87,5,0,-74,5,10.30
fold2_room1_mix0107,88,4,0,-144,-1,15.95
fold2_room1_mix0107,88,4,0,-7,-1,31.15
fold2_room1_mix0107,88,5,0,-77,6,10.28
fold2_room1_mix0107,89,4,0,-145,-2,17.55
fold2_room1_mix0107,89,4,0,-10,-1,32.47
fold2_room1_mix0107,89,5,0,-77,6,10.13
fold2_room1_mix0107,90,4,0,-146,-2,17.63
fold2_room1_mix0107,90,4,0,-11,-1,30.40
fold2_room1_mix0107,90,5,0,-79,5,10.77
fold2_room1_mix0107,91,4,0,-147,-1,18.06
fold2_room1_mix0107,91,4,0,-12,-1,35.12
fold2_room1_mix0107,91,5,0,-77,5,10.94
fold2_room1_mix0107,92,4,0,-146,-1,18.28
fold2_room1_mix0107,92,4,0,-9,-1,33.76
fold2_room1_mix0107,92,5,0,-79,5,10.71
fold2_room1_mix0107,93,4,0,-145,-1,17.78
fold2_room1_mix0107,93,4,0,-13,-1,30.73
fold2_room1_mix0107,93,5,0,-77,5,10.68
fold2_room1_mix0107,94,4,0,-144,-1,18.54
fold2_room1_mix0107,94,4,0,-11,-1,35.42
fold2_room1_mix0107,94,5,0,-76,5,10.99
fold2_room1_mix0107,95,4,0,-144,-1,17.84
fold2_room1_mix0107,95,4,0,-14,0,32.37
fold2_room1_mix0107,95,5,0,-75,5,12.37
fold2_room1_mix0107,96,4,0,-146,-1,17.57
fold2_room1_mix0107,96,4,0,-14,0,32.06
fold2_room1_mix0107,96,5,0,-77,5,11.61
fold2_room1_mix0107,97,4,0,-150,-1,19.56
fold2_room1_mix0107,97,4,0,-11,0,36.37
fold2_room1_mix0107,97,5,0,-75,5,11.25
fold2_room1_mix0107,98,4,0,-149,-1,18.50
fold2_room1_mix0107,98,4,0,-9,0,37.40
fold2_room1_mix0107,98,5,0,-76,5,12.59
fold2_room1_mix0107,99,4,0,-151,-2,17.66
fold2_room1_mix0107,99,4,0,-10,0,36.78
fold2_room1_mix0107,99,5,0,-79,5,11.53
fold2_room1_mix0116,6,4,0,179,0,14.39
fold2_room1_mix0116,7,4,0,178,1,15.21
fold2_room1_mix0116,8,4,0,-178,1,21.11
fold2_room1_mix0116,9,4,0,178,2,5.50
fold2_room1_mix0116,10,4,0,177,0,24.27
fold2_room1_mix0116,11,4,0,178,0,8.66
fold2_room1_mix0116,12,4,0,179,1,14.20
fold2_room1_mix0116,13,4,0,177,0,28.51
fold2_room1_mix0116,14,4,0,178,0,15.12
fold2_room1_mix0116,15,4,0,177,0,39.69
fold2_room1_mix0116,16,4,0,177,0,44.34
fold2_room1_mix0116,17,4,0,176,0,35.63
fold2_room1_mix0116,18,4,0,176,0,39.96
fold2_room1_mix0116,19,4,0,175,0,52.97
fold2_room1_mix0116,20,4,0,176,0,51.52
fold2_room1_mix0116,21,4,0,175,0,43.78
fold2_room1_mix0116,22,4,0,174,0,50.10
fold2_room1_mix0116,23,4,0,176,0,49.90
fold2_room1_mix0116,24,4,0,178,0,54.03
fold2_room1_mix0116,25,4,0,177,0,48.13
fold2_room1_mix0116,26,4,0,177,0,54.51
fold2_room1_mix0116,27,4,0,179,0,48.79
fold2_room1_mix0116,28,4,0,176,0,55.91
fold2_room1_mix0116,29,4,0,177,0,50.42
fold2_room1_mix0116,30,4,0,179,0,49.06
fold2_room1_mix0116,31,4,0,177,0,55.40
fold2_room1_mix0116,32,4,0,178,0,47.71
fold2_room1_mix0116,33,4,0,178,0,50.20
fold2_room1_mix0116,34,4,0,179,0,48.36
fold2_room1_mix0116,35,4,0,179,0,45.93
fold2_room1_mix0116,36,4,0,178,0,47.11
fold2_room1_mix0116,37,4,0,179,0,42.45
fold2_room1_mix0116,38,4,0,179,0,46.26
fold2_room1_mix0116,39,4,0,177,0,42.34
fold2_room1_mix0116,40,4,0,-179,0,42.90
fold2_room1_mix0116,41,4,0,179,0,41.75
fold2_room1_mix0116,42,4,0,176,0,45.66
fold2_room1_mix0116,43,4,0,179,0,37.86
fold2_room1_mix0116,44,4,0,178,0,37.09
fold2_room1_mix0116,45,4,0,177,0,34.73
fold2_room1_mix0116,46,4,0,178,0,34.39
fold2_room1_mix0116,47,4,0,177,0,33.19
fold2_room1_mix0116,48,4,0,177,0,30.69
fold2_room1_mix0116,49,4,0,176,0,30.76
fold2_room1_mix0116,50,4,0,175,0,30.98
fold2_room1_mix0116,51,4,0,176,-1,28.23
fold2_room1_mix0116,52,4,0,174,-1,28.47
fold2_room1_mix0116,53,4,0,175,-1,28.80
fold2_room1_mix0116,54,4,0,175,-1,27.79
fold2_room1_mix0116,55,4,0,175,-1,27.13
fold2_room1_mix0116,56,4,0,175,-1,25.42
fold2_room1_mix0116,57,4,0,176,-1,23.96
fold2_room1_mix0116,58,4,0,175,-1,22.83
fold2_room1_mix0116,59,4,0,174,-1,22.41
fold2_room1_mix0116,60,4,0,175,-1,21.58
fold2_room1_mix0116,61,4,0,175,-1,21.40
fold2_room1_mix0116,62,4,0,175,-1,19.99
fold2_room1_mix0116,63,4,0,174,-1,19.97
fold2_room1_mix0116,64,4,0,173,-1,18.86
fold2_room1_mix0116,65,4,0,173,-1,18.08
fold2_room1_mix0116,66,4,0,174,-1,17.33
fold2_room1_mix0116,67,4,0,173,-1,16.62
fold2_room1_mix0116,68,4,0,173,-1,16.35
fold2_room1_mix0116,69,4,0,173,-1,15.95
fold2_room1_mix0116,70,4,0,172,-1,14.45
fold2_room1_mix0116,71,4,0,171,-1,13.38
fold2_room1_mix0116,72,4,0,170,-1,12.62
fold2_room1_mix0116,73,4,0,170,-2,11.88
fold2_room1_mix0116,74,4,0,169,-2,10.80
fold2_room1_mix0116,75,4,0,168,-2,10.07
fold2_room1_mix0116,76,4,0,168,-2,9.45
fold2_room1_mix0116,77,4,0,167,-2,8.69
fold2_room1_mix0116,78,4,0,165,-2,8.07
fold2_room1_mix0116,79,4,0,163,-3,6.99
fold2_room1_mix0116,80,4,0,162,-3,6.46
fold2_room1_mix0116,81,4,0,159,-4,5.42
fold2_room1_mix0116,82,4,0,155,-5,4.54
fold2_room1_mix0116,83,4,0,151,-5,3.88
fold2_room1_mix0116,84,4,0,143,-7,2.99
fold2_room1_mix0116,85,4,0,129,-8,2.44
fold2_room1_mix0116,86,4,0,106,-9,2.06
fold2_room1_mix0116,87,4,0,81,-9,1.90
fold2_room1_mix0116,88,4,0,53,-8,2.05
fold2_room1_mix0116,89,4,0,38,-6,2.68
fold2_room1_mix0116,90,4,0,30,-4,3.49
fold2_room1_mix0116,91,4,0,26,-4,3.95
fold2_room1_mix0116,92,4,0,21,-3,4.95
fold2_room1_mix0116,93,4,0,18,-3,5.96
fold2_room1_mix0116,94,4,0,15,-2,6.99
fold2_room1_mix0116,95,4,0,13,-2,7.58
fold2_room1_mix0116,96,4,0,12,-2,8.42
fold2_room1_mix0116,97,4,0,10,-2,9.30
fold2_room1_mix0116,98,4,0,10,-1,10.47
fold2_room1_mix0116,99,4,0,9,-1,10.85
fold2_room1_mix0117,0,2,0,105,-2,11.03
fold2_room1_mix0117,1,2,0,112,-2,9.05
fold2_room1_mix0117,2,2,0,114,-2,8.37
fold2_room1_mix0117,3,2,0,113,-2,9.72
fold2_room1_mix0117,4,2,0,113,-2,10.02
fold2_room1_mix0117,5,2,0,110,-2,10.96
fold2_room1_mix0117,10,2,0,109,-2,10.99
fold2_room1_mix0117,11,2,0,109,-2,10.64
fold2_room1_mix0117,12,2,0,112,-2,10.44
fold2_room1_mix0117,13,2,0,109,-2,10.40
fold2_room1_mix0117,14,2,0,110,-2,10.52
fold2_room1_mix0117,15,2,0,109,-3,10.03
fold2_room1_mix0117,16,2,0,109,-2,9.91
fold2_room1_mix0117,21,2,0,101,-2,11.28
fold2_room1_mix0117,22,2,0,105,-2,10.99
fold2_room1_mix0117,23,2,0,106,-3,9.43
fold2_room1_mix0117,24,2,0,104,-3,9.50
fold2_room1_mix0117,25,2,0,104,-3,10.24
fold2_room1_mix0117,26,2,0,100,-3,9.05
fold2_room1_mix0117,32,2,0,97,-2,10.68
fold2_room1_mix0117,33,2,0,98,-3,9.86
fold2_room1_mix0117,34,2,0,99,-3,9.81
fold2_room1_mix0117,35,2,0,97,-3,9.94
fold2_room1_mix0117,36,2,0,97,-3,9.36
fold2_room1_mix0117,37,2,0,96,-3,9.49
fold2_room1_mix0117,42,2,0,90,-2,11.05
fold2_room1_mix0117,43,2,0,91,-3,10.18
fold2_room1_mix0117,44,2,0,92,-3,9.99
fold2_room1_mix0117,45,2,0,92,-3,10.06
fold2_room1_mix0117,46,2,0,92,-3,10.38
fold2_room1_mix0117,47,2,0,91,-3,9.72
fold2_room1_mix0117,53,2,0,88,-2,10.62
fold2_room1_mix0117,54,2,0,89,-3,10.08
fold2_room1_mix0117,55,2,0,87,-3,10.60
fold2_room1_mix0117,56,2,0,88,-3,10.74
fold2_room1_mix0117,57,2,0,89,-3,10.45
fold2_room1_mix0117,58,2,0,87,-2,9.87
fold2_room1_mix0117,63,2,0,79,-2,11.67
fold2_room1_mix0117,64,2,0,83,-3,10.63
fold2_room1_mix0117,65,2,0,83,-3,9.66
fold2_room1_mix0117,66,2,0,81,-3,10.66
fold2_room1_mix0117,67,2,0,82,-3,10.59
fold2_room1_mix0117,68,2,0,82,-3,10.39
fold2_room1_mix0117,74,2,0,74,-2,10.77
fold2_room1_mix0117,75,2,0,75,-3,10.51
fold2_room1_mix0117,76,2,0,75,-3,10.91
fold2_room1_mix0117,77,2,0,74,-2,11.43
fold2_room1_mix0117,78,2,0,75,-3,10.34
fold2_room1_mix0117,79,2,0,78,-3,10.06
fold2_room1_mix0117,84,2,0,69,-2,11.01
fold2_room1_mix0117,85,2,0,71,-2,10.59
fold2_room1_mix0117,86,2,0,70,-3,10.49
fold2_room1_mix0117,87,2,0,70,-3,10.90
fold2_room1_mix0117,88,2,0,71,-3,10.92
fold2_room1_mix0117,89,2,0,68,-2,11.49
fold2_room1_mix0117,90,2,0,77,-2,9.01
fold2_room1_mix0117,95,2,0,64,-2,10.76
fold2_room1_mix0117,96,2,0,67,-3,9.48
fold2_room1_mix0117,97,2,0,64,-3,10.54
fold2_room1_mix0117,98,2,0,66,-2,11.06
fold2_room1_mix0117,99,2,0,67,-3,10.80
fold2_room1_mix0156,0,2,0,-58,-1,15.20
fold2_room1_mix0156,1,2,0,-69,-1,18.26
fold2_room1_mix0156,2,2,0,-63,-1,17.07
fold2_room1_mix0156,3,2,0,-64,-1,15.26
fold2_room1_mix0156,4,2,0,-64,-1,17.82
fold2_room1_mix0156,5,0,0,-8,0,72.12
fold2_room1_mix0156,5,2,0,-64,-1,16.49
fold2_room1_mix0156,6,0,0,-5,0,101.27
fold2_room1_mix0156,6,4,0,8,1,2.43
fold2_room1_mix0156,7,0,0,-7,0,128.33
fold2_room1_mix0156,7,4,0,4,0,3.39
fold2_room1_mix0156,8,0,0,-7,0,73.59
fold2_room1_mix0156,8,4,0,2,0,17.21
fold2_room1_mix0156,9,0,0,-5,0,82.88
fold2_room1_mix0156,9,4,0,2,0,26.13
fold2_room1_mix0156,10,0,0,-3,0,110.25
fold2_room1_mix0156,10,2,0,-76,-2,16.85
fold2_room1_mix0156,10,4,0,3,0,26.72
fold2_room1_mix0156,11,0,0,-6,0,103.53
fold2_room1_mix0156,11,2,0,-89,-2,17.02
fold2_room1_mix0156,11,4,0,2,0,30.92
fold2_room1_mix0156,12,0,0,-3,0,113.51
fold2_room1_mix0156,12,2,0,-84,-2,15.67
fold2_room1_mix0156,12,4,0,0,0,29.61
fold2_room1_mix0156,13,0,0,-4,0,119.93
fold2_room1_mix0156,13,2,0,-82,-2,17.84
fold2_room1_mix0156,13,4,0,-1,0,30.99
fold2_room1_mix0156,14,0,0,-5,0,115.32
fold2_room1_mix0156,14,2,0,-82,-2,17.24
fold2_room1_mix0156,14,4,0,0,-1,31.34
fold2_room1_mix0156,15,0,0,-2,0,98.67
fold2_room1_mix0156,15,4,0,1,-1,29.93
fold2_room1_mix0156,16,0,0,-3,0,95.29
fold2_room1_mix0156,16,4,0,-1,-1,26.90
fold2_room1_mix0156,17,0,0,-4,0,120.13
fold2_room1_mix0156,17,4,0,0,-1,27.88
fold2_room1_mix0156,18,0,0,-4,0,113.43
fold2_room1_mix0156,18,4,0,-1,-1,28.52
fold2_room1_mix0156,19,0,0,-6,0,100.53
fold2_room1_mix0156,19,2,0,-86,-2,12.11
fold2_room1_mix0156,19,4,0,0,-1,26.86
fold2_room1_mix0156,20,0,0,-6,0,120.30
fold2_room1_mix0156,20,2,0,-85,-2,16.31
fold2_room1_mix0156,20,4,0,1,-1,27.02
fold2_room1_mix0156,21,0,0,-6,0,104.91
fold2_room1_mix0156,21,2,0,-91,-2,16.50
fold2_room1_mix0156,21,4,0,1,-1,25.54
fold2_room1_mix0156,22,0,0,-5,0,108.23
fold2_room1_mix0156,22,2,0,-92,-2,15.88
fold2_room1_mix0156,22,4,0,-1,-1,22.62
fold2_room1_mix0156,23,0,0,-6,0,107.29
fold2_room1_mix0156,23,2,0,-91,-2,17.16
fold2_room1_mix0156,23,4,0,0,-1,20.71
fold2_room1_mix0156,24,0,0,-7,0,113.78
fold2_room1_mix0156,24,2,0,-90,-2,14.40
fold2_room1_mix0156,24,4,0,0,-2,20.06
fold2_room1_mix0156,25,0,0,-4,0,108.35
fold2_room1_mix0156,25,4,0,-1,-1,18.31
fold2_room1_mix0156,26,0,0,-6,0,112.71
fold2_room1_mix0156,26,4,0,0,-1,17.90
fold2_room1_mix0156,27,0,0,-7,0,106.35
fold2_room1_mix0156,27,4,0,-2,-1,17.70
fold2_room1_mix0156,28,0,0,-6,0,93.29
fold2_room1_mix0156,28,4,0,-3,-1,15.94
fold2_room1_mix0156,29,0,0,-6,0,119.54
fold2_room1_mix0156,29,2,0,-89,-2,15.57
fold2_room1_mix0156,29,4,0,-2,-2,14.89
fold2_room1_mix0156,30,0,0,-5,0,125.07
fold2_room1_mix0156,30,2,0,-92,-2,14.97
fold2_room1_mix0156,30,4,0,-3,-2,14.05
fold2_room1_mix0156,31,0,0,-4,0,158.26
fold2_room1_mix0156,31,2,0,-97,-3,15.35
fold2_room1_mix0156,31,4,0,-3,-2,14.03
fold2_room1_mix0156,32,0,0,-4,0,143.85
fold2_room1_mix0156,32,2,0,-95,-2,16.61
fold2_room1_mix0156,32,4,0,-4,-2,13.05
fold2_room1_mix0156,33,0,0,-5,0,151.78
fold2_room1_mix0156,33,2,0,-98,-2,18.10
fold2_room1_mix0156,33,4,0,-4,-2,13.55
fold2_room1_mix0156,34,0,0,-4,0,150.82
fold2_room1_mix0156,34,4,0,-5,-1,14.73
fold2_room1_mix0156,35,0,0,-4,0,130.47
fold2_room1_mix0156,35,4,0,-5,-1,11.58
fold2_room1_mix0156,36,0,0,-4,0,149.12
fold2_room1_mix0156,36,4,0,-4,-1,11.10
fold2_room1_mix0156,37,0,0,-5,0,135.80
fold2_room1_mix0156,37,4,0,-6,-2,11.19
fold2_room1_mix0156,38,0,0,-3,0,120.53
fold2_room1_mix0156,38,2,0,-100,-2,13.21
fold2_room1_mix0156,38,4,0,-6,-2,10.11
fold2_room1_mix0156,39,0,0,-7,0,133.61
fold2_room1_mix0156,39,2,0,-99,-3,15.50
fold2_room1_mix0156,39,4,0,-7,-3,9.28
fold2_room1_mix0156,40,0,0,-6,0,126.85
fold2_room1_mix0156,40,2,0,-97,-2,14.46
fold2_room1_mix0156,40,4,0,-6,-3,8.71
fold2_room1_mix0156,41,0,0,-5,0,125.65
fold2_room1_mix0156,41,2,0,-96,-3,15.71
fold2_room1_mix0156,41,4,0,-5,-3,7.65
fold2_room1_mix0156,42,0,0,-8,0,124.04
fold2_room1_mix0156,42,2,0,-98,-3,16.96
fold2_room1_mix0156,42,4,0,-9,-4,6.72
fold2_room1_mix0156,43,0,0,-8,0,136.98
fold2_room1_mix0156,43,2,0,-96,-2,14.36
fold2_room1_mix0156,43,4,0,-10,-5,5.95
fold2_room1_mix0156,44,0,0,-5,0,136.76
fold2_room1_mix0156,44,4,0,-15,-6,4.39
fold2_room1_mix0156,45,0,0,-8,0,120.89
fold2_room1_mix0156,45,4,0,-18,-7,4.15
fold2_room1_mix0156,46,0,0,-8,0,125.68
fold2_room1_mix0156,46,4,0,-28,-10,2.44
fold2_room1_mix0156,46,4,0,-3,-4,8.52
fold2_room1_mix0156,47,0,0,-7,0,103.20
fold2_room1_mix0156,47,4,0,-35,-11,2.96
fold2_room1_mix0156,48,0,0,-6,0,123.56
fold2_room1_mix0156,48,2,0,-97,-2,12.46
fold2_room1_mix0156,48,4,0,-63,-18,1.53
fold2_room1_mix0156,48,4,0,-38,-12,4.72
fold2_room1_mix0156,49,0,0,-7,0,144.82
fold2_room1_mix0156,49,2,0,-92,-2,10.86
fold2_room1_mix0156,49,4,0,-100,-19,1.37
fold2_room1_mix0156,49,4,0,-35,-11,7.94
fold2_room1_mix0156,50,0,0,-6,0,172.16
fold2_room1_mix0156,50,2,0,-94,-2,12.17
fold2_room1_mix0156,50,4,0,-122,-16,1.45
fold2_room1_mix0156,50,4,0,-29,-13,6.61
fold2_room1_mix0156,51,0,0,-3,0,160.79
fold2_room1_mix0156,51,2,0,-98,-2,10.97
fold2_room1_mix0156,51,4,0,-142,-11,2.05
fold2_room1_mix0156,52,0,0,-4,0,198.13
fold2_room1_mix0156,52,2,0,-92,-2,14.39
fold2_room1_mix0156,52,4,0,-152,-9,2.53
fold2_room1_mix0156,53,0,0,-6,0,157.71
fold2_room1_mix0156,53,2,0,-94,-2,2.49
fold2_room1_mix0156,53,4,0,-157,-10,2.41
fold2_room1_mix0156,53,4,0,22,-10,5.20
fold2_room1_mix0156,54,0,0,-4,0,129.67
fold2_room1_mix0156,54,4,0,-161,-9,2.74
fold2_room1_mix0156,54,4,0,36,-8,3.92
fold2_room1_mix0156,55,0,0,-5,0,142.66
fold2_room1_mix0156,55,4,0,-162,-7,4.06
fold2_room1_mix0156,55,4,0,42,-7,4.50
fold2_room1_mix0156,56,0,0,-4,0,123.77
fold2_room1_mix0156,56,4,0,-165,-6,5.13
fold2_room1_mix0156,56,4,0,51,-9,3.73
fold2_room1_mix0156,57,0,0,-4,0,129.03
fold2_room1_mix0156,57,2,0,-96,-3,5.37
fold2_room1_mix0156,57,4,0,-172,-8,5.16
fold2_room1_mix0156,57,4,0,60,-12,3.08
fold2_room1_mix0156,58,0,0,-6,0,123.57
fold2_room1_mix0156,58,2,0,-99,-3,11.17
fold2_room1_mix0156,58,4,0,164,-11,4.79
fold2_room1_mix0156,58,4,0,-163,-6,6.16
fold2_room1_mix0156,58,4,0,62,-13,2.90
fold2_room1_mix0156,59,0,0,-5,0,149.41
fold2_room1_mix0156,59,2,0,-104,-3,12.73
fold2_room1_mix0156,59,4,0,-165,-6,7.15
fold2_room1_mix0156,59,4,0,71,-14,2.25
fold2_room1_mix0156,60,0,0,-3,0,186.40
fold2_room1_mix0156,60,2,0,-98,-3,12.93
fold2_room1_mix0156,60,4,0,-173,-7,7.10
fold2_room1_mix0156,60,4,0,107,-14,2.33
fold2_room1_mix0156,61,0,0,-5,0,150.96
fold2_room1_mix0156,61,2,0,-103,-3,14.54
fold2_room1_mix0156,61,4,0,-176,-6,6.66
fold2_room1_mix0156,61,4,0,115,-11,2.78
fold2_room1_mix0156,62,0,0,-5,0,155.97
fold2_room1_mix0156,62,2,0,-107,-3,14.32
fold2_room1_mix0156,62,4,0,178,-6,7.09
fold2_room1_mix0156,62,4,0,128,-10,2.94
fold2_room1_mix0156,63,0,0,-3,0,167.97
fold2_room1_mix0156,63,4,0,166,-7,5.51
fold2_room1_mix0156,63,4,0,-172,-3,8.46
fold2_room1_mix0156,63,4,0,127,-8,3.44
fold2_room1_mix0156,64,0,0,-5,0,138.18
fold2_room1_mix0156,64,4,0,169,-6,5.34
fold2_room1_mix0156,64,4,0,-170,-2,8.27
fold2_room1_mix0156,64,4,0,129,-8,3.41
fold2_room1_mix0156,65,0,0,-8,0,108.78
fold2_room1_mix0156,65,4,0,168,-6,5.93
fold2_room1_mix0156,65,4,0,-171,-2,8.71
fold2_room1_mix0156,65,4,0,135,-7,3.76
fold2_room1_mix0156,66,0,0,-7,0,91.08
fold2_room1_mix0156,66,4,0,166,-5,5.75
fold2_room1_mix0156,66,4,0,-173,-3,8.63
fold2_room1_mix0156,66,4,0,140,-6,4.49
fold2_room1_mix0156,67,0,0,-10,0,66.98
fold2_room1_mix0156,67,2,0,-116,-2,10.82
fold2_room1_mix0156,67,4,0,163,-6,5.46
fold2_room1_mix0156,67,4,0,-176,-3,8.95
fold2_room1_mix0156,67,4,0,142,-5,5.53
fold2_room1_mix0156,68,0,0,-10,0,87.38
fold2_room1_mix0156,68,2,0,-119,-2,13.87
fold2_room1_mix0156,68,4,0,165,-5,6.31
fold2_room1_mix0156,68,4,0,-175,-2,10.19
fold2_room1_mix0156,68,4,0,143,-4,6.82
fold2_room1_mix0156,69,0,0,-8,0,79.49
fold2_room1_mix0156,69,2,0,-112,-3,15.50
fold2_room1_mix0156,69,4,0,175,-3,8.88
fold2_room1_mix0156,69,4,0,146,-5,6.91
fold2_room1_mix0156,70,0,0,-16,-1,51.94
fold2_room1_mix0156,70,2,0,-106,-3,13.58
fold2_room1_mix0156,70,4,0,175,-3,8.54
fold2_room1_mix0156,70,4,0,149,-4,7.27
fold2_room1_mix0156,71,0,0,-17,0,56.09
fold2_room1_mix0156,71,2,0,-112,-3,15.56
fold2_room1_mix0156,71,4,0,169,-3,9.00
fold2_room1_mix0156,72,0,0,-26,-1,44.50
fold2_room1_mix0156,72,2,0,-110,-3,8.35
fold2_room1_mix0156,72,4,0,169,-2,9.13
fold2_room1_mix0156,73,0,0,-15,-1,33.00
fold2_room1_mix0156,73,4,0,171,-2,9.31
fold2_room1_mix0156,74,0,0,-22,-1,25.74
fold2_room1_mix0156,74,4,0,172,-2,10.32
fold2_room1_mix0156,75,0,0,-25,-1,30.58
fold2_room1_mix0156,75,4,0,170,-2,10.72
fold2_room1_mix0156,76,0,0,-21,-1,25.20
fold2_room1_mix0156,76,4,0,171,-1,11.53
fold2_room1_mix0156,77,0,0,-21,-1,24.46
fold2_room1_mix0156,77,2,0,-123,-2,15.42
fold2_room1_mix0156,77,4,0,172,-1,12.32
fold2_room1_mix0156,78,0,0,-23,-1,34.33
fold2_room1_mix0156,78,2,0,-108,-2,15.14
fold2_room1_mix0156,78,4,0,172,-1,12.37
fold2_room1_mix0156,79,0,0,-26,-1,28.31
fold2_room1_mix0156,79,2,0,-105,-3,12.09
fold2_room1_mix0156,79,4,0,173,-1,13.20
fold2_room1_mix0156,80,0,0,-26,-1,29.68
fold2_room1_mix0156,80,2,0,-119,-3,8.84
fold2_room1_mix0156,80,4,0,172,0,14.33
fold2_room1_mix0156,81,0,0,-25,-1,27.71
fold2_room1_mix0156,81,2,0,-106,-2,8.12
fold2_room1_mix0156,81,4,0,174,-1,14.68
fold2_room1_mix0156,82,0,0,-28,-1,25.19
fold2_room1_mix0156,82,4,0,176,-1,15.28
fold2_room1_mix0156,83,0,0,-35,-1,22.60
fold2_room1_mix0156,83,4,0,175,-1,15.77
fold2_room1_mix0156,84,0,0,-33,-1,18.59
fold2_room1_mix0156,84,4,0,176,-1,16.42
fold2_room1_mix0156,85,0,0,-39,-2,16.89
fold2_room1_mix0156,85,4,0,176,-1,16.89
fold2_room1_mix0156,86,0,0,-46,-2,14.35
fold2_room1_mix0156,86,4,0,176,-1,17.82
fold2_room1_mix0156,87,0,0,-50,-2,13.23
fold2_room1_mix0156,87,2,0,-113,-3,5.39
fold2_room1_mix0156,87,4,0,177,-1,18.66
fold2_room1_mix0156,88,0,0,-50,-2,15.07
fold2_room1_mix0156,88,4,0,176,-1,18.84
fold2_room1_mix0156,89,0,0,-78,-3,13.55
fold2_room1_mix0156,89,0,0,-61,-2,12.37
fold2_room1_mix0156,89,2,0,-117,-2,8.07
fold2_room1_mix0156,89,4,0,176,-1,18.67
fold2_room1_mix0156,90,0,0,-59,-2,11.50
fold2_room1_mix0156,90,2,0,-121,-2,10.14
fold2_room1_mix0156,90,4,0,176,0,20.65
fold2_room1_mix0156,91,0,0,-59,-2,13.86
fold2_room1_mix0156,91,4,0,177,0,19.74
fold2_room1_mix0156,92,0,0,-62,-2,11.70
fold2_room1_mix0156,92,4,0,177,0,21.20
fold2_room1_mix0156,93,0,0,-71,-3,11.89
fold2_room1_mix0156,93,4,0,176,0,24.13
fold2_room1_mix0156,94,0,0,-72,-3,12.10
fold2_room1_mix0156,94,4,0,176,0,22.40
fold2_room1_mix0156,95,0,0,-82,-3,11.29
fold2_room1_mix0156,95,4,0,178,0,24.67
fold2_room1_mix0156,96,0,0,-87,-3,12.90
fold2_room1_mix0156,96,2,0,-126,-3,5.17
fold2_room1_mix0156,96,4,0,175,0,28.14
fold2_room1_mix0156,97,0,0,-91,-3,12.76
fold2_room1_mix0156,97,2,0,-124,-3,7.96
fold2_room1_mix0156,97,4,0,176,0,28.94
fold2_room1_mix0156,98,0,0,-96,-3,12.97
fold2_room1_mix0156,98,2,0,-118,-3,6.40
fold2_room1_mix0156,98,4,0,176,0,27.10
fold2_room1_mix0156,99,0,0,-105,-3,12.54
fold2_room1_mix0156,99,2,0,-110,-3,5.71
fold2_room1_mix0156,99,4,0,175,0,25.52
fold2_room1_mix0158,3,4,0,1,1,9.78
fold2_room1_mix0158,4,4,0,1,1,23.07
fold2_room1_mix0158,5,4,0,1,0,25.40
fold2_room1_mix0158,6,4,0,2,0,27.23
fold2_room1_mix0158,7,4,0,1,0,32.51
fold2_room1_mix0158,8,4,0,2,0,47.80
fold2_room1_mix0158,9,4,0,1,0,48.43
fold2_room1_mix0158,10,4,0,3,0,47.40
fold2_room1_mix0158,11,4,0,2,0,44.79
fold2_room1_mix0158,12,4,0,3,0,44.41
fold2_room1_mix0158,13,4,0,2,0,45.61
fold2_room1_mix0158,14,4,0,3,0,44.21
fold2_room1_mix0158,15,4,0,3,0,43.44
fold2_room1_mix0158,16,4,0,3,0,44.24
fold2_room1_mix0158,17,4,0,2,0,44.08
fold2_room1_mix0158,18,4,0,3,0,43.90
fold2_room1_mix0158,19,4,0,3,0,41.79
fold2_room1_mix0158,20,4,0,3,0,41.89
fold2_room1_mix0158,21,4,0,3,0,42.05
fold2_room1_mix0158,22,4,0,2,0,41.66
fold2_room1_mix0158,23,4,0,4,0,40.74
fold2_room1_mix0158,24,4,0,3,0,40.38
fold2_room1_mix0158,25,4,0,3,0,39.56
fold2_room1_mix0158,26,4,0,5,0,37.62
fold2_room1_mix0158,27,4,0,3,0,37.48
fold2_room1_mix0158,28,4,0,4,0,36.51
fold2_room1_mix0158,29,4,0,3,0,35.79
fold2_room1_mix0158,30,4,0,4,-1,36.06
fold2_room1_mix0158,31,4,0,4,-1,33.78
fold2_room1_mix0158,32,4,0,4,-1,33.42
fold2_room1_mix0158,33,4,0,4,-1,31.89
fold2_room1_mix0158,34,4,0,5,-1,31.88
fold2_room1_mix0158,35,4,0,6,-1,31.09
fold2_room1_mix0158,36,4,0,5,-1,30.79
fold2_room1_mix0158,37,4,0,6,-1,30.30
fold2_room1_mix0158,38,4,0,6,-1,30.14
fold2_room1_mix0158,39,4,0,6,-1,27.78
fold2_room1_mix0158,40,4,0,7,-1,28.38
fold2_room1_mix0158,41,4,0,7,-1,27.67
fold2_room1_mix0158,42,4,0,7,-1,26.10
fold2_room1_mix0158,43,4,0,7,-1,26.09
fold2_room1_mix0158,44,4,0,7,-1,25.97
fold2_room1_mix0158,45,4,0,8,-1,25.60
fold2_room1_mix0158,46,4,0,8,-1,24.84
fold2_room1_mix0158,47,4,0,9,-1,24.04
fold2_room1_mix0158,48,4,0,10,-1,23.23
fold2_room1_mix0158,49,4,0,10,-1,23.03
fold2_room1_mix0158,50,4,0,10,-1,21.74
fold2_room1_mix0158,51,4,0,10,-2,20.70
fold2_room1_mix0158,52,4,0,12,-2,20.22
fold2_room1_mix0158,53,4,0,12,-1,19.80
fold2_room1_mix0158,54,4,0,13,-2,18.85
fold2_room1_mix0158,55,4,0,13,-2,17.84
fold2_room1_mix0158,56,4,0,14,-2,17.71
fold2_room1_mix0158,57,4,0,14,-2,16.81
fold2_room1_mix0158,58,4,0,14,-2,16.40
fold2_room1_mix0158,59,4,0,15,-2,15.51
fold2_room1_mix0158,60,4,0,15,-2,14.93
fold2_room1_mix0158,61,4,0,15,-2,15.05
fold2_room1_mix0158,62,4,0,17,-2,14.40
fold2_room1_mix0158,63,4,0,18,-2,13.43
fold2_room1_mix0158,64,4,0,18,-2,13.27
fold2_room1_mix0158,65,4,0,20,-2,13.04
fold2_room1_mix0158,66,4,0,20,-2,12.28
fold2_room1_mix0158,67,4,0,20,-2,11.28
fold2_room1_mix0158,68,4,0,22,-2,10.61
fold2_room1_mix0158,69,4,0,23,-3,10.36
fold2_room1_mix0158,70,4,0,24,-3,9.60
fold2_room1_mix0158,71,4,0,26,-3,8.84
fold2_room1_mix0158,72,4,0,28,-3,8.59
fold2_room1_mix0158,73,4,0,31,-4,7.74
fold2_room1_mix0158,74,4,0,33,-4,7.35
fold2_room1_mix0158,75,4,0,36,-4,6.86
fold2_room1_mix0158,76,4,0,41,-4,6.26
fold2_room1_mix0158,77,4,0,45,-5,5.81
fold2_room1_mix0158,78,4,0,52,-5,5.18
fold2_room1_mix0158,79,4,0,58,-6,4.70
fold2_room1_mix0158,80,4,0,65,-7,4.22
fold2_room1_mix0158,81,4,0,74,-7,3.97
fold2_room1_mix0158,82,4,0,84,-8,3.86
fold2_room1_mix0158,83,4,0,95,-8,3.70
fold2_room1_mix0158,84,4,0,106,-7,3.84
fold2_room1_mix0158,85,4,0,114,-7,4.23
fold2_room1_mix0158,86,4,0,122,-6,4.78
fold2_room1_mix0158,87,4,0,130,-5,5.43
fold2_room1_mix0158,88,4,0,135,-4,5.77
fold2_room1_mix0158,89,4,0,137,-4,6.31
fold2_room1_mix0158,90,4,0,141,-4,6.64
fold2_room1_mix0158,91,4,0,144,-3,7.37
fold2_room1_mix0158,92,4,0,146,-3,7.90
fold2_room1_mix0158,93,4,0,149,-3,8.52
fold2_room1_mix0158,94,4,0,152,-3,9.44
fold2_room1_mix0158,95,4,0,153,-3,9.67
fold2_room1_mix0158,96,4,0,155,-3,10.52
fold2_room1_mix0158,97,4,0,157,-2,11.38
fold2_room1_mix0158,98,4,0,159,-2,11.81
fold2_room1_mix0158,99,4,0,159,-2,12.41
fold2_room1_mix0161,4,4,0,-178,1,6.43
fold2_room1_mix0161,5,4,0,178,0,21.97
fold2_room1_mix0161,6,4,0,179,0,22.22
fold2_room1_mix0161,7,4,0,179,1,21.04
fold2_room1_mix0161,8,4,0,-179,0,25.35
fold2_room1_mix0161,9,4,0,178,0,39.79
fold2_room1_mix0161,10,4,0,-179,0,38.98
fold2_room1_mix0161,11,4,0,177,0,42.84
fold2_room1_mix0161,12,4,0,-178,0,39.02
fold2_room1_mix0161,13,4,0,-179,0,29.44
fold2_room1_mix0161,14,4,0,-179,0,22.77
fold2_room1_mix0161,15,4,0,179,0,29.41
fold2_room1_mix0161,16,4,0,179,0,26.99
fold2_room1_mix0161,17,4,0,178,0,41.31
fold2_room1_mix0161,18,4,0,178,0,40.24
fold2_room1_mix0161,19,4,0,179,0,45.06
fold2_room1_mix0161,20,4,0,179,0,42.91
fold2_room1_mix0161,21,4,0,178,0,45.66
fold2_room1_mix0161,22,4,0,-179,0,47.01
fold2_room1_mix0161,23,4,0,179,0,45.67
fold2_room1_mix0161,24,4,0,179,0,51.53
fold2_room1_mix0161,25,4,0,179,0,46.31
fold2_room1_mix0161,26,4,0,-179,0,49.78
fold2_room1_mix0161,27,4,0,178,0,47.56
fold2_room1_mix0161,28,4,0,-179,0,52.11
fold2_room1_mix0161,29,4,0,-179,0,49.63
fold2_room1_mix0161,30,4,0,-179,0,54.27
fold2_room1_mix0161,31,4,0,-179,0,52.38
fold2_room1_mix0161,32,4,0,-178,0,51.72
fold2_room1_mix0161,33,4,0,179,0,57.44
fold2_room1_mix0161,34,4,0,-179,0,58.54
fold2_room1_mix0161,35,4,0,-179,0,54.30
fold2_room1_mix0161,36,4,0,-179,0,52.21
fold2_room1_mix0161,37,4,0,-179,0,51.59
fold2_room1_mix0161,38,4,0,-179,0,50.49
fold2_room1_mix0161,39,4,0,-179,0,51.92
fold2_room1_mix0161,40,4,0,-179,0,49.70
fold2_room1_mix0161,41,4,0,-179,0,47.86
fold2_room1_mix0161,42,1,0,37,-1,14.99
fold2_room1_mix0161,42,4,0,-179,0,44.07
fold2_room1_mix0161,43,1,0,41,-2,15.85
fold2_room1_mix0161,43,4,0,-178,0,42.32
fold2_room1_mix0161,44,1,0,41,-2,8.30
fold2_room1_mix0161,44,4,0,-176,0,47.37
fold2_room1_mix0161,45,4,0,-175,0,39.99
fold2_room1_mix0161,46,1,0,40,-1,18.74
fold2_room1_mix0161,46,4,0,-178,-1,38.97
fold2_room1_mix0161,47,1,0,45,-2,14.81
fold2_room1_mix0161,47,4,0,179,0,45.63
fold2_room1_mix0161,48,1,0,45,-2,13.15
fold2_room1_mix0161,48,4,0,-178,0,39.39
fold2_room1_mix0161,49,1,0,48,-2,5.80
fold2_room1_mix0161,49,4,0,-177,0,40.29
fold2_room1_mix0161,50,4,0,-174,0,36.88
fold2_room1_mix0161,51,4,0,-176,0,33.20
fold2_room1_mix0161,52,4,0,-178,0,31.31
fold2_room1_mix0161,53,4,0,-178,0,27.09
fold2_room1_mix0161,54,4,0,-176,0,27.27
fold2_room1_mix0161,55,4,0,-177,0,27.25
fold2_room1_mix0161,56,4,0,-176,0,25.60
fold2_room1_mix0161,57,4,0,-177,-1,23.16
fold2_room1_mix0161,58,4,0,-176,-1,23.56
fold2_room1_mix0161,59,4,0,-178,-1,20.71
fold2_room1_mix0161,60,4,0,-179,-1,19.94
fold2_room1_mix0161,61,4,0,-176,-1,19.39
fold2_room1_mix0161,62,4,0,-177,-1,18.48
fold2_room1_mix0161,63,4,0,-177,-2,16.59
fold2_room1_mix0161,64,4,0,-176,-2,15.42
fold2_room1_mix0161,65,4,0,-176,-2,14.21
fold2_room1_mix0161,66,4,0,-176,-2,13.09
fold2_room1_mix0161,67,4,0,-176,-2,12.21
fold2_room1_mix0161,68,4,0,-175,-2,10.99
fold2_room1_mix0161,69,4,0,-175,-3,9.97
fold2_room1_mix0161,70,4,0,-174,-3,8.95
fold2_room1_mix0161,71,4,0,-175,-3,8.04
fold2_room1_mix0161,72,4,0,-174,-4,6.83
fold2_room1_mix0161,73,4,0,-172,-5,5.95
fold2_room1_mix0161,74,4,0,-170,-6,5.24
fold2_room1_mix0161,75,4,0,-168,-9,3.86
fold2_room1_mix0161,76,4,0,-162,-14,2.80
fold2_room1_mix0161,77,4,0,-151,-22,1.97
fold2_room1_mix0161,78,4,0,-125,-34,1.23
fold2_room1_mix0161,79,4,0,-59,-38,0.93
fold2_room1_mix0161,80,4,0,-29,-26,1.54
fold2_room1_mix0161,81,4,0,-18,-18,2.06
fold2_room1_mix0161,82,4,0,-13,-13,2.71
fold2_room1_mix0161,83,4,0,-11,-10,3.57
fold2_room1_mix0161,84,4,0,-7,-8,4.50
fold2_room1_mix0161,85,4,0,-5,-7,5.55
fold2_room1_mix0161,86,4,0,-4,-6,6.23
fold2_room1_mix0161,87,4,0,-3,-4,7.40
fold2_room1_mix0161,88,4,0,-3,-4,8.08
fold2_room1_mix0161,89,4,0,-3,-4,8.74
fold2_room1_mix0161,90,4,0,-3,-3,9.80
fold2_room1_mix0161,91,4,0,-3,-3,10.77
fold2_room1_mix0161,92,4,0,-2,-3,11.58
fold2_room1_mix0161,93,4,0,-2,-2,13.36
fold2_room1_mix0161,94,4,0,-2,-2,14.26
fold2_room1_mix0161,95,4,0,-2,-2,14.61
fold2_room1_mix0161,96,4,0,-1,-2,15.34
fold2_room1_mix0161,97,4,0,-1,-2,17.15
fold2_room1_mix0161,98,4,0,-1,-2,17.80
fold2_room1_mix0161,99,4,0,-1,-2,19.73
fold2_room1_mix0168,15,1,0,-138,-2,8.42
fold2_room1_mix0168,17,1,0,-144,-1,19.03
fold2_room1_mix0168,18,1,0,-146,-1,18.15
fold2_room1_mix0168,19,1,0,-145,-1,16.00
fold2_room1_mix0168,20,1,0,-137,-2,13.82
fold2_room1_mix0168,21,1,0,-144,-2,6.85
fold2_room1_mix0170,2,4,0,6,1,5.61
fold2_room1_mix0170,2,4,0,8,0,5.50
fold2_room1_mix0170,3,4,0,2,1,7.11
fold2_room1_mix0170,3,4,0,3,0,6.73
fold2_room1_mix0170,4,4,0,3,0,17.26
fold2_room1_mix0170,4,4,0,3,0,16.30
fold2_room1_mix0170,5,4,0,3,0,16.66
fold2_room1_mix0170,5,4,0,3,-1,16.06
fold2_room1_mix0170,6,4,0,2,0,21.33
fold2_room1_mix0170,6,4,0,2,0,20.25
fold2_room1_mix0170,7,4,0,5,0,32.80
fold2_room1_mix0170,7,4,0,4,-1,32.39
fold2_room1_mix0170,8,4,0,3,-1,34.44
fold2_room1_mix0170,8,4,0,3,-1,33.94
fold2_room1_mix0170,9,4,0,2,0,38.50
fold2_room1_mix0170,9,4,0,2,-1,36.89
fold2_room1_mix0170,10,4,0,2,-1,36.54
fold2_room1_mix0170,10,4,0,2,-1,36.01
fold2_room1_mix0170,11,4,0,1,-1,37.81
fold2_room1_mix0170,11,4,0,2,-1,36.78
fold2_room1_mix0170,12,4,0,0,-1,37.57
fold2_room1_mix0170,12,4,0,1,-1,36.79
fold2_room1_mix0170,13,4,0,2,0,36.38
fold2_room1_mix0170,13,4,0,3,-1,35.40
fold2_room1_mix0170,14,4,0,4,-1,32.88
fold2_room1_mix0170,14,4,0,4,-1,32.55
fold2_room1_mix0170,15,4,0,2,0,36.22
fold2_room1_mix0170,15,4,0,2,-1,35.21
fold2_room1_mix0170,16,4,0,1,0,35.18
fold2_room1_mix0170,16,4,0,1,-1,34.23
fold2_room1_mix0170,17,4,0,3,0,37.05
fold2_room1_mix0170,17,4,0,2,-1,36.01
fold2_room1_mix0170,18,4,0,3,0,34.49
fold2_room1_mix0170,18,4,0,2,0,34.15
fold2_room1_mix0170,19,4,0,2,0,33.98
fold2_room1_mix0170,19,4,0,1,-1,33.92
fold2_room1_mix0170,20,4,0,2,0,33.64
fold2_room1_mix0170,20,4,0,1,-1,33.42
fold2_room1_mix0170,21,4,0,1,0,31.91
fold2_room1_mix0170,21,4,0,1,-1,32.40
fold2_room1_mix0170,22,4,0,1,-1,31.46
fold2_room1_mix0170,22,4,0,1,-1,32.36
fold2_room1_mix0170,23,4,0,3,-1,29.25
fold2_room1_mix0170,23,4,0,2,-1,30.14
fold2_room1_mix0170,24,4,0,4,-1,27.92
fold2_room1_mix0170,24,4,0,2,-1,29.03
fold2_room1_mix0170,25,4,0,3,-1,27.79
fold2_room1_mix0170,25,4,0,2,-1,28.93
fold2_room1_mix0170,26,4,0,5,-1,25.16
fold2_room1_mix0170,26,4,0,3,-1,26.63
fold2_room1_mix0170,27,4,0,5,-1,22.89
fold2_room1_mix0170,27,4,0,3,-1,24.61
fold2_room1_mix0170,28,4,0,8,-1,21.09
fold2_room1_mix0170,28,4,0,5,-1,23.07
fold2_room1_mix0170,29,4,0,8,-1,20.37
fold2_room1_mix0170,29,4,0,6,-1,22.22
fold2_room1_mix0170,30,4,0,10,-2,18.75
fold2_room1_mix0170,30,4,0,8,-1,20.93
fold2_room1_mix0170,31,4,0,10,-2,17.00
fold2_room1_mix0170,31,4,0,7,-1,19.46
fold2_room1_mix0170,32,4,0,10,-2,15.20
fold2_room1_mix0170,32,4,0,7,-2,17.95
fold2_room1_mix0170,33,4,0,11,-2,14.25
fold2_room1_mix0170,33,4,0,8,-2,16.83
fold2_room1_mix0170,34,4,0,13,-2,14.34
fold2_room1_mix0170,34,4,0,10,-2,16.52
fold2_room1_mix0170,35,4,0,15,-3,12.08
fold2_room1_mix0170,35,4,0,9,-2,15.93
fold2_room1_mix0170,36,4,0,16,-3,12.54
fold2_room1_mix0170,36,4,0,11,-2,14.47
fold2_room1_mix0170,37,4,0,18,-4,10.89
fold2_room1_mix0170,37,4,0,12,-3,13.80
fold2_room1_mix0170,38,4,0,21,-4,9.79
fold2_room1_mix0170,38,4,0,15,-3,13.20
fold2_room1_mix0170,39,4,0,25,-6,6.32
fold2_room1_mix0170,39,4,0,-175,-1,22.09
fold2_room1_mix0170,39,4,0,4,-2,17.50
fold2_room1_mix0170,40,4,0,33,-8,3.85
fold2_room1_mix0170,40,4,0,-178,0,25.40
fold2_room1_mix0170,40,4,0,1,0,20.27
fold2_room1_mix0170,41,4,0,38,-9,2.55
fold2_room1_mix0170,41,4,0,-179,0,24.41
fold2_room1_mix0170,41,4,0,0,0,22.11
fold2_room1_mix0170,42,4,0,44,-11,1.91
fold2_room1_mix0170,42,4,0,177,0,24.24
fold2_room1_mix0170,42,4,0,2,0,21.75
fold2_room1_mix0170,43,4,0,68,-12,2.11
fold2_room1_mix0170,43,4,0,177,0,24.08
fold2_room1_mix0170,43,4,0,0,0,25.32
fold2_room1_mix0170,44,4,0,121,-11,2.56
fold2_room1_mix0170,44,4,0,177,0,22.55
fold2_room1_mix0170,44,4,0,-1,0,25.08
fold2_room1_mix0170,45,4,0,131,-9,3.17
fold2_room1_mix0170,45,4,0,176,0,20.97
fold2_room1_mix0170,45,4,0,-3,0,24.91
fold2_room1_mix0170,46,4,0,148,-6,4.33
fold2_room1_mix0170,46,4,0,175,0,19.19
fold2_room1_mix0170,46,4,0,-4,-1,23.67
fold2_room1_mix0170,47,4,0,155,-5,4.70
fold2_room1_mix0170,47,4,0,176,0,16.69
fold2_room1_mix0170,47,4,0,-4,-1,21.77
fold2_room1_mix0170,48,4,0,159,-4,5.61
fold2_room1_mix0170,48,4,0,176,0,16.05
fold2_room1_mix0170,48,4,0,-4,-1,22.49
fold2_room1_mix0170,49,4,0,170,-2,10.49
fold2_room1_mix0170,49,4,0,-2,-1,20.44
fold2_room1_mix0170,50,4,0,172,-2,10.45
fold2_room1_mix0170,50,4,0,0,-1,20.93
fold2_room1_mix0170,51,4,0,174,-1,11.03
fold2_room1_mix0170,51,4,0,0,-1,19.55
fold2_room1_mix0170,52,4,0,175,-1,11.69
fold2_room1_mix0170,52,4,0,5,-1,17.23
fold2_room1_mix0170,53,4,0,176,-1,11.91
fold2_room1_mix0170,53,4,0,6,-1,16.80
fold2_room1_mix0170,54,4,0,177,-2,11.51
fold2_room1_mix0170,54,4,0,8,-2,16.95
fold2_room1_mix0170,55,4,0,178,-2,12.25
fold2_room1_mix0170,55,4,0,8,-2,15.68
fold2_room1_mix0170,56,4,0,-179,-2,12.20
fold2_room1_mix0170,56,4,0,13,-2,15.92
fold2_room1_mix0170,57,4,0,-176,-2,12.18
fold2_room1_mix0170,57,4,0,12,-2,13.96
fold2_room1_mix0170,58,4,0,-166,-3,10.37
fold2_room1_mix0170,58,4,0,177,-2,12.67
fold2_room1_mix0170,58,4,0,16,-2,13.68
fold2_room1_mix0170,59,4,0,-173,-3,11.32
fold2_room1_mix0170,59,4,0,16,-2,12.64
fold2_room1_mix0170,60,4,0,-164,-4,9.24
fold2_room1_mix0170,60,4,0,-179,-2,12.39
fold2_room1_mix0170,60,4,0,18,-3,11.16
fold2_room1_mix0170,61,4,0,-158,-4,7.84
fold2_room1_mix0170,61,4,0,179,-2,11.96
fold2_room1_mix0170,61,4,0,18,-3,10.59
fold2_room1_mix0170,62,4,0,-153,-5,7.36
fold2_room1_mix0170,62,4,0,-178,-2,12.44
fold2_room1_mix0170,62,4,0,24,-4,9.66
fold2_room1_mix0170,63,4,0,-152,-5,6.62
fold2_room1_mix0170,63,4,0,179,-2,12.67
fold2_room1_mix0170,63,4,0,23,-3,9.63
fold2_room1_mix0170,64,4,0,-146,-7,4.45
fold2_room1_mix0170,64,4,0,-179,-2,12.77
fold2_room1_mix0170,64,4,0,26,-4,8.41
fold2_room1_mix0170,65,4,0,-141,-9,3.59
fold2_room1_mix0170,65,4,0,-173,-3,11.37
fold2_room1_mix0170,65,4,0,28,-4,7.91
fold2_room1_mix0170,66,4,0,-127,-12,2.33
fold2_room1_mix0170,66,4,0,-164,-5,11.34
fold2_room1_mix0170,66,4,0,35,-4,8.06
fold2_room1_mix0170,67,4,0,-112,-14,2.08
fold2_room1_mix0170,67,4,0,-140,-7,11.67
fold2_room1_mix0170,67,4,0,42,-4,8.60
fold2_room1_mix0170,68,4,0,-95,-14,2.04
fold2_room1_mix0170,68,4,0,41,-4,7.89
fold2_room1_mix0170,69,4,0,-60,-14,2.56
fold2_room1_mix0170,69,4,0,111,-4,14.15
fold2_room1_mix0170,69,4,0,7,-9,5.10
fold2_room1_mix0170,70,4,0,-38,-12,2.95
fold2_room1_mix0170,70,4,0,94,-5,10.07
fold2_room1_mix0170,70,4,0,5,-8,5.87
fold2_room1_mix0170,71,4,0,-12,-12,4.17
fold2_room1_mix0170,71,4,0,-6,-10,4.62
fold2_room1_mix0170,72,4,0,48,-13,4.71
fold2_room1_mix0170,72,4,0,122,-4,8.16
fold2_room1_mix0170,72,4,0,-3,-7,4.54
fold2_room1_mix0170,73,4,0,69,-11,5.26
fold2_room1_mix0170,73,4,0,117,-5,7.76
fold2_room1_mix0170,73,4,0,-6,-6,4.68
fold2_room1_mix0170,74,4,0,41,-12,4.98
fold2_room1_mix0170,74,4,0,113,-5,6.89
fold2_room1_mix0170,74,4,0,-2,-5,5.06
fold2_room1_mix0170,75,4,0,96,-10,4.85
fold2_room1_mix0170,75,4,0,134,-3,10.00
fold2_room1_mix0170,75,4,0,-6,-5,5.30
fold2_room1_mix0170,76,4,0,122,-8,5.03
fold2_room1_mix0170,76,4,0,138,-3,9.92
fold2_room1_mix0170,76,4,0,-6,-4,5.94
fold2_room1_mix0170,77,4,0,126,-7,5.43
fold2_room1_mix0170,77,4,0,141,-3,10.07
fold2_room1_mix0170,77,4,0,-1,-3,6.28
fold2_room1_mix0170,78,4,0,140,-4,9.43
fold2_room1_mix0170,78,4,0,0,-3,7.31
fold2_room1_mix0170,79,4,0,134,-5,6.78
fold2_room1_mix0170,79,4,0,152,-1,12.81
fold2_room1_mix0170,79,4,0,0,-3,7.78
fold2_room1_mix0170,80,4,0,137,-4,7.30
fold2_room1_mix0170,80,4,0,155,-1,13.31
fold2_room1_mix0170,80,4,0,0,-3,8.45
fold2_room1_mix0170,81,4,0,139,-4,7.50
fold2_room1_mix0170,81,4,0,159,-1,13.88
fold2_room1_mix0170,81,4,0,1,-2,8.59
fold2_room1_mix0170,82,4,0,151,-3,11.25
fold2_room1_mix0170,82,4,0,1,-2,9.94
fold2_room1_mix0170,83,4,0,153,-2,11.81
fold2_room1_mix0170,83,4,0,0,-1,11.93
fold2_room1_mix0170,84,4,0,154,-2,11.44
fold2_room1_mix0170,84,4,0,0,-1,12.87
fold2_room1_mix0170,85,4,0,156,-2,12.02
fold2_room1_mix0170,85,4,0,0,-1,15.50
fold2_room1_mix0170,86,4,0,158,-2,12.90
fold2_room1_mix0170,86,4,0,-1,-1,17.71
fold2_room1_mix0170,87,4,0,157,-2,13.14
fold2_room1_mix0170,87,4,0,-1,-1,17.77
fold2_room1_mix0170,88,4,0,159,-2,13.30
fold2_room1_mix0170,88,4,0,-2,-1,19.10
fold2_room1_mix0170,89,4,0,162,-2,14.46
fold2_room1_mix0170,89,4,0,-4,-1,21.56
fold2_room1_mix0170,90,4,0,162,-2,15.38
fold2_room1_mix0170,90,4,0,-4,-1,23.31
fold2_room1_mix0170,91,4,0,162,-2,15.50
fold2_room1_mix0170,91,4,0,-6,-1,23.55
fold2_room1_mix0170,92,4,0,161,-2,15.32
fold2_room1_mix0170,92,4,0,-5,-1,23.90
fold2_room1_mix0170,93,4,0,163,-2,16.26
fold2_room1_mix0170,93,4,0,-6,-1,24.90
fold2_room1_mix0170,94,4,0,163,-1,16.56
fold2_room1_mix0170,94,4,0,-5,-1,25.13
fold2_room1_mix0170,95,4,0,163,-1,17.73
fold2_room1_mix0170,95,4,0,-3,-1,25.18
fold2_room1_mix0170,96,4,0,164,-1,19.27
fold2_room1_mix0170,96,4,0,-3,-1,26.64
fold2_room1_mix0170,97,4,0,163,-1,20.41
fold2_room1_mix0170,97,4,0,-3,-1,27.63
fold2_room1_mix0170,98,4,0,163,-1,21.52
fold2_room1_mix0170,98,4,0,-3,-1,28.86
fold2_room1_mix0170,99,4,0,166,-1,22.93
fold2_room1_mix0170,99,4,0,-5,0,30.64
fold2_room1_mix0172,42,4,0,-9,-1,13.62
fold2_room1_mix0172,43,4,0,-16,-1,19.14
fold2_room1_mix0172,44,3,0,-136,-2,8.85
fold2_room1_mix0172,44,4,0,-18,-1,22.44
fold2_room1_mix0172,45,3,0,-134,-2,12.31
fold2_room1_mix0172,45,4,0,-22,-1,23.03
fold2_room1_mix0172,46,3,0,-137,-2,11.26
fold2_room1_mix0172,46,4,0,-21,-2,21.05
fold2_room1_mix0172,47,3,0,-140,-2,9.61
fold2_room1_mix0172,47,4,0,-18,-1,21.48
fold2_room1_mix0172,48,4,0,-19,-1,22.87
fold2_room1_mix0172,49,4,0,-20,-1,20.96
fold2_room1_mix0172,50,4,0,-20,-1,21.35
fold2_room1_mix0172,51,3,0,-139,-2,3.81
fold2_room1_mix0172,51,4,0,-23,-1,22.24
fold2_room1_mix0172,52,4,0,-22,-1,22.66
fold2_room1_mix0172,53,4,0,-26,-1,21.96
fold2_room1_mix0172,54,4,0,-25,-1,21.02
fold2_room1_mix0172,55,4,0,-24,-1,19.65
fold2_room1_mix0172,56,4,0,-27,-1,18.41
fold2_room1_mix0172,57,4,0,-26,-1,17.95
fold2_room1_mix0172,58,4,0,-25,-1,18.92
fold2_room1_mix0172,59,3,0,-85,-3,4.93
fold2_room1_mix0172,59,4,0,-34,-2,19.09
fold2_room1_mix0172,60,3,0,-83,-3,7.10
fold2_room1_mix0172,60,4,0,-26,-1,17.49
fold2_room1_mix0172,61,3,0,-79,-3,8.57
fold2_room1_mix0172,61,4,0,-30,-1,17.94
fold2_room1_mix0172,62,3,0,-79,-3,7.75
fold2_room1_mix0172,62,4,0,-32,-2,15.53
fold2_room1_mix0172,63,3,0,-70,-3,8.04
fold2_room1_mix0172,63,4,0,-31,-2,14.24
fold2_room1_mix0172,64,3,0,-59,-3,8.15
fold2_room1_mix0172,64,4,0,-31,-2,15.23
fold2_room1_mix0172,65,3,0,-55,-3,8.31
fold2_room1_mix0172,65,4,0,-32,-2,13.04
fold2_room1_mix0172,66,3,0,-50,-3,8.94
fold2_room1_mix0172,66,4,0,-34,-2,11.81
fold2_room1_mix0172,67,3,0,-50,-3,8.78
fold2_room1_mix0172,67,4,0,-36,-2,11.70
fold2_room1_mix0172,68,3,0,-48,-2,6.89
fold2_room1_mix0172,68,4,0,-33,-2,8.94
fold2_room1_mix0172,69,3,0,-46,-2,4.60
fold2_room1_mix0172,69,4,0,-41,-2,9.34
fold2_room1_mix0172,70,4,0,-41,-3,9.02
fold2_room1_mix0172,71,4,0,-45,-3,8.48
fold2_room1_mix0172,72,4,0,-50,-3,7.93
fold2_room1_mix0172,73,4,0,-50,-3,8.76
fold2_room1_mix0172,74,4,0,-55,-4,7.69
fold2_room1_mix0172,75,4,0,-60,-4,8.49
fold2_room1_mix0172,76,4,0,-64,-5,7.82
fold2_room1_mix0172,77,4,0,-69,-5,7.37
fold2_room1_mix0172,78,4,0,-72,-5,7.50
fold2_room1_mix0172,79,4,0,-76,-5,7.31
fold2_room1_mix0172,80,4,0,-82,-5,7.38
fold2_room1_mix0172,81,4,0,-85,-6,6.80
fold2_room1_mix0172,82,4,0,-90,-5,7.54
fold2_room1_mix0172,83,4,0,-94,-5,7.72
fold2_room1_mix0172,84,4,0,-98,-5,7.11
fold2_room1_mix0172,85,4,0,-104,-5,7.96
fold2_room1_mix0172,86,4,0,-108,-5,7.84
fold2_room1_mix0172,87,4,0,-115,-5,8.18
fold2_room1_mix0172,88,4,0,-121,-4,8.42
fold2_room1_mix0172,89,4,0,-124,-4,8.67
fold2_room1_mix0172,90,4,0,-127,-4,8.72
fold2_room1_mix0172,91,4,0,-130,-4,9.27
fold2_room1_mix0172,92,4,0,-132,-4,9.02
fold2_room1_mix0172,93,4,0,-136,-3,9.41
fold2_room1_mix0172,94,4,0,-138,-3,9.83
fold2_room1_mix0172,95,4,0,-139,-3,9.79
fold2_room1_mix0172,96,4,0,-141,-3,9.67
fold2_room1_mix0172,97,4,0,-144,-3,10.07
fold2_room1_mix0172,98,4,0,-144,-2,11.11
fold2_room1_mix0172,99,4,0,-145,-2,11.31
fold2_room1_mix0173,3,4,0,-15,1,3.78
fold2_room1_mix0173,4,4,0,-21,0,10.71
fold2_room1_mix0173,5,4,0,-18,0,19.66
fold2_room1_mix0173,6,4,0,-19,0,22.07
fold2_room1_mix0173,7,4,0,-21,0,28.23
fold2_room1_mix0173,8,4,0,-23,0,33.90
fold2_room1_mix0173,9,4,0,-23,-1,36.96
fold2_room1_mix0173,10,4,0,-21,0,33.93
fold2_room1_mix0173,11,4,0,-23,0,34.32
fold2_room1_mix0173,12,4,0,-26,-1,33.43
fold2_room1_mix0173,13,4,0,-26,-1,33.40
fold2_room1_mix0173,14,4,0,-23,0,34.51
fold2_room1_mix0173,15,4,0,-25,0,33.67
fold2_room1_mix0173,16,4,0,-28,0,33.33
fold2_room1_mix0173,17,4,0,-29,-1,31.15
fold2_room1_mix0173,18,4,0,-26,0,33.80
fold2_room1_mix0173,19,4,0,-26,0,31.96
fold2_room1_mix0173,20,4,0,-29,-1,31.13
fold2_room1_mix0173,21,4,0,-28,0,31.80
fold2_room1_mix0173,22,4,0,-28,0,31.14
fold2_room1_mix0173,23,4,0,-29,0,29.46
fold2_room1_mix0173,24,4,0,-30,-1,30.80
fold2_room1_mix0173,25,4,0,-28,0,30.50
fold2_room1_mix0173,26,4,0,-30,-1,28.45
fold2_room1_mix0173,27,4,0,-29,-1,28.78
fold2_room1_mix0173,28,4,0,-32,-1,29.71
fold2_room1_mix0173,29,4,0,-32,-1,28.91
fold2_room1_mix0173,30,4,0,-32,-1,29.21
fold2_room1_mix0173,31,4,0,-30,-1,29.10
fold2_room1_mix0173,32,4,0,-31,-1,27.70
fold2_room1_mix0173,33,4,0,-32,-1,27.47
fold2_room1_mix0173,34,4,0,-31,-1,27.01
fold2_room1_mix0173,35,4,0,-32,-1,26.14
fold2_room1_mix0173,36,4,0,-33,0,25.62
fold2_room1_mix0173,37,4,0,-32,0,24.94
fold2_room1_mix0173,38,4,0,-32,-1,24.79
fold2_room1_mix0173,39,4,0,-33,-1,23.88
fold2_room1_mix0173,40,4,0,-36,-1,23.46
fold2_room1_mix0173,41,4,0,-35,-1,22.87
fold2_room1_mix0173,42,4,0,-36,0,22.86
fold2_room1_mix0173,43,4,0,-36,0,22.54
fold2_room1_mix0173,44,4,0,-38,0,22.66
fold2_room1_mix0173,45,4,0,-39,0,22.33
fold2_room1_mix0173,46,4,0,-40,-1,22.01
fold2_room1_mix0173,47,4,0,-43,-1,21.51
fold2_room1_mix0173,48,4,0,-44,-1,20.54
fold2_room1_mix0173,49,4,0,-44,-1,20.18
fold2_room1_mix0173,50,4,0,-43,-1,19.56
fold2_room1_mix0173,51,4,0,-47,-1,18.86
fold2_room1_mix0173,52,4,0,-48,-1,18.91
fold2_room1_mix0173,53,4,0,-48,-1,19.26
fold2_room1_mix0173,54,4,0,-49,-1,18.82
fold2_room1_mix0173,55,4,0,-48,-1,19.55
fold2_room1_mix0173,56,4,0,-49,-1,18.81
fold2_room1_mix0173,57,4,0,-53,-1,17.77
fold2_room1_mix0173,58,4,0,-53,-1,17.76
fold2_room1_mix0173,59,4,0,-55,-1,17.41
fold2_room1_mix0173,60,4,0,-55,-1,17.18
fold2_room1_mix0173,61,4,0,-56,-1,17.14
fold2_room1_mix0173,62,4,0,-57,-1,17.12
fold2_room1_mix0173,63,4,0,-60,-1,17.43
fold2_room1_mix0173,64,4,0,-61,-1,16.80
fold2_room1_mix0173,65,4,0,-64,-1,16.67
fold2_room1_mix0173,66,4,0,-65,-1,16.29
fold2_room1_mix0173,67,4,0,-65,-1,15.72
fold2_room1_mix0173,68,4,0,-69,-1,15.78
fold2_room1_mix0173,69,4,0,-68,-1,15.93
fold2_room1_mix0173,70,4,0,-72,-1,15.54
fold2_room1_mix0173,71,4,0,-73,-1,14.96
fold2_room1_mix0173,72,4,0,-75,-1,15.06
fold2_room1_mix0173,73,4,0,-77,-1,14.48
fold2_room1_mix0173,74,4,0,-79,-1,14.56
fold2_room1_mix0173,75,4,0,-80,-1,14.65
fold2_room1_mix0173,76,4,0,-83,-1,14.61
fold2_room1_mix0173,77,4,0,-85,-1,14.46
fold2_room1_mix0173,78,4,0,-87,-1,14.41
fold2_room1_mix0173,79,4,0,-90,-1,14.05
fold2_room1_mix0173,80,4,0,-92,-1,14.39
fold2_room1_mix0173,81,4,0,-94,-1,14.57
fold2_room1_mix0173,82,4,0,-96,-1,14.67
fold2_room1_mix0173,83,4,0,-99,-1,14.88
fold2_room1_mix0173,84,4,0,-100,-1,15.13
fold2_room1_mix0173,85,4,0,-103,-1,15.12
fold2_room1_mix0173,86,4,0,-104,-1,15.16
fold2_room1_mix0173,87,4,0,-107,-1,15.87
fold2_room1_mix0173,88,4,0,-108,-1,15.81
fold2_room1_mix0173,89,4,0,-110,0,16.16
fold2_room1_mix0173,90,4,0,-112,-1,16.28
fold2_room1_mix0173,91,4,0,-114,-1,16.39
fold2_room1_mix0173,92,4,0,-115,-1,16.56
fold2_room1_mix0173,93,4,0,-117,0,17.02
fold2_room1_mix0173,94,4,0,-119,0,17.77
fold2_room1_mix0173,95,4,0,-120,-1,17.85
fold2_room1_mix0173,96,4,0,-121,-1,18.37
fold2_room1_mix0173,97,4,0,-123,-1,18.16
fold2_room1_mix0173,98,4,0,-125,0,19.06
fold2_room1_mix0173,99,4,0,-127,0,19.07
fold2_room1_mix0174,55,4,0,148,-3,6.88
fold2_room1_mix0174,56,4,0,147,-2,8.28
fold2_room1_mix0174,57,4,0,145,-3,8.95
fold2_room1_mix0174,58,4,0,138,-3,7.95
fold2_room1_mix0174,59,4,0,133,-4,7.28
fold2_room1_mix0174,60,4,0,124,-4,7.13
fold2_room1_mix0174,61,4,0,116,-5,6.57
fold2_room1_mix0174,62,4,0,108,-6,6.50
fold2_room1_mix0174,63,4,0,98,-6,6.46
fold2_room1_mix0174,64,4,0,87,-6,5.93
fold2_room1_mix0174,65,4,0,77,-6,6.06
fold2_room1_mix0174,66,4,0,68,-5,6.72
fold2_room1_mix0174,67,4,0,61,-4,7.17
fold2_room1_mix0174,68,4,0,57,-4,7.24
fold2_room1_mix0174,69,4,0,51,-4,7.69
fold2_room1_mix0174,70,4,0,45,-3,8.17
fold2_room1_mix0174,71,4,0,39,-4,7.53
fold2_room1_mix0174,72,4,0,38,-5,4.04
fold2_room1_mix0194,45,1,0,21,-1,15.71
fold2_room1_mix0194,46,1,0,6,-3,6.92
fold2_room1_mix0194,47,1,0,21,-1,26.13
fold2_room1_mix0194,48,1,0,32,-2,17.62
fold2_room1_mix0194,49,1,0,36,-2,13.39
fold2_room1_mix0194,50,1,0,33,-2,8.51
fold2_room1_mix0194,52,1,0,48,-2,8.63
fold2_room1_mix0194,53,1,0,58,-2,7.26
fold2_room1_mix0194,54,1,0,69,-3,6.22
fold2_room1_mix0194,56,1,0,81,-3,6.23
fold2_room1_mix0194,57,1,0,94,-3,3.52
fold2_room1_mix0209,8,4,0,178,0,22.24
fold2_room1_mix0209,8,4,0,10,0,21.69
fold2_room1_mix0209,9,4,0,-178,0,34.68
fold2_room1_mix0209,12,4,0,177,0,34.92
fold2_room1_mix0209,12,4,0,13,-1,33.86
fold2_room1_mix0209,13,4,0,178,0,34.32
fold2_room1_mix0209,13,4,0,11,0,33.82
fold2_room1_mix0209,14,4,0,-178,1,20.25
fold2_room1_mix0209,14,4,0,6,0,18.48
fold2_room1_mix0209,17,4,0,-176,1,30.41
fold2_room1_mix0209,17,4,0,9,0,24.00
fold2_room1_mix0209,18,4,0,-177,0,39.88
fold2_room1_mix0209,18,4,0,8,-1,35.92
fold2_room1_mix0209,21,4,0,6,0,35.25
fold2_room1_mix0209,21,4,0,8,-1,32.44
fold2_room1_mix0209,22,4,0,5,0,39.68
fold2_room1_mix0209,22,4,0,6,-1,37.51
fold2_room1_mix0209,24,4,0,-178,-1,35.99
fold2_room1_mix0209,24,4,0,7,0,39.36
fold2_room1_mix0209,25,4,0,3,-1,39.97
fold2_room1_mix0209,25,4,0,5,-1,39.28
fold2_room1_mix0209,27,4,0,6,0,36.37
fold2_room1_mix0209,27,4,0,7,-1,35.52
fold2_room1_mix0209,28,4,0,10,-1,29.62
fold2_room1_mix0209,28,4,0,10,-1,29.61
fold2_room1_mix0209,29,4,0,10,-1,29.30
fold2_room1_mix0209,29,4,0,10,-1,30.36
fold2_room1_mix0209,30,4,0,13,-1,26.68
fold2_room1_mix0209,30,4,0,12,-1,27.56
fold2_room1_mix0209,31,4,0,14,-1,25.22
fold2_room1_mix0209,31,4,0,14,-1,26.51
fold2_room1_mix0209,32,4,0,13,-1,26.09
fold2_room1_mix0209,32,4,0,13,-1,27.03
fold2_room1_mix0209,33,4,0,16,-1,22.49
fold2_room1_mix0209,33,4,0,16,-1,23.27
fold2_room1_mix0209,34,4,0,17,-1,21.92
fold2_room1_mix0209,34,4,0,16,-1,22.73
fold2_room1_mix0209,35,4,0,18,-1,22.62
fold2_room1_mix0209,35,4,0,17,-1,23.58
fold2_room1_mix0209,36,4,0,17,-1,23.83
fold2_room1_mix0209,36,4,0,16,-1,24.27
fold2_room1_mix0209,37,4,0,17,-1,23.19
fold2_room1_mix0209,37,4,0,15,-1,23.89
fold2_room1_mix0209,38,3,0,36,-2,7.16
fold2_room1_mix0209,38,4,0,11,-1,26.43
fold2_room1_mix0209,38,4,0,12,-1,26.77
fold2_room1_mix0209,39,3,0,37,-3,11.31
fold2_room1_mix0209,39,4,0,8,-1,30.20
fold2_room1_mix0209,39,4,0,9,-1,29.79
fold2_room1_mix0209,40,3,0,43,-3,10.78
fold2_room1_mix0209,40,4,0,8,-1,27.56
fold2_room1_mix0209,40,4,0,10,-1,26.80
fold2_room1_mix0209,41,3,0,-20,-3,8.19
fold2_room1_mix0209,41,4,0,5,-1,28.39
fold2_room1_mix0209,41,4,0,9,-1,27.88
fold2_room1_mix0209,42,3,0,-39,-3,8.50
fold2_room1_mix0209,42,4,0,6,-1,30.01
fold2_room1_mix0209,42,4,0,10,-1,29.63
fold2_room1_mix0209,43,3,0,-52,-3,9.21
fold2_room1_mix0209,43,4,0,9,-1,29.32
fold2_room1_mix0209,43,4,0,13,-1,29.24
fold2_room1_mix0209,44,3,0,-65,-3,7.68
fold2_room1_mix0209,44,4,0,10,-2,24.01
fold2_room1_mix0209,44,4,0,14,-2,24.78
fold2_room1_mix0209,45,3,0,-78,-3,8.49
fold2_room1_mix0209,45,4,0,12,-2,21.18
fold2_room1_mix0209,45,4,0,18,-1,22.41
fold2_room1_mix0209,46,3,0,-82,-4,9.47
fold2_room1_mix0209,46,4,0,11,-2,21.78
fold2_room1_mix0209,46,4,0,16,-2,23.09
fold2_room1_mix0209,47,3,0,23,-4,10.07
fold2_room1_mix0209,47,4,0,12,-2,23.48
fold2_room1_mix0209,47,4,0,17,-1,23.79
fold2_room1_mix0209,48,3,0,43,-4,9.56
fold2_room1_mix0209,48,4,0,6,-1,21.89
fold2_room1_mix0209,48,4,0,13,-1,21.62
fold2_room1_mix0209,49,3,0,49,-4,8.53
fold2_room1_mix0209,49,4,0,6,-1,22.30
fold2_room1_mix0209,49,4,0,13,-1,20.81
fold2_room1_mix0209,50,3,0,60,-3,6.71
fold2_room1_mix0209,50,4,0,3,-1,19.52
fold2_room1_mix0209,50,4,0,-172,-2,25.13
fold2_room1_mix0209,50,4,0,19,-2,16.16
fold2_room1_mix0209,51,3,0,62,-3,6.88
fold2_room1_mix0209,51,4,0,5,-1,20.36
fold2_room1_mix0209,51,4,0,-174,-2,25.83
fold2_room1_mix0209,51,4,0,20,-2,16.62
fold2_room1_mix0209,52,3,0,67,-3,5.91
fold2_room1_mix0209,52,4,0,5,-2,18.94
fold2_room1_mix0209,52,4,0,13,-2,17.02
fold2_room1_mix0209,53,3,0,87,-3,4.72
fold2_room1_mix0209,53,4,0,9,-1,19.38
fold2_room1_mix0209,53,4,0,-173,-2,25.23
fold2_room1_mix0209,53,4,0,26,-2,13.13
fold2_room1_mix0209,54,4,0,-172,0,20.13
fold2_room1_mix0209,54,4,0,29,-1,14.15
fold2_room1_mix0209,55,4,0,-176,0,19.89
fold2_room1_mix0209,55,4,0,27,-2,12.05
fold2_room1_mix0209,56,4,0,-179,0,18.62
fold2_room1_mix0209,56,4,0,29,-2,10.44
fold2_room1_mix0209,57,4,0,-177,0,20.27
fold2_room1_mix0209,57,4,0,31,-3,8.25
fold2_room1_mix0209,58,4,0,-176,0,20.87
fold2_room1_mix0209,58,4,0,38,-3,7.60
fold2_room1_mix0209,59,4,0,170,0,18.89
fold2_room1_mix0209,59,4,0,-171,-1,20.75
fold2_room1_mix0209,59,4,0,41,-3,8.60
fold2_room1_mix0209,60,4,0,-179,0,19.07
fold2_room1_mix0209,60,4,0,43,-4,7.31
fold2_room1_mix0209,61,4,0,-177,0,19.45
fold2_room1_mix0209,61,4,0,45,-4,6.97
fold2_room1_mix0209,62,4,0,-175,0,19.59
fold2_room1_mix0209,62,4,0,49,-4,6.37
fold2_room1_mix0209,63,4,0,-176,0,18.33
fold2_room1_mix0209,63,4,0,54,-5,5.94
fold2_room1_mix0209,64,4,0,-178,0,16.01
fold2_room1_mix0209,64,4,0,65,-4,6.46
fold2_room1_mix0209,65,4,0,-175,0,15.34
fold2_room1_mix0209,65,4,0,72,-4,6.72
fold2_room1_mix0209,66,4,0,-168,-1,14.80
fold2_room1_mix0209,66,4,0,70,-5,6.08
fold2_room1_mix0209,67,4,0,-169,-1,12.42
fold2_room1_mix0209,67,4,0,87,-5,6.40
fold2_room1_mix0209,68,4,0,-171,-2,11.96
fold2_room1_mix0209,68,4,0,102,-4,7.48
fold2_room1_mix0209,69,4,0,-171,-2,10.25
fold2_room1_mix0209,69,4,0,91,-4,7.86
fold2_room1_mix0209,70,4,0,-168,-2,10.08
fold2_room1_mix0209,70,4,0,106,-3,9.18
fold2_room1_mix0209,71,4,0,-169,-3,9.19
fold2_room1_mix0209,71,4,0,109,-3,9.82
fold2_room1_mix0209,72,4,0,-166,-3,8.68
fold2_room1_mix0209,72,4,0,118,-2,10.85
fold2_room1_mix0209,73,4,0,-163,-4,7.69
fold2_room1_mix0209,73,4,0,124,-1,12.06
fold2_room1_mix0209,74,4,0,-161,-3,7.67
fold2_room1_mix0209,74,4,0,125,-1,12.75
fold2_room1_mix0209,75,4,0,-162,-3,7.75
fold2_room1_mix0209,75,4,0,132,-1,12.94
fold2_room1_mix0209,76,4,0,-157,-4,6.86
fold2_room1_mix0209,76,4,0,125,-2,12.17
fold2_room1_mix0209,77,4,0,-150,-5,6.07
fold2_room1_mix0209,77,4,0,-170,-3,8.19
fold2_room1_mix0209,77,4,0,135,-2,11.58
fold2_room1_mix0209,78,4,0,-150,-5,5.62
fold2_room1_mix0209,78,4,0,149,-1,10.07
fold2_room1_mix0209,78,4,0,-179,-3,9.54
fold2_room1_mix0209,79,4,0,-153,-5,5.59
fold2_room1_mix0209,79,4,0,136,0,13.10
fold2_room1_mix0209,79,4,0,-134,-5,5.43
fold2_room1_mix0209,80,4,0,-145,-6,4.90
fold2_room1_mix0209,80,4,0,-139,-6,4.78
fold2_room1_mix0209,81,4,0,-150,-5,6.02
fold2_room1_mix0209,81,4,0,136,0,13.97
fold2_room1_mix0209,81,4,0,-123,-7,3.65
fold2_room1_mix0209,82,4,0,-144,-5,6.79
fold2_room1_mix0209,82,4,0,137,0,15.93
fold2_room1_mix0209,82,4,0,-118,-9,2.87
fold2_room1_mix0209,83,4,0,-139,-5,7.92
fold2_room1_mix0209,83,4,0,140,0,16.32
fold2_room1_mix0209,83,4,0,-104,-11,2.46
fold2_room1_mix0209,84,4,0,-119,-5,7.31
fold2_room1_mix0209,84,4,0,139,0,16.98
fold2_room1_mix0209,84,4,0,-96,-10,2.78
fold2_room1_mix0209,85,4,0,-159,-2,12.61
fold2_room1_mix0209,85,4,0,142,-1,14.78
fold2_room1_mix0209,85,4,0,-71,-11,1.89
fold2_room1_mix0209,86,4,0,164,-1,15.04
fold2_room1_mix0209,86,4,0,146,-1,13.18
fold2_room1_mix0209,86,4,0,-57,-10,1.87
fold2_room1_mix0209,87,4,0,150,-1,16.28
fold2_room1_mix0209,87,4,0,-52,-8,2.36
fold2_room1_mix0209,88,4,0,149,0,16.61
fold2_room1_mix0209,88,4,0,-46,-7,2.76
fold2_room1_mix0209,89,4,0,150,0,17.64
fold2_room1_mix0209,89,4,0,-42,-7,3.22
fold2_room1_mix0209,90,4,0,144,0,19.91
fold2_room1_mix0209,90,4,0,160,-3,13.28
fold2_room1_mix0209,90,4,0,-39,-6,3.68
fold2_room1_mix0209,91,4,0,146,0,24.16
fold2_room1_mix0209,91,4,0,161,-2,16.04
fold2_room1_mix0209,91,4,0,-35,-5,4.63
fold2_room1_mix0209,92,4,0,143,0,22.73
fold2_room1_mix0209,92,4,0,163,-2,17.11
fold2_room1_mix0209,92,4,0,-32,-5,5.12
fold2_room1_mix0209,93,4,0,145,0,21.60
fold2_room1_mix0209,93,4,0,164,-2,17.68
fold2_room1_mix0209,93,4,0,-30,-4,5.80
fold2_room1_mix0209,94,4,0,145,0,21.79
fold2_room1_mix0209,94,4,0,168,-2,19.17
fold2_room1_mix0209,94,4,0,-26,-3,7.02
fold2_room1_mix0209,97,4,0,5,-5,14.23
fold2_room1_mix0209,97,4,0,169,-1,22.75
fold2_room1_mix0209,97,4,0,-19,-2,9.53
fold2_room1_mix0209,98,4,0,2,-4,14.38
fold2_room1_mix0209,98,4,0,171,-2,23.17
fold2_room1_mix0209,98,4,0,-16,-2,10.17
fold2_room1_mix0209,99,4,0,-5,-4,12.97
fold2_room1_mix0209,99,4,0,-10,-3,12.30
fold2_room1_mix0209,5,4,0,-176,0,10.21
fold2_room1_mix0209,6,4,0,178,0,19.84
fold2_room1_mix0209,6,4,0,12,-1,18.18
fold2_room1_mix0209,7,4,0,-179,0,21.01
fold2_room1_mix0209,10,4,0,-179,0,7.63
fold2_room1_mix0209,10,4,0,8,0,7.48
fold2_room1_mix0209,15,4,0,179,0,36.56
fold2_room1_mix0209,15,4,0,9,0,31.60
fold2_room1_mix0209,16,4,0,-175,0,23.91
fold2_room1_mix0209,16,4,0,11,0,22.08
fold2_room1_mix0209,19,4,0,-175,0,34.40
fold2_room1_mix0209,19,4,0,10,-2,29.34
fold2_room1_mix0209,20,4,0,-175,0,31.41
fold2_room1_mix0209,20,4,0,9,-1,27.24
fold2_room1_mix0209,23,4,0,-177,-1,37.15
fold2_room1_mix0209,23,4,0,7,-1,36.53
fold2_room1_mix0209,26,4,0,-179,-1,37.77
fold2_room1_mix0209,26,4,0,8,0,42.94
fold2_room1_mix0209,95,4,0,167,-2,20.23
fold2_room1_mix0209,95,4,0,-24,-3,7.98
fold2_room1_mix0209,96,4,0,168,-1,21.57
fold2_room1_mix0209,96,4,0,-20,-2,8.91
fold2_room1_mix0213,20,4,0,160,0,19.98
fold2_room1_mix0213,21,4,0,154,-1,23.29
fold2_room1_mix0213,22,4,0,159,0,22.73
fold2_room1_mix0213,23,4,0,156,0,25.85
fold2_room1_mix0213,24,4,0,155,-1,33.46
fold2_room1_mix0213,25,4,0,154,-1,30.82
fold2_room1_mix0213,26,4,0,155,-1,30.76
fold2_room1_mix0213,27,4,0,155,-1,30.26
fold2_room1_mix0213,28,4,0,154,0,29.66
fold2_room1_mix0213,29,4,0,154,-1,28.74
fold2_room1_mix0213,30,4,0,154,-1,31.33
fold2_room1_mix0213,31,4,0,154,-1,28.79
fold2_room1_mix0213,32,4,0,154,-1,27.41
fold2_room1_mix0213,33,4,0,153,-1,27.41
fold2_room1_mix0213,34,4,0,153,0,26.82
fold2_room1_mix0213,35,4,0,152,-1,25.19
fold2_room1_mix0213,36,4,0,153,0,24.62
fold2_room1_mix0213,37,4,0,151,-1,24.67
fold2_room1_mix0213,38,4,0,148,0,24.55
fold2_room1_mix0213,39,4,0,148,-1,24.06
fold2_room1_mix0213,40,4,0,149,-1,23.03
fold2_room1_mix0213,41,4,0,148,-1,23.02
fold2_room1_mix0213,42,4,0,148,-1,23.82
fold2_room1_mix0213,43,4,0,145,-1,21.58
fold2_room1_mix0213,44,4,0,142,-1,21.89
fold2_room1_mix0213,45,4,0,143,-1,20.81
fold2_room1_mix0213,46,4,0,142,-1,20.01
fold2_room1_mix0213,47,4,0,140,-1,18.53
fold2_room1_mix0213,48,4,0,141,-1,18.64
fold2_room1_mix0213,49,4,0,139,-1,18.40
fold2_room1_mix0213,50,4,0,137,-1,17.50
fold2_room1_mix0213,51,4,0,133,-1,16.53
fold2_room1_mix0213,52,4,0,132,-1,16.17
fold2_room1_mix0213,53,4,0,132,-1,15.32
fold2_room1_mix0213,54,4,0,131,-1,15.69
fold2_room1_mix0213,55,4,0,129,-1,14.15
fold2_room1_mix0213,56,4,0,126,-1,13.77
fold2_room1_mix0213,57,4,0,124,-1,13.54
fold2_room1_mix0213,58,4,0,122,-2,13.41
fold2_room1_mix0213,59,4,0,117,-2,12.98
fold2_room1_mix0213,60,4,0,117,-1,12.98
fold2_room1_mix0213,61,4,0,115,-2,12.48
fold2_room1_mix0213,62,4,0,110,-2,11.68
fold2_room1_mix0213,63,4,0,107,-2,11.49
fold2_room1_mix0213,64,4,0,104,-2,11.76
fold2_room1_mix0213,65,4,0,102,-2,11.49
fold2_room1_mix0213,66,4,0,97,-2,11.01
fold2_room1_mix0213,67,4,0,94,-2,11.32
fold2_room1_mix0213,68,4,0,92,-2,11.35
fold2_room1_mix0213,69,4,0,90,-2,11.79
fold2_room1_mix0213,70,4,0,86,-2,11.24
fold2_room1_mix0213,71,4,0,84,-2,11.42
fold2_room1_mix0213,72,4,0,79,-2,11.48
fold2_room1_mix0213,73,4,0,76,-2,11.87
fold2_room1_mix0213,74,4,0,73,-2,12.08
fold2_room1_mix0213,75,4,0,69,-2,12.32
fold2_room1_mix0213,76,4,0,66,-1,12.65
fold2_room1_mix0213,77,4,0,64,-1,12.71
fold2_room1_mix0213,78,4,0,59,-1,12.99
fold2_room1_mix0213,79,4,0,60,-1,12.99
fold2_room1_mix0213,80,4,0,57,-1,13.98
fold2_room1_mix0213,81,4,0,54,-1,14.01
fold2_room1_mix0213,82,4,0,53,-1,15.06
fold2_room1_mix0213,83,4,0,53,-1,15.39
fold2_room1_mix0213,84,4,0,49,-1,15.31
fold2_room1_mix0213,85,4,0,48,-1,15.83
fold2_room1_mix0213,86,4,0,46,-1,16.33
fold2_room1_mix0213,87,4,0,43,-1,16.71
fold2_room1_mix0213,88,4,0,43,-1,17.87
fold2_room1_mix0213,89,4,0,41,-1,18.01
fold2_room1_mix0213,90,4,0,40,-1,18.47
fold2_room1_mix0213,91,4,0,37,-1,19.76
fold2_room1_mix0213,92,4,0,36,0,21.01
fold2_room1_mix0213,93,4,0,35,0,20.21
fold2_room1_mix0213,94,4,0,33,-1,20.91
fold2_room1_mix0213,95,4,0,34,0,22.30
fold2_room1_mix0213,96,4,0,33,-1,21.66
fold2_room1_mix0213,97,4,0,31,0,22.06
fold2_room1_mix0213,98,4,0,31,0,22.50
fold2_room1_mix0213,99,4,0,30,0,22.58
fold2_room1_mix0250,1,5,0,26,4,8.15
fold2_room1_mix0250,2,4,0,4,0,4.38
fold2_room1_mix0250,2,5,0,23,4,8.73
fold2_room1_mix0250,4,4,0,2,0,25.23
fold2_room1_mix0250,5,4,0,0,0,22.45
fold2_room1_mix0250,5,5,0,28,3,16.87
fold2_room1_mix0250,6,4,0,3,-1,26.48
fold2_room1_mix0250,6,5,0,27,2,16.55
fold2_room1_mix0250,7,4,0,-1,-1,25.29
fold2_room1_mix0250,7,5,0,27,2,18.22
fold2_room1_mix0250,8,4,0,0,-1,40.69
fold2_room1_mix0250,8,5,0,26,3,14.18
fold2_room1_mix0250,9,4,0,0,0,38.69
fold2_room1_mix0250,9,5,0,25,2,14.50
fold2_room1_mix0250,10,4,0,-1,-1,37.55
fold2_room1_mix0250,10,5,0,27,2,17.71
fold2_room1_mix0250,11,4,0,-1,-1,38.53
fold2_room1_mix0250,11,5,0,27,3,15.61
fold2_room1_mix0250,12,4,0,1,-1,37.61
fold2_room1_mix0250,12,5,0,25,3,14.67
fold2_room1_mix0250,13,4,0,-1,0,38.28
fold2_room1_mix0250,13,5,0,27,3,15.74
fold2_room1_mix0250,14,4,0,0,-1,37.00
fold2_room1_mix0250,14,5,0,27,3,15.43
fold2_room1_mix0250,15,4,0,-1,-1,35.06
fold2_room1_mix0250,15,5,0,26,3,17.43
fold2_room1_mix0250,16,4,0,-1,-1,36.47
fold2_room1_mix0250,16,5,0,27,2,16.10
fold2_room1_mix0250,17,4,0,0,0,37.50
fold2_room1_mix0250,17,5,0,26,3,13.03
fold2_room1_mix0250,18,4,0,-2,0,33.73
fold2_room1_mix0250,18,5,0,26,2,17.01
fold2_room1_mix0250,19,4,0,-3,0,34.95
fold2_room1_mix0250,19,5,0,28,2,15.15
fold2_room1_mix0250,20,4,0,-2,-1,33.46
fold2_room1_mix0250,20,5,0,27,2,17.22
fold2_room1_mix0250,21,4,0,-2,-1,32.85
fold2_room1_mix0250,21,5,0,26,2,18.33
fold2_room1_mix0250,22,4,0,-4,0,35.30
fold2_room1_mix0250,22,5,0,27,2,15.98
fold2_room1_mix0250,23,4,0,0,-1,32.92
fold2_room1_mix0250,23,5,0,27,2,18.20
fold2_room1_mix0250,24,4,0,-2,-1,31.37
fold2_room1_mix0250,24,5,0,26,2,18.59
fold2_room1_mix0250,25,4,0,-4,-1,32.96
fold2_room1_mix0250,25,5,0,27,2,17.71
fold2_room1_mix0250,26,4,0,-1,0,32.06
fold2_room1_mix0250,26,5,0,27,2,17.70
fold2_room1_mix0250,27,4,0,-1,-1,29.81
fold2_room1_mix0250,27,5,0,26,2,18.74
fold2_room1_mix0250,28,4,0,-3,-1,30.03
fold2_room1_mix0250,28,5,0,28,2,18.02
fold2_room1_mix0250,29,4,0,-1,-1,30.15
fold2_room1_mix0250,29,5,0,27,2,18.03
fold2_room1_mix0250,30,4,0,-4,-1,29.56
fold2_room1_mix0250,30,5,0,29,3,17.08
fold2_room1_mix0250,31,4,0,-2,-1,28.86
fold2_room1_mix0250,31,5,0,28,2,17.53
fold2_room1_mix0250,32,4,0,-1,-1,29.23
fold2_room1_mix0250,32,5,0,26,3,16.87
fold2_room1_mix0250,33,4,0,-3,-1,27.70
fold2_room1_mix0250,33,5,0,29,3,16.14
fold2_room1_mix0250,34,4,0,-4,-1,26.63
fold2_room1_mix0250,34,5,0,30,2,16.37
fold2_room1_mix0250,35,4,0,-2,-1,25.06
fold2_room1_mix0250,35,5,0,28,2,17.67
fold2_room1_mix0250,36,4,0,-4,-1,25.42
fold2_room1_mix0250,36,5,0,28,2,16.67
fold2_room1_mix0250,37,4,0,-3,-1,24.26
fold2_room1_mix0250,37,5,0,30,3,15.62
fold2_room1_mix0250,38,4,0,-2,-1,23.99
fold2_room1_mix0250,38,5,0,29,3,17.50
fold2_room1_mix0250,39,4,0,-3,-1,23.39
fold2_room1_mix0250,39,5,0,30,3,15.97
fold2_room1_mix0250,40,4,0,-2,-1,23.27
fold2_room1_mix0250,40,5,0,29,3,15.72
fold2_room1_mix0250,41,4,0,-2,-1,23.45
fold2_room1_mix0250,41,5,0,28,2,16.81
fold2_room1_mix0250,42,4,0,-2,-1,21.97
fold2_room1_mix0250,42,5,0,31,3,15.98
fold2_room1_mix0250,43,4,0,-1,-1,20.68
fold2_room1_mix0250,43,5,0,29,3,15.90
fold2_room1_mix0250,44,4,0,-3,-1,20.64
fold2_room1_mix0250,44,5,0,29,3,16.00
fold2_room1_mix0250,45,4,0,-4,-1,19.88
fold2_room1_mix0250,45,5,0,29,3,16.13
fold2_room1_mix0250,46,4,0,-3,-1,18.80
fold2_room1_mix0250,46,5,0,28,3,15.78
fold2_room1_mix0250,47,4,0,-4,-1,18.57
fold2_room1_mix0250,47,5,0,30,3,15.50
fold2_room1_mix0250,48,4,0,-5,-1,18.65
fold2_room1_mix0250,48,5,0,31,3,16.21
fold2_room1_mix0250,49,4,0,-4,-1,18.03
fold2_room1_mix0250,49,5,0,30,3,16.00
fold2_room1_mix0250,50,4,0,-5,-1,18.06
fold2_room1_mix0250,50,5,0,30,3,16.65
fold2_room1_mix0250,51,4,0,-5,-2,16.95
fold2_room1_mix0250,51,5,0,31,3,16.38
fold2_room1_mix0250,52,4,0,-5,-2,16.30
fold2_room1_mix0250,52,5,0,30,3,15.76
fold2_room1_mix0250,53,4,0,-5,-2,15.70
fold2_room1_mix0250,53,5,0,31,3,16.04
fold2_room1_mix0250,54,4,0,-3,-2,14.76
fold2_room1_mix0250,54,5,0,31,3,17.53
fold2_room1_mix0250,55,4,0,-2,-2,14.21
fold2_room1_mix0250,55,5,0,31,3,16.20
fold2_room1_mix0250,56,4,0,-4,-2,13.46
fold2_room1_mix0250,56,5,0,31,3,16.46
fold2_room1_mix0250,57,4,0,-4,-2,12.61
fold2_room1_mix0250,57,5,0,30,3,16.82
fold2_room1_mix0250,58,4,0,-3,-2,11.81
fold2_room1_mix0250,58,5,0,30,3,17.67
fold2_room1_mix0250,59,4,0,-5,-2,11.39
fold2_room1_mix0250,59,5,0,30,3,16.63
fold2_room1_mix0250,60,4,0,-4,-2,11.25
fold2_room1_mix0250,60,5,0,29,3,16.96
fold2_room1_mix0250,61,4,0,-4,-3,10.25
fold2_room1_mix0250,61,5,0,28,2,17.79
fold2_room1_mix0250,62,4,0,-5,-3,9.92
fold2_room1_mix0250,62,5,0,29,3,17.36
fold2_room1_mix0250,63,4,0,-5,-3,9.38
fold2_room1_mix0250,63,5,0,27,2,16.95
fold2_room1_mix0250,64,4,0,-5,-3,9.12
fold2_room1_mix0250,64,5,0,28,2,17.85
fold2_room1_mix0250,65,4,0,-6,-3,8.39
fold2_room1_mix0250,65,5,0,27,3,16.84
fold2_room1_mix0250,66,4,0,-6,-4,7.57
fold2_room1_mix0250,66,5,0,28,3,17.09
fold2_room1_mix0250,67,4,0,-6,-4,7.28
fold2_room1_mix0250,67,5,0,28,2,17.89
fold2_room1_mix0250,68,4,0,-7,-4,6.79
fold2_room1_mix0250,68,5,0,27,2,17.85
fold2_room1_mix0250,69,4,0,-8,-5,5.86
fold2_room1_mix0250,69,5,0,25,2,17.63
fold2_room1_mix0250,70,4,0,-8,-5,5.36
fold2_room1_mix0250,70,5,0,28,3,17.49
fold2_room1_mix0250,71,4,0,-9,-6,4.89
fold2_room1_mix0250,71,5,0,28,3,16.80
fold2_room1_mix0250,72,4,0,-10,-7,4.20
fold2_room1_mix0250,72,5,0,27,3,17.62
fold2_room1_mix0250,73,4,0,-11,-8,3.43
fold2_room1_mix0250,73,5,0,27,2,17.28
fold2_room1_mix0250,74,4,0,-11,-9,3.21
fold2_room1_mix0250,74,5,0,25,3,17.11
fold2_room1_mix0250,75,4,0,-14,-10,2.68
fold2_room1_mix0250,75,5,0,26,3,16.80
fold2_room1_mix0250,76,4,0,-16,-12,2.35
fold2_room1_mix0250,76,5,0,26,3,17.18
fold2_room1_mix0250,77,4,0,-20,-16,1.84
fold2_room1_mix0250,77,5,0,27,3,16.53
fold2_room1_mix0250,78,4,0,-26,-23,1.42
fold2_room1_mix0250,78,5,0,26,3,17.85
fold2_room1_mix0250,79,4,0,-34,-29,1.18
fold2_room1_mix0250,79,5,0,25,3,17.62
fold2_room1_mix0250,80,4,0,-56,-36,1.02
fold2_room1_mix0250,80,5,0,26,3,17.90
fold2_room1_mix0250,81,4,0,-87,-38,1.00
fold2_room1_mix0250,81,5,0,27,3,18.08
fold2_room1_mix0250,82,4,0,-123,-37,1.08
fold2_room1_mix0250,82,5,0,25,3,17.25
fold2_room1_mix0250,83,4,0,-144,-30,1.28
fold2_room1_mix0250,83,5,0,26,3,17.32
fold2_room1_mix0250,84,4,0,-152,-25,1.56
fold2_room1_mix0250,84,5,0,27,3,16.70
fold2_room1_mix0250,85,4,0,-159,-21,1.82
fold2_room1_mix0250,85,5,0,28,3,16.69
fold2_room1_mix0250,86,4,0,-164,-17,2.24
fold2_room1_mix0250,86,5,0,28,3,17.08
fold2_room1_mix0250,87,4,0,-165,-15,2.56
fold2_room1_mix0250,87,5,0,27,3,16.52
fold2_room1_mix0250,88,4,0,-168,-12,3.13
fold2_room1_mix0250,88,5,0,28,3,15.77
fold2_room1_mix0250,89,4,0,-169,-11,3.48
fold2_room1_mix0250,89,5,0,27,3,16.73
fold2_room1_mix0250,90,4,0,-170,-9,3.85
fold2_room1_mix0250,90,5,0,27,3,16.30
fold2_room1_mix0250,91,4,0,-171,-9,4.06
fold2_room1_mix0250,91,5,0,28,3,16.25
fold2_room1_mix0250,92,4,0,-172,-8,4.75
fold2_room1_mix0250,92,5,0,27,3,17.02
fold2_room1_mix0250,93,4,0,-173,-7,5.29
fold2_room1_mix0250,93,5,0,27,3,16.46
fold2_room1_mix0250,94,4,0,-173,-6,5.76
fold2_room1_mix0250,94,5,0,29,3,17.04
fold2_room1_mix0250,95,4,0,-174,-6,6.04
fold2_room1_mix0250,95,5,0,28,3,16.49
fold2_room1_mix0250,96,4,0,-174,-5,6.86
fold2_room1_mix0250,96,5,0,28,3,16.28
fold2_room1_mix0250,97,4,0,-175,-5,6.97
fold2_room1_mix0250,97,5,0,27,3,17.19
fold2_room1_mix0250,98,4,0,-174,-5,7.64
fold2_room1_mix0250,98,5,0,27,3,17.23
fold2_room1_mix0250,99,4,0,-174,-4,8.20
fold2_room1_mix0250,99,5,0,28,3,17.69
fold2_room1_mix0252,2,4,0,5,0,9.79
fold2_room1_mix0252,3,4,0,3,0,18.61
fold2_room1_mix0252,4,4,0,0,-1,17.07
fold2_room1_mix0252,5,4,0,3,0,18.04
fold2_room1_mix0252,6,4,0,1,0,27.37
fold2_room1_mix0252,7,4,0,1,-1,29.60
fold2_room1_mix0252,8,4,0,1,-1,28.41
fold2_room1_mix0252,9,4,0,0,-1,27.64
fold2_room1_mix0252,10,4,0,2,-1,27.47
fold2_room1_mix0252,11,4,0,3,-1,27.02
fold2_room1_mix0252,12,4,0,3,-1,27.78
fold2_room1_mix0252,13,4,0,1,-1,27.04
fold2_room1_mix0252,14,4,0,2,-1,25.07
fold2_room1_mix0252,15,4,0,0,0,25.57
fold2_room1_mix0252,16,4,0,0,0,26.07
fold2_room1_mix0252,17,4,0,2,0,25.63
fold2_room1_mix0252,18,4,0,1,0,24.02
fold2_room1_mix0252,19,4,0,1,-1,23.14
fold2_room1_mix0252,20,4,0,0,0,23.24
fold2_room1_mix0252,21,4,0,1,0,22.76
fold2_room1_mix0252,22,4,0,2,-1,21.90
fold2_room1_mix0252,23,4,0,1,-1,20.83
fold2_room1_mix0252,24,4,0,1,-1,21.51
fold2_room1_mix0252,25,4,0,1,-1,21.43
fold2_room1_mix0252,26,4,0,0,-1,20.47
fold2_room1_mix0252,27,4,0,1,-1,20.97
fold2_room1_mix0252,28,4,0,1,-1,20.09
fold2_room1_mix0252,29,4,0,1,-1,20.67
fold2_room1_mix0252,30,4,0,2,-1,18.70
fold2_room1_mix0252,31,4,0,2,-1,18.09
fold2_room1_mix0252,32,4,0,3,-1,17.61
fold2_room1_mix0252,33,4,0,4,-1,15.99
fold2_room1_mix0252,34,4,0,3,-1,16.59
fold2_room1_mix0252,35,4,0,3,-1,15.41
fold2_room1_mix0252,36,4,0,4,-1,14.90
fold2_room1_mix0252,37,4,0,3,-1,14.30
fold2_room1_mix0252,38,4,0,3,-1,14.36
fold2_room1_mix0252,39,4,0,4,-1,13.79
fold2_room1_mix0252,40,4,0,3,-1,13.47
fold2_room1_mix0252,41,4,0,3,-1,13.27
fold2_room1_mix0252,42,4,0,2,-1,12.88
fold2_room1_mix0252,43,4,0,3,-1,12.69
fold2_room1_mix0252,44,4,0,4,-1,12.25
fold2_room1_mix0252,45,4,0,3,-1,12.21
fold2_room1_mix0252,46,4,0,3,-1,11.38
fold2_room1_mix0252,47,4,0,3,-1,11.63
fold2_room1_mix0252,48,4,0,3,-1,11.18
fold2_room1_mix0252,49,4,0,3,-1,10.97
fold2_room1_mix0252,50,4,0,3,-2,10.41
fold2_room1_mix0252,51,4,0,4,-2,9.76
fold2_room1_mix0252,52,4,0,4,-2,9.26
fold2_room1_mix0252,53,4,0,4,-2,8.60
fold2_room1_mix0252,54,4,0,5,-2,8.54
fold2_room1_mix0252,55,4,0,5,-3,8.08
fold2_room1_mix0252,56,4,0,5,-3,7.29
fold2_room1_mix0252,57,4,0,7,-3,7.21
fold2_room1_mix0252,58,4,0,7,-3,6.77
fold2_room1_mix0252,59,4,0,7,-3,6.53
fold2_room1_mix0252,60,4,0,7,-3,6.23
fold2_room1_mix0252,61,4,0,8,-3,5.92
fold2_room1_mix0252,62,4,0,9,-3,5.53
fold2_room1_mix0252,63,4,0,10,-4,4.91
fold2_room1_mix0252,64,4,0,10,-4,4.66
fold2_room1_mix0252,65,4,0,11,-4,4.13
fold2_room1_mix0252,66,4,0,13,-5,3.69
fold2_room1_mix0252,67,4,0,14,-6,3.37
fold2_room1_mix0252,68,4,0,17,-6,2.95
fold2_room1_mix0252,69,4,0,19,-7,2.71
fold2_room1_mix0252,70,4,0,22,-7,2.33
fold2_room1_mix0252,71,4,0,26,-8,2.02
fold2_room1_mix0252,72,4,0,33,-10,1.63
fold2_room1_mix0252,73,4,0,47,-12,1.28
fold2_room1_mix0252,74,4,0,74,-13,1.13
fold2_room1_mix0252,75,4,0,105,-14,1.13
fold2_room1_mix0252,76,4,0,128,-11,1.46
fold2_room1_mix0252,77,4,0,141,-9,1.77
fold2_room1_mix0252,78,4,0,150,-7,2.28
fold2_room1_mix0252,79,4,0,156,-6,2.55
fold2_room1_mix0252,80,4,0,160,-6,2.81
fold2_room1_mix0252,81,4,0,163,-5,3.27
fold2_room1_mix0252,82,4,0,165,-5,3.69
fold2_room1_mix0252,83,4,0,167,-4,3.88
fold2_room1_mix0252,84,4,0,168,-3,4.34
fold2_room1_mix0252,85,4,0,170,-3,4.81
fold2_room1_mix0252,86,4,0,170,-3,5.15
fold2_room1_mix0252,87,4,0,171,-2,5.50
fold2_room1_mix0252,88,4,0,171,-2,5.75
fold2_room1_mix0252,89,4,0,172,-2,6.21
fold2_room1_mix0252,90,4,0,172,-2,6.43
fold2_room1_mix0252,91,4,0,172,-2,6.62
fold2_room1_mix0252,92,4,0,172,-2,7.25
fold2_room1_mix0252,93,4,0,173,-2,7.67
fold2_room1_mix0252,94,4,0,173,-2,7.83
fold2_room1_mix0252,95,4,0,172,-2,8.17
fold2_room1_mix0252,96,4,0,173,-2,8.40
fold2_room1_mix0252,97,4,0,174,-2,8.85
fold2_room1_mix0252,98,4,0,174,-1,9.51
fold2_room1_mix0252,99,4,0,176,-2,9.29
fold2_room1_mix0272,10,4,0,-7,0,6.88
fold2_room1_mix0272,11,4,0,-6,0,18.77
fold2_room1_mix0272,12,4,0,-10,0,10.72
fold2_room1_mix0272,13,4,0,-6,0,17.33
fold2_room1_mix0272,14,4,0,-5,0,20.68
fold2_room1_mix0272,15,4,0,-5,0,25.34
fold2_room1_mix0272,16,4,0,-5,0,29.99
fold2_room1_mix0272,17,4,0,-6,0,31.16
fold2_room1_mix0272,18,4,0,-6,-1,30.75
fold2_room1_mix0272,19,4,0,-7,-1,30.38
fold2_room1_mix0272,20,4,0,-5,-1,27.87
fold2_room1_mix0272,21,4,0,-6,-1,29.34
fold2_room1_mix0272,22,4,0,-6,-1,27.50
fold2_room1_mix0272,23,4,0,-4,-1,27.13
fold2_room1_mix0272,24,4,0,-5,-1,25.96
fold2_room1_mix0272,25,4,0,-4,0,23.09
fold2_room1_mix0272,25,4,0,-3,-1,23.76
fold2_room1_mix0272,26,4,0,-5,0,22.72
fold2_room1_mix0272,26,4,0,-4,0,23.52
fold2_room1_mix0272,27,4,0,-5,0,21.47
fold2_room1_mix0272,27,4,0,-4,0,22.38
fold2_room1_mix0272,28,4,0,-3,0,20.86
fold2_room1_mix0272,28,4,0,-3,-1,21.62
fold2_room1_mix0272,29,4,0,-5,-1,19.23
fold2_room1_mix0272,29,4,0,-4,-1,20.31
fold2_room1_mix0272,30,4,0,-3,-1,18.44
fold2_room1_mix0272,30,4,0,-3,-1,19.97
fold2_room1_mix0272,31,4,0,-4,-1,18.33
fold2_room1_mix0272,31,4,0,-4,-1,19.47
fold2_room1_mix0272,32,4,0,-4,-2,16.30
fold2_room1_mix0272,32,4,0,-4,-1,17.91
fold2_room1_mix0272,33,4,0,-2,-1,16.24
fold2_room1_mix0272,33,4,0,-3,-1,17.38
fold2_room1_mix0272,34,4,0,-3,-2,14.87
fold2_room1_mix0272,34,4,0,-4,-2,16.38
fold2_room1_mix0272,35,4,0,-4,-2,13.71
fold2_room1_mix0272,35,4,0,-4,-2,15.08
fold2_room1_mix0272,36,4,0,-4,-2,13.57
fold2_room1_mix0272,37,4,0,-5,-3,11.68
fold2_room1_mix0272,37,4,0,-5,-2,13.43
fold2_room1_mix0272,38,4,0,-7,-3,10.97
fold2_room1_mix0272,38,4,0,-6,-2,12.67
fold2_room1_mix0272,39,4,0,-7,-3,10.32
fold2_room1_mix0272,39,4,0,-7,-3,11.63
fold2_room1_mix0272,40,4,0,-7,-3,9.66
fold2_room1_mix0272,40,4,0,-6,-3,11.13
fold2_room1_mix0272,41,4,0,-7,-4,9.34
fold2_room1_mix0272,41,4,0,-5,-3,11.03
fold2_room1_mix0272,42,4,0,-7,-4,8.88
fold2_room1_mix0272,42,4,0,-6,-3,10.07
fold2_room1_mix0272,43,4,0,-5,-4,8.33
fold2_room1_mix0272,43,4,0,-5,-3,9.76
fold2_room1_mix0272,44,4,0,-8,-5,7.47
fold2_room1_mix0272,44,4,0,-7,-4,9.06
fold2_room1_mix0272,45,4,0,-9,-5,6.92
fold2_room1_mix0272,45,4,0,-8,-4,8.81
fold2_room1_mix0272,46,4,0,-12,-6,6.09
fold2_room1_mix0272,46,4,0,-10,-4,8.00
fold2_room1_mix0272,47,4,0,-14,-7,5.01
fold2_room1_mix0272,47,4,0,-12,-5,7.45
fold2_room1_mix0272,48,4,0,-18,-7,4.73
fold2_room1_mix0272,48,4,0,-14,-5,7.18
fold2_room1_mix0272,49,4,0,-24,-8,3.73
fold2_room1_mix0272,49,4,0,-18,-6,6.27
fold2_room1_mix0272,50,4,0,-29,-9,3.25
fold2_room1_mix0272,50,4,0,-171,0,33.91
fold2_room1_mix0272,50,4,0,-14,-5,8.42
fold2_room1_mix0272,51,4,0,-32,-11,2.69
fold2_room1_mix0272,51,4,0,-171,0,33.93
fold2_room1_mix0272,51,4,0,-14,-6,7.95
fold2_room1_mix0272,52,4,0,-38,-14,2.04
fold2_room1_mix0272,52,4,0,-174,-1,32.20
fold2_room1_mix0272,52,4,0,-16,-8,7.48
fold2_room1_mix0272,53,4,0,-49,-18,1.56
fold2_room1_mix0272,53,4,0,-168,-3,30.56
fold2_room1_mix0272,53,4,0,-22,-12,6.24
fold2_room1_mix0272,54,4,0,-68,-22,1.28
fold2_room1_mix0272,54,4,0,-170,-6,29.39
fold2_room1_mix0272,54,4,0,-26,-15,6.87
fold2_room1_mix0272,55,4,0,-98,-23,1.17
fold2_room1_mix0272,55,4,0,-173,-6,26.64
fold2_room1_mix0272,55,4,0,-41,-21,6.90
fold2_room1_mix0272,56,4,0,-126,-21,1.36
fold2_room1_mix0272,56,4,0,-168,-7,19.79
fold2_room1_mix0272,56,4,0,-43,-21,6.33
fold2_room1_mix0272,57,4,0,-141,-14,1.96
fold2_room1_mix0272,57,4,0,-169,-5,16.34
fold2_room1_mix0272,57,4,0,-40,-15,9.95
fold2_room1_mix0272,58,4,0,-151,-11,2.89
fold2_room1_mix0272,58,4,0,-171,-5,11.86
fold2_room1_mix0272,58,4,0,-28,-6,12.66
fold2_room1_mix0272,59,4,0,-152,-9,3.41
fold2_room1_mix0272,59,4,0,-171,-5,11.96
fold2_room1_mix0272,59,4,0,-32,-5,12.83
fold2_room1_mix0272,60,4,0,-164,-6,6.85
fold2_room1_mix0272,60,4,0,-25,-3,14.47
fold2_room1_mix0272,61,4,0,-164,-5,6.80
fold2_room1_mix0272,61,4,0,-30,-2,14.91
fold2_room1_mix0272,62,4,0,-167,-5,6.47
fold2_room1_mix0272,62,4,0,-39,-2,15.02
fold2_room1_mix0272,63,4,0,-169,-4,6.89
fold2_room1_mix0272,63,4,0,-47,-2,15.26
fold2_room1_mix0272,64,4,0,-172,-4,7.15
fold2_room1_mix0272,64,4,0,-67,-1,14.56
fold2_room1_mix0272,65,4,0,-172,-3,7.51
fold2_room1_mix0272,65,4,0,-61,-1,14.15
fold2_room1_mix0272,66,4,0,-175,-3,7.53
fold2_room1_mix0272,66,4,0,-84,-1,14.00
fold2_room1_mix0272,67,4,0,-175,-3,8.23
fold2_room1_mix0272,67,4,0,-80,-1,13.88
fold2_room1_mix0272,68,4,0,-176,-3,8.52
fold2_room1_mix0272,68,4,0,-85,-1,14.05
fold2_room1_mix0272,69,4,0,-177,-3,9.30
fold2_room1_mix0272,69,4,0,-104,-1,15.04
fold2_room1_mix0272,70,4,0,-176,-2,9.79
fold2_room1_mix0272,70,4,0,-93,-1,14.84
fold2_room1_mix0272,71,4,0,-177,-2,10.07
fold2_room1_mix0272,71,4,0,-95,0,16.03
fold2_room1_mix0272,72,4,0,-176,-2,10.19
fold2_room1_mix0272,72,4,0,-99,0,15.91
fold2_room1_mix0272,73,4,0,-178,-2,10.37
fold2_room1_mix0272,73,4,0,-107,0,16.89
fold2_room1_mix0272,74,4,0,-177,-2,10.13
fold2_room1_mix0272,74,4,0,-108,0,16.63
fold2_room1_mix0272,75,4,0,-178,-3,9.69
fold2_room1_mix0272,75,4,0,-117,0,16.98
fold2_room1_mix0272,76,4,0,-178,-3,9.58
fold2_room1_mix0272,76,4,0,-127,0,16.91
fold2_room1_mix0272,77,4,0,-178,-3,9.29
fold2_room1_mix0272,77,4,0,-130,0,16.65
fold2_room1_mix0272,78,4,0,-176,-3,8.75
fold2_room1_mix0272,78,4,0,-126,0,16.62
fold2_room1_mix0272,79,4,0,-176,-3,8.03
fold2_room1_mix0272,79,4,0,-128,0,16.03
fold2_room1_mix0272,80,4,0,-177,-4,7.58
fold2_room1_mix0272,80,4,0,-130,0,14.19
fold2_room1_mix0272,81,4,0,-175,-5,6.74
fold2_room1_mix0272,81,4,0,-129,-1,14.15
fold2_room1_mix0272,82,4,0,-172,-5,8.06
fold2_room1_mix0272,82,4,0,-128,-3,11.69
fold2_room1_mix0272,83,4,0,-166,-6,8.94
fold2_room1_mix0272,83,4,0,-123,-6,8.98
fold2_room1_mix0272,84,4,0,-165,-4,14.14
fold2_room1_mix0272,84,4,0,-115,-14,3.53
fold2_room1_mix0272,85,4,0,-156,-3,17.65
fold2_room1_mix0272,85,4,0,-172,0,20.00
fold2_room1_mix0272,85,4,0,-78,-19,1.80
fold2_room1_mix0272,86,4,0,-124,-9,10.97
fold2_room1_mix0272,86,4,0,-174,0,20.22
fold2_room1_mix0272,86,4,0,-55,-17,1.93
fold2_room1_mix0272,87,4,0,-146,-3,19.62
fold2_room1_mix0272,87,4,0,-177,0,20.75
fold2_room1_mix0272,87,4,0,-38,-15,1.88
fold2_room1_mix0272,88,4,0,-149,-1,20.96
fold2_room1_mix0272,88,4,0,-177,0,22.69
fold2_room1_mix0272,88,4,0,-28,-13,2.28
fold2_room1_mix0272,89,4,0,-150,-1,21.68
fold2_room1_mix0272,89,4,0,-175,0,23.60
fold2_room1_mix0272,89,4,0,-21,-11,2.77
fold2_room1_mix0272,90,4,0,-156,0,25.74
fold2_room1_mix0272,90,4,0,-176,0,23.77
fold2_room1_mix0272,90,4,0,-17,-9,3.45
fold2_room1_mix0272,91,4,0,-155,0,24.42
fold2_room1_mix0272,91,4,0,-175,0,24.76
fold2_room1_mix0272,91,4,0,-12,-7,4.33
fold2_room1_mix0272,92,4,0,-158,0,24.33
fold2_room1_mix0272,92,4,0,-174,0,25.07
fold2_room1_mix0272,92,4,0,-11,-6,5.01
fold2_room1_mix0272,93,4,0,-154,0,22.32
fold2_room1_mix0272,93,4,0,-173,0,25.41
fold2_room1_mix0272,93,4,0,-8,-5,6.32
fold2_room1_mix0272,94,4,0,-165,0,24.49
fold2_room1_mix0272,94,4,0,-7,-4,6.59
fold2_room1_mix0272,95,4,0,-166,0,24.36
fold2_room1_mix0272,95,4,0,-6,-3,8.02
fold2_room1_mix0272,96,4,0,-165,-1,23.22
fold2_room1_mix0272,96,4,0,-6,-4,7.81
fold2_room1_mix0272,97,4,0,-167,-1,22.77
fold2_room1_mix0272,97,4,0,-7,-3,8.84
fold2_room1_mix0272,98,4,0,-166,-1,22.35
fold2_room1_mix0272,98,4,0,-7,-3,9.02
fold2_room1_mix0272,99,4,0,-167,-1,24.03
fold2_room1_mix0272,99,4,0,-6,-2,9.82
fold2_room1_mix0288,0,2,0,113,-2,11.28
fold2_room1_mix0288,1,2,0,109,-1,12.54
fold2_room1_mix0288,1,4,0,0,0,2.25
fold2_room1_mix0288,2,2,0,111,-2,11.53
fold2_room1_mix0288,2,4,0,-2,0,3.22
fold2_room1_mix0288,3,2,0,106,-2,11.44
fold2_room1_mix0288,3,4,0,-4,0,7.37
fold2_room1_mix0288,4,2,0,103,-1,13.55
fold2_room1_mix0288,4,4,0,-2,-1,15.93
fold2_room1_mix0288,5,2,0,98,-1,13.10
fold2_room1_mix0288,5,4,0,-4,0,17.31
fold2_room1_mix0288,6,4,0,-2,0,22.06
fold2_room1_mix0288,7,4,0,-4,0,32.23
fold2_room1_mix0288,8,4,0,-2,0,33.54
fold2_room1_mix0288,9,4,0,-3,0,34.98
fold2_room1_mix0288,10,2,0,104,-2,12.43
fold2_room1_mix0288,10,4,0,-4,0,33.35
fold2_room1_mix0288,11,2,0,99,-2,12.44
fold2_room1_mix0288,11,4,0,-4,0,32.35
fold2_room1_mix0288,12,2,0,103,-2,11.68
fold2_room1_mix0288,12,4,0,-4,0,30.89
fold2_room1_mix0288,13,2,0,104,-2,12.54
fold2_room1_mix0288,13,4,0,-4,-1,29.10
fold2_room1_mix0288,14,2,0,102,-2,12.88
fold2_room1_mix0288,14,4,0,-4,-1,28.94
fold2_room1_mix0288,15,2,0,97,-2,11.99
fold2_room1_mix0288,15,4,0,-5,0,28.95
fold2_room1_mix0288,16,4,0,-3,-1,27.67
fold2_room1_mix0288,17,4,0,-4,-1,26.53
fold2_room1_mix0288,18,4,0,-4,-1,28.00
fold2_room1_mix0288,19,4,0,-4,-1,27.01
fold2_room1_mix0288,20,2,0,103,-2,13.40
fold2_room1_mix0288,20,4,0,-6,0,27.67
fold2_room1_mix0288,21,2,0,103,-2,12.91
fold2_room1_mix0288,21,4,0,-5,-1,25.38
fold2_room1_mix0288,22,2,0,102,-2,12.62
fold2_room1_mix0288,22,4,0,-6,-1,25.11
fold2_room1_mix0288,23,2,0,99,-2,12.45
fold2_room1_mix0288,23,4,0,-7,-1,24.04
fold2_room1_mix0288,24,2,0,98,-2,12.42
fold2_room1_mix0288,24,4,0,-6,-1,23.13
fold2_room1_mix0288,25,2,0,99,-2,11.53
fold2_room1_mix0288,25,4,0,-6,-1,22.55
fold2_room1_mix0288,26,4,0,-5,-1,20.57
fold2_room1_mix0288,27,4,0,-5,-1,19.96
fold2_room1_mix0288,28,4,0,-5,-1,21.53
fold2_room1_mix0288,29,4,0,-6,-1,19.35
fold2_room1_mix0288,30,2,0,93,-2,12.51
fold2_room1_mix0288,30,4,0,-6,-1,19.99
fold2_room1_mix0288,31,2,0,97,-2,12.54
fold2_room1_mix0288,31,4,0,-5,-1,19.72
fold2_room1_mix0288,32,2,0,93,-2,13.30
fold2_room1_mix0288,32,4,0,-5,-1,18.59
fold2_room1_mix0288,33,2,0,100,-2,13.98
fold2_room1_mix0288,33,4,0,-6,-1,18.37
fold2_room1_mix0288,34,2,0,93,-2,12.62
fold2_room1_mix0288,34,4,0,-5,-1,17.34
fold2_room1_mix0288,35,2,0,92,-2,9.26
fold2_room1_mix0288,35,4,0,-7,-1,17.74
fold2_room1_mix0288,36,4,0,-7,-1,16.22
fold2_room1_mix0288,37,4,0,-7,-1,15.70
fold2_room1_mix0288,38,4,0,-7,-1,15.38
fold2_room1_mix0288,39,4,0,-7,-1,14.34
fold2_room1_mix0288,40,4,0,-9,-2,14.94
fold2_room1_mix0288,41,4,0,-9,-1,15.12
fold2_room1_mix0288,42,2,0,84,-2,6.73
fold2_room1_mix0288,42,4,0,-10,-1,14.65
fold2_room1_mix0288,43,2,0,85,-2,6.57
fold2_room1_mix0288,43,4,0,-10,-1,14.55
fold2_room1_mix0288,44,2,0,88,-2,4.52
fold2_room1_mix0288,44,4,0,-12,-2,14.71
fold2_room1_mix0288,45,4,0,-12,-2,13.37
fold2_room1_mix0288,46,4,0,-17,-2,10.54
fold2_room1_mix0288,46,4,0,-2,-1,18.52
fold2_room1_mix0288,47,4,0,-19,-2,9.77
fold2_room1_mix0288,47,4,0,-1,0,20.43
fold2_room1_mix0288,48,4,0,-20,-3,8.47
fold2_room1_mix0288,48,4,0,-3,0,19.36
fold2_room1_mix0288,49,4,0,-21,-3,8.01
fold2_room1_mix0288,49,4,0,2,0,21.86
fold2_room1_mix0288,50,4,0,-25,-3,7.18
fold2_room1_mix0288,50,4,0,1,0,22.42
fold2_room1_mix0288,51,2,0,79,-2,8.02
fold2_room1_mix0288,51,4,0,-25,-2,7.13
fold2_room1_mix0288,51,4,0,1,0,20.82
fold2_room1_mix0288,52,2,0,87,-2,11.51
fold2_room1_mix0288,52,4,0,-29,-2,6.29
fold2_room1_mix0288,52,4,0,-1,1,19.24
fold2_room1_mix0288,53,2,0,95,-1,13.89
fold2_room1_mix0288,53,4,0,-33,-4,5.39
fold2_room1_mix0288,53,4,0,-3,0,20.81
fold2_room1_mix0288,54,2,0,83,-1,9.42
fold2_room1_mix0288,54,4,0,-37,-4,4.97
fold2_room1_mix0288,54,4,0,-2,1,21.72
fold2_room1_mix0288,55,4,0,-45,-5,3.50
fold2_room1_mix0288,55,4,0,-9,0,15.18
fold2_room1_mix0288,56,4,0,-50,-7,2.99
fold2_room1_mix0288,56,4,0,-9,0,18.99
fold2_room1_mix0288,57,4,0,-62,-9,2.54
fold2_room1_mix0288,57,4,0,-9,0,20.32
fold2_room1_mix0288,58,4,0,-77,-8,2.74
fold2_room1_mix0288,58,4,0,-8,0,19.20
fold2_room1_mix0288,59,4,0,-93,-9,2.56
fold2_room1_mix0288,59,4,0,-6,0,21.67
fold2_room1_mix0288,60,2,0,91,-2,10.70
fold2_room1_mix0288,60,4,0,-59,-6,4.19
fold2_room1_mix0288,60,4,0,-107,-9,2.87
fold2_room1_mix0288,60,4,0,-4,0,17.87
fold2_room1_mix0288,61,2,0,86,-2,13.24
fold2_room1_mix0288,61,4,0,-48,-5,4.97
fold2_room1_mix0288,61,4,0,-115,-8,2.90
fold2_room1_mix0288,61,4,0,-7,0,14.63
fold2_room1_mix0288,62,2,0,94,-2,12.19
fold2_room1_mix0288,62,4,0,-31,-2,6.54
fold2_room1_mix0288,62,4,0,-134,-6,3.59
fold2_room1_mix0288,62,4,0,-6,0,14.21
fold2_room1_mix0288,63,2,0,90,-2,13.27
fold2_room1_mix0288,63,4,0,-13,0,11.22
fold2_room1_mix0288,63,4,0,-12,0,11.89
fold2_room1_mix0288,64,2,0,74,-2,13.62
fold2_room1_mix0288,64,4,0,-9,0,11.41
fold2_room1_mix0288,64,4,0,-9,-1,11.27
fold2_room1_mix0288,65,2,0,73,-2,14.45
fold2_room1_mix0288,65,4,0,-6,0,11.51
fold2_room1_mix0288,65,4,0,-7,0,10.81
fold2_room1_mix0288,66,4,0,-3,0,12.58
fold2_room1_mix0288,66,4,0,-2,-1,11.09
fold2_room1_mix0288,67,2,0,71,-1,3.29
fold2_room1_mix0288,67,4,0,-1,0,11.57
fold2_room1_mix0288,67,4,0,0,-1,9.98
fold2_room1_mix0288,68,4,0,2,-1,11.85
fold2_room1_mix0288,68,4,0,1,-2,9.98
fold2_room1_mix0288,69,4,0,6,-2,11.34
fold2_room1_mix0288,69,4,0,4,-2,9.63
fold2_room1_mix0288,70,2,0,82,-1,2.58
fold2_room1_mix0288,70,4,0,8,-1,11.46
fold2_room1_mix0288,70,4,0,6,-2,9.74
fold2_room1_mix0288,71,2,0,77,-2,8.71
fold2_room1_mix0288,71,4,0,-160,-3,7.57
fold2_room1_mix0288,71,4,0,8,-2,8.42
fold2_room1_mix0288,72,2,0,78,-2,13.01
fold2_room1_mix0288,72,4,0,16,-2,9.27
fold2_room1_mix0288,72,4,0,11,-2,8.28
fold2_room1_mix0288,73,2,0,82,-1,7.55
fold2_room1_mix0288,73,4,0,17,-2,10.13
fold2_room1_mix0288,73,4,0,13,-2,9.13
fold2_room1_mix0288,74,2,0,84,-2,5.57
fold2_room1_mix0288,74,4,0,16,-2,8.90
fold2_room1_mix0288,74,4,0,14,-3,8.12
fold2_room1_mix0288,75,4,0,17,-2,8.90
fold2_room1_mix0288,75,4,0,14,-3,7.30
fold2_room1_mix0288,76,4,0,20,-4,7.73
fold2_room1_mix0288,76,4,0,16,-4,6.72
fold2_room1_mix0288,78,4,0,-168,-2,12.80
fold2_room1_mix0288,78,4,0,23,-7,3.79
fold2_room1_mix0288,79,4,0,-166,-1,14.34
fold2_room1_mix0288,79,4,0,27,-8,3.30
fold2_room1_mix0288,80,2,0,69,-2,6.07
fold2_room1_mix0288,80,4,0,-166,-1,14.71
fold2_room1_mix0288,80,4,0,30,-8,3.18
fold2_room1_mix0288,81,2,0,72,-2,7.65
fold2_room1_mix0288,81,4,0,-169,-1,16.09
fold2_room1_mix0288,81,4,0,35,-8,2.41
fold2_room1_mix0288,82,2,0,65,-2,12.73
fold2_room1_mix0288,82,4,0,-167,0,17.49
fold2_room1_mix0288,82,4,0,38,-9,2.04
fold2_room1_mix0288,83,2,0,82,-2,12.66
fold2_room1_mix0288,83,4,0,-168,0,19.22
fold2_room1_mix0288,83,4,0,43,-10,2.03
fold2_room1_mix0288,84,2,0,79,-1,12.54
fold2_room1_mix0288,84,4,0,-167,0,20.60
fold2_room1_mix0288,84,4,0,51,-12,1.74
fold2_room1_mix0288,85,2,0,70,-1,3.50
fold2_room1_mix0288,85,4,0,-167,0,22.95
fold2_room1_mix0288,85,4,0,71,-15,1.15
fold2_room1_mix0288,86,2,0,76,-1,5.21
fold2_room1_mix0288,86,4,0,178,-1,16.22
fold2_room1_mix0288,86,4,0,-165,0,19.09
fold2_room1_mix0288,86,4,0,96,-13,1.46
fold2_room1_mix0288,87,4,0,143,-5,7.94
fold2_room1_mix0288,87,4,0,-163,0,18.56
fold2_room1_mix0288,87,4,0,106,-11,1.64
fold2_room1_mix0288,88,4,0,140,-4,6.69
fold2_room1_mix0288,88,4,0,-164,1,23.45
fold2_room1_mix0288,88,4,0,122,-9,1.87
fold2_room1_mix0288,89,4,0,140,-5,5.21
fold2_room1_mix0288,89,4,0,134,-6,3.68
fold2_room1_mix0288,90,4,0,144,-5,5.29
fold2_room1_mix0288,90,4,0,140,-6,3.94
fold2_room1_mix0288,91,4,0,151,-4,6.69
fold2_room1_mix0288,91,4,0,146,-5,4.84
fold2_room1_mix0288,92,4,0,151,-4,6.11
fold2_room1_mix0288,92,4,0,148,-5,4.90
fold2_room1_mix0288,93,4,0,152,-3,6.67
fold2_room1_mix0288,93,4,0,149,-4,5.16
fold2_room1_mix0288,94,4,0,156,-2,7.89
fold2_room1_mix0288,94,4,0,154,-3,6.39
fold2_room1_mix0288,95,4,0,159,-2,8.45
fold2_room1_mix0288,95,4,0,157,-3,6.89
fold2_room1_mix0288,96,4,0,159,-2,8.64
fold2_room1_mix0288,96,4,0,158,-3,6.98
fold2_room1_mix0288,97,4,0,163,-1,9.98
fold2_room1_mix0288,97,4,0,162,-2,8.16
fold2_room1_mix0288,98,4,0,164,-1,10.79
fold2_room1_mix0288,98,4,0,163,-2,8.74
fold2_room1_mix0288,99,4,0,165,-1,11.15
fold2_room1_mix0288,99,4,0,164,-2,9.26
fold2_room1_mix0288,77,4,0,-165,-3,10.23
fold2_room1_mix0288,77,4,0,19,-6,4.52
fold2_room1_mix0290,3,4,0,4,1,6.56
fold2_room1_mix0290,4,4,0,3,0,20.94
fold2_room1_mix0290,5,4,0,0,0,24.84
fold2_room1_mix0290,6,4,0,0,0,31.15
fold2_room1_mix0290,7,4,0,0,0,30.68
fold2_room1_mix0290,8,4,0,0,0,44.51
fold2_room1_mix0290,9,4,0,3,0,45.52
fold2_room1_mix0290,10,4,0,1,0,42.87
fold2_room1_mix0290,11,4,0,1,0,43.87
fold2_room1_mix0290,12,4,0,1,0,42.75
fold2_room1_mix0290,13,4,0,3,0,42.06
fold2_room1_mix0290,14,4,0,3,-1,40.97
fold2_room1_mix0290,15,4,0,4,0,40.86
fold2_room1_mix0290,16,4,0,2,0,40.58
fold2_room1_mix0290,17,4,0,1,0,38.02
fold2_room1_mix0290,18,4,0,4,-1,38.99
fold2_room1_mix0290,19,4,0,2,-1,37.16
fold2_room1_mix0290,20,4,0,0,-1,37.27
fold2_room1_mix0290,21,4,0,3,-1,37.39
fold2_room1_mix0290,22,4,0,3,-1,34.85
fold2_room1_mix0290,23,4,0,0,-1,34.12
fold2_room1_mix0290,24,4,0,1,-1,35.15
fold2_room1_mix0290,25,4,0,1,-1,32.22
fold2_room1_mix0290,26,4,0,1,-1,33.53
fold2_room1_mix0290,27,4,0,1,-1,33.55
fold2_room1_mix0290,28,4,0,0,-1,33.18
fold2_room1_mix0290,29,4,0,1,-1,32.10
fold2_room1_mix0290,30,4,0,1,-1,30.81
fold2_room1_mix0290,31,4,0,2,-1,28.80
fold2_room1_mix0290,32,4,0,2,-1,29.15
fold2_room1_mix0290,33,4,0,1,-1,28.12
fold2_room1_mix0290,34,4,0,1,-1,26.74
fold2_room1_mix0290,35,4,0,-1,-1,25.15
fold2_room1_mix0290,36,4,0,1,-1,24.27
fold2_room1_mix0290,37,4,0,2,-1,23.73
fold2_room1_mix0290,38,4,0,2,-1,22.41
fold2_room1_mix0290,39,4,0,3,-1,21.32
fold2_room1_mix0290,40,4,0,2,-1,19.90
fold2_room1_mix0290,41,4,0,4,-1,18.44
fold2_room1_mix0290,42,4,0,3,-1,18.07
fold2_room1_mix0290,43,4,0,5,-1,17.40
fold2_room1_mix0290,44,4,0,4,-1,17.40
fold2_room1_mix0290,45,4,0,6,-1,16.51
fold2_room1_mix0290,46,4,0,0,-2,14.64
fold2_room1_mix0290,46,4,0,0,-2,14.80
fold2_room1_mix0290,47,4,0,4,-2,14.57
fold2_room1_mix0290,48,4,0,3,-2,13.71
fold2_room1_mix0290,49,4,0,2,-2,11.61
fold2_room1_mix0290,49,4,0,0,-2,12.05
fold2_room1_mix0290,50,4,0,0,-3,10.60
fold2_room1_mix0290,50,4,0,-2,-2,10.95
fold2_room1_mix0290,51,4,0,0,-3,10.02
fold2_room1_mix0290,51,4,0,-3,-3,10.31
fold2_room1_mix0290,52,4,0,-2,-3,9.10
fold2_room1_mix0290,52,4,0,-3,-3,9.40
fold2_room1_mix0290,53,4,0,-3,-3,8.43
fold2_room1_mix0290,53,4,0,-3,-3,8.60
fold2_room1_mix0290,54,4,0,-3,-4,7.68
fold2_room1_mix0290,54,4,0,-4,-3,8.43
fold2_room1_mix0290,55,4,0,-2,-4,6.65
fold2_room1_mix0290,55,4,0,-4,-4,7.23
fold2_room1_mix0290,56,4,0,-3,-6,5.44
fold2_room1_mix0290,56,4,0,-5,-5,6.34
fold2_room1_mix0290,57,4,0,-11,-8,4.09
fold2_room1_mix0290,57,4,0,-7,-7,4.53
fold2_room1_mix0290,58,4,0,-12,-10,3.25
fold2_room1_mix0290,58,4,0,-11,-9,4.27
fold2_room1_mix0290,59,4,0,-21,-15,1.99
fold2_room1_mix0290,59,4,0,-16,-12,3.50
fold2_room1_mix0290,60,4,0,-52,-27,0.99
fold2_room1_mix0290,60,4,0,-21,-29,3.17
fold2_room1_mix0290,60,4,0,16,-10,10.66
fold2_room1_mix0290,61,4,0,-120,-29,0.73
fold2_room1_mix0290,61,4,0,-108,-42,1.60
fold2_room1_mix0290,61,4,0,28,-8,13.77
fold2_room1_mix0290,62,4,0,-147,-20,1.31
fold2_room1_mix0290,62,4,0,29,-6,12.71
fold2_room1_mix0290,63,4,0,-166,-14,2.00
fold2_room1_mix0290,63,4,0,31,-3,15.63
fold2_room1_mix0290,64,4,0,-169,-10,2.69
fold2_room1_mix0290,64,4,0,69,-5,14.70
fold2_room1_mix0290,65,4,0,-176,-8,3.52
fold2_room1_mix0290,65,4,0,51,-2,17.17
fold2_room1_mix0290,66,4,0,-179,-6,4.28
fold2_room1_mix0290,66,4,0,58,-1,17.66
fold2_room1_mix0290,67,4,0,-179,-5,5.61
fold2_room1_mix0290,67,4,0,61,-2,17.22
fold2_room1_mix0290,68,4,0,-178,-4,6.62
fold2_room1_mix0290,68,4,0,78,-2,15.26
fold2_room1_mix0290,69,4,0,179,-3,7.42
fold2_room1_mix0290,69,4,0,78,-2,14.67
fold2_room1_mix0290,70,4,0,179,-3,8.68
fold2_room1_mix0290,70,4,0,71,-2,13.56
fold2_room1_mix0290,71,4,0,-178,-3,9.60
fold2_room1_mix0290,71,4,0,71,-3,13.50
fold2_room1_mix0290,72,4,0,-178,-2,9.97
fold2_room1_mix0290,72,4,0,90,-2,13.87
fold2_room1_mix0290,73,4,0,-177,-2,10.57
fold2_room1_mix0290,73,4,0,88,-2,13.60
fold2_room1_mix0290,74,4,0,-176,-2,11.17
fold2_room1_mix0290,74,4,0,95,-2,14.23
fold2_room1_mix0290,75,4,0,-175,-2,11.81
fold2_room1_mix0290,75,4,0,100,-2,14.30
fold2_room1_mix0290,76,4,0,-175,-2,12.14
fold2_room1_mix0290,76,4,0,100,-2,15.69
fold2_room1_mix0290,77,4,0,-179,-2,13.47
fold2_room1_mix0290,77,4,0,104,-2,15.92
fold2_room1_mix0290,78,4,0,-179,-2,13.55
fold2_room1_mix0290,78,4,0,107,-2,16.63
fold2_room1_mix0290,79,4,0,-178,-2,14.93
fold2_room1_mix0290,79,4,0,114,-2,15.84
fold2_room1_mix0290,80,4,0,-177,-2,15.08
fold2_room1_mix0290,80,4,0,111,-2,16.03
fold2_room1_mix0290,81,4,0,-176,-1,16.11
fold2_room1_mix0290,81,4,0,110,-2,16.22
fold2_room1_mix0290,82,4,0,-176,-1,16.40
fold2_room1_mix0290,82,4,0,114,-2,16.60
fold2_room1_mix0290,83,4,0,-175,-1,17.85
fold2_room1_mix0290,83,4,0,117,-2,17.31
fold2_room1_mix0290,84,4,0,-177,-1,17.76
fold2_room1_mix0290,84,4,0,115,-1,17.67
fold2_room1_mix0290,85,4,0,-178,-1,19.10
fold2_room1_mix0290,85,4,0,120,-1,17.75
fold2_room1_mix0290,86,4,0,-178,-1,19.39
fold2_room1_mix0290,86,4,0,123,-1,19.22
fold2_room1_mix0290,87,4,0,-179,-1,20.85
fold2_room1_mix0290,87,4,0,127,-1,18.60
fold2_room1_mix0290,88,4,0,178,-1,21.20
fold2_room1_mix0290,88,4,0,128,-1,18.68
fold2_room1_mix0290,89,4,0,178,0,22.47
fold2_room1_mix0290,89,4,0,128,-1,19.03
fold2_room1_mix0290,90,4,0,177,0,22.17
fold2_room1_mix0290,90,4,0,129,-1,19.67
fold2_room1_mix0290,91,4,0,178,0,23.97
fold2_room1_mix0290,91,4,0,132,-1,19.50
fold2_room1_mix0290,92,4,0,178,0,23.81
fold2_room1_mix0290,92,4,0,132,-1,20.85
fold2_room1_mix0290,93,4,0,176,0,24.27
fold2_room1_mix0290,93,4,0,136,-1,20.17
fold2_room1_mix0290,94,4,0,176,-1,27.03
fold2_room1_mix0290,94,4,0,138,-1,23.90
fold2_room1_mix0290,95,4,0,175,0,26.79
fold2_room1_mix0290,95,4,0,141,-1,23.37
fold2_room1_mix0290,96,4,0,175,0,27.66
fold2_room1_mix0290,96,4,0,143,-1,25.63
fold2_room1_mix0290,97,4,0,174,0,27.68
fold2_room1_mix0290,97,4,0,143,-1,24.48
fold2_room1_mix0290,98,4,0,172,0,28.99
fold2_room1_mix0290,98,4,0,145,0,26.70
fold2_room1_mix0290,99,4,0,172,0,29.39
fold2_room1_mix0290,99,4,0,147,0,27.88
fold2_room1_mix0300,1,1,0,44,-3,11.01
fold2_room1_mix0300,2,1,0,3,-2,10.64
fold2_room1_mix0300,3,0,0,106,-3,7.86
fold2_room1_mix0300,3,4,0,-10,1,2.11
fold2_room1_mix0300,4,0,0,104,-3,5.80
fold2_room1_mix0300,4,4,0,-11,1,1.72
fold2_room1_mix0300,5,0,0,104,-3,7.57
fold2_room1_mix0300,5,4,0,-8,0,3.76
fold2_room1_mix0300,6,0,0,101,-3,15.10
fold2_room1_mix0300,6,4,0,176,-3,3.99
fold2_room1_mix0300,6,4,0,-14,-2,3.95
fold2_room1_mix0300,7,0,0,92,-3,11.35
fold2_room1_mix0300,7,4,0,-165,0,1.55
fold2_room1_mix0300,7,4,0,-22,1,1.58
fold2_room1_mix0300,8,0,0,88,-3,14.30
fold2_room1_mix0300,8,1,0,66,-2,10.31
fold2_room1_mix0300,8,4,0,-15,1,22.74
fold2_room1_mix0300,8,4,0,-16,0,19.89
fold2_room1_mix0300,9,0,0,77,-3,14.42
fold2_room1_mix0300,9,4,0,-3,0,9.93
fold2_room1_mix0300,10,0,0,72,-3,14.16
fold2_room1_mix0300,10,4,0,1,0,14.35
fold2_room1_mix0300,11,0,0,66,-2,16.89
fold2_room1_mix0300,11,4,0,-1,0,20.05
fold2_room1_mix0300,12,0,0,59,-2,15.51
fold2_room1_mix0300,12,4,0,-13,0,4.33
fold2_room1_mix0300,13,0,0,47,-2,17.79
fold2_room1_mix0300,13,4,0,-5,0,21.53
fold2_room1_mix0300,14,0,0,45,-2,17.33
fold2_room1_mix0300,14,4,0,-4,-1,20.23
fold2_room1_mix0300,15,0,0,40,-2,17.34
fold2_room1_mix0300,15,4,0,0,-1,18.02
fold2_room1_mix0300,16,0,0,36,-1,19.20
fold2_room1_mix0300,16,4,0,2,-2,18.07
fold2_room1_mix0300,17,0,0,35,-1,19.73
fold2_room1_mix0300,17,4,0,2,-1,18.59
fold2_room1_mix0300,18,0,0,35,-1,17.97
fold2_room1_mix0300,18,4,0,6,-1,19.40
fold2_room1_mix0300,19,0,0,34,-1,21.36
fold2_room1_mix0300,19,4,0,5,-2,18.29
fold2_room1_mix0300,20,0,0,35,-1,22.58
fold2_room1_mix0300,20,4,0,4,-2,19.11
fold2_room1_mix0300,21,0,0,36,-1,20.44
fold2_room1_mix0300,21,4,0,2,-1,16.46
fold2_room1_mix0300,22,0,0,35,-1,20.05
fold2_room1_mix0300,22,4,0,1,-1,16.90
fold2_room1_mix0300,23,0,0,35,-1,22.69
fold2_room1_mix0300,23,4,0,1,-1,16.62
fold2_room1_mix0300,24,0,0,34,-1,22.35
fold2_room1_mix0300,24,4,0,0,-1,16.69
fold2_room1_mix0300,25,0,0,32,-1,21.52
fold2_room1_mix0300,25,4,0,0,-1,16.34
fold2_room1_mix0300,26,0,0,30,-1,24.57
fold2_room1_mix0300,26,4,0,0,-1,15.42
fold2_room1_mix0300,27,0,0,27,-1,25.51
fold2_room1_mix0300,27,4,0,0,-1,14.19
fold2_room1_mix0300,28,0,0,25,-1,25.49
fold2_room1_mix0300,28,4,0,0,-1,12.62
fold2_room1_mix0300,29,0,0,24,-1,28.95
fold2_room1_mix0300,29,4,0,0,-1,13.07
fold2_room1_mix0300,30,0,0,23,-1,30.02
fold2_room1_mix0300,30,4,0,0,-2,12.68
fold2_room1_mix0300,31,0,0,20,-1,31.71
fold2_room1_mix0300,31,4,0,0,-1,11.94
fold2_room1_mix0300,32,0,0,19,-1,34.25
fold2_room1_mix0300,32,4,0,-2,-2,12.19
fold2_room1_mix0300,33,0,0,19,-1,32.49
fold2_room1_mix0300,33,4,0,-2,-1,10.45
fold2_room1_mix0300,34,0,0,18,-1,31.02
fold2_room1_mix0300,34,4,0,-2,-2,10.30
fold2_room1_mix0300,35,0,0,20,-1,30.56
fold2_room1_mix0300,35,4,0,-3,-2,10.54
fold2_room1_mix0300,36,0,0,21,-1,30.43
fold2_room1_mix0300,36,4,0,-2,-2,11.05
fold2_room1_mix0300,37,0,0,22,-1,29.96
fold2_room1_mix0300,37,4,0,-3,-1,11.02
fold2_room1_mix0300,38,0,0,20,-1,31.35
fold2_room1_mix0300,38,4,0,-2,-2,10.21
fold2_room1_mix0300,39,0,0,19,-1,32.17
fold2_room1_mix0300,39,4,0,-3,-2,10.21
fold2_room1_mix0300,40,0,0,18,-1,32.55
fold2_room1_mix0300,40,4,0,-1,-2,9.68
fold2_room1_mix0300,41,0,0,19,-1,31.45
fold2_room1_mix0300,41,4,0,-1,-3,8.96
fold2_room1_mix0300,42,0,0,17,-1,36.56
fold2_room1_mix0300,42,4,0,-2,-3,8.63
fold2_room1_mix0300,43,0,0,17,-1,36.54
fold2_room1_mix0300,43,4,0,-3,-3,8.17
fold2_room1_mix0300,44,0,0,17,-1,34.54
fold2_room1_mix0300,44,4,0,-2,-3,7.63
fold2_room1_mix0300,45,0,0,17,-1,39.07
fold2_room1_mix0300,45,4,0,-2,-4,6.83
fold2_room1_mix0300,46,0,0,17,-1,36.00
fold2_room1_mix0300,46,4,0,-4,-4,6.64
fold2_room1_mix0300,47,0,0,16,-1,37.20
fold2_room1_mix0300,47,4,0,-3,-4,6.09
fold2_room1_mix0300,48,0,0,16,0,38.57
fold2_room1_mix0300,48,4,0,-4,-4,5.89
fold2_room1_mix0300,49,0,0,16,0,39.21
fold2_room1_mix0300,49,4,0,-5,-4,5.91
fold2_room1_mix0300,50,0,0,14,0,42.51
fold2_room1_mix0300,50,4,0,-4,-4,5.62
fold2_room1_mix0300,51,0,0,15,0,42.40
fold2_room1_mix0300,51,4,0,-4,-4,5.12
fold2_room1_mix0300,52,0,0,16,0,40.56
fold2_room1_mix0300,52,4,0,-4,-4,4.79
fold2_room1_mix0300,53,0,0,15,0,42.91
fold2_room1_mix0300,53,4,0,-7,-5,4.13
fold2_room1_mix0300,54,0,0,16,0,42.41
fold2_room1_mix0300,54,4,0,-7,-6,4.12
fold2_room1_mix0300,55,0,0,14,0,44.72
fold2_room1_mix0300,55,4,0,-8,-7,3.70
fold2_room1_mix0300,56,0,0,13,0,46.17
fold2_room1_mix0300,56,4,0,-8,-7,3.57
fold2_room1_mix0300,57,0,0,14,0,42.73
fold2_room1_mix0300,57,4,0,-11,-8,3.26
fold2_room1_mix0300,58,0,0,12,0,49.12
fold2_room1_mix0300,58,4,0,-11,-9,3.15
fold2_room1_mix0300,59,0,0,13,0,48.81
fold2_room1_mix0300,59,4,0,-15,-13,2.64
fold2_room1_mix0300,60,0,0,11,0,47.80
fold2_room1_mix0300,60,4,0,-19,-16,2.47
fold2_room1_mix0300,61,0,0,12,0,51.38
fold2_room1_mix0300,61,4,0,-23,-19,2.21
fold2_room1_mix0300,62,0,0,11,0,50.33
fold2_room1_mix0300,62,4,0,-26,-22,1.90
fold2_room1_mix0300,63,0,0,10,0,55.30
fold2_room1_mix0300,63,4,0,-36,-27,1.78
fold2_room1_mix0300,64,0,0,8,0,55.19
fold2_room1_mix0300,64,4,0,-63,-36,0.93
fold2_room1_mix0300,64,4,0,-35,-27,2.66
fold2_room1_mix0300,65,0,0,11,0,57.17
fold2_room1_mix0300,65,4,0,-92,-38,0.79
fold2_room1_mix0300,65,4,0,-56,-34,2.31
fold2_room1_mix0300,66,0,0,10,0,56.72
fold2_room1_mix0300,66,4,0,-121,-36,0.84
fold2_room1_mix0300,66,4,0,-83,-41,2.39
fold2_room1_mix0300,67,0,0,11,0,57.78
fold2_room1_mix0300,67,4,0,-140,-29,0.98
fold2_room1_mix0300,67,4,0,-120,-39,2.46
fold2_room1_mix0300,68,0,0,12,0,57.63
fold2_room1_mix0300,68,4,0,-147,-25,1.09
fold2_room1_mix0300,68,4,0,-123,-35,2.61
fold2_room1_mix0300,69,0,0,12,0,56.62
fold2_room1_mix0300,69,4,0,-153,-21,1.86
fold2_room1_mix0300,70,0,0,11,0,57.37
fold2_room1_mix0300,70,4,0,-157,-19,2.03
fold2_room1_mix0300,71,0,0,12,0,59.70
fold2_room1_mix0300,71,4,0,-161,-17,2.19
fold2_room1_mix0300,72,0,0,11,0,62.04
fold2_room1_mix0300,72,4,0,-163,-15,2.41
fold2_room1_mix0300,73,0,0,13,0,63.22
fold2_room1_mix0300,73,4,0,-165,-14,2.57
fold2_room1_mix0300,74,0,0,12,0,66.61
fold2_room1_mix0300,74,4,0,-168,-13,2.77
fold2_room1_mix0300,75,0,0,12,0,66.67
fold2_room1_mix0300,75,4,0,-169,-13,2.93
fold2_room1_mix0300,76,0,0,12,0,65.40
fold2_room1_mix0300,76,4,0,-172,-13,2.93
fold2_room1_mix0300,77,0,0,11,0,69.03
fold2_room1_mix0300,77,4,0,-176,-13,2.79
fold2_room1_mix0300,78,0,0,12,0,71.01
fold2_room1_mix0300,78,4,0,178,-19,2.38
fold2_room1_mix0300,79,0,0,10,0,78.54
fold2_room1_mix0300,79,4,0,157,-34,1.16
fold2_room1_mix0300,79,4,0,159,-33,1.42
fold2_room1_mix0300,80,0,0,10,0,85.21
fold2_room1_mix0300,80,4,0,118,-63,1.07
fold2_room1_mix0300,80,4,0,-172,-30,3.87
fold2_room1_mix0300,80,4,0,83,-63,0.75
fold2_room1_mix0300,81,0,0,11,0,81.96
fold2_room1_mix0300,81,4,0,-175,-21,3.68
fold2_room1_mix0300,81,4,0,28,-37,0.93
fold2_room1_mix0300,82,0,0,10,0,82.33
fold2_room1_mix0300,82,4,0,-173,-15,4.25
fold2_room1_mix0300,82,4,0,13,-24,1.48
fold2_room1_mix0300,83,0,0,10,0,84.27
fold2_room1_mix0300,83,4,0,-175,-13,4.51
fold2_room1_mix0300,83,4,0,8,-17,2.55
fold2_room1_mix0300,84,0,0,12,0,80.70
fold2_room1_mix0300,84,4,0,-174,-9,4.98
fold2_room1_mix0300,84,4,0,7,-12,3.09
fold2_room1_mix0300,85,0,0,10,0,79.11
fold2_room1_mix0300,85,4,0,-174,-7,5.65
fold2_room1_mix0300,85,4,0,5,-9,3.66
fold2_room1_mix0300,86,0,0,10,0,80.99
fold2_room1_mix0300,86,4,0,-176,-7,5.98
fold2_room1_mix0300,86,4,0,1,-8,4.66
fold2_room1_mix0300,87,0,0,10,0,84.96
fold2_room1_mix0300,87,4,0,3,-8,6.63
fold2_room1_mix0300,87,4,0,1,-7,6.23
fold2_room1_mix0300,88,0,0,9,0,86.04
fold2_room1_mix0300,88,4,0,-174,-5,5.54
fold2_room1_mix0300,88,4,0,0,-5,6.69
fold2_room1_mix0300,89,0,0,9,0,83.41
fold2_room1_mix0300,89,4,0,-175,-5,5.91
fold2_room1_mix0300,89,4,0,1,-5,7.85
fold2_room1_mix0300,90,0,0,9,0,89.66
fold2_room1_mix0300,90,4,0,-177,-5,6.74
fold2_room1_mix0300,90,4,0,-1,-4,8.11
fold2_room1_mix0300,91,0,0,9,0,88.42
fold2_room1_mix0300,91,4,0,-175,-5,6.44
fold2_room1_mix0300,91,4,0,-1,-4,8.80
fold2_room1_mix0300,92,0,0,8,0,86.96
fold2_room1_mix0300,92,4,0,-177,-5,7.50
fold2_room1_mix0300,92,4,0,-1,-3,9.99
fold2_room1_mix0300,93,0,0,8,0,92.63
fold2_room1_mix0300,93,4,0,-177,-4,7.50
fold2_room1_mix0300,93,4,0,-3,-3,11.07
fold2_room1_mix0300,94,0,0,8,0,91.74
fold2_room1_mix0300,94,4,0,-175,-4,7.66
fold2_room1_mix0300,94,4,0,0,-3,11.22
fold2_room1_mix0300,95,0,0,7,0,98.10
fold2_room1_mix0300,95,4,0,-177,-4,8.19
fold2_room1_mix0300,95,4,0,-1,-2,12.98
fold2_room1_mix0300,96,0,0,7,0,109.34
fold2_room1_mix0300,96,4,0,-177,-4,8.02
fold2_room1_mix0300,96,4,0,-3,-3,12.94
fold2_room1_mix0300,97,0,0,8,0,107.91
fold2_room1_mix0300,97,4,0,-176,-4,7.98
fold2_room1_mix0300,98,0,0,6,0,106.58
fold2_room1_mix0300,98,4,0,-178,-4,8.98
fold2_room1_mix0300,99,0,0,7,0,110.05
fold2_room1_mix0300,99,4,0,-178,-5,9.76
fold2_room1_mix0306,0,5,0,-9,3,1.93
fold2_room1_mix0306,1,4,0,156,0,3.91
fold2_room1_mix0306,1,5,0,-33,2,10.70
fold2_room1_mix0306,2,4,0,146,1,6.11
fold2_room1_mix0306,2,5,0,-31,2,14.82
fold2_room1_mix0306,3,4,0,150,0,10.77
fold2_room1_mix0306,3,5,0,-25,0,6.45
fold2_room1_mix0306,4,4,0,150,0,13.26
fold2_room1_mix0306,4,4,0,17,-1,17.33
fold2_room1_mix0306,5,4,0,145,-1,13.37
fold2_room1_mix0306,5,5,0,-21,2,20.20
fold2_room1_mix0306,6,4,0,144,-1,17.40
fold2_room1_mix0306,6,5,0,-28,1,20.83
fold2_room1_mix0306,7,4,0,143,-1,16.38
fold2_room1_mix0306,7,4,0,22,-1,22.91
fold2_room1_mix0306,7,5,0,-30,2,21.03
fold2_room1_mix0306,8,4,0,144,-1,17.53
fold2_room1_mix0306,8,5,0,-22,2,18.09
fold2_room1_mix0306,9,4,0,145,-1,15.70
fold2_room1_mix0306,9,4,0,9,-1,23.65
fold2_room1_mix0306,9,5,0,-23,2,18.01
fold2_room1_mix0306,10,4,0,144,-1,17.01
fold2_room1_mix0306,10,4,0,3,0,24.24
fold2_room1_mix0306,10,5,0,-26,2,19.55
fold2_room1_mix0306,11,4,0,144,-1,15.85
fold2_room1_mix0306,11,4,0,4,0,23.23
fold2_room1_mix0306,11,5,0,-30,2,18.95
fold2_room1_mix0306,12,4,0,147,-1,14.78
fold2_room1_mix0306,12,4,0,-1,0,22.69
fold2_room1_mix0306,12,5,0,-19,2,16.94
fold2_room1_mix0306,13,4,0,145,-1,13.86
fold2_room1_mix0306,13,4,0,0,0,20.57
fold2_room1_mix0306,13,5,0,-25,2,18.43
fold2_room1_mix0306,14,4,0,141,-1,13.86
fold2_room1_mix0306,14,4,0,6,0,21.95
fold2_room1_mix0306,14,5,0,-25,2,17.91
fold2_room1_mix0306,15,4,0,144,-2,13.06
fold2_room1_mix0306,15,4,0,0,0,19.83
fold2_room1_mix0306,15,5,0,-25,3,16.79
fold2_room1_mix0306,16,4,0,141,-2,13.03
fold2_room1_mix0306,16,4,0,3,-1,17.93
fold2_room1_mix0306,16,5,0,-24,2,16.06
fold2_room1_mix0306,17,4,0,141,-1,13.55
fold2_room1_mix0306,17,4,0,-3,0,19.62
fold2_room1_mix0306,17,5,0,-27,3,15.71
fold2_room1_mix0306,18,4,0,147,-2,12.30
fold2_room1_mix0306,18,4,0,2,0,16.41
fold2_room1_mix0306,18,5,0,-22,2,17.99
fold2_room1_mix0306,19,4,0,143,-2,12.16
fold2_room1_mix0306,19,4,0,-6,0,16.35
fold2_room1_mix0306,19,5,0,-23,2,16.57
fold2_room1_mix0306,20,4,0,140,-2,13.11
fold2_room1_mix0306,20,4,0,-2,-1,16.62
fold2_room1_mix0306,20,5,0,-24,2,16.80
fold2_room1_mix0306,21,4,0,142,-2,13.51
fold2_room1_mix0306,21,4,0,-3,-1,14.25
fold2_room1_mix0306,21,5,0,-25,2,16.51
fold2_room1_mix0306,22,4,0,144,-2,13.48
fold2_room1_mix0306,22,4,0,-2,-1,15.48
fold2_room1_mix0306,22,5,0,-23,2,16.91
fold2_room1_mix0306,23,4,0,141,-2,14.12
fold2_room1_mix0306,23,4,0,-2,-2,14.04
fold2_room1_mix0306,23,5,0,-25,2,20.47
fold2_room1_mix0306,24,4,0,142,-2,14.79
fold2_room1_mix0306,24,4,0,-5,-2,12.49
fold2_room1_mix0306,24,5,0,-24,2,16.87
fold2_room1_mix0306,25,4,0,141,-2,14.11
fold2_room1_mix0306,25,4,0,0,-2,13.12
fold2_room1_mix0306,25,5,0,-23,2,16.57
fold2_room1_mix0306,26,4,0,138,-2,14.05
fold2_room1_mix0306,26,4,0,2,-3,10.72
fold2_room1_mix0306,26,5,0,-24,2,18.21
fold2_room1_mix0306,27,4,0,142,-3,11.91
fold2_room1_mix0306,27,4,0,-3,-3,9.95
fold2_room1_mix0306,27,5,0,-22,2,18.10
fold2_room1_mix0306,28,4,0,138,-2,12.61
fold2_room1_mix0306,28,4,0,1,-3,8.99
fold2_room1_mix0306,28,5,0,-21,3,15.79
fold2_room1_mix0306,29,4,0,136,-2,11.70
fold2_room1_mix0306,29,4,0,-3,-3,8.60
fold2_room1_mix0306,29,5,0,-25,2,17.60
fold2_room1_mix0306,30,4,0,139,-2,13.11
fold2_room1_mix0306,30,4,0,2,-3,7.87
fold2_room1_mix0306,30,5,0,-23,2,17.91
fold2_room1_mix0306,31,4,0,140,-2,12.48
fold2_room1_mix0306,31,4,0,2,-3,7.28
fold2_room1_mix0306,31,5,0,-25,3,16.48
fold2_room1_mix0306,32,4,0,139,-3,11.63
fold2_room1_mix0306,32,4,0,5,-4,6.84
fold2_room1_mix0306,32,5,0,-25,3,15.03
fold2_room1_mix0306,33,4,0,138,-4,9.54
fold2_room1_mix0306,33,4,0,1,-5,5.77
fold2_room1_mix0306,33,5,0,-25,3,16.67
fold2_room1_mix0306,34,4,0,132,-3,9.81
fold2_room1_mix0306,34,4,0,148,-2,11.06
fold2_room1_mix0306,34,4,0,3,-5,5.10
fold2_room1_mix0306,34,5,0,-25,3,16.41
fold2_room1_mix0306,35,4,0,136,-3,11.21
fold2_room1_mix0306,35,4,0,154,-2,13.51
fold2_room1_mix0306,35,4,0,6,-5,4.77
fold2_room1_mix0306,35,5,0,-27,3,16.30
fold2_room1_mix0306,36,4,0,132,-3,11.15
fold2_room1_mix0306,36,4,0,153,-2,13.17
fold2_room1_mix0306,36,4,0,5,-6,4.29
fold2_room1_mix0306,36,5,0,-22,3,17.12
fold2_room1_mix0306,37,4,0,131,-3,10.92
fold2_room1_mix0306,37,4,0,157,-2,12.55
fold2_room1_mix0306,37,4,0,0,-7,3.24
fold2_room1_mix0306,37,5,0,-24,3,16.62
fold2_room1_mix0306,38,4,0,135,-3,11.55
fold2_room1_mix0306,38,4,0,154,-2,14.07
fold2_room1_mix0306,38,4,0,4,-7,3.35
fold2_room1_mix0306,38,5,0,-23,2,17.97
fold2_room1_mix0306,39,4,0,130,-3,11.33
fold2_room1_mix0306,39,4,0,156,-2,13.36
fold2_room1_mix0306,39,4,0,-1,-9,2.75
fold2_room1_mix0306,39,5,0,-27,2,17.89
fold2_room1_mix0306,40,4,0,120,-3,10.83
fold2_room1_mix0306,40,4,0,151,-3,11.81
fold2_room1_mix0306,40,4,0,-5,-9,2.61
fold2_room1_mix0306,40,5,0,-25,2,16.35
fold2_room1_mix0306,41,4,0,122,-3,10.85
fold2_room1_mix0306,41,4,0,156,-3,10.25
fold2_room1_mix0306,41,4,0,-11,-11,1.83
fold2_room1_mix0306,41,5,0,-26,3,15.86
fold2_room1_mix0306,42,4,0,118,-3,11.94
fold2_room1_mix0306,42,4,0,153,-5,8.35
fold2_room1_mix0306,42,4,0,-18,-11,1.86
fold2_room1_mix0306,42,5,0,-24,2,17.26
fold2_room1_mix0306,43,4,0,113,-5,10.21
fold2_room1_mix0306,43,4,0,158,-6,7.60
fold2_room1_mix0306,43,4,0,-28,-12,1.36
fold2_room1_mix0306,43,5,0,-24,2,15.36
fold2_room1_mix0306,44,4,0,112,-7,8.81
fold2_room1_mix0306,44,4,0,150,-8,6.37
fold2_room1_mix0306,44,4,0,-44,-14,0.91
fold2_room1_mix0306,44,5,0,-21,3,14.79
fold2_room1_mix0306,45,4,0,116,-21,5.33
fold2_room1_mix0306,45,4,0,139,-10,6.85
fold2_room1_mix0306,45,4,0,-68,-18,0.90
fold2_room1_mix0306,45,5,0,-26,3,13.94
fold2_room1_mix0306,46,4,0,157,-12,5.54
fold2_room1_mix0306,46,4,0,-101,-21,1.37
fold2_room1_mix0306,46,5,0,-25,3,14.82
fold2_room1_mix0306,47,4,0,165,-12,4.49
fold2_room1_mix0306,47,4,0,-166,-10,4.15
fold2_room1_mix0306,47,4,0,142,-16,3.04
fold2_room1_mix0306,47,5,0,-26,3,15.57
fold2_room1_mix0306,48,4,0,149,-10,4.92
fold2_room1_mix0306,48,4,0,-161,-11,2.83
fold2_room1_mix0306,48,4,0,98,-9,4.05
fold2_room1_mix0306,48,5,0,-29,3,13.27
fold2_room1_mix0306,49,4,0,147,-9,5.23
fold2_room1_mix0306,49,4,0,-168,-10,2.86
fold2_room1_mix0306,49,4,0,68,-8,4.49
fold2_room1_mix0306,49,5,0,-28,3,14.70
fold2_room1_mix0306,50,4,0,117,-10,5.31
fold2_room1_mix0306,50,4,0,-159,-10,2.49
fold2_room1_mix0306,50,4,0,73,-7,4.95
fold2_room1_mix0306,50,5,0,-26,3,16.62
fold2_room1_mix0306,51,4,0,91,-10,6.87
fold2_room1_mix0306,51,4,0,-166,-8,3.31
fold2_room1_mix0306,51,4,0,50,-6,5.29
fold2_room1_mix0306,51,5,0,-31,3,14.82
fold2_room1_mix0306,52,4,0,111,-8,6.52
fold2_room1_mix0306,52,4,0,-168,-7,3.43
fold2_room1_mix0306,52,4,0,49,-6,4.85
fold2_room1_mix0306,52,5,0,-27,3,15.97
fold2_room1_mix0306,53,4,0,75,-7,7.15
fold2_room1_mix0306,53,4,0,-165,-6,3.66
fold2_room1_mix0306,53,4,0,41,-6,5.66
fold2_room1_mix0306,53,5,0,-29,2,16.85
fold2_room1_mix0306,54,4,0,91,-7,8.03
fold2_room1_mix0306,54,4,0,-166,-5,4.68
fold2_room1_mix0306,54,4,0,38,-6,5.81
fold2_room1_mix0306,54,5,0,-28,3,15.91
fold2_room1_mix0306,55,4,0,121,-6,7.27
fold2_room1_mix0306,55,4,0,-162,-4,5.53
fold2_room1_mix0306,55,4,0,42,-6,5.04
fold2_room1_mix0306,55,5,0,-34,3,16.32
fold2_room1_mix0306,56,4,0,80,-6,7.47
fold2_room1_mix0306,56,4,0,-163,-4,5.91
fold2_room1_mix0306,56,4,0,40,-5,5.75
fold2_room1_mix0306,56,5,0,-31,3,15.36
fold2_room1_mix0306,57,4,0,68,-7,6.09
fold2_room1_mix0306,57,4,0,-165,-3,7.58
fold2_room1_mix0306,57,4,0,36,-3,8.48
fold2_room1_mix0306,57,5,0,-33,3,15.02
fold2_room1_mix0306,58,4,0,81,-7,6.23
fold2_room1_mix0306,58,4,0,-167,-3,8.81
fold2_room1_mix0306,58,4,0,32,-3,9.04
fold2_room1_mix0306,58,5,0,-36,3,15.07
fold2_room1_mix0306,59,4,0,71,-6,6.66
fold2_room1_mix0306,59,4,0,-170,-3,8.60
fold2_room1_mix0306,59,4,0,36,-3,9.63
fold2_room1_mix0306,59,5,0,-39,3,14.53
fold2_room1_mix0306,60,4,0,73,-6,6.93
fold2_room1_mix0306,60,4,0,-169,-3,9.24
fold2_room1_mix0306,60,4,0,35,-3,10.49
fold2_room1_mix0306,60,5,0,-31,3,15.37
fold2_room1_mix0306,61,4,0,73,-7,6.51
fold2_room1_mix0306,61,4,0,-170,-3,9.58
fold2_room1_mix0306,61,4,0,45,-3,9.34
fold2_room1_mix0306,61,5,0,-35,3,14.92
fold2_room1_mix0306,62,4,0,71,-5,7.81
fold2_room1_mix0306,62,4,0,-172,-2,9.87
fold2_room1_mix0306,62,4,0,31,-2,12.17
fold2_room1_mix0306,62,5,0,-34,3,15.88
fold2_room1_mix0306,63,4,0,81,-5,6.74
fold2_room1_mix0306,63,4,0,-173,-2,9.89
fold2_room1_mix0306,63,4,0,35,-2,11.18
fold2_room1_mix0306,63,5,0,-36,3,15.17
fold2_room1_mix0306,64,4,0,83,-6,6.32
fold2_room1_mix0306,64,4,0,-168,-2,10.00
fold2_room1_mix0306,64,4,0,40,-3,9.61
fold2_room1_mix0306,64,5,0,-35,4,13.83
fold2_room1_mix0306,65,4,0,85,-5,6.96
fold2_room1_mix0306,65,4,0,-171,-2,10.22
fold2_room1_mix0306,65,4,0,35,-1,11.82
fold2_room1_mix0306,65,5,0,-46,6,10.73
fold2_room1_mix0306,66,4,0,76,-5,7.25
fold2_room1_mix0306,66,4,0,-171,-2,11.37
fold2_room1_mix0306,66,4,0,42,-2,11.49
fold2_room1_mix0306,66,5,0,-36,5,13.01
fold2_room1_mix0306,67,4,0,74,-5,6.63
fold2_room1_mix0306,67,4,0,-174,-2,12.77
fold2_room1_mix0306,67,4,0,42,-2,10.78
fold2_room1_mix0306,67,5,0,-53,5,11.17
fold2_room1_mix0306,68,4,0,77,-5,6.26
fold2_room1_mix0306,68,4,0,-170,-2,12.49
fold2_room1_mix0306,68,4,0,37,-1,12.13
fold2_room1_mix0306,68,5,0,-38,5,13.24
fold2_room1_mix0306,69,4,0,71,-5,6.08
fold2_room1_mix0306,69,4,0,-174,-2,12.40
fold2_room1_mix0306,69,4,0,34,-2,12.08
fold2_room1_mix0306,69,5,0,-51,11,8.04
fold2_room1_mix0306,70,4,0,66,-5,6.46
fold2_room1_mix0306,70,4,0,-174,-1,14.48
fold2_room1_mix0306,70,4,0,27,0,14.86
fold2_room1_mix0306,70,5,0,-35,10,9.06
fold2_room1_mix0306,71,4,0,63,-4,6.92
fold2_room1_mix0306,71,4,0,-168,0,15.72
fold2_room1_mix0306,71,4,0,33,0,16.04
fold2_room1_mix0306,71,5,0,-41,6,12.31
fold2_room1_mix0306,72,4,0,63,-3,7.52
fold2_room1_mix0306,72,4,0,-168,0,16.48
fold2_room1_mix0306,72,4,0,29,0,16.44
fold2_room1_mix0306,72,5,0,-38,8,10.00
fold2_room1_mix0306,73,4,0,63,-3,7.57
fold2_room1_mix0306,73,4,0,-171,0,17.14
fold2_room1_mix0306,73,4,0,33,0,14.62
fold2_room1_mix0306,73,5,0,-43,7,10.15
fold2_room1_mix0306,74,4,0,58,-3,7.14
fold2_room1_mix0306,74,4,0,-172,0,17.96
fold2_room1_mix0306,74,4,0,30,0,16.94
fold2_room1_mix0306,74,5,0,-44,6,11.57
fold2_room1_mix0306,75,4,0,61,-3,7.97
fold2_room1_mix0306,75,4,0,-176,0,18.55
fold2_room1_mix0306,75,4,0,28,0,17.87
fold2_room1_mix0306,75,5,0,-55,8,9.58
fold2_room1_mix0306,76,4,0,59,-3,7.23
fold2_room1_mix0306,76,4,0,-174,0,20.22
fold2_room1_mix0306,76,4,0,29,0,16.78
fold2_room1_mix0306,76,5,0,-46,7,10.07
fold2_room1_mix0306,77,4,0,59,-3,6.77
fold2_room1_mix0306,77,4,0,-178,0,19.16
fold2_room1_mix0306,77,4,0,28,0,16.27
fold2_room1_mix0306,77,5,0,-50,7,9.66
fold2_room1_mix0306,78,4,0,53,-3,7.03
fold2_room1_mix0306,78,4,0,-178,0,21.55
fold2_room1_mix0306,78,4,0,26,0,17.07
fold2_room1_mix0306,78,5,0,-43,7,10.08
fold2_room1_mix0306,79,4,0,53,-4,6.75
fold2_room1_mix0306,79,4,0,174,0,20.22
fold2_room1_mix0306,79,4,0,32,0,13.95
fold2_room1_mix0306,79,5,0,-49,12,7.27
fold2_room1_mix0306,80,4,0,48,-4,7.49
fold2_room1_mix0306,80,4,0,178,0,21.67
fold2_room1_mix0306,80,4,0,29,-1,15.75
fold2_room1_mix0306,80,5,0,-32,7,9.41
fold2_room1_mix0306,81,4,0,48,-3,7.42
fold2_room1_mix0306,81,4,0,168,0,20.15
fold2_room1_mix0306,81,4,0,30,0,16.33
fold2_room1_mix0306,81,5,0,-45,8,9.32
fold2_room1_mix0306,82,4,0,46,-3,7.13
fold2_room1_mix0306,82,4,0,39,-2,9.84
fold2_room1_mix0306,82,5,0,-26,5,10.98
fold2_room1_mix0306,83,4,0,47,-3,7.70
fold2_room1_mix0306,83,4,0,41,-2,10.46
fold2_room1_mix0306,83,5,0,-38,6,10.51
fold2_room1_mix0306,84,4,0,43,-3,8.14
fold2_room1_mix0306,84,4,0,38,-2,10.76
fold2_room1_mix0306,84,5,0,-30,6,10.35
fold2_room1_mix0306,85,4,0,41,-2,10.36
fold2_room1_mix0306,85,5,0,-38,14,6.45
fold2_room1_mix0306,86,4,0,43,-2,10.80
fold2_room1_mix0306,86,5,0,-17,5,11.63
fold2_room1_mix0306,87,4,0,46,-3,10.35
fold2_room1_mix0306,87,5,0,-33,3,14.19
fold2_room1_mix0306,88,4,0,42,-2,11.29
fold2_room1_mix0306,88,5,0,-27,7,10.95
fold2_room1_mix0306,89,4,0,39,-1,11.30
fold2_room1_mix0306,89,5,0,-27,3,14.44
fold2_room1_mix0306,90,4,0,43,-2,10.98
fold2_room1_mix0306,90,5,0,-26,3,14.66
fold2_room1_mix0306,91,4,0,43,-2,11.08
fold2_room1_mix0306,91,5,0,-33,5,13.89
fold2_room1_mix0306,92,4,0,46,-3,8.32
fold2_room1_mix0306,92,4,0,40,-2,11.41
fold2_room1_mix0306,92,5,0,-30,6,12.60
fold2_room1_mix0306,93,4,0,40,-1,11.12
fold2_room1_mix0306,93,5,0,-31,8,8.84
fold2_room1_mix0306,94,4,0,42,-1,12.26
fold2_room1_mix0306,94,5,0,-34,4,13.55
fold2_room1_mix0306,95,4,0,35,-1,11.87
fold2_room1_mix0306,95,5,0,-44,8,10.37
fold2_room1_mix0306,96,4,0,39,0,12.51
fold2_room1_mix0306,96,5,0,-40,7,9.82
fold2_room1_mix0306,97,4,0,37,0,11.06
fold2_room1_mix0306,97,5,0,-45,9,8.24
fold2_room1_mix0306,98,4,0,33,0,11.54
fold2_room1_mix0306,98,5,0,-38,7,10.88
fold2_room1_mix0306,99,4,0,31,0,13.01
fold2_room1_mix0306,99,5,0,-48,8,8.45
fold2_room1_mix0315,0,0,0,-178,0,19.42
fold2_room1_mix0315,1,0,0,-177,0,78.72
fold2_room1_mix0315,2,0,0,-178,0,148.97
fold2_room1_mix0315,3,0,0,-179,0,402.89
fold2_room1_mix0315,4,0,0,-179,0,426.31
fold2_room1_mix0315,5,0,0,-178,0,327.53
fold2_room1_mix0315,6,0,0,-178,0,425.40
fold2_room1_mix0315,7,0,0,-178,0,375.49
fold2_room1_mix0315,8,0,0,-179,0,388.89
fold2_room1_mix0315,9,0,0,-178,0,428.74
fold2_room1_mix0315,10,0,0,-178,0,371.74
fold2_room1_mix0315,11,0,0,-179,0,393.37
fold2_room1_mix0315,12,0,0,-178,0,375.22
fold2_room1_mix0315,13,0,0,-178,0,328.08
fold2_room1_mix0315,14,0,0,-179,0,349.87
fold2_room1_mix0315,15,0,0,-178,0,327.15
fold2_room1_mix0315,16,0,0,-178,0,290.02
fold2_room1_mix0315,17,0,0,-179,0,331.82
fold2_room1_mix0315,18,0,0,-178,0,325.21
fold2_room1_mix0315,19,0,0,-179,0,288.32
fold2_room1_mix0315,20,0,0,-178,0,337.92
fold2_room1_mix0315,21,0,0,-178,0,364.58
fold2_room1_mix0315,22,0,0,-178,0,294.74
fold2_room1_mix0315,23,0,0,-178,0,298.51
fold2_room1_mix0315,24,0,0,-179,0,344.71
fold2_room1_mix0315,25,0,0,-179,0,325.22
fold2_room1_mix0315,26,0,0,-178,0,301.65
fold2_room1_mix0315,26,4,0,-146,0,3.09
fold2_room1_mix0315,27,0,0,-179,0,306.75
fold2_room1_mix0315,27,4,0,-150,0,7.66
fold2_room1_mix0315,28,0,0,-179,0,270.55
fold2_room1_mix0315,29,0,0,-179,0,295.55
fold2_room1_mix0315,29,4,0,-145,0,3.89
fold2_room1_mix0315,30,0,0,-179,0,303.01
fold2_room1_mix0315,30,4,0,-145,0,7.18
fold2_room1_mix0315,31,0,0,-179,0,267.57
fold2_room1_mix0315,31,4,0,-147,0,7.69
fold2_room1_mix0315,32,0,0,-179,0,296.37
fold2_room1_mix0315,32,4,0,-148,0,9.70
fold2_room1_mix0315,33,0,0,-179,0,336.93
fold2_room1_mix0315,33,4,0,-151,0,8.17
fold2_room1_mix0315,34,0,0,-179,0,277.71
fold2_room1_mix0315,34,4,0,-139,0,9.98
fold2_room1_mix0315,35,0,0,-179,0,289.78
fold2_room1_mix0315,35,4,0,-136,0,10.73
fold2_room1_mix0315,36,0,0,-179,0,311.51
fold2_room1_mix0315,36,4,0,-136,0,7.71
fold2_room1_mix0315,37,0,0,-179,0,323.39
fold2_room1_mix0315,37,4,0,-130,0,11.25
fold2_room1_mix0315,38,0,0,179,0,265.19
fold2_room1_mix0315,38,4,0,-129,0,10.13
fold2_room1_mix0315,39,0,0,-179,0,312.85
fold2_room1_mix0315,40,0,0,-178,0,287.19
fold2_room1_mix0315,40,4,0,-130,0,8.57
fold2_room1_mix0315,41,0,0,-178,0,294.28
fold2_room1_mix0315,41,4,0,-126,0,4.89
fold2_room1_mix0315,42,0,0,-178,0,294.05
fold2_room1_mix0315,42,4,0,-127,0,3.16
fold2_room1_mix0315,43,0,0,-178,0,293.76
fold2_room1_mix0315,43,4,0,-126,0,6.33
fold2_room1_mix0315,44,0,0,-178,0,278.37
fold2_room1_mix0315,44,4,0,-127,0,5.05
fold2_room1_mix0315,45,0,0,-178,0,291.68
fold2_room1_mix0315,45,4,0,-119,0,9.71
fold2_room1_mix0315,46,0,0,-178,0,304.59
fold2_room1_mix0315,46,4,0,-121,0,4.66
fold2_room1_mix0315,47,0,0,-178,0,265.15
fold2_room1_mix0315,47,4,0,-122,0,11.48
fold2_room1_mix0315,48,0,0,-178,0,270.95
fold2_room1_mix0315,48,4,0,-122,0,11.95
fold2_room1_mix0315,49,0,0,-179,0,301.43
fold2_room1_mix0315,49,4,0,-122,0,12.20
fold2_room1_mix0315,50,0,0,-179,0,288.42
fold2_room1_mix0315,50,4,0,-118,0,11.63
fold2_room1_mix0315,51,0,0,-179,0,267.53
fold2_room1_mix0315,51,4,0,-121,0,11.89
fold2_room1_mix0315,52,0,0,-179,0,296.36
fold2_room1_mix0315,52,4,0,-115,0,10.39
fold2_room1_mix0315,53,0,0,-179,0,284.36
fold2_room1_mix0315,53,4,0,-114,-1,11.12
fold2_room1_mix0315,54,0,0,-178,0,280.11
fold2_room1_mix0315,54,4,0,-116,0,9.85
fold2_room1_mix0315,55,0,0,-178,0,280.18
fold2_room1_mix0315,55,4,0,-114,0,10.17
fold2_room1_mix0315,56,0,0,-179,0,292.09
fold2_room1_mix0315,56,4,0,-114,0,9.82
fold2_room1_mix0315,57,0,0,-179,0,315.87
fold2_room1_mix0315,57,4,0,-107,0,10.10
fold2_room1_mix0315,58,0,0,-179,0,313.21
fold2_room1_mix0315,58,4,0,-109,-1,9.94
fold2_room1_mix0315,59,0,0,-179,0,294.44
fold2_room1_mix0315,59,4,0,-106,0,10.66
fold2_room1_mix0315,60,0,0,-179,0,278.35
fold2_room1_mix0315,60,4,0,-107,0,10.69
fold2_room1_mix0315,61,0,0,-179,0,270.95
fold2_room1_mix0315,61,4,0,-103,0,10.72
fold2_room1_mix0315,62,0,0,-179,0,308.22
fold2_room1_mix0315,62,4,0,-100,0,10.87
fold2_room1_mix0315,63,0,0,-179,0,275.25
fold2_room1_mix0315,63,4,0,-97,-1,10.92
fold2_room1_mix0315,64,0,0,-179,0,288.53
fold2_room1_mix0315,64,4,0,-97,0,9.99
fold2_room1_mix0315,65,0,0,-179,0,319.26
fold2_room1_mix0315,65,4,0,-94,-1,10.34
fold2_room1_mix0315,66,0,0,-178,0,283.07
fold2_room1_mix0315,66,4,0,-97,-1,9.53
fold2_room1_mix0315,67,0,0,-178,0,282.12
fold2_room1_mix0315,67,4,0,-95,-1,9.55
fold2_room1_mix0315,68,0,0,-178,0,295.47
fold2_room1_mix0315,68,4,0,-95,-1,9.38
fold2_room1_mix0315,69,0,0,-178,0,304.48
fold2_room1_mix0315,69,4,0,-93,-1,10.13
fold2_room1_mix0315,70,0,0,-178,0,290.93
fold2_room1_mix0315,70,4,0,-89,-1,9.65
fold2_room1_mix0315,71,0,0,-178,0,304.19
fold2_room1_mix0315,71,4,0,-90,-1,9.98
fold2_room1_mix0315,72,0,0,-179,0,307.20
fold2_room1_mix0315,72,4,0,-87,-1,10.77
fold2_room1_mix0315,73,0,0,-178,0,298.66
fold2_room1_mix0315,73,4,0,-82,-1,10.70
fold2_room1_mix0315,74,0,0,-179,0,290.80
fold2_room1_mix0315,74,4,0,-86,-1,10.86
fold2_room1_mix0315,75,0,0,-179,0,321.24
fold2_room1_mix0315,75,4,0,-80,-1,10.98
fold2_room1_mix0315,76,0,0,-179,0,303.54
fold2_room1_mix0315,76,4,0,-76,-1,11.63
fold2_room1_mix0315,77,0,0,-179,0,299.48
fold2_room1_mix0315,77,4,0,-77,-1,10.50
fold2_room1_mix0315,78,0,0,-179,0,316.08
fold2_room1_mix0315,78,4,0,-71,-1,11.56
fold2_room1_mix0315,79,0,0,-178,0,274.41
fold2_room1_mix0315,79,4,0,-75,-1,11.38
fold2_room1_mix0315,80,0,0,-178,0,258.44
fold2_room1_mix0315,80,4,0,-69,-1,10.71
fold2_room1_mix0315,81,0,0,-179,0,296.78
fold2_room1_mix0315,81,4,0,-72,-1,9.89
fold2_room1_mix0315,82,0,0,-178,0,281.51
fold2_room1_mix0315,82,4,0,-68,-1,10.40
fold2_room1_mix0315,83,0,0,-178,0,284.15
fold2_room1_mix0315,83,4,0,-66,-1,10.03
fold2_room1_mix0315,84,0,0,-179,0,306.78
fold2_room1_mix0315,84,4,0,-68,-1,9.85
fold2_room1_mix0315,85,0,0,-179,0,307.46
fold2_room1_mix0315,85,4,0,-63,-1,10.77
fold2_room1_mix0315,86,0,0,-178,0,276.39
fold2_room1_mix0315,86,4,0,-60,-1,10.82
fold2_room1_mix0315,87,0,0,-178,0,291.29
fold2_room1_mix0315,87,4,0,-60,-1,11.03
fold2_room1_mix0315,88,0,0,-179,0,313.74
fold2_room1_mix0315,88,4,0,-58,-1,10.82
fold2_room1_mix0315,89,0,0,-179,0,309.42
fold2_room1_mix0315,89,4,0,-57,-1,9.84
fold2_room1_mix0315,90,0,0,-179,0,316.67
fold2_room1_mix0315,90,4,0,-56,-1,10.22
fold2_room1_mix0315,91,0,0,-179,0,299.91
fold2_room1_mix0315,91,4,0,-53,-1,11.04
fold2_room1_mix0315,92,0,0,-179,0,271.92
fold2_room1_mix0315,92,4,0,-54,-1,10.56
fold2_room1_mix0315,93,0,0,-178,0,264.86
fold2_room1_mix0315,93,4,0,-56,-2,10.10
fold2_room1_mix0315,94,0,0,-179,0,286.64
fold2_room1_mix0315,94,4,0,-53,-1,10.56
fold2_room1_mix0315,95,0,0,-179,0,273.04
fold2_room1_mix0315,95,4,0,-52,-2,10.62
fold2_room1_mix0315,96,0,0,-179,0,288.01
fold2_room1_mix0315,96,4,0,-52,-2,7.84
fold2_room1_mix0315,97,0,0,-179,0,316.84
fold2_room1_mix0315,97,4,0,-51,-2,8.94
fold2_room1_mix0315,98,0,0,-179,0,289.07
fold2_room1_mix0315,98,4,0,-46,-2,10.80
fold2_room1_mix0315,99,0,0,-179,0,281.76
fold2_room1_mix0315,99,4,0,-43,-2,10.96
fold2_room1_mix0330,40,4,0,179,-1,7.56
fold2_room1_mix0330,41,4,0,179,0,15.35
fold2_room1_mix0330,42,4,0,-179,-1,15.71
fold2_room1_mix0330,43,4,0,-177,0,16.90
fold2_room1_mix0330,44,4,0,-177,-1,19.46
fold2_room1_mix0330,45,4,0,-179,-1,18.69
fold2_room1_mix0330,46,4,0,-178,-1,17.32
fold2_room1_mix0330,47,4,0,-176,-1,15.76
fold2_room1_mix0330,48,4,0,-178,-1,14.54
fold2_room1_mix0330,49,4,0,179,-1,13.39
fold2_room1_mix0330,50,4,0,-176,-1,12.50
fold2_room1_mix0330,51,4,0,-174,-1,11.68
fold2_room1_mix0330,52,4,0,-175,-1,10.88
fold2_room1_mix0330,53,4,0,-176,-2,10.21
fold2_room1_mix0330,54,4,0,-173,-2,8.98
fold2_room1_mix0330,55,4,0,-174,-2,8.17
fold2_room1_mix0330,56,4,0,-174,-3,7.58
fold2_room1_mix0330,57,4,0,-173,-3,6.90
fold2_room1_mix0330,58,4,0,-171,-3,6.38
fold2_room1_mix0330,59,4,0,-171,-2,5.36
fold2_room1_mix0330,60,4,0,-169,-3,4.72
fold2_room1_mix0330,61,4,0,-165,-4,4.07
fold2_room1_mix0330,62,4,0,-161,-5,3.09
fold2_room1_mix0330,63,4,0,-156,-7,2.47
fold2_room1_mix0330,64,4,0,-145,-8,1.90
fold2_room1_mix0330,65,4,0,-116,-13,1.32
fold2_room1_mix0330,66,4,0,-63,-12,1.05
fold2_room1_mix0330,67,4,0,-38,-8,1.35
fold2_room1_mix0330,68,4,0,-20,-5,2.31
fold2_room1_mix0330,69,4,0,-16,-4,3.07
fold2_room1_mix0330,70,4,0,-14,-3,3.90
fold2_room1_mix0330,71,4,0,-11,-3,4.61
fold2_room1_mix0330,72,4,0,-9,-2,5.57
fold2_room1_mix0330,73,4,0,-8,-2,6.56
fold2_room1_mix0330,74,4,0,-7,-1,7.03
fold2_room1_mix0330,75,4,0,-6,-1,7.93
fold2_room1_mix0330,76,4,0,-6,-1,8.09
fold2_room1_mix0330,77,4,0,-5,-1,9.19
fold2_room1_mix0330,78,4,0,-5,-1,9.76
fold2_room1_mix0330,79,4,0,-3,-1,10.74
fold2_room1_mix0330,80,4,0,-3,-1,11.49
fold2_room1_mix0330,81,4,0,-3,-1,12.13
fold2_room1_mix0330,82,4,0,-4,-1,13.35
fold2_room1_mix0330,83,4,0,-4,0,13.87
fold2_room1_mix0330,84,4,0,-4,0,15.08
fold2_room1_mix0330,85,4,0,-4,-1,15.13
fold2_room1_mix0330,86,4,0,-4,0,15.50
fold2_room1_mix0330,87,4,0,-4,0,15.33
fold2_room1_mix0330,88,4,0,-4,-1,17.56
fold2_room1_mix0330,89,4,0,-4,0,17.00
fold2_room1_mix0330,90,4,0,-4,-1,18.88
fold2_room1_mix0330,91,4,0,-2,-1,10.29
fold2_room1_mix0330,92,4,0,0,-1,6.33
fold2_room1_mix0331,18,4,0,-179,0,9.15
fold2_room1_mix0331,19,4,0,179,0,16.56
fold2_room1_mix0331,20,4,0,177,0,21.80
fold2_room1_mix0331,21,4,0,176,0,22.02
fold2_room1_mix0331,22,4,0,175,0,23.00
fold2_room1_mix0331,23,4,0,177,0,27.01
fold2_room1_mix0331,24,4,0,176,0,26.86
fold2_room1_mix0331,25,4,0,177,0,25.14
fold2_room1_mix0331,26,4,0,176,0,25.73
fold2_room1_mix0331,27,4,0,178,0,24.04
fold2_room1_mix0331,28,1,0,9,-1,11.63
fold2_room1_mix0331,28,4,0,175,-1,21.91
fold2_room1_mix0331,29,1,0,22,-1,23.09
fold2_room1_mix0331,29,4,0,178,-1,22.93
fold2_room1_mix0331,30,1,0,19,-1,10.81
fold2_room1_mix0331,30,4,0,177,-1,22.53
fold2_room1_mix0331,30,4,0,-5,-1,29.89
fold2_room1_mix0331,31,4,0,-178,-1,23.84
fold2_room1_mix0331,32,4,0,179,-1,21.40
fold2_room1_mix0331,32,4,0,-7,-1,31.91
fold2_room1_mix0331,33,4,0,175,0,19.20
fold2_room1_mix0331,33,4,0,-13,0,26.93
fold2_room1_mix0331,34,4,0,177,0,17.95
fold2_room1_mix0331,34,4,0,-16,0,24.66
fold2_room1_mix0331,35,4,0,177,-1,16.30
fold2_room1_mix0331,35,4,0,-25,0,22.32
fold2_room1_mix0331,36,4,0,178,0,16.02
fold2_room1_mix0331,36,4,0,-19,-1,21.01
fold2_room1_mix0331,37,4,0,178,-1,15.20
fold2_room1_mix0331,37,4,0,-23,-1,19.78
fold2_room1_mix0331,38,4,0,179,-1,14.03
fold2_room1_mix0331,38,4,0,-19,-1,18.95
fold2_room1_mix0331,39,4,0,-179,-1,13.76
fold2_room1_mix0331,39,4,0,-24,-1,18.30
fold2_room1_mix0331,40,4,0,178,-1,12.94
fold2_room1_mix0331,40,4,0,-19,-1,18.15
fold2_room1_mix0331,41,4,0,178,-2,11.05
fold2_room1_mix0331,41,4,0,-19,-1,18.38
fold2_room1_mix0331,42,4,0,179,-2,10.69
fold2_room1_mix0331,42,4,0,-19,-1,19.49
fold2_room1_mix0331,43,4,0,177,-3,8.77
fold2_room1_mix0331,43,4,0,-25,-1,19.01
fold2_room1_mix0331,44,4,0,179,-3,8.19
fold2_room1_mix0331,44,4,0,-26,-1,17.54
fold2_room1_mix0331,45,4,0,178,-4,7.31
fold2_room1_mix0331,45,4,0,-27,0,17.88
fold2_room1_mix0331,46,4,0,178,-5,5.80
fold2_room1_mix0331,46,4,0,-33,0,15.65
fold2_room1_mix0331,47,4,0,179,-5,5.52
fold2_room1_mix0331,47,4,0,-30,0,16.14
fold2_room1_mix0331,48,4,0,176,-5,5.37
fold2_room1_mix0331,48,4,0,-34,0,15.46
fold2_room1_mix0331,49,4,0,175,-6,4.51
fold2_room1_mix0331,49,4,0,-36,0,14.05
fold2_room1_mix0331,50,4,0,173,-6,3.77
fold2_room1_mix0331,50,4,0,-39,0,13.43
fold2_room1_mix0331,51,4,0,167,-7,3.24
fold2_room1_mix0331,51,4,0,-37,0,15.04
fold2_room1_mix0331,52,4,0,163,-8,2.94
fold2_room1_mix0331,52,4,0,-40,0,14.20
fold2_room1_mix0331,53,4,0,147,-11,1.61
fold2_room1_mix0331,53,4,0,165,-9,3.50
fold2_room1_mix0331,53,4,0,-39,0,15.62
fold2_room1_mix0331,54,4,0,119,-14,1.05
fold2_room1_mix0331,54,4,0,142,-14,2.82
fold2_room1_mix0331,54,4,0,-38,0,17.42
fold2_room1_mix0331,55,4,0,74,-15,0.85
fold2_room1_mix0331,55,4,0,-33,0,16.99
fold2_room1_mix0331,56,4,0,42,-10,1.25
fold2_room1_mix0331,56,4,0,18,-10,4.84
fold2_room1_mix0331,56,4,0,-28,0,14.99
fold2_room1_mix0331,57,4,0,33,-8,1.79
fold2_room1_mix0331,57,4,0,-26,-1,9.27
fold2_room1_mix0331,58,4,0,22,-6,2.48
fold2_room1_mix0331,58,4,0,-79,0,11.38
fold2_room1_mix0331,58,4,0,-4,-5,5.93
fold2_room1_mix0331,59,4,0,21,-6,2.94
fold2_room1_mix0331,59,4,0,-53,0,11.73
fold2_room1_mix0331,59,4,0,-3,-5,6.17
fold2_room1_mix0331,60,4,0,9,-4,4.09
fold2_room1_mix0331,60,4,0,4,-4,5.26
fold2_room1_mix0331,61,4,0,2,-3,5.68
fold2_room1_mix0331,61,4,0,4,-3,5.97
fold2_room1_mix0331,62,4,0,4,-4,5.55
fold2_room1_mix0331,62,4,0,4,-3,6.26
fold2_room1_mix0331,63,4,0,5,-4,6.38
fold2_room1_mix0331,63,4,0,4,-3,6.95
fold2_room1_mix0331,64,4,0,-2,-3,7.32
fold2_room1_mix0331,64,4,0,1,-3,7.49
fold2_room1_mix0331,65,4,0,0,-3,8.43
fold2_room1_mix0331,65,4,0,3,-3,8.56
fold2_room1_mix0331,66,4,0,0,-3,8.82
fold2_room1_mix0331,66,4,0,2,-3,8.83
fold2_room1_mix0331,67,4,0,0,-3,10.16
fold2_room1_mix0331,67,4,0,2,-3,9.99
fold2_room1_mix0331,68,4,0,-2,-2,10.91
fold2_room1_mix0331,68,4,0,0,-2,10.53
fold2_room1_mix0331,69,4,0,-1,-2,10.72
fold2_room1_mix0331,69,4,0,1,-3,10.25
fold2_room1_mix0331,70,4,0,-2,-2,11.65
fold2_room1_mix0331,70,4,0,0,-2,11.10
fold2_room1_mix0331,71,4,0,-4,-2,12.04
fold2_room1_mix0331,71,4,0,-1,-2,11.28
fold2_room1_mix0331,72,4,0,-4,-2,12.06
fold2_room1_mix0331,72,4,0,-2,-2,11.29
fold2_room1_mix0331,73,4,0,-5,-2,12.41
fold2_room1_mix0331,73,4,0,-2,-2,11.28
fold2_room1_mix0331,74,4,0,-8,-2,12.21
fold2_room1_mix0331,74,4,0,-5,-2,11.15
fold2_room1_mix0331,75,4,0,-8,-2,10.91
fold2_room1_mix0331,75,4,0,-5,-3,9.97
fold2_room1_mix0331,76,4,0,-16,-3,8.98
fold2_room1_mix0331,76,4,0,-9,-3,8.74
fold2_room1_mix0331,77,4,0,-28,-5,8.05
fold2_room1_mix0331,77,4,0,-122,-2,12.22
fold2_room1_mix0331,77,4,0,-4,-3,9.60
fold2_room1_mix0331,78,4,0,-33,-5,6.97
fold2_room1_mix0331,78,4,0,-121,-2,11.88
fold2_room1_mix0331,78,4,0,-5,-3,9.27
fold2_room1_mix0331,79,4,0,-64,-7,4.92
fold2_room1_mix0331,79,4,0,-122,-2,11.61
fold2_room1_mix0331,79,4,0,-2,-2,10.02
fold2_room1_mix0331,80,4,0,-72,-7,4.32
fold2_room1_mix0331,80,4,0,-122,-2,11.16
fold2_room1_mix0331,80,4,0,-1,-1,12.09
fold2_room1_mix0331,81,4,0,-85,-8,3.81
fold2_room1_mix0331,81,4,0,-119,-2,10.38
fold2_room1_mix0331,81,4,0,1,-1,13.01
fold2_room1_mix0331,82,4,0,-93,-8,3.78
fold2_room1_mix0331,82,4,0,-128,-3,9.51
fold2_room1_mix0331,82,4,0,3,-1,14.93
fold2_room1_mix0331,83,4,0,-100,-8,3.76
fold2_room1_mix0331,83,4,0,-127,-3,9.06
fold2_room1_mix0331,83,4,0,0,0,16.76
fold2_room1_mix0331,84,4,0,-110,-6,4.24
fold2_room1_mix0331,84,4,0,-136,-3,9.48
fold2_room1_mix0331,84,4,0,3,0,17.61
fold2_room1_mix0331,85,4,0,-126,-5,6.23
fold2_room1_mix0331,85,4,0,-2,0,18.04
fold2_room1_mix0331,86,4,0,-130,-4,7.08
fold2_room1_mix0331,86,4,0,-2,0,17.79
fold2_room1_mix0331,87,4,0,-137,-4,7.75
fold2_room1_mix0331,87,4,0,-6,0,19.79
fold2_room1_mix0331,88,4,0,-141,-4,6.94
fold2_room1_mix0331,88,4,0,-12,0,20.46
fold2_room1_mix0331,89,4,0,-143,-4,7.42
fold2_room1_mix0331,89,4,0,-4,0,23.14
fold2_room1_mix0331,90,4,0,-146,-4,7.90
fold2_room1_mix0331,90,4,0,-10,0,23.73
fold2_room1_mix0331,91,4,0,-150,-4,8.00
fold2_room1_mix0331,91,4,0,-12,0,22.93
fold2_room1_mix0331,92,4,0,-150,-4,8.45
fold2_room1_mix0331,92,4,0,-13,0,25.41
fold2_room1_mix0331,93,4,0,-154,-4,8.75
fold2_room1_mix0331,93,4,0,-16,0,23.85
fold2_room1_mix0331,94,4,0,-157,-3,9.34
fold2_room1_mix0331,94,4,0,-33,-2,19.70
fold2_room1_mix0331,95,4,0,-156,-3,9.77
fold2_room1_mix0331,95,4,0,-21,-1,22.33
fold2_room1_mix0331,96,4,0,-160,-3,10.03
fold2_room1_mix0331,97,4,0,-156,-3,10.08
fold2_room1_mix0331,98,4,0,-158,-3,11.30
fold2_room1_mix0331,99,4,0,-159,-3,10.72
fold2_room1_mix0331,17,4,0,-179,0,5.22
fold2_room1_mix0334,0,2,0,-12,-1,12.41
fold2_room1_mix0334,1,2,0,11,-1,13.59
fold2_room1_mix0334,2,2,0,-11,-1,12.05
fold2_room1_mix0334,3,2,0,-19,-1,14.74
fold2_room1_mix0334,4,2,0,-26,-1,14.41
fold2_room1_mix0334,5,2,0,-31,-2,8.39
fold2_room1_mix0334,9,2,0,-55,-2,10.76
fold2_room1_mix0334,10,2,0,-37,-2,14.78
fold2_room1_mix0334,11,2,0,-44,-2,14.86
fold2_room1_mix0334,12,2,0,-44,-2,13.83
fold2_room1_mix0334,13,2,0,-40,-2,13.61
fold2_room1_mix0334,14,2,0,-43,-2,14.01
fold2_room1_mix0334,19,2,0,-47,-2,12.73
fold2_room1_mix0334,20,2,0,-48,-2,14.21
fold2_room1_mix0334,21,2,0,-52,-2,12.04
fold2_room1_mix0334,22,2,0,-54,-2,10.98
fold2_room1_mix0334,23,2,0,-54,-2,11.34
fold2_room1_mix0334,24,4,0,0,-1,7.94
fold2_room1_mix0334,25,4,0,1,-1,12.62
fold2_room1_mix0334,26,4,0,0,-1,17.02
fold2_room1_mix0334,27,4,0,0,-1,18.07
fold2_room1_mix0334,28,2,0,-56,-2,9.77
fold2_room1_mix0334,28,4,0,2,-1,18.17
fold2_room1_mix0334,29,2,0,-59,-2,10.82
fold2_room1_mix0334,29,4,0,0,-1,16.94
fold2_room1_mix0334,30,2,0,-61,-2,11.09
fold2_room1_mix0334,30,4,0,2,-1,13.90
fold2_room1_mix0334,31,2,0,-67,-3,9.71
fold2_room1_mix0334,31,4,0,4,-2,18.07
fold2_room1_mix0334,32,2,0,-64,-3,10.47
fold2_room1_mix0334,32,4,0,0,-1,17.27
fold2_room1_mix0334,33,4,0,2,-1,18.67
fold2_room1_mix0334,34,4,0,4,-1,17.42
fold2_room1_mix0334,35,4,0,2,-1,16.47
fold2_room1_mix0334,36,4,0,0,-1,16.06
fold2_room1_mix0334,37,2,0,-67,-3,8.32
fold2_room1_mix0334,37,4,0,0,-1,16.11
fold2_room1_mix0334,38,2,0,-73,-3,9.40
fold2_room1_mix0334,38,4,0,4,-2,14.90
fold2_room1_mix0334,39,2,0,-71,-3,9.84
fold2_room1_mix0334,39,4,0,6,-1,15.29
fold2_room1_mix0334,40,2,0,-77,-4,9.67
fold2_room1_mix0334,40,4,0,6,-1,13.95
fold2_room1_mix0334,41,2,0,-73,-3,9.96
fold2_room1_mix0334,41,4,0,6,-2,12.97
fold2_room1_mix0334,42,2,0,-78,-3,7.69
fold2_room1_mix0334,42,4,0,7,-1,13.21
fold2_room1_mix0334,43,4,0,8,-1,13.29
fold2_room1_mix0334,44,4,0,7,-1,12.24
fold2_room1_mix0334,45,4,0,9,-1,11.68
fold2_room1_mix0334,46,4,0,7,-1,11.75
fold2_room1_mix0334,47,2,0,-77,-3,8.50
fold2_room1_mix0334,47,4,0,7,-2,10.80
fold2_room1_mix0334,48,2,0,-78,-3,9.13
fold2_room1_mix0334,48,4,0,10,-2,10.49
fold2_room1_mix0334,49,2,0,-80,-3,8.88
fold2_room1_mix0334,49,4,0,9,-2,9.97
fold2_room1_mix0334,50,2,0,-83,-3,8.76
fold2_room1_mix0334,50,4,0,8,-2,9.48
fold2_room1_mix0334,51,2,0,-85,-3,8.43
fold2_room1_mix0334,51,4,0,8,-2,9.50
fold2_room1_mix0334,52,4,0,11,-2,9.22
fold2_room1_mix0334,53,4,0,10,-2,8.81
fold2_room1_mix0334,54,4,0,11,-2,8.70
fold2_room1_mix0334,55,4,0,10,-2,8.25
fold2_room1_mix0334,56,2,0,-85,-3,8.63
fold2_room1_mix0334,56,4,0,11,-3,7.77
fold2_room1_mix0334,57,2,0,-86,-3,9.59
fold2_room1_mix0334,57,4,0,11,-3,7.47
fold2_room1_mix0334,58,2,0,-92,-3,9.85
fold2_room1_mix0334,58,4,0,10,-3,6.65
fold2_room1_mix0334,59,2,0,-93,-4,9.13
fold2_room1_mix0334,59,4,0,11,-3,6.38
fold2_room1_mix0334,60,2,0,-97,-3,9.82
fold2_room1_mix0334,60,4,0,11,-3,6.30
fold2_room1_mix0334,61,4,0,15,-3,6.12
fold2_room1_mix0334,62,4,0,15,-3,5.98
fold2_room1_mix0334,63,4,0,16,-3,5.54
fold2_room1_mix0334,64,4,0,17,-4,4.71
fold2_room1_mix0334,65,2,0,-107,-3,10.05
fold2_room1_mix0334,65,4,0,18,-4,4.52
fold2_room1_mix0334,66,2,0,-111,-2,10.38
fold2_room1_mix0334,66,4,0,19,-5,4.16
fold2_room1_mix0334,67,2,0,-112,-2,10.13
fold2_room1_mix0334,67,4,0,23,-5,3.60
fold2_room1_mix0334,68,2,0,-121,-2,10.13
fold2_room1_mix0334,68,4,0,23,-6,3.19
fold2_room1_mix0334,69,2,0,-116,-2,10.27
fold2_room1_mix0334,69,4,0,26,-7,2.98
fold2_room1_mix0334,70,2,0,-114,-2,7.53
fold2_room1_mix0334,70,4,0,33,-7,2.68
fold2_room1_mix0334,71,4,0,37,-9,2.49
fold2_room1_mix0334,72,4,0,43,-10,2.15
fold2_room1_mix0334,73,4,0,54,-11,1.88
fold2_room1_mix0334,74,2,0,-128,-2,9.25
fold2_room1_mix0334,74,4,0,70,-14,1.69
fold2_room1_mix0334,75,2,0,-130,-1,10.94
fold2_room1_mix0334,75,4,0,86,-14,1.58
fold2_room1_mix0334,76,2,0,-130,-1,10.91
fold2_room1_mix0334,76,4,0,100,-14,1.55
fold2_room1_mix0334,77,2,0,-132,-2,10.00
fold2_room1_mix0334,77,4,0,117,-12,1.69
fold2_room1_mix0334,78,2,0,-130,-2,10.15
fold2_room1_mix0334,78,4,0,125,-11,2.05
fold2_room1_mix0334,79,2,0,-132,-1,11.21
fold2_room1_mix0334,79,4,0,136,-9,2.33
fold2_room1_mix0334,80,4,0,143,-8,2.57
fold2_room1_mix0334,81,4,0,148,-7,2.95
fold2_room1_mix0334,82,4,0,151,-6,3.18
fold2_room1_mix0334,83,4,0,154,-6,3.42
fold2_room1_mix0334,84,2,0,-138,-1,13.28
fold2_room1_mix0334,84,4,0,158,-5,3.70
fold2_room1_mix0334,85,2,0,-138,-1,13.29
fold2_room1_mix0334,85,4,0,159,-5,3.98
fold2_room1_mix0334,86,2,0,-141,-1,13.50
fold2_room1_mix0334,86,4,0,163,-5,4.46
fold2_room1_mix0334,87,2,0,-145,-1,14.41
fold2_room1_mix0334,87,4,0,164,-3,5.38
fold2_room1_mix0334,88,2,0,-143,-1,13.87
fold2_room1_mix0334,88,4,0,166,-3,5.73
fold2_room1_mix0334,89,4,0,166,-3,6.13
fold2_room1_mix0334,90,4,0,167,-3,6.94
fold2_room1_mix0334,91,4,0,166,-3,7.05
fold2_room1_mix0334,92,4,0,168,-3,7.11
fold2_room1_mix0334,93,2,0,-145,-2,6.91
fold2_room1_mix0334,93,4,0,167,-3,7.72
fold2_room1_mix0334,94,2,0,-146,-1,14.92
fold2_room1_mix0334,94,4,0,170,-3,8.05
fold2_room1_mix0334,95,2,0,-152,-1,14.36
fold2_room1_mix0334,95,4,0,170,-3,8.22
fold2_room1_mix0334,96,2,0,-152,-2,13.94
fold2_room1_mix0334,96,4,0,172,-2,8.73
fold2_room1_mix0334,97,2,0,-149,-1,14.96
fold2_room1_mix0334,97,4,0,172,-2,9.21
fold2_room1_mix0334,98,2,0,-150,-1,7.48
fold2_room1_mix0334,98,4,0,171,-2,9.71
fold2_room1_mix0334,99,4,0,171,-2,9.80
fold2_room1_mix0355,13,1,0,-1,-1,15.49
fold2_room1_mix0355,14,1,0,-7,-1,29.20
fold2_room1_mix0355,15,1,0,-6,-1,28.55
fold2_room1_mix0355,16,1,0,-6,-1,29.60
fold2_room1_mix0355,17,1,0,-6,-1,34.40
fold2_room1_mix0355,18,1,0,-9,-1,29.67
fold2_room1_mix0355,19,1,0,-8,-1,31.50
fold2_room1_mix0355,20,1,0,-2,-1,31.38
fold2_room1_mix0355,20,3,0,75,-1,4.11
fold2_room1_mix0355,21,1,0,-8,-1,3.93
fold2_room1_mix0355,21,3,0,72,-3,13.42
fold2_room1_mix0355,22,3,0,85,-3,13.22
fold2_room1_mix0355,23,1,0,-7,-1,15.08
fold2_room1_mix0355,23,3,0,79,-2,3.99
fold2_room1_mix0355,24,1,0,-5,-1,17.76
fold2_room1_mix0355,24,3,0,64,-2,4.46
fold2_room1_mix0355,25,1,0,-8,-1,18.70
fold2_room1_mix0355,25,3,0,74,-2,4.27
fold2_room1_mix0355,26,1,0,-8,-1,15.60
fold2_room1_mix0355,26,3,0,81,-2,2.89
fold2_room1_mix0355,27,1,0,-10,-1,16.20
fold2_room1_mix0355,27,3,0,76,-2,2.42
fold2_room1_mix0355,28,1,0,-13,-1,14.13
fold2_room1_mix0355,29,1,0,-15,-2,11.64
fold2_room1_mix0355,30,1,0,-18,-2,10.28
fold2_room1_mix0355,30,4,0,4,-1,3.66
fold2_room1_mix0355,31,1,0,-21,-2,9.61
fold2_room1_mix0355,34,1,0,-39,-2,5.29
fold2_room1_mix0355,35,1,0,-59,-2,4.90
fold2_room1_mix0355,36,1,0,-84,-3,4.26
fold2_room1_mix0355,37,1,0,-95,-2,4.62
fold2_room1_mix0355,38,1,0,-111,-3,4.59
fold2_room1_mix0355,39,1,0,-126,-2,5.21
fold2_room1_mix0355,40,1,0,-139,-2,4.64
fold2_room1_mix0355,41,1,0,-147,-2,5.49
fold2_room1_mix0355,41,4,0,-4,-2,1.77
fold2_room1_mix0355,42,1,0,-149,-2,5.27
fold2_room1_mix0355,43,1,0,-154,-2,3.38
fold2_room1_mix0355,44,3,0,108,-2,8.55
fold2_room1_mix0355,45,3,0,108,-3,9.99
fold2_room1_mix0355,46,3,0,113,-3,10.61
fold2_room1_mix0355,64,4,0,-1,0,4.86
fold2_room1_mix0355,65,4,0,0,-1,11.17
fold2_room1_mix0355,66,4,0,-3,-1,12.50
fold2_room1_mix0355,67,4,0,-1,-1,15.12
fold2_room1_mix0355,68,4,0,-3,-1,16.60
fold2_room1_mix0355,69,4,0,-2,-1,14.89
fold2_room1_mix0355,70,4,0,-1,-2,15.28
fold2_room1_mix0355,71,4,0,-2,-2,14.43
fold2_room1_mix0355,72,4,0,-4,-2,12.68
fold2_room1_mix0355,73,4,0,-2,-2,12.02
fold2_room1_mix0355,74,4,0,-8,-2,11.44
fold2_room1_mix0355,75,4,0,-6,-2,10.22
fold2_room1_mix0355,76,4,0,-9,-3,8.97
fold2_room1_mix0355,77,4,0,-10,-3,7.71
fold2_room1_mix0355,78,4,0,-12,-4,6.57
fold2_room1_mix0355,79,4,0,-13,-4,5.43
fold2_room1_mix0355,80,4,0,-16,-5,4.63
fold2_room1_mix0355,81,4,0,-19,-6,3.86
fold2_room1_mix0355,82,4,0,-23,-8,2.93
fold2_room1_mix0355,83,4,0,-30,-11,2.21
fold2_room1_mix0355,84,4,0,-43,-15,1.59
fold2_room1_mix0355,85,4,0,-69,-23,1.18
fold2_room1_mix0355,86,4,0,-100,-23,1.12
fold2_room1_mix0355,87,4,0,-133,-19,1.26
fold2_room1_mix0355,88,4,0,-146,-11,1.69
fold2_room1_mix0355,89,4,0,-156,-8,2.69
fold2_room1_mix0355,90,4,0,-158,-7,3.33
fold2_room1_mix0355,91,4,0,-162,-5,4.15
fold2_room1_mix0355,92,4,0,-165,-4,5.34
fold2_room1_mix0355,93,4,0,-167,-4,5.68
fold2_room1_mix0355,94,4,0,-169,-3,6.75
fold2_room1_mix0355,95,4,0,-169,-3,7.42
fold2_room1_mix0355,96,4,0,-170,-3,8.35
fold2_room1_mix0355,97,4,0,-172,-3,8.95
fold2_room1_mix0355,98,4,0,-171,-2,10.19
fold2_room1_mix0355,99,4,0,-172,-2,11.16
fold2_room1_mix0358,1,4,0,-178,1,2.76
fold2_room1_mix0358,2,4,0,-178,0,4.86
fold2_room1_mix0358,3,4,0,178,0,21.84
fold2_room1_mix0358,4,4,0,179,0,18.25
fold2_room1_mix0358,4,4,0,3,0,22.88
fold2_room1_mix0358,5,4,0,-179,0,20.40
fold2_room1_mix0358,5,4,0,4,0,24.95
fold2_room1_mix0358,6,4,0,-179,0,23.91
fold2_room1_mix0358,6,4,0,3,0,31.20
fold2_room1_mix0358,7,4,0,-179,0,29.86
fold2_room1_mix0358,7,4,0,2,-1,38.94
fold2_room1_mix0358,8,4,0,-179,0,28.74
fold2_room1_mix0358,8,4,0,2,0,38.96
fold2_room1_mix0358,9,4,0,-179,0,29.06
fold2_room1_mix0358,9,4,0,2,0,39.05
fold2_room1_mix0358,10,4,0,-179,0,29.15
fold2_room1_mix0358,10,4,0,4,-1,39.47
fold2_room1_mix0358,11,4,0,-179,0,29.87
fold2_room1_mix0358,11,4,0,2,-1,39.77
fold2_room1_mix0358,12,4,0,-179,0,28.89
fold2_room1_mix0358,12,4,0,4,0,39.87
fold2_room1_mix0358,13,4,0,-178,0,28.19
fold2_room1_mix0358,13,4,0,3,-1,38.68
fold2_room1_mix0358,14,4,0,-179,0,27.04
fold2_room1_mix0358,14,4,0,3,-1,37.25
fold2_room1_mix0358,15,4,0,-179,0,27.93
fold2_room1_mix0358,15,4,0,2,-1,38.45
fold2_room1_mix0358,16,4,0,-179,0,25.63
fold2_room1_mix0358,16,4,0,2,-1,36.74
fold2_room1_mix0358,17,4,0,-179,0,23.85
fold2_room1_mix0358,17,4,0,0,-1,33.12
fold2_room1_mix0358,18,4,0,178,0,25.21
fold2_room1_mix0358,18,4,0,2,0,36.00
fold2_room1_mix0358,19,4,0,179,-1,21.33
fold2_room1_mix0358,19,4,0,2,-1,31.91
fold2_room1_mix0358,20,4,0,-179,-1,21.33
fold2_room1_mix0358,20,4,0,2,-1,34.79
fold2_room1_mix0358,21,4,0,-179,-1,20.94
fold2_room1_mix0358,21,4,0,3,-1,33.08
fold2_room1_mix0358,22,4,0,179,-1,21.09
fold2_room1_mix0358,22,4,0,3,-1,34.58
fold2_room1_mix0358,23,4,0,-179,-1,18.98
fold2_room1_mix0358,23,4,0,2,-1,33.23
fold2_room1_mix0358,24,4,0,-179,-1,18.11
fold2_room1_mix0358,24,4,0,3,-1,33.54
fold2_room1_mix0358,25,4,0,-179,-1,18.70
fold2_room1_mix0358,25,4,0,4,-1,34.54
fold2_room1_mix0358,26,4,0,-179,-1,17.85
fold2_room1_mix0358,26,4,0,2,-1,33.15
fold2_room1_mix0358,27,4,0,-178,-2,15.42
fold2_room1_mix0358,27,4,0,3,-1,32.61
fold2_room1_mix0358,28,4,0,-179,-2,15.48
fold2_room1_mix0358,28,4,0,4,-1,34.78
fold2_room1_mix0358,29,4,0,-177,-2,13.97
fold2_room1_mix0358,29,4,0,3,-1,32.63
fold2_room1_mix0358,30,4,0,-177,-2,12.79
fold2_room1_mix0358,30,4,0,2,-1,32.17
fold2_room1_mix0358,31,4,0,-177,-3,11.56
fold2_room1_mix0358,31,4,0,2,-1,34.30
fold2_room1_mix0358,32,4,0,-177,-3,11.52
fold2_room1_mix0358,32,4,0,3,-1,33.66
fold2_room1_mix0358,33,4,0,-178,-3,10.83
fold2_room1_mix0358,33,4,0,3,-1,34.49
fold2_room1_mix0358,34,4,0,-176,-3,10.23
fold2_room1_mix0358,34,4,0,5,0,34.40
fold2_room1_mix0358,35,4,0,-177,-4,9.70
fold2_room1_mix0358,35,4,0,4,0,33.18
fold2_room1_mix0358,36,4,0,-175,-5,8.01
fold2_room1_mix0358,36,4,0,6,-1,31.07
fold2_room1_mix0358,37,4,0,-176,-5,7.02
fold2_room1_mix0358,37,4,0,5,-1,30.92
fold2_room1_mix0358,38,4,0,-176,-5,6.89
fold2_room1_mix0358,38,4,0,5,-1,29.94
fold2_room1_mix0358,39,4,0,-175,-7,6.10
fold2_room1_mix0358,39,4,0,6,-1,31.45
fold2_room1_mix0358,40,4,0,-176,-7,5.20
fold2_room1_mix0358,40,4,0,5,-1,29.38
fold2_room1_mix0358,41,4,0,-176,-9,4.60
fold2_room1_mix0358,41,4,0,9,-1,28.91
fold2_room1_mix0358,42,4,0,-175,-10,4.18
fold2_room1_mix0358,42,4,0,10,-1,28.85
fold2_room1_mix0358,43,4,0,-165,-16,2.48
fold2_room1_mix0358,43,4,0,177,-14,3.96
fold2_room1_mix0358,43,4,0,12,-3,28.42
fold2_room1_mix0358,44,4,0,-156,-22,1.81
fold2_room1_mix0358,44,4,0,178,-18,4.16
fold2_room1_mix0358,44,4,0,14,-4,31.40
fold2_room1_mix0358,45,4,0,-143,-31,1.31
fold2_room1_mix0358,45,4,0,-176,-27,3.40
fold2_room1_mix0358,45,4,0,14,-8,31.10
fold2_room1_mix0358,46,4,0,-108,-39,0.93
fold2_room1_mix0358,46,4,0,-170,-46,3.12
fold2_room1_mix0358,46,4,0,14,-12,34.61
fold2_room1_mix0358,47,4,0,-66,-36,0.79
fold2_room1_mix0358,47,4,0,163,-51,4.12
fold2_room1_mix0358,47,4,0,14,-12,28.58
fold2_room1_mix0358,48,4,0,-35,-24,1.27
fold2_room1_mix0358,48,4,0,10,-8,25.37
fold2_room1_mix0358,49,4,0,-23,-19,1.70
fold2_room1_mix0358,49,4,0,167,-17,9.75
fold2_room1_mix0358,49,4,0,8,-7,19.70
fold2_room1_mix0358,50,4,0,-17,-15,2.34
fold2_room1_mix0358,50,4,0,175,-9,10.87
fold2_room1_mix0358,50,4,0,7,-6,16.76
fold2_room1_mix0358,51,4,0,-12,-13,2.88
fold2_room1_mix0358,51,4,0,172,-6,11.88
fold2_room1_mix0358,51,4,0,7,-6,14.42
fold2_room1_mix0358,52,4,0,0,-10,4.39
fold2_room1_mix0358,52,4,0,0,-7,8.01
fold2_room1_mix0358,53,4,0,-1,-9,4.47
fold2_room1_mix0358,53,4,0,0,-7,7.63
fold2_room1_mix0358,54,4,0,4,-7,5.62
fold2_room1_mix0358,54,4,0,2,-6,7.61
fold2_room1_mix0358,55,4,0,1,-6,5.74
fold2_room1_mix0358,55,4,0,0,-5,7.55
fold2_room1_mix0358,56,4,0,3,-6,6.44
fold2_room1_mix0358,56,4,0,2,-5,7.25
fold2_room1_mix0358,57,4,0,3,-5,7.65
fold2_room1_mix0358,57,4,0,1,-4,8.13
fold2_room1_mix0358,58,4,0,1,-5,7.00
fold2_room1_mix0358,58,4,0,0,-4,8.04
fold2_room1_mix0358,59,4,0,1,-4,8.25
fold2_room1_mix0358,59,4,0,1,-4,8.73
fold2_room1_mix0358,60,4,0,0,-4,8.54
fold2_room1_mix0358,60,4,0,0,-4,9.12
fold2_room1_mix0358,61,4,0,0,-4,8.59
fold2_room1_mix0358,61,4,0,0,-3,9.09
fold2_room1_mix0358,62,4,0,0,-4,9.15
fold2_room1_mix0358,62,4,0,0,-3,9.68
fold2_room1_mix0358,63,4,0,0,-4,9.67
fold2_room1_mix0358,63,4,0,1,-4,9.88
fold2_room1_mix0358,64,4,0,3,-5,9.97
fold2_room1_mix0358,64,4,0,2,-4,9.90
fold2_room1_mix0358,65,4,0,3,-4,10.72
fold2_room1_mix0358,65,4,0,3,-4,11.11
fold2_room1_mix0358,66,4,0,4,-4,10.92
fold2_room1_mix0358,66,4,0,3,-4,11.37
fold2_room1_mix0358,67,4,0,3,-4,11.63
fold2_room1_mix0358,67,4,0,3,-3,12.17
fold2_room1_mix0358,68,4,0,-2,-4,11.09
fold2_room1_mix0358,68,4,0,0,-3,11.68
fold2_room1_mix0358,69,4,0,0,-4,11.26
fold2_room1_mix0358,69,4,0,1,-4,11.83
fold2_room1_mix0358,70,4,0,-1,-4,11.60
fold2_room1_mix0358,70,4,0,3,-4,10.76
fold2_room1_mix0358,71,4,0,-2,-3,12.24
fold2_room1_mix0358,71,4,0,0,-3,12.56
fold2_room1_mix0358,72,4,0,-2,-3,12.83
fold2_room1_mix0358,72,4,0,1,-3,12.75
fold2_room1_mix0358,73,4,0,-1,-3,13.82
fold2_room1_mix0358,73,4,0,2,-3,12.84
fold2_room1_mix0358,74,4,0,0,-3,12.36
fold2_room1_mix0358,74,4,0,2,-3,11.79
fold2_room1_mix0358,75,4,0,7,-4,10.79
fold2_room1_mix0358,75,4,0,5,-4,10.16
fold2_room1_mix0358,76,4,0,12,-5,9.64
fold2_room1_mix0358,76,4,0,7,-4,9.79
fold2_room1_mix0358,77,4,0,16,-7,7.69
fold2_room1_mix0358,77,4,0,7,-5,8.02
fold2_room1_mix0358,78,4,0,55,-11,4.63
fold2_room1_mix0358,78,4,0,112,-11,3.42
fold2_room1_mix0358,78,4,0,2,-5,7.64
fold2_room1_mix0358,79,4,0,39,-10,5.24
fold2_room1_mix0358,79,4,0,96,-12,3.07
fold2_room1_mix0358,79,4,0,1,-5,6.88
fold2_room1_mix0358,80,4,0,37,-9,4.72
fold2_room1_mix0358,80,4,0,78,-12,3.17
fold2_room1_mix0358,80,4,0,4,-5,6.98
fold2_room1_mix0358,81,4,0,25,-6,6.91
fold2_room1_mix0358,81,4,0,59,-12,2.70
fold2_room1_mix0358,81,4,0,2,-4,8.98
fold2_room1_mix0358,82,4,0,45,-10,3.64
fold2_room1_mix0358,82,4,0,97,-12,4.40
fold2_room1_mix0358,82,4,0,7,-4,8.89
fold2_room1_mix0358,83,4,0,67,-12,2.44
fold2_room1_mix0358,83,4,0,125,-9,4.54
fold2_room1_mix0358,83,4,0,2,-3,9.88
fold2_room1_mix0358,84,4,0,72,-10,3.66
fold2_room1_mix0358,84,4,0,124,-10,2.91
fold2_room1_mix0358,84,4,0,1,-2,9.08
fold2_room1_mix0358,85,4,0,57,-9,4.77
fold2_room1_mix0358,85,4,0,138,-9,2.97
fold2_room1_mix0358,85,4,0,1,-2,9.91
fold2_room1_mix0358,86,4,0,62,-9,4.23
fold2_room1_mix0358,86,4,0,152,-7,3.88
fold2_room1_mix0358,86,4,0,7,-2,8.75
fold2_room1_mix0358,87,4,0,57,-7,5.34
fold2_room1_mix0358,87,4,0,157,-6,4.35
fold2_room1_mix0358,87,4,0,8,-1,9.44
fold2_room1_mix0358,88,4,0,24,-4,8.07
fold2_room1_mix0358,88,4,0,156,-6,4.92
fold2_room1_mix0358,88,4,0,5,-2,10.76
fold2_room1_mix0358,89,4,0,22,-3,8.14
fold2_room1_mix0358,89,4,0,14,-3,8.99
fold2_room1_mix0358,91,4,0,22,-3,8.98
fold2_room1_mix0358,91,4,0,15,-3,9.36
fold2_room1_mix0358,92,4,0,21,-4,8.22
fold2_room1_mix0358,92,4,0,14,-3,9.05
fold2_room1_mix0358,93,4,0,17,-3,9.48
fold2_room1_mix0358,93,4,0,11,-3,9.35
fold2_room1_mix0358,94,4,0,17,-3,9.44
fold2_room1_mix0358,94,4,0,11,-3,10.61
fold2_room1_mix0358,95,4,0,12,-3,11.56
fold2_room1_mix0358,95,4,0,7,-2,12.06
fold2_room1_mix0358,96,4,0,8,-3,10.85
fold2_room1_mix0358,96,4,0,5,-3,11.34
fold2_room1_mix0358,97,4,0,9,-3,12.13
fold2_room1_mix0358,97,4,0,6,-3,12.52
fold2_room1_mix0358,98,4,0,10,-3,13.02
fold2_room1_mix0358,98,4,0,7,-2,13.27
fold2_room1_mix0358,99,4,0,9,-2,14.00
fold2_room1_mix0358,99,4,0,6,-2,14.33
fold2_room1_mix0358,90,4,0,165,-4,5.63
fold2_room1_mix0358,90,4,0,10,-2,9.50
fold2_room1_mix0363,0,0,0,-2,0,149.49
fold2_room1_mix0363,1,0,0,0,0,129.99
fold2_room1_mix0363,1,5,0,-86,2,6.70
fold2_room1_mix0363,2,0,0,-2,0,101.25
fold2_room1_mix0363,2,5,0,-92,1,7.55
fold2_room1_mix0363,3,0,0,-2,0,793.58
fold2_room1_mix0363,3,5,0,-93,0,1.49
fold2_room1_mix0363,4,0,0,-3,0,825.34
fold2_room1_mix0363,5,0,0,-1,0,431.07
fold2_room1_mix0363,5,5,0,-90,3,15.79
fold2_room1_mix0363,6,0,0,0,0,484.29
fold2_room1_mix0363,6,5,0,-96,3,16.15
fold2_room1_mix0363,7,0,0,0,0,820.92
fold2_room1_mix0363,7,5,0,-92,5,11.00
fold2_room1_mix0363,8,0,0,-1,0,627.85
fold2_room1_mix0363,8,5,0,-90,4,13.30
fold2_room1_mix0363,9,0,0,0,0,529.37
fold2_room1_mix0363,9,5,0,-94,4,15.32
fold2_room1_mix0363,10,0,0,0,0,590.09
fold2_room1_mix0363,10,5,0,-94,4,13.78
fold2_room1_mix0363,11,0,0,0,0,661.22
fold2_room1_mix0363,11,5,0,-92,4,12.41
fold2_room1_mix0363,12,0,0,0,0,584.15
fold2_room1_mix0363,12,5,0,-96,3,15.65
fold2_room1_mix0363,13,0,0,0,0,773.86
fold2_room1_mix0363,13,5,0,-93,5,11.94
fold2_room1_mix0363,14,0,0,-1,0,749.51
fold2_room1_mix0363,14,5,0,-92,5,11.52
fold2_room1_mix0363,15,0,0,0,0,625.33
fold2_room1_mix0363,15,5,0,-96,4,14.57
fold2_room1_mix0363,16,0,0,0,0,624.91
fold2_room1_mix0363,16,5,0,-93,5,13.36
fold2_room1_mix0363,17,0,0,0,0,812.15
fold2_room1_mix0363,17,5,0,-96,5,11.84
fold2_room1_mix0363,18,0,0,0,0,624.57
fold2_room1_mix0363,18,5,0,-94,4,14.22
fold2_room1_mix0363,19,0,0,0,0,732.20
fold2_room1_mix0363,19,5,0,-94,5,12.61
fold2_room1_mix0363,20,0,0,0,0,686.15
fold2_room1_mix0363,20,5,0,-94,5,11.56
fold2_room1_mix0363,21,0,0,0,0,740.35
fold2_room1_mix0363,21,5,0,-90,5,11.93
fold2_room1_mix0363,22,0,0,0,0,765.69
fold2_room1_mix0363,22,5,0,-96,4,12.11
fold2_room1_mix0363,23,0,0,0,0,777.02
fold2_room1_mix0363,23,5,0,-95,5,11.71
fold2_room1_mix0363,24,0,0,0,0,642.70
fold2_room1_mix0363,24,5,0,-91,5,13.73
fold2_room1_mix0363,25,0,0,0,0,749.45
fold2_room1_mix0363,25,5,0,-92,5,12.64
fold2_room1_mix0363,26,0,0,0,0,748.41
fold2_room1_mix0363,26,4,0,0,-1,12.63
fold2_room1_mix0363,26,5,0,-95,5,13.10
fold2_room1_mix0363,27,0,0,0,0,726.44
fold2_room1_mix0363,27,4,0,0,0,7.81
fold2_room1_mix0363,27,5,0,-93,5,13.60
fold2_room1_mix0363,28,0,0,0,0,623.29
fold2_room1_mix0363,28,4,0,2,-1,19.62
fold2_room1_mix0363,28,5,0,-93,5,13.86
fold2_room1_mix0363,29,0,0,0,0,605.78
fold2_room1_mix0363,29,4,0,0,-1,7.85
fold2_room1_mix0363,29,5,0,-93,5,13.96
fold2_room1_mix0363,30,0,0,0,0,605.87
fold2_room1_mix0363,30,4,0,0,-1,13.36
fold2_room1_mix0363,30,5,0,-93,6,12.67
fold2_room1_mix0363,31,0,0,0,0,569.74
fold2_room1_mix0363,31,4,0,-1,-1,24.91
fold2_room1_mix0363,31,5,0,-94,5,14.27
fold2_room1_mix0363,32,0,0,0,0,590.37
fold2_room1_mix0363,32,4,0,-2,-1,24.55
fold2_room1_mix0363,32,5,0,-90,6,13.73
fold2_room1_mix0363,33,0,0,0,0,637.90
fold2_room1_mix0363,33,4,0,-1,-1,22.90
fold2_room1_mix0363,33,5,0,-93,6,12.27
fold2_room1_mix0363,34,0,0,0,0,575.51
fold2_room1_mix0363,34,4,0,-1,-1,23.58
fold2_room1_mix0363,34,5,0,-91,5,13.60
fold2_room1_mix0363,35,0,0,0,0,686.73
fold2_room1_mix0363,35,4,0,-1,-1,24.27
fold2_room1_mix0363,35,5,0,-93,5,13.71
fold2_room1_mix0363,36,0,0,0,0,668.71
fold2_room1_mix0363,36,4,0,0,-1,24.00
fold2_room1_mix0363,36,5,0,-93,6,13.36
fold2_room1_mix0363,37,0,0,0,0,671.56
fold2_room1_mix0363,37,4,0,0,-1,23.39
fold2_room1_mix0363,37,5,0,-91,5,13.61
fold2_room1_mix0363,38,0,0,0,0,659.75
fold2_room1_mix0363,38,4,0,0,-1,22.96
fold2_room1_mix0363,38,5,0,-88,5,14.46
fold2_room1_mix0363,39,0,0,0,0,651.57
fold2_room1_mix0363,39,4,0,0,-1,22.68
fold2_room1_mix0363,39,5,0,-93,5,14.20
fold2_room1_mix0363,40,0,0,0,0,653.06
fold2_room1_mix0363,40,4,0,0,-1,20.78
fold2_room1_mix0363,40,5,0,-89,5,13.63
fold2_room1_mix0363,41,0,0,0,0,656.20
fold2_room1_mix0363,41,4,0,-1,-1,17.85
fold2_room1_mix0363,41,5,0,-92,6,14.14
fold2_room1_mix0363,42,0,0,0,0,654.54
fold2_room1_mix0363,42,4,0,-2,-1,16.72
fold2_room1_mix0363,42,5,0,-90,6,14.08
fold2_room1_mix0363,43,0,0,0,0,629.64
fold2_room1_mix0363,43,4,0,0,-1,16.27
fold2_room1_mix0363,43,5,0,-89,6,13.36
fold2_room1_mix0363,44,0,0,0,0,599.58
fold2_room1_mix0363,44,4,0,-3,-1,15.23
fold2_room1_mix0363,44,5,0,-89,5,15.02
fold2_room1_mix0363,45,0,0,0,0,691.24
fold2_room1_mix0363,45,4,0,-1,-1,16.12
fold2_room1_mix0363,45,5,0,-88,6,14.11
fold2_room1_mix0363,46,0,0,0,0,709.66
fold2_room1_mix0363,46,4,0,-3,-1,16.30
fold2_room1_mix0363,46,5,0,-85,6,13.57
fold2_room1_mix0363,47,0,0,0,0,620.47
fold2_room1_mix0363,47,4,0,-4,-1,14.53
fold2_room1_mix0363,47,5,0,-91,5,14.89
fold2_room1_mix0363,48,0,0,0,0,649.18
fold2_room1_mix0363,48,4,0,-2,-1,14.98
fold2_room1_mix0363,48,5,0,-88,6,14.47
fold2_room1_mix0363,49,0,0,0,0,735.65
fold2_room1_mix0363,49,4,0,-1,-1,14.47
fold2_room1_mix0363,49,5,0,-91,6,13.31
fold2_room1_mix0363,50,0,0,0,0,652.76
fold2_room1_mix0363,50,4,0,0,-1,14.54
fold2_room1_mix0363,50,5,0,-90,5,15.51
fold2_room1_mix0363,51,0,0,0,0,723.62
fold2_room1_mix0363,51,4,0,0,-1,14.08
fold2_room1_mix0363,51,5,0,-94,5,14.05
fold2_room1_mix0363,52,0,0,0,0,668.46
fold2_room1_mix0363,52,4,0,-1,-2,12.28
fold2_room1_mix0363,52,5,0,-91,5,13.41
fold2_room1_mix0363,53,0,0,0,0,630.40
fold2_room1_mix0363,53,4,0,-2,-1,11.84
fold2_room1_mix0363,53,5,0,-91,5,14.24
fold2_room1_mix0363,54,0,0,0,0,694.41
fold2_room1_mix0363,54,4,0,0,-1,11.16
fold2_room1_mix0363,54,5,0,-90,5,14.66
fold2_room1_mix0363,55,0,0,0,0,667.75
fold2_room1_mix0363,55,4,0,-1,-2,10.77
fold2_room1_mix0363,55,5,0,-93,5,14.33
fold2_room1_mix0363,56,0,0,0,0,651.91
fold2_room1_mix0363,56,4,0,-2,-2,10.34
fold2_room1_mix0363,56,5,0,-91,5,14.24
fold2_room1_mix0363,57,0,0,0,0,651.21
fold2_room1_mix0363,57,4,0,-2,-2,9.84
fold2_room1_mix0363,57,5,0,-91,5,14.17
fold2_room1_mix0363,58,0,0,0,0,680.07
fold2_room1_mix0363,58,4,0,-2,-2,9.81
fold2_room1_mix0363,58,5,0,-91,6,14.15
fold2_room1_mix0363,59,0,0,0,0,664.47
fold2_room1_mix0363,59,4,0,-2,-2,9.26
fold2_room1_mix0363,59,5,0,-91,6,14.54
fold2_room1_mix0363,60,0,0,0,0,608.25
fold2_room1_mix0363,60,4,0,-4,-3,8.65
fold2_room1_mix0363,60,5,0,-90,5,15.02
fold2_room1_mix0363,61,0,0,0,0,611.46
fold2_room1_mix0363,61,4,0,-5,-3,8.14
fold2_room1_mix0363,61,5,0,-88,6,14.42
fold2_room1_mix0363,62,0,0,0,0,625.71
fold2_room1_mix0363,62,4,0,-4,-3,7.98
fold2_room1_mix0363,62,5,0,-88,5,14.73
fold2_room1_mix0363,63,0,0,0,0,634.43
fold2_room1_mix0363,63,4,0,-5,-3,7.48
fold2_room1_mix0363,63,5,0,-95,5,16.65
fold2_room1_mix0363,64,0,0,1,0,622.09
fold2_room1_mix0363,64,4,0,-5,-4,6.66
fold2_room1_mix0363,64,5,0,-89,6,15.93
fold2_room1_mix0363,65,0,0,0,0,719.00
fold2_room1_mix0363,65,4,0,-6,-5,5.31
fold2_room1_mix0363,65,5,0,-89,6,12.99
fold2_room1_mix0363,66,0,0,1,0,601.24
fold2_room1_mix0363,66,4,0,-4,-5,4.60
fold2_room1_mix0363,66,5,0,-90,5,14.81
fold2_room1_mix0363,67,0,0,1,0,647.77
fold2_room1_mix0363,67,4,0,-6,-6,4.00
fold2_room1_mix0363,67,5,0,-88,5,14.53
fold2_room1_mix0363,68,0,0,0,0,669.88
fold2_room1_mix0363,68,4,0,-6,-8,3.28
fold2_room1_mix0363,68,5,0,-92,6,13.35
fold2_room1_mix0363,69,0,0,0,0,611.97
fold2_room1_mix0363,69,4,0,-9,-9,2.81
fold2_room1_mix0363,69,5,0,-84,6,14.53
fold2_room1_mix0363,70,0,0,0,0,648.84
fold2_room1_mix0363,70,4,0,-12,-12,2.38
fold2_room1_mix0363,70,5,0,-89,6,14.72
fold2_room1_mix0363,71,0,0,1,0,624.57
fold2_room1_mix0363,71,4,0,-13,-13,2.08
fold2_room1_mix0363,71,5,0,-90,6,14.05
fold2_room1_mix0363,72,0,0,0,0,602.57
fold2_room1_mix0363,72,4,0,-17,-15,1.82
fold2_room1_mix0363,72,5,0,-90,6,15.35
fold2_room1_mix0363,73,0,0,0,0,669.30
fold2_room1_mix0363,73,4,0,-21,-20,1.56
fold2_room1_mix0363,73,5,0,-91,6,15.31
fold2_room1_mix0363,74,0,0,1,0,675.86
fold2_room1_mix0363,74,4,0,-31,-24,1.33
fold2_room1_mix0363,74,5,0,-92,6,14.03
fold2_room1_mix0363,75,0,0,1,0,668.17
fold2_room1_mix0363,75,4,0,-39,-34,1.07
fold2_room1_mix0363,75,5,0,-88,6,14.92
fold2_room1_mix0363,76,0,0,1,0,615.93
fold2_room1_mix0363,76,4,0,-86,-39,0.92
fold2_room1_mix0363,76,5,0,-98,5,16.46
fold2_room1_mix0363,77,0,0,1,0,650.65
fold2_room1_mix0363,77,4,0,-124,-39,1.05
fold2_room1_mix0363,77,5,0,-95,6,14.26
fold2_room1_mix0363,78,0,0,0,0,630.09
fold2_room1_mix0363,78,4,0,-148,-30,1.27
fold2_room1_mix0363,78,5,0,-99,6,14.77
fold2_room1_mix0363,79,0,0,1,0,586.07
fold2_room1_mix0363,79,4,0,-154,-25,1.66
fold2_room1_mix0363,79,5,0,-95,5,16.30
fold2_room1_mix0363,80,0,0,1,0,584.17
fold2_room1_mix0363,80,4,0,-158,-22,2.12
fold2_room1_mix0363,80,5,0,-88,5,14.97
fold2_room1_mix0363,81,0,0,0,0,628.33
fold2_room1_mix0363,81,4,0,-166,-17,2.30
fold2_room1_mix0363,81,5,0,-93,5,14.19
fold2_room1_mix0363,82,0,0,0,0,577.66
fold2_room1_mix0363,82,4,0,-171,-15,2.79
fold2_room1_mix0363,82,5,0,-92,5,16.56
fold2_room1_mix0363,83,0,0,1,0,620.73
fold2_room1_mix0363,83,4,0,-170,-14,3.03
fold2_room1_mix0363,83,5,0,-87,6,15.09
fold2_room1_mix0363,84,0,0,0,0,618.67
fold2_room1_mix0363,84,4,0,-171,-12,3.52
fold2_room1_mix0363,84,5,0,-92,6,13.78
fold2_room1_mix0363,85,0,0,0,0,592.33
fold2_room1_mix0363,85,4,0,-172,-11,3.68
fold2_room1_mix0363,85,5,0,-86,6,14.73
fold2_room1_mix0363,86,0,0,0,0,675.00
fold2_room1_mix0363,86,4,0,-174,-10,4.03
fold2_room1_mix0363,86,5,0,-91,6,15.05
fold2_room1_mix0363,87,0,0,0,0,660.00
fold2_room1_mix0363,87,4,0,-174,-8,4.30
fold2_room1_mix0363,87,5,0,-91,6,14.19
fold2_room1_mix0363,88,0,0,0,0,621.31
fold2_room1_mix0363,88,4,0,-175,-8,4.80
fold2_room1_mix0363,88,5,0,-95,6,15.09
fold2_room1_mix0363,89,0,0,1,0,609.55
fold2_room1_mix0363,89,4,0,-175,-7,5.28
fold2_room1_mix0363,89,5,0,-98,5,15.42
fold2_room1_mix0363,90,0,0,1,0,630.01
fold2_room1_mix0363,90,4,0,-175,-6,5.92
fold2_room1_mix0363,90,5,0,-94,6,15.41
fold2_room1_mix0363,91,0,0,0,0,597.25
fold2_room1_mix0363,91,4,0,-177,-6,6.21
fold2_room1_mix0363,91,5,0,-92,6,15.94
fold2_room1_mix0363,92,0,0,0,0,555.36
fold2_room1_mix0363,92,4,0,-176,-5,6.77
fold2_room1_mix0363,92,5,0,-102,5,17.42
fold2_room1_mix0363,93,0,0,0,0,534.19
fold2_room1_mix0363,93,4,0,-177,-5,7.73
fold2_room1_mix0363,93,5,0,-100,5,16.69
fold2_room1_mix0363,94,0,0,0,0,572.26
fold2_room1_mix0363,94,4,0,-176,-5,8.05
fold2_room1_mix0363,94,5,0,-104,5,16.02
fold2_room1_mix0363,95,0,0,0,0,507.64
fold2_room1_mix0363,95,4,0,-177,-4,9.46
fold2_room1_mix0363,95,5,0,-105,4,17.80
fold2_room1_mix0363,96,0,0,0,0,521.16
fold2_room1_mix0363,96,4,0,-177,-4,10.21
fold2_room1_mix0363,96,5,0,-100,5,16.34
fold2_room1_mix0363,97,0,0,0,0,590.70
fold2_room1_mix0363,97,4,0,-177,-4,10.42
fold2_room1_mix0363,97,5,0,-105,5,15.71
fold2_room1_mix0363,98,0,0,0,0,432.76
fold2_room1_mix0363,98,4,0,-178,-3,10.96
fold2_room1_mix0363,98,5,0,-105,5,16.80
fold2_room1_mix0363,99,0,0,0,0,561.22
fold2_room1_mix0363,99,4,0,-178,-3,11.32
fold2_room1_mix0363,99,5,0,-102,5,16.39
fold2_room1_mix0376,26,4,0,-158,-1,5.06
fold2_room1_mix0376,28,4,0,-156,-1,5.14
fold2_room1_mix0376,29,4,0,-150,-2,5.74
fold2_room1_mix0376,30,3,0,-67,-2,6.43
fold2_room1_mix0376,30,4,0,-154,-1,8.58
fold2_room1_mix0376,31,3,0,-69,-3,9.00
fold2_room1_mix0376,31,4,0,-151,0,8.63
fold2_room1_mix0376,32,3,0,-71,-3,9.74
fold2_room1_mix0376,32,4,0,-149,-1,10.30
fold2_room1_mix0376,33,3,0,-73,-3,8.71
fold2_room1_mix0376,33,4,0,-153,-1,8.96
fold2_room1_mix0376,34,3,0,-90,-3,9.71
fold2_room1_mix0376,34,4,0,-152,-2,10.47
fold2_room1_mix0376,35,4,0,-151,-1,9.88
fold2_room1_mix0376,36,4,0,-152,-1,8.55
fold2_room1_mix0376,37,4,0,-148,-2,9.69
fold2_room1_mix0376,37,4,0,-124,-3,10.41
fold2_room1_mix0376,38,4,0,-144,-2,9.57
fold2_room1_mix0376,38,4,0,-29,-3,11.49
fold2_room1_mix0376,39,4,0,-145,-2,9.69
fold2_room1_mix0376,39,4,0,-121,-3,10.75
fold2_room1_mix0376,40,4,0,-136,-2,10.56
fold2_room1_mix0376,40,4,0,-91,-4,11.59
fold2_room1_mix0376,41,4,0,-136,-2,10.96
fold2_room1_mix0376,41,4,0,-60,-3,12.79
fold2_room1_mix0376,42,4,0,-134,-2,9.58
fold2_room1_mix0376,42,4,0,-49,-3,11.99
fold2_room1_mix0376,43,4,0,-129,-2,9.84
fold2_room1_mix0376,43,4,0,-28,-2,13.21
fold2_room1_mix0376,44,4,0,-125,-3,9.31
fold2_room1_mix0376,44,4,0,-29,-3,11.25
fold2_room1_mix0376,45,4,0,-122,-3,9.29
fold2_room1_mix0376,45,4,0,-45,-4,10.40
fold2_room1_mix0376,46,4,0,-118,-3,8.10
fold2_room1_mix0376,46,4,0,-8,-3,10.57
fold2_room1_mix0376,47,4,0,-103,-3,8.28
fold2_room1_mix0376,47,4,0,-18,-4,8.66
fold2_room1_mix0376,48,4,0,-105,-3,7.87
fold2_room1_mix0376,48,4,0,-12,-3,9.44
fold2_room1_mix0376,49,4,0,-94,-3,7.75
fold2_room1_mix0376,49,4,0,-14,-3,8.91
fold2_room1_mix0376,50,4,0,-90,-4,7.21
fold2_room1_mix0376,50,4,0,-13,-3,8.13
fold2_room1_mix0376,51,4,0,-80,-3,7.27
fold2_room1_mix0376,51,4,0,-17,-3,8.59
fold2_room1_mix0376,52,4,0,-75,-3,7.23
fold2_room1_mix0376,52,4,0,-13,-3,8.00
fold2_room1_mix0376,53,4,0,-73,-4,7.04
fold2_room1_mix0376,53,4,0,-14,-4,7.21
fold2_room1_mix0376,54,4,0,-57,-5,5.32
fold2_room1_mix0376,54,4,0,-75,-3,7.86
fold2_room1_mix0376,54,4,0,-12,-3,7.72
fold2_room1_mix0376,55,4,0,-73,-4,6.77
fold2_room1_mix0376,55,4,0,-12,-4,7.14
fold2_room1_mix0376,56,4,0,-21,-5,5.71
fold2_room1_mix0376,56,4,0,-79,-2,8.25
fold2_room1_mix0376,56,4,0,-5,-4,6.76
fold2_room1_mix0376,57,4,0,-39,-5,5.29
fold2_room1_mix0376,57,4,0,-74,-3,8.43
fold2_room1_mix0376,57,4,0,-11,-4,6.61
fold2_room1_mix0376,58,4,0,-26,-5,5.15
fold2_room1_mix0376,58,4,0,-19,-5,5.81
fold2_room1_mix0376,59,4,0,-28,-5,5.34
fold2_room1_mix0376,59,4,0,-21,-4,6.04
fold2_room1_mix0376,60,4,0,-20,-5,5.30
fold2_room1_mix0376,60,4,0,-16,-4,5.90
fold2_room1_mix0376,61,4,0,-29,-5,4.90
fold2_room1_mix0376,61,4,0,-24,-5,5.50
fold2_room1_mix0376,62,4,0,-27,-5,4.46
fold2_room1_mix0376,62,4,0,-21,-5,5.06
fold2_room1_mix0376,63,4,0,-25,-6,3.99
fold2_room1_mix0376,63,4,0,-21,-6,4.57
fold2_room1_mix0376,64,4,0,-30,-6,3.96
fold2_room1_mix0376,64,4,0,-25,-5,4.58
fold2_room1_mix0376,65,4,0,-32,-7,3.46
fold2_room1_mix0376,65,4,0,-28,-7,3.96
fold2_room1_mix0376,66,4,0,-38,-7,4.36
fold2_room1_mix0376,67,4,0,-43,-8,3.63
fold2_room1_mix0376,68,4,0,-51,-9,3.30
fold2_room1_mix0376,69,4,0,-63,-12,3.01
fold2_room1_mix0376,70,4,0,-78,-15,2.53
fold2_room1_mix0376,71,4,0,-90,-15,2.75
fold2_room1_mix0376,72,4,0,-109,-15,2.52
fold2_room1_mix0376,72,4,0,-71,-11,4.79
fold2_room1_mix0376,73,4,0,-128,-13,2.54
fold2_room1_mix0376,73,4,0,-69,-10,5.26
fold2_room1_mix0376,74,4,0,-134,-12,2.48
fold2_room1_mix0376,74,4,0,-60,-8,6.09
fold2_room1_mix0376,75,4,0,-143,-11,2.77
fold2_room1_mix0376,75,4,0,-45,-6,6.80
fold2_room1_mix0376,76,4,0,-149,-9,3.03
fold2_room1_mix0376,76,4,0,-36,-5,7.41
fold2_room1_mix0376,77,4,0,-153,-9,3.26
fold2_room1_mix0376,77,4,0,-40,-5,7.21
fold2_room1_mix0376,78,4,0,-157,-9,3.40
fold2_room1_mix0376,78,4,0,-37,-6,6.95
fold2_room1_mix0376,79,4,0,-158,-8,3.85
fold2_room1_mix0376,79,4,0,-34,-5,7.54
fold2_room1_mix0376,80,4,0,-165,-7,4.45
fold2_room1_mix0376,80,4,0,-32,-4,7.35
fold2_room1_mix0376,81,4,0,-163,-7,4.68
fold2_room1_mix0376,81,4,0,-29,-5,7.29
fold2_room1_mix0376,82,4,0,-162,-7,4.85
fold2_room1_mix0376,82,4,0,-29,-4,7.30
fold2_room1_mix0376,83,4,0,-162,-7,4.84
fold2_room1_mix0376,83,4,0,-29,-6,6.24
fold2_room1_mix0376,84,4,0,-82,-15,4.73
fold2_room1_mix0376,84,4,0,-165,-6,5.67
fold2_room1_mix0376,84,4,0,-37,-8,4.64
fold2_room1_mix0376,85,4,0,-131,-13,4.93
fold2_room1_mix0376,85,4,0,-160,-7,5.48
fold2_room1_mix0376,85,4,0,-43,-8,4.75
fold2_room1_mix0376,86,4,0,-89,-15,3.72
fold2_room1_mix0376,86,4,0,-162,-6,5.97
fold2_room1_mix0376,86,4,0,-54,-11,3.30
fold2_room1_mix0376,87,4,0,-158,-7,6.71
fold2_room1_mix0376,87,4,0,-78,-12,2.97
fold2_room1_mix0376,88,4,0,-157,-8,5.99
fold2_room1_mix0376,88,4,0,-94,-12,3.20
fold2_room1_mix0376,89,4,0,-157,-7,5.50
fold2_room1_mix0376,89,4,0,-107,-9,3.75
fold2_room1_mix0376,90,4,0,-162,-6,5.46
fold2_room1_mix0376,90,4,0,-109,-8,4.29
fold2_room1_mix0376,91,4,0,-163,-5,6.02
fold2_room1_mix0376,91,4,0,-125,-7,5.22
fold2_room1_mix0376,92,4,0,-167,-5,6.38
fold2_room1_mix0376,92,4,0,-116,-6,6.62
fold2_room1_mix0376,93,4,0,-167,-4,7.14
fold2_room1_mix0376,93,4,0,-138,-5,7.15
fold2_room1_mix0376,94,4,0,-167,-4,7.43
fold2_room1_mix0376,94,4,0,-143,-5,7.37
fold2_room1_mix0376,95,4,0,-170,-3,8.24
fold2_room1_mix0376,95,4,0,-151,-4,8.41
fold2_room1_mix0376,96,4,0,-169,-3,8.39
fold2_room1_mix0376,96,4,0,-152,-4,8.55
fold2_room1_mix0376,97,4,0,-171,-3,9.48
fold2_room1_mix0376,97,4,0,-154,-4,9.37
fold2_room1_mix0376,98,4,0,-169,-3,10.14
fold2_room1_mix0376,99,4,0,-171,-3,9.99
fold2_room1_mix0398,3,4,0,-172,1,10.29
fold2_room1_mix0398,4,4,0,-172,1,7.46
fold2_room1_mix0398,5,4,0,-172,0,23.24
fold2_room1_mix0398,6,4,0,-171,0,23.31
fold2_room1_mix0398,7,4,0,-172,0,33.48
fold2_room1_mix0398,8,4,0,-171,0,26.94
fold2_room1_mix0398,9,4,0,-173,0,46.21
fold2_room1_mix0398,10,4,0,-173,0,45.08
fold2_room1_mix0398,11,4,0,-173,0,44.02
fold2_room1_mix0398,12,4,0,-171,0,40.05
fold2_room1_mix0398,13,4,0,-169,0,39.60
fold2_room1_mix0398,14,4,0,-169,0,40.51
fold2_room1_mix0398,15,4,0,-171,0,41.63
fold2_room1_mix0398,16,4,0,-169,0,38.79
fold2_room1_mix0398,17,4,0,-169,0,41.90
fold2_room1_mix0398,18,4,0,-168,0,38.34
fold2_room1_mix0398,19,4,0,-167,0,35.12
fold2_room1_mix0398,20,4,0,-168,0,36.19
fold2_room1_mix0398,21,4,0,-166,0,33.76
fold2_room1_mix0398,22,4,0,-166,0,32.08
fold2_room1_mix0398,23,4,0,-168,0,31.87
fold2_room1_mix0398,24,4,0,-166,0,31.73
fold2_room1_mix0398,25,4,0,-165,0,30.76
fold2_room1_mix0398,26,4,0,-166,-1,29.96
fold2_room1_mix0398,27,4,0,-166,-1,28.73
fold2_room1_mix0398,28,4,0,-165,-1,28.25
fold2_room1_mix0398,29,4,0,-167,-1,27.02
fold2_room1_mix0398,30,4,0,-165,-1,27.42
fold2_room1_mix0398,31,4,0,-167,-1,28.54
fold2_room1_mix0398,32,4,0,-166,-1,25.35
fold2_room1_mix0398,33,4,0,-163,-1,24.87
fold2_room1_mix0398,34,4,0,-164,-1,26.05
fold2_room1_mix0398,35,4,0,-164,-1,24.91
fold2_room1_mix0398,36,4,0,-164,-1,24.99
fold2_room1_mix0398,37,4,0,-163,-1,24.30
fold2_room1_mix0398,38,4,0,-163,-1,24.38
fold2_room1_mix0398,39,4,0,-161,-1,22.68
fold2_room1_mix0398,40,4,0,-160,-1,22.48
fold2_room1_mix0398,41,4,0,-159,-1,22.59
fold2_room1_mix0398,42,4,0,-160,-1,21.11
fold2_room1_mix0398,43,4,0,-159,-1,20.90
fold2_room1_mix0398,44,4,0,-157,-1,20.09
fold2_room1_mix0398,45,4,0,-155,-1,19.88
fold2_room1_mix0398,46,4,0,-156,-1,19.43
fold2_room1_mix0398,47,4,0,-156,-1,19.52
fold2_room1_mix0398,48,4,0,-155,-1,18.92
fold2_room1_mix0398,49,4,0,-154,-1,18.36
fold2_room1_mix0398,50,4,0,-155,-1,17.78
fold2_room1_mix0398,51,4,0,-153,-1,17.17
fold2_room1_mix0398,52,4,0,-153,-1,17.07
fold2_room1_mix0398,53,4,0,-152,-1,15.82
fold2_room1_mix0398,54,4,0,-152,-1,15.84
fold2_room1_mix0398,55,4,0,-150,-1,15.14
fold2_room1_mix0398,56,4,0,-150,-1,14.49
fold2_room1_mix0398,57,4,0,-151,-1,13.96
fold2_room1_mix0398,58,4,0,-150,-1,13.78
fold2_room1_mix0398,59,4,0,-147,-1,12.51
fold2_room1_mix0398,60,4,0,-146,-1,12.20
fold2_room1_mix0398,61,4,0,-146,-1,12.27
fold2_room1_mix0398,62,4,0,-143,-1,11.85
fold2_room1_mix0398,63,4,0,-142,-2,11.45
fold2_room1_mix0398,64,4,0,-141,-2,11.01
fold2_room1_mix0398,65,4,0,-138,-2,10.55
fold2_room1_mix0398,66,4,0,-135,-2,10.32
fold2_room1_mix0398,67,4,0,-133,-2,9.87
fold2_room1_mix0398,68,4,0,-132,-2,9.85
fold2_room1_mix0398,69,4,0,-129,-2,9.66
fold2_room1_mix0398,70,4,0,-125,-2,9.58
fold2_room1_mix0398,71,4,0,-120,-2,8.78
fold2_room1_mix0398,72,4,0,-117,-2,8.81
fold2_room1_mix0398,73,4,0,-114,-2,8.23
fold2_room1_mix0398,74,4,0,-109,-2,8.10
fold2_room1_mix0398,75,4,0,-105,-3,8.02
fold2_room1_mix0398,76,4,0,-100,-3,7.82
fold2_room1_mix0398,77,4,0,-95,-3,7.41
fold2_room1_mix0398,78,4,0,-91,-3,7.45
fold2_room1_mix0398,79,4,0,-87,-3,7.63
fold2_room1_mix0398,80,4,0,-83,-3,7.60
fold2_room1_mix0398,81,4,0,-78,-3,7.96
fold2_room1_mix0398,82,4,0,-73,-2,8.08
fold2_room1_mix0398,83,4,0,-69,-2,8.13
fold2_room1_mix0398,84,4,0,-65,-2,8.12
fold2_room1_mix0398,85,4,0,-61,-2,8.56
fold2_room1_mix0398,86,4,0,-59,-2,8.71
fold2_room1_mix0398,87,4,0,-56,-2,9.19
fold2_room1_mix0398,88,4,0,-51,-2,9.63
fold2_room1_mix0398,89,4,0,-50,-2,9.92
fold2_room1_mix0398,90,4,0,-47,-2,10.28
fold2_room1_mix0398,91,4,0,-44,-2,10.87
fold2_room1_mix0398,92,4,0,-44,-2,11.03
fold2_room1_mix0398,93,4,0,-41,-1,11.59
fold2_room1_mix0398,94,4,0,-39,-1,12.17
fold2_room1_mix0398,95,4,0,-37,-1,12.41
fold2_room1_mix0398,96,4,0,-35,-1,12.57
fold2_room1_mix0398,97,4,0,-34,-1,12.33
fold2_room1_mix0398,98,4,0,-31,-1,13.41
fold2_room1_mix0398,99,4,0,-31,-1,13.05
fold2_room1_mix0411,2,4,0,179,1,3.31
fold2_room1_mix0411,3,4,0,-179,1,7.93
fold2_room1_mix0411,4,4,0,-179,0,24.24
fold2_room1_mix0411,5,4,0,179,0,22.70
fold2_room1_mix0411,6,4,0,-179,0,26.54
fold2_room1_mix0411,7,4,0,179,0,37.10
fold2_room1_mix0411,8,4,0,177,0,41.11
fold2_room1_mix0411,9,4,0,178,0,42.19
fold2_room1_mix0411,10,4,0,179,0,41.75
fold2_room1_mix0411,11,4,0,179,0,39.72
fold2_room1_mix0411,12,4,0,179,0,39.16
fold2_room1_mix0411,13,4,0,178,0,39.99
fold2_room1_mix0411,14,4,0,179,0,39.61
fold2_room1_mix0411,15,4,0,-179,0,41.63
fold2_room1_mix0411,16,4,0,178,0,39.41
fold2_room1_mix0411,17,4,0,179,0,39.21
fold2_room1_mix0411,18,4,0,-179,0,38.72
fold2_room1_mix0411,19,4,0,-179,0,38.28
fold2_room1_mix0411,20,4,0,-179,0,36.91
fold2_room1_mix0411,21,4,0,179,0,37.24
fold2_room1_mix0411,22,4,0,179,0,35.35
fold2_room1_mix0411,23,4,0,179,0,31.41
fold2_room1_mix0411,24,4,0,178,0,32.07
fold2_room1_mix0411,25,4,0,179,0,29.76
fold2_room1_mix0411,26,4,0,-179,0,27.22
fold2_room1_mix0411,27,4,0,-179,0,27.00
fold2_room1_mix0411,28,4,0,179,0,27.06
fold2_room1_mix0411,29,4,0,179,0,27.39
fold2_room1_mix0411,30,4,0,179,0,26.44
fold2_room1_mix0411,31,4,0,179,0,25.30
fold2_room1_mix0411,32,4,0,-179,0,24.62
fold2_room1_mix0411,33,4,0,-179,0,23.45
fold2_room1_mix0411,34,4,0,179,0,22.31
fold2_room1_mix0411,35,4,0,179,0,21.01
fold2_room1_mix0411,36,4,0,179,-1,19.30
fold2_room1_mix0411,37,4,0,179,-1,18.72
fold2_room1_mix0411,38,4,0,178,-1,16.98
fold2_room1_mix0411,39,4,0,177,-1,17.09
fold2_room1_mix0411,40,4,0,178,-1,15.25
fold2_room1_mix0411,41,4,0,178,-2,13.00
fold2_room1_mix0411,42,4,0,178,-2,12.56
fold2_room1_mix0411,43,4,0,177,-3,12.04
fold2_room1_mix0411,44,4,0,176,-4,10.64
fold2_room1_mix0411,45,4,0,175,-4,10.14
fold2_room1_mix0411,46,4,0,-176,-4,10.26
fold2_room1_mix0411,46,4,0,157,-5,7.85
fold2_room1_mix0411,47,4,0,172,-7,5.70
fold2_room1_mix0411,47,4,0,-170,-3,13.62
fold2_room1_mix0411,47,4,0,156,-7,6.13
fold2_room1_mix0411,48,4,0,177,-7,5.84
fold2_room1_mix0411,48,4,0,-166,-3,12.71
fold2_room1_mix0411,48,4,0,145,-9,4.07
fold2_room1_mix0411,49,4,0,168,-11,4.63
fold2_room1_mix0411,49,4,0,-167,-3,13.58
fold2_room1_mix0411,49,4,0,137,-13,2.25
fold2_room1_mix0411,50,4,0,-171,-5,10.66
fold2_room1_mix0411,50,4,0,112,-19,1.15
fold2_room1_mix0411,51,4,0,-174,-4,10.16
fold2_room1_mix0411,51,4,0,62,-18,1.34
fold2_room1_mix0411,52,4,0,-172,-5,9.17
fold2_room1_mix0411,52,4,0,44,-14,1.64
fold2_room1_mix0411,53,4,0,-172,-5,7.68
fold2_room1_mix0411,53,4,0,35,-10,2.64
fold2_room1_mix0411,54,4,0,-171,-5,6.85
fold2_room1_mix0411,54,4,0,30,-8,3.30
fold2_room1_mix0411,55,4,0,-171,-6,6.21
fold2_room1_mix0411,55,4,0,26,-7,4.07
fold2_room1_mix0411,56,4,0,-171,-7,5.44
fold2_room1_mix0411,56,4,0,23,-6,5.13
fold2_room1_mix0411,57,4,0,-171,-8,4.42
fold2_room1_mix0411,57,4,0,19,-5,6.67
fold2_room1_mix0411,58,4,0,-170,-9,3.77
fold2_room1_mix0411,58,4,0,16,-4,7.69
fold2_room1_mix0411,59,4,0,-168,-12,2.98
fold2_room1_mix0411,59,4,0,14,-5,8.30
fold2_room1_mix0411,60,4,0,-162,-18,2.40
fold2_room1_mix0411,60,4,0,14,-5,9.39
fold2_room1_mix0411,61,4,0,-139,-30,1.66
fold2_room1_mix0411,61,4,0,21,-11,9.74
fold2_room1_mix0411,62,4,0,-91,-36,1.72
fold2_room1_mix0411,62,4,0,28,-15,7.85
fold2_room1_mix0411,63,4,0,-49,-26,1.12
fold2_room1_mix0411,63,4,0,-35,-46,3.63
fold2_room1_mix0411,63,4,0,17,-12,7.68
fold2_room1_mix0411,64,4,0,-25,-19,2.24
fold2_room1_mix0411,64,4,0,11,-8,8.11
fold2_room1_mix0411,65,4,0,-16,-15,2.91
fold2_room1_mix0411,65,4,0,-156,-20,4.95
fold2_room1_mix0411,65,4,0,8,-7,7.85
fold2_room1_mix0411,66,4,0,-19,-13,2.83
fold2_room1_mix0411,66,4,0,-170,-12,6.62
fold2_room1_mix0411,66,4,0,9,-7,8.51
fold2_room1_mix0411,67,4,0,-13,-10,3.43
fold2_room1_mix0411,67,4,0,-169,-9,5.62
fold2_room1_mix0411,67,4,0,4,-6,7.86
fold2_room1_mix0411,68,4,0,-9,-9,4.83
fold2_room1_mix0411,68,4,0,-2,-7,6.58
fold2_room1_mix0411,69,4,0,-3,-7,6.00
fold2_room1_mix0411,69,4,0,-1,-6,7.08
fold2_room1_mix0411,70,4,0,-3,-5,8.21
fold2_room1_mix0411,70,4,0,-1,-4,8.85
fold2_room1_mix0411,71,4,0,-4,-4,9.35
fold2_room1_mix0411,71,4,0,-2,-3,10.38
fold2_room1_mix0411,72,4,0,0,-4,9.65
fold2_room1_mix0411,72,4,0,0,-3,10.59
fold2_room1_mix0411,73,4,0,-21,-6,7.83
fold2_room1_mix0411,73,4,0,-141,-12,2.76
fold2_room1_mix0411,73,4,0,8,-1,13.45
fold2_room1_mix0411,74,4,0,0,-4,11.30
fold2_room1_mix0411,74,4,0,0,-3,12.32
fold2_room1_mix0411,75,4,0,1,-4,11.32
fold2_room1_mix0411,75,4,0,2,-3,12.24
fold2_room1_mix0411,76,4,0,0,-4,11.70
fold2_room1_mix0411,76,4,0,1,-3,12.70
fold2_room1_mix0411,77,4,0,-14,-6,6.89
fold2_room1_mix0411,77,4,0,7,-1,16.20
fold2_room1_mix0411,78,4,0,-14,-5,7.72
fold2_room1_mix0411,78,4,0,8,-1,17.71
fold2_room1_mix0411,79,4,0,-11,-4,8.81
fold2_room1_mix0411,79,4,0,7,-1,18.81
fold2_room1_mix0411,80,4,0,-10,-4,9.30
fold2_room1_mix0411,80,4,0,7,-1,19.22
fold2_room1_mix0411,81,4,0,-4,-3,13.31
fold2_room1_mix0411,82,4,0,-2,-3,14.25
fold2_room1_mix0411,83,4,0,-3,-2,15.57
fold2_room1_mix0411,84,4,0,-2,-2,15.76
fold2_room1_mix0411,85,4,0,-2,-2,16.87
fold2_room1_mix0411,86,4,0,-2,-2,18.07
fold2_room1_mix0411,87,4,0,-1,-2,18.43
fold2_room1_mix0411,88,4,0,-1,-1,18.85
fold2_room1_mix0411,89,4,0,-2,-1,20.02
fold2_room1_mix0411,90,4,0,-2,-1,19.77
fold2_room1_mix0411,91,4,0,-2,-1,20.44
fold2_room1_mix0411,92,4,0,-2,-1,20.79
fold2_room1_mix0411,93,4,0,-2,-1,21.49
fold2_room1_mix0411,94,4,0,-2,-1,21.88
fold2_room1_mix0411,95,4,0,-1,-1,22.28
fold2_room1_mix0411,96,4,0,-1,-1,23.36
fold2_room1_mix0411,97,4,0,-1,-1,24.54
fold2_room1_mix0411,98,4,0,-1,-1,25.27
fold2_room1_mix0411,99,4,0,-1,-1,25.64
fold2_room1_mix0422,0,5,0,-167,3,1.75
fold2_room1_mix0422,1,4,0,1,0,4.13
fold2_room1_mix0422,1,5,0,-160,4,2.59
fold2_room1_mix0422,2,4,0,2,0,5.38
fold2_room1_mix0422,2,5,0,-160,3,7.62
fold2_room1_mix0422,3,4,0,1,-1,15.10
fold2_room1_mix0422,3,5,0,-163,4,3.41
fold2_room1_mix0422,4,4,0,2,-1,15.06
fold2_room1_mix0422,4,5,0,-166,3,3.98
fold2_room1_mix0422,5,4,0,0,-1,15.18
fold2_room1_mix0422,5,5,0,-167,4,12.01
fold2_room1_mix0422,6,4,0,3,-1,19.36
fold2_room1_mix0422,6,5,0,-157,4,11.76
fold2_room1_mix0422,7,4,0,3,-1,21.90
fold2_room1_mix0422,7,5,0,-166,4,10.11
fold2_room1_mix0422,8,4,0,4,-1,21.15
fold2_room1_mix0422,8,5,0,-164,4,11.25
fold2_room1_mix0422,9,4,0,3,-1,20.82
fold2_room1_mix0422,9,5,0,-162,4,10.72
fold2_room1_mix0422,10,4,0,2,-1,19.38
fold2_room1_mix0422,10,5,0,-159,5,9.87
fold2_room1_mix0422,11,4,0,2,-1,19.44
fold2_room1_mix0422,11,5,0,-161,5,9.62
fold2_room1_mix0422,12,4,0,3,-1,18.85
fold2_room1_mix0422,12,5,0,-158,5,10.09
fold2_room1_mix0422,13,4,0,2,-1,18.32
fold2_room1_mix0422,13,5,0,-158,5,8.97
fold2_room1_mix0422,14,4,0,1,-1,18.14
fold2_room1_mix0422,14,5,0,-160,5,9.23
fold2_room1_mix0422,15,4,0,1,-1,17.68
fold2_room1_mix0422,15,5,0,-156,6,8.03
fold2_room1_mix0422,16,4,0,1,-1,17.71
fold2_room1_mix0422,16,5,0,-157,6,8.13
fold2_room1_mix0422,17,4,0,1,-1,17.24
fold2_room1_mix0422,17,5,0,-158,6,8.28
fold2_room1_mix0422,18,4,0,2,-1,16.57
fold2_room1_mix0422,18,5,0,-157,7,7.41
fold2_room1_mix0422,19,4,0,1,-1,17.95
fold2_room1_mix0422,19,5,0,-156,8,6.57
fold2_room1_mix0422,20,4,0,2,-1,17.28
fold2_room1_mix0422,20,5,0,-157,8,7.17
fold2_room1_mix0422,21,4,0,2,-1,17.08
fold2_room1_mix0422,21,5,0,-157,8,6.74
fold2_room1_mix0422,22,4,0,2,-1,16.33
fold2_room1_mix0422,22,5,0,-157,7,7.50
fold2_room1_mix0422,23,4,0,2,-1,15.52
fold2_room1_mix0422,23,5,0,-158,8,6.66
fold2_room1_mix0422,24,4,0,2,-1,16.17
fold2_room1_mix0422,24,5,0,-156,8,7.01
fold2_room1_mix0422,25,4,0,3,-1,15.93
fold2_room1_mix0422,25,5,0,-156,7,7.53
fold2_room1_mix0422,26,3,0,89,-2,9.67
fold2_room1_mix0422,26,4,0,2,-2,13.99
fold2_room1_mix0422,26,5,0,-156,9,5.90
fold2_room1_mix0422,27,3,0,79,-3,14.07
fold2_room1_mix0422,27,4,0,1,-2,13.75
fold2_room1_mix0422,27,5,0,-158,8,7.04
fold2_room1_mix0422,28,3,0,87,-2,6.80
fold2_room1_mix0422,28,4,0,5,-1,13.61
fold2_room1_mix0422,28,5,0,-156,6,8.13
fold2_room1_mix0422,29,4,0,1,-1,15.11
fold2_room1_mix0422,29,5,0,-155,7,7.89
fold2_room1_mix0422,30,4,0,3,-1,14.69
fold2_room1_mix0422,30,5,0,-154,7,7.49
fold2_room1_mix0422,31,4,0,4,-1,14.91
fold2_room1_mix0422,31,5,0,-153,7,8.23
fold2_room1_mix0422,32,4,0,3,-1,14.46
fold2_room1_mix0422,32,5,0,-153,8,7.22
fold2_room1_mix0422,33,4,0,3,-1,14.02
fold2_room1_mix0422,33,5,0,-150,8,6.23
fold2_room1_mix0422,34,4,0,5,-1,14.05
fold2_room1_mix0422,34,5,0,-144,9,5.96
fold2_room1_mix0422,35,4,0,3,-1,13.21
fold2_room1_mix0422,35,5,0,-149,9,6.23
fold2_room1_mix0422,36,4,0,4,-1,13.14
fold2_room1_mix0422,36,5,0,-144,11,5.30
fold2_room1_mix0422,37,4,0,3,-1,12.29
fold2_room1_mix0422,37,5,0,-143,12,4.78
fold2_room1_mix0422,38,4,0,2,-1,12.58
fold2_room1_mix0422,38,5,0,-141,12,4.84
fold2_room1_mix0422,39,4,0,3,-1,12.02
fold2_room1_mix0422,39,5,0,-141,14,4.03
fold2_room1_mix0422,40,4,0,2,-2,12.00
fold2_room1_mix0422,40,5,0,-140,10,5.23
fold2_room1_mix0422,41,4,0,2,-1,11.60
fold2_room1_mix0422,41,5,0,-137,12,4.48
fold2_room1_mix0422,42,4,0,3,-1,11.11
fold2_room1_mix0422,42,5,0,-139,11,4.98
fold2_room1_mix0422,43,4,0,4,-2,10.98
fold2_room1_mix0422,43,5,0,-139,11,4.90
fold2_room1_mix0422,44,4,0,4,-2,10.71
fold2_room1_mix0422,44,5,0,-135,11,5.11
fold2_room1_mix0422,45,4,0,4,-2,10.59
fold2_room1_mix0422,45,5,0,-132,13,4.44
fold2_room1_mix0422,46,4,0,4,-2,10.38
fold2_room1_mix0422,46,5,0,-129,13,4.44
fold2_room1_mix0422,47,4,0,4,-2,10.51
fold2_room1_mix0422,47,5,0,-127,14,4.30
fold2_room1_mix0422,48,4,0,5,-2,10.47
fold2_room1_mix0422,48,5,0,-129,15,3.87
fold2_room1_mix0422,49,4,0,4,-2,11.03
fold2_room1_mix0422,49,5,0,-124,15,3.94
fold2_room1_mix0422,50,4,0,5,-2,10.33
fold2_room1_mix0422,50,5,0,-120,17,3.38
fold2_room1_mix0422,51,4,0,6,-2,10.61
fold2_room1_mix0422,51,5,0,-120,19,3.01
fold2_room1_mix0422,52,4,0,7,-2,9.98
fold2_room1_mix0422,52,5,0,-114,20,3.04
fold2_room1_mix0422,53,4,0,7,-2,9.49
fold2_room1_mix0422,53,5,0,-108,21,3.01
fold2_room1_mix0422,54,4,0,8,-2,9.22
fold2_room1_mix0422,54,5,0,-106,22,2.82
fold2_room1_mix0422,55,4,0,9,-2,8.34
fold2_room1_mix0422,55,5,0,-102,25,2.53
fold2_room1_mix0422,56,4,0,10,-2,8.22
fold2_room1_mix0422,56,5,0,-96,27,2.51
fold2_room1_mix0422,57,4,0,11,-2,7.84
fold2_room1_mix0422,57,5,0,-91,25,2.64
fold2_room1_mix0422,58,4,0,9,-3,6.96
fold2_room1_mix0422,58,5,0,-88,26,2.39
fold2_room1_mix0422,59,4,0,9,-3,6.82
fold2_room1_mix0422,59,5,0,-83,27,2.63
fold2_room1_mix0422,60,4,0,10,-3,6.42
fold2_room1_mix0422,60,5,0,-79,24,2.83
fold2_room1_mix0422,61,4,0,11,-3,6.03
fold2_room1_mix0422,61,5,0,-81,26,2.47
fold2_room1_mix0422,62,4,0,12,-3,5.73
fold2_room1_mix0422,62,5,0,-75,25,2.80
fold2_room1_mix0422,63,4,0,12,-4,5.31
fold2_room1_mix0422,63,5,0,-71,27,2.69
fold2_room1_mix0422,64,4,0,13,-4,5.12
fold2_room1_mix0422,64,5,0,-74,27,2.60
fold2_room1_mix0422,65,4,0,14,-4,5.19
fold2_room1_mix0422,65,5,0,-67,26,2.57
fold2_room1_mix0422,66,4,0,15,-4,4.74
fold2_room1_mix0422,66,5,0,-69,25,2.70
fold2_room1_mix0422,67,4,0,14,-4,4.64
fold2_room1_mix0422,67,5,0,-65,26,2.61
fold2_room1_mix0422,68,4,0,14,-5,3.99
fold2_room1_mix0422,68,5,0,-65,24,2.89
fold2_room1_mix0422,69,4,0,17,-5,3.74
fold2_room1_mix0422,69,5,0,-68,24,2.85
fold2_room1_mix0422,70,4,0,19,-5,3.56
fold2_room1_mix0422,70,5,0,-66,23,2.81
fold2_room1_mix0422,71,4,0,18,-6,3.26
fold2_room1_mix0422,71,5,0,-62,22,3.10
fold2_room1_mix0422,72,4,0,19,-6,2.97
fold2_room1_mix0422,72,5,0,-61,21,3.10
fold2_room1_mix0422,73,4,0,21,-6,2.85
fold2_room1_mix0422,73,5,0,-59,18,3.41
fold2_room1_mix0422,74,4,0,23,-7,2.57
fold2_room1_mix0422,74,5,0,-55,19,3.32
fold2_room1_mix0422,75,4,0,26,-7,2.38
fold2_room1_mix0422,75,5,0,-55,17,3.46
fold2_room1_mix0422,76,4,0,26,-8,2.30
fold2_room1_mix0422,76,5,0,-51,17,3.54
fold2_room1_mix0422,77,4,0,28,-8,2.18
fold2_room1_mix0422,77,5,0,-49,17,3.51
fold2_room1_mix0422,78,4,0,33,-10,1.76
fold2_room1_mix0422,78,5,0,-50,16,3.64
fold2_room1_mix0422,79,4,0,37,-11,1.62
fold2_room1_mix0422,79,5,0,-50,15,3.61
fold2_room1_mix0422,80,4,0,39,-12,1.49
fold2_room1_mix0422,80,5,0,-48,17,3.53
fold2_room1_mix0422,81,4,0,44,-14,1.32
fold2_room1_mix0422,81,5,0,-42,16,3.73
fold2_room1_mix0422,82,4,0,54,-16,1.32
fold2_room1_mix0422,82,5,0,-42,17,3.68
fold2_room1_mix0422,83,4,0,65,-17,1.19
fold2_room1_mix0422,83,5,0,-42,16,3.72
fold2_room1_mix0422,84,4,0,78,-17,1.22
fold2_room1_mix0422,84,5,0,-45,14,4.06
fold2_room1_mix0422,85,4,0,88,-18,1.24
fold2_room1_mix0422,85,5,0,-42,16,3.72
fold2_room1_mix0422,86,4,0,102,-16,1.40
fold2_room1_mix0422,86,5,0,-41,15,3.73
fold2_room1_mix0422,87,4,0,113,-16,1.48
fold2_room1_mix0422,87,5,0,-42,14,4.21
fold2_room1_mix0422,88,4,0,124,-15,1.52
fold2_room1_mix0422,88,5,0,-42,14,4.10
fold2_room1_mix0422,89,4,0,131,-14,1.67
fold2_room1_mix0422,89,5,0,-49,13,4.54
fold2_room1_mix0422,90,4,0,138,-12,1.94
fold2_room1_mix0422,90,5,0,-35,12,4.57
fold2_room1_mix0422,91,4,0,141,-12,2.16
fold2_room1_mix0422,91,5,0,-38,12,4.34
fold2_room1_mix0422,92,4,0,146,-11,2.32
fold2_room1_mix0422,92,5,0,-40,12,4.63
fold2_room1_mix0422,93,4,0,149,-10,2.46
fold2_room1_mix0422,93,5,0,-39,13,4.44
fold2_room1_mix0422,94,4,0,151,-9,2.77
fold2_room1_mix0422,94,5,0,-37,12,4.60
fold2_room1_mix0422,95,4,0,155,-9,2.96
fold2_room1_mix0422,95,5,0,-33,11,5.03
fold2_room1_mix0422,96,4,0,157,-8,3.23
fold2_room1_mix0422,96,5,0,-35,11,4.96
fold2_room1_mix0422,97,4,0,160,-7,3.45
fold2_room1_mix0422,97,5,0,-40,10,5.15
fold2_room1_mix0422,98,4,0,160,-7,3.36
fold2_room1_mix0422,98,5,0,-37,10,5.24
fold2_room1_mix0422,99,4,0,163,-6,3.69
fold2_room1_mix0422,99,5,0,-35,11,4.85
fold2_room1_mix0424,0,2,0,83,-1,12.17
fold2_room1_mix0424,1,2,0,96,-1,14.74
fold2_room1_mix0424,1,4,0,-175,0,2.26
fold2_room1_mix0424,2,2,0,87,-1,13.02
fold2_room1_mix0424,2,4,0,-174,0,3.60
fold2_room1_mix0424,3,2,0,89,-1,12.86
fold2_room1_mix0424,3,4,0,-175,-1,15.92
fold2_room1_mix0424,4,2,0,91,-1,15.59
fold2_room1_mix0424,4,4,0,-175,-1,16.83
fold2_room1_mix0424,5,4,0,-174,-1,19.50
fold2_room1_mix0424,6,4,0,-174,-1,26.14
fold2_room1_mix0424,7,4,0,-176,-1,27.59
fold2_room1_mix0424,8,4,0,-175,-1,29.48
fold2_room1_mix0424,9,4,0,-174,-1,27.71
fold2_room1_mix0424,10,2,0,92,-2,11.95
fold2_room1_mix0424,10,4,0,-174,-1,27.88
fold2_room1_mix0424,11,2,0,94,-2,14.24
fold2_room1_mix0424,11,4,0,-174,-1,26.76
fold2_room1_mix0424,12,2,0,90,-2,14.18
fold2_room1_mix0424,12,4,0,-174,0,25.74
fold2_room1_mix0424,13,2,0,92,-1,14.67
fold2_room1_mix0424,13,4,0,-174,-1,24.50
fold2_room1_mix0424,14,2,0,90,-1,14.11
fold2_room1_mix0424,14,4,0,-173,-1,23.57
fold2_room1_mix0424,15,2,0,89,-1,5.70
fold2_room1_mix0424,15,4,0,-174,-1,25.95
fold2_room1_mix0424,16,4,0,-175,-1,23.32
fold2_room1_mix0424,17,4,0,-174,-1,23.07
fold2_room1_mix0424,18,4,0,-174,-1,23.82
fold2_room1_mix0424,19,4,0,-174,-1,22.63
fold2_room1_mix0424,20,2,0,87,-2,11.66
fold2_room1_mix0424,20,4,0,-172,-1,22.97
fold2_room1_mix0424,21,2,0,88,-2,13.95
fold2_room1_mix0424,21,4,0,-173,-1,21.29
fold2_room1_mix0424,22,2,0,85,-1,14.59
fold2_room1_mix0424,22,4,0,-172,0,21.21
fold2_room1_mix0424,23,2,0,90,-1,14.92
fold2_room1_mix0424,23,4,0,-171,0,20.50
fold2_room1_mix0424,24,2,0,88,-1,14.51
fold2_room1_mix0424,24,4,0,-171,-1,20.74
fold2_room1_mix0424,25,2,0,86,-1,12.14
fold2_room1_mix0424,25,4,0,-172,-1,20.70
fold2_room1_mix0424,26,4,0,-171,-1,18.04
fold2_room1_mix0424,27,4,0,-171,-1,18.02
fold2_room1_mix0424,28,4,0,-171,-1,19.14
fold2_room1_mix0424,29,4,0,-171,-1,17.77
fold2_room1_mix0424,30,4,0,-172,-1,18.95
fold2_room1_mix0424,31,2,0,84,-2,13.16
fold2_room1_mix0424,31,4,0,-169,-1,18.33
fold2_room1_mix0424,32,2,0,85,-2,13.64
fold2_room1_mix0424,32,4,0,-168,-1,17.16
fold2_room1_mix0424,33,2,0,84,-1,14.17
fold2_room1_mix0424,33,4,0,-167,-1,16.27
fold2_room1_mix0424,34,2,0,86,-1,14.35
fold2_room1_mix0424,34,4,0,-168,-1,15.85
fold2_room1_mix0424,35,2,0,91,-2,12.51
fold2_room1_mix0424,35,4,0,-168,-1,16.09
fold2_room1_mix0424,36,4,0,-167,-1,14.56
fold2_room1_mix0424,37,4,0,-167,-1,14.52
fold2_room1_mix0424,38,4,0,-166,-1,14.47
fold2_room1_mix0424,39,4,0,-167,-1,14.10
fold2_room1_mix0424,40,4,0,-167,-1,13.56
fold2_room1_mix0424,41,2,0,86,-2,12.30
fold2_room1_mix0424,41,4,0,-166,-2,13.85
fold2_room1_mix0424,42,2,0,91,-2,13.38
fold2_room1_mix0424,42,4,0,-165,-1,12.56
fold2_room1_mix0424,43,2,0,90,-2,13.69
fold2_room1_mix0424,43,4,0,-166,-2,12.16
fold2_room1_mix0424,44,2,0,88,-1,13.76
fold2_room1_mix0424,44,4,0,-165,-2,11.40
fold2_room1_mix0424,45,2,0,92,-2,12.03
fold2_room1_mix0424,45,4,0,-164,-2,11.25
fold2_room1_mix0424,46,4,0,-163,-2,10.57
fold2_room1_mix0424,47,4,0,-163,-2,9.75
fold2_room1_mix0424,48,4,0,-163,-2,10.02
fold2_room1_mix0424,49,4,0,-163,-2,10.25
fold2_room1_mix0424,50,4,0,-163,-2,9.45
fold2_room1_mix0424,51,2,0,89,-2,12.59
fold2_room1_mix0424,51,4,0,-162,-3,9.37
fold2_room1_mix0424,52,2,0,93,-2,12.70
fold2_room1_mix0424,52,4,0,-161,-3,8.93
fold2_room1_mix0424,53,2,0,94,-2,12.83
fold2_room1_mix0424,53,4,0,-161,-3,8.66
fold2_room1_mix0424,54,2,0,91,-2,11.84
fold2_room1_mix0424,54,4,0,-160,-3,7.80
fold2_room1_mix0424,55,2,0,91,-2,11.28
fold2_room1_mix0424,55,4,0,-159,-3,7.42
fold2_room1_mix0424,56,4,0,-158,-3,7.04
fold2_room1_mix0424,57,4,0,-158,-4,6.53
fold2_room1_mix0424,58,4,0,-157,-4,6.43
fold2_room1_mix0424,59,4,0,-155,-4,6.41
fold2_room1_mix0424,60,4,0,-154,-4,5.72
fold2_room1_mix0424,61,2,0,88,-2,12.69
fold2_room1_mix0424,61,4,0,-152,-5,5.41
fold2_room1_mix0424,62,2,0,97,-2,13.19
fold2_room1_mix0424,62,4,0,-150,-5,4.84
fold2_room1_mix0424,63,2,0,98,-2,12.12
fold2_room1_mix0424,63,4,0,-149,-6,4.54
fold2_room1_mix0424,64,2,0,100,-2,11.61
fold2_room1_mix0424,64,4,0,-144,-7,3.80
fold2_room1_mix0424,65,2,0,98,-2,9.69
fold2_room1_mix0424,65,4,0,-141,-7,3.78
fold2_room1_mix0424,66,4,0,-138,-8,3.52
fold2_room1_mix0424,67,4,0,-135,-8,3.42
fold2_room1_mix0424,68,4,0,-130,-8,3.19
fold2_room1_mix0424,69,4,0,-123,-9,2.85
fold2_room1_mix0424,70,4,0,-116,-10,2.63
fold2_room1_mix0424,71,2,0,100,-2,11.31
fold2_room1_mix0424,71,4,0,-108,-11,2.49
fold2_room1_mix0424,72,2,0,102,-2,11.08
fold2_room1_mix0424,72,4,0,-99,-11,2.47
fold2_room1_mix0424,73,2,0,95,-2,10.48
fold2_room1_mix0424,73,4,0,-93,-11,2.52
fold2_room1_mix0424,74,2,0,99,-2,10.25
fold2_room1_mix0424,74,4,0,-87,-11,2.53
fold2_room1_mix0424,75,2,0,101,-2,10.10
fold2_room1_mix0424,75,4,0,-79,-11,2.63
fold2_room1_mix0424,76,4,0,-71,-9,2.85
fold2_room1_mix0424,77,4,0,-66,-9,2.90
fold2_room1_mix0424,78,4,0,-60,-9,3.11
fold2_room1_mix0424,79,4,0,-55,-8,3.18
fold2_room1_mix0424,80,4,0,-51,-7,3.29
fold2_room1_mix0424,81,4,0,-47,-7,3.37
fold2_room1_mix0424,82,2,0,94,-2,7.24
fold2_room1_mix0424,82,4,0,-42,-6,3.63
fold2_room1_mix0424,83,2,0,90,-1,11.90
fold2_room1_mix0424,83,4,0,-40,-7,3.63
fold2_room1_mix0424,84,2,0,93,-1,10.60
fold2_room1_mix0424,84,4,0,-39,-6,4.01
fold2_room1_mix0424,85,4,0,-34,-5,4.47
fold2_room1_mix0424,86,4,0,-32,-5,4.82
fold2_room1_mix0424,87,4,0,-28,-5,5.34
fold2_room1_mix0424,88,4,0,-27,-4,5.46
fold2_room1_mix0424,89,4,0,-26,-4,5.79
fold2_room1_mix0424,90,4,0,-26,-4,6.06
fold2_room1_mix0424,91,4,0,-26,-4,6.32
fold2_room1_mix0424,92,2,0,78,-1,11.53
fold2_room1_mix0424,92,4,0,-25,-4,6.44
fold2_room1_mix0424,93,2,0,87,-1,11.59
fold2_room1_mix0424,93,4,0,-23,-4,6.89
fold2_room1_mix0424,94,2,0,86,-1,8.64
fold2_room1_mix0424,94,4,0,-23,-4,7.43
fold2_room1_mix0424,95,2,0,81,-1,4.69
fold2_room1_mix0424,95,4,0,-22,-3,7.81
fold2_room1_mix0424,96,4,0,-21,-3,7.89
fold2_room1_mix0424,97,4,0,-20,-3,8.68
fold2_room1_mix0424,98,4,0,-19,-3,8.86
fold2_room1_mix0424,99,4,0,-18,-3,8.43
fold2_room1_mix0448,51,4,0,0,-1,4.64
fold2_room1_mix0448,52,4,0,-2,-2,8.95
fold2_room1_mix0448,53,4,0,2,-2,13.11
fold2_room1_mix0448,54,4,0,6,-2,15.41
fold2_room1_mix0448,55,4,0,7,-2,15.60
fold2_room1_mix0448,56,4,0,10,-3,14.30
fold2_room1_mix0448,57,4,0,7,-2,13.93
fold2_room1_mix0448,58,4,0,8,-3,12.00
fold2_room1_mix0448,59,4,0,6,-3,10.27
fold2_room1_mix0448,60,4,0,5,-3,9.56
fold2_room1_mix0448,61,4,0,7,-4,8.04
fold2_room1_mix0448,62,4,0,9,-4,7.40
fold2_room1_mix0448,63,4,0,10,-5,6.34
fold2_room1_mix0448,63,4,0,8,-5,6.43
fold2_room1_mix0448,64,4,0,15,-6,5.22
fold2_room1_mix0448,65,4,0,20,-8,4.14
fold2_room1_mix0448,65,4,0,19,-7,4.23
fold2_room1_mix0448,66,4,0,24,-9,3.10
fold2_room1_mix0448,66,4,0,23,-9,3.28
fold2_room1_mix0448,67,4,0,33,-14,2.18
fold2_room1_mix0448,67,4,0,34,-14,2.16
fold2_room1_mix0448,68,4,0,47,-20,1.97
fold2_room1_mix0448,68,4,0,49,-19,1.91
fold2_room1_mix0448,69,4,0,75,-25,1.64
fold2_room1_mix0448,69,4,0,76,-24,1.61
fold2_room1_mix0448,70,4,0,110,-29,1.53
fold2_room1_mix0448,70,4,0,109,-28,1.61
fold2_room1_mix0448,71,4,0,132,-21,2.05
fold2_room1_mix0448,71,4,0,130,-20,2.13
fold2_room1_mix0448,72,4,0,144,-17,2.50
fold2_room1_mix0448,72,4,0,142,-16,2.74
fold2_room1_mix0448,73,4,0,154,-13,2.95
fold2_room1_mix0448,73,4,0,152,-13,3.33
fold2_room1_mix0448,74,4,0,161,-9,4.72
fold2_room1_mix0448,74,4,0,-135,-9,6.07
fold2_room1_mix0448,75,4,0,163,-7,4.81
fold2_room1_mix0448,75,4,0,-124,-6,7.78
fold2_room1_mix0448,76,4,0,162,-6,5.26
fold2_room1_mix0448,76,4,0,-111,-4,10.86
fold2_room1_mix0448,77,4,0,162,-5,6.24
fold2_room1_mix0448,77,4,0,-111,-5,9.22
fold2_room1_mix0448,78,4,0,166,-4,7.25
fold2_room1_mix0448,78,4,0,-105,-4,10.12
fold2_room1_mix0448,79,4,0,170,-4,8.73
fold2_room1_mix0448,79,4,0,-109,-5,8.71
fold2_room1_mix0448,80,4,0,172,-4,8.50
fold2_room1_mix0448,80,4,0,-118,-4,9.74
fold2_room1_mix0448,81,4,0,172,-3,10.81
fold2_room1_mix0448,81,4,0,-115,-5,8.85
fold2_room1_mix0448,82,4,0,174,-3,10.77
fold2_room1_mix0448,82,4,0,-102,-5,9.15
fold2_room1_mix0448,83,4,0,173,-3,11.35
fold2_room1_mix0448,83,4,0,-100,-5,8.34
fold2_room1_mix0448,84,4,0,178,-3,12.09
fold2_room1_mix0448,84,4,0,-95,-5,7.96
fold2_room1_mix0448,85,4,0,178,-3,12.94
fold2_room1_mix0448,85,4,0,-96,-4,8.62
fold2_room1_mix0448,86,4,0,-172,-3,12.06
fold2_room1_mix0448,86,4,0,-86,-4,8.63
fold2_room1_mix0448,87,4,0,-163,-2,12.14
fold2_room1_mix0448,87,4,0,-91,-4,7.25
fold2_room1_mix0448,88,4,0,-120,-4,8.86
fold2_room1_mix0448,88,4,0,-137,-3,10.93
fold2_room1_mix0448,88,4,0,-84,-4,6.96
fold2_room1_mix0448,89,4,0,-114,-4,8.89
fold2_room1_mix0448,89,4,0,-134,-3,11.17
fold2_room1_mix0448,89,4,0,-88,-4,7.12
fold2_room1_mix0448,90,4,0,-97,-3,7.51
fold2_room1_mix0448,90,4,0,-91,-4,6.96
fold2_room1_mix0448,91,4,0,-78,-3,7.07
fold2_room1_mix0448,91,4,0,-77,-3,6.76
fold2_room1_mix0448,92,4,0,-76,-3,7.68
fold2_room1_mix0448,93,4,0,-69,-3,7.21
fold2_room1_mix0448,94,4,0,-66,-2,8.00
fold2_room1_mix0448,95,4,0,-61,-3,7.13
fold2_room1_mix0448,96,4,0,-64,-3,7.95
fold2_room1_mix0448,97,4,0,-55,-2,8.11
fold2_room1_mix0448,98,4,0,-54,-2,8.19
fold2_room1_mix0448,99,4,0,-50,-2,8.34
fold2_room1_mix0450,0,2,0,-86,-3,6.45
fold2_room1_mix0450,1,2,0,-67,-3,8.06
fold2_room1_mix0450,1,4,0,-1,0,2.01
fold2_room1_mix0450,2,2,0,-71,-3,6.77
fold2_room1_mix0450,2,4,0,-1,0,3.17
fold2_room1_mix0450,3,2,0,-75,-3,6.90
fold2_room1_mix0450,3,4,0,-1,0,5.30
fold2_room1_mix0450,4,2,0,-71,-3,7.66
fold2_room1_mix0450,4,4,0,-1,-1,12.16
fold2_room1_mix0450,5,4,0,-1,0,14.23
fold2_room1_mix0450,6,4,0,0,0,15.15
fold2_room1_mix0450,7,4,0,0,-1,19.77
fold2_room1_mix0450,8,4,0,0,-1,19.67
fold2_room1_mix0450,9,4,0,-1,-1,19.37
fold2_room1_mix0450,10,2,0,-70,-3,7.94
fold2_room1_mix0450,10,4,0,-1,-1,18.01
fold2_room1_mix0450,11,2,0,-72,-3,7.55
fold2_room1_mix0450,11,4,0,-1,-1,17.72
fold2_room1_mix0450,12,2,0,-73,-3,7.66
fold2_room1_mix0450,12,4,0,-2,-1,17.26
fold2_room1_mix0450,13,2,0,-72,-3,8.46
fold2_room1_mix0450,13,4,0,-2,-1,17.23
fold2_room1_mix0450,14,2,0,-72,-3,8.00
fold2_room1_mix0450,14,4,0,-2,-1,17.08
fold2_room1_mix0450,15,4,0,-2,-1,16.88
fold2_room1_mix0450,16,4,0,-3,-1,16.95
fold2_room1_mix0450,17,4,0,-3,-1,15.05
fold2_room1_mix0450,18,4,0,-3,-1,15.20
fold2_room1_mix0450,19,4,0,-2,-1,14.30
fold2_room1_mix0450,20,2,0,-67,-3,8.19
fold2_room1_mix0450,20,4,0,-3,-1,14.15
fold2_room1_mix0450,21,2,0,-72,-3,7.70
fold2_room1_mix0450,21,4,0,-3,-1,12.89
fold2_room1_mix0450,22,2,0,-70,-4,7.05
fold2_room1_mix0450,22,4,0,-4,-1,12.39
fold2_room1_mix0450,23,2,0,-72,-4,7.48
fold2_room1_mix0450,23,4,0,-5,-1,12.51
fold2_room1_mix0450,24,2,0,-73,-3,7.90
fold2_room1_mix0450,24,4,0,-4,-2,12.33
fold2_room1_mix0450,25,4,0,-4,-1,12.66
fold2_room1_mix0450,26,4,0,-4,-2,12.09
fold2_room1_mix0450,27,4,0,-3,-1,12.46
fold2_room1_mix0450,28,4,0,-4,-2,11.79
fold2_room1_mix0450,29,4,0,-3,-2,10.92
fold2_room1_mix0450,30,2,0,-72,-3,7.68
fold2_room1_mix0450,30,4,0,-3,-2,11.10
fold2_room1_mix0450,31,2,0,-77,-3,8.22
fold2_room1_mix0450,31,4,0,-2,-2,11.66
fold2_room1_mix0450,32,2,0,-74,-3,7.62
fold2_room1_mix0450,32,4,0,-4,-2,10.18
fold2_room1_mix0450,33,2,0,-75,-3,7.88
fold2_room1_mix0450,33,4,0,-3,-2,10.82
fold2_room1_mix0450,34,2,0,-77,-3,7.49
fold2_room1_mix0450,34,4,0,-3,-2,10.15
fold2_room1_mix0450,35,4,0,-2,-2,10.24
fold2_room1_mix0450,36,4,0,-2,-3,9.41
fold2_room1_mix0450,37,4,0,-10,-4,5.94
fold2_room1_mix0450,37,4,0,-7,-3,8.81
fold2_room1_mix0450,38,4,0,-4,-3,8.53
fold2_room1_mix0450,39,4,0,-3,-4,8.84
fold2_room1_mix0450,40,2,0,-76,-3,7.77
fold2_room1_mix0450,40,4,0,-16,-6,4.24
fold2_room1_mix0450,40,4,0,0,-3,9.17
fold2_room1_mix0450,41,2,0,-79,-2,3.74
fold2_room1_mix0450,41,4,0,-14,-6,5.07
fold2_room1_mix0450,41,4,0,6,-1,14.42
fold2_room1_mix0450,42,2,0,-70,-2,7.63
fold2_room1_mix0450,42,4,0,-19,-6,4.30
fold2_room1_mix0450,42,4,0,0,-4,8.85
fold2_room1_mix0450,43,2,0,-76,-3,6.69
fold2_room1_mix0450,43,4,0,-21,-7,3.70
fold2_room1_mix0450,43,4,0,0,-4,9.09
fold2_room1_mix0450,44,2,0,-76,-2,3.28
fold2_room1_mix0450,44,4,0,-20,-9,3.96
fold2_room1_mix0450,44,4,0,7,-1,13.26
fold2_room1_mix0450,45,4,0,-22,-10,3.41
fold2_room1_mix0450,45,4,0,7,-2,12.76
fold2_room1_mix0450,46,4,0,-29,-13,2.77
fold2_room1_mix0450,46,4,0,2,-3,12.78
fold2_room1_mix0450,47,4,0,-16,-13,4.11
fold2_room1_mix0450,47,4,0,-43,-16,1.76
fold2_room1_mix0450,47,4,0,3,-4,12.06
fold2_room1_mix0450,48,4,0,-29,-17,2.95
fold2_room1_mix0450,48,4,0,-48,-19,1.38
fold2_room1_mix0450,48,4,0,5,-5,12.08
fold2_room1_mix0450,49,4,0,-56,-23,1.79
fold2_room1_mix0450,49,4,0,5,-6,14.07
fold2_room1_mix0450,50,2,0,-76,-3,4.10
fold2_room1_mix0450,50,4,0,-69,-28,1.89
fold2_room1_mix0450,50,4,0,-88,-28,1.04
fold2_room1_mix0450,50,4,0,12,-7,13.29
fold2_room1_mix0450,51,2,0,-71,-3,7.66
fold2_room1_mix0450,51,4,0,-37,-23,3.14
fold2_room1_mix0450,51,4,0,-117,-23,1.22
fold2_room1_mix0450,51,4,0,7,-6,9.54
fold2_room1_mix0450,52,2,0,-79,-3,8.25
fold2_room1_mix0450,52,4,0,-68,-26,2.55
fold2_room1_mix0450,52,4,0,-136,-19,1.48
fold2_room1_mix0450,52,4,0,0,-8,7.87
fold2_room1_mix0450,53,2,0,-90,-3,6.59
fold2_room1_mix0450,53,4,0,-18,-13,3.56
fold2_room1_mix0450,53,4,0,-145,-13,1.69
fold2_room1_mix0450,53,4,0,1,-7,5.81
fold2_room1_mix0450,54,2,0,-79,-2,3.44
fold2_room1_mix0450,54,4,0,-20,-11,3.96
fold2_room1_mix0450,54,4,0,-150,-11,2.09
fold2_room1_mix0450,54,4,0,-3,-7,5.12
fold2_room1_mix0450,55,4,0,-11,-11,3.97
fold2_room1_mix0450,55,4,0,-5,-9,4.34
fold2_room1_mix0450,56,4,0,-5,-10,4.30
fold2_room1_mix0450,56,4,0,-2,-9,4.07
fold2_room1_mix0450,57,4,0,-2,-7,4.54
fold2_room1_mix0450,57,4,0,-1,-7,4.14
fold2_room1_mix0450,58,4,0,-8,-12,4.31
fold2_room1_mix0450,58,4,0,-3,-10,3.57
fold2_room1_mix0450,59,2,0,-89,-2,2.21
fold2_room1_mix0450,59,4,0,0,-7,4.62
fold2_room1_mix0450,59,4,0,2,-7,4.21
fold2_room1_mix0450,60,2,0,-102,-2,6.75
fold2_room1_mix0450,60,4,0,7,-10,3.44
fold2_room1_mix0450,60,4,0,8,-9,3.06
fold2_room1_mix0450,61,2,0,-98,-3,8.48
fold2_room1_mix0450,61,4,0,-10,-13,4.12
fold2_room1_mix0450,61,4,0,-164,-6,4.01
fold2_room1_mix0450,61,4,0,13,-10,2.32
fold2_room1_mix0450,62,2,0,-92,-3,8.84
fold2_room1_mix0450,62,4,0,-165,-6,4.56
fold2_room1_mix0450,62,4,0,17,-11,2.14
fold2_room1_mix0450,63,2,0,-104,-3,9.85
fold2_room1_mix0450,63,4,0,21,-14,3.05
fold2_room1_mix0450,63,4,0,16,-12,2.75
fold2_room1_mix0450,64,4,0,39,-20,2.49
fold2_room1_mix0450,64,4,0,-170,-6,4.38
fold2_room1_mix0450,64,4,0,22,-13,1.75
fold2_room1_mix0450,65,4,0,58,-27,2.33
fold2_room1_mix0450,65,4,0,-169,-6,4.92
fold2_room1_mix0450,65,4,0,35,-20,0.92
fold2_room1_mix0450,66,4,0,92,-30,2.17
fold2_room1_mix0450,66,4,0,-172,-7,4.98
fold2_room1_mix0450,66,4,0,40,-22,0.86
fold2_room1_mix0450,67,4,0,79,-28,1.44
fold2_room1_mix0450,67,4,0,74,-28,1.05
fold2_room1_mix0450,68,4,0,125,-27,2.05
fold2_room1_mix0450,68,4,0,-165,-8,6.02
fold2_room1_mix0450,68,4,0,98,-24,0.42
fold2_room1_mix0450,69,4,0,138,-20,1.99
fold2_room1_mix0450,69,4,0,-165,-7,6.21
fold2_room1_mix0450,69,4,0,118,-21,0.82
fold2_room1_mix0450,70,4,0,164,-13,3.66
fold2_room1_mix0450,70,4,0,-171,-5,6.13
fold2_room1_mix0450,70,4,0,131,-17,0.70
fold2_room1_mix0450,71,4,0,167,-11,3.85
fold2_room1_mix0450,71,4,0,-171,-4,7.18
fold2_room1_mix0450,71,4,0,138,-14,1.15
fold2_room1_mix0450,72,4,0,167,-10,3.91
fold2_room1_mix0450,72,4,0,-170,-4,7.24
fold2_room1_mix0450,72,4,0,143,-13,1.59
fold2_room1_mix0450,73,4,0,168,-7,4.39
fold2_room1_mix0450,73,4,0,-171,-2,7.79
fold2_room1_mix0450,73,4,0,149,-10,2.15
fold2_room1_mix0450,74,4,0,167,-8,3.97
fold2_room1_mix0450,74,4,0,161,-9,3.21
fold2_room1_mix0450,75,4,0,168,-7,4.33
fold2_room1_mix0450,75,4,0,163,-8,3.62
fold2_room1_mix0450,76,4,0,169,-6,4.58
fold2_room1_mix0450,76,4,0,165,-7,3.93
fold2_room1_mix0450,77,4,0,169,-6,4.73
fold2_room1_mix0450,77,4,0,167,-7,4.14
fold2_room1_mix0450,78,4,0,170,-5,5.53
fold2_room1_mix0450,78,4,0,168,-6,4.85
fold2_room1_mix0450,79,4,0,171,-4,5.85
fold2_room1_mix0450,79,4,0,168,-6,5.04
fold2_room1_mix0450,80,4,0,171,-4,5.76
fold2_room1_mix0450,80,4,0,169,-5,5.00
fold2_room1_mix0450,81,4,0,175,-3,8.19
fold2_room1_mix0450,82,4,0,175,-3,8.63
fold2_room1_mix0450,83,4,0,176,-3,8.82
fold2_room1_mix0450,84,4,0,176,-2,9.90
fold2_room1_mix0450,85,4,0,177,-2,10.18
fold2_room1_mix0450,86,4,0,177,-2,10.17
fold2_room1_mix0450,87,4,0,176,-2,10.16
fold2_room1_mix0450,88,4,0,177,-2,10.63
fold2_room1_mix0450,89,4,0,177,-2,10.57
fold2_room1_mix0450,90,4,0,177,-2,10.55
fold2_room1_mix0450,91,4,0,178,-2,11.24
fold2_room1_mix0450,92,4,0,178,-2,11.56
fold2_room1_mix0450,93,4,0,178,-2,11.70
fold2_room1_mix0450,94,4,0,178,-2,12.09
fold2_room1_mix0450,95,4,0,179,-1,12.86
fold2_room1_mix0450,96,4,0,179,-1,13.35
fold2_room1_mix0450,97,4,0,179,-1,13.56
fold2_room1_mix0450,98,4,0,179,-1,14.38
fold2_room1_mix0450,99,4,0,179,-1,13.88
fold2_room1_mix0455,0,0,0,-72,-2,2.20
fold2_room1_mix0455,1,0,0,-79,-2,1.77
fold2_room1_mix0455,2,0,0,-83,-2,5.92
fold2_room1_mix0455,3,0,0,-87,-3,6.68
fold2_room1_mix0455,4,0,0,-91,-3,6.67
fold2_room1_mix0455,5,0,0,-94,-3,10.94
fold2_room1_mix0455,6,0,0,-91,-3,12.99
fold2_room1_mix0455,7,0,0,-95,-3,12.37
fold2_room1_mix0455,8,0,0,-97,-3,11.90
fold2_room1_mix0455,9,0,0,-98,-3,11.94
fold2_room1_mix0455,10,0,0,-98,-3,10.78
fold2_room1_mix0455,11,0,0,-104,-3,12.00
fold2_room1_mix0455,12,0,0,-107,-3,11.82
fold2_room1_mix0455,13,0,0,-112,-3,12.69
fold2_room1_mix0455,14,0,0,-112,-3,12.54
fold2_room1_mix0455,15,0,0,-113,-3,12.15
fold2_room1_mix0455,16,0,0,-114,-3,11.48
fold2_room1_mix0455,17,0,0,-119,-3,11.46
fold2_room1_mix0455,18,0,0,-124,-3,11.94
fold2_room1_mix0455,19,0,0,-125,-3,12.69
fold2_room1_mix0455,20,0,0,-127,-2,13.11
fold2_room1_mix0455,21,0,0,-129,-2,14.44
fold2_room1_mix0455,22,0,0,-130,-2,14.05
fold2_room1_mix0455,23,0,0,-130,-2,13.92
fold2_room1_mix0455,23,4,0,-1,0,18.48
fold2_room1_mix0455,24,0,0,-137,-2,17.45
fold2_room1_mix0455,24,4,0,-2,1,13.15
fold2_room1_mix0455,25,0,0,-150,-1,13.90
fold2_room1_mix0455,25,0,0,-5,-1,159.28
fold2_room1_mix0455,25,4,0,-1,0,14.82
fold2_room1_mix0455,26,0,0,-152,-1,14.33
fold2_room1_mix0455,26,0,0,-3,-1,222.45
fold2_room1_mix0455,26,4,0,-8,1,16.37
fold2_room1_mix0455,27,0,0,-154,-1,16.58
fold2_room1_mix0455,27,0,0,1,0,235.62
fold2_room1_mix0455,27,4,0,-3,0,32.67
fold2_room1_mix0455,28,0,0,-152,-1,16.28
fold2_room1_mix0455,28,0,0,-5,-1,184.01
fold2_room1_mix0455,28,4,0,-2,2,9.16
fold2_room1_mix0455,29,0,0,-152,-1,18.20
fold2_room1_mix0455,29,0,0,0,0,235.42
fold2_room1_mix0455,29,4,0,-1,0,34.76
fold2_room1_mix0455,30,0,0,-150,-1,18.45
fold2_room1_mix0455,30,0,0,-1,0,246.00
fold2_room1_mix0455,30,4,0,0,0,30.28
fold2_room1_mix0455,31,0,0,-154,-1,19.43
fold2_room1_mix0455,31,0,0,-1,0,195.72
fold2_room1_mix0455,31,4,0,2,0,33.78
fold2_room1_mix0455,32,0,0,-150,-1,21.09
fold2_room1_mix0455,32,0,0,-11,-1,118.64
fold2_room1_mix0455,32,4,0,4,0,33.15
fold2_room1_mix0455,33,0,0,-152,-1,24.34
fold2_room1_mix0455,33,0,0,-3,0,206.46
fold2_room1_mix0455,33,4,0,1,-1,31.10
fold2_room1_mix0455,34,0,0,-154,-1,18.85
fold2_room1_mix0455,34,0,0,0,0,163.45
fold2_room1_mix0455,34,4,0,2,-1,34.84
fold2_room1_mix0455,35,0,0,-154,-1,21.38
fold2_room1_mix0455,35,0,0,-8,0,100.47
fold2_room1_mix0455,35,4,0,1,0,35.88
fold2_room1_mix0455,36,0,0,-154,-1,22.00
fold2_room1_mix0455,36,0,0,-12,-1,86.91
fold2_room1_mix0455,36,4,0,4,0,37.54
fold2_room1_mix0455,37,0,0,-156,-1,20.03
fold2_room1_mix0455,37,0,0,1,0,184.47
fold2_room1_mix0455,37,4,0,1,0,34.08
fold2_room1_mix0455,38,0,0,-158,-1,20.79
fold2_room1_mix0455,38,0,0,-2,0,136.42
fold2_room1_mix0455,38,4,0,2,0,35.84
fold2_room1_mix0455,39,0,0,-157,-1,23.92
fold2_room1_mix0455,39,0,0,-1,0,185.84
fold2_room1_mix0455,39,4,0,-1,0,32.67
fold2_room1_mix0455,40,0,0,-159,-1,19.18
fold2_room1_mix0455,40,0,0,2,0,239.03
fold2_room1_mix0455,40,4,0,1,0,30.42
fold2_room1_mix0455,41,0,0,-158,-1,23.29
fold2_room1_mix0455,41,0,0,-2,0,213.12
fold2_room1_mix0455,41,4,0,0,0,31.42
fold2_room1_mix0455,42,0,0,-157,-1,24.17
fold2_room1_mix0455,42,0,0,-1,0,241.00
fold2_room1_mix0455,42,4,0,3,0,29.06
fold2_room1_mix0455,43,0,0,-156,-1,21.94
fold2_room1_mix0455,43,0,0,0,0,252.18
fold2_room1_mix0455,43,4,0,2,0,28.33
fold2_room1_mix0455,44,0,0,-157,-1,25.06
fold2_room1_mix0455,44,0,0,-3,0,179.36
fold2_room1_mix0455,44,4,0,1,0,30.33
fold2_room1_mix0455,45,0,0,-158,0,27.00
fold2_room1_mix0455,45,0,0,-2,0,198.45
fold2_room1_mix0455,45,4,0,2,-1,30.09
fold2_room1_mix0455,46,0,0,-157,0,25.56
fold2_room1_mix0455,46,0,0,0,0,190.77
fold2_room1_mix0455,46,4,0,2,-1,27.89
fold2_room1_mix0455,47,0,0,-157,0,24.67
fold2_room1_mix0455,47,0,0,-2,0,171.11
fold2_room1_mix0455,47,4,0,2,-1,27.37
fold2_room1_mix0455,48,0,0,-157,0,29.44
fold2_room1_mix0455,48,0,0,-6,0,132.69
fold2_room1_mix0455,48,4,0,0,0,26.64
fold2_room1_mix0455,49,0,0,-158,0,33.38
fold2_room1_mix0455,49,0,0,-2,0,191.44
fold2_room1_mix0455,49,4,0,2,0,26.05
fold2_room1_mix0455,50,0,0,-158,0,25.02
fold2_room1_mix0455,50,0,0,0,0,202.66
fold2_room1_mix0455,50,4,0,2,0,22.76
fold2_room1_mix0455,51,0,0,-163,0,30.21
fold2_room1_mix0455,51,0,0,-3,0,172.12
fold2_room1_mix0455,51,4,0,0,0,22.94
fold2_room1_mix0455,52,0,0,-160,0,30.06
fold2_room1_mix0455,52,0,0,0,0,192.27
fold2_room1_mix0455,52,4,0,1,0,23.05
fold2_room1_mix0455,53,0,0,-162,0,22.13
fold2_room1_mix0455,53,0,0,2,0,272.14
fold2_room1_mix0455,53,4,0,1,0,21.22
fold2_room1_mix0455,54,0,0,-163,0,29.28
fold2_room1_mix0455,54,0,0,-1,0,209.63
fold2_room1_mix0455,54,4,0,3,0,18.60
fold2_room1_mix0455,55,0,0,-159,0,32.39
fold2_room1_mix0455,55,0,0,-2,0,215.29
fold2_room1_mix0455,55,4,0,2,-1,17.65
fold2_room1_mix0455,56,0,0,-161,0,25.92
fold2_room1_mix0455,56,0,0,1,0,285.07
fold2_room1_mix0455,56,4,0,2,-1,16.95
fold2_room1_mix0455,57,0,0,-161,0,33.34
fold2_room1_mix0455,57,0,0,-2,0,208.18
fold2_room1_mix0455,57,4,0,1,-1,17.17
fold2_room1_mix0455,58,0,0,-159,0,32.41
fold2_room1_mix0455,58,0,0,-2,0,234.76
fold2_room1_mix0455,58,4,0,5,-1,16.31
fold2_room1_mix0455,59,0,0,-159,0,30.52
fold2_room1_mix0455,59,0,0,1,0,264.54
fold2_room1_mix0455,59,4,0,4,-1,14.94
fold2_room1_mix0455,60,0,0,-161,0,33.84
fold2_room1_mix0455,60,0,0,-3,0,191.86
fold2_room1_mix0455,60,4,0,5,-1,15.21
fold2_room1_mix0455,61,0,0,-160,0,40.58
fold2_room1_mix0455,61,0,0,-5,0,201.90
fold2_room1_mix0455,61,4,0,4,-1,14.88
fold2_room1_mix0455,62,0,0,-160,0,38.74
fold2_room1_mix0455,62,0,0,-1,0,236.33
fold2_room1_mix0455,62,4,0,5,-1,13.12
fold2_room1_mix0455,63,0,0,-162,0,30.87
fold2_room1_mix0455,63,0,0,0,0,250.33
fold2_room1_mix0455,63,4,0,7,-1,12.36
fold2_room1_mix0455,64,0,0,-163,0,31.38
fold2_room1_mix0455,64,0,0,0,0,249.95
fold2_room1_mix0455,64,4,0,6,-1,12.84
fold2_room1_mix0455,65,0,0,-163,0,34.03
fold2_room1_mix0455,65,0,0,1,0,293.54
fold2_room1_mix0455,65,4,0,6,-1,12.52
fold2_room1_mix0455,66,0,0,-163,0,29.52
fold2_room1_mix0455,66,0,0,1,0,298.62
fold2_room1_mix0455,66,4,0,8,-2,11.09
fold2_room1_mix0455,67,0,0,-165,0,38.64
fold2_room1_mix0455,67,0,0,-3,0,214.83
fold2_room1_mix0455,67,4,0,8,-2,11.05
fold2_room1_mix0455,68,0,0,-162,0,37.87
fold2_room1_mix0455,68,0,0,-1,0,252.17
fold2_room1_mix0455,68,4,0,8,-2,10.28
fold2_room1_mix0455,69,0,0,-161,0,30.70
fold2_room1_mix0455,69,0,0,1,0,307.93
fold2_room1_mix0455,69,4,0,9,-2,9.71
fold2_room1_mix0455,70,0,0,-162,0,37.36
fold2_room1_mix0455,70,0,0,-5,0,177.37
fold2_room1_mix0455,70,4,0,12,-3,8.20
fold2_room1_mix0455,71,0,0,-161,0,38.44
fold2_room1_mix0455,71,0,0,-2,0,228.13
fold2_room1_mix0455,71,4,0,11,-4,7.19
fold2_room1_mix0455,72,0,0,-161,0,33.66
fold2_room1_mix0455,72,0,0,2,0,267.63
fold2_room1_mix0455,72,4,0,11,-4,6.84
fold2_room1_mix0455,73,0,0,-163,0,40.48
fold2_room1_mix0455,73,0,0,-2,0,206.69
fold2_room1_mix0455,73,4,0,12,-5,5.32
fold2_room1_mix0455,74,0,0,-162,0,46.12
fold2_room1_mix0455,74,0,0,-3,0,230.98
fold2_room1_mix0455,74,4,0,15,-5,5.36
fold2_room1_mix0455,75,0,0,-163,0,39.78
fold2_room1_mix0455,75,0,0,0,0,257.88
fold2_room1_mix0455,75,4,0,19,-6,4.53
fold2_room1_mix0455,76,0,0,-165,0,40.93
fold2_room1_mix0455,76,0,0,-2,0,222.79
fold2_room1_mix0455,76,4,0,24,-7,3.86
fold2_room1_mix0455,77,0,0,-163,0,44.07
fold2_room1_mix0455,77,0,0,-2,0,266.56
fold2_room1_mix0455,77,4,0,32,-8,3.43
fold2_room1_mix0455,78,0,0,-162,0,37.18
fold2_room1_mix0455,78,0,0,1,0,296.09
fold2_room1_mix0455,78,4,0,41,-9,3.45
fold2_room1_mix0455,79,0,0,-164,0,33.22
fold2_room1_mix0455,79,0,0,2,0,309.79
fold2_room1_mix0455,79,4,0,77,-11,1.89
fold2_room1_mix0455,79,4,0,39,-6,6.53
fold2_room1_mix0455,80,0,0,-167,0,49.97
fold2_room1_mix0455,80,0,0,-2,0,261.84
fold2_room1_mix0455,80,4,0,116,-11,2.48
fold2_room1_mix0455,81,0,0,-164,0,45.50
fold2_room1_mix0455,81,0,0,1,0,304.53
fold2_room1_mix0455,81,4,0,140,-9,3.45
fold2_room1_mix0455,82,0,0,-165,0,35.22
fold2_room1_mix0455,82,0,0,3,0,361.20
fold2_room1_mix0455,82,4,0,155,-6,4.12
fold2_room1_mix0455,83,0,0,-165,0,47.34
fold2_room1_mix0455,83,0,0,-2,0,250.27
fold2_room1_mix0455,83,4,0,161,-6,4.17
fold2_room1_mix0455,84,0,0,-164,0,45.61
fold2_room1_mix0455,84,0,0,0,0,287.80
fold2_room1_mix0455,84,4,0,165,-4,5.15
fold2_room1_mix0455,85,0,0,-165,0,37.16
fold2_room1_mix0455,85,0,0,2,0,295.53
fold2_room1_mix0455,85,4,0,171,-4,5.55
fold2_room1_mix0455,86,0,0,-165,0,46.63
fold2_room1_mix0455,86,0,0,-3,0,238.19
fold2_room1_mix0455,86,4,0,171,-3,6.63
fold2_room1_mix0455,87,0,0,-163,0,48.15
fold2_room1_mix0455,87,0,0,-2,0,265.70
fold2_room1_mix0455,87,4,0,173,-3,7.16
fold2_room1_mix0455,88,0,0,-163,0,35.11
fold2_room1_mix0455,88,0,0,2,0,288.50
fold2_room1_mix0455,88,4,0,175,-3,7.63
fold2_room1_mix0455,89,0,0,-163,0,35.71
fold2_room1_mix0455,89,0,0,1,0,290.05
fold2_room1_mix0455,89,4,0,175,-3,8.40
fold2_room1_mix0455,90,0,0,-164,0,36.38
fold2_room1_mix0455,90,0,0,1,0,285.36
fold2_room1_mix0455,90,4,0,176,-2,9.38
fold2_room1_mix0455,91,0,0,-164,0,38.28
fold2_room1_mix0455,91,0,0,3,0,284.80
fold2_room1_mix0455,91,4,0,176,-2,9.69
fold2_room1_mix0455,92,0,0,-165,0,42.25
fold2_room1_mix0455,92,0,0,0,0,293.88
fold2_room1_mix0455,92,4,0,176,-1,10.14
fold2_room1_mix0455,93,0,0,-163,0,43.98
fold2_room1_mix0455,93,0,0,0,0,329.44
fold2_room1_mix0455,93,4,0,177,-2,10.53
fold2_room1_mix0455,94,0,0,-164,0,42.43
fold2_room1_mix0455,94,0,0,0,0,292.37
fold2_room1_mix0455,94,4,0,178,-1,11.78
fold2_room1_mix0455,95,0,0,-164,0,46.59
fold2_room1_mix0455,95,0,0,0,0,288.17
fold2_room1_mix0455,95,4,0,178,-1,12.81
fold2_room1_mix0455,96,0,0,-164,0,51.57
fold2_room1_mix0455,96,0,0,-1,0,283.67
fold2_room1_mix0455,96,4,0,177,-1,12.58
fold2_room1_mix0455,97,0,0,-165,0,50.26
fold2_room1_mix0455,97,0,0,-1,0,258.05
fold2_room1_mix0455,97,4,0,178,-1,13.98
fold2_room1_mix0455,98,0,0,-165,0,43.49
fold2_room1_mix0455,98,0,0,0,0,260.60
fold2_room1_mix0455,98,4,0,179,-1,14.63
fold2_room1_mix0455,99,0,0,-165,0,53.39
fold2_room1_mix0455,99,0,0,-1,0,201.85
fold2_room1_mix0455,99,4,0,179,-2,15.26
fold2_room1_mix0458,1,4,0,14,0,3.06
fold2_room1_mix0458,2,4,0,18,0,4.43
fold2_room1_mix0458,3,4,0,14,0,12.52
fold2_room1_mix0458,4,4,0,14,-1,18.55
fold2_room1_mix0458,5,4,0,15,0,20.13
fold2_room1_mix0458,6,4,0,15,0,24.29
fold2_room1_mix0458,7,4,0,16,-1,34.69
fold2_room1_mix0458,8,4,0,16,-1,33.03
fold2_room1_mix0458,9,4,0,17,-1,32.16
fold2_room1_mix0458,10,4,0,19,-1,31.57
fold2_room1_mix0458,11,4,0,19,-1,30.39
fold2_room1_mix0458,12,4,0,18,-1,30.80
fold2_room1_mix0458,13,4,0,17,-1,29.37
fold2_room1_mix0458,14,4,0,19,-1,29.01
fold2_room1_mix0458,15,4,0,18,-1,27.72
fold2_room1_mix0458,16,4,0,19,-1,28.87
fold2_room1_mix0458,17,4,0,20,-1,27.51
fold2_room1_mix0458,18,4,0,20,-1,26.38
fold2_room1_mix0458,19,4,0,20,-1,27.07
fold2_room1_mix0458,20,4,0,21,-1,25.79
fold2_room1_mix0458,21,4,0,20,-1,25.99
fold2_room1_mix0458,22,4,0,23,-1,25.23
fold2_room1_mix0458,23,4,0,23,-1,25.08
fold2_room1_mix0458,24,4,0,23,-1,24.28
fold2_room1_mix0458,25,4,0,23,-1,23.85
fold2_room1_mix0458,26,4,0,24,-1,23.26
fold2_room1_mix0458,27,4,0,25,-1,22.46
fold2_room1_mix0458,28,4,0,24,-1,22.38
fold2_room1_mix0458,29,4,0,24,-1,21.93
fold2_room1_mix0458,30,4,0,25,-1,21.27
fold2_room1_mix0458,31,4,0,26,-1,20.80
fold2_room1_mix0458,32,4,0,24,-1,20.42
fold2_room1_mix0458,33,4,0,25,-1,20.49
fold2_room1_mix0458,34,4,0,28,-1,19.90
fold2_room1_mix0458,35,4,0,28,-1,19.41
fold2_room1_mix0458,36,4,0,28,-1,19.07
fold2_room1_mix0458,37,4,0,29,-1,18.79
fold2_room1_mix0458,38,4,0,30,-1,18.36
fold2_room1_mix0458,39,4,0,31,-1,18.06
fold2_room1_mix0458,40,4,0,32,-1,17.41
fold2_room1_mix0458,41,4,0,33,-1,17.18
fold2_room1_mix0458,42,4,0,33,-1,17.15
fold2_room1_mix0458,43,4,0,34,-1,16.30
fold2_room1_mix0458,44,4,0,34,-1,15.82
fold2_room1_mix0458,45,4,0,35,-1,15.62
fold2_room1_mix0458,46,4,0,36,-1,15.94
fold2_room1_mix0458,47,4,0,37,-1,15.44
fold2_room1_mix0458,48,4,0,38,-1,15.48
fold2_room1_mix0458,49,4,0,40,-1,15.47
fold2_room1_mix0458,50,4,0,41,-1,15.25
fold2_room1_mix0458,51,4,0,43,-2,14.25
fold2_room1_mix0458,52,4,0,43,-2,14.33
fold2_room1_mix0458,53,4,0,45,-2,14.32
fold2_room1_mix0458,54,4,0,47,-1,13.45
fold2_room1_mix0458,55,4,0,48,-1,13.68
fold2_room1_mix0458,56,4,0,48,-1,13.22
fold2_room1_mix0458,57,4,0,51,-1,12.88
fold2_room1_mix0458,58,4,0,51,-1,12.78
fold2_room1_mix0458,59,4,0,54,-1,12.51
fold2_room1_mix0458,60,4,0,56,-2,12.21
fold2_room1_mix0458,61,4,0,57,-2,11.84
fold2_room1_mix0458,62,4,0,60,-2,11.80
fold2_room1_mix0458,63,4,0,62,-2,11.44
fold2_room1_mix0458,64,4,0,64,-2,11.36
fold2_room1_mix0458,65,4,0,66,-2,11.32
fold2_room1_mix0458,66,4,0,68,-2,11.02
fold2_room1_mix0458,67,4,0,71,-2,11.07
fold2_room1_mix0458,68,4,0,74,-2,10.90
fold2_room1_mix0458,69,4,0,78,-2,10.69
fold2_room1_mix0458,70,4,0,81,-2,10.80
fold2_room1_mix0458,71,4,0,84,-2,10.89
fold2_room1_mix0458,72,4,0,88,-2,10.61
fold2_room1_mix0458,73,4,0,92,-2,10.84
fold2_room1_mix0458,74,4,0,93,-2,10.78
fold2_room1_mix0458,75,4,0,96,-2,10.80
fold2_room1_mix0458,76,4,0,99,-2,10.79
fold2_room1_mix0458,77,4,0,102,-2,11.11
fold2_room1_mix0458,78,4,0,104,-2,11.23
fold2_room1_mix0458,79,4,0,106,-2,11.40
fold2_room1_mix0458,80,4,0,109,-2,11.56
fold2_room1_mix0458,81,4,0,112,-2,11.90
fold2_room1_mix0458,82,4,0,114,-2,11.90
fold2_room1_mix0458,83,4,0,116,-2,11.82
fold2_room1_mix0458,84,4,0,118,-2,11.95
fold2_room1_mix0458,85,4,0,118,-2,12.05
fold2_room1_mix0458,86,4,0,121,-2,12.57
fold2_room1_mix0458,87,4,0,123,-2,12.82
fold2_room1_mix0458,88,4,0,124,-2,12.77
fold2_room1_mix0458,89,4,0,126,-2,13.26
fold2_room1_mix0458,90,4,0,127,-2,13.30
fold2_room1_mix0458,91,4,0,129,-2,13.63
fold2_room1_mix0458,92,4,0,130,-2,13.76
fold2_room1_mix0458,93,4,0,131,-2,14.48
fold2_room1_mix0458,94,4,0,133,-2,14.82
fold2_room1_mix0458,95,4,0,134,-2,14.69
fold2_room1_mix0458,96,4,0,135,-2,14.89
fold2_room1_mix0458,97,4,0,136,-1,15.73
fold2_room1_mix0458,98,4,0,136,-1,15.85
fold2_room1_mix0458,99,4,0,138,-1,15.53
fold2_room1_mix0463,0,2,0,-137,-1,9.28
fold2_room1_mix0463,1,2,0,-135,-1,9.36
fold2_room1_mix0463,2,2,0,-138,-1,8.63
fold2_room1_mix0463,3,2,0,-138,-1,9.51
fold2_room1_mix0463,4,2,0,-138,-1,9.88
fold2_room1_mix0463,4,4,0,-8,-1,7.74
fold2_room1_mix0463,5,2,0,-135,-1,11.39
fold2_room1_mix0463,6,4,0,-5,0,15.11
fold2_room1_mix0463,7,4,0,-12,0,17.65
fold2_room1_mix0463,8,4,0,-11,0,23.48
fold2_room1_mix0463,9,4,0,-14,0,32.17
fold2_room1_mix0463,10,2,0,-131,-2,9.45
fold2_room1_mix0463,10,4,0,-10,0,35.37
fold2_room1_mix0463,11,2,0,-131,-2,9.25
fold2_room1_mix0463,11,4,0,-12,0,28.88
fold2_room1_mix0463,12,2,0,-132,-2,9.12
fold2_room1_mix0463,12,4,0,-11,-1,31.00
fold2_room1_mix0463,13,2,0,-128,-2,8.41
fold2_room1_mix0463,13,4,0,-13,-1,29.81
fold2_room1_mix0463,14,2,0,-130,-2,9.14
fold2_room1_mix0463,14,4,0,-12,-1,31.90
fold2_room1_mix0463,15,2,0,-124,-2,9.32
fold2_room1_mix0463,15,4,0,-13,-1,31.95
fold2_room1_mix0463,16,4,0,-14,-1,30.09
fold2_room1_mix0463,17,4,0,-16,-1,32.01
fold2_room1_mix0463,18,4,0,-16,-1,32.50
fold2_room1_mix0463,19,4,0,-19,0,32.70
fold2_room1_mix0463,20,2,0,-127,-2,9.61
fold2_room1_mix0463,20,4,0,-18,-1,30.08
fold2_room1_mix0463,21,2,0,-124,-2,9.08
fold2_room1_mix0463,21,4,0,-17,-1,29.64
fold2_room1_mix0463,22,2,0,-122,-3,7.78
fold2_room1_mix0463,22,4,0,-16,-1,29.19
fold2_room1_mix0463,23,2,0,-121,-3,7.73
fold2_room1_mix0463,23,4,0,-18,-1,28.82
fold2_room1_mix0463,24,2,0,-120,-3,6.95
fold2_room1_mix0463,24,4,0,-18,-1,26.75
fold2_room1_mix0463,25,2,0,-115,-3,7.51
fold2_room1_mix0463,25,4,0,-17,-1,27.01
fold2_room1_mix0463,26,4,0,-18,-1,25.66
fold2_room1_mix0463,27,4,0,-22,-1,27.33
fold2_room1_mix0463,28,4,0,-21,-1,25.37
fold2_room1_mix0463,29,4,0,-21,-1,25.10
fold2_room1_mix0463,30,2,0,-117,-2,7.43
fold2_room1_mix0463,30,4,0,-23,-1,26.30
fold2_room1_mix0463,31,2,0,-117,-3,7.11
fold2_room1_mix0463,31,4,0,-21,-1,24.36
fold2_room1_mix0463,32,2,0,-114,-3,6.86
fold2_room1_mix0463,32,4,0,-22,-1,23.92
fold2_room1_mix0463,33,2,0,-113,-4,6.74
fold2_room1_mix0463,33,4,0,-23,-1,22.96
fold2_room1_mix0463,34,2,0,-112,-4,6.61
fold2_room1_mix0463,34,4,0,-23,-1,24.11
fold2_room1_mix0463,35,2,0,-106,-3,6.40
fold2_room1_mix0463,35,4,0,-22,-1,21.76
fold2_room1_mix0463,36,4,0,-26,-1,23.11
fold2_room1_mix0463,37,4,0,-28,-1,20.72
fold2_room1_mix0463,38,4,0,-30,-1,21.53
fold2_room1_mix0463,39,4,0,-33,-1,20.77
fold2_room1_mix0463,40,2,0,-105,-3,6.24
fold2_room1_mix0463,40,4,0,-34,-1,20.67
fold2_room1_mix0463,41,2,0,-98,-4,6.08
fold2_room1_mix0463,41,4,0,-32,-1,20.33
fold2_room1_mix0463,42,2,0,-91,-4,6.46
fold2_room1_mix0463,42,4,0,-33,-1,20.13
fold2_room1_mix0463,43,2,0,-91,-4,6.50
fold2_room1_mix0463,43,4,0,-35,0,20.23
fold2_room1_mix0463,44,2,0,-88,-4,6.61
fold2_room1_mix0463,44,4,0,-35,-1,19.14
fold2_room1_mix0463,45,2,0,-88,-3,2.56
fold2_room1_mix0463,45,4,0,-38,-1,18.68
fold2_room1_mix0463,46,4,0,-35,-1,17.02
fold2_room1_mix0463,47,4,0,-37,-1,16.72
fold2_room1_mix0463,48,4,0,-36,-1,15.92
fold2_room1_mix0463,49,4,0,-38,-1,15.24
fold2_room1_mix0463,50,2,0,-71,-3,7.28
fold2_room1_mix0463,50,4,0,-39,-1,14.77
fold2_room1_mix0463,51,2,0,-68,-3,6.94
fold2_room1_mix0463,51,4,0,-39,-2,14.05
fold2_room1_mix0463,52,2,0,-61,-3,6.70
fold2_room1_mix0463,52,4,0,-43,-2,13.66
fold2_room1_mix0463,53,2,0,-58,-3,6.75
fold2_room1_mix0463,53,4,0,-42,-2,12.64
fold2_room1_mix0463,54,2,0,-56,-3,6.84
fold2_room1_mix0463,54,4,0,-45,-2,12.71
fold2_room1_mix0463,55,2,0,-52,-2,9.14
fold2_room1_mix0463,55,4,0,-49,-2,12.61
fold2_room1_mix0463,56,4,0,-49,-2,12.57
fold2_room1_mix0463,57,4,0,-52,-2,11.97
fold2_room1_mix0463,58,4,0,-53,-1,11.86
fold2_room1_mix0463,59,4,0,-56,-2,11.33
fold2_room1_mix0463,60,2,0,-49,-3,8.37
fold2_room1_mix0463,60,4,0,-59,-2,11.00
fold2_room1_mix0463,61,2,0,-47,-3,8.68
fold2_room1_mix0463,61,4,0,-62,-2,10.36
fold2_room1_mix0463,62,2,0,-47,-3,8.87
fold2_room1_mix0463,62,4,0,-65,-2,10.48
fold2_room1_mix0463,63,2,0,-47,-3,8.43
fold2_room1_mix0463,63,4,0,-69,-2,10.13
fold2_room1_mix0463,64,2,0,-43,-3,9.72
fold2_room1_mix0463,64,4,0,-73,-2,10.01
fold2_room1_mix0463,65,2,0,-46,-2,10.52
fold2_room1_mix0463,65,4,0,-77,-3,9.99
fold2_room1_mix0463,66,4,0,-79,-2,9.90
fold2_room1_mix0463,67,4,0,-82,-2,9.80
fold2_room1_mix0463,68,4,0,-84,-2,10.07
fold2_room1_mix0463,69,4,0,-89,-2,9.56
fold2_room1_mix0463,70,2,0,-37,-2,11.64
fold2_room1_mix0463,70,4,0,-90,-2,9.88
fold2_room1_mix0463,71,2,0,-38,-2,12.14
fold2_room1_mix0463,71,4,0,-93,-2,10.03
fold2_room1_mix0463,72,2,0,-37,-2,11.46
fold2_room1_mix0463,72,4,0,-96,-2,10.21
fold2_room1_mix0463,73,2,0,-38,-2,12.64
fold2_room1_mix0463,73,4,0,-100,-3,9.82
fold2_room1_mix0463,74,2,0,-37,-2,13.32
fold2_room1_mix0463,74,4,0,-103,-2,10.30
fold2_room1_mix0463,75,2,0,-39,-2,13.14
fold2_room1_mix0463,75,4,0,-106,-2,10.56
fold2_room1_mix0463,76,4,0,-113,-2,10.89
fold2_room1_mix0463,77,4,0,-116,-2,10.92
fold2_room1_mix0463,78,4,0,-119,-2,11.51
fold2_room1_mix0463,79,4,0,-119,-2,12.25
fold2_room1_mix0463,80,2,0,-28,-2,13.48
fold2_room1_mix0463,80,4,0,-121,-2,12.53
fold2_room1_mix0463,81,2,0,-31,-2,14.24
fold2_room1_mix0463,81,4,0,-124,-2,12.73
fold2_room1_mix0463,82,2,0,-31,-2,13.48
fold2_room1_mix0463,82,4,0,-125,-1,13.65
fold2_room1_mix0463,83,2,0,-32,-2,14.01
fold2_room1_mix0463,83,4,0,-127,-2,12.91
fold2_room1_mix0463,84,2,0,-31,-2,14.53
fold2_room1_mix0463,84,4,0,-129,-2,13.11
fold2_room1_mix0463,85,2,0,-32,-2,15.24
fold2_room1_mix0463,85,4,0,-130,-2,13.81
fold2_room1_mix0463,86,4,0,-133,-1,14.05
fold2_room1_mix0463,87,4,0,-137,-1,13.92
fold2_room1_mix0463,88,4,0,-137,-1,14.09
fold2_room1_mix0463,89,4,0,-139,-1,15.06
fold2_room1_mix0463,90,2,0,-20,-2,11.79
fold2_room1_mix0463,90,4,0,-139,-1,14.86
fold2_room1_mix0463,91,2,0,-29,-2,13.24
fold2_room1_mix0463,91,4,0,-140,-1,15.19
fold2_room1_mix0463,92,2,0,-28,-2,13.25
fold2_room1_mix0463,92,4,0,-140,-1,16.48
fold2_room1_mix0463,93,2,0,-28,-2,14.52
fold2_room1_mix0463,93,4,0,-144,-1,16.66
fold2_room1_mix0463,94,2,0,-29,-2,14.93
fold2_room1_mix0463,94,4,0,-145,-1,17.15
fold2_room1_mix0463,95,2,0,-30,-2,15.45
fold2_room1_mix0463,95,4,0,-145,-1,17.81
fold2_room1_mix0463,96,4,0,-147,-1,18.88
fold2_room1_mix0463,97,4,0,-147,-1,19.27
fold2_room1_mix0463,98,4,0,-148,-1,20.04
fold2_room1_mix0463,99,4,0,-149,-1,20.58
fold2_room1_mix0481,66,4,0,-170,-1,3.44
fold2_room1_mix0481,67,4,0,-166,-1,6.76
fold2_room1_mix0481,68,4,0,-168,-1,7.16
fold2_room1_mix0481,69,4,0,-167,-1,8.96
fold2_room1_mix0481,70,4,0,-164,-1,7.23
fold2_room1_mix0481,71,4,0,-163,-2,8.78
fold2_room1_mix0481,72,4,0,-159,-2,8.59
fold2_room1_mix0481,73,4,0,-159,-2,7.99
fold2_room1_mix0481,74,4,0,-156,-2,7.32
fold2_room1_mix0481,75,4,0,-155,-2,6.66
fold2_room1_mix0481,76,4,0,-151,-3,6.31
fold2_room1_mix0481,77,4,0,-147,-3,5.58
fold2_room1_mix0481,78,4,0,-144,-3,5.07
fold2_room1_mix0481,79,4,0,-141,-4,4.44
fold2_room1_mix0481,80,4,0,-133,-4,3.93
fold2_room1_mix0481,81,4,0,-127,-4,3.65
fold2_room1_mix0481,82,4,0,-114,-6,3.40
fold2_room1_mix0481,83,4,0,-104,-7,3.08
fold2_room1_mix0481,84,4,0,-95,-6,3.16
fold2_room1_mix0481,85,4,0,-86,-7,3.45
fold2_room1_mix0481,86,4,0,-75,-6,3.30
fold2_room1_mix0481,87,4,0,-65,-5,3.39
fold2_room1_mix0481,88,4,0,-55,-4,4.00
fold2_room1_mix0481,89,4,0,-49,-3,4.39
fold2_room1_mix0481,90,4,0,-44,-2,4.93
fold2_room1_mix0481,91,4,0,-38,-2,5.06
fold2_room1_mix0481,92,4,0,-34,-2,5.90
fold2_room1_mix0481,93,4,0,-30,-2,6.42
fold2_room1_mix0481,94,4,0,-27,-2,6.83
fold2_room1_mix0481,95,4,0,-24,-2,7.71
fold2_room1_mix0481,96,4,0,-22,-2,8.04
fold2_room1_mix0481,97,4,0,-20,-2,8.15
fold2_room1_mix0481,98,4,0,-19,-1,9.33
fold2_room1_mix0481,99,4,0,-16,-2,9.74
fold2_room1_mix0495,4,4,0,178,0,8.16
fold2_room1_mix0495,5,4,0,176,0,8.09
fold2_room1_mix0495,6,4,0,175,0,15.32
fold2_room1_mix0495,7,4,0,177,0,15.68
fold2_room1_mix0495,8,4,0,173,0,23.88
fold2_room1_mix0495,9,4,0,174,0,23.12
fold2_room1_mix0495,10,4,0,173,0,20.18
fold2_room1_mix0495,11,4,0,172,0,22.10
fold2_room1_mix0495,12,4,0,171,0,21.26
fold2_room1_mix0495,13,4,0,174,0,20.04
fold2_room1_mix0495,14,4,0,172,-1,19.11
fold2_room1_mix0495,15,4,0,172,-1,18.79
fold2_room1_mix0495,16,4,0,173,-1,18.21
fold2_room1_mix0495,17,4,0,172,-1,17.94
fold2_room1_mix0495,18,4,0,172,-1,17.50
fold2_room1_mix0495,19,4,0,169,-1,15.62
fold2_room1_mix0495,20,4,0,171,-1,16.15
fold2_room1_mix0495,21,4,0,172,-1,15.39
fold2_room1_mix0495,22,4,0,171,-1,14.73
fold2_room1_mix0495,23,4,0,171,-1,13.73
fold2_room1_mix0495,24,4,0,172,-1,13.26
fold2_room1_mix0495,25,4,0,170,-1,12.43
fold2_room1_mix0495,26,4,0,172,-1,11.66
fold2_room1_mix0495,27,4,0,171,-1,11.18
fold2_room1_mix0495,28,4,0,172,-2,10.76
fold2_room1_mix0495,29,4,0,171,-2,10.57
fold2_room1_mix0495,30,4,0,170,-2,9.58
fold2_room1_mix0495,31,4,0,171,-2,9.40
fold2_room1_mix0495,32,4,0,171,-2,8.76
fold2_room1_mix0495,33,4,0,169,-3,8.08
fold2_room1_mix0495,34,4,0,169,-3,7.74
fold2_room1_mix0495,35,4,0,167,-4,6.96
fold2_room1_mix0495,36,4,0,167,-4,6.57
fold2_room1_mix0495,37,4,0,166,-4,6.16
fold2_room1_mix0495,38,4,0,167,-5,5.88
fold2_room1_mix0495,39,4,0,165,-5,5.29
fold2_room1_mix0495,40,4,0,162,-6,4.68
fold2_room1_mix0495,41,4,0,163,-6,4.56
fold2_room1_mix0495,42,4,0,159,-7,4.10
fold2_room1_mix0495,43,4,0,157,-8,3.83
fold2_room1_mix0495,44,4,0,153,-10,3.40
fold2_room1_mix0495,45,4,0,151,-12,3.06
fold2_room1_mix0495,46,4,0,146,-15,2.80
fold2_room1_mix0495,47,4,0,134,-19,2.26
fold2_room1_mix0495,48,4,0,111,-24,1.35
fold2_room1_mix0495,48,4,0,114,-23,1.39
fold2_room1_mix0495,49,4,0,92,-25,1.27
fold2_room1_mix0495,49,4,0,93,-24,1.32
fold2_room1_mix0495,50,4,0,72,-26,1.25
fold2_room1_mix0495,50,4,0,74,-25,1.34
fold2_room1_mix0495,51,4,0,52,-22,1.36
fold2_room1_mix0495,51,4,0,53,-21,1.40
fold2_room1_mix0495,52,4,0,43,-19,1.50
fold2_room1_mix0495,52,4,0,43,-18,1.61
fold2_room1_mix0495,53,4,0,34,-14,1.91
fold2_room1_mix0495,53,4,0,33,-14,2.00
fold2_room1_mix0495,54,4,0,29,-13,2.06
fold2_room1_mix0495,54,4,0,30,-12,2.19
fold2_room1_mix0495,55,4,0,27,-11,2.51
fold2_room1_mix0495,55,4,0,27,-10,2.64
fold2_room1_mix0495,56,4,0,24,-9,2.79
fold2_room1_mix0495,56,4,0,24,-9,2.99
fold2_room1_mix0495,57,4,0,21,-8,3.13
fold2_room1_mix0495,57,4,0,21,-8,3.36
fold2_room1_mix0495,58,4,0,22,-7,3.49
fold2_room1_mix0495,58,4,0,21,-7,3.80
fold2_room1_mix0495,59,4,0,18,-7,3.75
fold2_room1_mix0495,59,4,0,17,-6,4.09
fold2_room1_mix0495,60,4,0,10,-6,4.62
fold2_room1_mix0495,60,4,0,10,-5,4.96
fold2_room1_mix0495,61,4,0,12,-5,5.06
fold2_room1_mix0495,61,4,0,11,-5,5.45
fold2_room1_mix0495,62,4,0,13,-5,5.80
fold2_room1_mix0495,62,4,0,10,-5,6.00
fold2_room1_mix0495,63,4,0,12,-5,7.28
fold2_room1_mix0495,63,4,0,8,-5,7.29
fold2_room1_mix0495,64,4,0,15,-4,8.54
fold2_room1_mix0495,64,4,0,10,-3,8.59
fold2_room1_mix0495,65,4,0,9,-4,8.41
fold2_room1_mix0495,65,4,0,7,-4,8.72
fold2_room1_mix0495,66,4,0,14,-5,8.24
fold2_room1_mix0495,66,4,0,9,-4,9.05
fold2_room1_mix0495,67,4,0,13,-5,7.22
fold2_room1_mix0495,67,4,0,8,-4,8.31
fold2_room1_mix0495,68,4,0,13,-5,7.05
fold2_room1_mix0495,68,4,0,8,-4,8.42
fold2_room1_mix0495,69,4,0,7,-4,7.83
fold2_room1_mix0495,69,4,0,5,-3,9.52
fold2_room1_mix0495,70,4,0,0,-4,7.72
fold2_room1_mix0495,71,4,0,0,-4,8.12
fold2_room1_mix0495,72,4,0,1,-3,9.26
fold2_room1_mix0495,73,4,0,0,-3,9.37
fold2_room1_mix0495,74,4,0,1,-3,10.27
fold2_room1_mix0495,75,4,0,1,-3,10.36
fold2_room1_mix0495,76,4,0,1,-2,11.20
fold2_room1_mix0495,77,4,0,1,-2,11.90
fold2_room1_mix0495,78,4,0,2,-2,12.19
fold2_room1_mix0495,79,4,0,1,-2,12.55
fold2_room1_mix0495,80,4,0,1,-2,12.96
fold2_room1_mix0495,81,4,0,1,-2,13.28
fold2_room1_mix0495,82,4,0,1,-2,14.12
fold2_room1_mix0495,83,4,0,1,-2,14.55
fold2_room1_mix0495,84,4,0,2,-2,14.85
fold2_room1_mix0495,85,4,0,1,-2,15.66
fold2_room1_mix0495,86,4,0,2,-2,16.21
fold2_room1_mix0495,87,4,0,1,-2,16.75
fold2_room1_mix0495,88,4,0,2,-2,16.56
fold2_room1_mix0495,89,4,0,1,-2,17.16
fold2_room1_mix0495,90,4,0,1,-2,17.31
fold2_room1_mix0495,91,4,0,1,-2,16.90
fold2_room1_mix0495,92,4,0,1,-2,18.12
fold2_room1_mix0495,93,4,0,1,-2,17.62
fold2_room1_mix0495,94,4,0,0,-2,16.56
fold2_room1_mix0495,95,4,0,0,-2,16.16
fold2_room1_mix0495,96,4,0,1,-2,18.46
fold2_room1_mix0495,97,4,0,2,-2,17.91
fold2_room1_mix0495,98,4,0,0,-2,11.14
fold2_room1_mix0495,99,4,0,-1,-3,7.05
fold2_room1_mix0502,0,5,0,7,4,1.37
fold2_room1_mix0502,1,5,0,10,4,6.69
fold2_room1_mix0502,2,5,0,9,4,7.65
fold2_room1_mix0502,3,4,0,-1,2,2.85
fold2_room1_mix0502,3,5,0,7,4,6.29
fold2_room1_mix0502,4,5,0,5,4,13.39
fold2_room1_mix0502,5,4,0,-2,0,4.09
fold2_room1_mix0502,5,5,0,10,4,13.15
fold2_room1_mix0502,6,4,0,-1,0,12.75
fold2_room1_mix0502,6,5,0,5,4,13.53
fold2_room1_mix0502,7,4,0,0,0,7.45
fold2_room1_mix0502,7,5,0,8,4,12.91
fold2_room1_mix0502,8,4,0,0,0,25.23
fold2_room1_mix0502,8,5,0,6,4,13.33
fold2_room1_mix0502,9,4,0,1,0,24.71
fold2_room1_mix0502,9,5,0,8,4,13.21
fold2_room1_mix0502,10,4,0,-1,0,21.57
fold2_room1_mix0502,10,5,0,3,4,12.79
fold2_room1_mix0502,11,4,0,-2,0,16.04
fold2_room1_mix0502,11,5,0,6,4,12.26
fold2_room1_mix0502,12,4,0,0,0,28.08
fold2_room1_mix0502,12,5,0,5,4,13.59
fold2_room1_mix0502,13,4,0,0,-1,23.80
fold2_room1_mix0502,13,5,0,5,3,14.68
fold2_room1_mix0502,14,4,0,-1,-1,23.15
fold2_room1_mix0502,14,5,0,6,4,13.27
fold2_room1_mix0502,15,4,0,-1,0,30.33
fold2_room1_mix0502,15,5,0,1,4,11.63
fold2_room1_mix0502,16,4,0,0,0,28.32
fold2_room1_mix0502,16,5,0,5,4,12.54
fold2_room1_mix0502,17,4,0,0,0,31.47
fold2_room1_mix0502,17,5,0,2,4,12.02
fold2_room1_mix0502,18,4,0,2,-1,29.10
fold2_room1_mix0502,18,5,0,3,5,11.15
fold2_room1_mix0502,19,4,0,-1,-1,26.69
fold2_room1_mix0502,19,5,0,5,5,9.92
fold2_room1_mix0502,20,4,0,0,-1,27.38
fold2_room1_mix0502,20,5,0,3,5,10.51
fold2_room1_mix0502,21,4,0,0,-1,29.44
fold2_room1_mix0502,21,5,0,3,4,11.71
fold2_room1_mix0502,22,4,0,0,-1,27.46
fold2_room1_mix0502,22,5,0,4,4,11.59
fold2_room1_mix0502,23,4,0,0,-1,28.19
fold2_room1_mix0502,23,5,0,4,5,10.29
fold2_room1_mix0502,24,4,0,1,-1,28.84
fold2_room1_mix0502,24,5,0,2,5,9.75
fold2_room1_mix0502,25,4,0,0,-1,27.08
fold2_room1_mix0502,25,5,0,4,5,11.25
fold2_room1_mix0502,26,4,0,1,-1,27.67
fold2_room1_mix0502,26,5,0,4,5,10.92
fold2_room1_mix0502,27,4,0,0,-1,27.85
fold2_room1_mix0502,27,5,0,4,5,10.81
fold2_room1_mix0502,28,4,0,0,-1,27.46
fold2_room1_mix0502,28,5,0,4,5,10.29
fold2_room1_mix0502,29,4,0,1,-1,26.54
fold2_room1_mix0502,29,5,0,5,4,11.47
fold2_room1_mix0502,30,4,0,1,-1,27.57
fold2_room1_mix0502,30,5,0,5,4,11.46
fold2_room1_mix0502,31,4,0,3,-1,24.51
fold2_room1_mix0502,31,5,0,4,4,12.64
fold2_room1_mix0502,32,4,0,2,-1,23.86
fold2_room1_mix0502,32,5,0,4,4,10.67
fold2_room1_mix0502,33,4,0,1,-1,24.52
fold2_room1_mix0502,33,5,0,5,4,11.27
fold2_room1_mix0502,34,4,0,3,-1,25.11
fold2_room1_mix0502,34,5,0,6,4,11.32
fold2_room1_mix0502,35,4,0,1,-1,25.58
fold2_room1_mix0502,35,5,0,6,4,11.50
fold2_room1_mix0502,36,4,0,3,-1,23.89
fold2_room1_mix0502,36,5,0,4,4,11.08
fold2_room1_mix0502,37,4,0,3,-1,22.26
fold2_room1_mix0502,37,5,0,6,4,11.14
fold2_room1_mix0502,38,4,0,2,-1,23.21
fold2_room1_mix0502,38,5,0,6,4,12.26
fold2_room1_mix0502,39,4,0,4,-1,22.50
fold2_room1_mix0502,39,5,0,5,4,11.82
fold2_room1_mix0502,40,4,0,4,-1,20.49
fold2_room1_mix0502,40,5,0,6,4,12.33
fold2_room1_mix0502,41,4,0,4,-1,20.60
fold2_room1_mix0502,41,5,0,7,4,12.29
fold2_room1_mix0502,42,4,0,4,-1,19.99
fold2_room1_mix0502,42,5,0,6,4,11.40
fold2_room1_mix0502,43,4,0,3,-1,20.47
fold2_room1_mix0502,43,5,0,7,4,12.19
fold2_room1_mix0502,44,4,0,3,-1,20.42
fold2_room1_mix0502,44,5,0,7,4,12.25
fold2_room1_mix0502,45,4,0,2,-1,19.48
fold2_room1_mix0502,45,5,0,6,4,11.46
fold2_room1_mix0502,46,4,0,2,-1,18.96
fold2_room1_mix0502,46,5,0,7,4,11.62
fold2_room1_mix0502,47,4,0,3,-1,18.37
fold2_room1_mix0502,47,5,0,7,4,11.79
fold2_room1_mix0502,48,4,0,5,-1,17.13
fold2_room1_mix0502,48,5,0,7,4,11.65
fold2_room1_mix0502,49,4,0,6,-1,15.31
fold2_room1_mix0502,49,5,0,7,4,12.49
fold2_room1_mix0502,50,4,0,7,-1,14.81
fold2_room1_mix0502,50,5,0,7,4,11.80
fold2_room1_mix0502,51,4,0,6,-1,14.47
fold2_room1_mix0502,51,5,0,7,4,11.53
fold2_room1_mix0502,52,4,0,7,-1,14.35
fold2_room1_mix0502,52,5,0,7,4,12.37
fold2_room1_mix0502,53,4,0,8,-1,13.05
fold2_room1_mix0502,53,5,0,6,4,12.76
fold2_room1_mix0502,54,4,0,8,-1,13.15
fold2_room1_mix0502,54,5,0,6,4,12.61
fold2_room1_mix0502,55,4,0,8,-1,11.88
fold2_room1_mix0502,55,5,0,7,4,11.79
fold2_room1_mix0502,56,4,0,9,-1,11.32
fold2_room1_mix0502,56,5,0,7,4,12.25
fold2_room1_mix0502,57,4,0,10,-1,10.73
fold2_room1_mix0502,57,5,0,6,4,12.78
fold2_room1_mix0502,58,4,0,11,-1,10.27
fold2_room1_mix0502,58,5,0,5,4,12.59
fold2_room1_mix0502,59,4,0,11,-2,9.29
fold2_room1_mix0502,59,5,0,5,4,12.89
fold2_room1_mix0502,60,4,0,12,-2,9.09
fold2_room1_mix0502,60,5,0,6,4,12.33
fold2_room1_mix0502,61,4,0,13,-2,8.34
fold2_room1_mix0502,61,5,0,5,4,12.47
fold2_room1_mix0502,62,4,0,16,-2,7.85
fold2_room1_mix0502,62,5,0,4,3,12.92
fold2_room1_mix0502,63,4,0,16,-2,7.38
fold2_room1_mix0502,63,5,0,6,4,12.16
fold2_room1_mix0502,64,4,0,18,-2,7.06
fold2_room1_mix0502,64,5,0,6,4,11.97
fold2_room1_mix0502,65,4,0,19,-2,6.52
fold2_room1_mix0502,65,5,0,5,3,12.93
fold2_room1_mix0502,66,4,0,24,-3,5.60
fold2_room1_mix0502,66,5,0,5,3,12.42
fold2_room1_mix0502,67,4,0,25,-3,5.21
fold2_room1_mix0502,67,5,0,6,4,12.07
fold2_room1_mix0502,68,4,0,27,-3,4.78
fold2_room1_mix0502,68,5,0,4,4,12.53
fold2_room1_mix0502,69,4,0,33,-4,4.29
fold2_room1_mix0502,69,5,0,3,3,12.52
fold2_room1_mix0502,70,4,0,35,-4,4.05
fold2_room1_mix0502,70,5,0,3,3,12.84
fold2_room1_mix0502,71,4,0,43,-5,3.42
fold2_room1_mix0502,71,5,0,4,3,12.81
fold2_room1_mix0502,72,4,0,49,-6,3.11
fold2_room1_mix0502,72,5,0,2,4,12.65
fold2_room1_mix0502,73,4,0,58,-7,2.64
fold2_room1_mix0502,73,5,0,4,3,12.95
fold2_room1_mix0502,74,4,0,71,-8,2.43
fold2_room1_mix0502,74,5,0,6,3,13.19
fold2_room1_mix0502,75,4,0,85,-9,2.66
fold2_room1_mix0502,75,5,0,5,3,13.36
fold2_room1_mix0502,76,4,0,94,-9,2.58
fold2_room1_mix0502,76,5,0,6,3,12.84
fold2_room1_mix0502,77,4,0,109,-7,2.88
fold2_room1_mix0502,77,5,0,6,3,13.15
fold2_room1_mix0502,78,4,0,118,-7,3.05
fold2_room1_mix0502,78,5,0,3,3,13.45
fold2_room1_mix0502,79,4,0,127,-6,3.40
fold2_room1_mix0502,79,5,0,6,4,12.55
fold2_room1_mix0502,80,4,0,134,-5,3.84
fold2_room1_mix0502,80,5,0,6,4,12.94
fold2_room1_mix0502,81,4,0,138,-4,4.45
fold2_room1_mix0502,81,5,0,4,4,13.84
fold2_room1_mix0502,82,4,0,143,-4,4.61
fold2_room1_mix0502,82,5,0,3,4,12.89
fold2_room1_mix0502,83,4,0,148,-4,5.25
fold2_room1_mix0502,83,5,0,5,4,12.66
fold2_room1_mix0502,84,4,0,151,-3,5.64
fold2_room1_mix0502,84,5,0,3,4,12.87
fold2_room1_mix0502,85,4,0,153,-3,6.35
fold2_room1_mix0502,85,5,0,4,4,12.99
fold2_room1_mix0502,86,4,0,157,-2,6.95
fold2_room1_mix0502,86,5,0,2,4,13.50
fold2_room1_mix0502,87,4,0,159,-2,7.35
fold2_room1_mix0502,87,5,0,3,4,12.86
fold2_room1_mix0502,88,4,0,160,-2,8.20
fold2_room1_mix0502,88,5,0,5,4,12.94
fold2_room1_mix0502,89,4,0,161,-2,8.37
fold2_room1_mix0502,89,5,0,3,3,13.93
fold2_room1_mix0502,90,4,0,161,-1,9.10
fold2_room1_mix0502,90,5,0,3,4,13.34
fold2_room1_mix0502,91,4,0,163,-1,9.64
fold2_room1_mix0502,91,5,0,4,4,13.90
fold2_room1_mix0502,92,4,0,163,-1,9.75
fold2_room1_mix0502,92,5,0,4,3,13.79
fold2_room1_mix0502,93,4,0,164,-1,11.02
fold2_room1_mix0502,93,5,0,4,4,13.48
fold2_room1_mix0502,94,4,0,165,-1,10.90
fold2_room1_mix0502,94,5,0,4,3,14.32
fold2_room1_mix0502,95,4,0,166,-1,11.91
fold2_room1_mix0502,95,5,0,5,4,14.05
fold2_room1_mix0502,96,4,0,166,-1,12.36
fold2_room1_mix0502,96,5,0,5,4,13.02
fold2_room1_mix0502,97,4,0,167,-1,13.02
fold2_room1_mix0502,97,5,0,6,4,14.08
fold2_room1_mix0502,98,4,0,167,-1,13.04
fold2_room1_mix0502,98,5,0,6,3,14.13
fold2_room1_mix0502,99,4,0,167,-1,13.81
fold2_room1_mix0502,99,5,0,5,4,13.48
fold2_room1_mix0506,0,4,0,7,0,2.83
fold2_room1_mix0506,1,4,0,3,0,2.80
fold2_room1_mix0506,2,4,0,3,0,4.96
fold2_room1_mix0506,3,4,0,3,-1,8.02
fold2_room1_mix0506,4,4,0,2,-1,8.54
fold2_room1_mix0506,5,4,0,2,0,10.03
fold2_room1_mix0506,6,4,0,3,-1,12.41
fold2_room1_mix0506,7,4,0,5,-2,11.60
fold2_room1_mix0506,8,4,0,2,-2,11.37
fold2_room1_mix0506,9,4,0,3,-2,11.04
fold2_room1_mix0506,10,2,0,-145,-2,10.06
fold2_room1_mix0506,10,4,0,4,-2,9.65
fold2_room1_mix0506,11,2,0,-143,-1,12.15
fold2_room1_mix0506,11,4,0,5,-2,9.43
fold2_room1_mix0506,12,2,0,-146,-2,11.26
fold2_room1_mix0506,12,4,0,4,-2,9.01
fold2_room1_mix0506,13,2,0,-140,-2,11.72
fold2_room1_mix0506,13,4,0,4,-2,8.58
fold2_room1_mix0506,14,2,0,-133,-1,10.28
fold2_room1_mix0506,14,4,0,4,-2,8.23
fold2_room1_mix0506,15,4,0,6,-3,8.22
fold2_room1_mix0506,16,4,0,3,-3,7.47
fold2_room1_mix0506,17,4,0,4,-3,7.11
fold2_room1_mix0506,18,4,0,5,-3,7.06
fold2_room1_mix0506,19,2,0,-134,-2,8.93
fold2_room1_mix0506,19,4,0,4,-4,5.93
fold2_room1_mix0506,20,2,0,-133,-2,9.88
fold2_room1_mix0506,20,4,0,3,-4,5.77
fold2_room1_mix0506,21,2,0,-135,-2,10.01
fold2_room1_mix0506,21,4,0,5,-4,5.43
fold2_room1_mix0506,22,2,0,-131,-2,9.16
fold2_room1_mix0506,22,4,0,4,-4,4.90
fold2_room1_mix0506,23,2,0,-130,-2,10.12
fold2_room1_mix0506,23,4,0,5,-4,5.13
fold2_room1_mix0506,24,2,0,-127,-2,5.71
fold2_room1_mix0506,24,4,0,5,-4,4.90
fold2_room1_mix0506,25,4,0,8,-5,4.72
fold2_room1_mix0506,26,4,0,8,-5,4.77
fold2_room1_mix0506,27,4,0,9,-6,3.98
fold2_room1_mix0506,28,4,0,9,-6,3.54
fold2_room1_mix0506,29,2,0,-129,-2,9.70
fold2_room1_mix0506,29,4,0,11,-7,3.15
fold2_room1_mix0506,30,2,0,-129,-1,9.91
fold2_room1_mix0506,30,4,0,11,-7,3.13
fold2_room1_mix0506,31,2,0,-126,-2,9.30
fold2_room1_mix0506,31,4,0,10,-8,3.00
fold2_room1_mix0506,32,2,0,-122,-2,7.70
fold2_room1_mix0506,32,4,0,13,-9,2.84
fold2_room1_mix0506,33,2,0,-121,-2,5.93
fold2_room1_mix0506,33,4,0,15,-9,2.89
fold2_room1_mix0506,34,4,0,17,-11,2.46
fold2_room1_mix0506,35,4,0,17,-12,2.27
fold2_room1_mix0506,36,4,0,19,-16,2.41
fold2_room1_mix0506,37,4,0,26,-22,1.83
fold2_room1_mix0506,38,4,0,36,-29,1.18
fold2_room1_mix0506,38,4,0,19,-22,3.08
fold2_room1_mix0506,39,2,0,-115,-2,8.70
fold2_room1_mix0506,39,4,0,55,-36,0.96
fold2_room1_mix0506,39,4,0,29,-27,2.57
fold2_room1_mix0506,40,2,0,-104,-2,8.55
fold2_room1_mix0506,40,4,0,81,-38,0.97
fold2_room1_mix0506,40,4,0,53,-35,2.26
fold2_room1_mix0506,41,2,0,-95,-3,7.34
fold2_room1_mix0506,41,4,0,102,-39,0.84
fold2_room1_mix0506,41,4,0,65,-41,2.30
fold2_room1_mix0506,42,2,0,-110,-2,8.61
fold2_room1_mix0506,42,4,0,129,-36,1.07
fold2_room1_mix0506,42,4,0,101,-44,2.01
fold2_room1_mix0506,43,2,0,-108,-3,7.28
fold2_room1_mix0506,43,4,0,139,-33,1.32
fold2_room1_mix0506,44,4,0,150,-27,1.46
fold2_room1_mix0506,45,4,0,155,-23,1.61
fold2_room1_mix0506,46,4,0,159,-20,1.81
fold2_room1_mix0506,47,4,0,162,-18,1.95
fold2_room1_mix0506,48,2,0,-83,-3,5.82
fold2_room1_mix0506,48,4,0,164,-16,2.25
fold2_room1_mix0506,49,2,0,-68,-3,6.64
fold2_room1_mix0506,49,4,0,166,-14,2.29
fold2_room1_mix0506,50,2,0,-61,-3,7.12
fold2_room1_mix0506,50,4,0,167,-12,2.60
fold2_room1_mix0506,51,2,0,-57,-3,7.63
fold2_room1_mix0506,51,4,0,170,-11,2.76
fold2_room1_mix0506,52,2,0,-73,-2,4.83
fold2_room1_mix0506,52,4,0,170,-10,3.08
fold2_room1_mix0506,53,4,0,170,-8,3.64
fold2_room1_mix0506,54,4,0,172,-8,3.74
fold2_room1_mix0506,55,4,0,172,-7,3.95
fold2_room1_mix0506,56,4,0,172,-7,4.00
fold2_room1_mix0506,57,4,0,173,-6,4.65
fold2_room1_mix0506,58,2,0,-48,-2,8.21
fold2_room1_mix0506,58,4,0,172,-7,4.55
fold2_room1_mix0506,59,2,0,-48,-2,9.39
fold2_room1_mix0506,59,4,0,173,-6,5.07
fold2_room1_mix0506,60,2,0,-43,-2,8.22
fold2_room1_mix0506,60,4,0,175,-5,5.21
fold2_room1_mix0506,61,2,0,-45,-2,8.71
fold2_room1_mix0506,61,4,0,174,-5,5.36
fold2_room1_mix0506,62,2,0,-46,-2,9.62
fold2_room1_mix0506,62,4,0,174,-5,5.96
fold2_room1_mix0506,63,4,0,175,-5,6.44
fold2_room1_mix0506,64,4,0,174,-5,6.68
fold2_room1_mix0506,65,4,0,174,-5,6.73
fold2_room1_mix0506,66,4,0,174,-5,6.53
fold2_room1_mix0506,67,2,0,-32,-2,9.17
fold2_room1_mix0506,67,4,0,175,-4,6.68
fold2_room1_mix0506,68,2,0,-36,-2,11.34
fold2_room1_mix0506,68,4,0,176,-5,6.74
fold2_room1_mix0506,69,2,0,-32,-2,11.17
fold2_room1_mix0506,69,4,0,175,-4,6.69
fold2_room1_mix0506,70,2,0,-32,-2,11.07
fold2_room1_mix0506,70,4,0,177,-5,6.02
fold2_room1_mix0506,71,2,0,-31,-2,11.65
fold2_room1_mix0506,71,4,0,175,-5,6.78
fold2_room1_mix0506,71,4,0,-167,-7,5.39
fold2_room1_mix0506,72,2,0,-24,-2,10.36
fold2_room1_mix0506,72,4,0,171,-13,6.80
fold2_room1_mix0506,72,4,0,-115,-26,1.45
fold2_room1_mix0506,73,4,0,173,-7,8.84
fold2_room1_mix0506,73,4,0,-52,-20,1.80
fold2_room1_mix0506,74,4,0,175,-4,10.18
fold2_room1_mix0506,74,4,0,-24,-11,2.55
fold2_room1_mix0506,75,4,0,177,-4,9.79
fold2_room1_mix0506,75,4,0,-18,-9,3.49
fold2_room1_mix0506,76,4,0,175,-4,9.72
fold2_room1_mix0506,76,4,0,-20,-7,3.73
fold2_room1_mix0506,77,2,0,-24,-2,3.14
fold2_room1_mix0506,77,4,0,177,-3,10.59
fold2_room1_mix0506,77,4,0,-14,-5,4.54
fold2_room1_mix0506,78,2,0,-17,-2,12.83
fold2_room1_mix0506,78,4,0,178,-2,11.20
fold2_room1_mix0506,78,4,0,-12,-4,5.64
fold2_room1_mix0506,79,2,0,-19,-2,10.18
fold2_room1_mix0506,79,4,0,177,-2,11.27
fold2_room1_mix0506,79,4,0,-13,-3,6.61
fold2_room1_mix0506,80,2,0,-20,-2,8.18
fold2_room1_mix0506,80,4,0,176,-3,10.43
fold2_room1_mix0506,80,4,0,-5,-3,8.08
fold2_room1_mix0506,81,2,0,-17,-2,9.25
fold2_room1_mix0506,81,4,0,176,-2,11.86
fold2_room1_mix0506,81,4,0,-7,-2,10.28
fold2_room1_mix0506,82,4,0,175,-2,11.25
fold2_room1_mix0506,82,4,0,-3,-2,10.96
fold2_room1_mix0506,83,4,0,176,-2,12.37
fold2_room1_mix0506,83,4,0,-2,-2,12.53
fold2_room1_mix0506,84,4,0,175,-2,12.44
fold2_room1_mix0506,84,4,0,-5,-4,13.52
fold2_room1_mix0506,85,4,0,175,-2,12.19
fold2_room1_mix0506,86,4,0,175,-2,13.22
fold2_room1_mix0506,86,4,0,-2,-3,14.72
fold2_room1_mix0506,87,4,0,176,-2,12.63
fold2_room1_mix0506,88,4,0,177,-2,13.21
fold2_room1_mix0506,89,4,0,177,-2,14.27
fold2_room1_mix0506,90,4,0,177,-2,14.34
fold2_room1_mix0506,91,4,0,177,-2,14.60
fold2_room1_mix0506,92,4,0,178,-2,15.26
fold2_room1_mix0506,93,4,0,177,-2,14.79
fold2_room1_mix0506,94,4,0,177,-2,14.84
fold2_room1_mix0506,95,4,0,178,-2,14.56
fold2_room1_mix0506,96,4,0,178,-2,14.52
fold2_room1_mix0506,97,4,0,177,-2,14.22
fold2_room1_mix0506,98,4,0,177,-2,14.81
fold2_room1_mix0506,99,4,0,-179,-1,13.98
fold2_room1_mix0515,0,5,0,22,3,2.08
fold2_room1_mix0515,1,5,0,23,4,7.48
fold2_room1_mix0515,2,5,0,18,3,9.54
fold2_room1_mix0515,3,5,0,18,2,7.13
fold2_room1_mix0515,4,5,0,12,3,3.50
fold2_room1_mix0515,5,5,0,22,3,16.02
fold2_room1_mix0515,6,5,0,20,3,17.05
fold2_room1_mix0515,7,5,0,20,3,16.50
fold2_room1_mix0515,8,5,0,24,3,15.78
fold2_room1_mix0515,9,5,0,19,3,15.91
fold2_room1_mix0515,10,5,0,21,3,15.79
fold2_room1_mix0515,11,5,0,20,3,15.52
fold2_room1_mix0515,12,5,0,21,3,16.05
fold2_room1_mix0515,13,5,0,23,3,13.98
fold2_room1_mix0515,14,5,0,22,3,14.84
fold2_room1_mix0515,15,5,0,21,3,15.02
fold2_room1_mix0515,16,5,0,25,3,13.68
fold2_room1_mix0515,17,5,0,22,3,14.76
fold2_room1_mix0515,18,5,0,24,3,15.11
fold2_room1_mix0515,19,5,0,22,4,12.90
fold2_room1_mix0515,20,5,0,22,4,13.67
fold2_room1_mix0515,21,5,0,22,4,12.85
fold2_room1_mix0515,22,5,0,23,4,12.11
fold2_room1_mix0515,23,5,0,23,4,12.57
fold2_room1_mix0515,24,5,0,23,4,12.61
fold2_room1_mix0515,25,5,0,24,4,11.44
fold2_room1_mix0515,26,5,0,25,5,10.18
fold2_room1_mix0515,27,5,0,22,4,11.76
fold2_room1_mix0515,28,5,0,25,5,10.61
fold2_room1_mix0515,29,5,0,27,5,11.23
fold2_room1_mix0515,30,4,0,-11,-2,6.99
fold2_room1_mix0515,30,5,0,25,5,11.72
fold2_room1_mix0515,31,5,0,25,5,11.44
fold2_room1_mix0515,32,4,0,-3,-2,20.86
fold2_room1_mix0515,32,5,0,27,5,12.24
fold2_room1_mix0515,33,4,0,-7,-1,12.15
fold2_room1_mix0515,33,5,0,23,5,10.51
fold2_room1_mix0515,34,4,0,-9,-2,23.75
fold2_room1_mix0515,34,5,0,24,5,10.59
fold2_room1_mix0515,35,4,0,-10,-1,24.88
fold2_room1_mix0515,35,5,0,21,5,12.10
fold2_room1_mix0515,36,4,0,-10,-1,21.16
fold2_room1_mix0515,36,5,0,26,6,10.27
fold2_room1_mix0515,37,4,0,-13,-1,23.22
fold2_room1_mix0515,37,5,0,24,7,8.61
fold2_room1_mix0515,38,4,0,-11,-1,26.95
fold2_room1_mix0515,38,4,0,-10,-1,27.21
fold2_room1_mix0515,38,5,0,24,7,8.41
fold2_room1_mix0515,39,4,0,-20,-1,25.11
fold2_room1_mix0515,39,4,0,-15,-1,25.43
fold2_room1_mix0515,39,5,0,26,7,8.60
fold2_room1_mix0515,40,4,0,-18,0,25.24
fold2_room1_mix0515,40,4,0,-16,-1,24.62
fold2_room1_mix0515,40,5,0,28,6,8.90
fold2_room1_mix0515,41,4,0,-19,0,23.06
fold2_room1_mix0515,41,4,0,-18,0,21.87
fold2_room1_mix0515,41,5,0,21,6,9.66
fold2_room1_mix0515,42,4,0,-20,0,25.72
fold2_room1_mix0515,42,4,0,-17,0,25.31
fold2_room1_mix0515,42,5,0,29,8,7.64
fold2_room1_mix0515,43,4,0,-19,0,23.32
fold2_room1_mix0515,43,4,0,-19,0,22.49
fold2_room1_mix0515,43,5,0,33,7,7.45
fold2_room1_mix0515,44,4,0,-24,0,20.11
fold2_room1_mix0515,44,4,0,-21,0,19.88
fold2_room1_mix0515,44,5,0,25,6,8.43
fold2_room1_mix0515,45,4,0,-30,-1,18.49
fold2_room1_mix0515,45,4,0,-28,-1,18.58
fold2_room1_mix0515,45,5,0,25,7,7.64
fold2_room1_mix0515,46,4,0,-30,-1,18.33
fold2_room1_mix0515,46,4,0,-27,-1,18.59
fold2_room1_mix0515,46,5,0,30,7,7.60
fold2_room1_mix0515,47,4,0,-29,-1,17.73
fold2_room1_mix0515,47,4,0,-29,-1,17.82
fold2_room1_mix0515,47,5,0,29,7,7.95
fold2_room1_mix0515,48,4,0,-32,-1,14.96
fold2_room1_mix0515,48,4,0,-32,0,15.92
fold2_room1_mix0515,48,5,0,27,6,8.37
fold2_room1_mix0515,49,4,0,-33,-1,15.51
fold2_room1_mix0515,49,4,0,-32,-1,16.23
fold2_room1_mix0515,49,5,0,27,6,8.61
fold2_room1_mix0515,50,4,0,-35,-1,14.80
fold2_room1_mix0515,50,4,0,-34,-1,15.31
fold2_room1_mix0515,50,5,0,29,7,8.43
fold2_room1_mix0515,51,4,0,-34,-1,14.21
fold2_room1_mix0515,51,4,0,-36,-1,14.68
fold2_room1_mix0515,51,5,0,30,8,7.88
fold2_room1_mix0515,52,4,0,-36,-1,13.23
fold2_room1_mix0515,52,4,0,-36,-1,13.81
fold2_room1_mix0515,52,5,0,28,7,8.25
fold2_room1_mix0515,53,4,0,-36,-1,12.93
fold2_room1_mix0515,53,4,0,-38,-1,12.89
fold2_room1_mix0515,53,5,0,29,8,7.56
fold2_room1_mix0515,54,4,0,159,-1,13.21
fold2_room1_mix0515,54,4,0,-45,0,13.02
fold2_room1_mix0515,54,5,0,30,7,7.95
fold2_room1_mix0515,55,4,0,-45,-2,12.01
fold2_room1_mix0515,55,4,0,-43,-2,12.56
fold2_room1_mix0515,55,5,0,32,7,8.19
fold2_room1_mix0515,56,4,0,-57,-3,11.46
fold2_room1_mix0515,56,4,0,-53,-2,12.09
fold2_room1_mix0515,56,5,0,33,8,7.30
fold2_room1_mix0515,57,4,0,-58,-3,10.77
fold2_room1_mix0515,57,4,0,-55,-3,10.75
fold2_room1_mix0515,57,5,0,30,8,7.72
fold2_room1_mix0515,58,4,0,-63,-3,10.24
fold2_room1_mix0515,58,4,0,-58,-3,10.70
fold2_room1_mix0515,58,5,0,31,7,8.23
fold2_room1_mix0515,59,4,0,-58,-2,10.81
fold2_room1_mix0515,59,4,0,-55,-2,11.26
fold2_room1_mix0515,59,5,0,35,8,7.72
fold2_room1_mix0515,60,4,0,-68,-3,10.13
fold2_room1_mix0515,60,4,0,-62,-2,10.50
fold2_room1_mix0515,60,5,0,32,8,7.94
fold2_room1_mix0515,61,4,0,-67,-3,10.50
fold2_room1_mix0515,61,4,0,-64,-3,10.32
fold2_room1_mix0515,61,5,0,32,9,6.94
fold2_room1_mix0515,62,4,0,-83,-3,9.49
fold2_room1_mix0515,62,4,0,140,-4,6.89
fold2_room1_mix0515,62,4,0,-60,-3,10.75
fold2_room1_mix0515,62,5,0,34,9,7.05
fold2_room1_mix0515,63,4,0,-81,-3,9.64
fold2_room1_mix0515,63,4,0,140,-4,7.41
fold2_room1_mix0515,63,4,0,-56,-4,10.89
fold2_room1_mix0515,63,5,0,33,7,8.89
fold2_room1_mix0515,64,4,0,-85,-4,9.07
fold2_room1_mix0515,64,4,0,146,-5,6.31
fold2_room1_mix0515,64,4,0,8,-4,12.29
fold2_room1_mix0515,64,5,0,34,8,7.78
fold2_room1_mix0515,65,4,0,-83,-3,9.60
fold2_room1_mix0515,65,4,0,142,-4,6.31
fold2_room1_mix0515,65,4,0,-1,-5,11.34
fold2_room1_mix0515,65,5,0,33,8,7.87
fold2_room1_mix0515,66,4,0,-80,-4,9.13
fold2_room1_mix0515,66,4,0,134,-5,5.38
fold2_room1_mix0515,66,4,0,-58,-5,8.92
fold2_room1_mix0515,66,5,0,35,8,8.34
fold2_room1_mix0515,67,4,0,-82,-3,9.83
fold2_room1_mix0515,67,4,0,134,-4,5.03
fold2_room1_mix0515,67,4,0,-44,-4,9.88
fold2_room1_mix0515,67,5,0,36,8,7.85
fold2_room1_mix0515,68,4,0,-103,-2,10.20
fold2_room1_mix0515,68,4,0,129,-4,5.13
fold2_room1_mix0515,68,5,0,34,7,8.12
fold2_room1_mix0515,69,4,0,159,-7,5.60
fold2_room1_mix0515,69,4,0,-35,-3,12.41
fold2_room1_mix0515,69,5,0,37,9,7.48
fold2_room1_mix0515,70,4,0,110,-6,5.19
fold2_room1_mix0515,70,4,0,-62,-3,9.35
fold2_room1_mix0515,70,5,0,33,9,7.50
fold2_room1_mix0515,71,4,0,108,-9,3.89
fold2_room1_mix0515,71,4,0,-120,-5,6.89
fold2_room1_mix0515,71,4,0,-51,-4,10.69
fold2_room1_mix0515,71,5,0,36,8,7.92
fold2_room1_mix0515,72,4,0,108,-9,3.05
fold2_room1_mix0515,72,4,0,-123,-4,6.51
fold2_room1_mix0515,72,5,0,36,8,8.50
fold2_room1_mix0515,73,4,0,106,-9,2.85
fold2_room1_mix0515,73,4,0,-115,-3,7.84
fold2_room1_mix0515,73,5,0,33,8,8.17
fold2_room1_mix0515,74,4,0,96,-10,2.91
fold2_room1_mix0515,74,4,0,-115,-3,8.06
fold2_room1_mix0515,74,4,0,74,-9,6.35
fold2_room1_mix0515,74,5,0,37,8,7.90
fold2_room1_mix0515,75,4,0,84,-9,4.97
fold2_room1_mix0515,75,4,0,81,-8,5.20
fold2_room1_mix0515,75,5,0,42,9,7.25
fold2_room1_mix0515,76,4,0,71,-9,4.09
fold2_room1_mix0515,76,4,0,71,-8,4.86
fold2_room1_mix0515,76,5,0,38,8,7.89
fold2_room1_mix0515,77,4,0,64,-9,4.02
fold2_room1_mix0515,77,4,0,65,-8,4.80
fold2_room1_mix0515,77,5,0,39,7,7.90
fold2_room1_mix0515,78,4,0,53,-6,4.80
fold2_room1_mix0515,78,4,0,54,-6,4.81
fold2_room1_mix0515,78,5,0,41,7,8.65
fold2_room1_mix0515,79,4,0,50,-6,5.32
fold2_room1_mix0515,79,4,0,50,-6,5.08
fold2_room1_mix0515,79,5,0,42,8,7.83
fold2_room1_mix0515,80,4,0,48,-6,5.99
fold2_room1_mix0515,80,4,0,45,-5,5.92
fold2_room1_mix0515,80,5,0,42,8,8.09
fold2_room1_mix0515,81,4,0,49,-5,6.46
fold2_room1_mix0515,81,4,0,45,-5,5.92
fold2_room1_mix0515,81,5,0,44,9,7.27
fold2_room1_mix0515,82,4,0,-147,-2,12.12
fold2_room1_mix0515,82,4,0,36,-4,5.53
fold2_room1_mix0515,82,5,0,43,8,8.00
fold2_room1_mix0515,83,4,0,128,-4,9.06
fold2_room1_mix0515,83,4,0,-149,-1,13.53
fold2_room1_mix0515,83,4,0,32,-3,6.22
fold2_room1_mix0515,83,5,0,47,10,7.29
fold2_room1_mix0515,84,4,0,148,-4,10.81
fold2_room1_mix0515,84,4,0,-157,-2,13.73
fold2_room1_mix0515,84,4,0,32,-3,6.75
fold2_room1_mix0515,84,5,0,43,10,6.89
fold2_room1_mix0515,85,4,0,93,-7,7.60
fold2_room1_mix0515,85,4,0,-160,-2,14.64
fold2_room1_mix0515,85,4,0,23,-2,8.85
fold2_room1_mix0515,85,5,0,44,10,6.83
fold2_room1_mix0515,86,4,0,87,-7,9.10
fold2_room1_mix0515,86,4,0,-160,-1,15.57
fold2_room1_mix0515,86,4,0,26,-2,8.39
fold2_room1_mix0515,86,5,0,45,10,6.88
fold2_room1_mix0515,87,4,0,142,-3,11.75
fold2_room1_mix0515,87,4,0,-161,-1,17.38
fold2_room1_mix0515,87,4,0,22,-3,8.25
fold2_room1_mix0515,87,5,0,41,9,7.81
fold2_room1_mix0515,88,4,0,141,-2,11.87
fold2_room1_mix0515,88,4,0,-161,0,19.81
fold2_room1_mix0515,88,4,0,20,-2,9.11
fold2_room1_mix0515,88,5,0,48,10,6.94
fold2_room1_mix0515,89,4,0,142,-2,12.21
fold2_room1_mix0515,89,4,0,-164,-1,17.15
fold2_room1_mix0515,89,4,0,18,-2,9.19
fold2_room1_mix0515,89,5,0,50,12,6.06
fold2_room1_mix0515,90,4,0,-167,-1,18.39
fold2_room1_mix0515,90,4,0,23,-2,9.90
fold2_room1_mix0515,90,5,0,51,12,5.92
fold2_room1_mix0515,91,4,0,32,-2,13.02
fold2_room1_mix0515,91,4,0,26,-1,12.07
fold2_room1_mix0515,91,5,0,56,13,5.66
fold2_room1_mix0515,92,4,0,26,-3,13.70
fold2_room1_mix0515,92,4,0,21,-2,12.20
fold2_room1_mix0515,92,5,0,57,13,5.19
fold2_room1_mix0515,93,4,0,17,-3,12.39
fold2_room1_mix0515,93,4,0,17,-2,11.88
fold2_room1_mix0515,93,5,0,58,14,5.05
fold2_room1_mix0515,94,4,0,18,-2,15.27
fold2_room1_mix0515,94,4,0,17,-2,13.88
fold2_room1_mix0515,94,5,0,58,13,5.23
fold2_room1_mix0515,95,4,0,16,-2,15.71
fold2_room1_mix0515,95,4,0,15,-2,14.05
fold2_room1_mix0515,95,5,0,61,13,5.31
fold2_room1_mix0515,96,4,0,14,-2,16.42
fold2_room1_mix0515,96,4,0,12,-1,15.07
fold2_room1_mix0515,96,5,0,60,13,5.46
fold2_room1_mix0515,97,4,0,14,-2,15.88
fold2_room1_mix0515,97,4,0,12,-2,15.10
fold2_room1_mix0515,97,5,0,67,14,4.96
fold2_room1_mix0515,98,4,0,16,-2,16.63
fold2_room1_mix0515,98,4,0,13,-2,15.76
fold2_room1_mix0515,98,5,0,69,12,6.04
fold2_room1_mix0515,99,4,0,13,-2,16.59
fold2_room1_mix0515,99,4,0,11,-2,15.75
fold2_room1_mix0515,99,5,0,70,12,6.21
fold2_room1_mix0516,4,4,0,2,1,24.51
fold2_room1_mix0516,4,4,0,3,0,22.23
fold2_room1_mix0516,5,4,0,0,1,20.00
fold2_room1_mix0516,5,4,0,1,0,18.52
fold2_room1_mix0516,6,4,0,3,1,22.04
fold2_room1_mix0516,6,4,0,4,0,20.63
fold2_room1_mix0516,7,4,0,1,0,34.61
fold2_room1_mix0516,7,4,0,2,0,32.68
fold2_room1_mix0516,8,4,0,0,0,35.56
fold2_room1_mix0516,8,4,0,2,0,34.03
fold2_room1_mix0516,9,4,0,2,0,45.91
fold2_room1_mix0516,9,4,0,2,0,44.01
fold2_room1_mix0516,10,4,0,4,0,46.66
fold2_room1_mix0516,10,4,0,4,0,44.09
fold2_room1_mix0516,11,4,0,2,0,39.10
fold2_room1_mix0516,11,4,0,2,0,36.93
fold2_room1_mix0516,12,4,0,2,0,45.22
fold2_room1_mix0516,12,4,0,2,0,42.41
fold2_room1_mix0516,13,4,0,4,0,49.29
fold2_room1_mix0516,13,4,0,3,0,44.92
fold2_room1_mix0516,14,4,0,3,0,46.12
fold2_room1_mix0516,14,4,0,3,0,42.27
fold2_room1_mix0516,15,4,0,1,0,43.65
fold2_room1_mix0516,15,4,0,2,0,40.34
fold2_room1_mix0516,16,4,0,1,0,47.00
fold2_room1_mix0516,16,4,0,1,0,42.87
fold2_room1_mix0516,17,4,0,2,0,42.22
fold2_room1_mix0516,17,4,0,2,0,39.22
fold2_room1_mix0516,18,4,0,3,0,39.89
fold2_room1_mix0516,18,4,0,3,0,36.84
fold2_room1_mix0516,19,4,0,4,0,41.48
fold2_room1_mix0516,19,4,0,4,0,38.54
fold2_room1_mix0516,20,4,0,5,0,38.28
fold2_room1_mix0516,20,4,0,5,0,35.36
fold2_room1_mix0516,21,4,0,4,0,38.02
fold2_room1_mix0516,21,4,0,4,0,35.42
fold2_room1_mix0516,22,4,0,6,0,36.41
fold2_room1_mix0516,22,4,0,5,0,33.99
fold2_room1_mix0516,23,4,0,6,0,36.08
fold2_room1_mix0516,23,4,0,6,0,33.37
fold2_room1_mix0516,24,4,0,7,0,33.81
fold2_room1_mix0516,24,4,0,6,0,32.08
fold2_room1_mix0516,25,4,0,9,0,33.98
fold2_room1_mix0516,25,4,0,7,0,32.13
fold2_room1_mix0516,26,4,0,9,0,33.63
fold2_room1_mix0516,26,4,0,7,0,32.31
fold2_room1_mix0516,27,4,0,9,0,32.52
fold2_room1_mix0516,27,4,0,6,0,31.55
fold2_room1_mix0516,28,4,0,11,0,30.40
fold2_room1_mix0516,28,4,0,7,0,30.07
fold2_room1_mix0516,29,4,0,9,0,28.85
fold2_room1_mix0516,29,4,0,6,-1,28.99
fold2_room1_mix0516,30,4,0,10,0,29.23
fold2_room1_mix0516,30,4,0,6,0,29.09
fold2_room1_mix0516,31,4,0,9,0,26.26
fold2_room1_mix0516,31,4,0,6,-1,26.83
fold2_room1_mix0516,32,4,0,9,0,26.19
fold2_room1_mix0516,32,4,0,6,-1,26.32
fold2_room1_mix0516,33,4,0,9,-1,23.96
fold2_room1_mix0516,33,4,0,7,-1,24.82
fold2_room1_mix0516,34,4,0,8,0,23.84
fold2_room1_mix0516,34,4,0,6,-1,24.61
fold2_room1_mix0516,35,4,0,9,-1,22.40
fold2_room1_mix0516,35,4,0,7,-1,23.31
fold2_room1_mix0516,36,4,0,9,-1,19.39
fold2_room1_mix0516,36,4,0,7,-2,20.35
fold2_room1_mix0516,37,3,0,115,-2,9.50
fold2_room1_mix0516,37,4,0,5,-1,19.87
fold2_room1_mix0516,37,4,0,5,-2,20.23
fold2_room1_mix0516,38,3,0,103,-3,10.23
fold2_room1_mix0516,38,4,0,0,-1,23.07
fold2_room1_mix0516,38,4,0,5,-2,24.27
fold2_room1_mix0516,39,3,0,89,-3,10.60
fold2_room1_mix0516,39,4,0,-1,-1,20.55
fold2_room1_mix0516,39,4,0,2,-2,21.55
fold2_room1_mix0516,40,3,0,75,-3,9.97
fold2_room1_mix0516,40,4,0,-2,-1,20.28
fold2_room1_mix0516,40,4,0,2,-2,21.65
fold2_room1_mix0516,41,3,0,74,-3,9.01
fold2_room1_mix0516,41,4,0,0,-2,18.04
fold2_room1_mix0516,41,4,0,3,-3,19.61
fold2_room1_mix0516,42,3,0,99,-3,9.43
fold2_room1_mix0516,42,4,0,-4,-2,17.42
fold2_room1_mix0516,42,4,0,-159,-2,11.37
fold2_room1_mix0516,42,4,0,11,-3,19.99
fold2_room1_mix0516,43,3,0,106,-3,9.25
fold2_room1_mix0516,43,4,0,0,-2,19.94
fold2_room1_mix0516,43,4,0,4,-2,20.72
fold2_room1_mix0516,44,3,0,110,-3,8.60
fold2_room1_mix0516,44,4,0,3,-2,18.08
fold2_room1_mix0516,44,4,0,5,-3,18.63
fold2_room1_mix0516,45,3,0,106,-3,7.43
fold2_room1_mix0516,45,4,0,4,-3,15.47
fold2_room1_mix0516,45,4,0,8,-4,16.58
fold2_room1_mix0516,46,4,0,8,-3,15.43
fold2_room1_mix0516,46,4,0,9,-3,16.32
fold2_room1_mix0516,47,4,0,11,-3,13.64
fold2_room1_mix0516,47,4,0,10,-3,14.79
fold2_room1_mix0516,48,4,0,8,-3,13.27
fold2_room1_mix0516,48,4,0,10,-3,14.16
fold2_room1_mix0516,49,4,0,18,-3,11.90
fold2_room1_mix0516,49,4,0,15,-3,12.87
fold2_room1_mix0516,50,4,0,17,-3,12.65
fold2_room1_mix0516,50,4,0,16,-3,13.49
fold2_room1_mix0516,51,4,0,21,-3,11.97
fold2_room1_mix0516,51,4,0,18,-3,12.55
fold2_room1_mix0516,52,4,0,24,-3,11.99
fold2_room1_mix0516,52,4,0,23,-3,12.26
fold2_room1_mix0516,53,4,0,26,-3,10.87
fold2_room1_mix0516,53,4,0,25,-3,10.95
fold2_room1_mix0516,54,4,0,32,-3,10.33
fold2_room1_mix0516,54,4,0,30,-3,10.29
fold2_room1_mix0516,55,4,0,32,-4,9.10
fold2_room1_mix0516,55,4,0,32,-4,8.75
fold2_room1_mix0516,56,4,0,30,-4,7.57
fold2_room1_mix0516,56,4,0,30,-4,7.11
fold2_room1_mix0516,57,4,0,-44,-4,6.68
fold2_room1_mix0516,57,4,0,45,-4,6.06
fold2_room1_mix0516,57,4,0,-2,-6,5.87
fold2_room1_mix0516,58,4,0,-39,-4,6.60
fold2_room1_mix0516,58,4,0,-33,-4,6.10
fold2_room1_mix0516,59,4,0,-38,-3,7.46
fold2_room1_mix0516,59,4,0,-32,-3,6.58
fold2_room1_mix0516,60,4,0,-34,-3,7.69
fold2_room1_mix0516,60,4,0,-31,-3,6.71
fold2_room1_mix0516,61,4,0,-38,-3,7.87
fold2_room1_mix0516,61,4,0,-31,-3,7.16
fold2_room1_mix0516,62,4,0,-33,-3,7.83
fold2_room1_mix0516,62,4,0,-30,-3,7.38
fold2_room1_mix0516,63,4,0,-30,-3,7.55
fold2_room1_mix0516,63,4,0,-25,-3,7.40
fold2_room1_mix0516,64,4,0,-33,-3,7.52
fold2_room1_mix0516,64,4,0,-26,-3,7.63
fold2_room1_mix0516,65,4,0,-31,-3,7.79
fold2_room1_mix0516,65,4,0,-26,-3,7.82
fold2_room1_mix0516,66,4,0,-28,-3,8.17
fold2_room1_mix0516,66,4,0,-23,-3,8.33
fold2_room1_mix0516,67,4,0,-28,-3,8.79
fold2_room1_mix0516,67,4,0,-21,-3,9.24
fold2_room1_mix0516,68,4,0,-27,-3,9.20
fold2_room1_mix0516,68,4,0,-21,-3,9.66
fold2_room1_mix0516,69,4,0,-24,-2,9.74
fold2_room1_mix0516,69,4,0,-19,-2,10.57
fold2_room1_mix0516,70,4,0,-22,-2,10.52
fold2_room1_mix0516,70,4,0,-16,-2,11.42
fold2_room1_mix0516,71,4,0,-19,-2,10.70
fold2_room1_mix0516,71,4,0,-14,-2,11.82
fold2_room1_mix0516,72,4,0,-23,-2,11.87
fold2_room1_mix0516,72,4,0,-17,-2,12.98
fold2_room1_mix0516,73,4,0,-20,-3,12.09
fold2_room1_mix0516,73,4,0,-14,-3,13.43
fold2_room1_mix0516,75,4,0,166,-6,9.95
fold2_room1_mix0516,75,4,0,149,-2,8.81
fold2_room1_mix0516,75,4,0,-15,-2,15.86
fold2_room1_mix0516,76,4,0,170,-6,11.51
fold2_room1_mix0516,76,4,0,150,-2,10.05
fold2_room1_mix0516,76,4,0,-12,-2,17.14
fold2_room1_mix0516,77,4,0,156,-2,11.68
fold2_room1_mix0516,77,4,0,-12,-1,19.41
fold2_room1_mix0516,78,4,0,168,-3,12.86
fold2_room1_mix0516,78,4,0,152,-2,10.92
fold2_room1_mix0516,78,4,0,-13,-1,19.19
fold2_room1_mix0516,79,4,0,156,-2,12.25
fold2_room1_mix0516,79,4,0,-13,-1,18.98
fold2_room1_mix0516,80,4,0,163,-1,13.46
fold2_room1_mix0516,80,4,0,-9,-1,20.12
fold2_room1_mix0516,81,4,0,159,-1,14.76
fold2_room1_mix0516,81,4,0,-13,-1,20.29
fold2_room1_mix0516,82,4,0,160,-1,16.25
fold2_room1_mix0516,82,4,0,-12,-1,20.18
fold2_room1_mix0516,83,4,0,161,-1,17.52
fold2_room1_mix0516,83,4,0,-12,-1,21.25
fold2_room1_mix0516,84,4,0,159,-1,18.21
fold2_room1_mix0516,84,4,0,-13,-1,20.46
fold2_room1_mix0516,85,4,0,160,-1,18.61
fold2_room1_mix0516,85,4,0,-13,-1,20.36
fold2_room1_mix0516,86,4,0,162,-1,19.75
fold2_room1_mix0516,86,4,0,-12,-1,22.48
fold2_room1_mix0516,87,4,0,162,-1,20.85
fold2_room1_mix0516,87,4,0,-11,-1,22.84
fold2_room1_mix0516,88,4,0,163,-1,21.88
fold2_room1_mix0516,88,4,0,-9,-1,23.21
fold2_room1_mix0516,89,4,0,164,-1,22.85
fold2_room1_mix0516,89,4,0,-10,-1,25.47
fold2_room1_mix0516,90,4,0,165,0,23.95
fold2_room1_mix0516,90,4,0,-7,-1,26.14
fold2_room1_mix0516,91,4,0,166,0,24.87
fold2_room1_mix0516,91,4,0,-7,-1,27.23
fold2_room1_mix0516,92,4,0,166,0,27.66
fold2_room1_mix0516,92,4,0,-8,-1,27.34
fold2_room1_mix0516,93,4,0,168,-1,27.96
fold2_room1_mix0516,93,4,0,-6,-1,31.44
fold2_room1_mix0516,94,4,0,167,-1,29.39
fold2_room1_mix0516,94,4,0,-7,-1,30.05
fold2_room1_mix0516,95,4,0,167,0,30.12
fold2_room1_mix0516,95,4,0,-6,0,30.37
fold2_room1_mix0516,96,4,0,169,0,31.84
fold2_room1_mix0516,96,4,0,-6,-1,31.17
fold2_room1_mix0516,97,4,0,170,-1,33.69
fold2_room1_mix0516,97,4,0,-4,-1,33.37
fold2_room1_mix0516,98,4,0,170,-1,34.19
fold2_room1_mix0516,98,4,0,-4,-1,32.91
fold2_room1_mix0516,99,4,0,173,-1,36.64
fold2_room1_mix0516,99,4,0,-2,-1,32.42
fold2_room1_mix0516,74,4,0,144,-2,8.35
fold2_room1_mix0516,74,4,0,-12,-2,15.32
fold2_room1_mix0539,50,4,0,-19,-1,13.68
fold2_room1_mix0539,51,4,0,-22,-1,12.11
fold2_room1_mix0539,52,4,0,-22,-1,12.25
fold2_room1_mix0539,53,4,0,-23,-1,18.88
fold2_room1_mix0539,54,4,0,-24,-1,20.79
fold2_room1_mix0539,55,4,0,-27,-1,19.29
fold2_room1_mix0539,56,4,0,-28,-1,18.20
fold2_room1_mix0539,57,4,0,-28,-1,18.25
fold2_room1_mix0539,58,4,0,-32,-1,17.33
fold2_room1_mix0539,59,4,0,-35,-2,16.58
fold2_room1_mix0539,60,4,0,-37,-2,15.87
fold2_room1_mix0539,61,4,0,-38,-2,15.44
fold2_room1_mix0539,62,4,0,-43,-2,14.83
fold2_room1_mix0539,63,4,0,-44,-2,13.81
fold2_room1_mix0539,64,4,0,-47,-2,13.53
fold2_room1_mix0539,65,4,0,-51,-2,12.84
fold2_room1_mix0539,66,4,0,-53,-2,12.28
fold2_room1_mix0539,67,4,0,-59,-2,11.62
fold2_room1_mix0539,68,4,0,-60,-2,11.09
fold2_room1_mix0539,69,4,0,-66,-2,10.76
fold2_room1_mix0539,70,4,0,-70,-2,10.68
fold2_room1_mix0539,71,4,0,-73,-2,10.73
fold2_room1_mix0539,72,4,0,-79,-2,10.42
fold2_room1_mix0539,73,4,0,-83,-2,10.58
fold2_room1_mix0539,74,4,0,-87,-2,10.27
fold2_room1_mix0539,75,4,0,-92,-2,10.65
fold2_room1_mix0539,76,4,0,-98,-2,10.70
fold2_room1_mix0539,77,4,0,-105,-1,11.40
fold2_room1_mix0539,78,4,0,-109,-1,11.73
fold2_room1_mix0539,79,4,0,-114,-1,11.68
fold2_room1_mix0539,80,4,0,-119,-1,12.61
fold2_room1_mix0539,81,4,0,-122,-1,12.71
fold2_room1_mix0539,82,4,0,-124,-1,13.32
fold2_room1_mix0539,83,4,0,-127,-1,13.95
fold2_room1_mix0539,84,4,0,-129,-1,14.22
fold2_room1_mix0539,85,4,0,-133,-1,14.30
fold2_room1_mix0539,86,4,0,-134,-1,14.65
fold2_room1_mix0539,87,4,0,-138,-1,15.29
fold2_room1_mix0539,88,4,0,-141,-1,15.94
fold2_room1_mix0539,89,4,0,-143,-1,16.39
fold2_room1_mix0539,90,4,0,-145,-1,16.87
fold2_room1_mix0539,91,4,0,-146,-1,18.09
fold2_room1_mix0539,92,4,0,-148,-1,18.05
fold2_room1_mix0539,93,4,0,-150,-1,19.44
fold2_room1_mix0539,94,4,0,-150,-1,11.41
fold2_room1_mix0539,95,4,0,-153,-1,14.68
fold2_room1_mix0539,96,4,0,-153,-1,10.04
fold2_room1_mix0551,0,5,0,15,3,2.09
fold2_room1_mix0551,1,4,0,-178,0,4.17
fold2_room1_mix0551,1,5,0,19,4,8.17
fold2_room1_mix0551,2,4,0,-176,0,4.25
fold2_room1_mix0551,2,5,0,19,3,12.17
fold2_room1_mix0551,3,4,0,-174,0,12.02
fold2_room1_mix0551,3,4,0,9,0,19.27
fold2_room1_mix0551,3,5,0,23,2,5.82
fold2_room1_mix0551,4,4,0,-177,0,15.92
fold2_room1_mix0551,4,5,0,23,2,15.92
fold2_room1_mix0551,5,4,0,-176,0,17.07
fold2_room1_mix0551,5,5,0,26,3,20.95
fold2_room1_mix0551,6,4,0,-176,0,16.93
fold2_room1_mix0551,6,5,0,25,2,21.37
fold2_room1_mix0551,7,4,0,-177,-1,24.50
fold2_room1_mix0551,7,5,0,26,2,22.05
fold2_room1_mix0551,8,4,0,-175,-1,24.59
fold2_room1_mix0551,8,5,0,24,2,20.47
fold2_room1_mix0551,9,4,0,-174,-1,23.39
fold2_room1_mix0551,9,5,0,24,2,22.10
fold2_room1_mix0551,10,4,0,-177,-1,23.94
fold2_room1_mix0551,10,5,0,25,2,19.77
fold2_room1_mix0551,11,4,0,-172,-1,22.26
fold2_room1_mix0551,11,4,0,2,-1,45.41
fold2_room1_mix0551,11,5,0,25,3,19.42
fold2_room1_mix0551,12,4,0,-173,-1,19.82
fold2_room1_mix0551,12,5,0,26,2,20.66
fold2_room1_mix0551,13,4,0,-174,-1,21.21
fold2_room1_mix0551,13,4,0,6,-1,40.47
fold2_room1_mix0551,13,5,0,27,3,17.57
fold2_room1_mix0551,14,4,0,-169,-1,19.45
fold2_room1_mix0551,14,4,0,3,-1,41.40
fold2_room1_mix0551,14,5,0,26,3,20.37
fold2_room1_mix0551,15,4,0,-170,-2,15.61
fold2_room1_mix0551,15,5,0,24,2,20.39
fold2_room1_mix0551,16,4,0,-169,-2,16.29
fold2_room1_mix0551,16,4,0,0,-1,31.26
fold2_room1_mix0551,16,5,0,27,2,20.22
fold2_room1_mix0551,17,4,0,-167,-2,15.90
fold2_room1_mix0551,17,4,0,2,-1,37.92
fold2_room1_mix0551,17,5,0,26,3,19.84
fold2_room1_mix0551,18,4,0,-167,-2,14.55
fold2_room1_mix0551,18,5,0,24,3,22.01
fold2_room1_mix0551,19,4,0,-168,-2,14.01
fold2_room1_mix0551,19,4,0,0,-1,35.59
fold2_room1_mix0551,19,5,0,25,2,18.78
fold2_room1_mix0551,20,4,0,-167,-3,11.57
fold2_room1_mix0551,20,4,0,-2,-1,28.47
fold2_room1_mix0551,20,5,0,25,2,20.24
fold2_room1_mix0551,21,4,0,-167,-2,12.15
fold2_room1_mix0551,21,4,0,1,-1,33.87
fold2_room1_mix0551,21,5,0,25,3,19.91
fold2_room1_mix0551,22,4,0,-166,-2,12.74
fold2_room1_mix0551,22,4,0,0,-1,35.41
fold2_room1_mix0551,22,5,0,25,2,19.83
fold2_room1_mix0551,23,4,0,-166,-3,10.79
fold2_room1_mix0551,23,5,0,27,3,18.70
fold2_room1_mix0551,24,4,0,-165,-3,10.33
fold2_room1_mix0551,24,4,0,-5,-2,28.41
fold2_room1_mix0551,24,5,0,25,3,19.08
fold2_room1_mix0551,25,4,0,-166,-3,11.64
fold2_room1_mix0551,25,4,0,-1,-1,34.89
fold2_room1_mix0551,25,5,0,26,3,17.33
fold2_room1_mix0551,26,4,0,-164,-3,10.68
fold2_room1_mix0551,26,4,0,0,-1,34.65
fold2_room1_mix0551,26,5,0,24,3,18.46
fold2_room1_mix0551,27,4,0,-166,-3,9.70
fold2_room1_mix0551,27,4,0,0,-1,33.79
fold2_room1_mix0551,27,5,0,25,3,18.35
fold2_room1_mix0551,28,4,0,-165,-4,8.81
fold2_room1_mix0551,28,4,0,3,-1,33.20
fold2_room1_mix0551,28,5,0,25,3,16.67
fold2_room1_mix0551,29,4,0,-165,-4,8.39
fold2_room1_mix0551,29,4,0,4,-1,31.33
fold2_room1_mix0551,29,5,0,26,3,16.95
fold2_room1_mix0551,30,4,0,-164,-4,8.27
fold2_room1_mix0551,30,4,0,0,-1,31.39
fold2_room1_mix0551,30,5,0,24,3,17.58
fold2_room1_mix0551,31,4,0,-164,-5,7.66
fold2_room1_mix0551,31,4,0,1,-1,28.71
fold2_room1_mix0551,31,5,0,26,2,18.42
fold2_room1_mix0551,32,4,0,-163,-4,7.68
fold2_room1_mix0551,32,4,0,0,-1,29.59
fold2_room1_mix0551,32,5,0,30,3,14.90
fold2_room1_mix0551,33,4,0,-164,-5,7.57
fold2_room1_mix0551,33,4,0,4,-1,27.23
fold2_room1_mix0551,33,5,0,23,3,17.03
fold2_room1_mix0551,34,4,0,-162,-6,6.78
fold2_room1_mix0551,34,4,0,9,-1,28.49
fold2_room1_mix0551,34,5,0,24,3,17.56
fold2_room1_mix0551,35,4,0,-164,-6,6.76
fold2_room1_mix0551,35,4,0,9,-1,29.03
fold2_room1_mix0551,35,5,0,28,3,15.64
fold2_room1_mix0551,36,4,0,-158,-7,5.96
fold2_room1_mix0551,36,4,0,10,-1,28.04
fold2_room1_mix0551,36,5,0,27,3,16.56
fold2_room1_mix0551,37,4,0,-160,-7,6.17
fold2_room1_mix0551,37,4,0,12,-1,26.90
fold2_room1_mix0551,37,5,0,23,4,13.93
fold2_room1_mix0551,38,4,0,-144,-9,3.85
fold2_room1_mix0551,38,4,0,-163,-6,7.60
fold2_room1_mix0551,38,4,0,10,-1,27.56
fold2_room1_mix0551,38,5,0,24,3,15.29
fold2_room1_mix0551,39,4,0,-142,-10,3.77
fold2_room1_mix0551,39,4,0,-161,-6,7.29
fold2_room1_mix0551,39,4,0,13,-1,27.29
fold2_room1_mix0551,39,5,0,24,3,15.93
fold2_room1_mix0551,40,1,0,12,-1,20.09
fold2_room1_mix0551,40,4,0,-139,-11,4.08
fold2_room1_mix0551,40,4,0,-155,-5,7.31
fold2_room1_mix0551,40,4,0,11,0,29.78
fold2_room1_mix0551,40,5,0,27,4,15.60
fold2_room1_mix0551,41,1,0,4,-2,29.10
fold2_room1_mix0551,41,4,0,-147,-8,5.97
fold2_room1_mix0551,41,4,0,2,-2,24.07
fold2_room1_mix0551,41,5,0,23,4,15.36
fold2_room1_mix0551,42,1,0,17,-2,15.56
fold2_room1_mix0551,42,4,0,-143,-6,7.36
fold2_room1_mix0551,42,4,0,1,-2,20.32
fold2_room1_mix0551,42,5,0,26,3,15.66
fold2_room1_mix0551,43,1,0,17,-2,14.84
fold2_room1_mix0551,43,4,0,-137,-9,4.78
fold2_room1_mix0551,43,4,0,7,-2,23.47
fold2_room1_mix0551,43,5,0,26,4,14.94
fold2_room1_mix0551,44,1,0,17,-2,24.65
fold2_room1_mix0551,44,4,0,-126,-13,4.45
fold2_room1_mix0551,44,4,0,-142,-7,5.77
fold2_room1_mix0551,44,4,0,9,-2,21.68
fold2_room1_mix0551,44,5,0,29,3,16.66
fold2_room1_mix0551,45,1,0,6,-2,25.37
fold2_room1_mix0551,45,4,0,-66,-14,6.32
fold2_room1_mix0551,45,4,0,-134,-5,8.56
fold2_room1_mix0551,45,4,0,2,-2,16.43
fold2_room1_mix0551,45,5,0,26,4,15.00
fold2_room1_mix0551,46,1,0,13,-2,20.40
fold2_room1_mix0551,46,4,0,-54,-11,6.18
fold2_room1_mix0551,46,4,0,-135,-5,9.14
fold2_room1_mix0551,46,4,0,7,-2,19.99
fold2_room1_mix0551,46,5,0,25,4,15.87
fold2_room1_mix0551,47,1,0,17,-2,15.96
fold2_room1_mix0551,47,4,0,-73,-11,6.43
fold2_room1_mix0551,47,4,0,-126,-4,9.80
fold2_room1_mix0551,47,4,0,7,-2,17.41
fold2_room1_mix0551,47,5,0,26,4,15.87
fold2_room1_mix0551,48,1,0,9,-2,8.27
fold2_room1_mix0551,48,4,0,-73,-12,3.86
fold2_room1_mix0551,48,4,0,-152,-4,9.66
fold2_room1_mix0551,48,4,0,4,-4,11.31
fold2_room1_mix0551,48,5,0,30,3,14.61
fold2_room1_mix0551,49,1,0,19,-1,5.51
fold2_room1_mix0551,49,4,0,-50,-11,4.78
fold2_room1_mix0551,49,4,0,-167,-4,8.78
fold2_room1_mix0551,49,4,0,-19,-5,7.69
fold2_room1_mix0551,49,5,0,25,3,13.69
fold2_room1_mix0551,50,4,0,-34,-9,4.19
fold2_room1_mix0551,50,4,0,-171,-3,8.25
fold2_room1_mix0551,50,4,0,-16,-5,6.15
fold2_room1_mix0551,50,5,0,24,3,15.21
fold2_room1_mix0551,51,4,0,-46,-12,4.61
fold2_room1_mix0551,51,4,0,-172,-4,9.08
fold2_room1_mix0551,51,4,0,-13,-6,5.81
fold2_room1_mix0551,51,5,0,27,3,14.80
fold2_room1_mix0551,52,4,0,-30,-9,5.05
fold2_room1_mix0551,52,4,0,-172,-4,8.93
fold2_room1_mix0551,52,4,0,-8,-5,7.04
fold2_room1_mix0551,52,5,0,25,3,15.59
fold2_room1_mix0551,53,4,0,-31,-9,6.48
fold2_room1_mix0551,53,4,0,179,-3,9.22
fold2_room1_mix0551,53,4,0,-12,-4,5.70
fold2_room1_mix0551,53,5,0,20,3,15.52
fold2_room1_mix0551,54,4,0,-178,-2,10.74
fold2_room1_mix0551,54,4,0,-12,-5,4.97
fold2_room1_mix0551,54,5,0,21,3,15.00
fold2_room1_mix0551,55,4,0,-178,-3,9.59
fold2_room1_mix0551,55,4,0,-13,-5,4.35
fold2_room1_mix0551,55,5,0,25,3,13.61
fold2_room1_mix0551,56,4,0,9,-8,7.57
fold2_room1_mix0551,56,4,0,175,-3,9.89
fold2_room1_mix0551,56,4,0,-14,-4,4.80
fold2_room1_mix0551,56,5,0,26,5,12.38
fold2_room1_mix0551,57,4,0,176,-2,10.65
fold2_room1_mix0551,57,4,0,-10,-6,4.14
fold2_room1_mix0551,57,5,0,21,4,13.44
fold2_room1_mix0551,58,4,0,-5,-9,6.00
fold2_room1_mix0551,58,4,0,-6,-7,5.33
fold2_room1_mix0551,58,5,0,25,3,14.14
fold2_room1_mix0551,59,4,0,15,-11,4.66
fold2_room1_mix0551,59,4,0,176,-4,8.28
fold2_room1_mix0551,59,4,0,-7,-6,4.44
fold2_room1_mix0551,59,5,0,29,4,14.73
fold2_room1_mix0551,60,4,0,27,-14,3.71
fold2_room1_mix0551,60,4,0,172,-4,7.57
fold2_room1_mix0551,60,4,0,-8,-6,4.38
fold2_room1_mix0551,60,5,0,21,4,14.87
fold2_room1_mix0551,61,4,0,37,-16,3.07
fold2_room1_mix0551,61,4,0,174,-6,5.95
fold2_room1_mix0551,61,4,0,-11,-7,4.35
fold2_room1_mix0551,61,5,0,21,4,14.48
fold2_room1_mix0551,62,4,0,81,-19,1.72
fold2_room1_mix0551,62,4,0,166,-8,4.94
fold2_room1_mix0551,62,4,0,-19,-8,4.84
fold2_room1_mix0551,62,5,0,22,4,13.92
fold2_room1_mix0551,63,4,0,124,-16,1.26
fold2_room1_mix0551,63,4,0,170,-8,4.34
fold2_room1_mix0551,63,4,0,-11,-11,3.89
fold2_room1_mix0551,63,5,0,24,5,12.08
fold2_room1_mix0551,64,4,0,141,-12,1.96
fold2_room1_mix0551,64,4,0,165,-8,4.14
fold2_room1_mix0551,64,4,0,-14,-6,7.29
fold2_room1_mix0551,64,5,0,31,4,13.89
fold2_room1_mix0551,65,4,0,151,-11,2.19
fold2_room1_mix0551,65,4,0,172,-7,4.19
fold2_room1_mix0551,65,4,0,-12,-6,7.06
fold2_room1_mix0551,65,5,0,26,4,13.60
fold2_room1_mix0551,66,4,0,153,-12,2.05
fold2_room1_mix0551,66,4,0,171,-7,4.81
fold2_room1_mix0551,66,4,0,-11,-6,8.50
fold2_room1_mix0551,66,5,0,21,4,15.69
fold2_room1_mix0551,67,4,0,161,-11,3.00
fold2_room1_mix0551,67,4,0,-14,-5,10.72
fold2_room1_mix0551,67,5,0,24,4,14.72
fold2_room1_mix0551,68,4,0,143,-20,1.81
fold2_room1_mix0551,68,4,0,158,-12,2.72
fold2_room1_mix0551,68,4,0,-10,-7,10.69
fold2_room1_mix0551,68,5,0,23,4,14.43
fold2_room1_mix0551,69,4,0,126,-25,0.90
fold2_room1_mix0551,69,4,0,167,-13,6.15
fold2_room1_mix0551,69,4,0,-9,-12,9.63
fold2_room1_mix0551,69,5,0,19,5,15.24
fold2_room1_mix0551,70,4,0,94,-35,0.53
fold2_room1_mix0551,70,4,0,171,-19,6.41
fold2_room1_mix0551,70,4,0,-9,-18,8.25
fold2_room1_mix0551,70,5,0,21,5,16.61
fold2_room1_mix0551,71,4,0,57,-29,0.77
fold2_room1_mix0551,71,4,0,164,-17,5.80
fold2_room1_mix0551,71,4,0,-6,-16,7.68
fold2_room1_mix0551,71,5,0,24,5,16.09
fold2_room1_mix0551,72,4,0,38,-21,0.96
fold2_room1_mix0551,72,4,0,178,-8,11.44
fold2_room1_mix0551,72,4,0,-3,-11,9.74
fold2_room1_mix0551,72,5,0,26,6,13.39
fold2_room1_mix0551,73,4,0,33,-19,1.26
fold2_room1_mix0551,73,4,0,178,-7,12.92
fold2_room1_mix0551,73,4,0,2,-11,6.87
fold2_room1_mix0551,73,5,0,20,5,13.71
fold2_room1_mix0551,74,4,0,24,-17,1.68
fold2_room1_mix0551,74,4,0,178,-6,13.22
fold2_room1_mix0551,74,4,0,0,-9,9.37
fold2_room1_mix0551,74,5,0,26,4,15.23
fold2_room1_mix0551,75,4,0,22,-13,2.34
fold2_room1_mix0551,75,4,0,179,-4,15.41
fold2_room1_mix0551,75,4,0,6,-9,5.12
fold2_room1_mix0551,75,5,0,22,5,13.50
fold2_room1_mix0551,76,4,0,15,-12,2.82
fold2_room1_mix0551,76,4,0,9,-10,4.72
fold2_room1_mix0551,76,5,0,26,5,15.09
fold2_room1_mix0551,77,4,0,11,-10,3.42
fold2_room1_mix0551,77,4,0,8,-9,4.90
fold2_room1_mix0551,77,5,0,21,4,14.88
fold2_room1_mix0551,78,4,0,10,-8,4.60
fold2_room1_mix0551,78,4,0,6,-6,6.75
fold2_room1_mix0551,78,5,0,24,6,14.19
fold2_room1_mix0551,79,4,0,12,-9,4.28
fold2_room1_mix0551,79,4,0,7,-7,6.13
fold2_room1_mix0551,79,5,0,18,5,14.91
fold2_room1_mix0551,80,4,0,13,-7,5.47
fold2_room1_mix0551,80,4,0,6,-5,7.84
fold2_room1_mix0551,80,5,0,21,4,16.35
fold2_room1_mix0551,81,4,0,10,-7,5.73
fold2_room1_mix0551,81,4,0,6,-5,8.02
fold2_room1_mix0551,81,5,0,23,4,16.32
fold2_room1_mix0551,82,4,0,11,-7,5.92
fold2_room1_mix0551,82,4,0,7,-5,7.97
fold2_room1_mix0551,82,5,0,19,4,15.92
fold2_room1_mix0551,83,4,0,9,-7,6.46
fold2_room1_mix0551,83,4,0,6,-5,8.24
fold2_room1_mix0551,83,5,0,20,4,17.97
fold2_room1_mix0551,84,4,0,7,-6,8.00
fold2_room1_mix0551,84,4,0,5,-4,10.11
fold2_room1_mix0551,84,5,0,19,4,17.69
fold2_room1_mix0551,85,4,0,3,-5,7.90
fold2_room1_mix0551,85,4,0,1,-4,9.48
fold2_room1_mix0551,85,5,0,20,4,15.82
fold2_room1_mix0551,86,4,0,4,-5,8.46
fold2_room1_mix0551,86,4,0,3,-4,10.17
fold2_room1_mix0551,86,5,0,15,3,21.26
fold2_room1_mix0551,87,4,0,3,-5,9.33
fold2_room1_mix0551,87,4,0,2,-4,10.78
fold2_room1_mix0551,87,5,0,21,3,18.59
fold2_room1_mix0551,88,4,0,1,-4,10.19
fold2_room1_mix0551,88,4,0,1,-3,11.73
fold2_room1_mix0551,88,5,0,19,4,17.27
fold2_room1_mix0551,89,4,0,0,-4,10.86
fold2_room1_mix0551,89,4,0,1,-3,12.06
fold2_room1_mix0551,89,5,0,16,3,18.26
fold2_room1_mix0551,90,4,0,0,-4,12.06
fold2_room1_mix0551,90,4,0,1,-3,13.78
fold2_room1_mix0551,90,5,0,17,3,18.35
fold2_room1_mix0551,91,4,0,1,-3,12.76
fold2_room1_mix0551,91,4,0,2,-3,14.40
fold2_room1_mix0551,91,5,0,22,4,18.67
fold2_room1_mix0551,92,4,0,0,-3,14.23
fold2_room1_mix0551,92,4,0,1,-3,15.54
fold2_room1_mix0551,92,5,0,19,3,19.39
fold2_room1_mix0551,93,4,0,0,-4,13.48
fold2_room1_mix0551,93,4,0,1,-3,15.46
fold2_room1_mix0551,93,5,0,20,3,17.55
fold2_room1_mix0551,94,4,0,1,-3,14.73
fold2_room1_mix0551,94,4,0,1,-3,16.90
fold2_room1_mix0551,94,5,0,21,4,16.63
fold2_room1_mix0551,95,4,0,1,-3,14.50
fold2_room1_mix0551,95,4,0,1,-3,15.76
fold2_room1_mix0551,95,5,0,20,4,17.70
fold2_room1_mix0551,96,4,0,1,-4,14.54
fold2_room1_mix0551,96,4,0,1,-3,17.01
fold2_room1_mix0551,96,5,0,21,4,18.81
fold2_room1_mix0551,97,4,0,1,-3,15.69
fold2_room1_mix0551,97,4,0,3,-2,18.53
fold2_room1_mix0551,97,5,0,21,4,17.11
fold2_room1_mix0551,98,4,0,0,-3,16.62
fold2_room1_mix0551,98,4,0,2,-2,19.00
fold2_room1_mix0551,98,5,0,21,5,16.98
fold2_room1_mix0551,99,4,0,2,-3,16.19
fold2_room1_mix0551,99,4,0,2,-2,18.28
fold2_room1_mix0551,99,5,0,21,3,19.82
fold2_room1_mix0554,3,4,0,19,3,3.82
fold2_room1_mix0554,5,4,0,15,0,22.44
fold2_room1_mix0554,6,4,0,12,1,22.79
fold2_room1_mix0554,7,4,0,14,1,22.98
fold2_room1_mix0554,8,4,0,14,0,30.55
fold2_room1_mix0554,9,4,0,16,0,44.68
fold2_room1_mix0554,10,4,0,17,0,44.48
fold2_room1_mix0554,11,4,0,17,0,37.85
fold2_room1_mix0554,12,4,0,18,0,43.04
fold2_room1_mix0554,13,4,0,16,0,46.05
fold2_room1_mix0554,14,4,0,16,0,43.29
fold2_room1_mix0554,15,4,0,18,0,44.28
fold2_room1_mix0554,16,4,0,17,0,40.76
fold2_room1_mix0554,17,4,0,18,0,45.57
fold2_room1_mix0554,18,4,0,19,0,46.04
fold2_room1_mix0554,19,4,0,16,0,43.09
fold2_room1_mix0554,20,4,0,17,0,46.11
fold2_room1_mix0554,21,4,0,17,0,44.22
fold2_room1_mix0554,22,4,0,17,0,41.41
fold2_room1_mix0554,23,4,0,19,0,41.62
fold2_room1_mix0554,24,4,0,17,0,39.45
fold2_room1_mix0554,25,4,0,20,0,39.44
fold2_room1_mix0554,26,4,0,20,0,40.17
fold2_room1_mix0554,27,4,0,20,0,35.48
fold2_room1_mix0554,28,4,0,19,0,36.90
fold2_room1_mix0554,29,4,0,18,0,35.85
fold2_room1_mix0554,30,4,0,21,0,34.15
fold2_room1_mix0554,31,4,0,19,0,37.03
fold2_room1_mix0554,32,4,0,22,0,34.51
fold2_room1_mix0554,33,4,0,20,0,34.31
fold2_room1_mix0554,34,4,0,22,0,34.29
fold2_room1_mix0554,35,4,0,22,0,30.92
fold2_room1_mix0554,36,4,0,20,0,30.43
fold2_room1_mix0554,37,4,0,21,0,31.18
fold2_room1_mix0554,38,4,0,24,0,30.97
fold2_room1_mix0554,39,4,0,24,0,30.37
fold2_room1_mix0554,40,4,0,26,0,28.85
fold2_room1_mix0554,41,4,0,26,0,26.67
fold2_room1_mix0554,42,4,0,26,0,27.98
fold2_room1_mix0554,43,4,0,28,0,27.05
fold2_room1_mix0554,44,4,0,33,0,26.12
fold2_room1_mix0554,44,4,0,13,0,31.56
fold2_room1_mix0554,45,4,0,28,-1,26.36
fold2_room1_mix0554,46,4,0,36,0,23.51
fold2_room1_mix0554,46,4,0,18,0,28.74
fold2_room1_mix0554,47,4,0,37,0,21.84
fold2_room1_mix0554,47,4,0,15,0,28.20
fold2_room1_mix0554,48,4,0,38,-1,21.56
fold2_room1_mix0554,48,4,0,17,0,27.87
fold2_room1_mix0554,49,4,0,38,-1,21.32
fold2_room1_mix0554,49,4,0,18,0,26.90
fold2_room1_mix0554,50,4,0,40,-1,20.87
fold2_room1_mix0554,50,4,0,18,0,27.66
fold2_room1_mix0554,51,4,0,41,-1,21.24
fold2_room1_mix0554,51,4,0,24,0,26.60
fold2_room1_mix0554,52,4,0,44,-1,19.95
fold2_room1_mix0554,52,4,0,20,0,26.97
fold2_room1_mix0554,53,4,0,47,-1,19.61
fold2_room1_mix0554,53,4,0,23,0,26.39
fold2_room1_mix0554,54,4,0,51,-1,18.81
fold2_room1_mix0554,54,4,0,23,0,26.90
fold2_room1_mix0554,55,4,0,56,-1,18.01
fold2_room1_mix0554,55,4,0,18,0,27.60
fold2_room1_mix0554,56,4,0,57,-1,18.06
fold2_room1_mix0554,56,4,0,20,0,27.65
fold2_room1_mix0554,57,4,0,62,-1,16.79
fold2_room1_mix0554,57,4,0,14,0,27.11
fold2_room1_mix0554,58,4,0,66,-2,16.72
fold2_room1_mix0554,58,4,0,14,0,27.04
fold2_room1_mix0554,59,4,0,66,-2,16.74
fold2_room1_mix0554,59,4,0,13,0,26.87
fold2_room1_mix0554,60,4,0,70,-2,16.63
fold2_room1_mix0554,60,4,0,12,0,27.09
fold2_room1_mix0554,61,4,0,76,-2,16.03
fold2_room1_mix0554,61,4,0,10,0,28.19
fold2_room1_mix0554,62,4,0,78,-2,15.31
fold2_room1_mix0554,62,4,0,8,0,27.12
fold2_room1_mix0554,63,4,0,79,-2,15.57
fold2_room1_mix0554,63,4,0,5,0,26.24
fold2_room1_mix0554,64,4,0,81,-2,15.15
fold2_room1_mix0554,64,4,0,5,0,24.75
fold2_room1_mix0554,65,4,0,89,-2,15.30
fold2_room1_mix0554,65,4,0,1,0,24.86
fold2_room1_mix0554,66,4,0,85,-2,15.81
fold2_room1_mix0554,66,4,0,1,-1,24.51
fold2_room1_mix0554,67,4,0,90,-2,15.67
fold2_room1_mix0554,67,4,0,2,-1,23.72
fold2_room1_mix0554,68,4,0,91,-2,16.19
fold2_room1_mix0554,68,4,0,6,-1,21.35
fold2_room1_mix0554,69,4,0,96,-2,16.76
fold2_room1_mix0554,69,4,0,14,-1,21.28
fold2_room1_mix0554,70,4,0,77,-2,16.14
fold2_room1_mix0554,70,4,0,96,-2,17.22
fold2_room1_mix0554,70,4,0,25,-2,17.51
fold2_room1_mix0554,71,4,0,88,-2,16.08
fold2_room1_mix0554,71,4,0,105,-2,16.96
fold2_room1_mix0554,71,4,0,23,-1,16.47
fold2_room1_mix0554,72,4,0,92,-2,15.58
fold2_room1_mix0554,72,4,0,114,-1,17.38
fold2_room1_mix0554,72,4,0,29,-1,14.99
fold2_room1_mix0554,73,4,0,80,-2,14.10
fold2_room1_mix0554,73,4,0,111,-1,16.06
fold2_room1_mix0554,73,4,0,20,-2,13.45
fold2_room1_mix0554,74,4,0,118,-2,15.95
fold2_room1_mix0554,74,4,0,25,-2,12.28
fold2_room1_mix0554,75,4,0,118,-2,15.91
fold2_room1_mix0554,75,4,0,26,-3,11.10
fold2_room1_mix0554,76,4,0,125,-2,16.22
fold2_room1_mix0554,76,4,0,31,-3,10.72
fold2_room1_mix0554,77,4,0,131,-2,15.89
fold2_room1_mix0554,77,4,0,30,-3,9.71
fold2_room1_mix0554,78,4,0,137,-2,15.90
fold2_room1_mix0554,78,4,0,38,-3,9.17
fold2_room1_mix0554,79,4,0,140,-2,16.84
fold2_room1_mix0554,79,4,0,41,-4,8.36
fold2_room1_mix0554,80,4,0,150,-2,17.11
fold2_room1_mix0554,80,4,0,45,-4,7.66
fold2_room1_mix0554,81,4,0,152,-2,19.98
fold2_room1_mix0554,81,4,0,53,-5,7.33
fold2_room1_mix0554,82,4,0,149,-2,18.05
fold2_room1_mix0554,82,4,0,61,-5,7.01
fold2_room1_mix0554,83,4,0,103,-5,10.05
fold2_room1_mix0554,83,4,0,145,-1,23.36
fold2_room1_mix0554,83,4,0,81,-6,6.73
fold2_room1_mix0554,84,4,0,109,-6,9.37
fold2_room1_mix0554,84,4,0,147,-1,21.83
fold2_room1_mix0554,84,4,0,92,-6,6.88
fold2_room1_mix0554,85,4,0,106,-6,8.94
fold2_room1_mix0554,85,4,0,103,-6,7.94
fold2_room1_mix0554,86,4,0,109,-5,8.74
fold2_room1_mix0554,86,4,0,107,-5,8.12
fold2_room1_mix0554,87,4,0,120,-5,8.77
fold2_room1_mix0554,87,4,0,116,-5,8.62
fold2_room1_mix0554,88,4,0,125,-5,8.90
fold2_room1_mix0554,88,4,0,120,-4,9.09
fold2_room1_mix0554,89,4,0,130,-4,9.56
fold2_room1_mix0554,89,4,0,126,-4,10.10
fold2_room1_mix0554,90,4,0,137,-3,13.41
fold2_room1_mix0554,91,4,0,140,-2,13.66
fold2_room1_mix0554,92,4,0,143,-2,14.10
fold2_room1_mix0554,93,4,0,145,-2,15.09
fold2_room1_mix0554,94,4,0,148,-2,15.80
fold2_room1_mix0554,95,4,0,149,-2,16.34
fold2_room1_mix0554,96,4,0,152,-2,18.04
fold2_room1_mix0554,97,4,0,153,-2,19.06
fold2_room1_mix0554,98,4,0,154,-2,20.07
fold2_room1_mix0554,99,4,0,156,-1,20.23
fold2_room1_mix0561,7,4,0,8,-1,13.22
fold2_room1_mix0561,9,4,0,6,-1,22.61
fold2_room1_mix0561,9,4,0,7,-1,22.03
fold2_room1_mix0561,10,4,0,7,-2,20.24
fold2_room1_mix0561,11,4,0,7,-2,25.01
fold2_room1_mix0561,12,4,0,7,-3,30.60
fold2_room1_mix0561,13,1,0,123,-2,13.72
fold2_room1_mix0561,13,4,0,13,-1,31.32
fold2_room1_mix0561,14,1,0,121,-2,12.18
fold2_room1_mix0561,14,4,0,11,-1,32.16
fold2_room1_mix0561,15,1,0,120,-2,12.47
fold2_room1_mix0561,15,4,0,14,0,37.82
fold2_room1_mix0561,16,1,0,117,-2,11.92
fold2_room1_mix0561,16,4,0,17,-1,32.46
fold2_room1_mix0561,17,1,0,115,-2,12.87
fold2_room1_mix0561,17,4,0,14,-1,38.59
fold2_room1_mix0561,18,1,0,113,-2,4.63
fold2_room1_mix0561,18,4,0,14,-1,31.39
fold2_room1_mix0561,19,4,0,14,0,31.87
fold2_room1_mix0561,19,4,0,13,-1,29.20
fold2_room1_mix0561,20,1,0,110,-2,8.32
fold2_room1_mix0561,20,4,0,8,-2,24.33
fold2_room1_mix0561,21,1,0,104,-2,10.79
fold2_room1_mix0561,21,4,0,12,-3,27.98
fold2_room1_mix0561,22,1,0,102,-2,9.14
fold2_room1_mix0561,22,4,0,9,-1,29.53
fold2_room1_mix0561,23,1,0,102,-2,10.10
fold2_room1_mix0561,23,4,0,17,-1,37.04
fold2_room1_mix0561,24,1,0,99,-2,10.65
fold2_room1_mix0561,24,4,0,18,-1,33.44
fold2_room1_mix0561,25,1,0,94,-2,12.74
fold2_room1_mix0561,25,4,0,12,-1,37.46
fold2_room1_mix0561,26,1,0,91,-2,11.59
fold2_room1_mix0561,26,4,0,12,-1,35.06
fold2_room1_mix0561,27,1,0,90,-2,12.49
fold2_room1_mix0561,27,4,0,21,-1,30.08
fold2_room1_mix0561,28,1,0,92,-2,8.80
fold2_room1_mix0561,28,4,0,14,0,25.44
fold2_room1_mix0561,28,4,0,11,-1,23.12
fold2_room1_mix0561,29,4,0,19,0,21.89
fold2_room1_mix0561,29,4,0,18,0,20.89
fold2_room1_mix0561,30,4,0,9,0,18.39
fold2_room1_mix0561,30,4,0,10,0,17.20
fold2_room1_mix0561,31,4,0,16,-1,15.85
fold2_room1_mix0561,31,4,0,17,-1,15.11
fold2_room1_mix0561,32,4,0,19,-1,14.90
fold2_room1_mix0561,32,4,0,18,-1,14.42
fold2_room1_mix0561,33,4,0,20,-1,13.53
fold2_room1_mix0561,33,4,0,17,-2,13.46
fold2_room1_mix0561,34,4,0,18,-2,12.37
fold2_room1_mix0561,34,4,0,18,-2,12.31
fold2_room1_mix0561,35,4,0,23,-2,11.31
fold2_room1_mix0561,35,4,0,22,-2,10.97
fold2_room1_mix0561,36,4,0,23,-2,11.05
fold2_room1_mix0561,36,4,0,22,-2,10.79
fold2_room1_mix0561,37,4,0,25,-2,10.85
fold2_room1_mix0561,37,4,0,24,-2,10.96
fold2_room1_mix0561,38,4,0,21,-2,10.18
fold2_room1_mix0561,38,4,0,22,-3,9.75
fold2_room1_mix0561,39,4,0,25,-3,9.57
fold2_room1_mix0561,39,4,0,26,-2,9.72
fold2_room1_mix0561,40,4,0,23,-2,10.31
fold2_room1_mix0561,40,4,0,23,-2,10.28
fold2_room1_mix0561,41,4,0,23,-3,9.25
fold2_room1_mix0561,41,4,0,25,-3,9.21
fold2_room1_mix0561,42,4,0,18,-3,8.12
fold2_room1_mix0561,42,4,0,20,-3,7.95
fold2_room1_mix0561,43,4,0,21,-3,9.25
fold2_room1_mix0561,43,4,0,24,-3,9.13
fold2_room1_mix0561,44,4,0,27,-4,8.32
fold2_room1_mix0561,44,4,0,30,-4,7.84
fold2_room1_mix0561,45,4,0,29,-4,8.41
fold2_room1_mix0561,45,4,0,32,-4,7.98
fold2_room1_mix0561,46,4,0,34,-4,7.94
fold2_room1_mix0561,46,4,0,36,-4,7.44
fold2_room1_mix0561,47,4,0,34,-6,6.76
fold2_room1_mix0561,47,4,0,36,-6,6.53
fold2_room1_mix0561,48,4,0,-19,-7,5.55
fold2_room1_mix0561,48,4,0,-50,-8,3.93
fold2_room1_mix0561,48,4,0,46,-4,6.23
fold2_room1_mix0561,49,4,0,-38,-7,4.65
fold2_room1_mix0561,49,4,0,62,-5,5.34
fold2_room1_mix0561,49,4,0,-11,-7,5.03
fold2_room1_mix0561,50,4,0,-30,-5,5.75
fold2_room1_mix0561,50,4,0,-24,-6,5.39
fold2_room1_mix0561,51,4,0,-22,-4,6.24
fold2_room1_mix0561,51,4,0,-19,-4,5.96
fold2_room1_mix0561,52,4,0,-18,-4,6.20
fold2_room1_mix0561,52,4,0,-14,-4,6.31
fold2_room1_mix0561,53,4,0,-26,-4,7.34
fold2_room1_mix0561,53,4,0,78,-5,5.48
fold2_room1_mix0561,53,4,0,-10,-4,7.82
fold2_room1_mix0561,54,4,0,-26,-3,7.59
fold2_room1_mix0561,54,4,0,-21,-3,7.93
fold2_room1_mix0561,55,4,0,-21,-3,8.16
fold2_room1_mix0561,55,4,0,-15,-3,8.43
fold2_room1_mix0561,56,4,0,-20,-3,8.44
fold2_room1_mix0561,56,4,0,-14,-3,8.88
fold2_room1_mix0561,57,4,0,-21,-3,8.66
fold2_room1_mix0561,57,4,0,115,-4,5.72
fold2_room1_mix0561,57,4,0,-4,-3,9.59
fold2_room1_mix0561,58,4,0,-20,-2,9.67
fold2_room1_mix0561,58,4,0,-13,-2,10.20
fold2_room1_mix0561,59,4,0,-15,-2,9.75
fold2_room1_mix0561,59,4,0,-11,-2,10.30
fold2_room1_mix0561,61,4,0,-7,-2,10.57
fold2_room1_mix0561,61,4,0,-6,-1,11.73
fold2_room1_mix0561,65,4,0,-2,-2,13.28
fold2_room1_mix0561,65,4,0,-2,-1,15.39
fold2_room1_mix0561,66,4,0,149,-2,9.03
fold2_room1_mix0561,66,4,0,-5,-1,17.98
fold2_room1_mix0561,67,4,0,149,-2,9.11
fold2_room1_mix0561,67,4,0,-5,-1,18.17
fold2_room1_mix0561,68,4,0,150,-2,10.01
fold2_room1_mix0561,68,4,0,-5,-1,18.96
fold2_room1_mix0561,69,4,0,152,-2,10.78
fold2_room1_mix0561,69,4,0,-6,-1,20.72
fold2_room1_mix0561,70,4,0,153,-2,10.52
fold2_room1_mix0561,70,4,0,-6,0,21.01
fold2_room1_mix0561,71,4,0,155,-2,10.84
fold2_room1_mix0561,71,4,0,-3,-1,22.17
fold2_room1_mix0561,72,4,0,157,-1,12.04
fold2_room1_mix0561,72,4,0,-2,0,23.44
fold2_room1_mix0561,73,4,0,156,-1,12.84
fold2_room1_mix0561,73,4,0,-2,-1,24.72
fold2_room1_mix0561,74,4,0,157,-1,13.46
fold2_room1_mix0561,74,4,0,-2,0,25.74
fold2_room1_mix0561,75,4,0,157,-1,14.19
fold2_room1_mix0561,75,4,0,1,-1,25.67
fold2_room1_mix0561,76,4,0,158,-1,14.48
fold2_room1_mix0561,76,4,0,0,0,25.02
fold2_room1_mix0561,77,4,0,158,-1,16.69
fold2_room1_mix0561,77,4,0,2,0,25.69
fold2_room1_mix0561,78,4,0,160,-1,16.57
fold2_room1_mix0561,79,4,0,161,0,17.63
fold2_room1_mix0561,79,4,0,7,0,24.81
fold2_room1_mix0561,80,4,0,162,-1,18.44
fold2_room1_mix0561,81,4,0,162,0,19.87
fold2_room1_mix0561,82,4,0,164,0,20.71
fold2_room1_mix0561,83,4,0,163,0,21.27
fold2_room1_mix0561,84,4,0,165,-1,20.45
fold2_room1_mix0561,85,4,0,165,-1,22.68
fold2_room1_mix0561,86,4,0,166,0,22.61
fold2_room1_mix0561,87,4,0,165,0,23.62
fold2_room1_mix0561,88,4,0,165,0,23.42
fold2_room1_mix0561,89,4,0,165,0,24.17
fold2_room1_mix0561,90,4,0,166,0,25.27
fold2_room1_mix0561,91,4,0,167,0,26.50
fold2_room1_mix0561,92,4,0,167,0,24.94
fold2_room1_mix0561,93,4,0,167,-1,26.72
fold2_room1_mix0561,94,4,0,170,0,29.31
fold2_room1_mix0561,95,4,0,169,0,30.28
fold2_room1_mix0561,96,4,0,170,0,28.54
fold2_room1_mix0561,97,4,0,170,0,28.48
fold2_room1_mix0561,98,4,0,171,-1,26.99
fold2_room1_mix0561,99,4,0,173,0,29.37
fold2_room1_mix0561,60,4,0,131,-2,6.63
fold2_room1_mix0561,60,4,0,-4,-1,10.61
fold2_room1_mix0561,62,4,0,136,-2,7.68
fold2_room1_mix0561,62,4,0,-6,-1,13.86
fold2_room1_mix0561,63,4,0,138,-1,8.38
fold2_room1_mix0561,63,4,0,-4,-1,15.81
fold2_room1_mix0561,64,4,0,140,-1,8.33
fold2_room1_mix0561,64,4,0,-5,0,16.25
fold2_room1_mix0566,3,4,0,2,1,12.74
fold2_room1_mix0566,4,4,0,3,0,22.21
fold2_room1_mix0566,5,4,0,5,0,21.54
fold2_room1_mix0566,6,4,0,3,0,23.11
fold2_room1_mix0566,7,4,0,4,-1,36.83
fold2_room1_mix0566,8,4,0,4,0,38.52
fold2_room1_mix0566,9,4,0,4,-1,38.05
fold2_room1_mix0566,10,4,0,4,-1,36.19
fold2_room1_mix0566,11,4,0,5,-1,35.84
fold2_room1_mix0566,12,4,0,6,-1,34.89
fold2_room1_mix0566,13,4,0,4,-1,33.21
fold2_room1_mix0566,14,4,0,4,-1,34.75
fold2_room1_mix0566,15,4,0,4,-1,33.32
fold2_room1_mix0566,16,4,0,4,-1,31.75
fold2_room1_mix0566,17,4,0,4,-1,32.51
fold2_room1_mix0566,18,4,0,5,-1,30.45
fold2_room1_mix0566,19,4,0,4,-1,29.60
fold2_room1_mix0566,20,4,0,4,-1,30.96
fold2_room1_mix0566,21,4,0,6,-1,29.17
fold2_room1_mix0566,22,4,0,5,-1,29.35
fold2_room1_mix0566,23,4,0,8,-1,27.97
fold2_room1_mix0566,24,4,0,7,-1,27.48
fold2_room1_mix0566,25,4,0,9,-1,26.51
fold2_room1_mix0566,26,4,0,9,-1,25.76
fold2_room1_mix0566,27,4,0,8,-1,24.97
fold2_room1_mix0566,28,4,0,8,-1,25.70
fold2_room1_mix0566,29,4,0,9,-1,24.29
fold2_room1_mix0566,30,4,0,9,-1,23.49
fold2_room1_mix0566,31,4,0,10,-1,23.42
fold2_room1_mix0566,32,4,0,10,-1,22.07
fold2_room1_mix0566,33,4,0,11,-1,21.52
fold2_room1_mix0566,34,4,0,10,-1,21.65
fold2_room1_mix0566,35,4,0,11,-1,20.14
fold2_room1_mix0566,36,4,0,12,-1,20.00
fold2_room1_mix0566,37,4,0,13,-1,19.07
fold2_room1_mix0566,38,4,0,12,-1,18.43
fold2_room1_mix0566,39,4,0,12,-1,17.50
fold2_room1_mix0566,40,4,0,12,-1,16.77
fold2_room1_mix0566,41,4,0,13,-1,16.11
fold2_room1_mix0566,42,4,0,13,-1,16.03
fold2_room1_mix0566,43,4,0,14,-1,16.13
fold2_room1_mix0566,44,4,0,13,-1,15.34
fold2_room1_mix0566,45,4,0,14,-2,14.89
fold2_room1_mix0566,46,4,0,13,-2,14.43
fold2_room1_mix0566,47,4,0,14,-1,14.02
fold2_room1_mix0566,48,4,0,16,-2,13.36
fold2_room1_mix0566,49,4,0,15,-2,12.86
fold2_room1_mix0566,50,4,0,15,-2,12.19
fold2_room1_mix0566,51,4,0,16,-2,11.55
fold2_room1_mix0566,52,4,0,17,-2,11.11
fold2_room1_mix0566,53,4,0,17,-2,10.65
fold2_room1_mix0566,54,4,0,18,-2,10.36
fold2_room1_mix0566,55,4,0,19,-2,9.92
fold2_room1_mix0566,56,4,0,21,-2,9.50
fold2_room1_mix0566,57,4,0,21,-2,9.26
fold2_room1_mix0566,58,4,0,22,-2,8.58
fold2_room1_mix0566,59,4,0,24,-3,7.82
fold2_room1_mix0566,60,4,0,26,-3,7.66
fold2_room1_mix0566,61,4,0,28,-3,7.08
fold2_room1_mix0566,62,4,0,30,-3,6.80
fold2_room1_mix0566,63,4,0,33,-4,6.28
fold2_room1_mix0566,64,4,0,35,-4,5.89
fold2_room1_mix0566,65,4,0,40,-4,5.41
fold2_room1_mix0566,66,4,0,43,-5,4.93
fold2_room1_mix0566,67,4,0,48,-5,4.66
fold2_room1_mix0566,68,4,0,54,-6,4.29
fold2_room1_mix0566,69,4,0,63,-6,3.96
fold2_room1_mix0566,70,4,0,70,-7,3.73
fold2_room1_mix0566,71,4,0,81,-7,3.62
fold2_room1_mix0566,72,4,0,88,-8,3.51
fold2_room1_mix0566,73,4,0,99,-7,3.49
fold2_room1_mix0566,74,4,0,108,-7,3.59
fold2_room1_mix0566,75,4,0,115,-6,3.92
fold2_room1_mix0566,76,4,0,122,-6,4.12
fold2_room1_mix0566,77,4,0,130,-5,4.47
fold2_room1_mix0566,78,4,0,134,-5,4.68
fold2_room1_mix0566,79,4,0,137,-4,5.22
fold2_room1_mix0566,80,4,0,142,-4,5.90
fold2_room1_mix0566,81,4,0,145,-4,6.32
fold2_room1_mix0566,82,4,0,146,-3,6.76
fold2_room1_mix0566,83,4,0,148,-3,7.15
fold2_room1_mix0566,84,4,0,151,-3,7.81
fold2_room1_mix0566,85,4,0,153,-3,8.21
fold2_room1_mix0566,86,4,0,154,-2,8.74
fold2_room1_mix0566,87,4,0,156,-2,9.71
fold2_room1_mix0566,88,4,0,157,-2,9.84
fold2_room1_mix0566,89,4,0,158,-2,10.52
fold2_room1_mix0566,90,4,0,159,-2,10.98
fold2_room1_mix0566,91,4,0,160,-2,11.42
fold2_room1_mix0566,92,4,0,160,-2,11.67
fold2_room1_mix0566,93,4,0,161,-2,12.33
fold2_room1_mix0566,94,4,0,161,-2,12.76
fold2_room1_mix0566,95,4,0,161,-1,13.38
fold2_room1_mix0566,96,4,0,163,-1,13.22
fold2_room1_mix0566,97,4,0,163,-1,14.00
fold2_room1_mix0566,98,4,0,164,-1,14.89
fold2_room1_mix0566,99,4,0,164,-1,15.13
fold2_room1_mix0567,0,0,0,3,0,4.33
fold2_room1_mix0567,1,0,0,4,-1,10.08
fold2_room1_mix0567,2,0,0,6,0,45.67
fold2_room1_mix0567,3,0,0,5,0,71.70
fold2_room1_mix0567,4,0,0,5,0,137.43
fold2_room1_mix0567,5,0,0,5,0,155.23
fold2_room1_mix0567,6,0,0,6,0,158.80
fold2_room1_mix0567,7,0,0,7,0,139.82
fold2_room1_mix0567,8,0,0,8,0,92.31
fold2_room1_mix0567,9,0,0,10,0,90.14
fold2_room1_mix0567,10,0,0,10,0,79.55
fold2_room1_mix0567,11,0,0,10,0,63.99
fold2_room1_mix0567,12,0,0,9,0,72.36
fold2_room1_mix0567,13,0,0,7,0,90.24
fold2_room1_mix0567,14,0,0,5,0,90.57
fold2_room1_mix0567,15,0,0,5,0,88.61
fold2_room1_mix0567,16,0,0,4,0,126.91
fold2_room1_mix0567,17,0,0,5,0,163.71
fold2_room1_mix0567,18,0,0,5,0,149.56
fold2_room1_mix0567,24,0,0,21,0,35.86
fold2_room1_mix0567,24,0,0,0,0,208.06
fold2_room1_mix0567,26,0,0,5,0,77.06
fold2_room1_mix0567,27,0,0,21,0,33.04
fold2_room1_mix0567,27,0,0,0,0,173.65
fold2_room1_mix0567,28,0,0,173,0,123.35
fold2_room1_mix0567,28,0,0,6,0,94.13
fold2_room1_mix0567,29,0,0,16,0,59.70
fold2_room1_mix0567,29,0,0,0,0,138.09
fold2_room1_mix0567,30,0,0,162,0,84.38
fold2_room1_mix0567,30,0,0,3,0,157.46
fold2_room1_mix0567,31,0,0,173,0,207.14
fold2_room1_mix0567,31,0,0,8,0,70.00
fold2_room1_mix0567,32,0,0,24,-1,33.01
fold2_room1_mix0567,32,0,0,0,0,166.10
fold2_room1_mix0567,33,0,0,24,0,40.46
fold2_room1_mix0567,33,0,0,2,0,153.39
fold2_room1_mix0567,34,0,0,11,0,64.26
fold2_room1_mix0567,35,0,0,43,-1,23.15
fold2_room1_mix0567,35,0,0,1,0,239.35
fold2_room1_mix0567,36,0,0,36,0,41.20
fold2_room1_mix0567,36,0,0,6,0,123.02
fold2_room1_mix0567,37,0,0,34,0,23.34
fold2_room1_mix0567,37,0,0,7,0,104.73
fold2_room1_mix0567,37,4,0,179,0,11.61
fold2_room1_mix0567,38,0,0,59,-1,17.55
fold2_room1_mix0567,38,0,0,3,0,223.71
fold2_room1_mix0567,38,4,0,-178,0,6.34
fold2_room1_mix0567,39,0,0,43,-1,21.77
fold2_room1_mix0567,39,0,0,5,0,125.38
fold2_room1_mix0567,39,4,0,174,1,6.81
fold2_room1_mix0567,40,0,0,38,-1,21.24
fold2_room1_mix0567,40,0,0,1,0,149.30
fold2_room1_mix0567,41,0,0,44,-1,27.25
fold2_room1_mix0567,41,0,0,2,0,197.48
fold2_room1_mix0567,41,4,0,174,0,8.24
fold2_room1_mix0567,42,0,0,10,0,87.25
fold2_room1_mix0567,42,4,0,172,0,20.66
fold2_room1_mix0567,43,0,0,48,-1,30.35
fold2_room1_mix0567,43,0,0,4,0,157.22
fold2_room1_mix0567,43,4,0,171,0,32.74
fold2_room1_mix0567,44,0,0,166,0,126.71
fold2_room1_mix0567,44,0,0,11,0,88.75
fold2_room1_mix0567,44,4,0,173,-1,38.14
fold2_room1_mix0567,45,0,0,131,-1,42.35
fold2_room1_mix0567,45,0,0,2,0,194.07
fold2_room1_mix0567,45,4,0,176,-1,36.37
fold2_room1_mix0567,46,0,0,144,0,31.20
fold2_room1_mix0567,46,0,0,1,0,253.44
fold2_room1_mix0567,46,4,0,172,-1,36.39
fold2_room1_mix0567,47,0,0,165,0,95.37
fold2_room1_mix0567,47,0,0,7,0,130.60
fold2_room1_mix0567,47,4,0,173,-1,39.73
fold2_room1_mix0567,48,0,0,162,0,75.46
fold2_room1_mix0567,48,0,0,2,0,186.34
fold2_room1_mix0567,48,4,0,173,-2,35.41
fold2_room1_mix0567,49,0,0,157,0,44.57
fold2_room1_mix0567,49,0,0,4,0,207.47
fold2_room1_mix0567,49,4,0,176,-2,33.24
fold2_room1_mix0567,50,0,0,161,0,52.41
fold2_room1_mix0567,50,0,0,5,0,158.47
fold2_room1_mix0567,50,4,0,178,-1,33.76
fold2_room1_mix0567,51,0,0,139,0,26.45
fold2_room1_mix0567,51,0,0,-1,0,319.97
fold2_room1_mix0567,51,4,0,179,-2,29.62
fold2_room1_mix0567,52,0,0,159,0,55.50
fold2_room1_mix0567,52,0,0,5,0,176.77
fold2_room1_mix0567,52,4,0,177,-2,31.20
fold2_room1_mix0567,53,0,0,143,0,27.26
fold2_room1_mix0567,53,0,0,2,0,262.25
fold2_room1_mix0567,53,4,0,179,-2,28.43
fold2_room1_mix0567,54,0,0,145,0,22.13
fold2_room1_mix0567,54,0,0,-2,0,493.64
fold2_room1_mix0567,54,4,0,178,-2,24.88
fold2_room1_mix0567,55,0,0,156,0,40.01
fold2_room1_mix0567,55,0,0,2,0,290.40
fold2_room1_mix0567,55,4,0,175,-1,25.41
fold2_room1_mix0567,56,0,0,156,0,32.47
fold2_room1_mix0567,56,0,0,0,0,334.24
fold2_room1_mix0567,56,4,0,176,-2,23.20
fold2_room1_mix0567,57,0,0,152,0,39.73
fold2_room1_mix0567,57,0,0,4,0,281.20
fold2_room1_mix0567,57,4,0,176,-1,26.24
fold2_room1_mix0567,58,0,0,163,0,85.23
fold2_room1_mix0567,58,0,0,7,0,226.75
fold2_room1_mix0567,58,4,0,176,-1,24.19
fold2_room1_mix0567,59,0,0,160,0,133.68
fold2_room1_mix0567,59,0,0,12,0,138.87
fold2_room1_mix0567,59,4,0,177,-1,25.53
fold2_room1_mix0567,60,0,0,154,0,124.74
fold2_room1_mix0567,60,0,0,17,0,139.75
fold2_room1_mix0567,60,4,0,179,-1,23.17
fold2_room1_mix0567,61,0,0,136,-1,23.43
fold2_room1_mix0567,61,0,0,15,0,288.60
fold2_room1_mix0567,61,4,0,-179,-1,21.79
fold2_room1_mix0567,62,0,0,143,0,31.05
fold2_room1_mix0567,62,0,0,11,0,310.67
fold2_room1_mix0567,62,4,0,-178,-1,20.29
fold2_room1_mix0567,63,0,0,154,0,168.35
fold2_room1_mix0567,63,0,0,27,-1,68.59
fold2_room1_mix0567,63,4,0,-179,-1,22.69
fold2_room1_mix0567,64,0,0,135,-1,33.09
fold2_room1_mix0567,64,0,0,21,0,217.75
fold2_room1_mix0567,64,4,0,-179,-1,20.77
fold2_room1_mix0567,65,0,0,147,-1,117.96
fold2_room1_mix0567,65,0,0,35,-1,65.74
fold2_room1_mix0567,65,4,0,-179,-1,20.53
fold2_room1_mix0567,66,0,0,149,-1,122.25
fold2_room1_mix0567,66,0,0,35,-1,56.66
fold2_room1_mix0567,66,4,0,-178,-1,19.70
fold2_room1_mix0567,67,0,0,142,-1,48.05
fold2_room1_mix0567,67,0,0,32,-1,96.03
fold2_room1_mix0567,67,4,0,-178,-1,17.28
fold2_room1_mix0567,68,0,0,147,-1,101.67
fold2_room1_mix0567,68,0,0,36,-1,61.99
fold2_room1_mix0567,68,4,0,-178,-1,16.84
fold2_room1_mix0567,69,0,0,148,-1,112.04
fold2_room1_mix0567,69,0,0,35,-1,62.74
fold2_room1_mix0567,69,4,0,-179,-1,16.25
fold2_room1_mix0567,70,0,0,138,-1,23.09
fold2_room1_mix0567,70,0,0,29,0,131.69
fold2_room1_mix0567,70,4,0,-178,-1,14.83
fold2_room1_mix0567,71,0,0,138,-1,21.35
fold2_room1_mix0567,71,0,0,31,0,134.34
fold2_room1_mix0567,71,4,0,-176,0,13.62
fold2_room1_mix0567,72,0,0,143,-1,29.50
fold2_room1_mix0567,72,0,0,26,0,174.31
fold2_room1_mix0567,72,4,0,-177,-1,12.68
fold2_room1_mix0567,73,0,0,142,-1,33.27
fold2_room1_mix0567,73,0,0,30,-1,128.05
fold2_room1_mix0567,73,4,0,-177,-2,11.22
fold2_room1_mix0567,74,0,0,108,-1,9.55
fold2_room1_mix0567,74,0,0,31,-1,135.86
fold2_room1_mix0567,74,4,0,-177,-1,9.60
fold2_room1_mix0567,75,0,0,121,-1,13.27
fold2_room1_mix0567,75,0,0,30,-1,190.50
fold2_room1_mix0567,75,4,0,-177,-1,9.49
fold2_room1_mix0567,76,0,0,141,-1,45.09
fold2_room1_mix0567,76,0,0,36,-1,91.31
fold2_room1_mix0567,76,4,0,-178,-2,8.72
fold2_room1_mix0567,77,0,0,133,-1,14.29
fold2_room1_mix0567,77,0,0,30,-1,140.02
fold2_room1_mix0567,77,4,0,-178,-3,7.66
fold2_room1_mix0567,78,0,0,140,-1,21.31
fold2_room1_mix0567,78,0,0,29,0,189.80
fold2_room1_mix0567,78,4,0,178,-3,6.69
fold2_room1_mix0567,79,0,0,142,-1,52.30
fold2_room1_mix0567,79,0,0,47,-1,50.35
fold2_room1_mix0567,79,4,0,177,-5,6.27
fold2_room1_mix0567,80,0,0,131,-1,14.51
fold2_room1_mix0567,80,0,0,32,-1,123.21
fold2_room1_mix0567,80,4,0,176,-5,5.27
fold2_room1_mix0567,81,0,0,136,-1,14.70
fold2_room1_mix0567,81,0,0,31,-1,148.06
fold2_room1_mix0567,81,4,0,173,-5,4.63
fold2_room1_mix0567,82,0,0,141,-1,23.69
fold2_room1_mix0567,82,0,0,40,-1,98.71
fold2_room1_mix0567,82,4,0,169,-7,4.18
fold2_room1_mix0567,83,0,0,141,-1,18.73
fold2_room1_mix0567,83,0,0,33,-1,109.83
fold2_room1_mix0567,83,4,0,168,-9,3.34
fold2_room1_mix0567,84,0,0,148,-1,29.03
fold2_room1_mix0567,84,0,0,31,-1,119.75
fold2_room1_mix0567,84,4,0,165,-13,2.69
fold2_room1_mix0567,85,0,0,153,-1,36.22
fold2_room1_mix0567,85,0,0,30,-1,112.30
fold2_room1_mix0567,85,4,0,151,-19,1.90
fold2_room1_mix0567,86,0,0,150,-1,24.82
fold2_room1_mix0567,86,0,0,21,0,148.38
fold2_room1_mix0567,86,4,0,128,-29,1.23
fold2_room1_mix0567,87,0,0,154,-1,24.18
fold2_room1_mix0567,87,0,0,21,0,153.90
fold2_room1_mix0567,87,4,0,46,-31,0.95
fold2_room1_mix0567,88,0,0,158,0,28.85
fold2_room1_mix0567,88,0,0,19,0,184.12
fold2_room1_mix0567,88,4,0,28,-21,1.63
fold2_room1_mix0567,89,0,0,156,-1,33.26
fold2_room1_mix0567,89,0,0,27,0,111.66
fold2_room1_mix0567,89,4,0,19,-16,2.13
fold2_room1_mix0567,90,0,0,154,0,22.65
fold2_room1_mix0567,90,0,0,20,0,191.33
fold2_room1_mix0567,90,4,0,13,-11,2.90
fold2_room1_mix0567,91,0,0,158,0,46.61
fold2_room1_mix0567,91,0,0,27,0,143.30
fold2_room1_mix0567,91,4,0,11,-9,3.31
fold2_room1_mix0567,92,0,0,167,0,114.13
fold2_room1_mix0567,92,0,0,38,-1,75.19
fold2_room1_mix0567,92,4,0,6,-7,4.49
fold2_room1_mix0567,93,0,0,156,0,24.87
fold2_room1_mix0567,93,0,0,18,0,196.89
fold2_room1_mix0567,93,4,0,4,-5,5.40
fold2_room1_mix0567,94,0,0,159,0,36.19
fold2_room1_mix0567,94,0,0,21,0,207.18
fold2_room1_mix0567,94,4,0,4,-4,5.83
fold2_room1_mix0567,95,0,0,166,0,110.53
fold2_room1_mix0567,95,0,0,40,-1,89.34
fold2_room1_mix0567,95,4,0,3,-4,7.06
fold2_room1_mix0567,96,0,0,162,0,36.94
fold2_room1_mix0567,96,0,0,16,0,204.03
fold2_room1_mix0567,96,4,0,2,-4,7.06
fold2_room1_mix0567,97,0,0,162,0,40.32
fold2_room1_mix0567,97,0,0,17,0,232.76
fold2_room1_mix0567,97,4,0,1,-3,8.92
fold2_room1_mix0567,98,0,0,166,0,68.38
fold2_room1_mix0567,98,0,0,20,0,199.97
fold2_room1_mix0567,98,4,0,1,-3,9.63
fold2_room1_mix0567,99,0,0,163,0,49.79
fold2_room1_mix0567,99,0,0,11,0,262.85
fold2_room1_mix0567,99,4,0,0,-2,10.27
fold2_room1_mix0567,19,0,0,0,0,242.39
fold2_room1_mix0567,20,0,0,3,0,161.22
fold2_room1_mix0567,21,0,0,2,0,193.73
fold2_room1_mix0567,22,0,0,0,0,287.72
fold2_room1_mix0567,23,0,0,3,0,134.81
fold2_room1_mix0567,25,0,0,2,0,201.19
fold2_room1_mix0589,0,4,0,-177,0,2.12
fold2_room1_mix0589,1,4,0,-176,0,4.27
fold2_room1_mix0589,2,4,0,-177,0,13.23
fold2_room1_mix0589,3,4,0,-178,0,13.37
fold2_room1_mix0589,4,4,0,-178,0,12.53
fold2_room1_mix0589,5,4,0,-177,0,15.69
fold2_room1_mix0589,6,4,0,-176,0,19.48
fold2_room1_mix0589,7,4,0,-177,0,19.11
fold2_room1_mix0589,8,4,0,-175,0,19.21
fold2_room1_mix0589,9,4,0,-175,0,18.73
fold2_room1_mix0589,10,4,0,-174,0,17.71
fold2_room1_mix0589,11,4,0,-176,0,17.70
fold2_room1_mix0589,12,4,0,-176,0,17.38
fold2_room1_mix0589,13,4,0,-176,0,17.40
fold2_room1_mix0589,14,4,0,-176,-1,15.79
fold2_room1_mix0589,15,4,0,-175,-1,14.79
fold2_room1_mix0589,16,4,0,-175,-1,14.81
fold2_room1_mix0589,17,4,0,-175,-1,13.93
fold2_room1_mix0589,18,4,0,-174,-1,12.93
fold2_room1_mix0589,19,4,0,-174,-1,11.96
fold2_room1_mix0589,20,4,0,-172,-1,12.32
fold2_room1_mix0589,21,4,0,-172,-1,11.96
fold2_room1_mix0589,22,4,0,-173,-1,11.98
fold2_room1_mix0589,23,4,0,-173,-1,11.06
fold2_room1_mix0589,24,4,0,-173,-2,10.63
fold2_room1_mix0589,25,4,0,-172,-2,10.46
fold2_room1_mix0589,26,4,0,-173,-1,11.14
fold2_room1_mix0589,27,4,0,-172,-2,10.72
fold2_room1_mix0589,28,4,0,-171,-2,10.86
fold2_room1_mix0589,29,4,0,-170,-2,9.73
fold2_room1_mix0589,30,4,0,-170,-2,10.50
fold2_room1_mix0589,31,4,0,-170,-2,10.36
fold2_room1_mix0589,32,4,0,-169,-2,9.60
fold2_room1_mix0589,33,4,0,-169,-2,9.12
fold2_room1_mix0589,34,4,0,-169,-3,8.96
fold2_room1_mix0589,35,4,0,-168,-3,8.02
fold2_room1_mix0589,36,4,0,-168,-3,7.37
fold2_room1_mix0589,37,4,0,-165,-3,7.17
fold2_room1_mix0589,38,4,0,-166,-4,6.68
fold2_room1_mix0589,39,4,0,-166,-4,6.35
fold2_room1_mix0589,40,4,0,-164,-4,6.19
fold2_room1_mix0589,41,4,0,-164,-4,5.79
fold2_room1_mix0589,42,4,0,-166,-4,5.45
fold2_room1_mix0589,43,4,0,-164,-4,5.25
fold2_room1_mix0589,44,4,0,-162,-5,5.06
fold2_room1_mix0589,45,4,0,-161,-6,4.59
fold2_room1_mix0589,46,4,0,-161,-6,4.39
fold2_room1_mix0589,47,4,0,-160,-6,4.33
fold2_room1_mix0589,48,4,0,-157,-8,3.83
fold2_room1_mix0589,49,4,0,-156,-7,3.87
fold2_room1_mix0589,50,4,0,-151,-7,3.56
fold2_room1_mix0589,51,4,0,-152,-8,3.36
fold2_room1_mix0589,52,4,0,-148,-10,2.86
fold2_room1_mix0589,53,4,0,-146,-11,2.78
fold2_room1_mix0589,54,4,0,-142,-11,2.63
fold2_room1_mix0589,55,4,0,-136,-14,2.22
fold2_room1_mix0589,56,4,0,-127,-15,2.04
fold2_room1_mix0589,57,4,0,-121,-16,2.08
fold2_room1_mix0589,58,4,0,-109,-18,1.90
fold2_room1_mix0589,59,4,0,-97,-16,2.11
fold2_room1_mix0589,60,4,0,-89,-16,2.15
fold2_room1_mix0589,61,4,0,-78,-16,2.03
fold2_room1_mix0589,62,4,0,-67,-16,1.91
fold2_room1_mix0589,63,4,0,-58,-14,2.16
fold2_room1_mix0589,64,4,0,-52,-13,2.22
fold2_room1_mix0589,65,4,0,-45,-14,2.15
fold2_room1_mix0589,66,4,0,-41,-12,2.41
fold2_room1_mix0589,67,4,0,-35,-12,2.61
fold2_room1_mix0589,68,4,0,-34,-10,2.98
fold2_room1_mix0589,69,4,0,-31,-10,2.97
fold2_room1_mix0589,70,4,0,-29,-9,3.48
fold2_room1_mix0589,71,4,0,-24,-8,3.58
fold2_room1_mix0589,72,4,0,-21,-7,4.05
fold2_room1_mix0589,73,4,0,-21,-6,4.23
fold2_room1_mix0589,74,4,0,-20,-6,4.51
fold2_room1_mix0589,75,4,0,-18,-6,4.74
fold2_room1_mix0589,76,4,0,-17,-5,5.44
fold2_room1_mix0589,77,4,0,-18,-5,5.35
fold2_room1_mix0589,78,4,0,-15,-5,6.16
fold2_room1_mix0589,79,4,0,-15,-4,6.11
fold2_room1_mix0589,80,4,0,-15,-4,6.36
fold2_room1_mix0589,81,4,0,-14,-4,6.08
fold2_room1_mix0589,82,4,0,-12,-4,6.35
fold2_room1_mix0589,83,4,0,-12,-4,6.25
fold2_room1_mix0589,84,4,0,-11,-4,6.38
fold2_room1_mix0589,85,4,0,-12,-4,6.99
fold2_room1_mix0589,86,4,0,-11,-4,6.98
fold2_room1_mix0589,87,4,0,-11,-4,7.85
fold2_room1_mix0589,88,4,0,-11,-3,8.23
fold2_room1_mix0589,89,4,0,-11,-3,8.51
fold2_room1_mix0589,90,4,0,-10,-3,9.23
fold2_room1_mix0589,91,4,0,-10,-3,9.49
fold2_room1_mix0589,92,4,0,-10,-3,9.37
fold2_room1_mix0589,93,4,0,-10,-2,9.89
fold2_room1_mix0589,94,4,0,-8,-2,10.39
fold2_room1_mix0589,95,4,0,-8,-3,9.99
fold2_room1_mix0589,96,4,0,-9,-2,10.73
fold2_room1_mix0589,97,4,0,-7,-2,10.93
fold2_room1_mix0589,98,4,0,-7,-2,10.77
fold2_room1_mix0589,99,4,0,-5,-3,10.31
fold2_room1_mix0598,0,4,0,9,-1,2.43
fold2_room1_mix0598,1,4,0,3,0,3.85
fold2_room1_mix0598,2,4,0,3,0,4.48
fold2_room1_mix0598,2,4,0,5,0,4.41
fold2_room1_mix0598,3,4,0,7,-1,11.33
fold2_room1_mix0598,3,4,0,6,-1,11.43
fold2_room1_mix0598,4,4,0,4,-1,11.81
fold2_room1_mix0598,4,4,0,4,-1,11.56
fold2_room1_mix0598,5,4,0,8,0,15.07
fold2_room1_mix0598,5,4,0,7,0,15.00
fold2_room1_mix0598,6,4,0,8,0,15.96
fold2_room1_mix0598,6,4,0,6,0,16.20
fold2_room1_mix0598,7,4,0,10,-1,20.20
fold2_room1_mix0598,7,4,0,7,-1,20.80
fold2_room1_mix0598,8,4,0,10,-1,19.96
fold2_room1_mix0598,8,4,0,7,-1,20.77
fold2_room1_mix0598,9,4,0,10,-1,19.44
fold2_room1_mix0598,9,4,0,7,-1,20.83
fold2_room1_mix0598,10,4,0,12,-1,18.61
fold2_room1_mix0598,10,4,0,8,-1,19.74
fold2_room1_mix0598,11,4,0,9,-1,18.35
fold2_room1_mix0598,11,4,0,7,-1,19.58
fold2_room1_mix0598,12,4,0,10,-1,17.71
fold2_room1_mix0598,12,4,0,8,-1,19.13
fold2_room1_mix0598,13,4,0,11,-1,16.99
fold2_room1_mix0598,13,4,0,8,-1,18.48
fold2_room1_mix0598,14,4,0,12,-1,16.94
fold2_room1_mix0598,14,4,0,9,-1,18.22
fold2_room1_mix0598,15,4,0,10,-2,16.24
fold2_room1_mix0598,15,4,0,8,-2,17.07
fold2_room1_mix0598,16,4,0,13,-2,14.94
fold2_room1_mix0598,16,4,0,11,-2,16.07
fold2_room1_mix0598,17,4,0,10,-2,15.96
fold2_room1_mix0598,17,4,0,9,-2,16.77
fold2_room1_mix0598,18,4,0,11,-2,15.32
fold2_room1_mix0598,18,4,0,10,-2,16.30
fold2_room1_mix0598,19,4,0,13,-2,14.12
fold2_room1_mix0598,19,4,0,11,-2,15.16
fold2_room1_mix0598,20,4,0,14,-2,13.61
fold2_room1_mix0598,20,4,0,11,-2,14.46
fold2_room1_mix0598,21,4,0,14,-2,14.62
fold2_room1_mix0598,21,4,0,11,-2,15.30
fold2_room1_mix0598,22,4,0,14,-2,13.81
fold2_room1_mix0598,22,4,0,12,-2,14.47
fold2_room1_mix0598,23,4,0,15,-2,13.20
fold2_room1_mix0598,23,4,0,13,-2,13.85
fold2_room1_mix0598,24,4,0,17,-2,13.08
fold2_room1_mix0598,24,4,0,13,-2,14.12
fold2_room1_mix0598,25,4,0,16,-2,13.32
fold2_room1_mix0598,25,4,0,12,-2,14.49
fold2_room1_mix0598,26,4,0,20,-2,12.93
fold2_room1_mix0598,26,4,0,14,-1,14.44
fold2_room1_mix0598,27,4,0,23,-2,12.42
fold2_room1_mix0598,27,4,0,177,-1,16.42
fold2_room1_mix0598,27,4,0,1,-1,19.01
fold2_room1_mix0598,28,4,0,23,-2,11.73
fold2_room1_mix0598,28,4,0,176,-1,15.42
fold2_room1_mix0598,28,4,0,1,-1,17.25
fold2_room1_mix0598,29,4,0,30,-1,12.08
fold2_room1_mix0598,29,4,0,175,-1,14.39
fold2_room1_mix0598,29,4,0,-3,-1,17.82
fold2_room1_mix0598,30,4,0,19,-2,11.60
fold2_room1_mix0598,30,4,0,12,-2,13.01
fold2_room1_mix0598,31,4,0,16,-2,11.21
fold2_room1_mix0598,31,4,0,11,-2,12.49
fold2_room1_mix0598,32,4,0,18,-2,10.88
fold2_room1_mix0598,32,4,0,13,-2,12.11
fold2_room1_mix0598,33,4,0,19,-2,10.42
fold2_room1_mix0598,33,4,0,13,-2,11.47
fold2_room1_mix0598,34,4,0,15,-3,9.08
fold2_room1_mix0598,34,4,0,12,-3,10.18
fold2_room1_mix0598,35,4,0,19,-3,8.60
fold2_room1_mix0598,35,4,0,13,-3,9.85
fold2_room1_mix0598,36,4,0,23,-4,7.53
fold2_room1_mix0598,36,4,0,166,-4,6.23
fold2_room1_mix0598,36,4,0,2,-2,10.86
fold2_room1_mix0598,37,4,0,16,-4,8.22
fold2_room1_mix0598,37,4,0,10,-3,9.52
fold2_room1_mix0598,38,4,0,14,-5,6.71
fold2_room1_mix0598,38,4,0,9,-4,8.39
fold2_room1_mix0598,39,4,0,23,-5,6.85
fold2_room1_mix0598,39,4,0,158,-6,4.08
fold2_room1_mix0598,39,4,0,2,-3,10.53
fold2_room1_mix0598,40,4,0,0,-5,7.89
fold2_room1_mix0598,40,4,0,4,-4,9.47
fold2_room1_mix0598,41,4,0,47,-6,5.03
fold2_room1_mix0598,41,4,0,135,-9,3.43
fold2_room1_mix0598,41,4,0,-8,-2,11.35
fold2_room1_mix0598,42,4,0,37,-7,4.50
fold2_room1_mix0598,42,4,0,110,-12,3.35
fold2_room1_mix0598,42,4,0,-8,-2,10.97
fold2_room1_mix0598,43,4,0,15,-5,5.88
fold2_room1_mix0598,43,4,0,69,-11,3.03
fold2_room1_mix0598,43,4,0,0,-3,10.21
fold2_room1_mix0598,44,4,0,2,-4,7.56
fold2_room1_mix0598,44,4,0,0,-3,9.05
fold2_room1_mix0598,45,4,0,2,-4,6.67
fold2_room1_mix0598,45,4,0,0,-4,8.29
fold2_room1_mix0598,46,4,0,3,-4,6.93
fold2_room1_mix0598,46,4,0,0,-3,8.39
fold2_room1_mix0598,47,4,0,2,-5,6.89
fold2_room1_mix0598,47,4,0,0,-3,8.52
fold2_room1_mix0598,48,4,0,-3,-4,6.54
fold2_room1_mix0598,48,4,0,-2,-4,7.64
fold2_room1_mix0598,49,4,0,-15,-5,6.79
fold2_room1_mix0598,49,4,0,-7,-4,7.27
fold2_room1_mix0598,50,4,0,-3,-5,5.54
fold2_room1_mix0598,50,4,0,-4,-4,6.21
fold2_room1_mix0598,51,4,0,-18,-6,5.16
fold2_room1_mix0598,51,4,0,47,-6,4.02
fold2_room1_mix0598,51,4,0,0,-4,6.99
fold2_room1_mix0598,52,4,0,5,-8,3.56
fold2_room1_mix0598,52,4,0,0,-6,4.47
fold2_room1_mix0598,53,4,0,-27,-8,4.03
fold2_room1_mix0598,53,4,0,56,-7,3.61
fold2_room1_mix0598,53,4,0,-5,-5,5.50
fold2_room1_mix0598,54,4,0,-48,-7,3.21
fold2_room1_mix0598,54,4,0,83,-7,4.04
fold2_room1_mix0598,54,4,0,12,-5,5.70
fold2_room1_mix0598,55,4,0,-57,-9,2.35
fold2_room1_mix0598,55,4,0,79,-8,3.40
fold2_room1_mix0598,55,4,0,18,-5,5.57
fold2_room1_mix0598,56,4,0,-62,-9,2.32
fold2_room1_mix0598,56,4,0,101,-8,3.87
fold2_room1_mix0598,56,4,0,23,-5,6.07
fold2_room1_mix0598,57,4,0,-76,-11,2.06
fold2_room1_mix0598,57,4,0,96,-9,4.47
fold2_room1_mix0598,57,4,0,36,-4,7.58
fold2_room1_mix0598,58,4,0,-87,-12,1.96
fold2_room1_mix0598,58,4,0,97,-13,4.00
fold2_room1_mix0598,58,4,0,44,-4,6.41
fold2_room1_mix0598,59,4,0,-96,-17,2.87
fold2_room1_mix0598,59,4,0,41,-4,7.30
fold2_room1_mix0598,61,4,0,92,-8,5.16
fold2_room1_mix0598,61,4,0,-141,-9,3.01
fold2_room1_mix0598,61,4,0,51,-6,6.04
fold2_room1_mix0598,62,4,0,99,-10,5.13
fold2_room1_mix0598,62,4,0,-149,-9,3.14
fold2_room1_mix0598,62,4,0,63,-6,5.48
fold2_room1_mix0598,63,4,0,111,-10,5.09
fold2_room1_mix0598,63,4,0,-151,-8,3.71
fold2_room1_mix0598,63,4,0,70,-7,5.10
fold2_room1_mix0598,64,4,0,126,-9,5.05
fold2_room1_mix0598,64,4,0,-154,-7,3.89
fold2_room1_mix0598,64,4,0,73,-6,5.32
fold2_room1_mix0598,65,4,0,119,-7,4.78
fold2_room1_mix0598,65,4,0,-152,-6,4.34
fold2_room1_mix0598,65,4,0,66,-6,5.37
fold2_room1_mix0598,66,4,0,117,-7,5.18
fold2_room1_mix0598,66,4,0,-151,-6,4.43
fold2_room1_mix0598,66,4,0,68,-5,5.96
fold2_room1_mix0598,67,4,0,156,-7,6.30
fold2_room1_mix0598,67,4,0,-158,-6,4.76
fold2_room1_mix0598,67,4,0,96,-8,4.15
fold2_room1_mix0598,68,4,0,157,-5,6.44
fold2_room1_mix0598,68,4,0,-160,-5,5.37
fold2_room1_mix0598,68,4,0,81,-7,4.95
fold2_room1_mix0598,69,4,0,159,-5,6.72
fold2_room1_mix0598,69,4,0,-164,-4,6.40
fold2_room1_mix0598,69,4,0,69,-5,6.46
fold2_room1_mix0598,70,4,0,148,-5,5.87
fold2_room1_mix0598,70,4,0,-161,-4,6.73
fold2_room1_mix0598,70,4,0,62,-4,8.16
fold2_room1_mix0598,71,4,0,160,-5,6.05
fold2_room1_mix0598,71,4,0,-164,-4,6.09
fold2_room1_mix0598,71,4,0,70,-5,6.70
fold2_room1_mix0598,72,4,0,150,-5,5.42
fold2_room1_mix0598,72,4,0,-167,-4,7.00
fold2_room1_mix0598,72,4,0,54,-4,9.10
fold2_room1_mix0598,73,4,0,155,-5,6.12
fold2_room1_mix0598,73,4,0,-167,-4,7.34
fold2_room1_mix0598,73,4,0,85,-5,7.52
fold2_room1_mix0598,74,4,0,158,-4,6.09
fold2_room1_mix0598,74,4,0,-169,-3,8.19
fold2_room1_mix0598,74,4,0,65,-4,9.05
fold2_room1_mix0598,75,4,0,157,-5,5.67
fold2_room1_mix0598,75,4,0,-170,-3,8.75
fold2_room1_mix0598,75,4,0,79,-5,8.58
fold2_room1_mix0598,76,4,0,155,-5,6.20
fold2_room1_mix0598,76,4,0,-168,-3,9.64
fold2_room1_mix0598,76,4,0,76,-5,8.88
fold2_room1_mix0598,77,4,0,154,-4,6.15
fold2_room1_mix0598,77,4,0,-170,-2,11.69
fold2_room1_mix0598,77,4,0,64,-4,10.21
fold2_room1_mix0598,78,4,0,160,-4,6.78
fold2_room1_mix0598,78,4,0,-170,-2,11.64
fold2_room1_mix0598,78,4,0,90,-5,9.55
fold2_room1_mix0598,79,4,0,157,-4,6.67
fold2_room1_mix0598,79,4,0,-166,-2,11.92
fold2_room1_mix0598,79,4,0,106,-5,8.82
fold2_room1_mix0598,80,4,0,159,-4,6.86
fold2_room1_mix0598,80,4,0,-170,-2,12.78
fold2_room1_mix0598,80,4,0,93,-5,9.47
fold2_room1_mix0598,81,4,0,157,-4,7.21
fold2_room1_mix0598,81,4,0,-173,-2,14.07
fold2_room1_mix0598,81,4,0,71,-4,12.05
fold2_room1_mix0598,82,4,0,159,-3,7.23
fold2_room1_mix0598,82,4,0,-176,-1,13.56
fold2_room1_mix0598,82,4,0,35,-2,15.13
fold2_room1_mix0598,83,4,0,157,-3,7.29
fold2_room1_mix0598,83,4,0,-173,-2,13.69
fold2_room1_mix0598,83,4,0,48,-2,14.70
fold2_room1_mix0598,84,4,0,160,-3,7.67
fold2_room1_mix0598,84,4,0,-179,-1,14.97
fold2_room1_mix0598,84,4,0,41,-2,15.46
fold2_room1_mix0598,85,4,0,158,-3,7.78
fold2_room1_mix0598,85,4,0,-177,-1,14.55
fold2_room1_mix0598,85,4,0,34,-2,15.09
fold2_room1_mix0598,86,4,0,156,-3,7.52
fold2_room1_mix0598,86,4,0,-178,-1,14.50
fold2_room1_mix0598,86,4,0,21,-1,17.71
fold2_room1_mix0598,87,4,0,157,-3,7.98
fold2_room1_mix0598,87,4,0,-175,0,17.20
fold2_room1_mix0598,87,4,0,31,-2,16.39
fold2_room1_mix0598,88,4,0,158,-3,8.61
fold2_room1_mix0598,88,4,0,-176,0,17.27
fold2_room1_mix0598,88,4,0,35,-1,17.05
fold2_room1_mix0598,89,4,0,159,-3,8.99
fold2_room1_mix0598,89,4,0,-175,0,19.62
fold2_room1_mix0598,89,4,0,28,-1,18.50
fold2_room1_mix0598,90,4,0,157,-2,9.67
fold2_room1_mix0598,90,4,0,-177,0,19.77
fold2_room1_mix0598,90,4,0,25,0,20.46
fold2_room1_mix0598,91,4,0,157,-3,9.56
fold2_room1_mix0598,91,4,0,-177,0,20.01
fold2_room1_mix0598,91,4,0,10,0,25.32
fold2_room1_mix0598,92,4,0,158,-2,10.33
fold2_room1_mix0598,92,4,0,-179,-1,19.94
fold2_room1_mix0598,92,4,0,15,0,24.20
fold2_room1_mix0598,93,4,0,159,-3,10.50
fold2_room1_mix0598,93,4,0,-178,-1,20.93
fold2_room1_mix0598,93,4,0,12,0,26.72
fold2_room1_mix0598,94,4,0,159,-2,11.20
fold2_room1_mix0598,94,4,0,177,-1,19.91
fold2_room1_mix0598,94,4,0,6,0,32.33
fold2_room1_mix0598,95,4,0,157,-2,10.95
fold2_room1_mix0598,95,4,0,179,0,20.83
fold2_room1_mix0598,95,4,0,1,0,33.03
fold2_room1_mix0598,96,4,0,160,-2,12.06
fold2_room1_mix0598,96,4,0,178,-1,21.88
fold2_room1_mix0598,96,4,0,3,0,34.85
fold2_room1_mix0598,97,4,0,161,-2,12.10
fold2_room1_mix0598,97,4,0,178,-1,21.95
fold2_room1_mix0598,97,4,0,1,0,37.62
fold2_room1_mix0598,98,4,0,160,-2,12.33
fold2_room1_mix0598,98,4,0,177,-1,21.96
fold2_room1_mix0598,98,4,0,0,0,37.03
fold2_room1_mix0598,99,4,0,165,-2,12.02
fold2_room1_mix0598,99,4,0,-179,-1,20.94
fold2_room1_mix0598,99,4,0,6,0,33.83
fold2_room1_mix0598,60,4,0,-165,-17,3.35
fold2_room1_mix0598,60,4,0,49,-5,6.96
fold2_room1_mix0600,0,1,0,5,-1,13.18
fold2_room1_mix0600,1,4,0,5,0,4.79
fold2_room1_mix0600,1,4,0,6,0,4.58
fold2_room1_mix0600,2,4,0,4,-1,4.69
fold2_room1_mix0600,2,4,0,7,0,4.43
fold2_room1_mix0600,3,4,0,4,-2,9.77
fold2_room1_mix0600,3,4,0,5,-2,9.33
fold2_room1_mix0600,4,4,0,6,-2,9.54
fold2_room1_mix0600,4,4,0,6,-2,9.03
fold2_room1_mix0600,5,4,0,7,-2,10.30
fold2_room1_mix0600,5,4,0,7,-2,9.84
fold2_room1_mix0600,6,4,0,9,-2,12.22
fold2_room1_mix0600,6,4,0,8,-2,12.13
fold2_room1_mix0600,7,4,0,8,-2,13.25
fold2_room1_mix0600,7,4,0,7,-2,12.53
fold2_room1_mix0600,8,4,0,8,-2,13.35
fold2_room1_mix0600,8,4,0,8,-2,12.41
fold2_room1_mix0600,9,4,0,9,-2,12.17
fold2_room1_mix0600,9,4,0,9,-2,11.78
fold2_room1_mix0600,10,4,0,9,-2,12.13
fold2_room1_mix0600,10,4,0,9,-2,11.78
fold2_room1_mix0600,11,4,0,8,-2,12.07
fold2_room1_mix0600,11,4,0,8,-2,11.39
fold2_room1_mix0600,12,4,0,9,-2,11.58
fold2_room1_mix0600,12,4,0,10,-2,10.77
fold2_room1_mix0600,13,4,0,11,-2,11.73
fold2_room1_mix0600,13,4,0,11,-2,10.43
fold2_room1_mix0600,14,4,0,20,-3,13.95
fold2_room1_mix0600,14,4,0,15,-2,11.53
fold2_room1_mix0600,15,4,0,13,-3,9.77
fold2_room1_mix0600,15,4,0,12,-3,9.20
fold2_room1_mix0600,17,4,0,13,-3,10.62
fold2_room1_mix0600,17,4,0,12,-3,9.70
fold2_room1_mix0600,20,4,0,167,-1,19.62
fold2_room1_mix0600,20,4,0,12,-3,7.82
fold2_room1_mix0600,21,4,0,167,-1,19.33
fold2_room1_mix0600,21,4,0,12,-3,7.62
fold2_room1_mix0600,22,4,0,165,-1,17.91
fold2_room1_mix0600,22,4,0,13,-3,7.26
fold2_room1_mix0600,23,4,0,165,-1,16.83
fold2_room1_mix0600,23,4,0,13,-3,6.85
fold2_room1_mix0600,24,4,0,165,-1,17.78
fold2_room1_mix0600,24,4,0,14,-3,6.76
fold2_room1_mix0600,25,4,0,166,-1,16.43
fold2_room1_mix0600,25,4,0,15,-3,6.64
fold2_room1_mix0600,26,4,0,166,-1,15.56
fold2_room1_mix0600,26,4,0,16,-4,6.61
fold2_room1_mix0600,27,4,0,167,-1,15.15
fold2_room1_mix0600,27,4,0,18,-3,6.49
fold2_room1_mix0600,28,4,0,166,-1,14.57
fold2_room1_mix0600,28,4,0,16,-4,6.16
fold2_room1_mix0600,29,4,0,169,-1,13.92
fold2_room1_mix0600,29,4,0,18,-4,6.16
fold2_room1_mix0600,30,4,0,168,-1,13.85
fold2_room1_mix0600,30,4,0,17,-4,5.82
fold2_room1_mix0600,31,4,0,166,-1,13.99
fold2_room1_mix0600,31,4,0,19,-5,5.56
fold2_room1_mix0600,32,4,0,165,-1,12.75
fold2_room1_mix0600,32,4,0,18,-5,5.09
fold2_room1_mix0600,33,4,0,165,-1,12.46
fold2_room1_mix0600,33,4,0,19,-5,4.70
fold2_room1_mix0600,34,4,0,164,-1,13.48
fold2_room1_mix0600,34,4,0,20,-6,4.69
fold2_room1_mix0600,35,4,0,163,-2,10.71
fold2_room1_mix0600,35,4,0,23,-5,4.29
fold2_room1_mix0600,36,4,0,161,-2,10.90
fold2_room1_mix0600,36,4,0,22,-6,4.09
fold2_room1_mix0600,37,4,0,162,-2,10.39
fold2_room1_mix0600,37,4,0,23,-5,4.13
fold2_room1_mix0600,38,4,0,161,-2,11.67
fold2_room1_mix0600,38,4,0,25,-6,3.80
fold2_room1_mix0600,39,4,0,159,-2,9.55
fold2_room1_mix0600,39,4,0,26,-6,3.81
fold2_room1_mix0600,40,4,0,156,-2,9.11
fold2_room1_mix0600,40,4,0,26,-6,3.52
fold2_room1_mix0600,41,4,0,159,-2,8.77
fold2_room1_mix0600,41,4,0,27,-7,3.22
fold2_room1_mix0600,42,4,0,160,-3,8.42
fold2_room1_mix0600,42,4,0,30,-7,3.05
fold2_room1_mix0600,43,4,0,158,-3,7.03
fold2_room1_mix0600,43,4,0,33,-7,2.75
fold2_room1_mix0600,44,4,0,160,-3,7.04
fold2_room1_mix0600,44,4,0,38,-8,2.65
fold2_room1_mix0600,45,4,0,161,-4,5.83
fold2_room1_mix0600,45,4,0,37,-7,3.04
fold2_room1_mix0600,46,4,0,155,-5,4.87
fold2_room1_mix0600,46,4,0,49,-10,2.20
fold2_room1_mix0600,47,4,0,158,-6,4.47
fold2_room1_mix0600,47,4,0,59,-11,2.02
fold2_room1_mix0600,48,4,0,140,-7,4.79
fold2_room1_mix0600,48,4,0,163,-6,3.96
fold2_room1_mix0600,48,4,0,85,-12,1.79
fold2_room1_mix0600,49,4,0,104,-10,3.51
fold2_room1_mix0600,49,4,0,97,-11,2.71
fold2_room1_mix0600,50,4,0,92,-11,2.95
fold2_room1_mix0600,50,4,0,93,-11,2.51
fold2_room1_mix0600,51,4,0,86,-13,2.58
fold2_room1_mix0600,51,4,0,88,-13,2.25
fold2_room1_mix0600,52,4,0,100,-10,3.21
fold2_room1_mix0600,52,4,0,164,-5,6.43
fold2_room1_mix0600,52,4,0,64,-11,2.67
fold2_room1_mix0600,53,4,0,112,-9,3.75
fold2_room1_mix0600,53,4,0,162,-5,6.32
fold2_room1_mix0600,53,4,0,56,-9,2.99
fold2_room1_mix0600,54,4,0,118,-8,3.85
fold2_room1_mix0600,54,4,0,159,-5,6.11
fold2_room1_mix0600,54,4,0,48,-8,3.46
fold2_room1_mix0600,55,4,0,124,-8,3.51
fold2_room1_mix0600,55,4,0,151,-6,4.59
fold2_room1_mix0600,55,4,0,35,-6,4.68
fold2_room1_mix0600,56,4,0,121,-8,3.41
fold2_room1_mix0600,56,4,0,146,-7,3.84
fold2_room1_mix0600,56,4,0,29,-5,4.96
fold2_room1_mix0600,57,4,0,130,-7,3.73
fold2_room1_mix0600,57,4,0,147,-6,3.74
fold2_room1_mix0600,57,4,0,29,-5,5.17
fold2_room1_mix0600,58,4,0,140,-6,3.94
fold2_room1_mix0600,58,4,0,25,-4,5.62
fold2_room1_mix0600,59,4,0,143,-7,3.57
fold2_room1_mix0600,59,4,0,19,-4,6.18
fold2_room1_mix0600,60,4,0,128,-8,4.11
fold2_room1_mix0600,60,4,0,148,-6,3.38
fold2_room1_mix0600,60,4,0,15,-3,7.44
fold2_room1_mix0600,61,4,0,136,-7,4.24
fold2_room1_mix0600,61,4,0,153,-5,3.71
fold2_room1_mix0600,61,4,0,17,-3,7.91
fold2_room1_mix0600,62,4,0,122,-8,5.51
fold2_room1_mix0600,62,4,0,156,-5,4.13
fold2_room1_mix0600,62,4,0,15,-2,8.58
fold2_room1_mix0600,63,4,0,140,-7,5.34
fold2_room1_mix0600,63,4,0,157,-5,4.27
fold2_room1_mix0600,63,4,0,15,-2,9.44
fold2_room1_mix0600,64,4,0,153,-5,5.11
fold2_room1_mix0600,64,4,0,12,-2,10.23
fold2_room1_mix0600,66,4,0,158,-4,5.49
fold2_room1_mix0600,66,4,0,11,-2,10.40
fold2_room1_mix0600,67,4,0,158,-4,5.85
fold2_room1_mix0600,67,4,0,9,-2,10.93
fold2_room1_mix0600,68,4,0,142,-7,7.26
fold2_room1_mix0600,68,4,0,163,-4,5.66
fold2_room1_mix0600,68,4,0,9,-2,11.11
fold2_room1_mix0600,75,4,0,19,-4,10.12
fold2_room1_mix0600,75,4,0,12,-3,11.59
fold2_room1_mix0600,76,4,0,12,-2,11.83
fold2_room1_mix0600,76,4,0,8,-3,12.50
fold2_room1_mix0600,77,4,0,10,-3,11.19
fold2_room1_mix0600,77,4,0,7,-3,12.24
fold2_room1_mix0600,78,4,0,13,-3,11.01
fold2_room1_mix0600,78,4,0,10,-3,11.85
fold2_room1_mix0600,79,4,0,13,-4,9.59
fold2_room1_mix0600,79,4,0,9,-3,11.16
fold2_room1_mix0600,80,4,0,16,-4,7.86
fold2_room1_mix0600,80,4,0,11,-4,9.78
fold2_room1_mix0600,81,4,0,18,-5,6.36
fold2_room1_mix0600,81,4,0,13,-4,8.38
fold2_room1_mix0600,82,4,0,25,-7,4.02
fold2_room1_mix0600,82,4,0,18,-6,7.06
fold2_room1_mix0600,83,4,0,30,-9,3.10
fold2_room1_mix0600,83,4,0,164,-5,5.33
fold2_room1_mix0600,83,4,0,10,-4,8.67
fold2_room1_mix0600,84,4,0,44,-14,1.55
fold2_room1_mix0600,84,4,0,164,-6,4.90
fold2_room1_mix0600,84,4,0,10,-5,9.50
fold2_room1_mix0600,85,4,0,78,-19,1.43
fold2_room1_mix0600,85,4,0,164,-6,4.45
fold2_room1_mix0600,85,4,0,10,-5,11.74
fold2_room1_mix0600,86,4,0,121,-16,1.99
fold2_room1_mix0600,86,4,0,163,-7,4.82
fold2_room1_mix0600,86,4,0,12,-4,13.87
fold2_room1_mix0600,87,4,0,145,-11,2.45
fold2_room1_mix0600,87,4,0,163,-6,4.32
fold2_room1_mix0600,87,4,0,3,-2,16.83
fold2_room1_mix0600,88,4,0,161,-6,4.78
fold2_room1_mix0600,88,4,0,4,-1,21.96
fold2_room1_mix0600,89,4,0,164,-5,5.45
fold2_room1_mix0600,89,4,0,3,-1,22.73
fold2_room1_mix0600,90,4,0,168,-4,6.52
fold2_room1_mix0600,90,4,0,2,0,22.78
fold2_room1_mix0600,91,4,0,170,-3,7.74
fold2_room1_mix0600,91,4,0,3,0,24.41
fold2_room1_mix0600,92,4,0,172,-3,8.83
fold2_room1_mix0600,92,4,0,3,-1,26.03
fold2_room1_mix0600,93,4,0,172,-2,10.16
fold2_room1_mix0600,93,4,0,4,0,28.68
fold2_room1_mix0600,94,4,0,173,-2,10.53
fold2_room1_mix0600,94,4,0,6,0,28.68
fold2_room1_mix0600,95,4,0,173,-2,11.14
fold2_room1_mix0600,95,4,0,5,0,30.67
fold2_room1_mix0600,96,4,0,174,-2,11.62
fold2_room1_mix0600,96,4,0,4,0,31.21
fold2_room1_mix0600,97,4,0,174,-2,12.18
fold2_room1_mix0600,97,4,0,3,-1,31.65
fold2_room1_mix0600,98,4,0,174,-2,12.31
fold2_room1_mix0600,98,4,0,2,-1,32.80
fold2_room1_mix0600,99,4,0,176,-1,14.30
fold2_room1_mix0600,99,4,0,0,-1,36.28
fold2_room1_mix0600,16,4,0,172,-2,18.71
fold2_room1_mix0600,16,4,0,12,-2,8.35
fold2_room1_mix0600,18,4,0,173,-1,18.85
fold2_room1_mix0600,18,4,0,12,-3,8.03
fold2_room1_mix0600,19,4,0,171,-2,19.47
fold2_room1_mix0600,19,4,0,14,-3,7.86
fold2_room1_mix0600,65,4,0,161,-4,4.71
fold2_room1_mix0600,65,4,0,12,-2,9.93
fold2_room1_mix0600,69,4,0,164,-3,6.03
fold2_room1_mix0600,69,4,0,9,-2,12.06
fold2_room1_mix0600,70,4,0,165,-3,6.08
fold2_room1_mix0600,70,4,0,10,-2,11.73
fold2_room1_mix0600,71,4,0,164,-3,6.39
fold2_room1_mix0600,71,4,0,9,-2,13.07
fold2_room1_mix0600,72,4,0,167,-3,6.82
fold2_room1_mix0600,72,4,0,8,-2,13.22
fold2_room1_mix0600,73,4,0,166,-3,6.95
fold2_room1_mix0600,73,4,0,6,-2,12.96
fold2_room1_mix0600,74,4,0,165,-3,7.26
fold2_room1_mix0600,74,4,0,8,-2,12.63
fold2_room1_mix0602,18,3,0,-46,-2,6.64
fold2_room1_mix0602,19,3,0,-51,-3,9.94
fold2_room1_mix0602,20,3,0,-47,-3,7.21
fold2_room1_mix0602,21,3,0,-52,-3,8.24
fold2_room1_mix0602,22,3,0,-54,-3,8.90
fold2_room1_mix0602,23,3,0,-54,-3,8.94
fold2_room1_mix0602,24,3,0,-56,-3,8.28
fold2_room1_mix0602,25,3,0,-59,-3,9.20
fold2_room1_mix0602,26,3,0,-59,-3,8.75
fold2_room1_mix0602,27,3,0,-59,-3,6.47
fold2_room1_mix0602,28,3,0,-66,-3,4.06
fold2_room1_mix0602,44,3,0,113,-2,12.33
fold2_room1_mix0602,45,3,0,138,-2,8.75
fold2_room1_mix0602,54,3,0,120,-2,6.20
fold2_room1_mix0602,55,3,0,127,-3,13.23
fold2_room1_mix0602,56,3,0,122,-3,14.26
fold2_room1_mix0602,57,3,0,118,-3,11.98
fold2_room1_mix0602,58,3,0,115,-3,10.08
fold2_room1_mix0602,59,3,0,114,-3,11.78
fold2_room1_mix0602,60,3,0,110,-3,9.96
fold2_room1_mix0602,61,3,0,106,-3,12.72
fold2_room1_mix0602,62,3,0,107,-3,10.22
fold2_room1_mix0602,63,3,0,108,-3,9.37
fold2_room1_mix0602,64,3,0,105,-3,3.33
fold2_room1_mix0602,70,4,0,-131,-1,4.48
fold2_room1_mix0602,71,4,0,-125,-1,5.06
fold2_room1_mix0602,72,4,0,-118,-1,6.67
fold2_room1_mix0602,73,4,0,-120,-1,10.84
fold2_room1_mix0602,74,4,0,-119,-1,13.13
fold2_room1_mix0602,75,4,0,-116,-1,15.13
fold2_room1_mix0602,76,4,0,-110,-1,14.52
fold2_room1_mix0602,77,4,0,-110,-2,15.86
fold2_room1_mix0602,78,4,0,-103,-2,15.43
fold2_room1_mix0602,79,4,0,-102,-2,14.63
fold2_room1_mix0602,80,4,0,-97,-2,14.83
fold2_room1_mix0602,81,4,0,-95,-2,14.40
fold2_room1_mix0602,82,4,0,-93,-2,14.28
fold2_room1_mix0602,83,4,0,-88,-2,13.69
fold2_room1_mix0602,84,4,0,-85,-2,12.67
fold2_room1_mix0602,85,4,0,-84,-2,13.71
fold2_room1_mix0602,86,4,0,-81,-1,13.58
fold2_room1_mix0602,87,4,0,-77,-2,12.99
fold2_room1_mix0602,88,4,0,-75,-1,12.68
fold2_room1_mix0602,89,4,0,-75,-1,12.45
fold2_room1_mix0602,90,4,0,-74,-2,11.95
fold2_room1_mix0602,91,4,0,-66,-2,12.63
fold2_room1_mix0602,92,4,0,-69,-2,8.74
fold2_room1_mix0602,93,4,0,-70,-2,5.74
fold2_room1_mix0615,1,2,0,-20,-1,13.82
fold2_room1_mix0615,2,2,0,-38,-1,14.03
fold2_room1_mix0615,3,2,0,-28,-1,15.68
fold2_room1_mix0615,3,4,0,-165,0,6.88
fold2_room1_mix0615,4,2,0,-32,-1,15.18
fold2_room1_mix0615,4,4,0,-166,0,16.29
fold2_room1_mix0615,5,2,0,-40,-2,11.88
fold2_room1_mix0615,5,4,0,-163,-1,17.34
fold2_room1_mix0615,6,4,0,-156,0,20.18
fold2_room1_mix0615,7,4,0,-150,-1,26.63
fold2_room1_mix0615,8,4,0,-154,-1,27.36
fold2_room1_mix0615,9,4,0,-156,-1,25.72
fold2_room1_mix0615,10,2,0,-34,-2,11.73
fold2_room1_mix0615,10,4,0,-154,-1,27.19
fold2_room1_mix0615,11,2,0,-42,-2,14.09
fold2_room1_mix0615,11,4,0,-153,-1,27.48
fold2_room1_mix0615,12,2,0,-41,-1,13.55
fold2_room1_mix0615,12,4,0,-153,0,28.04
fold2_room1_mix0615,13,2,0,-45,-2,12.61
fold2_room1_mix0615,13,4,0,-155,-1,25.59
fold2_room1_mix0615,14,2,0,-43,-1,11.10
fold2_room1_mix0615,14,4,0,-153,-1,25.44
fold2_room1_mix0615,15,4,0,-152,0,24.48
fold2_room1_mix0615,16,4,0,-147,0,25.32
fold2_room1_mix0615,17,4,0,-148,-1,22.95
fold2_room1_mix0615,18,4,0,-146,-1,22.38
fold2_room1_mix0615,19,4,0,-145,-1,22.11
fold2_room1_mix0615,20,4,0,-143,0,22.19
fold2_room1_mix0615,21,4,0,-143,0,21.94
fold2_room1_mix0615,22,4,0,-141,-1,21.93
fold2_room1_mix0615,23,4,0,-140,-1,20.78
fold2_room1_mix0615,24,4,0,-142,0,21.90
fold2_room1_mix0615,25,4,0,-140,-1,20.65
fold2_room1_mix0615,26,4,0,-137,0,20.25
fold2_room1_mix0615,27,4,0,-138,-1,19.59
fold2_room1_mix0615,28,4,0,-136,-1,18.61
fold2_room1_mix0615,29,2,0,-52,-2,10.00
fold2_room1_mix0615,29,4,0,-134,0,19.68
fold2_room1_mix0615,30,2,0,-56,-2,10.29
fold2_room1_mix0615,30,4,0,-134,0,19.15
fold2_room1_mix0615,31,2,0,-59,-2,11.21
fold2_room1_mix0615,31,4,0,-133,0,18.56
fold2_room1_mix0615,32,2,0,-61,-2,11.84
fold2_room1_mix0615,32,4,0,-133,0,19.06
fold2_room1_mix0615,33,2,0,-64,-2,11.12
fold2_room1_mix0615,33,4,0,-132,-1,17.39
fold2_room1_mix0615,34,2,0,-66,-2,3.79
fold2_room1_mix0615,34,4,0,-129,0,18.32
fold2_room1_mix0615,35,4,0,-132,0,17.50
fold2_room1_mix0615,36,4,0,-133,-1,17.10
fold2_room1_mix0615,37,4,0,-130,-1,16.43
fold2_room1_mix0615,38,4,0,-130,-1,15.56
fold2_room1_mix0615,39,2,0,-67,-2,9.94
fold2_room1_mix0615,39,4,0,-127,-1,16.57
fold2_room1_mix0615,40,2,0,-68,-2,10.17
fold2_room1_mix0615,40,4,0,-126,-1,15.88
fold2_room1_mix0615,41,2,0,-70,-2,10.85
fold2_room1_mix0615,41,4,0,-123,-1,15.37
fold2_room1_mix0615,42,2,0,-69,-2,10.78
fold2_room1_mix0615,42,4,0,-122,-1,15.45
fold2_room1_mix0615,43,2,0,-73,-2,11.85
fold2_room1_mix0615,43,3,0,-16,-2,6.59
fold2_room1_mix0615,43,4,0,-122,-1,15.55
fold2_room1_mix0615,44,3,0,-33,-3,13.07
fold2_room1_mix0615,44,4,0,-121,-1,14.82
fold2_room1_mix0615,45,3,0,-37,-3,15.38
fold2_room1_mix0615,45,4,0,-124,-1,16.00
fold2_room1_mix0615,46,3,0,-46,-3,11.34
fold2_room1_mix0615,46,4,0,-121,-1,15.27
fold2_room1_mix0615,47,3,0,-48,-3,10.83
fold2_room1_mix0615,47,4,0,-118,-1,16.55
fold2_room1_mix0615,48,3,0,-51,-3,15.39
fold2_room1_mix0615,48,4,0,-118,-1,15.28
fold2_room1_mix0615,49,2,0,-79,-2,11.48
fold2_room1_mix0615,49,3,0,-52,-3,14.62
fold2_room1_mix0615,49,4,0,-115,-2,14.76
fold2_room1_mix0615,50,2,0,-79,-2,11.84
fold2_room1_mix0615,50,3,0,-48,-3,14.89
fold2_room1_mix0615,50,4,0,-113,-2,15.63
fold2_room1_mix0615,51,2,0,-87,-2,10.73
fold2_room1_mix0615,51,3,0,-51,-3,13.75
fold2_room1_mix0615,51,4,0,-110,-2,13.68
fold2_room1_mix0615,52,2,0,-83,-2,11.28
fold2_room1_mix0615,52,3,0,-49,-4,12.60
fold2_room1_mix0615,52,4,0,-110,-1,13.94
fold2_room1_mix0615,53,2,0,-85,-2,12.63
fold2_room1_mix0615,53,3,0,-61,-4,8.82
fold2_room1_mix0615,53,4,0,-109,-1,13.63
fold2_room1_mix0615,54,4,0,-108,-1,12.44
fold2_room1_mix0615,55,4,0,-105,-1,12.86
fold2_room1_mix0615,56,4,0,-103,-1,12.98
fold2_room1_mix0615,57,4,0,-101,-1,12.68
fold2_room1_mix0615,58,2,0,-89,-2,6.23
fold2_room1_mix0615,58,4,0,-98,-1,13.05
fold2_room1_mix0615,59,2,0,-92,-2,11.20
fold2_room1_mix0615,59,4,0,-95,0,13.49
fold2_room1_mix0615,60,2,0,-95,-2,9.99
fold2_room1_mix0615,60,4,0,-93,-1,13.12
fold2_room1_mix0615,61,2,0,-97,-2,10.60
fold2_room1_mix0615,61,4,0,-92,-1,12.76
fold2_room1_mix0615,62,2,0,-94,-2,11.68
fold2_room1_mix0615,62,4,0,-88,-1,12.48
fold2_room1_mix0615,63,2,0,-96,-1,6.84
fold2_room1_mix0615,63,4,0,-88,-1,12.62
fold2_room1_mix0615,64,3,0,-132,-2,5.87
fold2_room1_mix0615,64,4,0,-86,-1,12.63
fold2_room1_mix0615,65,3,0,-161,-3,8.23
fold2_room1_mix0615,65,4,0,-84,-2,13.22
fold2_room1_mix0615,66,3,0,177,-3,7.22
fold2_room1_mix0615,66,4,0,-83,-2,13.31
fold2_room1_mix0615,67,4,0,-76,-1,12.92
fold2_room1_mix0615,68,2,0,-101,-2,9.27
fold2_room1_mix0615,68,3,0,-146,-3,6.56
fold2_room1_mix0615,68,4,0,-81,-2,13.74
fold2_room1_mix0615,69,2,0,-104,-1,8.95
fold2_room1_mix0615,69,3,0,-160,-3,11.26
fold2_room1_mix0615,69,4,0,-79,-2,13.73
fold2_room1_mix0615,70,2,0,-109,-2,10.38
fold2_room1_mix0615,70,3,0,-179,-2,8.56
fold2_room1_mix0615,70,4,0,-79,-2,12.87
fold2_room1_mix0615,71,2,0,-108,-1,12.41
fold2_room1_mix0615,71,3,0,-179,-3,10.15
fold2_room1_mix0615,71,4,0,-84,-2,13.52
fold2_room1_mix0615,72,2,0,-104,-1,11.14
fold2_room1_mix0615,72,3,0,174,-2,8.68
fold2_room1_mix0615,72,4,0,-80,-2,14.19
fold2_room1_mix0615,73,3,0,-179,-2,7.33
fold2_room1_mix0615,73,4,0,-68,-2,13.29
fold2_room1_mix0615,74,3,0,171,-2,2.31
fold2_room1_mix0615,74,4,0,-66,-1,13.48
fold2_room1_mix0615,75,4,0,-65,-1,14.00
fold2_room1_mix0615,76,4,0,-63,-1,13.84
fold2_room1_mix0615,77,4,0,-61,-1,13.70
fold2_room1_mix0615,78,2,0,-121,-2,9.70
fold2_room1_mix0615,78,4,0,-62,-1,14.00
fold2_room1_mix0615,79,2,0,-118,-2,6.11
fold2_room1_mix0615,79,4,0,-62,-1,14.78
fold2_room1_mix0615,80,2,0,-119,-2,9.32
fold2_room1_mix0615,80,4,0,-61,-1,15.20
fold2_room1_mix0615,81,2,0,-118,-1,7.02
fold2_room1_mix0615,81,4,0,-59,-1,14.82
fold2_room1_mix0615,82,4,0,-56,-1,14.74
fold2_room1_mix0615,83,4,0,-54,-1,14.81
fold2_room1_mix0615,84,4,0,-53,-1,15.05
fold2_room1_mix0615,85,4,0,-51,-1,15.26
fold2_room1_mix0615,86,4,0,-50,-1,15.36
fold2_room1_mix0615,87,4,0,-48,-1,16.23
fold2_room1_mix0615,88,4,0,-48,-1,16.80
fold2_room1_mix0615,89,4,0,-47,-1,16.56
fold2_room1_mix0615,90,4,0,-47,-1,16.93
fold2_room1_mix0615,91,2,0,-133,-1,6.00
fold2_room1_mix0615,91,4,0,-46,-1,17.11
fold2_room1_mix0615,92,4,0,-45,-1,17.89
fold2_room1_mix0615,93,4,0,-41,-1,18.04
fold2_room1_mix0615,94,4,0,-43,-1,18.33
fold2_room1_mix0615,95,4,0,-41,-1,18.94
fold2_room1_mix0615,96,4,0,-39,-1,18.97
fold2_room1_mix0615,97,4,0,-42,-1,19.48
fold2_room1_mix0615,98,2,0,-137,-2,10.12
fold2_room1_mix0615,98,4,0,-41,0,19.43
fold2_room1_mix0615,99,2,0,-136,-2,11.30
fold2_room1_mix0615,99,4,0,-41,-1,18.67
fold2_room1_mix0623,49,4,0,-125,-1,5.88
fold2_room1_mix0623,50,4,0,-125,-1,10.23
fold2_room1_mix0623,51,4,0,-124,-1,12.24
fold2_room1_mix0623,52,4,0,-123,-1,13.26
fold2_room1_mix0623,53,4,0,-118,-1,14.08
fold2_room1_mix0623,54,4,0,-117,-1,15.62
fold2_room1_mix0623,55,4,0,-116,-1,16.63
fold2_room1_mix0623,56,4,0,-109,-1,15.09
fold2_room1_mix0623,57,4,0,-106,-1,15.58
fold2_room1_mix0623,58,4,0,-103,-1,14.97
fold2_room1_mix0623,59,4,0,-101,-1,14.83
fold2_room1_mix0623,60,4,0,-94,-1,14.07
fold2_room1_mix0623,61,4,0,-89,-1,14.50
fold2_room1_mix0623,62,4,0,-89,-1,13.76
fold2_room1_mix0623,63,4,0,-87,-1,13.99
fold2_room1_mix0623,64,4,0,-86,-1,13.17
fold2_room1_mix0623,65,4,0,-83,-1,13.71
fold2_room1_mix0623,66,4,0,-79,-1,13.06
fold2_room1_mix0623,67,4,0,-74,-1,14.73
fold2_room1_mix0623,68,4,0,-71,-1,12.93
fold2_room1_mix0623,69,4,0,-66,-1,14.50
fold2_room1_mix0623,70,4,0,-71,-1,8.60
fold2_room1_mix0623,71,4,0,-71,-2,6.05
fold2_room1_mix0623,72,4,0,-62,-1,11.98
fold2_room1_mix0623,73,4,0,-61,-2,6.63
fold2_room1_mix0623,74,4,0,-58,-2,11.24
fold2_room1_mix0623,76,4,0,-59,-2,4.49
fold2_room1_mix0623,77,4,0,-56,-2,5.79
fold2_room1_mix0623,75,4,0,-61,-1,2.97
fold2_room1_mix0638,0,0,0,179,-1,7.90
fold2_room1_mix0638,1,0,0,-179,0,57.36
fold2_room1_mix0638,1,4,0,0,0,2.97
fold2_room1_mix0638,2,0,0,178,0,71.58
fold2_room1_mix0638,2,4,0,-2,0,8.00
fold2_room1_mix0638,3,0,0,177,0,276.48
fold2_room1_mix0638,3,4,0,-3,0,14.33
fold2_room1_mix0638,4,0,0,177,0,204.02
fold2_room1_mix0638,4,4,0,-2,-1,14.00
fold2_room1_mix0638,5,0,0,177,0,236.88
fold2_room1_mix0638,5,4,0,-1,0,16.15
fold2_room1_mix0638,6,0,0,176,0,222.89
fold2_room1_mix0638,6,4,0,-1,-1,22.71
fold2_room1_mix0638,7,0,0,177,0,255.26
fold2_room1_mix0638,7,4,0,0,-1,22.66
fold2_room1_mix0638,8,0,0,176,0,197.33
fold2_room1_mix0638,8,4,0,0,-1,20.87
fold2_room1_mix0638,9,0,0,177,0,198.76
fold2_room1_mix0638,9,4,0,0,-1,20.54
fold2_room1_mix0638,10,0,0,177,0,241.84
fold2_room1_mix0638,10,4,0,0,-1,19.48
fold2_room1_mix0638,11,0,0,176,0,215.14
fold2_room1_mix0638,11,4,0,0,-1,19.22
fold2_room1_mix0638,12,0,0,177,0,205.04
fold2_room1_mix0638,12,4,0,-1,-1,19.35
fold2_room1_mix0638,13,0,0,177,0,214.66
fold2_room1_mix0638,13,4,0,-2,-1,17.35
fold2_room1_mix0638,14,0,0,177,0,196.05
fold2_room1_mix0638,14,4,0,-2,-1,17.69
fold2_room1_mix0638,15,0,0,177,0,194.16
fold2_room1_mix0638,15,4,0,-2,-1,18.72
fold2_room1_mix0638,16,0,0,176,0,193.52
fold2_room1_mix0638,16,4,0,-5,-1,18.15
fold2_room1_mix0638,17,0,0,176,0,185.19
fold2_room1_mix0638,17,4,0,-4,-1,17.71
fold2_room1_mix0638,18,0,0,177,0,199.96
fold2_room1_mix0638,18,4,0,-3,-1,17.12
fold2_room1_mix0638,19,0,0,176,0,222.94
fold2_room1_mix0638,19,4,0,-4,0,17.89
fold2_room1_mix0638,20,0,0,176,0,232.10
fold2_room1_mix0638,20,4,0,-3,0,16.92
fold2_room1_mix0638,21,0,0,177,0,225.20
fold2_room1_mix0638,21,4,0,-2,0,17.53
fold2_room1_mix0638,22,0,0,176,0,214.24
fold2_room1_mix0638,22,4,0,-3,0,16.92
fold2_room1_mix0638,23,0,0,176,0,246.13
fold2_room1_mix0638,23,4,0,-3,0,17.04
fold2_room1_mix0638,24,0,0,177,0,230.98
fold2_room1_mix0638,24,4,0,-4,-1,16.68
fold2_room1_mix0638,25,0,0,177,0,212.79
fold2_room1_mix0638,25,4,0,-4,-1,15.72
fold2_room1_mix0638,26,0,0,177,0,245.84
fold2_room1_mix0638,26,4,0,-4,-1,14.63
fold2_room1_mix0638,27,0,0,177,0,239.24
fold2_room1_mix0638,27,4,0,-5,-1,14.62
fold2_room1_mix0638,28,0,0,177,0,236.02
fold2_room1_mix0638,28,4,0,-5,-1,13.62
fold2_room1_mix0638,29,0,0,177,0,234.37
fold2_room1_mix0638,29,4,0,-4,-1,13.20
fold2_room1_mix0638,30,0,0,177,0,254.70
fold2_room1_mix0638,30,4,0,-3,-1,13.83
fold2_room1_mix0638,31,0,0,177,0,261.99
fold2_room1_mix0638,31,4,0,-3,-1,12.83
fold2_room1_mix0638,32,0,0,178,0,305.24
fold2_room1_mix0638,32,4,0,-4,0,14.44
fold2_room1_mix0638,33,0,0,179,0,179.83
fold2_room1_mix0638,33,4,0,-2,-1,13.84
fold2_room1_mix0638,34,0,0,178,0,280.28
fold2_room1_mix0638,34,4,0,-1,-1,12.92
fold2_room1_mix0638,35,0,0,-178,0,182.96
fold2_room1_mix0638,35,4,0,-2,0,14.47
fold2_room1_mix0638,36,0,0,-179,0,179.27
fold2_room1_mix0638,36,4,0,-3,-1,12.40
fold2_room1_mix0638,37,0,0,178,0,240.98
fold2_room1_mix0638,37,4,0,-3,-1,11.38
fold2_room1_mix0638,38,0,0,-176,0,151.56
fold2_room1_mix0638,38,0,0,4,0,368.04
fold2_room1_mix0638,38,4,0,-3,-1,12.53
fold2_room1_mix0638,39,0,0,178,0,262.64
fold2_room1_mix0638,39,4,0,-4,-1,11.24
fold2_room1_mix0638,40,0,0,178,0,261.73
fold2_room1_mix0638,40,4,0,-5,-2,11.30
fold2_room1_mix0638,41,0,0,-178,0,174.31
fold2_room1_mix0638,41,4,0,-4,-2,10.67
fold2_room1_mix0638,42,0,0,178,0,307.80
fold2_room1_mix0638,42,4,0,-4,-1,10.50
fold2_room1_mix0638,43,0,0,-178,0,203.43
fold2_room1_mix0638,43,4,0,-5,-1,10.48
fold2_room1_mix0638,44,0,0,-178,0,164.40
fold2_room1_mix0638,44,0,0,6,0,470.27
fold2_room1_mix0638,44,4,0,-3,-1,10.43
fold2_room1_mix0638,45,0,0,-178,0,126.64
fold2_room1_mix0638,45,0,0,3,0,491.68
fold2_room1_mix0638,45,4,0,-3,-1,11.09
fold2_room1_mix0638,46,0,0,-178,0,144.18
fold2_room1_mix0638,46,0,0,2,0,485.97
fold2_room1_mix0638,46,4,0,-3,-1,11.28
fold2_room1_mix0638,47,0,0,-178,0,118.66
fold2_room1_mix0638,47,0,0,5,0,455.71
fold2_room1_mix0638,47,4,0,-3,-2,9.99
fold2_room1_mix0638,48,0,0,-178,0,112.79
fold2_room1_mix0638,48,0,0,4,0,402.95
fold2_room1_mix0638,48,4,0,-5,-2,8.74
fold2_room1_mix0638,49,0,0,-177,0,163.91
fold2_room1_mix0638,49,4,0,-5,-2,8.06
fold2_room1_mix0638,50,0,0,-177,0,110.82
fold2_room1_mix0638,50,0,0,4,0,390.64
fold2_room1_mix0638,50,4,0,-5,-3,7.79
fold2_room1_mix0638,51,0,0,-176,0,103.09
fold2_room1_mix0638,51,0,0,3,0,342.86
fold2_room1_mix0638,51,4,0,-6,-3,7.75
fold2_room1_mix0638,52,0,0,-177,0,131.02
fold2_room1_mix0638,52,0,0,3,0,389.67
fold2_room1_mix0638,52,4,0,-4,-3,6.83
fold2_room1_mix0638,53,0,0,-178,0,120.32
fold2_room1_mix0638,53,0,0,5,0,370.66
fold2_room1_mix0638,53,4,0,-4,-3,7.00
fold2_room1_mix0638,54,0,0,-178,0,94.97
fold2_room1_mix0638,54,0,0,2,0,376.14
fold2_room1_mix0638,54,4,0,-4,-3,6.80
fold2_room1_mix0638,55,0,0,-178,0,141.91
fold2_room1_mix0638,55,4,0,-5,-3,6.60
fold2_room1_mix0638,56,0,0,-178,0,92.05
fold2_room1_mix0638,56,0,0,3,0,403.15
fold2_room1_mix0638,56,4,0,-5,-3,7.09
fold2_room1_mix0638,57,0,0,-179,0,78.41
fold2_room1_mix0638,57,0,0,1,0,421.56
fold2_room1_mix0638,57,4,0,-6,-4,6.57
fold2_room1_mix0638,58,0,0,-177,0,105.86
fold2_room1_mix0638,58,0,0,3,0,382.85
fold2_room1_mix0638,58,4,0,-5,-4,6.24
fold2_room1_mix0638,59,0,0,-177,0,96.69
fold2_room1_mix0638,59,0,0,2,0,392.71
fold2_room1_mix0638,59,4,0,-7,-5,5.62
fold2_room1_mix0638,60,0,0,-178,0,100.73
fold2_room1_mix0638,60,0,0,4,0,377.74
fold2_room1_mix0638,60,4,0,-8,-5,5.15
fold2_room1_mix0638,61,0,0,-178,0,97.96
fold2_room1_mix0638,61,0,0,3,0,340.57
fold2_room1_mix0638,61,4,0,-8,-7,4.79
fold2_room1_mix0638,62,0,0,-176,0,99.14
fold2_room1_mix0638,62,0,0,2,0,308.72
fold2_room1_mix0638,62,4,0,-8,-6,5.03
fold2_room1_mix0638,63,0,0,-177,0,95.34
fold2_room1_mix0638,63,0,0,3,0,340.77
fold2_room1_mix0638,63,4,0,-8,-6,4.70
fold2_room1_mix0638,64,0,0,-178,0,82.69
fold2_room1_mix0638,64,0,0,2,0,348.66
fold2_room1_mix0638,64,4,0,-9,-7,4.09
fold2_room1_mix0638,65,0,0,-178,0,102.32
fold2_room1_mix0638,65,0,0,3,0,357.34
fold2_room1_mix0638,65,4,0,-9,-8,3.85
fold2_room1_mix0638,66,0,0,-179,0,107.22
fold2_room1_mix0638,66,0,0,6,0,370.94
fold2_room1_mix0638,66,4,0,-10,-8,3.72
fold2_room1_mix0638,67,0,0,179,0,90.27
fold2_room1_mix0638,67,0,0,3,0,400.65
fold2_room1_mix0638,67,4,0,-12,-10,3.32
fold2_room1_mix0638,68,0,0,179,0,110.94
fold2_room1_mix0638,68,0,0,5,0,416.23
fold2_room1_mix0638,68,4,0,-13,-10,3.24
fold2_room1_mix0638,69,0,0,179,0,88.26
fold2_room1_mix0638,69,0,0,2,0,368.18
fold2_room1_mix0638,69,4,0,-17,-11,3.06
fold2_room1_mix0638,70,0,0,179,0,81.59
fold2_room1_mix0638,70,0,0,2,0,382.55
fold2_room1_mix0638,70,4,0,-20,-14,2.72
fold2_room1_mix0638,71,0,0,179,0,109.78
fold2_room1_mix0638,71,0,0,5,0,382.82
fold2_room1_mix0638,71,4,0,-20,-15,2.47
fold2_room1_mix0638,72,0,0,-179,0,98.25
fold2_room1_mix0638,72,0,0,2,0,345.40
fold2_room1_mix0638,72,4,0,-26,-19,2.21
fold2_room1_mix0638,73,0,0,-179,0,82.08
fold2_room1_mix0638,73,0,0,2,0,344.93
fold2_room1_mix0638,73,4,0,-33,-24,1.43
fold2_room1_mix0638,73,4,0,-14,-17,3.52
fold2_room1_mix0638,74,0,0,178,0,103.83
fold2_room1_mix0638,74,0,0,3,0,388.53
fold2_room1_mix0638,74,4,0,-42,-26,1.20
fold2_room1_mix0638,74,4,0,-11,-17,4.15
fold2_room1_mix0638,75,0,0,177,0,79.19
fold2_room1_mix0638,75,0,0,0,0,388.00
fold2_room1_mix0638,75,4,0,-49,-31,1.10
fold2_room1_mix0638,75,4,0,-15,-20,3.57
fold2_room1_mix0638,76,0,0,177,0,76.75
fold2_room1_mix0638,76,0,0,1,0,407.19
fold2_room1_mix0638,76,4,0,-74,-35,1.02
fold2_room1_mix0638,76,4,0,-15,-22,4.48
fold2_room1_mix0638,77,0,0,176,0,82.71
fold2_room1_mix0638,77,0,0,1,0,397.16
fold2_room1_mix0638,77,4,0,-93,-37,1.01
fold2_room1_mix0638,77,4,0,-5,-20,5.64
fold2_room1_mix0638,78,0,0,177,0,79.02
fold2_room1_mix0638,78,0,0,1,0,369.14
fold2_room1_mix0638,78,4,0,-112,-38,1.23
fold2_room1_mix0638,78,4,0,-4,-19,5.71
fold2_room1_mix0638,79,0,0,176,0,76.09
fold2_room1_mix0638,79,0,0,1,0,369.00
fold2_room1_mix0638,79,4,0,-126,-36,1.34
fold2_room1_mix0638,79,4,0,-7,-19,5.35
fold2_room1_mix0638,80,0,0,177,0,79.98
fold2_room1_mix0638,80,0,0,2,0,397.11
fold2_room1_mix0638,80,4,0,-143,-26,1.52
fold2_room1_mix0638,80,4,0,-12,-15,5.14
fold2_room1_mix0638,81,0,0,177,0,75.11
fold2_room1_mix0638,81,0,0,0,0,371.95
fold2_room1_mix0638,81,4,0,-56,-37,2.09
fold2_room1_mix0638,81,4,0,-149,-19,1.80
fold2_room1_mix0638,81,4,0,-13,-12,5.09
fold2_room1_mix0638,82,0,0,178,0,77.66
fold2_room1_mix0638,82,0,0,2,0,391.25
fold2_room1_mix0638,82,4,0,-24,-14,2.93
fold2_room1_mix0638,82,4,0,-21,-11,3.72
fold2_room1_mix0638,83,0,0,177,0,67.38
fold2_room1_mix0638,83,0,0,0,0,363.01
fold2_room1_mix0638,83,4,0,-33,-14,2.52
fold2_room1_mix0638,83,4,0,-27,-12,3.22
fold2_room1_mix0638,84,0,0,178,0,81.54
fold2_room1_mix0638,84,0,0,0,0,372.77
fold2_room1_mix0638,84,4,0,-46,-19,1.73
fold2_room1_mix0638,84,4,0,-157,-14,2.21
fold2_room1_mix0638,84,4,0,-21,-11,3.83
fold2_room1_mix0638,85,0,0,179,0,66.25
fold2_room1_mix0638,85,0,0,0,0,311.77
fold2_room1_mix0638,85,4,0,-96,-21,1.40
fold2_room1_mix0638,85,4,0,-171,-13,3.00
fold2_room1_mix0638,85,4,0,-36,-14,3.46
fold2_room1_mix0638,86,0,0,178,0,67.37
fold2_room1_mix0638,86,0,0,0,0,351.89
fold2_room1_mix0638,86,4,0,-128,-19,1.47
fold2_room1_mix0638,86,4,0,-178,-12,2.91
fold2_room1_mix0638,86,4,0,-67,-19,3.34
fold2_room1_mix0638,87,0,0,175,0,70.90
fold2_room1_mix0638,87,0,0,-1,0,364.93
fold2_room1_mix0638,87,4,0,-133,-18,1.53
fold2_room1_mix0638,87,4,0,-171,-13,2.52
fold2_room1_mix0638,88,0,0,174,0,55.75
fold2_room1_mix0638,88,0,0,-1,0,342.16
fold2_room1_mix0638,88,4,0,-172,-12,2.10
fold2_room1_mix0638,88,4,0,-150,-14,2.89
fold2_room1_mix0638,89,0,0,173,0,61.69
fold2_room1_mix0638,89,0,0,-1,0,408.88
fold2_room1_mix0638,89,4,0,-171,-13,1.96
fold2_room1_mix0638,90,0,0,173,0,79.89
fold2_room1_mix0638,90,0,0,0,0,425.32
fold2_room1_mix0638,90,4,0,-171,-10,2.64
fold2_room1_mix0638,91,0,0,176,0,85.75
fold2_room1_mix0638,91,0,0,0,0,380.40
fold2_room1_mix0638,91,4,0,-166,-8,3.21
fold2_room1_mix0638,92,0,0,176,0,94.93
fold2_room1_mix0638,92,0,0,1,0,432.09
fold2_room1_mix0638,92,4,0,-167,-7,3.24
fold2_room1_mix0638,93,0,0,176,0,85.51
fold2_room1_mix0638,93,0,0,1,0,373.94
fold2_room1_mix0638,93,4,0,-165,-7,3.80
fold2_room1_mix0638,94,0,0,177,0,78.60
fold2_room1_mix0638,94,0,0,0,0,346.97
fold2_room1_mix0638,94,4,0,-169,-6,4.40
fold2_room1_mix0638,95,0,0,177,0,76.86
fold2_room1_mix0638,95,0,0,2,0,307.58
fold2_room1_mix0638,95,4,0,-172,-5,5.07
fold2_room1_mix0638,95,4,0,14,-6,9.07
fold2_room1_mix0638,96,0,0,176,0,72.68
fold2_room1_mix0638,96,0,0,1,0,275.91
fold2_room1_mix0638,96,4,0,-172,-5,5.70
fold2_room1_mix0638,97,0,0,177,0,89.47
fold2_room1_mix0638,97,0,0,1,0,316.44
fold2_room1_mix0638,97,4,0,-170,-4,6.13
fold2_room1_mix0638,98,0,0,176,0,81.27
fold2_room1_mix0638,98,0,0,3,0,301.04
fold2_room1_mix0638,98,4,0,-174,-4,6.95
fold2_room1_mix0638,99,0,0,175,0,80.30
fold2_room1_mix0638,99,0,0,0,0,328.81
fold2_room1_mix0638,99,4,0,-176,-3,8.32
fold2_room1_mix0652,1,4,0,179,2,2.89
fold2_room1_mix0652,3,4,0,179,2,4.06
fold2_room1_mix0652,4,4,0,178,0,21.88
fold2_room1_mix0652,5,4,0,179,0,22.71
fold2_room1_mix0652,6,4,0,178,0,25.25
fold2_room1_mix0652,7,4,0,178,0,39.14
fold2_room1_mix0652,8,4,0,179,0,39.10
fold2_room1_mix0652,9,4,0,179,0,39.35
fold2_room1_mix0652,10,4,0,179,0,38.98
fold2_room1_mix0652,11,4,0,178,0,40.49
fold2_room1_mix0652,12,4,0,179,0,40.02
fold2_room1_mix0652,13,4,0,178,0,40.88
fold2_room1_mix0652,14,4,0,177,0,38.57
fold2_room1_mix0652,15,4,0,177,0,36.40
fold2_room1_mix0652,16,4,0,177,0,35.85
fold2_room1_mix0652,17,4,0,177,0,35.18
fold2_room1_mix0652,18,4,0,177,0,31.53
fold2_room1_mix0652,19,4,0,176,0,30.53
fold2_room1_mix0652,20,4,0,177,0,32.22
fold2_room1_mix0652,21,4,0,177,0,30.37
fold2_room1_mix0652,22,4,0,177,0,28.72
fold2_room1_mix0652,23,4,0,177,0,27.60
fold2_room1_mix0652,24,4,0,177,0,25.32
fold2_room1_mix0652,25,4,0,177,0,24.94
fold2_room1_mix0652,26,4,0,176,0,24.21
fold2_room1_mix0652,27,4,0,176,0,22.86
fold2_room1_mix0652,28,4,0,176,0,23.08
fold2_room1_mix0652,29,4,0,176,0,22.47
fold2_room1_mix0652,30,4,0,176,0,21.50
fold2_room1_mix0652,31,4,0,176,0,20.86
fold2_room1_mix0652,32,4,0,176,0,19.82
fold2_room1_mix0652,33,4,0,176,0,19.28
fold2_room1_mix0652,34,4,0,176,-1,18.48
fold2_room1_mix0652,35,4,0,176,-1,18.07
fold2_room1_mix0652,36,4,0,176,-1,17.58
fold2_room1_mix0652,37,4,0,177,-1,16.84
fold2_room1_mix0652,38,4,0,177,-1,16.41
fold2_room1_mix0652,39,4,0,177,-1,15.39
fold2_room1_mix0652,40,4,0,176,-1,14.32
fold2_room1_mix0652,41,4,0,177,-2,13.82
fold2_room1_mix0652,42,4,0,177,-2,13.07
fold2_room1_mix0652,43,4,0,176,-2,12.05
fold2_room1_mix0652,44,4,0,176,-2,11.76
fold2_room1_mix0652,45,4,0,175,-3,10.95
fold2_room1_mix0652,46,4,0,175,-3,10.41
fold2_room1_mix0652,47,4,0,176,-3,9.61
fold2_room1_mix0652,48,4,0,177,-4,9.26
fold2_room1_mix0652,49,4,0,177,-4,9.03
fold2_room1_mix0652,50,4,0,178,-5,8.30
fold2_room1_mix0652,51,4,0,172,-4,9.02
fold2_room1_mix0652,51,4,0,-154,-11,2.62
fold2_room1_mix0652,52,4,0,168,-4,9.47
fold2_room1_mix0652,52,4,0,-135,-11,2.23
fold2_room1_mix0652,53,4,0,165,-5,9.92
fold2_room1_mix0652,53,4,0,-116,-17,1.12
fold2_room1_mix0652,54,4,0,160,-5,10.04
fold2_room1_mix0652,54,4,0,-79,-18,1.14
fold2_room1_mix0652,55,4,0,139,-9,5.52
fold2_room1_mix0652,55,4,0,163,-5,8.13
fold2_room1_mix0652,55,4,0,-52,-15,1.34
fold2_room1_mix0652,56,4,0,123,-13,2.87
fold2_room1_mix0652,56,4,0,156,-5,7.89
fold2_room1_mix0652,56,4,0,-38,-12,1.92
fold2_room1_mix0652,57,4,0,112,-13,2.55
fold2_room1_mix0652,57,4,0,144,-9,5.80
fold2_room1_mix0652,57,4,0,-33,-10,2.39
fold2_room1_mix0652,58,4,0,109,-13,2.95
fold2_room1_mix0652,58,4,0,137,-7,7.11
fold2_room1_mix0652,58,4,0,-24,-9,2.89
fold2_room1_mix0652,59,4,0,88,-14,3.48
fold2_room1_mix0652,59,4,0,106,-11,4.66
fold2_room1_mix0652,59,4,0,-13,-8,3.46
fold2_room1_mix0652,60,4,0,37,-9,4.65
fold2_room1_mix0652,60,4,0,72,-10,4.30
fold2_room1_mix0652,60,4,0,-11,-7,4.25
fold2_room1_mix0652,61,4,0,20,-7,5.34
fold2_room1_mix0652,61,4,0,54,-9,4.76
fold2_room1_mix0652,61,4,0,-10,-5,5.69
fold2_room1_mix0652,62,4,0,12,-6,5.57
fold2_room1_mix0652,62,4,0,44,-8,5.82
fold2_room1_mix0652,62,4,0,-7,-5,6.22
fold2_room1_mix0652,63,4,0,9,-5,5.80
fold2_room1_mix0652,63,4,0,33,-5,5.80
fold2_room1_mix0652,63,4,0,-10,-4,6.43
fold2_room1_mix0652,64,4,0,15,-5,6.30
fold2_room1_mix0652,64,4,0,-9,-3,7.62
fold2_room1_mix0652,65,4,0,7,-4,7.19
fold2_room1_mix0652,66,4,0,4,-3,8.05
fold2_room1_mix0652,66,4,0,-1,-3,8.81
fold2_room1_mix0652,67,4,0,2,-2,9.49
fold2_room1_mix0652,67,4,0,-1,-2,10.02
fold2_room1_mix0652,68,4,0,1,-2,10.11
fold2_room1_mix0652,68,4,0,-2,-2,10.36
fold2_room1_mix0652,69,4,0,0,-2,10.55
fold2_room1_mix0652,69,4,0,-2,-2,10.75
fold2_room1_mix0652,70,4,0,0,-2,11.30
fold2_room1_mix0652,70,4,0,-1,-2,11.55
fold2_room1_mix0652,71,4,0,4,-2,11.24
fold2_room1_mix0652,72,4,0,3,-2,12.27
fold2_room1_mix0652,73,4,0,3,-2,12.72
fold2_room1_mix0652,74,4,0,3,-1,13.52
fold2_room1_mix0652,75,4,0,3,-1,13.83
fold2_room1_mix0652,76,4,0,3,-1,14.56
fold2_room1_mix0652,77,4,0,3,-1,15.10
fold2_room1_mix0652,78,4,0,3,-1,16.13
fold2_room1_mix0652,79,4,0,3,-1,16.24
fold2_room1_mix0652,80,4,0,4,-1,16.76
fold2_room1_mix0652,81,4,0,3,-1,17.54
fold2_room1_mix0652,82,4,0,3,-1,18.45
fold2_room1_mix0652,83,4,0,3,-1,18.85
fold2_room1_mix0652,84,4,0,3,-1,19.37
fold2_room1_mix0652,85,4,0,3,-1,20.24
fold2_room1_mix0652,86,4,0,3,-1,21.29
fold2_room1_mix0652,87,4,0,3,-1,21.61
fold2_room1_mix0652,88,4,0,2,-1,21.92
fold2_room1_mix0652,89,4,0,2,-1,22.66
fold2_room1_mix0652,90,4,0,2,-1,23.34
fold2_room1_mix0652,91,4,0,2,-1,24.15
fold2_room1_mix0652,92,4,0,2,-1,24.49
fold2_room1_mix0652,93,4,0,2,0,24.67
fold2_room1_mix0652,94,4,0,1,0,26.48
fold2_room1_mix0652,95,4,0,2,0,26.98
fold2_room1_mix0652,96,4,0,1,0,26.95
fold2_room1_mix0652,97,4,0,1,0,28.66
fold2_room1_mix0652,98,4,0,1,0,30.40
fold2_room1_mix0652,99,4,0,1,0,28.78
fold2_room1_mix0657,1,4,0,40,0,3.66
fold2_room1_mix0657,2,4,0,43,0,8.91
fold2_room1_mix0657,3,4,0,46,-1,12.05
fold2_room1_mix0657,4,4,0,39,-1,12.12
fold2_room1_mix0657,5,4,0,44,-1,14.24
fold2_room1_mix0657,6,4,0,43,-1,19.46
fold2_room1_mix0657,7,4,0,45,-1,18.39
fold2_room1_mix0657,8,4,0,44,-1,18.32
fold2_room1_mix0657,9,4,0,45,-1,17.77
fold2_room1_mix0657,10,4,0,45,-1,18.00
fold2_room1_mix0657,11,4,0,48,-1,17.42
fold2_room1_mix0657,12,4,0,47,-1,17.45
fold2_room1_mix0657,13,4,0,49,-1,17.12
fold2_room1_mix0657,14,4,0,48,-1,16.77
fold2_room1_mix0657,15,4,0,51,-1,16.93
fold2_room1_mix0657,16,4,0,53,-1,17.42
fold2_room1_mix0657,17,4,0,54,-1,16.08
fold2_room1_mix0657,18,4,0,54,-1,16.47
fold2_room1_mix0657,19,4,0,54,0,16.20
fold2_room1_mix0657,20,4,0,55,-1,16.00
fold2_room1_mix0657,21,4,0,54,0,16.17
fold2_room1_mix0657,22,4,0,54,-1,16.05
fold2_room1_mix0657,23,4,0,55,-1,15.85
fold2_room1_mix0657,24,4,0,55,-1,15.89
fold2_room1_mix0657,25,4,0,54,-1,15.57
fold2_room1_mix0657,26,4,0,54,-1,15.74
fold2_room1_mix0657,27,4,0,54,-1,15.51
fold2_room1_mix0657,28,4,0,56,-1,15.03
fold2_room1_mix0657,29,4,0,55,-1,14.99
fold2_room1_mix0657,30,4,0,55,-1,14.88
fold2_room1_mix0657,31,4,0,56,-1,14.63
fold2_room1_mix0657,32,4,0,56,-1,14.28
fold2_room1_mix0657,33,4,0,56,-1,14.33
fold2_room1_mix0657,34,4,0,57,-1,14.27
fold2_room1_mix0657,35,4,0,56,-1,14.01
fold2_room1_mix0657,36,4,0,57,-1,13.89
fold2_room1_mix0657,37,4,0,59,-1,13.89
fold2_room1_mix0657,38,4,0,60,-1,13.71
fold2_room1_mix0657,39,4,0,60,-1,13.69
fold2_room1_mix0657,40,4,0,59,-1,13.30
fold2_room1_mix0657,41,4,0,60,-1,13.37
fold2_room1_mix0657,42,4,0,62,-1,13.49
fold2_room1_mix0657,43,4,0,61,-1,13.19
fold2_room1_mix0657,44,4,0,62,-1,13.13
fold2_room1_mix0657,45,4,0,61,-1,13.08
fold2_room1_mix0657,46,4,0,61,-1,12.85
fold2_room1_mix0657,47,4,0,60,-1,12.84
fold2_room1_mix0657,48,4,0,62,-1,12.88
fold2_room1_mix0657,49,4,0,63,-1,12.93
fold2_room1_mix0657,50,4,0,64,-1,12.79
fold2_room1_mix0657,51,4,0,64,-1,12.74
fold2_room1_mix0657,52,4,0,65,-1,12.93
fold2_room1_mix0657,53,4,0,66,-1,13.01
fold2_room1_mix0657,54,4,0,66,-1,12.90
fold2_room1_mix0657,55,4,0,68,-1,12.82
fold2_room1_mix0657,56,4,0,69,-1,12.85
fold2_room1_mix0657,57,4,0,72,-1,13.00
fold2_room1_mix0657,58,4,0,71,-1,12.70
fold2_room1_mix0657,59,4,0,70,-1,12.41
fold2_room1_mix0657,60,4,0,72,-1,12.39
fold2_room1_mix0657,61,4,0,73,-1,12.32
fold2_room1_mix0657,62,4,0,74,-2,12.14
fold2_room1_mix0657,63,4,0,76,-2,11.84
fold2_room1_mix0657,64,4,0,80,-2,11.80
fold2_room1_mix0657,65,4,0,79,-2,12.04
fold2_room1_mix0657,66,4,0,79,-2,11.66
fold2_room1_mix0657,67,4,0,81,-2,11.68
fold2_room1_mix0657,68,4,0,81,-2,11.43
fold2_room1_mix0657,69,4,0,83,-2,11.57
fold2_room1_mix0657,70,4,0,85,-2,11.68
fold2_room1_mix0657,71,4,0,86,-2,11.36
fold2_room1_mix0657,72,4,0,86,-2,11.24
fold2_room1_mix0657,73,4,0,89,-2,11.43
fold2_room1_mix0657,74,4,0,88,-2,11.40
fold2_room1_mix0657,75,4,0,90,-2,10.99
fold2_room1_mix0657,76,4,0,91,-2,11.36
fold2_room1_mix0657,77,4,0,90,-2,11.19
fold2_room1_mix0657,78,4,0,91,-2,11.26
fold2_room1_mix0657,79,4,0,95,-2,11.23
fold2_room1_mix0657,80,4,0,93,-2,11.21
fold2_room1_mix0657,81,4,0,94,-2,11.20
fold2_room1_mix0657,82,4,0,97,-2,11.32
fold2_room1_mix0657,83,4,0,96,-2,10.95
fold2_room1_mix0657,84,4,0,98,-2,11.50
fold2_room1_mix0657,85,4,0,99,-2,11.68
fold2_room1_mix0657,86,4,0,100,-2,11.65
fold2_room1_mix0657,87,4,0,102,-2,11.64
fold2_room1_mix0657,88,4,0,102,-2,11.94
fold2_room1_mix0657,89,4,0,104,-2,11.78
fold2_room1_mix0657,90,4,0,105,-1,12.17
fold2_room1_mix0657,91,4,0,106,-2,11.93
fold2_room1_mix0657,92,4,0,107,-2,12.13
fold2_room1_mix0657,93,4,0,107,-1,12.28
fold2_room1_mix0657,94,4,0,109,-2,12.00
fold2_room1_mix0657,95,4,0,111,-2,11.89
fold2_room1_mix0657,96,4,0,109,-1,12.56
fold2_room1_mix0657,97,4,0,112,-2,12.42
fold2_room1_mix0657,98,4,0,117,-2,12.16
fold2_room1_mix0657,99,4,0,122,-2,11.95
fold2_room1_mix0660,1,4,0,177,1,2.91
fold2_room1_mix0660,2,4,0,-179,0,4.82
fold2_room1_mix0660,3,4,0,178,0,7.82
fold2_room1_mix0660,4,4,0,175,0,19.40
fold2_room1_mix0660,5,4,0,175,0,19.48
fold2_room1_mix0660,6,4,0,175,0,20.55
fold2_room1_mix0660,7,4,0,173,0,30.41
fold2_room1_mix0660,8,4,0,173,0,29.36
fold2_room1_mix0660,9,4,0,173,0,26.90
fold2_room1_mix0660,10,4,0,173,0,25.17
fold2_room1_mix0660,11,4,0,174,-1,24.41
fold2_room1_mix0660,12,4,0,173,-1,23.69
fold2_room1_mix0660,13,4,0,174,0,23.35
fold2_room1_mix0660,14,4,0,174,0,22.74
fold2_room1_mix0660,15,4,0,173,0,21.55
fold2_room1_mix0660,16,4,0,173,-1,21.03
fold2_room1_mix0660,17,4,0,173,-1,19.05
fold2_room1_mix0660,18,4,0,173,0,18.79
fold2_room1_mix0660,19,4,0,172,-1,18.08
fold2_room1_mix0660,20,4,0,172,-1,17.37
fold2_room1_mix0660,21,4,0,173,-1,16.53
fold2_room1_mix0660,22,4,0,172,-1,15.71
fold2_room1_mix0660,23,4,0,172,-1,13.81
fold2_room1_mix0660,24,4,0,171,-1,12.64
fold2_room1_mix0660,25,3,0,45,-2,6.80
fold2_room1_mix0660,25,4,0,170,-1,14.71
fold2_room1_mix0660,26,3,0,36,-3,10.04
fold2_room1_mix0660,26,4,0,170,-2,13.46
fold2_room1_mix0660,27,3,0,44,-3,8.50
fold2_room1_mix0660,27,4,0,170,-2,14.12
fold2_room1_mix0660,28,3,0,44,-3,7.94
fold2_room1_mix0660,28,4,0,170,-2,13.51
fold2_room1_mix0660,29,3,0,48,-3,8.97
fold2_room1_mix0660,29,4,0,169,-2,13.33
fold2_room1_mix0660,30,3,0,45,-3,7.94
fold2_room1_mix0660,30,4,0,170,-2,12.15
fold2_room1_mix0660,31,3,0,44,-3,7.93
fold2_room1_mix0660,31,4,0,169,-3,10.15
fold2_room1_mix0660,32,3,0,44,-3,8.52
fold2_room1_mix0660,32,4,0,168,-3,9.53
fold2_room1_mix0660,33,3,0,47,-3,8.05
fold2_room1_mix0660,33,4,0,169,-3,8.46
fold2_room1_mix0660,34,3,0,42,-3,8.86
fold2_room1_mix0660,34,4,0,166,-4,7.66
fold2_room1_mix0660,35,4,0,163,-5,6.57
fold2_room1_mix0660,36,4,0,153,-6,4.72
fold2_room1_mix0660,36,4,0,153,-7,4.26
fold2_room1_mix0660,37,4,0,146,-8,3.70
fold2_room1_mix0660,37,4,0,144,-9,3.30
fold2_room1_mix0660,38,4,0,136,-11,2.55
fold2_room1_mix0660,38,4,0,133,-12,2.30
fold2_room1_mix0660,39,4,0,128,-11,2.75
fold2_room1_mix0660,39,4,0,164,-3,10.31
fold2_room1_mix0660,39,4,0,111,-13,2.04
fold2_room1_mix0660,40,4,0,138,-9,4.48
fold2_room1_mix0660,40,4,0,175,-2,11.74
fold2_room1_mix0660,40,4,0,88,-15,1.37
fold2_room1_mix0660,41,4,0,167,-5,6.28
fold2_room1_mix0660,41,4,0,60,-13,1.46
fold2_room1_mix0660,42,4,0,166,-5,5.81
fold2_room1_mix0660,42,4,0,46,-10,2.06
fold2_room1_mix0660,43,4,0,165,-5,4.91
fold2_room1_mix0660,43,4,0,39,-8,2.61
fold2_room1_mix0660,44,3,0,75,-3,4.28
fold2_room1_mix0660,44,4,0,157,-6,4.51
fold2_room1_mix0660,44,4,0,36,-8,3.76
fold2_room1_mix0660,45,3,0,58,-3,7.55
fold2_room1_mix0660,45,4,0,159,-5,4.94
fold2_room1_mix0660,45,4,0,26,-7,4.59
fold2_room1_mix0660,46,3,0,75,-3,5.96
fold2_room1_mix0660,46,4,0,152,-6,4.00
fold2_room1_mix0660,46,4,0,18,-6,4.48
fold2_room1_mix0660,47,3,0,73,-2,6.24
fold2_room1_mix0660,47,4,0,148,-5,5.09
fold2_room1_mix0660,47,4,0,129,-8,3.36
fold2_room1_mix0660,47,4,0,14,-5,5.07
fold2_room1_mix0660,48,3,0,77,-3,6.17
fold2_room1_mix0660,48,4,0,113,-9,4.80
fold2_room1_mix0660,48,4,0,11,-4,6.33
fold2_room1_mix0660,49,3,0,94,-3,5.44
fold2_room1_mix0660,49,4,0,65,-9,3.93
fold2_room1_mix0660,49,4,0,7,-4,7.03
fold2_room1_mix0660,50,3,0,102,-3,4.95
fold2_room1_mix0660,50,4,0,14,-2,7.50
fold2_room1_mix0660,50,4,0,10,-3,7.09
fold2_room1_mix0660,51,3,0,109,-3,5.18
fold2_room1_mix0660,51,4,0,8,-1,9.20
fold2_room1_mix0660,51,4,0,7,-2,8.00
fold2_room1_mix0660,52,3,0,106,-3,5.55
fold2_room1_mix0660,52,4,0,7,-1,8.85
fold2_room1_mix0660,52,4,0,5,-2,8.04
fold2_room1_mix0660,53,3,0,107,-3,6.08
fold2_room1_mix0660,53,4,0,3,-1,9.99
fold2_room1_mix0660,53,4,0,4,-2,8.62
fold2_room1_mix0660,54,3,0,108,-3,5.30
fold2_room1_mix0660,54,4,0,1,0,10.65
fold2_room1_mix0660,54,4,0,2,-1,9.62
fold2_room1_mix0660,55,3,0,108,-3,5.88
fold2_room1_mix0660,55,4,0,8,-2,7.95
fold2_room1_mix0660,56,4,0,2,-1,11.00
fold2_room1_mix0660,56,4,0,3,-1,10.53
fold2_room1_mix0660,57,4,0,8,-2,9.49
fold2_room1_mix0660,58,4,0,7,-2,10.50
fold2_room1_mix0660,59,4,0,8,-2,11.28
fold2_room1_mix0660,60,4,0,8,-1,12.10
fold2_room1_mix0660,61,4,0,6,-1,12.48
fold2_room1_mix0660,62,4,0,7,-1,13.54
fold2_room1_mix0660,63,4,0,6,-1,14.04
fold2_room1_mix0660,64,4,0,6,-1,13.94
fold2_room1_mix0660,65,4,0,6,-1,14.86
fold2_room1_mix0660,66,4,0,5,-1,15.75
fold2_room1_mix0660,67,4,0,5,-1,16.39
fold2_room1_mix0660,68,4,0,5,-1,17.13
fold2_room1_mix0660,69,4,0,5,0,17.66
fold2_room1_mix0660,70,4,0,5,0,18.12
fold2_room1_mix0660,71,4,0,5,0,19.77
fold2_room1_mix0660,72,4,0,5,0,20.67
fold2_room1_mix0660,73,4,0,4,0,20.21
fold2_room1_mix0660,74,4,0,4,0,21.46
fold2_room1_mix0660,75,4,0,4,0,22.70
fold2_room1_mix0660,76,4,0,4,0,23.13
fold2_room1_mix0660,77,4,0,4,0,24.04
fold2_room1_mix0660,78,4,0,3,0,25.18
fold2_room1_mix0660,79,4,0,4,0,26.37
fold2_room1_mix0660,80,4,0,3,0,26.62
fold2_room1_mix0660,81,4,0,3,0,27.58
fold2_room1_mix0660,82,4,0,4,0,27.54
fold2_room1_mix0660,83,4,0,3,0,27.64
fold2_room1_mix0660,84,4,0,3,0,29.40
fold2_room1_mix0660,85,4,0,3,0,29.93
fold2_room1_mix0660,86,4,0,3,0,30.81
fold2_room1_mix0660,87,4,0,3,0,30.90
fold2_room1_mix0660,88,4,0,3,0,32.74
fold2_room1_mix0660,89,4,0,3,0,33.26
fold2_room1_mix0660,90,4,0,2,0,34.63
fold2_room1_mix0660,91,4,0,2,0,34.64
fold2_room1_mix0660,92,4,0,1,0,36.26
fold2_room1_mix0660,93,4,0,1,0,37.56
fold2_room1_mix0660,94,4,0,1,0,37.37
fold2_room1_mix0660,95,4,0,1,0,37.92
fold2_room1_mix0660,96,4,0,1,0,37.44
fold2_room1_mix0660,97,4,0,1,0,40.19
fold2_room1_mix0660,98,4,0,1,0,42.72
fold2_room1_mix0660,99,4,0,1,0,40.46
fold2_room1_mix0687,2,5,0,170,3,4.63
fold2_room1_mix0687,3,5,0,162,0,7.26
fold2_room1_mix0687,5,5,0,157,2,17.86
fold2_room1_mix0687,6,5,0,159,2,21.90
fold2_room1_mix0687,7,5,0,161,2,21.55
fold2_room1_mix0687,8,5,0,154,1,17.89
fold2_room1_mix0687,9,5,0,158,3,17.60
fold2_room1_mix0687,10,5,0,161,2,21.32
fold2_room1_mix0687,11,5,0,161,2,21.81
fold2_room1_mix0687,12,5,0,158,2,19.52
fold2_room1_mix0687,13,5,0,159,2,19.48
fold2_room1_mix0687,14,5,0,159,2,19.79
fold2_room1_mix0687,15,5,0,159,2,19.58
fold2_room1_mix0687,16,5,0,159,2,19.96
fold2_room1_mix0687,17,5,0,159,2,18.61
fold2_room1_mix0687,18,5,0,160,2,20.00
fold2_room1_mix0687,19,5,0,158,2,19.85
fold2_room1_mix0687,20,5,0,158,2,18.32
fold2_room1_mix0687,21,5,0,159,2,19.57
fold2_room1_mix0687,22,5,0,160,2,19.93
fold2_room1_mix0687,23,5,0,159,3,17.17
fold2_room1_mix0687,24,5,0,157,2,18.68
fold2_room1_mix0687,25,5,0,158,2,17.82
fold2_room1_mix0687,26,5,0,154,2,18.39
fold2_room1_mix0687,27,5,0,157,2,17.67
fold2_room1_mix0687,28,5,0,157,2,18.95
fold2_room1_mix0687,29,5,0,156,3,17.40
fold2_room1_mix0687,30,5,0,156,3,16.85
fold2_room1_mix0687,31,5,0,153,3,15.41
fold2_room1_mix0687,32,5,0,157,2,17.80
fold2_room1_mix0687,33,5,0,155,3,15.25
fold2_room1_mix0687,34,5,0,154,3,16.25
fold2_room1_mix0687,35,5,0,157,3,16.27
fold2_room1_mix0687,36,5,0,155,3,15.92
fold2_room1_mix0687,37,5,0,156,3,16.46
fold2_room1_mix0687,38,5,0,153,3,14.30
fold2_room1_mix0687,39,5,0,152,3,14.93
fold2_room1_mix0687,40,5,0,152,3,14.83
fold2_room1_mix0687,41,5,0,154,3,14.23
fold2_room1_mix0687,42,5,0,151,3,15.36
fold2_room1_mix0687,43,5,0,154,4,14.39
fold2_room1_mix0687,44,5,0,152,4,13.42
fold2_room1_mix0687,45,5,0,150,4,12.54
fold2_room1_mix0687,46,5,0,153,3,14.25
fold2_room1_mix0687,47,5,0,146,4,12.75
fold2_room1_mix0687,48,5,0,145,4,11.29
fold2_room1_mix0687,49,4,0,158,-1,6.28
fold2_room1_mix0687,49,5,0,149,4,12.45
fold2_room1_mix0687,50,5,0,147,4,11.76
fold2_room1_mix0687,51,4,0,164,-1,13.71
fold2_room1_mix0687,51,5,0,145,4,11.66
fold2_room1_mix0687,52,4,0,164,0,14.29
fold2_room1_mix0687,52,5,0,147,5,10.60
fold2_room1_mix0687,53,4,0,164,-1,17.80
fold2_room1_mix0687,53,5,0,144,5,10.91
fold2_room1_mix0687,54,4,0,164,-1,15.94
fold2_room1_mix0687,54,5,0,145,5,10.69
fold2_room1_mix0687,55,4,0,161,-1,19.01
fold2_room1_mix0687,55,5,0,145,4,10.49
fold2_room1_mix0687,56,4,0,162,-1,19.82
fold2_room1_mix0687,56,5,0,145,5,10.56
fold2_room1_mix0687,57,4,0,157,-1,19.24
fold2_room1_mix0687,57,5,0,147,5,9.50
fold2_room1_mix0687,58,4,0,155,-1,18.56
fold2_room1_mix0687,58,5,0,142,5,8.46
fold2_room1_mix0687,59,4,0,153,-1,18.85
fold2_room1_mix0687,59,5,0,142,5,9.19
fold2_room1_mix0687,60,4,0,148,-1,18.91
fold2_room1_mix0687,60,5,0,148,5,8.80
fold2_room1_mix0687,61,4,0,145,-2,14.65
fold2_room1_mix0687,61,5,0,145,6,8.09
fold2_room1_mix0687,62,4,0,139,-1,15.72
fold2_room1_mix0687,62,5,0,138,6,8.02
fold2_room1_mix0687,63,4,0,136,-1,14.04
fold2_room1_mix0687,63,5,0,140,7,7.30
fold2_room1_mix0687,64,4,0,131,-2,10.89
fold2_room1_mix0687,64,5,0,139,7,7.26
fold2_room1_mix0687,65,4,0,123,-3,9.83
fold2_room1_mix0687,65,5,0,142,6,7.30
fold2_room1_mix0687,66,4,0,120,-3,9.42
fold2_room1_mix0687,66,5,0,135,7,6.48
fold2_room1_mix0687,67,4,0,113,-3,8.43
fold2_room1_mix0687,67,5,0,135,7,6.64
fold2_room1_mix0687,68,4,0,103,-4,7.72
fold2_room1_mix0687,68,5,0,133,7,6.30
fold2_room1_mix0687,69,4,0,94,-5,7.66
fold2_room1_mix0687,69,5,0,139,8,6.45
fold2_room1_mix0687,70,4,0,89,-5,7.32
fold2_room1_mix0687,70,5,0,137,7,6.86
fold2_room1_mix0687,71,4,0,81,-5,6.71
fold2_room1_mix0687,71,5,0,135,8,6.01
fold2_room1_mix0687,72,4,0,73,-4,7.71
fold2_room1_mix0687,72,5,0,134,7,6.49
fold2_room1_mix0687,73,4,0,66,-3,7.99
fold2_room1_mix0687,73,5,0,134,8,5.92
fold2_room1_mix0687,74,4,0,61,-3,8.34
fold2_room1_mix0687,74,5,0,132,8,5.73
fold2_room1_mix0687,75,4,0,55,-3,8.49
fold2_room1_mix0687,75,5,0,136,7,6.46
fold2_room1_mix0687,76,4,0,47,-3,9.45
fold2_room1_mix0687,76,5,0,133,8,5.95
fold2_room1_mix0687,77,4,0,44,-2,10.24
fold2_room1_mix0687,77,5,0,132,9,5.15
fold2_room1_mix0687,78,4,0,35,-2,10.82
fold2_room1_mix0687,78,5,0,133,7,6.72
fold2_room1_mix0687,79,4,0,34,-1,12.87
fold2_room1_mix0687,79,5,0,133,7,6.63
fold2_room1_mix0687,80,4,0,33,-2,12.24
fold2_room1_mix0687,80,5,0,130,8,5.78
fold2_room1_mix0687,81,4,0,26,-1,13.56
fold2_room1_mix0687,81,5,0,133,7,6.69
fold2_room1_mix0687,82,4,0,27,-1,14.64
fold2_room1_mix0687,82,5,0,133,7,6.87
fold2_room1_mix0687,83,4,0,26,-1,16.37
fold2_room1_mix0687,83,5,0,130,8,6.17
fold2_room1_mix0687,84,4,0,22,-1,16.60
fold2_room1_mix0687,84,5,0,130,8,6.72
fold2_room1_mix0687,85,4,0,24,-1,17.54
fold2_room1_mix0687,85,5,0,128,8,6.07
fold2_room1_mix0687,86,4,0,23,-1,18.80
fold2_room1_mix0687,86,5,0,128,7,7.10
fold2_room1_mix0687,87,4,0,23,-1,17.30
fold2_room1_mix0687,87,5,0,128,8,6.68
fold2_room1_mix0687,88,4,0,25,0,19.41
fold2_room1_mix0687,88,5,0,126,8,6.35
fold2_room1_mix0687,89,4,0,19,-1,16.12
fold2_room1_mix0687,89,5,0,126,8,7.15
fold2_room1_mix0687,90,4,0,20,0,20.97
fold2_room1_mix0687,90,5,0,125,8,6.43
fold2_room1_mix0687,91,4,0,25,0,21.83
fold2_room1_mix0687,91,5,0,126,8,6.05
fold2_room1_mix0687,92,4,0,24,0,19.12
fold2_room1_mix0687,92,5,0,125,8,7.37
fold2_room1_mix0687,93,4,0,28,0,13.08
fold2_room1_mix0687,93,5,0,124,8,6.44
fold2_room1_mix0687,94,4,0,29,-1,17.52
fold2_room1_mix0687,94,5,0,123,8,6.75
fold2_room1_mix0687,95,4,0,25,0,23.86
fold2_room1_mix0687,95,5,0,123,7,7.39
fold2_room1_mix0687,96,4,0,32,0,11.53
fold2_room1_mix0687,96,5,0,121,9,6.51
fold2_room1_mix0687,97,5,0,120,8,6.87
fold2_room1_mix0687,98,4,0,24,-1,17.16
fold2_room1_mix0687,98,5,0,120,8,7.16
fold2_room1_mix0687,99,4,0,24,0,11.53
fold2_room1_mix0687,99,5,0,117,8,6.62
fold2_room1_mix0707,0,0,0,-1,0,68.38
fold2_room1_mix0707,1,0,0,-1,0,90.23
fold2_room1_mix0707,2,0,0,-2,0,193.68
fold2_room1_mix0707,3,0,0,0,0,553.40
fold2_room1_mix0707,4,0,0,0,0,436.53
fold2_room1_mix0707,5,0,0,-1,0,524.16
fold2_room1_mix0707,6,0,0,0,0,630.79
fold2_room1_mix0707,7,0,0,-1,0,515.16
fold2_room1_mix0707,8,0,0,-1,0,598.17
fold2_room1_mix0707,9,0,0,0,0,587.88
fold2_room1_mix0707,10,0,0,-1,0,620.22
fold2_room1_mix0707,11,0,0,-1,0,547.79
fold2_room1_mix0707,12,0,0,-1,0,472.10
fold2_room1_mix0707,13,0,0,-1,0,473.47
fold2_room1_mix0707,14,0,0,-1,0,523.19
fold2_room1_mix0707,15,0,0,-2,0,499.99
fold2_room1_mix0707,16,0,0,-1,0,563.79
fold2_room1_mix0707,17,0,0,-1,0,545.97
fold2_room1_mix0707,18,0,0,-1,0,549.02
fold2_room1_mix0707,19,0,0,-1,0,589.81
fold2_room1_mix0707,20,0,0,-1,0,550.41
fold2_room1_mix0707,21,0,0,-1,0,559.06
fold2_room1_mix0707,22,0,0,-1,0,552.17
fold2_room1_mix0707,23,0,0,-1,0,496.63
fold2_room1_mix0707,24,0,0,-1,0,550.43
fold2_room1_mix0707,25,0,0,-1,0,518.10
fold2_room1_mix0707,26,0,0,-1,0,530.03
fold2_room1_mix0707,27,0,0,-1,0,549.76
fold2_room1_mix0707,28,0,0,-1,0,531.70
fold2_room1_mix0707,29,0,0,-1,0,618.92
fold2_room1_mix0707,30,0,0,-1,0,563.38
fold2_room1_mix0707,31,0,0,-1,0,590.31
fold2_room1_mix0707,32,0,0,-1,0,598.17
fold2_room1_mix0707,33,0,0,-1,0,590.06
fold2_room1_mix0707,34,0,0,-1,0,562.12
fold2_room1_mix0707,35,0,0,0,0,600.05
fold2_room1_mix0707,36,0,0,-1,0,607.17
fold2_room1_mix0707,37,0,0,-1,0,610.35
fold2_room1_mix0707,38,0,0,-1,0,557.00
fold2_room1_mix0707,38,1,0,-163,-1,13.27
fold2_room1_mix0707,39,0,0,-1,0,600.89
fold2_room1_mix0707,39,1,0,-155,-1,17.90
fold2_room1_mix0707,40,0,0,0,0,617.34
fold2_room1_mix0707,40,1,0,-141,-2,4.90
fold2_room1_mix0707,41,0,0,0,0,624.07
fold2_room1_mix0707,41,1,0,-142,-2,5.16
fold2_room1_mix0707,42,0,0,-1,0,638.89
fold2_room1_mix0707,43,0,0,0,0,640.57
fold2_room1_mix0707,44,0,0,0,0,612.92
fold2_room1_mix0707,45,0,0,-1,0,600.65
fold2_room1_mix0707,46,0,0,-1,0,600.47
fold2_room1_mix0707,47,0,0,-1,0,559.02
fold2_room1_mix0707,48,0,0,0,0,625.94
fold2_room1_mix0707,49,0,0,0,0,613.08
fold2_room1_mix0707,50,0,0,-1,0,588.80
fold2_room1_mix0707,51,0,0,-1,0,559.92
fold2_room1_mix0707,52,0,0,0,0,554.50
fold2_room1_mix0707,53,0,0,0,0,592.44
fold2_room1_mix0707,54,0,0,0,0,579.33
fold2_room1_mix0707,55,0,0,0,0,594.68
fold2_room1_mix0707,56,0,0,0,0,667.53
fold2_room1_mix0707,57,0,0,0,0,612.41
fold2_room1_mix0707,58,0,0,0,0,620.09
fold2_room1_mix0707,59,0,0,0,0,621.77
fold2_room1_mix0707,60,0,0,0,0,642.87
fold2_room1_mix0707,61,0,0,0,0,617.88
fold2_room1_mix0707,62,0,0,0,0,625.99
fold2_room1_mix0707,63,0,0,0,0,584.64
fold2_room1_mix0707,64,0,0,-1,0,615.62
fold2_room1_mix0707,65,0,0,-1,0,571.78
fold2_room1_mix0707,66,0,0,-1,0,583.26
fold2_room1_mix0707,67,0,0,0,0,593.01
fold2_room1_mix0707,68,0,0,-1,0,640.11
fold2_room1_mix0707,69,0,0,0,0,630.10
fold2_room1_mix0707,70,0,0,0,0,621.66
fold2_room1_mix0707,71,0,0,0,0,567.69
fold2_room1_mix0707,72,0,0,0,0,631.23
fold2_room1_mix0707,73,0,0,0,0,605.25
fold2_room1_mix0707,74,0,0,0,0,613.08
fold2_room1_mix0707,75,0,0,0,0,592.25
fold2_room1_mix0707,76,0,0,0,0,594.50
fold2_room1_mix0707,77,0,0,-1,0,522.57
fold2_room1_mix0707,78,0,0,0,0,543.26
fold2_room1_mix0707,79,0,0,0,0,560.24
fold2_room1_mix0707,80,0,0,0,0,566.10
fold2_room1_mix0707,81,0,0,0,0,550.73
fold2_room1_mix0707,82,0,0,0,0,627.03
fold2_room1_mix0707,83,0,0,0,0,619.92
fold2_room1_mix0707,84,0,0,0,0,566.45
fold2_room1_mix0707,85,0,0,-1,0,578.24
fold2_room1_mix0707,86,0,0,0,0,619.12
fold2_room1_mix0707,87,0,0,0,0,546.44
fold2_room1_mix0707,88,0,0,0,0,625.35
fold2_room1_mix0707,89,0,0,0,0,547.26
fold2_room1_mix0707,90,0,0,-1,0,565.38
fold2_room1_mix0707,91,0,0,0,0,565.84
fold2_room1_mix0707,92,0,0,0,0,553.36
fold2_room1_mix0707,93,0,0,0,0,548.92
fold2_room1_mix0707,94,0,0,0,0,552.55
fold2_room1_mix0707,95,0,0,0,0,573.16
fold2_room1_mix0707,96,0,0,0,0,597.18
fold2_room1_mix0707,97,0,0,0,0,559.29
fold2_room1_mix0707,98,0,0,0,0,568.92
fold2_room1_mix0707,99,0,0,0,0,570.22
fold2_room1_mix0717,1,4,0,-163,0,3.84
fold2_room1_mix0717,2,4,0,-156,1,3.21
fold2_room1_mix0717,3,4,0,-150,0,11.18
fold2_room1_mix0717,4,4,0,-151,0,15.37
fold2_room1_mix0717,5,4,0,-148,0,16.08
fold2_room1_mix0717,6,4,0,-148,0,24.39
fold2_room1_mix0717,7,4,0,-148,-1,24.70
fold2_room1_mix0717,8,4,0,-148,-1,24.41
fold2_room1_mix0717,9,4,0,-148,-1,22.06
fold2_room1_mix0717,10,4,0,-146,-1,21.12
fold2_room1_mix0717,11,4,0,-143,-1,20.46
fold2_room1_mix0717,12,4,0,-143,-1,20.31
fold2_room1_mix0717,13,4,0,-142,-1,19.62
fold2_room1_mix0717,14,4,0,-142,-1,19.38
fold2_room1_mix0717,15,4,0,-139,-1,19.12
fold2_room1_mix0717,16,4,0,-138,-1,18.81
fold2_room1_mix0717,17,4,0,-136,-1,18.29
fold2_room1_mix0717,18,4,0,-136,-1,18.30
fold2_room1_mix0717,19,4,0,-133,-1,18.15
fold2_room1_mix0717,20,4,0,-132,-1,17.53
fold2_room1_mix0717,21,4,0,-131,-1,17.39
fold2_room1_mix0717,22,4,0,-129,-1,16.82
fold2_room1_mix0717,23,4,0,-128,-1,16.39
fold2_room1_mix0717,24,4,0,-129,-1,16.19
fold2_room1_mix0717,25,4,0,-128,-1,15.72
fold2_room1_mix0717,26,4,0,-128,-1,15.78
fold2_room1_mix0717,27,4,0,-126,-2,14.71
fold2_room1_mix0717,28,4,0,-126,-1,14.97
fold2_room1_mix0717,29,4,0,-124,-1,14.57
fold2_room1_mix0717,30,4,0,-122,-1,14.26
fold2_room1_mix0717,31,4,0,-121,-1,13.45
fold2_room1_mix0717,32,4,0,-121,-1,13.70
fold2_room1_mix0717,33,4,0,-120,-2,13.51
fold2_room1_mix0717,34,4,0,-119,-1,13.43
fold2_room1_mix0717,35,4,0,-119,-2,13.49
fold2_room1_mix0717,36,4,0,-116,-2,13.68
fold2_room1_mix0717,37,4,0,-112,-2,13.77
fold2_room1_mix0717,38,4,0,-109,-2,13.55
fold2_room1_mix0717,39,4,0,-110,-2,13.20
fold2_room1_mix0717,39,4,0,-89,-2,15.41
fold2_room1_mix0717,40,4,0,-110,-2,13.47
fold2_room1_mix0717,40,4,0,-82,-2,16.20
fold2_room1_mix0717,41,4,0,-105,-2,13.49
fold2_room1_mix0717,41,4,0,-72,-2,16.65
fold2_room1_mix0717,42,4,0,-99,-1,13.15
fold2_room1_mix0717,42,4,0,-77,-2,15.94
fold2_room1_mix0717,43,4,0,-96,-2,12.89
fold2_room1_mix0717,43,4,0,-61,-1,17.70
fold2_room1_mix0717,44,4,0,-96,-1,13.05
fold2_room1_mix0717,44,4,0,-70,-1,16.07
fold2_room1_mix0717,45,4,0,-94,-1,12.74
fold2_room1_mix0717,45,4,0,-42,-1,19.65
fold2_room1_mix0717,46,4,0,-95,-2,12.47
fold2_room1_mix0717,46,4,0,-30,-1,20.60
fold2_room1_mix0717,47,4,0,-96,-2,12.43
fold2_room1_mix0717,47,4,0,-32,-1,20.05
fold2_room1_mix0717,48,4,0,-91,-1,12.71
fold2_room1_mix0717,48,4,0,-36,-1,18.77
fold2_room1_mix0717,49,4,0,-89,-1,12.76
fold2_room1_mix0717,49,4,0,-24,0,21.50
fold2_room1_mix0717,50,4,0,-83,-1,12.68
fold2_room1_mix0717,50,4,0,-25,0,20.47
fold2_room1_mix0717,51,4,0,-86,-1,12.70
fold2_room1_mix0717,51,4,0,-19,0,19.53
fold2_room1_mix0717,52,4,0,-76,-1,12.75
fold2_room1_mix0717,52,4,0,-29,-1,17.68
fold2_room1_mix0717,53,4,0,-73,-1,12.93
fold2_room1_mix0717,53,4,0,-25,-1,17.98
fold2_room1_mix0717,54,4,0,-69,-1,13.11
fold2_room1_mix0717,54,4,0,-33,-1,16.64
fold2_room1_mix0717,55,4,0,-64,-1,13.29
fold2_room1_mix0717,55,4,0,-42,-1,15.95
fold2_room1_mix0717,56,4,0,-62,-1,12.95
fold2_room1_mix0717,56,4,0,-39,-1,14.58
fold2_room1_mix0717,57,4,0,-64,-1,12.68
fold2_room1_mix0717,57,4,0,-21,-1,15.76
fold2_room1_mix0717,58,4,0,-59,-1,12.84
fold2_room1_mix0717,58,4,0,-19,-1,15.40
fold2_room1_mix0717,59,4,0,-58,-1,12.56
fold2_room1_mix0717,59,4,0,-14,-2,15.02
fold2_room1_mix0717,60,4,0,-54,-1,12.44
fold2_room1_mix0717,60,4,0,-14,-2,13.95
fold2_room1_mix0717,61,4,0,-54,-2,11.81
fold2_room1_mix0717,61,4,0,-11,-2,13.36
fold2_room1_mix0717,62,4,0,-50,-2,11.62
fold2_room1_mix0717,62,4,0,-16,-2,12.69
fold2_room1_mix0717,63,4,0,-38,-2,9.79
fold2_room1_mix0717,63,4,0,-59,-1,12.76
fold2_room1_mix0717,63,4,0,-14,-2,12.22
fold2_room1_mix0717,64,4,0,-35,-2,9.26
fold2_room1_mix0717,64,4,0,-58,-1,12.65
fold2_room1_mix0717,64,4,0,-15,-2,11.48
fold2_room1_mix0717,65,4,0,-36,-2,9.08
fold2_room1_mix0717,65,4,0,-58,-1,12.56
fold2_room1_mix0717,65,4,0,-17,-2,11.64
fold2_room1_mix0717,66,4,0,-38,-3,8.23
fold2_room1_mix0717,66,4,0,-56,-1,11.96
fold2_room1_mix0717,66,4,0,-20,-2,10.81
fold2_room1_mix0717,67,4,0,-36,-3,7.37
fold2_room1_mix0717,67,4,0,-29,-3,8.46
fold2_room1_mix0717,68,4,0,-41,-2,8.50
fold2_room1_mix0717,69,4,0,-42,-4,5.64
fold2_room1_mix0717,69,4,0,-37,-4,6.68
fold2_room1_mix0717,70,4,0,-51,-4,6.47
fold2_room1_mix0717,71,4,0,-58,-5,5.96
fold2_room1_mix0717,72,4,0,-78,-5,5.49
fold2_room1_mix0717,72,4,0,-60,-4,7.10
fold2_room1_mix0717,73,4,0,-92,-6,4.37
fold2_room1_mix0717,73,4,0,-34,0,14.93
fold2_room1_mix0717,74,4,0,-106,-6,4.16
fold2_room1_mix0717,74,4,0,-33,0,15.85
fold2_room1_mix0717,75,4,0,-124,-5,4.50
fold2_room1_mix0717,75,4,0,-33,0,15.11
fold2_room1_mix0717,76,4,0,-130,-5,4.72
fold2_room1_mix0717,76,4,0,-30,0,16.33
fold2_room1_mix0717,77,4,0,-139,-4,4.80
fold2_room1_mix0717,77,4,0,-30,0,15.39
fold2_room1_mix0717,78,4,0,-125,-3,7.36
fold2_room1_mix0717,78,4,0,-146,-5,3.82
fold2_room1_mix0717,78,4,0,-29,0,15.76
fold2_room1_mix0717,79,4,0,-146,-3,5.66
fold2_room1_mix0717,79,4,0,-31,0,15.70
fold2_room1_mix0717,80,4,0,-155,-3,5.80
fold2_room1_mix0717,80,4,0,-31,0,15.31
fold2_room1_mix0717,81,4,0,-158,-3,6.34
fold2_room1_mix0717,81,4,0,-31,0,16.27
fold2_room1_mix0717,82,4,0,-160,-3,7.31
fold2_room1_mix0717,82,4,0,-29,0,17.27
fold2_room1_mix0717,83,4,0,-162,-3,7.94
fold2_room1_mix0717,83,4,0,-31,0,16.75
fold2_room1_mix0717,84,4,0,-160,-2,8.82
fold2_room1_mix0717,84,4,0,-32,0,17.58
fold2_room1_mix0717,85,4,0,-165,-2,9.39
fold2_room1_mix0717,85,4,0,-33,0,17.77
fold2_room1_mix0717,86,4,0,-165,-2,10.67
fold2_room1_mix0717,86,4,0,-31,-1,18.41
fold2_room1_mix0717,87,4,0,-164,-1,12.00
fold2_room1_mix0717,87,4,0,-33,-1,19.55
fold2_room1_mix0717,88,4,0,-168,-1,12.38
fold2_room1_mix0717,88,4,0,-32,0,18.98
fold2_room1_mix0717,89,4,0,-167,-1,12.81
fold2_room1_mix0717,89,4,0,-31,-1,18.33
fold2_room1_mix0717,90,4,0,-169,-1,14.49
fold2_room1_mix0717,90,4,0,-31,0,19.01
fold2_room1_mix0717,91,4,0,-170,0,15.94
fold2_room1_mix0717,91,4,0,-31,0,19.30
fold2_room1_mix0717,92,4,0,-171,-1,16.33
fold2_room1_mix0717,92,4,0,-31,0,20.46
fold2_room1_mix0717,93,4,0,-172,0,17.84
fold2_room1_mix0717,93,4,0,-34,0,20.52
fold2_room1_mix0717,94,4,0,-172,0,18.38
fold2_room1_mix0717,94,4,0,-31,0,21.75
fold2_room1_mix0717,95,4,0,-174,0,19.15
fold2_room1_mix0717,95,4,0,-33,0,22.04
fold2_room1_mix0717,96,4,0,-173,0,20.46
fold2_room1_mix0717,96,4,0,-30,0,21.88
fold2_room1_mix0717,97,4,0,-173,0,21.04
fold2_room1_mix0717,97,4,0,-34,0,21.77
fold2_room1_mix0717,98,4,0,-175,0,23.31
fold2_room1_mix0717,98,4,0,-29,0,22.57
fold2_room1_mix0717,99,4,0,-174,0,22.52
fold2_room1_mix0717,99,4,0,-38,-1,21.83
fold2_room1_mix0743,1,4,0,-9,0,3.81
fold2_room1_mix0743,2,4,0,-6,0,3.85
fold2_room1_mix0743,2,5,0,-174,3,7.72
fold2_room1_mix0743,3,4,0,-11,0,12.27
fold2_room1_mix0743,3,5,0,179,3,4.42
fold2_room1_mix0743,4,4,0,-12,0,11.81
fold2_room1_mix0743,5,4,0,-10,0,12.30
fold2_room1_mix0743,5,5,0,-175,3,12.61
fold2_room1_mix0743,6,4,0,-12,0,14.41
fold2_room1_mix0743,6,5,0,-173,4,12.13
fold2_room1_mix0743,7,4,0,-11,-1,17.18
fold2_room1_mix0743,7,5,0,-176,3,12.23
fold2_room1_mix0743,8,4,0,-10,-1,16.45
fold2_room1_mix0743,8,5,0,-176,3,10.64
fold2_room1_mix0743,9,4,0,-11,-1,15.19
fold2_room1_mix0743,9,5,0,-177,4,11.43
fold2_room1_mix0743,10,4,0,-11,-1,14.14
fold2_room1_mix0743,10,5,0,-178,3,11.63
fold2_room1_mix0743,11,4,0,-12,-1,13.92
fold2_room1_mix0743,11,5,0,-178,4,11.24
fold2_room1_mix0743,12,4,0,-11,-1,13.35
fold2_room1_mix0743,12,5,0,-179,3,11.83
fold2_room1_mix0743,13,4,0,-13,-1,12.85
fold2_room1_mix0743,13,5,0,-177,4,10.84
fold2_room1_mix0743,14,4,0,-12,-1,12.97
fold2_room1_mix0743,14,5,0,-177,4,10.41
fold2_room1_mix0743,15,4,0,-11,-1,12.77
fold2_room1_mix0743,15,5,0,-179,4,11.91
fold2_room1_mix0743,16,4,0,-11,-1,12.24
fold2_room1_mix0743,16,5,0,179,5,9.87
fold2_room1_mix0743,17,4,0,-11,-1,12.17
fold2_room1_mix0743,17,5,0,-176,4,9.91
fold2_room1_mix0743,18,4,0,-12,-1,11.05
fold2_room1_mix0743,18,5,0,-179,4,10.53
fold2_room1_mix0743,19,4,0,-13,-2,11.51
fold2_room1_mix0743,19,5,0,176,5,9.61
fold2_room1_mix0743,20,4,0,-12,-1,11.76
fold2_room1_mix0743,20,5,0,-177,4,9.85
fold2_room1_mix0743,21,4,0,-14,-2,10.79
fold2_room1_mix0743,21,5,0,-178,5,9.13
fold2_room1_mix0743,22,4,0,-14,-2,10.12
fold2_room1_mix0743,22,5,0,177,5,9.13
fold2_room1_mix0743,23,4,0,-14,-1,9.94
fold2_room1_mix0743,23,5,0,-178,5,8.80
fold2_room1_mix0743,24,4,0,-15,-2,9.39
fold2_room1_mix0743,24,5,0,178,7,7.06
fold2_room1_mix0743,25,4,0,-14,-1,9.58
fold2_room1_mix0743,25,5,0,-173,7,6.93
fold2_room1_mix0743,26,4,0,-15,-2,9.23
fold2_room1_mix0743,26,5,0,-175,6,7.41
fold2_room1_mix0743,27,4,0,-15,-2,9.76
fold2_room1_mix0743,27,5,0,179,8,6.49
fold2_room1_mix0743,28,4,0,-15,-1,9.13
fold2_room1_mix0743,28,5,0,-174,6,7.59
fold2_room1_mix0743,29,4,0,-18,-2,9.02
fold2_room1_mix0743,29,5,0,-177,7,7.20
fold2_room1_mix0743,30,4,0,-17,-2,8.61
fold2_room1_mix0743,30,5,0,-179,8,6.42
fold2_room1_mix0743,31,4,0,-17,-2,8.40
fold2_room1_mix0743,31,5,0,-178,6,8.04
fold2_room1_mix0743,32,4,0,-18,-2,8.46
fold2_room1_mix0743,32,5,0,-176,7,6.78
fold2_room1_mix0743,33,4,0,-22,-2,8.24
fold2_room1_mix0743,33,5,0,-176,6,7.17
fold2_room1_mix0743,34,4,0,-21,-3,7.80
fold2_room1_mix0743,34,5,0,-177,7,7.24
fold2_room1_mix0743,35,4,0,-23,-3,7.95
fold2_room1_mix0743,35,5,0,-179,6,7.68
fold2_room1_mix0743,36,4,0,-26,-4,6.46
fold2_room1_mix0743,36,5,0,-179,6,8.18
fold2_room1_mix0743,37,4,0,-32,-5,6.31
fold2_room1_mix0743,37,5,0,178,6,7.09
fold2_room1_mix0743,38,4,0,-32,-7,2.94
fold2_room1_mix0743,38,4,0,-54,-3,7.65
fold2_room1_mix0743,38,4,0,-17,-3,8.09
fold2_room1_mix0743,38,5,0,-178,7,7.26
fold2_room1_mix0743,39,4,0,-37,-8,2.61
fold2_room1_mix0743,39,4,0,-52,-4,4.48
fold2_room1_mix0743,39,4,0,-18,-3,8.61
fold2_room1_mix0743,39,5,0,-177,6,7.86
fold2_room1_mix0743,40,4,0,-56,-6,3.00
fold2_room1_mix0743,40,4,0,-22,-2,7.76
fold2_room1_mix0743,40,5,0,-178,7,6.69
fold2_room1_mix0743,41,4,0,-69,-8,2.75
fold2_room1_mix0743,41,4,0,-25,-3,8.13
fold2_room1_mix0743,41,5,0,179,7,7.18
fold2_room1_mix0743,42,4,0,-87,-8,2.63
fold2_room1_mix0743,42,4,0,-32,-3,8.42
fold2_room1_mix0743,42,5,0,-179,7,8.02
fold2_room1_mix0743,43,4,0,-98,-8,2.69
fold2_room1_mix0743,43,4,0,-31,-2,10.73
fold2_room1_mix0743,43,5,0,-179,8,6.25
fold2_room1_mix0743,44,4,0,-115,-6,2.80
fold2_room1_mix0743,44,4,0,-21,-1,10.57
fold2_room1_mix0743,44,5,0,-178,7,7.04
fold2_room1_mix0743,45,4,0,-127,-5,3.57
fold2_room1_mix0743,45,4,0,-37,-3,9.78
fold2_room1_mix0743,45,5,0,-179,8,6.73
fold2_room1_mix0743,46,4,0,-139,-5,3.43
fold2_room1_mix0743,46,4,0,-45,-4,9.96
fold2_room1_mix0743,46,5,0,179,9,5.96
fold2_room1_mix0743,47,4,0,-144,-4,3.82
fold2_room1_mix0743,47,4,0,-28,-1,12.61
fold2_room1_mix0743,47,5,0,178,7,7.06
fold2_room1_mix0743,48,4,0,-146,-4,4.10
fold2_room1_mix0743,48,4,0,-22,-1,14.37
fold2_room1_mix0743,48,5,0,178,9,6.09
fold2_room1_mix0743,49,4,0,-150,-5,4.29
fold2_room1_mix0743,49,4,0,-25,-1,13.85
fold2_room1_mix0743,49,5,0,-178,9,5.90
fold2_room1_mix0743,50,4,0,-151,-4,4.83
fold2_room1_mix0743,50,4,0,-26,-1,11.94
fold2_room1_mix0743,50,5,0,-179,8,6.73
fold2_room1_mix0743,51,4,0,-151,-4,5.18
fold2_room1_mix0743,51,4,0,-23,0,13.81
fold2_room1_mix0743,51,5,0,-177,9,5.93
fold2_room1_mix0743,52,4,0,-156,-3,5.43
fold2_room1_mix0743,52,4,0,-30,-1,11.41
fold2_room1_mix0743,52,5,0,-176,8,6.42
fold2_room1_mix0743,53,4,0,-159,-3,5.55
fold2_room1_mix0743,53,4,0,-38,0,11.51
fold2_room1_mix0743,53,5,0,-177,10,5.23
fold2_room1_mix0743,54,4,0,-161,-3,6.39
fold2_room1_mix0743,54,4,0,-36,0,12.73
fold2_room1_mix0743,54,5,0,-176,10,5.11
fold2_room1_mix0743,55,4,0,-143,-1,9.13
fold2_room1_mix0743,55,4,0,-159,-4,4.76
fold2_room1_mix0743,55,4,0,-35,-1,11.16
fold2_room1_mix0743,55,5,0,-175,10,5.26
fold2_room1_mix0743,56,4,0,-148,0,9.51
fold2_room1_mix0743,56,4,0,-165,-3,5.79
fold2_room1_mix0743,56,4,0,-34,0,10.87
fold2_room1_mix0743,56,5,0,-179,13,4.15
fold2_room1_mix0743,57,4,0,-160,-2,6.97
fold2_room1_mix0743,57,4,0,-58,0,12.36
fold2_room1_mix0743,57,5,0,-174,11,4.67
fold2_room1_mix0743,58,4,0,-105,-1,11.10
fold2_room1_mix0743,58,4,0,-176,-2,7.90
fold2_room1_mix0743,58,4,0,-38,-2,10.19
fold2_room1_mix0743,58,5,0,179,16,3.41
fold2_room1_mix0743,59,4,0,-143,-1,9.38
fold2_room1_mix0743,59,4,0,-167,-2,7.08
fold2_room1_mix0743,59,4,0,-61,0,12.09
fold2_room1_mix0743,59,5,0,174,15,3.56
fold2_room1_mix0743,60,4,0,-127,0,11.66
fold2_room1_mix0743,60,4,0,-171,-2,8.47
fold2_room1_mix0743,60,4,0,-54,0,12.51
fold2_room1_mix0743,60,5,0,-179,12,4.68
fold2_room1_mix0743,61,4,0,-141,-1,10.99
fold2_room1_mix0743,61,4,0,-169,-2,8.68
fold2_room1_mix0743,61,4,0,-58,0,12.72
fold2_room1_mix0743,61,5,0,179,13,4.34
fold2_room1_mix0743,62,4,0,-140,-1,11.07
fold2_room1_mix0743,62,4,0,-173,-1,8.86
fold2_room1_mix0743,62,4,0,-57,0,12.18
fold2_room1_mix0743,62,5,0,173,19,3.11
fold2_room1_mix0743,63,4,0,-149,-1,11.06
fold2_room1_mix0743,63,4,0,-173,-1,10.04
fold2_room1_mix0743,63,4,0,-55,0,12.92
fold2_room1_mix0743,63,5,0,170,22,2.64
fold2_room1_mix0743,64,4,0,-156,-1,10.79
fold2_room1_mix0743,64,4,0,-172,-1,9.78
fold2_room1_mix0743,64,4,0,-59,0,12.89
fold2_room1_mix0743,64,5,0,170,26,2.30
fold2_room1_mix0743,65,4,0,-121,-1,11.67
fold2_room1_mix0743,65,4,0,-178,-1,10.37
fold2_room1_mix0743,65,4,0,-54,0,13.28
fold2_room1_mix0743,65,5,0,168,25,2.43
fold2_room1_mix0743,66,4,0,-133,-1,11.77
fold2_room1_mix0743,66,4,0,179,-1,11.49
fold2_room1_mix0743,66,4,0,-64,-1,12.76
fold2_room1_mix0743,66,5,0,164,27,2.29
fold2_room1_mix0743,67,4,0,-156,-1,12.14
fold2_room1_mix0743,67,4,0,-175,-1,11.68
fold2_room1_mix0743,67,4,0,-65,0,12.54
fold2_room1_mix0743,67,5,0,162,38,1.50
fold2_room1_mix0743,68,4,0,-140,-1,11.93
fold2_room1_mix0743,68,4,0,177,-1,11.07
fold2_room1_mix0743,68,4,0,-52,-1,13.17
fold2_room1_mix0743,68,5,0,168,43,1.30
fold2_room1_mix0743,69,4,0,-132,-1,12.16
fold2_room1_mix0743,69,4,0,175,-1,11.56
fold2_room1_mix0743,69,4,0,-56,-1,13.29
fold2_room1_mix0743,69,5,0,166,45,1.25
fold2_room1_mix0743,70,4,0,-130,-1,12.67
fold2_room1_mix0743,70,4,0,176,-1,12.02
fold2_room1_mix0743,70,4,0,-67,-1,13.23
fold2_room1_mix0743,70,5,0,159,49,1.12
fold2_room1_mix0743,71,4,0,-123,-1,11.87
fold2_room1_mix0743,71,4,0,174,-1,11.40
fold2_room1_mix0743,71,4,0,-61,-1,12.75
fold2_room1_mix0743,71,5,0,159,48,1.24
fold2_room1_mix0743,72,4,0,-115,-1,12.53
fold2_room1_mix0743,72,4,0,175,-1,12.62
fold2_room1_mix0743,72,4,0,-70,-2,13.67
fold2_room1_mix0743,72,5,0,149,55,1.00
fold2_room1_mix0743,73,4,0,-115,-1,12.92
fold2_room1_mix0743,73,4,0,174,-2,12.45
fold2_room1_mix0743,73,4,0,-52,-2,13.42
fold2_room1_mix0743,73,5,0,136,63,1.00
fold2_room1_mix0743,74,4,0,-115,-1,12.22
fold2_room1_mix0743,74,4,0,175,-1,12.61
fold2_room1_mix0743,74,4,0,-76,-3,12.08
fold2_room1_mix0743,74,5,0,105,62,0.99
fold2_room1_mix0743,75,4,0,-110,-1,12.49
fold2_room1_mix0743,75,4,0,175,-1,13.30
fold2_room1_mix0743,75,4,0,-68,-3,12.52
fold2_room1_mix0743,75,5,0,85,63,1.05
fold2_room1_mix0743,76,4,0,-108,-1,12.74
fold2_room1_mix0743,76,4,0,171,-1,13.30
fold2_room1_mix0743,76,4,0,-68,-2,12.69
fold2_room1_mix0743,76,5,0,69,67,1.03
fold2_room1_mix0743,77,4,0,-115,-1,13.90
fold2_room1_mix0743,77,4,0,173,-2,14.30
fold2_room1_mix0743,77,4,0,-90,-3,13.28
fold2_room1_mix0743,77,5,0,47,63,1.10
fold2_room1_mix0743,78,4,0,-114,0,14.22
fold2_room1_mix0743,78,4,0,172,-1,14.74
fold2_room1_mix0743,78,4,0,-79,-2,13.40
fold2_room1_mix0743,78,5,0,40,61,1.15
fold2_room1_mix0743,79,4,0,-116,0,14.12
fold2_room1_mix0743,79,4,0,-114,-1,12.90
fold2_room1_mix0743,79,5,0,33,54,1.24
fold2_room1_mix0743,80,4,0,-116,-1,14.83
fold2_room1_mix0743,80,4,0,-110,-2,13.54
fold2_room1_mix0743,80,5,0,24,53,1.32
fold2_room1_mix0743,81,4,0,-115,-1,14.87
fold2_room1_mix0743,81,4,0,-114,-2,13.62
fold2_room1_mix0743,81,5,0,18,49,1.30
fold2_room1_mix0743,82,4,0,-107,-1,13.18
fold2_room1_mix0743,82,4,0,-112,-1,12.52
fold2_room1_mix0743,82,5,0,18,43,1.57
fold2_room1_mix0743,83,4,0,-113,-1,13.96
fold2_room1_mix0743,83,4,0,-113,-2,13.30
fold2_room1_mix0743,83,5,0,13,44,1.58
fold2_room1_mix0743,84,4,0,-123,0,15.58
fold2_room1_mix0743,84,4,0,-123,-1,14.73
fold2_room1_mix0743,84,5,0,5,40,1.53
fold2_room1_mix0743,85,4,0,-119,-1,14.54
fold2_room1_mix0743,85,4,0,-123,-1,14.17
fold2_room1_mix0743,85,5,0,7,38,1.71
fold2_room1_mix0743,86,4,0,-117,-1,14.80
fold2_room1_mix0743,86,4,0,-116,-1,14.68
fold2_room1_mix0743,86,5,0,8,36,1.76
fold2_room1_mix0743,87,4,0,-125,0,15.51
fold2_room1_mix0743,87,4,0,-129,-1,15.01
fold2_room1_mix0743,87,5,0,3,35,1.76
fold2_room1_mix0743,88,4,0,-123,0,15.83
fold2_room1_mix0743,88,4,0,-122,0,15.42
fold2_room1_mix0743,88,5,0,4,35,1.94
fold2_room1_mix0743,89,4,0,-126,0,16.47
fold2_room1_mix0743,89,4,0,-125,-1,16.09
fold2_room1_mix0743,89,5,0,0,33,1.94
fold2_room1_mix0743,90,4,0,-130,0,16.83
fold2_room1_mix0743,90,4,0,-129,-1,15.82
fold2_room1_mix0743,90,5,0,4,30,2.26
fold2_room1_mix0743,91,4,0,-130,0,18.07
fold2_room1_mix0743,91,4,0,-129,-1,16.97
fold2_room1_mix0743,91,5,0,3,27,2.24
fold2_room1_mix0743,92,4,0,-126,0,16.18
fold2_room1_mix0743,92,4,0,-128,-1,15.74
fold2_room1_mix0743,92,5,0,-3,25,2.50
fold2_room1_mix0743,93,4,0,-127,-1,16.40
fold2_room1_mix0743,93,4,0,-129,-1,15.87
fold2_room1_mix0743,93,5,0,-1,27,2.31
fold2_room1_mix0743,94,4,0,-133,-1,17.42
fold2_room1_mix0743,94,4,0,-130,-1,16.93
fold2_room1_mix0743,94,5,0,-1,26,2.30
fold2_room1_mix0743,95,4,0,-130,-1,16.72
fold2_room1_mix0743,95,4,0,-130,-1,16.06
fold2_room1_mix0743,95,5,0,-5,23,2.80
fold2_room1_mix0743,96,4,0,-129,0,17.79
fold2_room1_mix0743,96,4,0,-131,-1,17.01
fold2_room1_mix0743,96,5,0,-6,25,2.45
fold2_room1_mix0743,97,4,0,-132,-1,16.90
fold2_room1_mix0743,97,4,0,-133,-1,16.34
fold2_room1_mix0743,97,5,0,-8,24,2.64
fold2_room1_mix0743,98,4,0,-129,-1,16.64
fold2_room1_mix0743,98,4,0,-132,-1,16.14
fold2_room1_mix0743,98,5,0,-5,22,2.91
fold2_room1_mix0743,99,4,0,-136,-1,17.59
fold2_room1_mix0743,99,4,0,-135,-1,17.10
fold2_room1_mix0743,99,5,0,-5,24,2.74
fold2_room1_mix0749,26,4,0,179,-1,9.61
fold2_room1_mix0749,27,4,0,-179,-1,9.14
fold2_room1_mix0749,29,4,0,-179,0,17.28
fold2_room1_mix0749,30,4,0,-177,0,22.27
fold2_room1_mix0749,31,4,0,-177,0,20.60
fold2_room1_mix0749,32,4,0,-5,-1,22.04
fold2_room1_mix0749,32,4,0,-4,-1,22.45
fold2_room1_mix0749,33,4,0,-177,-1,22.08
fold2_room1_mix0749,33,4,0,-3,-1,25.73
fold2_room1_mix0749,34,4,0,-176,-1,20.17
fold2_room1_mix0749,34,4,0,-4,-1,23.23
fold2_room1_mix0749,35,4,0,-176,-1,19.90
fold2_room1_mix0749,35,4,0,-4,-1,23.10
fold2_room1_mix0749,37,4,0,-174,-2,17.85
fold2_room1_mix0749,37,4,0,-4,-1,21.62
fold2_room1_mix0749,38,4,0,-4,-1,18.44
fold2_room1_mix0749,38,4,0,-3,-1,18.36
fold2_room1_mix0749,39,4,0,-5,-1,16.74
fold2_room1_mix0749,39,4,0,-4,-1,16.81
fold2_room1_mix0749,40,4,0,-7,-2,15.87
fold2_room1_mix0749,40,4,0,-5,-1,16.26
fold2_room1_mix0749,41,4,0,-2,-1,15.69
fold2_room1_mix0749,41,4,0,-2,-1,15.69
fold2_room1_mix0749,42,4,0,-5,-2,13.26
fold2_room1_mix0749,42,4,0,-4,-1,14.09
fold2_room1_mix0749,43,4,0,-5,-2,12.55
fold2_room1_mix0749,43,4,0,-4,-1,13.04
fold2_room1_mix0749,44,4,0,-3,-2,10.93
fold2_room1_mix0749,44,4,0,-4,-2,11.32
fold2_room1_mix0749,45,4,0,-2,-2,10.45
fold2_room1_mix0749,45,4,0,-3,-2,10.59
fold2_room1_mix0749,46,4,0,-3,-2,10.22
fold2_room1_mix0749,46,4,0,-4,-2,10.38
fold2_room1_mix0749,47,4,0,-1,-2,9.63
fold2_room1_mix0749,47,4,0,-2,-2,9.70
fold2_room1_mix0749,48,4,0,-3,-3,8.70
fold2_room1_mix0749,48,4,0,-4,-3,8.86
fold2_room1_mix0749,49,4,0,-5,-3,8.14
fold2_room1_mix0749,49,4,0,-6,-3,8.44
fold2_room1_mix0749,50,4,0,-3,-4,7.09
fold2_room1_mix0749,50,4,0,-3,-3,7.53
fold2_room1_mix0749,51,4,0,-7,-3,7.25
fold2_room1_mix0749,51,4,0,-6,-3,7.53
fold2_room1_mix0749,52,4,0,-7,-4,6.45
fold2_room1_mix0749,52,4,0,-7,-3,7.01
fold2_room1_mix0749,53,4,0,-11,-4,5.88
fold2_room1_mix0749,53,4,0,-10,-4,6.25
fold2_room1_mix0749,54,4,0,-13,-5,5.31
fold2_room1_mix0749,54,4,0,-10,-4,5.72
fold2_room1_mix0749,55,4,0,-19,-5,4.37
fold2_room1_mix0749,55,4,0,-15,-5,5.03
fold2_room1_mix0749,56,4,0,-21,-6,3.69
fold2_room1_mix0749,56,4,0,-16,-5,4.27
fold2_room1_mix0749,57,4,0,-25,-7,2.89
fold2_room1_mix0749,57,4,0,-21,-7,3.72
fold2_room1_mix0749,58,4,0,-32,-9,2.41
fold2_room1_mix0749,58,4,0,-27,-8,3.11
fold2_room1_mix0749,59,4,0,-43,-11,1.87
fold2_room1_mix0749,59,4,0,-41,-10,2.22
fold2_room1_mix0749,60,4,0,-70,-15,1.16
fold2_room1_mix0749,60,4,0,-159,-6,5.57
fold2_room1_mix0749,60,4,0,-54,-12,2.12
fold2_room1_mix0749,61,4,0,-107,-13,1.41
fold2_room1_mix0749,61,4,0,-107,-13,1.52
fold2_room1_mix0749,62,4,0,-126,-10,1.70
fold2_room1_mix0749,62,4,0,-125,-10,1.69
fold2_room1_mix0749,63,4,0,-153,-7,2.78
fold2_room1_mix0749,64,4,0,-162,-5,3.69
fold2_room1_mix0749,65,4,0,-163,-5,4.36
fold2_room1_mix0749,66,4,0,-166,-4,4.84
fold2_room1_mix0749,67,4,0,-169,-4,5.13
fold2_room1_mix0749,68,4,0,-169,-4,5.43
fold2_room1_mix0749,69,4,0,-169,-4,5.15
fold2_room1_mix0749,70,4,0,-168,-4,5.26
fold2_room1_mix0749,71,4,0,-166,-5,4.67
fold2_room1_mix0749,72,4,0,-165,-6,4.41
fold2_room1_mix0749,73,4,0,-160,-7,4.27
fold2_room1_mix0749,74,4,0,-151,-9,2.76
fold2_room1_mix0749,74,4,0,-149,-10,2.11
fold2_room1_mix0749,75,4,0,-143,-10,3.28
fold2_room1_mix0749,75,4,0,-139,-13,2.06
fold2_room1_mix0749,76,4,0,-103,-18,1.37
fold2_room1_mix0749,76,4,0,-110,-18,1.07
fold2_room1_mix0749,77,4,0,-59,-17,0.89
fold2_room1_mix0749,77,4,0,-64,-18,0.90
fold2_room1_mix0749,78,4,0,-38,-14,1.16
fold2_room1_mix0749,78,4,0,-41,-14,1.14
fold2_room1_mix0749,79,4,0,-27,-10,1.54
fold2_room1_mix0749,79,4,0,-28,-10,1.65
fold2_room1_mix0749,80,4,0,-21,-9,2.17
fold2_room1_mix0749,80,4,0,-22,-9,2.22
fold2_room1_mix0749,81,4,0,-19,-8,2.40
fold2_room1_mix0749,81,4,0,-19,-8,2.58
fold2_room1_mix0749,82,4,0,-16,-7,2.68
fold2_room1_mix0749,82,4,0,-16,-7,2.90
fold2_room1_mix0749,83,4,0,-14,-7,2.99
fold2_room1_mix0749,83,4,0,-14,-6,3.37
fold2_room1_mix0749,84,4,0,-12,-6,3.20
fold2_room1_mix0749,84,4,0,-12,-5,3.59
fold2_room1_mix0749,85,4,0,-10,-5,3.84
fold2_room1_mix0749,85,4,0,-10,-5,4.22
fold2_room1_mix0749,86,4,0,-9,-5,4.27
fold2_room1_mix0749,86,4,0,-9,-4,4.63
fold2_room1_mix0749,87,4,0,-7,-4,4.67
fold2_room1_mix0749,87,4,0,-8,-4,4.97
fold2_room1_mix0749,88,4,0,-6,-4,4.96
fold2_room1_mix0749,88,4,0,-6,-3,5.27
fold2_room1_mix0749,89,4,0,-6,-3,5.58
fold2_room1_mix0749,89,4,0,-6,-3,5.90
fold2_room1_mix0749,90,4,0,-7,-3,6.05
fold2_room1_mix0749,91,4,0,-5,-3,6.51
fold2_room1_mix0749,91,4,0,-6,-3,6.73
fold2_room1_mix0749,92,4,0,-6,-3,6.74
fold2_room1_mix0749,93,4,0,-6,-3,8.25
fold2_room1_mix0749,94,4,0,-5,-3,7.17
fold2_room1_mix0749,95,4,0,-6,-3,7.66
fold2_room1_mix0749,96,4,0,-4,-3,8.78
fold2_room1_mix0749,97,4,0,-3,-3,8.81
fold2_room1_mix0749,98,4,0,-3,-2,9.14
fold2_room1_mix0749,99,4,0,-3,-2,8.88
fold2_room1_mix0749,28,4,0,-179,-1,5.98
fold2_room1_mix0749,36,4,0,-179,-2,17.67
fold2_room1_mix0749,36,4,0,-3,-1,20.84
fold2_room1_mix0767,14,4,0,177,1,6.54
fold2_room1_mix0767,22,4,0,176,0,9.77
fold2_room1_mix0767,23,4,0,176,0,33.23
fold2_room1_mix0767,24,4,0,177,0,6.88
fold2_room1_mix0767,25,4,0,177,0,42.60
fold2_room1_mix0767,26,4,0,178,0,38.51
fold2_room1_mix0767,27,4,0,177,0,39.19
fold2_room1_mix0767,28,4,0,176,0,39.66
fold2_room1_mix0767,29,4,0,176,0,37.36
fold2_room1_mix0767,30,4,0,179,0,33.61
fold2_room1_mix0767,31,4,0,178,0,35.18
fold2_room1_mix0767,32,4,0,-178,0,32.26
fold2_room1_mix0767,33,4,0,179,0,33.69
fold2_room1_mix0767,34,4,0,-179,0,30.98
fold2_room1_mix0767,35,4,0,-179,0,30.47
fold2_room1_mix0767,36,4,0,-179,0,28.56
fold2_room1_mix0767,37,4,0,-178,0,28.88
fold2_room1_mix0767,38,4,0,-178,0,28.31
fold2_room1_mix0767,39,4,0,-176,0,27.65
fold2_room1_mix0767,40,4,0,-179,0,25.61
fold2_room1_mix0767,41,4,0,-179,0,25.13
fold2_room1_mix0767,42,4,0,-178,0,24.55
fold2_room1_mix0767,43,4,0,-179,-1,23.43
fold2_room1_mix0767,44,4,0,-179,-1,20.88
fold2_room1_mix0767,45,4,0,-179,0,21.39
fold2_room1_mix0767,46,4,0,-178,-1,19.61
fold2_room1_mix0767,47,4,0,-178,-1,19.60
fold2_room1_mix0767,48,4,0,-179,-1,18.45
fold2_room1_mix0767,49,4,0,-178,-1,19.65
fold2_room1_mix0767,50,4,0,179,-1,18.11
fold2_room1_mix0767,51,4,0,179,-1,17.14
fold2_room1_mix0767,52,4,0,-179,-1,15.23
fold2_room1_mix0767,53,4,0,-179,-1,14.32
fold2_room1_mix0767,54,4,0,179,-1,13.33
fold2_room1_mix0767,55,4,0,179,-2,12.73
fold2_room1_mix0767,56,4,0,-179,-2,11.58
fold2_room1_mix0767,57,4,0,-179,-2,11.66
fold2_room1_mix0767,58,4,0,179,-2,10.19
fold2_room1_mix0767,59,4,0,172,-2,10.30
fold2_room1_mix0767,59,4,0,-167,-4,7.95
fold2_room1_mix0767,60,4,0,165,-3,9.34
fold2_room1_mix0767,60,4,0,-147,-5,5.84
fold2_room1_mix0767,61,4,0,164,-2,9.64
fold2_room1_mix0767,61,4,0,-149,-5,5.92
fold2_room1_mix0767,62,4,0,157,-3,8.62
fold2_room1_mix0767,62,4,0,-135,-6,4.32
fold2_room1_mix0767,63,4,0,152,-4,7.46
fold2_room1_mix0767,63,4,0,-127,-5,4.51
fold2_room1_mix0767,64,4,0,146,-4,6.40
fold2_room1_mix0767,64,4,0,-123,-6,3.69
fold2_room1_mix0767,65,4,0,142,-6,5.83
fold2_room1_mix0767,65,4,0,-111,-7,3.50
fold2_room1_mix0767,66,4,0,131,-7,5.38
fold2_room1_mix0767,66,4,0,-104,-9,3.19
fold2_room1_mix0767,67,4,0,99,-11,3.44
fold2_room1_mix0767,67,4,0,118,-9,4.76
fold2_room1_mix0767,67,4,0,-81,-8,3.47
fold2_room1_mix0767,68,4,0,83,-10,3.39
fold2_room1_mix0767,68,4,0,104,-10,4.21
fold2_room1_mix0767,68,4,0,-58,-7,3.26
fold2_room1_mix0767,69,4,0,48,-9,4.18
fold2_room1_mix0767,69,4,0,77,-9,4.01
fold2_room1_mix0767,69,4,0,-44,-6,3.55
fold2_room1_mix0767,70,4,0,40,-8,4.75
fold2_room1_mix0767,70,4,0,73,-9,4.79
fold2_room1_mix0767,70,4,0,-38,-6,3.83
fold2_room1_mix0767,71,4,0,17,-6,5.95
fold2_room1_mix0767,71,4,0,52,-7,4.57
fold2_room1_mix0767,71,4,0,-34,-4,5.00
fold2_room1_mix0767,72,4,0,8,-5,6.03
fold2_room1_mix0767,72,4,0,43,-5,5.08
fold2_room1_mix0767,72,4,0,-27,-4,5.72
fold2_room1_mix0767,73,4,0,3,-4,6.50
fold2_room1_mix0767,73,4,0,44,-4,6.06
fold2_room1_mix0767,73,4,0,-22,-4,6.11
fold2_room1_mix0767,74,4,0,8,-3,7.22
fold2_room1_mix0767,74,4,0,25,-3,7.82
fold2_room1_mix0767,74,4,0,-17,-3,7.39
fold2_room1_mix0767,75,4,0,-5,-3,8.72
fold2_room1_mix0767,75,4,0,-9,-3,8.57
fold2_room1_mix0767,76,4,0,-8,-3,8.56
fold2_room1_mix0767,76,4,0,-8,-3,8.45
fold2_room1_mix0767,77,4,0,-4,-2,10.27
fold2_room1_mix0767,77,4,0,-7,-2,10.33
fold2_room1_mix0767,78,4,0,-7,-2,10.88
fold2_room1_mix0767,78,4,0,-7,-2,10.69
fold2_room1_mix0767,79,4,0,-8,-1,11.70
fold2_room1_mix0767,79,4,0,-7,-2,11.42
fold2_room1_mix0767,80,4,0,-7,-1,13.07
fold2_room1_mix0767,80,4,0,-6,-2,12.84
fold2_room1_mix0767,81,4,0,-6,-1,13.76
fold2_room1_mix0767,81,4,0,-6,-1,13.36
fold2_room1_mix0767,82,4,0,-5,-1,14.36
fold2_room1_mix0767,82,4,0,-6,-1,14.16
fold2_room1_mix0767,83,4,0,-5,-1,15.15
fold2_room1_mix0767,83,4,0,-6,-1,15.03
fold2_room1_mix0767,84,4,0,-5,-1,15.96
fold2_room1_mix0767,84,4,0,-5,-1,15.75
fold2_room1_mix0767,85,4,0,0,-1,16.63
fold2_room1_mix0767,86,4,0,0,-1,17.35
fold2_room1_mix0767,87,4,0,0,-1,18.66
fold2_room1_mix0767,88,4,0,0,-1,19.58
fold2_room1_mix0767,89,4,0,0,-1,20.14
fold2_room1_mix0767,90,4,0,0,-1,20.64
fold2_room1_mix0767,91,4,0,0,-1,22.19
fold2_room1_mix0767,92,4,0,0,-1,22.97
fold2_room1_mix0767,93,4,0,-1,-1,23.71
fold2_room1_mix0767,94,4,0,0,-1,24.71
fold2_room1_mix0767,95,4,0,-1,-1,24.94
fold2_room1_mix0767,96,4,0,0,-1,26.38
fold2_room1_mix0767,97,4,0,0,0,27.93
fold2_room1_mix0767,98,4,0,0,0,27.95
fold2_room1_mix0767,99,4,0,0,0,29.20
fold2_room1_mix0767,17,4,0,176,1,4.53
fold2_room1_mix0767,21,4,0,174,1,4.82
fold2_room1_mix0792,5,5,0,-103,6,9.88
fold2_room1_mix0792,8,5,0,-96,5,6.83
fold2_room1_mix0792,9,5,0,-85,5,11.40
fold2_room1_mix0792,11,5,0,-85,7,8.06
fold2_room1_mix0792,12,5,0,-93,5,9.55
fold2_room1_mix0792,13,5,0,-81,5,11.37
fold2_room1_mix0792,15,5,0,-78,5,9.47
fold2_room1_mix0792,16,5,0,-91,3,4.53
fold2_room1_mix0792,17,5,0,-94,5,10.12
fold2_room1_mix0792,19,5,0,-87,5,8.09
fold2_room1_mix0792,20,5,0,-88,6,7.44
fold2_room1_mix0792,21,5,0,-87,5,6.09
fold2_room1_mix0792,23,5,0,-88,5,7.66
fold2_room1_mix0792,24,5,0,-79,6,9.57
fold2_room1_mix0792,25,5,0,-79,5,9.86
fold2_room1_mix0792,26,5,0,-88,5,8.63
fold2_room1_mix0792,27,5,0,-86,6,9.82
fold2_room1_mix0792,28,5,0,-73,5,10.03
fold2_room1_mix0792,29,5,0,-75,5,10.45
fold2_room1_mix0792,30,5,0,-81,5,10.87
fold2_room1_mix0792,31,5,0,-86,6,9.13
fold2_room1_mix0792,32,5,0,-73,5,11.30
fold2_room1_mix0792,33,5,0,-76,5,11.23
fold2_room1_mix0792,34,5,0,-70,4,10.84
fold2_room1_mix0792,35,5,0,-70,5,10.74
fold2_room1_mix0792,36,5,0,-69,5,10.64
fold2_room1_mix0792,37,5,0,-71,4,11.47
fold2_room1_mix0792,38,5,0,-65,4,12.02
fold2_room1_mix0792,39,5,0,-67,4,11.95
fold2_room1_mix0792,40,5,0,-68,5,10.52
fold2_room1_mix0792,41,4,0,177,0,5.62
fold2_room1_mix0792,41,5,0,-69,4,13.13
fold2_room1_mix0792,42,4,0,176,0,14.91
fold2_room1_mix0792,42,5,0,-63,4,12.42
fold2_room1_mix0792,43,4,0,177,0,15.49
fold2_room1_mix0792,43,5,0,-64,4,12.28
fold2_room1_mix0792,44,4,0,176,0,17.44
fold2_room1_mix0792,44,5,0,-61,4,12.34
fold2_room1_mix0792,45,4,0,175,-1,20.69
fold2_room1_mix0792,45,5,0,-62,4,13.09
fold2_room1_mix0792,46,4,0,176,-1,18.39
fold2_room1_mix0792,46,5,0,-58,4,13.33
fold2_room1_mix0792,47,4,0,175,-1,17.42
fold2_room1_mix0792,47,5,0,-58,4,12.84
fold2_room1_mix0792,48,4,0,174,-1,16.65
fold2_room1_mix0792,48,5,0,-56,4,13.17
fold2_room1_mix0792,49,4,0,174,-1,15.72
fold2_room1_mix0792,49,5,0,-60,4,13.26
fold2_room1_mix0792,50,4,0,174,-1,14.56
fold2_room1_mix0792,50,5,0,-58,4,12.64
fold2_room1_mix0792,51,4,0,174,-1,13.04
fold2_room1_mix0792,51,5,0,-55,4,12.67
fold2_room1_mix0792,52,4,0,173,-1,12.15
fold2_room1_mix0792,52,5,0,-55,4,12.51
fold2_room1_mix0792,53,4,0,172,-2,10.88
fold2_room1_mix0792,53,5,0,-61,3,14.10
fold2_room1_mix0792,54,4,0,172,-2,9.89
fold2_room1_mix0792,54,5,0,-59,4,13.54
fold2_room1_mix0792,55,4,0,170,-2,9.33
fold2_room1_mix0792,55,5,0,-62,3,13.54
fold2_room1_mix0792,56,4,0,169,-3,8.38
fold2_room1_mix0792,56,5,0,-55,3,13.09
fold2_room1_mix0792,57,4,0,168,-3,7.53
fold2_room1_mix0792,57,5,0,-60,4,13.13
fold2_room1_mix0792,58,4,0,168,-4,6.98
fold2_room1_mix0792,58,5,0,-54,3,15.66
fold2_room1_mix0792,59,4,0,168,-4,6.11
fold2_room1_mix0792,59,5,0,-57,3,13.71
fold2_room1_mix0792,60,4,0,164,-5,4.75
fold2_room1_mix0792,60,5,0,-57,3,12.89
fold2_room1_mix0792,61,4,0,160,-6,3.94
fold2_room1_mix0792,61,5,0,-56,3,14.11
fold2_room1_mix0792,62,4,0,155,-7,3.31
fold2_room1_mix0792,62,5,0,-58,3,13.63
fold2_room1_mix0792,63,4,0,147,-11,2.52
fold2_room1_mix0792,63,5,0,-57,3,12.73
fold2_room1_mix0792,64,4,0,137,-14,1.86
fold2_room1_mix0792,64,5,0,-55,3,13.82
fold2_room1_mix0792,65,4,0,101,-19,1.32
fold2_room1_mix0792,65,5,0,-55,3,13.36
fold2_room1_mix0792,66,4,0,65,-19,1.26
fold2_room1_mix0792,66,5,0,-61,3,12.49
fold2_room1_mix0792,67,4,0,42,-13,1.68
fold2_room1_mix0792,67,5,0,-56,3,12.22
fold2_room1_mix0792,68,4,0,28,-9,2.32
fold2_room1_mix0792,68,5,0,-54,4,11.31
fold2_room1_mix0792,69,4,0,22,-7,3.07
fold2_room1_mix0792,69,5,0,-57,3,13.47
fold2_room1_mix0792,70,4,0,19,-6,3.58
fold2_room1_mix0792,70,5,0,-56,3,13.20
fold2_room1_mix0792,71,4,0,13,-5,4.55
fold2_room1_mix0792,71,5,0,-59,4,11.68
fold2_room1_mix0792,72,4,0,11,-4,5.61
fold2_room1_mix0792,72,5,0,-49,3,13.23
fold2_room1_mix0792,73,4,0,9,-3,6.19
fold2_room1_mix0792,73,5,0,-55,4,13.27
fold2_room1_mix0792,74,4,0,7,-3,7.11
fold2_room1_mix0792,74,5,0,-53,3,14.26
fold2_room1_mix0792,75,4,0,8,-3,7.94
fold2_room1_mix0792,75,5,0,-56,4,13.70
fold2_room1_mix0792,76,4,0,7,-2,8.58
fold2_room1_mix0792,76,5,0,-51,4,13.58
fold2_room1_mix0792,77,4,0,6,-2,9.63
fold2_room1_mix0792,77,5,0,-53,4,14.07
fold2_room1_mix0792,78,4,0,6,-2,10.41
fold2_room1_mix0792,78,5,0,-54,3,14.47
fold2_room1_mix0792,79,4,0,5,-1,11.49
fold2_room1_mix0792,79,5,0,-54,4,13.88
fold2_room1_mix0792,80,4,0,6,-1,12.81
fold2_room1_mix0792,80,5,0,-51,3,15.34
fold2_room1_mix0792,81,4,0,5,-1,13.38
fold2_room1_mix0792,81,5,0,-55,4,14.70
fold2_room1_mix0792,82,4,0,4,-1,13.59
fold2_room1_mix0792,82,5,0,-54,3,15.13
fold2_room1_mix0792,83,4,0,4,-1,14.04
fold2_room1_mix0792,83,5,0,-50,3,15.09
fold2_room1_mix0792,84,4,0,5,-1,15.09
fold2_room1_mix0792,84,5,0,-53,4,13.73
fold2_room1_mix0792,85,4,0,4,-1,16.18
fold2_room1_mix0792,85,5,0,-51,3,16.46
fold2_room1_mix0792,86,4,0,4,-1,16.44
fold2_room1_mix0792,86,5,0,-48,4,16.19
fold2_room1_mix0792,87,4,0,3,-1,17.09
fold2_room1_mix0792,87,5,0,-48,3,16.19
fold2_room1_mix0792,88,4,0,3,-1,15.99
fold2_room1_mix0792,88,5,0,-44,3,15.27
fold2_room1_mix0792,89,4,0,4,-1,17.46
fold2_room1_mix0792,89,5,0,-47,3,15.84
fold2_room1_mix0792,90,4,0,3,-1,13.88
fold2_room1_mix0792,90,5,0,-48,3,17.28
fold2_room1_mix0792,91,4,0,3,-1,13.27
fold2_room1_mix0792,91,5,0,-45,3,15.88
fold2_room1_mix0792,92,4,0,2,-1,2.55
fold2_room1_mix0792,92,5,0,-46,3,16.00
fold2_room1_mix0792,93,5,0,-46,3,16.86
fold2_room1_mix0792,94,5,0,-46,3,16.59
fold2_room1_mix0792,95,5,0,-42,3,16.70
fold2_room1_mix0792,96,5,0,-43,3,17.60
fold2_room1_mix0792,97,5,0,-45,3,16.47
fold2_room1_mix0792,98,5,0,-46,3,18.09
fold2_room1_mix0792,99,5,0,-44,3,17.27
fold2_room1_mix0801,23,4,0,-174,0,5.60
fold2_room1_mix0801,25,4,0,-173,0,5.76
fold2_room1_mix0801,30,4,0,-170,0,12.59
fold2_room1_mix0801,31,4,0,-173,0,25.19
fold2_room1_mix0801,32,4,0,-171,0,12.32
fold2_room1_mix0801,33,4,0,-171,0,26.62
fold2_room1_mix0801,34,4,0,-171,0,10.57
fold2_room1_mix0801,35,4,0,-171,0,38.03
fold2_room1_mix0801,36,4,0,-171,0,13.81
fold2_room1_mix0801,37,4,0,-170,0,35.99
fold2_room1_mix0801,38,4,0,-168,0,34.28
fold2_room1_mix0801,39,4,0,-170,0,43.80
fold2_room1_mix0801,40,4,0,-169,0,19.74
fold2_room1_mix0801,41,4,0,-168,0,31.52
fold2_room1_mix0801,42,4,0,-170,0,35.62
fold2_room1_mix0801,43,4,0,-169,0,47.38
fold2_room1_mix0801,44,4,0,-168,0,42.11
fold2_room1_mix0801,45,4,0,-168,0,41.96
fold2_room1_mix0801,46,4,0,-166,0,42.06
fold2_room1_mix0801,47,4,0,-166,0,42.75
fold2_room1_mix0801,48,4,0,-167,0,44.62
fold2_room1_mix0801,49,4,0,-164,0,40.15
fold2_room1_mix0801,50,4,0,-164,0,33.69
fold2_room1_mix0801,51,4,0,-164,0,35.72
fold2_room1_mix0801,52,4,0,-164,0,33.89
fold2_room1_mix0801,53,4,0,-165,0,34.63
fold2_room1_mix0801,54,4,0,-161,-1,29.49
fold2_room1_mix0801,55,4,0,-164,0,32.45
fold2_room1_mix0801,56,4,0,-165,0,28.73
fold2_room1_mix0801,57,4,0,-163,-1,29.99
fold2_room1_mix0801,58,4,0,-161,-1,26.74
fold2_room1_mix0801,59,4,0,-162,-1,27.20
fold2_room1_mix0801,60,4,0,-160,-1,27.36
fold2_room1_mix0801,61,4,0,-162,-1,27.01
fold2_room1_mix0801,62,4,0,-161,-1,25.53
fold2_room1_mix0801,63,4,0,-161,-1,24.77
fold2_room1_mix0801,64,4,0,-159,-1,23.81
fold2_room1_mix0801,65,4,0,-160,-1,21.96
fold2_room1_mix0801,66,4,0,-157,-1,22.24
fold2_room1_mix0801,67,4,0,-158,-1,20.18
fold2_room1_mix0801,68,4,0,-156,-1,20.50
fold2_room1_mix0801,69,4,0,-155,-1,20.05
fold2_room1_mix0801,70,4,0,-154,-1,19.87
fold2_room1_mix0801,71,4,0,-153,-1,19.25
fold2_room1_mix0801,72,4,0,-151,-1,18.02
fold2_room1_mix0801,73,4,0,-150,-1,16.86
fold2_room1_mix0801,74,4,0,-149,-1,16.87
fold2_room1_mix0801,75,4,0,-147,-2,14.93
fold2_room1_mix0801,76,4,0,-144,-2,14.48
fold2_room1_mix0801,77,4,0,-142,-1,13.97
fold2_room1_mix0801,78,4,0,-139,-2,13.05
fold2_room1_mix0801,79,4,0,-135,-2,12.32
fold2_room1_mix0801,80,4,0,-132,-2,11.57
fold2_room1_mix0801,81,4,0,-129,-2,11.17
fold2_room1_mix0801,82,4,0,-124,-2,10.66
fold2_room1_mix0801,83,4,0,-121,-2,10.03
fold2_room1_mix0801,84,4,0,-114,-3,9.44
fold2_room1_mix0801,85,4,0,-109,-3,9.28
fold2_room1_mix0801,86,4,0,-103,-4,8.63
fold2_room1_mix0801,87,4,0,-98,-4,8.75
fold2_room1_mix0801,88,4,0,-92,-4,8.28
fold2_room1_mix0801,89,4,0,-87,-4,8.39
fold2_room1_mix0801,90,4,0,-80,-4,8.80
fold2_room1_mix0801,91,4,0,-75,-3,9.09
fold2_room1_mix0801,92,4,0,-69,-3,9.51
fold2_room1_mix0801,93,4,0,-63,-3,9.91
fold2_room1_mix0801,94,4,0,-60,-2,10.18
fold2_room1_mix0801,95,4,0,-55,-3,10.29
fold2_room1_mix0801,96,4,0,-53,-2,10.65
fold2_room1_mix0801,97,4,0,-47,-2,11.41
fold2_room1_mix0801,98,4,0,-44,-2,11.97
fold2_room1_mix0801,99,4,0,-40,-2,12.74
fold2_room1_mix0801,28,4,0,-173,0,7.83
fold2_room1_mix0805,0,5,0,-167,3,2.24
fold2_room1_mix0805,1,5,0,-171,4,2.48
fold2_room1_mix0805,2,5,0,-165,3,6.94
fold2_room1_mix0805,3,5,0,-165,3,6.92
fold2_room1_mix0805,4,5,0,-175,4,8.60
fold2_room1_mix0805,5,5,0,-172,4,12.38
fold2_room1_mix0805,6,5,0,-167,5,11.62
fold2_room1_mix0805,7,5,0,-169,5,10.50
fold2_room1_mix0805,8,5,0,-168,4,10.76
fold2_room1_mix0805,9,5,0,-173,4,10.93
fold2_room1_mix0805,10,5,0,-166,6,9.01
fold2_room1_mix0805,11,5,0,-165,5,10.00
fold2_room1_mix0805,12,5,0,-168,5,9.63
fold2_room1_mix0805,13,5,0,-166,5,9.95
fold2_room1_mix0805,14,5,0,-167,7,6.79
fold2_room1_mix0805,15,5,0,-167,7,7.64
fold2_room1_mix0805,16,5,0,-164,7,7.62
fold2_room1_mix0805,17,5,0,-165,8,6.54
fold2_room1_mix0805,18,5,0,-169,8,6.35
fold2_room1_mix0805,19,5,0,-168,11,4.91
fold2_room1_mix0805,20,5,0,-164,10,5.47
fold2_room1_mix0805,21,5,0,-165,10,5.68
fold2_room1_mix0805,22,5,0,-166,9,5.70
fold2_room1_mix0805,23,5,0,-167,9,6.16
fold2_room1_mix0805,24,5,0,-165,10,5.80
fold2_room1_mix0805,25,4,0,162,-1,5.04
fold2_room1_mix0805,25,5,0,-164,10,5.69
fold2_room1_mix0805,26,4,0,161,-1,16.54
fold2_room1_mix0805,26,5,0,-167,9,6.29
fold2_room1_mix0805,27,4,0,160,-1,14.72
fold2_room1_mix0805,27,5,0,-164,9,5.79
fold2_room1_mix0805,28,4,0,157,-1,17.00
fold2_room1_mix0805,28,5,0,-161,8,6.18
fold2_room1_mix0805,29,4,0,158,-1,15.25
fold2_room1_mix0805,29,5,0,-161,10,5.55
fold2_room1_mix0805,30,4,0,156,-1,17.73
fold2_room1_mix0805,30,5,0,-162,10,5.07
fold2_room1_mix0805,31,4,0,152,-1,18.98
fold2_room1_mix0805,31,5,0,-163,10,5.74
fold2_room1_mix0805,32,4,0,156,-1,18.13
fold2_room1_mix0805,32,5,0,-163,11,4.89
fold2_room1_mix0805,33,4,0,155,-1,17.83
fold2_room1_mix0805,33,5,0,-161,12,4.61
fold2_room1_mix0805,34,4,0,154,-1,17.33
fold2_room1_mix0805,34,5,0,-160,10,5.45
fold2_room1_mix0805,35,4,0,155,-1,17.22
fold2_room1_mix0805,35,5,0,-160,11,4.87
fold2_room1_mix0805,36,4,0,151,-1,16.50
fold2_room1_mix0805,36,5,0,-158,14,3.80
fold2_room1_mix0805,37,4,0,152,-1,16.90
fold2_room1_mix0805,37,5,0,-161,16,3.54
fold2_room1_mix0805,38,4,0,152,-1,15.56
fold2_room1_mix0805,38,5,0,-155,15,3.80
fold2_room1_mix0805,39,4,0,148,-1,15.54
fold2_room1_mix0805,39,5,0,-161,16,3.64
fold2_room1_mix0805,40,4,0,146,-1,15.20
fold2_room1_mix0805,40,5,0,-155,16,3.37
fold2_room1_mix0805,41,4,0,148,-1,14.71
fold2_room1_mix0805,41,5,0,-155,15,3.71
fold2_room1_mix0805,42,4,0,147,-1,14.25
fold2_room1_mix0805,42,5,0,-156,16,3.67
fold2_room1_mix0805,43,4,0,144,-1,13.94
fold2_room1_mix0805,43,5,0,-154,15,3.66
fold2_room1_mix0805,44,4,0,146,-1,13.57
fold2_room1_mix0805,44,5,0,-149,15,3.71
fold2_room1_mix0805,45,4,0,144,-1,13.56
fold2_room1_mix0805,45,5,0,-150,14,3.84
fold2_room1_mix0805,46,4,0,143,-1,12.91
fold2_room1_mix0805,46,5,0,-145,19,2.84
fold2_room1_mix0805,47,4,0,143,-2,11.55
fold2_room1_mix0805,47,5,0,-149,18,3.24
fold2_room1_mix0805,48,4,0,141,-2,11.13
fold2_room1_mix0805,48,5,0,-143,20,3.02
fold2_room1_mix0805,49,4,0,138,-2,11.18
fold2_room1_mix0805,49,5,0,-144,21,2.75
fold2_room1_mix0805,50,4,0,137,-2,10.80
fold2_room1_mix0805,50,5,0,-141,28,1.97
fold2_room1_mix0805,51,4,0,134,-2,10.88
fold2_room1_mix0805,51,5,0,-146,27,2.07
fold2_room1_mix0805,52,4,0,133,-2,10.57
fold2_room1_mix0805,52,5,0,-134,28,2.04
fold2_room1_mix0805,53,4,0,129,-2,10.49
fold2_room1_mix0805,53,5,0,-132,27,2.11
fold2_room1_mix0805,54,4,0,126,-2,9.68
fold2_room1_mix0805,54,5,0,-129,27,2.00
fold2_room1_mix0805,55,4,0,124,-2,9.71
fold2_room1_mix0805,55,5,0,-122,28,2.02
fold2_room1_mix0805,56,4,0,121,-2,9.50
fold2_room1_mix0805,56,5,0,-124,28,2.09
fold2_room1_mix0805,57,4,0,121,-2,9.55
fold2_room1_mix0805,57,5,0,-123,29,1.98
fold2_room1_mix0805,58,4,0,118,-2,9.73
fold2_room1_mix0805,58,5,0,-116,31,1.84
fold2_room1_mix0805,59,4,0,116,-2,9.55
fold2_room1_mix0805,59,5,0,-112,37,1.60
fold2_room1_mix0805,60,4,0,111,-3,8.84
fold2_room1_mix0805,60,5,0,-111,36,1.63
fold2_room1_mix0805,61,4,0,109,-3,8.88
fold2_room1_mix0805,61,5,0,-107,34,1.74
fold2_room1_mix0805,62,4,0,104,-3,8.30
fold2_room1_mix0805,62,5,0,-98,37,1.67
fold2_room1_mix0805,63,4,0,100,-3,8.26
fold2_room1_mix0805,63,5,0,-95,37,1.73
fold2_room1_mix0805,64,4,0,98,-3,8.40
fold2_room1_mix0805,64,5,0,-93,36,1.71
fold2_room1_mix0805,65,4,0,95,-4,8.41
fold2_room1_mix0805,65,5,0,-88,38,1.76
fold2_room1_mix0805,66,4,0,91,-3,8.38
fold2_room1_mix0805,66,5,0,-89,35,1.84
fold2_room1_mix0805,67,4,0,87,-4,8.25
fold2_room1_mix0805,67,5,0,-78,36,1.85
fold2_room1_mix0805,68,4,0,83,-3,8.72
fold2_room1_mix0805,68,5,0,-80,34,2.01
fold2_room1_mix0805,69,4,0,77,-4,8.26
fold2_room1_mix0805,69,5,0,-75,33,2.15
fold2_room1_mix0805,70,4,0,73,-4,8.30
fold2_room1_mix0805,70,5,0,-72,35,1.92
fold2_room1_mix0805,71,4,0,71,-4,8.22
fold2_room1_mix0805,71,5,0,-62,29,2.42
fold2_room1_mix0805,72,4,0,68,-3,8.54
fold2_room1_mix0805,72,5,0,-58,28,2.60
fold2_room1_mix0805,73,4,0,67,-3,8.51
fold2_room1_mix0805,73,5,0,-51,30,2.35
fold2_room1_mix0805,74,4,0,62,-3,8.65
fold2_room1_mix0805,74,5,0,-53,27,2.56
fold2_room1_mix0805,75,4,0,62,-3,9.13
fold2_room1_mix0805,75,5,0,-44,27,2.57
fold2_room1_mix0805,76,4,0,60,-2,8.92
fold2_room1_mix0805,76,5,0,-41,28,2.56
fold2_room1_mix0805,77,4,0,54,-2,9.41
fold2_room1_mix0805,77,5,0,-42,25,2.73
fold2_room1_mix0805,78,4,0,53,-2,9.76
fold2_room1_mix0805,78,5,0,-36,28,2.54
fold2_room1_mix0805,79,4,0,49,-2,9.29
fold2_room1_mix0805,79,5,0,-37,26,2.73
fold2_room1_mix0805,80,4,0,49,-2,9.06
fold2_room1_mix0805,80,5,0,-35,25,2.69
fold2_room1_mix0805,81,4,0,42,-2,9.45
fold2_room1_mix0805,81,5,0,-30,25,2.69
fold2_room1_mix0805,82,4,0,40,-2,9.78
fold2_room1_mix0805,82,5,0,-32,26,2.70
fold2_room1_mix0805,83,4,0,37,-2,9.92
fold2_room1_mix0805,83,5,0,-29,23,2.76
fold2_room1_mix0805,84,4,0,36,-2,10.41
fold2_room1_mix0805,84,5,0,-28,21,3.14
fold2_room1_mix0805,85,4,0,34,-2,10.27
fold2_room1_mix0805,85,5,0,-28,20,3.24
fold2_room1_mix0805,86,4,0,32,-2,10.46
fold2_room1_mix0805,86,5,0,-27,20,3.18
fold2_room1_mix0805,87,4,0,31,-2,10.31
fold2_room1_mix0805,87,5,0,-26,18,3.34
fold2_room1_mix0805,88,4,0,33,-2,10.79
fold2_room1_mix0805,88,5,0,-26,19,3.32
fold2_room1_mix0805,89,4,0,32,-2,10.92
fold2_room1_mix0805,89,5,0,-23,18,3.33
fold2_room1_mix0805,90,4,0,30,-2,11.22
fold2_room1_mix0805,90,5,0,-23,17,3.47
fold2_room1_mix0805,91,4,0,30,-2,11.89
fold2_room1_mix0805,91,5,0,-20,17,3.50
fold2_room1_mix0805,92,4,0,29,-2,11.00
fold2_room1_mix0805,92,5,0,-21,17,3.59
fold2_room1_mix0805,93,4,0,25,-1,12.22
fold2_room1_mix0805,93,5,0,-23,17,3.56
fold2_room1_mix0805,94,4,0,27,-1,12.38
fold2_room1_mix0805,94,5,0,-20,16,3.69
fold2_room1_mix0805,95,4,0,27,-1,12.81
fold2_room1_mix0805,95,5,0,-20,15,3.86
fold2_room1_mix0805,96,4,0,27,-1,12.80
fold2_room1_mix0805,96,5,0,-21,14,4.01
fold2_room1_mix0805,97,4,0,24,-1,13.94
fold2_room1_mix0805,97,5,0,-20,13,4.12
fold2_room1_mix0805,98,4,0,24,-1,14.00
fold2_room1_mix0805,98,5,0,-20,13,4.19
fold2_room1_mix0805,99,4,0,21,-1,15.51
fold2_room1_mix0805,99,5,0,-21,12,4.18
fold2_room1_mix0807,0,2,0,112,-3,5.62
fold2_room1_mix0807,1,2,0,115,-4,5.69
fold2_room1_mix0807,1,4,0,-25,0,2.38
fold2_room1_mix0807,1,4,0,-9,0,2.33
fold2_room1_mix0807,2,2,0,118,-4,5.14
fold2_room1_mix0807,2,4,0,-33,-1,6.43
fold2_room1_mix0807,2,4,0,-11,-1,7.57
fold2_room1_mix0807,3,2,0,121,-4,4.39
fold2_room1_mix0807,3,4,0,-21,-1,13.78
fold2_room1_mix0807,4,2,0,121,-5,4.30
fold2_room1_mix0807,4,4,0,-24,-1,13.83
fold2_room1_mix0807,5,4,0,-28,-1,18.30
fold2_room1_mix0807,6,4,0,-28,-1,22.43
fold2_room1_mix0807,7,4,0,-26,-1,23.28
fold2_room1_mix0807,8,4,0,-27,-1,23.89
fold2_room1_mix0807,9,2,0,122,-3,7.01
fold2_room1_mix0807,9,4,0,-27,-1,20.37
fold2_room1_mix0807,9,4,0,-24,-1,22.61
fold2_room1_mix0807,10,2,0,122,-4,5.53
fold2_room1_mix0807,10,4,0,-27,-2,19.89
fold2_room1_mix0807,10,4,0,-24,-1,22.03
fold2_room1_mix0807,11,2,0,127,-4,5.54
fold2_room1_mix0807,11,4,0,-30,-1,20.16
fold2_room1_mix0807,11,4,0,-24,-1,22.77
fold2_room1_mix0807,12,2,0,123,-4,5.35
fold2_room1_mix0807,12,4,0,-31,-2,17.98
fold2_room1_mix0807,12,4,0,-26,-2,19.90
fold2_room1_mix0807,13,2,0,125,-4,5.38
fold2_room1_mix0807,13,4,0,-33,-2,16.83
fold2_room1_mix0807,13,4,0,-173,0,42.86
fold2_room1_mix0807,13,4,0,-18,-1,24.21
fold2_room1_mix0807,14,2,0,127,-4,5.81
fold2_room1_mix0807,14,4,0,-32,-2,17.11
fold2_room1_mix0807,14,4,0,-26,-1,19.89
fold2_room1_mix0807,15,4,0,-33,-2,17.72
fold2_room1_mix0807,15,4,0,-28,-2,19.61
fold2_room1_mix0807,16,4,0,-35,-2,16.90
fold2_room1_mix0807,16,4,0,-31,-1,18.65
fold2_room1_mix0807,17,4,0,-33,-2,16.96
fold2_room1_mix0807,17,4,0,-32,-1,18.27
fold2_room1_mix0807,18,4,0,-36,-2,17.64
fold2_room1_mix0807,19,2,0,121,-3,7.44
fold2_room1_mix0807,19,4,0,-37,-1,15.93
fold2_room1_mix0807,19,4,0,-36,-1,17.38
fold2_room1_mix0807,20,2,0,121,-4,5.94
fold2_room1_mix0807,20,4,0,-37,-1,15.64
fold2_room1_mix0807,20,4,0,-37,-1,16.78
fold2_room1_mix0807,21,2,0,124,-4,5.64
fold2_room1_mix0807,21,4,0,-41,-2,14.09
fold2_room1_mix0807,21,4,0,-36,-2,16.20
fold2_room1_mix0807,22,2,0,121,-4,5.85
fold2_room1_mix0807,22,4,0,-43,-2,14.39
fold2_room1_mix0807,22,4,0,-37,-1,16.86
fold2_room1_mix0807,23,2,0,121,-4,5.43
fold2_room1_mix0807,23,4,0,-44,-2,14.26
fold2_room1_mix0807,23,4,0,179,-1,29.21
fold2_room1_mix0807,23,4,0,-27,0,21.02
fold2_room1_mix0807,24,2,0,126,-4,5.89
fold2_room1_mix0807,24,4,0,-45,-2,14.79
fold2_room1_mix0807,24,4,0,179,-1,30.69
fold2_room1_mix0807,24,4,0,-28,-1,20.03
fold2_room1_mix0807,25,4,0,-48,-2,13.18
fold2_room1_mix0807,25,4,0,-178,-1,27.19
fold2_room1_mix0807,25,4,0,-30,-1,18.21
fold2_room1_mix0807,26,4,0,-46,-2,13.62
fold2_room1_mix0807,26,4,0,-39,-2,15.86
fold2_room1_mix0807,27,4,0,-43,-2,13.38
fold2_room1_mix0807,27,4,0,-41,-2,14.72
fold2_room1_mix0807,28,2,0,124,-3,8.00
fold2_room1_mix0807,28,4,0,-46,-2,12.80
fold2_room1_mix0807,28,4,0,-40,-2,15.34
fold2_room1_mix0807,29,2,0,125,-4,6.84
fold2_room1_mix0807,29,4,0,-46,-2,12.24
fold2_room1_mix0807,29,4,0,-172,-2,17.68
fold2_room1_mix0807,29,4,0,-28,-1,18.32
fold2_room1_mix0807,30,2,0,127,-4,6.28
fold2_room1_mix0807,30,4,0,-48,-2,11.65
fold2_room1_mix0807,30,4,0,-173,-2,17.33
fold2_room1_mix0807,30,4,0,-29,-1,16.53
fold2_room1_mix0807,31,2,0,123,-4,6.16
fold2_room1_mix0807,31,4,0,-50,-3,11.42
fold2_room1_mix0807,31,4,0,-177,-3,14.81
fold2_room1_mix0807,31,4,0,-23,-1,18.04
fold2_room1_mix0807,32,2,0,121,-5,5.19
fold2_room1_mix0807,32,4,0,-52,-3,11.38
fold2_room1_mix0807,32,4,0,179,-3,14.26
fold2_room1_mix0807,32,4,0,-24,-1,18.52
fold2_room1_mix0807,33,2,0,125,-4,5.18
fold2_room1_mix0807,33,4,0,-53,-2,11.22
fold2_room1_mix0807,33,4,0,179,-3,12.44
fold2_room1_mix0807,33,4,0,-21,0,18.41
fold2_room1_mix0807,34,4,0,-58,-3,11.26
fold2_room1_mix0807,34,4,0,178,-3,10.74
fold2_room1_mix0807,34,4,0,-24,-1,17.57
fold2_room1_mix0807,35,4,0,-60,-3,10.64
fold2_room1_mix0807,35,4,0,173,-4,8.76
fold2_room1_mix0807,35,4,0,-29,-1,17.05
fold2_room1_mix0807,36,4,0,-62,-3,10.18
fold2_room1_mix0807,36,4,0,171,-4,8.97
fold2_room1_mix0807,36,4,0,-43,-1,14.93
fold2_room1_mix0807,37,4,0,-66,-3,9.55
fold2_room1_mix0807,37,4,0,171,-4,7.95
fold2_room1_mix0807,37,4,0,-42,-1,14.17
fold2_room1_mix0807,38,2,0,119,-4,6.52
fold2_room1_mix0807,38,4,0,-65,-3,9.09
fold2_room1_mix0807,38,4,0,168,-5,6.07
fold2_room1_mix0807,38,4,0,-39,-1,13.57
fold2_room1_mix0807,39,2,0,121,-4,5.81
fold2_room1_mix0807,39,4,0,-65,-2,9.88
fold2_room1_mix0807,39,4,0,167,-6,5.33
fold2_room1_mix0807,39,4,0,-43,-1,12.75
fold2_room1_mix0807,40,2,0,112,-4,6.19
fold2_room1_mix0807,40,4,0,-68,-3,9.20
fold2_room1_mix0807,40,4,0,160,-7,4.87
fold2_room1_mix0807,40,4,0,-39,-2,11.41
fold2_room1_mix0807,41,2,0,114,-4,5.95
fold2_room1_mix0807,41,4,0,-69,-4,9.00
fold2_room1_mix0807,41,4,0,157,-9,3.33
fold2_room1_mix0807,41,4,0,-34,-3,10.70
fold2_room1_mix0807,42,2,0,116,-4,5.67
fold2_room1_mix0807,42,4,0,-98,-10,6.98
fold2_room1_mix0807,42,4,0,157,-13,2.22
fold2_room1_mix0807,42,4,0,-49,-5,9.53
fold2_room1_mix0807,43,2,0,120,-4,5.62
fold2_room1_mix0807,43,4,0,-122,-47,3.36
fold2_room1_mix0807,43,4,0,158,-28,2.09
fold2_room1_mix0807,43,4,0,-56,-10,9.83
fold2_room1_mix0807,44,4,0,56,-30,1.36
fold2_room1_mix0807,44,4,0,-118,-22,5.13
fold2_room1_mix0807,44,4,0,-48,-14,6.98
fold2_room1_mix0807,45,4,0,16,-19,1.84
fold2_room1_mix0807,45,4,0,-79,-7,9.33
fold2_room1_mix0807,45,4,0,-3,-13,4.56
fold2_room1_mix0807,46,4,0,-10,-14,3.03
fold2_room1_mix0807,46,4,0,-91,-3,8.32
fold2_room1_mix0807,46,4,0,8,-10,4.20
fold2_room1_mix0807,47,4,0,-21,-12,4.00
fold2_room1_mix0807,47,4,0,-81,-5,6.67
fold2_room1_mix0807,47,4,0,9,-10,4.74
fold2_room1_mix0807,48,2,0,111,-4,7.80
fold2_room1_mix0807,48,4,0,-24,-10,4.04
fold2_room1_mix0807,48,4,0,-88,-5,8.08
fold2_room1_mix0807,48,4,0,13,-8,4.42
fold2_room1_mix0807,49,2,0,107,-4,8.77
fold2_room1_mix0807,49,4,0,-18,-7,4.82
fold2_room1_mix0807,49,4,0,-87,-4,9.37
fold2_room1_mix0807,49,4,0,15,-6,4.41
fold2_room1_mix0807,50,2,0,116,-4,7.85
fold2_room1_mix0807,50,4,0,-15,-5,5.94
fold2_room1_mix0807,50,4,0,-96,-4,8.51
fold2_room1_mix0807,50,4,0,12,-6,4.93
fold2_room1_mix0807,51,2,0,114,-4,6.38
fold2_room1_mix0807,51,4,0,-15,-5,6.92
fold2_room1_mix0807,51,4,0,-88,-5,8.78
fold2_room1_mix0807,51,4,0,11,-6,5.29
fold2_room1_mix0807,52,2,0,113,-5,7.59
fold2_room1_mix0807,52,4,0,-15,-4,7.18
fold2_room1_mix0807,52,4,0,-97,-4,9.32
fold2_room1_mix0807,52,4,0,11,-5,5.63
fold2_room1_mix0807,53,2,0,104,-4,2.55
fold2_room1_mix0807,53,4,0,-4,-3,10.02
fold2_room1_mix0807,53,4,0,1,-4,8.41
fold2_room1_mix0807,54,4,0,-2,-3,11.04
fold2_room1_mix0807,54,4,0,1,-3,9.28
fold2_room1_mix0807,55,4,0,-5,-3,11.80
fold2_room1_mix0807,55,4,0,-1,-3,10.31
fold2_room1_mix0807,56,4,0,-6,-3,11.20
fold2_room1_mix0807,56,4,0,-1,-3,10.37
fold2_room1_mix0807,57,2,0,111,-3,9.84
fold2_room1_mix0807,57,4,0,-21,-3,11.54
fold2_room1_mix0807,57,4,0,-102,-5,8.75
fold2_room1_mix0807,57,4,0,-1,-3,10.14
fold2_room1_mix0807,58,2,0,109,-4,8.83
fold2_room1_mix0807,58,4,0,-10,-2,13.16
fold2_room1_mix0807,58,4,0,-6,-2,12.17
fold2_room1_mix0807,59,2,0,116,-4,7.16
fold2_room1_mix0807,59,4,0,-4,-2,13.77
fold2_room1_mix0807,59,4,0,-3,-2,12.83
fold2_room1_mix0807,60,2,0,116,-5,6.90
fold2_room1_mix0807,60,4,0,-17,-2,12.93
fold2_room1_mix0807,60,4,0,-10,-2,13.24
fold2_room1_mix0807,61,2,0,114,-5,6.89
fold2_room1_mix0807,61,4,0,-22,-3,12.92
fold2_room1_mix0807,61,4,0,-123,-4,8.86
fold2_room1_mix0807,61,4,0,0,-1,14.40
fold2_room1_mix0807,62,2,0,125,-4,7.50
fold2_room1_mix0807,62,4,0,-29,-2,13.82
fold2_room1_mix0807,62,4,0,-120,-3,9.74
fold2_room1_mix0807,62,4,0,-1,-1,15.12
fold2_room1_mix0807,63,4,0,-119,-3,10.43
fold2_room1_mix0807,63,4,0,-1,-2,15.63
fold2_room1_mix0807,64,4,0,-122,-3,10.78
fold2_room1_mix0807,64,4,0,0,-1,17.52
fold2_room1_mix0807,65,4,0,-121,-3,11.03
fold2_room1_mix0807,65,4,0,-3,-1,18.65
fold2_room1_mix0807,66,4,0,-122,-3,10.78
fold2_room1_mix0807,66,4,0,-3,-1,19.67
fold2_room1_mix0807,67,2,0,119,-4,6.94
fold2_room1_mix0807,67,4,0,-124,-2,11.54
fold2_room1_mix0807,67,4,0,-2,-1,21.30
fold2_room1_mix0807,68,2,0,121,-4,6.72
fold2_room1_mix0807,68,4,0,-124,-2,11.76
fold2_room1_mix0807,68,4,0,0,-1,21.57
fold2_room1_mix0807,69,2,0,126,-4,6.26
fold2_room1_mix0807,69,4,0,-127,-2,11.00
fold2_room1_mix0807,69,4,0,0,0,25.50
fold2_room1_mix0807,70,2,0,121,-4,6.11
fold2_room1_mix0807,70,4,0,-128,-2,11.49
fold2_room1_mix0807,70,4,0,0,0,27.32
fold2_room1_mix0807,71,2,0,126,-4,6.24
fold2_room1_mix0807,71,4,0,-130,-2,12.06
fold2_room1_mix0807,71,4,0,0,0,29.71
fold2_room1_mix0807,72,2,0,131,-4,5.89
fold2_room1_mix0807,72,4,0,-132,-2,12.06
fold2_room1_mix0807,72,4,0,-1,0,29.28
fold2_room1_mix0807,73,4,0,-133,-2,12.61
fold2_room1_mix0807,73,4,0,-6,0,29.61
fold2_room1_mix0807,74,4,0,-133,-2,13.47
fold2_room1_mix0807,74,4,0,-5,-1,30.68
fold2_room1_mix0807,75,4,0,-133,-2,14.02
fold2_room1_mix0807,75,4,0,-7,0,30.30
fold2_room1_mix0807,76,2,0,109,-3,8.31
fold2_room1_mix0807,76,4,0,-131,-2,13.18
fold2_room1_mix0807,76,4,0,-21,0,26.94
fold2_room1_mix0807,77,2,0,119,-4,6.43
fold2_room1_mix0807,77,4,0,-133,-2,13.33
fold2_room1_mix0807,77,4,0,-5,0,33.91
fold2_room1_mix0807,78,2,0,121,-4,5.60
fold2_room1_mix0807,78,4,0,-133,-2,13.47
fold2_room1_mix0807,78,4,0,-10,0,31.04
fold2_room1_mix0807,79,2,0,118,-4,6.51
fold2_room1_mix0807,79,4,0,-136,-2,13.85
fold2_room1_mix0807,79,4,0,-9,0,32.81
fold2_room1_mix0807,80,2,0,111,-4,5.66
fold2_room1_mix0807,80,4,0,-139,-2,14.66
fold2_room1_mix0807,80,4,0,-10,0,33.94
fold2_room1_mix0807,81,2,0,111,-4,6.48
fold2_room1_mix0807,81,4,0,-138,-2,14.66
fold2_room1_mix0807,81,4,0,-11,0,35.10
fold2_room1_mix0807,82,4,0,-141,-2,16.23
fold2_room1_mix0807,82,4,0,-10,-1,33.57
fold2_room1_mix0807,83,4,0,-140,-2,17.30
fold2_room1_mix0807,83,4,0,-11,-1,35.39
fold2_room1_mix0807,84,4,0,-140,-2,17.26
fold2_room1_mix0807,84,4,0,-12,-1,34.94
fold2_room1_mix0807,85,4,0,-139,-2,16.97
fold2_room1_mix0807,85,4,0,-10,-1,33.77
fold2_room1_mix0807,86,2,0,108,-3,8.93
fold2_room1_mix0807,86,4,0,-142,-2,17.88
fold2_room1_mix0807,86,4,0,-22,-1,29.85
fold2_room1_mix0807,87,2,0,110,-4,7.01
fold2_room1_mix0807,87,4,0,-143,-2,18.21
fold2_room1_mix0807,87,4,0,-21,-1,32.29
fold2_room1_mix0807,88,2,0,112,-4,5.83
fold2_room1_mix0807,88,4,0,-145,-2,18.36
fold2_room1_mix0807,89,2,0,107,-4,5.88
fold2_room1_mix0807,89,4,0,-146,-2,18.37
fold2_room1_mix0807,89,4,0,-37,-1,29.66
fold2_room1_mix0807,90,2,0,111,-5,6.02
fold2_room1_mix0807,90,4,0,-147,-2,17.80
fold2_room1_mix0807,91,2,0,113,-4,7.52
fold2_room1_mix0807,91,4,0,-147,-2,18.95
fold2_room1_mix0807,92,4,0,-147,-1,21.59
fold2_room1_mix0807,93,4,0,-147,-1,22.03
fold2_room1_mix0807,94,4,0,-149,-1,22.90
fold2_room1_mix0807,94,4,0,-131,-1,27.96
fold2_room1_mix0807,95,4,0,-149,-1,25.33
fold2_room1_mix0807,96,2,0,114,-4,7.71
fold2_room1_mix0807,96,4,0,-152,-2,23.90
fold2_room1_mix0807,97,2,0,113,-4,6.99
fold2_room1_mix0807,97,4,0,-153,-1,24.16
fold2_room1_mix0807,98,2,0,116,-4,5.96
fold2_room1_mix0807,98,4,0,-152,-2,24.49
fold2_room1_mix0807,99,2,0,117,-5,6.86
fold2_room1_mix0807,99,4,0,-155,-2,24.46
fold2_room1_mix0820,1,4,0,175,0,3.60
fold2_room1_mix0820,2,4,0,175,0,4.92
fold2_room1_mix0820,3,4,0,175,0,12.29
fold2_room1_mix0820,4,4,0,173,0,11.48
fold2_room1_mix0820,5,4,0,172,0,12.82
fold2_room1_mix0820,6,4,0,172,0,15.25
fold2_room1_mix0820,7,4,0,171,-1,16.78
fold2_room1_mix0820,8,4,0,171,-1,16.15
fold2_room1_mix0820,9,4,0,170,-1,14.98
fold2_room1_mix0820,10,4,0,170,-1,13.94
fold2_room1_mix0820,11,4,0,169,-1,13.87
fold2_room1_mix0820,12,4,0,168,-1,13.68
fold2_room1_mix0820,13,4,0,168,-1,13.48
fold2_room1_mix0820,14,4,0,168,-1,13.17
fold2_room1_mix0820,15,4,0,166,-1,12.05
fold2_room1_mix0820,16,4,0,166,-1,11.39
fold2_room1_mix0820,17,4,0,165,-1,10.78
fold2_room1_mix0820,18,4,0,165,-1,10.67
fold2_room1_mix0820,19,4,0,163,-2,9.63
fold2_room1_mix0820,20,3,0,-99,-2,7.29
fold2_room1_mix0820,20,4,0,160,-2,9.68
fold2_room1_mix0820,21,3,0,-119,-3,11.91
fold2_room1_mix0820,21,4,0,158,-2,9.42
fold2_room1_mix0820,22,3,0,-123,-2,10.63
fold2_room1_mix0820,22,4,0,160,-2,9.25
fold2_room1_mix0820,23,3,0,-104,-2,7.08
fold2_room1_mix0820,23,4,0,161,-1,9.57
fold2_room1_mix0820,24,4,0,160,-1,9.27
fold2_room1_mix0820,25,4,0,163,-2,8.69
fold2_room1_mix0820,26,4,0,163,-2,8.39
fold2_room1_mix0820,27,4,0,161,-2,8.01
fold2_room1_mix0820,28,4,0,160,-2,7.96
fold2_room1_mix0820,29,4,0,159,-2,7.11
fold2_room1_mix0820,30,4,0,158,-3,6.52
fold2_room1_mix0820,31,4,0,157,-2,7.43
fold2_room1_mix0820,32,4,0,155,-3,5.80
fold2_room1_mix0820,32,4,0,152,-3,5.57
fold2_room1_mix0820,33,4,0,153,-3,5.58
fold2_room1_mix0820,33,4,0,153,-3,6.02
fold2_room1_mix0820,34,4,0,151,-3,5.72
fold2_room1_mix0820,34,4,0,148,-4,5.41
fold2_room1_mix0820,35,4,0,148,-4,4.80
fold2_room1_mix0820,35,4,0,143,-4,4.92
fold2_room1_mix0820,36,4,0,145,-4,4.74
fold2_room1_mix0820,36,4,0,140,-4,4.63
fold2_room1_mix0820,37,4,0,140,-5,4.40
fold2_room1_mix0820,37,4,0,136,-5,4.65
fold2_room1_mix0820,38,4,0,140,-5,3.73
fold2_room1_mix0820,38,4,0,135,-5,4.18
fold2_room1_mix0820,39,4,0,136,-6,3.62
fold2_room1_mix0820,39,4,0,133,-6,3.89
fold2_room1_mix0820,40,4,0,133,-5,3.72
fold2_room1_mix0820,40,4,0,177,-1,10.05
fold2_room1_mix0820,40,4,0,112,-6,4.25
fold2_room1_mix0820,41,4,0,120,-7,3.11
fold2_room1_mix0820,41,4,0,114,-7,3.56
fold2_room1_mix0820,42,4,0,108,-6,3.15
fold2_room1_mix0820,42,4,0,104,-7,3.00
fold2_room1_mix0820,43,4,0,98,-6,2.98
fold2_room1_mix0820,43,4,0,93,-6,3.09
fold2_room1_mix0820,44,4,0,91,-6,3.54
fold2_room1_mix0820,44,4,0,87,-6,3.24
fold2_room1_mix0820,45,4,0,81,-7,3.32
fold2_room1_mix0820,45,4,0,77,-7,2.88
fold2_room1_mix0820,46,4,0,70,-6,3.26
fold2_room1_mix0820,46,4,0,67,-6,2.96
fold2_room1_mix0820,47,4,0,70,-6,4.17
fold2_room1_mix0820,47,4,0,63,-6,3.53
fold2_room1_mix0820,48,4,0,57,-6,3.63
fold2_room1_mix0820,48,4,0,53,-6,3.25
fold2_room1_mix0820,49,4,0,46,-5,3.68
fold2_room1_mix0820,49,4,0,46,-5,3.61
fold2_room1_mix0820,50,4,0,45,-5,3.74
fold2_room1_mix0820,50,4,0,44,-5,3.66
fold2_room1_mix0820,51,4,0,36,-4,3.71
fold2_room1_mix0820,51,4,0,36,-4,3.77
fold2_room1_mix0820,52,4,0,35,-4,4.31
fold2_room1_mix0820,52,4,0,33,-4,4.64
fold2_room1_mix0820,53,4,0,33,-3,4.65
fold2_room1_mix0820,53,4,0,32,-3,5.13
fold2_room1_mix0820,54,4,0,31,-3,5.36
fold2_room1_mix0820,54,4,0,29,-3,5.83
fold2_room1_mix0820,55,4,0,30,-3,5.72
fold2_room1_mix0820,55,4,0,27,-2,6.41
fold2_room1_mix0820,56,4,0,28,-3,5.53
fold2_room1_mix0820,56,4,0,26,-2,6.39
fold2_room1_mix0820,57,4,0,27,-2,6.70
fold2_room1_mix0820,57,4,0,23,-2,7.31
fold2_room1_mix0820,58,4,0,27,-2,6.52
fold2_room1_mix0820,58,4,0,24,-2,7.18
fold2_room1_mix0820,59,4,0,25,-2,7.38
fold2_room1_mix0820,59,4,0,21,-2,8.09
fold2_room1_mix0820,60,4,0,24,-3,7.52
fold2_room1_mix0820,60,4,0,20,-2,8.83
fold2_room1_mix0820,61,4,0,30,-10,6.04
fold2_room1_mix0820,61,4,0,24,-5,9.14
fold2_room1_mix0820,62,4,0,23,-15,5.37
fold2_room1_mix0820,62,4,0,18,-10,8.59
fold2_room1_mix0820,63,4,0,23,-14,7.46
fold2_room1_mix0820,63,4,0,18,-9,9.52
fold2_room1_mix0820,64,4,0,17,-7,9.38
fold2_room1_mix0820,64,4,0,16,-4,10.77
fold2_room1_mix0820,65,4,0,16,-7,7.99
fold2_room1_mix0820,65,4,0,13,-4,9.89
fold2_room1_mix0820,66,4,0,10,-6,7.14
fold2_room1_mix0820,66,4,0,10,-4,9.17
fold2_room1_mix0820,67,4,0,0,-6,6.92
fold2_room1_mix0820,68,4,0,0,-5,7.39
fold2_room1_mix0820,69,4,0,1,-3,8.25
fold2_room1_mix0820,70,4,0,0,-3,8.77
fold2_room1_mix0820,71,4,0,0,-3,8.87
fold2_room1_mix0820,72,4,0,1,-3,9.46
fold2_room1_mix0820,73,4,0,1,-3,9.39
fold2_room1_mix0820,74,4,0,1,-2,9.71
fold2_room1_mix0820,75,4,0,1,-2,10.50
fold2_room1_mix0820,76,4,0,2,-2,11.42
fold2_room1_mix0820,77,4,0,1,-2,11.54
fold2_room1_mix0820,78,4,0,1,-2,12.29
fold2_room1_mix0820,79,4,0,1,-1,12.37
fold2_room1_mix0820,80,4,0,1,-1,13.02
fold2_room1_mix0820,81,4,0,1,-1,13.41
fold2_room1_mix0820,82,4,0,2,-1,13.74
fold2_room1_mix0820,83,4,0,2,-1,14.13
fold2_room1_mix0820,84,4,0,2,-1,15.26
fold2_room1_mix0820,85,4,0,2,-1,15.69
fold2_room1_mix0820,86,4,0,1,-1,15.72
fold2_room1_mix0820,87,4,0,2,-1,17.44
fold2_room1_mix0820,88,4,0,2,-1,17.19
fold2_room1_mix0820,89,4,0,3,-1,17.40
fold2_room1_mix0820,90,4,0,2,-1,18.43
fold2_room1_mix0820,91,4,0,2,-1,18.21
fold2_room1_mix0820,92,4,0,2,-1,18.94
fold2_room1_mix0820,93,4,0,3,-1,19.26
fold2_room1_mix0820,94,4,0,2,-1,18.36
fold2_room1_mix0820,95,4,0,3,-1,19.47
fold2_room1_mix0820,96,4,0,3,0,19.38
fold2_room1_mix0820,97,4,0,1,0,20.19
fold2_room1_mix0820,98,4,0,2,0,21.81
fold2_room1_mix0820,99,4,0,1,0,22.13
fold2_room1_mix0838,0,0,0,179,0,109.57
fold2_room1_mix0838,1,0,0,-179,0,99.88
fold2_room1_mix0838,2,0,0,-179,0,274.84
fold2_room1_mix0838,3,0,0,179,0,611.40
fold2_room1_mix0838,4,0,0,179,0,488.15
fold2_room1_mix0838,4,4,0,-14,0,8.66
fold2_room1_mix0838,5,0,0,-179,0,527.51
fold2_room1_mix0838,5,4,0,-8,1,10.01
fold2_room1_mix0838,6,0,0,179,0,597.81
fold2_room1_mix0838,6,4,0,-11,0,27.11
fold2_room1_mix0838,7,0,0,-179,0,576.35
fold2_room1_mix0838,7,4,0,-11,0,27.66
fold2_room1_mix0838,8,0,0,-179,0,645.81
fold2_room1_mix0838,8,4,0,-12,0,32.33
fold2_room1_mix0838,9,0,0,-179,0,576.23
fold2_room1_mix0838,9,4,0,-12,0,36.83
fold2_room1_mix0838,10,0,0,-179,0,645.09
fold2_room1_mix0838,10,4,0,-10,0,36.26
fold2_room1_mix0838,11,0,0,-179,0,715.13
fold2_room1_mix0838,11,4,0,-13,0,35.42
fold2_room1_mix0838,12,0,0,-179,0,691.65
fold2_room1_mix0838,12,4,0,-13,0,28.19
fold2_room1_mix0838,13,0,0,-179,0,675.16
fold2_room1_mix0838,13,4,0,-14,0,34.82
fold2_room1_mix0838,14,0,0,-179,0,760.86
fold2_room1_mix0838,14,4,0,-16,0,36.81
fold2_room1_mix0838,15,0,0,-179,0,642.95
fold2_room1_mix0838,15,4,0,-18,-1,33.30
fold2_room1_mix0838,16,0,0,-179,0,717.38
fold2_room1_mix0838,16,4,0,-14,-1,36.24
fold2_room1_mix0838,17,0,0,179,0,742.50
fold2_room1_mix0838,17,4,0,-17,-1,34.07
fold2_room1_mix0838,18,0,0,-179,0,723.95
fold2_room1_mix0838,18,4,0,-17,-1,35.16
fold2_room1_mix0838,19,0,0,-179,0,795.73
fold2_room1_mix0838,19,4,0,-17,-1,34.28
fold2_room1_mix0838,20,0,0,-179,0,763.14
fold2_room1_mix0838,20,4,0,-18,-1,32.94
fold2_room1_mix0838,21,0,0,-179,0,752.56
fold2_room1_mix0838,21,4,0,-18,-1,32.82
fold2_room1_mix0838,22,0,0,-179,0,855.58
fold2_room1_mix0838,22,4,0,-20,-1,32.51
fold2_room1_mix0838,23,0,0,-179,0,827.93
fold2_room1_mix0838,23,4,0,-20,-1,32.62
fold2_room1_mix0838,24,0,0,-179,0,912.08
fold2_room1_mix0838,24,4,0,-22,-1,32.85
fold2_room1_mix0838,25,0,0,-179,0,815.16
fold2_room1_mix0838,25,4,0,-21,-1,30.96
fold2_room1_mix0838,26,0,0,-179,0,930.19
fold2_room1_mix0838,26,4,0,-24,-1,29.73
fold2_room1_mix0838,27,0,0,-178,0,917.62
fold2_room1_mix0838,27,4,0,-24,-1,28.75
fold2_room1_mix0838,28,0,0,-179,0,832.77
fold2_room1_mix0838,28,4,0,-27,-1,28.88
fold2_room1_mix0838,29,0,0,-179,0,923.24
fold2_room1_mix0838,29,4,0,-28,-1,28.77
fold2_room1_mix0838,30,0,0,-179,0,979.85
fold2_room1_mix0838,30,4,0,-29,-1,29.18
fold2_room1_mix0838,31,0,0,-179,0,936.70
fold2_room1_mix0838,31,4,0,-29,-1,28.16
fold2_room1_mix0838,32,0,0,-178,0,1007.00
fold2_room1_mix0838,32,4,0,-32,-1,26.26
fold2_room1_mix0838,33,0,0,-178,0,904.67
fold2_room1_mix0838,33,4,0,-33,-1,25.77
fold2_room1_mix0838,34,0,0,-178,0,858.99
fold2_room1_mix0838,34,4,0,-33,-1,26.18
fold2_room1_mix0838,35,0,0,-179,0,847.77
fold2_room1_mix0838,35,4,0,-37,-1,25.30
fold2_room1_mix0838,36,0,0,-179,0,832.83
fold2_room1_mix0838,36,3,0,-115,-2,2.96
fold2_room1_mix0838,36,4,0,-36,-1,25.14
fold2_room1_mix0838,37,0,0,-179,0,855.91
fold2_room1_mix0838,37,3,0,-135,-2,8.32
fold2_room1_mix0838,37,4,0,-32,-1,24.29
fold2_room1_mix0838,38,0,0,-179,0,776.45
fold2_room1_mix0838,38,3,0,-133,-2,9.64
fold2_room1_mix0838,38,4,0,-35,-1,24.15
fold2_room1_mix0838,39,0,0,-179,0,710.28
fold2_room1_mix0838,39,3,0,-132,-2,10.02
fold2_room1_mix0838,39,4,0,-33,-1,21.66
fold2_room1_mix0838,40,0,0,-179,0,827.46
fold2_room1_mix0838,40,3,0,-118,-2,9.18
fold2_room1_mix0838,40,4,0,-34,-2,22.30
fold2_room1_mix0838,41,0,0,-179,0,772.41
fold2_room1_mix0838,41,4,0,-34,-1,22.76
fold2_room1_mix0838,42,0,0,-179,0,930.37
fold2_room1_mix0838,42,4,0,-37,-2,18.89
fold2_room1_mix0838,43,0,0,-178,0,780.56
fold2_room1_mix0838,43,4,0,-38,-1,21.56
fold2_room1_mix0838,44,0,0,-179,0,920.42
fold2_room1_mix0838,44,4,0,-41,-1,19.85
fold2_room1_mix0838,45,0,0,-178,0,941.47
fold2_room1_mix0838,45,4,0,-41,-1,20.21
fold2_room1_mix0838,46,0,0,-178,0,837.57
fold2_room1_mix0838,46,4,0,-41,-1,22.22
fold2_room1_mix0838,47,0,0,-178,0,844.96
fold2_room1_mix0838,47,4,0,-44,-1,21.90
fold2_room1_mix0838,48,0,0,-178,0,881.63
fold2_room1_mix0838,48,4,0,-45,-2,20.19
fold2_room1_mix0838,49,0,0,-178,0,900.05
fold2_room1_mix0838,49,4,0,-46,-2,20.86
fold2_room1_mix0838,50,0,0,-178,0,923.66
fold2_room1_mix0838,50,4,0,-47,-1,20.42
fold2_room1_mix0838,51,0,0,-178,0,951.29
fold2_room1_mix0838,51,4,0,-50,-2,19.94
fold2_room1_mix0838,52,0,0,-178,0,821.74
fold2_room1_mix0838,52,4,0,-51,-2,18.57
fold2_room1_mix0838,53,0,0,-179,0,844.70
fold2_room1_mix0838,53,4,0,-55,-2,17.90
fold2_room1_mix0838,54,0,0,-179,0,911.09
fold2_room1_mix0838,54,4,0,-55,-2,17.49
fold2_room1_mix0838,55,0,0,-179,0,868.50
fold2_room1_mix0838,55,4,0,-57,-2,17.19
fold2_room1_mix0838,56,0,0,-179,0,959.86
fold2_room1_mix0838,56,4,0,-59,-2,16.55
fold2_room1_mix0838,57,0,0,-179,0,934.92
fold2_room1_mix0838,57,4,0,-60,-2,16.38
fold2_room1_mix0838,58,0,0,-179,0,969.95
fold2_room1_mix0838,58,4,0,-63,-2,15.20
fold2_room1_mix0838,59,0,0,-179,0,882.75
fold2_room1_mix0838,59,4,0,-66,-2,15.21
fold2_room1_mix0838,60,0,0,-179,0,826.67
fold2_room1_mix0838,60,4,0,-66,-1,14.87
fold2_room1_mix0838,61,0,0,-179,0,921.07
fold2_room1_mix0838,61,4,0,-65,-2,14.45
fold2_room1_mix0838,62,0,0,-179,0,900.22
fold2_room1_mix0838,62,4,0,-66,-2,14.14
fold2_room1_mix0838,63,0,0,-179,0,919.73
fold2_room1_mix0838,63,4,0,-70,-2,13.15
fold2_room1_mix0838,64,0,0,-179,0,930.93
fold2_room1_mix0838,64,4,0,-71,-2,13.09
fold2_room1_mix0838,65,0,0,-179,0,901.76
fold2_room1_mix0838,65,4,0,-72,-2,13.20
fold2_room1_mix0838,66,0,0,-179,0,927.40
fold2_room1_mix0838,66,4,0,-76,-2,13.11
fold2_room1_mix0838,67,0,0,179,0,965.52
fold2_room1_mix0838,67,4,0,-78,-2,13.15
fold2_room1_mix0838,68,0,0,179,0,947.86
fold2_room1_mix0838,68,4,0,-81,-2,12.87
fold2_room1_mix0838,69,0,0,179,0,998.29
fold2_room1_mix0838,69,4,0,-82,-2,12.86
fold2_room1_mix0838,70,0,0,179,0,1002.21
fold2_room1_mix0838,70,4,0,-86,-2,12.67
fold2_room1_mix0838,71,0,0,179,0,917.88
fold2_room1_mix0838,71,4,0,-90,-2,12.52
fold2_room1_mix0838,72,0,0,179,0,923.83
fold2_room1_mix0838,72,4,0,-90,-2,12.52
fold2_room1_mix0838,73,0,0,179,0,826.06
fold2_room1_mix0838,73,4,0,-95,-2,12.72
fold2_room1_mix0838,74,0,0,179,0,908.33
fold2_room1_mix0838,74,4,0,-99,-2,13.11
fold2_room1_mix0838,75,0,0,179,0,818.77
fold2_room1_mix0838,75,4,0,-100,-2,13.03
fold2_room1_mix0838,76,0,0,179,0,717.89
fold2_room1_mix0838,76,4,0,-104,-1,13.37
fold2_room1_mix0838,77,0,0,179,0,724.10
fold2_room1_mix0838,77,4,0,-107,-2,13.46
fold2_room1_mix0838,78,0,0,179,0,746.53
fold2_room1_mix0838,78,4,0,-111,-2,14.04
fold2_room1_mix0838,79,0,0,-179,0,745.59
fold2_room1_mix0838,79,4,0,-113,-1,14.36
fold2_room1_mix0838,80,0,0,-179,0,784.22
fold2_room1_mix0838,80,4,0,-114,-1,15.22
fold2_room1_mix0838,81,0,0,-179,0,702.41
fold2_room1_mix0838,81,4,0,-115,-1,15.19
fold2_room1_mix0838,82,0,0,-179,0,759.34
fold2_room1_mix0838,82,4,0,-117,-1,16.26
fold2_room1_mix0838,83,0,0,179,0,718.13
fold2_room1_mix0838,83,4,0,-117,-1,16.23
fold2_room1_mix0838,84,0,0,-179,0,733.22
fold2_room1_mix0838,84,4,0,-119,-1,16.47
fold2_room1_mix0838,85,0,0,179,0,715.14
fold2_room1_mix0838,85,4,0,-121,-1,17.17
fold2_room1_mix0838,86,0,0,-179,0,738.37
fold2_room1_mix0838,86,4,0,-123,-1,16.76
fold2_room1_mix0838,87,0,0,-179,0,788.31
fold2_room1_mix0838,87,4,0,-124,-1,17.67
fold2_room1_mix0838,88,0,0,179,0,720.25
fold2_room1_mix0838,88,4,0,-127,-1,17.80
fold2_room1_mix0838,89,0,0,179,0,720.63
fold2_room1_mix0838,89,4,0,-127,-1,17.86
fold2_room1_mix0838,90,0,0,179,0,711.04
fold2_room1_mix0838,90,4,0,-129,-1,18.17
fold2_room1_mix0838,91,0,0,179,0,724.86
fold2_room1_mix0838,91,4,0,-131,-1,18.36
fold2_room1_mix0838,92,0,0,179,0,693.04
fold2_room1_mix0838,92,4,0,-131,-1,18.73
fold2_room1_mix0838,93,0,0,179,0,777.95
fold2_room1_mix0838,93,4,0,-132,-1,19.31
fold2_room1_mix0838,94,0,0,179,0,827.91
fold2_room1_mix0838,94,4,0,-134,-1,20.51
fold2_room1_mix0838,95,0,0,179,0,811.65
fold2_room1_mix0838,95,4,0,-135,-1,20.79
fold2_room1_mix0838,96,0,0,179,0,888.87
fold2_room1_mix0838,96,4,0,-137,-1,21.16
fold2_room1_mix0838,97,0,0,179,0,785.59
fold2_room1_mix0838,97,4,0,-136,0,21.36
fold2_room1_mix0838,98,0,0,179,0,767.46
fold2_room1_mix0838,98,4,0,-139,0,21.09
fold2_room1_mix0838,99,0,0,179,0,804.42
fold2_room1_mix0838,99,4,0,-140,0,21.59
fold2_room1_mix0842,0,0,0,-178,0,32.91
fold2_room1_mix0842,1,0,0,-178,0,91.59
fold2_room1_mix0842,2,0,0,-179,0,83.72
fold2_room1_mix0842,3,0,0,178,0,222.47
fold2_room1_mix0842,4,0,0,179,0,270.10
fold2_room1_mix0842,5,0,0,-179,0,248.94
fold2_room1_mix0842,6,0,0,-179,0,346.04
fold2_room1_mix0842,7,0,0,-179,0,330.44
fold2_room1_mix0842,8,0,0,-178,0,340.61
fold2_room1_mix0842,9,0,0,-178,0,422.07
fold2_room1_mix0842,10,0,0,-178,0,435.80
fold2_room1_mix0842,11,0,0,-178,0,437.08
fold2_room1_mix0842,12,0,0,-179,0,464.93
fold2_room1_mix0842,13,0,0,-179,0,534.00
fold2_room1_mix0842,14,0,0,-178,0,427.56
fold2_room1_mix0842,15,0,0,179,0,386.72
fold2_room1_mix0842,16,0,0,-179,0,530.18
fold2_room1_mix0842,17,0,0,179,0,481.48
fold2_room1_mix0842,18,0,0,179,0,472.37
fold2_room1_mix0842,19,0,0,179,0,533.51
fold2_room1_mix0842,20,0,0,-179,0,479.12
fold2_room1_mix0842,20,4,0,0,0,3.85
fold2_room1_mix0842,21,0,0,-179,0,424.86
fold2_room1_mix0842,21,4,0,-1,0,3.84
fold2_room1_mix0842,22,0,0,-179,0,440.25
fold2_room1_mix0842,22,4,0,0,-1,2.49
fold2_room1_mix0842,23,0,0,179,0,526.21
fold2_room1_mix0842,23,4,0,-1,-1,3.30
fold2_room1_mix0842,24,0,0,-179,0,602.67
fold2_room1_mix0842,24,4,0,-4,-1,5.68
fold2_room1_mix0842,25,0,0,-179,0,500.68
fold2_room1_mix0842,25,4,0,-7,-1,8.54
fold2_room1_mix0842,26,0,0,-179,0,514.38
fold2_room1_mix0842,27,0,0,179,0,415.26
fold2_room1_mix0842,27,4,0,0,-2,1.37
fold2_room1_mix0842,28,0,0,179,0,461.17
fold2_room1_mix0842,29,0,0,-179,0,541.24
fold2_room1_mix0842,29,4,0,-2,-1,3.45
fold2_room1_mix0842,30,0,0,-179,0,567.22
fold2_room1_mix0842,31,0,0,-179,0,584.46
fold2_room1_mix0842,31,4,0,1,-1,1.79
fold2_room1_mix0842,32,0,0,-179,0,640.27
fold2_room1_mix0842,32,4,0,-3,-1,3.78
fold2_room1_mix0842,33,0,0,-179,0,443.47
fold2_room1_mix0842,34,0,0,-179,0,453.05
fold2_room1_mix0842,35,0,0,179,0,521.63
fold2_room1_mix0842,36,0,0,179,0,580.94
fold2_room1_mix0842,37,0,0,-179,0,492.38
fold2_room1_mix0842,38,0,0,-179,0,594.01
fold2_room1_mix0842,38,4,0,0,0,4.68
fold2_room1_mix0842,39,0,0,179,0,541.04
fold2_room1_mix0842,39,4,0,-2,0,6.83
fold2_room1_mix0842,40,0,0,-179,0,520.74
fold2_room1_mix0842,40,4,0,-2,0,9.65
fold2_room1_mix0842,41,0,0,-179,0,511.11
fold2_room1_mix0842,41,4,0,-5,-1,10.36
fold2_room1_mix0842,42,0,0,179,0,532.66
fold2_room1_mix0842,42,4,0,-4,-1,11.01
fold2_room1_mix0842,43,0,0,179,0,475.28
fold2_room1_mix0842,43,4,0,-1,-1,9.97
fold2_room1_mix0842,44,0,0,-179,0,494.72
fold2_room1_mix0842,44,4,0,-6,-1,11.79
fold2_room1_mix0842,45,0,0,-179,0,522.84
fold2_room1_mix0842,45,4,0,-5,-1,11.82
fold2_room1_mix0842,46,0,0,-179,0,442.26
fold2_room1_mix0842,46,4,0,-2,-2,11.76
fold2_room1_mix0842,47,0,0,-179,0,431.20
fold2_room1_mix0842,47,4,0,-2,-2,10.41
fold2_room1_mix0842,48,0,0,179,0,570.40
fold2_room1_mix0842,48,4,0,-3,-2,9.86
fold2_room1_mix0842,49,0,0,179,0,543.09
fold2_room1_mix0842,49,4,0,-2,-2,10.03
fold2_room1_mix0842,50,0,0,-179,0,519.63
fold2_room1_mix0842,50,4,0,-3,-2,9.59
fold2_room1_mix0842,51,0,0,179,0,558.42
fold2_room1_mix0842,51,4,0,-3,-2,8.37
fold2_room1_mix0842,52,0,0,-179,0,508.85
fold2_room1_mix0842,52,4,0,-6,-2,7.67
fold2_room1_mix0842,53,0,0,-179,0,440.20
fold2_room1_mix0842,53,4,0,-5,-2,8.27
fold2_room1_mix0842,54,0,0,-179,0,506.46
fold2_room1_mix0842,54,4,0,-8,-3,7.40
fold2_room1_mix0842,55,0,0,179,0,546.68
fold2_room1_mix0842,55,4,0,-6,-2,7.24
fold2_room1_mix0842,56,0,0,-179,0,458.06
fold2_room1_mix0842,56,4,0,-6,-3,7.24
fold2_room1_mix0842,57,0,0,-179,0,457.82
fold2_room1_mix0842,57,4,0,-9,-3,6.59
fold2_room1_mix0842,58,0,0,179,0,467.74
fold2_room1_mix0842,58,4,0,-8,-3,6.08
fold2_room1_mix0842,59,0,0,-179,0,424.90
fold2_room1_mix0842,59,4,0,-7,-3,6.22
fold2_room1_mix0842,60,0,0,-179,0,435.41
fold2_room1_mix0842,60,4,0,-7,-3,5.72
fold2_room1_mix0842,61,0,0,179,0,408.97
fold2_room1_mix0842,61,4,0,-6,-4,5.18
fold2_room1_mix0842,62,0,0,-179,0,370.71
fold2_room1_mix0842,62,4,0,-9,-3,5.30
fold2_room1_mix0842,63,0,0,-179,0,402.96
fold2_room1_mix0842,63,4,0,-8,-5,4.68
fold2_room1_mix0842,64,0,0,-179,0,425.61
fold2_room1_mix0842,64,4,0,-9,-6,4.32
fold2_room1_mix0842,65,0,0,-179,0,365.59
fold2_room1_mix0842,65,4,0,-11,-6,4.12
fold2_room1_mix0842,66,0,0,-179,0,380.43
fold2_room1_mix0842,66,4,0,-12,-6,3.81
fold2_room1_mix0842,67,0,0,-179,0,413.68
fold2_room1_mix0842,67,4,0,-14,-7,3.55
fold2_room1_mix0842,68,0,0,179,0,471.81
fold2_room1_mix0842,68,4,0,-16,-7,3.35
fold2_room1_mix0842,69,0,0,-179,0,380.36
fold2_room1_mix0842,69,4,0,-18,-8,3.00
fold2_room1_mix0842,70,0,0,179,0,414.20
fold2_room1_mix0842,70,4,0,-21,-9,2.68
fold2_room1_mix0842,71,0,0,179,0,458.66
fold2_room1_mix0842,71,4,0,-23,-10,2.43
fold2_room1_mix0842,72,0,0,-179,0,409.70
fold2_room1_mix0842,72,4,0,-28,-13,1.98
fold2_room1_mix0842,73,0,0,179,0,436.10
fold2_room1_mix0842,73,4,0,-35,-16,1.81
fold2_room1_mix0842,74,0,0,179,0,443.56
fold2_room1_mix0842,74,4,0,-40,-19,1.49
fold2_room1_mix0842,75,0,0,179,0,400.24
fold2_room1_mix0842,75,4,0,-51,-23,1.31
fold2_room1_mix0842,76,0,0,179,0,457.76
fold2_room1_mix0842,76,4,0,-71,-27,1.18
fold2_room1_mix0842,77,0,0,179,0,450.14
fold2_room1_mix0842,77,4,0,-95,-27,1.06
fold2_room1_mix0842,78,0,0,179,0,399.84
fold2_room1_mix0842,78,4,0,-116,-27,1.07
fold2_room1_mix0842,79,0,0,179,0,439.21
fold2_room1_mix0842,79,4,0,-134,-22,1.35
fold2_room1_mix0842,80,0,0,179,0,497.82
fold2_room1_mix0842,80,4,0,-142,-19,1.63
fold2_room1_mix0842,81,0,0,179,0,454.06
fold2_room1_mix0842,81,4,0,-151,-17,1.89
fold2_room1_mix0842,82,0,0,179,0,439.33
fold2_room1_mix0842,82,4,0,-156,-14,2.31
fold2_room1_mix0842,83,0,0,179,0,468.80
fold2_room1_mix0842,83,4,0,-157,-13,2.47
fold2_room1_mix0842,84,0,0,179,0,502.15
fold2_room1_mix0842,84,4,0,-162,-11,2.82
fold2_room1_mix0842,85,0,0,-179,0,469.51
fold2_room1_mix0842,85,4,0,-162,-10,3.04
fold2_room1_mix0842,86,0,0,-179,0,524.58
fold2_room1_mix0842,86,4,0,-164,-9,3.18
fold2_room1_mix0842,87,0,0,179,0,538.99
fold2_room1_mix0842,87,4,0,-165,-7,3.47
fold2_room1_mix0842,88,0,0,-179,0,562.17
fold2_room1_mix0842,88,4,0,-167,-7,3.52
fold2_room1_mix0842,89,0,0,-179,0,481.96
fold2_room1_mix0842,89,4,0,-168,-6,4.13
fold2_room1_mix0842,90,0,0,179,0,494.59
fold2_room1_mix0842,90,4,0,-169,-6,4.35
fold2_room1_mix0842,91,0,0,-179,0,446.40
fold2_room1_mix0842,91,4,0,-169,-6,4.68
fold2_room1_mix0842,92,0,0,-179,0,535.71
fold2_room1_mix0842,92,4,0,-170,-5,5.06
fold2_room1_mix0842,93,0,0,-179,0,552.17
fold2_room1_mix0842,93,4,0,-171,-5,5.15
fold2_room1_mix0842,94,0,0,-179,0,485.13
fold2_room1_mix0842,94,4,0,-170,-4,5.86
fold2_room1_mix0842,95,0,0,179,0,463.52
fold2_room1_mix0842,95,4,0,-171,-5,5.73
fold2_room1_mix0842,96,0,0,179,0,480.91
fold2_room1_mix0842,96,4,0,-173,-5,6.16
fold2_room1_mix0842,97,0,0,179,0,415.60
fold2_room1_mix0842,97,4,0,-172,-4,6.42
fold2_room1_mix0842,98,0,0,179,0,450.76
fold2_room1_mix0842,98,4,0,-173,-4,7.02
fold2_room1_mix0842,99,0,0,179,0,497.95
fold2_room1_mix0842,99,4,0,-171,-4,7.41
fold2_room1_mix0860,0,2,0,95,-2,2.99
fold2_room1_mix0860,1,2,0,93,-2,10.24
fold2_room1_mix0860,2,2,0,95,-4,5.41
fold2_room1_mix0860,2,5,0,-149,9,2.51
fold2_room1_mix0860,3,2,0,86,-4,7.06
fold2_room1_mix0860,4,2,0,92,-4,8.35
fold2_room1_mix0860,4,4,0,-175,0,11.36
fold2_room1_mix0860,4,5,0,-146,12,2.76
fold2_room1_mix0860,5,2,0,92,-4,7.31
fold2_room1_mix0860,5,5,0,-143,11,3.60
fold2_room1_mix0860,6,4,0,-176,0,16.19
fold2_room1_mix0860,6,5,0,-144,18,2.37
fold2_room1_mix0860,7,4,0,-178,0,17.15
fold2_room1_mix0860,7,5,0,-139,11,3.32
fold2_room1_mix0860,8,4,0,-177,0,19.51
fold2_room1_mix0860,8,5,0,-138,14,3.54
fold2_room1_mix0860,9,4,0,-179,0,30.13
fold2_room1_mix0860,9,5,0,-135,16,2.81
fold2_room1_mix0860,10,2,0,96,-3,10.16
fold2_room1_mix0860,10,4,0,-175,0,26.13
fold2_room1_mix0860,10,5,0,-130,15,3.23
fold2_room1_mix0860,11,2,0,90,-3,9.38
fold2_room1_mix0860,11,4,0,-178,-1,27.91
fold2_room1_mix0860,11,5,0,-134,21,1.90
fold2_room1_mix0860,12,2,0,86,-3,9.40
fold2_room1_mix0860,12,4,0,-178,-1,25.55
fold2_room1_mix0860,12,5,0,-129,21,1.82
fold2_room1_mix0860,13,2,0,92,-4,8.63
fold2_room1_mix0860,13,4,0,-176,-1,28.19
fold2_room1_mix0860,13,5,0,-127,16,2.99
fold2_room1_mix0860,14,2,0,91,-4,8.67
fold2_room1_mix0860,14,4,0,-177,-1,30.68
fold2_room1_mix0860,14,5,0,-131,15,2.81
fold2_room1_mix0860,15,2,0,89,-4,8.29
fold2_room1_mix0860,15,4,0,-175,-1,28.27
fold2_room1_mix0860,15,5,0,-128,19,1.93
fold2_room1_mix0860,16,2,0,95,-4,8.24
fold2_room1_mix0860,16,4,0,-173,-1,21.43
fold2_room1_mix0860,16,5,0,-119,16,2.96
fold2_room1_mix0860,17,4,0,-175,0,29.46
fold2_room1_mix0860,17,5,0,-119,14,3.51
fold2_room1_mix0860,18,4,0,-174,-1,27.73
fold2_room1_mix0860,18,5,0,-125,14,3.36
fold2_room1_mix0860,19,4,0,-176,0,27.49
fold2_room1_mix0860,19,5,0,-112,19,2.89
fold2_room1_mix0860,20,4,0,-177,0,27.12
fold2_room1_mix0860,20,5,0,-114,19,2.80
fold2_room1_mix0860,21,2,0,88,-3,10.61
fold2_room1_mix0860,21,4,0,-177,-1,24.29
fold2_room1_mix0860,21,5,0,-119,19,2.10
fold2_room1_mix0860,22,2,0,90,-4,9.19
fold2_room1_mix0860,22,4,0,-179,-1,29.48
fold2_room1_mix0860,22,5,0,-111,16,3.35
fold2_room1_mix0860,23,2,0,94,-4,8.65
fold2_room1_mix0860,23,4,0,-177,-1,30.11
fold2_room1_mix0860,23,5,0,-106,16,3.47
fold2_room1_mix0860,24,2,0,91,-4,8.80
fold2_room1_mix0860,24,4,0,-178,-1,29.60
fold2_room1_mix0860,24,5,0,-113,18,2.49
fold2_room1_mix0860,25,2,0,91,-4,8.31
fold2_room1_mix0860,25,4,0,-178,-1,28.92
fold2_room1_mix0860,25,5,0,-105,20,2.45
fold2_room1_mix0860,26,2,0,94,-4,8.26
fold2_room1_mix0860,26,4,0,-179,-1,29.79
fold2_room1_mix0860,26,5,0,-104,18,3.01
fold2_room1_mix0860,27,4,0,-178,-1,28.32
fold2_room1_mix0860,27,5,0,-102,20,2.61
fold2_room1_mix0860,28,4,0,-177,0,28.85
fold2_room1_mix0860,28,5,0,-99,21,2.77
fold2_room1_mix0860,29,4,0,179,-1,27.84
fold2_room1_mix0860,29,5,0,-94,20,3.22
fold2_room1_mix0860,30,4,0,179,0,27.27
fold2_room1_mix0860,30,5,0,-97,21,2.83
fold2_room1_mix0860,31,4,0,-179,0,27.70
fold2_room1_mix0860,31,5,0,-92,23,2.59
fold2_room1_mix0860,32,2,0,93,-4,7.14
fold2_room1_mix0860,32,4,0,-179,-1,27.97
fold2_room1_mix0860,32,5,0,-94,21,2.79
fold2_room1_mix0860,33,2,0,95,-4,7.81
fold2_room1_mix0860,33,4,0,-178,-1,25.54
fold2_room1_mix0860,33,5,0,-92,20,2.53
fold2_room1_mix0860,34,2,0,93,-4,8.20
fold2_room1_mix0860,34,4,0,-178,-1,25.87
fold2_room1_mix0860,34,5,0,-91,23,2.31
fold2_room1_mix0860,35,2,0,93,-4,7.43
fold2_room1_mix0860,35,4,0,-178,-1,25.80
fold2_room1_mix0860,35,5,0,-88,21,2.71
fold2_room1_mix0860,36,2,0,91,-4,6.97
fold2_room1_mix0860,36,4,0,-178,-1,25.46
fold2_room1_mix0860,36,5,0,-88,22,2.26
fold2_room1_mix0860,37,2,0,91,-4,6.23
fold2_room1_mix0860,37,4,0,-177,0,25.17
fold2_room1_mix0860,37,5,0,-82,24,2.16
fold2_room1_mix0860,38,4,0,-179,0,23.71
fold2_room1_mix0860,38,5,0,-77,23,2.90
fold2_room1_mix0860,39,4,0,-179,0,21.85
fold2_room1_mix0860,39,5,0,-74,22,3.02
fold2_room1_mix0860,40,4,0,-176,0,22.30
fold2_room1_mix0860,40,5,0,-70,23,2.57
fold2_room1_mix0860,41,4,0,-176,0,23.04
fold2_room1_mix0860,41,5,0,-73,22,3.07
fold2_room1_mix0860,42,2,0,89,-4,7.65
fold2_room1_mix0860,42,4,0,-178,-1,20.26
fold2_room1_mix0860,42,5,0,-71,21,2.84
fold2_room1_mix0860,43,2,0,94,-4,7.95
fold2_room1_mix0860,43,4,0,-179,0,20.78
fold2_room1_mix0860,43,5,0,-70,23,2.51
fold2_room1_mix0860,44,2,0,92,-4,7.81
fold2_room1_mix0860,44,4,0,-177,-1,19.72
fold2_room1_mix0860,44,5,0,-69,21,2.61
fold2_room1_mix0860,45,2,0,95,-5,7.15
fold2_room1_mix0860,45,4,0,-176,-1,18.23
fold2_room1_mix0860,45,5,0,-63,19,2.80
fold2_room1_mix0860,46,2,0,94,-5,7.21
fold2_room1_mix0860,46,4,0,-177,-1,17.52
fold2_room1_mix0860,46,5,0,-56,21,2.50
fold2_room1_mix0860,47,2,0,95,-4,7.52
fold2_room1_mix0860,47,4,0,179,-1,15.73
fold2_room1_mix0860,47,5,0,-57,20,2.57
fold2_room1_mix0860,48,2,0,102,-4,6.24
fold2_room1_mix0860,48,4,0,-179,0,17.14
fold2_room1_mix0860,48,5,0,-55,18,3.13
fold2_room1_mix0860,49,4,0,179,-1,15.23
fold2_room1_mix0860,49,5,0,-50,18,3.12
fold2_room1_mix0860,50,4,0,-178,-1,14.58
fold2_room1_mix0860,50,5,0,-46,18,3.58
fold2_room1_mix0860,51,4,0,-178,-1,14.79
fold2_room1_mix0860,51,5,0,-47,17,3.91
fold2_room1_mix0860,52,4,0,-177,-1,12.94
fold2_room1_mix0860,52,5,0,-48,18,3.32
fold2_room1_mix0860,53,2,0,97,-4,7.04
fold2_room1_mix0860,53,4,0,-174,-2,13.19
fold2_room1_mix0860,53,5,0,-42,18,2.86
fold2_room1_mix0860,54,2,0,96,-4,7.15
fold2_room1_mix0860,54,4,0,-174,-1,12.32
fold2_room1_mix0860,54,5,0,-42,16,3.60
fold2_room1_mix0860,55,2,0,99,-5,7.67
fold2_room1_mix0860,55,4,0,-172,-2,10.83
fold2_room1_mix0860,55,5,0,-40,17,3.09
fold2_room1_mix0860,56,2,0,98,-4,8.13
fold2_room1_mix0860,56,4,0,-174,-2,10.53
fold2_room1_mix0860,56,5,0,-38,18,2.69
fold2_room1_mix0860,57,2,0,94,-5,7.79
fold2_room1_mix0860,57,4,0,-172,-2,9.89
fold2_room1_mix0860,57,5,0,-40,17,3.15
fold2_room1_mix0860,58,2,0,97,-4,7.11
fold2_room1_mix0860,58,4,0,-170,-2,9.38
fold2_room1_mix0860,58,5,0,-37,16,2.90
fold2_room1_mix0860,59,4,0,-170,-2,8.52
fold2_room1_mix0860,59,5,0,-32,16,3.49
fold2_room1_mix0860,60,4,0,-167,-2,8.57
fold2_room1_mix0860,60,5,0,-36,17,3.61
fold2_room1_mix0860,61,4,0,-166,-2,7.65
fold2_room1_mix0860,61,5,0,-34,15,3.77
fold2_room1_mix0860,62,4,0,-164,-3,7.40
fold2_room1_mix0860,62,5,0,-33,15,3.77
fold2_room1_mix0860,63,4,0,-162,-2,6.84
fold2_room1_mix0860,63,5,0,-29,15,4.20
fold2_room1_mix0860,64,2,0,94,-4,8.33
fold2_room1_mix0860,64,4,0,-162,-4,5.59
fold2_room1_mix0860,64,5,0,-32,14,3.90
fold2_room1_mix0860,65,2,0,95,-4,8.84
fold2_room1_mix0860,65,4,0,-160,-4,5.02
fold2_room1_mix0860,65,5,0,-31,16,3.22
fold2_room1_mix0860,66,2,0,94,-4,8.39
fold2_room1_mix0860,66,4,0,-157,-5,4.52
fold2_room1_mix0860,66,5,0,-30,15,3.52
fold2_room1_mix0860,67,2,0,94,-4,8.62
fold2_room1_mix0860,67,4,0,-152,-6,3.80
fold2_room1_mix0860,67,5,0,-31,14,3.54
fold2_room1_mix0860,68,2,0,95,-4,8.76
fold2_room1_mix0860,68,4,0,-149,-7,3.21
fold2_room1_mix0860,68,5,0,-28,14,3.28
fold2_room1_mix0860,69,2,0,96,-4,7.79
fold2_room1_mix0860,69,4,0,-143,-7,2.88
fold2_room1_mix0860,69,5,0,-26,15,3.34
fold2_room1_mix0860,70,4,0,-135,-8,2.60
fold2_room1_mix0860,70,5,0,-26,13,4.38
fold2_room1_mix0860,71,4,0,-118,-10,2.08
fold2_room1_mix0860,71,5,0,-26,14,4.08
fold2_room1_mix0860,72,4,0,-102,-10,2.05
fold2_room1_mix0860,72,5,0,-25,15,3.84
fold2_room1_mix0860,73,4,0,-86,-9,2.37
fold2_room1_mix0860,73,5,0,-25,13,4.95
fold2_room1_mix0860,74,2,0,98,-3,8.93
fold2_room1_mix0860,74,4,0,-71,-9,2.41
fold2_room1_mix0860,74,5,0,-26,13,4.30
fold2_room1_mix0860,75,2,0,95,-3,9.85
fold2_room1_mix0860,75,4,0,-55,-7,2.45
fold2_room1_mix0860,75,5,0,-24,13,4.23
fold2_room1_mix0860,76,2,0,90,-3,10.33
fold2_room1_mix0860,76,4,0,-46,-6,2.77
fold2_room1_mix0860,76,5,0,-25,13,4.23
fold2_room1_mix0860,77,2,0,95,-4,9.50
fold2_room1_mix0860,77,4,0,-35,-6,3.21
fold2_room1_mix0860,77,5,0,-24,13,3.89
fold2_room1_mix0860,78,2,0,96,-3,9.94
fold2_room1_mix0860,78,4,0,-33,-5,3.57
fold2_room1_mix0860,78,5,0,-24,14,3.44
fold2_room1_mix0860,79,2,0,92,-3,9.26
fold2_room1_mix0860,79,4,0,-30,-4,4.18
fold2_room1_mix0860,79,5,0,-23,13,4.12
fold2_room1_mix0860,80,4,0,-24,-4,4.70
fold2_room1_mix0860,80,5,0,-21,12,4.92
fold2_room1_mix0860,81,4,0,-21,-4,5.06
fold2_room1_mix0860,81,5,0,-20,13,4.09
fold2_room1_mix0860,82,4,0,-20,-3,5.52
fold2_room1_mix0860,82,5,0,-18,14,4.80
fold2_room1_mix0860,83,4,0,-16,-2,6.43
fold2_room1_mix0860,83,5,0,-21,12,5.41
fold2_room1_mix0860,84,4,0,-15,-2,6.87
fold2_room1_mix0860,84,5,0,-18,11,5.57
fold2_room1_mix0860,85,2,0,95,-3,9.19
fold2_room1_mix0860,85,4,0,-14,-2,7.16
fold2_room1_mix0860,85,5,0,-18,12,4.51
fold2_room1_mix0860,86,2,0,93,-3,9.06
fold2_room1_mix0860,86,4,0,-12,-2,8.00
fold2_room1_mix0860,86,5,0,-18,12,5.13
fold2_room1_mix0860,87,2,0,98,-3,9.07
fold2_room1_mix0860,87,4,0,-12,-2,8.74
fold2_room1_mix0860,87,5,0,-19,11,5.01
fold2_room1_mix0860,88,2,0,92,-3,10.12
fold2_room1_mix0860,88,4,0,-11,-2,9.30
fold2_room1_mix0860,88,5,0,-18,11,4.56
fold2_room1_mix0860,89,2,0,89,-4,9.07
fold2_room1_mix0860,89,4,0,-11,-2,9.87
fold2_room1_mix0860,89,5,0,-19,11,5.18
fold2_room1_mix0860,90,2,0,93,-3,8.32
fold2_room1_mix0860,90,4,0,-10,-2,10.47
fold2_room1_mix0860,90,5,0,-19,11,5.07
fold2_room1_mix0860,91,4,0,-9,-1,10.87
fold2_room1_mix0860,91,5,0,-12,10,5.95
fold2_room1_mix0860,92,4,0,-8,-1,11.85
fold2_room1_mix0860,92,5,0,-16,10,6.46
fold2_room1_mix0860,93,4,0,-7,-1,11.84
fold2_room1_mix0860,93,5,0,-15,9,6.94
fold2_room1_mix0860,94,4,0,-7,-1,12.36
fold2_room1_mix0860,94,5,0,-13,9,6.53
fold2_room1_mix0860,95,2,0,83,-2,9.78
fold2_room1_mix0860,95,4,0,-7,-1,13.03
fold2_room1_mix0860,95,5,0,-15,10,6.33
fold2_room1_mix0860,96,2,0,95,-3,8.41
fold2_room1_mix0860,96,4,0,-7,-2,13.74
fold2_room1_mix0860,96,5,0,-17,9,6.16
fold2_room1_mix0860,97,2,0,94,-3,9.48
fold2_room1_mix0860,97,4,0,-6,-2,13.60
fold2_room1_mix0860,97,5,0,-15,10,5.82
fold2_room1_mix0860,98,2,0,95,-3,9.20
fold2_room1_mix0860,98,4,0,-6,-2,14.62
fold2_room1_mix0860,98,5,0,-14,10,6.14
fold2_room1_mix0860,99,2,0,94,-4,8.46
fold2_room1_mix0860,99,4,0,-5,-2,15.81
fold2_room1_mix0860,99,5,0,-16,9,6.64
fold2_room1_mix0881,2,4,0,179,1,2.92
fold2_room1_mix0881,3,4,0,178,0,22.42
fold2_room1_mix0881,4,4,0,176,0,25.49
fold2_room1_mix0881,5,4,0,176,0,26.45
fold2_room1_mix0881,6,4,0,175,0,30.47
fold2_room1_mix0881,7,4,0,174,0,45.75
fold2_room1_mix0881,8,4,0,173,0,46.54
fold2_room1_mix0881,9,4,0,173,0,43.54
fold2_room1_mix0881,10,4,0,175,0,41.59
fold2_room1_mix0881,11,4,0,173,-1,41.07
fold2_room1_mix0881,12,4,0,173,0,39.90
fold2_room1_mix0881,13,4,0,174,-1,37.27
fold2_room1_mix0881,14,4,0,174,0,39.31
fold2_room1_mix0881,15,4,0,173,0,37.10
fold2_room1_mix0881,16,4,0,173,0,35.23
fold2_room1_mix0881,17,4,0,174,0,36.45
fold2_room1_mix0881,18,4,0,173,0,35.55
fold2_room1_mix0881,19,4,0,174,0,33.16
fold2_room1_mix0881,20,4,0,173,-1,31.83
fold2_room1_mix0881,21,4,0,174,0,32.31
fold2_room1_mix0881,22,4,0,173,-1,31.34
fold2_room1_mix0881,23,4,0,174,-1,30.84
fold2_room1_mix0881,24,4,0,173,-1,30.69
fold2_room1_mix0881,25,4,0,172,-1,28.71
fold2_room1_mix0881,26,4,0,173,-1,29.68
fold2_room1_mix0881,27,4,0,173,-1,28.28
fold2_room1_mix0881,28,4,0,173,-1,28.50
fold2_room1_mix0881,29,4,0,172,-1,26.49
fold2_room1_mix0881,30,4,0,173,-1,26.85
fold2_room1_mix0881,31,4,0,171,-1,24.89
fold2_room1_mix0881,32,4,0,172,-1,25.03
fold2_room1_mix0881,33,4,0,171,-1,24.61
fold2_room1_mix0881,34,4,0,171,-1,24.00
fold2_room1_mix0881,35,4,0,172,-1,23.31
fold2_room1_mix0881,36,4,0,171,-1,22.81
fold2_room1_mix0881,37,4,0,171,-1,22.49
fold2_room1_mix0881,38,4,0,171,-1,22.12
fold2_room1_mix0881,39,4,0,171,-1,21.61
fold2_room1_mix0881,40,4,0,170,-1,20.36
fold2_room1_mix0881,41,4,0,170,-1,19.85
fold2_room1_mix0881,42,4,0,169,-1,19.01
fold2_room1_mix0881,43,4,0,169,-1,18.79
fold2_room1_mix0881,44,4,0,170,-1,17.71
fold2_room1_mix0881,45,4,0,170,-1,16.94
fold2_room1_mix0881,46,4,0,169,-1,17.19
fold2_room1_mix0881,47,4,0,169,-1,16.85
fold2_room1_mix0881,48,4,0,170,-1,16.54
fold2_room1_mix0881,49,4,0,169,-1,16.40
fold2_room1_mix0881,50,4,0,169,-1,15.10
fold2_room1_mix0881,51,4,0,170,-1,15.10
fold2_room1_mix0881,52,4,0,169,-1,14.76
fold2_room1_mix0881,53,4,0,169,-1,13.86
fold2_room1_mix0881,54,4,0,168,-1,13.12
fold2_room1_mix0881,55,4,0,167,-1,12.82
fold2_room1_mix0881,56,4,0,167,-1,12.27
fold2_room1_mix0881,57,4,0,166,-2,11.51
fold2_room1_mix0881,58,4,0,166,-2,11.54
fold2_room1_mix0881,59,4,0,166,-2,10.82
fold2_room1_mix0881,60,4,0,164,-2,10.06
fold2_room1_mix0881,61,4,0,164,-2,9.36
fold2_room1_mix0881,62,4,0,164,-2,9.34
fold2_room1_mix0881,63,4,0,163,-3,8.48
fold2_room1_mix0881,64,4,0,161,-3,8.05
fold2_room1_mix0881,65,4,0,160,-3,7.50
fold2_room1_mix0881,66,4,0,158,-3,7.17
fold2_room1_mix0881,67,4,0,156,-3,6.71
fold2_room1_mix0881,68,4,0,154,-4,6.29
fold2_room1_mix0881,69,4,0,154,-4,5.90
fold2_room1_mix0881,70,4,0,151,-4,5.35
fold2_room1_mix0881,71,4,0,149,-5,4.90
fold2_room1_mix0881,72,4,0,146,-5,4.63
fold2_room1_mix0881,73,4,0,142,-6,4.05
fold2_room1_mix0881,74,4,0,135,-6,3.87
fold2_room1_mix0881,75,4,0,130,-7,3.50
fold2_room1_mix0881,76,4,0,123,-7,3.04
fold2_room1_mix0881,77,4,0,112,-8,2.68
fold2_room1_mix0881,78,4,0,101,-10,2.52
fold2_room1_mix0881,79,4,0,91,-10,2.47
fold2_room1_mix0881,80,4,0,82,-11,2.49
fold2_room1_mix0881,81,4,0,70,-10,2.57
fold2_room1_mix0881,82,4,0,61,-8,2.82
fold2_room1_mix0881,83,4,0,52,-8,3.10
fold2_room1_mix0881,84,4,0,45,-7,3.49
fold2_room1_mix0881,85,4,0,41,-6,3.64
fold2_room1_mix0881,86,4,0,37,-6,3.86
fold2_room1_mix0881,87,4,0,33,-5,4.39
fold2_room1_mix0881,88,4,0,31,-4,4.98
fold2_room1_mix0881,89,4,0,27,-4,5.16
fold2_room1_mix0881,90,4,0,26,-4,5.82
fold2_room1_mix0881,91,4,0,23,-3,6.23
fold2_room1_mix0881,92,4,0,22,-3,6.72
fold2_room1_mix0881,93,4,0,21,-3,7.23
fold2_room1_mix0881,94,4,0,20,-3,7.83
fold2_room1_mix0881,95,4,0,19,-3,8.28
fold2_room1_mix0881,96,4,0,18,-3,8.51
fold2_room1_mix0881,97,4,0,17,-2,8.94
fold2_room1_mix0881,98,4,0,17,-2,9.49
fold2_room1_mix0881,99,4,0,15,-2,9.86
fold2_room1_mix0888,1,4,0,179,0,2.90
fold2_room1_mix0888,2,4,0,179,1,3.34
fold2_room1_mix0888,3,4,0,179,0,9.38
fold2_room1_mix0888,4,4,0,178,0,25.28
fold2_room1_mix0888,5,4,0,179,0,25.49
fold2_room1_mix0888,6,4,0,179,0,27.53
fold2_room1_mix0888,7,4,0,177,0,46.58
fold2_room1_mix0888,8,4,0,176,0,45.65
fold2_room1_mix0888,9,4,0,178,0,45.11
fold2_room1_mix0888,10,4,0,175,0,44.87
fold2_room1_mix0888,11,4,0,176,0,44.31
fold2_room1_mix0888,12,4,0,176,0,45.72
fold2_room1_mix0888,13,4,0,175,0,41.59
fold2_room1_mix0888,14,4,0,176,0,37.32
fold2_room1_mix0888,15,4,0,175,0,37.63
fold2_room1_mix0888,16,4,0,176,0,36.39
fold2_room1_mix0888,17,4,0,177,0,35.07
fold2_room1_mix0888,18,4,0,176,0,34.31
fold2_room1_mix0888,19,4,0,176,0,32.50
fold2_room1_mix0888,20,4,0,176,0,32.73
fold2_room1_mix0888,21,4,0,175,0,31.34
fold2_room1_mix0888,22,4,0,176,-1,30.26
fold2_room1_mix0888,23,4,0,175,0,30.78
fold2_room1_mix0888,24,4,0,175,-1,29.82
fold2_room1_mix0888,25,4,0,177,-1,28.51
fold2_room1_mix0888,26,4,0,176,-1,27.69
fold2_room1_mix0888,27,4,0,176,-1,27.14
fold2_room1_mix0888,28,4,0,176,-1,26.02
fold2_room1_mix0888,29,4,0,175,-1,27.73
fold2_room1_mix0888,30,3,0,-6,-2,5.61
fold2_room1_mix0888,30,4,0,175,0,24.89
fold2_room1_mix0888,31,3,0,-15,-2,3.98
fold2_room1_mix0888,31,4,0,175,-1,26.77
fold2_room1_mix0888,32,3,0,-39,-2,9.48
fold2_room1_mix0888,32,4,0,175,-1,23.59
fold2_room1_mix0888,33,3,0,-28,-2,3.84
fold2_room1_mix0888,33,4,0,176,-1,23.89
fold2_room1_mix0888,34,4,0,176,-1,22.14
fold2_room1_mix0888,35,4,0,176,-1,22.85
fold2_room1_mix0888,36,4,0,176,-1,20.02
fold2_room1_mix0888,37,3,0,-44,-2,6.55
fold2_room1_mix0888,37,4,0,175,-1,20.44
fold2_room1_mix0888,38,3,0,-42,-3,10.03
fold2_room1_mix0888,38,4,0,173,-1,19.84
fold2_room1_mix0888,39,4,0,175,-1,18.32
fold2_room1_mix0888,40,4,0,174,-1,18.08
fold2_room1_mix0888,41,4,0,176,-1,17.76
fold2_room1_mix0888,42,4,0,174,-1,15.85
fold2_room1_mix0888,43,4,0,174,-1,16.45
fold2_room1_mix0888,44,4,0,174,-1,15.30
fold2_room1_mix0888,45,4,0,175,-2,13.82
fold2_room1_mix0888,46,4,0,174,-1,13.91
fold2_room1_mix0888,47,4,0,175,-2,13.05
fold2_room1_mix0888,48,4,0,174,-2,12.18
fold2_room1_mix0888,49,4,0,174,-2,11.85
fold2_room1_mix0888,50,4,0,174,-2,10.71
fold2_room1_mix0888,51,4,0,175,-2,10.25
fold2_room1_mix0888,52,4,0,174,-2,9.52
fold2_room1_mix0888,53,4,0,172,-3,9.13
fold2_room1_mix0888,54,4,0,173,-3,8.69
fold2_room1_mix0888,55,4,0,172,-3,8.21
fold2_room1_mix0888,56,4,0,171,-3,7.29
fold2_room1_mix0888,57,4,0,171,-4,6.86
fold2_room1_mix0888,58,4,0,171,-4,6.38
fold2_room1_mix0888,59,4,0,169,-4,5.67
fold2_room1_mix0888,60,4,0,169,-5,5.30
fold2_room1_mix0888,61,4,0,167,-5,4.69
fold2_room1_mix0888,62,4,0,166,-6,4.21
fold2_room1_mix0888,63,4,0,163,-7,3.52
fold2_room1_mix0888,64,4,0,161,-9,3.00
fold2_room1_mix0888,65,4,0,157,-10,2.59
fold2_room1_mix0888,66,4,0,150,-15,1.82
fold2_room1_mix0888,67,4,0,141,-19,1.45
fold2_room1_mix0888,68,4,0,124,-25,1.17
fold2_room1_mix0888,69,4,0,96,-28,0.99
fold2_room1_mix0888,70,4,0,61,-28,1.02
fold2_room1_mix0888,71,4,0,41,-22,1.39
fold2_room1_mix0888,72,4,0,32,-18,1.76
fold2_room1_mix0888,73,4,0,25,-14,2.28
fold2_room1_mix0888,74,4,0,21,-12,2.62
fold2_room1_mix0888,75,4,0,17,-10,3.13
fold2_room1_mix0888,76,4,0,13,-8,3.53
fold2_room1_mix0888,77,4,0,12,-7,3.84
fold2_room1_mix0888,78,4,0,11,-6,4.44
fold2_room1_mix0888,79,4,0,10,-6,4.97
fold2_room1_mix0888,80,4,0,9,-5,5.55
fold2_room1_mix0888,81,4,0,7,-5,5.86
fold2_room1_mix0888,82,4,0,8,-4,6.66
fold2_room1_mix0888,83,4,0,7,-4,7.31
fold2_room1_mix0888,84,4,0,6,-4,7.70
fold2_room1_mix0888,85,4,0,7,-3,8.24
fold2_room1_mix0888,86,4,0,6,-3,9.02
fold2_room1_mix0888,87,4,0,5,-3,9.49
fold2_room1_mix0888,88,4,0,5,-3,10.12
fold2_room1_mix0888,89,4,0,4,-3,10.24
fold2_room1_mix0888,90,4,0,4,-2,11.03
fold2_room1_mix0888,91,4,0,4,-2,11.58
fold2_room1_mix0888,92,4,0,4,-2,11.69
fold2_room1_mix0888,93,4,0,4,-2,12.13
fold2_room1_mix0888,94,4,0,4,-2,13.12
fold2_room1_mix0888,95,4,0,4,-2,13.56
fold2_room1_mix0888,96,4,0,4,-2,14.50
fold2_room1_mix0888,97,4,0,3,-2,15.04
fold2_room1_mix0888,98,4,0,4,-2,15.55
fold2_room1_mix0888,99,4,0,3,-2,16.45
fold2_room1_mix0900,0,2,0,-122,-1,8.86
fold2_room1_mix0900,1,2,0,-131,0,12.54
fold2_room1_mix0900,2,2,0,-128,0,12.94
fold2_room1_mix0900,3,2,0,-134,-1,14.48
fold2_room1_mix0900,4,2,0,-139,0,16.52
fold2_room1_mix0900,5,2,0,-137,-1,15.53
fold2_room1_mix0900,10,2,0,-132,-1,12.44
fold2_room1_mix0900,11,2,0,-131,-1,13.41
fold2_room1_mix0900,12,2,0,-128,-1,12.85
fold2_room1_mix0900,13,2,0,-128,-1,11.47
fold2_room1_mix0900,14,2,0,-130,-1,12.88
fold2_room1_mix0900,15,2,0,-126,-1,12.68
fold2_room1_mix0900,17,4,0,-177,0,13.75
fold2_room1_mix0900,18,4,0,-177,0,22.01
fold2_room1_mix0900,19,4,0,-178,0,21.72
fold2_room1_mix0900,20,2,0,-121,-2,11.99
fold2_room1_mix0900,20,4,0,-178,0,24.01
fold2_room1_mix0900,21,2,0,-126,-2,11.95
fold2_room1_mix0900,21,4,0,-177,-1,27.01
fold2_room1_mix0900,22,2,0,-121,-2,11.52
fold2_room1_mix0900,22,4,0,-178,0,23.51
fold2_room1_mix0900,23,2,0,-122,-2,10.59
fold2_room1_mix0900,23,4,0,-178,-1,22.73
fold2_room1_mix0900,24,2,0,-121,-2,11.01
fold2_room1_mix0900,24,4,0,-175,-1,21.89
fold2_room1_mix0900,25,2,0,-113,-2,11.57
fold2_room1_mix0900,25,4,0,-176,-1,20.52
fold2_room1_mix0900,26,4,0,-178,-1,19.54
fold2_room1_mix0900,27,4,0,-176,0,19.36
fold2_room1_mix0900,28,4,0,-178,-1,18.33
fold2_room1_mix0900,29,4,0,-174,-1,18.35
fold2_room1_mix0900,30,2,0,-115,-2,10.10
fold2_room1_mix0900,30,4,0,-175,-1,18.32
fold2_room1_mix0900,31,2,0,-109,-2,10.34
fold2_room1_mix0900,31,4,0,-174,-1,17.08
fold2_room1_mix0900,32,2,0,-107,-2,10.84
fold2_room1_mix0900,32,4,0,-175,-1,16.62
fold2_room1_mix0900,33,2,0,-109,-3,10.24
fold2_room1_mix0900,33,4,0,-176,-1,15.42
fold2_room1_mix0900,34,2,0,-108,-3,9.55
fold2_room1_mix0900,34,4,0,-174,-1,14.82
fold2_room1_mix0900,35,2,0,-115,-2,9.71
fold2_room1_mix0900,35,4,0,-174,-1,13.95
fold2_room1_mix0900,36,4,0,-173,-1,13.62
fold2_room1_mix0900,37,4,0,-174,-1,12.93
fold2_room1_mix0900,38,4,0,-172,-1,12.74
fold2_room1_mix0900,39,4,0,-174,-1,12.41
fold2_room1_mix0900,40,2,0,-104,-2,8.90
fold2_room1_mix0900,40,4,0,-170,-1,11.79
fold2_room1_mix0900,41,2,0,-100,-2,10.26
fold2_room1_mix0900,41,4,0,-172,-1,11.03
fold2_room1_mix0900,42,2,0,-94,-3,8.95
fold2_room1_mix0900,42,4,0,-172,-1,10.60
fold2_room1_mix0900,43,2,0,-95,-3,10.15
fold2_room1_mix0900,43,4,0,-170,-2,9.87
fold2_room1_mix0900,44,2,0,-91,-3,10.28
fold2_room1_mix0900,44,4,0,-170,-2,9.20
fold2_room1_mix0900,45,2,0,-91,-3,9.09
fold2_room1_mix0900,45,4,0,-170,-2,8.66
fold2_room1_mix0900,46,4,0,-170,-3,8.13
fold2_room1_mix0900,47,4,0,-170,-3,7.62
fold2_room1_mix0900,48,4,0,-168,-4,6.86
fold2_room1_mix0900,49,4,0,-166,-4,6.87
fold2_room1_mix0900,50,2,0,-70,-2,9.37
fold2_room1_mix0900,50,4,0,-166,-3,6.34
fold2_room1_mix0900,51,2,0,-75,-2,10.38
fold2_room1_mix0900,51,4,0,-164,-4,5.34
fold2_room1_mix0900,52,2,0,-71,-3,10.25
fold2_room1_mix0900,52,4,0,-161,-4,4.85
fold2_room1_mix0900,53,2,0,-66,-2,9.97
fold2_room1_mix0900,53,4,0,-160,-5,4.13
fold2_room1_mix0900,54,2,0,-62,-2,10.32
fold2_room1_mix0900,54,4,0,-158,-5,3.79
fold2_room1_mix0900,55,2,0,-62,-2,10.56
fold2_room1_mix0900,55,4,0,-152,-7,3.18
fold2_room1_mix0900,56,4,0,-147,-7,2.77
fold2_room1_mix0900,57,4,0,-140,-8,2.50
fold2_room1_mix0900,58,4,0,-130,-11,1.93
fold2_room1_mix0900,59,4,0,-112,-12,1.84
fold2_room1_mix0900,60,4,0,-94,-12,1.93
fold2_room1_mix0900,61,2,0,-50,-2,7.33
fold2_room1_mix0900,61,4,0,-68,-13,1.63
fold2_room1_mix0900,62,2,0,-45,-2,7.89
fold2_room1_mix0900,62,4,0,-52,-9,1.84
fold2_room1_mix0900,63,2,0,-51,-2,10.54
fold2_room1_mix0900,63,4,0,-42,-8,2.15
fold2_room1_mix0900,64,2,0,-49,-2,11.23
fold2_room1_mix0900,64,4,0,-33,-7,2.48
fold2_room1_mix0900,65,2,0,-48,-2,7.67
fold2_room1_mix0900,65,4,0,-28,-6,2.96
fold2_room1_mix0900,66,4,0,-26,-5,3.60
fold2_room1_mix0900,67,4,0,-20,-5,3.98
fold2_room1_mix0900,68,4,0,-18,-4,4.43
fold2_room1_mix0900,69,4,0,-17,-4,4.97
fold2_room1_mix0900,70,4,0,-15,-3,5.53
fold2_room1_mix0900,71,2,0,-45,-2,11.53
fold2_room1_mix0900,71,4,0,-13,-3,5.56
fold2_room1_mix0900,72,2,0,-43,-2,13.01
fold2_room1_mix0900,72,4,0,-12,-3,6.34
fold2_room1_mix0900,73,2,0,-46,-2,13.36
fold2_room1_mix0900,73,4,0,-12,-2,6.81
fold2_room1_mix0900,74,2,0,-43,-2,13.12
fold2_room1_mix0900,74,4,0,-11,-2,7.53
fold2_room1_mix0900,75,2,0,-41,-2,12.07
fold2_room1_mix0900,75,4,0,-10,-2,8.20
fold2_room1_mix0900,76,4,0,-10,-2,8.86
fold2_room1_mix0900,77,4,0,-10,-2,9.39
fold2_room1_mix0900,78,4,0,-8,-2,9.97
fold2_room1_mix0900,79,4,0,-9,-2,10.66
fold2_room1_mix0900,80,4,0,-8,-2,11.23
fold2_room1_mix0900,81,2,0,-33,-2,11.36
fold2_room1_mix0900,81,4,0,-7,-1,11.50
fold2_room1_mix0900,82,2,0,-30,-2,11.14
fold2_room1_mix0900,82,4,0,-7,-1,11.65
fold2_room1_mix0900,83,2,0,-35,-2,11.18
fold2_room1_mix0900,83,4,0,-7,-1,11.92
fold2_room1_mix0900,84,2,0,-33,-2,10.75
fold2_room1_mix0900,84,4,0,-8,-1,12.44
fold2_room1_mix0900,85,2,0,-31,-2,9.01
fold2_room1_mix0900,85,4,0,-7,-1,13.30
fold2_room1_mix0900,86,4,0,-6,-1,14.11
fold2_room1_mix0900,87,4,0,-6,-1,14.52
fold2_room1_mix0900,88,4,0,-5,-1,15.41
fold2_room1_mix0900,89,4,0,-5,-1,16.23
fold2_room1_mix0900,90,4,0,-5,-1,16.99
fold2_room1_mix0900,91,4,0,-5,-1,18.23
fold2_room1_mix0900,92,4,0,-5,-1,18.37
fold2_room1_mix0900,93,4,0,-5,0,18.92
fold2_room1_mix0900,94,4,0,-6,-1,19.45
fold2_room1_mix0900,95,4,0,-6,-1,19.87
fold2_room1_mix0900,96,4,0,-6,-1,19.95
fold2_room1_mix0900,97,4,0,-5,-1,20.82
fold2_room1_mix0900,98,4,0,-4,0,20.69
fold2_room1_mix0900,99,4,0,-5,0,20.97
fold2_room1_mix0915,1,4,0,162,0,3.62
fold2_room1_mix0915,2,4,0,162,0,7.27
fold2_room1_mix0915,3,4,0,159,-1,21.45
fold2_room1_mix0915,4,4,0,162,-1,16.93
fold2_room1_mix0915,4,4,0,6,-1,16.50
fold2_room1_mix0915,5,4,0,157,-1,20.98
fold2_room1_mix0915,5,4,0,11,-2,21.26
fold2_room1_mix0915,6,4,0,157,0,26.66
fold2_room1_mix0915,6,4,0,4,-1,25.47
fold2_room1_mix0915,7,4,0,156,-1,29.44
fold2_room1_mix0915,7,4,0,0,-2,24.57
fold2_room1_mix0915,8,4,0,156,-1,27.44
fold2_room1_mix0915,8,4,0,1,-2,22.98
fold2_room1_mix0915,9,4,0,154,0,26.94
fold2_room1_mix0915,9,4,0,1,-2,21.50
fold2_room1_mix0915,10,4,0,157,0,25.93
fold2_room1_mix0915,10,4,0,1,-1,21.99
fold2_room1_mix0915,11,4,0,156,0,26.89
fold2_room1_mix0915,11,4,0,1,-1,23.49
fold2_room1_mix0915,12,4,0,155,0,25.08
fold2_room1_mix0915,12,4,0,2,-1,23.99
fold2_room1_mix0915,13,4,0,152,0,24.22
fold2_room1_mix0915,13,4,0,2,-1,22.22
fold2_room1_mix0915,14,4,0,153,0,22.55
fold2_room1_mix0915,14,4,0,3,-1,20.33
fold2_room1_mix0915,15,4,0,153,0,21.55
fold2_room1_mix0915,15,4,0,2,-2,17.86
fold2_room1_mix0915,16,4,0,151,0,21.88
fold2_room1_mix0915,16,4,0,2,-2,15.23
fold2_room1_mix0915,17,4,0,151,0,21.82
fold2_room1_mix0915,17,4,0,2,-2,14.24
fold2_room1_mix0915,18,4,0,150,0,21.00
fold2_room1_mix0915,18,4,0,2,-2,13.68
fold2_room1_mix0915,19,4,0,149,-1,20.65
fold2_room1_mix0915,19,4,0,2,-3,12.63
fold2_room1_mix0915,20,4,0,145,-1,20.57
fold2_room1_mix0915,20,4,0,2,-3,11.61
fold2_room1_mix0915,21,4,0,144,-1,20.48
fold2_room1_mix0915,21,4,0,1,-3,11.49
fold2_room1_mix0915,22,4,0,146,0,20.10
fold2_room1_mix0915,22,4,0,2,-3,11.45
fold2_room1_mix0915,23,4,0,145,0,20.06
fold2_room1_mix0915,23,4,0,3,-3,11.30
fold2_room1_mix0915,24,4,0,140,0,19.90
fold2_room1_mix0915,24,4,0,3,-3,10.76
fold2_room1_mix0915,25,4,0,143,0,19.23
fold2_room1_mix0915,25,4,0,3,-3,9.42
fold2_room1_mix0915,26,4,0,143,0,18.90
fold2_room1_mix0915,26,4,0,3,-3,9.58
fold2_room1_mix0915,27,4,0,143,0,19.26
fold2_room1_mix0915,27,4,0,0,-4,8.71
fold2_room1_mix0915,28,4,0,145,0,18.73
fold2_room1_mix0915,28,4,0,0,-4,8.29
fold2_room1_mix0915,29,4,0,142,-1,17.78
fold2_room1_mix0915,29,4,0,0,-5,7.26
fold2_room1_mix0915,30,4,0,138,-1,17.76
fold2_room1_mix0915,30,4,0,-2,-5,7.13
fold2_room1_mix0915,31,4,0,139,-1,17.25
fold2_room1_mix0915,31,4,0,-4,-5,6.56
fold2_room1_mix0915,32,4,0,138,-1,17.55
fold2_room1_mix0915,32,4,0,-6,-5,6.90
fold2_room1_mix0915,33,4,0,137,-1,16.70
fold2_room1_mix0915,33,4,0,-5,-6,6.06
fold2_room1_mix0915,34,4,0,136,-1,15.95
fold2_room1_mix0915,34,4,0,-4,-5,6.70
fold2_room1_mix0915,35,4,0,132,-2,15.07
fold2_room1_mix0915,35,4,0,-6,-6,6.05
fold2_room1_mix0915,36,4,0,132,-2,15.62
fold2_room1_mix0915,36,4,0,-10,-7,5.42
fold2_room1_mix0915,37,4,0,129,-2,14.28
fold2_room1_mix0915,37,4,0,-12,-7,4.94
fold2_room1_mix0915,38,4,0,128,-2,14.31
fold2_room1_mix0915,38,4,0,-15,-9,4.41
fold2_room1_mix0915,39,4,0,129,-2,14.66
fold2_room1_mix0915,39,4,0,-16,-9,4.10
fold2_room1_mix0915,40,4,0,126,-2,13.92
fold2_room1_mix0915,40,4,0,-19,-10,3.94
fold2_room1_mix0915,41,4,0,125,-3,13.96
fold2_room1_mix0915,41,4,0,-18,-11,3.69
fold2_room1_mix0915,42,4,0,126,-3,13.79
fold2_room1_mix0915,42,4,0,-25,-12,2.97
fold2_room1_mix0915,43,4,0,123,-3,13.36
fold2_room1_mix0915,43,4,0,-36,-12,2.84
fold2_room1_mix0915,44,4,0,124,-4,12.25
fold2_room1_mix0915,44,4,0,-45,-13,2.55
fold2_room1_mix0915,45,4,0,123,-5,12.28
fold2_room1_mix0915,45,4,0,-64,-14,2.21
fold2_room1_mix0915,46,4,0,121,-6,11.28
fold2_room1_mix0915,46,4,0,-84,-16,1.89
fold2_room1_mix0915,47,4,0,121,-6,10.39
fold2_room1_mix0915,47,4,0,-95,-16,1.96
fold2_room1_mix0915,48,4,0,121,-5,9.47
fold2_room1_mix0915,48,4,0,-116,-14,1.93
fold2_room1_mix0915,49,4,0,126,-7,8.29
fold2_room1_mix0915,49,4,0,-149,-19,3.28
fold2_room1_mix0915,50,4,0,122,-4,8.30
fold2_room1_mix0915,50,4,0,-142,-8,4.71
fold2_room1_mix0915,50,4,0,106,-5,7.05
fold2_room1_mix0915,51,4,0,131,-4,8.58
fold2_room1_mix0915,51,4,0,-157,-7,5.23
fold2_room1_mix0915,51,4,0,103,-5,6.88
fold2_room1_mix0915,52,4,0,163,-5,8.44
fold2_room1_mix0915,52,4,0,-162,-6,5.98
fold2_room1_mix0915,52,4,0,101,-5,7.37
fold2_room1_mix0915,53,4,0,169,-5,7.94
fold2_room1_mix0915,53,4,0,-160,-5,5.74
fold2_room1_mix0915,53,4,0,97,-5,8.44
fold2_room1_mix0915,54,4,0,165,-4,8.81
fold2_room1_mix0915,54,4,0,-163,-5,5.62
fold2_room1_mix0915,54,4,0,89,-4,8.69
fold2_room1_mix0915,55,4,0,149,-3,10.39
fold2_room1_mix0915,55,4,0,-161,-4,6.06
fold2_room1_mix0915,55,4,0,89,-4,8.81
fold2_room1_mix0915,56,4,0,137,-3,11.02
fold2_room1_mix0915,56,4,0,-163,-4,6.76
fold2_room1_mix0915,56,4,0,90,-4,9.69
fold2_room1_mix0915,57,4,0,148,-3,10.73
fold2_room1_mix0915,57,4,0,-167,-4,6.80
fold2_room1_mix0915,57,4,0,82,-3,9.80
fold2_room1_mix0915,58,4,0,142,-2,11.79
fold2_room1_mix0915,58,4,0,-167,-3,7.49
fold2_room1_mix0915,58,4,0,83,-3,9.93
fold2_room1_mix0915,59,4,0,130,-3,11.60
fold2_room1_mix0915,59,4,0,-171,-3,7.74
fold2_room1_mix0915,59,4,0,83,-3,10.64
fold2_room1_mix0915,60,4,0,142,-2,12.32
fold2_room1_mix0915,60,4,0,-170,-3,8.29
fold2_room1_mix0915,60,4,0,81,-3,11.17
fold2_room1_mix0915,61,4,0,133,-2,13.37
fold2_room1_mix0915,61,4,0,-171,-3,8.70
fold2_room1_mix0915,61,4,0,75,-3,12.39
fold2_room1_mix0915,62,4,0,98,-3,12.40
fold2_room1_mix0915,62,4,0,-172,-3,8.92
fold2_room1_mix0915,62,4,0,77,-3,12.48
fold2_room1_mix0915,63,4,0,79,-3,12.85
fold2_room1_mix0915,63,4,0,73,-3,12.97
fold2_room1_mix0915,64,4,0,99,-3,12.71
fold2_room1_mix0915,64,4,0,-173,-3,9.81
fold2_room1_mix0915,64,4,0,71,-3,13.37
fold2_room1_mix0915,65,4,0,75,-2,12.24
fold2_room1_mix0915,65,4,0,68,-2,12.94
fold2_room1_mix0915,66,4,0,67,-2,13.02
fold2_room1_mix0915,66,4,0,63,-2,13.48
fold2_room1_mix0915,67,4,0,64,-2,13.27
fold2_room1_mix0915,67,4,0,60,-2,13.93
fold2_room1_mix0915,68,4,0,60,-2,12.98
fold2_room1_mix0915,68,4,0,56,-2,13.68
fold2_room1_mix0915,69,4,0,58,-2,12.77
fold2_room1_mix0915,69,4,0,54,-2,13.54
fold2_room1_mix0915,70,4,0,57,-2,13.69
fold2_room1_mix0915,70,4,0,54,-2,14.12
fold2_room1_mix0915,71,4,0,58,-1,13.70
fold2_room1_mix0915,71,4,0,54,-2,14.14
fold2_room1_mix0915,72,4,0,53,-1,13.97
fold2_room1_mix0915,72,4,0,50,-2,14.58
fold2_room1_mix0915,73,4,0,52,-2,13.79
fold2_room1_mix0915,73,4,0,50,-2,14.49
fold2_room1_mix0915,74,4,0,49,-2,14.29
fold2_room1_mix0915,74,4,0,48,-2,14.86
fold2_room1_mix0915,75,4,0,47,-1,15.80
fold2_room1_mix0915,75,4,0,47,-1,15.96
fold2_room1_mix0915,76,4,0,45,-1,15.13
fold2_room1_mix0915,76,4,0,45,-2,15.64
fold2_room1_mix0915,77,4,0,42,-2,15.73
fold2_room1_mix0915,77,4,0,42,-2,16.33
fold2_room1_mix0915,78,4,0,40,-2,16.00
fold2_room1_mix0915,78,4,0,40,-2,16.50
fold2_room1_mix0915,79,4,0,40,-2,15.33
fold2_room1_mix0915,79,4,0,41,-1,15.90
fold2_room1_mix0915,80,4,0,37,-2,16.27
fold2_room1_mix0915,80,4,0,39,-2,16.77
fold2_room1_mix0915,81,4,0,36,-1,17.08
fold2_room1_mix0915,81,4,0,38,-1,17.49
fold2_room1_mix0915,82,4,0,35,-1,17.08
fold2_room1_mix0915,82,4,0,35,-1,17.38
fold2_room1_mix0915,83,4,0,33,-1,17.99
fold2_room1_mix0915,83,4,0,34,-1,17.69
fold2_room1_mix0915,84,4,0,33,-1,18.88
fold2_room1_mix0915,84,4,0,33,-1,18.74
fold2_room1_mix0915,85,4,0,33,-1,19.14
fold2_room1_mix0915,85,4,0,34,-1,18.75
fold2_room1_mix0915,86,4,0,33,-1,19.13
fold2_room1_mix0915,86,4,0,32,-1,18.76
fold2_room1_mix0915,87,4,0,31,-1,19.85
fold2_room1_mix0915,87,4,0,32,-1,19.64
fold2_room1_mix0915,88,4,0,32,-1,20.02
fold2_room1_mix0915,88,4,0,32,-1,19.96
fold2_room1_mix0915,89,4,0,32,-1,19.90
fold2_room1_mix0915,89,4,0,31,-1,19.93
fold2_room1_mix0915,90,4,0,31,-1,20.21
fold2_room1_mix0915,90,4,0,31,-1,20.43
fold2_room1_mix0915,91,4,0,30,-1,20.78
fold2_room1_mix0915,91,4,0,30,-1,20.83
fold2_room1_mix0915,92,4,0,30,-1,21.55
fold2_room1_mix0915,92,4,0,29,-1,21.45
fold2_room1_mix0915,93,4,0,28,-1,22.86
fold2_room1_mix0915,93,4,0,28,-1,22.69
fold2_room1_mix0915,94,4,0,29,-1,23.42
fold2_room1_mix0915,94,4,0,28,-1,23.94
fold2_room1_mix0915,95,4,0,27,-1,23.76
fold2_room1_mix0915,95,4,0,27,-1,23.90
fold2_room1_mix0915,96,4,0,27,-1,24.59
fold2_room1_mix0915,96,4,0,27,-1,25.15
fold2_room1_mix0915,97,4,0,27,-1,23.54
fold2_room1_mix0915,97,4,0,27,-1,24.93
fold2_room1_mix0915,98,4,0,26,-1,24.40
fold2_room1_mix0915,98,4,0,26,-1,25.51
fold2_room1_mix0915,99,4,0,24,-2,22.69
fold2_room1_mix0915,99,4,0,25,-2,25.51
fold2_room1_mix0931,36,4,0,-175,0,8.03
fold2_room1_mix0931,37,4,0,-176,0,13.34
fold2_room1_mix0931,38,4,0,-177,-1,30.27
fold2_room1_mix0931,39,4,0,-176,0,34.54
fold2_room1_mix0931,40,4,0,-177,0,32.68
fold2_room1_mix0931,41,4,0,-179,0,40.04
fold2_room1_mix0931,42,4,0,-177,0,38.79
fold2_room1_mix0931,43,4,0,-177,0,41.13
fold2_room1_mix0931,44,4,0,-175,0,37.81
fold2_room1_mix0931,45,4,0,-176,0,38.58
fold2_room1_mix0931,46,4,0,-179,0,37.18
fold2_room1_mix0931,47,4,0,-174,0,36.61
fold2_room1_mix0931,48,4,0,-176,0,35.02
fold2_room1_mix0931,49,4,0,-175,0,32.10
fold2_room1_mix0931,50,4,0,-175,0,32.17
fold2_room1_mix0931,51,4,0,-173,-1,30.11
fold2_room1_mix0931,52,4,0,-172,-1,28.85
fold2_room1_mix0931,53,4,0,-173,-1,27.91
fold2_room1_mix0931,54,4,0,-172,-1,27.04
fold2_room1_mix0931,55,4,0,-171,-1,26.93
fold2_room1_mix0931,56,4,0,-170,-1,25.67
fold2_room1_mix0931,57,4,0,-172,-1,24.71
fold2_room1_mix0931,58,4,0,-170,-1,24.77
fold2_room1_mix0931,59,4,0,-171,-1,22.55
fold2_room1_mix0931,60,4,0,-172,-1,21.25
fold2_room1_mix0931,61,4,0,-172,-1,20.47
fold2_room1_mix0931,62,4,0,-172,-1,19.21
fold2_room1_mix0931,63,4,0,-169,-1,18.46
fold2_room1_mix0931,64,4,0,-169,-1,17.51
fold2_room1_mix0931,65,4,0,-167,-1,16.53
fold2_room1_mix0931,66,4,0,-168,-1,15.06
fold2_room1_mix0931,67,4,0,-169,-2,14.48
fold2_room1_mix0931,68,4,0,-167,-2,13.39
fold2_room1_mix0931,69,4,0,-166,-2,12.50
fold2_room1_mix0931,70,4,0,-166,-2,11.25
fold2_room1_mix0931,71,4,0,-164,-2,10.92
fold2_room1_mix0931,72,4,0,-162,-3,9.48
fold2_room1_mix0931,73,4,0,-162,-3,8.54
fold2_room1_mix0931,74,4,0,-160,-4,7.86
fold2_room1_mix0931,75,4,0,-158,-4,7.08
fold2_room1_mix0931,76,4,0,-155,-5,6.20
fold2_room1_mix0931,77,4,0,-152,-5,5.41
fold2_room1_mix0931,78,4,0,-146,-6,4.45
fold2_room1_mix0931,79,4,0,-139,-8,3.75
fold2_room1_mix0931,80,4,0,-124,-10,3.28
fold2_room1_mix0931,81,4,0,-110,-12,2.71
fold2_room1_mix0931,82,4,0,-94,-12,2.89
fold2_room1_mix0931,83,4,0,-76,-13,2.67
fold2_room1_mix0931,84,4,0,-60,-10,2.96
fold2_room1_mix0931,85,4,0,-48,-9,3.38
fold2_room1_mix0931,86,4,0,-38,-7,3.89
fold2_room1_mix0931,87,4,0,-34,-6,4.81
fold2_room1_mix0931,88,4,0,-29,-5,5.43
fold2_room1_mix0931,89,4,0,-25,-5,6.15
fold2_room1_mix0931,90,4,0,-22,-4,6.98
fold2_room1_mix0931,91,4,0,-19,-4,7.74
fold2_room1_mix0931,92,4,0,-17,-3,8.55
fold2_room1_mix0931,93,4,0,-16,-3,9.18
fold2_room1_mix0931,94,4,0,-14,-3,10.09
fold2_room1_mix0931,95,4,0,-13,-2,10.95
fold2_room1_mix0931,96,4,0,-12,-2,11.84
fold2_room1_mix0931,97,4,0,-11,-2,12.58
fold2_room1_mix0931,98,4,0,-10,-2,13.54
fold2_room1_mix0931,99,4,0,-9,-2,14.22
fold2_room1_mix0931,29,4,0,179,0,5.75
fold2_room1_mix0937,0,5,0,-57,8,0.90
fold2_room1_mix0937,1,4,0,177,0,3.83
fold2_room1_mix0937,1,4,0,0,1,4.40
fold2_room1_mix0937,1,5,0,-55,10,2.20
fold2_room1_mix0937,2,4,0,-9,3,14.63
fold2_room1_mix0937,2,4,0,-5,2,14.23
fold2_room1_mix0937,2,5,0,-58,9,3.59
fold2_room1_mix0937,3,4,0,-9,1,28.72
fold2_room1_mix0937,3,4,0,-6,0,26.16
fold2_room1_mix0937,3,5,0,-56,14,1.22
fold2_room1_mix0937,4,4,0,-7,0,27.70
fold2_room1_mix0937,4,4,0,-5,0,25.14
fold2_room1_mix0937,4,5,0,-61,10,3.87
fold2_room1_mix0937,5,4,0,-8,0,28.38
fold2_room1_mix0937,5,4,0,-6,0,26.90
fold2_room1_mix0937,5,5,0,-56,12,4.76
fold2_room1_mix0937,6,4,0,-4,0,36.32
fold2_room1_mix0937,6,4,0,-4,0,32.99
fold2_room1_mix0937,6,5,0,-56,13,4.24
fold2_room1_mix0937,7,4,0,-4,0,38.95
fold2_room1_mix0937,7,4,0,-3,0,37.08
fold2_room1_mix0937,7,5,0,-57,12,4.76
fold2_room1_mix0937,8,4,0,-1,0,43.18
fold2_room1_mix0937,8,4,0,-2,0,39.15
fold2_room1_mix0937,8,5,0,-60,13,4.08
fold2_room1_mix0937,9,4,0,-2,0,42.96
fold2_room1_mix0937,9,4,0,-3,0,40.23
fold2_room1_mix0937,9,5,0,-62,12,4.67
fold2_room1_mix0937,10,4,0,-2,0,44.54
fold2_room1_mix0937,10,4,0,-4,0,41.61
fold2_room1_mix0937,10,5,0,-62,13,4.43
fold2_room1_mix0937,11,4,0,-2,0,38.55
fold2_room1_mix0937,11,4,0,-4,0,36.16
fold2_room1_mix0937,11,5,0,-62,14,4.29
fold2_room1_mix0937,12,4,0,-3,0,38.64
fold2_room1_mix0937,12,4,0,-4,0,36.67
fold2_room1_mix0937,12,5,0,-66,14,4.09
fold2_room1_mix0937,13,4,0,-4,0,39.13
fold2_room1_mix0937,13,4,0,-5,0,36.78
fold2_room1_mix0937,13,5,0,-64,12,4.56
fold2_room1_mix0937,14,4,0,-4,0,37.89
fold2_room1_mix0937,14,4,0,-6,0,36.01
fold2_room1_mix0937,14,5,0,-63,13,4.44
fold2_room1_mix0937,15,4,0,-5,0,36.43
fold2_room1_mix0937,15,4,0,-6,0,35.91
fold2_room1_mix0937,15,5,0,-66,12,4.81
fold2_room1_mix0937,16,4,0,-6,0,37.96
fold2_room1_mix0937,16,4,0,-6,0,36.12
fold2_room1_mix0937,16,5,0,-66,14,3.90
fold2_room1_mix0937,17,4,0,-4,0,36.60
fold2_room1_mix0937,17,4,0,-6,0,35.59
fold2_room1_mix0937,17,5,0,-67,14,4.26
fold2_room1_mix0937,18,4,0,-10,0,35.42
fold2_room1_mix0937,18,4,0,-10,0,34.73
fold2_room1_mix0937,18,5,0,-68,13,4.75
fold2_room1_mix0937,19,4,0,-8,0,33.33
fold2_room1_mix0937,19,4,0,-9,0,33.34
fold2_room1_mix0937,19,5,0,-67,14,3.84
fold2_room1_mix0937,20,4,0,-8,0,31.41
fold2_room1_mix0937,20,4,0,-9,0,32.24
fold2_room1_mix0937,20,5,0,-73,13,4.44
fold2_room1_mix0937,21,4,0,-13,0,29.36
fold2_room1_mix0937,21,4,0,-11,0,30.34
fold2_room1_mix0937,21,5,0,-71,13,4.35
fold2_room1_mix0937,22,4,0,-13,0,30.67
fold2_room1_mix0937,22,4,0,-11,0,31.39
fold2_room1_mix0937,22,5,0,-74,13,4.24
fold2_room1_mix0937,23,4,0,-13,0,31.42
fold2_room1_mix0937,23,4,0,-11,0,31.79
fold2_room1_mix0937,23,5,0,-76,14,4.55
fold2_room1_mix0937,24,4,0,-11,0,31.96
fold2_room1_mix0937,24,4,0,-10,0,32.43
fold2_room1_mix0937,24,5,0,-76,14,4.30
fold2_room1_mix0937,25,4,0,-13,0,29.92
fold2_room1_mix0937,25,4,0,-12,0,31.70
fold2_room1_mix0937,25,5,0,-78,13,4.49
fold2_room1_mix0937,26,4,0,-11,0,31.65
fold2_room1_mix0937,26,4,0,-11,0,31.61
fold2_room1_mix0937,26,5,0,-82,14,4.13
fold2_room1_mix0937,27,4,0,-10,0,30.03
fold2_room1_mix0937,27,4,0,-10,-1,30.34
fold2_room1_mix0937,27,5,0,-84,14,4.39
fold2_room1_mix0937,28,4,0,-11,0,28.43
fold2_room1_mix0937,28,4,0,-11,-1,29.27
fold2_room1_mix0937,28,5,0,-84,14,4.26
fold2_room1_mix0937,29,4,0,-12,0,26.70
fold2_room1_mix0937,29,4,0,-13,0,27.20
fold2_room1_mix0937,29,5,0,-85,15,3.95
fold2_room1_mix0937,30,4,0,-12,0,24.55
fold2_room1_mix0937,30,4,0,-11,-1,25.25
fold2_room1_mix0937,30,5,0,-86,14,4.17
fold2_room1_mix0937,31,4,0,-14,0,22.45
fold2_room1_mix0937,31,4,0,-12,0,23.27
fold2_room1_mix0937,31,5,0,-88,14,4.36
fold2_room1_mix0937,32,4,0,-16,0,21.30
fold2_room1_mix0937,32,4,0,-13,-1,22.24
fold2_room1_mix0937,32,5,0,-91,14,4.18
fold2_room1_mix0937,33,4,0,-15,0,21.29
fold2_room1_mix0937,33,4,0,-14,-1,22.25
fold2_room1_mix0937,33,5,0,-90,14,4.21
fold2_room1_mix0937,34,4,0,-17,0,18.67
fold2_room1_mix0937,34,4,0,-14,-1,19.80
fold2_room1_mix0937,34,5,0,-91,14,4.28
fold2_room1_mix0937,35,4,0,-16,-1,19.02
fold2_room1_mix0937,35,4,0,-13,-1,20.47
fold2_room1_mix0937,35,5,0,-95,14,4.13
fold2_room1_mix0937,36,4,0,-2,-3,16.30
fold2_room1_mix0937,36,4,0,-12,-1,20.30
fold2_room1_mix0937,36,5,0,-93,13,4.63
fold2_room1_mix0937,37,4,0,-13,-1,17.75
fold2_room1_mix0937,37,4,0,-12,-2,18.62
fold2_room1_mix0937,37,5,0,-102,12,4.85
fold2_room1_mix0937,38,4,0,-6,-2,15.01
fold2_room1_mix0937,38,4,0,-10,-1,18.12
fold2_room1_mix0937,38,5,0,-101,13,4.58
fold2_room1_mix0937,39,4,0,-7,-2,15.06
fold2_room1_mix0937,39,4,0,-11,-2,18.04
fold2_room1_mix0937,39,5,0,-104,12,4.81
fold2_room1_mix0937,40,4,0,-17,-4,12.67
fold2_room1_mix0937,40,4,0,-16,-3,15.42
fold2_room1_mix0937,40,5,0,-103,12,4.65
fold2_room1_mix0937,41,4,0,-18,-5,12.02
fold2_room1_mix0937,41,4,0,-18,-3,15.16
fold2_room1_mix0937,41,5,0,-104,12,4.61
fold2_room1_mix0937,42,3,0,-36,-2,14.16
fold2_room1_mix0937,42,4,0,166,-5,7.87
fold2_room1_mix0937,42,4,0,-17,-3,17.81
fold2_room1_mix0937,42,5,0,-111,13,4.64
fold2_room1_mix0937,43,3,0,-38,-2,14.55
fold2_room1_mix0937,43,4,0,-24,-5,13.44
fold2_room1_mix0937,43,4,0,162,-4,9.48
fold2_room1_mix0937,43,4,0,-6,-2,21.83
fold2_room1_mix0937,43,5,0,-113,11,4.84
fold2_room1_mix0937,44,3,0,-41,-2,11.17
fold2_room1_mix0937,44,4,0,-36,-4,13.68
fold2_room1_mix0937,44,4,0,158,-4,9.50
fold2_room1_mix0937,44,4,0,3,-2,24.77
fold2_room1_mix0937,44,5,0,-111,11,4.98
fold2_room1_mix0937,45,3,0,-34,-2,9.04
fold2_room1_mix0937,45,4,0,-49,-4,10.33
fold2_room1_mix0937,45,4,0,153,-5,5.85
fold2_room1_mix0937,45,4,0,3,-3,17.25
fold2_room1_mix0937,45,5,0,-117,12,4.60
fold2_room1_mix0937,46,3,0,-42,-2,7.83
fold2_room1_mix0937,46,4,0,-55,-5,8.91
fold2_room1_mix0937,46,4,0,148,-6,4.25
fold2_room1_mix0937,46,4,0,5,-4,15.98
fold2_room1_mix0937,46,5,0,-117,11,4.72
fold2_room1_mix0937,47,3,0,-40,-2,3.56
fold2_room1_mix0937,47,4,0,-49,-3,10.95
fold2_room1_mix0937,47,4,0,146,-7,4.01
fold2_room1_mix0937,47,4,0,5,-3,16.37
fold2_room1_mix0937,47,5,0,-114,11,4.61
fold2_room1_mix0937,48,4,0,-47,-3,11.61
fold2_room1_mix0937,48,4,0,139,-9,2.78
fold2_room1_mix0937,48,4,0,3,-3,13.41
fold2_room1_mix0937,48,5,0,-118,11,4.55
fold2_room1_mix0937,49,4,0,-40,-6,8.94
fold2_room1_mix0937,49,4,0,134,-11,2.09
fold2_room1_mix0937,49,4,0,-11,-4,11.01
fold2_room1_mix0937,49,5,0,-118,11,4.75
fold2_room1_mix0937,50,4,0,-21,-14,7.75
fold2_room1_mix0937,50,4,0,-22,-7,9.73
fold2_room1_mix0937,50,5,0,-117,11,4.73
fold2_room1_mix0937,51,4,0,-35,-10,7.72
fold2_room1_mix0937,51,4,0,102,-15,1.63
fold2_room1_mix0937,51,4,0,-16,-5,10.11
fold2_room1_mix0937,51,5,0,-122,12,4.49
fold2_room1_mix0937,52,4,0,75,-14,3.18
fold2_room1_mix0937,52,4,0,-31,-4,11.04
fold2_room1_mix0937,52,5,0,-119,11,4.84
fold2_room1_mix0937,53,4,0,15,-12,5.80
fold2_room1_mix0937,53,4,0,61,-12,2.08
fold2_room1_mix0937,53,4,0,-34,-6,7.41
fold2_room1_mix0937,53,5,0,-124,11,4.93
fold2_room1_mix0937,54,4,0,-26,-6,7.55
fold2_room1_mix0937,54,4,0,-27,-5,7.42
fold2_room1_mix0937,54,5,0,-127,10,5.28
fold2_room1_mix0937,55,4,0,20,-11,4.88
fold2_room1_mix0937,55,4,0,51,-9,3.46
fold2_room1_mix0937,55,4,0,-34,-6,6.25
fold2_room1_mix0937,55,5,0,-121,11,4.90
fold2_room1_mix0937,56,4,0,-1,-9,5.27
fold2_room1_mix0937,56,4,0,40,-8,3.60
fold2_room1_mix0937,56,4,0,-27,-5,6.30
fold2_room1_mix0937,56,5,0,-123,11,4.94
fold2_room1_mix0937,57,4,0,33,-8,3.79
fold2_room1_mix0937,57,4,0,-48,-3,7.44
fold2_room1_mix0937,57,4,0,10,-6,5.36
fold2_room1_mix0937,57,5,0,-123,11,4.91
fold2_room1_mix0937,58,4,0,18,-7,4.78
fold2_room1_mix0937,58,4,0,15,-6,5.16
fold2_room1_mix0937,58,5,0,-129,11,4.85
fold2_room1_mix0937,59,4,0,11,-6,5.90
fold2_room1_mix0937,59,4,0,15,-5,5.69
fold2_room1_mix0937,59,5,0,-130,11,5.16
fold2_room1_mix0937,60,4,0,7,-5,6.07
fold2_room1_mix0937,60,4,0,13,-5,5.96
fold2_room1_mix0937,60,5,0,-131,11,5.21
fold2_room1_mix0937,61,4,0,2,-4,6.91
fold2_room1_mix0937,61,4,0,-71,-4,7.40
fold2_room1_mix0937,61,4,0,20,-3,5.98
fold2_room1_mix0937,61,5,0,-128,11,5.05
fold2_room1_mix0937,62,4,0,7,-4,6.59
fold2_room1_mix0937,62,4,0,14,-4,6.25
fold2_room1_mix0937,62,5,0,-127,11,4.90
fold2_room1_mix0937,63,4,0,8,-3,7.36
fold2_room1_mix0937,63,4,0,15,-3,6.81
fold2_room1_mix0937,63,5,0,-129,11,5.10
fold2_room1_mix0937,64,4,0,5,-4,7.39
fold2_room1_mix0937,64,4,0,12,-4,6.88
fold2_room1_mix0937,64,5,0,-127,10,5.16
fold2_room1_mix0937,65,4,0,7,-4,8.11
fold2_room1_mix0937,65,4,0,12,-3,7.52
fold2_room1_mix0937,65,5,0,-130,10,5.27
fold2_room1_mix0937,66,4,0,6,-3,8.70
fold2_room1_mix0937,66,4,0,10,-3,8.18
fold2_room1_mix0937,66,5,0,-130,10,5.55
fold2_room1_mix0937,67,4,0,4,-3,9.17
fold2_room1_mix0937,67,4,0,10,-3,8.41
fold2_room1_mix0937,67,5,0,-131,10,5.35
fold2_room1_mix0937,68,4,0,5,-3,9.83
fold2_room1_mix0937,68,4,0,9,-3,9.19
fold2_room1_mix0937,68,5,0,-135,10,5.50
fold2_room1_mix0937,69,4,0,6,-3,10.52
fold2_room1_mix0937,69,4,0,11,-3,9.81
fold2_room1_mix0937,69,5,0,-136,9,6.13
fold2_room1_mix0937,70,4,0,4,-3,10.33
fold2_room1_mix0937,70,4,0,8,-3,9.75
fold2_room1_mix0937,70,5,0,-130,10,5.75
fold2_room1_mix0937,71,4,0,2,-2,10.98
fold2_room1_mix0937,71,4,0,5,-2,10.53
fold2_room1_mix0937,71,5,0,-136,9,6.16
fold2_room1_mix0937,72,4,0,4,-3,11.41
fold2_room1_mix0937,72,4,0,6,-3,10.94
fold2_room1_mix0937,72,5,0,-135,8,6.56
fold2_room1_mix0937,73,4,0,0,-3,11.06
fold2_room1_mix0937,73,4,0,5,-2,11.00
fold2_room1_mix0937,73,5,0,-132,9,6.27
fold2_room1_mix0937,74,4,0,-1,-4,11.72
fold2_room1_mix0937,74,4,0,3,-3,12.37
fold2_room1_mix0937,74,5,0,-138,8,6.88
fold2_room1_mix0937,75,4,0,-11,-4,12.16
fold2_room1_mix0937,75,4,0,-133,-2,10.33
fold2_room1_mix0937,75,4,0,8,-2,13.71
fold2_room1_mix0937,75,5,0,-136,8,6.67
fold2_room1_mix0937,76,4,0,-135,-2,9.98
fold2_room1_mix0937,76,4,0,10,-1,15.20
fold2_room1_mix0937,76,5,0,-136,8,6.60
fold2_room1_mix0937,77,4,0,-136,-2,10.64
fold2_room1_mix0937,77,4,0,9,-1,15.65
fold2_room1_mix0937,77,5,0,-141,7,7.18
fold2_room1_mix0937,78,4,0,-137,-3,9.99
fold2_room1_mix0937,78,4,0,8,-2,15.22
fold2_room1_mix0937,78,5,0,-140,7,7.15
fold2_room1_mix0937,79,4,0,-137,-2,10.45
fold2_room1_mix0937,79,4,0,7,-1,16.12
fold2_room1_mix0937,79,5,0,-139,8,6.80
fold2_room1_mix0937,80,4,0,-143,-2,11.10
fold2_room1_mix0937,80,4,0,9,-1,16.82
fold2_room1_mix0937,80,5,0,-140,7,7.19
fold2_room1_mix0937,81,4,0,-147,-2,11.59
fold2_room1_mix0937,81,4,0,10,-1,17.78
fold2_room1_mix0937,81,5,0,-140,7,7.19
fold2_room1_mix0937,82,4,0,-146,-2,11.26
fold2_room1_mix0937,82,4,0,9,-1,18.08
fold2_room1_mix0937,82,5,0,-142,7,7.03
fold2_room1_mix0937,83,4,0,-146,-2,12.59
fold2_room1_mix0937,83,4,0,10,-1,19.98
fold2_room1_mix0937,83,5,0,-144,7,6.90
fold2_room1_mix0937,84,4,0,-148,-2,12.69
fold2_room1_mix0937,84,4,0,8,-1,21.64
fold2_room1_mix0937,84,5,0,-141,7,7.31
fold2_room1_mix0937,85,4,0,-150,-1,13.09
fold2_room1_mix0937,85,4,0,8,-1,20.90
fold2_room1_mix0937,85,5,0,-142,7,7.43
fold2_room1_mix0937,86,4,0,-152,-1,13.13
fold2_room1_mix0937,86,4,0,8,-1,18.80
fold2_room1_mix0937,86,5,0,-144,7,7.43
fold2_room1_mix0937,87,4,0,-154,-1,14.11
fold2_room1_mix0937,87,4,0,7,-1,21.68
fold2_room1_mix0937,87,5,0,-145,7,7.29
fold2_room1_mix0937,88,4,0,-154,-1,14.43
fold2_room1_mix0937,88,4,0,6,-1,20.06
fold2_room1_mix0937,88,5,0,-145,6,7.63
fold2_room1_mix0937,89,4,0,-156,-1,15.02
fold2_room1_mix0937,89,4,0,6,-1,21.89
fold2_room1_mix0937,89,5,0,-145,7,7.26
fold2_room1_mix0937,90,4,0,-159,-1,15.97
fold2_room1_mix0937,90,4,0,2,-1,23.58
fold2_room1_mix0937,90,5,0,-146,6,7.80
fold2_room1_mix0937,91,4,0,-159,-1,15.29
fold2_room1_mix0937,91,4,0,3,-1,22.50
fold2_room1_mix0937,91,5,0,-146,6,7.78
fold2_room1_mix0937,92,4,0,-158,-1,15.61
fold2_room1_mix0937,92,4,0,4,-1,26.90
fold2_room1_mix0937,92,5,0,-147,7,7.74
fold2_room1_mix0937,93,4,0,-159,-1,16.18
fold2_room1_mix0937,93,4,0,3,0,29.26
fold2_room1_mix0937,93,5,0,-150,7,7.83
fold2_room1_mix0937,94,4,0,-158,-1,16.71
fold2_room1_mix0937,94,4,0,4,0,28.64
fold2_room1_mix0937,94,5,0,-148,6,7.90
fold2_room1_mix0937,95,4,0,-158,0,17.31
fold2_room1_mix0937,95,4,0,3,0,29.42
fold2_room1_mix0937,95,5,0,-148,6,7.83
fold2_room1_mix0937,96,4,0,-158,-1,17.49
fold2_room1_mix0937,96,4,0,4,0,31.01
fold2_room1_mix0937,96,5,0,-149,6,7.94
fold2_room1_mix0937,97,4,0,-158,-1,17.86
fold2_room1_mix0937,97,4,0,3,0,33.07
fold2_room1_mix0937,97,5,0,-149,6,8.51
fold2_room1_mix0937,98,4,0,-159,0,17.62
fold2_room1_mix0937,98,4,0,2,0,34.21
fold2_room1_mix0937,98,5,0,-150,6,8.32
fold2_room1_mix0937,99,4,0,-156,-1,17.28
fold2_room1_mix0937,99,4,0,1,0,36.49
fold2_room1_mix0937,99,5,0,-151,7,7.82
fold2_room1_mix0942,58,4,0,1,-2,6.03
fold2_room1_mix0942,59,4,0,0,-2,15.71
fold2_room1_mix0942,60,4,0,0,-1,19.31
fold2_room1_mix0942,61,4,0,0,-1,22.02
fold2_room1_mix0942,62,4,0,-2,-1,23.63
fold2_room1_mix0942,63,4,0,-2,-1,22.96
fold2_room1_mix0942,64,4,0,-2,-1,22.19
fold2_room1_mix0942,65,4,0,-2,-1,21.34
fold2_room1_mix0942,66,4,0,-1,-1,19.47
fold2_room1_mix0942,67,4,0,-1,-1,18.57
fold2_room1_mix0942,68,4,0,-1,-1,17.32
fold2_room1_mix0942,69,4,0,-2,-1,16.67
fold2_room1_mix0942,70,4,0,-2,-1,15.19
fold2_room1_mix0942,71,4,0,-1,-2,14.17
fold2_room1_mix0942,72,4,0,-2,-2,13.64
fold2_room1_mix0942,73,4,0,-1,-2,12.63
fold2_room1_mix0942,74,4,0,-2,-2,11.52
fold2_room1_mix0942,75,4,0,-4,-2,10.74
fold2_room1_mix0942,76,4,0,-6,-2,10.05
fold2_room1_mix0942,77,4,0,-6,-2,9.37
fold2_room1_mix0942,78,4,0,-6,-3,8.68
fold2_room1_mix0942,79,4,0,-7,-3,7.96
fold2_room1_mix0942,80,4,0,-8,-3,7.09
fold2_room1_mix0942,81,4,0,-9,-4,6.03
fold2_room1_mix0942,82,4,0,-11,-5,5.27
fold2_room1_mix0942,83,4,0,-13,-6,4.46
fold2_room1_mix0942,84,4,0,-18,-7,3.39
fold2_room1_mix0942,85,4,0,-24,-8,2.84
fold2_room1_mix0942,86,4,0,-33,-12,2.02
fold2_room1_mix0942,87,4,0,-50,-18,1.47
fold2_room1_mix0942,88,4,0,-89,-25,1.23
fold2_room1_mix0942,89,4,0,-130,-20,1.22
fold2_room1_mix0942,90,4,0,-148,-13,1.70
fold2_room1_mix0942,91,4,0,-156,-9,2.63
fold2_room1_mix0942,92,4,0,-161,-7,3.53
fold2_room1_mix0942,93,4,0,-164,-6,4.28
fold2_room1_mix0942,94,4,0,-167,-5,5.07
fold2_room1_mix0942,95,4,0,-170,-3,6.29
fold2_room1_mix0942,96,4,0,-171,-3,7.28
fold2_room1_mix0942,97,4,0,-172,-3,7.99
fold2_room1_mix0942,98,4,0,-172,-3,8.65
fold2_room1_mix0942,99,4,0,-173,-2,9.60
fold2_room1_mix0945,35,4,0,170,0,4.39
fold2_room1_mix0945,36,4,0,167,0,4.09
fold2_room1_mix0945,37,4,0,169,0,12.85
fold2_room1_mix0945,38,4,0,168,0,16.05
fold2_room1_mix0945,39,4,0,169,0,16.12
fold2_room1_mix0945,40,4,0,165,0,16.51
fold2_room1_mix0945,41,4,0,166,0,19.13
fold2_room1_mix0945,42,4,0,165,-1,18.17
fold2_room1_mix0945,43,4,0,164,-1,17.31
fold2_room1_mix0945,44,4,0,165,-1,16.31
fold2_room1_mix0945,45,4,0,159,-1,15.92
fold2_room1_mix0945,46,3,0,107,-2,5.30
fold2_room1_mix0945,46,4,0,160,-1,16.36
fold2_room1_mix0945,47,3,0,100,-2,4.88
fold2_room1_mix0945,47,4,0,160,-1,14.32
fold2_room1_mix0945,48,3,0,103,-2,4.12
fold2_room1_mix0945,48,4,0,157,-1,15.62
fold2_room1_mix0945,49,1,0,-156,-1,11.61
fold2_room1_mix0945,49,3,0,95,-2,2.80
fold2_room1_mix0945,49,4,0,157,-2,13.23
fold2_room1_mix0945,50,1,0,-149,-1,19.12
fold2_room1_mix0945,50,4,0,152,-1,13.29
fold2_room1_mix0945,51,1,0,-141,-1,15.11
fold2_room1_mix0945,51,3,0,90,-2,2.11
fold2_room1_mix0945,51,4,0,155,-2,12.98
fold2_room1_mix0945,52,1,0,-142,-2,17.51
fold2_room1_mix0945,52,4,0,160,-2,14.23
fold2_room1_mix0945,53,1,0,-139,-2,17.77
fold2_room1_mix0945,53,4,0,162,-2,14.33
fold2_room1_mix0945,54,1,0,-140,-2,17.12
fold2_room1_mix0945,54,4,0,154,-2,15.38
fold2_room1_mix0945,55,1,0,-138,-2,17.22
fold2_room1_mix0945,55,4,0,151,-2,14.66
fold2_room1_mix0945,56,1,0,-137,-2,19.21
fold2_room1_mix0945,56,4,0,160,-3,13.77
fold2_room1_mix0945,57,1,0,-137,-2,16.93
fold2_room1_mix0945,57,4,0,157,-2,14.99
fold2_room1_mix0945,58,1,0,-132,-2,15.64
fold2_room1_mix0945,58,4,0,157,-2,12.81
fold2_room1_mix0945,59,1,0,-137,-2,9.85
fold2_room1_mix0945,59,4,0,147,-4,9.18
fold2_room1_mix0945,60,4,0,136,-6,5.14
fold2_room1_mix0945,60,4,0,131,-5,6.10
fold2_room1_mix0945,61,4,0,129,-8,4.03
fold2_room1_mix0945,61,4,0,125,-7,4.61
fold2_room1_mix0945,62,4,0,132,-8,4.04
fold2_room1_mix0945,62,4,0,125,-8,4.55
fold2_room1_mix0945,63,4,0,125,-10,3.24
fold2_room1_mix0945,63,4,0,161,-7,5.65
fold2_room1_mix0945,63,4,0,105,-9,4.40
fold2_room1_mix0945,64,4,0,110,-12,2.68
fold2_room1_mix0945,64,4,0,159,-8,4.54
fold2_room1_mix0945,64,4,0,89,-10,3.56
fold2_room1_mix0945,65,4,0,88,-13,2.58
fold2_room1_mix0945,65,4,0,85,-12,3.02
fold2_room1_mix0945,66,4,0,66,-12,2.42
fold2_room1_mix0945,66,4,0,65,-12,2.68
fold2_room1_mix0945,67,4,0,49,-11,2.67
fold2_room1_mix0945,67,4,0,47,-10,3.12
fold2_room1_mix0945,68,4,0,40,-8,3.18
fold2_room1_mix0945,68,4,0,37,-8,3.44
fold2_room1_mix0945,69,4,0,38,-7,3.39
fold2_room1_mix0945,69,4,0,34,-7,3.60
fold2_room1_mix0945,70,4,0,30,-6,4.48
fold2_room1_mix0945,70,4,0,27,-6,4.74
fold2_room1_mix0945,71,4,0,25,-5,4.96
fold2_room1_mix0945,71,4,0,23,-5,5.20
fold2_room1_mix0945,72,4,0,20,-5,5.01
fold2_room1_mix0945,72,4,0,20,-5,5.03
fold2_room1_mix0945,73,4,0,19,-4,5.76
fold2_room1_mix0945,73,4,0,19,-4,5.95
fold2_room1_mix0945,74,4,0,18,-4,6.40
fold2_room1_mix0945,74,4,0,18,-3,6.69
fold2_room1_mix0945,75,4,0,18,-4,7.10
fold2_room1_mix0945,75,4,0,18,-4,7.17
fold2_room1_mix0945,76,4,0,17,-3,8.01
fold2_room1_mix0945,76,4,0,16,-3,7.99
fold2_room1_mix0945,77,4,0,17,-3,8.11
fold2_room1_mix0945,77,4,0,16,-3,8.39
fold2_room1_mix0945,78,4,0,13,-2,9.44
fold2_room1_mix0945,78,4,0,12,-2,9.81
fold2_room1_mix0945,79,4,0,14,-2,9.98
fold2_room1_mix0945,79,4,0,13,-2,9.97
fold2_room1_mix0945,80,4,0,13,-2,10.49
fold2_room1_mix0945,80,4,0,12,-2,10.91
fold2_room1_mix0945,81,4,0,14,-2,11.09
fold2_room1_mix0945,81,4,0,14,-2,11.36
fold2_room1_mix0945,82,4,0,12,-2,11.82
fold2_room1_mix0945,82,4,0,11,-2,11.97
fold2_room1_mix0945,83,4,0,14,-2,12.03
fold2_room1_mix0945,83,4,0,10,-2,12.69
fold2_room1_mix0945,84,4,0,26,-2,12.73
fold2_room1_mix0945,84,4,0,18,-2,13.99
fold2_room1_mix0945,85,4,0,26,-2,13.46
fold2_room1_mix0945,85,4,0,18,-2,14.83
fold2_room1_mix0945,86,4,0,18,-2,13.22
fold2_room1_mix0945,86,4,0,14,-2,14.15
fold2_room1_mix0945,87,4,0,16,-1,14.91
fold2_room1_mix0945,87,4,0,13,-1,15.82
fold2_room1_mix0945,88,4,0,15,-1,14.99
fold2_room1_mix0945,88,4,0,14,-2,15.42
fold2_room1_mix0945,89,4,0,13,-1,15.57
fold2_room1_mix0945,89,4,0,13,-1,15.96
fold2_room1_mix0945,90,4,0,13,-1,16.18
fold2_room1_mix0945,90,4,0,10,-1,17.03
fold2_room1_mix0945,91,4,0,33,-2,13.70
fold2_room1_mix0945,91,4,0,63,-2,12.31
fold2_room1_mix0945,91,4,0,15,-1,17.03
fold2_room1_mix0945,92,4,0,47,-1,13.14
fold2_room1_mix0945,93,4,0,52,-1,12.71
fold2_room1_mix0945,93,4,0,25,-1,15.81
fold2_room1_mix0945,94,4,0,44,-1,13.45
fold2_room1_mix0945,95,4,0,45,-2,12.60
fold2_room1_mix0945,96,4,0,48,-2,12.29
fold2_room1_mix0945,96,4,0,30,-1,13.92
fold2_room1_mix0945,97,4,0,46,-2,9.95
fold2_room1_mix0945,98,4,0,41,-2,9.87
fold2_room1_mix0945,99,4,0,44,-2,10.81
fold2_room1_mix0964,0,5,0,-69,1,2.11
fold2_room1_mix0964,1,5,0,-60,3,8.69
fold2_room1_mix0964,2,5,0,-59,3,11.33
fold2_room1_mix0964,3,5,0,-65,1,8.37
fold2_room1_mix0964,4,5,0,-63,2,8.37
fold2_room1_mix0964,5,5,0,-57,2,17.97
fold2_room1_mix0964,6,5,0,-58,2,19.03
fold2_room1_mix0964,7,5,0,-62,3,17.03
fold2_room1_mix0964,8,5,0,-65,3,16.31
fold2_room1_mix0964,9,5,0,-65,3,18.12
fold2_room1_mix0964,10,5,0,-61,3,17.10
fold2_room1_mix0964,11,5,0,-64,3,17.55
fold2_room1_mix0964,12,5,0,-65,3,17.39
fold2_room1_mix0964,13,5,0,-64,2,16.19
fold2_room1_mix0964,14,5,0,-66,3,17.78
fold2_room1_mix0964,15,5,0,-68,3,16.30
fold2_room1_mix0964,16,5,0,-66,2,18.00
fold2_room1_mix0964,17,5,0,-67,3,17.29
fold2_room1_mix0964,18,5,0,-68,3,15.98
fold2_room1_mix0964,19,5,0,-70,3,17.16
fold2_room1_mix0964,20,5,0,-68,3,16.20
fold2_room1_mix0964,21,5,0,-66,3,16.13
fold2_room1_mix0964,22,5,0,-73,3,14.91
fold2_room1_mix0964,23,5,0,-73,3,15.85
fold2_room1_mix0964,24,5,0,-67,3,17.04
fold2_room1_mix0964,25,5,0,-69,3,16.72
fold2_room1_mix0964,26,5,0,-72,3,16.44
fold2_room1_mix0964,27,5,0,-72,3,17.51
fold2_room1_mix0964,28,5,0,-70,3,18.38
fold2_room1_mix0964,29,5,0,-72,3,16.29
fold2_room1_mix0964,30,5,0,-71,3,17.81
fold2_room1_mix0964,31,5,0,-69,3,17.60
fold2_room1_mix0964,32,4,0,1,0,5.79
fold2_room1_mix0964,32,5,0,-66,3,18.37
fold2_room1_mix0964,33,5,0,-70,3,19.42
fold2_room1_mix0964,34,4,0,2,-1,8.00
fold2_room1_mix0964,34,5,0,-72,3,17.10
fold2_room1_mix0964,35,4,0,3,-1,6.65
fold2_room1_mix0964,35,5,0,-71,3,17.77
fold2_room1_mix0964,36,4,0,5,-1,6.69
fold2_room1_mix0964,36,5,0,-72,3,18.29
fold2_room1_mix0964,37,4,0,4,-2,11.94
fold2_room1_mix0964,37,5,0,-73,3,17.05
fold2_room1_mix0964,38,4,0,5,-1,15.17
fold2_room1_mix0964,38,5,0,-76,3,17.20
fold2_room1_mix0964,39,4,0,3,-1,11.48
fold2_room1_mix0964,39,5,0,-73,3,18.00
fold2_room1_mix0964,40,4,0,2,-2,13.68
fold2_room1_mix0964,40,5,0,-71,3,17.75
fold2_room1_mix0964,41,4,0,2,-1,13.33
fold2_room1_mix0964,41,5,0,-77,3,16.40
fold2_room1_mix0964,42,4,0,3,-1,12.37
fold2_room1_mix0964,42,5,0,-76,3,16.49
fold2_room1_mix0964,43,4,0,4,-1,11.37
fold2_room1_mix0964,43,5,0,-73,3,17.59
fold2_room1_mix0964,44,4,0,2,-2,10.66
fold2_room1_mix0964,44,5,0,-73,3,17.70
fold2_room1_mix0964,45,4,0,4,-3,9.48
fold2_room1_mix0964,45,5,0,-73,3,16.05
fold2_room1_mix0964,46,4,0,5,-3,9.27
fold2_room1_mix0964,46,5,0,-75,3,16.94
fold2_room1_mix0964,47,4,0,5,-3,7.53
fold2_room1_mix0964,47,5,0,-72,3,16.30
fold2_room1_mix0964,48,4,0,8,-4,6.65
fold2_room1_mix0964,48,5,0,-74,3,17.08
fold2_room1_mix0964,49,4,0,8,-4,5.33
fold2_room1_mix0964,49,5,0,-78,3,15.49
fold2_room1_mix0964,50,4,0,12,-6,3.92
fold2_room1_mix0964,50,4,0,11,-6,3.91
fold2_room1_mix0964,50,5,0,-75,3,15.56
fold2_room1_mix0964,51,4,0,14,-7,3.46
fold2_room1_mix0964,51,4,0,13,-7,3.50
fold2_room1_mix0964,51,5,0,-77,3,15.18
fold2_room1_mix0964,52,4,0,16,-9,2.62
fold2_room1_mix0964,52,5,0,-76,3,15.95
fold2_room1_mix0964,53,4,0,22,-13,1.83
fold2_room1_mix0964,53,5,0,-77,3,14.62
fold2_room1_mix0964,54,4,0,46,-19,1.22
fold2_room1_mix0964,54,4,0,46,-19,1.40
fold2_room1_mix0964,54,5,0,-79,4,14.37
fold2_room1_mix0964,55,4,0,88,-27,0.72
fold2_room1_mix0964,55,4,0,91,-26,1.02
fold2_room1_mix0964,55,5,0,-77,3,16.71
fold2_room1_mix0964,56,4,0,134,-18,1.21
fold2_room1_mix0964,56,4,0,134,-17,1.42
fold2_room1_mix0964,56,5,0,-72,3,16.15
fold2_room1_mix0964,57,4,0,159,-9,3.56
fold2_room1_mix0964,57,5,0,-81,3,15.57
fold2_room1_mix0964,58,4,0,164,-7,4.42
fold2_room1_mix0964,58,5,0,-80,3,16.74
fold2_room1_mix0964,59,4,0,167,-5,5.49
fold2_room1_mix0964,59,5,0,-74,3,16.47
fold2_room1_mix0964,60,4,0,169,-5,5.22
fold2_room1_mix0964,60,5,0,-79,3,16.28
fold2_room1_mix0964,61,4,0,172,-4,6.55
fold2_room1_mix0964,61,5,0,-80,3,15.49
fold2_room1_mix0964,62,4,0,174,-3,7.58
fold2_room1_mix0964,62,5,0,-82,3,15.91
fold2_room1_mix0964,63,4,0,175,-3,8.03
fold2_room1_mix0964,63,5,0,-83,3,15.63
fold2_room1_mix0964,64,4,0,176,-2,8.95
fold2_room1_mix0964,64,5,0,-80,3,16.26
fold2_room1_mix0964,65,4,0,175,-2,9.62
fold2_room1_mix0964,65,5,0,-84,3,15.85
fold2_room1_mix0964,66,4,0,177,-2,9.75
fold2_room1_mix0964,66,5,0,-84,3,15.37
fold2_room1_mix0964,67,4,0,178,-2,9.41
fold2_room1_mix0964,67,5,0,-85,3,15.80
fold2_room1_mix0964,68,4,0,178,-2,8.70
fold2_room1_mix0964,68,5,0,-88,3,16.49
fold2_room1_mix0964,69,4,0,-179,-3,8.60
fold2_room1_mix0964,69,5,0,-84,3,15.57
fold2_room1_mix0964,70,4,0,-178,-2,8.16
fold2_room1_mix0964,70,5,0,-87,3,15.19
fold2_room1_mix0964,71,4,0,-176,-3,7.52
fold2_room1_mix0964,71,5,0,-87,3,16.55
fold2_room1_mix0964,72,4,0,-171,-4,6.63
fold2_room1_mix0964,72,5,0,-85,3,16.99
fold2_room1_mix0964,73,4,0,-166,-6,5.21
fold2_room1_mix0964,73,5,0,-89,4,15.31
fold2_room1_mix0964,74,4,0,-160,-7,4.25
fold2_room1_mix0964,74,5,0,-87,3,15.88
fold2_room1_mix0964,75,4,0,-122,-12,1.64
fold2_room1_mix0964,75,4,0,-126,-11,1.57
fold2_room1_mix0964,75,5,0,-83,3,16.40
fold2_room1_mix0964,76,4,0,-98,-12,1.90
fold2_room1_mix0964,76,5,0,-88,4,14.67
fold2_room1_mix0964,77,4,0,-75,-14,1.67
fold2_room1_mix0964,77,5,0,-88,4,14.53
fold2_room1_mix0964,78,4,0,-46,-10,1.93
fold2_room1_mix0964,78,5,0,-85,4,15.37
fold2_room1_mix0964,79,4,0,-26,-8,2.51
fold2_room1_mix0964,79,5,0,-88,4,14.83
fold2_room1_mix0964,80,4,0,-21,-6,3.05
fold2_room1_mix0964,80,5,0,-84,4,15.43
fold2_room1_mix0964,81,4,0,-18,-5,4.28
fold2_room1_mix0964,81,5,0,-87,4,14.90
fold2_room1_mix0964,82,4,0,-14,-4,4.91
fold2_room1_mix0964,82,5,0,-90,4,13.59
fold2_room1_mix0964,83,4,0,-11,-3,5.77
fold2_room1_mix0964,83,5,0,-88,4,15.03
fold2_room1_mix0964,84,4,0,-8,-3,5.92
fold2_room1_mix0964,84,5,0,-91,3,15.20
fold2_room1_mix0964,85,4,0,-8,-2,6.52
fold2_room1_mix0964,85,5,0,-87,4,14.34
fold2_room1_mix0964,86,4,0,-6,-2,7.95
fold2_room1_mix0964,86,5,0,-92,4,14.29
fold2_room1_mix0964,87,4,0,-6,-1,8.99
fold2_room1_mix0964,87,5,0,-91,4,14.92
fold2_room1_mix0964,88,4,0,-5,-1,9.44
fold2_room1_mix0964,88,5,0,-90,4,15.05
fold2_room1_mix0964,89,4,0,-4,-1,10.76
fold2_room1_mix0964,89,5,0,-92,4,13.75
fold2_room1_mix0964,90,4,0,-5,-1,11.59
fold2_room1_mix0964,90,5,0,-90,4,14.48
fold2_room1_mix0964,91,4,0,-7,-1,11.79
fold2_room1_mix0964,91,5,0,-92,4,15.20
fold2_room1_mix0964,92,4,0,-4,0,14.61
fold2_room1_mix0964,92,5,0,-92,4,14.81
fold2_room1_mix0964,93,4,0,-4,-1,14.37
fold2_room1_mix0964,93,5,0,-92,4,14.24
fold2_room1_mix0964,94,4,0,-3,0,16.93
fold2_room1_mix0964,94,5,0,-93,4,14.31
fold2_room1_mix0964,95,4,0,-1,-1,14.46
fold2_room1_mix0964,95,5,0,-92,4,14.65
fold2_room1_mix0964,96,4,0,-1,-1,9.77
fold2_room1_mix0964,96,5,0,-95,4,14.47
fold2_room1_mix0964,97,4,0,0,0,6.76
fold2_room1_mix0964,97,5,0,-95,4,13.82
fold2_room1_mix0964,98,5,0,-95,4,13.53
fold2_room1_mix0964,99,4,0,4,0,2.70
fold2_room1_mix0964,99,5,0,-95,4,13.96
fold2_room1_mix0965,1,4,0,-5,0,3.23
fold2_room1_mix0965,2,4,0,-6,0,9.73
fold2_room1_mix0965,3,4,0,-5,0,14.92
fold2_room1_mix0965,4,4,0,-6,0,13.88
fold2_room1_mix0965,5,4,0,-4,0,17.62
fold2_room1_mix0965,6,4,0,-5,0,20.26
fold2_room1_mix0965,7,4,0,-5,-1,22.38
fold2_room1_mix0965,8,4,0,-5,-1,21.37
fold2_room1_mix0965,9,4,0,-5,-1,22.03
fold2_room1_mix0965,10,4,0,-4,-1,20.35
fold2_room1_mix0965,11,4,0,-5,-1,19.39
fold2_room1_mix0965,12,4,0,-6,-1,18.58
fold2_room1_mix0965,13,4,0,-7,-1,18.12
fold2_room1_mix0965,14,4,0,-8,-1,17.11
fold2_room1_mix0965,15,4,0,-8,-1,16.93
fold2_room1_mix0965,16,4,0,-8,-1,16.44
fold2_room1_mix0965,17,4,0,-8,-1,16.74
fold2_room1_mix0965,18,4,0,-9,-1,16.34
fold2_room1_mix0965,19,4,0,-10,-1,16.01
fold2_room1_mix0965,20,4,0,-9,-1,15.60
fold2_room1_mix0965,21,4,0,-9,-1,14.84
fold2_room1_mix0965,22,4,0,-6,-2,13.91
fold2_room1_mix0965,23,4,0,-8,-1,14.12
fold2_room1_mix0965,24,4,0,-6,-2,13.23
fold2_room1_mix0965,25,4,0,-5,-1,13.85
fold2_room1_mix0965,26,4,0,-4,-2,13.13
fold2_room1_mix0965,27,4,0,-6,-2,12.62
fold2_room1_mix0965,28,4,0,-7,-2,12.36
fold2_room1_mix0965,29,4,0,-9,-2,12.19
fold2_room1_mix0965,30,4,0,-7,-2,12.16
fold2_room1_mix0965,31,4,0,-9,-2,11.49
fold2_room1_mix0965,32,4,0,-9,-2,11.07
fold2_room1_mix0965,33,4,0,-7,-2,10.96
fold2_room1_mix0965,34,4,0,-9,-2,10.39
fold2_room1_mix0965,35,4,0,-9,-2,10.24
fold2_room1_mix0965,36,4,0,-10,-2,10.01
fold2_room1_mix0965,37,4,0,-10,-3,9.16
fold2_room1_mix0965,38,4,0,-10,-3,8.62
fold2_room1_mix0965,39,4,0,-10,-2,9.04
fold2_room1_mix0965,40,4,0,-11,-3,8.41
fold2_room1_mix0965,41,4,0,-11,-3,8.23
fold2_room1_mix0965,42,4,0,-13,-3,7.92
fold2_room1_mix0965,43,4,0,-13,-3,7.83
fold2_room1_mix0965,44,4,0,-14,-4,6.99
fold2_room1_mix0965,45,4,0,-16,-4,6.82
fold2_room1_mix0965,46,4,0,-14,-4,6.75
fold2_room1_mix0965,47,4,0,-16,-5,5.97
fold2_room1_mix0965,48,4,0,-17,-5,5.82
fold2_room1_mix0965,49,4,0,-18,-5,5.48
fold2_room1_mix0965,50,4,0,-19,-5,5.16
fold2_room1_mix0965,51,4,0,-18,-6,4.74
fold2_room1_mix0965,52,4,0,-20,-6,4.58
fold2_room1_mix0965,53,4,0,-22,-6,4.40
fold2_room1_mix0965,54,4,0,-23,-8,3.85
fold2_room1_mix0965,55,4,0,-25,-7,3.84
fold2_room1_mix0965,56,4,0,-26,-9,3.41
fold2_room1_mix0965,57,4,0,-27,-8,3.38
fold2_room1_mix0965,58,4,0,-31,-10,2.91
fold2_room1_mix0965,59,4,0,-33,-11,2.89
fold2_room1_mix0965,60,4,0,-39,-13,2.39
fold2_room1_mix0965,61,3,0,-113,-2,8.09
fold2_room1_mix0965,61,4,0,-46,-15,2.36
fold2_room1_mix0965,62,3,0,-99,-2,10.28
fold2_room1_mix0965,62,4,0,-45,-16,2.33
fold2_room1_mix0965,63,3,0,-96,-2,8.50
fold2_room1_mix0965,63,4,0,-49,-21,1.92
fold2_room1_mix0965,64,3,0,-94,-2,9.04
fold2_room1_mix0965,64,4,0,-58,-22,1.64
fold2_room1_mix0965,65,3,0,-100,-2,10.15
fold2_room1_mix0965,65,4,0,-66,-25,1.51
fold2_room1_mix0965,66,3,0,-95,-2,8.63
fold2_room1_mix0965,66,4,0,-75,-25,1.59
fold2_room1_mix0965,67,4,0,-86,-25,1.56
fold2_room1_mix0965,68,4,0,-93,-25,1.55
fold2_room1_mix0965,69,4,0,-101,-25,1.48
fold2_room1_mix0965,70,4,0,-112,-24,1.62
fold2_room1_mix0965,71,4,0,-123,-21,1.79
fold2_room1_mix0965,72,4,0,-127,-20,1.88
fold2_room1_mix0965,73,4,0,-133,-18,2.06
fold2_room1_mix0965,74,4,0,-137,-16,2.26
fold2_room1_mix0965,75,4,0,-140,-15,2.41
fold2_room1_mix0965,76,4,0,-144,-14,2.59
fold2_room1_mix0965,77,4,0,-147,-13,2.88
fold2_room1_mix0965,78,4,0,-150,-12,2.83
fold2_room1_mix0965,79,4,0,-153,-11,3.15
fold2_room1_mix0965,80,4,0,-154,-10,3.26
fold2_room1_mix0965,81,4,0,-157,-9,3.63
fold2_room1_mix0965,82,4,0,-157,-9,3.67
fold2_room1_mix0965,83,4,0,-159,-8,4.15
fold2_room1_mix0965,84,4,0,-159,-7,4.77
fold2_room1_mix0965,85,4,0,-161,-7,4.76
fold2_room1_mix0965,86,4,0,-162,-7,4.97
fold2_room1_mix0965,87,4,0,-163,-6,5.48
fold2_room1_mix0965,88,4,0,-163,-6,5.18
fold2_room1_mix0965,89,4,0,-164,-6,5.51
fold2_room1_mix0965,90,4,0,-164,-6,5.81
fold2_room1_mix0965,91,4,0,-164,-5,6.16
fold2_room1_mix0965,92,4,0,-164,-6,6.09
fold2_room1_mix0965,93,4,0,-165,-5,6.67
fold2_room1_mix0965,94,4,0,-166,-4,6.92
fold2_room1_mix0965,95,4,0,-166,-5,7.14
fold2_room1_mix0965,96,4,0,-166,-4,7.40
fold2_room1_mix0965,97,4,0,-167,-4,7.91
fold2_room1_mix0965,98,4,0,-167,-4,8.21
fold2_room1_mix0965,99,4,0,-168,-4,8.02
fold2_room1_mix0966,29,4,0,-2,0,4.73
fold2_room1_mix0966,30,4,0,0,0,12.58
fold2_room1_mix0966,31,4,0,-1,0,9.67
fold2_room1_mix0966,32,4,0,-5,0,3.92
fold2_room1_mix0966,33,4,0,0,0,5.69
fold2_room1_mix0966,34,4,0,0,0,12.45
fold2_room1_mix0966,35,4,0,1,-1,12.78
fold2_room1_mix0966,36,1,0,41,-1,13.87
fold2_room1_mix0966,36,4,0,0,-1,20.25
fold2_room1_mix0966,37,1,0,46,-2,11.32
fold2_room1_mix0966,37,4,0,-3,-1,24.44
fold2_room1_mix0966,38,1,0,46,-2,9.26
fold2_room1_mix0966,38,4,0,-1,-1,26.21
fold2_room1_mix0966,39,1,0,51,-2,7.65
fold2_room1_mix0966,39,4,0,0,-1,32.11
fold2_room1_mix0966,40,1,0,57,-2,6.69
fold2_room1_mix0966,40,4,0,-2,-1,34.55
fold2_room1_mix0966,41,1,0,56,-2,1.76
fold2_room1_mix0966,41,4,0,2,-1,28.94
fold2_room1_mix0966,42,4,0,-4,0,20.31
fold2_room1_mix0966,43,4,0,1,0,16.85
fold2_room1_mix0966,45,4,0,-1,0,4.38
fold2_room1_mix0966,46,4,0,-1,0,5.65
fold2_room1_mix0966,47,4,0,-2,0,30.09
fold2_room1_mix0966,48,4,0,-1,0,22.42
fold2_room1_mix0966,49,4,0,-4,0,30.54
fold2_room1_mix0966,50,4,0,-5,0,27.29
fold2_room1_mix0966,51,4,0,-1,0,27.64
fold2_room1_mix0966,52,4,0,-2,0,28.09
fold2_room1_mix0966,53,4,0,-3,-1,28.76
fold2_room1_mix0966,54,4,0,-2,0,29.76
fold2_room1_mix0966,55,4,0,-2,0,28.12
fold2_room1_mix0966,56,4,0,0,0,27.21
fold2_room1_mix0966,57,4,0,0,0,27.97
fold2_room1_mix0966,58,4,0,-1,0,27.94
fold2_room1_mix0966,59,4,0,-2,0,24.89
fold2_room1_mix0966,60,4,0,-3,0,24.60
fold2_room1_mix0966,61,4,0,-1,-1,24.51
fold2_room1_mix0966,62,4,0,-4,-1,23.19
fold2_room1_mix0966,63,4,0,-4,-1,21.78
fold2_room1_mix0966,64,4,0,-4,-1,20.04
fold2_room1_mix0966,65,4,0,-3,-1,19.70
fold2_room1_mix0966,66,4,0,-2,-1,18.44
fold2_room1_mix0966,67,4,0,-3,-1,18.05
fold2_room1_mix0966,68,4,0,-5,-1,17.75
fold2_room1_mix0966,69,4,0,-5,-1,16.97
fold2_room1_mix0966,70,4,0,-3,-2,16.09
fold2_room1_mix0966,71,4,0,-3,-2,15.14
fold2_room1_mix0966,72,4,0,-6,-2,16.49
fold2_room1_mix0966,73,4,0,-6,-2,13.54
fold2_room1_mix0966,74,4,0,-6,-2,12.52
fold2_room1_mix0966,75,4,0,-7,-2,11.53
fold2_room1_mix0966,76,4,0,-8,-2,11.60
fold2_room1_mix0966,77,4,0,-7,-3,9.34
fold2_room1_mix0966,78,4,0,-7,-4,8.17
fold2_room1_mix0966,79,4,0,-10,-3,8.54
fold2_room1_mix0966,80,4,0,-13,-4,7.28
fold2_room1_mix0966,81,4,0,-12,-5,6.20
fold2_room1_mix0966,82,4,0,-15,-5,5.97
fold2_room1_mix0966,83,4,0,-18,-5,5.37
fold2_room1_mix0966,84,4,0,-20,-5,4.64
fold2_room1_mix0966,85,4,0,-21,-6,3.86
fold2_room1_mix0966,86,4,0,-31,-8,3.12
fold2_room1_mix0966,87,4,0,-38,-10,2.45
fold2_room1_mix0966,88,4,0,-51,-17,1.79
fold2_room1_mix0966,89,4,0,-75,-15,1.89
fold2_room1_mix0966,90,4,0,-98,-16,1.86
fold2_room1_mix0966,91,4,0,-117,-17,1.76
fold2_room1_mix0966,92,4,0,-135,-11,2.31
fold2_room1_mix0966,93,4,0,-144,-9,2.74
fold2_room1_mix0966,94,4,0,-149,-8,3.49
fold2_room1_mix0966,95,4,0,-155,-6,4.11
fold2_room1_mix0966,96,4,0,-157,-5,5.09
fold2_room1_mix0966,97,4,0,-160,-4,5.76
fold2_room1_mix0966,98,4,0,-163,-4,6.23
fold2_room1_mix0966,99,4,0,-164,-4,6.48
fold2_room1_mix0972,41,4,0,-170,-2,9.34
fold2_room1_mix0972,42,4,0,-171,-1,14.20
fold2_room1_mix0972,43,4,0,-163,-1,20.35
fold2_room1_mix0972,44,3,0,-57,-3,9.48
fold2_room1_mix0972,44,4,0,-165,-1,22.09
fold2_room1_mix0972,45,3,0,-50,-3,9.39
fold2_room1_mix0972,45,4,0,-164,-1,23.97
fold2_room1_mix0972,46,3,0,-56,-3,8.04
fold2_room1_mix0972,46,4,0,-165,-1,21.03
fold2_room1_mix0972,47,3,0,-56,-3,7.71
fold2_room1_mix0972,47,4,0,-162,-1,21.13
fold2_room1_mix0972,48,3,0,-51,-3,8.65
fold2_room1_mix0972,48,4,0,-162,-1,20.74
fold2_room1_mix0972,49,4,0,-162,-1,17.99
fold2_room1_mix0972,50,4,0,-156,-1,17.87
fold2_room1_mix0972,51,4,0,-160,-1,15.35
fold2_room1_mix0972,52,4,0,-156,-1,13.73
fold2_room1_mix0972,53,4,0,-154,-2,11.93
fold2_room1_mix0972,54,4,0,-151,-2,10.32
fold2_room1_mix0972,55,4,0,-151,-2,9.72
fold2_room1_mix0972,56,4,0,-146,-2,9.07
fold2_room1_mix0972,57,4,0,-141,-3,8.04
fold2_room1_mix0972,58,4,0,-137,-4,7.32
fold2_room1_mix0972,59,4,0,-131,-4,7.19
fold2_room1_mix0972,60,4,0,-121,-6,5.95
fold2_room1_mix0972,61,4,0,-116,-5,6.08
fold2_room1_mix0972,62,4,0,-100,-6,5.49
fold2_room1_mix0972,63,4,0,-91,-6,4.91
fold2_room1_mix0972,64,4,0,-80,-6,4.85
fold2_room1_mix0972,65,4,0,-68,-6,5.09
fold2_room1_mix0972,66,4,0,-61,-4,5.93
fold2_room1_mix0972,67,4,0,-51,-4,5.68
fold2_room1_mix0972,68,4,0,-45,-4,6.82
fold2_room1_mix0972,69,4,0,-42,-3,7.47
fold2_room1_mix0972,70,4,0,-40,-3,8.76
fold2_room1_mix0972,71,4,0,-33,-2,9.56
fold2_room1_mix0972,72,4,0,-31,-2,10.74
fold2_room1_mix0972,73,4,0,-30,-2,11.54
fold2_room1_mix0972,74,4,0,-27,-2,11.90
fold2_room1_mix0972,75,4,0,-23,-2,12.26
fold2_room1_mix0972,76,4,0,-22,-2,13.19
fold2_room1_mix0972,77,4,0,-22,-2,14.07
fold2_room1_mix0972,78,4,0,-21,-1,15.64
fold2_room1_mix0972,79,4,0,-21,-1,17.19
fold2_room1_mix0972,80,4,0,-20,-1,17.29
fold2_room1_mix0972,81,4,0,-20,-1,18.42
fold2_room1_mix0972,82,4,0,-17,-1,18.74
fold2_room1_mix0972,83,4,0,-17,-1,18.62
fold2_room1_mix0972,84,4,0,-18,-1,20.13
fold2_room1_mix0972,85,4,0,-16,-1,20.63
fold2_room1_mix0972,86,4,0,-14,-1,15.56
fold2_room1_mix0972,87,4,0,-14,-1,15.25
fold2_room1_mix0985,0,2,0,-57,-1,11.42
fold2_room1_mix0985,1,2,0,-61,-2,11.46
fold2_room1_mix0985,2,2,0,-60,-2,10.54
fold2_room1_mix0985,3,2,0,-58,-2,11.87
fold2_room1_mix0985,4,2,0,-64,-2,13.21
fold2_room1_mix0985,5,2,0,-66,-2,12.75
fold2_room1_mix0985,10,2,0,-61,-2,13.63
fold2_room1_mix0985,11,2,0,-63,-2,13.01
fold2_room1_mix0985,12,2,0,-65,-2,11.97
fold2_room1_mix0985,13,2,0,-62,-2,12.08
fold2_room1_mix0985,14,2,0,-65,-2,12.09
fold2_room1_mix0985,15,2,0,-69,-2,13.84
fold2_room1_mix0985,20,2,0,-65,-2,12.41
fold2_room1_mix0985,21,2,0,-68,-2,12.63
fold2_room1_mix0985,22,2,0,-69,-2,11.63
fold2_room1_mix0985,23,2,0,-68,-2,12.11
fold2_room1_mix0985,24,2,0,-70,-2,12.79
fold2_room1_mix0985,25,2,0,-75,-2,13.42
fold2_room1_mix0985,30,2,0,-72,-2,12.42
fold2_room1_mix0985,31,2,0,-70,-2,13.68
fold2_room1_mix0985,32,2,0,-74,-2,12.12
fold2_room1_mix0985,33,2,0,-73,-2,11.63
fold2_room1_mix0985,34,2,0,-72,-2,12.50
fold2_room1_mix0985,35,2,0,-78,-2,12.91
fold2_room1_mix0985,39,2,0,-82,-2,13.80
fold2_room1_mix0985,40,2,0,-74,-2,12.73
fold2_room1_mix0985,41,2,0,-73,-2,12.71
fold2_room1_mix0985,42,2,0,-77,-2,11.44
fold2_room1_mix0985,43,2,0,-76,-2,11.82
fold2_room1_mix0985,44,2,0,-76,-2,12.94
fold2_room1_mix0985,45,2,0,-82,-2,6.28
fold2_room1_mix0985,46,4,0,166,0,14.05
fold2_room1_mix0985,47,4,0,165,0,24.64
fold2_room1_mix0985,48,4,0,172,0,23.77
fold2_room1_mix0985,49,2,0,-73,-2,13.52
fold2_room1_mix0985,49,4,0,166,0,11.94
fold2_room1_mix0985,50,2,0,-80,-2,12.33
fold2_room1_mix0985,50,4,0,173,0,31.95
fold2_room1_mix0985,51,2,0,-81,-2,13.14
fold2_room1_mix0985,51,4,0,170,0,41.33
fold2_room1_mix0985,52,2,0,-82,-2,12.18
fold2_room1_mix0985,52,4,0,168,0,40.68
fold2_room1_mix0985,53,2,0,-83,-2,12.59
fold2_room1_mix0985,53,4,0,168,0,38.94
fold2_room1_mix0985,54,2,0,-85,-2,13.01
fold2_room1_mix0985,54,4,0,167,0,31.38
fold2_room1_mix0985,55,4,0,158,0,37.13
fold2_room1_mix0985,56,4,0,162,0,36.12
fold2_room1_mix0985,57,4,0,155,0,32.99
fold2_room1_mix0985,58,4,0,154,0,30.43
fold2_room1_mix0985,59,2,0,-83,-2,12.99
fold2_room1_mix0985,59,4,0,159,0,31.11
fold2_room1_mix0985,60,2,0,-91,-2,12.68
fold2_room1_mix0985,60,4,0,156,-1,30.62
fold2_room1_mix0985,61,2,0,-89,-2,12.29
fold2_room1_mix0985,61,4,0,155,0,31.71
fold2_room1_mix0985,62,2,0,-87,-3,12.34
fold2_room1_mix0985,62,4,0,153,-1,29.69
fold2_room1_mix0985,63,2,0,-93,-3,11.92
fold2_room1_mix0985,63,4,0,154,-1,28.76
fold2_room1_mix0985,64,2,0,-92,-3,11.96
fold2_room1_mix0985,64,4,0,152,-1,28.65
fold2_room1_mix0985,65,4,0,149,-1,27.42
fold2_room1_mix0985,66,4,0,151,-1,27.27
fold2_room1_mix0985,67,4,0,146,-1,26.75
fold2_room1_mix0985,68,4,0,146,-1,24.59
fold2_room1_mix0985,69,2,0,-88,-2,12.53
fold2_room1_mix0985,69,4,0,147,-1,26.53
fold2_room1_mix0985,70,2,0,-92,-2,12.50
fold2_room1_mix0985,70,4,0,145,-1,24.42
fold2_room1_mix0985,71,2,0,-94,-2,12.69
fold2_room1_mix0985,71,4,0,143,-1,22.29
fold2_room1_mix0985,72,2,0,-91,-2,12.16
fold2_room1_mix0985,72,4,0,142,-1,21.15
fold2_room1_mix0985,73,2,0,-94,-2,11.91
fold2_room1_mix0985,73,4,0,140,-1,19.70
fold2_room1_mix0985,74,2,0,-92,-2,12.65
fold2_room1_mix0985,74,4,0,135,-1,18.59
fold2_room1_mix0985,75,4,0,132,-1,17.75
fold2_room1_mix0985,76,4,0,128,-1,16.48
fold2_room1_mix0985,77,4,0,128,-1,16.43
fold2_room1_mix0985,78,4,0,124,-1,15.89
fold2_room1_mix0985,79,2,0,-94,-2,13.31
fold2_room1_mix0985,79,4,0,118,-1,15.44
fold2_room1_mix0985,80,2,0,-94,-2,14.08
fold2_room1_mix0985,80,4,0,114,-1,14.61
fold2_room1_mix0985,81,2,0,-95,-2,13.72
fold2_room1_mix0985,81,4,0,112,-1,14.88
fold2_room1_mix0985,82,2,0,-97,-2,13.06
fold2_room1_mix0985,82,4,0,108,-2,14.45
fold2_room1_mix0985,83,2,0,-97,-2,13.71
fold2_room1_mix0985,83,4,0,103,-2,13.71
fold2_room1_mix0985,84,2,0,-96,-2,14.37
fold2_room1_mix0985,84,4,0,99,-2,13.12
fold2_room1_mix0985,85,4,0,94,-2,13.20
fold2_room1_mix0985,86,4,0,89,-2,12.85
fold2_room1_mix0985,87,4,0,86,-2,12.60
fold2_room1_mix0985,88,4,0,85,-2,12.47
fold2_room1_mix0985,89,2,0,-100,-2,13.76
fold2_room1_mix0985,89,4,0,81,-2,13.40
fold2_room1_mix0985,90,2,0,-101,-2,14.06
fold2_room1_mix0985,90,4,0,76,-2,13.00
fold2_room1_mix0985,91,2,0,-102,-2,14.08
fold2_room1_mix0985,91,4,0,71,-2,14.26
fold2_room1_mix0985,92,2,0,-101,-2,13.22
fold2_room1_mix0985,92,4,0,68,-2,14.74
fold2_room1_mix0985,93,2,0,-101,-2,14.40
fold2_room1_mix0985,93,4,0,64,-1,14.89
fold2_room1_mix0985,94,2,0,-96,-2,13.68
fold2_room1_mix0985,94,4,0,63,-1,15.95
fold2_room1_mix0985,95,4,0,56,-1,17.22
fold2_room1_mix0985,96,4,0,52,-1,17.82
fold2_room1_mix0985,97,4,0,47,-1,18.04
fold2_room1_mix0985,98,4,0,46,-1,19.01
fold2_room1_mix0985,99,2,0,-109,-2,13.96
fold2_room1_mix0985,99,4,0,43,-1,20.04
fold2_room1_mix0990,31,4,0,3,-1,6.24
fold2_room1_mix0990,32,4,0,3,-1,6.79
fold2_room1_mix0990,33,4,0,4,-1,4.25
fold2_room1_mix0990,35,4,0,1,-1,9.65
fold2_room1_mix0990,36,4,0,0,-1,13.02
fold2_room1_mix0990,37,4,0,1,-1,13.11
fold2_room1_mix0990,38,4,0,2,-1,15.81
fold2_room1_mix0990,39,4,0,3,-1,14.13
fold2_room1_mix0990,40,4,0,3,-1,13.64
fold2_room1_mix0990,41,4,0,3,-1,14.76
fold2_room1_mix0990,42,4,0,6,-2,13.18
fold2_room1_mix0990,43,4,0,5,-1,15.05
fold2_room1_mix0990,44,4,0,6,-1,14.85
fold2_room1_mix0990,45,4,0,7,-1,14.24
fold2_room1_mix0990,46,4,0,7,-1,13.89
fold2_room1_mix0990,47,1,0,-109,-2,4.96
fold2_room1_mix0990,47,4,0,10,-2,11.31
fold2_room1_mix0990,48,1,0,-99,-2,7.70
fold2_room1_mix0990,48,4,0,14,-3,9.89
fold2_room1_mix0990,49,1,0,-109,-2,5.87
fold2_room1_mix0990,49,4,0,11,-2,9.59
fold2_room1_mix0990,50,1,0,-95,-2,2.31
fold2_room1_mix0990,50,4,0,9,-2,11.96
fold2_room1_mix0990,51,1,0,-62,-2,8.15
fold2_room1_mix0990,51,4,0,15,-2,10.62
fold2_room1_mix0990,52,1,0,-43,-2,10.56
fold2_room1_mix0990,52,4,0,13,-2,9.59
fold2_room1_mix0990,53,1,0,-44,-2,10.07
fold2_room1_mix0990,53,4,0,10,-3,8.75
fold2_room1_mix0990,54,1,0,-40,-2,8.55
fold2_room1_mix0990,54,4,0,10,-3,9.31
fold2_room1_mix0990,55,1,0,-29,-2,7.67
fold2_room1_mix0990,55,4,0,12,-2,9.16
fold2_room1_mix0990,56,4,0,13,-2,8.68
fold2_room1_mix0990,57,4,0,10,-1,10.02
fold2_room1_mix0990,58,4,0,7,-2,9.52
fold2_room1_mix0990,59,4,0,7,-2,8.38
fold2_room1_mix0990,60,4,0,8,-2,8.39
fold2_room1_mix0990,61,4,0,6,-2,8.24
fold2_room1_mix0990,62,4,0,8,-3,7.40
fold2_room1_mix0990,63,4,0,11,-3,6.92
fold2_room1_mix0990,64,4,0,10,-3,6.82
fold2_room1_mix0990,65,4,0,12,-3,6.25
fold2_room1_mix0990,66,4,0,13,-3,5.72
fold2_room1_mix0990,67,4,0,14,-3,5.48
fold2_room1_mix0990,68,4,0,13,-3,4.89
fold2_room1_mix0990,69,4,0,16,-3,4.91
fold2_room1_mix0990,70,4,0,17,-4,4.32
fold2_room1_mix0990,71,4,0,17,-4,3.95
fold2_room1_mix0990,72,4,0,20,-4,3.62
fold2_room1_mix0990,73,4,0,23,-5,3.15
fold2_room1_mix0990,74,4,0,26,-6,2.85
fold2_room1_mix0990,75,4,0,30,-7,2.44
fold2_room1_mix0990,76,4,0,38,-8,2.06
fold2_room1_mix0990,77,4,0,50,-10,1.75
fold2_room1_mix0990,78,4,0,67,-10,1.66
fold2_room1_mix0990,79,4,0,89,-10,1.56
fold2_room1_mix0990,80,4,0,112,-9,1.77
fold2_room1_mix0990,81,4,0,128,-7,2.05
fold2_room1_mix0990,82,4,0,139,-7,2.42
fold2_room1_mix0990,83,4,0,148,-5,2.88
fold2_room1_mix0990,84,4,0,152,-5,2.98
fold2_room1_mix0990,85,4,0,156,-5,3.49
fold2_room1_mix0990,86,4,0,159,-5,3.65
fold2_room1_mix0990,87,4,0,162,-3,4.16
fold2_room1_mix0990,88,4,0,164,-3,4.43
fold2_room1_mix0990,89,4,0,165,-3,5.01
fold2_room1_mix0990,90,4,0,168,-3,5.22
fold2_room1_mix0990,91,4,0,167,-2,5.86
fold2_room1_mix0990,92,4,0,169,-2,6.18
fold2_room1_mix0990,93,4,0,169,-2,6.96
fold2_room1_mix0990,94,4,0,170,-2,7.19
fold2_room1_mix0990,95,4,0,171,-2,7.98
fold2_room1_mix0990,96,4,0,171,-2,8.11
fold2_room1_mix0990,97,4,0,172,-2,8.56
fold2_room1_mix0990,98,4,0,172,-2,9.13
fold2_room1_mix0990,99,4,0,173,-2,9.51
fold2_room1_mix0990,34,4,0,8,-1,3.90
fold2_room1_mix0998,23,4,0,-8,0,7.59
fold2_room1_mix0998,24,4,0,-12,0,20.58
fold2_room1_mix0998,25,4,0,-13,-1,19.56
fold2_room1_mix0998,26,4,0,-15,0,18.82
fold2_room1_mix0998,27,4,0,-17,-1,20.40
fold2_room1_mix0998,28,4,0,-16,0,20.34
fold2_room1_mix0998,29,4,0,-18,-1,19.36
fold2_room1_mix0998,30,4,0,-18,-1,17.85
fold2_room1_mix0998,31,4,0,-19,-1,17.00
fold2_room1_mix0998,32,4,0,-21,-2,14.68
fold2_room1_mix0998,33,4,0,-23,-2,14.36
fold2_room1_mix0998,34,4,0,-25,-2,13.24
fold2_room1_mix0998,35,4,0,-28,-2,12.42
fold2_room1_mix0998,36,3,0,93,-2,9.55
fold2_room1_mix0998,36,4,0,-31,-2,12.47
fold2_room1_mix0998,37,3,0,84,-3,11.39
fold2_room1_mix0998,37,4,0,-32,-2,11.16
fold2_room1_mix0998,38,3,0,84,-3,13.29
fold2_room1_mix0998,38,4,0,-32,-3,11.12
fold2_room1_mix0998,39,3,0,82,-3,12.01
fold2_room1_mix0998,39,4,0,-35,-3,11.11
fold2_room1_mix0998,40,3,0,86,-3,12.43
fold2_room1_mix0998,40,4,0,-38,-3,10.29
fold2_room1_mix0998,41,3,0,93,-3,13.54
fold2_room1_mix0998,41,4,0,-44,-4,9.15
fold2_room1_mix0998,42,3,0,88,-3,13.70
fold2_room1_mix0998,42,4,0,-46,-4,8.95
fold2_room1_mix0998,43,3,0,96,-3,11.94
fold2_room1_mix0998,43,4,0,-54,-4,8.04
fold2_room1_mix0998,44,3,0,100,-3,8.16
fold2_room1_mix0998,44,4,0,-63,-4,7.87
fold2_room1_mix0998,45,3,0,100,-2,4.95
fold2_room1_mix0998,45,4,0,-72,-3,7.48
fold2_room1_mix0998,46,4,0,-73,-3,6.46
fold2_room1_mix0998,46,4,0,-75,-3,6.72
fold2_room1_mix0998,47,4,0,-85,-3,6.82
fold2_room1_mix0998,47,4,0,-86,-3,6.95
fold2_room1_mix0998,48,4,0,-95,-2,6.77
fold2_room1_mix0998,48,4,0,-97,-3,6.76
fold2_room1_mix0998,49,4,0,-102,-1,7.18
fold2_room1_mix0998,49,4,0,-105,-2,7.34
fold2_room1_mix0998,50,4,0,-109,-1,7.76
fold2_room1_mix0998,50,4,0,-111,-2,7.80
fold2_room1_mix0998,51,4,0,-118,-1,8.83
fold2_room1_mix0998,51,4,0,-119,-2,8.22
fold2_room1_mix0998,52,4,0,-128,-1,8.76
fold2_room1_mix0998,52,4,0,-126,-2,8.06
fold2_room1_mix0998,53,4,0,-131,-1,10.32
fold2_room1_mix0998,53,4,0,-130,-1,9.66
fold2_room1_mix0998,54,3,0,99,-3,11.76
fold2_room1_mix0998,54,4,0,-126,-1,11.85
fold2_room1_mix0998,54,4,0,-127,-1,11.44
fold2_room1_mix0998,55,3,0,109,-3,15.40
fold2_room1_mix0998,55,4,0,-129,0,12.65
fold2_room1_mix0998,55,4,0,-129,-1,11.76
fold2_room1_mix0998,56,3,0,108,-3,15.35
fold2_room1_mix0998,56,4,0,-143,-1,13.83
fold2_room1_mix0998,57,3,0,102,-3,13.17
fold2_room1_mix0998,57,4,0,-146,-1,14.65
fold2_room1_mix0998,58,3,0,99,-3,13.53
fold2_room1_mix0998,58,4,0,-151,-1,15.23
fold2_room1_mix0998,59,3,0,105,-3,15.60
fold2_room1_mix0998,59,4,0,-155,-1,14.68
fold2_room1_mix0998,60,3,0,107,-3,14.49
fold2_room1_mix0998,60,4,0,-155,-1,15.35
fold2_room1_mix0998,61,3,0,106,-3,8.76
fold2_room1_mix0998,61,4,0,-160,0,16.32
fold2_room1_mix0998,62,4,0,-163,-1,13.49
fold2_room1_mix0998,63,4,0,-166,-1,13.90
fold2_room1_mix0998,64,4,0,-166,-1,14.02
fold2_room1_mix0998,65,4,0,-170,-1,14.21
fold2_room1_mix0998,66,4,0,-173,-1,12.97
fold2_room1_mix0998,67,4,0,-174,-1,12.86
fold2_room1_mix0998,68,4,0,-176,-1,10.85
fold2_room1_mix0998,69,4,0,-177,-2,10.03
fold2_room1_mix0998,70,4,0,-179,-2,9.09
fold2_room1_mix0998,71,4,0,-179,-3,7.82
fold2_room1_mix0998,72,4,0,177,-4,6.52
fold2_room1_mix0998,73,4,0,176,-5,5.76
fold2_room1_mix0998,74,4,0,175,-6,4.72
fold2_room1_mix0998,75,4,0,171,-9,3.89
fold2_room1_mix0998,76,4,0,167,-14,2.67
fold2_room1_mix0998,77,4,0,155,-25,1.96
fold2_room1_mix0998,78,4,0,118,-45,1.10
fold2_room1_mix0998,79,4,0,34,-37,0.71
fold2_room1_mix0998,79,4,0,38,-37,0.56
fold2_room1_mix0998,80,4,0,22,-25,1.64
fold2_room1_mix0998,81,4,0,15,-17,1.99
fold2_room1_mix0998,82,4,0,14,-14,2.42
fold2_room1_mix0998,83,4,0,10,-11,3.13
fold2_room1_mix0998,84,4,0,8,-9,3.52
fold2_room1_mix0998,85,4,0,8,-7,4.15
fold2_room1_mix0998,86,4,0,6,-6,4.53
fold2_room1_mix0998,87,4,0,5,-5,5.14
fold2_room1_mix0998,88,4,0,4,-5,5.73
fold2_room1_mix0998,89,4,0,4,-4,6.40
fold2_room1_mix0998,90,4,0,3,-4,7.34
fold2_room1_mix0998,91,4,0,2,-3,7.94
fold2_room1_mix0998,92,4,0,2,-3,8.71
fold2_room1_mix0998,93,4,0,2,-2,9.79
fold2_room1_mix0998,94,4,0,2,-2,10.09
fold2_room1_mix0998,95,4,0,3,-2,10.31
fold2_room1_mix0998,96,4,0,1,-2,11.58
fold2_room1_mix0998,97,4,0,3,-2,11.84
fold2_room1_mix0998,98,4,0,0,-2,12.44
fold2_room1_mix0998,99,4,0,0,-2,14.42
fold2_room1_mix1001,2,4,0,6,2,4.29
fold2_room1_mix1001,3,4,0,6,2,11.32
fold2_room1_mix1001,4,4,0,10,1,24.85
fold2_room1_mix1001,5,2,0,49,0,13.25
fold2_room1_mix1001,5,4,0,5,0,23.25
fold2_room1_mix1001,6,4,0,6,0,26.57
fold2_room1_mix1001,7,4,0,4,0,39.36
fold2_room1_mix1001,8,4,0,3,0,44.29
fold2_room1_mix1001,9,4,0,2,0,41.69
fold2_room1_mix1001,10,2,0,61,-1,4.84
fold2_room1_mix1001,10,4,0,0,0,43.47
fold2_room1_mix1001,11,2,0,57,-1,13.56
fold2_room1_mix1001,11,4,0,2,0,39.57
fold2_room1_mix1001,12,2,0,56,-1,14.52
fold2_room1_mix1001,12,4,0,0,0,43.46
fold2_room1_mix1001,13,2,0,57,-1,12.41
fold2_room1_mix1001,13,4,0,0,0,43.82
fold2_room1_mix1001,14,2,0,58,-1,13.66
fold2_room1_mix1001,14,4,0,-1,0,40.97
fold2_room1_mix1001,15,2,0,56,-1,14.70
fold2_room1_mix1001,15,4,0,0,0,41.49
fold2_room1_mix1001,16,4,0,0,-1,45.34
fold2_room1_mix1001,17,4,0,1,0,41.83
fold2_room1_mix1001,18,4,0,0,0,37.70
fold2_room1_mix1001,19,4,0,0,0,37.80
fold2_room1_mix1001,20,4,0,0,0,35.97
fold2_room1_mix1001,21,2,0,56,-2,12.21
fold2_room1_mix1001,21,4,0,0,0,34.35
fold2_room1_mix1001,22,2,0,56,-2,12.21
fold2_room1_mix1001,22,4,0,0,0,33.53
fold2_room1_mix1001,23,2,0,59,-2,11.70
fold2_room1_mix1001,23,4,0,0,0,31.16
fold2_room1_mix1001,24,2,0,61,-2,12.12
fold2_room1_mix1001,24,4,0,0,0,30.42
fold2_room1_mix1001,25,2,0,63,-2,11.95
fold2_room1_mix1001,25,4,0,0,-1,28.98
fold2_room1_mix1001,26,2,0,62,-2,10.91
fold2_room1_mix1001,26,4,0,0,0,27.31
fold2_room1_mix1001,27,4,0,1,-1,26.32
fold2_room1_mix1001,28,4,0,0,-1,24.53
fold2_room1_mix1001,29,4,0,0,0,26.62
fold2_room1_mix1001,30,4,0,0,0,25.09
fold2_room1_mix1001,31,2,0,68,-2,11.78
fold2_room1_mix1001,31,4,0,0,0,26.16
fold2_room1_mix1001,32,2,0,67,-2,11.36
fold2_room1_mix1001,32,4,0,0,-1,25.57
fold2_room1_mix1001,33,2,0,67,-2,11.56
fold2_room1_mix1001,33,4,0,0,-1,28.37
fold2_room1_mix1001,34,2,0,70,-2,11.64
fold2_room1_mix1001,34,4,0,0,-1,26.17
fold2_room1_mix1001,35,2,0,73,-2,11.42
fold2_room1_mix1001,35,4,0,0,-1,25.44
fold2_room1_mix1001,36,2,0,77,-3,9.80
fold2_room1_mix1001,36,4,0,0,0,24.72
fold2_room1_mix1001,37,4,0,3,-1,23.84
fold2_room1_mix1001,38,4,0,2,-1,21.99
fold2_room1_mix1001,39,4,0,2,-1,22.06
fold2_room1_mix1001,40,4,0,3,-1,21.16
fold2_room1_mix1001,41,2,0,81,-2,11.05
fold2_room1_mix1001,41,4,0,3,-1,20.70
fold2_room1_mix1001,42,2,0,85,-3,11.36
fold2_room1_mix1001,42,4,0,3,-1,19.28
fold2_room1_mix1001,43,2,0,89,-3,11.31
fold2_room1_mix1001,43,4,0,3,-1,18.50
fold2_room1_mix1001,44,2,0,88,-3,10.64
fold2_room1_mix1001,44,4,0,2,-1,17.60
fold2_room1_mix1001,45,2,0,90,-3,10.78
fold2_room1_mix1001,45,4,0,3,-1,17.79
fold2_room1_mix1001,46,2,0,93,-3,10.74
fold2_room1_mix1001,46,4,0,4,-1,16.47
fold2_room1_mix1001,47,2,0,95,-2,8.73
fold2_room1_mix1001,47,4,0,4,-1,16.70
fold2_room1_mix1001,48,4,0,5,-2,15.50
fold2_room1_mix1001,49,4,0,7,-2,15.32
fold2_room1_mix1001,50,4,0,6,-2,14.49
fold2_room1_mix1001,51,4,0,8,-2,13.81
fold2_room1_mix1001,52,2,0,105,-3,11.43
fold2_room1_mix1001,52,4,0,7,-2,13.17
fold2_room1_mix1001,53,2,0,107,-3,11.49
fold2_room1_mix1001,53,4,0,7,-2,12.06
fold2_room1_mix1001,54,2,0,103,-3,10.78
fold2_room1_mix1001,54,4,0,8,-2,10.83
fold2_room1_mix1001,55,2,0,110,-2,11.60
fold2_room1_mix1001,55,4,0,8,-2,10.62
fold2_room1_mix1001,56,2,0,115,-2,11.70
fold2_room1_mix1001,56,4,0,-1,-2,11.55
fold2_room1_mix1001,56,4,0,2,-2,10.90
fold2_room1_mix1001,57,2,0,114,-2,10.79
fold2_room1_mix1001,57,4,0,-1,-2,11.69
fold2_room1_mix1001,57,4,0,1,-2,10.95
fold2_room1_mix1001,58,4,0,4,-4,9.00
fold2_room1_mix1001,58,4,0,1,-2,11.27
fold2_room1_mix1001,59,4,0,4,-3,9.19
fold2_room1_mix1001,59,4,0,1,-2,11.81
fold2_room1_mix1001,60,4,0,2,-2,10.44
fold2_room1_mix1001,60,4,0,-2,-2,12.16
fold2_room1_mix1001,61,4,0,13,-5,9.22
fold2_room1_mix1001,61,4,0,45,-13,2.15
fold2_room1_mix1001,61,4,0,-9,-1,16.77
fold2_room1_mix1001,62,2,0,113,-2,11.11
fold2_room1_mix1001,62,4,0,-5,-3,13.62
fold2_room1_mix1001,62,4,0,-9,-1,14.71
fold2_room1_mix1001,63,2,0,120,-2,12.30
fold2_room1_mix1001,63,4,0,-10,-2,14.30
fold2_room1_mix1001,63,4,0,-6,-2,14.06
fold2_room1_mix1001,64,2,0,115,-2,10.80
fold2_room1_mix1001,64,4,0,-3,-5,9.49
fold2_room1_mix1001,64,4,0,-2,-3,10.27
fold2_room1_mix1001,65,2,0,116,-2,10.93
fold2_room1_mix1001,65,4,0,-11,-4,7.83
fold2_room1_mix1001,65,4,0,140,-9,2.40
fold2_room1_mix1001,65,4,0,4,-2,9.36
fold2_room1_mix1001,66,2,0,124,-2,10.26
fold2_room1_mix1001,66,4,0,-8,-4,7.12
fold2_room1_mix1001,66,4,0,-2,-4,7.11
fold2_room1_mix1001,67,2,0,120,-2,3.30
fold2_room1_mix1001,67,4,0,-12,-4,6.89
fold2_room1_mix1001,67,4,0,151,-7,2.83
fold2_room1_mix1001,67,4,0,2,-3,7.36
fold2_room1_mix1001,68,4,0,-10,-5,5.41
fold2_room1_mix1001,68,4,0,-2,-4,5.81
fold2_room1_mix1001,69,4,0,-11,-7,4.35
fold2_room1_mix1001,69,4,0,-6,-6,4.68
fold2_room1_mix1001,70,4,0,-13,-8,3.71
fold2_room1_mix1001,70,4,0,-7,-7,3.70
fold2_room1_mix1001,71,4,0,-29,-10,3.06
fold2_room1_mix1001,71,4,0,164,-4,5.93
fold2_room1_mix1001,71,4,0,-6,-7,3.59
fold2_room1_mix1001,72,2,0,124,-2,9.73
fold2_room1_mix1001,72,4,0,-33,-16,2.41
fold2_room1_mix1001,72,4,0,167,-4,6.01
fold2_room1_mix1001,72,4,0,-13,-10,2.49
fold2_room1_mix1001,73,2,0,125,-2,9.81
fold2_room1_mix1001,73,4,0,-52,-17,1.18
fold2_room1_mix1001,73,4,0,163,-5,6.57
fold2_room1_mix1001,73,4,0,-21,-14,1.99
fold2_room1_mix1001,74,2,0,118,-2,10.27
fold2_room1_mix1001,74,4,0,-95,-22,1.08
fold2_room1_mix1001,74,4,0,164,-6,7.32
fold2_room1_mix1001,74,4,0,-42,-20,1.80
fold2_room1_mix1001,75,2,0,129,-2,11.97
fold2_room1_mix1001,75,4,0,-138,-14,2.01
fold2_room1_mix1001,75,4,0,165,-5,8.74
fold2_room1_mix1001,76,2,0,124,-2,10.26
fold2_room1_mix1001,76,4,0,-147,-9,3.50
fold2_room1_mix1001,76,4,0,166,-5,9.86
fold2_room1_mix1001,77,2,0,111,-2,9.01
fold2_room1_mix1001,77,4,0,-150,-6,4.78
fold2_room1_mix1001,77,4,0,174,-5,9.48
fold2_room1_mix1001,77,4,0,44,-12,2.86
fold2_room1_mix1001,78,2,0,119,-2,5.00
fold2_room1_mix1001,78,4,0,-153,-5,5.52
fold2_room1_mix1001,78,4,0,173,-5,7.92
fold2_room1_mix1001,78,4,0,46,-10,3.07
fold2_room1_mix1001,79,4,0,-157,-3,8.11
fold2_room1_mix1001,79,4,0,174,-5,8.10
fold2_room1_mix1001,79,4,0,52,-8,2.87
fold2_room1_mix1001,80,4,0,-162,-2,10.23
fold2_room1_mix1001,80,4,0,175,-4,9.28
fold2_room1_mix1001,80,4,0,61,-9,2.70
fold2_room1_mix1001,81,4,0,-167,-2,11.65
fold2_room1_mix1001,81,4,0,174,-4,9.88
fold2_room1_mix1001,81,4,0,69,-10,2.81
fold2_room1_mix1001,82,4,0,-168,-1,13.53
fold2_room1_mix1001,82,4,0,173,-4,9.51
fold2_room1_mix1001,82,4,0,84,-10,2.46
fold2_room1_mix1001,83,4,0,-165,0,15.37
fold2_room1_mix1001,83,4,0,172,-3,10.55
fold2_room1_mix1001,83,4,0,102,-10,2.58
fold2_room1_mix1001,84,4,0,-167,0,16.52
fold2_room1_mix1001,84,4,0,172,-3,11.09
fold2_room1_mix1001,84,4,0,113,-9,2.86
fold2_room1_mix1001,85,2,0,121,-2,3.01
fold2_room1_mix1001,85,4,0,-169,0,14.89
fold2_room1_mix1001,85,4,0,170,-3,11.74
fold2_room1_mix1001,85,4,0,125,-7,3.12
fold2_room1_mix1001,86,4,0,-172,0,15.43
fold2_room1_mix1001,86,4,0,172,-2,12.42
fold2_room1_mix1001,86,4,0,128,-8,2.65
fold2_room1_mix1001,87,4,0,-171,0,15.61
fold2_room1_mix1001,87,4,0,172,-1,13.33
fold2_room1_mix1001,87,4,0,133,-7,2.94
fold2_room1_mix1001,88,2,0,119,-2,3.37
fold2_room1_mix1001,88,4,0,179,-1,14.83
fold2_room1_mix1001,88,4,0,140,-5,4.04
fold2_room1_mix1001,89,2,0,117,-2,3.07
fold2_room1_mix1001,89,4,0,177,-1,14.80
fold2_room1_mix1001,89,4,0,142,-5,4.20
fold2_room1_mix1001,90,4,0,178,-1,14.70
fold2_room1_mix1001,90,4,0,148,-5,5.06
fold2_room1_mix1001,91,2,0,121,-2,3.56
fold2_room1_mix1001,91,4,0,176,-2,13.96
fold2_room1_mix1001,91,4,0,150,-4,5.87
fold2_room1_mix1001,92,4,0,177,-2,14.54
fold2_room1_mix1001,92,4,0,153,-4,6.33
fold2_room1_mix1001,93,4,0,178,-1,15.39
fold2_room1_mix1001,93,4,0,157,-4,6.59
fold2_room1_mix1001,94,4,0,176,-1,16.09
fold2_room1_mix1001,94,4,0,159,-5,6.39
fold2_room1_mix1001,95,4,0,176,-1,17.71
fold2_room1_mix1001,95,4,0,161,-5,6.84
fold2_room1_mix1001,96,4,0,178,0,18.23
fold2_room1_mix1001,96,4,0,163,-4,7.46
fold2_room1_mix1001,97,4,0,173,-2,15.25
fold2_room1_mix1001,98,4,0,173,-2,16.07
fold2_room1_mix1001,99,4,0,-179,0,19.79
fold2_room1_mix1001,99,4,0,163,-4,8.66
fold2_room1_mix1006,0,5,0,-104,3,1.81
fold2_room1_mix1006,1,5,0,-108,3,7.77
fold2_room1_mix1006,2,5,0,-111,3,9.05
fold2_room1_mix1006,3,4,0,-175,0,5.92
fold2_room1_mix1006,3,5,0,-104,2,7.85
fold2_room1_mix1006,4,4,0,-175,0,16.25
fold2_room1_mix1006,4,5,0,-106,2,12.59
fold2_room1_mix1006,5,4,0,-176,0,16.48
fold2_room1_mix1006,5,5,0,-115,3,16.13
fold2_room1_mix1006,6,4,0,-176,0,17.91
fold2_room1_mix1006,6,5,0,-110,3,19.19
fold2_room1_mix1006,7,4,0,-175,0,25.59
fold2_room1_mix1006,7,5,0,-109,4,14.78
fold2_room1_mix1006,8,4,0,-178,0,27.89
fold2_room1_mix1006,8,5,0,-111,3,14.75
fold2_room1_mix1006,9,4,0,-177,0,28.62
fold2_room1_mix1006,9,5,0,-110,4,15.95
fold2_room1_mix1006,10,4,0,-175,0,26.34
fold2_room1_mix1006,10,5,0,-107,4,13.41
fold2_room1_mix1006,11,4,0,-177,0,28.73
fold2_room1_mix1006,11,5,0,-109,4,14.04
fold2_room1_mix1006,12,4,0,-179,-1,28.66
fold2_room1_mix1006,12,5,0,-106,4,14.19
fold2_room1_mix1006,13,4,0,-178,-1,27.19
fold2_room1_mix1006,13,5,0,-107,4,14.88
fold2_room1_mix1006,14,4,0,179,-1,27.59
fold2_room1_mix1006,14,5,0,-110,4,15.22
fold2_room1_mix1006,15,4,0,-179,-1,24.36
fold2_room1_mix1006,15,5,0,-105,4,13.30
fold2_room1_mix1006,16,4,0,-179,-1,25.55
fold2_room1_mix1006,16,5,0,-104,4,14.32
fold2_room1_mix1006,17,4,0,178,-1,22.76
fold2_room1_mix1006,17,5,0,-106,4,13.61
fold2_room1_mix1006,18,4,0,-179,-1,21.95
fold2_room1_mix1006,18,5,0,-109,4,12.94
fold2_room1_mix1006,19,4,0,179,-1,21.52
fold2_room1_mix1006,19,5,0,-102,4,14.32
fold2_room1_mix1006,20,4,0,-178,-1,21.37
fold2_room1_mix1006,20,5,0,-106,4,14.59
fold2_room1_mix1006,21,4,0,177,-1,19.48
fold2_room1_mix1006,21,5,0,-106,4,12.22
fold2_room1_mix1006,22,4,0,-179,-1,19.35
fold2_room1_mix1006,22,5,0,-104,4,14.18
fold2_room1_mix1006,23,4,0,-179,-1,19.00
fold2_room1_mix1006,23,5,0,-104,4,13.65
fold2_room1_mix1006,24,4,0,177,-1,18.59
fold2_room1_mix1006,24,5,0,-105,4,13.37
fold2_room1_mix1006,25,4,0,177,-1,15.99
fold2_room1_mix1006,25,5,0,-103,4,13.72
fold2_room1_mix1006,26,4,0,177,-2,15.75
fold2_room1_mix1006,26,5,0,-104,4,14.39
fold2_room1_mix1006,27,4,0,178,-2,13.74
fold2_room1_mix1006,27,5,0,-102,4,13.91
fold2_room1_mix1006,28,4,0,178,-2,13.71
fold2_room1_mix1006,28,5,0,-100,4,13.25
fold2_room1_mix1006,29,4,0,179,-2,12.44
fold2_room1_mix1006,29,5,0,-103,4,13.86
fold2_room1_mix1006,30,4,0,176,-2,12.09
fold2_room1_mix1006,30,5,0,-100,4,13.10
fold2_room1_mix1006,31,4,0,172,-3,9.00
fold2_room1_mix1006,31,5,0,-102,5,12.53
fold2_room1_mix1006,32,4,0,172,-4,8.12
fold2_room1_mix1006,32,5,0,-97,4,13.71
fold2_room1_mix1006,33,4,0,173,-3,9.46
fold2_room1_mix1006,33,5,0,-97,4,12.52
fold2_room1_mix1006,34,4,0,171,-5,7.38
fold2_room1_mix1006,34,5,0,-99,5,12.04
fold2_room1_mix1006,35,4,0,169,-6,6.48
fold2_room1_mix1006,35,5,0,-96,4,12.65
fold2_room1_mix1006,36,4,0,165,-7,5.55
fold2_room1_mix1006,36,5,0,-95,5,11.72
fold2_room1_mix1006,37,4,0,164,-9,5.06
fold2_room1_mix1006,37,5,0,-96,5,11.82
fold2_room1_mix1006,38,4,0,147,-12,3.18
fold2_room1_mix1006,38,4,0,148,-13,3.51
fold2_room1_mix1006,38,5,0,-95,4,13.71
fold2_room1_mix1006,39,4,0,137,-17,2.29
fold2_room1_mix1006,39,4,0,137,-18,2.52
fold2_room1_mix1006,39,5,0,-96,4,13.55
fold2_room1_mix1006,40,4,0,95,-22,1.88
fold2_room1_mix1006,40,4,0,95,-23,2.00
fold2_room1_mix1006,40,5,0,-94,5,13.32
fold2_room1_mix1006,41,4,0,93,-24,2.58
fold2_room1_mix1006,41,4,0,-177,-10,9.36
fold2_room1_mix1006,41,4,0,75,-23,1.44
fold2_room1_mix1006,41,5,0,-92,5,12.13
fold2_room1_mix1006,42,4,0,67,-25,4.11
fold2_room1_mix1006,42,4,0,179,-7,10.35
fold2_room1_mix1006,42,4,0,47,-18,1.35
fold2_room1_mix1006,42,5,0,-93,5,11.77
fold2_room1_mix1006,43,4,0,-176,-5,10.73
fold2_room1_mix1006,43,4,0,33,-14,1.78
fold2_room1_mix1006,43,5,0,-96,5,11.77
fold2_room1_mix1006,44,4,0,33,-14,4.98
fold2_room1_mix1006,44,4,0,29,-12,3.84
fold2_room1_mix1006,44,5,0,-92,5,11.64
fold2_room1_mix1006,45,4,0,-174,-3,10.78
fold2_room1_mix1006,45,4,0,23,-9,3.05
fold2_room1_mix1006,45,5,0,-96,5,11.96
fold2_room1_mix1006,46,4,0,22,-10,6.46
fold2_room1_mix1006,46,4,0,19,-8,4.98
fold2_room1_mix1006,46,5,0,-91,5,12.47
fold2_room1_mix1006,47,4,0,-174,-3,11.10
fold2_room1_mix1006,47,4,0,15,-6,4.49
fold2_room1_mix1006,47,5,0,-93,5,11.55
fold2_room1_mix1006,48,4,0,-172,-3,9.30
fold2_room1_mix1006,48,4,0,11,-5,6.07
fold2_room1_mix1006,48,5,0,-93,5,12.05
fold2_room1_mix1006,49,4,0,-164,-3,9.26
fold2_room1_mix1006,49,4,0,10,-5,5.52
fold2_room1_mix1006,49,5,0,-94,5,11.81
fold2_room1_mix1006,50,4,0,-171,-3,9.06
fold2_room1_mix1006,50,4,0,7,-4,6.08
fold2_room1_mix1006,50,5,0,-92,5,11.37
fold2_room1_mix1006,51,4,0,-170,-2,8.77
fold2_room1_mix1006,51,4,0,6,-4,5.98
fold2_room1_mix1006,51,5,0,-93,5,12.61
fold2_room1_mix1006,52,4,0,-169,-2,8.94
fold2_room1_mix1006,52,4,0,2,-4,6.75
fold2_room1_mix1006,52,5,0,-93,5,12.42
fold2_room1_mix1006,53,4,0,-169,-3,8.84
fold2_room1_mix1006,53,4,0,3,-3,8.19
fold2_room1_mix1006,53,5,0,-93,5,11.48
fold2_room1_mix1006,54,4,0,-166,-3,8.17
fold2_room1_mix1006,54,4,0,0,-3,7.34
fold2_room1_mix1006,54,5,0,-94,4,13.60
fold2_room1_mix1006,55,4,0,-161,-3,7.52
fold2_room1_mix1006,55,4,0,0,-3,8.46
fold2_room1_mix1006,55,5,0,-92,5,12.52
fold2_room1_mix1006,56,4,0,-160,-3,6.98
fold2_room1_mix1006,56,4,0,0,-3,8.99
fold2_room1_mix1006,56,5,0,-95,5,13.06
fold2_room1_mix1006,57,4,0,-156,-4,6.37
fold2_room1_mix1006,57,4,0,0,-2,9.00
fold2_room1_mix1006,57,5,0,-96,4,13.19
fold2_room1_mix1006,58,4,0,-154,-4,5.63
fold2_room1_mix1006,58,4,0,0,-2,11.16
fold2_room1_mix1006,58,5,0,-92,4,12.94
fold2_room1_mix1006,59,4,0,-148,-4,4.87
fold2_room1_mix1006,59,4,0,0,-2,9.43
fold2_room1_mix1006,59,5,0,-88,4,13.34
fold2_room1_mix1006,60,4,0,-148,-5,5.36
fold2_room1_mix1006,60,4,0,-1,-2,12.12
fold2_room1_mix1006,60,5,0,-89,4,13.07
fold2_room1_mix1006,61,4,0,-147,-5,4.58
fold2_room1_mix1006,61,4,0,1,-1,11.99
fold2_room1_mix1006,61,5,0,-88,5,12.14
fold2_room1_mix1006,62,4,0,-142,-5,4.24
fold2_room1_mix1006,62,4,0,0,-2,12.62
fold2_room1_mix1006,62,5,0,-87,4,12.60
fold2_room1_mix1006,63,4,0,-139,-6,4.07
fold2_room1_mix1006,63,4,0,0,-2,12.55
fold2_room1_mix1006,63,5,0,-85,5,12.15
fold2_room1_mix1006,64,4,0,-132,-7,3.60
fold2_room1_mix1006,64,4,0,0,-1,13.49
fold2_room1_mix1006,64,5,0,-89,4,12.97
fold2_room1_mix1006,65,4,0,-123,-7,3.20
fold2_room1_mix1006,65,4,0,4,-1,13.40
fold2_room1_mix1006,65,5,0,-87,4,12.63
fold2_room1_mix1006,66,4,0,-114,-8,2.90
fold2_room1_mix1006,66,4,0,1,-1,14.55
fold2_room1_mix1006,66,5,0,-90,4,11.61
fold2_room1_mix1006,67,4,0,-104,-8,2.97
fold2_room1_mix1006,67,4,0,0,-1,13.95
fold2_room1_mix1006,67,5,0,-87,4,13.04
fold2_room1_mix1006,68,4,0,-101,-8,2.89
fold2_room1_mix1006,68,4,0,-84,-8,2.94
fold2_room1_mix1006,68,4,0,2,-1,17.77
fold2_room1_mix1006,68,5,0,-86,4,12.09
fold2_room1_mix1006,69,4,0,-90,-9,2.83
fold2_room1_mix1006,69,4,0,-69,-8,3.44
fold2_room1_mix1006,69,4,0,2,-1,16.75
fold2_room1_mix1006,69,5,0,-85,4,11.37
fold2_room1_mix1006,70,4,0,-78,-8,2.97
fold2_room1_mix1006,70,4,0,-62,-7,3.76
fold2_room1_mix1006,70,4,0,0,-1,17.99
fold2_room1_mix1006,70,5,0,-90,4,13.30
fold2_room1_mix1006,71,4,0,-63,-7,3.31
fold2_room1_mix1006,71,4,0,0,-1,16.40
fold2_room1_mix1006,71,5,0,-86,4,12.17
fold2_room1_mix1006,72,4,0,-53,-7,3.63
fold2_room1_mix1006,72,4,0,0,-1,17.55
fold2_room1_mix1006,72,5,0,-84,4,12.88
fold2_room1_mix1006,73,4,0,-43,-6,4.15
fold2_room1_mix1006,73,4,0,3,-1,17.23
fold2_room1_mix1006,73,5,0,-86,4,12.37
fold2_room1_mix1006,74,4,0,-38,-6,4.30
fold2_room1_mix1006,74,4,0,2,-1,18.68
fold2_room1_mix1006,74,5,0,-89,4,11.98
fold2_room1_mix1006,75,4,0,-34,-5,4.49
fold2_room1_mix1006,75,4,0,2,0,18.23
fold2_room1_mix1006,75,5,0,-88,4,12.66
fold2_room1_mix1006,76,4,0,-29,-5,5.03
fold2_room1_mix1006,76,4,0,-1,-1,15.86
fold2_room1_mix1006,76,5,0,-88,4,13.23
fold2_room1_mix1006,77,4,0,-27,-5,5.30
fold2_room1_mix1006,77,4,0,0,-1,14.60
fold2_room1_mix1006,77,5,0,-84,4,13.54
fold2_room1_mix1006,78,4,0,-25,-4,5.97
fold2_room1_mix1006,78,4,0,-1,-1,15.46
fold2_room1_mix1006,78,5,0,-85,4,13.36
fold2_room1_mix1006,79,4,0,-15,-3,9.41
fold2_room1_mix1006,79,5,0,-87,4,12.52
fold2_room1_mix1006,80,4,0,-15,-3,10.09
fold2_room1_mix1006,80,5,0,-85,4,13.90
fold2_room1_mix1006,81,4,0,-13,-3,10.31
fold2_room1_mix1006,81,5,0,-81,5,12.46
fold2_room1_mix1006,82,4,0,-13,-2,10.38
fold2_room1_mix1006,82,5,0,-84,5,12.48
fold2_room1_mix1006,83,4,0,-12,-2,11.05
fold2_room1_mix1006,83,5,0,-81,4,13.47
fold2_room1_mix1006,84,4,0,-11,-2,11.79
fold2_room1_mix1006,84,5,0,-81,4,12.76
fold2_room1_mix1006,85,4,0,-10,-2,11.77
fold2_room1_mix1006,85,5,0,-86,5,13.27
fold2_room1_mix1006,86,4,0,-9,-2,11.77
fold2_room1_mix1006,86,5,0,-78,4,13.99
fold2_room1_mix1006,87,4,0,-8,-2,12.52
fold2_room1_mix1006,87,5,0,-80,5,13.04
fold2_room1_mix1006,88,4,0,-7,-2,13.45
fold2_room1_mix1006,88,5,0,-81,4,13.08
fold2_room1_mix1006,89,4,0,-8,-2,12.73
fold2_room1_mix1006,89,5,0,-78,4,13.57
fold2_room1_mix1006,90,4,0,-8,-2,12.87
fold2_room1_mix1006,90,5,0,-78,4,13.53
fold2_room1_mix1006,91,4,0,-8,-2,13.22
fold2_room1_mix1006,91,5,0,-79,5,13.42
fold2_room1_mix1006,92,4,0,-7,-2,14.37
fold2_room1_mix1006,92,5,0,-78,5,13.35
fold2_room1_mix1006,93,4,0,-7,-2,14.08
fold2_room1_mix1006,93,5,0,-79,5,12.85
fold2_room1_mix1006,94,4,0,-6,-2,15.82
fold2_room1_mix1006,94,5,0,-77,5,13.14
fold2_room1_mix1006,95,4,0,-7,-2,14.89
fold2_room1_mix1006,95,5,0,-77,5,13.21
fold2_room1_mix1006,96,4,0,-6,-2,15.25
fold2_room1_mix1006,96,5,0,-74,5,13.76
fold2_room1_mix1006,97,4,0,-6,-2,16.70
fold2_room1_mix1006,97,5,0,-73,5,12.68
fold2_room1_mix1006,98,4,0,-6,-2,16.62
fold2_room1_mix1006,98,5,0,-76,5,12.92
fold2_room1_mix1006,99,4,0,-6,-2,17.03
fold2_room1_mix1006,99,5,0,-71,5,13.38
fold2_room1_mix1012,3,0,0,179,0,115.55
fold2_room1_mix1012,4,0,0,179,0,172.47
fold2_room1_mix1012,5,0,0,179,0,228.70
fold2_room1_mix1012,6,0,0,179,0,279.81
fold2_room1_mix1012,7,0,0,179,0,294.70
fold2_room1_mix1012,8,0,0,178,0,248.44
fold2_room1_mix1012,9,0,0,178,0,261.13
fold2_room1_mix1012,10,0,0,179,0,274.87
fold2_room1_mix1012,11,0,0,179,0,281.72
fold2_room1_mix1012,12,0,0,179,0,309.95
fold2_room1_mix1012,13,0,0,178,0,303.56
fold2_room1_mix1012,14,0,0,179,0,320.37
fold2_room1_mix1012,15,0,0,178,0,263.78
fold2_room1_mix1012,16,0,0,178,0,255.66
fold2_room1_mix1012,17,0,0,178,0,286.85
fold2_room1_mix1012,18,0,0,178,0,258.26
fold2_room1_mix1012,19,0,0,178,0,281.23
fold2_room1_mix1012,20,0,0,178,0,278.37
fold2_room1_mix1012,21,0,0,178,0,266.14
fold2_room1_mix1012,22,0,0,179,0,246.89
fold2_room1_mix1012,23,0,0,179,0,285.71
fold2_room1_mix1012,24,0,0,179,0,249.65
fold2_room1_mix1012,25,0,0,179,0,291.76
fold2_room1_mix1012,26,0,0,179,0,288.15
fold2_room1_mix1012,27,0,0,179,0,283.59
fold2_room1_mix1012,28,0,0,179,0,262.72
fold2_room1_mix1012,29,0,0,179,0,264.90
fold2_room1_mix1012,30,0,0,-179,0,280.09
fold2_room1_mix1012,31,0,0,179,0,262.26
fold2_room1_mix1012,32,0,0,179,0,266.66
fold2_room1_mix1012,33,0,0,-179,0,281.67
fold2_room1_mix1012,34,0,0,179,0,243.76
fold2_room1_mix1012,35,0,0,179,0,244.40
fold2_room1_mix1012,36,0,0,179,0,255.56
fold2_room1_mix1012,37,0,0,179,0,271.02
fold2_room1_mix1012,38,0,0,179,0,243.99
fold2_room1_mix1012,39,0,0,179,0,253.53
fold2_room1_mix1012,40,0,0,178,0,269.49
fold2_room1_mix1012,41,0,0,178,0,247.36
fold2_room1_mix1012,42,0,0,178,0,236.11
fold2_room1_mix1012,43,0,0,179,0,250.40
fold2_room1_mix1012,44,0,0,179,0,257.16
fold2_room1_mix1012,45,0,0,179,0,273.62
fold2_room1_mix1012,46,0,0,179,0,262.58
fold2_room1_mix1012,47,0,0,178,0,270.98
fold2_room1_mix1012,48,0,0,178,0,258.62
fold2_room1_mix1012,49,0,0,179,0,240.62
fold2_room1_mix1012,50,0,0,178,0,245.28
fold2_room1_mix1012,51,0,0,178,0,247.36
fold2_room1_mix1012,52,0,0,179,0,262.33
fold2_room1_mix1012,53,0,0,179,0,260.87
fold2_room1_mix1012,54,0,0,179,0,240.64
fold2_room1_mix1012,55,0,0,179,0,238.29
fold2_room1_mix1012,56,0,0,179,0,234.10
fold2_room1_mix1012,57,0,0,179,0,236.33
fold2_room1_mix1012,58,0,0,179,0,232.19
fold2_room1_mix1012,59,0,0,179,0,228.73
fold2_room1_mix1012,60,0,0,179,0,229.35
fold2_room1_mix1012,61,0,0,179,0,248.42
fold2_room1_mix1012,62,0,0,179,0,224.44
fold2_room1_mix1012,63,0,0,179,0,224.90
fold2_room1_mix1012,64,0,0,179,0,231.78
fold2_room1_mix1012,65,0,0,179,0,220.47
fold2_room1_mix1012,66,0,0,179,0,224.81
fold2_room1_mix1012,67,0,0,179,0,226.48
fold2_room1_mix1012,68,0,0,179,0,212.06
fold2_room1_mix1012,69,0,0,178,0,214.98
fold2_room1_mix1012,70,0,0,179,0,222.12
fold2_room1_mix1012,71,0,0,179,0,234.44
fold2_room1_mix1012,72,0,0,179,0,239.11
fold2_room1_mix1012,73,0,0,179,0,233.73
fold2_room1_mix1012,74,0,0,179,0,248.69
fold2_room1_mix1012,75,0,0,179,0,224.48
fold2_room1_mix1012,76,0,0,179,0,217.36
fold2_room1_mix1012,77,0,0,179,0,223.69
fold2_room1_mix1012,78,0,0,179,0,231.20
fold2_room1_mix1012,79,0,0,179,0,226.35
fold2_room1_mix1012,80,0,0,179,0,236.13
fold2_room1_mix1012,81,0,0,179,0,217.66
fold2_room1_mix1012,82,0,0,179,0,205.05
fold2_room1_mix1012,83,0,0,179,0,205.99
fold2_room1_mix1012,84,0,0,179,0,209.47
fold2_room1_mix1012,85,0,0,179,0,219.37
fold2_room1_mix1012,86,0,0,179,0,210.76
fold2_room1_mix1012,87,0,0,179,0,222.21
fold2_room1_mix1012,88,0,0,179,0,225.55
fold2_room1_mix1012,89,0,0,178,0,203.25
fold2_room1_mix1012,90,0,0,178,0,188.03
fold2_room1_mix1012,91,0,0,177,0,211.68
fold2_room1_mix1012,92,0,0,178,0,211.21
fold2_room1_mix1012,93,0,0,178,0,203.53
fold2_room1_mix1012,94,0,0,178,0,190.48
fold2_room1_mix1012,95,0,0,178,0,194.50
fold2_room1_mix1012,96,0,0,178,0,198.13
fold2_room1_mix1012,97,0,0,178,0,199.68
fold2_room1_mix1012,98,0,0,178,0,197.38
fold2_room1_mix1012,99,0,0,178,0,209.76
fold2_room1_mix1019,29,4,0,0,0,11.51
fold2_room1_mix1019,32,4,0,0,-1,25.21
fold2_room1_mix1019,33,4,0,-2,-1,30.19
fold2_room1_mix1019,34,4,0,-3,0,33.18
fold2_room1_mix1019,35,4,0,-1,-1,34.21
fold2_room1_mix1019,36,4,0,-3,0,28.91
fold2_room1_mix1019,37,4,0,-4,0,37.66
fold2_room1_mix1019,38,4,0,-2,-1,34.04
fold2_room1_mix1019,39,4,0,-6,-1,34.07
fold2_room1_mix1019,40,4,0,-2,0,27.18
fold2_room1_mix1019,41,4,0,-3,0,33.29
fold2_room1_mix1019,42,4,0,-4,-1,31.64
fold2_room1_mix1019,43,4,0,-3,-1,31.17
fold2_room1_mix1019,44,4,0,-3,-1,32.11
fold2_room1_mix1019,45,4,0,-1,0,31.69
fold2_room1_mix1019,46,4,0,-1,-1,29.39
fold2_room1_mix1019,47,4,0,-1,0,30.66
fold2_room1_mix1019,48,4,0,0,0,28.73
fold2_room1_mix1019,49,4,0,-2,-1,28.69
fold2_room1_mix1019,50,4,0,0,-1,26.89
fold2_room1_mix1019,51,4,0,-1,-1,26.32
fold2_room1_mix1019,52,4,0,-4,-1,24.46
fold2_room1_mix1019,53,4,0,-2,-1,23.84
fold2_room1_mix1019,54,4,0,0,-1,22.29
fold2_room1_mix1019,55,4,0,-2,-1,21.25
fold2_room1_mix1019,56,4,0,-1,-1,20.70
fold2_room1_mix1019,57,4,0,-1,-1,19.70
fold2_room1_mix1019,58,4,0,-2,-1,18.95
fold2_room1_mix1019,59,4,0,-3,-1,17.91
fold2_room1_mix1019,60,4,0,-2,-1,16.97
fold2_room1_mix1019,61,4,0,-2,-1,15.53
fold2_room1_mix1019,62,4,0,-3,-1,15.00
fold2_room1_mix1019,63,4,0,-3,-2,13.92
fold2_room1_mix1019,64,4,0,-2,-2,13.27
fold2_room1_mix1019,65,4,0,-2,-2,12.65
fold2_room1_mix1019,66,4,0,-3,-2,11.41
fold2_room1_mix1019,67,4,0,-3,-2,10.84
fold2_room1_mix1019,68,4,0,-5,-2,10.17
fold2_room1_mix1019,69,4,0,-5,-3,9.22
fold2_room1_mix1019,70,4,0,-6,-3,8.84
fold2_room1_mix1019,71,4,0,-6,-3,7.95
fold2_room1_mix1019,72,4,0,-7,-4,7.28
fold2_room1_mix1019,73,4,0,-9,-4,6.27
fold2_room1_mix1019,74,4,0,-11,-5,5.11
fold2_room1_mix1019,75,4,0,-11,-6,4.46
fold2_room1_mix1019,76,4,0,-16,-8,3.29
fold2_room1_mix1019,77,4,0,-22,-11,2.62
fold2_room1_mix1019,78,4,0,-33,-15,1.87
fold2_room1_mix1019,79,4,0,-63,-25,1.24
fold2_room1_mix1019,80,4,0,-113,-25,1.18
fold2_room1_mix1019,81,4,0,-142,-18,1.34
fold2_room1_mix1019,82,4,0,-157,-11,2.07
fold2_room1_mix1019,83,4,0,-162,-9,2.96
fold2_room1_mix1019,84,4,0,-164,-7,3.73
fold2_room1_mix1019,85,4,0,-167,-6,4.42
fold2_room1_mix1019,86,4,0,-170,-4,5.61
fold2_room1_mix1019,87,4,0,-171,-4,6.47
fold2_room1_mix1019,88,4,0,-173,-3,7.43
fold2_room1_mix1019,89,4,0,-174,-3,8.18
fold2_room1_mix1019,90,4,0,-174,-3,8.89
fold2_room1_mix1019,91,4,0,-174,-2,9.69
fold2_room1_mix1019,92,4,0,-175,-2,10.69
fold2_room1_mix1019,93,4,0,-175,-2,11.19
fold2_room1_mix1019,94,4,0,-175,-2,11.86
fold2_room1_mix1019,95,4,0,-176,-1,13.01
fold2_room1_mix1019,96,4,0,-177,-1,14.01
fold2_room1_mix1019,97,4,0,-176,-1,14.61
fold2_room1_mix1019,98,4,0,-177,-1,15.71
fold2_room1_mix1019,99,4,0,-177,-1,16.89
fold2_room1_mix1030,1,4,0,-179,0,4.18
fold2_room1_mix1030,3,4,0,-177,0,15.14
fold2_room1_mix1030,4,4,0,-178,0,26.47
fold2_room1_mix1030,5,4,0,-177,0,25.82
fold2_room1_mix1030,6,4,0,-176,0,31.68
fold2_room1_mix1030,7,4,0,-177,0,49.09
fold2_room1_mix1030,8,4,0,-178,0,50.47
fold2_room1_mix1030,9,4,0,-176,0,46.06
fold2_room1_mix1030,10,4,0,-175,0,47.09
fold2_room1_mix1030,11,4,0,-177,0,45.43
fold2_room1_mix1030,12,4,0,-176,0,46.67
fold2_room1_mix1030,13,4,0,-175,0,41.46
fold2_room1_mix1030,14,4,0,-174,0,42.63
fold2_room1_mix1030,15,4,0,-177,0,44.17
fold2_room1_mix1030,16,4,0,-175,0,40.57
fold2_room1_mix1030,17,4,0,-175,-1,43.90
fold2_room1_mix1030,18,4,0,-175,0,41.52
fold2_room1_mix1030,19,4,0,-175,0,40.43
fold2_room1_mix1030,20,4,0,-175,0,39.43
fold2_room1_mix1030,21,4,0,-175,0,36.47
fold2_room1_mix1030,22,4,0,-175,0,38.23
fold2_room1_mix1030,23,4,0,-176,0,34.45
fold2_room1_mix1030,24,4,0,-175,0,34.78
fold2_room1_mix1030,25,4,0,-175,0,32.42
fold2_room1_mix1030,26,4,0,-178,-1,31.56
fold2_room1_mix1030,27,4,0,-175,0,31.54
fold2_room1_mix1030,28,4,0,-174,-1,30.58
fold2_room1_mix1030,29,4,0,-175,-1,29.84
fold2_room1_mix1030,30,4,0,-175,-1,29.13
fold2_room1_mix1030,31,4,0,-175,-1,29.75
fold2_room1_mix1030,32,4,0,-175,-1,26.47
fold2_room1_mix1030,33,4,0,-173,-1,25.28
fold2_room1_mix1030,34,4,0,-174,-1,23.78
fold2_room1_mix1030,35,4,0,-173,-1,23.31
fold2_room1_mix1030,36,4,0,-172,-1,22.75
fold2_room1_mix1030,37,4,0,-173,-1,21.69
fold2_room1_mix1030,38,4,0,-171,-1,20.75
fold2_room1_mix1030,39,4,0,-171,-1,20.57
fold2_room1_mix1030,40,4,0,-170,-1,18.49
fold2_room1_mix1030,41,4,0,-170,-1,18.30
fold2_room1_mix1030,42,4,0,-170,-2,16.76
fold2_room1_mix1030,43,4,0,-169,-1,16.49
fold2_room1_mix1030,44,4,0,-167,-2,16.26
fold2_room1_mix1030,45,4,0,-168,-2,15.36
fold2_room1_mix1030,46,4,0,-168,-2,14.55
fold2_room1_mix1030,47,4,0,-167,-2,14.35
fold2_room1_mix1030,48,4,0,-167,-2,13.46
fold2_room1_mix1030,49,4,0,-167,-2,13.06
fold2_room1_mix1030,50,4,0,-166,-2,11.50
fold2_room1_mix1030,51,4,0,-165,-3,10.92
fold2_room1_mix1030,52,4,0,-163,-3,10.52
fold2_room1_mix1030,53,4,0,-162,-3,9.73
fold2_room1_mix1030,54,4,0,-162,-3,8.93
fold2_room1_mix1030,55,4,0,-161,-3,8.69
fold2_room1_mix1030,56,4,0,-159,-4,7.86
fold2_room1_mix1030,57,4,0,-158,-4,7.16
fold2_room1_mix1030,58,4,0,-157,-5,6.38
fold2_room1_mix1030,59,4,0,-155,-5,5.83
fold2_room1_mix1030,60,4,0,-152,-6,5.48
fold2_room1_mix1030,61,4,0,-148,-6,5.01
fold2_room1_mix1030,62,4,0,-143,-7,4.13
fold2_room1_mix1030,63,4,0,-136,-10,3.44
fold2_room1_mix1030,64,4,0,-128,-11,3.06
fold2_room1_mix1030,65,4,0,-116,-13,2.77
fold2_room1_mix1030,66,4,0,-104,-14,2.59
fold2_room1_mix1030,67,4,0,-92,-15,2.66
fold2_room1_mix1030,68,4,0,-80,-15,2.67
fold2_room1_mix1030,69,4,0,-65,-13,2.76
fold2_room1_mix1030,70,4,0,-55,-11,2.97
fold2_room1_mix1030,71,4,0,-45,-10,3.45
fold2_room1_mix1030,72,4,0,-41,-8,3.79
fold2_room1_mix1030,73,4,0,-37,-8,4.16
fold2_room1_mix1030,74,4,0,-32,-7,4.70
fold2_room1_mix1030,75,4,0,-29,-6,5.12
fold2_room1_mix1030,76,4,0,-26,-6,5.73
fold2_room1_mix1030,77,4,0,-22,-5,6.39
fold2_room1_mix1030,78,4,0,-21,-5,6.77
fold2_room1_mix1030,79,4,0,-19,-4,7.58
fold2_room1_mix1030,80,4,0,-18,-4,8.15
fold2_room1_mix1030,81,4,0,-17,-4,8.87
fold2_room1_mix1030,82,4,0,-15,-3,9.63
fold2_room1_mix1030,83,4,0,-14,-3,10.19
fold2_room1_mix1030,84,4,0,-13,-3,10.85
fold2_room1_mix1030,85,4,0,-13,-3,11.46
fold2_room1_mix1030,86,4,0,-12,-3,11.89
fold2_room1_mix1030,87,4,0,-11,-2,12.99
fold2_room1_mix1030,88,4,0,-10,-2,13.63
fold2_room1_mix1030,89,4,0,-10,-2,14.09
fold2_room1_mix1030,90,4,0,-10,-2,14.60
fold2_room1_mix1030,91,4,0,-10,-2,15.56
fold2_room1_mix1030,92,4,0,-10,-2,16.30
fold2_room1_mix1030,93,4,0,-9,-2,16.34
fold2_room1_mix1030,94,4,0,-9,-2,17.04
fold2_room1_mix1030,95,4,0,-9,-2,17.36
fold2_room1_mix1030,96,4,0,-9,-2,17.92
fold2_room1_mix1030,97,4,0,-8,-2,18.60
fold2_room1_mix1030,98,4,0,-8,-2,19.94
fold2_room1_mix1030,99,4,0,-8,-2,19.02
fold2_room1_mix1032,14,3,0,44,-2,8.08
fold2_room1_mix1032,15,3,0,53,-3,11.82
fold2_room1_mix1032,16,3,0,49,-3,11.55
fold2_room1_mix1032,17,3,0,54,-3,8.25
fold2_room1_mix1032,18,3,0,54,-3,10.71
fold2_room1_mix1032,19,3,0,54,-3,10.09
fold2_room1_mix1032,20,3,0,62,-3,7.68
fold2_room1_mix1032,21,3,0,68,-3,8.68
fold2_room1_mix1032,22,3,0,-36,-4,8.25
fold2_room1_mix1032,23,3,0,-63,-4,6.48
fold2_room1_mix1032,24,3,0,-68,-3,6.32
fold2_room1_mix1032,25,3,0,-73,-3,4.22
fold2_room1_mix1032,26,3,0,-77,-3,2.36
fold2_room1_mix1032,28,3,0,-88,-3,6.24
fold2_room1_mix1032,29,3,0,-92,-3,6.57
fold2_room1_mix1032,30,3,0,-103,-3,5.92
fold2_room1_mix1032,31,3,0,-106,-3,5.50
fold2_room1_mix1032,32,3,0,-110,-3,5.87
fold2_room1_mix1032,33,3,0,-116,-3,6.11
fold2_room1_mix1032,34,3,0,-117,-3,5.95
fold2_room1_mix1032,35,3,0,-121,-3,6.58
fold2_room1_mix1032,36,3,0,-127,-3,5.14
fold2_room1_mix1032,37,3,0,-174,-5,6.88
fold2_room1_mix1032,38,3,0,-128,-3,6.47
fold2_room1_mix1032,39,3,0,-128,-3,5.00
fold2_room1_mix1032,42,3,0,-133,-2,7.34
fold2_room1_mix1032,43,3,0,-136,-2,8.56
fold2_room1_mix1032,44,3,0,136,-3,13.00
fold2_room1_mix1032,45,3,0,133,-3,11.45
fold2_room1_mix1032,46,3,0,134,-3,9.61
fold2_room1_mix1032,47,3,0,129,-3,10.10
fold2_room1_mix1032,48,3,0,131,-3,10.37
fold2_room1_mix1035,1,4,0,-1,1,2.96
fold2_room1_mix1035,2,4,0,-5,0,7.28
fold2_room1_mix1035,3,4,0,-5,0,13.04
fold2_room1_mix1035,4,4,0,-6,-1,16.50
fold2_room1_mix1035,5,4,0,-7,0,17.70
fold2_room1_mix1035,6,4,0,-7,0,23.19
fold2_room1_mix1035,7,4,0,-6,-1,27.80
fold2_room1_mix1035,8,4,0,-7,-1,27.88
fold2_room1_mix1035,9,4,0,-7,-1,26.77
fold2_room1_mix1035,10,4,0,-7,-1,24.97
fold2_room1_mix1035,11,4,0,-6,-1,25.24
fold2_room1_mix1035,12,4,0,-7,-1,24.93
fold2_room1_mix1035,13,4,0,-8,-1,25.49
fold2_room1_mix1035,14,4,0,-6,-1,24.43
fold2_room1_mix1035,15,4,0,-6,-1,24.73
fold2_room1_mix1035,16,4,0,-8,-1,24.13
fold2_room1_mix1035,17,4,0,-8,0,24.50
fold2_room1_mix1035,18,4,0,-8,0,23.69
fold2_room1_mix1035,19,4,0,-9,0,23.33
fold2_room1_mix1035,20,4,0,-8,-1,22.32
fold2_room1_mix1035,21,4,0,-8,0,21.91
fold2_room1_mix1035,22,4,0,-10,-1,20.78
fold2_room1_mix1035,23,4,0,-11,-1,19.88
fold2_room1_mix1035,24,4,0,-9,-1,19.69
fold2_room1_mix1035,25,4,0,-10,-1,18.97
fold2_room1_mix1035,26,4,0,-11,-1,19.09
fold2_room1_mix1035,27,4,0,-10,-1,18.65
fold2_room1_mix1035,28,4,0,-11,0,18.72
fold2_room1_mix1035,29,4,0,-11,-1,17.99
fold2_room1_mix1035,30,4,0,-11,-1,18.17
fold2_room1_mix1035,31,4,0,-12,-1,18.08
fold2_room1_mix1035,32,4,0,-11,-1,18.07
fold2_room1_mix1035,33,4,0,-11,-1,17.57
fold2_room1_mix1035,34,4,0,-12,-1,16.44
fold2_room1_mix1035,35,4,0,-11,-1,15.79
fold2_room1_mix1035,36,4,0,-11,-1,15.17
fold2_room1_mix1035,37,4,0,-9,-1,15.24
fold2_room1_mix1035,38,4,0,-11,-1,14.69
fold2_room1_mix1035,39,4,0,-9,-1,14.09
fold2_room1_mix1035,40,4,0,-11,-2,12.95
fold2_room1_mix1035,41,4,0,-13,-1,13.13
fold2_room1_mix1035,42,4,0,-12,-1,13.09
fold2_room1_mix1035,43,4,0,-13,-1,12.65
fold2_room1_mix1035,44,4,0,-14,-1,12.12
fold2_room1_mix1035,45,4,0,-15,-1,12.02
fold2_room1_mix1035,46,4,0,-15,-1,11.66
fold2_room1_mix1035,47,4,0,-15,-1,11.40
fold2_room1_mix1035,48,4,0,-16,-2,10.87
fold2_room1_mix1035,49,4,0,-16,-2,10.38
fold2_room1_mix1035,50,4,0,-18,-2,9.96
fold2_room1_mix1035,51,4,0,-18,-2,9.91
fold2_room1_mix1035,52,4,0,-18,-2,9.52
fold2_room1_mix1035,53,4,0,-19,-2,9.38
fold2_room1_mix1035,54,4,0,-20,-2,8.98
fold2_room1_mix1035,55,4,0,-21,-3,8.54
fold2_room1_mix1035,56,4,0,-23,-3,8.18
fold2_room1_mix1035,57,4,0,-23,-3,7.89
fold2_room1_mix1035,58,4,0,-24,-3,7.61
fold2_room1_mix1035,59,4,0,-26,-3,7.34
fold2_room1_mix1035,60,4,0,-28,-3,6.74
fold2_room1_mix1035,61,4,0,-28,-3,6.62
fold2_room1_mix1035,62,4,0,-30,-3,6.41
fold2_room1_mix1035,63,4,0,-32,-3,6.06
fold2_room1_mix1035,64,4,0,-33,-3,5.77
fold2_room1_mix1035,65,4,0,-35,-4,5.43
fold2_room1_mix1035,66,4,0,-37,-4,5.06
fold2_room1_mix1035,67,4,0,-41,-4,4.67
fold2_room1_mix1035,68,4,0,-44,-4,4.37
fold2_room1_mix1035,69,4,0,-48,-5,4.19
fold2_room1_mix1035,70,4,0,-52,-5,3.85
fold2_room1_mix1035,71,4,0,-56,-6,3.61
fold2_room1_mix1035,72,4,0,-62,-6,3.41
fold2_room1_mix1035,73,4,0,-68,-7,3.15
fold2_room1_mix1035,74,4,0,-75,-7,3.07
fold2_room1_mix1035,75,4,0,-82,-7,3.25
fold2_room1_mix1035,76,4,0,-87,-9,3.13
fold2_room1_mix1035,77,4,0,-92,-8,3.35
fold2_room1_mix1035,78,4,0,-99,-8,3.37
fold2_room1_mix1035,79,4,0,-107,-7,3.59
fold2_room1_mix1035,80,4,0,-113,-7,3.72
fold2_room1_mix1035,81,4,0,-120,-6,3.85
fold2_room1_mix1035,82,4,0,-124,-6,3.84
fold2_room1_mix1035,83,4,0,-127,-5,3.95
fold2_room1_mix1035,84,4,0,-131,-5,4.11
fold2_room1_mix1035,85,4,0,-133,-5,4.10
fold2_room1_mix1035,86,4,0,-138,-5,4.49
fold2_room1_mix1035,87,4,0,-140,-5,4.76
fold2_room1_mix1035,88,4,0,-143,-5,4.98
fold2_room1_mix1035,89,4,0,-145,-4,5.40
fold2_room1_mix1035,90,4,0,-147,-4,5.85
fold2_room1_mix1035,91,4,0,-148,-3,6.22
fold2_room1_mix1035,92,4,0,-152,-4,6.13
fold2_room1_mix1035,93,4,0,-153,-3,6.77
fold2_room1_mix1035,94,4,0,-152,-3,6.72
fold2_room1_mix1035,95,4,0,-153,-3,7.20
fold2_room1_mix1035,96,4,0,-155,-3,7.20
fold2_room1_mix1035,97,4,0,-155,-3,7.73
fold2_room1_mix1035,98,4,0,-155,-3,7.85
fold2_room1_mix1035,99,4,0,-156,-3,8.03
fold2_room1_mix1037,63,4,0,12,0,9.66
fold2_room1_mix1037,64,4,0,15,-1,11.59
fold2_room1_mix1037,65,4,0,16,-1,16.67
fold2_room1_mix1037,66,4,0,17,-1,15.01
fold2_room1_mix1037,67,4,0,19,-1,17.90
fold2_room1_mix1037,68,4,0,20,-1,18.40
fold2_room1_mix1037,69,4,0,22,-1,17.53
fold2_room1_mix1037,70,4,0,22,-1,16.17
fold2_room1_mix1037,71,4,0,22,-2,14.78
fold2_room1_mix1037,72,4,0,24,-1,14.76
fold2_room1_mix1037,73,4,0,27,-2,12.97
fold2_room1_mix1037,74,4,0,29,-2,13.10
fold2_room1_mix1037,75,4,0,29,-2,11.89
fold2_room1_mix1037,76,4,0,32,-2,11.40
fold2_room1_mix1037,77,4,0,34,-2,10.36
fold2_room1_mix1037,78,4,0,33,-2,9.88
fold2_room1_mix1037,79,4,0,38,-2,9.17
fold2_room1_mix1037,80,4,0,40,-2,8.56
fold2_room1_mix1037,81,4,0,46,-3,8.10
fold2_room1_mix1037,82,4,0,50,-3,7.93
fold2_room1_mix1037,83,4,0,54,-3,7.27
fold2_room1_mix1037,84,4,0,59,-3,7.02
fold2_room1_mix1037,85,4,0,63,-3,6.96
fold2_room1_mix1037,86,4,0,67,-4,6.71
fold2_room1_mix1037,87,4,0,76,-4,6.31
fold2_room1_mix1037,88,4,0,83,-4,6.14
fold2_room1_mix1037,89,4,0,89,-5,6.01
fold2_room1_mix1037,90,4,0,95,-5,6.01
fold2_room1_mix1037,91,4,0,102,-4,6.81
fold2_room1_mix1037,92,4,0,110,-4,6.84
fold2_room1_mix1037,93,4,0,115,-3,7.05
fold2_room1_mix1037,94,4,0,120,-3,7.44
fold2_room1_mix1037,95,4,0,126,-3,7.95
fold2_room1_mix1037,96,4,0,129,-3,8.30
fold2_room1_mix1037,97,4,0,134,-2,9.16
fold2_room1_mix1037,98,4,0,137,-2,9.35
fold2_room1_mix1037,99,4,0,140,-2,9.85
fold2_room1_mix1038,4,4,0,0,1,13.55
fold2_room1_mix1038,4,4,0,2,0,12.47
fold2_room1_mix1038,5,4,0,-1,0,22.97
fold2_room1_mix1038,5,4,0,0,0,21.48
fold2_room1_mix1038,6,4,0,0,0,28.08
fold2_room1_mix1038,6,4,0,0,0,26.00
fold2_room1_mix1038,7,4,0,0,0,28.91
fold2_room1_mix1038,7,4,0,1,0,27.59
fold2_room1_mix1038,8,4,0,0,0,44.49
fold2_room1_mix1038,8,4,0,1,-1,43.97
fold2_room1_mix1038,9,4,0,1,-1,45.64
fold2_room1_mix1038,9,4,0,1,-1,45.61
fold2_room1_mix1038,10,4,0,1,0,45.32
fold2_room1_mix1038,10,4,0,2,-1,44.01
fold2_room1_mix1038,11,4,0,0,0,44.81
fold2_room1_mix1038,11,4,0,1,-1,43.46
fold2_room1_mix1038,12,4,0,2,-1,43.08
fold2_room1_mix1038,12,4,0,2,-1,42.46
fold2_room1_mix1038,13,4,0,0,0,46.19
fold2_room1_mix1038,13,4,0,0,0,44.21
fold2_room1_mix1038,14,4,0,3,0,45.07
fold2_room1_mix1038,14,4,0,2,-1,43.91
fold2_room1_mix1038,15,4,0,1,0,47.05
fold2_room1_mix1038,15,4,0,1,-1,46.35
fold2_room1_mix1038,16,4,0,2,0,41.70
fold2_room1_mix1038,16,4,0,1,-1,40.15
fold2_room1_mix1038,17,4,0,0,0,46.85
fold2_room1_mix1038,17,4,0,1,0,45.27
fold2_room1_mix1038,18,4,0,1,0,44.97
fold2_room1_mix1038,18,4,0,1,-1,42.52
fold2_room1_mix1038,19,4,0,0,0,46.60
fold2_room1_mix1038,19,4,0,0,0,44.34
fold2_room1_mix1038,20,4,0,2,0,43.51
fold2_room1_mix1038,20,4,0,2,0,41.79
fold2_room1_mix1038,21,4,0,2,0,45.25
fold2_room1_mix1038,21,4,0,2,-1,42.69
fold2_room1_mix1038,22,4,0,1,0,43.94
fold2_room1_mix1038,22,4,0,1,-1,42.02
fold2_room1_mix1038,23,4,0,1,0,45.16
fold2_room1_mix1038,23,4,0,1,-1,42.81
fold2_room1_mix1038,24,4,0,1,0,45.45
fold2_room1_mix1038,24,4,0,1,-1,43.32
fold2_room1_mix1038,25,4,0,2,0,44.38
fold2_room1_mix1038,25,4,0,2,0,42.71
fold2_room1_mix1038,26,4,0,2,0,43.54
fold2_room1_mix1038,26,4,0,1,0,41.68
fold2_room1_mix1038,27,4,0,3,0,43.03
fold2_room1_mix1038,27,4,0,2,0,41.08
fold2_room1_mix1038,28,4,0,2,0,43.24
fold2_room1_mix1038,28,4,0,2,0,41.41
fold2_room1_mix1038,29,4,0,4,0,42.74
fold2_room1_mix1038,29,4,0,3,0,41.48
fold2_room1_mix1038,30,4,0,2,0,43.21
fold2_room1_mix1038,30,4,0,2,0,41.67
fold2_room1_mix1038,31,4,0,2,0,43.99
fold2_room1_mix1038,31,4,0,2,0,42.24
fold2_room1_mix1038,32,4,0,0,0,40.77
fold2_room1_mix1038,32,4,0,0,0,39.79
fold2_room1_mix1038,33,4,0,0,0,41.33
fold2_room1_mix1038,33,4,0,0,0,40.30
fold2_room1_mix1038,34,4,0,1,0,39.89
fold2_room1_mix1038,34,4,0,1,0,39.41
fold2_room1_mix1038,35,4,0,0,0,42.28
fold2_room1_mix1038,35,4,0,0,0,41.37
fold2_room1_mix1038,36,4,0,1,0,36.94
fold2_room1_mix1038,36,4,0,0,0,37.31
fold2_room1_mix1038,37,4,0,0,0,36.04
fold2_room1_mix1038,37,4,0,0,0,36.06
fold2_room1_mix1038,38,4,0,1,0,36.39
fold2_room1_mix1038,38,4,0,1,0,35.11
fold2_room1_mix1038,39,4,0,1,0,39.27
fold2_room1_mix1038,39,4,0,1,0,37.74
fold2_room1_mix1038,40,4,0,5,0,38.42
fold2_room1_mix1038,40,4,0,3,0,37.07
fold2_room1_mix1038,41,4,0,4,0,36.39
fold2_room1_mix1038,41,4,0,2,0,34.68
fold2_room1_mix1038,42,4,0,5,0,38.09
fold2_room1_mix1038,42,4,0,3,0,36.13
fold2_room1_mix1038,43,4,0,5,0,39.00
fold2_room1_mix1038,43,4,0,3,0,36.85
fold2_room1_mix1038,44,4,0,6,0,36.19
fold2_room1_mix1038,44,4,0,4,0,34.30
fold2_room1_mix1038,45,4,0,5,0,35.29
fold2_room1_mix1038,45,4,0,3,0,33.76
fold2_room1_mix1038,46,4,0,8,0,34.98
fold2_room1_mix1038,46,4,0,5,0,33.41
fold2_room1_mix1038,47,4,0,8,0,33.25
fold2_room1_mix1038,47,4,0,5,0,32.24
fold2_room1_mix1038,48,4,0,8,0,32.36
fold2_room1_mix1038,48,4,0,5,0,31.49
fold2_room1_mix1038,49,4,0,7,0,30.83
fold2_room1_mix1038,49,4,0,4,0,30.57
fold2_room1_mix1038,50,4,0,11,0,29.01
fold2_room1_mix1038,50,4,0,7,0,29.27
fold2_room1_mix1038,51,4,0,9,0,28.78
fold2_room1_mix1038,51,4,0,5,0,29.58
fold2_room1_mix1038,52,4,0,9,0,27.92
fold2_room1_mix1038,52,4,0,5,0,28.46
fold2_room1_mix1038,53,4,0,11,0,26.37
fold2_room1_mix1038,53,4,0,6,0,27.64
fold2_room1_mix1038,54,4,0,10,0,23.52
fold2_room1_mix1038,54,4,0,5,-1,24.98
fold2_room1_mix1038,55,4,0,11,0,23.34
fold2_room1_mix1038,55,4,0,6,-1,24.42
fold2_room1_mix1038,56,4,0,11,-1,22.37
fold2_room1_mix1038,56,4,0,5,-1,23.72
fold2_room1_mix1038,57,4,0,8,-1,18.88
fold2_room1_mix1038,57,4,0,5,-1,20.44
fold2_room1_mix1038,58,4,0,9,-1,18.08
fold2_room1_mix1038,58,4,0,6,-1,19.30
fold2_room1_mix1038,59,4,0,9,-1,17.48
fold2_room1_mix1038,59,4,0,7,-1,18.71
fold2_room1_mix1038,60,4,0,10,-1,17.12
fold2_room1_mix1038,60,4,0,7,-1,18.33
fold2_room1_mix1038,61,4,0,10,-2,15.79
fold2_room1_mix1038,61,4,0,8,-2,16.85
fold2_room1_mix1038,62,4,0,10,-2,14.77
fold2_room1_mix1038,62,4,0,9,-2,15.59
fold2_room1_mix1038,63,4,0,11,-2,13.24
fold2_room1_mix1038,63,4,0,10,-2,13.96
fold2_room1_mix1038,64,4,0,10,-3,12.28
fold2_room1_mix1038,64,4,0,9,-3,13.34
fold2_room1_mix1038,65,4,0,12,-3,11.38
fold2_room1_mix1038,65,4,0,11,-3,11.63
fold2_room1_mix1038,66,4,0,11,-3,10.94
fold2_room1_mix1038,66,4,0,11,-3,11.21
fold2_room1_mix1038,67,4,0,16,-4,9.51
fold2_room1_mix1038,67,4,0,15,-4,9.49
fold2_room1_mix1038,68,4,0,14,-5,8.46
fold2_room1_mix1038,68,4,0,14,-4,8.73
fold2_room1_mix1038,69,4,0,18,-5,7.12
fold2_room1_mix1038,69,4,0,18,-5,7.10
fold2_room1_mix1038,70,4,0,22,-6,6.70
fold2_room1_mix1038,70,4,0,22,-5,6.83
fold2_room1_mix1038,71,4,0,28,-6,5.80
fold2_room1_mix1038,71,4,0,26,-6,5.82
fold2_room1_mix1038,72,4,0,32,-7,5.68
fold2_room1_mix1038,72,4,0,30,-7,5.46
fold2_room1_mix1038,73,4,0,41,-9,4.54
fold2_room1_mix1038,73,4,0,34,-8,4.84
fold2_room1_mix1038,74,4,0,64,-13,3.91
fold2_room1_mix1038,74,4,0,161,-10,2.91
fold2_room1_mix1038,74,4,0,32,-8,5.44
fold2_room1_mix1038,75,4,0,99,-14,3.36
fold2_room1_mix1038,75,4,0,162,-12,2.66
fold2_room1_mix1038,75,4,0,38,-7,6.12
fold2_room1_mix1038,76,4,0,146,-12,2.59
fold2_room1_mix1038,76,4,0,163,-9,3.80
fold2_room1_mix1038,76,4,0,74,-11,4.53
fold2_room1_mix1038,77,4,0,153,-11,3.12
fold2_room1_mix1038,77,4,0,54,-8,5.75
fold2_room1_mix1038,78,4,0,152,-11,2.98
fold2_room1_mix1038,78,4,0,45,-8,6.72
fold2_room1_mix1038,79,4,0,149,-13,2.90
fold2_room1_mix1038,79,4,0,59,-11,5.60
fold2_room1_mix1038,80,4,0,128,-18,2.06
fold2_room1_mix1038,80,4,0,159,-10,4.69
fold2_room1_mix1038,80,4,0,85,-17,3.38
fold2_room1_mix1038,81,4,0,90,-24,1.64
fold2_room1_mix1038,81,4,0,86,-22,2.44
fold2_room1_mix1038,82,4,0,90,-24,2.17
fold2_room1_mix1038,82,4,0,160,-8,6.38
fold2_room1_mix1038,82,4,0,46,-17,2.27
fold2_room1_mix1038,83,4,0,57,-19,2.40
fold2_room1_mix1038,83,4,0,168,-6,6.00
fold2_room1_mix1038,83,4,0,28,-13,2.62
fold2_room1_mix1038,84,4,0,59,-17,2.93
fold2_room1_mix1038,84,4,0,162,-5,7.36
fold2_room1_mix1038,84,4,0,26,-12,2.47
fold2_room1_mix1038,85,4,0,57,-16,2.96
fold2_room1_mix1038,85,4,0,161,-5,6.94
fold2_room1_mix1038,85,4,0,25,-11,2.58
fold2_room1_mix1038,86,4,0,62,-14,3.26
fold2_room1_mix1038,86,4,0,165,-4,7.86
fold2_room1_mix1038,86,4,0,20,-9,3.11
fold2_room1_mix1038,87,4,0,97,-13,4.06
fold2_room1_mix1038,87,4,0,169,-4,8.35
fold2_room1_mix1038,87,4,0,17,-9,3.40
fold2_room1_mix1038,88,4,0,138,-8,5.20
fold2_room1_mix1038,88,4,0,169,-3,9.85
fold2_room1_mix1038,88,4,0,21,-7,3.63
fold2_room1_mix1038,89,4,0,144,-7,5.60
fold2_room1_mix1038,89,4,0,166,-2,11.10
fold2_room1_mix1038,89,4,0,21,-6,4.00
fold2_room1_mix1038,90,4,0,146,-6,6.06
fold2_room1_mix1038,90,4,0,167,-2,10.56
fold2_room1_mix1038,90,4,0,19,-6,4.48
fold2_room1_mix1038,91,4,0,155,-5,6.88
fold2_room1_mix1038,91,4,0,169,-2,13.13
fold2_room1_mix1038,91,4,0,21,-4,5.68
fold2_room1_mix1038,92,4,0,162,-3,9.77
fold2_room1_mix1038,92,4,0,18,-4,5.97
fold2_room1_mix1038,93,4,0,155,-4,8.01
fold2_room1_mix1038,93,4,0,173,-2,13.46
fold2_room1_mix1038,93,4,0,16,-3,6.38
fold2_room1_mix1038,94,4,0,154,-4,8.72
fold2_room1_mix1038,94,4,0,172,-2,15.96
fold2_room1_mix1038,94,4,0,14,-3,6.71
fold2_room1_mix1038,95,4,0,157,-3,10.22
fold2_room1_mix1038,95,4,0,176,-2,16.58
fold2_room1_mix1038,95,4,0,14,-3,7.41
fold2_room1_mix1038,96,4,0,167,-2,13.85
fold2_room1_mix1038,96,4,0,11,-3,8.21
fold2_room1_mix1038,97,4,0,160,-3,12.40
fold2_room1_mix1038,97,4,0,175,-2,19.05
fold2_room1_mix1038,97,4,0,11,-2,9.26
fold2_room1_mix1038,98,4,0,161,-2,13.84
fold2_room1_mix1038,98,4,0,177,-2,19.77
fold2_room1_mix1038,98,4,0,10,-2,9.95
fold2_room1_mix1038,99,4,0,171,-2,17.87
fold2_room1_mix1038,99,4,0,7,-2,11.03
fold2_room1_mix1040,1,4,0,-178,0,2.71
fold2_room1_mix1040,2,4,0,-179,0,4.12
fold2_room1_mix1040,3,4,0,179,0,10.54
fold2_room1_mix1040,4,4,0,178,0,19.72
fold2_room1_mix1040,5,4,0,177,0,21.75
fold2_room1_mix1040,6,4,0,177,0,23.27
fold2_room1_mix1040,7,1,0,-153,-1,12.30
fold2_room1_mix1040,7,4,0,171,0,30.28
fold2_room1_mix1040,8,1,0,-148,-1,22.04
fold2_room1_mix1040,8,4,0,173,0,34.39
fold2_room1_mix1040,9,1,0,-146,-1,21.09
fold2_room1_mix1040,9,4,0,175,0,36.72
fold2_room1_mix1040,10,1,0,-140,-1,11.16
fold2_room1_mix1040,10,4,0,174,0,31.36
fold2_room1_mix1040,11,1,0,-149,-2,4.30
fold2_room1_mix1040,11,4,0,168,0,33.23
fold2_room1_mix1040,12,4,0,172,-1,36.33
fold2_room1_mix1040,13,1,0,-150,-1,16.07
fold2_room1_mix1040,13,4,0,171,0,32.68
fold2_room1_mix1040,14,1,0,-147,-1,19.72
fold2_room1_mix1040,14,4,0,170,0,31.19
fold2_room1_mix1040,15,1,0,-140,-1,14.86
fold2_room1_mix1040,15,4,0,174,0,38.32
fold2_room1_mix1040,16,1,0,-139,-1,17.27
fold2_room1_mix1040,16,4,0,170,0,30.24
fold2_room1_mix1040,17,1,0,-139,-2,19.90
fold2_room1_mix1040,17,4,0,171,-1,29.81
fold2_room1_mix1040,18,1,0,-140,-2,20.61
fold2_room1_mix1040,18,4,0,171,0,28.69
fold2_room1_mix1040,19,1,0,-137,-2,20.74
fold2_room1_mix1040,19,4,0,169,-1,27.72
fold2_room1_mix1040,20,1,0,-136,-2,20.33
fold2_room1_mix1040,20,4,0,170,-1,27.25
fold2_room1_mix1040,21,1,0,-137,-2,18.62
fold2_room1_mix1040,21,4,0,175,0,28.50
fold2_room1_mix1040,22,1,0,-141,-1,10.25
fold2_room1_mix1040,22,4,0,170,0,25.65
fold2_room1_mix1040,23,1,0,-135,-2,3.06
fold2_room1_mix1040,23,4,0,172,0,25.82
fold2_room1_mix1040,24,4,0,172,-1,27.98
fold2_room1_mix1040,25,1,0,-138,-1,13.19
fold2_room1_mix1040,25,4,0,173,0,29.14
fold2_room1_mix1040,26,1,0,-128,-2,12.91
fold2_room1_mix1040,26,4,0,171,0,29.74
fold2_room1_mix1040,27,1,0,-126,-2,13.90
fold2_room1_mix1040,27,4,0,175,0,33.65
fold2_room1_mix1040,28,1,0,-121,-2,13.28
fold2_room1_mix1040,28,4,0,175,0,28.70
fold2_room1_mix1040,29,1,0,-118,-2,13.95
fold2_room1_mix1040,29,4,0,175,0,27.35
fold2_room1_mix1040,30,1,0,-113,-2,13.94
fold2_room1_mix1040,30,4,0,176,0,26.70
fold2_room1_mix1040,31,1,0,-110,-2,14.24
fold2_room1_mix1040,31,4,0,175,0,24.69
fold2_room1_mix1040,32,1,0,-103,-3,13.58
fold2_room1_mix1040,32,4,0,175,0,24.02
fold2_room1_mix1040,33,1,0,-98,-3,12.54
fold2_room1_mix1040,33,4,0,179,0,24.83
fold2_room1_mix1040,34,1,0,-95,-2,3.97
fold2_room1_mix1040,34,4,0,176,0,26.68
fold2_room1_mix1040,35,4,0,173,-1,20.07
fold2_room1_mix1040,36,4,0,175,-1,19.43
fold2_room1_mix1040,37,1,0,-80,-2,8.47
fold2_room1_mix1040,37,4,0,176,0,25.84
fold2_room1_mix1040,38,1,0,-77,-2,8.80
fold2_room1_mix1040,38,4,0,173,-1,19.67
fold2_room1_mix1040,39,1,0,-72,-2,10.49
fold2_room1_mix1040,39,4,0,175,0,22.77
fold2_room1_mix1040,40,1,0,-76,-2,10.67
fold2_room1_mix1040,40,4,0,178,0,23.04
fold2_room1_mix1040,41,4,0,172,-1,15.38
fold2_room1_mix1040,42,4,0,172,-1,16.78
fold2_room1_mix1040,43,4,0,175,-1,14.53
fold2_room1_mix1040,44,4,0,174,-2,11.77
fold2_room1_mix1040,45,4,0,173,-1,12.40
fold2_room1_mix1040,46,4,0,172,-1,11.84
fold2_room1_mix1040,47,4,0,174,-2,11.04
fold2_room1_mix1040,48,4,0,173,-2,10.35
fold2_room1_mix1040,49,4,0,171,-2,10.49
fold2_room1_mix1040,50,4,0,171,-2,10.11
fold2_room1_mix1040,51,4,0,170,-2,8.98
fold2_room1_mix1040,52,4,0,170,-2,8.90
fold2_room1_mix1040,53,4,0,169,-2,8.70
fold2_room1_mix1040,54,4,0,169,-2,8.49
fold2_room1_mix1040,55,4,0,169,-3,7.89
fold2_room1_mix1040,56,4,0,168,-3,7.32
fold2_room1_mix1040,57,4,0,166,-4,6.93
fold2_room1_mix1040,58,4,0,165,-4,6.35
fold2_room1_mix1040,59,4,0,165,-4,6.25
fold2_room1_mix1040,60,4,0,163,-5,5.19
fold2_room1_mix1040,61,4,0,160,-5,4.83
fold2_room1_mix1040,62,4,0,160,-6,5.06
fold2_room1_mix1040,63,4,0,156,-7,4.25
fold2_room1_mix1040,64,4,0,153,-8,4.17
fold2_room1_mix1040,65,4,0,144,-11,2.51
fold2_room1_mix1040,65,4,0,144,-11,2.34
fold2_room1_mix1040,66,4,0,138,-13,2.11
fold2_room1_mix1040,66,4,0,138,-12,1.99
fold2_room1_mix1040,67,4,0,130,-16,1.75
fold2_room1_mix1040,67,4,0,129,-15,1.57
fold2_room1_mix1040,68,4,0,120,-20,1.47
fold2_room1_mix1040,68,4,0,118,-20,1.21
fold2_room1_mix1040,69,4,0,99,-23,1.33
fold2_room1_mix1040,69,4,0,99,-22,1.11
fold2_room1_mix1040,70,4,0,87,-24,1.31
fold2_room1_mix1040,70,4,0,86,-24,1.14
fold2_room1_mix1040,71,4,0,73,-23,1.75
fold2_room1_mix1040,71,4,0,68,-22,1.31
fold2_room1_mix1040,72,4,0,62,-19,1.92
fold2_room1_mix1040,72,4,0,55,-17,1.48
fold2_room1_mix1040,73,4,0,155,-11,2.98
fold2_room1_mix1040,73,4,0,175,-9,4.57
fold2_room1_mix1040,73,4,0,44,-11,1.73
fold2_room1_mix1040,74,4,0,158,-12,2.98
fold2_room1_mix1040,74,4,0,-177,-9,3.87
fold2_room1_mix1040,74,4,0,38,-9,2.11
fold2_room1_mix1040,75,4,0,150,-14,2.56
fold2_room1_mix1040,75,4,0,-178,-11,3.29
fold2_room1_mix1040,75,4,0,34,-9,2.12
fold2_room1_mix1040,76,4,0,158,-12,2.85
fold2_room1_mix1040,76,4,0,-177,-10,3.17
fold2_room1_mix1040,76,4,0,29,-7,2.86
fold2_room1_mix1040,78,4,0,-175,-8,3.19
fold2_room1_mix1040,78,4,0,23,-5,3.93
fold2_room1_mix1040,79,4,0,179,-8,3.18
fold2_room1_mix1040,79,4,0,-164,-9,2.62
fold2_room1_mix1040,79,4,0,19,-6,3.93
fold2_room1_mix1040,80,4,0,-170,-9,2.89
fold2_room1_mix1040,80,4,0,16,-5,4.30
fold2_room1_mix1040,81,4,0,174,-11,3.66
fold2_room1_mix1040,81,4,0,-161,-8,2.61
fold2_room1_mix1040,81,4,0,11,-5,4.62
fold2_room1_mix1040,82,4,0,-174,-10,3.14
fold2_room1_mix1040,82,4,0,-153,-10,2.22
fold2_room1_mix1040,82,4,0,11,-5,4.86
fold2_room1_mix1040,83,4,0,-156,-10,2.38
fold2_room1_mix1040,83,4,0,11,-4,5.43
fold2_room1_mix1040,84,4,0,-158,-13,2.22
fold2_room1_mix1040,84,4,0,-138,-12,1.81
fold2_room1_mix1040,84,4,0,9,-4,6.06
fold2_room1_mix1040,85,4,0,-133,-20,2.75
fold2_room1_mix1040,85,4,0,-117,-14,2.04
fold2_room1_mix1040,85,4,0,7,-4,7.09
fold2_room1_mix1040,86,4,0,-8,-8,5.93
fold2_room1_mix1040,86,4,0,0,-5,6.63
fold2_room1_mix1040,87,4,0,6,-3,8.24
fold2_room1_mix1040,87,4,0,5,-2,8.35
fold2_room1_mix1040,88,4,0,8,-2,9.82
fold2_room1_mix1040,88,4,0,6,-2,9.52
fold2_room1_mix1040,89,4,0,3,-2,7.73
fold2_room1_mix1040,89,4,0,5,-2,8.53
fold2_room1_mix1040,90,4,0,-6,-4,6.34
fold2_room1_mix1040,91,4,0,-5,-3,6.94
fold2_room1_mix1040,92,4,0,-3,-3,7.73
fold2_room1_mix1040,93,4,0,-2,-3,7.44
fold2_room1_mix1040,94,4,0,-3,-2,8.38
fold2_room1_mix1040,95,4,0,-1,-2,8.75
fold2_room1_mix1040,96,4,0,-2,-2,9.12
fold2_room1_mix1040,97,4,0,-1,-2,10.33
fold2_room1_mix1040,98,4,0,-1,-2,11.42
fold2_room1_mix1040,99,4,0,-1,-2,11.61
fold2_room1_mix1040,77,4,0,-172,-9,2.92
fold2_room1_mix1040,77,4,0,27,-6,3.18
fold2_room1_mix1046,19,4,0,175,-1,9.73
fold2_room1_mix1046,20,4,0,176,-1,13.17
fold2_room1_mix1046,21,4,0,177,0,22.63
fold2_room1_mix1046,22,4,0,177,-1,23.24
fold2_room1_mix1046,23,4,0,176,-1,22.26
fold2_room1_mix1046,24,4,0,177,-1,29.84
fold2_room1_mix1046,25,4,0,176,-1,28.76
fold2_room1_mix1046,26,4,0,176,-1,28.84
fold2_room1_mix1046,27,4,0,173,-1,27.32
fold2_room1_mix1046,28,4,0,176,0,26.87
fold2_room1_mix1046,29,4,0,176,-1,25.55
fold2_room1_mix1046,30,4,0,175,0,24.94
fold2_room1_mix1046,31,4,0,177,0,25.54
fold2_room1_mix1046,32,4,0,178,0,23.19
fold2_room1_mix1046,33,4,0,177,-1,21.98
fold2_room1_mix1046,34,4,0,176,-1,21.76
fold2_room1_mix1046,35,4,0,178,-1,21.37
fold2_room1_mix1046,36,4,0,179,-1,20.09
fold2_room1_mix1046,37,4,0,178,-1,19.48
fold2_room1_mix1046,38,4,0,177,-1,18.71
fold2_room1_mix1046,39,4,0,176,-1,18.55
fold2_room1_mix1046,40,4,0,179,-1,17.70
fold2_room1_mix1046,41,4,0,176,-1,16.70
fold2_room1_mix1046,42,4,0,176,-1,16.05
fold2_room1_mix1046,43,4,0,177,-1,15.39
fold2_room1_mix1046,44,4,0,176,-1,14.71
fold2_room1_mix1046,45,4,0,175,-1,13.11
fold2_room1_mix1046,46,4,0,175,-2,12.39
fold2_room1_mix1046,47,4,0,176,-1,12.06
fold2_room1_mix1046,48,4,0,176,-2,11.10
fold2_room1_mix1046,49,4,0,174,-2,10.51
fold2_room1_mix1046,50,4,0,173,-2,9.70
fold2_room1_mix1046,51,4,0,175,-2,9.59
fold2_room1_mix1046,52,4,0,174,-3,8.88
fold2_room1_mix1046,53,4,0,172,-3,7.76
fold2_room1_mix1046,54,4,0,171,-4,7.21
fold2_room1_mix1046,55,4,0,171,-4,6.63
fold2_room1_mix1046,56,4,0,171,-4,6.14
fold2_room1_mix1046,57,4,0,170,-5,5.35
fold2_room1_mix1046,58,4,0,170,-5,5.10
fold2_room1_mix1046,59,4,0,168,-6,4.46
fold2_room1_mix1046,60,4,0,166,-7,3.90
fold2_room1_mix1046,61,4,0,165,-8,3.23
fold2_room1_mix1046,62,4,0,159,-11,2.61
fold2_room1_mix1046,63,4,0,154,-13,2.09
fold2_room1_mix1046,64,4,0,144,-19,1.54
fold2_room1_mix1046,65,4,0,126,-27,1.18
fold2_room1_mix1046,66,4,0,95,-31,0.95
fold2_room1_mix1046,67,4,0,52,-29,1.05
fold2_room1_mix1046,68,4,0,33,-22,1.47
fold2_room1_mix1046,69,4,0,27,-17,1.96
fold2_room1_mix1046,70,4,0,20,-13,2.38
fold2_room1_mix1046,71,4,0,17,-11,2.88
fold2_room1_mix1046,72,4,0,14,-9,3.36
fold2_room1_mix1046,73,4,0,11,-8,3.72
fold2_room1_mix1046,74,4,0,9,-7,4.20
fold2_room1_mix1046,75,4,0,10,-6,4.89
fold2_room1_mix1046,76,4,0,8,-5,5.57
fold2_room1_mix1046,77,4,0,8,-5,6.01
fold2_room1_mix1046,78,4,0,6,-4,6.50
fold2_room1_mix1046,79,4,0,6,-4,7.17
fold2_room1_mix1046,80,4,0,6,-4,7.68
fold2_room1_mix1046,81,4,0,5,-3,8.65
fold2_room1_mix1046,82,4,0,5,-3,8.73
fold2_room1_mix1046,83,4,0,4,-3,9.48
fold2_room1_mix1046,84,4,0,5,-3,9.83
fold2_room1_mix1046,85,4,0,4,-2,10.39
fold2_room1_mix1046,86,4,0,4,-2,10.90
fold2_room1_mix1046,87,4,0,4,-2,11.96
fold2_room1_mix1046,88,4,0,4,-2,11.77
fold2_room1_mix1046,89,4,0,3,-2,12.03
fold2_room1_mix1046,90,4,0,4,-2,12.92
fold2_room1_mix1046,91,4,0,3,-2,13.97
fold2_room1_mix1046,92,4,0,3,-2,13.98
fold2_room1_mix1046,93,4,0,3,-2,15.23
fold2_room1_mix1046,94,4,0,3,-1,16.52
fold2_room1_mix1046,95,4,0,2,-1,16.32
fold2_room1_mix1046,96,4,0,2,-1,17.31
fold2_room1_mix1046,97,4,0,3,-1,17.87
fold2_room1_mix1046,98,4,0,3,-1,18.14
fold2_room1_mix1046,99,4,0,2,-1,18.62
fold2_room1_mix1062,0,2,0,84,-1,12.48
fold2_room1_mix1062,1,2,0,87,-1,13.83
fold2_room1_mix1062,2,2,0,90,-2,11.44
fold2_room1_mix1062,3,2,0,88,-1,13.14
fold2_room1_mix1062,4,2,0,90,-1,13.40
fold2_room1_mix1062,5,2,0,90,-1,8.09
fold2_room1_mix1062,10,2,0,88,-1,12.46
fold2_room1_mix1062,11,2,0,89,-2,12.48
fold2_room1_mix1062,12,2,0,88,-2,12.54
fold2_room1_mix1062,13,2,0,88,-2,13.23
fold2_room1_mix1062,14,2,0,90,-2,12.25
fold2_room1_mix1062,20,2,0,88,-2,12.72
fold2_room1_mix1062,21,2,0,88,-2,12.51
fold2_room1_mix1062,22,2,0,88,-2,12.53
fold2_room1_mix1062,23,2,0,89,-2,13.21
fold2_room1_mix1062,24,2,0,88,-2,11.76
fold2_room1_mix1062,29,2,0,86,-2,10.32
fold2_room1_mix1062,30,2,0,89,-2,13.06
fold2_room1_mix1062,31,2,0,88,-2,12.82
fold2_room1_mix1062,32,2,0,88,-2,13.18
fold2_room1_mix1062,33,2,0,90,-2,12.84
fold2_room1_mix1062,34,2,0,92,-2,8.10
fold2_room1_mix1062,38,3,0,32,-3,8.79
fold2_room1_mix1062,39,2,0,90,-1,10.97
fold2_room1_mix1062,39,3,0,37,-3,10.34
fold2_room1_mix1062,40,2,0,90,-2,12.31
fold2_room1_mix1062,40,3,0,35,-3,11.83
fold2_room1_mix1062,41,2,0,92,-2,11.30
fold2_room1_mix1062,41,3,0,34,-3,10.94
fold2_room1_mix1062,42,2,0,91,-1,13.35
fold2_room1_mix1062,42,3,0,36,-3,11.50
fold2_room1_mix1062,43,2,0,92,-1,13.53
fold2_room1_mix1062,49,2,0,92,-1,11.94
fold2_room1_mix1062,50,2,0,90,-2,12.44
fold2_room1_mix1062,51,2,0,92,-2,12.54
fold2_room1_mix1062,52,2,0,90,-1,12.82
fold2_room1_mix1062,53,2,0,91,-2,11.54
fold2_room1_mix1062,59,2,0,89,-2,13.11
fold2_room1_mix1062,60,2,0,90,-2,13.98
fold2_room1_mix1062,61,2,0,92,-2,13.65
fold2_room1_mix1062,62,2,0,90,-2,13.29
fold2_room1_mix1062,63,2,0,92,-2,10.18
fold2_room1_mix1062,68,2,0,87,-2,11.40
fold2_room1_mix1062,69,2,0,91,-2,13.52
fold2_room1_mix1062,70,2,0,90,-1,13.03
fold2_room1_mix1062,71,2,0,88,-2,13.19
fold2_room1_mix1062,72,2,0,89,-2,13.46
fold2_room1_mix1062,73,2,0,90,-1,5.89
fold2_room1_mix1062,78,2,0,88,-1,13.12
fold2_room1_mix1062,79,2,0,89,-2,14.10
fold2_room1_mix1062,80,2,0,88,-2,13.90
fold2_room1_mix1062,81,2,0,88,-2,14.35
fold2_room1_mix1062,82,2,0,89,-2,14.54
fold2_room1_mix1062,88,2,0,87,-1,12.04
fold2_room1_mix1062,89,2,0,88,-1,13.91
fold2_room1_mix1062,90,2,0,90,-2,12.81
fold2_room1_mix1062,91,2,0,86,-1,14.24
fold2_room1_mix1062,92,2,0,89,-2,12.68
fold2_room1_mix1062,98,2,0,87,-2,13.48
fold2_room1_mix1062,99,2,0,87,-1,13.95
fold2_room1_mix1065,5,4,0,-8,1,14.75
fold2_room1_mix1065,6,4,0,-6,0,16.21
fold2_room1_mix1065,7,4,0,-9,0,16.84
fold2_room1_mix1065,8,4,0,-6,0,31.06
fold2_room1_mix1065,9,4,0,-7,0,35.89
fold2_room1_mix1065,10,4,0,-9,0,39.61
fold2_room1_mix1065,11,4,0,-9,0,36.77
fold2_room1_mix1065,12,4,0,-7,0,36.32
fold2_room1_mix1065,13,4,0,-9,0,35.28
fold2_room1_mix1065,14,4,0,-7,0,36.46
fold2_room1_mix1065,15,4,0,-9,0,34.80
fold2_room1_mix1065,16,4,0,-7,0,32.18
fold2_room1_mix1065,17,4,0,-10,0,33.00
fold2_room1_mix1065,18,4,0,-9,0,33.05
fold2_room1_mix1065,19,4,0,-10,0,33.54
fold2_room1_mix1065,20,4,0,-10,0,32.21
fold2_room1_mix1065,21,4,0,-11,0,31.21
fold2_room1_mix1065,22,4,0,-14,0,29.80
fold2_room1_mix1065,23,4,0,-13,0,29.34
fold2_room1_mix1065,24,4,0,-15,0,28.48
fold2_room1_mix1065,25,4,0,-15,0,26.55
fold2_room1_mix1065,26,4,0,-16,0,28.45
fold2_room1_mix1065,27,4,0,-13,0,26.47
fold2_room1_mix1065,28,4,0,-12,0,26.06
fold2_room1_mix1065,29,4,0,-12,0,26.31
fold2_room1_mix1065,30,4,0,-12,0,27.34
fold2_room1_mix1065,31,4,0,-13,-1,25.64
fold2_room1_mix1065,32,4,0,-14,-1,24.87
fold2_room1_mix1065,33,4,0,-13,-1,26.32
fold2_room1_mix1065,34,4,0,-15,-1,25.27
fold2_room1_mix1065,35,4,0,-15,-1,24.94
fold2_room1_mix1065,36,4,0,-16,-1,23.87
fold2_room1_mix1065,37,4,0,-13,-1,24.45
fold2_room1_mix1065,38,4,0,-15,-1,22.53
fold2_room1_mix1065,39,4,0,-16,-1,22.02
fold2_room1_mix1065,40,4,0,-15,-1,21.00
fold2_room1_mix1065,40,4,0,-9,-1,21.68
fold2_room1_mix1065,41,4,0,-16,-1,20.62
fold2_room1_mix1065,42,4,0,-17,-1,20.64
fold2_room1_mix1065,43,4,0,-19,-1,20.12
fold2_room1_mix1065,44,4,0,-18,-1,17.40
fold2_room1_mix1065,44,4,0,-34,-1,19.17
fold2_room1_mix1065,44,4,0,-1,-1,19.71
fold2_room1_mix1065,45,4,0,-18,-1,16.42
fold2_room1_mix1065,45,4,0,-37,-1,18.33
fold2_room1_mix1065,45,4,0,-2,-1,18.48
fold2_room1_mix1065,46,4,0,-21,-1,15.26
fold2_room1_mix1065,46,4,0,-40,-1,17.37
fold2_room1_mix1065,46,4,0,-3,-1,17.76
fold2_room1_mix1065,47,4,0,-20,-1,14.89
fold2_room1_mix1065,47,4,0,-12,-1,15.77
fold2_room1_mix1065,48,4,0,-9,-1,14.52
fold2_room1_mix1065,48,4,0,-6,-2,14.59
fold2_room1_mix1065,49,4,0,-8,-2,13.35
fold2_room1_mix1065,49,4,0,-5,-2,13.38
fold2_room1_mix1065,50,4,0,-9,-2,12.55
fold2_room1_mix1065,50,4,0,-6,-2,12.56
fold2_room1_mix1065,51,4,0,-10,-3,10.77
fold2_room1_mix1065,51,4,0,-7,-3,11.09
fold2_room1_mix1065,52,4,0,-11,-2,10.70
fold2_room1_mix1065,52,4,0,-8,-2,11.03
fold2_room1_mix1065,53,4,0,-12,-2,10.43
fold2_room1_mix1065,53,4,0,-10,-2,10.80
fold2_room1_mix1065,54,4,0,-13,-3,10.94
fold2_room1_mix1065,54,4,0,-10,-3,11.12
fold2_room1_mix1065,55,4,0,-24,-4,8.75
fold2_room1_mix1065,55,4,0,-18,-3,9.68
fold2_room1_mix1065,56,4,0,-22,-3,9.18
fold2_room1_mix1065,56,4,0,-16,-3,9.49
fold2_room1_mix1065,57,4,0,-29,-4,7.84
fold2_room1_mix1065,57,4,0,-62,-1,13.01
fold2_room1_mix1065,57,4,0,-13,-4,9.49
fold2_room1_mix1065,58,4,0,-35,-5,6.79
fold2_room1_mix1065,58,4,0,-66,-2,12.25
fold2_room1_mix1065,58,4,0,-17,-4,8.49
fold2_room1_mix1065,59,4,0,-47,-5,6.21
fold2_room1_mix1065,59,4,0,-67,-2,11.00
fold2_room1_mix1065,59,4,0,-26,-5,7.64
fold2_room1_mix1065,60,4,0,-52,-6,5.64
fold2_room1_mix1065,60,4,0,-68,-3,9.77
fold2_room1_mix1065,60,4,0,-29,-5,7.25
fold2_room1_mix1065,61,4,0,-62,-7,5.42
fold2_room1_mix1065,61,4,0,-77,-4,9.02
fold2_room1_mix1065,61,4,0,-37,-7,6.62
fold2_room1_mix1065,62,4,0,-71,-6,6.88
fold2_room1_mix1065,62,4,0,-48,-7,5.81
fold2_room1_mix1065,63,4,0,-79,-8,5.35
fold2_room1_mix1065,63,4,0,-52,-8,6.08
fold2_room1_mix1065,64,4,0,-87,-8,5.76
fold2_room1_mix1065,64,4,0,-69,-8,6.58
fold2_room1_mix1065,65,4,0,-97,-8,5.33
fold2_room1_mix1065,65,4,0,-55,-7,8.69
fold2_room1_mix1065,66,4,0,-110,-7,5.07
fold2_room1_mix1065,66,4,0,-28,-4,13.40
fold2_room1_mix1065,67,4,0,-108,-5,6.15
fold2_room1_mix1065,67,4,0,-128,-7,4.63
fold2_room1_mix1065,67,4,0,-36,-2,13.73
fold2_room1_mix1065,68,4,0,-127,-6,5.17
fold2_room1_mix1065,68,4,0,-54,-3,12.89
fold2_room1_mix1065,69,4,0,-115,-4,7.07
fold2_room1_mix1065,69,4,0,-142,-6,4.69
fold2_room1_mix1065,69,4,0,-48,-2,12.55
fold2_room1_mix1065,70,4,0,-129,-4,6.58
fold2_room1_mix1065,70,4,0,-144,-5,5.27
fold2_room1_mix1065,70,4,0,-69,-2,12.86
fold2_room1_mix1065,71,4,0,-131,-4,6.92
fold2_room1_mix1065,71,4,0,-150,-5,5.63
fold2_room1_mix1065,71,4,0,-65,-2,12.37
fold2_room1_mix1065,72,4,0,-138,-4,6.92
fold2_room1_mix1065,72,4,0,-155,-5,5.62
fold2_room1_mix1065,72,4,0,-74,-2,12.55
fold2_room1_mix1065,73,4,0,-145,-4,6.85
fold2_room1_mix1065,73,4,0,-160,-5,5.99
fold2_room1_mix1065,73,4,0,-81,-1,12.58
fold2_room1_mix1065,74,4,0,-162,-3,7.94
fold2_room1_mix1065,74,4,0,-84,-1,13.16
fold2_room1_mix1065,75,4,0,-165,-3,7.90
fold2_room1_mix1065,75,4,0,-93,-1,12.12
fold2_room1_mix1065,76,4,0,-167,-3,8.85
fold2_room1_mix1065,76,4,0,-90,-1,13.43
fold2_room1_mix1065,77,4,0,-167,-3,9.57
fold2_room1_mix1065,77,4,0,-98,-1,13.15
fold2_room1_mix1065,78,4,0,-166,-2,10.20
fold2_room1_mix1065,78,4,0,-95,-1,13.81
fold2_room1_mix1065,79,4,0,-170,-2,10.28
fold2_room1_mix1065,79,4,0,-96,-1,13.66
fold2_room1_mix1065,80,4,0,-171,-2,10.61
fold2_room1_mix1065,80,4,0,-96,-1,14.29
fold2_room1_mix1065,81,4,0,-172,-2,11.87
fold2_room1_mix1065,81,4,0,-103,-1,14.78
fold2_room1_mix1065,82,4,0,-173,-2,12.79
fold2_room1_mix1065,82,4,0,-104,-1,15.84
fold2_room1_mix1065,83,4,0,-170,-1,14.59
fold2_room1_mix1065,83,4,0,-110,-1,15.86
fold2_room1_mix1065,84,4,0,-169,-1,16.34
fold2_room1_mix1065,84,4,0,-115,-1,16.76
fold2_room1_mix1065,85,4,0,-161,-1,17.33
fold2_room1_mix1065,85,4,0,-122,-1,16.80
fold2_room1_mix1065,86,4,0,-163,-1,17.55
fold2_room1_mix1065,86,4,0,-119,-1,17.08
fold2_room1_mix1065,87,4,0,-160,-1,17.97
fold2_room1_mix1065,87,4,0,-124,-1,17.58
fold2_room1_mix1065,88,4,0,-157,-1,19.43
fold2_room1_mix1065,88,4,0,-129,-1,18.24
fold2_room1_mix1065,89,4,0,-155,-1,19.46
fold2_room1_mix1065,89,4,0,-135,-1,18.46
fold2_room1_mix1065,90,4,0,-156,-1,20.56
fold2_room1_mix1065,90,4,0,-135,-1,19.05
fold2_room1_mix1065,91,4,0,-149,-1,20.21
fold2_room1_mix1065,92,4,0,-151,-1,20.93
fold2_room1_mix1065,93,4,0,-151,-1,21.84
fold2_room1_mix1065,94,4,0,-152,-1,22.67
fold2_room1_mix1065,95,4,0,-150,-1,22.94
fold2_room1_mix1065,96,4,0,-150,-1,22.56
fold2_room1_mix1065,97,4,0,-152,-1,23.44
fold2_room1_mix1065,98,4,0,-152,-1,23.13
fold2_room1_mix1065,99,4,0,-152,-1,22.41
fold2_room1_mix1072,1,4,0,16,0,4.14
fold2_room1_mix1072,2,4,0,17,0,6.74
fold2_room1_mix1072,3,4,0,18,-1,11.43
fold2_room1_mix1072,4,4,0,17,-1,10.82
fold2_room1_mix1072,5,4,0,19,-1,12.68
fold2_room1_mix1072,6,4,0,19,-1,16.12
fold2_room1_mix1072,7,4,0,18,-1,15.82
fold2_room1_mix1072,8,4,0,18,-1,15.44
fold2_room1_mix1072,9,4,0,18,-1,14.88
fold2_room1_mix1072,10,4,0,20,-2,14.33
fold2_room1_mix1072,11,4,0,20,-1,14.38
fold2_room1_mix1072,12,4,0,19,-1,14.19
fold2_room1_mix1072,13,4,0,20,-1,14.12
fold2_room1_mix1072,14,4,0,20,-1,13.69
fold2_room1_mix1072,15,4,0,21,-1,13.28
fold2_room1_mix1072,16,4,0,22,-1,13.43
fold2_room1_mix1072,17,4,0,21,-1,13.30
fold2_room1_mix1072,18,4,0,22,-1,13.19
fold2_room1_mix1072,19,4,0,23,-1,12.92
fold2_room1_mix1072,20,4,0,23,-1,12.51
fold2_room1_mix1072,21,4,0,23,-1,12.31
fold2_room1_mix1072,22,4,0,24,-1,11.90
fold2_room1_mix1072,23,4,0,23,-1,11.70
fold2_room1_mix1072,24,4,0,24,-1,12.24
fold2_room1_mix1072,25,4,0,24,-2,11.11
fold2_room1_mix1072,26,4,0,25,-1,11.30
fold2_room1_mix1072,27,4,0,25,-1,11.65
fold2_room1_mix1072,28,4,0,26,-1,11.21
fold2_room1_mix1072,29,4,0,25,-1,11.03
fold2_room1_mix1072,30,4,0,25,-1,11.17
fold2_room1_mix1072,31,4,0,26,-1,10.92
fold2_room1_mix1072,32,4,0,27,-1,11.05
fold2_room1_mix1072,33,4,0,27,-1,10.51
fold2_room1_mix1072,34,4,0,26,-2,10.06
fold2_room1_mix1072,35,4,0,26,-2,10.17
fold2_room1_mix1072,36,4,0,27,-1,10.46
fold2_room1_mix1072,37,4,0,28,-1,10.22
fold2_room1_mix1072,38,4,0,28,-2,9.87
fold2_room1_mix1072,39,4,0,29,-1,9.88
fold2_room1_mix1072,40,4,0,29,-1,9.72
fold2_room1_mix1072,41,4,0,30,-2,9.30
fold2_room1_mix1072,42,4,0,30,-2,8.93
fold2_room1_mix1072,43,4,0,31,-2,9.07
fold2_room1_mix1072,44,4,0,31,-2,8.97
fold2_room1_mix1072,45,4,0,33,-2,9.02
fold2_room1_mix1072,46,4,0,34,-2,8.82
fold2_room1_mix1072,47,4,0,35,-2,8.84
fold2_room1_mix1072,48,4,0,36,-2,8.54
fold2_room1_mix1072,49,4,0,36,-2,8.17
fold2_room1_mix1072,50,4,0,37,-2,8.28
fold2_room1_mix1072,51,4,0,37,-2,7.80
fold2_room1_mix1072,52,4,0,39,-2,8.15
fold2_room1_mix1072,53,4,0,41,-2,7.71
fold2_room1_mix1072,54,4,0,40,-2,7.50
fold2_room1_mix1072,55,4,0,43,-2,7.28
fold2_room1_mix1072,56,4,0,44,-2,7.43
fold2_room1_mix1072,57,4,0,45,-3,7.36
fold2_room1_mix1072,58,4,0,45,-2,7.19
fold2_room1_mix1072,59,4,0,48,-2,7.30
fold2_room1_mix1072,60,4,0,48,-2,7.21
fold2_room1_mix1072,61,4,0,50,-2,6.88
fold2_room1_mix1072,62,4,0,53,-3,6.74
fold2_room1_mix1072,63,4,0,53,-3,6.63
fold2_room1_mix1072,64,4,0,55,-3,6.55
fold2_room1_mix1072,65,4,0,57,-3,6.51
fold2_room1_mix1072,66,4,0,58,-3,6.43
fold2_room1_mix1072,67,4,0,58,-3,6.22
fold2_room1_mix1072,68,4,0,60,-3,6.04
fold2_room1_mix1072,69,4,0,62,-4,5.80
fold2_room1_mix1072,70,4,0,64,-4,5.46
fold2_room1_mix1072,71,4,0,64,-4,5.65
fold2_room1_mix1072,72,4,0,66,-4,5.53
fold2_room1_mix1072,73,4,0,67,-4,5.41
fold2_room1_mix1072,74,4,0,68,-4,5.56
fold2_room1_mix1072,75,4,0,72,-4,5.30
fold2_room1_mix1072,76,4,0,74,-4,5.26
fold2_room1_mix1072,77,4,0,77,-3,5.59
fold2_room1_mix1072,78,4,0,80,-4,5.43
fold2_room1_mix1072,79,4,0,83,-4,5.54
fold2_room1_mix1072,80,4,0,85,-4,5.45
fold2_room1_mix1072,81,4,0,89,-4,5.45
fold2_room1_mix1072,82,4,0,90,-4,5.49
fold2_room1_mix1072,83,4,0,92,-4,5.67
fold2_room1_mix1072,84,4,0,93,-4,5.78
fold2_room1_mix1072,85,4,0,94,-4,5.69
fold2_room1_mix1072,86,4,0,97,-4,5.60
fold2_room1_mix1072,87,4,0,98,-4,5.75
fold2_room1_mix1072,88,4,0,100,-4,5.71
fold2_room1_mix1072,89,4,0,104,-4,5.49
fold2_room1_mix1072,90,4,0,104,-3,5.83
fold2_room1_mix1072,91,4,0,107,-3,5.75
fold2_room1_mix1072,92,4,0,109,-3,5.75
fold2_room1_mix1072,93,4,0,113,-3,5.94
fold2_room1_mix1072,94,4,0,114,-3,5.80
fold2_room1_mix1072,95,4,0,117,-3,5.55
fold2_room1_mix1072,96,4,0,118,-3,5.74
fold2_room1_mix1072,97,4,0,121,-3,5.98
fold2_room1_mix1072,98,4,0,123,-3,5.81
fold2_room1_mix1072,99,4,0,126,-3,5.56
fold2_room1_mix1078,1,4,0,-178,1,2.89
fold2_room1_mix1078,2,4,0,-178,0,4.14
fold2_room1_mix1078,3,4,0,-178,0,12.25
fold2_room1_mix1078,4,4,0,178,0,11.75
fold2_room1_mix1078,5,4,0,178,0,12.18
fold2_room1_mix1078,6,4,0,178,0,13.40
fold2_room1_mix1078,7,4,0,179,-1,17.27
fold2_room1_mix1078,8,4,0,178,-1,17.34
fold2_room1_mix1078,9,4,0,178,-1,16.29
fold2_room1_mix1078,10,4,0,179,-1,15.84
fold2_room1_mix1078,11,4,0,178,-1,15.98
fold2_room1_mix1078,12,4,0,179,-1,14.71
fold2_room1_mix1078,13,4,0,178,-2,12.91
fold2_room1_mix1078,14,4,0,178,-1,14.08
fold2_room1_mix1078,15,4,0,179,-1,13.54
fold2_room1_mix1078,16,4,0,-179,-2,12.56
fold2_room1_mix1078,17,4,0,-179,-1,12.34
fold2_room1_mix1078,18,4,0,179,-1,12.19
fold2_room1_mix1078,19,4,0,178,-2,11.54
fold2_room1_mix1078,20,4,0,179,-2,11.39
fold2_room1_mix1078,21,4,0,179,-2,10.63
fold2_room1_mix1078,22,4,0,179,-2,10.80
fold2_room1_mix1078,23,4,0,178,-2,10.20
fold2_room1_mix1078,24,4,0,179,-2,9.66
fold2_room1_mix1078,25,4,0,179,-2,9.38
fold2_room1_mix1078,26,4,0,-179,-3,9.59
fold2_room1_mix1078,27,4,0,179,-3,8.51
fold2_room1_mix1078,28,4,0,-179,-3,8.78
fold2_room1_mix1078,29,4,0,-178,-3,7.59
fold2_room1_mix1078,30,4,0,179,-3,8.31
fold2_room1_mix1078,31,4,0,-179,-3,8.60
fold2_room1_mix1078,32,4,0,-177,-4,8.00
fold2_room1_mix1078,33,4,0,-178,-4,7.35
fold2_room1_mix1078,34,4,0,-179,-4,7.78
fold2_room1_mix1078,35,4,0,-179,-5,6.77
fold2_room1_mix1078,36,4,0,-178,-6,6.74
fold2_room1_mix1078,37,4,0,-178,-7,5.79
fold2_room1_mix1078,38,4,0,-178,-7,5.82
fold2_room1_mix1078,39,4,0,-176,-9,5.52
fold2_room1_mix1078,40,4,0,-175,-10,5.12
fold2_room1_mix1078,41,4,0,-174,-12,4.77
fold2_room1_mix1078,42,4,0,-169,-16,4.56
fold2_room1_mix1078,43,4,0,-163,-25,1.47
fold2_room1_mix1078,43,4,0,-162,-24,1.40
fold2_room1_mix1078,44,4,0,-154,-31,1.40
fold2_room1_mix1078,44,4,0,-149,-32,1.15
fold2_room1_mix1078,45,4,0,-136,-40,1.38
fold2_room1_mix1078,45,4,0,177,-20,13.67
fold2_room1_mix1078,45,4,0,-87,-46,0.71
fold2_room1_mix1078,46,4,0,-154,-33,5.27
fold2_room1_mix1078,46,4,0,174,-17,11.07
fold2_room1_mix1078,46,4,0,-48,-35,0.32
fold2_room1_mix1078,47,4,0,-153,-37,4.68
fold2_room1_mix1078,47,4,0,171,-15,10.07
fold2_room1_mix1078,47,4,0,-29,-30,0.50
fold2_room1_mix1078,48,4,0,-155,-18,5.11
fold2_room1_mix1078,48,4,0,-176,-11,8.19
fold2_room1_mix1078,48,4,0,-19,-23,0.93
fold2_room1_mix1078,49,4,0,-149,-21,2.83
fold2_room1_mix1078,49,4,0,-171,-13,6.09
fold2_room1_mix1078,49,4,0,-19,-19,1.38
fold2_room1_mix1078,50,4,0,-137,-21,2.46
fold2_room1_mix1078,50,4,0,-161,-14,4.18
fold2_room1_mix1078,50,4,0,-17,-16,1.75
fold2_room1_mix1078,51,4,0,-135,-21,1.99
fold2_room1_mix1078,51,4,0,-163,-14,3.84
fold2_room1_mix1078,51,4,0,-14,-14,1.96
fold2_room1_mix1078,52,4,0,-104,-28,2.07
fold2_room1_mix1078,52,4,0,-142,-18,3.08
fold2_room1_mix1078,52,4,0,-12,-13,2.58
fold2_room1_mix1078,53,4,0,-52,-26,2.23
fold2_room1_mix1078,53,4,0,-130,-18,2.67
fold2_room1_mix1078,53,4,0,-9,-12,2.94
fold2_room1_mix1078,54,4,0,-34,-20,2.29
fold2_room1_mix1078,54,4,0,-100,-22,2.32
fold2_room1_mix1078,54,4,0,-3,-10,4.06
fold2_room1_mix1078,55,4,0,-11,-13,2.97
fold2_room1_mix1078,55,4,0,-8,-11,3.36
fold2_room1_mix1078,56,4,0,-7,-12,3.40
fold2_room1_mix1078,56,4,0,-6,-10,3.88
fold2_room1_mix1078,57,4,0,-6,-10,3.47
fold2_room1_mix1078,57,4,0,-5,-8,4.06
fold2_room1_mix1078,58,4,0,-12,-10,3.72
fold2_room1_mix1078,59,4,0,-9,-8,4.17
fold2_room1_mix1078,60,4,0,-8,-7,4.30
fold2_room1_mix1078,61,4,0,-6,-8,4.64
fold2_room1_mix1078,62,4,0,-12,-8,3.78
fold2_room1_mix1078,62,4,0,-8,-7,5.05
fold2_room1_mix1078,63,4,0,-11,-7,3.90
fold2_room1_mix1078,63,4,0,-6,-6,4.81
fold2_room1_mix1078,64,4,0,-11,-7,4.28
fold2_room1_mix1078,64,4,0,-7,-6,5.66
fold2_room1_mix1078,65,4,0,-11,-6,4.87
fold2_room1_mix1078,65,4,0,-6,-5,5.98
fold2_room1_mix1078,66,4,0,-6,-5,6.26
fold2_room1_mix1078,67,4,0,-9,-5,5.60
fold2_room1_mix1078,67,4,0,-5,-5,6.62
fold2_room1_mix1078,68,4,0,-7,-6,5.80
fold2_room1_mix1078,68,4,0,-3,-5,6.95
fold2_room1_mix1078,69,4,0,-7,-5,5.93
fold2_room1_mix1078,69,4,0,-4,-5,6.93
fold2_room1_mix1078,70,4,0,-3,-5,6.67
fold2_room1_mix1078,70,4,0,-1,-5,7.62
fold2_room1_mix1078,71,4,0,-3,-5,6.87
fold2_room1_mix1078,71,4,0,-1,-4,7.88
fold2_room1_mix1078,72,4,0,-3,-5,7.26
fold2_room1_mix1078,72,4,0,-1,-4,8.45
fold2_room1_mix1078,73,4,0,-3,-4,8.51
fold2_room1_mix1078,73,4,0,-2,-4,9.20
fold2_room1_mix1078,74,4,0,-2,-4,8.49
fold2_room1_mix1078,74,4,0,-3,-4,9.22
fold2_room1_mix1078,75,4,0,0,-4,8.70
fold2_room1_mix1078,75,4,0,-1,-4,9.44
fold2_room1_mix1078,76,4,0,0,-4,8.44
fold2_room1_mix1078,76,4,0,-1,-4,9.19
fold2_room1_mix1078,77,4,0,0,-3,8.77
fold2_room1_mix1078,77,4,0,0,-3,9.50
fold2_room1_mix1078,78,4,0,1,-3,9.43
fold2_room1_mix1078,78,4,0,0,-3,10.12
fold2_room1_mix1078,79,4,0,2,-3,10.09
fold2_room1_mix1078,79,4,0,0,-3,10.73
fold2_room1_mix1078,80,4,0,2,-3,10.57
fold2_room1_mix1078,80,4,0,0,-3,10.83
fold2_room1_mix1078,81,4,0,1,-3,10.83
fold2_room1_mix1078,81,4,0,0,-3,11.19
fold2_room1_mix1078,82,4,0,2,-3,11.00
fold2_room1_mix1078,82,4,0,1,-3,11.46
fold2_room1_mix1078,83,4,0,1,-3,11.34
fold2_room1_mix1078,83,4,0,1,-3,11.67
fold2_room1_mix1078,84,4,0,1,-3,11.51
fold2_room1_mix1078,84,4,0,1,-3,11.87
fold2_room1_mix1078,85,4,0,1,-3,12.57
fold2_room1_mix1078,85,4,0,0,-3,13.01
fold2_room1_mix1078,86,4,0,2,-3,12.33
fold2_room1_mix1078,86,4,0,1,-3,12.66
fold2_room1_mix1078,87,4,0,0,-2,14.04
fold2_room1_mix1078,87,4,0,0,-3,14.25
fold2_room1_mix1078,88,4,0,0,-2,13.77
fold2_room1_mix1078,88,4,0,0,-3,13.90
fold2_room1_mix1078,89,4,0,0,-2,14.28
fold2_room1_mix1078,89,4,0,0,-3,14.31
fold2_room1_mix1078,90,4,0,0,-2,14.76
fold2_room1_mix1078,90,4,0,-1,-2,14.80
fold2_room1_mix1078,91,4,0,0,-2,15.28
fold2_room1_mix1078,91,4,0,0,-2,15.07
fold2_room1_mix1078,92,4,0,-1,-1,15.78
fold2_room1_mix1078,92,4,0,-1,-2,15.48
fold2_room1_mix1078,93,4,0,0,-1,16.05
fold2_room1_mix1078,93,4,0,-1,-2,15.56
fold2_room1_mix1078,94,4,0,0,-1,16.43
fold2_room1_mix1078,94,4,0,-1,-2,15.87
fold2_room1_mix1078,95,4,0,0,-2,16.58
fold2_room1_mix1078,95,4,0,0,-2,15.97
fold2_room1_mix1078,96,4,0,0,-2,15.64
fold2_room1_mix1078,96,4,0,0,-2,15.12
fold2_room1_mix1078,97,4,0,0,-1,15.62
fold2_room1_mix1078,97,4,0,-1,-2,15.48
fold2_room1_mix1078,98,4,0,-1,-1,16.87
fold2_room1_mix1078,98,4,0,-2,-2,16.63
fold2_room1_mix1078,99,4,0,-4,-2,15.37
fold2_room1_mix1078,99,4,0,-2,-3,15.21
fold2_room1_mix1107,0,5,0,104,12,0.74
fold2_room1_mix1107,1,5,0,98,9,2.46
fold2_room1_mix1107,2,5,0,98,10,2.93
fold2_room1_mix1107,3,5,0,101,16,1.83
fold2_room1_mix1107,4,5,0,98,14,2.19
fold2_room1_mix1107,5,5,0,98,12,4.56
fold2_room1_mix1107,6,5,0,102,13,3.92
fold2_room1_mix1107,7,5,0,100,14,3.73
fold2_room1_mix1107,8,5,0,100,15,3.71
fold2_room1_mix1107,9,5,0,96,12,4.70
fold2_room1_mix1107,10,5,0,96,11,4.86
fold2_room1_mix1107,11,5,0,96,12,4.39
fold2_room1_mix1107,12,5,0,95,10,5.43
fold2_room1_mix1107,13,5,0,95,14,4.07
fold2_room1_mix1107,14,5,0,94,10,5.64
fold2_room1_mix1107,15,5,0,92,11,5.01
fold2_room1_mix1107,16,5,0,93,13,4.04
fold2_room1_mix1107,17,5,0,89,11,4.83
fold2_room1_mix1107,18,5,0,91,11,5.12
fold2_room1_mix1107,19,5,0,89,11,4.77
fold2_room1_mix1107,20,5,0,89,11,4.91
fold2_room1_mix1107,21,5,0,86,12,4.53
fold2_room1_mix1107,22,5,0,85,11,4.92
fold2_room1_mix1107,23,5,0,83,11,5.32
fold2_room1_mix1107,24,5,0,84,11,4.83
fold2_room1_mix1107,25,5,0,80,12,4.78
fold2_room1_mix1107,26,5,0,80,12,4.93
fold2_room1_mix1107,27,5,0,80,12,4.69
fold2_room1_mix1107,28,5,0,79,11,5.39
fold2_room1_mix1107,29,3,0,-132,-2,7.97
fold2_room1_mix1107,29,5,0,75,11,4.96
fold2_room1_mix1107,30,3,0,-128,-3,10.33
fold2_room1_mix1107,30,5,0,76,12,4.61
fold2_room1_mix1107,31,3,0,-138,-3,8.00
fold2_room1_mix1107,31,5,0,74,10,5.37
fold2_room1_mix1107,32,3,0,-131,-2,4.26
fold2_room1_mix1107,32,5,0,72,12,4.57
fold2_room1_mix1107,33,5,0,71,10,5.40
fold2_room1_mix1107,34,5,0,68,10,5.68
fold2_room1_mix1107,35,5,0,68,11,4.76
fold2_room1_mix1107,36,5,0,67,10,5.38
fold2_room1_mix1107,37,3,0,-99,-2,6.37
fold2_room1_mix1107,37,5,0,67,10,5.65
fold2_room1_mix1107,38,3,0,-95,-2,9.43
fold2_room1_mix1107,38,5,0,64,10,5.08
fold2_room1_mix1107,39,3,0,-99,-2,9.98
fold2_room1_mix1107,39,5,0,66,9,5.63
fold2_room1_mix1107,40,3,0,-84,-2,9.97
fold2_room1_mix1107,40,5,0,62,10,5.29
fold2_room1_mix1107,41,3,0,-90,-2,8.13
fold2_room1_mix1107,41,5,0,63,10,5.27
fold2_room1_mix1107,42,3,0,-80,-2,10.98
fold2_room1_mix1107,42,5,0,61,9,6.16
fold2_room1_mix1107,43,3,0,-72,-2,11.28
fold2_room1_mix1107,43,5,0,58,9,5.93
fold2_room1_mix1107,44,3,0,-76,-2,8.99
fold2_room1_mix1107,44,5,0,62,9,6.09
fold2_room1_mix1107,45,3,0,-74,-2,6.41
fold2_room1_mix1107,45,5,0,58,9,5.68
fold2_room1_mix1107,46,5,0,57,9,5.90
fold2_room1_mix1107,47,5,0,58,8,6.73
fold2_room1_mix1107,48,5,0,55,9,5.73
fold2_room1_mix1107,49,5,0,55,8,6.20
fold2_room1_mix1107,50,5,0,55,8,6.80
fold2_room1_mix1107,51,5,0,53,9,5.93
fold2_room1_mix1107,52,5,0,51,7,7.23
fold2_room1_mix1107,53,5,0,50,9,6.31
fold2_room1_mix1107,54,5,0,50,9,6.18
fold2_room1_mix1107,55,5,0,51,8,6.95
fold2_room1_mix1107,56,3,0,-40,-2,7.80
fold2_room1_mix1107,56,5,0,50,8,6.79
fold2_room1_mix1107,57,3,0,-37,-2,11.73
fold2_room1_mix1107,57,5,0,51,9,6.28
fold2_room1_mix1107,58,3,0,-41,-2,12.41
fold2_room1_mix1107,58,5,0,47,8,6.79
fold2_room1_mix1107,59,3,0,-35,-2,12.25
fold2_room1_mix1107,59,5,0,47,8,6.78
fold2_room1_mix1107,60,3,0,-36,-2,10.30
fold2_room1_mix1107,60,5,0,50,8,6.84
fold2_room1_mix1107,61,3,0,-41,-2,12.41
fold2_room1_mix1107,61,5,0,47,8,7.13
fold2_room1_mix1107,62,3,0,-43,-2,8.49
fold2_room1_mix1107,62,5,0,43,7,7.23
fold2_room1_mix1107,63,5,0,47,7,7.68
fold2_room1_mix1107,64,5,0,47,8,7.01
fold2_room1_mix1107,65,5,0,46,7,7.52
fold2_room1_mix1107,66,5,0,43,6,8.63
fold2_room1_mix1107,67,5,0,41,7,7.82
fold2_room1_mix1107,68,5,0,43,6,7.96
fold2_room1_mix1107,69,5,0,42,6,8.68
fold2_room1_mix1107,70,5,0,41,6,8.62
fold2_room1_mix1107,71,5,0,38,6,9.55
fold2_room1_mix1107,72,5,0,38,6,9.52
fold2_room1_mix1107,73,5,0,40,6,8.65
fold2_room1_mix1107,74,5,0,40,6,9.44
fold2_room1_mix1107,75,5,0,40,6,9.52
fold2_room1_mix1107,76,5,0,39,6,8.55
fold2_room1_mix1107,77,5,0,37,6,9.18
fold2_room1_mix1107,78,5,0,36,6,9.53
fold2_room1_mix1107,79,5,0,38,6,9.21
fold2_room1_mix1107,80,5,0,37,6,10.05
fold2_room1_mix1107,81,5,0,35,6,9.62
fold2_room1_mix1107,82,5,0,35,5,10.36
fold2_room1_mix1107,83,5,0,38,6,9.02
fold2_room1_mix1107,84,5,0,36,6,9.62
fold2_room1_mix1107,85,5,0,35,6,10.12
fold2_room1_mix1107,86,5,0,32,6,9.70
fold2_room1_mix1107,87,5,0,34,5,10.08
fold2_room1_mix1107,88,5,0,34,5,10.78
fold2_room1_mix1107,89,5,0,32,5,10.69
fold2_room1_mix1107,90,5,0,32,5,10.47
fold2_room1_mix1107,91,5,0,32,5,10.98
fold2_room1_mix1107,92,5,0,32,5,10.59
fold2_room1_mix1107,93,5,0,32,5,11.20
fold2_room1_mix1107,94,5,0,30,5,11.49
fold2_room1_mix1107,95,5,0,31,5,11.24
fold2_room1_mix1107,96,5,0,30,5,10.80
fold2_room1_mix1107,97,5,0,31,5,10.92
fold2_room1_mix1107,98,5,0,32,5,12.04
fold2_room1_mix1107,99,5,0,29,5,11.54
fold2_room1_mix1111,0,0,0,0,0,1146.44
fold2_room1_mix1111,1,0,0,-1,0,856.83
fold2_room1_mix1111,2,0,0,0,0,1199.43
fold2_room1_mix1111,3,0,0,0,0,1270.80
fold2_room1_mix1111,4,0,0,0,0,1331.03
fold2_room1_mix1111,5,0,0,0,0,1366.98
fold2_room1_mix1111,6,0,0,0,0,1454.90
fold2_room1_mix1111,7,0,0,0,0,1288.67
fold2_room1_mix1111,8,0,0,-1,0,1321.66
fold2_room1_mix1111,9,0,0,0,0,1442.98
fold2_room1_mix1111,10,0,0,0,0,1285.62
fold2_room1_mix1111,11,0,0,0,0,1247.08
fold2_room1_mix1111,12,0,0,0,0,1238.27
fold2_room1_mix1111,13,0,0,0,0,1108.84
fold2_room1_mix1111,14,0,0,0,0,1120.46
fold2_room1_mix1111,15,0,0,0,0,1121.84
fold2_room1_mix1111,16,0,0,0,0,1180.67
fold2_room1_mix1111,17,0,0,0,0,1187.01
fold2_room1_mix1111,18,0,0,0,0,1224.74
fold2_room1_mix1111,19,0,0,0,0,1226.95
fold2_room1_mix1111,20,0,0,0,0,1181.23
fold2_room1_mix1111,21,0,0,0,0,1258.63
fold2_room1_mix1111,22,0,0,0,0,1196.31
fold2_room1_mix1111,23,0,0,0,0,1102.58
fold2_room1_mix1111,24,0,0,0,0,1039.53
fold2_room1_mix1111,25,0,0,0,0,1085.76
fold2_room1_mix1111,26,0,0,0,0,1038.27
fold2_room1_mix1111,27,0,0,0,0,1059.66
fold2_room1_mix1111,28,0,0,0,0,1107.00
fold2_room1_mix1111,29,0,0,0,0,1125.31
fold2_room1_mix1111,30,0,0,0,0,1135.59
fold2_room1_mix1111,31,0,0,0,0,1074.56
fold2_room1_mix1111,32,0,0,0,0,1112.02
fold2_room1_mix1111,33,0,0,0,0,1127.27
fold2_room1_mix1111,34,0,0,0,0,1094.17
fold2_room1_mix1111,35,0,0,0,0,1000.60
fold2_room1_mix1111,36,0,0,0,0,982.96
fold2_room1_mix1111,37,0,0,0,0,981.31
fold2_room1_mix1111,38,0,0,0,0,942.66
fold2_room1_mix1111,39,0,0,0,0,979.87
fold2_room1_mix1111,40,0,0,0,0,1048.77
fold2_room1_mix1111,41,0,0,0,0,1105.29
fold2_room1_mix1111,42,0,0,0,0,1102.46
fold2_room1_mix1111,43,0,0,0,0,1125.35
fold2_room1_mix1111,44,0,0,0,0,1096.34
fold2_room1_mix1111,45,0,0,0,0,1143.99
fold2_room1_mix1111,46,0,0,0,0,1091.89
fold2_room1_mix1111,47,0,0,0,0,1072.88
fold2_room1_mix1111,48,0,0,0,0,1034.47
fold2_room1_mix1111,49,0,0,0,0,975.03
fold2_room1_mix1111,50,0,0,0,0,956.46
fold2_room1_mix1111,51,0,0,0,0,1054.25
fold2_room1_mix1111,52,0,0,0,0,1032.01
fold2_room1_mix1111,53,0,0,0,0,1076.50
fold2_room1_mix1111,54,0,0,0,0,1138.05
fold2_room1_mix1111,55,0,0,0,0,1118.18
fold2_room1_mix1111,56,0,0,0,0,1102.24
fold2_room1_mix1111,57,0,0,0,0,1151.01
fold2_room1_mix1111,58,0,0,0,0,1105.28
fold2_room1_mix1111,59,0,0,0,0,1130.18
fold2_room1_mix1111,60,0,0,0,0,1043.43
fold2_room1_mix1111,61,0,0,0,0,984.80
fold2_room1_mix1111,62,0,0,0,0,986.72
fold2_room1_mix1111,63,0,0,0,0,979.32
fold2_room1_mix1111,64,0,0,0,0,1030.49
fold2_room1_mix1111,65,0,0,0,0,1088.57
fold2_room1_mix1111,66,0,0,0,0,1088.58
fold2_room1_mix1111,67,0,0,0,0,1107.07
fold2_room1_mix1111,68,0,0,0,0,1088.50
fold2_room1_mix1111,69,0,0,0,0,1128.97
fold2_room1_mix1111,70,0,0,0,0,1100.37
fold2_room1_mix1111,71,0,0,0,0,1048.34
fold2_room1_mix1111,72,0,0,0,0,1053.05
fold2_room1_mix1111,73,0,0,0,0,998.46
fold2_room1_mix1111,74,0,0,0,0,923.86
fold2_room1_mix1111,75,0,0,0,0,1036.21
fold2_room1_mix1111,76,0,0,0,0,1023.71
fold2_room1_mix1111,77,0,0,0,0,1068.44
fold2_room1_mix1111,78,0,0,0,0,1075.77
fold2_room1_mix1111,79,0,0,0,0,1092.87
fold2_room1_mix1111,80,0,0,0,0,1110.17
fold2_room1_mix1111,81,0,0,0,0,1096.89
fold2_room1_mix1111,82,0,0,0,0,1102.44
fold2_room1_mix1111,83,0,0,0,0,1012.20
fold2_room1_mix1111,84,0,0,0,0,985.14
fold2_room1_mix1111,85,0,0,0,0,981.55
fold2_room1_mix1111,86,0,0,0,0,931.83
fold2_room1_mix1111,87,0,0,0,0,943.92
fold2_room1_mix1111,88,0,0,0,0,955.51
fold2_room1_mix1111,89,0,0,0,0,1042.88
fold2_room1_mix1111,90,0,0,0,0,1039.31
fold2_room1_mix1111,91,0,0,0,0,1072.84
fold2_room1_mix1111,92,0,0,0,0,1092.57
fold2_room1_mix1111,93,0,0,0,0,1068.34
fold2_room1_mix1111,94,0,0,0,0,1092.47
fold2_room1_mix1111,95,0,0,0,0,961.68
fold2_room1_mix1111,96,0,0,0,0,978.53
fold2_room1_mix1111,97,0,0,0,0,924.57
fold2_room1_mix1111,98,0,0,1,0,850.58
fold2_room1_mix1111,99,0,0,1,0,840.71
fold2_room1_mix1115,19,4,0,13,-2,9.93
fold2_room1_mix1115,21,4,0,17,-2,19.25
fold2_room1_mix1115,23,4,0,11,-2,21.37
fold2_room1_mix1115,24,4,0,10,-2,22.84
fold2_room1_mix1115,25,4,0,14,-2,23.25
fold2_room1_mix1115,25,4,0,14,-2,22.21
fold2_room1_mix1115,26,4,0,15,-1,22.90
fold2_room1_mix1115,26,4,0,14,-2,21.80
fold2_room1_mix1115,27,4,0,15,-1,24.34
fold2_room1_mix1115,27,4,0,15,-1,22.98
fold2_room1_mix1115,28,4,0,10,-1,23.30
fold2_room1_mix1115,28,4,0,10,-1,21.85
fold2_room1_mix1115,29,4,0,10,-1,23.39
fold2_room1_mix1115,29,4,0,10,-1,22.00
fold2_room1_mix1115,30,4,0,9,-1,23.76
fold2_room1_mix1115,30,4,0,9,-1,22.80
fold2_room1_mix1115,31,4,0,10,-1,24.04
fold2_room1_mix1115,31,4,0,9,-1,22.87
fold2_room1_mix1115,32,4,0,11,-1,23.57
fold2_room1_mix1115,32,4,0,11,-1,22.70
fold2_room1_mix1115,33,4,0,13,-1,23.07
fold2_room1_mix1115,33,4,0,11,-1,22.40
fold2_room1_mix1115,34,4,0,13,-1,21.09
fold2_room1_mix1115,34,4,0,12,-1,21.20
fold2_room1_mix1115,35,4,0,13,-1,20.78
fold2_room1_mix1115,35,4,0,10,-1,20.91
fold2_room1_mix1115,36,4,0,50,-1,20.16
fold2_room1_mix1115,36,4,0,153,-1,17.39
fold2_room1_mix1115,36,4,0,4,0,20.24
fold2_room1_mix1115,37,4,0,13,-1,19.74
fold2_room1_mix1115,37,4,0,9,0,20.05
fold2_room1_mix1115,38,4,0,12,0,19.21
fold2_room1_mix1115,38,4,0,10,0,19.28
fold2_room1_mix1115,39,4,0,138,-1,18.02
fold2_room1_mix1115,39,4,0,155,-1,14.77
fold2_room1_mix1115,39,4,0,6,0,19.96
fold2_room1_mix1115,40,4,0,21,0,18.24
fold2_room1_mix1115,40,4,0,13,0,17.90
fold2_room1_mix1115,41,4,0,150,-1,15.01
fold2_room1_mix1115,41,4,0,6,0,17.39
fold2_room1_mix1115,42,4,0,30,-1,16.27
fold2_room1_mix1115,42,4,0,147,-1,14.72
fold2_room1_mix1115,42,4,0,1,0,16.79
fold2_room1_mix1115,43,4,0,21,-1,17.99
fold2_room1_mix1115,43,4,0,147,-1,14.63
fold2_room1_mix1115,43,4,0,1,0,17.88
fold2_room1_mix1115,44,4,0,137,-1,15.66
fold2_room1_mix1115,44,4,0,-1,-1,15.42
fold2_room1_mix1115,45,4,0,7,-1,15.58
fold2_room1_mix1115,45,4,0,6,-1,15.48
fold2_room1_mix1115,46,4,0,8,-2,13.65
fold2_room1_mix1115,46,4,0,6,-2,13.46
fold2_room1_mix1115,47,4,0,9,-2,13.18
fold2_room1_mix1115,47,4,0,5,-2,13.34
fold2_room1_mix1115,48,4,0,9,-2,12.92
fold2_room1_mix1115,48,4,0,6,-2,12.92
fold2_room1_mix1115,49,4,0,132,-2,14.18
fold2_room1_mix1115,49,4,0,0,-2,13.04
fold2_room1_mix1115,50,4,0,4,-2,11.46
fold2_room1_mix1115,50,4,0,5,-2,11.67
fold2_room1_mix1115,51,4,0,39,-2,13.26
fold2_room1_mix1115,51,4,0,126,-2,13.57
fold2_room1_mix1115,51,4,0,0,-2,12.82
fold2_room1_mix1115,52,4,0,10,-2,12.32
fold2_room1_mix1115,52,4,0,6,-2,12.19
fold2_room1_mix1115,53,4,0,23,-2,12.90
fold2_room1_mix1115,53,4,0,126,-1,13.42
fold2_room1_mix1115,53,4,0,-1,-2,12.29
fold2_room1_mix1115,54,4,0,15,-2,12.03
fold2_room1_mix1115,54,4,0,8,-2,11.74
fold2_room1_mix1115,55,4,0,61,-2,12.04
fold2_room1_mix1115,55,4,0,120,-2,13.03
fold2_room1_mix1115,55,4,0,-3,-3,9.92
fold2_room1_mix1115,56,4,0,6,-3,10.64
fold2_room1_mix1115,56,4,0,6,-3,10.38
fold2_room1_mix1115,57,4,0,27,-3,10.36
fold2_room1_mix1115,57,4,0,115,-2,12.10
fold2_room1_mix1115,57,4,0,1,-3,9.72
fold2_room1_mix1115,58,4,0,12,-4,8.97
fold2_room1_mix1115,58,4,0,9,-3,9.04
fold2_room1_mix1115,59,4,0,11,-4,8.94
fold2_room1_mix1115,59,4,0,9,-4,9.08
fold2_room1_mix1115,60,4,0,9,-4,8.76
fold2_room1_mix1115,60,4,0,10,-4,8.87
fold2_room1_mix1115,61,4,0,14,-4,8.37
fold2_room1_mix1115,61,4,0,14,-4,8.60
fold2_room1_mix1115,62,4,0,11,-4,8.02
fold2_room1_mix1115,62,4,0,12,-4,8.19
fold2_room1_mix1115,63,4,0,13,-4,7.73
fold2_room1_mix1115,63,4,0,12,-4,7.75
fold2_room1_mix1115,64,4,0,9,-4,7.40
fold2_room1_mix1115,64,4,0,11,-4,7.33
fold2_room1_mix1115,65,4,0,12,-4,7.33
fold2_room1_mix1115,65,4,0,11,-4,7.25
fold2_room1_mix1115,66,4,0,7,-4,7.21
fold2_room1_mix1115,66,4,0,9,-4,7.05
fold2_room1_mix1115,67,4,0,10,-5,6.87
fold2_room1_mix1115,67,4,0,11,-5,6.66
fold2_room1_mix1115,68,4,0,6,-5,6.45
fold2_room1_mix1115,68,4,0,8,-5,6.49
fold2_room1_mix1115,69,4,0,7,-5,6.23
fold2_room1_mix1115,69,4,0,10,-5,6.26
fold2_room1_mix1115,70,4,0,7,-5,6.27
fold2_room1_mix1115,70,4,0,10,-5,6.27
fold2_room1_mix1115,71,4,0,8,-6,6.08
fold2_room1_mix1115,71,4,0,11,-5,6.03
fold2_room1_mix1115,72,4,0,9,-6,5.66
fold2_room1_mix1115,72,4,0,13,-6,5.65
fold2_room1_mix1115,73,4,0,8,-6,5.51
fold2_room1_mix1115,73,4,0,13,-6,5.52
fold2_room1_mix1115,74,4,0,7,-6,5.46
fold2_room1_mix1115,74,4,0,11,-6,5.54
fold2_room1_mix1115,75,4,0,7,-7,4.97
fold2_room1_mix1115,75,4,0,11,-7,4.96
fold2_room1_mix1115,76,4,0,7,-7,4.72
fold2_room1_mix1115,76,4,0,11,-7,4.74
fold2_room1_mix1115,77,4,0,9,-8,4.11
fold2_room1_mix1115,77,4,0,13,-7,4.25
fold2_room1_mix1115,78,4,0,13,-8,3.92
fold2_room1_mix1115,78,4,0,15,-8,4.07
fold2_room1_mix1115,79,4,0,10,-9,3.56
fold2_room1_mix1115,79,4,0,14,-8,3.86
fold2_room1_mix1115,80,4,0,12,-10,3.27
fold2_room1_mix1115,80,4,0,16,-9,3.79
fold2_room1_mix1115,81,4,0,9,-12,2.62
fold2_room1_mix1115,81,4,0,34,-6,6.26
fold2_room1_mix1115,82,4,0,7,-15,2.36
fold2_room1_mix1115,82,4,0,33,-8,6.41
fold2_room1_mix1115,83,4,0,12,-15,2.38
fold2_room1_mix1115,83,4,0,46,-11,4.83
fold2_room1_mix1115,83,4,0,30,-6,7.43
fold2_room1_mix1115,84,4,0,10,-22,1.84
fold2_room1_mix1115,84,4,0,53,-15,4.18
fold2_room1_mix1115,84,4,0,27,-7,7.98
fold2_room1_mix1115,85,4,0,31,-36,1.07
fold2_room1_mix1115,85,4,0,70,-23,3.07
fold2_room1_mix1115,85,4,0,38,-9,8.06
fold2_room1_mix1115,86,4,0,63,-37,1.64
fold2_room1_mix1115,86,4,0,44,-9,10.10
fold2_room1_mix1115,87,4,0,75,-28,1.82
fold2_room1_mix1115,87,4,0,135,-51,1.83
fold2_room1_mix1115,87,4,0,47,-10,10.34
fold2_room1_mix1115,88,4,0,84,-26,2.16
fold2_room1_mix1115,88,4,0,156,-37,1.99
fold2_room1_mix1115,88,4,0,49,-8,12.10
fold2_room1_mix1115,89,4,0,98,-29,2.08
fold2_room1_mix1115,89,4,0,167,-36,1.79
fold2_room1_mix1115,89,4,0,49,-8,12.51
fold2_room1_mix1115,90,4,0,128,-28,1.58
fold2_room1_mix1115,90,4,0,149,-32,1.73
fold2_room1_mix1115,90,4,0,47,-7,15.32
fold2_room1_mix1115,91,4,0,140,-25,1.69
fold2_room1_mix1115,91,4,0,161,-27,1.82
fold2_room1_mix1115,91,4,0,51,-6,15.04
fold2_room1_mix1115,92,4,0,153,-24,1.60
fold2_room1_mix1115,92,4,0,46,-5,18.79
fold2_room1_mix1115,93,4,0,160,-20,1.84
fold2_room1_mix1115,93,4,0,44,-4,20.08
fold2_room1_mix1115,94,4,0,162,-18,1.96
fold2_room1_mix1115,94,4,0,44,-3,21.21
fold2_room1_mix1115,95,4,0,164,-17,2.06
fold2_room1_mix1115,95,4,0,46,-3,22.36
fold2_room1_mix1115,96,4,0,166,-15,2.13
fold2_room1_mix1115,96,4,0,42,-2,23.79
fold2_room1_mix1115,97,4,0,168,-14,2.29
fold2_room1_mix1115,97,4,0,39,-2,24.83
fold2_room1_mix1115,98,4,0,169,-13,2.57
fold2_room1_mix1115,98,4,0,44,-2,21.27
fold2_room1_mix1115,99,4,0,170,-12,2.64
fold2_room1_mix1115,99,4,0,45,-2,21.77
fold2_room1_mix1115,22,4,0,15,-3,10.13
fold2_room1_mix1128,0,2,0,62,0,12.32
fold2_room1_mix1128,1,2,0,67,-1,12.37
fold2_room1_mix1128,2,2,0,74,-2,11.62
fold2_room1_mix1128,3,2,0,74,-2,11.78
fold2_room1_mix1128,4,2,0,76,-2,12.64
fold2_room1_mix1128,5,2,0,81,-1,12.51
fold2_room1_mix1128,10,2,0,75,-2,12.00
fold2_room1_mix1128,11,2,0,77,-2,13.00
fold2_room1_mix1128,12,2,0,74,-2,12.46
fold2_room1_mix1128,13,2,0,76,-2,12.64
fold2_room1_mix1128,14,2,0,77,-2,12.91
fold2_room1_mix1128,15,2,0,81,-2,10.50
fold2_room1_mix1128,20,2,0,79,-2,11.60
fold2_room1_mix1128,21,2,0,76,-2,12.47
fold2_room1_mix1128,22,2,0,79,-2,12.43
fold2_room1_mix1128,23,2,0,79,-2,13.13
fold2_room1_mix1128,24,2,0,80,-2,12.61
fold2_room1_mix1128,25,2,0,84,-2,8.02
fold2_room1_mix1128,30,2,0,82,-2,11.74
fold2_room1_mix1128,31,2,0,85,-2,12.59
fold2_room1_mix1128,32,2,0,84,-2,12.95
fold2_room1_mix1128,33,2,0,85,-2,12.60
fold2_room1_mix1128,34,2,0,85,-2,12.02
fold2_room1_mix1128,35,2,0,86,-1,2.56
fold2_room1_mix1128,40,2,0,87,-2,11.07
fold2_room1_mix1128,41,2,0,88,-2,11.55
fold2_room1_mix1128,42,2,0,87,-2,12.12
fold2_room1_mix1128,43,2,0,89,-2,12.84
fold2_room1_mix1128,44,2,0,89,-2,12.34
fold2_room1_mix1128,50,2,0,89,-2,11.01
fold2_room1_mix1128,51,2,0,89,-2,11.96
fold2_room1_mix1128,52,2,0,90,-2,12.24
fold2_room1_mix1128,53,2,0,92,-2,12.66
fold2_room1_mix1128,54,2,0,90,-2,12.62
fold2_room1_mix1128,60,2,0,90,-2,11.38
fold2_room1_mix1128,61,2,0,91,-2,11.87
fold2_room1_mix1128,62,2,0,91,-2,12.76
fold2_room1_mix1128,63,2,0,92,-2,13.06
fold2_room1_mix1128,64,2,0,91,-2,13.08
fold2_room1_mix1128,70,2,0,91,-2,12.24
fold2_room1_mix1128,71,2,0,91,-2,12.96
fold2_room1_mix1128,72,2,0,94,-2,12.49
fold2_room1_mix1128,72,4,0,159,0,8.41
fold2_room1_mix1128,73,2,0,97,-2,12.87
fold2_room1_mix1128,73,4,0,153,-1,6.70
fold2_room1_mix1128,74,2,0,95,-2,13.07
fold2_room1_mix1128,74,4,0,151,-1,10.03
fold2_room1_mix1128,75,4,0,148,-1,12.43
fold2_room1_mix1128,76,4,0,149,-2,14.30
fold2_room1_mix1128,77,4,0,144,-3,11.01
fold2_room1_mix1128,78,4,0,141,-2,12.12
fold2_room1_mix1128,79,4,0,136,-2,14.16
fold2_room1_mix1128,80,2,0,96,-2,12.14
fold2_room1_mix1128,80,4,0,131,-1,12.44
fold2_room1_mix1128,81,2,0,96,-2,11.88
fold2_room1_mix1128,81,4,0,127,-1,10.94
fold2_room1_mix1128,82,2,0,96,-2,12.13
fold2_room1_mix1128,82,4,0,124,-1,11.21
fold2_room1_mix1128,83,2,0,98,-2,13.05
fold2_room1_mix1128,83,4,0,115,-2,10.76
fold2_room1_mix1128,84,2,0,96,-2,13.47
fold2_room1_mix1128,84,4,0,112,-2,9.92
fold2_room1_mix1128,85,4,0,108,-3,9.31
fold2_room1_mix1128,86,4,0,98,-3,9.28
fold2_room1_mix1128,87,4,0,95,-4,9.00
fold2_room1_mix1128,88,4,0,90,-3,8.74
fold2_room1_mix1128,89,4,0,83,-3,9.11
fold2_room1_mix1128,90,2,0,100,-2,12.66
fold2_room1_mix1128,90,4,0,81,-2,9.62
fold2_room1_mix1128,91,2,0,99,-2,12.47
fold2_room1_mix1128,91,4,0,73,-1,10.01
fold2_room1_mix1128,92,2,0,101,-2,12.59
fold2_room1_mix1128,92,4,0,67,-1,9.93
fold2_room1_mix1128,93,2,0,104,-2,13.54
fold2_room1_mix1128,93,4,0,61,-1,9.96
fold2_room1_mix1128,94,2,0,100,-2,12.85
fold2_room1_mix1128,94,4,0,57,-1,9.34
fold2_room1_mix1128,95,4,0,50,-2,10.22
fold2_room1_mix1128,96,4,0,48,-1,11.64
fold2_room1_mix1128,97,4,0,46,-1,7.45
fold2_room1_mix1135,0,5,0,91,-1,2.04
fold2_room1_mix1135,1,4,0,62,0,3.10
fold2_room1_mix1135,1,4,0,20,0,3.61
fold2_room1_mix1135,2,4,0,48,0,3.06
fold2_room1_mix1135,2,4,0,27,2,3.76
fold2_room1_mix1135,2,5,0,90,2,9.57
fold2_room1_mix1135,3,4,0,37,-1,12.71
fold2_room1_mix1135,3,5,0,94,-1,8.46
fold2_room1_mix1135,4,4,0,40,-2,15.30
fold2_room1_mix1135,4,4,0,37,-2,15.50
fold2_room1_mix1135,4,5,0,89,1,2.01
fold2_room1_mix1135,5,4,0,39,-2,17.26
fold2_room1_mix1135,5,5,0,90,2,17.20
fold2_room1_mix1135,6,4,0,38,-2,24.57
fold2_room1_mix1135,6,5,0,94,2,22.19
fold2_room1_mix1135,7,4,0,37,-3,18.93
fold2_room1_mix1135,7,4,0,34,-2,20.84
fold2_room1_mix1135,7,5,0,92,1,20.02
fold2_room1_mix1135,8,4,0,36,-2,21.75
fold2_room1_mix1135,8,4,0,35,-2,23.25
fold2_room1_mix1135,8,5,0,90,2,15.49
fold2_room1_mix1135,9,4,0,41,-2,20.63
fold2_room1_mix1135,9,4,0,35,-2,22.27
fold2_room1_mix1135,9,5,0,94,2,18.64
fold2_room1_mix1135,10,4,0,39,-2,21.96
fold2_room1_mix1135,10,5,0,88,2,18.87
fold2_room1_mix1135,11,4,0,40,-3,21.08
fold2_room1_mix1135,11,4,0,38,-2,22.52
fold2_room1_mix1135,11,5,0,86,2,17.75
fold2_room1_mix1135,12,4,0,37,-2,21.80
fold2_room1_mix1135,12,4,0,33,-2,23.62
fold2_room1_mix1135,12,5,0,87,2,17.19
fold2_room1_mix1135,13,4,0,39,-3,20.57
fold2_room1_mix1135,13,4,0,35,-2,21.61
fold2_room1_mix1135,13,5,0,87,2,18.07
fold2_room1_mix1135,14,4,0,40,-3,21.07
fold2_room1_mix1135,14,4,0,36,-2,22.84
fold2_room1_mix1135,14,5,0,84,2,18.13
fold2_room1_mix1135,15,4,0,42,-3,19.48
fold2_room1_mix1135,15,4,0,39,-2,20.78
fold2_room1_mix1135,15,5,0,85,2,19.17
fold2_room1_mix1135,16,4,0,41,-2,19.53
fold2_room1_mix1135,16,4,0,39,-2,20.45
fold2_room1_mix1135,16,5,0,86,2,18.37
fold2_room1_mix1135,17,4,0,42,-3,19.81
fold2_room1_mix1135,17,4,0,40,-2,20.92
fold2_room1_mix1135,17,5,0,85,2,16.98
fold2_room1_mix1135,18,4,0,46,-3,17.86
fold2_room1_mix1135,18,4,0,44,-2,19.13
fold2_room1_mix1135,18,5,0,84,2,16.51
fold2_room1_mix1135,19,4,0,44,-3,17.61
fold2_room1_mix1135,19,4,0,42,-2,18.72
fold2_room1_mix1135,19,5,0,85,2,18.92
fold2_room1_mix1135,20,4,0,48,-2,16.82
fold2_room1_mix1135,20,4,0,46,-2,17.90
fold2_room1_mix1135,20,5,0,83,2,16.81
fold2_room1_mix1135,21,4,0,51,-2,16.75
fold2_room1_mix1135,21,4,0,47,-2,17.93
fold2_room1_mix1135,21,5,0,82,2,16.96
fold2_room1_mix1135,22,4,0,50,-2,16.61
fold2_room1_mix1135,22,4,0,47,-2,17.53
fold2_room1_mix1135,22,5,0,84,2,17.78
fold2_room1_mix1135,23,4,0,55,-2,16.16
fold2_room1_mix1135,23,4,0,49,-2,17.12
fold2_room1_mix1135,23,5,0,83,2,18.16
fold2_room1_mix1135,24,4,0,57,-2,15.35
fold2_room1_mix1135,24,4,0,52,-2,15.71
fold2_room1_mix1135,24,5,0,83,2,17.47
fold2_room1_mix1135,25,4,0,53,-2,15.82
fold2_room1_mix1135,25,4,0,48,-2,16.77
fold2_room1_mix1135,25,5,0,82,2,18.18
fold2_room1_mix1135,26,4,0,56,-2,15.94
fold2_room1_mix1135,26,4,0,51,-2,16.15
fold2_room1_mix1135,26,5,0,84,2,18.48
fold2_room1_mix1135,27,4,0,58,-2,15.07
fold2_room1_mix1135,27,4,0,50,-2,15.79
fold2_room1_mix1135,27,5,0,82,2,17.72
fold2_room1_mix1135,28,4,0,56,-2,15.67
fold2_room1_mix1135,28,4,0,49,-1,16.64
fold2_room1_mix1135,28,5,0,81,2,18.25
fold2_room1_mix1135,29,4,0,61,-2,14.67
fold2_room1_mix1135,29,4,0,55,-2,14.69
fold2_room1_mix1135,29,5,0,82,3,18.23
fold2_room1_mix1135,30,4,0,63,-2,15.50
fold2_room1_mix1135,30,4,0,179,-1,22.55
fold2_room1_mix1135,30,4,0,42,-2,16.64
fold2_room1_mix1135,30,5,0,81,3,17.22
fold2_room1_mix1135,31,4,0,61,-2,15.47
fold2_room1_mix1135,31,4,0,173,-1,23.20
fold2_room1_mix1135,31,4,0,42,-1,16.82
fold2_room1_mix1135,31,5,0,80,3,18.01
fold2_room1_mix1135,32,4,0,66,-2,15.68
fold2_room1_mix1135,32,4,0,179,-1,22.20
fold2_room1_mix1135,32,4,0,47,-1,17.20
fold2_room1_mix1135,32,5,0,78,2,17.69
fold2_room1_mix1135,33,4,0,66,-2,15.29
fold2_room1_mix1135,33,4,0,179,-1,21.14
fold2_room1_mix1135,33,4,0,49,-1,16.89
fold2_room1_mix1135,33,5,0,79,3,17.54
fold2_room1_mix1135,34,4,0,65,-2,14.31
fold2_room1_mix1135,34,4,0,-178,-1,19.83
fold2_room1_mix1135,34,4,0,49,-1,15.15
fold2_room1_mix1135,34,5,0,81,3,16.62
fold2_room1_mix1135,35,4,0,66,-2,14.70
fold2_room1_mix1135,35,4,0,59,-2,14.54
fold2_room1_mix1135,35,5,0,82,3,17.10
fold2_room1_mix1135,36,4,0,66,-2,13.79
fold2_room1_mix1135,36,4,0,63,-2,13.63
fold2_room1_mix1135,36,5,0,82,3,15.85
fold2_room1_mix1135,37,4,0,66,-2,14.28
fold2_room1_mix1135,37,4,0,63,-2,14.26
fold2_room1_mix1135,37,5,0,80,3,16.30
fold2_room1_mix1135,38,4,0,64,-2,14.12
fold2_room1_mix1135,38,4,0,61,-2,13.94
fold2_room1_mix1135,38,5,0,81,3,17.36
fold2_room1_mix1135,39,4,0,64,-2,14.16
fold2_room1_mix1135,39,4,0,61,-2,13.96
fold2_room1_mix1135,39,5,0,80,3,17.51
fold2_room1_mix1135,40,4,0,68,-2,13.49
fold2_room1_mix1135,40,4,0,66,-2,13.15
fold2_room1_mix1135,40,5,0,78,3,15.54
fold2_room1_mix1135,41,4,0,76,-2,14.41
fold2_room1_mix1135,41,4,0,69,-2,14.29
fold2_room1_mix1135,41,5,0,80,3,15.84
fold2_room1_mix1135,42,4,0,69,-2,14.46
fold2_room1_mix1135,42,4,0,64,-2,13.99
fold2_room1_mix1135,42,5,0,82,3,16.74
fold2_room1_mix1135,43,4,0,74,-2,13.91
fold2_room1_mix1135,43,4,0,68,-2,13.48
fold2_room1_mix1135,43,5,0,80,3,16.73
fold2_room1_mix1135,44,4,0,85,-3,14.15
fold2_room1_mix1135,44,4,0,-169,-3,11.77
fold2_room1_mix1135,44,4,0,63,-2,13.19
fold2_room1_mix1135,44,5,0,80,4,15.45
fold2_room1_mix1135,45,4,0,62,-2,14.15
fold2_room1_mix1135,45,4,0,62,-2,13.66
fold2_room1_mix1135,45,5,0,81,4,14.86
fold2_room1_mix1135,46,4,0,73,-3,12.74
fold2_room1_mix1135,46,4,0,70,-2,12.91
fold2_room1_mix1135,46,5,0,82,3,15.97
fold2_room1_mix1135,47,4,0,75,-3,13.64
fold2_room1_mix1135,47,4,0,72,-2,13.63
fold2_room1_mix1135,47,5,0,81,4,15.58
fold2_room1_mix1135,48,4,0,73,-3,13.67
fold2_room1_mix1135,48,4,0,69,-2,13.52
fold2_room1_mix1135,48,5,0,80,4,15.66
fold2_room1_mix1135,49,4,0,127,-5,12.57
fold2_room1_mix1135,49,4,0,-169,-4,9.58
fold2_room1_mix1135,49,4,0,75,-3,13.54
fold2_room1_mix1135,49,5,0,82,4,15.11
fold2_room1_mix1135,50,4,0,109,-5,12.69
fold2_room1_mix1135,50,4,0,-168,-4,9.27
fold2_room1_mix1135,50,4,0,63,-2,14.31
fold2_room1_mix1135,50,5,0,82,4,14.81
fold2_room1_mix1135,51,4,0,105,-5,12.75
fold2_room1_mix1135,51,4,0,-169,-4,8.60
fold2_room1_mix1135,51,4,0,73,-2,14.27
fold2_room1_mix1135,51,5,0,83,4,14.92
fold2_room1_mix1135,52,4,0,150,-4,11.06
fold2_room1_mix1135,52,4,0,-169,-5,7.89
fold2_room1_mix1135,52,4,0,82,-3,13.29
fold2_room1_mix1135,52,5,0,79,4,15.43
fold2_room1_mix1135,53,4,0,135,-5,11.32
fold2_room1_mix1135,53,4,0,-165,-4,7.44
fold2_room1_mix1135,53,4,0,73,-2,13.83
fold2_room1_mix1135,53,5,0,79,4,14.01
fold2_room1_mix1135,54,4,0,166,-4,9.81
fold2_room1_mix1135,54,4,0,-166,-5,6.63
fold2_room1_mix1135,54,4,0,71,-2,13.53
fold2_room1_mix1135,54,5,0,80,4,14.68
fold2_room1_mix1135,55,4,0,162,-5,9.48
fold2_room1_mix1135,55,4,0,-163,-6,5.66
fold2_room1_mix1135,55,4,0,75,-2,13.22
fold2_room1_mix1135,55,5,0,77,4,15.26
fold2_room1_mix1135,56,4,0,151,-5,9.41
fold2_room1_mix1135,56,4,0,-158,-7,4.34
fold2_room1_mix1135,56,4,0,80,-2,13.05
fold2_room1_mix1135,56,5,0,75,4,14.56
fold2_room1_mix1135,57,4,0,163,-9,6.78
fold2_room1_mix1135,57,4,0,-158,-8,4.26
fold2_room1_mix1135,57,4,0,79,-3,13.49
fold2_room1_mix1135,57,5,0,75,4,14.56
fold2_room1_mix1135,58,4,0,141,-8,6.92
fold2_room1_mix1135,58,4,0,-147,-9,3.12
fold2_room1_mix1135,58,4,0,76,-3,12.12
fold2_room1_mix1135,58,5,0,75,4,14.04
fold2_room1_mix1135,59,4,0,-135,-14,2.15
fold2_room1_mix1135,59,4,0,170,-10,5.51
fold2_room1_mix1135,59,4,0,85,-3,14.84
fold2_room1_mix1135,59,5,0,74,4,14.02
fold2_room1_mix1135,60,4,0,-120,-16,1.31
fold2_room1_mix1135,60,4,0,153,-10,6.26
fold2_room1_mix1135,60,4,0,81,-3,15.50
fold2_room1_mix1135,60,5,0,73,4,13.83
fold2_room1_mix1135,61,4,0,-110,-18,1.57
fold2_room1_mix1135,61,4,0,124,-5,9.45
fold2_room1_mix1135,61,4,0,94,-9,10.22
fold2_room1_mix1135,61,5,0,76,5,15.77
fold2_room1_mix1135,62,4,0,-103,-17,2.02
fold2_room1_mix1135,62,4,0,127,-3,13.03
fold2_room1_mix1135,62,5,0,80,4,14.09
fold2_room1_mix1135,63,4,0,-87,-18,2.22
fold2_room1_mix1135,63,4,0,123,-4,14.00
fold2_room1_mix1135,63,5,0,86,4,14.34
fold2_room1_mix1135,64,4,0,134,-4,10.19
fold2_room1_mix1135,64,4,0,-44,-17,2.88
fold2_room1_mix1135,64,5,0,78,4,14.37
fold2_room1_mix1135,65,4,0,117,-7,8.13
fold2_room1_mix1135,65,4,0,140,-5,8.76
fold2_room1_mix1135,65,4,0,-33,-14,2.44
fold2_room1_mix1135,65,5,0,76,4,15.46
fold2_room1_mix1135,66,4,0,119,-4,9.54
fold2_room1_mix1135,66,4,0,149,-5,8.28
fold2_room1_mix1135,66,4,0,-30,-10,2.63
fold2_room1_mix1135,66,5,0,76,3,14.90
fold2_room1_mix1135,67,4,0,107,-3,10.79
fold2_room1_mix1135,67,4,0,152,-6,6.71
fold2_room1_mix1135,67,4,0,-28,-9,2.90
fold2_room1_mix1135,67,5,0,73,3,15.23
fold2_room1_mix1135,68,4,0,116,-3,11.55
fold2_room1_mix1135,68,4,0,153,-6,6.79
fold2_room1_mix1135,68,4,0,-26,-9,3.05
fold2_room1_mix1135,68,5,0,78,3,14.89
fold2_room1_mix1135,69,4,0,113,-3,12.56
fold2_room1_mix1135,69,4,0,162,-7,5.85
fold2_room1_mix1135,69,4,0,-27,-8,3.38
fold2_room1_mix1135,69,5,0,68,2,15.69
fold2_room1_mix1135,70,4,0,122,-3,12.63
fold2_room1_mix1135,70,4,0,173,-8,5.62
fold2_room1_mix1135,70,4,0,-31,-8,3.79
fold2_room1_mix1135,70,5,0,67,3,15.73
fold2_room1_mix1135,71,4,0,129,-13,5.68
fold2_room1_mix1135,71,4,0,149,-7,7.05
fold2_room1_mix1135,71,4,0,-59,-15,2.36
fold2_room1_mix1135,71,5,0,72,3,16.57
fold2_room1_mix1135,72,4,0,170,-19,4.63
fold2_room1_mix1135,72,4,0,146,-3,11.56
fold2_room1_mix1135,72,4,0,-33,-12,2.47
fold2_room1_mix1135,72,5,0,70,3,14.69
fold2_room1_mix1135,73,4,0,-23,-17,3.24
fold2_room1_mix1135,73,4,0,-22,-13,3.45
fold2_room1_mix1135,73,5,0,68,3,15.40
fold2_room1_mix1135,74,4,0,121,-1,14.63
fold2_room1_mix1135,74,4,0,-18,-8,3.23
fold2_room1_mix1135,74,5,0,66,3,15.58
fold2_room1_mix1135,75,4,0,130,-2,14.58
fold2_room1_mix1135,75,4,0,-4,-7,4.79
fold2_room1_mix1135,75,5,0,75,3,15.36
fold2_room1_mix1135,76,4,0,132,-5,10.33
fold2_room1_mix1135,76,4,0,-8,-6,5.08
fold2_room1_mix1135,76,5,0,76,3,14.98
fold2_room1_mix1135,77,4,0,121,-3,12.10
fold2_room1_mix1135,77,4,0,-8,-5,5.23
fold2_room1_mix1135,77,5,0,67,3,15.00
fold2_room1_mix1135,78,4,0,91,-7,9.30
fold2_room1_mix1135,78,4,0,119,-3,14.19
fold2_room1_mix1135,78,4,0,-2,-4,6.88
fold2_room1_mix1135,78,5,0,73,3,15.85
fold2_room1_mix1135,79,4,0,117,-4,12.32
fold2_room1_mix1135,79,4,0,-4,-3,7.18
fold2_room1_mix1135,79,5,0,67,3,15.06
fold2_room1_mix1135,80,4,0,106,-4,12.12
fold2_room1_mix1135,80,4,0,122,-3,14.40
fold2_room1_mix1135,80,4,0,-3,-3,8.30
fold2_room1_mix1135,80,5,0,73,3,16.67
fold2_room1_mix1135,81,4,0,77,-6,10.84
fold2_room1_mix1135,81,4,0,124,-2,15.95
fold2_room1_mix1135,81,4,0,-2,-2,8.53
fold2_room1_mix1135,81,5,0,69,3,15.63
fold2_room1_mix1135,82,4,0,121,-2,15.05
fold2_room1_mix1135,82,4,0,0,-2,10.04
fold2_room1_mix1135,82,5,0,72,3,15.93
fold2_room1_mix1135,83,4,0,86,-4,14.25
fold2_room1_mix1135,83,4,0,126,-2,16.44
fold2_room1_mix1135,83,4,0,0,-2,11.04
fold2_room1_mix1135,83,5,0,72,3,17.65
fold2_room1_mix1135,84,4,0,110,-2,14.96
fold2_room1_mix1135,84,4,0,132,-1,18.15
fold2_room1_mix1135,84,4,0,0,-2,11.96
fold2_room1_mix1135,84,5,0,72,3,15.90
fold2_room1_mix1135,85,4,0,77,-3,15.66
fold2_room1_mix1135,85,4,0,125,-1,18.09
fold2_room1_mix1135,85,4,0,0,-1,12.85
fold2_room1_mix1135,85,5,0,67,3,15.31
fold2_room1_mix1135,86,4,0,67,-3,16.19
fold2_room1_mix1135,86,4,0,125,-1,17.08
fold2_room1_mix1135,86,4,0,-2,-1,13.60
fold2_room1_mix1135,86,5,0,69,3,16.27
fold2_room1_mix1135,87,4,0,125,-1,18.55
fold2_room1_mix1135,87,4,0,0,-1,14.82
fold2_room1_mix1135,87,5,0,66,3,17.64
fold2_room1_mix1135,88,4,0,104,-2,17.99
fold2_room1_mix1135,88,4,0,128,-1,19.60
fold2_room1_mix1135,88,4,0,-1,-1,15.42
fold2_room1_mix1135,88,5,0,71,3,16.69
fold2_room1_mix1135,89,4,0,115,-2,19.08
fold2_room1_mix1135,89,4,0,131,-1,19.29
fold2_room1_mix1135,89,4,0,-3,-1,15.82
fold2_room1_mix1135,89,5,0,69,3,16.91
fold2_room1_mix1135,90,4,0,128,-1,20.35
fold2_room1_mix1135,90,4,0,-3,-1,16.74
fold2_room1_mix1135,90,5,0,70,2,17.13
fold2_room1_mix1135,91,4,0,125,-1,19.89
fold2_room1_mix1135,91,4,0,-2,-1,16.74
fold2_room1_mix1135,91,5,0,65,3,17.26
fold2_room1_mix1135,92,4,0,132,-1,19.96
fold2_room1_mix1135,92,4,0,-3,-1,16.36
fold2_room1_mix1135,92,5,0,66,2,17.02
fold2_room1_mix1135,93,4,0,136,-1,20.53
fold2_room1_mix1135,93,4,0,-4,-1,17.41
fold2_room1_mix1135,93,5,0,65,3,17.06
fold2_room1_mix1135,94,4,0,133,-1,20.47
fold2_room1_mix1135,94,4,0,-3,-1,17.68
fold2_room1_mix1135,94,5,0,63,3,16.31
fold2_room1_mix1135,95,4,0,134,-1,20.21
fold2_room1_mix1135,95,4,0,-2,-1,18.94
fold2_room1_mix1135,95,5,0,68,3,16.62
fold2_room1_mix1135,96,4,0,135,-1,20.54
fold2_room1_mix1135,96,4,0,-3,-1,18.60
fold2_room1_mix1135,96,5,0,62,2,17.45
fold2_room1_mix1135,97,4,0,135,-1,20.19
fold2_room1_mix1135,97,4,0,-2,-1,20.29
fold2_room1_mix1135,97,5,0,63,3,17.47
fold2_room1_mix1135,98,4,0,135,-1,19.62
fold2_room1_mix1135,98,4,0,-3,0,22.96
fold2_room1_mix1135,98,5,0,65,3,16.01
fold2_room1_mix1135,99,4,0,135,-1,20.17
fold2_room1_mix1135,99,4,0,-5,-1,23.58
fold2_room1_mix1135,99,5,0,66,2,17.64
fold2_room1_mix1136,1,4,0,4,1,2.78
fold2_room1_mix1136,2,4,0,4,1,3.71
fold2_room1_mix1136,3,4,0,1,2,6.03
fold2_room1_mix1136,4,4,0,-1,0,21.43
fold2_room1_mix1136,5,4,0,0,0,21.88
fold2_room1_mix1136,6,4,0,-1,0,24.73
fold2_room1_mix1136,7,4,0,0,0,40.17
fold2_room1_mix1136,8,4,0,1,0,39.17
fold2_room1_mix1136,9,4,0,0,0,38.79
fold2_room1_mix1136,10,4,0,0,0,39.79
fold2_room1_mix1136,11,2,0,-28,0,4.16
fold2_room1_mix1136,11,4,0,0,0,38.07
fold2_room1_mix1136,12,2,0,-29,-1,15.79
fold2_room1_mix1136,12,4,0,0,0,36.49
fold2_room1_mix1136,13,2,0,-27,0,17.34
fold2_room1_mix1136,13,4,0,0,0,36.11
fold2_room1_mix1136,14,2,0,-25,-1,17.44
fold2_room1_mix1136,14,4,0,0,0,31.34
fold2_room1_mix1136,15,2,0,-28,-1,17.49
fold2_room1_mix1136,15,4,0,0,0,33.50
fold2_room1_mix1136,16,4,0,1,0,28.47
fold2_room1_mix1136,17,4,0,0,-1,28.48
fold2_room1_mix1136,18,4,0,0,0,27.52
fold2_room1_mix1136,19,4,0,0,0,27.51
fold2_room1_mix1136,20,2,0,-38,-1,14.19
fold2_room1_mix1136,20,4,0,-2,0,30.38
fold2_room1_mix1136,21,2,0,-42,-1,14.10
fold2_room1_mix1136,21,4,0,-2,-1,28.15
fold2_room1_mix1136,22,2,0,-42,-1,14.34
fold2_room1_mix1136,22,4,0,-1,-1,27.67
fold2_room1_mix1136,23,2,0,-41,-1,13.98
fold2_room1_mix1136,23,4,0,-1,-1,26.10
fold2_room1_mix1136,24,2,0,-42,-1,13.76
fold2_room1_mix1136,24,4,0,0,-1,24.63
fold2_room1_mix1136,25,2,0,-40,-1,13.98
fold2_room1_mix1136,25,4,0,0,-1,24.41
fold2_room1_mix1136,26,4,0,1,-1,23.00
fold2_room1_mix1136,27,4,0,0,-1,23.23
fold2_room1_mix1136,28,4,0,0,-1,22.13
fold2_room1_mix1136,29,4,0,1,-1,21.77
fold2_room1_mix1136,30,1,0,-119,-1,9.69
fold2_room1_mix1136,30,2,0,-41,-2,3.56
fold2_room1_mix1136,30,4,0,3,-1,20.87
fold2_room1_mix1136,31,1,0,-114,-2,14.75
fold2_room1_mix1136,31,2,0,-43,-2,11.84
fold2_room1_mix1136,31,4,0,1,-2,18.53
fold2_room1_mix1136,32,1,0,-111,-2,14.72
fold2_room1_mix1136,32,2,0,-47,-1,12.15
fold2_room1_mix1136,32,4,0,-1,-2,18.13
fold2_room1_mix1136,33,1,0,-106,-3,15.81
fold2_room1_mix1136,33,2,0,-42,-1,13.32
fold2_room1_mix1136,33,4,0,0,-2,18.55
fold2_room1_mix1136,34,1,0,-95,-3,14.43
fold2_room1_mix1136,34,2,0,-43,-2,11.73
fold2_room1_mix1136,34,4,0,0,-2,20.67
fold2_room1_mix1136,35,1,0,-100,-2,2.70
fold2_room1_mix1136,35,2,0,-48,-2,9.24
fold2_room1_mix1136,35,4,0,2,-1,21.22
fold2_room1_mix1136,36,1,0,-84,-3,17.07
fold2_room1_mix1136,36,4,0,4,-2,19.64
fold2_room1_mix1136,37,1,0,-80,-3,16.30
fold2_room1_mix1136,37,4,0,0,-2,17.27
fold2_room1_mix1136,38,1,0,-76,-3,16.65
fold2_room1_mix1136,38,4,0,2,-2,19.80
fold2_room1_mix1136,39,1,0,-70,-3,17.73
fold2_room1_mix1136,39,4,0,1,-1,20.79
fold2_room1_mix1136,40,1,0,-66,-3,18.03
fold2_room1_mix1136,40,2,0,-31,-2,5.49
fold2_room1_mix1136,40,4,0,-4,-2,19.38
fold2_room1_mix1136,41,1,0,-60,-2,21.35
fold2_room1_mix1136,41,2,0,-21,-3,6.96
fold2_room1_mix1136,41,4,0,0,-2,20.51
fold2_room1_mix1136,42,1,0,-56,-2,23.23
fold2_room1_mix1136,42,2,0,-44,-3,8.26
fold2_room1_mix1136,42,4,0,0,-3,20.03
fold2_room1_mix1136,43,1,0,-53,-2,19.26
fold2_room1_mix1136,43,2,0,-36,-2,6.32
fold2_room1_mix1136,43,4,0,2,-2,18.92
fold2_room1_mix1136,44,2,0,-38,-3,8.59
fold2_room1_mix1136,44,4,0,-1,0,18.41
fold2_room1_mix1136,44,4,0,-5,-1,20.15
fold2_room1_mix1136,45,1,0,-57,-2,18.80
fold2_room1_mix1136,45,2,0,-36,-2,6.90
fold2_room1_mix1136,45,4,0,-1,-2,15.12
fold2_room1_mix1136,45,4,0,-7,-1,18.29
fold2_room1_mix1136,46,1,0,-62,-2,6.17
fold2_room1_mix1136,46,4,0,-3,-3,13.06
fold2_room1_mix1136,46,4,0,-7,-2,16.13
fold2_room1_mix1136,47,2,0,-49,-2,3.49
fold2_room1_mix1136,47,4,0,-9,0,14.64
fold2_room1_mix1136,47,4,0,-9,-1,15.99
fold2_room1_mix1136,48,4,0,-13,0,14.70
fold2_room1_mix1136,48,4,0,-11,-1,15.18
fold2_room1_mix1136,49,4,0,-8,-1,11.26
fold2_room1_mix1136,49,4,0,-10,-1,11.99
fold2_room1_mix1136,50,2,0,-54,-3,10.90
fold2_room1_mix1136,50,4,0,-13,-1,11.85
fold2_room1_mix1136,50,4,0,-12,-1,11.83
fold2_room1_mix1136,51,2,0,-62,-2,10.59
fold2_room1_mix1136,51,4,0,-17,-2,11.63
fold2_room1_mix1136,51,4,0,-13,-2,11.88
fold2_room1_mix1136,52,2,0,-60,-2,12.10
fold2_room1_mix1136,52,4,0,-19,-1,11.94
fold2_room1_mix1136,52,4,0,-15,-2,12.09
fold2_room1_mix1136,53,2,0,-63,-2,10.64
fold2_room1_mix1136,53,4,0,-16,-2,9.56
fold2_room1_mix1136,53,4,0,-11,-3,9.61
fold2_room1_mix1136,54,2,0,-74,-2,10.30
fold2_room1_mix1136,54,4,0,-21,-3,8.86
fold2_room1_mix1136,54,4,0,-13,-3,9.15
fold2_room1_mix1136,55,2,0,-82,-3,9.26
fold2_room1_mix1136,55,4,0,-19,-5,5.34
fold2_room1_mix1136,55,4,0,-12,-4,6.25
fold2_room1_mix1136,56,4,0,-25,-5,5.04
fold2_room1_mix1136,56,4,0,134,-6,2.84
fold2_room1_mix1136,56,4,0,-6,-3,7.24
fold2_room1_mix1136,57,4,0,-29,-6,4.11
fold2_room1_mix1136,57,4,0,144,-6,2.73
fold2_room1_mix1136,57,4,0,-5,-3,7.34
fold2_room1_mix1136,58,4,0,-29,-7,3.45
fold2_room1_mix1136,58,4,0,148,-5,3.27
fold2_room1_mix1136,58,4,0,-7,-4,6.33
fold2_room1_mix1136,59,4,0,-31,-8,2.88
fold2_room1_mix1136,59,4,0,153,-5,3.91
fold2_room1_mix1136,59,4,0,-16,-5,5.10
fold2_room1_mix1136,60,4,0,-40,-10,2.39
fold2_room1_mix1136,60,4,0,153,-5,4.30
fold2_room1_mix1136,60,4,0,-16,-6,4.94
fold2_room1_mix1136,61,2,0,-94,-2,7.13
fold2_room1_mix1136,61,4,0,-45,-12,1.85
fold2_room1_mix1136,61,4,0,154,-5,4.80
fold2_room1_mix1136,61,4,0,-24,-9,3.79
fold2_room1_mix1136,62,2,0,-97,-2,8.77
fold2_room1_mix1136,62,4,0,-54,-14,1.69
fold2_room1_mix1136,62,4,0,158,-6,4.87
fold2_room1_mix1136,62,4,0,-27,-10,3.74
fold2_room1_mix1136,63,2,0,-119,-2,8.31
fold2_room1_mix1136,63,4,0,-83,-20,1.38
fold2_room1_mix1136,63,4,0,156,-6,6.39
fold2_room1_mix1136,63,4,0,-57,-23,2.49
fold2_room1_mix1136,64,2,0,-124,-2,9.65
fold2_room1_mix1136,64,4,0,-107,-18,1.64
fold2_room1_mix1136,64,4,0,160,-7,6.68
fold2_room1_mix1136,64,4,0,-71,-22,3.01
fold2_room1_mix1136,65,2,0,-118,-2,7.33
fold2_room1_mix1136,65,4,0,-125,-15,1.26
fold2_room1_mix1136,65,4,0,162,-6,6.00
fold2_room1_mix1136,65,4,0,-5,-8,6.44
fold2_room1_mix1136,66,4,0,-140,-11,1.78
fold2_room1_mix1136,66,4,0,162,-5,6.33
fold2_room1_mix1136,66,4,0,6,-6,7.54
fold2_room1_mix1136,67,4,0,-147,-10,2.63
fold2_room1_mix1136,67,4,0,164,-5,7.53
fold2_room1_mix1136,67,4,0,6,-5,7.99
fold2_room1_mix1136,68,4,0,-160,-7,3.87
fold2_room1_mix1136,68,4,0,170,-4,7.42
fold2_room1_mix1136,68,4,0,11,-4,8.06
fold2_room1_mix1136,69,4,0,-160,-5,4.90
fold2_room1_mix1136,69,4,0,174,-3,8.73
fold2_room1_mix1136,69,4,0,17,-4,7.83
fold2_room1_mix1136,70,4,0,-162,-5,5.33
fold2_room1_mix1136,70,4,0,175,-4,8.44
fold2_room1_mix1136,70,4,0,16,-4,7.96
fold2_room1_mix1136,71,2,0,-125,-2,11.47
fold2_room1_mix1136,71,4,0,-165,-4,6.23
fold2_room1_mix1136,71,4,0,176,-3,9.98
fold2_room1_mix1136,71,4,0,18,-3,7.86
fold2_room1_mix1136,72,2,0,-90,-2,9.64
fold2_room1_mix1136,72,4,0,-175,-3,8.80
fold2_room1_mix1136,72,4,0,19,-3,7.70
fold2_room1_mix1136,73,2,0,-88,-2,11.26
fold2_room1_mix1136,73,4,0,-175,-3,10.07
fold2_room1_mix1136,73,4,0,20,-4,6.85
fold2_room1_mix1136,74,2,0,-110,-2,11.74
fold2_room1_mix1136,74,4,0,-174,-3,10.60
fold2_room1_mix1136,74,4,0,22,-4,6.65
fold2_room1_mix1136,75,2,0,-121,-2,9.09
fold2_room1_mix1136,75,4,0,-175,-3,10.27
fold2_room1_mix1136,75,4,0,24,-5,5.76
fold2_room1_mix1136,76,4,0,-174,-2,11.30
fold2_room1_mix1136,76,4,0,25,-5,5.33
fold2_room1_mix1136,77,4,0,-173,-2,11.21
fold2_room1_mix1136,77,4,0,26,-6,4.81
fold2_room1_mix1136,78,4,0,-175,-2,12.82
fold2_room1_mix1136,78,4,0,26,-6,4.63
fold2_room1_mix1136,79,4,0,-174,-2,14.85
fold2_room1_mix1136,79,4,0,29,-7,4.09
fold2_room1_mix1136,80,4,0,-176,-2,14.13
fold2_room1_mix1136,80,4,0,29,-7,4.07
fold2_room1_mix1136,81,2,0,-130,-2,11.04
fold2_room1_mix1136,81,4,0,-176,-2,15.35
fold2_room1_mix1136,81,4,0,32,-7,4.31
fold2_room1_mix1136,82,4,0,-167,-1,14.78
fold2_room1_mix1136,82,4,0,174,-2,18.46
fold2_room1_mix1136,82,4,0,36,-8,3.66
fold2_room1_mix1136,83,2,0,-139,-2,8.02
fold2_room1_mix1136,83,4,0,-167,-1,15.53
fold2_room1_mix1136,83,4,0,171,-3,17.95
fold2_room1_mix1136,83,4,0,38,-9,3.48
fold2_room1_mix1136,84,2,0,-128,-2,10.60
fold2_room1_mix1136,84,4,0,-167,-1,17.76
fold2_room1_mix1136,84,4,0,170,-3,18.88
fold2_room1_mix1136,84,4,0,43,-10,2.92
fold2_room1_mix1136,85,2,0,-156,-2,9.08
fold2_room1_mix1136,85,4,0,-165,-1,18.89
fold2_room1_mix1136,85,4,0,173,-3,20.38
fold2_room1_mix1136,85,4,0,53,-11,2.94
fold2_room1_mix1136,86,4,0,-175,-1,21.81
fold2_room1_mix1136,86,4,0,76,-14,2.49
fold2_room1_mix1136,87,4,0,-176,-1,21.28
fold2_room1_mix1136,87,4,0,100,-14,2.39
fold2_room1_mix1136,88,4,0,179,-2,21.30
fold2_room1_mix1136,88,4,0,108,-13,2.21
fold2_room1_mix1136,89,4,0,178,-1,21.74
fold2_room1_mix1136,89,4,0,119,-12,2.97
fold2_room1_mix1136,90,4,0,172,-2,19.39
fold2_room1_mix1136,90,4,0,125,-11,2.57
fold2_room1_mix1136,91,4,0,173,-2,20.32
fold2_room1_mix1136,91,4,0,134,-9,3.36
fold2_room1_mix1136,92,4,0,173,-1,21.58
fold2_room1_mix1136,92,4,0,134,-10,3.16
fold2_room1_mix1136,93,4,0,164,-3,12.89
fold2_room1_mix1136,93,4,0,-178,0,30.03
fold2_room1_mix1136,93,4,0,138,-8,3.99
fold2_room1_mix1136,94,4,0,162,-4,11.31
fold2_room1_mix1136,94,4,0,-179,0,28.78
fold2_room1_mix1136,94,4,0,144,-7,5.27
fold2_room1_mix1136,95,4,0,165,-3,12.46
fold2_room1_mix1136,95,4,0,-179,0,30.98
fold2_room1_mix1136,95,4,0,147,-6,5.64
fold2_room1_mix1136,96,4,0,162,-3,11.95
fold2_room1_mix1136,96,4,0,157,-5,9.42
fold2_room1_mix1136,97,4,0,163,-3,13.50
fold2_room1_mix1136,97,4,0,158,-5,10.21
fold2_room1_mix1136,98,4,0,164,-3,14.06
fold2_room1_mix1136,98,4,0,158,-4,10.37
fold2_room1_mix1136,99,4,0,163,-3,13.40
fold2_room1_mix1136,99,4,0,159,-4,10.31
fold2_room1_mix1139,7,4,0,178,0,16.66
fold2_room1_mix1139,7,4,0,5,0,17.86
fold2_room1_mix1139,9,4,0,-178,0,31.34
fold2_room1_mix1139,9,4,0,1,0,38.02
fold2_room1_mix1139,10,4,0,0,0,36.92
fold2_room1_mix1139,10,4,0,0,0,36.37
fold2_room1_mix1139,11,4,0,-176,0,28.28
fold2_room1_mix1139,11,4,0,1,0,36.63
fold2_room1_mix1139,13,4,0,-178,0,30.41
fold2_room1_mix1139,13,4,0,0,0,38.44
fold2_room1_mix1139,14,4,0,-178,0,29.14
fold2_room1_mix1139,14,4,0,1,0,39.60
fold2_room1_mix1139,15,1,0,117,-1,6.11
fold2_room1_mix1139,15,4,0,-178,-1,28.02
fold2_room1_mix1139,15,4,0,0,-2,34.16
fold2_room1_mix1139,16,1,0,119,-2,10.98
fold2_room1_mix1139,16,4,0,-179,-2,28.85
fold2_room1_mix1139,16,4,0,1,-3,31.55
fold2_room1_mix1139,17,1,0,117,-2,9.13
fold2_room1_mix1139,17,4,0,-175,-2,31.24
fold2_room1_mix1139,17,4,0,0,-3,32.81
fold2_room1_mix1139,18,1,0,116,-2,9.71
fold2_room1_mix1139,18,4,0,-1,-1,41.72
fold2_room1_mix1139,18,4,0,-3,-2,39.25
fold2_room1_mix1139,19,1,0,113,-2,9.77
fold2_room1_mix1139,19,4,0,1,-1,39.29
fold2_room1_mix1139,19,4,0,-1,-2,39.56
fold2_room1_mix1139,20,1,0,111,-2,6.01
fold2_room1_mix1139,20,4,0,172,-1,35.21
fold2_room1_mix1139,20,4,0,0,-2,45.39
fold2_room1_mix1139,21,4,0,179,-1,33.40
fold2_room1_mix1139,21,4,0,-4,-1,43.19
fold2_room1_mix1139,22,4,0,179,0,28.04
fold2_room1_mix1139,22,4,0,-2,0,40.30
fold2_room1_mix1139,23,1,0,105,-2,7.87
fold2_room1_mix1139,23,4,0,178,-1,28.90
fold2_room1_mix1139,23,4,0,-2,-2,33.64
fold2_room1_mix1139,24,1,0,97,-2,7.89
fold2_room1_mix1139,24,4,0,-175,-2,30.39
fold2_room1_mix1139,24,4,0,-5,-2,33.70
fold2_room1_mix1139,25,1,0,99,-2,7.84
fold2_room1_mix1139,25,4,0,4,0,41.59
fold2_room1_mix1139,25,4,0,0,-1,39.42
fold2_room1_mix1139,26,1,0,99,-2,2.21
fold2_room1_mix1139,26,4,0,-175,0,33.04
fold2_room1_mix1139,26,4,0,-4,-1,41.23
fold2_room1_mix1139,27,4,0,-179,0,27.11
fold2_room1_mix1139,27,4,0,-2,-1,39.42
fold2_room1_mix1139,29,4,0,179,-1,22.86
fold2_room1_mix1139,29,4,0,-1,-1,34.67
fold2_room1_mix1139,30,4,0,179,-1,19.69
fold2_room1_mix1139,30,4,0,0,0,35.24
fold2_room1_mix1139,31,4,0,-177,-1,17.21
fold2_room1_mix1139,31,4,0,2,0,33.45
fold2_room1_mix1139,32,4,0,-177,-1,14.98
fold2_room1_mix1139,32,4,0,2,0,31.83
fold2_room1_mix1139,33,4,0,-174,-2,13.92
fold2_room1_mix1139,33,4,0,1,0,32.46
fold2_room1_mix1139,34,4,0,-175,-2,13.19
fold2_room1_mix1139,34,4,0,1,0,32.18
fold2_room1_mix1139,35,4,0,-177,-2,13.46
fold2_room1_mix1139,35,4,0,2,0,33.17
fold2_room1_mix1139,36,4,0,-175,-2,12.02
fold2_room1_mix1139,36,4,0,0,0,33.05
fold2_room1_mix1139,37,4,0,-176,-2,11.38
fold2_room1_mix1139,37,4,0,0,0,33.14
fold2_room1_mix1139,38,4,0,-176,-2,10.90
fold2_room1_mix1139,38,4,0,-1,0,33.54
fold2_room1_mix1139,39,4,0,-175,-2,10.24
fold2_room1_mix1139,39,4,0,0,0,31.93
fold2_room1_mix1139,40,4,0,-175,-3,8.94
fold2_room1_mix1139,40,4,0,-1,0,29.68
fold2_room1_mix1139,41,4,0,-171,-3,8.55
fold2_room1_mix1139,41,4,0,-2,0,30.07
fold2_room1_mix1139,42,4,0,-171,-3,7.88
fold2_room1_mix1139,42,4,0,-4,0,30.46
fold2_room1_mix1139,43,4,0,-168,-4,7.11
fold2_room1_mix1139,43,4,0,-3,0,30.48
fold2_room1_mix1139,44,4,0,-169,-4,6.24
fold2_room1_mix1139,44,4,0,-3,0,27.12
fold2_room1_mix1139,45,4,0,-168,-4,6.37
fold2_room1_mix1139,45,4,0,-3,0,30.00
fold2_room1_mix1139,46,4,0,-166,-5,4.82
fold2_room1_mix1139,46,4,0,-3,0,27.01
fold2_room1_mix1139,47,4,0,-163,-7,3.90
fold2_room1_mix1139,47,4,0,-3,0,24.97
fold2_room1_mix1139,48,4,0,-162,-8,3.23
fold2_room1_mix1139,48,4,0,-4,0,25.70
fold2_room1_mix1139,49,4,0,-159,-10,2.88
fold2_room1_mix1139,49,4,0,-3,0,25.84
fold2_room1_mix1139,50,4,0,-156,-14,2.13
fold2_room1_mix1139,50,4,0,-2,-2,23.71
fold2_room1_mix1139,51,4,0,-150,-16,1.88
fold2_room1_mix1139,51,4,0,-2,-2,23.77
fold2_room1_mix1139,52,4,0,-139,-19,1.60
fold2_room1_mix1139,52,4,0,-2,-2,23.56
fold2_room1_mix1139,53,4,0,-112,-21,1.34
fold2_room1_mix1139,53,4,0,-2,-2,22.68
fold2_room1_mix1139,54,4,0,-74,-20,1.87
fold2_room1_mix1139,54,4,0,-2,-1,21.80
fold2_room1_mix1139,55,4,0,-28,-12,4.60
fold2_room1_mix1139,55,4,0,-50,-18,1.15
fold2_room1_mix1139,55,4,0,0,-1,18.56
fold2_room1_mix1139,56,4,0,-14,-9,4.97
fold2_room1_mix1139,56,4,0,-39,-14,1.52
fold2_room1_mix1139,56,4,0,-1,-1,15.64
fold2_room1_mix1139,57,4,0,-7,-5,6.57
fold2_room1_mix1139,57,4,0,-3,-3,10.11
fold2_room1_mix1139,58,4,0,-10,-6,5.66
fold2_room1_mix1139,58,4,0,-6,-4,8.52
fold2_room1_mix1139,59,4,0,-11,-5,6.69
fold2_room1_mix1139,60,4,0,-9,-4,6.86
fold2_room1_mix1139,61,4,0,-6,-4,6.69
fold2_room1_mix1139,62,4,0,-4,-4,6.77
fold2_room1_mix1139,63,4,0,-4,-3,7.56
fold2_room1_mix1139,64,4,0,-3,-3,8.17
fold2_room1_mix1139,65,4,0,-4,-3,9.07
fold2_room1_mix1139,66,4,0,-4,-3,9.32
fold2_room1_mix1139,67,4,0,-3,-2,9.46
fold2_room1_mix1139,68,4,0,-3,-2,10.48
fold2_room1_mix1139,69,4,0,-3,-2,10.19
fold2_room1_mix1139,70,4,0,-4,-2,10.48
fold2_room1_mix1139,71,4,0,-4,-2,10.31
fold2_room1_mix1139,72,4,0,-4,-2,10.30
fold2_room1_mix1139,73,4,0,-5,-2,10.07
fold2_room1_mix1139,74,4,0,-4,-2,9.59
fold2_room1_mix1139,75,4,0,-5,-2,9.26
fold2_room1_mix1139,76,4,0,-5,-2,8.96
fold2_room1_mix1139,77,4,0,-6,-2,8.71
fold2_room1_mix1139,78,4,0,-6,-3,7.73
fold2_room1_mix1139,79,4,0,-7,-3,7.69
fold2_room1_mix1139,80,4,0,-14,-7,4.46
fold2_room1_mix1139,80,4,0,1,0,13.05
fold2_room1_mix1139,81,4,0,-19,-8,3.77
fold2_room1_mix1139,81,4,0,4,0,16.83
fold2_room1_mix1139,82,4,0,-27,-11,2.55
fold2_room1_mix1139,82,4,0,5,0,15.79
fold2_room1_mix1139,83,4,0,-38,-15,1.92
fold2_room1_mix1139,83,4,0,5,0,18.45
fold2_room1_mix1139,84,4,0,-80,-22,1.08
fold2_room1_mix1139,84,4,0,1,-2,16.42
fold2_room1_mix1139,85,4,0,-117,-20,1.22
fold2_room1_mix1139,85,4,0,1,-1,17.93
fold2_room1_mix1139,86,4,0,-140,-13,1.46
fold2_room1_mix1139,86,4,0,5,0,18.87
fold2_room1_mix1139,87,4,0,-152,-10,2.19
fold2_room1_mix1139,87,4,0,3,0,19.20
fold2_room1_mix1139,88,4,0,-160,-8,2.96
fold2_room1_mix1139,88,4,0,2,0,20.23
fold2_room1_mix1139,89,4,0,-163,-6,3.65
fold2_room1_mix1139,89,4,0,1,0,21.63
fold2_room1_mix1139,90,4,0,-167,-5,4.30
fold2_room1_mix1139,90,4,0,0,0,19.54
fold2_room1_mix1139,91,4,0,-170,-4,5.03
fold2_room1_mix1139,91,4,0,1,0,20.99
fold2_room1_mix1139,92,4,0,-170,-4,5.55
fold2_room1_mix1139,92,4,0,0,0,22.21
fold2_room1_mix1139,93,4,0,-173,-3,6.75
fold2_room1_mix1139,93,4,0,-1,0,22.21
fold2_room1_mix1139,94,4,0,-174,-3,7.41
fold2_room1_mix1139,94,4,0,-1,0,20.11
fold2_room1_mix1139,95,4,0,-175,-3,8.16
fold2_room1_mix1139,95,4,0,-5,0,19.54
fold2_room1_mix1139,96,4,0,-175,-2,9.19
fold2_room1_mix1139,96,4,0,-2,0,19.06
fold2_room1_mix1139,97,4,0,-177,-2,9.42
fold2_room1_mix1139,97,4,0,-5,0,20.68
fold2_room1_mix1139,98,4,0,-176,-2,10.35
fold2_room1_mix1139,98,4,0,-4,0,20.54
fold2_room1_mix1139,99,4,0,-177,-2,11.07
fold2_room1_mix1139,99,4,0,-1,0,24.62
fold2_room1_mix1139,4,4,0,-177,0,4.79
fold2_room1_mix1139,5,4,0,-176,0,10.10
fold2_room1_mix1139,6,4,0,-178,1,10.79
fold2_room1_mix1139,6,4,0,0,0,11.58
fold2_room1_mix1139,8,4,0,-179,0,22.39
fold2_room1_mix1139,8,4,0,0,0,26.09
fold2_room1_mix1139,12,4,0,-179,0,31.53
fold2_room1_mix1139,12,4,0,0,0,39.61
fold2_room1_mix1139,28,4,0,-178,-1,23.65
fold2_room1_mix1139,28,4,0,0,-1,35.10
fold2_room1_mix1151,3,4,0,177,0,13.53
fold2_room1_mix1151,4,4,0,176,0,24.70
fold2_room1_mix1151,5,4,0,174,0,27.26
fold2_room1_mix1151,6,4,0,177,0,36.30
fold2_room1_mix1151,7,4,0,175,0,47.53
fold2_room1_mix1151,8,4,0,175,0,46.06
fold2_room1_mix1151,9,4,0,176,0,50.06
fold2_room1_mix1151,10,4,0,175,0,47.49
fold2_room1_mix1151,11,4,0,174,0,46.93
fold2_room1_mix1151,12,4,0,174,0,44.28
fold2_room1_mix1151,13,4,0,175,0,43.66
fold2_room1_mix1151,14,4,0,175,0,43.03
fold2_room1_mix1151,15,4,0,173,0,40.86
fold2_room1_mix1151,16,4,0,173,0,37.89
fold2_room1_mix1151,17,4,0,173,0,39.97
fold2_room1_mix1151,18,4,0,173,0,38.76
fold2_room1_mix1151,19,4,0,173,0,36.32
fold2_room1_mix1151,20,4,0,172,0,33.05
fold2_room1_mix1151,21,4,0,171,0,32.97
fold2_room1_mix1151,22,4,0,170,0,32.74
fold2_room1_mix1151,23,4,0,171,0,31.01
fold2_room1_mix1151,24,4,0,170,0,31.58
fold2_room1_mix1151,25,4,0,170,0,31.67
fold2_room1_mix1151,26,4,0,170,0,31.00
fold2_room1_mix1151,27,4,0,169,0,29.77
fold2_room1_mix1151,28,4,0,170,0,28.75
fold2_room1_mix1151,29,4,0,169,-1,25.88
fold2_room1_mix1151,30,4,0,169,0,25.56
fold2_room1_mix1151,31,4,0,169,-1,24.24
fold2_room1_mix1151,32,4,0,169,-1,23.26
fold2_room1_mix1151,33,4,0,168,-1,22.80
fold2_room1_mix1151,34,4,0,169,-1,21.23
fold2_room1_mix1151,35,4,0,168,-1,20.37
fold2_room1_mix1151,36,4,0,167,-1,19.33
fold2_room1_mix1151,37,4,0,166,-1,18.91
fold2_room1_mix1151,38,4,0,166,-1,17.98
fold2_room1_mix1151,39,4,0,165,-1,16.77
fold2_room1_mix1151,40,4,0,163,-1,16.07
fold2_room1_mix1151,41,4,0,161,-1,16.00
fold2_room1_mix1151,42,4,0,161,-1,15.02
fold2_room1_mix1151,43,4,0,159,-2,14.35
fold2_room1_mix1151,44,4,0,157,-2,13.59
fold2_room1_mix1151,45,4,0,156,-2,12.63
fold2_room1_mix1151,46,4,0,153,-2,11.70
fold2_room1_mix1151,47,4,0,150,-2,11.41
fold2_room1_mix1151,48,4,0,148,-3,10.40
fold2_room1_mix1151,49,4,0,143,-3,9.56
fold2_room1_mix1151,50,4,0,141,-3,9.35
fold2_room1_mix1151,51,4,0,136,-3,8.84
fold2_room1_mix1151,52,4,0,127,-4,7.39
fold2_room1_mix1151,52,4,0,126,-4,7.30
fold2_room1_mix1151,53,4,0,120,-4,6.85
fold2_room1_mix1151,53,4,0,118,-4,6.88
fold2_room1_mix1151,54,4,0,108,-4,6.59
fold2_room1_mix1151,54,4,0,104,-4,6.27
fold2_room1_mix1151,55,4,0,99,-4,6.89
fold2_room1_mix1151,55,4,0,95,-5,6.34
fold2_room1_mix1151,56,4,0,89,-4,6.59
fold2_room1_mix1151,56,4,0,85,-5,6.19
fold2_room1_mix1151,57,4,0,80,-4,6.83
fold2_room1_mix1151,57,4,0,76,-4,6.31
fold2_room1_mix1151,58,4,0,78,-4,7.50
fold2_room1_mix1151,58,4,0,72,-4,6.93
fold2_room1_mix1151,59,4,0,64,-4,7.48
fold2_room1_mix1151,59,4,0,60,-4,6.86
fold2_room1_mix1151,60,4,0,54,-3,7.67
fold2_room1_mix1151,60,4,0,52,-3,7.24
fold2_room1_mix1151,61,4,0,46,-3,7.99
fold2_room1_mix1151,61,4,0,46,-2,7.67
fold2_room1_mix1151,62,4,0,43,-3,8.65
fold2_room1_mix1151,62,4,0,43,-2,8.55
fold2_room1_mix1151,63,4,0,38,-3,8.52
fold2_room1_mix1151,63,4,0,38,-2,8.77
fold2_room1_mix1151,64,4,0,35,-2,9.06
fold2_room1_mix1151,64,4,0,35,-2,9.45
fold2_room1_mix1151,65,4,0,34,-2,9.72
fold2_room1_mix1151,65,4,0,33,-2,10.26
fold2_room1_mix1151,66,4,0,32,-2,10.17
fold2_room1_mix1151,66,4,0,31,-2,10.86
fold2_room1_mix1151,67,4,0,29,-2,11.06
fold2_room1_mix1151,67,4,0,28,-2,11.95
fold2_room1_mix1151,68,4,0,30,-2,10.93
fold2_room1_mix1151,68,4,0,28,-2,11.85
fold2_room1_mix1151,69,4,0,27,-1,12.34
fold2_room1_mix1151,69,4,0,26,-1,13.00
fold2_room1_mix1151,70,4,0,26,-2,12.49
fold2_room1_mix1151,70,4,0,25,-2,13.50
fold2_room1_mix1151,71,4,0,27,-2,12.97
fold2_room1_mix1151,71,4,0,25,-2,13.80
fold2_room1_mix1151,72,4,0,24,-1,14.04
fold2_room1_mix1151,72,4,0,23,-1,14.83
fold2_room1_mix1151,73,4,0,23,-1,14.51
fold2_room1_mix1151,73,4,0,21,-1,15.24
fold2_room1_mix1151,74,4,0,21,-1,15.39
fold2_room1_mix1151,74,4,0,18,-1,15.68
fold2_room1_mix1151,75,4,0,20,-1,16.05
fold2_room1_mix1151,75,4,0,19,-1,16.56
fold2_room1_mix1151,76,4,0,19,0,17.06
fold2_room1_mix1151,76,4,0,16,-1,17.21
fold2_room1_mix1151,77,4,0,17,0,18.24
fold2_room1_mix1151,77,4,0,15,0,18.90
fold2_room1_mix1151,78,4,0,17,0,20.37
fold2_room1_mix1151,78,4,0,15,0,20.15
fold2_room1_mix1151,79,4,0,16,0,19.59
fold2_room1_mix1151,79,4,0,14,0,20.12
fold2_room1_mix1151,80,4,0,15,0,20.09
fold2_room1_mix1151,80,4,0,12,0,20.72
fold2_room1_mix1151,81,4,0,17,0,22.26
fold2_room1_mix1151,81,4,0,13,0,22.08
fold2_room1_mix1151,82,4,0,18,0,22.44
fold2_room1_mix1151,82,4,0,14,0,23.48
fold2_room1_mix1151,83,4,0,19,0,19.77
fold2_room1_mix1151,83,4,0,15,0,23.03
fold2_room1_mix1151,85,4,0,152,-13,4.74
fold2_room1_mix1151,85,4,0,14,1,32.92
fold2_room1_mix1151,86,4,0,149,-15,2.87
fold2_room1_mix1151,86,4,0,14,0,31.13
fold2_room1_mix1151,87,4,0,141,-19,2.17
fold2_room1_mix1151,87,4,0,13,0,30.18
fold2_room1_mix1151,88,4,0,122,-20,2.25
fold2_room1_mix1151,88,4,0,14,0,32.11
fold2_room1_mix1151,89,4,0,96,-19,2.11
fold2_room1_mix1151,89,4,0,15,0,34.05
fold2_room1_mix1151,90,4,0,61,-17,2.89
fold2_room1_mix1151,90,4,0,10,0,32.32
fold2_room1_mix1151,91,4,0,31,-8,7.83
fold2_room1_mix1151,91,4,0,46,-17,1.32
fold2_room1_mix1151,91,4,0,7,1,32.75
fold2_room1_mix1151,92,4,0,33,-9,5.00
fold2_room1_mix1151,92,4,0,8,2,32.00
fold2_room1_mix1151,93,4,0,20,-6,12.40
fold2_room1_mix1151,94,4,0,19,-4,13.37
fold2_room1_mix1151,95,4,0,17,-4,12.51
fold2_room1_mix1151,96,4,0,13,-3,12.40
fold2_room1_mix1151,97,4,0,13,-4,11.53
fold2_room1_mix1151,98,4,0,11,-3,11.49
fold2_room1_mix1151,99,4,0,9,-3,11.93
fold2_room1_mix1151,84,4,0,158,-13,2.42
fold2_room1_mix1151,84,4,0,14,0,31.69
fold2_room1_mix1158,3,4,0,177,1,11.48
fold2_room1_mix1158,4,4,0,177,1,18.51
fold2_room1_mix1158,5,4,0,173,0,25.57
fold2_room1_mix1158,6,4,0,174,0,30.37
fold2_room1_mix1158,7,4,0,175,0,37.63
fold2_room1_mix1158,8,4,0,174,0,50.16
fold2_room1_mix1158,9,4,0,173,0,53.03
fold2_room1_mix1158,10,4,0,174,0,49.57
fold2_room1_mix1158,11,4,0,172,0,51.36
fold2_room1_mix1158,12,4,0,172,0,50.83
fold2_room1_mix1158,13,4,0,172,0,53.08
fold2_room1_mix1158,14,4,0,172,0,49.93
fold2_room1_mix1158,15,4,0,170,0,51.23
fold2_room1_mix1158,16,4,0,171,0,47.55
fold2_room1_mix1158,17,4,0,171,0,50.12
fold2_room1_mix1158,18,4,0,172,0,50.06
fold2_room1_mix1158,19,4,0,172,0,47.00
fold2_room1_mix1158,20,4,0,171,0,45.74
fold2_room1_mix1158,21,4,0,171,0,46.67
fold2_room1_mix1158,22,4,0,171,0,46.08
fold2_room1_mix1158,23,4,0,172,0,43.57
fold2_room1_mix1158,24,4,0,171,0,44.72
fold2_room1_mix1158,25,4,0,171,0,40.90
fold2_room1_mix1158,26,4,0,171,0,39.67
fold2_room1_mix1158,27,4,0,171,0,41.29
fold2_room1_mix1158,28,4,0,171,0,38.42
fold2_room1_mix1158,29,4,0,170,0,39.35
fold2_room1_mix1158,30,4,0,169,0,39.01
fold2_room1_mix1158,31,4,0,170,0,36.80
fold2_room1_mix1158,32,4,0,170,0,35.61
fold2_room1_mix1158,33,4,0,169,0,33.10
fold2_room1_mix1158,34,4,0,170,0,31.65
fold2_room1_mix1158,35,4,0,168,0,30.22
fold2_room1_mix1158,36,4,0,168,-1,27.46
fold2_room1_mix1158,37,4,0,167,-1,27.47
fold2_room1_mix1158,38,4,0,168,-1,27.02
fold2_room1_mix1158,39,4,0,166,-1,25.40
fold2_room1_mix1158,40,4,0,166,-1,25.25
fold2_room1_mix1158,41,4,0,166,-1,24.41
fold2_room1_mix1158,42,4,0,164,-1,23.75
fold2_room1_mix1158,43,4,0,163,-1,21.84
fold2_room1_mix1158,44,4,0,163,-1,21.02
fold2_room1_mix1158,45,4,0,164,-1,20.60
fold2_room1_mix1158,46,4,0,162,-1,19.62
fold2_room1_mix1158,47,4,0,162,-1,18.86
fold2_room1_mix1158,48,4,0,160,-2,17.46
fold2_room1_mix1158,49,4,0,159,-2,16.34
fold2_room1_mix1158,50,4,0,158,-2,15.90
fold2_room1_mix1158,51,4,0,158,-2,14.36
fold2_room1_mix1158,52,4,0,156,-2,13.62
fold2_room1_mix1158,53,4,0,155,-2,13.21
fold2_room1_mix1158,54,4,0,152,-2,12.53
fold2_room1_mix1158,55,4,0,151,-3,12.18
fold2_room1_mix1158,56,4,0,149,-3,11.15
fold2_room1_mix1158,57,4,0,146,-3,10.44
fold2_room1_mix1158,58,4,0,144,-3,9.62
fold2_room1_mix1158,59,4,0,141,-3,8.82
fold2_room1_mix1158,60,4,0,137,-4,8.27
fold2_room1_mix1158,61,4,0,134,-4,7.69
fold2_room1_mix1158,62,4,0,130,-5,7.07
fold2_room1_mix1158,63,4,0,122,-5,6.72
fold2_room1_mix1158,64,4,0,114,-6,6.16
fold2_room1_mix1158,65,4,0,105,-6,6.09
fold2_room1_mix1158,66,4,0,96,-6,6.06
fold2_room1_mix1158,67,4,0,90,-6,5.88
fold2_room1_mix1158,68,4,0,83,-6,5.86
fold2_room1_mix1158,69,4,0,74,-6,5.99
fold2_room1_mix1158,70,4,0,67,-5,6.41
fold2_room1_mix1158,71,4,0,58,-4,7.01
fold2_room1_mix1158,72,4,0,52,-4,7.47
fold2_room1_mix1158,73,4,0,49,-4,7.60
fold2_room1_mix1158,74,4,0,44,-4,7.99
fold2_room1_mix1158,75,4,0,41,-3,8.76
fold2_room1_mix1158,76,4,0,38,-3,9.13
fold2_room1_mix1158,77,4,0,36,-3,9.60
fold2_room1_mix1158,78,4,0,32,-3,10.52
fold2_room1_mix1158,79,4,0,30,-2,10.93
fold2_room1_mix1158,80,4,0,28,-2,11.42
fold2_room1_mix1158,81,4,0,26,-2,12.43
fold2_room1_mix1158,82,4,0,25,-2,13.20
fold2_room1_mix1158,83,4,0,24,-2,13.99
fold2_room1_mix1158,84,4,0,23,-2,15.04
fold2_room1_mix1158,85,4,0,21,-2,16.08
fold2_room1_mix1158,86,4,0,21,-2,16.54
fold2_room1_mix1158,87,4,0,20,-2,17.08
fold2_room1_mix1158,88,4,0,20,-1,18.43
fold2_room1_mix1158,89,4,0,19,-1,18.70
fold2_room1_mix1158,90,4,0,18,-2,19.26
fold2_room1_mix1158,91,4,0,18,-1,20.33
fold2_room1_mix1158,92,4,0,17,-1,20.68
fold2_room1_mix1158,93,4,0,16,-1,21.25
fold2_room1_mix1158,94,4,0,16,-1,22.58
fold2_room1_mix1158,95,4,0,16,-1,23.69
fold2_room1_mix1158,96,4,0,15,-1,24.54
fold2_room1_mix1158,97,4,0,15,-1,25.23
fold2_room1_mix1158,98,4,0,14,-1,26.97
fold2_room1_mix1158,99,4,0,13,-1,27.06
fold2_room1_mix1158,2,4,0,175,2,2.81
fold2_room1_mix1171,1,4,0,-178,1,2.78
fold2_room1_mix1171,2,4,0,-176,0,2.82
fold2_room1_mix1171,3,4,0,179,0,9.20
fold2_room1_mix1171,4,4,0,-179,0,16.67
fold2_room1_mix1171,5,4,0,178,0,17.45
fold2_room1_mix1171,6,4,0,179,0,19.70
fold2_room1_mix1171,7,4,0,-177,0,26.76
fold2_room1_mix1171,8,4,0,-178,0,27.31
fold2_room1_mix1171,9,4,0,-178,0,26.36
fold2_room1_mix1171,10,4,0,178,0,25.38
fold2_room1_mix1171,11,4,0,179,0,24.14
fold2_room1_mix1171,12,4,0,179,0,23.95
fold2_room1_mix1171,13,4,0,-179,0,22.75
fold2_room1_mix1171,14,4,0,-179,0,23.14
fold2_room1_mix1171,15,4,0,179,0,22.50
fold2_room1_mix1171,16,4,0,-178,0,20.99
fold2_room1_mix1171,17,4,0,-179,0,20.70
fold2_room1_mix1171,18,4,0,-178,0,20.40
fold2_room1_mix1171,19,4,0,-177,0,19.49
fold2_room1_mix1171,20,4,0,-178,0,19.44
fold2_room1_mix1171,21,4,0,-177,0,19.01
fold2_room1_mix1171,22,4,0,-179,0,18.20
fold2_room1_mix1171,23,4,0,-178,0,18.04
fold2_room1_mix1171,24,4,0,-178,0,17.32
fold2_room1_mix1171,25,4,0,-177,-1,16.61
fold2_room1_mix1171,26,4,0,-177,-1,15.72
fold2_room1_mix1171,27,4,0,-178,-1,16.25
fold2_room1_mix1171,28,4,0,-178,-1,15.65
fold2_room1_mix1171,29,4,0,-178,-1,15.24
fold2_room1_mix1171,30,4,0,-178,-1,14.12
fold2_room1_mix1171,31,4,0,-177,-1,13.82
fold2_room1_mix1171,32,4,0,-177,-1,13.14
fold2_room1_mix1171,33,4,0,-176,-1,12.77
fold2_room1_mix1171,34,4,0,-175,-1,12.83
fold2_room1_mix1171,35,4,0,-175,-1,12.58
fold2_room1_mix1171,36,4,0,-175,-1,12.04
fold2_room1_mix1171,37,4,0,-174,-1,11.19
fold2_room1_mix1171,38,4,0,-177,-1,10.69
fold2_room1_mix1171,39,4,0,-176,-1,10.50
fold2_room1_mix1171,40,4,0,-175,-1,10.39
fold2_room1_mix1171,41,4,0,-176,-2,9.98
fold2_room1_mix1171,42,4,0,-174,-2,9.46
fold2_room1_mix1171,43,4,0,-174,-2,9.22
fold2_room1_mix1171,44,4,0,-174,-2,8.42
fold2_room1_mix1171,45,4,0,-175,-2,8.23
fold2_room1_mix1171,46,4,0,-174,-3,7.33
fold2_room1_mix1171,47,4,0,-175,-3,7.25
fold2_room1_mix1171,48,4,0,-174,-3,6.85
fold2_room1_mix1171,49,4,0,-173,-3,6.08
fold2_room1_mix1171,50,4,0,-173,-3,6.04
fold2_room1_mix1171,51,4,0,-173,-3,5.43
fold2_room1_mix1171,52,4,0,-171,-3,5.26
fold2_room1_mix1171,53,4,0,-169,-4,4.84
fold2_room1_mix1171,54,4,0,-167,-4,4.23
fold2_room1_mix1171,55,4,0,-166,-5,3.92
fold2_room1_mix1171,56,4,0,-164,-5,3.38
fold2_room1_mix1171,57,4,0,-163,-6,3.18
fold2_room1_mix1171,58,4,0,-160,-7,2.77
fold2_room1_mix1171,59,4,0,-157,-7,2.44
fold2_room1_mix1171,60,4,0,-149,-8,1.99
fold2_room1_mix1171,61,4,0,-142,-9,1.70
fold2_room1_mix1171,62,4,0,-129,-11,1.37
fold2_room1_mix1171,63,4,0,-103,-12,1.35
fold2_room1_mix1171,64,4,0,-73,-12,1.26
fold2_room1_mix1171,65,4,0,-51,-9,1.42
fold2_room1_mix1171,66,4,0,-35,-7,1.78
fold2_room1_mix1171,67,4,0,-28,-6,2.17
fold2_room1_mix1171,68,4,0,-24,-6,2.51
fold2_room1_mix1171,69,4,0,-20,-5,2.90
fold2_room1_mix1171,70,4,0,-17,-5,3.20
fold2_room1_mix1171,71,4,0,-14,-4,3.56
fold2_room1_mix1171,72,4,0,-12,-4,3.86
fold2_room1_mix1171,73,4,0,-12,-3,4.18
fold2_room1_mix1171,74,4,0,-10,-3,4.68
fold2_room1_mix1171,75,4,0,-9,-3,5.08
fold2_room1_mix1171,76,4,0,-9,-2,5.45
fold2_room1_mix1171,77,4,0,-8,-2,6.01
fold2_room1_mix1171,78,4,0,-8,-2,6.56
fold2_room1_mix1171,79,4,0,-7,-2,6.81
fold2_room1_mix1171,80,4,0,-6,-2,7.33
fold2_room1_mix1171,81,4,0,-6,-2,7.74
fold2_room1_mix1171,82,4,0,-6,-2,8.14
fold2_room1_mix1171,83,4,0,-5,-2,8.85
fold2_room1_mix1171,84,4,0,-5,-2,9.23
fold2_room1_mix1171,85,4,0,-5,-2,9.57
fold2_room1_mix1171,86,4,0,-5,-1,9.77
fold2_room1_mix1171,87,4,0,-4,-2,10.04
fold2_room1_mix1171,88,4,0,-4,-2,10.64
fold2_room1_mix1171,89,4,0,-4,-1,11.20
fold2_room1_mix1171,90,4,0,-4,-1,11.52
fold2_room1_mix1171,91,4,0,-4,-1,12.21
fold2_room1_mix1171,92,4,0,-4,-1,12.18
fold2_room1_mix1171,93,4,0,-3,-1,12.67
fold2_room1_mix1171,94,4,0,-3,-1,12.87
fold2_room1_mix1171,95,4,0,-3,-1,13.42
fold2_room1_mix1171,96,4,0,-3,-1,13.25
fold2_room1_mix1171,97,4,0,-2,-1,13.63
fold2_room1_mix1171,98,4,0,-3,-1,14.27
fold2_room1_mix1171,99,4,0,-3,-1,14.66
fold2_room1_mix1176,23,2,0,-173,-2,8.40
fold2_room1_mix1176,23,4,0,19,-1,4.41
fold2_room1_mix1176,24,2,0,-178,-2,8.69
fold2_room1_mix1176,25,2,0,-177,-2,10.57
fold2_room1_mix1176,25,4,0,27,0,4.21
fold2_room1_mix1176,26,2,0,-168,-1,2.77
fold2_room1_mix1176,26,4,0,18,-1,13.33
fold2_room1_mix1176,27,4,0,25,-1,6.43
fold2_room1_mix1176,28,4,0,20,-1,4.21
fold2_room1_mix1176,29,4,0,23,-1,3.57
fold2_room1_mix1176,32,2,0,160,-2,9.94
fold2_room1_mix1176,33,2,0,156,-2,9.37
fold2_room1_mix1176,33,4,0,22,-2,5.93
fold2_room1_mix1176,34,2,0,138,-3,7.93
fold2_room1_mix1176,34,4,0,22,-2,7.49
fold2_room1_mix1176,35,2,0,139,-3,7.56
fold2_room1_mix1176,35,4,0,21,-2,7.29
fold2_room1_mix1176,36,2,0,143,-3,8.51
fold2_room1_mix1176,36,4,0,22,-2,7.16
fold2_room1_mix1176,37,4,0,28,-2,12.91
fold2_room1_mix1176,38,4,0,29,-2,13.36
fold2_room1_mix1176,39,4,0,30,-2,10.56
fold2_room1_mix1176,40,4,0,28,-2,9.62
fold2_room1_mix1176,41,4,0,34,-2,12.48
fold2_room1_mix1176,42,2,0,132,-3,7.63
fold2_room1_mix1176,42,4,0,31,-2,11.05
fold2_room1_mix1176,43,2,0,135,-3,6.93
fold2_room1_mix1176,43,4,0,29,-2,11.36
fold2_room1_mix1176,44,2,0,127,-4,5.72
fold2_room1_mix1176,44,4,0,29,-2,10.77
fold2_room1_mix1176,45,2,0,125,-4,6.30
fold2_room1_mix1176,45,4,0,31,-2,11.04
fold2_room1_mix1176,46,2,0,122,-4,6.11
fold2_room1_mix1176,46,4,0,31,-2,10.08
fold2_room1_mix1176,47,2,0,101,-4,4.82
fold2_room1_mix1176,47,4,0,34,-2,10.15
fold2_room1_mix1176,48,4,0,38,-2,10.95
fold2_room1_mix1176,49,4,0,42,-2,10.67
fold2_room1_mix1176,50,4,0,45,-2,10.61
fold2_room1_mix1176,51,4,0,48,-2,9.82
fold2_room1_mix1176,52,2,0,108,-4,5.49
fold2_room1_mix1176,52,4,0,46,-1,9.56
fold2_room1_mix1176,53,2,0,107,-4,4.65
fold2_room1_mix1176,53,4,0,45,-2,9.29
fold2_room1_mix1176,54,2,0,107,-4,5.55
fold2_room1_mix1176,54,4,0,48,-2,8.80
fold2_room1_mix1176,55,2,0,99,-4,5.02
fold2_room1_mix1176,55,4,0,50,-2,8.82
fold2_room1_mix1176,55,4,0,47,-2,8.94
fold2_room1_mix1176,56,2,0,108,-5,5.42
fold2_room1_mix1176,56,4,0,55,-3,8.58
fold2_room1_mix1176,57,2,0,107,-5,4.21
fold2_room1_mix1176,57,4,0,58,-3,7.90
fold2_room1_mix1176,57,4,0,54,-3,8.49
fold2_room1_mix1176,58,4,0,63,-3,8.30
fold2_room1_mix1176,58,4,0,61,-3,8.56
fold2_room1_mix1176,59,4,0,63,-3,8.66
fold2_room1_mix1176,59,4,0,61,-3,8.56
fold2_room1_mix1176,60,4,0,68,-3,8.02
fold2_room1_mix1176,60,4,0,65,-3,7.78
fold2_room1_mix1176,61,4,0,70,-3,8.02
fold2_room1_mix1176,61,4,0,68,-3,7.77
fold2_room1_mix1176,62,4,0,71,-3,8.74
fold2_room1_mix1176,62,4,0,68,-3,8.49
fold2_room1_mix1176,63,2,0,96,-4,5.55
fold2_room1_mix1176,63,4,0,70,-3,8.25
fold2_room1_mix1176,63,4,0,69,-3,7.75
fold2_room1_mix1176,64,2,0,93,-5,4.87
fold2_room1_mix1176,64,4,0,75,-2,8.58
fold2_room1_mix1176,64,4,0,76,-3,8.23
fold2_room1_mix1176,65,2,0,90,-5,4.85
fold2_room1_mix1176,65,4,0,77,-3,7.62
fold2_room1_mix1176,65,4,0,79,-3,7.50
fold2_room1_mix1176,66,2,0,97,-5,5.57
fold2_room1_mix1176,66,4,0,79,-3,8.37
fold2_room1_mix1176,66,4,0,81,-2,8.16
fold2_room1_mix1176,67,2,0,87,-5,4.74
fold2_room1_mix1176,67,4,0,88,-4,7.57
fold2_room1_mix1176,67,4,0,87,-3,7.70
fold2_room1_mix1176,68,2,0,102,-5,2.64
fold2_room1_mix1176,68,4,0,99,-4,7.56
fold2_room1_mix1176,68,4,0,92,-3,7.67
fold2_room1_mix1176,69,4,0,135,-4,7.73
fold2_room1_mix1176,69,4,0,178,-3,9.42
fold2_room1_mix1176,69,4,0,105,-3,8.94
fold2_room1_mix1176,70,4,0,148,-4,7.87
fold2_room1_mix1176,70,4,0,179,-4,8.73
fold2_room1_mix1176,70,4,0,105,-3,9.71
fold2_room1_mix1176,71,4,0,151,-4,7.83
fold2_room1_mix1176,71,4,0,-177,-4,8.60
fold2_room1_mix1176,71,4,0,100,-3,10.19
fold2_room1_mix1176,72,4,0,159,-4,7.49
fold2_room1_mix1176,72,4,0,-178,-3,8.27
fold2_room1_mix1176,72,4,0,115,-3,9.11
fold2_room1_mix1176,73,4,0,175,-3,7.79
fold2_room1_mix1176,73,4,0,113,-2,9.76
fold2_room1_mix1176,74,2,0,83,-3,5.56
fold2_room1_mix1176,74,4,0,176,-3,7.03
fold2_room1_mix1176,74,4,0,126,-2,8.63
fold2_room1_mix1176,75,2,0,85,-3,5.97
fold2_room1_mix1176,75,4,0,175,-3,6.90
fold2_room1_mix1176,75,4,0,134,-2,8.68
fold2_room1_mix1176,76,2,0,84,-4,5.70
fold2_room1_mix1176,76,4,0,-175,-4,5.98
fold2_room1_mix1176,76,4,0,134,-2,9.40
fold2_room1_mix1176,77,2,0,71,-4,6.06
fold2_room1_mix1176,77,4,0,-174,-5,5.45
fold2_room1_mix1176,77,4,0,137,-2,8.94
fold2_room1_mix1176,78,2,0,65,-3,7.34
fold2_room1_mix1176,78,4,0,-164,-6,4.13
fold2_room1_mix1176,78,4,0,179,-4,6.19
fold2_room1_mix1176,78,4,0,144,-4,7.37
fold2_room1_mix1176,79,4,0,-148,-11,2.34
fold2_room1_mix1176,79,4,0,-155,-11,3.07
fold2_room1_mix1176,80,4,0,-126,-16,1.58
fold2_room1_mix1176,80,4,0,-126,-16,1.54
fold2_room1_mix1176,81,4,0,-70,-20,1.16
fold2_room1_mix1176,81,4,0,-75,-20,1.01
fold2_room1_mix1176,82,4,0,-42,-15,1.16
fold2_room1_mix1176,82,4,0,-44,-16,1.10
fold2_room1_mix1176,83,4,0,-21,-9,1.77
fold2_room1_mix1176,83,4,0,-25,-10,1.68
fold2_room1_mix1176,84,2,0,59,-3,8.01
fold2_room1_mix1176,84,4,0,131,-3,9.16
fold2_room1_mix1176,84,4,0,-28,-8,2.04
fold2_room1_mix1176,85,2,0,46,-3,9.07
fold2_room1_mix1176,85,4,0,117,-3,10.17
fold2_room1_mix1176,85,4,0,-23,-8,2.61
fold2_room1_mix1176,86,2,0,46,-3,9.73
fold2_room1_mix1176,86,4,0,144,-3,9.03
fold2_room1_mix1176,86,4,0,-15,-6,3.24
fold2_room1_mix1176,87,2,0,48,-3,10.61
fold2_room1_mix1176,87,4,0,145,-2,11.33
fold2_room1_mix1176,87,4,0,-10,-6,4.18
fold2_room1_mix1176,88,2,0,41,-2,11.05
fold2_room1_mix1176,88,4,0,147,-2,11.73
fold2_room1_mix1176,88,4,0,-5,-4,5.52
fold2_room1_mix1176,89,2,0,32,-2,3.00
fold2_room1_mix1176,89,4,0,27,-5,9.88
fold2_room1_mix1176,89,4,0,143,-2,13.59
fold2_room1_mix1176,89,4,0,-3,-3,6.65
fold2_room1_mix1176,90,4,0,149,-2,11.66
fold2_room1_mix1176,90,4,0,-1,-3,7.41
fold2_room1_mix1176,91,4,0,149,-3,10.67
fold2_room1_mix1176,91,4,0,0,-2,7.89
fold2_room1_mix1176,92,4,0,149,-2,11.92
fold2_room1_mix1176,92,4,0,-4,-1,9.53
fold2_room1_mix1176,93,4,0,154,-2,12.34
fold2_room1_mix1176,93,4,0,0,-1,10.49
fold2_room1_mix1176,94,2,0,32,-2,12.17
fold2_room1_mix1176,94,4,0,154,-1,14.96
fold2_room1_mix1176,94,4,0,3,-2,11.78
fold2_room1_mix1176,95,2,0,30,-2,11.50
fold2_room1_mix1176,95,4,0,159,-1,13.34
fold2_room1_mix1176,95,4,0,4,-2,11.29
fold2_room1_mix1176,96,2,0,35,-2,11.69
fold2_room1_mix1176,96,4,0,158,-1,14.71
fold2_room1_mix1176,96,4,0,5,-2,12.62
fold2_room1_mix1176,97,2,0,37,-2,12.12
fold2_room1_mix1176,97,4,0,157,-2,12.81
fold2_room1_mix1176,98,2,0,36,-2,12.26
fold2_room1_mix1176,98,4,0,156,-2,11.20
fold2_room1_mix1176,99,2,0,38,-2,11.58
fold2_room1_mix1176,99,4,0,153,-2,11.78
fold2_room1_mix1179,0,1,0,-162,-1,7.46
fold2_room1_mix1179,1,1,0,-167,-1,7.50
fold2_room1_mix1179,1,2,0,40,0,15.81
fold2_room1_mix1179,2,2,0,39,-1,14.22
fold2_room1_mix1179,2,4,0,-174,1,3.46
fold2_room1_mix1179,3,2,0,41,-1,10.49
fold2_room1_mix1179,3,4,0,-175,0,12.23
fold2_room1_mix1179,4,2,0,45,-1,11.91
fold2_room1_mix1179,4,4,0,-177,0,11.58
fold2_room1_mix1179,5,0,0,-175,0,6.81
fold2_room1_mix1179,5,4,0,-176,0,13.88
fold2_room1_mix1179,6,0,0,-171,0,57.77
fold2_room1_mix1179,6,4,0,-178,0,13.83
fold2_room1_mix1179,7,0,0,-172,0,48.68
fold2_room1_mix1179,7,4,0,-179,-1,15.78
fold2_room1_mix1179,8,0,0,-174,0,56.37
fold2_room1_mix1179,8,4,0,-179,-1,15.19
fold2_room1_mix1179,9,0,0,-170,0,67.19
fold2_room1_mix1179,9,4,0,177,-1,15.79
fold2_room1_mix1179,10,0,0,-175,0,49.05
fold2_room1_mix1179,10,2,0,43,-2,5.13
fold2_room1_mix1179,10,4,0,-178,-1,16.18
fold2_room1_mix1179,11,0,0,-173,0,52.33
fold2_room1_mix1179,11,2,0,43,-2,6.73
fold2_room1_mix1179,11,4,0,179,-1,15.00
fold2_room1_mix1179,12,0,0,-173,0,51.24
fold2_room1_mix1179,12,2,0,45,-2,7.94
fold2_room1_mix1179,12,4,0,-179,-1,15.09
fold2_room1_mix1179,13,0,0,-173,0,59.56
fold2_room1_mix1179,13,2,0,41,-2,10.39
fold2_room1_mix1179,13,4,0,-178,-1,14.92
fold2_room1_mix1179,14,0,0,-176,0,59.05
fold2_room1_mix1179,14,2,0,42,-2,10.43
fold2_room1_mix1179,14,4,0,-177,-1,13.94
fold2_room1_mix1179,15,0,0,-172,0,49.14
fold2_room1_mix1179,15,4,0,-178,-1,13.44
fold2_room1_mix1179,16,0,0,-176,0,69.20
fold2_room1_mix1179,16,4,0,-176,-1,13.23
fold2_room1_mix1179,17,0,0,-176,0,64.29
fold2_room1_mix1179,17,4,0,-178,-1,11.79
fold2_room1_mix1179,18,0,0,-174,0,52.93
fold2_room1_mix1179,18,4,0,-179,-1,10.98
fold2_room1_mix1179,19,0,0,-176,0,60.23
fold2_room1_mix1179,19,2,0,44,-2,9.42
fold2_room1_mix1179,19,4,0,-178,-1,11.75
fold2_room1_mix1179,20,0,0,-177,0,43.19
fold2_room1_mix1179,20,2,0,44,-2,9.74
fold2_room1_mix1179,20,4,0,-178,-1,11.41
fold2_room1_mix1179,21,0,0,-176,0,45.30
fold2_room1_mix1179,21,2,0,41,-2,9.37
fold2_room1_mix1179,21,4,0,-177,-2,11.07
fold2_room1_mix1179,22,0,0,-176,0,43.00
fold2_room1_mix1179,22,2,0,46,-2,9.71
fold2_room1_mix1179,22,4,0,-177,-1,11.40
fold2_room1_mix1179,23,0,0,-177,0,35.27
fold2_room1_mix1179,23,2,0,46,-2,8.77
fold2_room1_mix1179,23,4,0,-177,-2,10.26
fold2_room1_mix1179,24,0,0,-175,0,57.87
fold2_room1_mix1179,24,4,0,-177,-1,10.37
fold2_room1_mix1179,25,0,0,-177,0,59.07
fold2_room1_mix1179,25,4,0,-177,-1,9.31
fold2_room1_mix1179,26,0,0,-175,0,72.89
fold2_room1_mix1179,26,4,0,-179,-1,8.91
fold2_room1_mix1179,27,0,0,-176,0,72.20
fold2_room1_mix1179,27,4,0,179,-1,8.79
fold2_room1_mix1179,28,0,0,-176,0,63.25
fold2_room1_mix1179,28,2,0,50,-2,8.26
fold2_room1_mix1179,28,4,0,-179,-1,8.93
fold2_room1_mix1179,29,0,0,-176,0,69.65
fold2_room1_mix1179,29,2,0,49,-2,8.11
fold2_room1_mix1179,29,4,0,-178,-1,8.83
fold2_room1_mix1179,30,0,0,-176,0,66.91
fold2_room1_mix1179,30,2,0,49,-2,9.05
fold2_room1_mix1179,30,4,0,-177,-2,8.59
fold2_room1_mix1179,31,0,0,-176,0,57.00
fold2_room1_mix1179,31,2,0,49,-2,8.46
fold2_room1_mix1179,31,4,0,-177,-2,8.43
fold2_room1_mix1179,32,0,0,-177,0,69.42
fold2_room1_mix1179,32,2,0,50,-2,8.21
fold2_room1_mix1179,32,4,0,-177,-2,8.96
fold2_room1_mix1179,33,0,0,-176,0,72.14
fold2_room1_mix1179,33,2,0,54,-2,5.24
fold2_room1_mix1179,33,4,0,-175,-2,8.81
fold2_room1_mix1179,34,0,0,-176,0,68.31
fold2_room1_mix1179,34,4,0,-178,-2,8.90
fold2_room1_mix1179,35,0,0,-176,0,84.95
fold2_room1_mix1179,35,4,0,-178,-2,8.37
fold2_room1_mix1179,36,0,0,-178,0,76.95
fold2_room1_mix1179,36,4,0,-178,-2,8.20
fold2_room1_mix1179,37,0,0,-176,0,76.49
fold2_room1_mix1179,37,2,0,64,-2,4.42
fold2_room1_mix1179,37,4,0,-176,-3,8.06
fold2_room1_mix1179,38,0,0,-177,0,70.69
fold2_room1_mix1179,38,2,0,55,-3,6.63
fold2_room1_mix1179,38,4,0,-176,-3,7.44
fold2_room1_mix1179,39,0,0,-176,0,61.96
fold2_room1_mix1179,39,2,0,55,-2,7.66
fold2_room1_mix1179,39,4,0,-175,-3,7.27
fold2_room1_mix1179,40,0,0,-177,0,75.34
fold2_room1_mix1179,40,2,0,54,-3,7.57
fold2_room1_mix1179,40,4,0,-177,-4,6.79
fold2_room1_mix1179,41,0,0,-178,0,69.67
fold2_room1_mix1179,41,2,0,60,-3,7.81
fold2_room1_mix1179,41,4,0,-174,-4,6.72
fold2_room1_mix1179,42,0,0,-178,0,66.02
fold2_room1_mix1179,42,2,0,65,-3,6.86
fold2_room1_mix1179,42,4,0,-174,-4,6.26
fold2_room1_mix1179,43,0,0,-175,0,79.23
fold2_room1_mix1179,43,4,0,-174,-4,6.12
fold2_room1_mix1179,44,0,0,-176,0,81.79
fold2_room1_mix1179,44,4,0,-176,-4,5.56
fold2_room1_mix1179,45,0,0,-176,0,83.86
fold2_room1_mix1179,45,4,0,-174,-4,5.48
fold2_room1_mix1179,46,0,0,-177,0,85.17
fold2_room1_mix1179,46,4,0,-176,-4,5.41
fold2_room1_mix1179,47,0,0,-176,0,68.06
fold2_room1_mix1179,47,2,0,72,-3,6.98
fold2_room1_mix1179,47,4,0,-176,-6,4.75
fold2_room1_mix1179,48,0,0,-177,0,69.12
fold2_room1_mix1179,48,2,0,78,-3,7.36
fold2_room1_mix1179,48,4,0,-175,-6,4.54
fold2_room1_mix1179,49,0,0,-176,0,69.32
fold2_room1_mix1179,49,2,0,74,-3,6.73
fold2_room1_mix1179,49,4,0,-175,-7,4.39
fold2_room1_mix1179,50,0,0,-177,0,64.57
fold2_room1_mix1179,50,2,0,82,-3,6.85
fold2_room1_mix1179,50,4,0,-175,-8,4.04
fold2_room1_mix1179,51,0,0,-179,0,64.32
fold2_room1_mix1179,51,2,0,88,-3,6.64
fold2_room1_mix1179,51,4,0,-171,-10,3.70
fold2_room1_mix1179,52,0,0,-176,0,84.76
fold2_room1_mix1179,52,4,0,-170,-9,3.41
fold2_room1_mix1179,53,0,0,-178,0,75.58
fold2_room1_mix1179,53,4,0,-169,-10,3.27
fold2_room1_mix1179,54,0,0,-177,0,82.52
fold2_room1_mix1179,54,4,0,-167,-13,3.12
fold2_room1_mix1179,55,0,0,-177,0,90.97
fold2_room1_mix1179,55,4,0,-165,-15,2.78
fold2_room1_mix1179,56,0,0,-178,0,75.20
fold2_room1_mix1179,56,2,0,96,-3,6.55
fold2_room1_mix1179,56,4,0,-158,-21,2.55
fold2_room1_mix1179,57,0,0,-179,0,70.52
fold2_room1_mix1179,57,2,0,99,-3,7.32
fold2_room1_mix1179,57,4,0,-154,-23,2.29
fold2_room1_mix1179,58,0,0,-178,0,65.79
fold2_room1_mix1179,58,2,0,98,-3,7.74
fold2_room1_mix1179,58,4,0,-147,-28,1.39
fold2_room1_mix1179,58,4,0,-141,-27,1.59
fold2_room1_mix1179,59,0,0,-177,0,68.09
fold2_room1_mix1179,59,2,0,104,-4,6.06
fold2_room1_mix1179,59,4,0,-135,-30,1.34
fold2_room1_mix1179,59,4,0,-156,-29,2.55
fold2_room1_mix1179,59,4,0,-112,-29,2.13
fold2_room1_mix1179,60,0,0,-178,0,61.97
fold2_room1_mix1179,60,2,0,107,-3,7.18
fold2_room1_mix1179,60,4,0,-133,-35,1.29
fold2_room1_mix1179,60,4,0,-168,-34,2.49
fold2_room1_mix1179,60,4,0,-92,-33,1.76
fold2_room1_mix1179,61,0,0,-177,0,58.18
fold2_room1_mix1179,61,2,0,111,-3,6.30
fold2_room1_mix1179,61,4,0,-110,-37,1.05
fold2_room1_mix1179,61,4,0,-164,-36,2.80
fold2_room1_mix1179,61,4,0,-81,-33,1.44
fold2_room1_mix1179,62,0,0,-179,0,72.63
fold2_room1_mix1179,62,4,0,-91,-45,1.28
fold2_room1_mix1179,62,4,0,169,-37,3.10
fold2_room1_mix1179,62,4,0,-68,-32,1.04
fold2_room1_mix1179,63,0,0,-179,0,76.71
fold2_room1_mix1179,63,4,0,-46,-39,1.25
fold2_room1_mix1179,63,4,0,-46,-34,1.14
fold2_room1_mix1179,64,0,0,179,0,73.45
fold2_room1_mix1179,64,4,0,-40,-54,1.58
fold2_room1_mix1179,64,4,0,157,-33,2.27
fold2_room1_mix1179,64,4,0,-39,-26,1.24
fold2_room1_mix1179,65,0,0,-179,0,90.95
fold2_room1_mix1179,65,4,0,-18,-39,1.58
fold2_room1_mix1179,65,4,0,152,-30,2.03
fold2_room1_mix1179,65,4,0,-35,-23,1.34
fold2_room1_mix1179,66,0,0,177,0,58.18
fold2_room1_mix1179,66,2,0,106,-3,7.61
fold2_room1_mix1179,66,4,0,-14,-30,1.73
fold2_room1_mix1179,66,4,0,153,-23,1.69
fold2_room1_mix1179,66,4,0,-32,-17,1.84
fold2_room1_mix1179,67,0,0,-179,0,66.20
fold2_room1_mix1179,67,2,0,112,-3,8.00
fold2_room1_mix1179,67,4,0,-6,-27,1.73
fold2_room1_mix1179,67,4,0,153,-22,1.56
fold2_room1_mix1179,67,4,0,-31,-17,1.85
fold2_room1_mix1179,68,0,0,-179,0,84.96
fold2_room1_mix1179,68,2,0,118,-3,7.70
fold2_room1_mix1179,68,4,0,10,-32,1.92
fold2_room1_mix1179,68,4,0,149,-23,1.40
fold2_room1_mix1179,68,4,0,-28,-15,2.51
fold2_room1_mix1179,69,0,0,179,0,73.40
fold2_room1_mix1179,69,2,0,118,-3,8.27
fold2_room1_mix1179,69,4,0,15,-27,2.37
fold2_room1_mix1179,69,4,0,148,-21,1.34
fold2_room1_mix1179,69,4,0,-26,-13,3.20
fold2_room1_mix1179,70,0,0,-179,0,91.23
fold2_room1_mix1179,70,2,0,119,-2,8.07
fold2_room1_mix1179,70,4,0,34,-37,2.22
fold2_room1_mix1179,70,4,0,139,-22,1.25
fold2_room1_mix1179,70,4,0,-26,-13,3.39
fold2_room1_mix1179,71,0,0,-179,0,84.43
fold2_room1_mix1179,71,4,0,104,-34,1.81
fold2_room1_mix1179,71,4,0,132,-25,0.76
fold2_room1_mix1179,71,4,0,-27,-11,3.65
fold2_room1_mix1179,72,0,0,178,0,75.45
fold2_room1_mix1179,72,4,0,88,-32,2.19
fold2_room1_mix1179,72,4,0,131,-22,1.04
fold2_room1_mix1179,72,4,0,-26,-11,4.02
fold2_room1_mix1179,73,0,0,176,0,73.13
fold2_room1_mix1179,73,4,0,124,-26,1.30
fold2_room1_mix1179,73,4,0,-25,-13,3.98
fold2_room1_mix1179,74,0,0,176,0,70.27
fold2_room1_mix1179,74,4,0,100,-30,1.84
fold2_room1_mix1179,74,4,0,124,-24,0.83
fold2_room1_mix1179,74,4,0,-27,-11,4.20
fold2_room1_mix1179,75,0,0,173,0,65.76
fold2_room1_mix1179,75,2,0,110,-3,2.84
fold2_room1_mix1179,75,4,0,86,-34,1.99
fold2_room1_mix1179,75,4,0,120,-27,0.81
fold2_room1_mix1179,75,4,0,-26,-14,3.87
fold2_room1_mix1179,76,0,0,176,0,67.75
fold2_room1_mix1179,76,2,0,118,-2,8.03
fold2_room1_mix1179,76,4,0,87,-30,1.78
fold2_room1_mix1179,76,4,0,107,-27,0.80
fold2_room1_mix1179,76,4,0,-29,-13,3.97
fold2_room1_mix1179,77,0,0,177,0,62.52
fold2_room1_mix1179,77,2,0,128,-2,9.85
fold2_room1_mix1179,77,4,0,83,-31,1.44
fold2_room1_mix1179,77,4,0,-28,-14,4.57
fold2_room1_mix1179,78,0,0,177,0,80.58
fold2_room1_mix1179,78,2,0,122,-2,10.00
fold2_room1_mix1179,78,4,0,33,-29,2.95
fold2_room1_mix1179,78,4,0,84,-30,0.81
fold2_room1_mix1179,78,4,0,-24,-13,4.60
fold2_room1_mix1179,79,0,0,178,0,71.81
fold2_room1_mix1179,79,2,0,116,-2,10.48
fold2_room1_mix1179,79,4,0,15,-28,3.42
fold2_room1_mix1179,79,4,0,81,-29,0.84
fold2_room1_mix1179,79,4,0,-21,-13,4.83
fold2_room1_mix1179,80,0,0,176,0,86.42
fold2_room1_mix1179,80,2,0,118,-2,8.65
fold2_room1_mix1179,80,4,0,13,-21,3.27
fold2_room1_mix1179,80,4,0,79,-26,1.16
fold2_room1_mix1179,80,4,0,-20,-11,4.78
fold2_room1_mix1179,81,0,0,178,0,105.09
fold2_room1_mix1179,81,4,0,7,-17,3.38
fold2_room1_mix1179,81,4,0,90,-26,1.29
fold2_room1_mix1179,81,4,0,-12,-10,4.99
fold2_room1_mix1179,82,0,0,177,0,96.45
fold2_room1_mix1179,82,4,0,4,-16,3.64
fold2_room1_mix1179,82,4,0,84,-25,1.66
fold2_room1_mix1179,82,4,0,-12,-10,5.30
fold2_room1_mix1179,83,0,0,177,0,103.59
fold2_room1_mix1179,83,4,0,8,-14,3.90
fold2_room1_mix1179,83,4,0,66,-22,1.89
fold2_room1_mix1179,83,4,0,-13,-9,5.59
fold2_room1_mix1179,84,0,0,178,0,95.45
fold2_room1_mix1179,84,4,0,11,-12,3.51
fold2_room1_mix1179,84,4,0,59,-17,2.67
fold2_room1_mix1179,84,4,0,-13,-8,5.40
fold2_room1_mix1179,85,0,0,178,0,102.40
fold2_room1_mix1179,85,4,0,6,-11,4.17
fold2_room1_mix1179,85,4,0,61,-16,2.94
fold2_room1_mix1179,85,4,0,-10,-8,5.46
fold2_room1_mix1179,86,0,0,178,0,104.13
fold2_room1_mix1179,86,4,0,2,-9,4.95
fold2_room1_mix1179,86,4,0,-3,-8,5.46
fold2_room1_mix1179,87,0,0,177,0,123.60
fold2_room1_mix1179,87,2,0,123,-2,3.21
fold2_room1_mix1179,87,4,0,3,-7,5.25
fold2_room1_mix1179,87,4,0,-2,-7,5.41
fold2_room1_mix1179,88,0,0,178,0,117.64
fold2_room1_mix1179,88,2,0,120,-2,4.92
fold2_room1_mix1179,88,4,0,0,-7,5.90
fold2_room1_mix1179,88,4,0,-3,-7,5.79
fold2_room1_mix1179,89,0,0,177,0,125.88
fold2_room1_mix1179,89,4,0,0,-7,6.38
fold2_room1_mix1179,89,4,0,-4,-6,6.33
fold2_room1_mix1179,90,0,0,179,0,142.57
fold2_room1_mix1179,90,4,0,0,-6,6.05
fold2_room1_mix1179,90,4,0,-4,-6,6.14
fold2_room1_mix1179,91,0,0,-179,0,146.69
fold2_room1_mix1179,91,4,0,0,-6,6.71
fold2_room1_mix1179,91,4,0,-3,-5,6.87
fold2_room1_mix1179,92,0,0,178,0,138.94
fold2_room1_mix1179,92,4,0,0,-6,6.65
fold2_room1_mix1179,92,4,0,-3,-5,6.94
fold2_room1_mix1179,93,0,0,179,0,146.11
fold2_room1_mix1179,93,4,0,0,-5,6.79
fold2_room1_mix1179,93,4,0,-3,-5,7.07
fold2_room1_mix1179,94,0,0,179,0,127.82
fold2_room1_mix1179,94,2,0,140,-2,8.15
fold2_room1_mix1179,94,4,0,0,-5,7.45
fold2_room1_mix1179,94,4,0,-1,-5,7.37
fold2_room1_mix1179,95,0,0,179,0,121.88
fold2_room1_mix1179,95,2,0,138,-2,11.31
fold2_room1_mix1179,95,4,0,-4,-5,8.14
fold2_room1_mix1179,95,4,0,-4,-5,7.83
fold2_room1_mix1179,96,0,0,179,0,115.18
fold2_room1_mix1179,96,2,0,139,-2,11.71
fold2_room1_mix1179,96,4,0,0,-5,6.94
fold2_room1_mix1179,96,4,0,-1,-5,6.90
fold2_room1_mix1179,97,0,0,179,0,141.90
fold2_room1_mix1179,97,2,0,129,-2,9.66
fold2_room1_mix1179,97,4,0,0,-5,6.97
fold2_room1_mix1179,97,4,0,-1,-5,6.74
fold2_room1_mix1179,98,0,0,179,0,132.23
fold2_room1_mix1179,98,2,0,137,-2,5.00
fold2_room1_mix1179,98,4,0,0,-4,7.56
fold2_room1_mix1179,98,4,0,-1,-4,7.50
fold2_room1_mix1179,99,0,0,178,0,134.85
fold2_room1_mix1179,99,4,0,0,-5,6.81
fold2_room1_mix1179,99,4,0,-2,-5,7.62
fold2_room1_mix1187,2,5,0,95,7,4.13
fold2_room1_mix1187,3,5,0,94,10,2.49
fold2_room1_mix1187,5,5,0,93,4,11.40
fold2_room1_mix1187,6,5,0,94,4,13.76
fold2_room1_mix1187,7,5,0,91,4,7.46
fold2_room1_mix1187,8,5,0,94,5,9.26
fold2_room1_mix1187,9,5,0,94,3,15.48
fold2_room1_mix1187,10,5,0,93,3,14.69
fold2_room1_mix1187,11,5,0,94,3,13.74
fold2_room1_mix1187,12,5,0,91,2,13.88
fold2_room1_mix1187,13,5,0,93,3,13.47
fold2_room1_mix1187,14,5,0,91,2,14.34
fold2_room1_mix1187,15,5,0,90,4,13.16
fold2_room1_mix1187,16,5,0,92,4,10.53
fold2_room1_mix1187,17,5,0,92,3,13.46
fold2_room1_mix1187,18,5,0,89,3,13.71
fold2_room1_mix1187,19,1,0,-29,-1,7.25
fold2_room1_mix1187,19,5,0,89,4,10.57
fold2_room1_mix1187,20,1,0,-19,-1,24.46
fold2_room1_mix1187,20,5,0,85,3,13.21
fold2_room1_mix1187,21,1,0,-23,-2,18.58
fold2_room1_mix1187,21,5,0,91,3,11.04
fold2_room1_mix1187,22,1,0,-23,-1,13.94
fold2_room1_mix1187,22,5,0,90,3,12.27
fold2_room1_mix1187,23,1,0,-18,-1,3.80
fold2_room1_mix1187,23,5,0,85,3,13.34
fold2_room1_mix1187,24,1,0,-25,-1,17.96
fold2_room1_mix1187,24,5,0,88,3,11.87
fold2_room1_mix1187,25,1,0,-24,-2,18.57
fold2_room1_mix1187,25,5,0,85,2,12.34
fold2_room1_mix1187,26,1,0,-25,-2,12.95
fold2_room1_mix1187,26,5,0,88,4,11.47
fold2_room1_mix1187,27,5,0,84,3,11.72
fold2_room1_mix1187,28,1,0,-35,-2,8.57
fold2_room1_mix1187,28,5,0,87,3,13.84
fold2_room1_mix1187,29,1,0,-35,-2,9.85
fold2_room1_mix1187,29,5,0,85,4,11.50
fold2_room1_mix1187,30,1,0,-41,-2,7.52
fold2_room1_mix1187,30,5,0,86,3,12.15
fold2_room1_mix1187,31,5,0,86,3,12.82
fold2_room1_mix1187,32,4,0,-179,-1,8.07
fold2_room1_mix1187,32,5,0,84,4,11.72
fold2_room1_mix1187,33,5,0,86,3,13.97
fold2_room1_mix1187,34,5,0,86,4,12.18
fold2_room1_mix1187,35,5,0,84,6,9.57
fold2_room1_mix1187,36,4,0,-175,-1,4.29
fold2_room1_mix1187,36,5,0,82,3,15.67
fold2_room1_mix1187,37,5,0,83,3,14.34
fold2_room1_mix1187,38,4,0,-174,-1,4.86
fold2_room1_mix1187,38,5,0,80,3,16.32
fold2_room1_mix1187,39,4,0,-174,-1,7.61
fold2_room1_mix1187,39,5,0,83,4,13.96
fold2_room1_mix1187,40,4,0,-173,-1,10.77
fold2_room1_mix1187,40,5,0,82,4,13.72
fold2_room1_mix1187,41,4,0,-170,-1,9.44
fold2_room1_mix1187,41,5,0,83,3,15.11
fold2_room1_mix1187,42,4,0,-172,-1,10.81
fold2_room1_mix1187,42,5,0,82,3,13.71
fold2_room1_mix1187,43,4,0,-171,-1,10.44
fold2_room1_mix1187,43,5,0,84,4,13.21
fold2_room1_mix1187,44,4,0,-171,-1,9.23
fold2_room1_mix1187,44,5,0,82,3,15.02
fold2_room1_mix1187,45,4,0,-166,-1,9.11
fold2_room1_mix1187,45,5,0,83,3,14.29
fold2_room1_mix1187,46,4,0,-166,-2,8.03
fold2_room1_mix1187,46,5,0,84,4,14.06
fold2_room1_mix1187,47,4,0,-166,-2,6.95
fold2_room1_mix1187,47,5,0,84,4,14.20
fold2_room1_mix1187,48,4,0,-163,-2,6.21
fold2_room1_mix1187,48,5,0,81,4,13.11
fold2_room1_mix1187,49,4,0,-160,-3,5.30
fold2_room1_mix1187,49,5,0,85,3,15.46
fold2_room1_mix1187,50,4,0,-155,-4,4.63
fold2_room1_mix1187,50,5,0,82,4,14.66
fold2_room1_mix1187,51,4,0,-148,-6,3.65
fold2_room1_mix1187,51,5,0,79,4,13.16
fold2_room1_mix1187,52,4,0,-138,-8,2.72
fold2_room1_mix1187,52,5,0,81,4,15.45
fold2_room1_mix1187,53,4,0,-122,-10,2.29
fold2_room1_mix1187,53,5,0,79,4,14.59
fold2_room1_mix1187,54,4,0,-100,-12,2.07
fold2_room1_mix1187,54,5,0,86,4,14.53
fold2_room1_mix1187,55,4,0,-78,-12,2.00
fold2_room1_mix1187,55,5,0,85,4,14.39
fold2_room1_mix1187,56,4,0,-60,-9,2.22
fold2_room1_mix1187,56,5,0,87,4,14.45
fold2_room1_mix1187,57,4,0,-45,-7,2.71
fold2_room1_mix1187,57,5,0,81,4,15.34
fold2_room1_mix1187,58,4,0,-32,-5,3.43
fold2_room1_mix1187,58,5,0,81,4,14.90
fold2_room1_mix1187,59,4,0,-28,-5,3.76
fold2_room1_mix1187,59,5,0,77,4,14.07
fold2_room1_mix1187,60,4,0,-24,-4,4.47
fold2_room1_mix1187,60,5,0,78,3,15.89
fold2_room1_mix1187,61,4,0,-20,-3,5.47
fold2_room1_mix1187,61,5,0,77,4,14.27
fold2_room1_mix1187,62,4,0,-19,-3,6.09
fold2_room1_mix1187,62,5,0,79,4,15.35
fold2_room1_mix1187,63,4,0,-14,-3,6.94
fold2_room1_mix1187,63,5,0,76,4,14.52
fold2_room1_mix1187,64,4,0,-15,-3,7.76
fold2_room1_mix1187,64,5,0,79,4,13.96
fold2_room1_mix1187,65,4,0,-15,-2,8.51
fold2_room1_mix1187,65,5,0,79,3,15.68
fold2_room1_mix1187,66,4,0,-15,-2,9.39
fold2_room1_mix1187,66,5,0,78,4,13.37
fold2_room1_mix1187,67,4,0,-13,-2,9.95
fold2_room1_mix1187,67,5,0,77,5,11.21
fold2_room1_mix1187,68,4,0,-12,-2,11.19
fold2_room1_mix1187,68,5,0,81,3,16.28
fold2_room1_mix1187,69,4,0,-12,-1,11.93
fold2_room1_mix1187,69,5,0,78,4,14.82
fold2_room1_mix1187,70,4,0,-12,-1,11.95
fold2_room1_mix1187,70,5,0,78,4,14.91
fold2_room1_mix1187,71,4,0,-12,-2,12.57
fold2_room1_mix1187,71,5,0,77,4,15.13
fold2_room1_mix1187,72,4,0,-11,-1,7.20
fold2_room1_mix1187,72,5,0,77,4,15.76
fold2_room1_mix1187,73,4,0,-8,-1,2.33
fold2_room1_mix1187,73,5,0,77,3,18.29
fold2_room1_mix1187,74,5,0,75,3,16.67
fold2_room1_mix1187,75,4,0,-12,-1,2.22
fold2_room1_mix1187,75,5,0,75,3,16.13
fold2_room1_mix1187,76,4,0,-14,-1,3.43
fold2_room1_mix1187,76,5,0,72,3,16.59
fold2_room1_mix1187,77,5,0,72,3,16.19
fold2_room1_mix1187,78,5,0,69,3,17.59
fold2_room1_mix1187,79,5,0,73,3,16.42
fold2_room1_mix1187,80,5,0,71,4,16.07
fold2_room1_mix1187,81,5,0,70,3,16.92
fold2_room1_mix1187,82,5,0,72,3,17.63
fold2_room1_mix1187,83,5,0,68,4,15.40
fold2_room1_mix1187,84,5,0,68,3,17.21
fold2_room1_mix1187,85,5,0,67,3,15.99
fold2_room1_mix1187,86,5,0,67,3,16.84
fold2_room1_mix1187,87,4,0,-82,0,3.33
fold2_room1_mix1187,87,5,0,66,3,16.19
fold2_room1_mix1187,88,5,0,70,3,16.54
fold2_room1_mix1187,89,4,0,-81,0,4.75
fold2_room1_mix1187,89,5,0,69,3,16.57
fold2_room1_mix1187,90,4,0,-81,0,3.90
fold2_room1_mix1187,90,5,0,69,4,16.81
fold2_room1_mix1187,91,4,0,-77,0,4.99
fold2_room1_mix1187,91,5,0,70,4,16.16
fold2_room1_mix1187,92,4,0,-79,0,1.92
fold2_room1_mix1187,92,5,0,66,4,15.70
fold2_room1_mix1187,93,4,0,-78,0,3.31
fold2_room1_mix1187,93,5,0,68,4,15.90
fold2_room1_mix1187,94,4,0,-71,0,4.45
fold2_room1_mix1187,94,5,0,70,4,16.50
fold2_room1_mix1187,95,4,0,-66,0,5.10
fold2_room1_mix1187,95,5,0,67,4,15.79
fold2_room1_mix1187,96,4,0,-75,0,1.68
fold2_room1_mix1187,96,5,0,65,4,16.08
fold2_room1_mix1187,97,5,0,66,3,16.72
fold2_room1_mix1187,98,5,0,66,3,16.08
fold2_room1_mix1187,99,5,0,63,5,14.00
fold2_room1_mix1196,4,4,0,-179,1,5.97
fold2_room1_mix1196,5,4,0,-179,0,19.57
fold2_room1_mix1196,6,4,0,-179,0,21.19
fold2_room1_mix1196,7,4,0,-177,0,21.93
fold2_room1_mix1196,8,4,0,-179,0,32.86
fold2_room1_mix1196,9,4,0,-179,0,29.49
fold2_room1_mix1196,10,4,0,-179,0,39.91
fold2_room1_mix1196,11,4,0,-179,0,35.65
fold2_room1_mix1196,12,4,0,-178,0,36.87
fold2_room1_mix1196,13,4,0,-178,0,36.28
fold2_room1_mix1196,14,4,0,-179,0,39.92
fold2_room1_mix1196,15,4,0,179,0,34.05
fold2_room1_mix1196,16,4,0,179,0,33.49
fold2_room1_mix1196,17,4,0,-179,0,33.29
fold2_room1_mix1196,18,4,0,-178,0,33.44
fold2_room1_mix1196,19,4,0,-178,0,35.16
fold2_room1_mix1196,20,4,0,-179,0,33.94
fold2_room1_mix1196,21,4,0,-177,0,34.20
fold2_room1_mix1196,22,4,0,-177,0,33.10
fold2_room1_mix1196,23,4,0,-179,0,31.51
fold2_room1_mix1196,24,4,0,-177,0,30.99
fold2_room1_mix1196,25,4,0,-175,0,32.91
fold2_room1_mix1196,26,4,0,-176,0,33.81
fold2_room1_mix1196,27,4,0,-177,0,31.79
fold2_room1_mix1196,28,4,0,-176,0,37.57
fold2_room1_mix1196,29,4,0,-176,0,32.68
fold2_room1_mix1196,30,4,0,-176,0,31.47
fold2_room1_mix1196,31,4,0,-176,0,31.71
fold2_room1_mix1196,32,4,0,-176,0,28.46
fold2_room1_mix1196,33,4,0,-176,0,27.77
fold2_room1_mix1196,34,4,0,-178,0,29.49
fold2_room1_mix1196,35,4,0,-178,0,28.35
fold2_room1_mix1196,36,4,0,-178,0,30.40
fold2_room1_mix1196,37,4,0,-177,0,27.87
fold2_room1_mix1196,38,4,0,-177,0,27.31
fold2_room1_mix1196,39,4,0,-178,0,27.58
fold2_room1_mix1196,40,4,0,-179,0,27.49
fold2_room1_mix1196,41,4,0,-178,0,25.44
fold2_room1_mix1196,42,4,0,-178,0,24.39
fold2_room1_mix1196,43,4,0,-178,0,23.59
fold2_room1_mix1196,44,4,0,178,0,21.70
fold2_room1_mix1196,45,4,0,-179,0,23.31
fold2_room1_mix1196,46,4,0,179,0,20.76
fold2_room1_mix1196,47,4,0,179,-1,20.48
fold2_room1_mix1196,48,4,0,178,0,20.03
fold2_room1_mix1196,49,4,0,177,-1,18.39
fold2_room1_mix1196,50,4,0,177,-1,16.74
fold2_room1_mix1196,51,4,0,-179,-1,17.08
fold2_room1_mix1196,52,4,0,-179,-1,15.07
fold2_room1_mix1196,53,4,0,179,-1,14.67
fold2_room1_mix1196,54,4,0,-179,-1,13.19
fold2_room1_mix1196,55,4,0,-178,-1,12.02
fold2_room1_mix1196,56,4,0,-177,-1,11.66
fold2_room1_mix1196,57,4,0,-179,-2,10.77
fold2_room1_mix1196,58,4,0,-179,-2,10.14
fold2_room1_mix1196,59,4,0,-177,-2,9.20
fold2_room1_mix1196,60,4,0,-178,-3,8.67
fold2_room1_mix1196,61,4,0,-176,-3,7.64
fold2_room1_mix1196,62,4,0,-175,-4,6.26
fold2_room1_mix1196,63,4,0,-176,-4,5.57
fold2_room1_mix1196,64,4,0,-174,-5,4.74
fold2_room1_mix1196,65,4,0,-172,-7,3.85
fold2_room1_mix1196,66,4,0,-171,-10,3.03
fold2_room1_mix1196,67,4,0,-164,-12,2.35
fold2_room1_mix1196,68,4,0,-145,-22,1.52
fold2_room1_mix1196,69,4,0,-71,-32,0.85
fold2_room1_mix1196,70,4,0,-35,-23,1.23
fold2_room1_mix1196,71,4,0,-13,-16,1.82
fold2_room1_mix1196,72,4,0,-10,-11,2.59
fold2_room1_mix1196,73,4,0,-8,-8,3.22
fold2_room1_mix1196,74,4,0,-5,-7,4.44
fold2_room1_mix1196,75,4,0,-4,-5,5.44
fold2_room1_mix1196,76,4,0,-2,-4,6.49
fold2_room1_mix1196,77,4,0,-2,-3,7.09
fold2_room1_mix1196,78,4,0,-2,-3,7.50
fold2_room1_mix1196,79,4,0,-1,-3,8.29
fold2_room1_mix1196,80,4,0,-2,-3,9.50
fold2_room1_mix1196,81,4,0,-2,-2,11.18
fold2_room1_mix1196,82,4,0,-2,-2,11.97
fold2_room1_mix1196,83,4,0,-1,-1,12.37
fold2_room1_mix1196,84,4,0,-1,-1,12.88
fold2_room1_mix1196,85,4,0,-1,-1,13.59
fold2_room1_mix1196,86,4,0,-1,-1,14.28
fold2_room1_mix1196,87,4,0,-1,-1,16.28
fold2_room1_mix1196,88,4,0,-1,-1,16.82
fold2_room1_mix1196,89,4,0,-1,-1,18.13
fold2_room1_mix1196,90,4,0,0,-1,18.47
fold2_room1_mix1196,91,4,0,-2,-1,19.30
fold2_room1_mix1196,92,4,0,-1,-1,20.81
fold2_room1_mix1196,93,4,0,-1,-1,20.39
fold2_room1_mix1196,94,4,0,-1,0,20.72
fold2_room1_mix1196,95,4,0,-1,0,22.39
fold2_room1_mix1196,96,4,0,-1,0,22.29
fold2_room1_mix1196,97,4,0,-1,0,24.18
fold2_room1_mix1196,98,4,0,-1,0,24.12
fold2_room1_mix1196,99,4,0,-1,0,25.62
fold2_room1_mix1199,55,4,0,175,0,7.88
fold2_room1_mix1199,56,4,0,176,-1,9.89
fold2_room1_mix1199,57,4,0,174,-1,11.75
fold2_room1_mix1199,58,4,0,174,-1,12.72
fold2_room1_mix1199,59,4,0,170,-1,13.63
fold2_room1_mix1199,60,4,0,169,-2,12.81
fold2_room1_mix1199,61,4,0,166,-2,11.70
fold2_room1_mix1199,62,4,0,162,-2,10.30
fold2_room1_mix1199,63,4,0,161,-3,8.53
fold2_room1_mix1199,64,4,0,159,-4,7.78
fold2_room1_mix1199,65,4,0,157,-4,6.84
fold2_room1_mix1199,66,4,0,154,-5,6.35
fold2_room1_mix1199,67,4,0,149,-5,5.18
fold2_room1_mix1199,68,4,0,145,-6,4.18
fold2_room1_mix1199,69,4,0,135,-8,3.37
fold2_room1_mix1199,70,4,0,119,-10,2.94
fold2_room1_mix1199,71,4,0,104,-11,2.62
fold2_room1_mix1199,72,4,0,85,-13,2.44
fold2_room1_mix1199,73,4,0,70,-13,2.33
fold2_room1_mix1199,74,4,0,54,-10,3.02
fold2_room1_mix1199,75,4,0,44,-10,3.07
fold2_room1_mix1199,76,4,0,37,-7,4.06
fold2_room1_mix1199,77,4,0,30,-6,4.41
fold2_room1_mix1199,78,4,0,26,-5,5.58
fold2_room1_mix1199,79,4,0,24,-5,5.79
fold2_room1_mix1199,80,4,0,21,-4,6.68
fold2_room1_mix1199,81,4,0,18,-3,8.17
fold2_room1_mix1199,82,4,0,16,-3,8.40
fold2_room1_mix1199,83,4,0,14,-2,9.53
fold2_room1_mix1199,84,4,0,13,-2,10.41
fold2_room1_mix1199,85,4,0,13,-2,11.52
fold2_room1_mix1199,86,4,0,13,-2,13.39
fold2_room1_mix1199,87,4,0,12,-2,14.05
fold2_room1_mix1199,88,4,0,11,-1,16.11
fold2_room1_mix1199,89,4,0,11,-2,15.30
fold2_room1_mix1199,90,4,0,8,-1,12.59
fold2_room1_mix1199,91,4,0,10,-2,5.85
fold2_room1_mix1206,0,6,0,-157,0,1.45
fold2_room1_mix1206,1,6,0,-156,0,1.85
fold2_room1_mix1206,2,6,0,-159,0,2.58
fold2_room1_mix1206,3,6,0,-160,0,2.99
fold2_room1_mix1206,4,6,0,-154,0,3.05
fold2_room1_mix1206,5,6,0,-156,0,3.16
fold2_room1_mix1206,6,6,0,-158,0,3.08
fold2_room1_mix1206,7,6,0,-160,0,3.10
fold2_room1_mix1206,8,6,0,-161,0,3.37
fold2_room1_mix1206,9,6,0,-154,0,2.93
fold2_room1_mix1206,10,6,0,-150,0,2.52
fold2_room1_mix1206,11,6,0,-153,0,2.57
fold2_room1_mix1206,12,6,0,-150,0,2.36
fold2_room1_mix1206,13,6,0,-150,0,2.35
fold2_room1_mix1206,14,6,0,-149,0,2.09
fold2_room1_mix1206,15,6,0,-151,0,2.39
fold2_room1_mix1206,16,6,0,-145,0,1.96
fold2_room1_mix1206,17,6,0,-143,0,2.12
fold2_room1_mix1206,18,6,0,-139,0,1.80
fold2_room1_mix1206,19,6,0,-140,0,1.64
fold2_room1_mix1206,20,6,0,-138,0,1.79
fold2_room1_mix1206,21,6,0,-135,0,1.70
fold2_room1_mix1206,22,6,0,-134,0,1.57
fold2_room1_mix1206,23,6,0,-129,0,1.37
fold2_room1_mix1206,24,6,0,-124,0,1.32
fold2_room1_mix1206,25,6,0,-121,0,1.24
fold2_room1_mix1206,26,6,0,-119,0,1.38
fold2_room1_mix1206,27,6,0,-110,0,1.16
fold2_room1_mix1206,28,6,0,-108,0,1.19
fold2_room1_mix1206,29,6,0,-99,0,1.13
fold2_room1_mix1206,30,6,0,-93,0,1.13
fold2_room1_mix1206,31,6,0,-85,0,1.22
fold2_room1_mix1206,32,6,0,-79,0,1.38
fold2_room1_mix1206,33,6,0,-71,0,1.51
fold2_room1_mix1206,34,6,0,-63,0,1.57
fold2_room1_mix1206,35,6,0,-61,0,1.52
fold2_room1_mix1206,36,6,0,-55,0,1.53
fold2_room1_mix1206,37,6,0,-52,0,1.55
fold2_room1_mix1206,38,6,0,-48,0,1.56
fold2_room1_mix1206,39,6,0,-44,0,1.67
fold2_room1_mix1206,40,6,0,-42,0,1.81
fold2_room1_mix1206,41,6,0,-40,0,1.85
fold2_room1_mix1206,42,6,0,-38,0,2.07
fold2_room1_mix1206,43,6,0,-34,0,2.13
fold2_room1_mix1206,44,6,0,-33,0,2.11
fold2_room1_mix1206,45,6,0,-31,0,2.39
fold2_room1_mix1206,46,6,0,-29,0,2.77
fold2_room1_mix1206,47,6,0,-29,0,2.66
fold2_room1_mix1206,48,6,0,-28,0,2.77
fold2_room1_mix1206,49,6,0,-29,0,2.52
fold2_room1_mix1206,50,6,0,-24,0,3.40
fold2_room1_mix1206,51,6,0,-23,0,2.94
fold2_room1_mix1206,52,6,0,-23,0,3.31
fold2_room1_mix1206,53,6,0,-19,0,3.27
fold2_room1_mix1206,54,6,0,-18,0,3.46
fold2_room1_mix1206,55,6,0,-18,0,3.78
fold2_room1_mix1206,56,6,0,-18,0,3.68
fold2_room1_mix1206,57,6,0,-14,0,3.76
fold2_room1_mix1206,58,6,0,-14,0,3.86
fold2_room1_mix1206,59,6,0,-15,0,3.55
fold2_room1_mix1206,60,6,0,-15,0,3.92
fold2_room1_mix1206,61,6,0,-12,0,2.76
fold2_room1_mix1206,62,6,0,-9,0,3.19
fold2_room1_mix1206,63,6,0,-7,0,2.62
fold2_room1_mix1206,66,6,0,-12,0,3.60
fold2_room1_mix1206,67,6,0,-12,0,3.00
fold2_room1_mix1206,68,6,0,-11,0,3.55
fold2_room1_mix1206,69,6,0,-9,0,4.06
fold2_room1_mix1206,70,6,0,-6,0,2.64
fold2_room1_mix1206,72,6,0,-8,0,2.71
fold2_room1_mix1206,73,6,0,-11,0,3.77
fold2_room1_mix1206,74,6,0,-8,0,4.16
fold2_room1_mix1206,75,6,0,-7,0,2.47
fold2_room1_mix1206,76,6,0,-6,0,2.64
fold2_room1_mix1206,77,6,0,-8,0,2.68
fold2_room1_mix1206,79,6,0,-6,0,2.17
fold2_room1_mix1206,80,6,0,-6,0,2.04
fold2_room1_mix1206,81,6,0,-8,0,2.71
fold2_room1_mix1206,83,6,0,-5,0,2.03
fold2_room1_mix1206,84,6,0,-8,0,2.19
fold2_room1_mix1206,85,6,0,-4,0,1.79
fold2_room1_mix1206,86,6,0,-11,0,2.54
fold2_room1_mix1206,87,6,0,-14,0,2.64
fold2_room1_mix1206,91,6,0,-11,0,2.24
fold2_room1_mix1213,0,6,0,-81,0,0.48
fold2_room1_mix1213,1,6,0,-82,0,0.48
fold2_room1_mix1213,2,6,0,-74,0,0.82
fold2_room1_mix1213,3,6,0,-74,0,0.53
fold2_room1_mix1213,5,6,0,-69,0,0.66
fold2_room1_mix1213,6,6,0,-63,0,0.95
fold2_room1_mix1213,8,6,0,-62,0,0.64
fold2_room1_mix1213,9,6,0,-60,0,0.71
fold2_room1_mix1225,55,6,0,-40,0,1.18
fold2_room1_mix1225,56,6,0,-56,0,2.14
fold2_room1_mix1225,57,6,0,-72,0,1.78
fold2_room1_mix1225,58,6,0,-100,0,1.92
fold2_room1_mix1225,59,6,0,-124,0,1.93
fold2_room1_mix1225,60,6,0,-135,0,2.34
fold2_room1_mix1225,61,6,0,-144,0,2.53
fold2_room1_mix1225,62,6,0,-151,0,1.70
fold2_room1_mix1225,63,6,0,-155,0,1.25
fold2_room1_mix1228,50,6,0,-154,0,1.53
fold2_room1_mix1228,51,6,0,-150,0,1.62
fold2_room1_mix1228,52,6,0,-140,0,2.23
fold2_room1_mix1228,53,6,0,-140,0,2.28
fold2_room1_mix1228,54,6,0,-131,0,2.07
fold2_room1_mix1228,55,6,0,-122,0,1.69
fold2_room1_mix1228,56,6,0,-107,0,1.66
fold2_room1_mix1228,57,6,0,-83,0,1.53
fold2_room1_mix1228,58,6,0,-64,0,1.74
fold2_room1_mix1228,59,6,0,-53,0,1.88
fold2_room1_mix1228,60,6,0,-46,0,1.94
fold2_room1_mix1228,61,6,0,-38,0,2.19
fold2_room1_mix1228,62,6,0,-33,0,2.30
fold2_room1_mix1228,63,6,0,-27,0,2.75
fold2_room1_mix1228,64,6,0,-25,0,2.94
fold2_room1_mix1231,1,6,0,15,0,1.46
fold2_room1_mix1231,2,6,0,13,0,2.92
fold2_room1_mix1231,3,6,0,18,0,2.84
fold2_room1_mix1231,4,6,0,16,0,3.95
fold2_room1_mix1231,5,6,0,18,0,4.38
fold2_room1_mix1231,6,6,0,20,0,3.13
fold2_room1_mix1231,7,6,0,20,0,3.65
fold2_room1_mix1231,8,6,0,22,0,3.51
fold2_room1_mix1231,9,6,0,24,0,3.14
fold2_room1_mix1231,10,6,0,24,0,3.93
fold2_room1_mix1231,11,6,0,25,0,3.74
fold2_room1_mix1231,12,6,0,24,0,3.84
fold2_room1_mix1231,13,6,0,28,0,3.56
fold2_room1_mix1231,14,6,0,25,0,3.17
fold2_room1_mix1231,15,6,0,25,0,3.35
fold2_room1_mix1231,16,6,0,28,0,3.36
fold2_room1_mix1231,17,6,0,29,0,2.93
fold2_room1_mix1231,18,6,0,29,0,2.54
fold2_room1_mix1231,19,6,0,29,0,2.78
fold2_room1_mix1231,20,6,0,30,0,2.74
fold2_room1_mix1231,21,6,0,31,0,2.65
fold2_room1_mix1231,22,6,0,30,0,2.38
fold2_room1_mix1231,23,6,0,32,0,2.52
fold2_room1_mix1231,24,6,0,35,0,2.49
fold2_room1_mix1231,25,6,0,32,0,2.54
fold2_room1_mix1231,26,6,0,32,0,2.55
fold2_room1_mix1231,27,6,0,34,0,2.36
fold2_room1_mix1231,28,6,0,38,0,2.26
fold2_room1_mix1231,29,6,0,37,0,2.42
fold2_room1_mix1231,30,6,0,39,0,2.12
fold2_room1_mix1231,31,6,0,40,0,2.23
fold2_room1_mix1231,32,6,0,40,0,2.22
fold2_room1_mix1231,33,6,0,41,0,2.09
fold2_room1_mix1231,34,6,0,42,0,2.18
fold2_room1_mix1231,35,6,0,45,0,2.17
fold2_room1_mix1231,36,6,0,51,0,1.90
fold2_room1_mix1231,37,6,0,49,0,2.16
fold2_room1_mix1231,38,6,0,55,0,1.69
fold2_room1_mix1231,39,6,0,58,0,1.71
fold2_room1_mix1231,40,6,0,61,0,1.62
fold2_room1_mix1231,41,6,0,65,0,1.61
fold2_room1_mix1231,42,6,0,72,0,1.49
fold2_room1_mix1231,43,6,0,74,0,1.61
fold2_room1_mix1231,44,6,0,81,0,1.67
fold2_room1_mix1231,45,6,0,87,0,1.63
fold2_room1_mix1231,46,6,0,93,0,1.80
fold2_room1_mix1231,47,6,0,91,0,1.70
fold2_room1_mix1231,48,6,0,96,0,1.73
fold2_room1_mix1231,49,6,0,101,0,1.72
fold2_room1_mix1231,50,6,0,105,0,1.74
fold2_room1_mix1231,51,6,0,113,0,1.95
fold2_room1_mix1231,52,6,0,115,0,1.93
fold2_room1_mix1231,53,6,0,120,0,2.02
fold2_room1_mix1231,54,6,0,121,0,1.83
fold2_room1_mix1231,55,6,0,123,0,1.90
fold2_room1_mix1231,56,6,0,126,0,2.13
fold2_room1_mix1231,57,6,0,127,0,2.10
fold2_room1_mix1231,58,6,0,133,0,2.46
fold2_room1_mix1231,59,6,0,131,0,2.30
fold2_room1_mix1231,60,6,0,133,0,2.27
fold2_room1_mix1231,61,6,0,138,0,2.74
fold2_room1_mix1231,62,6,0,142,0,2.70
fold2_room1_mix1231,63,6,0,142,0,2.81
fold2_room1_mix1231,64,6,0,144,0,2.80
fold2_room1_mix1231,65,6,0,144,0,2.76
fold2_room1_mix1231,66,6,0,142,0,2.65
fold2_room1_mix1231,67,6,0,147,0,2.98
fold2_room1_mix1231,68,6,0,148,0,3.07
fold2_room1_mix1231,69,6,0,148,0,2.94
fold2_room1_mix1231,70,6,0,151,0,3.11
fold2_room1_mix1231,71,6,0,150,0,3.05
fold2_room1_mix1231,72,6,0,154,0,3.58
fold2_room1_mix1231,73,6,0,152,0,3.58
fold2_room1_mix1231,74,6,0,155,0,3.63
fold2_room1_mix1231,75,6,0,157,0,3.87
fold2_room1_mix1231,76,6,0,156,0,3.36
fold2_room1_mix1231,77,6,0,157,0,3.02
fold2_room1_mix1231,78,6,0,155,0,2.70
fold2_room1_mix1231,79,6,0,154,0,3.23
fold2_room1_mix1231,80,6,0,156,0,3.02
fold2_room1_mix1231,81,6,0,154,0,3.46
fold2_room1_mix1231,82,6,0,155,0,3.49
fold2_room1_mix1231,83,6,0,157,0,2.94
fold2_room1_mix1231,84,6,0,158,0,3.81
fold2_room1_mix1231,85,6,0,157,0,4.23
fold2_room1_mix1231,86,6,0,159,0,2.27
fold2_room1_mix1231,88,6,0,156,0,1.97
fold2_room1_mix1231,89,6,0,156,0,2.39
fold2_room1_mix1231,90,6,0,157,0,2.06
fold2_room1_mix1231,91,6,0,158,0,2.57
fold2_room1_mix1231,92,6,0,158,0,2.75
fold2_room1_mix1231,93,6,0,157,0,4.46
fold2_room1_mix1231,94,6,0,154,0,4.69
fold2_room1_mix1231,95,6,0,158,0,5.36
fold2_room1_mix1231,96,6,0,155,0,3.17
fold2_room1_mix1231,97,6,0,157,0,2.58
fold2_room1_mix1266,2,6,0,56,0,1.07
fold2_room1_mix1266,4,6,0,58,0,0.97
fold2_room1_mix1266,7,6,0,77,0,0.71
fold2_room1_mix1266,8,6,0,72,0,1.29
fold2_room1_mix1266,9,6,0,79,0,1.31
fold2_room1_mix1266,10,6,0,83,0,0.76
fold2_room1_mix1266,11,6,0,83,0,1.00
fold2_room1_mix1266,12,6,0,88,0,1.26
fold2_room1_mix1266,13,6,0,89,0,1.32
fold2_room1_mix1266,14,6,0,92,0,1.29
fold2_room1_mix1266,15,6,0,93,0,1.73
fold2_room1_mix1266,16,6,0,98,0,1.67
fold2_room1_mix1266,17,6,0,95,0,1.26
fold2_room1_mix1266,18,6,0,94,0,0.56
fold2_room1_mix1266,21,6,0,104,0,0.55
fold2_room1_mix1266,22,6,0,106,0,0.87
fold2_room1_mix1266,23,6,0,112,0,0.73
fold2_room1_mix1267,76,6,0,-157,0,1.55
fold2_room1_mix1267,77,6,0,-153,0,1.38
fold2_room1_mix1267,78,6,0,-154,0,0.99
fold2_room1_mix1267,79,6,0,-148,0,1.46
fold2_room1_mix1267,80,6,0,-142,0,1.96
fold2_room1_mix1267,81,6,0,-140,0,1.82
fold2_room1_mix1267,82,6,0,-138,0,1.81
fold2_room1_mix1267,83,6,0,-131,0,1.62
fold2_room1_mix1267,84,6,0,-131,0,1.58
fold2_room1_mix1267,85,6,0,-123,0,1.33
fold2_room1_mix1267,86,6,0,-116,0,1.13
fold2_room1_mix1267,87,6,0,-106,0,0.99
fold2_room1_mix1267,88,6,0,-95,0,0.92
fold2_room1_mix1267,89,6,0,-82,0,0.99
fold2_room1_mix1267,90,6,0,-74,0,1.05
fold2_room1_mix1267,91,6,0,-64,0,1.05
fold2_room1_mix1267,92,6,0,-55,0,1.21
fold2_room1_mix1267,93,6,0,-51,0,1.27
fold2_room1_mix1267,94,6,0,-46,0,1.49
fold2_room1_mix1267,95,6,0,-41,0,1.79
fold2_room1_mix1267,96,6,0,-42,0,1.68
fold2_room1_mix1267,97,6,0,-37,0,1.87
fold2_room1_mix1267,98,6,0,-31,0,2.19
fold2_room1_mix1267,99,6,0,-34,0,1.02
fold2_room1_mix1272,46,6,0,0,0,1.78
fold2_room1_mix1272,49,6,0,-9,0,3.38
fold2_room1_mix1272,51,6,0,-21,0,4.13
fold2_room1_mix1272,52,6,0,-22,0,2.67
fold2_room1_mix1272,53,6,0,-25,0,3.91
fold2_room1_mix1272,54,6,0,-32,0,3.04
fold2_room1_mix1272,55,6,0,-36,0,3.06
fold2_room1_mix1272,56,6,0,-45,0,2.43
fold2_room1_mix1272,57,6,0,-59,0,1.87
fold2_room1_mix1272,58,6,0,-80,0,1.48
fold2_room1_mix1272,59,6,0,-109,0,1.55
fold2_room1_mix1272,60,6,0,-124,0,1.78
fold2_room1_mix1272,61,6,0,-139,0,2.06
fold2_room1_mix1272,62,6,0,-145,0,2.45
fold2_room1_mix1272,63,6,0,-154,0,3.07
fold2_room1_mix1272,64,6,0,-161,0,3.30
fold2_room1_mix1272,65,6,0,-162,0,3.56
fold2_room1_mix1272,67,6,0,-168,0,2.68
fold2_room1_mix1274,1,6,0,165,0,1.36
fold2_room1_mix1274,6,6,0,167,0,1.08
fold2_room1_mix1274,7,6,0,171,0,1.42
fold2_room1_mix1274,9,6,0,168,0,1.72
fold2_room1_mix1274,10,6,0,160,0,2.57
fold2_room1_mix1274,11,6,0,165,0,2.97
fold2_room1_mix1274,12,6,0,165,0,3.30
fold2_room1_mix1274,13,6,0,166,0,2.43
fold2_room1_mix1274,14,6,0,162,0,2.90
fold2_room1_mix1274,15,6,0,168,0,3.27
fold2_room1_mix1274,16,6,0,165,0,3.07
fold2_room1_mix1274,17,6,0,164,0,3.09
fold2_room1_mix1274,18,6,0,166,0,2.84
fold2_room1_mix1274,19,6,0,161,0,2.85
fold2_room1_mix1274,20,6,0,160,0,2.45
fold2_room1_mix1274,21,6,0,158,0,2.45
fold2_room1_mix1274,22,6,0,158,0,2.57
fold2_room1_mix1274,23,6,0,156,0,2.50
fold2_room1_mix1274,24,6,0,158,0,2.59
fold2_room1_mix1274,25,6,0,159,0,2.49
fold2_room1_mix1274,26,6,0,156,0,2.44
fold2_room1_mix1274,27,6,0,155,0,2.30
fold2_room1_mix1274,28,6,0,154,0,2.63
fold2_room1_mix1274,29,6,0,156,0,2.56
fold2_room1_mix1274,30,6,0,152,0,2.35
fold2_room1_mix1274,31,6,0,151,0,2.35
fold2_room1_mix1274,32,6,0,148,0,2.11
fold2_room1_mix1274,33,6,0,149,0,1.81
fold2_room1_mix1274,34,6,0,147,0,1.91
fold2_room1_mix1274,35,6,0,145,0,1.67
fold2_room1_mix1274,36,6,0,140,0,1.69
fold2_room1_mix1274,37,6,0,142,0,1.72
fold2_room1_mix1274,38,6,0,139,0,1.57
fold2_room1_mix1274,39,6,0,133,0,1.50
fold2_room1_mix1274,40,6,0,134,0,1.55
fold2_room1_mix1274,41,6,0,130,0,1.37
fold2_room1_mix1274,42,6,0,127,0,1.31
fold2_room1_mix1274,43,6,0,123,0,1.23
fold2_room1_mix1274,44,6,0,117,0,1.11
fold2_room1_mix1274,45,6,0,113,0,1.08
fold2_room1_mix1274,46,6,0,107,0,1.02
fold2_room1_mix1274,47,6,0,101,0,0.99
fold2_room1_mix1274,48,6,0,93,0,0.88
fold2_room1_mix1274,49,6,0,92,0,0.97
fold2_room1_mix1274,50,6,0,86,0,1.01
fold2_room1_mix1274,51,6,0,80,0,0.98
fold2_room1_mix1274,52,6,0,75,0,1.05
fold2_room1_mix1274,53,6,0,68,0,1.02
fold2_room1_mix1274,54,6,0,64,0,1.05
fold2_room1_mix1274,55,6,0,59,0,1.10
fold2_room1_mix1274,56,6,0,56,0,1.17
fold2_room1_mix1274,57,6,0,51,0,1.25
fold2_room1_mix1274,58,6,0,51,0,1.29
fold2_room1_mix1274,59,6,0,46,0,1.42
fold2_room1_mix1274,60,6,0,44,0,1.57
fold2_room1_mix1274,61,6,0,40,0,1.53
fold2_room1_mix1274,62,6,0,37,0,1.81
fold2_room1_mix1274,63,6,0,38,0,1.67
fold2_room1_mix1274,64,6,0,36,0,1.81
fold2_room1_mix1274,65,6,0,35,0,1.82
fold2_room1_mix1274,66,6,0,34,0,1.94
fold2_room1_mix1274,67,6,0,33,0,2.03
fold2_room1_mix1274,68,6,0,30,0,2.48
fold2_room1_mix1274,69,6,0,30,0,2.43
fold2_room1_mix1274,70,6,0,29,0,2.59
fold2_room1_mix1274,71,6,0,28,0,2.84
fold2_room1_mix1274,72,6,0,29,0,2.59
fold2_room1_mix1274,73,6,0,28,0,2.63
fold2_room1_mix1274,74,6,0,27,0,2.78
fold2_room1_mix1274,75,6,0,26,0,2.95
fold2_room1_mix1274,76,6,0,25,0,2.95
fold2_room1_mix1274,77,6,0,24,0,3.33
fold2_room1_mix1274,78,6,0,25,0,3.17
fold2_room1_mix1274,79,6,0,21,0,3.55
fold2_room1_mix1274,80,6,0,21,0,3.53
fold2_room1_mix1274,81,6,0,23,0,3.16
fold2_room1_mix1274,82,6,0,22,0,3.38
fold2_room1_mix1274,83,6,0,22,0,3.19
fold2_room1_mix1274,84,6,0,19,0,4.28
fold2_room1_mix1274,85,6,0,21,0,3.73
fold2_room1_mix1274,86,6,0,18,0,4.39
fold2_room1_mix1274,87,6,0,19,0,3.93
fold2_room1_mix1274,88,6,0,19,0,4.63
fold2_room1_mix1274,89,6,0,21,0,4.53
fold2_room1_mix1274,90,6,0,19,0,1.40
fold2_room1_mix1274,94,6,0,15,0,1.74
fold2_room1_mix1274,96,6,0,20,0,2.82
fold2_room1_mix1274,97,6,0,18,0,1.79
fold2_room1_mix1288,84,6,0,-44,0,1.19
fold2_room1_mix1288,85,6,0,-48,0,1.15
fold2_room1_mix1288,86,6,0,-59,0,1.31
fold2_room1_mix1288,87,6,0,-58,0,1.86
fold2_room1_mix1288,88,6,0,-57,0,2.16
fold2_room1_mix1288,89,6,0,-67,0,1.92
fold2_room1_mix1288,90,6,0,-74,0,2.01
fold2_room1_mix1288,91,6,0,-77,0,2.11
fold2_room1_mix1288,92,6,0,-84,0,1.80
fold2_room1_mix1288,93,6,0,-88,0,1.93
fold2_room1_mix1288,94,6,0,-96,0,1.86
fold2_room1_mix1288,95,6,0,-101,0,2.09
fold2_room1_mix1288,96,6,0,-105,0,2.04
fold2_room1_mix1288,97,6,0,-114,0,2.29
fold2_room1_mix1288,98,6,0,-116,0,2.23
fold2_room1_mix1288,99,6,0,-127,0,2.62
fold2_room1_mix1300,6,6,0,-146,0,1.09
fold2_room1_mix1300,14,6,0,-149,0,1.24
fold2_room1_mix1300,43,6,0,-151,0,0.89
fold2_room1_mix1300,53,6,0,-149,0,1.15
fold2_room1_mix1300,86,6,0,-144,0,1.07
fold2_room1_mix1300,87,6,0,-146,0,1.02
fold2_room1_mix1300,93,6,0,-150,0,2.08
fold2_room1_mix1300,94,6,0,-147,0,2.52
fold2_room1_mix1300,95,6,0,-148,0,1.62
fold2_room1_mix1300,97,6,0,-153,0,1.10
fold2_room1_mix1300,99,6,0,-147,0,1.61
fold2_room1_mix1325,14,6,0,161,0,2.70
fold2_room1_mix1325,15,6,0,164,0,2.40
fold2_room1_mix1325,16,6,0,159,0,2.41
fold2_room1_mix1325,17,6,0,160,0,2.47
fold2_room1_mix1325,18,6,0,160,0,2.56
fold2_room1_mix1325,19,6,0,157,0,2.42
fold2_room1_mix1325,20,6,0,153,0,1.48
fold2_room1_mix1325,21,6,0,157,0,2.41
fold2_room1_mix1325,22,6,0,154,0,2.20
fold2_room1_mix1325,23,6,0,152,0,2.23
fold2_room1_mix1325,24,6,0,145,0,2.45
fold2_room1_mix1325,25,6,0,150,0,2.27
fold2_room1_mix1325,26,6,0,146,0,2.44
fold2_room1_mix1325,27,6,0,144,0,2.33
fold2_room1_mix1325,28,6,0,141,0,2.02
fold2_room1_mix1325,29,6,0,136,0,1.82
fold2_room1_mix1325,30,6,0,134,0,1.65
fold2_room1_mix1325,31,6,0,127,0,1.40
fold2_room1_mix1325,32,6,0,123,0,1.27
fold2_room1_mix1325,33,6,0,117,0,1.23
fold2_room1_mix1325,34,6,0,109,0,1.09
fold2_room1_mix1325,35,6,0,99,0,1.22
fold2_room1_mix1325,36,6,0,89,0,1.13
fold2_room1_mix1325,37,6,0,81,0,1.11
fold2_room1_mix1325,38,6,0,69,0,1.19
fold2_room1_mix1325,39,6,0,63,0,1.19
fold2_room1_mix1325,40,6,0,56,0,1.32
fold2_room1_mix1325,41,6,0,52,0,1.36
fold2_room1_mix1325,42,6,0,48,0,1.40
fold2_room1_mix1325,43,6,0,42,0,1.76
fold2_room1_mix1325,44,6,0,42,0,1.70
fold2_room1_mix1325,45,6,0,38,0,2.01
fold2_room1_mix1325,46,6,0,34,0,2.41
fold2_room1_mix1325,47,6,0,34,0,2.29
fold2_room1_mix1325,48,6,0,31,0,2.59
fold2_room1_mix1325,49,6,0,35,0,2.54
fold2_room1_mix1325,50,6,0,30,0,2.90
fold2_room1_mix1325,51,6,0,30,0,2.77
fold2_room1_mix1325,52,6,0,30,0,2.52
fold2_room1_mix1325,53,6,0,29,0,2.26
fold2_room1_mix1325,54,6,0,29,0,1.46
fold2_room1_mix1325,55,6,0,28,0,1.21
fold2_room1_mix1325,57,6,0,25,0,1.56
fold2_room1_mix1325,58,6,0,22,0,2.98
fold2_room1_mix1325,59,6,0,22,0,2.05
fold2_room1_mix1325,61,6,0,23,0,2.29
fold2_room1_mix1335,2,6,0,152,0,1.20
fold2_room1_mix1335,5,6,0,177,0,2.54
fold2_room1_mix1335,11,6,0,166,0,1.45
fold2_room1_mix1335,16,6,0,159,0,1.88
fold2_room1_mix1335,17,6,0,165,0,1.34
fold2_room1_mix1335,18,6,0,156,0,2.66
fold2_room1_mix1335,19,6,0,158,0,2.22
fold2_room1_mix1335,20,6,0,160,0,2.78
fold2_room1_mix1335,21,6,0,154,0,1.36
fold2_room1_mix1335,22,6,0,158,0,2.88
fold2_room1_mix1335,23,6,0,155,0,1.64
fold2_room1_mix1335,24,6,0,162,0,2.84
fold2_room1_mix1335,25,6,0,158,0,2.81
fold2_room1_mix1335,26,6,0,155,0,2.71
fold2_room1_mix1335,27,6,0,146,0,2.62
fold2_room1_mix1335,28,6,0,149,0,2.56
fold2_room1_mix1335,29,6,0,145,0,2.53
fold2_room1_mix1335,30,6,0,146,0,2.52
fold2_room1_mix1335,31,6,0,148,0,2.48
fold2_room1_mix1335,32,6,0,148,0,2.92
fold2_room1_mix1335,33,6,0,142,0,2.78
fold2_room1_mix1335,34,6,0,139,0,2.53
fold2_room1_mix1335,35,6,0,144,0,2.56
fold2_room1_mix1335,36,6,0,137,0,2.58
fold2_room1_mix1335,37,6,0,140,0,2.68
fold2_room1_mix1335,38,6,0,137,0,2.46
fold2_room1_mix1335,39,6,0,136,0,2.36
fold2_room1_mix1335,40,6,0,129,0,2.17
fold2_room1_mix1335,41,6,0,128,0,1.96
fold2_room1_mix1335,42,6,0,124,0,1.71
fold2_room1_mix1335,43,6,0,122,0,1.72
fold2_room1_mix1335,44,6,0,119,0,1.65
fold2_room1_mix1335,45,6,0,115,0,1.54
fold2_room1_mix1335,46,6,0,111,0,1.65
fold2_room1_mix1335,47,6,0,106,0,1.38
fold2_room1_mix1335,48,6,0,103,0,1.55
fold2_room1_mix1335,49,6,0,92,0,1.48
fold2_room1_mix1335,50,6,0,93,0,1.43
fold2_room1_mix1335,51,6,0,88,0,1.47
fold2_room1_mix1335,52,6,0,84,0,1.44
fold2_room1_mix1335,53,6,0,79,0,1.38
fold2_room1_mix1335,54,6,0,75,0,1.40
fold2_room1_mix1335,55,6,0,72,0,1.46
fold2_room1_mix1335,56,6,0,62,0,1.54
fold2_room1_mix1335,57,6,0,57,0,1.62
fold2_room1_mix1335,58,6,0,57,0,1.54
fold2_room1_mix1335,59,6,0,55,0,1.62
fold2_room1_mix1335,60,6,0,52,0,1.70
fold2_room1_mix1335,61,6,0,47,0,1.83
fold2_room1_mix1335,62,6,0,45,0,1.94
fold2_room1_mix1335,63,6,0,42,0,1.97
fold2_room1_mix1335,64,6,0,40,0,2.17
fold2_room1_mix1335,65,6,0,37,0,2.32
fold2_room1_mix1335,66,6,0,37,0,2.31
fold2_room1_mix1335,67,6,0,35,0,3.00
fold2_room1_mix1335,68,6,0,35,0,2.69
fold2_room1_mix1335,69,6,0,33,0,3.04
fold2_room1_mix1335,70,6,0,33,0,3.27
fold2_room1_mix1335,71,6,0,33,0,3.24
fold2_room1_mix1335,72,6,0,31,0,3.35
fold2_room1_mix1335,73,6,0,30,0,3.42
fold2_room1_mix1335,74,6,0,30,0,3.41
fold2_room1_mix1335,75,6,0,27,0,3.45
fold2_room1_mix1335,76,6,0,29,0,3.60
fold2_room1_mix1335,77,6,0,30,0,3.31
fold2_room1_mix1335,78,6,0,29,0,3.53
fold2_room1_mix1335,79,6,0,30,0,3.46
fold2_room1_mix1335,80,6,0,28,0,3.66
fold2_room1_mix1335,81,6,0,28,0,4.08
fold2_room1_mix1335,82,6,0,27,0,4.21
fold2_room1_mix1335,83,6,0,27,0,2.72
fold2_room1_mix1335,84,6,0,22,0,3.07
fold2_room1_mix1335,85,6,0,27,0,2.11
fold2_room1_mix1335,86,6,0,27,0,3.74
fold2_room1_mix1335,87,6,0,24,0,3.62
fold2_room1_mix1335,88,6,0,24,0,2.04
fold2_room1_mix1335,89,6,0,22,0,3.82
fold2_room1_mix1335,91,6,0,21,0,3.46
fold2_room1_mix1335,92,6,0,21,0,2.30
fold2_room1_mix1335,93,6,0,21,0,4.42
fold2_room1_mix1335,94,6,0,21,0,3.30
fold2_room1_mix1335,95,6,0,20,0,3.11
fold2_room1_mix1335,96,6,0,19,0,4.03
fold2_room1_mix1335,97,6,0,19,0,2.63
fold2_room1_mix1335,98,6,0,20,0,3.75
fold2_room1_mix1335,99,6,0,19,0,5.14
fold2_room1_mix1367,29,6,0,143,0,1.24
fold2_room1_mix1367,30,6,0,141,0,1.07
fold2_room1_mix1367,31,6,0,143,0,1.19
fold2_room1_mix1367,32,6,0,134,0,1.59
fold2_room1_mix1367,33,6,0,130,0,1.94
fold2_room1_mix1367,34,6,0,123,0,1.22
fold2_room1_mix1367,35,6,0,116,0,1.85
fold2_room1_mix1367,36,6,0,111,0,1.95
fold2_room1_mix1367,37,6,0,93,0,2.03
fold2_room1_mix1367,38,6,0,89,0,2.21
fold2_room1_mix1367,39,6,0,73,0,2.32
fold2_room1_mix1367,40,6,0,68,0,2.32
fold2_room1_mix1367,41,6,0,60,0,2.24
fold2_room1_mix1367,42,6,0,55,0,2.48
fold2_room1_mix1367,43,6,0,49,0,1.99
fold2_room1_mix1367,44,6,0,50,0,0.88
fold2_room1_mix1367,45,6,0,41,0,1.29
fold2_room1_mix1367,46,6,0,41,0,1.53
fold2_room1_mix1373,66,6,0,-29,0,1.09
fold2_room1_mix1373,67,6,0,-32,0,2.21
fold2_room1_mix1373,68,6,0,-37,0,2.04
fold2_room1_mix1373,69,6,0,-42,0,2.17
fold2_room1_mix1373,70,6,0,-51,0,1.83
fold2_room1_mix1373,71,6,0,-64,0,1.56
fold2_room1_mix1373,72,6,0,-84,0,1.46
fold2_room1_mix1373,73,6,0,-105,0,1.65
fold2_room1_mix1373,74,6,0,-117,0,1.93
fold2_room1_mix1373,75,6,0,-130,0,1.93
fold2_room1_mix1373,76,6,0,-136,0,2.06
fold2_room1_mix1373,77,6,0,-144,0,2.47
fold2_room1_mix1373,78,6,0,-151,0,2.63
fold2_room1_mix1373,80,6,0,-156,0,1.92
fold2_room1_mix1394,20,6,0,118,0,0.59
fold2_room1_mix1394,21,6,0,117,0,0.76
fold2_room1_mix1394,23,6,0,111,0,1.37
fold2_room1_mix1394,24,6,0,111,0,1.47
fold2_room1_mix1394,25,6,0,104,0,1.36
fold2_room1_mix1394,26,6,0,106,0,1.51
fold2_room1_mix1394,27,6,0,100,0,1.72
fold2_room1_mix1394,28,6,0,92,0,1.57
fold2_room1_mix1394,29,6,0,89,0,1.46
fold2_room1_mix1394,30,6,0,86,0,1.77
fold2_room1_mix1394,31,6,0,74,0,1.56
fold2_room1_mix1394,32,6,0,74,0,1.94
fold2_room1_mix1394,33,6,0,63,0,2.05
fold2_room1_mix1394,34,6,0,71,0,1.06
fold2_room1_mix1397,61,6,0,-3,0,1.54
fold2_room1_mix1397,62,6,0,-25,0,2.87
fold2_room1_mix1397,63,6,0,-24,0,2.66
fold2_room1_mix1397,64,6,0,-20,0,3.07
fold2_room1_mix1397,65,6,0,-25,0,3.51
fold2_room1_mix1397,66,6,0,-31,0,3.05
fold2_room1_mix1397,67,6,0,-27,0,3.59
fold2_room1_mix1397,68,6,0,-34,0,2.82
fold2_room1_mix1397,69,6,0,-33,0,3.17
fold2_room1_mix1397,70,6,0,-41,0,2.44
fold2_room1_mix1397,71,6,0,-40,0,2.58
fold2_room1_mix1397,72,6,0,-40,0,2.37
fold2_room1_mix1397,73,6,0,-51,0,2.22
fold2_room1_mix1397,74,6,0,-52,0,1.86
fold2_room1_mix1397,75,6,0,-61,0,1.62
fold2_room1_mix1397,76,6,0,-70,0,1.40
fold2_room1_mix1397,77,6,0,-81,0,1.53
fold2_room1_mix1397,78,6,0,-91,0,1.42
fold2_room1_mix1397,79,6,0,-100,0,1.65
fold2_room1_mix1397,80,6,0,-112,0,1.87
fold2_room1_mix1397,81,6,0,-119,0,1.88
fold2_room1_mix1397,82,6,0,-125,0,2.22
fold2_room1_mix1397,83,6,0,-129,0,2.26
fold2_room1_mix1397,84,6,0,-136,0,2.88
fold2_room1_mix1397,85,6,0,-140,0,3.18
fold2_room1_mix1397,86,6,0,-144,0,3.14
fold2_room1_mix1397,87,6,0,-144,0,2.48
fold2_room1_mix1397,88,6,0,-143,0,1.33
fold2_room1_mix1397,89,6,0,-146,0,3.31
fold2_room1_mix1397,91,6,0,-150,0,1.92
fold2_room1_mix1397,92,6,0,-154,0,2.23
fold2_room1_mix1397,93,6,0,-153,0,1.83
fold2_room1_mix1405,7,6,0,36,0,0.84
fold2_room1_mix1405,10,6,0,43,0,1.01
fold2_room1_mix1405,11,6,0,48,0,0.79
fold2_room1_mix1405,12,6,0,42,0,1.94
fold2_room1_mix1405,13,6,0,41,0,1.85
fold2_room1_mix1405,14,6,0,45,0,2.61
fold2_room1_mix1405,15,6,0,47,0,2.29
fold2_room1_mix1405,16,6,0,47,0,2.50
fold2_room1_mix1405,17,6,0,49,0,2.47
fold2_room1_mix1405,18,6,0,49,0,2.21
fold2_room1_mix1405,19,6,0,54,0,1.95
fold2_room1_mix1405,20,6,0,56,0,1.98
fold2_room1_mix1405,21,6,0,52,0,2.35
fold2_room1_mix1405,22,6,0,55,0,2.05
fold2_room1_mix1405,23,6,0,62,0,2.09
fold2_room1_mix1405,24,6,0,62,0,2.12
fold2_room1_mix1405,25,6,0,67,0,2.01
fold2_room1_mix1405,26,6,0,68,0,2.25
fold2_room1_mix1405,27,6,0,70,0,1.97
fold2_room1_mix1405,28,6,0,75,0,1.75
fold2_room1_mix1405,29,6,0,86,0,1.99
fold2_room1_mix1405,30,6,0,85,0,2.03
fold2_room1_mix1405,31,6,0,90,0,2.00
fold2_room1_mix1405,32,6,0,91,0,2.20
fold2_room1_mix1405,33,6,0,95,0,2.15
fold2_room1_mix1405,34,6,0,99,0,2.02
fold2_room1_mix1405,35,6,0,99,0,2.24
fold2_room1_mix1405,36,6,0,102,0,2.16
fold2_room1_mix1405,37,6,0,106,0,2.16
fold2_room1_mix1405,38,6,0,110,0,2.34
fold2_room1_mix1405,39,6,0,109,0,2.13
fold2_room1_mix1405,40,6,0,114,0,2.23
fold2_room1_mix1405,41,6,0,118,0,2.34
fold2_room1_mix1405,42,6,0,115,0,2.46
fold2_room1_mix1405,43,6,0,116,0,2.40
fold2_room1_mix1405,44,6,0,118,0,2.20
fold2_room1_mix1405,45,6,0,124,0,2.43
fold2_room1_mix1405,46,6,0,122,0,2.40
fold2_room1_mix1405,47,6,0,130,0,2.58
fold2_room1_mix1405,48,6,0,131,0,2.18
fold2_room1_mix1405,49,6,0,133,0,2.77
fold2_room1_mix1405,50,6,0,132,0,1.03
fold2_room1_mix1405,51,6,0,138,0,1.98
fold2_room1_mix1405,52,6,0,140,0,1.28
fold2_room1_mix1405,53,6,0,138,0,1.88
fold2_room1_mix1405,54,6,0,141,0,1.29
fold2_room1_mix1414,58,6,0,-132,0,0.93
fold2_room1_mix1414,59,6,0,-126,0,2.40
fold2_room1_mix1414,60,6,0,-127,0,1.50
fold2_room1_mix1414,61,6,0,-115,0,1.11
fold2_room1_mix1414,62,6,0,-111,0,1.83
fold2_room1_mix1414,63,6,0,-99,0,1.54
fold2_room1_mix1414,64,6,0,-92,0,1.41
fold2_room1_mix1414,65,6,0,-86,0,1.47
fold2_room1_mix1414,67,6,0,-78,0,1.02
fold2_room1_mix1414,70,6,0,-56,0,1.14
fold2_room1_mix1416,35,6,0,103,0,1.18
fold2_room1_mix1416,36,6,0,82,0,1.19
fold2_room1_mix1416,37,6,0,69,0,1.43
fold2_room1_mix1416,38,6,0,60,0,1.07
fold2_room1_mix1425,52,6,0,97,0,1.12
fold2_room1_mix1425,53,6,0,91,0,1.83
fold2_room1_mix1425,54,6,0,98,0,1.65
fold2_room1_mix1425,55,6,0,95,0,0.93
fold2_room1_mix1425,56,6,0,99,0,0.70
fold2_room1_mix1425,57,6,0,101,0,0.95
fold2_room1_mix1425,58,6,0,102,0,0.65
fold2_room1_mix1425,59,6,0,112,0,0.82
fold2_room1_mix1425,60,6,0,110,0,0.85
fold2_room1_mix1441,1,7,0,-1,0,6.49
fold2_room1_mix1441,2,7,0,-1,0,17.45
fold2_room1_mix1441,3,7,0,0,0,17.78
fold2_room1_mix1441,4,7,0,-4,0,17.73
fold2_room1_mix1441,5,7,0,-3,0,24.17
fold2_room1_mix1441,6,7,0,-4,0,22.41
fold2_room1_mix1441,7,7,0,-5,0,21.56
fold2_room1_mix1441,8,7,0,-5,0,20.85
fold2_room1_mix1441,9,7,0,-7,0,21.42
fold2_room1_mix1441,10,7,0,-9,0,21.12
fold2_room1_mix1441,11,7,0,-10,0,21.14
fold2_room1_mix1441,12,7,0,-7,0,21.94
fold2_room1_mix1441,13,7,0,-9,0,21.27
fold2_room1_mix1441,14,7,0,-9,0,20.06
fold2_room1_mix1441,15,7,0,-11,0,19.73
fold2_room1_mix1441,16,7,0,-11,0,17.29
fold2_room1_mix1441,17,7,0,-11,0,17.99
fold2_room1_mix1441,18,7,0,-12,0,17.33
fold2_room1_mix1441,19,7,0,-13,0,16.20
fold2_room1_mix1441,20,7,0,-13,0,15.04
fold2_room1_mix1441,21,7,0,-14,0,14.21
fold2_room1_mix1441,22,7,0,-15,0,13.42
fold2_room1_mix1441,23,7,0,-17,0,12.34
fold2_room1_mix1441,24,7,0,-19,0,10.55
fold2_room1_mix1441,25,7,0,-21,0,9.39
fold2_room1_mix1441,26,7,0,-24,0,8.77
fold2_room1_mix1441,27,7,0,-26,0,8.13
fold2_room1_mix1441,28,7,0,-27,0,7.48
fold2_room1_mix1441,29,7,0,-28,0,7.40
fold2_room1_mix1441,30,7,0,-29,0,7.03
fold2_room1_mix1441,31,7,0,-31,0,6.32
fold2_room1_mix1441,32,7,0,-34,0,5.99
fold2_room1_mix1441,33,7,0,-37,0,5.74
fold2_room1_mix1441,34,7,0,-44,0,5.25
fold2_room1_mix1441,35,7,0,-51,0,4.86
fold2_room1_mix1441,36,7,0,-60,0,4.15
fold2_room1_mix1441,37,7,0,-69,0,4.12
fold2_room1_mix1441,38,7,0,-82,0,4.15
fold2_room1_mix1441,39,7,0,-91,0,3.70
fold2_room1_mix1441,40,7,0,-94,0,3.72
fold2_room1_mix1441,41,7,0,-105,0,4.07
fold2_room1_mix1441,42,7,0,-112,0,4.13
fold2_room1_mix1441,43,7,0,-120,0,4.57
fold2_room1_mix1441,44,7,0,-129,0,5.29
fold2_room1_mix1441,45,7,0,-136,0,5.43
fold2_room1_mix1441,46,7,0,-138,0,5.62
fold2_room1_mix1441,47,7,0,-142,0,6.15
fold2_room1_mix1441,48,7,0,-146,0,7.06
fold2_room1_mix1441,49,7,0,-148,0,7.33
fold2_room1_mix1441,50,7,0,-152,0,8.52
fold2_room1_mix1441,51,7,0,-154,0,9.01
fold2_room1_mix1441,52,7,0,-157,0,9.52
fold2_room1_mix1441,53,7,0,-158,0,9.83
fold2_room1_mix1441,54,7,0,-159,0,10.14
fold2_room1_mix1441,55,7,0,-161,0,10.76
fold2_room1_mix1441,56,7,0,-162,0,11.76
fold2_room1_mix1441,57,7,0,-162,0,11.94
fold2_room1_mix1441,58,7,0,-164,0,12.42
fold2_room1_mix1441,59,7,0,-164,0,12.52
fold2_room1_mix1441,60,7,0,-163,0,13.05
fold2_room1_mix1441,61,7,0,-164,0,13.38
fold2_room1_mix1441,62,7,0,-164,0,14.95
fold2_room1_mix1441,63,7,0,-166,0,15.82
fold2_room1_mix1441,64,7,0,-166,0,16.32
fold2_room1_mix1441,65,7,0,-166,0,16.72
fold2_room1_mix1441,66,7,0,-167,0,17.93
fold2_room1_mix1441,67,7,0,-168,0,18.46
fold2_room1_mix1441,68,7,0,-168,0,19.17
fold2_room1_mix1441,69,7,0,-168,0,20.00
fold2_room1_mix1441,70,7,0,-168,0,19.07
fold2_room1_mix1441,71,7,0,-169,0,19.45
fold2_room1_mix1441,72,7,0,-168,0,19.78
fold2_room1_mix1441,73,7,0,-169,0,21.15
fold2_room1_mix1441,74,7,0,-169,0,22.82
fold2_room1_mix1441,75,7,0,-169,0,23.47
fold2_room1_mix1441,76,7,0,-170,0,26.30
fold2_room1_mix1441,77,7,0,-170,0,25.69
fold2_room1_mix1441,78,7,0,-170,0,26.65
fold2_room1_mix1441,79,7,0,-171,0,26.82
fold2_room1_mix1441,80,7,0,-171,0,27.78
fold2_room1_mix1441,81,7,0,-170,0,28.33
fold2_room1_mix1441,82,7,0,-170,0,29.68
fold2_room1_mix1441,83,7,0,-171,0,29.09
fold2_room1_mix1441,84,7,0,-172,0,29.50
fold2_room1_mix1441,85,7,0,-171,0,30.91
fold2_room1_mix1441,86,7,0,-172,0,29.18
fold2_room1_mix1441,87,7,0,-172,0,30.37
fold2_room1_mix1441,88,7,0,-172,0,30.56
fold2_room1_mix1441,89,7,0,-173,0,31.94
fold2_room1_mix1441,90,7,0,-173,0,31.21
fold2_room1_mix1441,91,7,0,-173,0,31.81
fold2_room1_mix1441,92,7,0,-173,0,32.88
fold2_room1_mix1441,93,7,0,-173,0,32.40
fold2_room1_mix1441,94,7,0,-172,0,33.30
fold2_room1_mix1441,95,7,0,-173,0,34.33
fold2_room1_mix1441,96,7,0,-172,0,35.77
fold2_room1_mix1441,97,7,0,-173,0,36.98
fold2_room1_mix1441,98,7,0,-173,0,37.93
fold2_room1_mix1441,99,7,0,-173,0,36.79
fold2_room1_mix1462,4,7,0,178,0,8.96
fold2_room1_mix1462,5,7,0,178,0,31.16
fold2_room1_mix1462,6,7,0,178,0,35.69
fold2_room1_mix1462,7,7,0,178,0,36.68
fold2_room1_mix1462,8,7,0,179,0,52.68
fold2_room1_mix1462,9,7,0,178,0,51.87
fold2_room1_mix1462,10,7,0,179,0,50.45
fold2_room1_mix1462,11,7,0,179,0,53.83
fold2_room1_mix1462,12,7,0,179,0,58.37
fold2_room1_mix1462,13,7,0,179,0,56.85
fold2_room1_mix1462,14,7,0,179,0,62.52
fold2_room1_mix1462,15,7,0,179,0,63.36
fold2_room1_mix1462,16,7,0,179,0,64.13
fold2_room1_mix1462,17,7,0,179,0,59.89
fold2_room1_mix1462,18,7,0,179,0,60.20
fold2_room1_mix1462,19,7,0,179,0,65.98
fold2_room1_mix1462,20,7,0,179,0,63.78
fold2_room1_mix1462,21,7,0,179,0,64.91
fold2_room1_mix1462,22,7,0,179,0,68.46
fold2_room1_mix1462,23,7,0,179,0,69.76
fold2_room1_mix1462,24,7,0,179,0,63.18
fold2_room1_mix1462,25,7,0,179,0,67.71
fold2_room1_mix1462,26,7,0,179,0,73.05
fold2_room1_mix1462,27,7,0,179,0,62.90
fold2_room1_mix1462,28,7,0,179,0,66.11
fold2_room1_mix1462,29,7,0,179,0,65.09
fold2_room1_mix1462,30,7,0,179,0,68.64
fold2_room1_mix1462,31,7,0,178,0,71.13
fold2_room1_mix1462,32,7,0,179,0,70.67
fold2_room1_mix1462,33,7,0,179,0,70.17
fold2_room1_mix1462,34,7,0,179,0,68.68
fold2_room1_mix1462,35,7,0,179,0,66.16
fold2_room1_mix1462,36,7,0,179,0,64.93
fold2_room1_mix1462,37,7,0,179,0,63.76
fold2_room1_mix1462,38,7,0,-179,0,63.27
fold2_room1_mix1462,39,7,0,-179,0,62.82
fold2_room1_mix1462,40,7,0,179,0,59.89
fold2_room1_mix1462,41,7,0,-179,0,60.04
fold2_room1_mix1462,42,7,0,-179,0,60.23
fold2_room1_mix1462,43,7,0,-179,0,54.97
fold2_room1_mix1462,44,7,0,-179,0,54.46
fold2_room1_mix1462,45,7,0,-179,0,50.52
fold2_room1_mix1462,46,7,0,-179,0,45.93
fold2_room1_mix1462,47,7,0,179,0,44.79
fold2_room1_mix1462,48,7,0,-178,0,40.41
fold2_room1_mix1462,49,7,0,-178,0,38.53
fold2_room1_mix1462,50,7,0,-179,0,36.04
fold2_room1_mix1462,51,7,0,-179,0,33.17
fold2_room1_mix1462,52,7,0,-178,0,31.30
fold2_room1_mix1462,53,7,0,-178,0,30.53
fold2_room1_mix1462,54,7,0,-178,0,27.47
fold2_room1_mix1462,55,7,0,-176,0,26.58
fold2_room1_mix1462,56,7,0,-176,0,24.69
fold2_room1_mix1462,57,7,0,-175,0,22.09
fold2_room1_mix1462,58,7,0,-174,0,21.15
fold2_room1_mix1462,59,7,0,-173,0,19.28
fold2_room1_mix1462,60,7,0,-171,0,17.41
fold2_room1_mix1462,61,7,0,-169,0,15.31
fold2_room1_mix1462,62,7,0,-167,0,13.87
fold2_room1_mix1462,63,7,0,-166,0,12.50
fold2_room1_mix1462,64,7,0,-165,0,10.71
fold2_room1_mix1462,65,7,0,-161,0,8.60
fold2_room1_mix1462,66,7,0,-158,0,6.75
fold2_room1_mix1462,67,7,0,-149,0,5.39
fold2_room1_mix1462,68,7,0,-132,0,3.80
fold2_room1_mix1462,69,7,0,-101,0,2.82
fold2_room1_mix1462,70,7,0,-67,0,2.96
fold2_room1_mix1462,71,7,0,-42,0,3.65
fold2_room1_mix1462,72,7,0,-30,0,4.54
fold2_room1_mix1462,73,7,0,-22,0,6.37
fold2_room1_mix1462,74,7,0,-19,0,8.23
fold2_room1_mix1462,75,7,0,-15,0,9.71
fold2_room1_mix1462,76,7,0,-12,0,12.92
fold2_room1_mix1462,77,7,0,-11,0,13.95
fold2_room1_mix1462,78,7,0,-9,0,15.12
fold2_room1_mix1462,79,7,0,-8,0,17.40
fold2_room1_mix1462,80,7,0,-8,0,18.23
fold2_room1_mix1462,81,7,0,-8,0,19.89
fold2_room1_mix1462,82,7,0,-7,0,20.67
fold2_room1_mix1462,83,7,0,-6,0,22.68
fold2_room1_mix1462,84,7,0,-6,0,23.85
fold2_room1_mix1462,85,7,0,-5,0,25.60
fold2_room1_mix1462,86,7,0,-5,0,27.16
fold2_room1_mix1462,87,7,0,-5,0,28.66
fold2_room1_mix1462,88,7,0,-4,0,31.16
fold2_room1_mix1462,89,7,0,-3,0,32.73
fold2_room1_mix1462,90,7,0,-3,0,34.23
fold2_room1_mix1462,91,7,0,-2,0,36.68
fold2_room1_mix1462,92,7,0,-2,0,39.38
fold2_room1_mix1462,93,7,0,-2,0,41.41
fold2_room1_mix1462,94,7,0,-2,0,44.00
fold2_room1_mix1462,95,7,0,-1,0,44.89
fold2_room1_mix1462,96,7,0,-1,0,46.76
fold2_room1_mix1462,97,7,0,-1,0,49.80
fold2_room1_mix1462,98,7,0,-1,0,50.83
fold2_room1_mix1462,99,7,0,-1,0,53.72
fold2_room1_mix1463,1,7,0,0,0,2.15
fold2_room1_mix1463,3,7,0,0,0,19.32
fold2_room1_mix1463,4,7,0,0,0,19.46
fold2_room1_mix1463,5,7,0,0,0,25.56
fold2_room1_mix1463,6,7,0,0,0,28.95
fold2_room1_mix1463,7,7,0,-2,0,27.24
fold2_room1_mix1463,8,7,0,-3,0,27.30
fold2_room1_mix1463,9,7,0,-1,0,25.64
fold2_room1_mix1463,10,7,0,-3,0,25.03
fold2_room1_mix1463,11,7,0,-4,0,24.82
fold2_room1_mix1463,12,7,0,-4,0,23.79
fold2_room1_mix1463,13,7,0,-5,0,22.91
fold2_room1_mix1463,14,7,0,-4,0,22.16
fold2_room1_mix1463,15,7,0,-4,0,21.68
fold2_room1_mix1463,16,7,0,-3,0,21.23
fold2_room1_mix1463,17,7,0,-5,0,20.52
fold2_room1_mix1463,18,7,0,-5,0,21.17
fold2_room1_mix1463,19,7,0,-7,0,20.28
fold2_room1_mix1463,20,7,0,-7,0,19.51
fold2_room1_mix1463,21,7,0,-8,0,19.83
fold2_room1_mix1463,22,7,0,-8,0,20.32
fold2_room1_mix1463,23,7,0,-9,0,18.34
fold2_room1_mix1463,24,7,0,-10,0,18.60
fold2_room1_mix1463,25,7,0,-10,0,16.76
fold2_room1_mix1463,26,7,0,-10,0,15.71
fold2_room1_mix1463,27,7,0,-11,0,15.68
fold2_room1_mix1463,28,7,0,-12,0,14.54
fold2_room1_mix1463,29,7,0,-13,0,13.68
fold2_room1_mix1463,30,7,0,-14,0,12.85
fold2_room1_mix1463,31,7,0,-16,0,11.56
fold2_room1_mix1463,32,7,0,-16,0,11.33
fold2_room1_mix1463,33,7,0,-17,0,10.28
fold2_room1_mix1463,34,7,0,-20,0,8.79
fold2_room1_mix1463,35,7,0,-20,0,8.30
fold2_room1_mix1463,36,7,0,-22,0,8.05
fold2_room1_mix1463,37,7,0,-25,0,7.14
fold2_room1_mix1463,38,7,0,-27,0,6.54
fold2_room1_mix1463,39,7,0,-30,0,5.49
fold2_room1_mix1463,40,7,0,-34,0,5.00
fold2_room1_mix1463,41,7,0,-39,0,4.90
fold2_room1_mix1463,42,7,0,-47,0,3.91
fold2_room1_mix1463,43,7,0,-57,0,3.62
fold2_room1_mix1463,44,7,0,-74,0,3.32
fold2_room1_mix1463,45,7,0,-85,0,2.93
fold2_room1_mix1463,46,7,0,-92,0,3.09
fold2_room1_mix1463,47,7,0,-109,0,3.07
fold2_room1_mix1463,48,7,0,-119,0,3.44
fold2_room1_mix1463,49,7,0,-128,0,3.62
fold2_room1_mix1463,50,7,0,-134,0,4.31
fold2_room1_mix1463,51,7,0,-142,0,4.84
fold2_room1_mix1463,52,7,0,-146,0,5.34
fold2_room1_mix1463,53,7,0,-149,0,6.11
fold2_room1_mix1463,54,7,0,-151,0,6.61
fold2_room1_mix1463,55,7,0,-154,0,7.10
fold2_room1_mix1463,56,7,0,-156,0,7.59
fold2_room1_mix1463,57,7,0,-160,0,8.66
fold2_room1_mix1463,58,7,0,-161,0,9.47
fold2_room1_mix1463,59,7,0,-162,0,9.37
fold2_room1_mix1463,60,7,0,-163,0,10.29
fold2_room1_mix1463,61,7,0,-164,0,11.37
fold2_room1_mix1463,62,7,0,-165,0,11.80
fold2_room1_mix1463,63,7,0,-166,0,11.99
fold2_room1_mix1463,64,7,0,-166,0,12.54
fold2_room1_mix1463,65,7,0,-167,0,13.28
fold2_room1_mix1463,66,7,0,-168,0,14.34
fold2_room1_mix1463,67,7,0,-168,0,15.03
fold2_room1_mix1463,68,7,0,-168,0,14.92
fold2_room1_mix1463,69,7,0,-169,0,15.83
fold2_room1_mix1463,70,7,0,-169,0,16.80
fold2_room1_mix1463,71,7,0,-169,0,17.25
fold2_room1_mix1463,72,7,0,-169,0,17.79
fold2_room1_mix1463,73,7,0,-169,0,18.07
fold2_room1_mix1463,74,7,0,-170,0,19.50
fold2_room1_mix1463,75,7,0,-170,0,19.93
fold2_room1_mix1463,76,7,0,-170,0,21.20
fold2_room1_mix1463,77,7,0,-171,0,22.65
fold2_room1_mix1463,78,7,0,-172,0,23.34
fold2_room1_mix1463,79,7,0,-171,0,23.65
fold2_room1_mix1463,80,7,0,-171,0,25.33
fold2_room1_mix1463,81,7,0,-172,0,25.35
fold2_room1_mix1463,82,7,0,-172,0,26.09
fold2_room1_mix1463,83,7,0,-172,0,26.51
fold2_room1_mix1463,84,7,0,-173,0,27.78
fold2_room1_mix1463,85,7,0,-173,0,28.32
fold2_room1_mix1463,86,7,0,-173,0,28.22
fold2_room1_mix1463,87,7,0,-173,0,30.10
fold2_room1_mix1463,88,7,0,-173,0,29.94
fold2_room1_mix1463,89,7,0,-174,0,30.99
fold2_room1_mix1463,90,7,0,-174,0,31.70
fold2_room1_mix1463,91,7,0,-174,0,33.48
fold2_room1_mix1463,92,7,0,-174,0,33.35
fold2_room1_mix1463,93,7,0,-174,0,34.31
fold2_room1_mix1463,94,7,0,-174,0,34.90
fold2_room1_mix1463,95,7,0,-174,0,34.96
fold2_room1_mix1463,96,7,0,-175,0,36.79
fold2_room1_mix1463,97,7,0,-175,0,36.98
fold2_room1_mix1463,98,7,0,-174,0,36.70
fold2_room1_mix1463,99,7,0,-175,0,38.44
fold2_room1_mix1471,13,7,0,1,0,15.35
fold2_room1_mix1471,14,7,0,1,0,37.31
fold2_room1_mix1471,15,7,0,0,0,17.53
fold2_room1_mix1471,16,7,0,2,0,18.91
fold2_room1_mix1471,18,7,0,1,0,50.84
fold2_room1_mix1471,19,7,0,0,0,23.51
fold2_room1_mix1471,20,7,0,5,0,36.05
fold2_room1_mix1471,21,7,0,-1,0,14.29
fold2_room1_mix1471,22,7,0,0,0,5.97
fold2_room1_mix1471,23,7,0,1,0,45.17
fold2_room1_mix1471,24,7,0,3,0,42.44
fold2_room1_mix1471,25,7,0,4,0,36.12
fold2_room1_mix1471,26,7,0,3,0,37.05
fold2_room1_mix1471,27,7,0,4,0,37.53
fold2_room1_mix1471,28,7,0,4,0,33.08
fold2_room1_mix1471,29,7,0,3,0,32.34
fold2_room1_mix1471,30,7,0,3,0,29.72
fold2_room1_mix1471,31,7,0,3,0,28.02
fold2_room1_mix1471,32,7,0,3,0,29.26
fold2_room1_mix1471,33,7,0,4,0,28.32
fold2_room1_mix1471,34,7,0,4,0,27.20
fold2_room1_mix1471,35,7,0,2,0,25.78
fold2_room1_mix1471,36,7,0,6,0,25.17
fold2_room1_mix1471,37,7,0,2,0,25.75
fold2_room1_mix1471,38,7,0,1,0,24.90
fold2_room1_mix1471,39,7,0,3,0,24.49
fold2_room1_mix1471,40,7,0,2,0,24.16
fold2_room1_mix1471,41,7,0,3,0,23.24
fold2_room1_mix1471,42,7,0,1,0,21.90
fold2_room1_mix1471,43,7,0,3,0,22.25
fold2_room1_mix1471,44,7,0,3,0,21.62
fold2_room1_mix1471,45,7,0,3,0,21.02
fold2_room1_mix1471,46,7,0,5,0,19.28
fold2_room1_mix1471,47,7,0,3,0,19.57
fold2_room1_mix1471,48,7,0,5,0,18.27
fold2_room1_mix1471,49,7,0,5,0,17.06
fold2_room1_mix1471,50,7,0,7,0,15.85
fold2_room1_mix1471,51,7,0,8,0,14.83
fold2_room1_mix1471,52,7,0,8,0,13.91
fold2_room1_mix1471,53,7,0,9,0,12.66
fold2_room1_mix1471,54,7,0,10,0,12.07
fold2_room1_mix1471,55,7,0,10,0,11.67
fold2_room1_mix1471,56,7,0,11,0,10.32
fold2_room1_mix1471,57,7,0,13,0,8.78
fold2_room1_mix1471,58,7,0,13,0,8.57
fold2_room1_mix1471,59,7,0,15,0,7.47
fold2_room1_mix1471,60,7,0,16,0,7.08
fold2_room1_mix1471,61,7,0,17,0,7.25
fold2_room1_mix1471,62,7,0,20,0,5.62
fold2_room1_mix1471,63,7,0,23,0,5.02
fold2_room1_mix1471,64,7,0,26,0,4.38
fold2_room1_mix1471,65,7,0,30,0,3.39
fold2_room1_mix1471,66,7,0,36,0,2.93
fold2_room1_mix1471,67,7,0,46,0,2.27
fold2_room1_mix1471,68,7,0,66,0,2.06
fold2_room1_mix1471,69,7,0,85,0,2.17
fold2_room1_mix1471,70,7,0,108,0,2.13
fold2_room1_mix1471,71,7,0,125,0,2.27
fold2_room1_mix1471,72,7,0,134,0,2.81
fold2_room1_mix1471,73,7,0,146,0,3.22
fold2_room1_mix1471,74,7,0,152,0,3.97
fold2_room1_mix1471,75,7,0,153,0,4.78
fold2_room1_mix1471,76,7,0,157,0,4.88
fold2_room1_mix1471,77,7,0,159,0,5.59
fold2_room1_mix1471,78,7,0,162,0,6.62
fold2_room1_mix1471,79,7,0,164,0,7.40
fold2_room1_mix1471,80,7,0,166,0,8.23
fold2_room1_mix1471,81,7,0,167,0,9.13
fold2_room1_mix1471,82,7,0,167,0,9.02
fold2_room1_mix1471,83,7,0,168,0,10.05
fold2_room1_mix1471,84,7,0,169,0,10.97
fold2_room1_mix1471,85,7,0,170,0,11.56
fold2_room1_mix1471,86,7,0,170,0,11.77
fold2_room1_mix1471,87,7,0,170,0,12.95
fold2_room1_mix1471,88,7,0,172,0,14.54
fold2_room1_mix1471,89,7,0,171,0,14.83
fold2_room1_mix1471,90,7,0,173,0,16.03
fold2_room1_mix1471,91,7,0,173,0,15.51
fold2_room1_mix1471,92,7,0,173,0,16.87
fold2_room1_mix1471,93,7,0,173,0,17.29
fold2_room1_mix1471,94,7,0,174,0,18.24
fold2_room1_mix1471,95,7,0,174,0,18.90
fold2_room1_mix1471,96,7,0,174,0,19.86
fold2_room1_mix1471,97,7,0,173,0,20.07
fold2_room1_mix1471,98,7,0,174,0,21.75
fold2_room1_mix1471,99,7,0,173,0,23.52
fold2_room1_mix1472,1,7,0,179,0,5.41
fold2_room1_mix1472,2,7,0,178,0,19.88
fold2_room1_mix1472,3,7,0,177,0,19.27
fold2_room1_mix1472,4,7,0,179,0,19.45
fold2_room1_mix1472,5,7,0,-179,0,26.11
fold2_room1_mix1472,6,7,0,-178,0,22.16
fold2_room1_mix1472,7,7,0,179,0,22.68
fold2_room1_mix1472,8,7,0,-178,0,21.74
fold2_room1_mix1472,9,7,0,-176,0,19.83
fold2_room1_mix1472,10,7,0,-176,0,19.12
fold2_room1_mix1472,11,7,0,-177,0,19.31
fold2_room1_mix1472,12,7,0,-176,0,18.86
fold2_room1_mix1472,13,7,0,-177,0,19.55
fold2_room1_mix1472,14,7,0,-177,0,18.96
fold2_room1_mix1472,15,7,0,-176,0,18.97
fold2_room1_mix1472,16,7,0,-175,0,17.66
fold2_room1_mix1472,17,7,0,-174,0,17.06
fold2_room1_mix1472,18,7,0,-173,0,17.39
fold2_room1_mix1472,19,7,0,-174,0,16.70
fold2_room1_mix1472,20,7,0,-173,0,15.87
fold2_room1_mix1472,21,7,0,-172,0,14.83
fold2_room1_mix1472,22,7,0,-170,0,14.98
fold2_room1_mix1472,23,7,0,-170,0,14.08
fold2_room1_mix1472,24,7,0,-170,0,13.61
fold2_room1_mix1472,25,7,0,-167,0,11.79
fold2_room1_mix1472,26,7,0,-168,0,11.38
fold2_room1_mix1472,27,7,0,-168,0,10.84
fold2_room1_mix1472,28,7,0,-166,0,10.50
fold2_room1_mix1472,29,7,0,-165,0,9.69
fold2_room1_mix1472,30,7,0,-166,0,9.92
fold2_room1_mix1472,31,7,0,-166,0,8.87
fold2_room1_mix1472,32,7,0,-165,0,8.72
fold2_room1_mix1472,33,7,0,-164,0,7.98
fold2_room1_mix1472,34,7,0,-164,0,7.74
fold2_room1_mix1472,35,7,0,-164,0,7.26
fold2_room1_mix1472,36,7,0,-163,0,7.26
fold2_room1_mix1472,37,7,0,-162,0,6.69
fold2_room1_mix1472,38,7,0,-159,0,6.12
fold2_room1_mix1472,39,7,0,-158,0,5.70
fold2_room1_mix1472,40,7,0,-154,0,4.96
fold2_room1_mix1472,41,7,0,-152,0,4.74
fold2_room1_mix1472,42,7,0,-149,0,4.24
fold2_room1_mix1472,43,7,0,-146,0,4.00
fold2_room1_mix1472,44,7,0,-142,0,3.73
fold2_room1_mix1472,45,7,0,-134,0,3.28
fold2_room1_mix1472,46,7,0,-126,0,2.87
fold2_room1_mix1472,47,7,0,-123,0,2.62
fold2_room1_mix1472,48,7,0,-111,0,2.36
fold2_room1_mix1472,49,7,0,-98,0,2.37
fold2_room1_mix1472,50,7,0,-85,0,2.58
fold2_room1_mix1472,51,7,0,-74,0,2.36
fold2_room1_mix1472,52,7,0,-62,0,2.41
fold2_room1_mix1472,53,7,0,-53,0,2.55
fold2_room1_mix1472,54,7,0,-45,0,2.99
fold2_room1_mix1472,55,7,0,-38,0,3.41
fold2_room1_mix1472,56,7,0,-34,0,4.05
fold2_room1_mix1472,57,7,0,-31,0,4.34
fold2_room1_mix1472,58,7,0,-28,0,5.03
fold2_room1_mix1472,59,7,0,-26,0,5.31
fold2_room1_mix1472,60,7,0,-24,0,5.57
fold2_room1_mix1472,61,7,0,-23,0,5.95
fold2_room1_mix1472,62,7,0,-20,0,6.52
fold2_room1_mix1472,63,7,0,-19,0,6.67
fold2_room1_mix1472,64,7,0,-18,0,7.48
fold2_room1_mix1472,65,7,0,-17,0,7.95
fold2_room1_mix1472,66,7,0,-16,0,8.35
fold2_room1_mix1472,67,7,0,-16,0,8.55
fold2_room1_mix1472,68,7,0,-15,0,8.99
fold2_room1_mix1472,69,7,0,-13,0,9.59
fold2_room1_mix1472,70,7,0,-13,0,10.22
fold2_room1_mix1472,71,7,0,-12,0,10.79
fold2_room1_mix1472,72,7,0,-11,0,11.56
fold2_room1_mix1472,73,7,0,-11,0,11.71
fold2_room1_mix1472,74,7,0,-11,0,12.23
fold2_room1_mix1472,75,7,0,-9,0,12.79
fold2_room1_mix1472,76,7,0,-8,0,13.58
fold2_room1_mix1472,77,7,0,-9,0,14.11
fold2_room1_mix1472,78,7,0,-8,0,14.60
fold2_room1_mix1472,79,7,0,-7,0,16.13
fold2_room1_mix1472,80,7,0,-7,0,16.06
fold2_room1_mix1472,81,7,0,-7,0,16.24
fold2_room1_mix1472,82,7,0,-7,0,17.24
fold2_room1_mix1472,83,7,0,-8,0,16.97
fold2_room1_mix1472,84,7,0,-7,0,17.76
fold2_room1_mix1472,85,7,0,-6,0,17.53
fold2_room1_mix1472,86,7,0,-7,0,18.38
fold2_room1_mix1472,87,7,0,-7,0,18.28
fold2_room1_mix1472,88,7,0,-6,0,19.62
fold2_room1_mix1472,89,7,0,-6,0,20.36
fold2_room1_mix1472,90,7,0,-6,0,21.18
fold2_room1_mix1472,91,7,0,-5,0,21.55
fold2_room1_mix1472,92,7,0,-5,0,22.01
fold2_room1_mix1472,93,7,0,-5,0,22.43
fold2_room1_mix1472,94,7,0,-5,0,23.52
fold2_room1_mix1472,95,7,0,-4,0,23.69
fold2_room1_mix1472,96,7,0,-5,0,24.84
fold2_room1_mix1472,97,7,0,-4,0,24.91
fold2_room1_mix1472,98,7,0,-4,0,24.88
fold2_room1_mix1472,99,7,0,-4,0,24.78
fold2_room1_mix1481,2,7,0,178,0,12.19
fold2_room1_mix1481,3,7,0,179,0,16.66
fold2_room1_mix1481,4,7,0,178,0,20.68
fold2_room1_mix1481,5,7,0,179,0,21.65
fold2_room1_mix1481,6,7,0,178,0,26.00
fold2_room1_mix1481,7,7,0,-179,0,24.54
fold2_room1_mix1481,8,7,0,-179,0,22.32
fold2_room1_mix1481,9,7,0,-178,0,21.07
fold2_room1_mix1481,10,7,0,-177,0,20.32
fold2_room1_mix1481,11,7,0,-176,0,20.20
fold2_room1_mix1481,12,7,0,-176,0,19.29
fold2_room1_mix1481,13,7,0,-175,0,19.05
fold2_room1_mix1481,14,7,0,-174,0,18.45
fold2_room1_mix1481,15,7,0,-173,0,17.96
fold2_room1_mix1481,16,7,0,-172,0,16.39
fold2_room1_mix1481,17,7,0,-171,0,15.25
fold2_room1_mix1481,18,7,0,-170,0,13.95
fold2_room1_mix1481,19,7,0,-169,0,13.27
fold2_room1_mix1481,20,7,0,-168,0,11.90
fold2_room1_mix1481,21,7,0,-168,0,11.51
fold2_room1_mix1481,22,7,0,-166,0,10.74
fold2_room1_mix1481,23,7,0,-166,0,9.89
fold2_room1_mix1481,24,7,0,-165,0,8.60
fold2_room1_mix1481,25,7,0,-163,0,7.89
fold2_room1_mix1481,26,7,0,-160,0,7.14
fold2_room1_mix1481,27,7,0,-160,0,6.76
fold2_room1_mix1481,28,7,0,-157,0,5.73
fold2_room1_mix1481,29,7,0,-154,0,5.15
fold2_room1_mix1481,30,7,0,-150,0,4.53
fold2_room1_mix1481,31,7,0,-144,0,3.89
fold2_room1_mix1481,32,7,0,-141,0,3.61
fold2_room1_mix1481,33,7,0,-130,0,2.95
fold2_room1_mix1481,34,7,0,-120,0,2.50
fold2_room1_mix1481,35,7,0,-102,0,2.34
fold2_room1_mix1481,36,7,0,-83,0,2.41
fold2_room1_mix1481,37,7,0,-66,0,2.51
fold2_room1_mix1481,38,7,0,-50,0,2.83
fold2_room1_mix1481,39,7,0,-40,0,3.58
fold2_room1_mix1481,40,7,0,-33,0,4.34
fold2_room1_mix1481,41,7,0,-28,0,4.75
fold2_room1_mix1481,42,7,0,-25,0,5.34
fold2_room1_mix1481,43,7,0,-21,0,6.14
fold2_room1_mix1481,44,7,0,-20,0,6.81
fold2_room1_mix1481,45,7,0,-17,0,7.36
fold2_room1_mix1481,46,7,0,-17,0,8.11
fold2_room1_mix1481,47,7,0,-14,0,9.36
fold2_room1_mix1481,48,7,0,-14,0,9.61
fold2_room1_mix1481,49,7,0,-13,0,10.04
fold2_room1_mix1481,50,7,0,-13,0,11.55
fold2_room1_mix1481,51,7,0,-11,0,12.44
fold2_room1_mix1481,52,7,0,-10,0,13.50
fold2_room1_mix1481,53,7,0,-10,0,13.82
fold2_room1_mix1481,54,7,0,-10,0,14.26
fold2_room1_mix1481,55,7,0,-9,0,15.10
fold2_room1_mix1481,56,7,0,-8,0,15.99
fold2_room1_mix1481,57,7,0,-7,0,16.43
fold2_room1_mix1481,58,7,0,-7,0,16.66
fold2_room1_mix1481,59,7,0,-7,0,17.69
fold2_room1_mix1481,60,7,0,-7,0,18.58
fold2_room1_mix1481,61,7,0,-6,0,19.26
fold2_room1_mix1481,62,7,0,-6,0,19.99
fold2_room1_mix1481,63,7,0,-6,0,20.93
fold2_room1_mix1481,64,7,0,-6,0,21.14
fold2_room1_mix1481,65,7,0,-5,0,23.52
fold2_room1_mix1481,66,7,0,-5,0,24.08
fold2_room1_mix1481,67,7,0,-5,0,24.78
fold2_room1_mix1481,68,7,0,-5,0,25.93
fold2_room1_mix1481,69,7,0,-5,0,26.41
fold2_room1_mix1481,70,7,0,-5,0,27.37
fold2_room1_mix1481,71,7,0,-4,0,27.16
fold2_room1_mix1481,72,7,0,-5,0,28.22
fold2_room1_mix1481,73,7,0,-5,0,27.74
fold2_room1_mix1481,74,7,0,-5,0,28.50
fold2_room1_mix1481,75,7,0,-5,0,28.56
fold2_room1_mix1481,76,7,0,-4,0,30.74
fold2_room1_mix1481,77,7,0,-4,0,31.94
fold2_room1_mix1481,78,7,0,-4,0,31.96
fold2_room1_mix1481,79,7,0,-3,0,32.95
fold2_room1_mix1481,80,7,0,-3,0,33.79
fold2_room1_mix1481,81,7,0,-2,0,34.78
fold2_room1_mix1481,82,7,0,-3,0,35.73
fold2_room1_mix1481,83,7,0,-2,0,36.46
fold2_room1_mix1481,84,7,0,-2,0,38.42
fold2_room1_mix1481,85,7,0,-3,0,37.43
fold2_room1_mix1481,86,7,0,-2,0,39.20
fold2_room1_mix1481,87,7,0,-2,0,40.23
fold2_room1_mix1481,88,7,0,-2,0,40.61
fold2_room1_mix1481,89,7,0,-2,0,41.94
fold2_room1_mix1481,90,7,0,-2,0,43.04
fold2_room1_mix1481,91,7,0,-2,0,43.74
fold2_room1_mix1481,92,7,0,-2,0,45.11
fold2_room1_mix1481,93,7,0,-2,0,46.38
fold2_room1_mix1481,94,7,0,-2,0,47.17
fold2_room1_mix1481,95,7,0,-2,0,47.12
fold2_room1_mix1481,96,7,0,-2,0,47.14
fold2_room1_mix1481,97,7,0,-2,0,49.49
fold2_room1_mix1481,98,7,0,-2,0,48.57
fold2_room1_mix1481,99,7,0,-2,0,48.59
fold2_room1_mix1496,1,7,0,179,0,6.70
fold2_room1_mix1496,2,7,0,177,0,16.06
fold2_room1_mix1496,3,7,0,174,0,20.36
fold2_room1_mix1496,4,7,0,174,0,21.21
fold2_room1_mix1496,5,7,0,173,0,25.47
fold2_room1_mix1496,6,7,0,174,0,26.00
fold2_room1_mix1496,7,7,0,173,0,22.99
fold2_room1_mix1496,8,7,0,173,0,22.12
fold2_room1_mix1496,9,7,0,173,0,20.58
fold2_room1_mix1496,10,7,0,173,0,20.40
fold2_room1_mix1496,11,7,0,172,0,19.53
fold2_room1_mix1496,12,7,0,171,0,19.36
fold2_room1_mix1496,13,7,0,170,0,18.04
fold2_room1_mix1496,14,7,0,170,0,17.25
fold2_room1_mix1496,15,7,0,169,0,15.89
fold2_room1_mix1496,16,7,0,168,0,14.91
fold2_room1_mix1496,17,7,0,167,0,15.05
fold2_room1_mix1496,18,7,0,167,0,13.73
fold2_room1_mix1496,19,7,0,166,0,13.06
fold2_room1_mix1496,20,7,0,165,0,12.82
fold2_room1_mix1496,21,7,0,163,0,10.47
fold2_room1_mix1496,22,7,0,161,0,8.99
fold2_room1_mix1496,23,7,0,158,0,8.13
fold2_room1_mix1496,24,7,0,155,0,7.18
fold2_room1_mix1496,25,7,0,153,0,6.59
fold2_room1_mix1496,26,7,0,151,0,5.97
fold2_room1_mix1496,27,7,0,145,0,4.90
fold2_room1_mix1496,28,7,0,137,0,4.46
fold2_room1_mix1496,29,7,0,132,0,3.94
fold2_room1_mix1496,30,7,0,124,0,3.50
fold2_room1_mix1496,31,7,0,114,0,3.17
fold2_room1_mix1496,32,7,0,99,0,3.00
fold2_room1_mix1496,33,7,0,90,0,2.95
fold2_room1_mix1496,34,7,0,75,0,2.98
fold2_room1_mix1496,35,7,0,63,0,3.20
fold2_room1_mix1496,36,7,0,54,0,3.72
fold2_room1_mix1496,37,7,0,45,0,4.52
fold2_room1_mix1496,38,7,0,37,0,5.12
fold2_room1_mix1496,39,7,0,34,0,6.26
fold2_room1_mix1496,40,7,0,29,0,6.88
fold2_room1_mix1496,41,7,0,27,0,7.60
fold2_room1_mix1496,42,7,0,26,0,7.76
fold2_room1_mix1496,43,7,0,22,0,9.21
fold2_room1_mix1496,44,7,0,21,0,9.45
fold2_room1_mix1496,45,7,0,20,0,9.97
fold2_room1_mix1496,46,7,0,17,0,10.81
fold2_room1_mix1496,47,7,0,16,0,11.82
fold2_room1_mix1496,48,7,0,15,0,12.70
fold2_room1_mix1496,49,7,0,14,0,14.36
fold2_room1_mix1496,50,7,0,14,0,14.04
fold2_room1_mix1496,51,7,0,13,0,15.16
fold2_room1_mix1496,52,7,0,12,0,15.75
fold2_room1_mix1496,53,7,0,12,0,15.53
fold2_room1_mix1496,54,7,0,11,0,17.34
fold2_room1_mix1496,55,7,0,11,0,17.92
fold2_room1_mix1496,56,7,0,10,0,18.98
fold2_room1_mix1496,57,7,0,9,0,19.41
fold2_room1_mix1496,58,7,0,9,0,19.72
fold2_room1_mix1496,59,7,0,9,0,20.70
fold2_room1_mix1496,60,7,0,8,0,22.25
fold2_room1_mix1496,61,7,0,8,0,23.33
fold2_room1_mix1496,62,7,0,8,0,24.22
fold2_room1_mix1496,63,7,0,8,0,24.21
fold2_room1_mix1496,64,7,0,8,0,25.04
fold2_room1_mix1496,65,7,0,8,0,26.60
fold2_room1_mix1496,66,7,0,7,0,27.34
fold2_room1_mix1496,67,7,0,8,0,27.61
fold2_room1_mix1496,68,7,0,7,0,28.13
fold2_room1_mix1496,69,7,0,7,0,29.46
fold2_room1_mix1496,70,7,0,6,0,30.76
fold2_room1_mix1496,71,7,0,6,0,30.93
fold2_room1_mix1496,72,7,0,6,0,32.62
fold2_room1_mix1496,73,7,0,6,0,33.58
fold2_room1_mix1496,74,7,0,6,0,34.11
fold2_room1_mix1496,75,7,0,6,0,34.65
fold2_room1_mix1496,76,7,0,6,0,36.77
fold2_room1_mix1496,77,7,0,6,0,36.47
fold2_room1_mix1496,78,7,0,5,0,38.21
fold2_room1_mix1496,79,7,0,6,0,39.43
fold2_room1_mix1496,80,7,0,5,0,40.73
fold2_room1_mix1496,81,7,0,5,0,42.37
fold2_room1_mix1496,82,7,0,5,0,42.49
fold2_room1_mix1496,83,7,0,4,0,44.73
fold2_room1_mix1496,84,7,0,4,0,46.46
fold2_room1_mix1496,85,7,0,4,0,46.59
fold2_room1_mix1496,86,7,0,4,0,45.90
fold2_room1_mix1496,87,7,0,4,0,47.98
fold2_room1_mix1496,88,7,0,4,0,48.92
fold2_room1_mix1496,89,7,0,4,0,50.09
fold2_room1_mix1496,90,7,0,4,0,51.11
fold2_room1_mix1496,91,7,0,4,0,52.09
fold2_room1_mix1496,92,7,0,4,0,51.37
fold2_room1_mix1496,93,7,0,4,0,52.24
fold2_room1_mix1496,94,7,0,4,0,54.06
fold2_room1_mix1496,95,7,0,3,0,55.17
fold2_room1_mix1496,96,7,0,3,0,55.41
fold2_room1_mix1496,97,7,0,3,0,57.27
fold2_room1_mix1496,98,7,0,3,0,58.40
fold2_room1_mix1496,99,7,0,3,0,58.48
fold2_room1_mix1500,8,7,0,3,0,24.32
fold2_room1_mix1500,10,7,0,1,0,3.33
fold2_room1_mix1500,11,7,0,1,0,23.54
fold2_room1_mix1500,12,7,0,1,0,26.10
fold2_room1_mix1500,13,7,0,2,0,27.53
fold2_room1_mix1500,14,7,0,0,0,24.82
fold2_room1_mix1500,15,7,0,2,0,26.42
fold2_room1_mix1500,16,7,0,3,0,26.51
fold2_room1_mix1500,17,7,0,1,0,24.55
fold2_room1_mix1500,18,7,0,4,0,24.08
fold2_room1_mix1500,19,7,0,0,0,23.64
fold2_room1_mix1500,20,7,0,0,0,22.89
fold2_room1_mix1500,21,7,0,0,0,22.82
fold2_room1_mix1500,22,7,0,0,0,22.73
fold2_room1_mix1500,23,7,0,0,0,20.19
fold2_room1_mix1500,24,7,0,2,0,15.25
fold2_room1_mix1500,25,7,0,-4,0,18.49
fold2_room1_mix1500,26,7,0,-4,0,19.67
fold2_room1_mix1500,27,7,0,-3,0,18.59
fold2_room1_mix1500,28,7,0,-3,0,19.96
fold2_room1_mix1500,29,7,0,-5,0,20.77
fold2_room1_mix1500,30,7,0,-3,0,18.94
fold2_room1_mix1500,31,7,0,-4,0,17.58
fold2_room1_mix1500,32,7,0,-5,0,17.67
fold2_room1_mix1500,33,7,0,-5,0,16.71
fold2_room1_mix1500,34,7,0,-6,0,15.75
fold2_room1_mix1500,35,7,0,-5,0,14.49
fold2_room1_mix1500,36,7,0,-7,0,14.14
fold2_room1_mix1500,37,7,0,-7,0,13.64
fold2_room1_mix1500,38,7,0,-5,0,13.74
fold2_room1_mix1500,39,7,0,-8,0,11.94
fold2_room1_mix1500,40,7,0,-9,0,11.99
fold2_room1_mix1500,41,7,0,-9,0,11.11
fold2_room1_mix1500,42,7,0,-10,0,10.85
fold2_room1_mix1500,43,7,0,-12,0,10.52
fold2_room1_mix1500,44,7,0,-12,0,10.06
fold2_room1_mix1500,45,7,0,-13,0,8.73
fold2_room1_mix1500,46,7,0,-14,0,8.93
fold2_room1_mix1500,47,7,0,-15,0,7.67
fold2_room1_mix1500,48,7,0,-15,0,7.39
fold2_room1_mix1500,49,7,0,-16,0,6.91
fold2_room1_mix1500,50,7,0,-17,0,6.94
fold2_room1_mix1500,51,7,0,-21,0,5.86
fold2_room1_mix1500,52,7,0,-21,0,5.30
fold2_room1_mix1500,53,7,0,-25,0,4.91
fold2_room1_mix1500,54,7,0,-27,0,4.45
fold2_room1_mix1500,55,7,0,-30,0,3.90
fold2_room1_mix1500,56,7,0,-31,0,3.92
fold2_room1_mix1500,57,7,0,-35,0,3.30
fold2_room1_mix1500,58,7,0,-41,0,3.07
fold2_room1_mix1500,59,7,0,-46,0,2.69
fold2_room1_mix1500,60,7,0,-59,0,2.23
fold2_room1_mix1500,61,7,0,-80,0,2.16
fold2_room1_mix1500,62,7,0,-90,0,2.41
fold2_room1_mix1500,63,7,0,-102,0,2.51
fold2_room1_mix1500,64,7,0,-117,0,2.58
fold2_room1_mix1500,65,7,0,-127,0,2.74
fold2_room1_mix1500,66,7,0,-136,0,2.95
fold2_room1_mix1500,67,7,0,-141,0,3.44
fold2_room1_mix1500,68,7,0,-145,0,3.91
fold2_room1_mix1500,69,7,0,-149,0,4.55
fold2_room1_mix1500,70,7,0,-150,0,4.86
fold2_room1_mix1500,71,7,0,-153,0,5.04
fold2_room1_mix1500,72,7,0,-159,0,6.05
fold2_room1_mix1500,73,7,0,-160,0,5.72
fold2_room1_mix1500,74,7,0,-161,0,6.93
fold2_room1_mix1500,75,7,0,-163,0,7.21
fold2_room1_mix1500,76,7,0,-164,0,7.49
fold2_room1_mix1500,77,7,0,-166,0,8.43
fold2_room1_mix1500,78,7,0,-167,0,9.25
fold2_room1_mix1500,79,7,0,-168,0,9.40
fold2_room1_mix1500,80,7,0,-170,0,9.92
fold2_room1_mix1500,81,7,0,-170,0,10.37
fold2_room1_mix1500,82,7,0,-171,0,10.94
fold2_room1_mix1500,83,7,0,-171,0,11.66
fold2_room1_mix1500,84,7,0,-172,0,12.00
fold2_room1_mix1500,85,7,0,-172,0,12.22
fold2_room1_mix1500,86,7,0,-171,0,13.08
fold2_room1_mix1500,87,7,0,-172,0,13.50
fold2_room1_mix1500,88,7,0,-172,0,13.64
fold2_room1_mix1500,89,7,0,-173,0,13.20
fold2_room1_mix1500,90,7,0,-174,0,16.28
fold2_room1_mix1500,91,7,0,-171,0,15.52
fold2_room1_mix1500,92,7,0,-173,0,16.71
fold2_room1_mix1500,93,7,0,-174,0,15.57
fold2_room1_mix1500,94,7,0,-173,0,15.96
fold2_room1_mix1500,95,7,0,-174,0,18.08
fold2_room1_mix1500,96,7,0,-173,0,16.73
fold2_room1_mix1500,97,7,0,-173,0,15.92
fold2_room1_mix1500,98,7,0,-173,0,17.81
fold2_room1_mix1500,99,7,0,-174,0,17.14
fold2_room1_mix1513,2,7,0,1,0,9.03
fold2_room1_mix1513,3,7,0,0,0,26.34
fold2_room1_mix1513,4,7,0,3,0,33.41
fold2_room1_mix1513,5,7,0,2,0,35.02
fold2_room1_mix1513,6,7,0,2,0,52.00
fold2_room1_mix1513,7,7,0,2,0,56.31
fold2_room1_mix1513,8,7,0,3,0,60.38
fold2_room1_mix1513,9,7,0,2,0,59.09
fold2_room1_mix1513,10,7,0,3,0,58.69
fold2_room1_mix1513,11,7,0,2,0,59.44
fold2_room1_mix1513,12,7,0,2,0,58.41
fold2_room1_mix1513,13,7,0,2,0,57.21
fold2_room1_mix1513,14,7,0,2,0,55.84
fold2_room1_mix1513,15,7,0,2,0,55.97
fold2_room1_mix1513,16,7,0,2,0,56.96
fold2_room1_mix1513,17,7,0,2,0,54.52
fold2_room1_mix1513,18,7,0,2,0,52.91
fold2_room1_mix1513,19,7,0,2,0,53.41
fold2_room1_mix1513,20,7,0,2,0,52.11
fold2_room1_mix1513,21,7,0,1,0,50.67
fold2_room1_mix1513,22,7,0,2,0,51.68
fold2_room1_mix1513,23,7,0,2,0,49.84
fold2_room1_mix1513,24,7,0,2,0,49.59
fold2_room1_mix1513,25,7,0,2,0,46.75
fold2_room1_mix1513,26,7,0,2,0,45.55
fold2_room1_mix1513,27,7,0,2,0,46.36
fold2_room1_mix1513,28,7,0,2,0,43.88
fold2_room1_mix1513,29,7,0,3,0,41.00
fold2_room1_mix1513,30,7,0,3,0,40.42
fold2_room1_mix1513,31,7,0,3,0,39.34
fold2_room1_mix1513,32,7,0,4,0,38.50
fold2_room1_mix1513,33,7,0,4,0,37.26
fold2_room1_mix1513,34,7,0,4,0,35.07
fold2_room1_mix1513,35,7,0,5,0,33.95
fold2_room1_mix1513,36,7,0,5,0,32.17
fold2_room1_mix1513,37,7,0,5,0,31.11
fold2_room1_mix1513,38,7,0,6,0,30.29
fold2_room1_mix1513,39,7,0,6,0,28.96
fold2_room1_mix1513,40,7,0,7,0,27.36
fold2_room1_mix1513,41,7,0,7,0,26.52
fold2_room1_mix1513,42,7,0,8,0,24.28
fold2_room1_mix1513,43,7,0,8,0,23.87
fold2_room1_mix1513,44,7,0,9,0,23.09
fold2_room1_mix1513,45,7,0,10,0,22.08
fold2_room1_mix1513,46,7,0,10,0,21.00
fold2_room1_mix1513,47,7,0,11,0,19.80
fold2_room1_mix1513,48,7,0,11,0,19.51
fold2_room1_mix1513,49,7,0,11,0,18.28
fold2_room1_mix1513,50,7,0,13,0,17.11
fold2_room1_mix1513,51,7,0,13,0,15.50
fold2_room1_mix1513,52,7,0,14,0,13.54
fold2_room1_mix1513,53,7,0,15,0,13.03
fold2_room1_mix1513,54,7,0,16,0,12.58
fold2_room1_mix1513,55,7,0,18,0,10.66
fold2_room1_mix1513,56,7,0,20,0,9.87
fold2_room1_mix1513,57,7,0,24,0,7.93
fold2_room1_mix1513,58,7,0,29,0,6.73
fold2_room1_mix1513,59,7,0,35,0,5.97
fold2_room1_mix1513,60,7,0,43,0,5.24
fold2_room1_mix1513,61,7,0,55,0,4.62
fold2_room1_mix1513,62,7,0,69,0,4.21
fold2_room1_mix1513,63,7,0,86,0,3.76
fold2_room1_mix1513,64,7,0,109,0,4.02
fold2_room1_mix1513,65,7,0,125,0,4.24
fold2_room1_mix1513,66,7,0,135,0,5.13
fold2_room1_mix1513,67,7,0,143,0,6.34
fold2_room1_mix1513,68,7,0,148,0,6.82
fold2_room1_mix1513,69,7,0,150,0,8.16
fold2_room1_mix1513,70,7,0,155,0,8.95
fold2_room1_mix1513,71,7,0,158,0,9.91
fold2_room1_mix1513,72,7,0,159,0,11.40
fold2_room1_mix1513,73,7,0,162,0,12.52
fold2_room1_mix1513,74,7,0,163,0,13.45
fold2_room1_mix1513,75,7,0,165,0,15.41
fold2_room1_mix1513,76,7,0,166,0,16.44
fold2_room1_mix1513,77,7,0,166,0,17.30
fold2_room1_mix1513,78,7,0,168,0,19.00
fold2_room1_mix1513,79,7,0,169,0,20.15
fold2_room1_mix1513,80,7,0,168,0,21.09
fold2_room1_mix1513,81,7,0,169,0,22.82
fold2_room1_mix1513,82,7,0,169,0,24.04
fold2_room1_mix1513,83,7,0,169,0,24.77
fold2_room1_mix1513,84,7,0,171,0,26.17
fold2_room1_mix1513,85,7,0,170,0,27.26
fold2_room1_mix1513,86,7,0,170,0,28.12
fold2_room1_mix1513,87,7,0,171,0,29.27
fold2_room1_mix1513,88,7,0,171,0,30.90
fold2_room1_mix1513,89,7,0,172,0,31.90
fold2_room1_mix1513,90,7,0,172,0,33.24
fold2_room1_mix1513,91,7,0,173,0,33.78
fold2_room1_mix1513,92,7,0,173,0,34.37
fold2_room1_mix1513,93,7,0,172,0,35.13
fold2_room1_mix1513,94,7,0,174,0,37.17
fold2_room1_mix1513,95,7,0,174,0,38.29
fold2_room1_mix1513,96,7,0,174,0,40.36
fold2_room1_mix1513,97,7,0,175,0,41.68
fold2_room1_mix1513,98,7,0,175,0,42.20
fold2_room1_mix1513,99,7,0,175,0,43.15
fold2_room1_mix1523,1,7,0,178,0,6.58
fold2_room1_mix1523,2,7,0,179,0,14.72
fold2_room1_mix1523,3,7,0,177,0,23.23
fold2_room1_mix1523,4,7,0,179,0,20.80
fold2_room1_mix1523,5,7,0,179,0,24.61
fold2_room1_mix1523,6,7,0,179,0,28.25
fold2_room1_mix1523,7,7,0,179,0,26.05
fold2_room1_mix1523,8,7,0,-179,0,25.12
fold2_room1_mix1523,9,7,0,-178,0,23.02
fold2_room1_mix1523,10,7,0,-178,0,24.02
fold2_room1_mix1523,11,7,0,-175,0,23.35
fold2_room1_mix1523,12,7,0,-176,0,20.47
fold2_room1_mix1523,13,7,0,-174,0,21.07
fold2_room1_mix1523,14,7,0,-173,0,20.01
fold2_room1_mix1523,15,7,0,-172,0,18.60
fold2_room1_mix1523,16,7,0,-172,0,18.02
fold2_room1_mix1523,17,7,0,-170,0,17.06
fold2_room1_mix1523,18,7,0,-169,0,16.34
fold2_room1_mix1523,19,7,0,-167,0,15.16
fold2_room1_mix1523,20,7,0,-167,0,14.34
fold2_room1_mix1523,21,7,0,-166,0,13.64
fold2_room1_mix1523,22,7,0,-165,0,12.65
fold2_room1_mix1523,23,7,0,-165,0,11.47
fold2_room1_mix1523,24,7,0,-162,0,9.82
fold2_room1_mix1523,25,7,0,-159,0,8.24
fold2_room1_mix1523,26,7,0,-157,0,7.81
fold2_room1_mix1523,27,7,0,-153,0,6.43
fold2_room1_mix1523,28,7,0,-147,0,6.09
fold2_room1_mix1523,29,7,0,-138,0,4.97
fold2_room1_mix1523,30,7,0,-132,0,4.38
fold2_room1_mix1523,31,7,0,-122,0,3.93
fold2_room1_mix1523,32,7,0,-109,0,3.67
fold2_room1_mix1523,33,7,0,-96,0,3.53
fold2_room1_mix1523,34,7,0,-82,0,3.37
fold2_room1_mix1523,35,7,0,-70,0,3.45
fold2_room1_mix1523,36,7,0,-57,0,4.27
fold2_room1_mix1523,37,7,0,-46,0,4.80
fold2_room1_mix1523,38,7,0,-39,0,5.76
fold2_room1_mix1523,39,7,0,-33,0,6.58
fold2_room1_mix1523,40,7,0,-29,0,7.99
fold2_room1_mix1523,41,7,0,-26,0,8.46
fold2_room1_mix1523,42,7,0,-24,0,8.99
fold2_room1_mix1523,43,7,0,-23,0,9.31
fold2_room1_mix1523,44,7,0,-21,0,10.52
fold2_room1_mix1523,45,7,0,-19,0,11.53
fold2_room1_mix1523,46,7,0,-17,0,12.65
fold2_room1_mix1523,47,7,0,-16,0,13.44
fold2_room1_mix1523,48,7,0,-16,0,13.82
fold2_room1_mix1523,49,7,0,-15,0,14.96
fold2_room1_mix1523,50,7,0,-14,0,16.03
fold2_room1_mix1523,51,7,0,-13,0,17.26
fold2_room1_mix1523,52,7,0,-12,0,17.73
fold2_room1_mix1523,53,7,0,-11,0,19.22
fold2_room1_mix1523,54,7,0,-10,0,19.94
fold2_room1_mix1523,55,7,0,-9,0,20.43
fold2_room1_mix1523,56,7,0,-9,0,21.51
fold2_room1_mix1523,57,7,0,-8,0,22.82
fold2_room1_mix1523,58,7,0,-8,0,23.89
fold2_room1_mix1523,59,7,0,-8,0,24.00
fold2_room1_mix1523,60,7,0,-8,0,25.24
fold2_room1_mix1523,61,7,0,-7,0,27.07
fold2_room1_mix1523,62,7,0,-7,0,27.62
fold2_room1_mix1523,63,7,0,-7,0,27.64
fold2_room1_mix1523,64,7,0,-6,0,29.30
fold2_room1_mix1523,65,7,0,-7,0,29.03
fold2_room1_mix1523,66,7,0,-5,0,31.61
fold2_room1_mix1523,67,7,0,-6,0,32.33
fold2_room1_mix1523,68,7,0,-5,0,32.55
fold2_room1_mix1523,69,7,0,-5,0,34.81
fold2_room1_mix1523,70,7,0,-5,0,36.17
fold2_room1_mix1523,71,7,0,-4,0,35.32
fold2_room1_mix1523,72,7,0,-5,0,35.62
fold2_room1_mix1523,73,7,0,-4,0,39.18
fold2_room1_mix1523,74,7,0,-4,0,40.60
fold2_room1_mix1523,75,7,0,-4,0,40.97
fold2_room1_mix1523,76,7,0,-4,0,41.99
fold2_room1_mix1523,77,7,0,-3,0,44.82
fold2_room1_mix1523,78,7,0,-4,0,45.04
fold2_room1_mix1523,79,7,0,-3,0,45.62
fold2_room1_mix1523,80,7,0,-3,0,45.57
fold2_room1_mix1523,81,7,0,-3,0,46.92
fold2_room1_mix1523,82,7,0,-3,0,48.31
fold2_room1_mix1523,83,7,0,-3,0,48.11
fold2_room1_mix1523,84,7,0,-3,0,47.29
fold2_room1_mix1523,85,7,0,-2,0,49.60
fold2_room1_mix1523,86,7,0,-2,0,49.03
fold2_room1_mix1523,87,7,0,-2,0,49.70
fold2_room1_mix1523,88,7,0,-2,0,49.68
fold2_room1_mix1523,89,7,0,-2,0,49.42
fold2_room1_mix1523,90,7,0,-3,0,52.38
fold2_room1_mix1523,91,7,0,-2,0,55.32
fold2_room1_mix1523,92,7,0,-3,0,54.04
fold2_room1_mix1523,93,7,0,-2,0,53.57
fold2_room1_mix1523,94,7,0,-3,0,55.99
fold2_room1_mix1523,95,7,0,-3,0,57.24
fold2_room1_mix1523,96,7,0,-3,0,61.01
fold2_room1_mix1523,97,7,0,-3,0,59.44
fold2_room1_mix1523,98,7,0,-3,0,60.51
fold2_room1_mix1523,99,7,0,-4,0,60.77
fold2_room1_mix1525,1,7,0,178,0,7.30
fold2_room1_mix1525,2,7,0,178,0,24.98
fold2_room1_mix1525,3,7,0,176,0,29.22
fold2_room1_mix1525,4,7,0,176,0,24.78
fold2_room1_mix1525,5,7,0,176,0,32.72
fold2_room1_mix1525,6,7,0,175,0,33.46
fold2_room1_mix1525,7,7,0,176,0,32.05
fold2_room1_mix1525,8,7,0,175,0,31.59
fold2_room1_mix1525,9,7,0,175,0,30.92
fold2_room1_mix1525,10,7,0,176,0,29.36
fold2_room1_mix1525,11,7,0,175,0,29.06
fold2_room1_mix1525,12,7,0,175,0,28.40
fold2_room1_mix1525,13,7,0,174,0,26.81
fold2_room1_mix1525,14,7,0,174,0,25.46
fold2_room1_mix1525,15,7,0,175,0,26.72
fold2_room1_mix1525,16,7,0,174,0,25.27
fold2_room1_mix1525,17,7,0,173,0,24.24
fold2_room1_mix1525,18,7,0,174,0,22.83
fold2_room1_mix1525,19,7,0,174,0,23.94
fold2_room1_mix1525,20,7,0,174,0,21.95
fold2_room1_mix1525,21,7,0,173,0,21.66
fold2_room1_mix1525,22,7,0,173,0,21.48
fold2_room1_mix1525,23,7,0,173,0,20.34
fold2_room1_mix1525,24,7,0,171,0,20.03
fold2_room1_mix1525,25,7,0,171,0,19.75
fold2_room1_mix1525,26,7,0,170,0,18.62
fold2_room1_mix1525,27,7,0,169,0,17.75
fold2_room1_mix1525,28,7,0,170,0,17.44
fold2_room1_mix1525,29,7,0,169,0,15.35
fold2_room1_mix1525,30,7,0,169,0,14.97
fold2_room1_mix1525,31,7,0,168,0,14.34
fold2_room1_mix1525,32,7,0,167,0,14.29
fold2_room1_mix1525,33,7,0,167,0,13.17
fold2_room1_mix1525,34,7,0,166,0,12.42
fold2_room1_mix1525,35,7,0,165,0,11.92
fold2_room1_mix1525,36,7,0,164,0,10.92
fold2_room1_mix1525,37,7,0,162,0,9.37
fold2_room1_mix1525,38,7,0,161,0,9.10
fold2_room1_mix1525,39,7,0,159,0,8.47
fold2_room1_mix1525,40,7,0,156,0,7.66
fold2_room1_mix1525,41,7,0,155,0,7.01
fold2_room1_mix1525,42,7,0,151,0,5.90
fold2_room1_mix1525,43,7,0,145,0,5.23
fold2_room1_mix1525,44,7,0,142,0,4.77
fold2_room1_mix1525,45,7,0,133,0,4.30
fold2_room1_mix1525,46,7,0,127,0,3.72
fold2_room1_mix1525,47,7,0,116,0,3.33
fold2_room1_mix1525,48,7,0,101,0,3.47
fold2_room1_mix1525,49,7,0,92,0,3.18
fold2_room1_mix1525,50,7,0,78,0,3.26
fold2_room1_mix1525,51,7,0,66,0,3.39
fold2_room1_mix1525,52,7,0,57,0,3.87
fold2_room1_mix1525,53,7,0,47,0,4.33
fold2_room1_mix1525,54,7,0,41,0,5.00
fold2_room1_mix1525,55,7,0,35,0,5.66
fold2_room1_mix1525,56,7,0,33,0,6.04
fold2_room1_mix1525,57,7,0,29,0,6.93
fold2_room1_mix1525,58,7,0,27,0,7.61
fold2_room1_mix1525,59,7,0,25,0,7.91
fold2_room1_mix1525,60,7,0,22,0,8.64
fold2_room1_mix1525,61,7,0,20,0,9.31
fold2_room1_mix1525,62,7,0,19,0,9.60
fold2_room1_mix1525,63,7,0,17,0,10.99
fold2_room1_mix1525,64,7,0,16,0,11.68
fold2_room1_mix1525,65,7,0,16,0,12.12
fold2_room1_mix1525,66,7,0,15,0,12.64
fold2_room1_mix1525,67,7,0,14,0,13.59
fold2_room1_mix1525,68,7,0,13,0,14.18
fold2_room1_mix1525,69,7,0,13,0,14.77
fold2_room1_mix1525,70,7,0,12,0,15.37
fold2_room1_mix1525,71,7,0,12,0,15.62
fold2_room1_mix1525,72,7,0,12,0,16.31
fold2_room1_mix1525,73,7,0,11,0,17.03
fold2_room1_mix1525,74,7,0,10,0,18.04
fold2_room1_mix1525,75,7,0,10,0,18.04
fold2_room1_mix1525,76,7,0,9,0,19.39
fold2_room1_mix1525,77,7,0,9,0,20.93
fold2_room1_mix1525,78,7,0,9,0,21.49
fold2_room1_mix1525,79,7,0,8,0,22.90
fold2_room1_mix1525,80,7,0,8,0,23.61
fold2_room1_mix1525,81,7,0,8,0,23.83
fold2_room1_mix1525,82,7,0,8,0,25.33
fold2_room1_mix1525,83,7,0,7,0,25.92
fold2_room1_mix1525,84,7,0,7,0,25.95
fold2_room1_mix1525,85,7,0,7,0,26.92
fold2_room1_mix1525,86,7,0,7,0,27.39
fold2_room1_mix1525,87,7,0,7,0,27.30
fold2_room1_mix1525,88,7,0,6,0,28.82
fold2_room1_mix1525,89,7,0,6,0,28.94
fold2_room1_mix1525,90,7,0,6,0,29.50
fold2_room1_mix1525,91,7,0,6,0,31.33
fold2_room1_mix1525,92,7,0,6,0,31.64
fold2_room1_mix1525,93,7,0,6,0,32.43
fold2_room1_mix1525,94,7,0,5,0,34.35
fold2_room1_mix1525,95,7,0,6,0,35.90
fold2_room1_mix1525,96,7,0,5,0,36.80
fold2_room1_mix1525,97,7,0,5,0,36.83
fold2_room1_mix1525,98,7,0,5,0,38.33
fold2_room1_mix1525,99,7,0,4,0,39.50
fold2_room1_mix1542,1,7,0,179,0,5.93
fold2_room1_mix1542,2,7,0,179,0,20.80
fold2_room1_mix1542,3,7,0,178,0,20.66
fold2_room1_mix1542,4,7,0,179,0,20.00
fold2_room1_mix1542,5,7,0,-179,0,24.96
fold2_room1_mix1542,6,7,0,179,0,26.59
fold2_room1_mix1542,7,7,0,-178,0,24.76
fold2_room1_mix1542,8,7,0,-177,0,23.28
fold2_room1_mix1542,9,7,0,-176,0,23.04
fold2_room1_mix1542,10,7,0,-175,0,23.00
fold2_room1_mix1542,11,7,0,-175,0,21.58
fold2_room1_mix1542,12,7,0,-174,0,20.42
fold2_room1_mix1542,13,7,0,-173,0,18.84
fold2_room1_mix1542,14,7,0,-172,0,18.20
fold2_room1_mix1542,15,7,0,-173,0,19.26
fold2_room1_mix1542,16,7,0,-172,0,17.89
fold2_room1_mix1542,17,7,0,-171,0,19.09
fold2_room1_mix1542,18,7,0,-171,0,17.88
fold2_room1_mix1542,19,7,0,-171,0,17.87
fold2_room1_mix1542,20,7,0,-171,0,17.41
fold2_room1_mix1542,21,7,0,-170,0,16.65
fold2_room1_mix1542,22,7,0,-169,0,15.31
fold2_room1_mix1542,23,7,0,-168,0,14.74
fold2_room1_mix1542,24,7,0,-167,0,13.88
fold2_room1_mix1542,25,7,0,-166,0,13.38
fold2_room1_mix1542,26,7,0,-166,0,13.03
fold2_room1_mix1542,27,7,0,-165,0,12.04
fold2_room1_mix1542,28,7,0,-164,0,11.23
fold2_room1_mix1542,29,7,0,-164,0,10.69
fold2_room1_mix1542,30,7,0,-162,0,9.38
fold2_room1_mix1542,31,7,0,-162,0,8.63
fold2_room1_mix1542,32,7,0,-159,0,8.18
fold2_room1_mix1542,33,7,0,-159,0,8.04
fold2_room1_mix1542,34,7,0,-158,0,7.50
fold2_room1_mix1542,35,7,0,-157,0,7.33
fold2_room1_mix1542,36,7,0,-155,0,6.93
fold2_room1_mix1542,37,7,0,-150,0,6.05
fold2_room1_mix1542,38,7,0,-147,0,5.66
fold2_room1_mix1542,39,7,0,-142,0,5.17
fold2_room1_mix1542,40,7,0,-137,0,4.67
fold2_room1_mix1542,41,7,0,-131,0,4.42
fold2_room1_mix1542,42,7,0,-122,0,4.02
fold2_room1_mix1542,43,7,0,-110,0,3.63
fold2_room1_mix1542,44,7,0,-101,0,3.80
fold2_room1_mix1542,45,7,0,-94,0,3.75
fold2_room1_mix1542,46,7,0,-84,0,3.47
fold2_room1_mix1542,47,7,0,-74,0,3.41
fold2_room1_mix1542,48,7,0,-66,0,3.41
fold2_room1_mix1542,49,7,0,-59,0,3.74
fold2_room1_mix1542,50,7,0,-52,0,4.38
fold2_room1_mix1542,51,7,0,-43,0,4.79
fold2_room1_mix1542,52,7,0,-41,0,5.22
fold2_room1_mix1542,53,7,0,-37,0,5.53
fold2_room1_mix1542,54,7,0,-32,0,6.18
fold2_room1_mix1542,55,7,0,-32,0,6.66
fold2_room1_mix1542,56,7,0,-28,0,7.32
fold2_room1_mix1542,57,7,0,-25,0,7.99
fold2_room1_mix1542,58,7,0,-22,0,8.43
fold2_room1_mix1542,59,7,0,-22,0,8.49
fold2_room1_mix1542,60,7,0,-20,0,9.17
fold2_room1_mix1542,61,7,0,-20,0,9.47
fold2_room1_mix1542,62,7,0,-18,0,10.40
fold2_room1_mix1542,63,7,0,-17,0,11.38
fold2_room1_mix1542,64,7,0,-16,0,11.31
fold2_room1_mix1542,65,7,0,-15,0,12.22
fold2_room1_mix1542,66,7,0,-14,0,13.00
fold2_room1_mix1542,67,7,0,-13,0,13.43
fold2_room1_mix1542,68,7,0,-13,0,14.09
fold2_room1_mix1542,69,7,0,-13,0,14.98
fold2_room1_mix1542,70,7,0,-13,0,15.49
fold2_room1_mix1542,71,7,0,-12,0,15.96
fold2_room1_mix1542,72,7,0,-11,0,16.75
fold2_room1_mix1542,73,7,0,-11,0,17.12
fold2_room1_mix1542,74,7,0,-10,0,17.97
fold2_room1_mix1542,75,7,0,-11,0,18.95
fold2_room1_mix1542,76,7,0,-9,0,19.26
fold2_room1_mix1542,77,7,0,-9,0,20.03
fold2_room1_mix1542,78,7,0,-9,0,20.85
fold2_room1_mix1542,79,7,0,-9,0,21.57
fold2_room1_mix1542,80,7,0,-8,0,21.67
fold2_room1_mix1542,81,7,0,-8,0,22.74
fold2_room1_mix1542,82,7,0,-8,0,23.80
fold2_room1_mix1542,83,7,0,-8,0,24.28
fold2_room1_mix1542,84,7,0,-8,0,24.04
fold2_room1_mix1542,85,7,0,-8,0,25.76
fold2_room1_mix1542,86,7,0,-7,0,25.11
fold2_room1_mix1542,87,7,0,-7,0,25.66
fold2_room1_mix1542,88,7,0,-7,0,26.47
fold2_room1_mix1542,89,7,0,-7,0,26.87
fold2_room1_mix1542,90,7,0,-7,0,27.12
fold2_room1_mix1542,91,7,0,-6,0,27.43
fold2_room1_mix1542,92,7,0,-6,0,28.52
fold2_room1_mix1542,93,7,0,-6,0,28.33
fold2_room1_mix1542,94,7,0,-6,0,29.09
fold2_room1_mix1542,95,7,0,-5,0,30.51
fold2_room1_mix1542,96,7,0,-6,0,29.72
fold2_room1_mix1542,97,7,0,-5,0,31.29
fold2_room1_mix1542,98,7,0,-5,0,31.72
fold2_room1_mix1542,99,7,0,-5,0,31.75
fold2_room1_mix1543,3,7,0,178,0,12.22
fold2_room1_mix1543,4,7,0,179,0,30.09
fold2_room1_mix1543,5,7,0,179,0,38.40
fold2_room1_mix1543,6,7,0,178,0,38.07
fold2_room1_mix1543,7,7,0,179,0,53.04
fold2_room1_mix1543,8,7,0,179,0,64.11
fold2_room1_mix1543,9,7,0,179,0,63.87
fold2_room1_mix1543,10,7,0,179,0,68.63
fold2_room1_mix1543,11,7,0,179,0,67.11
fold2_room1_mix1543,12,7,0,179,0,72.22
fold2_room1_mix1543,13,7,0,179,0,72.95
fold2_room1_mix1543,14,7,0,179,0,68.26
fold2_room1_mix1543,15,7,0,179,0,70.08
fold2_room1_mix1543,16,7,0,179,0,71.21
fold2_room1_mix1543,17,7,0,179,0,67.95
fold2_room1_mix1543,18,7,0,179,0,69.23
fold2_room1_mix1543,19,7,0,178,0,72.82
fold2_room1_mix1543,20,7,0,179,0,70.99
fold2_room1_mix1543,21,7,0,178,0,68.21
fold2_room1_mix1543,22,7,0,178,0,72.48
fold2_room1_mix1543,23,7,0,179,0,69.22
fold2_room1_mix1543,24,7,0,179,0,65.38
fold2_room1_mix1543,25,7,0,179,0,67.92
fold2_room1_mix1543,26,7,0,179,0,68.14
fold2_room1_mix1543,27,7,0,179,0,68.34
fold2_room1_mix1543,28,7,0,179,0,63.68
fold2_room1_mix1543,29,7,0,179,0,64.33
fold2_room1_mix1543,30,7,0,179,0,63.11
fold2_room1_mix1543,31,7,0,179,0,59.94
fold2_room1_mix1543,32,7,0,179,0,57.75
fold2_room1_mix1543,33,7,0,-179,0,55.95
fold2_room1_mix1543,34,7,0,-179,0,52.29
fold2_room1_mix1543,35,7,0,-179,0,52.85
fold2_room1_mix1543,36,7,0,-179,0,49.19
fold2_room1_mix1543,37,7,0,-179,0,47.29
fold2_room1_mix1543,38,7,0,-178,0,45.89
fold2_room1_mix1543,39,7,0,-179,0,43.14
fold2_room1_mix1543,40,7,0,-178,0,39.26
fold2_room1_mix1543,41,7,0,-178,0,37.84
fold2_room1_mix1543,42,7,0,-179,0,35.36
fold2_room1_mix1543,43,7,0,-178,0,33.81
fold2_room1_mix1543,44,7,0,-178,0,31.74
fold2_room1_mix1543,45,7,0,-177,0,31.05
fold2_room1_mix1543,46,7,0,-176,0,28.76
fold2_room1_mix1543,47,7,0,-175,0,28.53
fold2_room1_mix1543,48,7,0,-175,0,24.91
fold2_room1_mix1543,49,7,0,-173,0,23.85
fold2_room1_mix1543,50,7,0,-173,0,22.52
fold2_room1_mix1543,51,7,0,-172,0,20.88
fold2_room1_mix1543,52,7,0,-171,0,19.64
fold2_room1_mix1543,53,7,0,-171,0,18.62
fold2_room1_mix1543,54,7,0,-169,0,16.70
fold2_room1_mix1543,55,7,0,-167,0,14.76
fold2_room1_mix1543,56,7,0,-166,0,13.72
fold2_room1_mix1543,57,7,0,-166,0,12.56
fold2_room1_mix1543,58,7,0,-165,0,11.19
fold2_room1_mix1543,59,7,0,-162,0,8.84
fold2_room1_mix1543,60,7,0,-158,0,6.97
fold2_room1_mix1543,61,7,0,-150,0,5.95
fold2_room1_mix1543,62,7,0,-143,0,4.75
fold2_room1_mix1543,63,7,0,-127,0,3.63
fold2_room1_mix1543,64,7,0,-97,0,2.99
fold2_room1_mix1543,65,7,0,-73,0,2.98
fold2_room1_mix1543,66,7,0,-48,0,3.62
fold2_room1_mix1543,67,7,0,-36,0,4.46
fold2_room1_mix1543,68,7,0,-27,0,5.92
fold2_room1_mix1543,69,7,0,-23,0,7.46
fold2_room1_mix1543,70,7,0,-18,0,9.47
fold2_room1_mix1543,71,7,0,-15,0,11.28
fold2_room1_mix1543,72,7,0,-14,0,12.88
fold2_room1_mix1543,73,7,0,-12,0,14.20
fold2_room1_mix1543,74,7,0,-10,0,15.26
fold2_room1_mix1543,75,7,0,-11,0,16.98
fold2_room1_mix1543,76,7,0,-10,0,18.64
fold2_room1_mix1543,77,7,0,-9,0,19.69
fold2_room1_mix1543,78,7,0,-8,0,20.88
fold2_room1_mix1543,79,7,0,-7,0,22.53
fold2_room1_mix1543,80,7,0,-7,0,24.01
fold2_room1_mix1543,81,7,0,-6,0,25.22
fold2_room1_mix1543,82,7,0,-7,0,27.06
fold2_room1_mix1543,83,7,0,-6,0,28.44
fold2_room1_mix1543,84,7,0,-5,0,29.12
fold2_room1_mix1543,85,7,0,-5,0,30.88
fold2_room1_mix1543,86,7,0,-4,0,32.42
fold2_room1_mix1543,87,7,0,-3,0,33.84
fold2_room1_mix1543,88,7,0,-4,0,35.51
fold2_room1_mix1543,89,7,0,-3,0,36.68
fold2_room1_mix1543,90,7,0,-3,0,38.02
fold2_room1_mix1543,91,7,0,-3,0,40.62
fold2_room1_mix1543,92,7,0,-2,0,41.51
fold2_room1_mix1543,93,7,0,-3,0,43.90
fold2_room1_mix1543,94,7,0,-2,0,46.32
fold2_room1_mix1543,95,7,0,-2,0,48.28
fold2_room1_mix1543,96,7,0,-2,0,50.69
fold2_room1_mix1543,97,7,0,-2,0,51.84
fold2_room1_mix1543,98,7,0,-2,0,54.12
fold2_room1_mix1543,99,7,0,-2,0,57.54
fold2_room1_mix1570,1,7,0,179,0,2.83
fold2_room1_mix1570,2,7,0,-179,0,15.48
fold2_room1_mix1570,3,7,0,-176,0,16.03
fold2_room1_mix1570,4,7,0,-176,0,16.75
fold2_room1_mix1570,5,7,0,-176,0,21.95
fold2_room1_mix1570,6,7,0,-175,0,20.27
fold2_room1_mix1570,7,7,0,-174,0,19.46
fold2_room1_mix1570,8,7,0,-173,0,18.82
fold2_room1_mix1570,9,7,0,-172,0,18.32
fold2_room1_mix1570,10,7,0,-171,0,17.55
fold2_room1_mix1570,11,7,0,-170,0,16.25
fold2_room1_mix1570,12,7,0,-169,0,15.79
fold2_room1_mix1570,13,7,0,-168,0,14.81
fold2_room1_mix1570,14,7,0,-166,0,14.28
fold2_room1_mix1570,15,7,0,-166,0,12.99
fold2_room1_mix1570,16,7,0,-164,0,12.60
fold2_room1_mix1570,17,7,0,-164,0,11.83
fold2_room1_mix1570,18,7,0,-163,0,10.77
fold2_room1_mix1570,19,7,0,-162,0,10.30
fold2_room1_mix1570,20,7,0,-161,0,9.39
fold2_room1_mix1570,21,7,0,-159,0,8.48
fold2_room1_mix1570,22,7,0,-154,0,7.48
fold2_room1_mix1570,23,7,0,-150,0,7.22
fold2_room1_mix1570,24,7,0,-146,0,6.13
fold2_room1_mix1570,25,7,0,-145,0,5.89
fold2_room1_mix1570,26,7,0,-141,0,4.93
fold2_room1_mix1570,27,7,0,-138,0,4.67
fold2_room1_mix1570,28,7,0,-134,0,4.52
fold2_room1_mix1570,29,7,0,-124,0,3.90
fold2_room1_mix1570,30,7,0,-116,0,3.60
fold2_room1_mix1570,31,7,0,-106,0,3.55
fold2_room1_mix1570,32,7,0,-95,0,3.59
fold2_room1_mix1570,33,7,0,-86,0,3.72
fold2_room1_mix1570,34,7,0,-75,0,3.59
fold2_room1_mix1570,35,7,0,-65,0,3.72
fold2_room1_mix1570,36,7,0,-58,0,4.70
fold2_room1_mix1570,37,7,0,-46,0,5.26
fold2_room1_mix1570,38,7,0,-41,0,5.50
fold2_room1_mix1570,39,7,0,-36,0,6.30
fold2_room1_mix1570,40,7,0,-33,0,6.71
fold2_room1_mix1570,41,7,0,-31,0,7.01
fold2_room1_mix1570,42,7,0,-29,0,7.53
fold2_room1_mix1570,43,7,0,-26,0,7.95
fold2_room1_mix1570,44,7,0,-23,0,8.78
fold2_room1_mix1570,45,7,0,-22,0,9.10
fold2_room1_mix1570,46,7,0,-20,0,9.59
fold2_room1_mix1570,47,7,0,-20,0,10.46
fold2_room1_mix1570,48,7,0,-17,0,11.64
fold2_room1_mix1570,49,7,0,-16,0,12.18
fold2_room1_mix1570,50,7,0,-16,0,12.96
fold2_room1_mix1570,51,7,0,-14,0,13.43
fold2_room1_mix1570,52,7,0,-14,0,14.39
fold2_room1_mix1570,53,7,0,-14,0,14.74
fold2_room1_mix1570,54,7,0,-13,0,15.31
fold2_room1_mix1570,55,7,0,-13,0,15.97
fold2_room1_mix1570,56,7,0,-13,0,17.11
fold2_room1_mix1570,57,7,0,-12,0,17.68
fold2_room1_mix1570,58,7,0,-12,0,18.15
fold2_room1_mix1570,59,7,0,-11,0,19.24
fold2_room1_mix1570,60,7,0,-11,0,20.16
fold2_room1_mix1570,61,7,0,-10,0,20.65
fold2_room1_mix1570,62,7,0,-10,0,21.78
fold2_room1_mix1570,63,7,0,-9,0,23.42
fold2_room1_mix1570,64,7,0,-9,0,24.09
fold2_room1_mix1570,65,7,0,-8,0,24.75
fold2_room1_mix1570,66,7,0,-9,0,25.24
fold2_room1_mix1570,67,7,0,-9,0,25.60
fold2_room1_mix1570,68,7,0,-8,0,26.74
fold2_room1_mix1570,69,7,0,-9,0,27.04
fold2_room1_mix1570,70,7,0,-9,0,27.26
fold2_room1_mix1570,71,7,0,-9,0,27.80
fold2_room1_mix1570,72,7,0,-9,0,28.44
fold2_room1_mix1570,73,7,0,-8,0,28.31
fold2_room1_mix1570,74,7,0,-8,0,29.21
fold2_room1_mix1570,75,7,0,-8,0,29.77
fold2_room1_mix1570,76,7,0,-7,0,30.84
fold2_room1_mix1570,77,7,0,-7,0,31.83
fold2_room1_mix1570,78,7,0,-6,0,31.65
fold2_room1_mix1570,79,7,0,-6,0,32.76
fold2_room1_mix1570,80,7,0,-6,0,34.27
fold2_room1_mix1570,81,7,0,-5,0,36.03
fold2_room1_mix1570,82,7,0,-5,0,37.31
fold2_room1_mix1570,83,7,0,-5,0,38.14
fold2_room1_mix1570,84,7,0,-5,0,40.22
fold2_room1_mix1570,85,7,0,-4,0,40.09
fold2_room1_mix1570,86,7,0,-4,0,41.22
fold2_room1_mix1570,87,7,0,-4,0,41.38
fold2_room1_mix1570,88,7,0,-4,0,43.01
fold2_room1_mix1570,89,7,0,-4,0,43.52
fold2_room1_mix1570,90,7,0,-4,0,43.86
fold2_room1_mix1570,91,7,0,-3,0,44.64
fold2_room1_mix1570,92,7,0,-4,0,44.02
fold2_room1_mix1570,93,7,0,-4,0,45.51
fold2_room1_mix1570,94,7,0,-4,0,45.96
fold2_room1_mix1570,95,7,0,-5,0,45.19
fold2_room1_mix1570,96,7,0,-4,0,45.51
fold2_room1_mix1570,97,7,0,-4,0,47.83
fold2_room1_mix1570,98,7,0,-4,0,46.80
fold2_room1_mix1570,99,7,0,-5,0,47.68
fold2_room1_mix1571,1,7,0,179,0,5.54
fold2_room1_mix1571,2,7,0,-179,0,15.84
fold2_room1_mix1571,3,7,0,-176,0,15.31
fold2_room1_mix1571,4,7,0,-172,0,15.28
fold2_room1_mix1571,5,7,0,-171,0,18.27
fold2_room1_mix1571,6,7,0,-171,0,17.40
fold2_room1_mix1571,7,7,0,-167,0,14.89
fold2_room1_mix1571,8,7,0,-168,0,14.96
fold2_room1_mix1571,9,7,0,-166,0,13.48
fold2_room1_mix1571,10,7,0,-166,0,13.53
fold2_room1_mix1571,11,7,0,-165,0,12.51
fold2_room1_mix1571,12,7,0,-165,0,11.99
fold2_room1_mix1571,13,7,0,-163,0,11.85
fold2_room1_mix1571,14,7,0,-162,0,11.06
fold2_room1_mix1571,15,7,0,-162,0,10.13
fold2_room1_mix1571,16,7,0,-161,0,9.73
fold2_room1_mix1571,17,7,0,-160,0,9.89
fold2_room1_mix1571,18,7,0,-160,0,8.80
fold2_room1_mix1571,19,7,0,-157,0,7.83
fold2_room1_mix1571,20,7,0,-155,0,7.27
fold2_room1_mix1571,21,7,0,-152,0,6.80
fold2_room1_mix1571,22,7,0,-152,0,6.98
fold2_room1_mix1571,23,7,0,-145,0,6.03
fold2_room1_mix1571,24,7,0,-144,0,5.90
fold2_room1_mix1571,25,7,0,-138,0,5.26
fold2_room1_mix1571,26,7,0,-133,0,4.58
fold2_room1_mix1571,27,7,0,-126,0,4.56
fold2_room1_mix1571,28,7,0,-122,0,4.17
fold2_room1_mix1571,29,7,0,-113,0,3.80
fold2_room1_mix1571,30,7,0,-105,0,3.75
fold2_room1_mix1571,31,7,0,-97,0,3.58
fold2_room1_mix1571,32,7,0,-89,0,3.61
fold2_room1_mix1571,33,7,0,-82,0,3.63
fold2_room1_mix1571,34,7,0,-75,0,3.69
fold2_room1_mix1571,35,7,0,-67,0,4.05
fold2_room1_mix1571,36,7,0,-64,0,4.43
fold2_room1_mix1571,37,7,0,-53,0,5.13
fold2_room1_mix1571,38,7,0,-44,0,5.55
fold2_room1_mix1571,39,7,0,-41,0,5.83
fold2_room1_mix1571,40,7,0,-38,0,6.52
fold2_room1_mix1571,41,7,0,-34,0,6.81
fold2_room1_mix1571,42,7,0,-33,0,6.97
fold2_room1_mix1571,43,7,0,-30,0,7.46
fold2_room1_mix1571,44,7,0,-25,0,8.64
fold2_room1_mix1571,45,7,0,-25,0,8.65
fold2_room1_mix1571,46,7,0,-22,0,9.06
fold2_room1_mix1571,47,7,0,-22,0,9.28
fold2_room1_mix1571,48,7,0,-21,0,9.43
fold2_room1_mix1571,49,7,0,-20,0,10.00
fold2_room1_mix1571,50,7,0,-19,0,10.65
fold2_room1_mix1571,51,7,0,-18,0,11.01
fold2_room1_mix1571,52,7,0,-17,0,11.72
fold2_room1_mix1571,53,7,0,-18,0,12.06
fold2_room1_mix1571,54,7,0,-16,0,12.17
fold2_room1_mix1571,55,7,0,-16,0,13.20
fold2_room1_mix1571,56,7,0,-16,0,13.91
fold2_room1_mix1571,57,7,0,-15,0,14.47
fold2_room1_mix1571,58,7,0,-14,0,15.20
fold2_room1_mix1571,59,7,0,-14,0,15.72
fold2_room1_mix1571,60,7,0,-13,0,16.42
fold2_room1_mix1571,61,7,0,-12,0,16.76
fold2_room1_mix1571,62,7,0,-13,0,17.62
fold2_room1_mix1571,63,7,0,-11,0,18.29
fold2_room1_mix1571,64,7,0,-12,0,18.59
fold2_room1_mix1571,65,7,0,-12,0,19.02
fold2_room1_mix1571,66,7,0,-11,0,20.70
fold2_room1_mix1571,67,7,0,-10,0,20.11
fold2_room1_mix1571,68,7,0,-10,0,21.26
fold2_room1_mix1571,69,7,0,-10,0,22.29
fold2_room1_mix1571,70,7,0,-10,0,22.68
fold2_room1_mix1571,71,7,0,-10,0,23.81
fold2_room1_mix1571,72,7,0,-10,0,24.58
fold2_room1_mix1571,73,7,0,-9,0,25.30
fold2_room1_mix1571,74,7,0,-8,0,25.79
fold2_room1_mix1571,75,7,0,-9,0,27.25
fold2_room1_mix1571,76,7,0,-7,0,27.22
fold2_room1_mix1571,77,7,0,-7,0,26.58
fold2_room1_mix1571,78,7,0,-8,0,27.78
fold2_room1_mix1571,79,7,0,-7,0,26.78
fold2_room1_mix1571,80,7,0,-7,0,27.56
fold2_room1_mix1571,81,7,0,-7,0,28.36
fold2_room1_mix1571,82,7,0,-6,0,29.29
fold2_room1_mix1571,83,7,0,-6,0,29.11
fold2_room1_mix1571,84,7,0,-6,0,30.12
fold2_room1_mix1571,85,7,0,-6,0,29.12
fold2_room1_mix1571,86,7,0,-6,0,28.98
fold2_room1_mix1571,87,7,0,-5,0,30.26
fold2_room1_mix1571,88,7,0,-5,0,29.97
fold2_room1_mix1571,89,7,0,-5,0,31.27
fold2_room1_mix1571,90,7,0,-5,0,31.93
fold2_room1_mix1571,91,7,0,-5,0,33.46
fold2_room1_mix1571,92,7,0,-5,0,33.48
fold2_room1_mix1571,93,7,0,-5,0,35.01
fold2_room1_mix1571,94,7,0,-5,0,36.55
fold2_room1_mix1571,95,7,0,-5,0,36.48
fold2_room1_mix1571,96,7,0,-4,0,36.24
fold2_room1_mix1571,97,7,0,-5,0,37.02
fold2_room1_mix1571,98,7,0,-5,0,37.98
fold2_room1_mix1571,99,7,0,-5,0,39.65
fold2_room1_mix1573,1,7,0,1,0,3.44
fold2_room1_mix1573,2,7,0,0,0,8.17
fold2_room1_mix1573,3,7,0,0,0,25.04
fold2_room1_mix1573,4,7,0,1,0,25.79
fold2_room1_mix1573,5,7,0,2,0,26.59
fold2_room1_mix1573,6,7,0,2,0,36.00
fold2_room1_mix1573,7,7,0,3,0,39.51
fold2_room1_mix1573,8,7,0,3,0,38.92
fold2_room1_mix1573,9,7,0,4,0,38.27
fold2_room1_mix1573,10,7,0,4,0,39.05
fold2_room1_mix1573,11,7,0,4,0,37.72
fold2_room1_mix1573,12,7,0,4,0,37.61
fold2_room1_mix1573,13,7,0,4,0,33.76
fold2_room1_mix1573,14,7,0,3,0,33.84
fold2_room1_mix1573,15,7,0,3,0,33.67
fold2_room1_mix1573,16,7,0,3,0,32.27
fold2_room1_mix1573,17,7,0,4,0,31.48
fold2_room1_mix1573,18,7,0,4,0,29.83
fold2_room1_mix1573,19,7,0,4,0,28.67
fold2_room1_mix1573,20,7,0,4,0,28.79
fold2_room1_mix1573,21,7,0,4,0,27.94
fold2_room1_mix1573,22,7,0,5,0,26.06
fold2_room1_mix1573,23,7,0,5,0,25.83
fold2_room1_mix1573,24,7,0,3,0,24.66
fold2_room1_mix1573,25,7,0,4,0,24.25
fold2_room1_mix1573,26,7,0,5,0,24.51
fold2_room1_mix1573,27,7,0,6,0,22.90
fold2_room1_mix1573,28,7,0,6,0,23.19
fold2_room1_mix1573,29,7,0,7,0,22.17
fold2_room1_mix1573,30,7,0,7,0,21.24
fold2_room1_mix1573,31,7,0,8,0,20.94
fold2_room1_mix1573,32,7,0,9,0,19.76
fold2_room1_mix1573,33,7,0,9,0,19.40
fold2_room1_mix1573,34,7,0,9,0,18.01
fold2_room1_mix1573,35,7,0,10,0,17.33
fold2_room1_mix1573,36,7,0,11,0,16.29
fold2_room1_mix1573,37,7,0,12,0,15.73
fold2_room1_mix1573,38,7,0,12,0,14.39
fold2_room1_mix1573,39,7,0,13,0,13.23
fold2_room1_mix1573,40,7,0,14,0,12.50
fold2_room1_mix1573,41,7,0,14,0,12.29
fold2_room1_mix1573,42,7,0,16,0,10.96
fold2_room1_mix1573,43,7,0,16,0,10.24
fold2_room1_mix1573,44,7,0,17,0,9.56
fold2_room1_mix1573,45,7,0,19,0,8.74
fold2_room1_mix1573,46,7,0,22,0,7.75
fold2_room1_mix1573,47,7,0,23,0,6.96
fold2_room1_mix1573,48,7,0,28,0,6.42
fold2_room1_mix1573,49,7,0,32,0,5.10
fold2_room1_mix1573,50,7,0,37,0,4.33
fold2_room1_mix1573,51,7,0,46,0,4.04
fold2_room1_mix1573,52,7,0,57,0,3.75
fold2_room1_mix1573,53,7,0,71,0,3.23
fold2_room1_mix1573,54,7,0,83,0,3.01
fold2_room1_mix1573,55,7,0,98,0,3.10
fold2_room1_mix1573,56,7,0,113,0,3.39
fold2_room1_mix1573,57,7,0,123,0,3.90
fold2_room1_mix1573,58,7,0,134,0,4.51
fold2_room1_mix1573,59,7,0,141,0,4.94
fold2_room1_mix1573,60,7,0,145,0,5.65
fold2_room1_mix1573,61,7,0,148,0,6.24
fold2_room1_mix1573,62,7,0,151,0,6.85
fold2_room1_mix1573,63,7,0,155,0,7.49
fold2_room1_mix1573,64,7,0,158,0,8.80
fold2_room1_mix1573,65,7,0,160,0,9.13
fold2_room1_mix1573,66,7,0,162,0,9.68
fold2_room1_mix1573,67,7,0,163,0,10.88
fold2_room1_mix1573,68,7,0,163,0,10.97
fold2_room1_mix1573,69,7,0,165,0,11.91
fold2_room1_mix1573,70,7,0,166,0,13.22
fold2_room1_mix1573,71,7,0,167,0,13.98
fold2_room1_mix1573,72,7,0,168,0,15.04
fold2_room1_mix1573,73,7,0,168,0,15.61
fold2_room1_mix1573,74,7,0,169,0,16.13
fold2_room1_mix1573,75,7,0,169,0,17.24
fold2_room1_mix1573,76,7,0,169,0,17.85
fold2_room1_mix1573,77,7,0,169,0,18.87
fold2_room1_mix1573,78,7,0,170,0,19.35
fold2_room1_mix1573,79,7,0,170,0,20.39
fold2_room1_mix1573,80,7,0,171,0,21.91
fold2_room1_mix1573,81,7,0,171,0,22.81
fold2_room1_mix1573,82,7,0,171,0,23.48
fold2_room1_mix1573,83,7,0,172,0,24.11
fold2_room1_mix1573,84,7,0,171,0,26.01
fold2_room1_mix1573,85,7,0,172,0,25.86
fold2_room1_mix1573,86,7,0,171,0,26.97
fold2_room1_mix1573,87,7,0,172,0,26.92
fold2_room1_mix1573,88,7,0,172,0,29.91
fold2_room1_mix1573,89,7,0,172,0,28.75
fold2_room1_mix1573,90,7,0,173,0,30.84
fold2_room1_mix1573,91,7,0,173,0,31.58
fold2_room1_mix1573,92,7,0,172,0,30.31
fold2_room1_mix1573,93,7,0,173,0,33.09
fold2_room1_mix1573,94,7,0,173,0,33.34
fold2_room1_mix1573,95,7,0,173,0,33.72
fold2_room1_mix1573,96,7,0,173,0,34.57
fold2_room1_mix1573,97,7,0,173,0,36.01
fold2_room1_mix1573,98,7,0,174,0,36.41
fold2_room1_mix1573,99,7,0,174,0,38.08
fold2_room1_mix1602,1,7,0,0,0,2.74
fold2_room1_mix1602,2,7,0,0,0,5.82
fold2_room1_mix1602,3,7,0,0,0,19.58
fold2_room1_mix1602,4,7,0,0,0,24.40
fold2_room1_mix1602,5,7,0,0,0,26.25
fold2_room1_mix1602,6,7,0,0,0,34.44
fold2_room1_mix1602,7,7,0,0,0,38.37
fold2_room1_mix1602,8,7,0,0,0,39.13
fold2_room1_mix1602,9,7,0,1,0,38.45
fold2_room1_mix1602,10,7,0,0,0,36.04
fold2_room1_mix1602,11,7,0,1,0,34.09
fold2_room1_mix1602,12,7,0,1,0,35.79
fold2_room1_mix1602,13,7,0,0,0,33.63
fold2_room1_mix1602,14,7,0,0,0,33.59
fold2_room1_mix1602,15,7,0,0,0,31.78
fold2_room1_mix1602,16,7,0,0,0,32.41
fold2_room1_mix1602,17,7,0,0,0,29.44
fold2_room1_mix1602,18,7,0,-2,0,28.44
fold2_room1_mix1602,19,7,0,-1,0,27.91
fold2_room1_mix1602,20,7,0,-2,0,26.57
fold2_room1_mix1602,21,7,0,-3,0,25.20
fold2_room1_mix1602,22,7,0,-3,0,24.58
fold2_room1_mix1602,23,7,0,-3,0,23.07
fold2_room1_mix1602,24,7,0,-4,0,23.51
fold2_room1_mix1602,25,7,0,-3,0,22.12
fold2_room1_mix1602,26,7,0,-3,0,21.04
fold2_room1_mix1602,27,7,0,-2,0,21.42
fold2_room1_mix1602,28,7,0,-4,0,20.48
fold2_room1_mix1602,29,7,0,-4,0,20.32
fold2_room1_mix1602,30,7,0,-5,0,19.54
fold2_room1_mix1602,31,7,0,-6,0,18.49
fold2_room1_mix1602,32,7,0,-7,0,17.86
fold2_room1_mix1602,33,7,0,-8,0,15.89
fold2_room1_mix1602,34,7,0,-9,0,15.46
fold2_room1_mix1602,35,7,0,-9,0,14.71
fold2_room1_mix1602,36,7,0,-10,0,13.70
fold2_room1_mix1602,37,7,0,-11,0,12.17
fold2_room1_mix1602,38,7,0,-12,0,11.26
fold2_room1_mix1602,39,7,0,-13,0,9.58
fold2_room1_mix1602,40,7,0,-15,0,8.88
fold2_room1_mix1602,41,7,0,-15,0,7.95
fold2_room1_mix1602,42,7,0,-18,0,7.04
fold2_room1_mix1602,43,7,0,-22,0,5.91
fold2_room1_mix1602,44,7,0,-26,0,5.11
fold2_room1_mix1602,45,7,0,-32,0,4.13
fold2_room1_mix1602,46,7,0,-37,0,3.23
fold2_room1_mix1602,47,7,0,-49,0,2.65
fold2_room1_mix1602,48,7,0,-72,0,2.11
fold2_room1_mix1602,49,7,0,-93,0,2.12
fold2_room1_mix1602,50,7,0,-116,0,2.32
fold2_room1_mix1602,51,7,0,-130,0,2.39
fold2_room1_mix1602,52,7,0,-140,0,3.22
fold2_room1_mix1602,53,7,0,-150,0,4.38
fold2_room1_mix1602,54,7,0,-154,0,4.88
fold2_room1_mix1602,55,7,0,-158,0,5.76
fold2_room1_mix1602,56,7,0,-161,0,6.91
fold2_room1_mix1602,57,7,0,-161,0,7.55
fold2_room1_mix1602,58,7,0,-164,0,8.53
fold2_room1_mix1602,59,7,0,-166,0,9.42
fold2_room1_mix1602,60,7,0,-167,0,10.05
fold2_room1_mix1602,61,7,0,-168,0,10.83
fold2_room1_mix1602,62,7,0,-170,0,11.50
fold2_room1_mix1602,63,7,0,-169,0,12.29
fold2_room1_mix1602,64,7,0,-170,0,13.29
fold2_room1_mix1602,65,7,0,-171,0,14.12
fold2_room1_mix1602,66,7,0,-170,0,14.97
fold2_room1_mix1602,67,7,0,-171,0,15.74
fold2_room1_mix1602,68,7,0,-171,0,16.97
fold2_room1_mix1602,69,7,0,-172,0,17.54
fold2_room1_mix1602,70,7,0,-173,0,18.56
fold2_room1_mix1602,71,7,0,-172,0,18.49
fold2_room1_mix1602,72,7,0,-173,0,20.33
fold2_room1_mix1602,73,7,0,-173,0,21.84
fold2_room1_mix1602,74,7,0,-174,0,23.76
fold2_room1_mix1602,75,7,0,-175,0,24.50
fold2_room1_mix1602,76,7,0,-174,0,24.83
fold2_room1_mix1602,77,7,0,-174,0,25.47
fold2_room1_mix1602,78,7,0,-174,0,26.96
fold2_room1_mix1602,79,7,0,-174,0,27.28
fold2_room1_mix1602,80,7,0,-175,0,27.58
fold2_room1_mix1602,81,7,0,-174,0,26.95
fold2_room1_mix1602,82,7,0,-175,0,28.91
fold2_room1_mix1602,83,7,0,-175,0,28.71
fold2_room1_mix1602,84,7,0,-175,0,29.83
fold2_room1_mix1602,85,7,0,-176,0,30.57
fold2_room1_mix1602,86,7,0,-176,0,31.74
fold2_room1_mix1602,87,7,0,-176,0,31.81
fold2_room1_mix1602,88,7,0,-176,0,32.85
fold2_room1_mix1602,89,7,0,-176,0,33.99
fold2_room1_mix1602,90,7,0,-176,0,36.09
fold2_room1_mix1602,91,7,0,-176,0,37.09
fold2_room1_mix1602,92,7,0,-176,0,37.42
fold2_room1_mix1602,93,7,0,-176,0,36.81
fold2_room1_mix1602,94,7,0,-177,0,40.75
fold2_room1_mix1602,95,7,0,-177,0,41.01
fold2_room1_mix1602,96,7,0,-177,0,41.81
fold2_room1_mix1602,97,7,0,-177,0,41.99
fold2_room1_mix1602,98,7,0,-177,0,42.70
fold2_room1_mix1602,99,7,0,-177,0,43.68
fold2_room1_mix1603,1,7,0,0,0,5.15
fold2_room1_mix1603,2,7,0,0,0,7.29
fold2_room1_mix1603,3,7,0,0,0,27.60
fold2_room1_mix1603,4,7,0,0,0,24.00
fold2_room1_mix1603,5,7,0,0,0,25.62
fold2_room1_mix1603,6,7,0,1,0,36.36
fold2_room1_mix1603,7,7,0,-1,0,35.05
fold2_room1_mix1603,8,7,0,0,0,37.02
fold2_room1_mix1603,9,7,0,0,0,34.91
fold2_room1_mix1603,10,7,0,0,0,35.67
fold2_room1_mix1603,11,7,0,0,0,30.91
fold2_room1_mix1603,12,7,0,0,0,33.76
fold2_room1_mix1603,13,7,0,-1,0,30.75
fold2_room1_mix1603,14,7,0,0,0,29.47
fold2_room1_mix1603,15,7,0,0,0,29.24
fold2_room1_mix1603,16,7,0,0,0,26.66
fold2_room1_mix1603,17,7,0,-1,0,26.14
fold2_room1_mix1603,18,7,0,-1,0,25.93
fold2_room1_mix1603,19,7,0,0,0,27.27
fold2_room1_mix1603,20,7,0,0,0,24.74
fold2_room1_mix1603,21,7,0,-2,0,25.73
fold2_room1_mix1603,22,7,0,-2,0,24.65
fold2_room1_mix1603,23,7,0,-3,0,23.40
fold2_room1_mix1603,24,7,0,-4,0,21.77
fold2_room1_mix1603,25,7,0,-4,0,22.90
fold2_room1_mix1603,26,7,0,-5,0,21.08
fold2_room1_mix1603,27,7,0,-5,0,21.15
fold2_room1_mix1603,28,7,0,-7,0,19.95
fold2_room1_mix1603,29,7,0,-6,0,18.18
fold2_room1_mix1603,30,7,0,-8,0,19.66
fold2_room1_mix1603,31,7,0,-7,0,18.34
fold2_room1_mix1603,32,7,0,-8,0,18.08
fold2_room1_mix1603,33,7,0,-10,0,15.85
fold2_room1_mix1603,34,7,0,-11,0,15.02
fold2_room1_mix1603,35,7,0,-11,0,14.99
fold2_room1_mix1603,36,7,0,-10,0,14.11
fold2_room1_mix1603,37,7,0,-12,0,13.52
fold2_room1_mix1603,38,7,0,-13,0,10.92
fold2_room1_mix1603,39,7,0,-14,0,11.09
fold2_room1_mix1603,40,7,0,-15,0,9.99
fold2_room1_mix1603,41,7,0,-16,0,9.78
fold2_room1_mix1603,42,7,0,-18,0,8.84
fold2_room1_mix1603,43,7,0,-18,0,8.22
fold2_room1_mix1603,44,7,0,-21,0,7.75
fold2_room1_mix1603,45,7,0,-23,0,7.09
fold2_room1_mix1603,46,7,0,-25,0,6.27
fold2_room1_mix1603,47,7,0,-30,0,5.34
fold2_room1_mix1603,48,7,0,-33,0,5.02
fold2_room1_mix1603,49,7,0,-41,0,4.33
fold2_room1_mix1603,50,7,0,-45,0,3.95
fold2_room1_mix1603,51,7,0,-53,0,3.42
fold2_room1_mix1603,52,7,0,-68,0,2.98
fold2_room1_mix1603,53,7,0,-84,0,2.88
fold2_room1_mix1603,54,7,0,-93,0,2.87
fold2_room1_mix1603,55,7,0,-107,0,3.22
fold2_room1_mix1603,56,7,0,-119,0,3.37
fold2_room1_mix1603,57,7,0,-127,0,3.65
fold2_room1_mix1603,58,7,0,-135,0,3.97
fold2_room1_mix1603,59,7,0,-140,0,4.67
fold2_room1_mix1603,60,7,0,-146,0,5.44
fold2_room1_mix1603,61,7,0,-150,0,6.29
fold2_room1_mix1603,62,7,0,-153,0,6.92
fold2_room1_mix1603,63,7,0,-155,0,7.54
fold2_room1_mix1603,64,7,0,-158,0,8.13
fold2_room1_mix1603,65,7,0,-160,0,9.10
fold2_room1_mix1603,66,7,0,-162,0,9.82
fold2_room1_mix1603,67,7,0,-163,0,10.01
fold2_room1_mix1603,68,7,0,-162,0,10.39
fold2_room1_mix1603,69,7,0,-165,0,11.24
fold2_room1_mix1603,70,7,0,-166,0,12.20
fold2_room1_mix1603,71,7,0,-166,0,12.23
fold2_room1_mix1603,72,7,0,-167,0,12.71
fold2_room1_mix1603,73,7,0,-167,0,13.59
fold2_room1_mix1603,74,7,0,-168,0,14.86
fold2_room1_mix1603,75,7,0,-168,0,15.30
fold2_room1_mix1603,76,7,0,-169,0,16.00
fold2_room1_mix1603,77,7,0,-169,0,16.63
fold2_room1_mix1603,78,7,0,-170,0,17.07
fold2_room1_mix1603,79,7,0,-170,0,17.44
fold2_room1_mix1603,80,7,0,-170,0,18.21
fold2_room1_mix1603,81,7,0,-170,0,19.44
fold2_room1_mix1603,82,7,0,-170,0,18.94
fold2_room1_mix1603,83,7,0,-171,0,21.14
fold2_room1_mix1603,84,7,0,-170,0,21.19
fold2_room1_mix1603,85,7,0,-171,0,21.54
fold2_room1_mix1603,86,7,0,-172,0,23.80
fold2_room1_mix1603,87,7,0,-172,0,22.75
fold2_room1_mix1603,88,7,0,-173,0,24.00
fold2_room1_mix1603,89,7,0,-173,0,24.98
fold2_room1_mix1603,90,7,0,-173,0,24.36
fold2_room1_mix1603,91,7,0,-173,0,25.86
fold2_room1_mix1603,92,7,0,-173,0,28.16
fold2_room1_mix1603,93,7,0,-173,0,26.71
fold2_room1_mix1603,94,7,0,-174,0,29.96
fold2_room1_mix1603,95,7,0,-174,0,29.47
fold2_room1_mix1603,96,7,0,-173,0,28.49
fold2_room1_mix1603,97,7,0,-174,0,29.63
fold2_room1_mix1603,98,7,0,-175,0,31.32
fold2_room1_mix1603,99,7,0,-175,0,32.63
fold2_room1_mix1609,3,7,0,0,0,7.98
fold2_room1_mix1609,4,7,0,0,0,22.69
fold2_room1_mix1609,5,7,0,2,0,32.83
fold2_room1_mix1609,6,7,0,2,0,36.59
fold2_room1_mix1609,7,7,0,2,0,36.25
fold2_room1_mix1609,8,7,0,2,0,56.86
fold2_room1_mix1609,9,7,0,2,0,61.61
fold2_room1_mix1609,10,7,0,1,0,57.92
fold2_room1_mix1609,11,7,0,1,0,58.85
fold2_room1_mix1609,12,7,0,1,0,62.49
fold2_room1_mix1609,13,7,0,1,0,64.32
fold2_room1_mix1609,14,7,0,0,0,68.21
fold2_room1_mix1609,15,7,0,1,0,60.96
fold2_room1_mix1609,16,7,0,0,0,65.68
fold2_room1_mix1609,17,7,0,0,0,64.85
fold2_room1_mix1609,18,7,0,0,0,59.95
fold2_room1_mix1609,19,7,0,0,0,64.96
fold2_room1_mix1609,20,7,0,1,0,67.28
fold2_room1_mix1609,21,7,0,0,0,64.33
fold2_room1_mix1609,22,7,0,1,0,65.83
fold2_room1_mix1609,23,7,0,0,0,68.07
fold2_room1_mix1609,24,7,0,0,0,65.33
fold2_room1_mix1609,25,7,0,1,0,73.28
fold2_room1_mix1609,26,7,0,0,0,70.94
fold2_room1_mix1609,27,7,0,0,0,75.78
fold2_room1_mix1609,28,7,0,0,0,76.62
fold2_room1_mix1609,29,7,0,0,0,74.38
fold2_room1_mix1609,30,7,0,0,0,71.04
fold2_room1_mix1609,31,7,0,0,0,71.13
fold2_room1_mix1609,32,7,0,0,0,68.83
fold2_room1_mix1609,33,7,0,1,0,70.80
fold2_room1_mix1609,34,7,0,0,0,68.57
fold2_room1_mix1609,35,7,0,0,0,69.09
fold2_room1_mix1609,36,7,0,0,0,68.99
fold2_room1_mix1609,37,7,0,0,0,70.87
fold2_room1_mix1609,38,7,0,0,0,65.10
fold2_room1_mix1609,39,7,0,0,0,65.21
fold2_room1_mix1609,40,7,0,0,0,61.72
fold2_room1_mix1609,41,7,0,0,0,63.13
fold2_room1_mix1609,42,7,0,0,0,64.94
fold2_room1_mix1609,43,7,0,0,0,64.20
fold2_room1_mix1609,44,7,0,0,0,60.20
fold2_room1_mix1609,45,7,0,0,0,58.79
fold2_room1_mix1609,46,7,0,0,0,58.73
fold2_room1_mix1609,47,7,0,0,0,56.12
fold2_room1_mix1609,48,7,0,0,0,54.34
fold2_room1_mix1609,49,7,0,0,0,52.56
fold2_room1_mix1609,50,7,0,0,0,51.55
fold2_room1_mix1609,51,7,0,1,0,49.22
fold2_room1_mix1609,52,7,0,1,0,46.90
fold2_room1_mix1609,53,7,0,1,0,43.51
fold2_room1_mix1609,54,7,0,2,0,40.89
fold2_room1_mix1609,55,7,0,2,0,38.63
fold2_room1_mix1609,56,7,0,3,0,37.12
fold2_room1_mix1609,57,7,0,2,0,35.38
fold2_room1_mix1609,58,7,0,2,0,33.05
fold2_room1_mix1609,59,7,0,3,0,31.18
fold2_room1_mix1609,60,7,0,4,0,29.25
fold2_room1_mix1609,61,7,0,4,0,27.93
fold2_room1_mix1609,62,7,0,5,0,26.38
fold2_room1_mix1609,63,7,0,5,0,24.92
fold2_room1_mix1609,64,7,0,6,0,23.86
fold2_room1_mix1609,65,7,0,6,0,22.82
fold2_room1_mix1609,66,7,0,7,0,21.77
fold2_room1_mix1609,67,7,0,8,0,20.10
fold2_room1_mix1609,68,7,0,6,0,18.56
fold2_room1_mix1609,69,7,0,7,0,17.10
fold2_room1_mix1609,70,7,0,8,0,14.88
fold2_room1_mix1609,71,7,0,9,0,13.48
fold2_room1_mix1609,72,7,0,11,0,12.57
fold2_room1_mix1609,73,7,0,13,0,10.06
fold2_room1_mix1609,74,7,0,14,0,8.43
fold2_room1_mix1609,75,7,0,18,0,6.92
fold2_room1_mix1609,76,7,0,23,0,5.40
fold2_room1_mix1609,77,7,0,31,0,3.93
fold2_room1_mix1609,78,7,0,48,0,2.97
fold2_room1_mix1609,79,7,0,79,0,2.56
fold2_room1_mix1609,80,7,0,122,0,2.52
fold2_room1_mix1609,81,7,0,140,0,3.11
fold2_room1_mix1609,82,7,0,151,0,4.46
fold2_room1_mix1609,83,7,0,160,0,6.43
fold2_room1_mix1609,84,7,0,163,0,7.86
fold2_room1_mix1609,85,7,0,166,0,9.12
fold2_room1_mix1609,86,7,0,167,0,10.72
fold2_room1_mix1609,87,7,0,169,0,12.08
fold2_room1_mix1609,88,7,0,170,0,13.22
fold2_room1_mix1609,89,7,0,171,0,15.11
fold2_room1_mix1609,90,7,0,172,0,16.90
fold2_room1_mix1609,91,7,0,173,0,18.59
fold2_room1_mix1609,92,7,0,173,0,19.70
fold2_room1_mix1609,93,7,0,174,0,20.68
fold2_room1_mix1609,94,7,0,174,0,23.02
fold2_room1_mix1609,95,7,0,174,0,24.59
fold2_room1_mix1609,96,7,0,174,0,25.97
fold2_room1_mix1609,97,7,0,174,0,27.70
fold2_room1_mix1609,98,7,0,175,0,29.96
fold2_room1_mix1609,99,7,0,175,0,30.71
fold2_room1_mix1612,2,7,0,176,0,18.97
fold2_room1_mix1612,3,7,0,176,0,19.67
fold2_room1_mix1612,4,7,0,175,0,21.49
fold2_room1_mix1612,5,7,0,175,0,20.91
fold2_room1_mix1612,6,7,0,175,0,27.54
fold2_room1_mix1612,7,7,0,174,0,27.96
fold2_room1_mix1612,8,7,0,175,0,23.45
fold2_room1_mix1612,9,7,0,174,0,21.74
fold2_room1_mix1612,10,7,0,173,0,22.81
fold2_room1_mix1612,11,7,0,174,0,21.48
fold2_room1_mix1612,12,7,0,175,0,19.75
fold2_room1_mix1612,13,7,0,173,0,19.44
fold2_room1_mix1612,14,7,0,173,0,20.12
fold2_room1_mix1612,15,7,0,174,0,18.91
fold2_room1_mix1612,16,7,0,174,0,18.72
fold2_room1_mix1612,17,7,0,172,0,20.54
fold2_room1_mix1612,18,7,0,173,0,19.97
fold2_room1_mix1612,19,7,0,173,0,20.78
fold2_room1_mix1612,20,7,0,173,0,21.91
fold2_room1_mix1612,21,7,0,172,0,20.93
fold2_room1_mix1612,22,7,0,171,0,18.86
fold2_room1_mix1612,23,7,0,171,0,19.20
fold2_room1_mix1612,24,7,0,171,0,16.41
fold2_room1_mix1612,25,7,0,169,0,16.53
fold2_room1_mix1612,26,7,0,170,0,15.95
fold2_room1_mix1612,27,7,0,168,0,15.47
fold2_room1_mix1612,28,7,0,168,0,13.29
fold2_room1_mix1612,29,7,0,170,0,13.36
fold2_room1_mix1612,30,7,0,168,0,11.83
fold2_room1_mix1612,31,7,0,168,0,11.06
fold2_room1_mix1612,32,7,0,167,0,10.62
fold2_room1_mix1612,33,7,0,168,0,10.84
fold2_room1_mix1612,34,7,0,166,0,10.51
fold2_room1_mix1612,35,7,0,165,0,10.00
fold2_room1_mix1612,36,7,0,164,0,8.96
fold2_room1_mix1612,37,7,0,165,0,8.57
fold2_room1_mix1612,38,7,0,164,0,8.83
fold2_room1_mix1612,39,7,0,163,0,8.07
fold2_room1_mix1612,40,7,0,162,0,7.50
fold2_room1_mix1612,41,7,0,160,0,7.41
fold2_room1_mix1612,42,7,0,160,0,7.02
fold2_room1_mix1612,43,7,0,159,0,6.41
fold2_room1_mix1612,44,7,0,158,0,5.95
fold2_room1_mix1612,45,7,0,155,0,5.34
fold2_room1_mix1612,46,7,0,154,0,4.94
fold2_room1_mix1612,47,7,0,152,0,4.54
fold2_room1_mix1612,48,7,0,146,0,4.10
fold2_room1_mix1612,49,7,0,143,0,3.76
fold2_room1_mix1612,50,7,0,138,0,3.21
fold2_room1_mix1612,51,7,0,134,0,3.22
fold2_room1_mix1612,52,7,0,128,0,2.81
fold2_room1_mix1612,53,7,0,121,0,2.62
fold2_room1_mix1612,54,7,0,112,0,2.48
fold2_room1_mix1612,55,7,0,96,0,2.40
fold2_room1_mix1612,56,7,0,92,0,2.72
fold2_room1_mix1612,57,7,0,79,0,2.63
fold2_room1_mix1612,58,7,0,66,0,2.47
fold2_room1_mix1612,59,7,0,61,0,2.80
fold2_room1_mix1612,60,7,0,52,0,2.83
fold2_room1_mix1612,61,7,0,43,0,3.48
fold2_room1_mix1612,62,7,0,39,0,4.13
fold2_room1_mix1612,63,7,0,33,0,4.54
fold2_room1_mix1612,64,7,0,29,0,5.06
fold2_room1_mix1612,65,7,0,29,0,5.15
fold2_room1_mix1612,66,7,0,25,0,5.90
fold2_room1_mix1612,67,7,0,24,0,5.88
fold2_room1_mix1612,68,7,0,22,0,6.72
fold2_room1_mix1612,69,7,0,21,0,6.65
fold2_room1_mix1612,70,7,0,21,0,6.94
fold2_room1_mix1612,71,7,0,19,0,7.85
fold2_room1_mix1612,72,7,0,18,0,8.48
fold2_room1_mix1612,73,7,0,17,0,8.39
fold2_room1_mix1612,74,7,0,16,0,8.56
fold2_room1_mix1612,75,7,0,16,0,9.09
fold2_room1_mix1612,76,7,0,15,0,9.50
fold2_room1_mix1612,77,7,0,14,0,9.72
fold2_room1_mix1612,78,7,0,13,0,10.46
fold2_room1_mix1612,79,7,0,13,0,11.24
fold2_room1_mix1612,80,7,0,12,0,11.59
fold2_room1_mix1612,81,7,0,11,0,11.80
fold2_room1_mix1612,82,7,0,11,0,12.47
fold2_room1_mix1612,83,7,0,11,0,12.83
fold2_room1_mix1612,84,7,0,10,0,13.30
fold2_room1_mix1612,85,7,0,9,0,14.62
fold2_room1_mix1612,86,7,0,9,0,15.22
fold2_room1_mix1612,87,7,0,9,0,15.04
fold2_room1_mix1612,88,7,0,8,0,15.15
fold2_room1_mix1612,89,7,0,8,0,15.10
fold2_room1_mix1612,90,7,0,8,0,15.26
fold2_room1_mix1612,91,7,0,8,0,16.04
fold2_room1_mix1612,92,7,0,7,0,17.21
fold2_room1_mix1612,93,7,0,7,0,18.41
fold2_room1_mix1612,94,7,0,7,0,18.71
fold2_room1_mix1612,95,7,0,7,0,19.01
fold2_room1_mix1612,96,7,0,7,0,19.05
fold2_room1_mix1612,97,7,0,7,0,18.89
fold2_room1_mix1612,98,7,0,6,0,19.84
fold2_room1_mix1612,99,7,0,6,0,20.25
fold2_room1_mix1627,2,7,0,0,0,6.90
fold2_room1_mix1627,3,7,0,0,0,31.72
fold2_room1_mix1627,4,7,0,2,0,34.07
fold2_room1_mix1627,5,7,0,1,0,32.11
fold2_room1_mix1627,6,7,0,1,0,49.87
fold2_room1_mix1627,7,7,0,0,0,53.73
fold2_room1_mix1627,8,7,0,1,0,53.38
fold2_room1_mix1627,9,7,0,1,0,51.37
fold2_room1_mix1627,10,7,0,0,0,52.86
fold2_room1_mix1627,11,7,0,0,0,52.19
fold2_room1_mix1627,12,7,0,0,0,50.19
fold2_room1_mix1627,13,7,0,0,0,50.79
fold2_room1_mix1627,14,7,0,0,0,47.88
fold2_room1_mix1627,15,7,0,0,0,46.74
fold2_room1_mix1627,16,7,0,0,0,47.11
fold2_room1_mix1627,17,7,0,0,0,46.97
fold2_room1_mix1627,18,7,0,0,0,45.50
fold2_room1_mix1627,19,7,0,0,0,44.81
fold2_room1_mix1627,20,7,0,0,0,44.22
fold2_room1_mix1627,21,7,0,0,0,42.62
fold2_room1_mix1627,22,7,0,0,0,43.31
fold2_room1_mix1627,23,7,0,0,0,41.60
fold2_room1_mix1627,24,7,0,0,0,41.62
fold2_room1_mix1627,25,7,0,0,0,40.28
fold2_room1_mix1627,26,7,0,0,0,39.18
fold2_room1_mix1627,27,7,0,0,0,38.53
fold2_room1_mix1627,28,7,0,-1,0,37.40
fold2_room1_mix1627,29,7,0,-1,0,35.76
fold2_room1_mix1627,30,7,0,0,0,34.58
fold2_room1_mix1627,31,7,0,-2,0,34.20
fold2_room1_mix1627,32,7,0,-1,0,33.27
fold2_room1_mix1627,33,7,0,-1,0,33.80
fold2_room1_mix1627,34,7,0,-2,0,32.81
fold2_room1_mix1627,35,7,0,-2,0,31.25
fold2_room1_mix1627,36,7,0,-1,0,29.69
fold2_room1_mix1627,37,7,0,-2,0,29.29
fold2_room1_mix1627,38,7,0,-3,0,28.03
fold2_room1_mix1627,39,7,0,-3,0,27.57
fold2_room1_mix1627,40,7,0,-4,0,26.46
fold2_room1_mix1627,41,7,0,-3,0,24.97
fold2_room1_mix1627,42,7,0,-4,0,24.14
fold2_room1_mix1627,43,7,0,-4,0,23.65
fold2_room1_mix1627,44,7,0,-5,0,23.71
fold2_room1_mix1627,45,7,0,-5,0,22.83
fold2_room1_mix1627,46,7,0,-6,0,22.80
fold2_room1_mix1627,47,7,0,-6,0,21.84
fold2_room1_mix1627,48,7,0,-5,0,21.40
fold2_room1_mix1627,49,7,0,-6,0,20.70
fold2_room1_mix1627,50,7,0,-6,0,19.96
fold2_room1_mix1627,51,7,0,-6,0,19.16
fold2_room1_mix1627,52,7,0,-7,0,17.75
fold2_room1_mix1627,53,7,0,-8,0,16.96
fold2_room1_mix1627,54,7,0,-9,0,15.60
fold2_room1_mix1627,55,7,0,-10,0,14.71
fold2_room1_mix1627,56,7,0,-10,0,14.38
fold2_room1_mix1627,57,7,0,-10,0,13.30
fold2_room1_mix1627,58,7,0,-11,0,12.79
fold2_room1_mix1627,59,7,0,-12,0,11.51
fold2_room1_mix1627,60,7,0,-12,0,10.29
fold2_room1_mix1627,61,7,0,-14,0,8.89
fold2_room1_mix1627,62,7,0,-16,0,7.75
fold2_room1_mix1627,63,7,0,-18,0,7.22
fold2_room1_mix1627,64,7,0,-20,0,6.79
fold2_room1_mix1627,65,7,0,-24,0,5.67
fold2_room1_mix1627,66,7,0,-26,0,5.05
fold2_room1_mix1627,67,7,0,-31,0,4.26
fold2_room1_mix1627,68,7,0,-37,0,3.41
fold2_room1_mix1627,69,7,0,-47,0,3.03
fold2_room1_mix1627,70,7,0,-61,0,2.38
fold2_room1_mix1627,71,7,0,-87,0,2.27
fold2_room1_mix1627,72,7,0,-101,0,2.46
fold2_room1_mix1627,73,7,0,-118,0,2.60
fold2_room1_mix1627,74,7,0,-128,0,2.76
fold2_room1_mix1627,75,7,0,-142,0,3.80
fold2_room1_mix1627,76,7,0,-147,0,4.46
fold2_room1_mix1627,77,7,0,-153,0,5.08
fold2_room1_mix1627,78,7,0,-156,0,5.86
fold2_room1_mix1627,79,7,0,-158,0,6.79
fold2_room1_mix1627,80,7,0,-160,0,7.70
fold2_room1_mix1627,81,7,0,-163,0,8.28
fold2_room1_mix1627,82,7,0,-165,0,9.32
fold2_room1_mix1627,83,7,0,-166,0,9.49
fold2_room1_mix1627,84,7,0,-166,0,10.09
fold2_room1_mix1627,85,7,0,-167,0,11.41
fold2_room1_mix1627,86,7,0,-168,0,12.40
fold2_room1_mix1627,87,7,0,-169,0,13.54
fold2_room1_mix1627,88,7,0,-169,0,13.82
fold2_room1_mix1627,89,7,0,-169,0,14.69
fold2_room1_mix1627,90,7,0,-169,0,15.77
fold2_room1_mix1627,91,7,0,-170,0,16.07
fold2_room1_mix1627,92,7,0,-171,0,17.52
fold2_room1_mix1627,93,7,0,-172,0,18.06
fold2_room1_mix1627,94,7,0,-172,0,18.81
fold2_room1_mix1627,95,7,0,-172,0,19.73
fold2_room1_mix1627,96,7,0,-173,0,20.37
fold2_room1_mix1627,97,7,0,-173,0,21.05
fold2_room1_mix1627,98,7,0,-173,0,21.89
fold2_room1_mix1627,99,7,0,-173,0,23.32
fold2_room1_mix1637,2,7,0,178,0,13.80
fold2_room1_mix1637,3,7,0,178,0,39.99
fold2_room1_mix1637,4,7,0,178,0,39.10
fold2_room1_mix1637,5,7,0,178,0,37.16
fold2_room1_mix1637,6,7,0,178,0,55.42
fold2_room1_mix1637,7,7,0,178,0,56.51
fold2_room1_mix1637,8,7,0,178,0,53.97
fold2_room1_mix1637,9,7,0,178,0,55.44
fold2_room1_mix1637,10,7,0,178,0,55.71
fold2_room1_mix1637,11,7,0,178,0,54.02
fold2_room1_mix1637,12,7,0,178,0,51.44
fold2_room1_mix1637,13,7,0,178,0,52.83
fold2_room1_mix1637,14,7,0,178,0,51.93
fold2_room1_mix1637,15,7,0,179,0,49.38
fold2_room1_mix1637,16,7,0,179,0,48.06
fold2_room1_mix1637,17,7,0,179,0,45.70
fold2_room1_mix1637,18,7,0,179,0,44.45
fold2_room1_mix1637,19,7,0,178,0,42.29
fold2_room1_mix1637,20,7,0,178,0,40.64
fold2_room1_mix1637,21,7,0,179,0,38.60
fold2_room1_mix1637,22,7,0,178,0,36.41
fold2_room1_mix1637,23,7,0,178,0,34.82
fold2_room1_mix1637,24,7,0,-179,0,32.58
fold2_room1_mix1637,25,7,0,179,0,31.98
fold2_room1_mix1637,26,7,0,-179,0,30.06
fold2_room1_mix1637,27,7,0,-179,0,28.88
fold2_room1_mix1637,28,7,0,-179,0,28.44
fold2_room1_mix1637,29,7,0,-178,0,25.14
fold2_room1_mix1637,30,7,0,-176,0,23.90
fold2_room1_mix1637,31,7,0,-177,0,22.94
fold2_room1_mix1637,32,7,0,-175,0,20.93
fold2_room1_mix1637,33,7,0,-175,0,19.42
fold2_room1_mix1637,34,7,0,-173,0,17.37
fold2_room1_mix1637,35,7,0,-172,0,15.96
fold2_room1_mix1637,36,7,0,-171,0,14.65
fold2_room1_mix1637,37,7,0,-170,0,13.45
fold2_room1_mix1637,38,7,0,-168,0,11.79
fold2_room1_mix1637,39,7,0,-168,0,10.12
fold2_room1_mix1637,40,7,0,-166,0,8.30
fold2_room1_mix1637,41,7,0,-163,0,6.56
fold2_room1_mix1637,42,7,0,-159,0,5.25
fold2_room1_mix1637,43,7,0,-152,0,4.29
fold2_room1_mix1637,44,7,0,-136,0,3.02
fold2_room1_mix1637,45,7,0,-103,0,2.23
fold2_room1_mix1637,46,7,0,-62,0,2.37
fold2_room1_mix1637,47,7,0,-40,0,2.95
fold2_room1_mix1637,48,7,0,-26,0,3.99
fold2_room1_mix1637,49,7,0,-19,0,5.09
fold2_room1_mix1637,50,7,0,-16,0,6.73
fold2_room1_mix1637,51,7,0,-13,0,8.38
fold2_room1_mix1637,52,7,0,-10,0,9.39
fold2_room1_mix1637,53,7,0,-9,0,12.10
fold2_room1_mix1637,54,7,0,-8,0,13.49
fold2_room1_mix1637,55,7,0,-7,0,14.43
fold2_room1_mix1637,56,7,0,-7,0,15.86
fold2_room1_mix1637,57,7,0,-6,0,17.12
fold2_room1_mix1637,58,7,0,-6,0,18.67
fold2_room1_mix1637,59,7,0,-5,0,20.06
fold2_room1_mix1637,60,7,0,-5,0,21.29
fold2_room1_mix1637,61,7,0,-5,0,23.17
fold2_room1_mix1637,62,7,0,-4,0,24.44
fold2_room1_mix1637,63,7,0,-4,0,25.34
fold2_room1_mix1637,64,7,0,-4,0,26.71
fold2_room1_mix1637,65,7,0,-3,0,28.41
fold2_room1_mix1637,66,7,0,-3,0,28.92
fold2_room1_mix1637,67,7,0,-3,0,29.90
fold2_room1_mix1637,68,7,0,-2,0,32.04
fold2_room1_mix1637,69,7,0,-3,0,32.73
fold2_room1_mix1637,70,7,0,-2,0,34.46
fold2_room1_mix1637,71,7,0,-2,0,35.29
fold2_room1_mix1637,72,7,0,-2,0,36.54
fold2_room1_mix1637,73,7,0,-1,0,38.99
fold2_room1_mix1637,74,7,0,-1,0,40.99
fold2_room1_mix1637,75,7,0,-1,0,42.67
fold2_room1_mix1637,76,7,0,-1,0,43.67
fold2_room1_mix1637,77,7,0,-1,0,45.39
fold2_room1_mix1637,78,7,0,-1,0,47.70
fold2_room1_mix1637,79,7,0,-1,0,49.42
fold2_room1_mix1637,80,7,0,-1,0,51.25
fold2_room1_mix1637,81,7,0,-1,0,53.61
fold2_room1_mix1637,82,7,0,-1,0,55.26
fold2_room1_mix1637,83,7,0,-1,0,57.19
fold2_room1_mix1637,84,7,0,-1,0,58.39
fold2_room1_mix1637,85,7,0,-1,0,61.88
fold2_room1_mix1637,86,7,0,-1,0,61.26
fold2_room1_mix1637,87,7,0,0,0,64.84
fold2_room1_mix1637,88,7,0,0,0,64.70
fold2_room1_mix1637,89,7,0,0,0,67.44
fold2_room1_mix1637,90,7,0,0,0,68.40
fold2_room1_mix1637,91,7,0,0,0,70.57
fold2_room1_mix1637,92,7,0,0,0,70.93
fold2_room1_mix1637,93,7,0,0,0,72.80
fold2_room1_mix1637,94,7,0,0,0,74.23
fold2_room1_mix1637,95,7,0,-1,0,74.88
fold2_room1_mix1637,96,7,0,0,0,76.39
fold2_room1_mix1637,97,7,0,0,0,76.74
fold2_room1_mix1637,98,7,0,0,0,77.60
fold2_room1_mix1637,99,7,0,0,0,78.67
fold2_room1_mix1666,2,5,0,179,0,1.81
fold2_room1_mix1666,3,5,0,178,0,5.88
fold2_room1_mix1666,4,5,0,178,0,21.82
fold2_room1_mix1666,5,5,0,177,0,34.75
fold2_room1_mix1666,6,5,0,177,0,40.05
fold2_room1_mix1666,7,5,0,175,0,89.47
fold2_room1_mix1666,8,5,0,176,0,105.57
fold2_room1_mix1666,9,5,0,176,0,102.87
fold2_room1_mix1666,10,5,0,176,0,97.31
fold2_room1_mix1666,11,5,0,175,0,103.28
fold2_room1_mix1666,12,5,0,176,0,102.76
fold2_room1_mix1666,13,5,0,176,0,101.41
fold2_room1_mix1666,14,5,0,176,0,101.01
fold2_room1_mix1666,15,5,0,176,0,99.32
fold2_room1_mix1666,16,5,0,176,0,96.91
fold2_room1_mix1666,17,5,0,176,0,97.40
fold2_room1_mix1666,18,5,0,176,0,96.27
fold2_room1_mix1666,19,5,0,176,0,98.13
fold2_room1_mix1666,20,5,0,176,0,96.27
fold2_room1_mix1666,21,5,0,176,0,95.96
fold2_room1_mix1666,22,5,0,176,0,96.27
fold2_room1_mix1666,23,5,0,176,0,92.85
fold2_room1_mix1666,24,5,0,176,0,91.71
fold2_room1_mix1666,25,5,0,176,0,87.80
fold2_room1_mix1666,26,5,0,176,0,86.91
fold2_room1_mix1666,27,5,0,176,0,88.17
fold2_room1_mix1666,28,5,0,176,0,85.38
fold2_room1_mix1666,29,5,0,174,0,87.14
fold2_room1_mix1666,30,5,0,175,0,83.07
fold2_room1_mix1666,31,5,0,174,0,81.87
fold2_room1_mix1666,32,5,0,173,0,80.06
fold2_room1_mix1666,33,5,0,174,0,80.53
fold2_room1_mix1666,34,5,0,173,0,76.25
fold2_room1_mix1666,35,5,0,173,0,76.25
fold2_room1_mix1666,36,5,0,173,0,73.88
fold2_room1_mix1666,37,5,0,172,0,74.76
fold2_room1_mix1666,38,5,0,172,0,72.26
fold2_room1_mix1666,39,5,0,172,0,72.55
fold2_room1_mix1666,40,5,0,172,0,71.16
fold2_room1_mix1666,41,5,0,160,0,21.04
fold2_room1_mix1666,41,5,0,177,0,96.10
fold2_room1_mix1666,42,5,0,159,0,19.67
fold2_room1_mix1666,42,5,0,176,0,89.85
fold2_room1_mix1666,43,5,0,158,0,19.08
fold2_room1_mix1666,43,5,0,177,0,91.51
fold2_room1_mix1666,44,5,0,157,0,18.24
fold2_room1_mix1666,44,5,0,177,0,90.32
fold2_room1_mix1666,45,5,0,156,0,17.36
fold2_room1_mix1666,45,5,0,176,0,90.62
fold2_room1_mix1666,46,5,0,154,0,15.65
fold2_room1_mix1666,46,5,0,177,0,85.21
fold2_room1_mix1666,47,5,0,150,0,14.06
fold2_room1_mix1666,47,5,0,176,0,85.82
fold2_room1_mix1666,48,5,0,144,0,12.57
fold2_room1_mix1666,48,5,0,176,0,83.68
fold2_room1_mix1666,49,5,0,140,0,11.24
fold2_room1_mix1666,49,5,0,175,0,79.89
fold2_room1_mix1666,50,5,0,131,0,9.41
fold2_room1_mix1666,50,5,0,174,0,76.22
fold2_room1_mix1666,51,5,0,128,0,8.79
fold2_room1_mix1666,51,5,0,174,0,73.24
fold2_room1_mix1666,52,5,0,119,0,8.04
fold2_room1_mix1666,52,5,0,174,0,69.79
fold2_room1_mix1666,53,5,0,107,0,7.36
fold2_room1_mix1666,53,5,0,174,0,67.47
fold2_room1_mix1666,54,5,0,94,0,7.17
fold2_room1_mix1666,54,5,0,174,0,72.10
fold2_room1_mix1666,55,5,0,87,0,7.48
fold2_room1_mix1666,55,5,0,173,0,70.94
fold2_room1_mix1666,56,5,0,75,0,7.28
fold2_room1_mix1666,56,5,0,174,0,72.46
fold2_room1_mix1666,57,5,0,64,0,7.50
fold2_room1_mix1666,57,5,0,174,0,74.34
fold2_room1_mix1666,58,5,0,55,0,8.38
fold2_room1_mix1666,58,5,0,172,0,69.21
fold2_room1_mix1666,59,5,0,51,0,9.27
fold2_room1_mix1666,59,5,0,171,0,67.32
fold2_room1_mix1666,60,5,0,44,0,10.45
fold2_room1_mix1666,60,5,0,171,0,66.08
fold2_room1_mix1666,61,5,0,38,0,11.74
fold2_room1_mix1666,61,5,0,172,0,65.94
fold2_room1_mix1666,62,5,0,36,0,12.59
fold2_room1_mix1666,62,5,0,172,0,64.18
fold2_room1_mix1666,63,5,0,32,0,13.62
fold2_room1_mix1666,63,5,0,171,0,62.38
fold2_room1_mix1666,64,5,0,28,0,14.74
fold2_room1_mix1666,64,5,0,171,0,59.22
fold2_room1_mix1666,65,5,0,25,0,16.67
fold2_room1_mix1666,65,5,0,171,0,58.19
fold2_room1_mix1666,66,5,0,23,0,17.39
fold2_room1_mix1666,66,5,0,170,0,54.18
fold2_room1_mix1666,67,5,0,21,0,18.97
fold2_room1_mix1666,67,5,0,170,0,56.17
fold2_room1_mix1666,68,5,0,18,0,20.93
fold2_room1_mix1666,68,5,0,169,0,55.30
fold2_room1_mix1666,69,5,0,18,0,21.83
fold2_room1_mix1666,69,5,0,168,0,54.84
fold2_room1_mix1666,70,5,0,18,0,21.82
fold2_room1_mix1666,70,5,0,169,0,56.05
fold2_room1_mix1666,71,5,0,17,0,23.07
fold2_room1_mix1666,71,5,0,168,0,53.09
fold2_room1_mix1666,72,5,0,16,0,23.42
fold2_room1_mix1666,72,5,0,169,0,57.90
fold2_room1_mix1666,73,5,0,17,0,23.07
fold2_room1_mix1666,73,5,0,167,0,51.61
fold2_room1_mix1666,74,5,0,15,0,24.05
fold2_room1_mix1666,74,5,0,167,0,52.13
fold2_room1_mix1666,75,5,0,14,0,25.54
fold2_room1_mix1666,75,5,0,166,0,50.44
fold2_room1_mix1666,76,5,0,14,0,25.10
fold2_room1_mix1666,76,5,0,168,0,54.73
fold2_room1_mix1666,77,5,0,13,0,26.54
fold2_room1_mix1666,77,5,0,168,0,55.78
fold2_room1_mix1666,78,5,0,12,0,28.01
fold2_room1_mix1666,78,5,0,169,0,58.11
fold2_room1_mix1666,79,5,0,12,0,31.21
fold2_room1_mix1666,79,5,0,157,0,26.57
fold2_room1_mix1666,79,5,0,174,0,74.06
fold2_room1_mix1666,80,5,0,12,0,30.73
fold2_room1_mix1666,80,5,0,167,0,54.36
fold2_room1_mix1666,81,5,0,12,0,31.60
fold2_room1_mix1666,81,5,0,159,0,29.69
fold2_room1_mix1666,81,5,0,175,0,80.43
fold2_room1_mix1666,82,5,0,11,0,32.50
fold2_room1_mix1666,82,5,0,156,0,25.52
fold2_room1_mix1666,82,5,0,175,0,74.06
fold2_room1_mix1666,83,5,0,11,0,33.65
fold2_room1_mix1666,83,5,0,157,0,26.73
fold2_room1_mix1666,83,5,0,174,0,77.04
fold2_room1_mix1666,84,5,0,11,0,35.95
fold2_room1_mix1666,84,5,0,153,0,23.94
fold2_room1_mix1666,84,5,0,173,0,73.84
fold2_room1_mix1666,85,5,0,11,0,35.75
fold2_room1_mix1666,85,5,0,152,0,22.44
fold2_room1_mix1666,85,5,0,173,0,70.96
fold2_room1_mix1666,86,5,0,11,0,38.97
fold2_room1_mix1666,86,5,0,151,0,22.02
fold2_room1_mix1666,86,5,0,174,0,73.93
fold2_room1_mix1666,87,5,0,11,0,38.29
fold2_room1_mix1666,87,5,0,150,0,20.40
fold2_room1_mix1666,87,5,0,173,0,68.89
fold2_room1_mix1666,88,5,0,11,0,39.70
fold2_room1_mix1666,88,5,0,145,0,18.25
fold2_room1_mix1666,88,5,0,172,0,63.42
fold2_room1_mix1666,89,5,0,12,0,38.95
fold2_room1_mix1666,89,5,0,145,0,17.38
fold2_room1_mix1666,89,5,0,172,0,62.70
fold2_room1_mix1666,90,5,0,9,0,42.03
fold2_room1_mix1666,90,5,0,148,0,17.98
fold2_room1_mix1666,90,5,0,173,0,66.99
fold2_room1_mix1666,91,5,0,8,0,44.27
fold2_room1_mix1666,91,5,0,149,0,18.46
fold2_room1_mix1666,91,5,0,174,0,70.23
fold2_room1_mix1666,92,5,0,9,0,46.08
fold2_room1_mix1666,92,5,0,146,0,17.59
fold2_room1_mix1666,92,5,0,173,0,69.81
fold2_room1_mix1666,93,5,0,9,0,45.45
fold2_room1_mix1666,93,5,0,144,0,15.86
fold2_room1_mix1666,93,5,0,173,0,63.73
fold2_room1_mix1666,94,5,0,9,0,46.17
fold2_room1_mix1666,94,5,0,139,0,13.79
fold2_room1_mix1666,94,5,0,172,0,59.35
fold2_room1_mix1666,95,5,0,10,0,48.52
fold2_room1_mix1666,95,5,0,130,0,11.42
fold2_room1_mix1666,95,5,0,169,0,53.24
fold2_room1_mix1666,96,5,0,9,0,48.17
fold2_room1_mix1666,96,5,0,127,0,10.52
fold2_room1_mix1666,96,5,0,169,0,50.05
fold2_room1_mix1666,97,5,0,8,0,49.28
fold2_room1_mix1666,97,5,0,124,0,10.89
fold2_room1_mix1666,97,5,0,170,0,51.97
fold2_room1_mix1666,98,5,0,9,0,52.94
fold2_room1_mix1666,98,5,0,123,0,10.72
fold2_room1_mix1666,98,5,0,170,0,55.21
fold2_room1_mix1666,99,5,0,9,0,53.47
fold2_room1_mix1666,99,5,0,112,0,10.62
fold2_room1_mix1666,99,5,0,170,0,52.90
fold2_room1_mix1671,3,5,0,-177,0,3.98
fold2_room1_mix1671,4,5,0,-178,0,21.43
fold2_room1_mix1671,5,5,0,-177,0,34.98
fold2_room1_mix1671,6,5,0,-178,0,53.13
fold2_room1_mix1671,7,5,0,-179,0,89.84
fold2_room1_mix1671,8,5,0,-179,0,106.54
fold2_room1_mix1671,9,5,0,-178,0,103.19
fold2_room1_mix1671,10,5,0,-178,0,104.38
fold2_room1_mix1671,11,5,0,-177,0,104.58
fold2_room1_mix1671,12,5,0,-177,0,105.32
fold2_room1_mix1671,13,5,0,-176,0,100.89
fold2_room1_mix1671,14,5,0,-176,0,104.25
fold2_room1_mix1671,15,5,0,-176,0,100.09
fold2_room1_mix1671,16,5,0,-175,0,102.93
fold2_room1_mix1671,17,5,0,-175,0,101.22
fold2_room1_mix1671,18,5,0,-175,0,97.82
fold2_room1_mix1671,19,5,0,-175,0,93.89
fold2_room1_mix1671,20,5,0,-175,0,95.14
fold2_room1_mix1671,21,5,0,-175,0,95.95
fold2_room1_mix1671,22,5,0,-175,0,93.12
fold2_room1_mix1671,23,5,0,-175,0,92.18
fold2_room1_mix1671,24,5,0,-175,0,95.89
fold2_room1_mix1671,25,5,0,-175,0,91.71
fold2_room1_mix1671,26,5,0,-175,0,89.68
fold2_room1_mix1671,27,5,0,-174,0,88.82
fold2_room1_mix1671,28,5,0,-174,0,87.89
fold2_room1_mix1671,29,5,0,-173,0,86.14
fold2_room1_mix1671,30,5,0,-173,0,85.83
fold2_room1_mix1671,31,5,0,-173,0,85.13
fold2_room1_mix1671,32,5,0,-172,0,84.13
fold2_room1_mix1671,33,5,0,-172,0,83.30
fold2_room1_mix1671,34,5,0,-172,0,82.14
fold2_room1_mix1671,35,5,0,-172,0,79.19
fold2_room1_mix1671,36,5,0,-172,0,80.32
fold2_room1_mix1671,37,5,0,-171,0,79.53
fold2_room1_mix1671,38,5,0,-171,0,76.63
fold2_room1_mix1671,39,5,0,-171,0,74.06
fold2_room1_mix1671,40,5,0,-171,0,73.23
fold2_room1_mix1671,41,5,0,-171,0,68.64
fold2_room1_mix1671,42,5,0,-171,0,66.65
fold2_room1_mix1671,43,5,0,-171,0,66.60
fold2_room1_mix1671,44,5,0,-170,0,65.70
fold2_room1_mix1671,45,5,0,-171,0,65.32
fold2_room1_mix1671,46,5,0,-170,0,65.69
fold2_room1_mix1671,47,5,0,-169,0,64.74
fold2_room1_mix1671,48,5,0,-170,0,63.67
fold2_room1_mix1671,49,5,0,-156,0,15.25
fold2_room1_mix1671,49,5,0,-174,0,85.59
fold2_room1_mix1671,50,5,0,-150,0,13.80
fold2_room1_mix1671,50,5,0,-175,0,83.70
fold2_room1_mix1671,51,5,0,-146,0,12.83
fold2_room1_mix1671,51,5,0,-175,0,80.99
fold2_room1_mix1671,52,5,0,-139,0,10.91
fold2_room1_mix1671,52,5,0,-175,0,75.93
fold2_room1_mix1671,53,5,0,-131,0,9.38
fold2_room1_mix1671,53,5,0,-175,0,79.30
fold2_room1_mix1671,54,5,0,-125,0,8.91
fold2_room1_mix1671,54,5,0,-175,0,76.92
fold2_room1_mix1671,55,5,0,-119,0,8.21
fold2_room1_mix1671,55,5,0,-175,0,77.57
fold2_room1_mix1671,56,5,0,-110,0,7.42
fold2_room1_mix1671,56,5,0,-174,0,77.98
fold2_room1_mix1671,57,5,0,-96,0,6.84
fold2_room1_mix1671,57,5,0,-175,0,83.35
fold2_room1_mix1671,58,5,0,-83,0,7.14
fold2_room1_mix1671,58,5,0,-175,0,83.29
fold2_room1_mix1671,59,5,0,-72,0,7.74
fold2_room1_mix1671,59,5,0,-174,0,82.14
fold2_room1_mix1671,60,5,0,-59,0,8.20
fold2_room1_mix1671,60,5,0,-174,0,79.55
fold2_room1_mix1671,61,5,0,-51,0,8.92
fold2_room1_mix1671,61,5,0,-174,0,76.60
fold2_room1_mix1671,62,5,0,-44,0,9.95
fold2_room1_mix1671,62,5,0,-174,0,73.51
fold2_room1_mix1671,63,5,0,-41,0,10.65
fold2_room1_mix1671,63,5,0,-174,0,70.34
fold2_room1_mix1671,64,5,0,-33,0,12.51
fold2_room1_mix1671,64,5,0,-173,0,67.91
fold2_room1_mix1671,65,5,0,-30,0,13.32
fold2_room1_mix1671,65,5,0,-173,0,66.39
fold2_room1_mix1671,66,5,0,-27,0,14.49
fold2_room1_mix1671,66,5,0,-174,0,67.68
fold2_room1_mix1671,67,5,0,-27,0,14.68
fold2_room1_mix1671,67,5,0,-173,0,67.13
fold2_room1_mix1671,68,5,0,-27,0,14.79
fold2_room1_mix1671,68,5,0,-174,0,67.22
fold2_room1_mix1671,69,5,0,-25,0,16.21
fold2_room1_mix1671,69,5,0,-174,0,69.02
fold2_room1_mix1671,70,5,0,-22,0,17.62
fold2_room1_mix1671,70,5,0,-174,0,65.69
fold2_room1_mix1671,71,5,0,-22,0,17.67
fold2_room1_mix1671,71,5,0,-174,0,69.23
fold2_room1_mix1671,72,5,0,-19,0,19.96
fold2_room1_mix1671,72,5,0,-174,0,68.85
fold2_room1_mix1671,73,5,0,-17,0,20.74
fold2_room1_mix1671,73,5,0,-173,0,61.43
fold2_room1_mix1671,74,5,0,-21,0,19.50
fold2_room1_mix1671,74,5,0,-173,0,58.43
fold2_room1_mix1671,75,5,0,-20,0,20.74
fold2_room1_mix1671,75,5,0,-172,0,59.00
fold2_room1_mix1671,76,5,0,-18,0,21.19
fold2_room1_mix1671,76,5,0,-171,0,52.09
fold2_room1_mix1671,77,5,0,-20,0,19.18
fold2_room1_mix1671,77,5,0,-173,0,63.11
fold2_room1_mix1671,78,5,0,-18,0,21.03
fold2_room1_mix1671,78,5,0,-173,0,62.24
fold2_room1_mix1671,79,5,0,-18,0,20.75
fold2_room1_mix1671,79,5,0,-172,0,55.49
fold2_room1_mix1671,80,5,0,-16,0,22.88
fold2_room1_mix1671,80,5,0,-172,0,57.88
fold2_room1_mix1671,81,5,0,-15,0,23.46
fold2_room1_mix1671,81,5,0,-171,0,50.77
fold2_room1_mix1671,82,5,0,-13,0,26.07
fold2_room1_mix1671,82,5,0,-170,0,49.92
fold2_room1_mix1671,83,5,0,-11,0,29.25
fold2_room1_mix1671,83,5,0,-167,0,42.13
fold2_room1_mix1671,84,5,0,-11,0,29.77
fold2_room1_mix1671,84,5,0,-169,0,45.72
fold2_room1_mix1671,85,5,0,-11,0,31.20
fold2_room1_mix1671,85,5,0,-168,0,45.59
fold2_room1_mix1671,86,5,0,-9,0,33.90
fold2_room1_mix1671,86,5,0,-168,0,44.79
fold2_room1_mix1671,87,5,0,-9,0,31.89
fold2_room1_mix1671,87,5,0,-170,0,48.20
fold2_room1_mix1671,88,5,0,-9,0,37.09
fold2_room1_mix1671,88,5,0,-159,0,21.73
fold2_room1_mix1671,88,5,0,-175,0,72.39
fold2_room1_mix1671,89,5,0,-9,0,35.34
fold2_room1_mix1671,89,5,0,-170,0,53.39
fold2_room1_mix1671,90,5,0,-8,0,37.05
fold2_room1_mix1671,90,5,0,-168,0,46.45
fold2_room1_mix1671,91,5,0,-8,0,38.33
fold2_room1_mix1671,91,5,0,-159,0,21.18
fold2_room1_mix1671,91,5,0,-175,0,73.03
fold2_room1_mix1671,92,5,0,-8,0,39.07
fold2_room1_mix1671,92,5,0,-159,0,20.45
fold2_room1_mix1671,92,5,0,-175,0,74.62
fold2_room1_mix1671,93,5,0,-9,0,38.65
fold2_room1_mix1671,93,5,0,-148,0,16.38
fold2_room1_mix1671,93,5,0,-173,0,59.59
fold2_room1_mix1671,94,5,0,-7,0,40.72
fold2_room1_mix1671,94,5,0,-110,0,10.59
fold2_room1_mix1671,94,5,0,-171,0,40.92
fold2_room1_mix1671,95,5,0,-7,0,39.97
fold2_room1_mix1671,95,5,0,-120,0,11.00
fold2_room1_mix1671,95,5,0,-172,0,43.35
fold2_room1_mix1671,96,5,0,-7,0,38.39
fold2_room1_mix1671,96,5,0,-108,0,10.19
fold2_room1_mix1671,96,5,0,-171,0,38.69
fold2_room1_mix1671,97,5,0,-6,0,40.21
fold2_room1_mix1671,97,5,0,-66,0,9.04
fold2_room1_mix1671,97,5,0,-169,0,30.26
fold2_room1_mix1671,98,5,0,-6,0,41.95
fold2_room1_mix1671,98,5,0,-92,0,10.56
fold2_room1_mix1671,98,5,0,-170,0,34.98
fold2_room1_mix1671,99,5,0,-7,0,42.00
fold2_room1_mix1671,99,5,0,-42,0,9.59
fold2_room1_mix1671,99,5,0,-167,0,25.00
fold2_room1_mix1679,4,5,0,177,0,3.69
fold2_room1_mix1679,5,5,0,-178,0,19.23
fold2_room1_mix1679,6,5,0,-178,0,36.93
fold2_room1_mix1679,7,5,0,-178,0,40.39
fold2_room1_mix1679,8,5,0,-178,0,99.07
fold2_room1_mix1679,9,5,0,-178,0,112.70
fold2_room1_mix1679,10,5,0,-178,0,120.82
fold2_room1_mix1679,11,5,0,-179,0,114.55
fold2_room1_mix1679,12,5,0,-178,0,112.43
fold2_room1_mix1679,13,5,0,-178,0,121.33
fold2_room1_mix1679,14,5,0,-179,0,120.72
fold2_room1_mix1679,15,5,0,-177,0,117.52
fold2_room1_mix1679,16,5,0,-177,0,115.29
fold2_room1_mix1679,17,5,0,-178,0,119.19
fold2_room1_mix1679,18,5,0,-178,0,115.81
fold2_room1_mix1679,19,5,0,-178,0,115.03
fold2_room1_mix1679,20,5,0,-178,0,114.98
fold2_room1_mix1679,21,5,0,-177,0,115.04
fold2_room1_mix1679,22,5,0,-177,0,115.94
fold2_room1_mix1679,23,5,0,-176,0,113.14
fold2_room1_mix1679,24,5,0,-176,0,114.48
fold2_room1_mix1679,25,5,0,-176,0,113.00
fold2_room1_mix1679,26,5,0,-175,0,112.37
fold2_room1_mix1679,27,5,0,-176,0,111.32
fold2_room1_mix1679,28,5,0,-175,0,110.11
fold2_room1_mix1679,29,5,0,-175,0,109.84
fold2_room1_mix1679,30,5,0,-174,0,107.20
fold2_room1_mix1679,31,5,0,-173,0,107.30
fold2_room1_mix1679,32,5,0,-172,0,105.98
fold2_room1_mix1679,33,5,0,-173,0,102.25
fold2_room1_mix1679,34,5,0,-171,0,98.63
fold2_room1_mix1679,35,5,0,-172,0,98.38
fold2_room1_mix1679,36,5,0,-172,0,93.12
fold2_room1_mix1679,37,5,0,-171,0,92.19
fold2_room1_mix1679,38,5,0,-171,0,90.46
fold2_room1_mix1679,39,5,0,-170,0,86.46
fold2_room1_mix1679,40,5,0,-170,0,88.66
fold2_room1_mix1679,41,5,0,-169,0,84.15
fold2_room1_mix1679,42,5,0,-169,0,82.34
fold2_room1_mix1679,43,5,0,-156,0,22.63
fold2_room1_mix1679,43,5,0,-174,0,112.03
fold2_room1_mix1679,44,5,0,-155,0,20.54
fold2_room1_mix1679,44,5,0,-174,0,104.64
fold2_room1_mix1679,45,5,0,-152,0,18.50
fold2_room1_mix1679,45,5,0,-174,0,104.40
fold2_room1_mix1679,46,5,0,-147,0,16.52
fold2_room1_mix1679,46,5,0,-174,0,103.57
fold2_room1_mix1679,47,5,0,-141,0,14.03
fold2_room1_mix1679,47,5,0,-175,0,101.40
fold2_room1_mix1679,48,5,0,-134,0,12.35
fold2_room1_mix1679,48,5,0,-175,0,99.37
fold2_room1_mix1679,49,5,0,-124,0,9.93
fold2_room1_mix1679,49,5,0,-174,0,90.58
fold2_room1_mix1679,50,5,0,-117,0,8.86
fold2_room1_mix1679,50,5,0,-174,0,90.28
fold2_room1_mix1679,51,5,0,-100,0,7.98
fold2_room1_mix1679,51,5,0,-173,0,86.47
fold2_room1_mix1679,52,5,0,-83,0,7.92
fold2_room1_mix1679,52,5,0,-173,0,86.73
fold2_room1_mix1679,53,5,0,-66,0,8.71
fold2_room1_mix1679,53,5,0,-173,0,84.42
fold2_room1_mix1679,54,5,0,-58,0,9.35
fold2_room1_mix1679,54,5,0,-173,0,84.87
fold2_room1_mix1679,55,5,0,-50,0,10.75
fold2_room1_mix1679,55,5,0,-174,0,85.81
fold2_room1_mix1679,56,5,0,-44,0,11.84
fold2_room1_mix1679,56,5,0,-174,0,83.67
fold2_room1_mix1679,57,5,0,-37,0,13.66
fold2_room1_mix1679,57,5,0,-173,0,78.07
fold2_room1_mix1679,58,5,0,-32,0,16.03
fold2_room1_mix1679,58,5,0,-173,0,77.54
fold2_room1_mix1679,59,5,0,-26,0,18.24
fold2_room1_mix1679,59,5,0,-173,0,73.18
fold2_room1_mix1679,60,5,0,-26,0,18.86
fold2_room1_mix1679,60,5,0,-173,0,73.26
fold2_room1_mix1679,61,5,0,-24,0,21.14
fold2_room1_mix1679,61,5,0,-172,0,71.03
fold2_room1_mix1679,62,5,0,-23,0,22.89
fold2_room1_mix1679,62,5,0,-171,0,70.56
fold2_room1_mix1679,63,5,0,-21,0,23.71
fold2_room1_mix1679,63,5,0,-170,0,61.59
fold2_room1_mix1679,64,5,0,-20,0,23.96
fold2_room1_mix1679,64,5,0,-172,0,69.76
fold2_room1_mix1679,65,5,0,-16,0,27.91
fold2_room1_mix1679,65,5,0,-170,0,60.42
fold2_room1_mix1679,66,5,0,-16,0,29.58
fold2_room1_mix1679,66,5,0,-169,0,59.95
fold2_room1_mix1679,67,5,0,-14,0,33.34
fold2_room1_mix1679,67,5,0,-167,0,54.68
fold2_room1_mix1679,68,5,0,-13,0,34.94
fold2_room1_mix1679,68,5,0,-168,0,57.85
fold2_room1_mix1679,69,5,0,-13,0,37.02
fold2_room1_mix1679,69,5,0,-154,0,21.58
fold2_room1_mix1679,69,5,0,-173,0,76.84
fold2_room1_mix1679,70,5,0,-14,0,35.99
fold2_room1_mix1679,70,5,0,-158,0,26.42
fold2_room1_mix1679,70,5,0,-174,0,86.60
fold2_room1_mix1679,71,5,0,-12,0,41.04
fold2_room1_mix1679,71,5,0,-154,0,21.72
fold2_room1_mix1679,71,5,0,-174,0,82.27
fold2_room1_mix1679,72,5,0,-13,0,38.31
fold2_room1_mix1679,72,5,0,-156,0,23.30
fold2_room1_mix1679,72,5,0,-173,0,78.63
fold2_room1_mix1679,73,5,0,-11,0,41.65
fold2_room1_mix1679,73,5,0,-154,0,19.43
fold2_room1_mix1679,73,5,0,-174,0,77.52
fold2_room1_mix1679,74,5,0,-12,0,41.78
fold2_room1_mix1679,74,5,0,-154,0,21.16
fold2_room1_mix1679,74,5,0,-173,0,76.77
fold2_room1_mix1679,75,5,0,-10,0,44.24
fold2_room1_mix1679,75,5,0,-138,0,13.82
fold2_room1_mix1679,75,5,0,-171,0,57.20
fold2_room1_mix1679,76,5,0,-10,0,47.77
fold2_room1_mix1679,76,5,0,-145,0,16.38
fold2_room1_mix1679,76,5,0,-172,0,69.46
fold2_room1_mix1679,77,5,0,-9,0,52.49
fold2_room1_mix1679,77,5,0,-134,0,13.70
fold2_room1_mix1679,77,5,0,-171,0,62.39
fold2_room1_mix1679,78,5,0,-8,0,53.88
fold2_room1_mix1679,78,5,0,-135,0,14.07
fold2_room1_mix1679,78,5,0,-172,0,63.67
fold2_room1_mix1679,79,5,0,-9,0,53.86
fold2_room1_mix1679,79,5,0,-122,0,11.84
fold2_room1_mix1679,79,5,0,-171,0,59.22
fold2_room1_mix1679,80,5,0,-8,0,56.40
fold2_room1_mix1679,80,5,0,-129,0,13.19
fold2_room1_mix1679,80,5,0,-172,0,66.20
fold2_room1_mix1679,81,5,0,-9,0,58.64
fold2_room1_mix1679,81,5,0,-107,0,11.67
fold2_room1_mix1679,81,5,0,-171,0,58.82
fold2_room1_mix1679,82,5,0,-7,0,59.03
fold2_room1_mix1679,82,5,0,-126,0,13.04
fold2_room1_mix1679,82,5,0,-172,0,65.92
fold2_room1_mix1679,83,5,0,-7,0,59.80
fold2_room1_mix1679,83,5,0,-130,0,14.24
fold2_room1_mix1679,83,5,0,-173,0,69.44
fold2_room1_mix1679,84,5,0,-7,0,60.61
fold2_room1_mix1679,84,5,0,-125,0,13.39
fold2_room1_mix1679,84,5,0,-172,0,67.36
fold2_room1_mix1679,85,5,0,-7,0,62.65
fold2_room1_mix1679,85,5,0,-108,0,12.66
fold2_room1_mix1679,85,5,0,-171,0,60.76
fold2_room1_mix1679,86,5,0,-6,0,64.79
fold2_room1_mix1679,86,5,0,-117,0,12.79
fold2_room1_mix1679,86,5,0,-172,0,63.02
fold2_room1_mix1679,87,5,0,-7,0,69.85
fold2_room1_mix1679,87,5,0,-76,0,12.67
fold2_room1_mix1679,87,5,0,-169,0,54.42
fold2_room1_mix1679,88,5,0,-6,0,68.40
fold2_room1_mix1679,88,5,0,-87,0,12.39
fold2_room1_mix1679,88,5,0,-171,0,57.82
fold2_room1_mix1679,89,5,0,-6,0,70.96
fold2_room1_mix1679,89,5,0,-79,0,12.23
fold2_room1_mix1679,89,5,0,-172,0,61.27
fold2_room1_mix1679,90,5,0,-5,0,67.14
fold2_room1_mix1679,90,5,0,-65,0,11.53
fold2_room1_mix1679,90,5,0,-172,0,55.18
fold2_room1_mix1679,91,5,0,-5,0,73.20
fold2_room1_mix1679,91,5,0,-57,0,13.00
fold2_room1_mix1679,91,5,0,-172,0,55.67
fold2_room1_mix1679,92,5,0,-5,0,75.52
fold2_room1_mix1679,92,5,0,-50,0,13.60
fold2_room1_mix1679,92,5,0,-171,0,55.04
fold2_room1_mix1679,93,5,0,-5,0,77.47
fold2_room1_mix1679,93,5,0,-54,0,13.60
fold2_room1_mix1679,93,5,0,-171,0,56.03
fold2_room1_mix1679,94,5,0,-5,0,79.96
fold2_room1_mix1679,94,5,0,-48,0,14.75
fold2_room1_mix1679,94,5,0,-171,0,51.58
fold2_room1_mix1679,95,5,0,-6,0,80.12
fold2_room1_mix1679,95,5,0,-54,0,15.26
fold2_room1_mix1679,95,5,0,-170,0,52.58
fold2_room1_mix1679,96,5,0,-6,0,74.21
fold2_room1_mix1679,96,5,0,-61,0,13.28
fold2_room1_mix1679,96,5,0,-171,0,55.93
fold2_room1_mix1679,97,5,0,-5,0,83.13
fold2_room1_mix1679,97,5,0,-38,0,18.52
fold2_room1_mix1679,97,5,0,-169,0,42.55
fold2_room1_mix1679,98,5,0,-5,0,84.65
fold2_room1_mix1679,98,5,0,-29,0,22.86
fold2_room1_mix1679,98,5,0,-166,0,33.44
fold2_room1_mix1679,99,5,0,-4,0,88.41
fold2_room1_mix1679,99,5,0,-33,0,21.28
fold2_room1_mix1679,99,5,0,-170,0,44.39
fold2_room1_mix1680,4,5,0,177,0,5.80
fold2_room1_mix1680,5,5,0,179,0,24.15
fold2_room1_mix1680,6,5,0,179,0,36.38
fold2_room1_mix1680,7,5,0,178,0,40.53
fold2_room1_mix1680,8,5,0,177,0,98.50
fold2_room1_mix1680,9,5,0,177,0,112.35
fold2_room1_mix1680,10,5,0,177,0,117.09
fold2_room1_mix1680,11,5,0,176,0,112.48
fold2_room1_mix1680,12,5,0,177,0,112.33
fold2_room1_mix1680,13,5,0,177,0,117.84
fold2_room1_mix1680,14,5,0,177,0,115.67
fold2_room1_mix1680,15,5,0,177,0,118.15
fold2_room1_mix1680,16,5,0,178,0,115.90
fold2_room1_mix1680,17,5,0,176,0,113.32
fold2_room1_mix1680,18,5,0,177,0,113.97
fold2_room1_mix1680,19,5,0,177,0,114.57
fold2_room1_mix1680,20,5,0,176,0,111.79
fold2_room1_mix1680,21,5,0,177,0,107.92
fold2_room1_mix1680,22,5,0,177,0,109.68
fold2_room1_mix1680,23,5,0,177,0,107.61
fold2_room1_mix1680,24,5,0,177,0,106.39
fold2_room1_mix1680,25,5,0,177,0,105.86
fold2_room1_mix1680,26,5,0,176,0,98.92
fold2_room1_mix1680,27,5,0,177,0,98.57
fold2_room1_mix1680,28,5,0,177,0,96.20
fold2_room1_mix1680,29,5,0,177,0,94.67
fold2_room1_mix1680,30,5,0,176,0,90.25
fold2_room1_mix1680,31,5,0,176,0,91.92
fold2_room1_mix1680,32,5,0,175,0,86.02
fold2_room1_mix1680,33,5,0,176,0,82.83
fold2_room1_mix1680,34,5,0,176,0,86.26
fold2_room1_mix1680,35,5,0,176,0,82.31
fold2_room1_mix1680,36,5,0,175,0,82.86
fold2_room1_mix1680,37,5,0,175,0,80.92
fold2_room1_mix1680,38,5,0,173,0,75.58
fold2_room1_mix1680,39,5,0,173,0,66.07
fold2_room1_mix1680,40,5,0,172,0,63.65
fold2_room1_mix1680,41,5,0,154,0,15.06
fold2_room1_mix1680,41,5,0,176,0,83.95
fold2_room1_mix1680,42,5,0,148,0,12.68
fold2_room1_mix1680,42,5,0,176,0,88.68
fold2_room1_mix1680,43,5,0,135,0,9.36
fold2_room1_mix1680,43,5,0,175,0,82.38
fold2_room1_mix1680,44,5,0,121,0,7.97
fold2_room1_mix1680,44,5,0,174,0,80.87
fold2_room1_mix1680,45,5,0,99,0,7.35
fold2_room1_mix1680,45,5,0,175,0,78.01
fold2_room1_mix1680,46,5,0,65,0,8.08
fold2_room1_mix1680,46,5,0,174,0,72.05
fold2_room1_mix1680,47,5,0,48,0,9.31
fold2_room1_mix1680,47,5,0,174,0,77.44
fold2_room1_mix1680,48,5,0,38,0,10.53
fold2_room1_mix1680,48,5,0,174,0,73.58
fold2_room1_mix1680,49,5,0,34,0,11.61
fold2_room1_mix1680,49,5,0,173,0,65.54
fold2_room1_mix1680,50,5,0,27,0,14.96
fold2_room1_mix1680,50,5,0,174,0,71.68
fold2_room1_mix1680,51,5,0,22,0,15.53
fold2_room1_mix1680,51,5,0,173,0,62.95
fold2_room1_mix1680,52,5,0,20,0,17.43
fold2_room1_mix1680,52,5,0,174,0,59.93
fold2_room1_mix1680,53,5,0,15,0,23.80
fold2_room1_mix1680,53,5,0,172,0,58.57
fold2_room1_mix1680,54,5,0,15,0,23.06
fold2_room1_mix1680,54,5,0,171,0,51.03
fold2_room1_mix1680,55,5,0,15,0,23.76
fold2_room1_mix1680,55,5,0,170,0,51.42
fold2_room1_mix1680,56,5,0,12,0,33.15
fold2_room1_mix1680,56,5,0,157,0,20.29
fold2_room1_mix1680,56,5,0,174,0,70.18
fold2_room1_mix1680,57,5,0,11,0,31.28
fold2_room1_mix1680,57,5,0,156,0,18.31
fold2_room1_mix1680,57,5,0,174,0,64.14
fold2_room1_mix1680,58,5,0,10,0,29.75
fold2_room1_mix1680,58,5,0,169,0,48.52
fold2_room1_mix1680,59,5,0,10,0,35.15
fold2_room1_mix1680,59,5,0,151,0,14.94
fold2_room1_mix1680,59,5,0,174,0,59.52
fold2_room1_mix1680,60,5,0,11,0,37.01
fold2_room1_mix1680,60,5,0,144,0,11.85
fold2_room1_mix1680,60,5,0,172,0,54.52
fold2_room1_mix1680,61,5,0,11,0,35.11
fold2_room1_mix1680,61,5,0,147,0,13.40
fold2_room1_mix1680,61,5,0,172,0,56.25
fold2_room1_mix1680,62,5,0,12,0,38.72
fold2_room1_mix1680,62,5,0,128,0,9.54
fold2_room1_mix1680,62,5,0,169,0,46.18
fold2_room1_mix1680,63,5,0,11,0,44.24
fold2_room1_mix1680,63,5,0,111,0,8.88
fold2_room1_mix1680,63,5,0,169,0,44.88
fold2_room1_mix1680,64,5,0,11,0,45.24
fold2_room1_mix1680,64,5,0,100,0,9.12
fold2_room1_mix1680,64,5,0,168,0,43.12
fold2_room1_mix1680,65,5,0,10,0,48.99
fold2_room1_mix1680,65,5,0,85,0,8.81
fold2_room1_mix1680,65,5,0,168,0,42.18
fold2_room1_mix1680,66,5,0,9,0,51.38
fold2_room1_mix1680,66,5,0,119,0,10.27
fold2_room1_mix1680,66,5,0,170,0,52.78
fold2_room1_mix1680,67,5,0,9,0,52.31
fold2_room1_mix1680,67,5,0,54,0,10.45
fold2_room1_mix1680,67,5,0,167,0,31.40
fold2_room1_mix1680,68,5,0,9,0,51.95
fold2_room1_mix1680,68,5,0,51,0,10.58
fold2_room1_mix1680,68,5,0,165,0,25.62
fold2_room1_mix1680,69,5,0,9,0,56.02
fold2_room1_mix1680,69,5,0,69,0,10.09
fold2_room1_mix1680,69,5,0,168,0,41.68
fold2_room1_mix1680,70,5,0,8,0,52.16
fold2_room1_mix1680,70,5,0,36,0,13.18
fold2_room1_mix1680,70,5,0,159,0,20.56
fold2_room1_mix1680,71,5,0,7,0,57.57
fold2_room1_mix1680,71,5,0,38,0,12.56
fold2_room1_mix1680,71,5,0,167,0,27.91
fold2_room1_mix1680,72,5,0,6,0,63.99
fold2_room1_mix1680,72,5,0,30,0,16.49
fold2_room1_mix1680,72,5,0,163,0,26.48
fold2_room1_mix1680,73,5,0,5,0,62.14
fold2_room1_mix1680,73,5,0,25,0,17.41
fold2_room1_mix1680,73,5,0,160,0,21.65
fold2_room1_mix1680,74,5,0,4,0,67.38
fold2_room1_mix1680,74,5,0,21,0,20.32
fold2_room1_mix1680,74,5,0,156,0,19.98
fold2_room1_mix1680,75,5,0,10,0,48.24
fold2_room1_mix1680,75,5,0,147,0,16.15
fold2_room1_mix1680,76,5,0,9,0,52.15
fold2_room1_mix1680,76,5,0,132,0,11.70
fold2_room1_mix1680,77,5,0,9,0,49.66
fold2_room1_mix1680,77,5,0,96,0,9.51
fold2_room1_mix1680,78,5,0,8,0,50.37
fold2_room1_mix1680,78,5,0,70,0,8.66
fold2_room1_mix1680,79,5,0,7,0,56.54
fold2_room1_mix1680,79,5,0,53,0,9.51
fold2_room1_mix1680,80,5,0,7,0,58.75
fold2_room1_mix1680,80,5,0,46,0,12.16
fold2_room1_mix1680,81,5,0,6,0,59.21
fold2_room1_mix1680,81,5,0,37,0,13.14
fold2_room1_mix1680,82,5,0,5,0,64.51
fold2_room1_mix1680,82,5,0,32,0,15.26
fold2_room1_mix1680,83,5,0,5,0,63.76
fold2_room1_mix1680,83,5,0,28,0,16.76
fold2_room1_mix1680,84,5,0,4,0,66.81
fold2_room1_mix1680,84,5,0,24,0,17.72
fold2_room1_mix1680,85,5,0,10,0,52.85
fold2_room1_mix1680,86,5,0,8,0,55.86
fold2_room1_mix1680,87,5,0,7,0,58.33
fold2_room1_mix1680,88,5,0,6,0,59.69
fold2_room1_mix1680,89,5,0,5,0,60.25
fold2_room1_mix1680,90,5,0,4,0,61.63
fold2_room1_mix1680,91,5,0,4,0,61.13
fold2_room1_mix1680,92,5,0,3,0,65.31
fold2_room1_mix1680,93,5,0,3,0,68.21
fold2_room1_mix1680,94,5,0,2,0,67.06
fold2_room1_mix1680,95,5,0,2,0,68.23
fold2_room1_mix1680,96,5,0,2,0,70.34
fold2_room1_mix1680,97,5,0,1,0,69.45
fold2_room1_mix1680,98,5,0,1,0,74.10
fold2_room1_mix1680,99,5,0,1,0,71.63
fold2_room1_mix1681,2,5,0,178,0,2.37
fold2_room1_mix1681,3,5,0,176,0,26.55
fold2_room1_mix1681,4,5,0,177,0,32.46
fold2_room1_mix1681,5,5,0,177,0,34.42
fold2_room1_mix1681,6,5,0,175,0,89.61
fold2_room1_mix1681,7,5,0,176,0,96.74
fold2_room1_mix1681,8,5,0,176,0,99.64
fold2_room1_mix1681,9,5,0,177,0,96.45
fold2_room1_mix1681,10,5,0,175,0,94.41
fold2_room1_mix1681,11,5,0,176,0,96.50
fold2_room1_mix1681,12,5,0,176,0,94.53
fold2_room1_mix1681,13,5,0,176,0,90.72
fold2_room1_mix1681,14,5,0,176,0,86.65
fold2_room1_mix1681,15,5,0,176,0,90.53
fold2_room1_mix1681,16,5,0,176,0,87.10
fold2_room1_mix1681,17,5,0,176,0,86.96
fold2_room1_mix1681,18,5,0,176,0,88.66
fold2_room1_mix1681,19,5,0,176,0,85.43
fold2_room1_mix1681,20,5,0,176,0,86.53
fold2_room1_mix1681,21,5,0,175,0,85.73
fold2_room1_mix1681,22,5,0,175,0,84.90
fold2_room1_mix1681,23,5,0,176,0,82.38
fold2_room1_mix1681,24,5,0,176,0,83.76
fold2_room1_mix1681,25,5,0,176,0,82.43
fold2_room1_mix1681,26,5,0,175,0,80.50
fold2_room1_mix1681,27,5,0,175,0,78.39
fold2_room1_mix1681,28,5,0,176,0,77.05
fold2_room1_mix1681,29,5,0,174,0,76.20
fold2_room1_mix1681,30,5,0,175,0,75.34
fold2_room1_mix1681,31,5,0,174,0,74.79
fold2_room1_mix1681,32,5,0,173,0,72.86
fold2_room1_mix1681,33,5,0,173,0,71.33
fold2_room1_mix1681,34,5,0,173,0,67.81
fold2_room1_mix1681,35,5,0,173,0,63.55
fold2_room1_mix1681,36,5,0,173,0,63.36
fold2_room1_mix1681,37,5,0,172,0,63.74
fold2_room1_mix1681,38,5,0,172,0,61.77
fold2_room1_mix1681,39,5,0,158,0,16.39
fold2_room1_mix1681,39,5,0,178,0,84.22
fold2_room1_mix1681,40,5,0,158,0,15.86
fold2_room1_mix1681,40,5,0,178,0,83.21
fold2_room1_mix1681,41,5,0,156,0,14.98
fold2_room1_mix1681,41,5,0,178,0,80.97
fold2_room1_mix1681,42,5,0,154,0,14.20
fold2_room1_mix1681,42,5,0,177,0,81.09
fold2_room1_mix1681,43,5,0,149,0,12.48
fold2_room1_mix1681,43,5,0,177,0,80.11
fold2_room1_mix1681,44,5,0,146,0,11.56
fold2_room1_mix1681,44,5,0,177,0,75.28
fold2_room1_mix1681,45,5,0,137,0,9.46
fold2_room1_mix1681,45,5,0,176,0,74.98
fold2_room1_mix1681,46,5,0,131,0,8.53
fold2_room1_mix1681,46,5,0,176,0,73.35
fold2_room1_mix1681,47,5,0,121,0,7.61
fold2_room1_mix1681,47,5,0,176,0,70.91
fold2_room1_mix1681,48,5,0,117,0,6.93
fold2_room1_mix1681,48,5,0,176,0,67.69
fold2_room1_mix1681,49,5,0,108,0,6.81
fold2_room1_mix1681,49,5,0,175,0,65.87
fold2_room1_mix1681,50,5,0,94,0,6.34
fold2_room1_mix1681,50,5,0,175,0,64.83
fold2_room1_mix1681,51,5,0,84,0,6.50
fold2_room1_mix1681,51,5,0,174,0,64.73
fold2_room1_mix1681,52,5,0,68,0,7.04
fold2_room1_mix1681,52,5,0,174,0,67.15
fold2_room1_mix1681,53,5,0,59,0,7.18
fold2_room1_mix1681,53,5,0,173,0,66.74
fold2_room1_mix1681,54,5,0,56,0,7.75
fold2_room1_mix1681,54,5,0,174,0,66.16
fold2_room1_mix1681,55,5,0,51,0,8.40
fold2_room1_mix1681,55,5,0,174,0,66.14
fold2_room1_mix1681,56,5,0,45,0,9.69
fold2_room1_mix1681,56,5,0,174,0,71.57
fold2_room1_mix1681,57,5,0,39,0,10.88
fold2_room1_mix1681,57,5,0,173,0,68.14
fold2_room1_mix1681,58,5,0,33,0,12.19
fold2_room1_mix1681,58,5,0,173,0,66.13
fold2_room1_mix1681,59,5,0,29,0,12.86
fold2_room1_mix1681,59,5,0,173,0,62.30
fold2_room1_mix1681,60,5,0,27,0,13.62
fold2_room1_mix1681,60,5,0,173,0,61.11
fold2_room1_mix1681,61,5,0,23,0,14.58
fold2_room1_mix1681,61,5,0,173,0,59.83
fold2_room1_mix1681,62,5,0,22,0,15.28
fold2_room1_mix1681,62,5,0,173,0,58.90
fold2_room1_mix1681,63,5,0,19,0,16.18
fold2_room1_mix1681,63,5,0,173,0,58.65
fold2_room1_mix1681,64,5,0,18,0,17.45
fold2_room1_mix1681,64,5,0,172,0,59.66
fold2_room1_mix1681,65,5,0,17,0,18.17
fold2_room1_mix1681,65,5,0,172,0,60.38
fold2_room1_mix1681,66,5,0,16,0,18.66
fold2_room1_mix1681,66,5,0,172,0,61.77
fold2_room1_mix1681,67,5,0,15,0,19.35
fold2_room1_mix1681,67,5,0,173,0,60.84
fold2_room1_mix1681,68,5,0,16,0,20.26
fold2_room1_mix1681,68,5,0,171,0,59.56
fold2_room1_mix1681,69,5,0,15,0,21.34
fold2_room1_mix1681,69,5,0,171,0,58.19
fold2_room1_mix1681,70,5,0,14,0,22.59
fold2_room1_mix1681,70,5,0,170,0,54.99
fold2_room1_mix1681,71,5,0,12,0,23.70
fold2_room1_mix1681,71,5,0,167,0,46.18
fold2_room1_mix1681,72,5,0,12,0,24.63
fold2_room1_mix1681,72,5,0,167,0,47.31
fold2_room1_mix1681,73,5,0,12,0,24.95
fold2_room1_mix1681,73,5,0,156,0,22.62
fold2_room1_mix1681,73,5,0,172,0,56.82
fold2_room1_mix1681,74,5,0,10,0,24.49
fold2_room1_mix1681,74,5,0,171,0,51.75
fold2_room1_mix1681,75,5,0,9,0,27.48
fold2_room1_mix1681,75,5,0,169,0,49.76
fold2_room1_mix1681,76,5,0,10,0,27.64
fold2_room1_mix1681,76,5,0,169,0,50.45
fold2_room1_mix1681,77,5,0,9,0,28.53
fold2_room1_mix1681,77,5,0,170,0,54.60
fold2_room1_mix1681,78,5,0,9,0,29.39
fold2_room1_mix1681,78,5,0,169,0,51.66
fold2_room1_mix1681,79,5,0,10,0,30.65
fold2_room1_mix1681,79,5,0,158,0,23.23
fold2_room1_mix1681,79,5,0,174,0,68.77
fold2_room1_mix1681,80,5,0,8,0,31.46
fold2_room1_mix1681,80,5,0,159,0,23.53
fold2_room1_mix1681,80,5,0,175,0,69.22
fold2_room1_mix1681,81,5,0,8,0,33.64
fold2_room1_mix1681,81,5,0,159,0,24.65
fold2_room1_mix1681,81,5,0,175,0,74.10
fold2_room1_mix1681,82,5,0,9,0,34.00
fold2_room1_mix1681,82,5,0,157,0,22.23
fold2_room1_mix1681,82,5,0,174,0,71.83
fold2_room1_mix1681,83,5,0,8,0,35.33
fold2_room1_mix1681,83,5,0,160,0,23.84
fold2_room1_mix1681,83,5,0,176,0,78.23
fold2_room1_mix1681,84,5,0,7,0,40.33
fold2_room1_mix1681,84,5,0,156,0,21.53
fold2_room1_mix1681,84,5,0,175,0,77.61
fold2_room1_mix1681,85,5,0,10,0,36.13
fold2_room1_mix1681,85,5,0,159,0,24.38
fold2_room1_mix1681,85,5,0,175,0,81.57
fold2_room1_mix1681,86,5,0,9,0,37.05
fold2_room1_mix1681,86,5,0,168,0,55.34
fold2_room1_mix1681,87,5,0,10,0,37.06
fold2_room1_mix1681,87,5,0,157,0,22.27
fold2_room1_mix1681,87,5,0,175,0,78.00
fold2_room1_mix1681,88,5,0,8,0,39.46
fold2_room1_mix1681,88,5,0,159,0,22.92
fold2_room1_mix1681,88,5,0,175,0,82.52
fold2_room1_mix1681,89,5,0,8,0,39.46
fold2_room1_mix1681,89,5,0,155,0,19.67
fold2_room1_mix1681,89,5,0,175,0,74.69
fold2_room1_mix1681,90,5,0,7,0,42.10
fold2_room1_mix1681,90,5,0,149,0,16.40
fold2_room1_mix1681,90,5,0,173,0,66.94
fold2_room1_mix1681,91,5,0,8,0,38.33
fold2_room1_mix1681,91,5,0,150,0,17.61
fold2_room1_mix1681,91,5,0,175,0,69.39
fold2_room1_mix1681,92,5,0,8,0,43.57
fold2_room1_mix1681,92,5,0,142,0,13.16
fold2_room1_mix1681,92,5,0,173,0,61.47
fold2_room1_mix1681,93,5,0,7,0,42.46
fold2_room1_mix1681,93,5,0,149,0,15.01
fold2_room1_mix1681,93,5,0,175,0,67.58
fold2_room1_mix1681,94,5,0,7,0,45.64
fold2_room1_mix1681,94,5,0,144,0,14.00
fold2_room1_mix1681,94,5,0,174,0,65.26
fold2_room1_mix1681,95,5,0,6,0,45.13
fold2_room1_mix1681,95,5,0,144,0,12.83
fold2_room1_mix1681,95,5,0,176,0,62.63
fold2_room1_mix1681,96,5,0,6,0,53.50
fold2_room1_mix1681,96,5,0,133,0,11.34
fold2_room1_mix1681,96,5,0,173,0,60.55
fold2_room1_mix1681,97,5,0,6,0,50.04
fold2_room1_mix1681,97,5,0,140,0,11.91
fold2_room1_mix1681,97,5,0,174,0,62.87
fold2_room1_mix1681,98,5,0,6,0,50.43
fold2_room1_mix1681,98,5,0,143,0,12.62
fold2_room1_mix1681,98,5,0,174,0,66.77
fold2_room1_mix1681,99,5,0,5,0,49.63
fold2_room1_mix1681,99,5,0,143,0,12.29
fold2_room1_mix1681,99,5,0,175,0,64.20
fold2_room1_mix1685,5,5,0,1,0,16.22
fold2_room1_mix1685,6,5,0,1,0,33.20
fold2_room1_mix1685,7,5,0,0,0,39.85
fold2_room1_mix1685,8,5,0,-2,0,105.00
fold2_room1_mix1685,9,5,0,-2,0,123.35
fold2_room1_mix1685,10,5,0,-2,0,124.27
fold2_room1_mix1685,11,5,0,-2,0,118.60
fold2_room1_mix1685,12,5,0,-1,0,127.78
fold2_room1_mix1685,13,5,0,-2,0,127.48
fold2_room1_mix1685,14,5,0,-2,0,134.83
fold2_room1_mix1685,15,5,0,-2,0,134.52
fold2_room1_mix1685,16,5,0,-2,0,129.62
fold2_room1_mix1685,17,5,0,-3,0,130.76
fold2_room1_mix1685,18,5,0,-3,0,131.30
fold2_room1_mix1685,19,5,0,-3,0,127.18
fold2_room1_mix1685,20,5,0,-3,0,130.00
fold2_room1_mix1685,21,5,0,-3,0,128.62
fold2_room1_mix1685,22,5,0,-3,0,128.16
fold2_room1_mix1685,23,5,0,-4,0,128.54
fold2_room1_mix1685,24,5,0,-4,0,127.36
fold2_room1_mix1685,25,5,0,-4,0,130.36
fold2_room1_mix1685,26,5,0,-5,0,125.06
fold2_room1_mix1685,27,5,0,-5,0,118.49
fold2_room1_mix1685,28,5,0,-5,0,114.47
fold2_room1_mix1685,29,5,0,-6,0,114.23
fold2_room1_mix1685,30,5,0,-5,0,112.55
fold2_room1_mix1685,31,5,0,-6,0,110.38
fold2_room1_mix1685,32,5,0,-6,0,106.67
fold2_room1_mix1685,33,5,0,-7,0,107.89
fold2_room1_mix1685,34,5,0,-7,0,110.17
fold2_room1_mix1685,35,5,0,-7,0,110.11
fold2_room1_mix1685,36,5,0,-7,0,105.78
fold2_room1_mix1685,37,5,0,-7,0,105.17
fold2_room1_mix1685,38,5,0,-7,0,103.19
fold2_room1_mix1685,39,5,0,-7,0,102.77
fold2_room1_mix1685,40,5,0,-6,0,101.55
fold2_room1_mix1685,41,5,0,-7,0,96.31
fold2_room1_mix1685,42,5,0,-7,0,94.92
fold2_room1_mix1685,43,5,0,-7,0,92.42
fold2_room1_mix1685,44,5,0,-9,0,87.34
fold2_room1_mix1685,45,5,0,-9,0,86.53
fold2_room1_mix1685,46,5,0,-9,0,85.61
fold2_room1_mix1685,47,5,0,-10,0,80.92
fold2_room1_mix1685,48,5,0,-5,0,106.05
fold2_room1_mix1685,48,5,0,-23,0,20.95
fold2_room1_mix1685,49,5,0,-5,0,102.13
fold2_room1_mix1685,49,5,0,-23,0,19.90
fold2_room1_mix1685,50,5,0,-4,0,99.78
fold2_room1_mix1685,50,5,0,-24,0,18.65
fold2_room1_mix1685,51,5,0,-4,0,99.22
fold2_room1_mix1685,51,5,0,-28,0,15.97
fold2_room1_mix1685,52,5,0,-4,0,96.26
fold2_room1_mix1685,52,5,0,-34,0,13.82
fold2_room1_mix1685,53,5,0,-5,0,93.09
fold2_room1_mix1685,53,5,0,-39,0,12.47
fold2_room1_mix1685,54,5,0,-5,0,91.97
fold2_room1_mix1685,54,5,0,-48,0,10.32
fold2_room1_mix1685,55,5,0,-5,0,88.73
fold2_room1_mix1685,55,5,0,-60,0,8.30
fold2_room1_mix1685,56,5,0,-4,0,85.34
fold2_room1_mix1685,56,5,0,-73,0,7.41
fold2_room1_mix1685,57,5,0,-4,0,86.91
fold2_room1_mix1685,57,5,0,-89,0,7.50
fold2_room1_mix1685,58,5,0,-5,0,86.37
fold2_room1_mix1685,58,5,0,-106,0,7.87
fold2_room1_mix1685,59,5,0,-5,0,87.77
fold2_room1_mix1685,59,5,0,-123,0,8.60
fold2_room1_mix1685,60,5,0,-6,0,83.64
fold2_room1_mix1685,60,5,0,-131,0,9.13
fold2_room1_mix1685,61,5,0,-7,0,76.00
fold2_room1_mix1685,61,5,0,-138,0,11.24
fold2_room1_mix1685,62,5,0,-6,0,74.79
fold2_room1_mix1685,62,5,0,-144,0,13.24
fold2_room1_mix1685,63,5,0,-6,0,71.02
fold2_room1_mix1685,63,5,0,-149,0,14.66
fold2_room1_mix1685,64,5,0,-6,0,67.43
fold2_room1_mix1685,64,5,0,-155,0,16.35
fold2_room1_mix1685,65,5,0,-6,0,66.73
fold2_room1_mix1685,65,5,0,-160,0,19.52
fold2_room1_mix1685,66,5,0,-6,0,67.14
fold2_room1_mix1685,66,5,0,-160,0,20.16
fold2_room1_mix1685,67,5,0,-11,0,55.98
fold2_room1_mix1685,67,5,0,-161,0,24.81
fold2_room1_mix1685,68,5,0,-7,0,68.40
fold2_room1_mix1685,68,5,0,-164,0,24.86
fold2_room1_mix1685,69,5,0,-10,0,57.73
fold2_room1_mix1685,69,5,0,-163,0,25.51
fold2_room1_mix1685,70,5,0,-8,0,62.19
fold2_room1_mix1685,70,5,0,-164,0,26.13
fold2_room1_mix1685,71,5,0,-10,0,57.67
fold2_room1_mix1685,71,5,0,-165,0,30.20
fold2_room1_mix1685,72,5,0,-13,0,51.57
fold2_room1_mix1685,72,5,0,-164,0,30.09
fold2_room1_mix1685,73,5,0,-6,0,76.30
fold2_room1_mix1685,73,5,0,-23,0,23.31
fold2_room1_mix1685,73,5,0,-166,0,38.70
fold2_room1_mix1685,74,5,0,-6,0,67.14
fold2_room1_mix1685,74,5,0,-28,0,18.96
fold2_room1_mix1685,74,5,0,-168,0,39.29
fold2_room1_mix1685,75,5,0,-7,0,69.72
fold2_room1_mix1685,75,5,0,-30,0,19.05
fold2_room1_mix1685,75,5,0,-168,0,43.53
fold2_room1_mix1685,76,5,0,-7,0,68.90
fold2_room1_mix1685,76,5,0,-35,0,16.98
fold2_room1_mix1685,76,5,0,-170,0,50.32
fold2_room1_mix1685,77,5,0,-5,0,75.97
fold2_room1_mix1685,77,5,0,-26,0,21.20
fold2_room1_mix1685,77,5,0,-169,0,46.63
fold2_room1_mix1685,78,5,0,-5,0,74.00
fold2_room1_mix1685,78,5,0,-24,0,22.09
fold2_room1_mix1685,78,5,0,-170,0,40.93
fold2_room1_mix1685,79,5,0,-6,0,73.03
fold2_room1_mix1685,79,5,0,-33,0,17.65
fold2_room1_mix1685,79,5,0,-171,0,53.15
fold2_room1_mix1685,80,5,0,-5,0,74.98
fold2_room1_mix1685,80,5,0,-24,0,20.77
fold2_room1_mix1685,80,5,0,-169,0,41.58
fold2_room1_mix1685,81,5,0,-6,0,67.46
fold2_room1_mix1685,81,5,0,-30,0,18.23
fold2_room1_mix1685,81,5,0,-169,0,45.58
fold2_room1_mix1685,82,5,0,-7,0,53.32
fold2_room1_mix1685,82,5,0,-52,0,11.87
fold2_room1_mix1685,82,5,0,-172,0,54.49
fold2_room1_mix1685,83,5,0,-6,0,69.00
fold2_room1_mix1685,83,5,0,-42,0,13.98
fold2_room1_mix1685,83,5,0,-171,0,58.26
fold2_room1_mix1685,84,5,0,-7,0,64.26
fold2_room1_mix1685,84,5,0,-55,0,12.90
fold2_room1_mix1685,84,5,0,-172,0,60.33
fold2_room1_mix1685,85,5,0,-7,0,64.18
fold2_room1_mix1685,85,5,0,-59,0,11.45
fold2_room1_mix1685,85,5,0,-172,0,61.98
fold2_room1_mix1685,86,5,0,-6,0,66.80
fold2_room1_mix1685,86,5,0,-57,0,12.18
fold2_room1_mix1685,86,5,0,-173,0,64.09
fold2_room1_mix1685,87,5,0,-5,0,71.47
fold2_room1_mix1685,87,5,0,-58,0,13.00
fold2_room1_mix1685,87,5,0,-173,0,66.33
fold2_room1_mix1685,88,5,0,-6,0,65.67
fold2_room1_mix1685,88,5,0,-68,0,11.95
fold2_room1_mix1685,88,5,0,-173,0,68.71
fold2_room1_mix1685,89,5,0,-6,0,76.08
fold2_room1_mix1685,89,5,0,-61,0,13.74
fold2_room1_mix1685,89,5,0,-173,0,71.85
fold2_room1_mix1685,90,5,0,-8,0,55.69
fold2_room1_mix1685,90,5,0,-91,0,11.04
fold2_room1_mix1685,90,5,0,-172,0,65.88
fold2_room1_mix1685,91,5,0,-7,0,60.26
fold2_room1_mix1685,91,5,0,-77,0,11.04
fold2_room1_mix1685,91,5,0,-172,0,68.08
fold2_room1_mix1685,92,5,0,-9,0,49.73
fold2_room1_mix1685,92,5,0,-110,0,12.74
fold2_room1_mix1685,92,5,0,-174,0,73.31
fold2_room1_mix1685,93,5,0,-7,0,67.81
fold2_room1_mix1685,93,5,0,-66,0,12.22
fold2_room1_mix1685,93,5,0,-172,0,69.12
fold2_room1_mix1685,94,5,0,-11,0,41.75
fold2_room1_mix1685,94,5,0,-140,0,14.67
fold2_room1_mix1685,94,5,0,-175,0,81.95
fold2_room1_mix1685,95,5,0,-9,0,49.68
fold2_room1_mix1685,95,5,0,-132,0,13.33
fold2_room1_mix1685,95,5,0,-174,0,81.86
fold2_room1_mix1685,96,5,0,-8,0,57.49
fold2_room1_mix1685,96,5,0,-118,0,12.13
fold2_room1_mix1685,96,5,0,-174,0,76.34
fold2_room1_mix1685,97,5,0,-9,0,51.11
fold2_room1_mix1685,97,5,0,-143,0,16.13
fold2_room1_mix1685,97,5,0,-175,0,93.25
fold2_room1_mix1685,98,5,0,-8,0,52.92
fold2_room1_mix1685,98,5,0,-132,0,13.46
fold2_room1_mix1685,98,5,0,-174,0,84.33
fold2_room1_mix1685,99,5,0,-9,0,46.55
fold2_room1_mix1685,99,5,0,-145,0,15.81
fold2_room1_mix1685,99,5,0,-175,0,90.44
fold2_room1_mix1686,3,5,0,3,0,4.23
fold2_room1_mix1686,4,5,0,-1,0,31.35
fold2_room1_mix1686,5,5,0,-3,0,35.60
fold2_room1_mix1686,6,5,0,-1,0,50.70
fold2_room1_mix1686,7,5,0,-4,0,98.88
fold2_room1_mix1686,8,5,0,-3,0,110.25
fold2_room1_mix1686,9,5,0,-5,0,106.44
fold2_room1_mix1686,10,5,0,-4,0,104.74
fold2_room1_mix1686,11,5,0,-5,0,107.39
fold2_room1_mix1686,12,5,0,-5,0,102.67
fold2_room1_mix1686,13,5,0,-5,0,99.84
fold2_room1_mix1686,14,5,0,-6,0,103.28
fold2_room1_mix1686,15,5,0,-5,0,100.33
fold2_room1_mix1686,16,5,0,-6,0,101.69
fold2_room1_mix1686,17,5,0,-7,0,99.36
fold2_room1_mix1686,18,5,0,-7,0,99.86
fold2_room1_mix1686,19,5,0,-6,0,97.08
fold2_room1_mix1686,20,5,0,-7,0,97.49
fold2_room1_mix1686,21,5,0,-7,0,96.91
fold2_room1_mix1686,22,5,0,-6,0,97.35
fold2_room1_mix1686,23,5,0,-7,0,93.85
fold2_room1_mix1686,24,5,0,-7,0,87.49
fold2_room1_mix1686,25,5,0,-7,0,92.17
fold2_room1_mix1686,26,5,0,-7,0,83.24
fold2_room1_mix1686,27,5,0,-8,0,85.56
fold2_room1_mix1686,28,5,0,-8,0,84.14
fold2_room1_mix1686,29,5,0,-8,0,81.68
fold2_room1_mix1686,30,5,0,-8,0,80.05
fold2_room1_mix1686,31,5,0,-8,0,79.69
fold2_room1_mix1686,32,5,0,-9,0,75.42
fold2_room1_mix1686,33,5,0,-9,0,75.78
fold2_room1_mix1686,34,5,0,-4,0,98.97
fold2_room1_mix1686,34,5,0,-23,0,17.70
fold2_room1_mix1686,35,5,0,-3,0,94.88
fold2_room1_mix1686,35,5,0,-26,0,15.69
fold2_room1_mix1686,36,5,0,-3,0,90.96
fold2_room1_mix1686,36,5,0,-26,0,14.54
fold2_room1_mix1686,37,5,0,-4,0,91.29
fold2_room1_mix1686,37,5,0,-32,0,13.57
fold2_room1_mix1686,38,5,0,-4,0,89.35
fold2_room1_mix1686,38,5,0,-40,0,11.69
fold2_room1_mix1686,39,5,0,-4,0,87.10
fold2_room1_mix1686,39,5,0,-47,0,9.63
fold2_room1_mix1686,40,5,0,-4,0,84.68
fold2_room1_mix1686,40,5,0,-60,0,7.44
fold2_room1_mix1686,41,5,0,-4,0,83.42
fold2_room1_mix1686,41,5,0,-71,0,6.79
fold2_room1_mix1686,42,5,0,-3,0,80.38
fold2_room1_mix1686,42,5,0,-81,0,6.58
fold2_room1_mix1686,43,5,0,-4,0,83.44
fold2_room1_mix1686,43,5,0,-98,0,6.86
fold2_room1_mix1686,44,5,0,-4,0,86.77
fold2_room1_mix1686,44,5,0,-112,0,7.38
fold2_room1_mix1686,45,5,0,-5,0,83.50
fold2_room1_mix1686,45,5,0,-122,0,8.47
fold2_room1_mix1686,46,5,0,-5,0,81.38
fold2_room1_mix1686,46,5,0,-130,0,9.75
fold2_room1_mix1686,47,5,0,-5,0,77.92
fold2_room1_mix1686,47,5,0,-138,0,11.08
fold2_room1_mix1686,48,5,0,-5,0,74.46
fold2_room1_mix1686,48,5,0,-142,0,12.14
fold2_room1_mix1686,49,5,0,-5,0,71.11
fold2_room1_mix1686,49,5,0,-147,0,13.84
fold2_room1_mix1686,50,5,0,-6,0,67.29
fold2_room1_mix1686,50,5,0,-151,0,14.50
fold2_room1_mix1686,51,5,0,-7,0,61.14
fold2_room1_mix1686,51,5,0,-154,0,16.30
fold2_room1_mix1686,52,5,0,-7,0,59.08
fold2_room1_mix1686,52,5,0,-158,0,18.43
fold2_room1_mix1686,53,5,0,-7,0,60.60
fold2_room1_mix1686,53,5,0,-159,0,18.14
fold2_room1_mix1686,54,5,0,-6,0,57.85
fold2_room1_mix1686,54,5,0,-163,0,19.64
fold2_room1_mix1686,55,5,0,-6,0,60.78
fold2_room1_mix1686,55,5,0,-163,0,20.73
fold2_room1_mix1686,56,5,0,-7,0,56.40
fold2_room1_mix1686,56,5,0,-162,0,21.70
fold2_room1_mix1686,57,5,0,-6,0,62.56
fold2_room1_mix1686,57,5,0,-164,0,23.21
fold2_room1_mix1686,58,5,0,-8,0,59.74
fold2_room1_mix1686,58,5,0,-166,0,26.28
fold2_room1_mix1686,59,5,0,-8,0,60.81
fold2_room1_mix1686,59,5,0,-166,0,27.11
fold2_room1_mix1686,60,5,0,-8,0,57.94
fold2_room1_mix1686,60,5,0,-166,0,26.63
fold2_room1_mix1686,61,5,0,-7,0,62.18
fold2_room1_mix1686,61,5,0,-167,0,24.76
fold2_room1_mix1686,62,5,0,-8,0,60.66
fold2_room1_mix1686,62,5,0,-167,0,28.80
fold2_room1_mix1686,63,5,0,-9,0,56.15
fold2_room1_mix1686,63,5,0,-167,0,29.53
fold2_room1_mix1686,64,5,0,-9,0,55.10
fold2_room1_mix1686,64,5,0,-166,0,28.99
fold2_room1_mix1686,65,5,0,-9,0,56.17
fold2_room1_mix1686,65,5,0,-168,0,31.03
fold2_room1_mix1686,66,5,0,-11,0,55.03
fold2_room1_mix1686,66,5,0,-168,0,33.30
fold2_room1_mix1686,67,5,0,-4,0,77.67
fold2_room1_mix1686,67,5,0,-20,0,24.45
fold2_room1_mix1686,67,5,0,-169,0,35.77
fold2_room1_mix1686,68,5,0,-11,0,57.03
fold2_room1_mix1686,68,5,0,-169,0,37.17
fold2_room1_mix1686,69,5,0,-10,0,57.83
fold2_room1_mix1686,69,5,0,-169,0,36.22
fold2_room1_mix1686,70,5,0,-4,0,83.94
fold2_room1_mix1686,70,5,0,-20,0,23.67
fold2_room1_mix1686,70,5,0,-172,0,41.93
fold2_room1_mix1686,71,5,0,-4,0,77.25
fold2_room1_mix1686,71,5,0,-23,0,20.40
fold2_room1_mix1686,71,5,0,-172,0,43.16
fold2_room1_mix1686,72,5,0,-5,0,73.99
fold2_room1_mix1686,72,5,0,-29,0,17.97
fold2_room1_mix1686,72,5,0,-174,0,46.75
fold2_room1_mix1686,73,5,0,-5,0,75.57
fold2_room1_mix1686,73,5,0,-26,0,19.35
fold2_room1_mix1686,73,5,0,-173,0,44.82
fold2_room1_mix1686,74,5,0,-5,0,65.94
fold2_room1_mix1686,74,5,0,-31,0,15.96
fold2_room1_mix1686,74,5,0,-172,0,45.18
fold2_room1_mix1686,75,5,0,-7,0,55.51
fold2_room1_mix1686,75,5,0,-40,0,12.94
fold2_room1_mix1686,75,5,0,-173,0,48.15
fold2_room1_mix1686,76,5,0,-7,0,55.09
fold2_room1_mix1686,76,5,0,-48,0,11.49
fold2_room1_mix1686,76,5,0,-174,0,56.30
fold2_room1_mix1686,77,5,0,-8,0,48.08
fold2_room1_mix1686,77,5,0,-57,0,10.70
fold2_room1_mix1686,77,5,0,-174,0,55.16
fold2_room1_mix1686,78,5,0,-7,0,56.52
fold2_room1_mix1686,78,5,0,-48,0,11.43
fold2_room1_mix1686,78,5,0,-173,0,58.92
fold2_room1_mix1686,79,5,0,-7,0,58.30
fold2_room1_mix1686,79,5,0,-46,0,11.64
fold2_room1_mix1686,79,5,0,-173,0,58.44
fold2_room1_mix1686,80,5,0,-8,0,53.56
fold2_room1_mix1686,80,5,0,-53,0,11.19
fold2_room1_mix1686,80,5,0,-173,0,56.55
fold2_room1_mix1686,81,5,0,-6,0,59.45
fold2_room1_mix1686,81,5,0,-46,0,11.80
fold2_room1_mix1686,81,5,0,-174,0,55.71
fold2_room1_mix1686,82,5,0,-7,0,55.56
fold2_room1_mix1686,82,5,0,-62,0,11.13
fold2_room1_mix1686,82,5,0,-173,0,59.69
fold2_room1_mix1686,83,5,0,-7,0,52.75
fold2_room1_mix1686,83,5,0,-60,0,10.67
fold2_room1_mix1686,83,5,0,-175,0,60.61
fold2_room1_mix1686,84,5,0,-5,0,73.07
fold2_room1_mix1686,84,5,0,-42,0,14.66
fold2_room1_mix1686,84,5,0,-174,0,62.03
fold2_room1_mix1686,85,5,0,-6,0,60.23
fold2_room1_mix1686,85,5,0,-53,0,11.47
fold2_room1_mix1686,85,5,0,-174,0,61.90
fold2_room1_mix1686,86,5,0,-5,0,73.97
fold2_room1_mix1686,86,5,0,-41,0,14.43
fold2_room1_mix1686,86,5,0,-174,0,62.66
fold2_room1_mix1686,87,5,0,-7,0,61.96
fold2_room1_mix1686,87,5,0,-55,0,11.93
fold2_room1_mix1686,87,5,0,-173,0,61.03
fold2_room1_mix1686,88,5,0,-7,0,62.62
fold2_room1_mix1686,88,5,0,-60,0,11.67
fold2_room1_mix1686,88,5,0,-173,0,64.23
fold2_room1_mix1686,89,5,0,-7,0,54.41
fold2_room1_mix1686,89,5,0,-91,0,10.63
fold2_room1_mix1686,89,5,0,-173,0,69.54
fold2_room1_mix1686,90,5,0,-8,0,51.74
fold2_room1_mix1686,90,5,0,-107,0,11.65
fold2_room1_mix1686,90,5,0,-174,0,73.34
fold2_room1_mix1686,91,5,0,-8,0,46.96
fold2_room1_mix1686,91,5,0,-123,0,11.40
fold2_room1_mix1686,91,5,0,-174,0,74.12
fold2_room1_mix1686,92,5,0,-7,0,53.70
fold2_room1_mix1686,92,5,0,-105,0,10.90
fold2_room1_mix1686,92,5,0,-174,0,73.55
fold2_room1_mix1686,93,5,0,-7,0,61.97
fold2_room1_mix1686,93,5,0,-73,0,11.07
fold2_room1_mix1686,93,5,0,-174,0,69.23
fold2_room1_mix1686,94,5,0,-9,0,45.18
fold2_room1_mix1686,94,5,0,-132,0,12.59
fold2_room1_mix1686,94,5,0,-174,0,75.51
fold2_room1_mix1686,95,5,0,-8,0,50.32
fold2_room1_mix1686,95,5,0,-122,0,11.41
fold2_room1_mix1686,95,5,0,-173,0,71.11
fold2_room1_mix1686,96,5,0,-10,0,44.03
fold2_room1_mix1686,96,5,0,-141,0,14.48
fold2_room1_mix1686,96,5,0,-174,0,78.24
fold2_room1_mix1686,97,5,0,-9,0,43.67
fold2_room1_mix1686,97,5,0,-136,0,12.92
fold2_room1_mix1686,97,5,0,-174,0,72.77
fold2_room1_mix1686,98,5,0,-9,0,47.62
fold2_room1_mix1686,98,5,0,-137,0,13.43
fold2_room1_mix1686,98,5,0,-174,0,75.65
fold2_room1_mix1686,99,5,0,-8,0,47.37
fold2_room1_mix1686,99,5,0,-142,0,14.71
fold2_room1_mix1686,99,5,0,-175,0,85.58
fold2_room1_mix1687,10,5,0,0,0,10.31
fold2_room1_mix1687,11,5,0,0,-1,53.15
fold2_room1_mix1687,12,5,0,0,0,90.54
fold2_room1_mix1687,13,5,0,0,0,134.06
fold2_room1_mix1687,14,5,0,0,0,132.28
fold2_room1_mix1687,15,5,0,0,0,132.94
fold2_room1_mix1687,16,5,0,0,0,120.41
fold2_room1_mix1687,17,5,0,-1,0,128.93
fold2_room1_mix1687,18,5,0,-1,0,134.74
fold2_room1_mix1687,19,5,0,0,0,130.47
fold2_room1_mix1687,20,5,0,-1,0,133.52
fold2_room1_mix1687,21,5,0,-1,0,126.11
fold2_room1_mix1687,22,5,0,-1,0,135.25
fold2_room1_mix1687,23,5,0,-2,0,126.85
fold2_room1_mix1687,24,5,0,-1,0,133.05
fold2_room1_mix1687,25,5,0,-2,0,132.76
fold2_room1_mix1687,26,5,0,-2,0,135.10
fold2_room1_mix1687,27,5,0,-3,0,137.33
fold2_room1_mix1687,28,5,0,-2,0,134.21
fold2_room1_mix1687,29,5,0,-1,0,131.80
fold2_room1_mix1687,30,5,0,-3,0,128.45
fold2_room1_mix1687,31,5,0,-3,0,127.69
fold2_room1_mix1687,32,5,0,-2,0,127.79
fold2_room1_mix1687,33,5,0,-3,0,130.83
fold2_room1_mix1687,34,5,0,-3,0,125.23
fold2_room1_mix1687,35,5,0,-4,0,128.28
fold2_room1_mix1687,36,5,0,-3,0,122.15
fold2_room1_mix1687,37,5,0,-3,0,119.32
fold2_room1_mix1687,38,5,0,-3,0,122.44
fold2_room1_mix1687,39,5,0,-4,0,117.12
fold2_room1_mix1687,40,5,0,-4,0,117.79
fold2_room1_mix1687,41,5,0,-4,0,114.35
fold2_room1_mix1687,42,5,0,-5,0,113.28
fold2_room1_mix1687,43,5,0,-5,0,112.78
fold2_room1_mix1687,44,5,0,-5,0,110.36
fold2_room1_mix1687,45,5,0,-6,0,108.99
fold2_room1_mix1687,46,5,0,-6,0,105.44
fold2_room1_mix1687,47,5,0,-6,0,104.41
fold2_room1_mix1687,48,5,0,-7,0,102.34
fold2_room1_mix1687,49,5,0,-5,0,104.08
fold2_room1_mix1687,50,5,0,-7,0,100.05
fold2_room1_mix1687,51,5,0,-7,0,100.28
fold2_room1_mix1687,52,5,0,-8,0,86.30
fold2_room1_mix1687,53,5,0,-10,0,84.36
fold2_room1_mix1687,54,5,0,-9,0,81.64
fold2_room1_mix1687,55,5,0,-4,0,108.67
fold2_room1_mix1687,55,5,0,-21,0,22.31
fold2_room1_mix1687,56,5,0,-5,0,100.64
fold2_room1_mix1687,56,5,0,-23,0,19.65
fold2_room1_mix1687,57,5,0,-5,0,104.21
fold2_room1_mix1687,57,5,0,-24,0,17.98
fold2_room1_mix1687,58,5,0,-6,0,96.09
fold2_room1_mix1687,58,5,0,-31,0,15.91
fold2_room1_mix1687,59,5,0,-5,0,97.31
fold2_room1_mix1687,59,5,0,-35,0,14.35
fold2_room1_mix1687,60,5,0,-6,0,89.62
fold2_room1_mix1687,60,5,0,-47,0,10.88
fold2_room1_mix1687,61,5,0,-8,0,83.84
fold2_room1_mix1687,61,5,0,-57,0,9.68
fold2_room1_mix1687,62,5,0,-7,0,87.18
fold2_room1_mix1687,62,5,0,-68,0,9.13
fold2_room1_mix1687,63,5,0,-8,0,79.40
fold2_room1_mix1687,63,5,0,-96,0,9.28
fold2_room1_mix1687,64,5,0,-10,0,79.45
fold2_room1_mix1687,64,5,0,-101,0,9.62
fold2_room1_mix1687,65,5,0,-7,0,79.19
fold2_room1_mix1687,65,5,0,-129,0,11.46
fold2_room1_mix1687,66,5,0,-10,0,70.50
fold2_room1_mix1687,66,5,0,-132,0,11.69
fold2_room1_mix1687,67,5,0,-8,0,69.86
fold2_room1_mix1687,67,5,0,-139,0,13.78
fold2_room1_mix1687,68,5,0,-7,0,70.60
fold2_room1_mix1687,68,5,0,-150,0,16.89
fold2_room1_mix1687,69,5,0,-10,0,64.84
fold2_room1_mix1687,69,5,0,-149,0,17.99
fold2_room1_mix1687,70,5,0,-7,0,70.49
fold2_room1_mix1687,70,5,0,-155,0,18.72
fold2_room1_mix1687,71,5,0,-10,0,65.76
fold2_room1_mix1687,71,5,0,-158,0,24.50
fold2_room1_mix1687,72,5,0,-12,0,59.61
fold2_room1_mix1687,72,5,0,-157,0,25.41
fold2_room1_mix1687,73,5,0,-9,0,65.68
fold2_room1_mix1687,73,5,0,-159,0,25.35
fold2_room1_mix1687,74,5,0,-11,0,59.99
fold2_room1_mix1687,74,5,0,-160,0,26.54
fold2_room1_mix1687,75,5,0,-12,0,56.91
fold2_room1_mix1687,75,5,0,-164,0,31.14
fold2_room1_mix1687,76,5,0,-12,0,58.32
fold2_room1_mix1687,76,5,0,-163,0,32.09
fold2_room1_mix1687,77,5,0,-15,0,52.36
fold2_room1_mix1687,77,5,0,-162,0,32.90
fold2_room1_mix1687,78,5,0,-12,0,59.95
fold2_room1_mix1687,78,5,0,-162,0,30.77
fold2_room1_mix1687,79,5,0,-13,0,56.42
fold2_room1_mix1687,79,5,0,-163,0,34.05
fold2_room1_mix1687,80,5,0,-9,0,74.42
fold2_room1_mix1687,80,5,0,-27,0,24.80
fold2_room1_mix1687,80,5,0,-163,0,37.22
fold2_room1_mix1687,81,5,0,-7,0,77.14
fold2_room1_mix1687,81,5,0,-26,0,24.24
fold2_room1_mix1687,81,5,0,-164,0,40.80
fold2_room1_mix1687,82,5,0,-8,0,72.09
fold2_room1_mix1687,82,5,0,-29,0,22.28
fold2_room1_mix1687,82,5,0,-165,0,40.99
fold2_room1_mix1687,83,5,0,-8,0,66.84
fold2_room1_mix1687,83,5,0,-38,0,19.06
fold2_room1_mix1687,83,5,0,-166,0,48.96
fold2_room1_mix1687,84,5,0,-7,0,72.24
fold2_room1_mix1687,84,5,0,-32,0,19.94
fold2_room1_mix1687,84,5,0,-168,0,51.54
fold2_room1_mix1687,85,5,0,-8,0,61.35
fold2_room1_mix1687,85,5,0,-40,0,17.17
fold2_room1_mix1687,85,5,0,-167,0,47.88
fold2_room1_mix1687,86,5,0,-7,0,72.99
fold2_room1_mix1687,86,5,0,-39,0,17.94
fold2_room1_mix1687,86,5,0,-170,0,59.90
fold2_room1_mix1687,87,5,0,-8,0,67.12
fold2_room1_mix1687,87,5,0,-47,0,15.59
fold2_room1_mix1687,87,5,0,-169,0,60.76
fold2_room1_mix1687,88,5,0,-10,0,58.98
fold2_room1_mix1687,88,5,0,-70,0,13.27
fold2_room1_mix1687,88,5,0,-169,0,62.47
fold2_room1_mix1687,89,5,0,-12,0,50.95
fold2_room1_mix1687,89,5,0,-92,0,11.96
fold2_room1_mix1687,89,5,0,-170,0,63.39
fold2_room1_mix1687,90,5,0,-12,0,50.91
fold2_room1_mix1687,90,5,0,-103,0,11.47
fold2_room1_mix1687,90,5,0,-169,0,62.61
fold2_room1_mix1687,91,5,0,-10,0,56.61
fold2_room1_mix1687,91,5,0,-95,0,12.05
fold2_room1_mix1687,91,5,0,-171,0,68.30
fold2_room1_mix1687,92,5,0,-11,0,52.28
fold2_room1_mix1687,92,5,0,-116,0,11.74
fold2_room1_mix1687,92,5,0,-171,0,71.72
fold2_room1_mix1687,93,5,0,-11,0,51.43
fold2_room1_mix1687,93,5,0,-111,0,11.88
fold2_room1_mix1687,93,5,0,-170,0,70.26
fold2_room1_mix1687,94,5,0,-12,0,47.21
fold2_room1_mix1687,94,5,0,-126,0,13.14
fold2_room1_mix1687,94,5,0,-172,0,74.55
fold2_room1_mix1687,95,5,0,-14,0,42.28
fold2_room1_mix1687,95,5,0,-135,0,14.27
fold2_room1_mix1687,95,5,0,-173,0,81.33
fold2_room1_mix1687,96,5,0,-15,0,42.99
fold2_room1_mix1687,96,5,0,-134,0,14.05
fold2_room1_mix1687,96,5,0,-171,0,79.56
fold2_room1_mix1687,97,5,0,-13,0,46.56
fold2_room1_mix1687,97,5,0,-132,0,14.13
fold2_room1_mix1687,97,5,0,-172,0,79.06
fold2_room1_mix1687,98,5,0,-15,0,44.88
fold2_room1_mix1687,98,5,0,-137,0,16.45
fold2_room1_mix1687,98,5,0,-172,0,85.27
fold2_room1_mix1687,99,5,0,-12,0,46.19
fold2_room1_mix1687,99,5,0,-139,0,15.90
fold2_room1_mix1687,99,5,0,-173,0,86.46
fold2_room1_mix1689,5,5,0,179,0,6.92
fold2_room1_mix1689,6,5,0,-178,0,22.89
fold2_room1_mix1689,7,5,0,-179,0,35.86
fold2_room1_mix1689,8,5,0,178,0,40.76
fold2_room1_mix1689,9,5,0,179,0,98.53
fold2_room1_mix1689,10,5,0,178,0,115.62
fold2_room1_mix1689,11,5,0,179,0,110.15
fold2_room1_mix1689,12,5,0,178,0,108.32
fold2_room1_mix1689,13,5,0,179,0,115.69
fold2_room1_mix1689,14,5,0,179,0,110.65
fold2_room1_mix1689,15,5,0,-178,0,114.46
fold2_room1_mix1689,16,5,0,-179,0,117.70
fold2_room1_mix1689,17,5,0,179,0,115.58
fold2_room1_mix1689,18,5,0,179,0,115.63
fold2_room1_mix1689,19,5,0,-179,0,117.25
fold2_room1_mix1689,20,5,0,-178,0,112.13
fold2_room1_mix1689,21,5,0,179,0,116.12
fold2_room1_mix1689,22,5,0,179,0,115.76
fold2_room1_mix1689,23,5,0,-179,0,111.89
fold2_room1_mix1689,24,5,0,179,0,111.60
fold2_room1_mix1689,25,5,0,-179,0,109.39
fold2_room1_mix1689,26,5,0,-179,0,110.44
fold2_room1_mix1689,27,5,0,-178,0,103.94
fold2_room1_mix1689,28,5,0,-176,0,100.27
fold2_room1_mix1689,29,5,0,-176,0,100.64
fold2_room1_mix1689,30,5,0,-175,0,101.92
fold2_room1_mix1689,31,5,0,-176,0,97.87
fold2_room1_mix1689,32,5,0,-176,0,100.06
fold2_room1_mix1689,33,5,0,-175,0,89.25
fold2_room1_mix1689,34,5,0,-174,0,91.17
fold2_room1_mix1689,35,5,0,-173,0,92.77
fold2_room1_mix1689,36,5,0,-174,0,93.34
fold2_room1_mix1689,37,5,0,-173,0,85.42
fold2_room1_mix1689,38,5,0,-173,0,87.18
fold2_room1_mix1689,39,5,0,-173,0,77.58
fold2_room1_mix1689,40,5,0,-171,0,69.55
fold2_room1_mix1689,41,5,0,-171,0,76.34
fold2_room1_mix1689,42,5,0,-171,0,71.29
fold2_room1_mix1689,43,5,0,-170,0,70.38
fold2_room1_mix1689,44,5,0,-169,0,66.57
fold2_room1_mix1689,45,5,0,-158,0,19.16
fold2_room1_mix1689,45,5,0,-174,0,92.13
fold2_room1_mix1689,46,5,0,-154,0,16.94
fold2_room1_mix1689,46,5,0,-174,0,89.57
fold2_room1_mix1689,47,5,0,-146,0,14.42
fold2_room1_mix1689,47,5,0,-175,0,87.99
fold2_room1_mix1689,48,5,0,-142,0,12.84
fold2_room1_mix1689,48,5,0,-175,0,85.22
fold2_room1_mix1689,49,5,0,-133,0,11.26
fold2_room1_mix1689,49,5,0,-175,0,91.24
fold2_room1_mix1689,50,5,0,-125,0,9.73
fold2_room1_mix1689,50,5,0,-174,0,85.51
fold2_room1_mix1689,51,5,0,-114,0,7.92
fold2_room1_mix1689,51,5,0,-174,0,83.79
fold2_room1_mix1689,52,5,0,-93,0,7.14
fold2_room1_mix1689,52,5,0,-174,0,84.33
fold2_room1_mix1689,53,5,0,-81,0,7.40
fold2_room1_mix1689,53,5,0,-174,0,83.96
fold2_room1_mix1689,54,5,0,-69,0,8.19
fold2_room1_mix1689,54,5,0,-174,0,82.84
fold2_room1_mix1689,55,5,0,-58,0,8.43
fold2_room1_mix1689,55,5,0,-175,0,79.71
fold2_room1_mix1689,56,5,0,-47,0,9.92
fold2_room1_mix1689,56,5,0,-175,0,81.27
fold2_room1_mix1689,57,5,0,-42,0,11.51
fold2_room1_mix1689,57,5,0,-174,0,78.84
fold2_room1_mix1689,58,5,0,-37,0,12.58
fold2_room1_mix1689,58,5,0,-173,0,74.05
fold2_room1_mix1689,59,5,0,-35,0,12.91
fold2_room1_mix1689,59,5,0,-173,0,72.74
fold2_room1_mix1689,60,5,0,-28,0,15.33
fold2_room1_mix1689,60,5,0,-173,0,64.47
fold2_room1_mix1689,61,5,0,-24,0,19.15
fold2_room1_mix1689,61,5,0,-172,0,65.92
fold2_room1_mix1689,62,5,0,-24,0,19.25
fold2_room1_mix1689,62,5,0,-173,0,66.99
fold2_room1_mix1689,63,5,0,-22,0,19.92
fold2_room1_mix1689,63,5,0,-173,0,67.56
fold2_room1_mix1689,64,5,0,-21,0,21.19
fold2_room1_mix1689,64,5,0,-173,0,67.29
fold2_room1_mix1689,65,5,0,-21,0,19.45
fold2_room1_mix1689,65,5,0,-173,0,68.40
fold2_room1_mix1689,66,5,0,-15,0,23.51
fold2_room1_mix1689,66,5,0,-172,0,58.88
fold2_room1_mix1689,67,5,0,-17,0,22.37
fold2_room1_mix1689,67,5,0,-173,0,64.52
fold2_room1_mix1689,68,5,0,-15,0,25.14
fold2_room1_mix1689,68,5,0,-172,0,61.23
fold2_room1_mix1689,69,5,0,-17,0,25.02
fold2_room1_mix1689,69,5,0,-171,0,60.58
fold2_room1_mix1689,70,5,0,-15,0,30.37
fold2_room1_mix1689,70,5,0,-170,0,59.19
fold2_room1_mix1689,71,5,0,-14,0,30.72
fold2_room1_mix1689,71,5,0,-170,0,60.31
fold2_room1_mix1689,72,5,0,-14,0,31.49
fold2_room1_mix1689,72,5,0,-159,0,24.39
fold2_room1_mix1689,72,5,0,-174,0,76.66
fold2_room1_mix1689,73,5,0,-13,0,34.49
fold2_room1_mix1689,73,5,0,-168,0,54.29
fold2_room1_mix1689,74,5,0,-11,0,35.84
fold2_room1_mix1689,74,5,0,-158,0,21.35
fold2_room1_mix1689,74,5,0,-174,0,74.54
fold2_room1_mix1689,75,5,0,-10,0,38.65
fold2_room1_mix1689,75,5,0,-168,0,51.55
fold2_room1_mix1689,76,5,0,-9,0,41.32
fold2_room1_mix1689,76,5,0,-160,0,20.49
fold2_room1_mix1689,76,5,0,-175,0,81.52
fold2_room1_mix1689,77,5,0,-7,0,44.38
fold2_room1_mix1689,77,5,0,-157,0,18.85
fold2_room1_mix1689,77,5,0,-175,0,76.49
fold2_room1_mix1689,78,5,0,-9,0,43.03
fold2_room1_mix1689,78,5,0,-158,0,20.58
fold2_room1_mix1689,78,5,0,-175,0,81.09
fold2_room1_mix1689,79,5,0,-7,0,45.77
fold2_room1_mix1689,79,5,0,-154,0,17.66
fold2_room1_mix1689,79,5,0,-175,0,74.40
fold2_room1_mix1689,80,5,0,-7,0,50.65
fold2_room1_mix1689,80,5,0,-145,0,14.44
fold2_room1_mix1689,80,5,0,-174,0,67.06
fold2_room1_mix1689,81,5,0,-7,0,51.21
fold2_room1_mix1689,81,5,0,-147,0,15.08
fold2_room1_mix1689,81,5,0,-174,0,70.15
fold2_room1_mix1689,82,5,0,-7,0,51.84
fold2_room1_mix1689,82,5,0,-135,0,11.88
fold2_room1_mix1689,82,5,0,-172,0,61.51
fold2_room1_mix1689,83,5,0,-8,0,52.47
fold2_room1_mix1689,83,5,0,-138,0,13.07
fold2_room1_mix1689,83,5,0,-172,0,65.26
fold2_room1_mix1689,84,5,0,-8,0,53.51
fold2_room1_mix1689,84,5,0,-119,0,10.78
fold2_room1_mix1689,84,5,0,-171,0,57.21
fold2_room1_mix1689,85,5,0,-6,0,55.80
fold2_room1_mix1689,85,5,0,-84,0,9.86
fold2_room1_mix1689,85,5,0,-172,0,50.47
fold2_room1_mix1689,86,5,0,-7,0,56.74
fold2_room1_mix1689,86,5,0,-130,0,12.54
fold2_room1_mix1689,86,5,0,-173,0,65.37
fold2_room1_mix1689,87,5,0,-5,0,60.72
fold2_room1_mix1689,87,5,0,-59,0,11.13
fold2_room1_mix1689,87,5,0,-172,0,46.17
fold2_room1_mix1689,88,5,0,-5,0,60.52
fold2_room1_mix1689,88,5,0,-105,0,11.52
fold2_room1_mix1689,88,5,0,-173,0,60.27
fold2_room1_mix1689,89,5,0,-6,0,61.86
fold2_room1_mix1689,89,5,0,-75,0,10.85
fold2_room1_mix1689,89,5,0,-172,0,52.61
fold2_room1_mix1689,90,5,0,-6,0,65.00
fold2_room1_mix1689,90,5,0,-87,0,12.28
fold2_room1_mix1689,90,5,0,-172,0,55.57
fold2_room1_mix1689,91,5,0,-5,0,61.93
fold2_room1_mix1689,91,5,0,-103,0,11.57
fold2_room1_mix1689,91,5,0,-173,0,56.69
fold2_room1_mix1689,92,5,0,-6,0,60.61
fold2_room1_mix1689,92,5,0,-116,0,11.89
fold2_room1_mix1689,92,5,0,-172,0,60.78
fold2_room1_mix1689,93,5,0,-5,0,64.66
fold2_room1_mix1689,93,5,0,-78,0,11.77
fold2_room1_mix1689,93,5,0,-171,0,51.46
fold2_room1_mix1689,94,5,0,-5,0,64.36
fold2_room1_mix1689,94,5,0,-69,0,11.16
fold2_room1_mix1689,94,5,0,-172,0,52.11
fold2_room1_mix1689,95,5,0,-5,0,64.16
fold2_room1_mix1689,95,5,0,-77,0,11.26
fold2_room1_mix1689,95,5,0,-171,0,54.58
fold2_room1_mix1689,96,5,0,-4,0,66.26
fold2_room1_mix1689,96,5,0,-63,0,11.97
fold2_room1_mix1689,96,5,0,-172,0,55.96
fold2_room1_mix1689,97,5,0,-4,0,65.65
fold2_room1_mix1689,97,5,0,-59,0,12.22
fold2_room1_mix1689,97,5,0,-172,0,54.71
fold2_room1_mix1689,98,5,0,-5,0,67.35
fold2_room1_mix1689,98,5,0,-74,0,12.34
fold2_room1_mix1689,98,5,0,-172,0,58.29
fold2_room1_mix1689,99,5,0,-4,0,70.45
fold2_room1_mix1689,99,5,0,-60,0,13.24
fold2_room1_mix1689,99,5,0,-172,0,56.93
fold2_room1_mix1711,6,5,0,0,0,31.07
fold2_room1_mix1711,7,5,0,0,0,39.19
fold2_room1_mix1711,8,5,0,0,0,40.41
fold2_room1_mix1711,9,5,0,-1,0,111.42
fold2_room1_mix1711,10,5,0,-1,0,131.03
fold2_room1_mix1711,11,5,0,0,0,122.75
fold2_room1_mix1711,12,5,0,0,0,116.35
fold2_room1_mix1711,13,5,0,0,0,119.12
fold2_room1_mix1711,14,5,0,-1,0,118.65
fold2_room1_mix1711,15,5,0,0,0,117.38
fold2_room1_mix1711,16,5,0,-2,0,119.80
fold2_room1_mix1711,17,5,0,-2,0,117.76
fold2_room1_mix1711,18,5,0,-1,0,122.51
fold2_room1_mix1711,19,5,0,-1,0,122.89
fold2_room1_mix1711,20,5,0,-2,0,122.47
fold2_room1_mix1711,21,5,0,-1,0,124.14
fold2_room1_mix1711,22,5,0,-2,0,122.73
fold2_room1_mix1711,23,5,0,-1,0,117.00
fold2_room1_mix1711,24,5,0,-2,0,120.23
fold2_room1_mix1711,25,5,0,-2,0,121.55
fold2_room1_mix1711,26,5,0,-1,0,125.05
fold2_room1_mix1711,27,5,0,-2,0,122.46
fold2_room1_mix1711,28,5,0,-2,0,122.57
fold2_room1_mix1711,29,5,0,-1,0,123.08
fold2_room1_mix1711,30,5,0,-3,0,120.70
fold2_room1_mix1711,31,5,0,-3,0,118.60
fold2_room1_mix1711,32,5,0,-2,0,121.44
fold2_room1_mix1711,33,5,0,-3,0,116.25
fold2_room1_mix1711,34,5,0,-3,0,114.60
fold2_room1_mix1711,35,5,0,-4,0,116.13
fold2_room1_mix1711,36,5,0,-4,0,112.23
fold2_room1_mix1711,37,5,0,-4,0,111.02
fold2_room1_mix1711,38,5,0,-4,0,108.45
fold2_room1_mix1711,39,5,0,-5,0,108.59
fold2_room1_mix1711,40,5,0,-5,0,103.02
fold2_room1_mix1711,41,5,0,-6,0,101.10
fold2_room1_mix1711,42,5,0,-6,0,101.44
fold2_room1_mix1711,43,5,0,-6,0,101.59
fold2_room1_mix1711,44,5,0,-6,0,99.08
fold2_room1_mix1711,45,5,0,-7,0,98.41
fold2_room1_mix1711,46,5,0,-7,0,98.39
fold2_room1_mix1711,47,5,0,-6,0,93.09
fold2_room1_mix1711,48,5,0,-6,0,91.07
fold2_room1_mix1711,49,5,0,-7,0,87.39
fold2_room1_mix1711,50,5,0,-7,0,84.20
fold2_room1_mix1711,51,5,0,-7,0,82.78
fold2_room1_mix1711,52,5,0,-8,0,82.93
fold2_room1_mix1711,53,5,0,-9,0,78.86
fold2_room1_mix1711,54,5,0,-9,0,77.67
fold2_room1_mix1711,55,5,0,-4,0,103.00
fold2_room1_mix1711,55,5,0,-21,0,21.38
fold2_room1_mix1711,56,5,0,-4,0,99.03
fold2_room1_mix1711,56,5,0,-22,0,19.86
fold2_room1_mix1711,57,5,0,-4,0,93.14
fold2_room1_mix1711,57,5,0,-23,0,18.20
fold2_room1_mix1711,58,5,0,-4,0,91.93
fold2_room1_mix1711,58,5,0,-26,0,16.23
fold2_room1_mix1711,59,5,0,-4,0,91.69
fold2_room1_mix1711,59,5,0,-34,0,13.61
fold2_room1_mix1711,60,5,0,-5,0,86.35
fold2_room1_mix1711,60,5,0,-42,0,11.14
fold2_room1_mix1711,61,5,0,-6,0,83.46
fold2_room1_mix1711,61,5,0,-46,0,10.29
fold2_room1_mix1711,62,5,0,-6,0,79.73
fold2_room1_mix1711,62,5,0,-59,0,8.29
fold2_room1_mix1711,63,5,0,-5,0,77.85
fold2_room1_mix1711,63,5,0,-73,0,7.21
fold2_room1_mix1711,64,5,0,-6,0,75.29
fold2_room1_mix1711,64,5,0,-80,0,7.20
fold2_room1_mix1711,65,5,0,-7,0,75.78
fold2_room1_mix1711,65,5,0,-109,0,8.19
fold2_room1_mix1711,66,5,0,-9,0,73.88
fold2_room1_mix1711,66,5,0,-118,0,8.81
fold2_room1_mix1711,67,5,0,-8,0,70.07
fold2_room1_mix1711,67,5,0,-130,0,10.39
fold2_room1_mix1711,68,5,0,-9,0,64.40
fold2_room1_mix1711,68,5,0,-138,0,12.11
fold2_room1_mix1711,69,5,0,-8,0,66.18
fold2_room1_mix1711,69,5,0,-142,0,12.97
fold2_room1_mix1711,70,5,0,-7,0,63.88
fold2_room1_mix1711,70,5,0,-148,0,14.99
fold2_room1_mix1711,71,5,0,-7,0,60.99
fold2_room1_mix1711,71,5,0,-153,0,17.19
fold2_room1_mix1711,72,5,0,-9,0,56.47
fold2_room1_mix1711,72,5,0,-157,0,19.96
fold2_room1_mix1711,73,5,0,-10,0,54.81
fold2_room1_mix1711,73,5,0,-157,0,20.83
fold2_room1_mix1711,74,5,0,-14,0,46.00
fold2_room1_mix1711,74,5,0,-159,0,23.93
fold2_room1_mix1711,75,5,0,-12,0,50.85
fold2_room1_mix1711,75,5,0,-160,0,24.44
fold2_room1_mix1711,76,5,0,-14,0,44.51
fold2_room1_mix1711,76,5,0,-164,0,28.58
fold2_room1_mix1711,77,5,0,-7,0,62.73
fold2_room1_mix1711,77,5,0,-23,0,22.42
fold2_room1_mix1711,77,5,0,-163,0,28.00
fold2_room1_mix1711,78,5,0,-9,0,51.04
fold2_room1_mix1711,78,5,0,-29,0,17.52
fold2_room1_mix1711,78,5,0,-163,0,29.75
fold2_room1_mix1711,79,5,0,-8,0,59.72
fold2_room1_mix1711,79,5,0,-25,0,20.41
fold2_room1_mix1711,79,5,0,-163,0,29.79
fold2_room1_mix1711,80,5,0,-9,0,47.91
fold2_room1_mix1711,80,5,0,-34,0,15.14
fold2_room1_mix1711,80,5,0,-165,0,33.42
fold2_room1_mix1711,81,5,0,-9,0,55.91
fold2_room1_mix1711,81,5,0,-42,0,14.44
fold2_room1_mix1711,81,5,0,-166,0,42.09
fold2_room1_mix1711,82,5,0,-11,0,47.71
fold2_room1_mix1711,82,5,0,-53,0,12.32
fold2_room1_mix1711,82,5,0,-166,0,41.93
fold2_room1_mix1711,83,5,0,-11,0,48.02
fold2_room1_mix1711,83,5,0,-58,0,12.59
fold2_room1_mix1711,83,5,0,-166,0,44.92
fold2_room1_mix1711,84,5,0,-11,0,45.42
fold2_room1_mix1711,84,5,0,-70,0,11.17
fold2_room1_mix1711,84,5,0,-167,0,46.31
fold2_room1_mix1711,85,5,0,-12,0,38.93
fold2_room1_mix1711,85,5,0,-101,0,9.67
fold2_room1_mix1711,85,5,0,-168,0,48.16
fold2_room1_mix1711,86,5,0,-14,0,37.65
fold2_room1_mix1711,86,5,0,-103,0,9.68
fold2_room1_mix1711,86,5,0,-167,0,47.50
fold2_room1_mix1711,87,5,0,-13,0,37.72
fold2_room1_mix1711,87,5,0,-94,0,10.86
fold2_room1_mix1711,87,5,0,-168,0,47.36
fold2_room1_mix1711,88,5,0,-12,0,36.72
fold2_room1_mix1711,88,5,0,-115,0,10.30
fold2_room1_mix1711,88,5,0,-169,0,51.14
fold2_room1_mix1711,89,5,0,-12,0,39.52
fold2_room1_mix1711,89,5,0,-109,0,10.14
fold2_room1_mix1711,89,5,0,-169,0,55.20
fold2_room1_mix1711,90,5,0,-16,0,35.11
fold2_room1_mix1711,90,5,0,-128,0,11.92
fold2_room1_mix1711,90,5,0,-169,0,59.32
fold2_room1_mix1711,91,5,0,-20,0,27.09
fold2_room1_mix1711,91,5,0,-138,0,13.29
fold2_room1_mix1711,91,5,0,-170,0,59.06
fold2_room1_mix1711,92,5,0,-18,0,29.75
fold2_room1_mix1711,92,5,0,-139,0,13.64
fold2_room1_mix1711,92,5,0,-170,0,62.13
fold2_room1_mix1711,93,5,0,-18,0,30.05
fold2_room1_mix1711,93,5,0,-142,0,14.62
fold2_room1_mix1711,93,5,0,-170,0,63.30
fold2_room1_mix1711,94,5,0,-19,0,27.96
fold2_room1_mix1711,94,5,0,-149,0,17.74
fold2_room1_mix1711,94,5,0,-172,0,72.65
fold2_room1_mix1711,95,5,0,-28,0,18.26
fold2_room1_mix1711,95,5,0,-155,0,19.77
fold2_room1_mix1711,95,5,0,-172,0,68.64
fold2_room1_mix1711,96,5,0,-40,0,14.50
fold2_room1_mix1711,96,5,0,-167,0,51.35
fold2_room1_mix1711,97,5,0,-44,0,13.06
fold2_room1_mix1711,97,5,0,-167,0,53.31
fold2_room1_mix1711,98,5,0,-61,0,10.42
fold2_room1_mix1711,98,5,0,-168,0,56.03
fold2_room1_mix1711,99,5,0,-62,0,10.08
fold2_room1_mix1711,99,5,0,-167,0,53.86
fold2_room1_mix1718,4,5,0,179,0,7.27
fold2_room1_mix1718,5,5,0,-178,0,27.34
fold2_room1_mix1718,6,5,0,-179,0,36.07
fold2_room1_mix1718,7,5,0,-179,0,40.47
fold2_room1_mix1718,8,5,0,-179,0,90.62
fold2_room1_mix1718,9,5,0,-179,0,110.12
fold2_room1_mix1718,10,5,0,179,0,114.32
fold2_room1_mix1718,11,5,0,179,0,101.58
fold2_room1_mix1718,12,5,0,-178,0,108.59
fold2_room1_mix1718,13,5,0,-177,0,110.32
fold2_room1_mix1718,14,5,0,-179,0,111.18
fold2_room1_mix1718,15,5,0,-179,0,109.99
fold2_room1_mix1718,16,5,0,-178,0,111.54
fold2_room1_mix1718,17,5,0,-179,0,109.40
fold2_room1_mix1718,18,5,0,-179,0,108.84
fold2_room1_mix1718,19,5,0,-179,0,111.57
fold2_room1_mix1718,20,5,0,-179,0,106.40
fold2_room1_mix1718,21,5,0,-179,0,106.03
fold2_room1_mix1718,22,5,0,-178,0,109.72
fold2_room1_mix1718,23,5,0,-179,0,107.09
fold2_room1_mix1718,24,5,0,-178,0,106.43
fold2_room1_mix1718,25,5,0,-178,0,104.65
fold2_room1_mix1718,26,5,0,-178,0,106.22
fold2_room1_mix1718,27,5,0,-178,0,102.53
fold2_room1_mix1718,28,5,0,-177,0,103.03
fold2_room1_mix1718,29,5,0,-177,0,103.65
fold2_room1_mix1718,30,5,0,-177,0,102.78
fold2_room1_mix1718,31,5,0,-176,0,101.73
fold2_room1_mix1718,32,5,0,-176,0,100.13
fold2_room1_mix1718,33,5,0,-176,0,98.73
fold2_room1_mix1718,34,5,0,-175,0,96.94
fold2_room1_mix1718,35,5,0,-174,0,94.38
fold2_room1_mix1718,36,5,0,-176,0,90.80
fold2_room1_mix1718,37,5,0,-174,0,93.67
fold2_room1_mix1718,38,5,0,-174,0,89.30
fold2_room1_mix1718,39,5,0,-173,0,86.41
fold2_room1_mix1718,40,5,0,-173,0,86.73
fold2_room1_mix1718,41,5,0,-173,0,79.60
fold2_room1_mix1718,42,5,0,-171,0,72.72
fold2_room1_mix1718,43,5,0,-171,0,74.94
fold2_room1_mix1718,44,5,0,-171,0,72.45
fold2_room1_mix1718,45,5,0,-170,0,67.56
fold2_room1_mix1718,46,5,0,-170,0,67.92
fold2_room1_mix1718,47,5,0,-159,0,19.79
fold2_room1_mix1718,47,5,0,-175,0,88.28
fold2_room1_mix1718,48,5,0,-154,0,16.98
fold2_room1_mix1718,48,5,0,-174,0,81.57
fold2_room1_mix1718,49,5,0,-150,0,15.09
fold2_room1_mix1718,49,5,0,-174,0,78.81
fold2_room1_mix1718,50,5,0,-145,0,12.99
fold2_room1_mix1718,50,5,0,-174,0,69.56
fold2_room1_mix1718,51,5,0,-141,0,12.04
fold2_room1_mix1718,51,5,0,-174,0,72.59
fold2_room1_mix1718,52,5,0,-130,0,10.29
fold2_room1_mix1718,52,5,0,-173,0,67.49
fold2_room1_mix1718,53,5,0,-122,0,8.24
fold2_room1_mix1718,53,5,0,-174,0,64.01
fold2_room1_mix1718,54,5,0,-107,0,7.43
fold2_room1_mix1718,54,5,0,-171,0,59.54
fold2_room1_mix1718,55,5,0,-92,0,6.98
fold2_room1_mix1718,55,5,0,-173,0,63.65
fold2_room1_mix1718,56,5,0,-73,0,7.02
fold2_room1_mix1718,56,5,0,-173,0,65.32
fold2_room1_mix1718,57,5,0,-56,0,8.30
fold2_room1_mix1718,57,5,0,-172,0,62.30
fold2_room1_mix1718,58,5,0,-43,0,9.75
fold2_room1_mix1718,58,5,0,-173,0,60.20
fold2_room1_mix1718,59,5,0,-38,0,10.92
fold2_room1_mix1718,59,5,0,-172,0,60.44
fold2_room1_mix1718,60,5,0,-32,0,12.97
fold2_room1_mix1718,60,5,0,-171,0,55.16
fold2_room1_mix1718,61,5,0,-28,0,14.87
fold2_room1_mix1718,61,5,0,-171,0,55.14
fold2_room1_mix1718,62,5,0,-25,0,16.05
fold2_room1_mix1718,62,5,0,-171,0,53.50
fold2_room1_mix1718,63,5,0,-23,0,18.42
fold2_room1_mix1718,63,5,0,-170,0,52.97
fold2_room1_mix1718,64,5,0,-19,0,21.12
fold2_room1_mix1718,64,5,0,-169,0,47.51
fold2_room1_mix1718,65,5,0,-20,0,21.41
fold2_room1_mix1718,65,5,0,-170,0,50.33
fold2_room1_mix1718,66,5,0,-17,0,22.08
fold2_room1_mix1718,66,5,0,-167,0,40.65
fold2_room1_mix1718,67,5,0,-14,0,25.24
fold2_room1_mix1718,67,5,0,-158,0,17.66
fold2_room1_mix1718,67,5,0,-173,0,56.21
fold2_room1_mix1718,68,5,0,-12,0,26.26
fold2_room1_mix1718,68,5,0,-155,0,13.59
fold2_room1_mix1718,68,5,0,-173,0,46.12
fold2_room1_mix1718,69,5,0,-11,0,26.58
fold2_room1_mix1718,69,5,0,-149,0,10.71
fold2_room1_mix1718,69,5,0,-172,0,38.72
fold2_room1_mix1718,70,5,0,-10,0,28.68
fold2_room1_mix1718,70,5,0,-142,0,10.41
fold2_room1_mix1718,70,5,0,-172,0,41.07
fold2_room1_mix1718,71,5,0,-10,0,31.57
fold2_room1_mix1718,71,5,0,-150,0,12.82
fold2_room1_mix1718,71,5,0,-172,0,49.51
fold2_room1_mix1718,72,5,0,-9,0,33.74
fold2_room1_mix1718,72,5,0,-138,0,9.72
fold2_room1_mix1718,72,5,0,-170,0,39.73
fold2_room1_mix1718,73,5,0,-8,0,33.46
fold2_room1_mix1718,73,5,0,-125,0,8.11
fold2_room1_mix1718,73,5,0,-169,0,34.30
fold2_room1_mix1718,74,5,0,-10,0,35.17
fold2_room1_mix1718,74,5,0,-99,0,6.94
fold2_room1_mix1718,74,5,0,-168,0,32.50
fold2_room1_mix1718,75,5,0,-9,0,36.54
fold2_room1_mix1718,75,5,0,-81,0,6.77
fold2_room1_mix1718,75,5,0,-166,0,29.93
fold2_room1_mix1718,76,5,0,-9,0,35.55
fold2_room1_mix1718,76,5,0,-94,0,7.05
fold2_room1_mix1718,76,5,0,-167,0,30.60
fold2_room1_mix1718,77,5,0,-9,0,37.63
fold2_room1_mix1718,77,5,0,-52,0,7.81
fold2_room1_mix1718,77,5,0,-162,0,21.86
fold2_room1_mix1718,78,5,0,-9,0,34.38
fold2_room1_mix1718,78,5,0,-63,0,7.07
fold2_room1_mix1718,78,5,0,-165,0,24.44
fold2_room1_mix1718,79,5,0,-7,0,46.76
fold2_room1_mix1718,79,5,0,-36,0,11.21
fold2_room1_mix1718,79,5,0,-161,0,20.30
fold2_room1_mix1718,80,5,0,-6,0,50.04
fold2_room1_mix1718,80,5,0,-30,0,14.17
fold2_room1_mix1718,80,5,0,-159,0,16.95
fold2_room1_mix1718,81,5,0,-7,0,49.45
fold2_room1_mix1718,81,5,0,-25,0,15.41
fold2_room1_mix1718,81,5,0,-148,0,12.08
fold2_room1_mix1718,82,5,0,-6,0,55.37
fold2_room1_mix1718,82,5,0,-24,0,16.94
fold2_room1_mix1718,82,5,0,-151,0,13.48
fold2_room1_mix1718,83,5,0,-12,0,39.43
fold2_room1_mix1718,83,5,0,-136,0,9.94
fold2_room1_mix1718,84,5,0,-5,0,57.07
fold2_room1_mix1718,84,5,0,-22,0,16.57
fold2_room1_mix1718,84,5,0,-138,0,10.47
fold2_room1_mix1718,85,5,0,-12,0,37.88
fold2_room1_mix1718,85,5,0,-111,0,7.84
fold2_room1_mix1718,86,5,0,-10,0,43.46
fold2_room1_mix1718,86,5,0,-75,0,7.48
fold2_room1_mix1718,87,5,0,-8,0,46.75
fold2_room1_mix1718,87,5,0,-61,0,8.63
fold2_room1_mix1718,88,5,0,-8,0,47.59
fold2_room1_mix1718,88,5,0,-47,0,9.66
fold2_room1_mix1718,89,5,0,-8,0,44.74
fold2_room1_mix1718,89,5,0,-38,0,11.59
fold2_room1_mix1718,90,5,0,-9,0,44.00
fold2_room1_mix1718,90,5,0,-32,0,13.51
fold2_room1_mix1718,91,5,0,-9,0,49.59
fold2_room1_mix1718,91,5,0,-30,0,15.39
fold2_room1_mix1718,92,5,0,-14,0,39.27
fold2_room1_mix1718,93,5,0,-11,0,41.26
fold2_room1_mix1718,94,5,0,-11,0,42.00
fold2_room1_mix1718,95,5,0,-11,0,41.92
fold2_room1_mix1718,96,5,0,-10,0,40.89
fold2_room1_mix1718,97,5,0,-10,0,41.73
fold2_room1_mix1718,98,5,0,-9,0,45.78
fold2_room1_mix1718,99,5,0,-9,0,51.28
fold2_room1_mix1736,3,5,0,-179,0,2.49
fold2_room1_mix1736,4,5,0,177,0,15.83
fold2_room1_mix1736,5,5,0,177,0,31.47
fold2_room1_mix1736,6,5,0,-179,0,38.49
fold2_room1_mix1736,7,5,0,177,0,85.41
fold2_room1_mix1736,8,5,0,178,0,101.98
fold2_room1_mix1736,9,5,0,178,0,116.41
fold2_room1_mix1736,10,5,0,177,0,113.60
fold2_room1_mix1736,11,5,0,176,0,112.80
fold2_room1_mix1736,12,5,0,177,0,113.07
fold2_room1_mix1736,13,5,0,176,0,110.31
fold2_room1_mix1736,14,5,0,176,0,109.96
fold2_room1_mix1736,15,5,0,177,0,109.76
fold2_room1_mix1736,16,5,0,176,0,106.39
fold2_room1_mix1736,17,5,0,176,0,97.80
fold2_room1_mix1736,18,5,0,176,0,95.58
fold2_room1_mix1736,19,5,0,177,0,100.41
fold2_room1_mix1736,20,5,0,176,0,100.64
fold2_room1_mix1736,21,5,0,174,0,98.76
fold2_room1_mix1736,22,5,0,175,0,98.88
fold2_room1_mix1736,23,5,0,175,0,99.90
fold2_room1_mix1736,24,5,0,175,0,94.67
fold2_room1_mix1736,25,5,0,175,0,93.97
fold2_room1_mix1736,26,5,0,173,0,95.01
fold2_room1_mix1736,27,5,0,173,0,94.73
fold2_room1_mix1736,28,5,0,173,0,92.79
fold2_room1_mix1736,29,5,0,173,0,90.39
fold2_room1_mix1736,30,5,0,173,0,91.83
fold2_room1_mix1736,31,5,0,171,0,86.85
fold2_room1_mix1736,32,5,0,170,0,83.47
fold2_room1_mix1736,33,5,0,157,0,23.50
fold2_room1_mix1736,33,5,0,175,0,111.71
fold2_room1_mix1736,34,5,0,156,0,21.28
fold2_room1_mix1736,34,5,0,174,0,109.10
fold2_room1_mix1736,35,5,0,153,0,18.26
fold2_room1_mix1736,35,5,0,174,0,107.75
fold2_room1_mix1736,36,5,0,144,0,14.54
fold2_room1_mix1736,36,5,0,174,0,106.82
fold2_room1_mix1736,37,5,0,140,0,12.69
fold2_room1_mix1736,37,5,0,174,0,102.47
fold2_room1_mix1736,38,5,0,126,0,10.18
fold2_room1_mix1736,38,5,0,174,0,98.76
fold2_room1_mix1736,39,5,0,121,0,10.07
fold2_room1_mix1736,39,5,0,173,0,92.49
fold2_room1_mix1736,40,5,0,103,0,9.09
fold2_room1_mix1736,40,5,0,173,0,91.31
fold2_room1_mix1736,41,5,0,89,0,9.08
fold2_room1_mix1736,41,5,0,172,0,91.92
fold2_room1_mix1736,42,5,0,67,0,8.66
fold2_room1_mix1736,42,5,0,172,0,84.37
fold2_room1_mix1736,43,5,0,55,0,9.76
fold2_room1_mix1736,43,5,0,172,0,82.70
fold2_room1_mix1736,44,5,0,48,0,11.04
fold2_room1_mix1736,44,5,0,173,0,85.96
fold2_room1_mix1736,45,5,0,42,0,11.88
fold2_room1_mix1736,45,5,0,172,0,80.66
fold2_room1_mix1736,46,5,0,37,0,14.14
fold2_room1_mix1736,46,5,0,171,0,80.18
fold2_room1_mix1736,47,5,0,32,0,16.63
fold2_room1_mix1736,47,5,0,171,0,76.42
fold2_room1_mix1736,48,5,0,26,0,18.07
fold2_room1_mix1736,48,5,0,172,0,79.41
fold2_room1_mix1736,49,5,0,26,0,18.76
fold2_room1_mix1736,49,5,0,173,0,80.87
fold2_room1_mix1736,50,5,0,23,0,22.02
fold2_room1_mix1736,50,5,0,172,0,75.81
fold2_room1_mix1736,51,5,0,22,0,22.67
fold2_room1_mix1736,51,5,0,171,0,74.52
fold2_room1_mix1736,52,5,0,21,0,22.51
fold2_room1_mix1736,52,5,0,172,0,74.22
fold2_room1_mix1736,53,5,0,21,0,23.55
fold2_room1_mix1736,53,5,0,171,0,71.93
fold2_room1_mix1736,54,5,0,18,0,24.68
fold2_room1_mix1736,54,5,0,171,0,68.07
fold2_room1_mix1736,55,5,0,19,0,23.51
fold2_room1_mix1736,55,5,0,170,0,66.67
fold2_room1_mix1736,56,5,0,17,0,29.77
fold2_room1_mix1736,56,5,0,168,0,62.27
fold2_room1_mix1736,57,5,0,15,0,29.83
fold2_room1_mix1736,57,5,0,171,0,71.31
fold2_room1_mix1736,58,5,0,14,0,33.83
fold2_room1_mix1736,58,5,0,168,0,61.46
fold2_room1_mix1736,59,5,0,15,0,34.22
fold2_room1_mix1736,59,5,0,168,0,65.02
fold2_room1_mix1736,60,5,0,13,0,40.78
fold2_room1_mix1736,60,5,0,154,0,22.86
fold2_room1_mix1736,60,5,0,173,0,81.14
fold2_room1_mix1736,61,5,0,11,0,37.39
fold2_room1_mix1736,61,5,0,168,0,63.12
fold2_room1_mix1736,62,5,0,13,0,37.82
fold2_room1_mix1736,62,5,0,157,0,27.76
fold2_room1_mix1736,62,5,0,174,0,86.16
fold2_room1_mix1736,63,5,0,11,0,43.18
fold2_room1_mix1736,63,5,0,156,0,25.47
fold2_room1_mix1736,63,5,0,174,0,87.93
fold2_room1_mix1736,64,5,0,11,0,44.07
fold2_room1_mix1736,64,5,0,155,0,25.15
fold2_room1_mix1736,64,5,0,174,0,87.27
fold2_room1_mix1736,65,5,0,10,0,43.57
fold2_room1_mix1736,65,5,0,156,0,27.42
fold2_room1_mix1736,65,5,0,174,0,88.37
fold2_room1_mix1736,66,5,0,9,0,52.62
fold2_room1_mix1736,66,5,0,142,0,16.77
fold2_room1_mix1736,66,5,0,172,0,70.96
fold2_room1_mix1736,67,5,0,9,0,52.20
fold2_room1_mix1736,67,5,0,147,0,18.80
fold2_room1_mix1736,67,5,0,173,0,79.28
fold2_room1_mix1736,68,5,0,8,0,56.75
fold2_room1_mix1736,68,5,0,140,0,16.10
fold2_room1_mix1736,68,5,0,173,0,72.58
fold2_room1_mix1736,69,5,0,8,0,57.53
fold2_room1_mix1736,69,5,0,142,0,16.44
fold2_room1_mix1736,69,5,0,173,0,74.91
fold2_room1_mix1736,70,5,0,8,0,56.20
fold2_room1_mix1736,70,5,0,146,0,17.42
fold2_room1_mix1736,70,5,0,174,0,81.26
fold2_room1_mix1736,71,5,0,7,0,58.18
fold2_room1_mix1736,71,5,0,146,0,17.35
fold2_room1_mix1736,71,5,0,174,0,83.16
fold2_room1_mix1736,72,5,0,8,0,62.37
fold2_room1_mix1736,72,5,0,136,0,14.91
fold2_room1_mix1736,72,5,0,172,0,75.89
fold2_room1_mix1736,73,5,0,8,0,63.75
fold2_room1_mix1736,73,5,0,128,0,13.90
fold2_room1_mix1736,73,5,0,171,0,68.84
fold2_room1_mix1736,74,5,0,7,0,66.36
fold2_room1_mix1736,74,5,0,130,0,13.58
fold2_room1_mix1736,74,5,0,172,0,71.46
fold2_room1_mix1736,75,5,0,8,0,69.34
fold2_room1_mix1736,75,5,0,98,0,13.25
fold2_room1_mix1736,75,5,0,169,0,60.25
fold2_room1_mix1736,76,5,0,8,0,72.08
fold2_room1_mix1736,76,5,0,75,0,12.56
fold2_room1_mix1736,76,5,0,169,0,56.95
fold2_room1_mix1736,77,5,0,7,0,69.46
fold2_room1_mix1736,77,5,0,79,0,12.43
fold2_room1_mix1736,77,5,0,170,0,56.47
fold2_room1_mix1736,78,5,0,8,0,69.34
fold2_room1_mix1736,78,5,0,81,0,12.97
fold2_room1_mix1736,78,5,0,169,0,56.94
fold2_room1_mix1736,79,5,0,6,0,79.01
fold2_room1_mix1736,79,5,0,28,0,21.49
fold2_room1_mix1736,79,5,0,165,0,30.04
fold2_room1_mix1736,80,5,0,6,0,83.39
fold2_room1_mix1736,80,5,0,37,0,17.43
fold2_room1_mix1736,80,5,0,167,0,38.53
fold2_room1_mix1736,81,5,0,6,0,78.13
fold2_room1_mix1736,81,5,0,41,0,16.09
fold2_room1_mix1736,81,5,0,165,0,38.46
fold2_room1_mix1736,82,5,0,6,0,87.69
fold2_room1_mix1736,82,5,0,35,0,19.32
fold2_room1_mix1736,82,5,0,167,0,39.28
fold2_room1_mix1736,83,5,0,5,0,88.81
fold2_room1_mix1736,83,5,0,22,0,27.01
fold2_room1_mix1736,83,5,0,155,0,24.95
fold2_room1_mix1736,84,5,0,4,0,86.43
fold2_room1_mix1736,84,5,0,21,0,25.59
fold2_room1_mix1736,84,5,0,152,0,23.20
fold2_room1_mix1736,85,5,0,3,0,86.57
fold2_room1_mix1736,85,5,0,21,0,25.16
fold2_room1_mix1736,85,5,0,157,0,24.92
fold2_room1_mix1736,86,5,0,12,0,58.09
fold2_room1_mix1736,86,5,0,149,0,21.46
fold2_room1_mix1736,87,5,0,9,0,58.82
fold2_room1_mix1736,87,5,0,151,0,20.32
fold2_room1_mix1736,88,5,0,9,0,58.15
fold2_room1_mix1736,88,5,0,143,0,16.77
fold2_room1_mix1736,89,5,0,10,0,58.32
fold2_room1_mix1736,89,5,0,147,0,19.81
fold2_room1_mix1736,90,5,0,8,0,61.97
fold2_room1_mix1736,90,5,0,135,0,14.05
fold2_room1_mix1736,91,5,0,8,0,63.91
fold2_room1_mix1736,91,5,0,132,0,12.74
fold2_room1_mix1736,92,5,0,9,0,65.37
fold2_room1_mix1736,92,5,0,129,0,11.53
fold2_room1_mix1736,93,5,0,8,0,66.82
fold2_room1_mix1736,93,5,0,125,0,11.38
fold2_room1_mix1736,94,5,0,8,0,67.85
fold2_room1_mix1736,94,5,0,91,0,9.23
fold2_room1_mix1736,95,5,0,8,0,70.51
fold2_room1_mix1736,95,5,0,79,0,10.22
fold2_room1_mix1736,96,5,0,8,0,69.38
fold2_room1_mix1736,96,5,0,58,0,11.30
fold2_room1_mix1736,97,5,0,7,0,73.58
fold2_room1_mix1736,97,5,0,53,0,12.09
fold2_room1_mix1736,98,5,0,7,0,75.20
fold2_room1_mix1736,98,5,0,45,0,13.65
fold2_room1_mix1736,99,5,0,7,0,80.35
fold2_room1_mix1736,99,5,0,37,0,16.30
fold2_room1_mix1753,2,7,0,177,0,4.62
fold2_room1_mix1753,3,5,0,177,0,2.10
fold2_room1_mix1753,4,5,0,177,0,26.88
fold2_room1_mix1753,5,5,0,178,0,35.52
fold2_room1_mix1753,6,5,0,177,0,39.73
fold2_room1_mix1753,7,5,0,177,0,96.44
fold2_room1_mix1753,8,5,0,175,0,106.27
fold2_room1_mix1753,9,5,0,176,0,106.25
fold2_room1_mix1753,10,5,0,176,0,104.81
fold2_room1_mix1753,11,5,0,176,0,104.56
fold2_room1_mix1753,12,5,0,176,0,104.31
fold2_room1_mix1753,13,5,0,176,0,101.99
fold2_room1_mix1753,14,5,0,177,0,104.68
fold2_room1_mix1753,15,5,0,177,0,100.96
fold2_room1_mix1753,16,5,0,177,0,101.07
fold2_room1_mix1753,17,5,0,175,0,102.73
fold2_room1_mix1753,18,5,0,176,0,100.52
fold2_room1_mix1753,19,5,0,176,0,101.60
fold2_room1_mix1753,20,5,0,176,0,99.57
fold2_room1_mix1753,21,5,0,176,0,101.50
fold2_room1_mix1753,22,5,0,176,0,97.27
fold2_room1_mix1753,23,5,0,176,0,98.79
fold2_room1_mix1753,24,5,0,176,0,97.73
fold2_room1_mix1753,25,5,0,177,0,93.42
fold2_room1_mix1753,26,5,0,177,0,91.71
fold2_room1_mix1753,27,5,0,176,0,90.62
fold2_room1_mix1753,28,5,0,176,0,89.43
fold2_room1_mix1753,29,5,0,175,0,87.74
fold2_room1_mix1753,30,5,0,176,0,87.31
fold2_room1_mix1753,31,5,0,175,0,88.29
fold2_room1_mix1753,32,5,0,175,0,88.26
fold2_room1_mix1753,33,5,0,175,0,85.44
fold2_room1_mix1753,34,5,0,174,0,83.12
fold2_room1_mix1753,35,5,0,175,0,85.73
fold2_room1_mix1753,36,5,0,175,0,83.78
fold2_room1_mix1753,37,5,0,174,0,83.12
fold2_room1_mix1753,38,5,0,174,0,80.15
fold2_room1_mix1753,39,5,0,173,0,81.26
fold2_room1_mix1753,40,5,0,173,0,81.08
fold2_room1_mix1753,41,5,0,173,0,79.16
fold2_room1_mix1753,42,5,0,172,0,77.34
fold2_room1_mix1753,43,5,0,171,0,75.99
fold2_room1_mix1753,44,5,0,160,0,20.07
fold2_room1_mix1753,44,5,0,177,0,97.05
fold2_room1_mix1753,45,5,0,159,0,18.66
fold2_room1_mix1753,45,5,0,177,0,92.70
fold2_room1_mix1753,46,5,0,159,0,17.82
fold2_room1_mix1753,46,5,0,177,0,88.97
fold2_room1_mix1753,47,5,0,158,0,17.27
fold2_room1_mix1753,47,5,0,177,0,91.73
fold2_room1_mix1753,48,5,0,156,0,15.79
fold2_room1_mix1753,48,5,0,177,0,86.02
fold2_room1_mix1753,49,5,0,150,0,13.57
fold2_room1_mix1753,49,5,0,177,0,84.22
fold2_room1_mix1753,50,5,0,148,0,12.75
fold2_room1_mix1753,50,5,0,176,0,82.75
fold2_room1_mix1753,51,5,0,142,0,11.30
fold2_room1_mix1753,51,5,0,175,0,79.32
fold2_room1_mix1753,52,5,0,134,0,9.41
fold2_room1_mix1753,52,5,0,175,0,77.87
fold2_room1_mix1753,53,5,0,130,0,8.89
fold2_room1_mix1753,53,5,0,174,0,73.72
fold2_room1_mix1753,54,5,0,124,0,8.07
fold2_room1_mix1753,54,5,0,175,0,70.03
fold2_room1_mix1753,55,5,0,113,0,7.35
fold2_room1_mix1753,55,5,0,175,0,70.29
fold2_room1_mix1753,56,5,0,100,0,7.05
fold2_room1_mix1753,56,5,0,174,0,71.45
fold2_room1_mix1753,57,5,0,91,0,7.01
fold2_room1_mix1753,57,5,0,175,0,71.66
fold2_room1_mix1753,58,5,0,82,0,7.13
fold2_room1_mix1753,58,5,0,175,0,74.09
fold2_room1_mix1753,59,5,0,72,0,7.58
fold2_room1_mix1753,59,5,0,174,0,75.27
fold2_room1_mix1753,60,5,0,58,0,7.71
fold2_room1_mix1753,60,5,0,174,0,74.74
fold2_room1_mix1753,61,5,0,53,0,8.52
fold2_room1_mix1753,61,5,0,173,0,75.21
fold2_room1_mix1753,62,5,0,48,0,9.22
fold2_room1_mix1753,62,5,0,172,0,70.92
fold2_room1_mix1753,63,5,0,42,0,11.12
fold2_room1_mix1753,63,5,0,172,0,71.37
fold2_room1_mix1753,64,5,0,36,0,12.12
fold2_room1_mix1753,64,5,0,173,0,71.51
fold2_room1_mix1753,65,5,0,33,0,13.17
fold2_room1_mix1753,65,5,0,173,0,67.67
fold2_room1_mix1753,66,5,0,31,0,13.76
fold2_room1_mix1753,66,5,0,173,0,67.98
fold2_room1_mix1753,67,5,0,26,0,15.40
fold2_room1_mix1753,67,5,0,172,0,62.03
fold2_room1_mix1753,68,5,0,24,0,16.20
fold2_room1_mix1753,68,5,0,172,0,61.26
fold2_room1_mix1753,69,5,0,22,0,17.26
fold2_room1_mix1753,69,5,0,172,0,63.41
fold2_room1_mix1753,70,5,0,19,0,19.48
fold2_room1_mix1753,70,5,0,171,0,59.51
fold2_room1_mix1753,71,5,0,18,0,20.77
fold2_room1_mix1753,71,5,0,171,0,60.61
fold2_room1_mix1753,72,5,0,16,0,21.52
fold2_room1_mix1753,72,5,0,172,0,65.19
fold2_room1_mix1753,73,5,0,17,0,21.64
fold2_room1_mix1753,73,5,0,171,0,62.67
fold2_room1_mix1753,74,5,0,15,0,23.37
fold2_room1_mix1753,74,5,0,172,0,66.21
fold2_room1_mix1753,75,5,0,14,0,23.18
fold2_room1_mix1753,75,5,0,172,0,63.39
fold2_room1_mix1753,76,5,0,15,0,23.67
fold2_room1_mix1753,76,5,0,169,0,56.82
fold2_room1_mix1753,77,5,0,13,0,23.47
fold2_room1_mix1753,77,5,0,171,0,61.04
fold2_room1_mix1753,78,5,0,12,0,24.09
fold2_room1_mix1753,78,5,0,171,0,58.67
fold2_room1_mix1753,79,5,0,13,0,24.19
fold2_room1_mix1753,79,5,0,170,0,58.49
fold2_room1_mix1753,80,5,0,11,0,26.55
fold2_room1_mix1753,80,5,0,170,0,57.05
fold2_room1_mix1753,81,5,0,11,0,26.98
fold2_room1_mix1753,81,5,0,169,0,54.29
fold2_room1_mix1753,82,5,0,10,0,29.21
fold2_room1_mix1753,82,5,0,169,0,56.06
fold2_room1_mix1753,83,5,0,8,0,30.56
fold2_room1_mix1753,83,5,0,169,0,57.12
fold2_room1_mix1753,84,5,0,9,0,29.47
fold2_room1_mix1753,84,5,0,169,0,56.35
fold2_room1_mix1753,85,5,0,8,0,32.54
fold2_room1_mix1753,85,5,0,168,0,55.56
fold2_room1_mix1753,86,5,0,9,0,32.60
fold2_room1_mix1753,86,5,0,167,0,53.40
fold2_room1_mix1753,87,5,0,8,0,35.24
fold2_room1_mix1753,87,5,0,158,0,28.53
fold2_room1_mix1753,87,5,0,174,0,80.23
fold2_room1_mix1753,88,5,0,8,0,35.18
fold2_room1_mix1753,88,5,0,166,0,53.93
fold2_room1_mix1753,89,5,0,8,0,37.45
fold2_room1_mix1753,89,5,0,156,0,24.73
fold2_room1_mix1753,89,5,0,174,0,77.49
fold2_room1_mix1753,90,5,0,9,0,38.55
fold2_room1_mix1753,90,5,0,151,0,20.86
fold2_room1_mix1753,90,5,0,173,0,70.14
fold2_room1_mix1753,91,5,0,8,0,39.39
fold2_room1_mix1753,91,5,0,154,0,22.69
fold2_room1_mix1753,91,5,0,174,0,74.64
fold2_room1_mix1753,92,5,0,8,0,42.67
fold2_room1_mix1753,92,5,0,151,0,20.21
fold2_room1_mix1753,92,5,0,173,0,73.05
fold2_room1_mix1753,93,5,0,8,0,41.10
fold2_room1_mix1753,93,5,0,157,0,24.92
fold2_room1_mix1753,93,5,0,175,0,84.11
fold2_room1_mix1753,94,5,0,8,0,44.21
fold2_room1_mix1753,94,5,0,151,0,19.41
fold2_room1_mix1753,94,5,0,174,0,72.80
fold2_room1_mix1753,95,5,0,7,0,43.70
fold2_room1_mix1753,95,5,0,154,0,21.46
fold2_room1_mix1753,95,5,0,174,0,76.49
fold2_room1_mix1753,96,5,0,7,0,44.29
fold2_room1_mix1753,96,5,0,151,0,18.58
fold2_room1_mix1753,96,5,0,174,0,71.71
fold2_room1_mix1753,97,5,0,6,0,45.05
fold2_room1_mix1753,97,5,0,150,0,17.91
fold2_room1_mix1753,97,5,0,174,0,69.30
fold2_room1_mix1753,98,5,0,8,0,49.91
fold2_room1_mix1753,98,5,0,137,0,12.43
fold2_room1_mix1753,98,5,0,171,0,58.62
fold2_room1_mix1753,99,5,0,8,0,49.84
fold2_room1_mix1753,99,5,0,138,0,13.91
fold2_room1_mix1753,99,5,0,170,0,62.52
fold2_room1_mix1758,4,5,0,-2,0,30.09
fold2_room1_mix1758,5,5,0,0,0,34.54
fold2_room1_mix1758,6,5,0,-2,0,38.54
fold2_room1_mix1758,7,5,0,-2,0,90.64
fold2_room1_mix1758,8,5,0,-3,0,108.80
fold2_room1_mix1758,9,5,0,-4,0,117.67
fold2_room1_mix1758,10,5,0,-3,0,114.73
fold2_room1_mix1758,11,5,0,-2,0,114.59
fold2_room1_mix1758,12,5,0,-3,0,113.05
fold2_room1_mix1758,13,5,0,-4,0,112.89
fold2_room1_mix1758,14,5,0,-4,0,117.79
fold2_room1_mix1758,15,5,0,-4,0,114.78
fold2_room1_mix1758,16,5,0,-3,0,113.74
fold2_room1_mix1758,17,5,0,-5,0,110.73
fold2_room1_mix1758,18,5,0,-6,0,112.59
fold2_room1_mix1758,19,5,0,-7,0,109.82
fold2_room1_mix1758,20,5,0,-7,0,103.63
fold2_room1_mix1758,21,5,0,-8,0,97.83
fold2_room1_mix1758,22,5,0,-8,0,96.90
fold2_room1_mix1758,23,5,0,-8,0,94.57
fold2_room1_mix1758,24,5,0,-8,0,95.26
fold2_room1_mix1758,25,5,0,-8,0,96.01
fold2_room1_mix1758,26,5,0,-8,0,90.76
fold2_room1_mix1758,27,5,0,-8,0,85.04
fold2_room1_mix1758,28,5,0,-9,0,79.14
fold2_room1_mix1758,29,5,0,-9,0,77.01
fold2_room1_mix1758,30,5,0,-10,0,76.79
fold2_room1_mix1758,31,5,0,-9,0,78.69
fold2_room1_mix1758,32,5,0,-10,0,72.94
fold2_room1_mix1758,33,5,0,-5,0,99.29
fold2_room1_mix1758,33,5,0,-23,0,21.31
fold2_room1_mix1758,34,5,0,-5,0,96.82
fold2_room1_mix1758,34,5,0,-23,0,20.62
fold2_room1_mix1758,35,5,0,-4,0,94.39
fold2_room1_mix1758,35,5,0,-24,0,18.55
fold2_room1_mix1758,36,5,0,-5,0,94.50
fold2_room1_mix1758,36,5,0,-31,0,14.85
fold2_room1_mix1758,37,5,0,-5,0,87.95
fold2_room1_mix1758,37,5,0,-41,0,11.62
fold2_room1_mix1758,38,5,0,-6,0,86.37
fold2_room1_mix1758,38,5,0,-50,0,9.53
fold2_room1_mix1758,39,5,0,-6,0,82.91
fold2_room1_mix1758,39,5,0,-59,0,8.46
fold2_room1_mix1758,40,5,0,-6,0,79.90
fold2_room1_mix1758,40,5,0,-70,0,7.86
fold2_room1_mix1758,41,5,0,-6,0,82.77
fold2_room1_mix1758,41,5,0,-89,0,8.10
fold2_room1_mix1758,42,5,0,-7,0,80.56
fold2_room1_mix1758,42,5,0,-112,0,8.70
fold2_room1_mix1758,43,5,0,-8,0,77.72
fold2_room1_mix1758,43,5,0,-120,0,9.36
fold2_room1_mix1758,44,5,0,-8,0,70.16
fold2_room1_mix1758,44,5,0,-134,0,11.42
fold2_room1_mix1758,45,5,0,-9,0,65.44
fold2_room1_mix1758,45,5,0,-137,0,12.70
fold2_room1_mix1758,46,5,0,-8,0,64.51
fold2_room1_mix1758,46,5,0,-145,0,14.01
fold2_room1_mix1758,47,5,0,-8,0,63.42
fold2_room1_mix1758,47,5,0,-147,0,15.19
fold2_room1_mix1758,48,5,0,-7,0,60.52
fold2_room1_mix1758,48,5,0,-155,0,17.40
fold2_room1_mix1758,49,5,0,-7,0,63.36
fold2_room1_mix1758,49,5,0,-157,0,18.70
fold2_room1_mix1758,50,5,0,-12,0,51.54
fold2_room1_mix1758,50,5,0,-157,0,22.33
fold2_room1_mix1758,51,5,0,-13,0,50.43
fold2_room1_mix1758,51,5,0,-160,0,24.60
fold2_room1_mix1758,52,5,0,-10,0,56.07
fold2_room1_mix1758,52,5,0,-160,0,23.38
fold2_room1_mix1758,53,5,0,-11,0,52.05
fold2_room1_mix1758,53,5,0,-162,0,25.99
fold2_room1_mix1758,54,5,0,-14,0,46.05
fold2_room1_mix1758,54,5,0,-163,0,28.74
fold2_room1_mix1758,55,5,0,-13,0,48.30
fold2_room1_mix1758,55,5,0,-163,0,29.83
fold2_room1_mix1758,56,5,0,-6,0,70.65
fold2_room1_mix1758,56,5,0,-21,0,23.69
fold2_room1_mix1758,56,5,0,-164,0,30.09
fold2_room1_mix1758,57,5,0,-8,0,51.92
fold2_room1_mix1758,57,5,0,-36,0,14.76
fold2_room1_mix1758,57,5,0,-166,0,35.93
fold2_room1_mix1758,58,5,0,-7,0,63.85
fold2_room1_mix1758,58,5,0,-30,0,19.43
fold2_room1_mix1758,58,5,0,-165,0,36.51
fold2_room1_mix1758,59,5,0,-10,0,49.66
fold2_room1_mix1758,59,5,0,-48,0,12.99
fold2_room1_mix1758,59,5,0,-166,0,41.90
fold2_room1_mix1758,60,5,0,-10,0,54.03
fold2_room1_mix1758,60,5,0,-43,0,14.55
fold2_room1_mix1758,60,5,0,-166,0,41.97
fold2_room1_mix1758,61,5,0,-11,0,43.30
fold2_room1_mix1758,61,5,0,-77,0,10.60
fold2_room1_mix1758,61,5,0,-168,0,47.50
fold2_room1_mix1758,62,5,0,-12,0,36.08
fold2_room1_mix1758,62,5,0,-110,0,9.59
fold2_room1_mix1758,62,5,0,-169,0,47.94
fold2_room1_mix1758,63,5,0,-15,0,29.88
fold2_room1_mix1758,63,5,0,-123,0,10.34
fold2_room1_mix1758,63,5,0,-169,0,47.54
fold2_room1_mix1758,64,5,0,-13,0,34.46
fold2_room1_mix1758,64,5,0,-116,0,10.37
fold2_room1_mix1758,64,5,0,-169,0,50.32
fold2_room1_mix1758,65,5,0,-18,0,26.19
fold2_room1_mix1758,65,5,0,-134,0,10.83
fold2_room1_mix1758,65,5,0,-169,0,52.93
fold2_room1_mix1758,66,5,0,-17,0,28.69
fold2_room1_mix1758,66,5,0,-134,0,11.83
fold2_room1_mix1758,66,5,0,-170,0,54.69
fold2_room1_mix1758,67,5,0,-17,0,30.08
fold2_room1_mix1758,67,5,0,-137,0,12.73
fold2_room1_mix1758,67,5,0,-170,0,59.33
fold2_room1_mix1758,68,5,0,-16,0,30.95
fold2_room1_mix1758,68,5,0,-140,0,13.27
fold2_room1_mix1758,68,5,0,-171,0,61.58
fold2_room1_mix1758,69,5,0,-19,0,26.08
fold2_room1_mix1758,69,5,0,-148,0,16.31
fold2_room1_mix1758,69,5,0,-172,0,67.67
fold2_room1_mix1758,70,5,0,-25,0,19.69
fold2_room1_mix1758,70,5,0,-155,0,21.39
fold2_room1_mix1758,70,5,0,-173,0,72.32
fold2_room1_mix1758,71,5,0,-33,0,16.61
fold2_room1_mix1758,71,5,0,-157,0,24.32
fold2_room1_mix1758,71,5,0,-172,0,73.51
fold2_room1_mix1758,72,5,0,-41,0,14.62
fold2_room1_mix1758,72,5,0,-166,0,52.15
fold2_room1_mix1758,73,5,0,-67,0,10.03
fold2_room1_mix1758,73,5,0,-167,0,56.29
fold2_room1_mix1758,74,5,0,-85,0,9.37
fold2_room1_mix1758,74,5,0,-168,0,56.36
fold2_room1_mix1758,75,5,0,-100,0,8.72
fold2_room1_mix1758,75,5,0,-169,0,62.37
fold2_room1_mix1758,76,5,0,-124,0,11.03
fold2_room1_mix1758,76,5,0,-170,0,56.99
fold2_room1_mix1758,77,5,0,-134,0,12.54
fold2_room1_mix1758,77,5,0,-171,0,60.00
fold2_room1_mix1758,78,5,0,-141,0,13.16
fold2_room1_mix1758,78,5,0,-171,0,60.43
fold2_room1_mix1758,79,5,0,-146,0,14.83
fold2_room1_mix1758,79,5,0,-171,0,62.74
fold2_room1_mix1758,80,5,0,-150,0,15.98
fold2_room1_mix1758,80,5,0,-172,0,64.11
fold2_room1_mix1758,81,5,0,-154,0,17.77
fold2_room1_mix1758,81,5,0,-172,0,63.96
fold2_room1_mix1758,82,5,0,-167,0,53.33
fold2_room1_mix1758,83,5,0,-168,0,56.65
fold2_room1_mix1758,84,5,0,-169,0,57.70
fold2_room1_mix1758,85,5,0,-169,0,61.29
fold2_room1_mix1758,86,5,0,-169,0,62.49
fold2_room1_mix1758,87,5,0,-169,0,64.42
fold2_room1_mix1758,88,5,0,-170,0,65.55
fold2_room1_mix1758,89,5,0,-170,0,65.12
fold2_room1_mix1758,90,5,0,-170,0,64.23
fold2_room1_mix1758,91,5,0,-171,0,66.49
fold2_room1_mix1758,92,5,0,-172,0,66.16
fold2_room1_mix1758,93,5,0,-172,0,69.59
fold2_room1_mix1758,94,5,0,-172,0,69.30
fold2_room1_mix1758,95,5,0,-172,0,72.47
fold2_room1_mix1758,96,5,0,-173,0,72.19
fold2_room1_mix1758,97,5,0,-173,0,74.62
fold2_room1_mix1758,98,5,0,-173,0,75.72
fold2_room1_mix1758,99,5,0,-173,0,80.41
fold2_room1_mix1763,3,7,0,-1,0,4.45
fold2_room1_mix1763,4,5,0,0,0,4.16
fold2_room1_mix1763,5,5,0,-1,0,33.80
fold2_room1_mix1763,6,5,0,-1,0,38.11
fold2_room1_mix1763,7,5,0,-1,0,40.55
fold2_room1_mix1763,8,5,0,-3,0,108.78
fold2_room1_mix1763,9,5,0,-4,0,110.17
fold2_room1_mix1763,10,5,0,-2,0,113.19
fold2_room1_mix1763,11,5,0,-4,0,115.02
fold2_room1_mix1763,12,5,0,-2,0,115.09
fold2_room1_mix1763,13,5,0,-4,0,110.50
fold2_room1_mix1763,14,5,0,-5,0,116.56
fold2_room1_mix1763,15,5,0,-2,0,116.67
fold2_room1_mix1763,16,5,0,-5,0,112.96
fold2_room1_mix1763,17,5,0,-5,0,113.66
fold2_room1_mix1763,18,5,0,-4,0,113.00
fold2_room1_mix1763,19,5,0,-5,0,112.10
fold2_room1_mix1763,20,5,0,-5,0,110.80
fold2_room1_mix1763,21,5,0,-6,0,110.31
fold2_room1_mix1763,22,5,0,-6,0,107.59
fold2_room1_mix1763,23,5,0,-7,0,104.54
fold2_room1_mix1763,24,5,0,-7,0,106.74
fold2_room1_mix1763,25,5,0,-7,0,108.26
fold2_room1_mix1763,26,5,0,-7,0,106.07
fold2_room1_mix1763,27,5,0,-8,0,100.67
fold2_room1_mix1763,28,5,0,-8,0,98.06
fold2_room1_mix1763,29,5,0,-7,0,93.83
fold2_room1_mix1763,30,5,0,-7,0,93.20
fold2_room1_mix1763,31,5,0,-8,0,90.39
fold2_room1_mix1763,32,5,0,-8,0,88.75
fold2_room1_mix1763,33,5,0,-9,0,85.57
fold2_room1_mix1763,34,5,0,-9,0,83.31
fold2_room1_mix1763,35,5,0,-10,0,78.11
fold2_room1_mix1763,36,5,0,-4,0,98.17
fold2_room1_mix1763,36,5,0,-21,0,20.47
fold2_room1_mix1763,37,5,0,-5,0,97.64
fold2_room1_mix1763,37,5,0,-22,0,19.59
fold2_room1_mix1763,38,5,0,-4,0,97.05
fold2_room1_mix1763,38,5,0,-26,0,16.38
fold2_room1_mix1763,39,5,0,-4,0,91.73
fold2_room1_mix1763,39,5,0,-34,0,13.39
fold2_room1_mix1763,40,5,0,-5,0,90.34
fold2_room1_mix1763,40,5,0,-41,0,11.81
fold2_room1_mix1763,41,5,0,-6,0,85.54
fold2_room1_mix1763,41,5,0,-53,0,9.32
fold2_room1_mix1763,42,5,0,-4,0,83.97
fold2_room1_mix1763,42,5,0,-63,0,7.81
fold2_room1_mix1763,43,5,0,-4,0,82.28
fold2_room1_mix1763,43,5,0,-78,0,7.04
fold2_room1_mix1763,44,5,0,-5,0,82.61
fold2_room1_mix1763,44,5,0,-101,0,7.67
fold2_room1_mix1763,45,5,0,-5,0,80.25
fold2_room1_mix1763,45,5,0,-117,0,7.87
fold2_room1_mix1763,46,5,0,-5,0,80.04
fold2_room1_mix1763,46,5,0,-132,0,9.32
fold2_room1_mix1763,47,5,0,-7,0,71.67
fold2_room1_mix1763,47,5,0,-138,0,11.08
fold2_room1_mix1763,48,5,0,-6,0,69.04
fold2_room1_mix1763,48,5,0,-147,0,13.12
fold2_room1_mix1763,49,5,0,-6,0,63.31
fold2_room1_mix1763,49,5,0,-152,0,14.83
fold2_room1_mix1763,50,5,0,-6,0,66.10
fold2_room1_mix1763,50,5,0,-158,0,17.12
fold2_room1_mix1763,51,5,0,-6,0,59.98
fold2_room1_mix1763,51,5,0,-160,0,17.15
fold2_room1_mix1763,52,5,0,-10,0,53.19
fold2_room1_mix1763,52,5,0,-161,0,22.84
fold2_room1_mix1763,53,5,0,-10,0,57.06
fold2_room1_mix1763,53,5,0,-162,0,24.00
fold2_room1_mix1763,54,5,0,-12,0,48.46
fold2_room1_mix1763,54,5,0,-165,0,25.93
fold2_room1_mix1763,55,5,0,-10,0,54.13
fold2_room1_mix1763,55,5,0,-165,0,25.25
fold2_room1_mix1763,56,5,0,-12,0,49.36
fold2_room1_mix1763,56,5,0,-166,0,28.99
fold2_room1_mix1763,57,5,0,-14,0,43.82
fold2_room1_mix1763,57,5,0,-165,0,28.88
fold2_room1_mix1763,58,5,0,-10,0,44.61
fold2_room1_mix1763,58,5,0,-35,0,13.91
fold2_room1_mix1763,58,5,0,-167,0,32.43
fold2_room1_mix1763,59,5,0,-7,0,59.34
fold2_room1_mix1763,59,5,0,-30,0,17.76
fold2_room1_mix1763,59,5,0,-170,0,36.69
fold2_room1_mix1763,60,5,0,-10,0,39.52
fold2_room1_mix1763,60,5,0,-54,0,10.38
fold2_room1_mix1763,60,5,0,-168,0,37.52
fold2_room1_mix1763,61,5,0,-11,0,42.11
fold2_room1_mix1763,61,5,0,-53,0,11.71
fold2_room1_mix1763,61,5,0,-169,0,39.91
fold2_room1_mix1763,62,5,0,-8,0,39.69
fold2_room1_mix1763,62,5,0,-80,0,9.90
fold2_room1_mix1763,62,5,0,-170,0,44.72
fold2_room1_mix1763,63,5,0,-18,0,24.01
fold2_room1_mix1763,63,5,0,-131,0,11.64
fold2_room1_mix1763,63,5,0,-169,0,46.18
fold2_room1_mix1763,64,5,0,-28,0,13.71
fold2_room1_mix1763,64,5,0,-147,0,12.40
fold2_room1_mix1763,64,5,0,-170,0,44.24
fold2_room1_mix1763,65,5,0,-36,0,12.45
fold2_room1_mix1763,65,5,0,-152,0,16.78
fold2_room1_mix1763,65,5,0,-171,0,51.67
fold2_room1_mix1763,66,5,0,-35,0,12.28
fold2_room1_mix1763,66,5,0,-149,0,13.67
fold2_room1_mix1763,66,5,0,-171,0,47.33
fold2_room1_mix1763,67,5,0,-52,0,7.79
fold2_room1_mix1763,67,5,0,-154,0,14.29
fold2_room1_mix1763,67,5,0,-174,0,49.61
fold2_room1_mix1763,68,5,0,-71,0,7.18
fold2_room1_mix1763,68,5,0,-157,0,15.46
fold2_room1_mix1763,68,5,0,-173,0,54.99
fold2_room1_mix1763,69,5,0,-93,0,6.25
fold2_room1_mix1763,69,5,0,-165,0,34.66
fold2_room1_mix1763,70,5,0,-111,0,7.82
fold2_room1_mix1763,70,5,0,-168,0,40.77
fold2_room1_mix1763,71,5,0,-125,0,9.21
fold2_room1_mix1763,71,5,0,-169,0,41.55
fold2_room1_mix1763,72,5,0,-136,0,10.71
fold2_room1_mix1763,72,5,0,-170,0,45.35
fold2_room1_mix1763,73,5,0,-142,0,12.06
fold2_room1_mix1763,73,5,0,-171,0,49.41
fold2_room1_mix1763,74,5,0,-149,0,14.25
fold2_room1_mix1763,74,5,0,-172,0,50.90
fold2_room1_mix1763,75,5,0,-153,0,15.92
fold2_room1_mix1763,75,5,0,-172,0,55.32
fold2_room1_mix1763,76,5,0,-167,0,44.60
fold2_room1_mix1763,77,5,0,-168,0,43.92
fold2_room1_mix1763,78,5,0,-169,0,46.49
fold2_room1_mix1763,79,5,0,-169,0,48.41
fold2_room1_mix1763,80,5,0,-170,0,50.38
fold2_room1_mix1763,81,5,0,-171,0,51.63
fold2_room1_mix1763,82,5,0,-171,0,55.25
fold2_room1_mix1763,83,5,0,-171,0,53.82
fold2_room1_mix1763,84,5,0,-172,0,60.95
fold2_room1_mix1763,85,5,0,-172,0,58.51
fold2_room1_mix1763,86,5,0,-172,0,61.69
fold2_room1_mix1763,87,5,0,-172,0,63.37
fold2_room1_mix1763,88,5,0,-172,0,67.16
fold2_room1_mix1763,89,5,0,-173,0,73.26
fold2_room1_mix1763,90,5,0,-173,0,73.32
fold2_room1_mix1763,91,5,0,-174,0,78.26
fold2_room1_mix1763,92,5,0,-174,0,79.98
fold2_room1_mix1763,93,5,0,-175,0,81.18
fold2_room1_mix1763,94,5,0,-175,0,81.29
fold2_room1_mix1763,95,5,0,-175,0,84.64
fold2_room1_mix1763,96,5,0,-176,0,84.85
fold2_room1_mix1763,97,5,0,-176,0,84.23
fold2_room1_mix1763,98,5,0,-175,0,86.09
fold2_room1_mix1763,99,5,0,-175,0,87.22
fold2_room1_mix1768,4,5,0,179,0,1.93
fold2_room1_mix1768,5,5,0,178,0,9.88
fold2_room1_mix1768,6,5,0,-179,0,27.19
fold2_room1_mix1768,7,5,0,-178,0,38.75
fold2_room1_mix1768,8,5,0,179,0,81.17
fold2_room1_mix1768,9,5,0,-179,0,100.26
fold2_room1_mix1768,10,5,0,179,0,124.53
fold2_room1_mix1768,11,5,0,179,0,118.88
fold2_room1_mix1768,12,5,0,179,0,113.53
fold2_room1_mix1768,13,5,0,179,0,122.92
fold2_room1_mix1768,14,5,0,179,0,120.46
fold2_room1_mix1768,15,5,0,179,0,123.33
fold2_room1_mix1768,16,5,0,-179,0,121.53
fold2_room1_mix1768,17,5,0,179,0,124.11
fold2_room1_mix1768,18,5,0,179,0,121.86
fold2_room1_mix1768,19,5,0,-179,0,122.85
fold2_room1_mix1768,20,5,0,-179,0,124.62
fold2_room1_mix1768,21,5,0,-179,0,123.58
fold2_room1_mix1768,22,5,0,-179,0,124.17
fold2_room1_mix1768,23,5,0,-179,0,119.04
fold2_room1_mix1768,24,5,0,-179,0,111.21
fold2_room1_mix1768,25,5,0,-178,0,110.68
fold2_room1_mix1768,26,5,0,-178,0,110.74
fold2_room1_mix1768,27,5,0,-178,0,114.01
fold2_room1_mix1768,28,5,0,-178,0,110.39
fold2_room1_mix1768,29,5,0,-178,0,103.05
fold2_room1_mix1768,30,5,0,-178,0,102.95
fold2_room1_mix1768,31,5,0,-177,0,103.66
fold2_room1_mix1768,32,5,0,-176,0,103.56
fold2_room1_mix1768,33,5,0,-177,0,104.03
fold2_room1_mix1768,34,5,0,-177,0,103.64
fold2_room1_mix1768,35,5,0,-176,0,99.50
fold2_room1_mix1768,36,5,0,-176,0,95.34
fold2_room1_mix1768,37,5,0,-176,0,96.10
fold2_room1_mix1768,38,5,0,-175,0,94.67
fold2_room1_mix1768,39,5,0,-174,0,97.84
fold2_room1_mix1768,40,5,0,-174,0,98.08
fold2_room1_mix1768,41,5,0,-173,0,95.14
fold2_room1_mix1768,42,5,0,-173,0,93.62
fold2_room1_mix1768,43,5,0,-173,0,93.67
fold2_room1_mix1768,44,5,0,-171,0,92.71
fold2_room1_mix1768,45,5,0,-170,0,87.76
fold2_room1_mix1768,46,5,0,-170,0,89.60
fold2_room1_mix1768,47,5,0,-169,0,82.62
fold2_room1_mix1768,48,5,0,-169,0,82.18
fold2_room1_mix1768,49,5,0,-169,0,80.34
fold2_room1_mix1768,50,5,0,-157,0,20.24
fold2_room1_mix1768,50,5,0,-174,0,101.94
fold2_room1_mix1768,51,5,0,-150,0,16.42
fold2_room1_mix1768,51,5,0,-174,0,98.88
fold2_room1_mix1768,52,5,0,-147,0,15.54
fold2_room1_mix1768,52,5,0,-175,0,97.47
fold2_room1_mix1768,53,5,0,-139,0,12.86
fold2_room1_mix1768,53,5,0,-175,0,94.39
fold2_room1_mix1768,54,5,0,-132,0,11.92
fold2_room1_mix1768,54,5,0,-175,0,93.40
fold2_room1_mix1768,55,5,0,-127,0,10.79
fold2_room1_mix1768,55,5,0,-174,0,94.39
fold2_room1_mix1768,56,5,0,-113,0,8.67
fold2_room1_mix1768,56,5,0,-174,0,91.97
fold2_room1_mix1768,57,5,0,-95,0,7.65
fold2_room1_mix1768,57,5,0,-175,0,95.06
fold2_room1_mix1768,58,5,0,-76,0,8.01
fold2_room1_mix1768,58,5,0,-174,0,92.82
fold2_room1_mix1768,59,5,0,-60,0,9.00
fold2_room1_mix1768,59,5,0,-175,0,92.64
fold2_room1_mix1768,60,5,0,-48,0,10.37
fold2_room1_mix1768,60,5,0,-174,0,87.32
fold2_room1_mix1768,61,5,0,-40,0,11.91
fold2_room1_mix1768,61,5,0,-174,0,84.38
fold2_room1_mix1768,62,5,0,-35,0,13.32
fold2_room1_mix1768,62,5,0,-174,0,80.85
fold2_room1_mix1768,63,5,0,-30,0,15.18
fold2_room1_mix1768,63,5,0,-174,0,76.58
fold2_room1_mix1768,64,5,0,-26,0,17.52
fold2_room1_mix1768,64,5,0,-174,0,77.05
fold2_room1_mix1768,65,5,0,-24,0,18.37
fold2_room1_mix1768,65,5,0,-174,0,77.59
fold2_room1_mix1768,66,5,0,-23,0,21.00
fold2_room1_mix1768,66,5,0,-174,0,76.54
fold2_room1_mix1768,67,5,0,-26,0,18.93
fold2_room1_mix1768,67,5,0,-174,0,79.24
fold2_room1_mix1768,68,5,0,-19,0,22.50
fold2_room1_mix1768,68,5,0,-174,0,73.84
fold2_room1_mix1768,69,5,0,-19,0,22.74
fold2_room1_mix1768,69,5,0,-173,0,69.17
fold2_room1_mix1768,70,5,0,-17,0,25.04
fold2_room1_mix1768,70,5,0,-173,0,67.96
fold2_room1_mix1768,71,5,0,-17,0,25.38
fold2_room1_mix1768,71,5,0,-172,0,66.52
fold2_room1_mix1768,72,5,0,-15,0,28.95
fold2_room1_mix1768,72,5,0,-170,0,59.93
fold2_room1_mix1768,73,5,0,-15,0,31.16
fold2_room1_mix1768,73,5,0,-170,0,62.26
fold2_room1_mix1768,74,5,0,-13,0,36.62
fold2_room1_mix1768,74,5,0,-168,0,56.71
fold2_room1_mix1768,75,5,0,-13,0,36.90
fold2_room1_mix1768,75,5,0,-156,0,22.45
fold2_room1_mix1768,75,5,0,-174,0,80.66
fold2_room1_mix1768,76,5,0,-12,0,38.10
fold2_room1_mix1768,76,5,0,-159,0,23.31
fold2_room1_mix1768,76,5,0,-175,0,85.93
fold2_room1_mix1768,77,5,0,-10,0,42.01
fold2_room1_mix1768,77,5,0,-155,0,19.11
fold2_room1_mix1768,77,5,0,-174,0,76.87
fold2_room1_mix1768,78,5,0,-9,0,43.72
fold2_room1_mix1768,78,5,0,-152,0,17.31
fold2_room1_mix1768,78,5,0,-174,0,72.89
fold2_room1_mix1768,79,5,0,-8,0,44.70
fold2_room1_mix1768,79,5,0,-156,0,18.20
fold2_room1_mix1768,79,5,0,-175,0,77.45
fold2_room1_mix1768,80,5,0,-8,0,51.12
fold2_room1_mix1768,80,5,0,-136,0,12.78
fold2_room1_mix1768,80,5,0,-173,0,63.54
fold2_room1_mix1768,81,5,0,-8,0,51.47
fold2_room1_mix1768,81,5,0,-132,0,12.18
fold2_room1_mix1768,81,5,0,-172,0,59.89
fold2_room1_mix1768,82,5,0,-7,0,53.51
fold2_room1_mix1768,82,5,0,-132,0,12.20
fold2_room1_mix1768,82,5,0,-172,0,60.17
fold2_room1_mix1768,83,5,0,-7,0,54.01
fold2_room1_mix1768,83,5,0,-128,0,11.33
fold2_room1_mix1768,83,5,0,-172,0,58.87
fold2_room1_mix1768,84,5,0,-7,0,56.15
fold2_room1_mix1768,84,5,0,-94,0,9.68
fold2_room1_mix1768,84,5,0,-171,0,50.24
fold2_room1_mix1768,85,5,0,-8,0,57.42
fold2_room1_mix1768,85,5,0,-89,0,10.17
fold2_room1_mix1768,85,5,0,-171,0,53.03
fold2_room1_mix1768,86,5,0,-8,0,57.20
fold2_room1_mix1768,86,5,0,-56,0,10.45
fold2_room1_mix1768,86,5,0,-170,0,43.18
fold2_room1_mix1768,87,5,0,-6,0,61.35
fold2_room1_mix1768,87,5,0,-58,0,11.31
fold2_room1_mix1768,87,5,0,-170,0,46.90
fold2_room1_mix1768,88,5,0,-5,0,64.99
fold2_room1_mix1768,88,5,0,-50,0,11.59
fold2_room1_mix1768,88,5,0,-171,0,46.50
fold2_room1_mix1768,89,5,0,-5,0,66.59
fold2_room1_mix1768,89,5,0,-62,0,11.69
fold2_room1_mix1768,89,5,0,-171,0,50.54
fold2_room1_mix1768,90,5,0,-6,0,71.97
fold2_room1_mix1768,90,5,0,-46,0,13.25
fold2_room1_mix1768,90,5,0,-169,0,44.42
fold2_room1_mix1768,91,5,0,-5,0,75.26
fold2_room1_mix1768,91,5,0,-41,0,14.96
fold2_room1_mix1768,91,5,0,-168,0,39.32
fold2_room1_mix1768,92,5,0,-5,0,75.56
fold2_room1_mix1768,92,5,0,-42,0,15.29
fold2_room1_mix1768,92,5,0,-169,0,44.80
fold2_room1_mix1768,93,5,0,-5,0,80.10
fold2_room1_mix1768,93,5,0,-34,0,19.04
fold2_room1_mix1768,93,5,0,-166,0,33.64
fold2_room1_mix1768,94,5,0,-5,0,82.87
fold2_room1_mix1768,94,5,0,-27,0,22.23
fold2_room1_mix1768,94,5,0,-166,0,31.35
fold2_room1_mix1768,95,5,0,-4,0,77.86
fold2_room1_mix1768,95,5,0,-31,0,18.89
fold2_room1_mix1768,95,5,0,-167,0,33.36
fold2_room1_mix1768,96,5,0,-4,0,81.92
fold2_room1_mix1768,96,5,0,-25,0,22.44
fold2_room1_mix1768,96,5,0,-165,0,31.27
fold2_room1_mix1768,97,5,0,-4,0,83.98
fold2_room1_mix1768,97,5,0,-32,0,18.71
fold2_room1_mix1768,97,5,0,-169,0,40.38
fold2_room1_mix1768,98,5,0,-4,0,86.50
fold2_room1_mix1768,98,5,0,-28,0,21.28
fold2_room1_mix1768,98,5,0,-169,0,36.41
fold2_room1_mix1768,99,5,0,-4,0,83.40
fold2_room1_mix1768,99,5,0,-33,0,18.28
fold2_room1_mix1768,99,5,0,-170,0,41.85
fold2_room1_mix1770,3,5,0,6,0,8.16
fold2_room1_mix1770,4,5,0,6,1,30.81
fold2_room1_mix1770,5,5,0,3,1,35.29
fold2_room1_mix1770,6,5,0,4,0,48.56
fold2_room1_mix1770,7,5,0,3,1,94.65
fold2_room1_mix1770,8,5,0,3,0,105.27
fold2_room1_mix1770,9,5,0,2,0,106.95
fold2_room1_mix1770,10,5,0,2,0,101.34
fold2_room1_mix1770,11,5,0,2,0,101.96
fold2_room1_mix1770,12,5,0,2,0,101.84
fold2_room1_mix1770,13,5,0,2,0,102.43
fold2_room1_mix1770,14,5,0,2,0,102.12
fold2_room1_mix1770,15,5,0,1,0,102.02
fold2_room1_mix1770,16,5,0,2,0,100.52
fold2_room1_mix1770,17,5,0,1,0,98.48
fold2_room1_mix1770,18,5,0,1,0,101.65
fold2_room1_mix1770,19,5,0,1,0,99.37
fold2_room1_mix1770,20,5,0,1,0,98.44
fold2_room1_mix1770,21,5,0,1,0,97.58
fold2_room1_mix1770,22,5,0,1,0,96.58
fold2_room1_mix1770,23,5,0,1,0,94.99
fold2_room1_mix1770,24,5,0,0,0,94.58
fold2_room1_mix1770,25,5,0,0,0,97.07
fold2_room1_mix1770,26,5,0,1,0,92.65
fold2_room1_mix1770,27,5,0,1,0,93.40
fold2_room1_mix1770,28,5,0,0,0,91.92
fold2_room1_mix1770,29,5,0,1,0,87.61
fold2_room1_mix1770,30,5,0,1,0,87.02
fold2_room1_mix1770,31,5,0,1,0,87.89
fold2_room1_mix1770,32,5,0,1,0,85.15
fold2_room1_mix1770,33,5,0,2,0,83.59
fold2_room1_mix1770,34,5,0,2,0,81.96
fold2_room1_mix1770,35,5,0,2,0,81.33
fold2_room1_mix1770,36,5,0,2,0,78.47
fold2_room1_mix1770,37,5,0,3,0,80.43
fold2_room1_mix1770,38,5,0,3,0,78.54
fold2_room1_mix1770,39,5,0,3,0,76.94
fold2_room1_mix1770,40,5,0,3,0,76.28
fold2_room1_mix1770,41,5,0,3,0,75.89
fold2_room1_mix1770,42,5,0,4,0,71.40
fold2_room1_mix1770,43,5,0,5,0,69.94
fold2_room1_mix1770,44,5,0,5,0,68.61
fold2_room1_mix1770,45,5,0,5,0,68.57
fold2_room1_mix1770,46,5,0,6,0,68.17
fold2_room1_mix1770,47,5,0,6,0,67.45
fold2_room1_mix1770,48,5,0,6,0,66.16
fold2_room1_mix1770,49,5,0,2,0,87.86
fold2_room1_mix1770,49,5,0,18,0,20.44
fold2_room1_mix1770,50,5,0,3,0,85.08
fold2_room1_mix1770,50,5,0,19,0,19.68
fold2_room1_mix1770,51,5,0,2,0,83.54
fold2_room1_mix1770,51,5,0,21,0,17.77
fold2_room1_mix1770,52,5,0,2,0,82.83
fold2_room1_mix1770,52,5,0,24,0,15.46
fold2_room1_mix1770,53,5,0,2,0,79.21
fold2_room1_mix1770,53,5,0,27,0,14.34
fold2_room1_mix1770,54,5,0,2,0,78.85
fold2_room1_mix1770,54,5,0,33,0,12.37
fold2_room1_mix1770,55,5,0,3,0,72.72
fold2_room1_mix1770,55,5,0,37,0,10.87
fold2_room1_mix1770,56,5,0,2,0,71.66
fold2_room1_mix1770,56,5,0,43,0,9.51
fold2_room1_mix1770,57,5,0,3,0,70.09
fold2_room1_mix1770,57,5,0,51,0,8.42
fold2_room1_mix1770,58,5,0,3,0,73.15
fold2_room1_mix1770,58,5,0,60,0,7.54
fold2_room1_mix1770,59,5,0,3,0,70.40
fold2_room1_mix1770,59,5,0,67,0,6.69
fold2_room1_mix1770,60,5,0,4,0,70.01
fold2_room1_mix1770,60,5,0,74,0,6.25
fold2_room1_mix1770,61,5,0,7,0,63.14
fold2_room1_mix1770,61,5,0,93,0,6.11
fold2_room1_mix1770,62,5,0,6,0,67.00
fold2_room1_mix1770,62,5,0,103,0,6.43
fold2_room1_mix1770,63,5,0,7,0,60.73
fold2_room1_mix1770,63,5,0,115,0,6.67
fold2_room1_mix1770,64,5,0,8,0,53.94
fold2_room1_mix1770,64,5,0,128,0,7.51
fold2_room1_mix1770,65,5,0,7,0,57.28
fold2_room1_mix1770,65,5,0,131,0,7.84
fold2_room1_mix1770,66,5,0,6,0,56.46
fold2_room1_mix1770,66,5,0,134,0,8.71
fold2_room1_mix1770,67,5,0,5,0,58.90
fold2_room1_mix1770,67,5,0,140,0,10.11
fold2_room1_mix1770,68,5,0,5,0,58.69
fold2_room1_mix1770,68,5,0,145,0,12.07
fold2_room1_mix1770,69,5,0,5,0,58.06
fold2_room1_mix1770,69,5,0,147,0,13.24
fold2_room1_mix1770,70,5,0,5,0,59.33
fold2_room1_mix1770,70,5,0,149,0,14.24
fold2_room1_mix1770,71,5,0,5,0,62.07
fold2_room1_mix1770,71,5,0,151,0,15.13
fold2_room1_mix1770,72,5,0,5,0,59.08
fold2_room1_mix1770,72,5,0,153,0,16.52
fold2_room1_mix1770,73,5,0,6,0,58.96
fold2_room1_mix1770,73,5,0,155,0,16.79
fold2_room1_mix1770,74,5,0,6,0,61.65
fold2_room1_mix1770,74,5,0,157,0,18.51
fold2_room1_mix1770,75,5,0,7,0,56.08
fold2_room1_mix1770,75,5,0,160,0,19.85
fold2_room1_mix1770,76,5,0,12,0,43.07
fold2_room1_mix1770,76,5,0,162,0,22.91
fold2_room1_mix1770,77,5,0,14,0,38.33
fold2_room1_mix1770,77,5,0,164,0,23.74
fold2_room1_mix1770,78,5,0,9,0,50.69
fold2_room1_mix1770,78,5,0,25,0,20.00
fold2_room1_mix1770,78,5,0,163,0,23.44
fold2_room1_mix1770,79,5,0,13,0,43.21
fold2_room1_mix1770,79,5,0,166,0,24.37
fold2_room1_mix1770,80,5,0,11,0,47.23
fold2_room1_mix1770,80,5,0,167,0,25.17
fold2_room1_mix1770,81,5,0,10,0,47.38
fold2_room1_mix1770,81,5,0,168,0,26.19
fold2_room1_mix1770,82,5,0,11,0,43.47
fold2_room1_mix1770,82,5,0,169,0,27.43
fold2_room1_mix1770,83,5,0,10,0,47.85
fold2_room1_mix1770,83,5,0,169,0,26.94
fold2_room1_mix1770,84,5,0,10,0,46.34
fold2_room1_mix1770,84,5,0,169,0,27.59
fold2_room1_mix1770,85,5,0,8,0,49.83
fold2_room1_mix1770,85,5,0,170,0,28.00
fold2_room1_mix1770,86,5,0,4,0,64.43
fold2_room1_mix1770,86,5,0,20,0,20.53
fold2_room1_mix1770,86,5,0,170,0,30.91
fold2_room1_mix1770,87,5,0,5,0,58.48
fold2_room1_mix1770,87,5,0,24,0,18.23
fold2_room1_mix1770,87,5,0,170,0,31.21
fold2_room1_mix1770,88,5,0,4,0,60.49
fold2_room1_mix1770,88,5,0,19,0,19.96
fold2_room1_mix1770,88,5,0,168,0,28.08
fold2_room1_mix1770,89,5,0,5,0,60.47
fold2_room1_mix1770,89,5,0,23,0,18.11
fold2_room1_mix1770,89,5,0,170,0,31.21
fold2_room1_mix1770,90,5,0,6,0,60.08
fold2_room1_mix1770,90,5,0,24,0,17.61
fold2_room1_mix1770,90,5,0,169,0,32.59
fold2_room1_mix1770,91,5,0,4,0,66.72
fold2_room1_mix1770,91,5,0,21,0,19.13
fold2_room1_mix1770,91,5,0,169,0,35.01
fold2_room1_mix1770,92,5,0,4,0,71.00
fold2_room1_mix1770,92,5,0,20,0,20.94
fold2_room1_mix1770,92,5,0,168,0,34.31
fold2_room1_mix1770,93,5,0,5,0,66.43
fold2_room1_mix1770,93,5,0,26,0,17.59
fold2_room1_mix1770,93,5,0,170,0,40.32
fold2_room1_mix1770,94,5,0,7,0,63.94
fold2_room1_mix1770,94,5,0,29,0,17.95
fold2_room1_mix1770,94,5,0,167,0,39.21
fold2_room1_mix1770,95,5,0,6,0,65.64
fold2_room1_mix1770,95,5,0,30,0,16.84
fold2_room1_mix1770,95,5,0,169,0,42.14
fold2_room1_mix1770,96,5,0,7,0,52.23
fold2_room1_mix1770,96,5,0,38,0,13.29
fold2_room1_mix1770,96,5,0,169,0,41.66
fold2_room1_mix1770,97,5,0,4,0,61.81
fold2_room1_mix1770,97,5,0,29,0,15.23
fold2_room1_mix1770,97,5,0,171,0,43.42
fold2_room1_mix1770,98,5,0,6,0,49.42
fold2_room1_mix1770,98,5,0,38,0,12.76
fold2_room1_mix1770,98,5,0,171,0,40.42
fold2_room1_mix1770,99,5,0,6,0,56.08
fold2_room1_mix1770,99,5,0,33,0,14.53
fold2_room1_mix1770,99,5,0,171,0,40.89
fold2_room1_mix1770,2,5,0,5,0,1.77
fold2_room1_mix1791,3,5,0,179,0,1.80
fold2_room1_mix1791,4,5,0,-177,0,24.38
fold2_room1_mix1791,5,5,0,-179,0,29.49
fold2_room1_mix1791,6,5,0,-178,0,38.09
fold2_room1_mix1791,7,5,0,-178,0,82.37
fold2_room1_mix1791,8,5,0,-177,0,95.92
fold2_room1_mix1791,9,5,0,-178,0,109.10
fold2_room1_mix1791,10,5,0,-178,0,109.02
fold2_room1_mix1791,11,5,0,-178,0,101.08
fold2_room1_mix1791,12,5,0,-177,0,109.68
fold2_room1_mix1791,13,5,0,-176,0,112.54
fold2_room1_mix1791,14,5,0,-178,0,107.79
fold2_room1_mix1791,15,5,0,-177,0,110.41
fold2_room1_mix1791,16,5,0,-176,0,107.78
fold2_room1_mix1791,17,5,0,-177,0,104.31
fold2_room1_mix1791,18,5,0,-177,0,108.98
fold2_room1_mix1791,19,5,0,-178,0,112.27
fold2_room1_mix1791,20,5,0,-177,0,109.95
fold2_room1_mix1791,21,5,0,-177,0,108.10
fold2_room1_mix1791,22,5,0,-176,0,109.01
fold2_room1_mix1791,23,5,0,-175,0,107.58
fold2_room1_mix1791,24,5,0,-175,0,106.98
fold2_room1_mix1791,25,5,0,-175,0,109.49
fold2_room1_mix1791,26,5,0,-174,0,103.17
fold2_room1_mix1791,27,5,0,-174,0,101.63
fold2_room1_mix1791,28,5,0,-174,0,102.46
fold2_room1_mix1791,29,5,0,-174,0,101.59
fold2_room1_mix1791,30,5,0,-173,0,101.15
fold2_room1_mix1791,31,5,0,-173,0,99.35
fold2_room1_mix1791,32,5,0,-173,0,103.85
fold2_room1_mix1791,33,5,0,-172,0,99.70
fold2_room1_mix1791,34,5,0,-172,0,98.15
fold2_room1_mix1791,35,5,0,-172,0,98.64
fold2_room1_mix1791,36,5,0,-172,0,94.50
fold2_room1_mix1791,37,5,0,-171,0,93.42
fold2_room1_mix1791,38,5,0,-171,0,90.72
fold2_room1_mix1791,39,5,0,-171,0,89.10
fold2_room1_mix1791,40,5,0,-170,0,90.91
fold2_room1_mix1791,41,5,0,-171,0,87.39
fold2_room1_mix1791,42,5,0,-170,0,87.61
fold2_room1_mix1791,43,5,0,-170,0,88.38
fold2_room1_mix1791,44,5,0,-170,0,85.49
fold2_room1_mix1791,45,5,0,-169,0,80.52
fold2_room1_mix1791,46,5,0,-169,0,77.24
fold2_room1_mix1791,47,5,0,-158,0,22.71
fold2_room1_mix1791,47,5,0,-174,0,103.64
fold2_room1_mix1791,48,5,0,-157,0,21.28
fold2_room1_mix1791,48,5,0,-174,0,99.47
fold2_room1_mix1791,49,5,0,-157,0,19.61
fold2_room1_mix1791,49,5,0,-174,0,93.28
fold2_room1_mix1791,50,5,0,-169,0,66.08
fold2_room1_mix1791,51,5,0,-157,0,18.49
fold2_room1_mix1791,51,5,0,-174,0,89.20
fold2_room1_mix1791,52,5,0,-156,0,17.85
fold2_room1_mix1791,52,5,0,-174,0,84.78
fold2_room1_mix1791,53,5,0,-156,0,17.38
fold2_room1_mix1791,53,5,0,-174,0,84.17
fold2_room1_mix1791,54,5,0,-153,0,16.42
fold2_room1_mix1791,54,5,0,-174,0,81.73
fold2_room1_mix1791,55,5,0,-149,0,15.78
fold2_room1_mix1791,55,5,0,-174,0,85.43
fold2_room1_mix1791,56,5,0,-149,0,16.16
fold2_room1_mix1791,56,5,0,-173,0,83.26
fold2_room1_mix1791,57,5,0,-140,0,13.93
fold2_room1_mix1791,57,5,0,-174,0,86.81
fold2_room1_mix1791,58,5,0,-134,0,12.45
fold2_room1_mix1791,58,5,0,-174,0,88.77
fold2_room1_mix1791,59,5,0,-129,0,11.07
fold2_room1_mix1791,59,5,0,-174,0,84.25
fold2_room1_mix1791,60,5,0,-125,0,10.83
fold2_room1_mix1791,60,5,0,-173,0,80.88
fold2_room1_mix1791,61,5,0,-121,0,10.40
fold2_room1_mix1791,61,5,0,-172,0,78.17
fold2_room1_mix1791,62,5,0,-113,0,9.89
fold2_room1_mix1791,62,5,0,-171,0,77.38
fold2_room1_mix1791,63,5,0,-99,0,9.50
fold2_room1_mix1791,63,5,0,-171,0,79.64
fold2_room1_mix1791,64,5,0,-105,0,10.04
fold2_room1_mix1791,64,5,0,-170,0,74.76
fold2_room1_mix1791,65,5,0,-85,0,9.74
fold2_room1_mix1791,65,5,0,-171,0,77.52
fold2_room1_mix1791,66,5,0,-72,0,9.91
fold2_room1_mix1791,66,5,0,-171,0,79.04
fold2_room1_mix1791,67,5,0,-63,0,10.09
fold2_room1_mix1791,67,5,0,-171,0,74.83
fold2_room1_mix1791,68,5,0,-62,0,10.30
fold2_room1_mix1791,68,5,0,-171,0,73.47
fold2_room1_mix1791,69,5,0,-54,0,10.67
fold2_room1_mix1791,69,5,0,-171,0,70.51
fold2_room1_mix1791,70,5,0,-47,0,11.89
fold2_room1_mix1791,70,5,0,-171,0,69.05
fold2_room1_mix1791,71,5,0,-46,0,12.38
fold2_room1_mix1791,71,5,0,-171,0,67.54
fold2_room1_mix1791,72,5,0,-41,0,14.01
fold2_room1_mix1791,72,5,0,-170,0,65.34
fold2_room1_mix1791,73,5,0,-34,0,15.53
fold2_room1_mix1791,73,5,0,-171,0,66.33
fold2_room1_mix1791,74,5,0,-31,0,16.37
fold2_room1_mix1791,74,5,0,-171,0,66.68
fold2_room1_mix1791,75,5,0,-29,0,17.87
fold2_room1_mix1791,75,5,0,-169,0,61.14
fold2_room1_mix1791,76,5,0,-26,0,19.81
fold2_room1_mix1791,76,5,0,-170,0,63.63
fold2_room1_mix1791,77,5,0,-26,0,19.56
fold2_room1_mix1791,77,5,0,-171,0,68.60
fold2_room1_mix1791,78,5,0,-24,0,21.71
fold2_room1_mix1791,78,5,0,-170,0,64.56
fold2_room1_mix1791,79,5,0,-23,0,23.41
fold2_room1_mix1791,79,5,0,-169,0,63.68
fold2_room1_mix1791,80,5,0,-21,0,23.89
fold2_room1_mix1791,80,5,0,-170,0,63.53
fold2_room1_mix1791,81,5,0,-21,0,24.39
fold2_room1_mix1791,81,5,0,-169,0,60.04
fold2_room1_mix1791,82,5,0,-22,0,23.92
fold2_room1_mix1791,82,5,0,-170,0,64.11
fold2_room1_mix1791,83,5,0,-22,0,23.57
fold2_room1_mix1791,83,5,0,-170,0,65.17
fold2_room1_mix1791,84,5,0,-22,0,24.72
fold2_room1_mix1791,84,5,0,-169,0,60.24
fold2_room1_mix1791,85,5,0,-21,0,25.81
fold2_room1_mix1791,85,5,0,-168,0,60.50
fold2_room1_mix1791,86,5,0,-19,0,29.02
fold2_room1_mix1791,86,5,0,-168,0,60.20
fold2_room1_mix1791,87,5,0,-18,0,29.73
fold2_room1_mix1791,87,5,0,-167,0,56.54
fold2_room1_mix1791,88,5,0,-15,0,32.00
fold2_room1_mix1791,88,5,0,-166,0,53.37
fold2_room1_mix1791,89,5,0,-16,0,33.60
fold2_room1_mix1791,89,5,0,-166,0,57.11
fold2_room1_mix1791,90,5,0,-15,0,36.13
fold2_room1_mix1791,90,5,0,-150,0,23.31
fold2_room1_mix1791,90,5,0,-172,0,71.26
fold2_room1_mix1791,91,5,0,-14,0,38.08
fold2_room1_mix1791,91,5,0,-154,0,26.02
fold2_room1_mix1791,91,5,0,-173,0,79.54
fold2_room1_mix1791,92,5,0,-15,0,37.07
fold2_room1_mix1791,92,5,0,-154,0,24.93
fold2_room1_mix1791,92,5,0,-173,0,77.06
fold2_room1_mix1791,93,5,0,-15,0,36.35
fold2_room1_mix1791,93,5,0,-154,0,24.71
fold2_room1_mix1791,93,5,0,-172,0,75.13
fold2_room1_mix1791,94,5,0,-15,0,38.52
fold2_room1_mix1791,94,5,0,-154,0,25.27
fold2_room1_mix1791,94,5,0,-172,0,78.80
fold2_room1_mix1791,95,5,0,-13,0,39.83
fold2_room1_mix1791,95,5,0,-155,0,25.42
fold2_room1_mix1791,95,5,0,-173,0,81.77
fold2_room1_mix1791,96,5,0,-14,0,40.88
fold2_room1_mix1791,96,5,0,-152,0,23.65
fold2_room1_mix1791,96,5,0,-173,0,78.58
fold2_room1_mix1791,97,5,0,-13,0,43.92
fold2_room1_mix1791,97,5,0,-149,0,20.75
fold2_room1_mix1791,97,5,0,-172,0,73.59
fold2_room1_mix1791,98,5,0,-12,0,46.01
fold2_room1_mix1791,98,5,0,-144,0,18.70
fold2_room1_mix1791,98,5,0,-172,0,68.65
fold2_room1_mix1791,99,5,0,-11,0,47.83
fold2_room1_mix1791,99,5,0,-138,0,16.49
fold2_room1_mix1791,99,5,0,-171,0,63.23
fold2_room1_mix1794,3,5,0,176,0,3.98
fold2_room1_mix1794,4,5,0,179,0,19.44
fold2_room1_mix1794,5,5,0,179,0,36.30
fold2_room1_mix1794,6,5,0,178,0,39.37
fold2_room1_mix1794,7,5,0,176,0,93.32
fold2_room1_mix1794,8,5,0,177,0,107.84
fold2_room1_mix1794,9,5,0,177,0,107.55
fold2_room1_mix1794,10,5,0,176,0,107.02
fold2_room1_mix1794,11,5,0,176,0,106.74
fold2_room1_mix1794,12,5,0,177,0,108.41
fold2_room1_mix1794,13,5,0,177,0,105.95
fold2_room1_mix1794,14,5,0,177,0,107.22
fold2_room1_mix1794,15,5,0,177,0,105.80
fold2_room1_mix1794,16,5,0,177,0,104.43
fold2_room1_mix1794,17,5,0,176,0,101.88
fold2_room1_mix1794,18,5,0,176,0,104.80
fold2_room1_mix1794,19,5,0,176,0,101.54
fold2_room1_mix1794,20,5,0,176,0,99.41
fold2_room1_mix1794,21,5,0,176,0,96.16
fold2_room1_mix1794,22,5,0,176,0,94.98
fold2_room1_mix1794,23,5,0,176,0,93.85
fold2_room1_mix1794,24,5,0,176,0,93.25
fold2_room1_mix1794,25,5,0,177,0,91.71
fold2_room1_mix1794,26,5,0,175,0,91.37
fold2_room1_mix1794,27,5,0,176,0,91.41
fold2_room1_mix1794,28,5,0,176,0,85.92
fold2_room1_mix1794,29,5,0,175,0,83.62
fold2_room1_mix1794,30,5,0,176,0,78.49
fold2_room1_mix1794,31,5,0,174,0,80.46
fold2_room1_mix1794,32,5,0,173,0,79.84
fold2_room1_mix1794,33,5,0,173,0,76.15
fold2_room1_mix1794,34,5,0,173,0,70.31
fold2_room1_mix1794,35,5,0,172,0,66.80
fold2_room1_mix1794,36,5,0,157,0,16.96
fold2_room1_mix1794,36,5,0,176,0,88.65
fold2_room1_mix1794,37,5,0,153,0,14.10
fold2_room1_mix1794,37,5,0,176,0,87.63
fold2_room1_mix1794,38,5,0,146,0,12.09
fold2_room1_mix1794,38,5,0,176,0,86.47
fold2_room1_mix1794,39,5,0,137,0,10.82
fold2_room1_mix1794,39,5,0,176,0,87.49
fold2_room1_mix1794,40,5,0,134,0,8.11
fold2_room1_mix1794,40,5,0,175,0,75.98
fold2_room1_mix1794,41,5,0,119,0,7.67
fold2_room1_mix1794,41,5,0,174,0,75.62
fold2_room1_mix1794,42,5,0,104,0,7.27
fold2_room1_mix1794,42,5,0,174,0,76.26
fold2_room1_mix1794,43,5,0,83,0,6.55
fold2_room1_mix1794,43,5,0,175,0,73.83
fold2_room1_mix1794,44,5,0,67,0,7.51
fold2_room1_mix1794,44,5,0,174,0,76.62
fold2_room1_mix1794,45,5,0,55,0,8.42
fold2_room1_mix1794,45,5,0,174,0,80.57
fold2_room1_mix1794,46,5,0,46,0,9.06
fold2_room1_mix1794,46,5,0,174,0,72.92
fold2_room1_mix1794,47,5,0,38,0,11.21
fold2_room1_mix1794,47,5,0,172,0,71.95
fold2_room1_mix1794,48,5,0,34,0,12.57
fold2_room1_mix1794,48,5,0,174,0,73.65
fold2_room1_mix1794,49,5,0,27,0,14.29
fold2_room1_mix1794,49,5,0,173,0,67.07
fold2_room1_mix1794,50,5,0,25,0,14.97
fold2_room1_mix1794,50,5,0,173,0,66.44
fold2_room1_mix1794,51,5,0,21,0,16.08
fold2_room1_mix1794,51,5,0,173,0,64.33
fold2_room1_mix1794,52,5,0,19,0,17.03
fold2_room1_mix1794,52,5,0,173,0,63.11
fold2_room1_mix1794,53,5,0,22,0,17.65
fold2_room1_mix1794,53,5,0,173,0,63.17
fold2_room1_mix1794,54,5,0,18,0,19.92
fold2_room1_mix1794,54,5,0,173,0,61.14
fold2_room1_mix1794,55,5,0,19,0,20.96
fold2_room1_mix1794,55,5,0,172,0,58.89
fold2_room1_mix1794,56,5,0,18,0,21.08
fold2_room1_mix1794,56,5,0,172,0,59.42
fold2_room1_mix1794,57,5,0,15,0,24.77
fold2_room1_mix1794,57,5,0,171,0,56.22
fold2_room1_mix1794,58,5,0,17,0,24.43
fold2_room1_mix1794,58,5,0,170,0,56.15
fold2_room1_mix1794,59,5,0,13,0,29.37
fold2_room1_mix1794,59,5,0,169,0,57.41
fold2_room1_mix1794,60,5,0,12,0,32.47
fold2_room1_mix1794,60,5,0,159,0,22.21
fold2_room1_mix1794,60,5,0,174,0,74.32
fold2_room1_mix1794,61,5,0,11,0,34.64
fold2_room1_mix1794,61,5,0,159,0,21.59
fold2_room1_mix1794,61,5,0,175,0,73.62
fold2_room1_mix1794,62,5,0,10,0,36.21
fold2_room1_mix1794,62,5,0,160,0,21.78
fold2_room1_mix1794,62,5,0,175,0,76.58
fold2_room1_mix1794,63,5,0,11,0,33.40
fold2_room1_mix1794,63,5,0,168,0,51.50
fold2_room1_mix1794,64,5,0,11,0,32.62
fold2_room1_mix1794,64,5,0,168,0,50.37
fold2_room1_mix1794,65,5,0,11,0,34.37
fold2_room1_mix1794,65,5,0,156,0,22.44
fold2_room1_mix1794,65,5,0,173,0,73.85
fold2_room1_mix1794,66,5,0,12,0,38.92
fold2_room1_mix1794,66,5,0,150,0,18.74
fold2_room1_mix1794,66,5,0,172,0,69.07
fold2_room1_mix1794,67,5,0,9,0,41.55
fold2_room1_mix1794,67,5,0,155,0,19.60
fold2_room1_mix1794,67,5,0,175,0,77.57
fold2_room1_mix1794,68,5,0,10,0,41.72
fold2_room1_mix1794,68,5,0,151,0,17.04
fold2_room1_mix1794,68,5,0,174,0,69.72
fold2_room1_mix1794,69,5,0,10,0,46.98
fold2_room1_mix1794,69,5,0,135,0,11.69
fold2_room1_mix1794,69,5,0,171,0,57.87
fold2_room1_mix1794,70,5,0,7,0,47.11
fold2_room1_mix1794,70,5,0,150,0,14.87
fold2_room1_mix1794,70,5,0,175,0,70.26
fold2_room1_mix1794,71,5,0,8,0,48.06
fold2_room1_mix1794,71,5,0,142,0,12.70
fold2_room1_mix1794,71,5,0,173,0,61.40
fold2_room1_mix1794,72,5,0,8,0,51.12
fold2_room1_mix1794,72,5,0,135,0,11.42
fold2_room1_mix1794,72,5,0,171,0,57.86
fold2_room1_mix1794,73,5,0,7,0,52.70
fold2_room1_mix1794,73,5,0,136,0,11.51
fold2_room1_mix1794,73,5,0,173,0,59.63
fold2_room1_mix1794,74,5,0,7,0,58.31
fold2_room1_mix1794,74,5,0,82,0,9.89
fold2_room1_mix1794,74,5,0,171,0,46.39
fold2_room1_mix1794,75,5,0,7,0,56.43
fold2_room1_mix1794,75,5,0,75,0,9.37
fold2_room1_mix1794,75,5,0,170,0,44.69
fold2_room1_mix1794,76,5,0,7,0,52.43
fold2_room1_mix1794,76,5,0,97,0,9.36
fold2_room1_mix1794,76,5,0,170,0,47.85
fold2_room1_mix1794,77,5,0,6,0,55.57
fold2_room1_mix1794,77,5,0,49,0,10.39
fold2_room1_mix1794,77,5,0,167,0,33.41
fold2_room1_mix1794,78,5,0,5,0,58.81
fold2_room1_mix1794,78,5,0,51,0,10.37
fold2_room1_mix1794,78,5,0,169,0,38.19
fold2_room1_mix1794,79,5,0,5,0,63.60
fold2_room1_mix1794,79,5,0,33,0,14.24
fold2_room1_mix1794,79,5,0,166,0,28.88
fold2_room1_mix1794,80,5,0,3,0,64.78
fold2_room1_mix1794,80,5,0,25,0,17.13
fold2_room1_mix1794,80,5,0,164,0,24.66
fold2_room1_mix1794,81,5,0,9,0,42.06
fold2_room1_mix1794,81,5,0,154,0,17.24
fold2_room1_mix1794,82,5,0,8,0,50.07
fold2_room1_mix1794,82,5,0,137,0,12.70
fold2_room1_mix1794,83,5,0,9,0,43.75
fold2_room1_mix1794,83,5,0,141,0,12.45
fold2_room1_mix1794,84,5,0,8,0,48.48
fold2_room1_mix1794,84,5,0,139,0,12.25
fold2_room1_mix1794,85,5,0,8,0,53.94
fold2_room1_mix1794,85,5,0,135,0,11.52
fold2_room1_mix1794,86,5,0,7,0,62.13
fold2_room1_mix1794,86,5,0,122,0,9.09
fold2_room1_mix1794,87,5,0,6,0,56.08
fold2_room1_mix1794,87,5,0,82,0,8.19
fold2_room1_mix1794,88,5,0,7,0,54.99
fold2_room1_mix1794,88,5,0,67,0,8.54
fold2_room1_mix1794,89,5,0,5,0,61.84
fold2_room1_mix1794,89,5,0,54,0,9.98
fold2_room1_mix1794,90,5,0,5,0,63.14
fold2_room1_mix1794,90,5,0,46,0,10.89
fold2_room1_mix1794,91,5,0,6,0,62.91
fold2_room1_mix1794,91,5,0,38,0,14.49
fold2_room1_mix1794,92,5,0,5,0,67.77
fold2_room1_mix1794,92,5,0,33,0,15.63
fold2_room1_mix1794,93,5,0,5,0,67.92
fold2_room1_mix1794,93,5,0,29,0,16.28
fold2_room1_mix1794,94,5,0,4,0,72.70
fold2_room1_mix1794,94,5,0,26,0,18.02
fold2_room1_mix1794,95,5,0,11,0,52.87
fold2_room1_mix1794,96,5,0,9,0,53.39
fold2_room1_mix1794,97,5,0,8,0,55.03
fold2_room1_mix1794,98,5,0,8,0,56.95
fold2_room1_mix1794,99,5,0,7,0,56.60
fold2_room1_mix1795,4,5,0,0,0,12.48
fold2_room1_mix1795,5,5,0,-1,0,35.30
fold2_room1_mix1795,6,5,0,-3,0,37.27
fold2_room1_mix1795,7,5,0,-6,0,89.90
fold2_room1_mix1795,8,5,0,-6,0,107.71
fold2_room1_mix1795,9,5,0,-6,0,118.59
fold2_room1_mix1795,10,5,0,-6,0,113.51
fold2_room1_mix1795,11,5,0,-6,0,117.70
fold2_room1_mix1795,12,5,0,-6,0,120.35
fold2_room1_mix1795,13,5,0,-7,0,120.24
fold2_room1_mix1795,14,5,0,-7,0,119.91
fold2_room1_mix1795,15,5,0,-6,0,119.88
fold2_room1_mix1795,16,5,0,-6,0,117.45
fold2_room1_mix1795,17,5,0,-6,0,117.27
fold2_room1_mix1795,18,5,0,-7,0,115.36
fold2_room1_mix1795,19,5,0,-8,0,110.66
fold2_room1_mix1795,20,5,0,-8,0,103.14
fold2_room1_mix1795,21,5,0,-9,0,96.99
fold2_room1_mix1795,22,5,0,-9,0,98.09
fold2_room1_mix1795,23,5,0,-9,0,96.20
fold2_room1_mix1795,24,5,0,-10,0,98.89
fold2_room1_mix1795,25,5,0,-10,0,100.03
fold2_room1_mix1795,26,5,0,-9,0,100.61
fold2_room1_mix1795,27,5,0,-9,0,101.36
fold2_room1_mix1795,28,5,0,-10,0,98.68
fold2_room1_mix1795,29,5,0,-10,0,97.92
fold2_room1_mix1795,30,5,0,-10,0,98.14
fold2_room1_mix1795,31,5,0,-9,0,96.20
fold2_room1_mix1795,32,5,0,-9,0,93.68
fold2_room1_mix1795,33,5,0,-10,0,97.44
fold2_room1_mix1795,34,5,0,-10,0,90.98
fold2_room1_mix1795,35,5,0,-10,0,93.40
fold2_room1_mix1795,36,5,0,-10,0,89.88
fold2_room1_mix1795,37,5,0,-10,0,85.08
fold2_room1_mix1795,38,5,0,-10,0,87.45
fold2_room1_mix1795,39,5,0,-10,0,84.91
fold2_room1_mix1795,40,5,0,-10,0,84.16
fold2_room1_mix1795,41,5,0,-11,0,82.64
fold2_room1_mix1795,42,5,0,-5,0,106.44
fold2_room1_mix1795,42,5,0,-22,0,22.84
fold2_room1_mix1795,43,5,0,-6,0,105.24
fold2_room1_mix1795,43,5,0,-23,0,22.14
fold2_room1_mix1795,44,5,0,-6,0,102.36
fold2_room1_mix1795,44,5,0,-23,0,21.26
fold2_room1_mix1795,45,5,0,-6,0,100.39
fold2_room1_mix1795,45,5,0,-24,0,20.54
fold2_room1_mix1795,46,5,0,-6,0,98.61
fold2_room1_mix1795,46,5,0,-25,0,19.50
fold2_room1_mix1795,47,5,0,-6,0,98.23
fold2_room1_mix1795,47,5,0,-25,0,18.56
fold2_room1_mix1795,48,5,0,-6,0,96.72
fold2_room1_mix1795,48,5,0,-27,0,17.60
fold2_room1_mix1795,49,5,0,-6,0,93.40
fold2_room1_mix1795,49,5,0,-29,0,16.22
fold2_room1_mix1795,50,5,0,-6,0,93.42
fold2_room1_mix1795,50,5,0,-34,0,14.46
fold2_room1_mix1795,51,5,0,-6,0,94.36
fold2_room1_mix1795,51,5,0,-36,0,13.52
fold2_room1_mix1795,52,5,0,-6,0,89.76
fold2_room1_mix1795,52,5,0,-45,0,11.13
fold2_room1_mix1795,53,5,0,-7,0,86.43
fold2_room1_mix1795,53,5,0,-54,0,9.43
fold2_room1_mix1795,54,5,0,-7,0,84.94
fold2_room1_mix1795,54,5,0,-58,0,8.85
fold2_room1_mix1795,55,5,0,-6,0,80.76
fold2_room1_mix1795,55,5,0,-69,0,7.62
fold2_room1_mix1795,56,5,0,-7,0,83.06
fold2_room1_mix1795,56,5,0,-82,0,7.73
fold2_room1_mix1795,57,5,0,-8,0,79.93
fold2_room1_mix1795,57,5,0,-87,0,7.65
fold2_room1_mix1795,58,5,0,-8,0,79.28
fold2_room1_mix1795,58,5,0,-105,0,8.38
fold2_room1_mix1795,59,5,0,-9,0,79.27
fold2_room1_mix1795,59,5,0,-114,0,9.18
fold2_room1_mix1795,60,5,0,-10,0,75.89
fold2_room1_mix1795,60,5,0,-125,0,10.76
fold2_room1_mix1795,61,5,0,-10,0,72.43
fold2_room1_mix1795,61,5,0,-127,0,11.06
fold2_room1_mix1795,62,5,0,-11,0,69.78
fold2_room1_mix1795,62,5,0,-134,0,12.64
fold2_room1_mix1795,63,5,0,-10,0,69.40
fold2_room1_mix1795,63,5,0,-139,0,14.28
fold2_room1_mix1795,64,5,0,-10,0,67.69
fold2_room1_mix1795,64,5,0,-145,0,16.89
fold2_room1_mix1795,65,5,0,-11,0,66.18
fold2_room1_mix1795,65,5,0,-148,0,18.05
fold2_room1_mix1795,66,5,0,-10,0,65.76
fold2_room1_mix1795,66,5,0,-151,0,19.50
fold2_room1_mix1795,67,5,0,-11,0,60.27
fold2_room1_mix1795,67,5,0,-154,0,21.14
fold2_room1_mix1795,68,5,0,-12,0,58.36
fold2_room1_mix1795,68,5,0,-155,0,22.44
fold2_room1_mix1795,69,5,0,-14,0,56.22
fold2_room1_mix1795,69,5,0,-156,0,23.63
fold2_room1_mix1795,70,5,0,-13,0,57.76
fold2_room1_mix1795,70,5,0,-158,0,24.00
fold2_room1_mix1795,71,5,0,-17,0,49.39
fold2_room1_mix1795,71,5,0,-157,0,25.72
fold2_room1_mix1795,72,5,0,-15,0,56.34
fold2_room1_mix1795,72,5,0,-160,0,28.47
fold2_room1_mix1795,73,5,0,-14,0,55.39
fold2_room1_mix1795,73,5,0,-161,0,27.49
fold2_room1_mix1795,74,5,0,-14,0,48.36
fold2_room1_mix1795,74,5,0,-161,0,27.90
fold2_room1_mix1795,75,5,0,-14,0,54.11
fold2_room1_mix1795,75,5,0,-162,0,29.56
fold2_room1_mix1795,76,5,0,-14,0,48.68
fold2_room1_mix1795,76,5,0,-162,0,29.41
fold2_room1_mix1795,77,5,0,-8,0,66.36
fold2_room1_mix1795,77,5,0,-25,0,23.24
fold2_room1_mix1795,77,5,0,-162,0,30.76
fold2_room1_mix1795,78,5,0,-9,0,67.14
fold2_room1_mix1795,78,5,0,-28,0,21.44
fold2_room1_mix1795,78,5,0,-163,0,35.35
fold2_room1_mix1795,79,5,0,-7,0,67.84
fold2_room1_mix1795,79,5,0,-29,0,21.17
fold2_room1_mix1795,79,5,0,-165,0,38.05
fold2_room1_mix1795,80,5,0,-9,0,65.65
fold2_room1_mix1795,80,5,0,-31,0,20.74
fold2_room1_mix1795,80,5,0,-165,0,40.15
fold2_room1_mix1795,81,5,0,-8,0,72.38
fold2_room1_mix1795,81,5,0,-29,0,22.32
fold2_room1_mix1795,81,5,0,-165,0,41.45
fold2_room1_mix1795,82,5,0,-10,0,65.26
fold2_room1_mix1795,82,5,0,-36,0,18.44
fold2_room1_mix1795,82,5,0,-165,0,44.83
fold2_room1_mix1795,83,5,0,-14,0,45.40
fold2_room1_mix1795,83,5,0,-57,0,12.55
fold2_room1_mix1795,83,5,0,-165,0,46.00
fold2_room1_mix1795,84,5,0,-13,0,45.86
fold2_room1_mix1795,84,5,0,-69,0,11.57
fold2_room1_mix1795,84,5,0,-167,0,49.58
fold2_room1_mix1795,85,5,0,-14,0,40.58
fold2_room1_mix1795,85,5,0,-63,0,12.26
fold2_room1_mix1795,85,5,0,-167,0,43.95
fold2_room1_mix1795,86,5,0,-13,0,42.28
fold2_room1_mix1795,86,5,0,-59,0,11.77
fold2_room1_mix1795,86,5,0,-168,0,45.42
fold2_room1_mix1795,87,5,0,-11,0,46.37
fold2_room1_mix1795,87,5,0,-57,0,11.98
fold2_room1_mix1795,87,5,0,-169,0,48.28
fold2_room1_mix1795,88,5,0,-11,0,55.83
fold2_room1_mix1795,88,5,0,-53,0,13.50
fold2_room1_mix1795,88,5,0,-168,0,51.73
fold2_room1_mix1795,89,5,0,-11,0,50.13
fold2_room1_mix1795,89,5,0,-58,0,11.93
fold2_room1_mix1795,89,5,0,-170,0,55.44
fold2_room1_mix1795,90,5,0,-13,0,41.33
fold2_room1_mix1795,90,5,0,-98,0,10.52
fold2_room1_mix1795,90,5,0,-169,0,54.38
fold2_room1_mix1795,91,5,0,-16,0,38.94
fold2_room1_mix1795,91,5,0,-111,0,11.55
fold2_room1_mix1795,91,5,0,-169,0,56.81
fold2_room1_mix1795,92,5,0,-12,0,52.18
fold2_room1_mix1795,92,5,0,-60,0,11.81
fold2_room1_mix1795,92,5,0,-170,0,58.43
fold2_room1_mix1795,93,5,0,-14,0,43.73
fold2_room1_mix1795,93,5,0,-80,0,11.22
fold2_room1_mix1795,93,5,0,-169,0,57.29
fold2_room1_mix1795,94,5,0,-17,0,38.51
fold2_room1_mix1795,94,5,0,-111,0,11.96
fold2_room1_mix1795,94,5,0,-168,0,59.00
fold2_room1_mix1795,95,5,0,-18,0,35.97
fold2_room1_mix1795,95,5,0,-126,0,12.93
fold2_room1_mix1795,95,5,0,-169,0,61.56
fold2_room1_mix1795,96,5,0,-21,0,29.05
fold2_room1_mix1795,96,5,0,-135,0,14.19
fold2_room1_mix1795,96,5,0,-169,0,60.99
fold2_room1_mix1795,97,5,0,-19,0,32.10
fold2_room1_mix1795,97,5,0,-132,0,13.89
fold2_room1_mix1795,97,5,0,-169,0,62.66
fold2_room1_mix1795,98,5,0,-20,0,27.90
fold2_room1_mix1795,98,5,0,-139,0,14.65
fold2_room1_mix1795,98,5,0,-170,0,62.25
fold2_room1_mix1795,99,5,0,-22,0,23.61
fold2_room1_mix1795,99,5,0,-147,0,18.30
fold2_room1_mix1795,99,5,0,-171,0,67.35
