fold2_room1_mix0063,5,3,0,98,-1,1.39
fold2_room1_mix0063,6,3,0,100,-1,4.49
fold2_room1_mix0063,7,3,0,103,-1,11.59
fold2_room1_mix0063,8,3,0,104,-1,16.40
fold2_room1_mix0063,9,3,0,103,-1,13.50
fold2_room1_mix0063,10,3,0,102,-1,11.07
fold2_room1_mix0063,11,3,0,102,-1,10.06
fold2_room1_mix0063,12,3,0,103,-1,11.34
fold2_room1_mix0063,13,3,0,104,-1,12.84
fold2_room1_mix0063,14,3,0,105,-1,14.24
fold2_room1_mix0063,15,3,0,105,-1,14.50
fold2_room1_mix0063,16,3,0,105,-1,14.63
fold2_room1_mix0063,17,3,0,105,-2,14.40
fold2_room1_mix0063,18,3,0,104,-1,11.24
fold2_room1_mix0063,19,3,0,103,-1,8.24
fold2_room1_mix0063,20,3,0,103,-1,5.91
fold2_room1_mix0063,21,3,0,102,-1,2.92
fold2_room1_mix0063,73,4,0,-18,-2,1.98
fold2_room1_mix0063,74,4,0,-21,-2,3.36
fold2_room1_mix0063,75,4,0,-25,-2,4.48
fold2_room1_mix0063,76,4,0,-31,-3,4.08
fold2_room1_mix0063,77,4,0,-37,-3,3.67
fold2_room1_mix0063,78,4,0,-46,-3,3.31
fold2_room1_mix0063,79,4,0,-61,-4,3.07
fold2_room1_mix0063,80,4,0,-74,-5,2.85
fold2_room1_mix0063,81,4,0,-87,-5,2.69
fold2_room1_mix0063,82,4,0,-102,-5,2.93
fold2_room1_mix0063,83,4,0,-116,-5,3.30
fold2_room1_mix0063,84,4,0,-130,-4,3.71
fold2_room1_mix0063,85,4,0,-140,-3,4.27
fold2_room1_mix0063,86,4,0,-147,-3,4.96
fold2_room1_mix0063,87,4,0,-153,-2,5.74
fold2_room1_mix0063,88,4,0,-158,-1,4.84
fold2_room1_mix0063,89,4,0,-160,-1,2.87
fold2_room1_mix0063,90,4,0,-160,-1,1.57
fold2_room1_mix0090,56,4,0,9,-1,5.84
fold2_room1_mix0090,57,4,0,10,-2,6.53
fold2_room1_mix0090,58,4,0,13,-2,7.28
fold2_room1_mix0090,59,4,0,15,-2,7.25
fold2_room1_mix0090,60,4,0,19,-3,5.69
fold2_room1_mix0090,61,4,0,22,-4,4.39
fold2_room1_mix0090,62,4,0,31,-5,3.37
fold2_room1_mix0090,63,4,0,50,-7,2.63
fold2_room1_mix0090,64,4,0,68,-10,2.03
fold2_room1_mix0090,65,4,0,90,-12,1.60
fold2_room1_mix0090,66,4,0,112,-10,1.92
fold2_room1_mix0090,67,4,0,130,-7,2.49
fold2_room1_mix0090,68,4,0,145,-5,3.18
fold2_room1_mix0090,69,4,0,155,-4,4.00
fold2_room1_mix0090,70,4,0,158,-3,4.96
fold2_room1_mix0090,71,4,0,161,-3,6.12
fold2_room1_mix0090,72,4,0,163,-2,6.93
fold2_room1_mix0090,73,4,0,166,-2,7.25
fold2_room1_mix0090,74,4,0,168,-2,7.58
fold2_room1_mix0090,75,4,0,167,-2,5.85
fold2_room1_mix0102,65,4,0,-7,-6,1.76
fold2_room1_mix0102,66,4,0,-6,-4,2.30
fold2_room1_mix0102,67,4,0,-8,-4,2.74
fold2_room1_mix0102,68,4,0,-10,-5,3.21
fold2_room1_mix0102,69,4,0,-19,-10,2.52
fold2_room1_mix0102,70,4,0,-29,-17,1.55
fold2_room1_mix0102,71,4,0,-50,-27,0.85
fold2_room1_mix0102,72,4,0,-123,-29,0.82
fold2_room1_mix0102,73,4,0,-150,-17,1.45
fold2_room1_mix0102,74,4,0,-163,-11,2.30
fold2_room1_mix0102,75,4,0,-171,-5,3.39
fold2_room1_mix0102,76,4,0,-171,-5,4.68
fold2_room1_mix0102,77,4,0,-171,-4,6.34
fold2_room1_mix0102,78,4,0,-171,-4,7.36
fold2_room1_mix0102,79,4,0,-173,-3,4.68
fold2_room1_mix0102,80,4,0,-176,-2,2.65
fold2_room1_mix0104,0,2,0,137,-2,9.67
fold2_room1_mix0104,1,2,0,137,-2,9.67
fold2_room1_mix0104,2,2,0,137,-2,9.67
fold2_room1_mix0104,3,2,0,136,-2,9.68
fold2_room1_mix0104,4,2,0,135,-1,9.69
fold2_room1_mix0104,5,2,0,135,-1,9.90
fold2_room1_mix0104,6,2,0,135,-1,10.21
fold2_room1_mix0104,7,2,0,136,-1,10.54
fold2_room1_mix0104,8,2,0,136,-1,10.51
fold2_room1_mix0104,9,2,0,135,-2,10.15
fold2_room1_mix0104,10,2,0,135,-2,9.79
fold2_room1_mix0104,11,2,0,134,-2,9.56
fold2_room1_mix0104,12,2,0,134,-2,9.55
fold2_room1_mix0104,13,2,0,135,-2,9.55
fold2_room1_mix0104,14,2,0,134,-1,9.59
fold2_room1_mix0104,15,2,0,131,-2,9.80
fold2_room1_mix0104,16,2,0,128,-2,10.03
fold2_room1_mix0104,17,2,0,125,-2,10.21
fold2_room1_mix0104,18,2,0,125,-2,9.88
fold2_room1_mix0104,19,2,0,126,-2,9.44
fold2_room1_mix0104,20,2,0,127,-2,9.04
fold2_room1_mix0104,21,2,0,124,-2,9.20
fold2_room1_mix0104,22,2,0,120,-2,9.63
fold2_room1_mix0104,23,2,0,117,-2,10.09
fold2_room1_mix0104,24,2,0,114,-2,9.94
fold2_room1_mix0104,25,2,0,110,-2,9.21
fold2_room1_mix0104,26,2,0,106,-2,8.54
fold2_room1_mix0104,27,2,0,102,-2,8.38
fold2_room1_mix0104,28,2,0,102,-2,9.24
fold2_room1_mix0104,29,2,0,102,-2,10.23
fold2_room1_mix0104,30,2,0,102,-2,11.03
fold2_room1_mix0104,31,2,0,99,-2,10.72
fold2_room1_mix0104,32,2,0,96,-2,10.30
fold2_room1_mix0104,33,2,0,93,-2,9.90
fold2_room1_mix0104,34,2,0,92,-2,9.51
fold2_room1_mix0104,35,2,0,91,-2,9.14
fold2_room1_mix0104,35,4,0,-3,-2,1.24
fold2_room1_mix0104,36,2,0,91,-2,8.78
fold2_room1_mix0104,36,4,0,-2,-2,1.58
fold2_room1_mix0104,37,2,0,90,-2,8.77
fold2_room1_mix0104,37,4,0,-2,-3,1.67
fold2_room1_mix0104,38,2,0,89,-2,8.92
fold2_room1_mix0104,38,4,0,-2,-3,1.69
fold2_room1_mix0104,39,2,0,88,-2,9.08
fold2_room1_mix0104,39,4,0,-3,-3,1.78
fold2_room1_mix0104,40,2,0,87,-2,9.02
fold2_room1_mix0104,40,4,0,-3,-3,1.90
fold2_room1_mix0104,41,2,0,86,-2,8.74
fold2_room1_mix0104,41,4,0,-4,-3,2.13
fold2_room1_mix0104,42,2,0,85,-3,8.48
fold2_room1_mix0104,42,4,0,-5,-3,2.38
fold2_room1_mix0104,43,2,0,84,-3,8.14
fold2_room1_mix0104,43,4,0,-5,-3,2.81
fold2_room1_mix0104,44,2,0,82,-3,7.67
fold2_room1_mix0104,44,4,0,-4,-3,3.67
fold2_room1_mix0104,45,2,0,81,-3,7.22
fold2_room1_mix0104,45,4,0,-4,-3,4.74
fold2_room1_mix0104,46,2,0,80,-3,6.87
fold2_room1_mix0104,46,4,0,-4,-3,5.82
fold2_room1_mix0104,47,2,0,80,-3,6.88
fold2_room1_mix0104,47,4,0,-5,-4,6.07
fold2_room1_mix0104,48,2,0,80,-3,6.93
fold2_room1_mix0104,48,4,0,-5,-4,6.22
fold2_room1_mix0104,49,2,0,80,-3,6.99
fold2_room1_mix0104,49,4,0,-5,-4,6.36
fold2_room1_mix0104,50,2,0,78,-3,7.24
fold2_room1_mix0104,50,4,0,-6,-4,6.35
fold2_room1_mix0104,51,2,0,76,-3,7.54
fold2_room1_mix0104,51,4,0,-6,-4,6.30
fold2_room1_mix0104,52,2,0,74,-3,7.85
fold2_room1_mix0104,52,4,0,-6,-4,6.25
fold2_room1_mix0104,53,2,0,72,-3,7.96
fold2_room1_mix0104,53,4,0,-6,-4,6.04
fold2_room1_mix0104,54,2,0,72,-3,7.97
fold2_room1_mix0104,54,4,0,-6,-5,5.75
fold2_room1_mix0104,55,2,0,71,-3,7.97
fold2_room1_mix0104,55,4,0,-6,-5,5.47
fold2_room1_mix0104,56,2,0,70,-3,7.89
fold2_room1_mix0104,56,4,0,-6,-5,5.23
fold2_room1_mix0104,57,2,0,70,-3,7.73
fold2_room1_mix0104,57,4,0,-7,-6,5.01
fold2_room1_mix0104,58,2,0,70,-3,7.56
fold2_room1_mix0104,58,4,0,-7,-6,4.80
fold2_room1_mix0104,59,2,0,70,-3,7.50
fold2_room1_mix0104,59,4,0,-7,-7,4.55
fold2_room1_mix0104,60,2,0,69,-3,7.64
fold2_room1_mix0104,60,4,0,-8,-7,4.20
fold2_room1_mix0104,61,2,0,67,-3,7.78
fold2_room1_mix0104,61,4,0,-9,-8,3.88
fold2_room1_mix0104,62,2,0,66,-3,7.94
fold2_room1_mix0104,62,4,0,-10,-9,3.57
fold2_room1_mix0104,63,2,0,64,-3,8.16
fold2_room1_mix0104,63,4,0,-11,-10,3.24
fold2_room1_mix0104,64,2,0,63,-3,8.39
fold2_room1_mix0104,64,4,0,-12,-11,2.93
fold2_room1_mix0104,65,2,0,61,-3,8.52
fold2_room1_mix0104,65,4,0,-14,-12,2.63
fold2_room1_mix0104,66,2,0,59,-3,7.70
fold2_room1_mix0104,66,4,0,-16,-15,2.31
fold2_room1_mix0104,67,2,0,57,-3,6.75
fold2_room1_mix0104,67,4,0,-19,-17,2.00
fold2_room1_mix0104,68,2,0,53,-3,5.92
fold2_room1_mix0104,68,4,0,-21,-20,1.72
fold2_room1_mix0104,69,2,0,51,-3,5.66
fold2_room1_mix0104,69,4,0,-27,-24,1.45
fold2_room1_mix0104,70,2,0,50,-3,5.64
fold2_room1_mix0104,70,4,0,-35,-29,1.20
fold2_room1_mix0104,71,2,0,48,-3,5.61
fold2_room1_mix0104,71,4,0,-43,-33,0.98
fold2_room1_mix0104,72,2,0,48,-3,4.57
fold2_room1_mix0104,72,4,0,-57,-39,0.84
fold2_room1_mix0104,73,2,0,48,-3,2.97
fold2_room1_mix0104,73,4,0,-84,-43,0.79
fold2_room1_mix0104,74,4,0,-114,-40,0.73
fold2_room1_mix0104,75,4,0,-130,-35,0.77
fold2_room1_mix0104,76,2,0,53,-3,3.01
fold2_room1_mix0104,76,4,0,-140,-30,1.04
fold2_room1_mix0104,77,2,0,53,-3,5.31
fold2_room1_mix0104,77,4,0,-150,-24,1.35
fold2_room1_mix0104,78,2,0,52,-3,8.06
fold2_room1_mix0104,78,4,0,-158,-19,1.68
fold2_room1_mix0104,79,2,0,52,-3,7.91
fold2_room1_mix0104,79,4,0,-161,-16,1.94
fold2_room1_mix0104,80,2,0,53,-3,7.40
fold2_room1_mix0104,80,4,0,-163,-14,2.21
fold2_room1_mix0104,81,2,0,53,-3,6.97
fold2_room1_mix0104,81,4,0,-165,-12,2.49
fold2_room1_mix0104,82,2,0,53,-3,6.95
fold2_room1_mix0104,82,4,0,-166,-11,2.74
fold2_room1_mix0104,83,2,0,53,-3,7.02
fold2_room1_mix0104,83,4,0,-167,-10,2.99
fold2_room1_mix0104,84,2,0,53,-3,7.10
fold2_room1_mix0104,84,4,0,-169,-10,3.25
fold2_room1_mix0104,85,2,0,51,-3,7.18
fold2_room1_mix0104,85,4,0,-170,-9,3.50
fold2_room1_mix0104,86,2,0,49,-3,7.26
fold2_room1_mix0104,86,4,0,-170,-8,3.76
fold2_room1_mix0104,87,2,0,48,-3,7.34
fold2_room1_mix0104,87,4,0,-171,-8,4.03
fold2_room1_mix0104,88,2,0,46,-3,7.26
fold2_room1_mix0104,88,4,0,-172,-7,4.29
fold2_room1_mix0104,89,2,0,45,-3,7.02
fold2_room1_mix0104,89,4,0,-172,-7,4.56
fold2_room1_mix0104,90,2,0,44,-3,6.79
fold2_room1_mix0104,90,4,0,-172,-7,4.84
fold2_room1_mix0104,91,2,0,43,-3,7.16
fold2_room1_mix0104,91,4,0,-173,-6,5.14
fold2_room1_mix0104,92,2,0,42,-3,9.04
fold2_room1_mix0104,92,4,0,-173,-6,5.47
fold2_room1_mix0104,93,2,0,41,-3,11.40
fold2_room1_mix0104,93,4,0,-173,-6,5.81
fold2_room1_mix0104,94,2,0,40,-3,12.66
fold2_room1_mix0104,94,4,0,-173,-5,6.20
fold2_room1_mix0104,95,2,0,38,-3,8.40
fold2_room1_mix0104,95,4,0,-173,-5,6.74
fold2_room1_mix0104,96,2,0,33,-3,5.15
fold2_room1_mix0104,96,4,0,-174,-4,7.33
fold2_room1_mix0104,97,2,0,24,-3,2.91
fold2_room1_mix0104,97,4,0,-174,-4,7.94
fold2_room1_mix0104,98,4,0,-175,-4,8.29
fold2_room1_mix0104,99,4,0,-175,-4,8.60
fold2_room1_mix0125,60,4,0,-26,-1,4.31
fold2_room1_mix0125,61,4,0,-29,-2,9.71
fold2_room1_mix0125,62,4,0,-32,-2,17.09
fold2_room1_mix0125,63,4,0,-34,-2,13.73
fold2_room1_mix0125,64,4,0,-37,-2,10.08
fold2_room1_mix0125,65,4,0,-43,-2,7.55
fold2_room1_mix0125,66,4,0,-47,-2,7.35
fold2_room1_mix0125,67,4,0,-51,-3,7.63
fold2_room1_mix0125,68,4,0,-53,-3,7.91
fold2_room1_mix0125,69,4,0,-58,-3,7.65
fold2_room1_mix0125,70,4,0,-63,-3,7.16
fold2_room1_mix0125,71,4,0,-69,-3,6.69
fold2_room1_mix0125,72,4,0,-75,-3,6.42
fold2_room1_mix0125,73,4,0,-82,-3,6.33
fold2_room1_mix0125,74,4,0,-90,-3,6.24
fold2_room1_mix0125,75,4,0,-97,-3,6.23
fold2_room1_mix0125,76,4,0,-104,-3,6.37
fold2_room1_mix0125,77,4,0,-111,-3,6.53
fold2_room1_mix0125,78,4,0,-117,-3,6.72
fold2_room1_mix0125,79,4,0,-122,-3,7.08
fold2_room1_mix0125,80,4,0,-126,-2,7.47
fold2_room1_mix0125,81,4,0,-130,-2,7.99
fold2_room1_mix0125,82,4,0,-135,-2,9.63
fold2_room1_mix0125,83,4,0,-138,-2,11.92
fold2_room1_mix0125,84,4,0,-140,-2,14.48
fold2_room1_mix0125,85,4,0,-142,-2,10.72
fold2_room1_mix0125,86,4,0,-143,-2,6.11
fold2_room1_mix0125,87,4,0,-144,-1,3.39
fold2_room1_mix0171,0,5,0,-56,3,6.02
fold2_room1_mix0171,1,5,0,-56,3,6.24
fold2_room1_mix0171,2,5,0,-53,3,8.91
fold2_room1_mix0171,3,5,0,-50,3,13.52
fold2_room1_mix0171,4,5,0,-49,3,20.09
fold2_room1_mix0171,5,5,0,-48,3,21.76
fold2_room1_mix0171,6,5,0,-49,2,20.26
fold2_room1_mix0171,7,5,0,-49,2,18.86
fold2_room1_mix0171,8,5,0,-49,2,18.07
fold2_room1_mix0171,9,5,0,-48,3,17.83
fold2_room1_mix0171,10,5,0,-48,3,17.59
fold2_room1_mix0171,11,5,0,-48,3,17.44
fold2_room1_mix0171,12,5,0,-48,3,17.45
fold2_room1_mix0171,13,5,0,-48,3,17.47
fold2_room1_mix0171,14,5,0,-49,3,17.44
fold2_room1_mix0171,15,5,0,-49,3,17.25
fold2_room1_mix0171,16,5,0,-50,3,17.03
fold2_room1_mix0171,17,5,0,-50,3,16.82
fold2_room1_mix0171,18,5,0,-51,3,16.62
fold2_room1_mix0171,19,5,0,-51,3,16.43
fold2_room1_mix0171,20,5,0,-52,3,16.24
fold2_room1_mix0171,21,5,0,-52,3,16.13
fold2_room1_mix0171,22,5,0,-53,3,16.05
fold2_room1_mix0171,23,5,0,-54,3,15.98
fold2_room1_mix0171,24,5,0,-54,3,15.96
fold2_room1_mix0171,25,5,0,-55,3,15.99
fold2_room1_mix0171,26,5,0,-55,3,16.03
fold2_room1_mix0171,27,5,0,-56,3,16.08
fold2_room1_mix0171,28,5,0,-56,3,16.17
fold2_room1_mix0171,29,5,0,-57,3,16.27
fold2_room1_mix0171,30,5,0,-57,3,16.35
fold2_room1_mix0171,31,5,0,-58,3,16.35
fold2_room1_mix0171,32,5,0,-58,3,16.35
fold2_room1_mix0171,33,5,0,-58,3,16.33
fold2_room1_mix0171,34,5,0,-59,3,16.20
fold2_room1_mix0171,35,5,0,-59,3,16.03
fold2_room1_mix0171,36,5,0,-60,3,15.86
fold2_room1_mix0171,37,5,0,-61,3,15.78
fold2_room1_mix0171,38,5,0,-62,3,15.72
fold2_room1_mix0171,39,5,0,-63,3,15.67
fold2_room1_mix0171,40,5,0,-64,3,15.54
fold2_room1_mix0171,41,5,0,-65,3,15.34
fold2_room1_mix0171,42,5,0,-66,3,15.14
fold2_room1_mix0171,43,5,0,-67,3,15.00
fold2_room1_mix0171,44,5,0,-68,3,14.98
fold2_room1_mix0171,45,5,0,-70,3,14.96
fold2_room1_mix0171,46,5,0,-71,3,14.95
fold2_room1_mix0171,47,5,0,-71,3,14.99
fold2_room1_mix0171,48,5,0,-71,3,15.04
fold2_room1_mix0171,49,5,0,-72,3,15.10
fold2_room1_mix0171,50,5,0,-73,3,15.20
fold2_room1_mix0171,51,5,0,-73,3,15.30
fold2_room1_mix0171,52,5,0,-74,3,15.41
fold2_room1_mix0171,53,5,0,-75,3,15.27
fold2_room1_mix0171,54,5,0,-75,3,15.03
fold2_room1_mix0171,55,5,0,-76,3,14.79
fold2_room1_mix0171,56,5,0,-76,3,14.72
fold2_room1_mix0171,57,5,0,-76,3,14.82
fold2_room1_mix0171,58,5,0,-76,3,14.92
fold2_room1_mix0171,59,5,0,-76,3,15.05
fold2_room1_mix0171,60,5,0,-76,3,15.26
fold2_room1_mix0171,61,5,0,-76,3,15.47
fold2_room1_mix0171,62,5,0,-76,3,15.64
fold2_room1_mix0171,63,5,0,-77,3,15.61
fold2_room1_mix0171,64,5,0,-77,3,15.57
fold2_room1_mix0171,65,4,0,-5,-1,0.80
fold2_room1_mix0171,65,5,0,-77,3,15.51
fold2_room1_mix0171,66,4,0,-7,-1,0.95
fold2_room1_mix0171,66,5,0,-76,3,15.39
fold2_room1_mix0171,67,4,0,-8,-1,1.10
fold2_room1_mix0171,67,5,0,-76,3,15.26
fold2_room1_mix0171,68,4,0,-9,-1,1.26
fold2_room1_mix0171,68,4,0,169,-1,1.35
fold2_room1_mix0171,68,5,0,-75,3,15.13
fold2_room1_mix0171,69,4,0,-9,-1,1.71
fold2_room1_mix0171,69,5,0,-75,3,15.16
fold2_room1_mix0171,70,4,0,-10,-1,2.41
fold2_room1_mix0171,70,5,0,-76,3,15.26
fold2_room1_mix0171,71,4,0,-5,-2,3.23
fold2_room1_mix0171,71,5,0,-77,3,15.36
fold2_room1_mix0171,72,4,0,-11,-1,3.56
fold2_room1_mix0171,72,5,0,-78,3,15.27
fold2_room1_mix0171,73,4,0,-12,-2,3.09
fold2_room1_mix0171,73,5,0,-78,3,15.01
fold2_room1_mix0171,74,4,0,-13,-2,2.66
fold2_room1_mix0171,74,4,0,158,-3,3.94
fold2_room1_mix0171,74,5,0,-78,3,14.75
fold2_room1_mix0171,75,4,0,-20,-4,2.14
fold2_room1_mix0171,75,4,0,157,-3,3.90
fold2_room1_mix0171,75,5,0,-78,3,14.48
fold2_room1_mix0171,76,4,0,-35,-7,1.47
fold2_room1_mix0171,76,4,0,153,-3,3.59
fold2_room1_mix0171,76,5,0,-77,3,14.19
fold2_room1_mix0171,77,4,0,-48,-10,0.94
fold2_room1_mix0171,77,4,0,148,-4,3.29
fold2_room1_mix0171,77,5,0,-77,3,13.90
fold2_room1_mix0171,78,4,0,-62,-13,0.66
fold2_room1_mix0171,78,4,0,147,-5,3.02
fold2_room1_mix0171,78,5,0,-76,3,13.69
fold2_room1_mix0171,79,4,0,-78,-14,1.05
fold2_room1_mix0171,79,4,0,152,-6,2.76
fold2_room1_mix0171,79,5,0,-77,3,13.74
fold2_room1_mix0171,80,4,0,-109,-15,1.64
fold2_room1_mix0171,80,4,0,171,-7,2.69
fold2_room1_mix0171,80,4,0,152,-7,2.35
fold2_room1_mix0171,80,5,0,-78,3,13.83
fold2_room1_mix0171,81,4,0,-174,-7,2.59
fold2_room1_mix0171,81,4,0,155,-8,2.06
fold2_room1_mix0171,81,5,0,-78,3,13.93
fold2_room1_mix0171,82,4,0,136,-10,2.56
fold2_room1_mix0171,82,4,0,167,-8,2.39
fold2_room1_mix0171,82,5,0,-79,3,14.23
fold2_room1_mix0171,83,4,0,111,-7,2.63
fold2_room1_mix0171,83,4,0,133,-7,2.82
fold2_room1_mix0171,83,4,0,-168,-7,2.19
fold2_room1_mix0171,83,5,0,-80,3,14.58
fold2_room1_mix0171,84,4,0,105,-6,2.84
fold2_room1_mix0171,84,4,0,-153,-6,2.31
fold2_room1_mix0171,84,5,0,-81,3,14.94
fold2_room1_mix0171,85,4,0,95,-5,3.01
fold2_room1_mix0171,85,4,0,-150,-5,2.67
fold2_room1_mix0171,85,5,0,-82,3,15.08
fold2_room1_mix0171,86,4,0,87,-5,3.23
fold2_room1_mix0171,86,4,0,-152,-5,3.22
fold2_room1_mix0171,86,5,0,-82,3,15.12
fold2_room1_mix0171,87,4,0,80,-5,3.45
fold2_room1_mix0171,87,4,0,-155,-4,3.86
fold2_room1_mix0171,87,5,0,-82,3,15.17
fold2_room1_mix0171,88,4,0,72,-4,3.65
fold2_room1_mix0171,88,4,0,-158,-3,4.41
fold2_room1_mix0171,88,5,0,-82,3,15.22
fold2_room1_mix0171,89,4,0,63,-4,3.80
fold2_room1_mix0171,89,4,0,-162,-3,4.82
fold2_room1_mix0171,89,5,0,-82,3,15.30
fold2_room1_mix0171,90,4,0,48,-3,4.24
fold2_room1_mix0171,90,4,0,63,-3,3.67
fold2_room1_mix0171,90,4,0,-168,-3,5.28
fold2_room1_mix0171,90,5,0,-83,3,15.38
fold2_room1_mix0171,91,4,0,41,-3,4.35
fold2_room1_mix0171,91,4,0,59,-3,3.76
fold2_room1_mix0171,91,4,0,-173,-2,5.62
fold2_room1_mix0171,91,5,0,-84,3,15.35
fold2_room1_mix0171,92,4,0,38,-3,4.33
fold2_room1_mix0171,92,4,0,56,-3,3.72
fold2_room1_mix0171,92,4,0,-176,-2,5.69
fold2_room1_mix0171,92,5,0,-84,3,15.12
fold2_room1_mix0171,93,4,0,36,-3,4.30
fold2_room1_mix0171,93,4,0,52,-3,3.68
fold2_room1_mix0171,93,4,0,179,-2,5.75
fold2_room1_mix0171,93,5,0,-84,4,14.88
fold2_room1_mix0171,94,4,0,40,-3,4.01
fold2_room1_mix0171,94,4,0,176,-2,5.82
fold2_room1_mix0171,94,5,0,-85,4,14.74
fold2_room1_mix0171,95,4,0,37,-2,4.27
fold2_room1_mix0171,95,4,0,174,-2,5.92
fold2_room1_mix0171,95,5,0,-85,3,14.97
fold2_room1_mix0171,96,4,0,33,-2,4.56
fold2_room1_mix0171,96,5,0,-86,3,15.26
fold2_room1_mix0171,97,4,0,28,-2,4.61
fold2_room1_mix0171,97,5,0,-87,3,15.47
fold2_room1_mix0171,98,4,0,25,-2,2.70
fold2_room1_mix0171,98,5,0,-87,3,14.98
fold2_room1_mix0171,99,4,0,20,-2,1.25
fold2_room1_mix0171,99,5,0,-87,3,14.35
fold2_room1_mix0237,0,0,0,111,-1,17.57
fold2_room1_mix0237,1,0,0,111,-1,17.44
fold2_room1_mix0237,2,0,0,109,-1,16.20
fold2_room1_mix0237,3,0,0,106,-1,14.80
fold2_room1_mix0237,4,0,0,103,-2,13.54
fold2_room1_mix0237,5,0,0,101,-2,13.16
fold2_room1_mix0237,6,0,0,99,-2,13.17
fold2_room1_mix0237,7,0,0,97,-2,13.19
fold2_room1_mix0237,8,0,0,95,-2,13.07
fold2_room1_mix0237,9,0,0,93,-2,12.82
fold2_room1_mix0237,10,0,0,91,-2,12.57
fold2_room1_mix0237,11,0,0,88,-2,12.37
fold2_room1_mix0237,12,0,0,84,-2,12.25
fold2_room1_mix0237,13,0,0,80,-2,12.14
fold2_room1_mix0237,14,0,0,75,-2,12.13
fold2_room1_mix0237,15,0,0,71,-2,12.54
fold2_room1_mix0237,16,0,0,67,-2,13.00
fold2_room1_mix0237,17,0,0,63,-2,13.40
fold2_room1_mix0237,18,0,0,64,-2,13.03
fold2_room1_mix0237,19,0,0,66,-2,12.50
fold2_room1_mix0237,19,2,0,80,-3,2.22
fold2_room1_mix0237,20,0,0,68,-2,12.01
fold2_room1_mix0237,20,2,0,80,-3,3.85
fold2_room1_mix0237,21,0,0,67,-2,12.23
fold2_room1_mix0237,21,2,0,80,-3,4.47
fold2_room1_mix0237,22,0,0,64,-2,12.81
fold2_room1_mix0237,22,2,0,80,-4,4.36
fold2_room1_mix0237,23,0,0,61,-1,13.41
fold2_room1_mix0237,23,2,0,81,-4,4.26
fold2_room1_mix0237,24,0,0,56,-1,14.34
fold2_room1_mix0237,24,2,0,81,-4,3.17
fold2_room1_mix0237,25,0,0,49,-1,15.64
fold2_room1_mix0237,25,2,0,80,-4,1.67
fold2_room1_mix0237,26,0,0,42,-1,17.05
fold2_room1_mix0237,27,0,0,37,-1,18.11
fold2_room1_mix0237,28,0,0,37,-1,18.25
fold2_room1_mix0237,29,0,0,38,-1,18.35
fold2_room1_mix0237,30,0,0,39,-1,18.33
fold2_room1_mix0237,31,0,0,42,-1,17.76
fold2_room1_mix0237,32,0,0,46,-1,17.15
fold2_room1_mix0237,33,0,0,49,-1,16.68
fold2_room1_mix0237,34,0,0,46,-1,17.28
fold2_room1_mix0237,35,0,0,42,-1,18.18
fold2_room1_mix0237,36,0,0,38,-1,19.10
fold2_room1_mix0237,37,0,0,37,-1,19.40
fold2_room1_mix0237,38,0,0,38,-1,19.37
fold2_room1_mix0237,39,0,0,40,-1,19.35
fold2_room1_mix0237,40,0,0,39,-1,19.86
fold2_room1_mix0237,41,0,0,38,-1,20.97
fold2_room1_mix0237,42,0,0,36,-1,22.14
fold2_room1_mix0237,43,0,0,34,-1,23.44
fold2_room1_mix0237,44,0,0,31,-1,24.96
fold2_room1_mix0237,45,0,0,28,-1,26.58
fold2_room1_mix0237,46,0,0,26,0,27.97
fold2_room1_mix0237,46,2,0,86,-2,0.73
fold2_room1_mix0237,47,0,0,25,0,28.02
fold2_room1_mix0237,48,0,0,24,0,27.93
fold2_room1_mix0237,49,0,0,23,0,27.84
fold2_room1_mix0237,50,0,0,24,0,27.79
fold2_room1_mix0237,51,0,0,26,0,27.75
fold2_room1_mix0237,51,2,0,84,-4,2.59
fold2_room1_mix0237,52,0,0,28,0,27.73
fold2_room1_mix0237,52,2,0,83,-4,5.71
fold2_room1_mix0237,53,0,0,26,0,28.33
fold2_room1_mix0237,53,2,0,83,-4,5.63
fold2_room1_mix0237,53,4,0,129,-1,2.23
fold2_room1_mix0237,54,0,0,24,0,29.25
fold2_room1_mix0237,54,2,0,85,-4,3.81
fold2_room1_mix0237,54,4,0,123,-2,2.82
fold2_room1_mix0237,55,0,0,22,0,30.20
fold2_room1_mix0237,55,2,0,87,-4,2.49
fold2_room1_mix0237,55,4,0,121,-2,3.59
fold2_room1_mix0237,56,0,0,21,0,30.97
fold2_room1_mix0237,56,2,0,88,-4,1.48
fold2_room1_mix0237,56,4,0,118,-2,4.15
fold2_room1_mix0237,57,0,0,21,0,31.53
fold2_room1_mix0237,57,4,0,112,-3,4.41
fold2_room1_mix0237,58,0,0,21,0,32.11
fold2_room1_mix0237,58,4,0,107,-3,4.69
fold2_room1_mix0237,59,0,0,21,0,32.37
fold2_room1_mix0237,59,4,0,101,-4,4.82
fold2_room1_mix0237,60,0,0,22,0,31.95
fold2_room1_mix0237,60,4,0,94,-4,4.65
fold2_room1_mix0237,61,0,0,22,0,31.52
fold2_room1_mix0237,61,4,0,87,-4,4.47
fold2_room1_mix0237,62,0,0,23,0,31.12
fold2_room1_mix0237,62,4,0,80,-4,4.39
fold2_room1_mix0237,63,0,0,23,0,30.79
fold2_room1_mix0237,63,4,0,72,-4,4.70
fold2_room1_mix0237,64,0,0,24,0,30.48
fold2_room1_mix0237,64,4,0,64,-4,5.07
fold2_room1_mix0237,65,0,0,25,0,30.22
fold2_room1_mix0237,65,4,0,58,-3,5.14
fold2_room1_mix0237,66,0,0,24,0,30.50
fold2_room1_mix0237,66,4,0,59,-3,2.84
fold2_room1_mix0237,67,0,0,24,0,30.92
fold2_room1_mix0237,67,4,0,61,-3,1.14
fold2_room1_mix0237,68,0,0,23,0,31.33
fold2_room1_mix0237,69,0,0,23,0,31.13
fold2_room1_mix0237,70,0,0,24,-1,30.66
fold2_room1_mix0237,71,0,0,26,-1,30.19
fold2_room1_mix0237,72,0,0,25,-1,30.74
fold2_room1_mix0237,73,0,0,23,0,32.36
fold2_room1_mix0237,74,0,0,21,0,34.08
fold2_room1_mix0237,75,0,0,20,0,35.10
fold2_room1_mix0237,76,0,0,19,0,34.55
fold2_room1_mix0237,77,0,0,19,0,33.96
fold2_room1_mix0237,78,0,0,18,0,33.74
fold2_room1_mix0237,79,0,0,20,0,35.02
fold2_room1_mix0237,80,0,0,22,-1,36.51
fold2_room1_mix0237,80,2,0,88,-3,2.88
fold2_room1_mix0237,81,0,0,24,-1,37.90
fold2_room1_mix0237,81,2,0,87,-4,6.01
fold2_room1_mix0237,82,0,0,23,-1,37.80
fold2_room1_mix0237,82,2,0,88,-4,4.30
fold2_room1_mix0237,83,0,0,22,-1,37.33
fold2_room1_mix0237,83,2,0,89,-4,2.25
fold2_room1_mix0237,84,0,0,21,-1,36.90
fold2_room1_mix0237,85,0,0,19,0,37.37
fold2_room1_mix0237,86,0,0,18,0,38.29
fold2_room1_mix0237,87,0,0,17,0,39.23
fold2_room1_mix0237,88,0,0,17,0,39.85
fold2_room1_mix0237,89,0,0,18,0,40.12
fold2_room1_mix0237,90,0,0,20,0,40.39
fold2_room1_mix0237,91,0,0,21,0,39.56
fold2_room1_mix0237,92,0,0,22,0,36.59
fold2_room1_mix0237,93,0,0,23,0,33.79
fold2_room1_mix0237,94,0,0,23,-1,32.36
fold2_room1_mix0237,95,0,0,22,0,36.02
fold2_room1_mix0237,96,0,0,21,0,40.74
fold2_room1_mix0237,97,0,0,20,0,43.59
fold2_room1_mix0237,98,0,0,20,0,27.90
fold2_room1_mix0237,99,0,0,20,0,15.59
fold2_room1_mix0341,0,0,0,0,0,81.74
fold2_room1_mix0341,1,0,0,0,0,81.48
fold2_room1_mix0341,2,0,0,0,0,78.89
fold2_room1_mix0341,3,0,0,0,0,75.85
fold2_room1_mix0341,4,0,0,0,0,73.00
fold2_room1_mix0341,5,0,0,0,0,72.80
fold2_room1_mix0341,6,0,0,0,0,73.85
fold2_room1_mix0341,7,0,0,0,0,74.91
fold2_room1_mix0341,8,0,0,0,0,73.40
fold2_room1_mix0341,9,0,0,0,0,69.47
fold2_room1_mix0341,10,0,0,0,0,65.74
fold2_room1_mix0341,11,0,0,0,0,63.90
fold2_room1_mix0341,12,0,0,0,0,65.63
fold2_room1_mix0341,13,0,0,0,0,67.52
fold2_room1_mix0341,14,0,0,-1,0,69.08
fold2_room1_mix0341,15,0,0,0,0,69.13
fold2_room1_mix0341,16,0,0,0,0,69.02
fold2_room1_mix0341,17,0,0,0,0,68.74
fold2_room1_mix0341,18,0,0,0,0,66.98
fold2_room1_mix0341,19,0,0,0,0,64.92
fold2_room1_mix0341,20,0,0,0,0,62.95
fold2_room1_mix0341,21,0,0,0,0,62.03
fold2_room1_mix0341,22,0,0,0,0,61.60
fold2_room1_mix0341,23,0,0,0,0,61.18
fold2_room1_mix0341,24,0,0,0,0,61.19
fold2_room1_mix0341,25,0,0,0,0,61.64
fold2_room1_mix0341,26,0,0,0,0,62.09
fold2_room1_mix0341,27,0,0,0,0,62.03
fold2_room1_mix0341,28,0,0,0,0,60.94
fold2_room1_mix0341,29,0,0,0,0,59.83
fold2_room1_mix0341,30,0,0,0,0,58.42
fold2_room1_mix0341,31,0,0,0,0,55.71
fold2_room1_mix0341,32,0,0,0,0,53.00
fold2_room1_mix0341,33,0,0,0,0,50.68
fold2_room1_mix0341,34,0,0,0,0,50.87
fold2_room1_mix0341,35,0,0,0,0,51.66
fold2_room1_mix0341,36,0,0,1,0,52.38
fold2_room1_mix0341,37,0,0,1,0,50.37
fold2_room1_mix0341,38,0,0,1,0,47.21
fold2_room1_mix0341,38,4,0,0,0,0.25
fold2_room1_mix0341,39,0,0,1,0,44.25
fold2_room1_mix0341,39,4,0,0,0,0.50
fold2_room1_mix0341,39,4,0,178,0,1.15
fold2_room1_mix0341,40,0,0,1,0,41.05
fold2_room1_mix0341,40,4,0,0,0,0.72
fold2_room1_mix0341,40,4,0,179,0,1.63
fold2_room1_mix0341,41,0,0,2,0,37.70
fold2_room1_mix0341,41,4,0,0,-1,0.89
fold2_room1_mix0341,41,4,0,-179,0,2.08
fold2_room1_mix0341,42,0,0,3,0,34.62
fold2_room1_mix0341,42,4,0,0,-1,1.09
fold2_room1_mix0341,42,4,0,-177,0,2.62
fold2_room1_mix0341,43,0,0,4,-1,32.26
fold2_room1_mix0341,43,4,0,1,-1,1.17
fold2_room1_mix0341,43,4,0,-177,0,3.01
fold2_room1_mix0341,44,0,0,3,-1,30.98
fold2_room1_mix0341,44,4,0,1,-1,1.01
fold2_room1_mix0341,44,4,0,-176,0,2.97
fold2_room1_mix0341,45,0,0,2,-1,29.77
fold2_room1_mix0341,45,4,0,2,-1,0.86
fold2_room1_mix0341,45,4,0,-176,0,2.91
fold2_room1_mix0341,46,0,0,2,-1,28.31
fold2_room1_mix0341,46,4,0,2,-2,0.73
fold2_room1_mix0341,46,4,0,-175,0,2.87
fold2_room1_mix0341,47,0,0,3,-1,25.76
fold2_room1_mix0341,47,4,0,3,-3,0.63
fold2_room1_mix0341,47,4,0,-175,0,2.94
fold2_room1_mix0341,48,0,0,5,-1,23.32
fold2_room1_mix0341,48,4,0,4,-4,0.55
fold2_room1_mix0341,48,4,0,-174,0,3.01
fold2_room1_mix0341,49,0,0,6,-1,20.52
fold2_room1_mix0341,49,4,0,5,-5,0.49
fold2_room1_mix0341,49,4,0,-174,0,3.13
fold2_room1_mix0341,50,0,0,8,0,13.87
fold2_room1_mix0341,50,4,0,6,-8,0.61
fold2_room1_mix0341,50,4,0,-174,0,3.61
fold2_room1_mix0341,51,0,0,10,0,8.68
fold2_room1_mix0341,51,4,0,8,-10,0.80
fold2_room1_mix0341,51,4,0,-174,-1,4.25
fold2_room1_mix0341,52,0,0,12,0,5.36
fold2_room1_mix0341,52,4,0,10,-13,1.00
fold2_room1_mix0341,52,4,0,-176,-4,3.73
fold2_room1_mix0341,53,0,0,13,-1,4.52
fold2_room1_mix0341,53,4,0,19,-17,0.94
fold2_room1_mix0341,53,4,0,172,-14,2.38
fold2_room1_mix0341,53,4,0,-173,-2,4.99
fold2_room1_mix0341,54,0,0,14,-1,4.49
fold2_room1_mix0341,54,4,0,31,-22,0.77
fold2_room1_mix0341,54,4,0,-172,-3,4.68
fold2_room1_mix0341,55,0,0,12,-1,4.34
fold2_room1_mix0341,55,4,0,44,-27,0.62
fold2_room1_mix0341,55,4,0,-171,-3,4.38
fold2_room1_mix0341,56,0,0,11,-1,4.87
fold2_room1_mix0341,56,4,0,74,-37,0.66
fold2_room1_mix0341,56,4,0,145,-30,1.50
fold2_room1_mix0341,56,4,0,-173,-4,3.81
fold2_room1_mix0341,57,0,0,11,-1,6.28
fold2_room1_mix0341,57,4,0,145,-32,0.92
fold2_room1_mix0341,57,4,0,161,-16,1.65
fold2_room1_mix0341,57,4,0,-176,-4,3.07
fold2_room1_mix0341,58,0,0,9,-1,7.83
fold2_room1_mix0341,58,4,0,169,-18,1.52
fold2_room1_mix0341,58,4,0,179,-5,2.44
fold2_room1_mix0341,59,0,0,9,-1,9.05
fold2_room1_mix0341,59,4,0,-170,-21,1.42
fold2_room1_mix0341,59,4,0,171,-7,2.09
fold2_room1_mix0341,60,0,0,9,-1,9.02
fold2_room1_mix0341,60,4,0,-159,-27,1.32
fold2_room1_mix0341,60,4,0,171,-7,2.37
fold2_room1_mix0341,61,0,0,10,-1,8.96
fold2_room1_mix0341,61,4,0,-70,-46,1.21
fold2_room1_mix0341,61,4,0,171,-6,2.70
fold2_room1_mix0341,62,4,0,-28,-24,1.21
fold2_room1_mix0341,62,4,0,171,-6,3.04
fold2_room1_mix0341,63,4,0,-20,-17,1.67
fold2_room1_mix0341,63,4,0,171,-6,3.32
fold2_room1_mix0341,64,4,0,-15,-12,2.29
fold2_room1_mix0341,64,4,0,168,-5,3.35
fold2_room1_mix0341,65,4,0,-7,-6,3.56
fold2_room1_mix0341,65,4,0,167,-4,3.78
fold2_room1_mix0341,66,4,0,-6,-5,4.15
fold2_room1_mix0341,66,4,0,169,-4,4.38
fold2_room1_mix0341,67,4,0,-6,-4,4.83
fold2_room1_mix0341,67,4,0,170,-3,5.08
fold2_room1_mix0341,68,4,0,-7,-4,5.58
fold2_room1_mix0341,68,4,0,172,-2,5.85
fold2_room1_mix0341,69,0,0,4,0,16.88
fold2_room1_mix0341,69,4,0,-6,-3,5.42
fold2_room1_mix0341,69,4,0,173,-2,5.71
fold2_room1_mix0341,70,0,0,2,0,23.35
fold2_room1_mix0341,70,4,0,-6,-3,4.84
fold2_room1_mix0341,70,4,0,173,-2,5.14
fold2_room1_mix0341,71,0,0,2,0,32.16
fold2_room1_mix0341,71,4,0,-6,-2,4.32
fold2_room1_mix0341,71,4,0,174,-2,4.62
fold2_room1_mix0341,72,0,0,1,0,37.80
fold2_room1_mix0341,72,4,0,-5,-1,3.70
fold2_room1_mix0341,72,4,0,175,-1,3.56
fold2_room1_mix0341,73,0,0,0,0,38.02
fold2_room1_mix0341,73,4,0,-5,-1,2.45
fold2_room1_mix0341,73,4,0,176,-1,2.28
fold2_room1_mix0341,74,0,0,0,0,38.25
fold2_room1_mix0341,74,4,0,-4,-1,1.54
fold2_room1_mix0341,74,4,0,177,-1,1.36
fold2_room1_mix0341,75,0,0,0,0,40.10
fold2_room1_mix0341,75,4,0,-4,-1,0.90
fold2_room1_mix0341,75,4,0,179,-1,0.76
fold2_room1_mix0341,76,0,0,0,0,45.80
fold2_room1_mix0341,76,4,0,-3,-1,0.49
fold2_room1_mix0341,77,0,0,0,0,52.43
fold2_room1_mix0341,78,0,0,0,0,58.19
fold2_room1_mix0341,79,0,0,0,0,56.95
fold2_room1_mix0341,80,0,0,0,0,54.98
fold2_room1_mix0341,81,0,0,0,0,53.31
fold2_room1_mix0341,81,4,0,-3,-1,0.40
fold2_room1_mix0341,82,0,0,0,0,53.83
fold2_room1_mix0341,82,4,0,-2,-1,0.49
fold2_room1_mix0341,83,0,0,0,0,54.90
fold2_room1_mix0341,83,4,0,-2,0,0.55
fold2_room1_mix0341,84,0,0,0,0,56.04
fold2_room1_mix0341,84,4,0,-1,0,0.62
fold2_room1_mix0341,85,0,0,0,0,58.94
fold2_room1_mix0341,85,4,0,0,0,0.47
fold2_room1_mix0341,86,0,0,0,0,62.88
fold2_room1_mix0341,87,0,0,0,0,67.09
fold2_room1_mix0341,88,0,0,0,0,69.47
fold2_room1_mix0341,89,0,0,0,0,69.82
fold2_room1_mix0341,90,0,0,0,0,70.17
fold2_room1_mix0341,91,0,0,0,0,69.25
fold2_room1_mix0341,92,0,0,0,0,65.83
fold2_room1_mix0341,93,0,0,0,0,62.51
fold2_room1_mix0341,94,0,0,0,0,60.21
fold2_room1_mix0341,95,0,0,0,0,61.54
fold2_room1_mix0341,96,0,0,0,0,63.30
fold2_room1_mix0341,97,0,0,-1,0,64.64
fold2_room1_mix0341,98,0,0,0,0,61.63
fold2_room1_mix0341,99,0,0,0,0,57.79
fold2_room1_mix0420,39,1,0,111,-1,7.60
fold2_room1_mix0420,40,1,0,111,-1,7.44
fold2_room1_mix0420,68,4,0,9,-1,2.33
fold2_room1_mix0420,69,4,0,6,-1,3.29
fold2_room1_mix0420,70,4,0,7,-1,5.24
fold2_room1_mix0420,71,4,0,8,-1,8.07
fold2_room1_mix0420,72,4,0,9,-1,9.16
fold2_room1_mix0420,73,4,0,10,-1,7.77
fold2_room1_mix0420,74,4,0,10,-1,6.58
fold2_room1_mix0420,75,4,0,11,-2,5.68
fold2_room1_mix0420,76,4,0,12,-2,5.16
fold2_room1_mix0420,77,4,0,13,-2,4.68
fold2_room1_mix0420,78,4,0,14,-3,4.22
fold2_room1_mix0420,79,4,0,16,-3,3.76
fold2_room1_mix0420,80,4,0,17,-3,3.33
fold2_room1_mix0420,81,4,0,19,-3,2.91
fold2_room1_mix0420,82,4,0,28,-5,2.33
fold2_room1_mix0420,83,4,0,37,-6,1.80
fold2_room1_mix0420,84,4,0,45,-8,1.35
fold2_room1_mix0420,85,4,0,58,-10,1.17
fold2_room1_mix0420,86,4,0,84,-11,1.08
fold2_room1_mix0420,87,4,0,113,-11,1.00
fold2_room1_mix0420,88,4,0,128,-8,1.14
fold2_room1_mix0420,89,4,0,139,-6,1.55
fold2_room1_mix0420,90,4,0,150,-5,2.04
fold2_room1_mix0420,91,4,0,159,-3,2.52
fold2_room1_mix0420,92,4,0,161,-3,2.89
fold2_room1_mix0420,93,4,0,163,-3,3.29
fold2_room1_mix0420,94,4,0,164,-3,3.72
fold2_room1_mix0420,95,4,0,165,-3,4.20
fold2_room1_mix0420,96,4,0,166,-2,4.72
fold2_room1_mix0420,97,4,0,167,-2,5.25
fold2_room1_mix0420,98,4,0,168,-2,5.43
fold2_room1_mix0420,99,4,0,169,-2,5.52
fold2_room1_mix0420,67,4,0,9,-1,2.27
fold2_room1_mix0459,0,0,0,-7,0,50.61
fold2_room1_mix0459,1,0,0,-7,0,50.40
fold2_room1_mix0459,2,0,0,-7,0,48.26
fold2_room1_mix0459,3,0,0,-6,0,45.76
fold2_room1_mix0459,4,0,0,-6,0,43.45
fold2_room1_mix0459,5,0,0,-6,0,43.01
fold2_room1_mix0459,6,0,0,-7,0,43.44
fold2_room1_mix0459,7,0,0,-7,0,43.87
fold2_room1_mix0459,8,0,0,-7,0,43.33
fold2_room1_mix0459,9,0,0,-7,0,41.86
fold2_room1_mix0459,10,0,0,-7,0,40.44
fold2_room1_mix0459,11,0,0,-7,0,39.58
fold2_room1_mix0459,12,0,0,-7,0,39.81
fold2_room1_mix0459,13,0,0,-7,0,40.08
fold2_room1_mix0459,14,0,0,-7,0,40.07
fold2_room1_mix0459,15,0,0,-7,0,38.93
fold2_room1_mix0459,16,0,0,-7,0,37.71
fold2_room1_mix0459,17,0,0,-7,0,36.44
fold2_room1_mix0459,18,0,0,-7,0,34.48
fold2_room1_mix0459,19,0,0,-7,-1,32.46
fold2_room1_mix0459,20,0,0,-7,-1,30.55
fold2_room1_mix0459,21,0,0,-7,-1,28.69
fold2_room1_mix0459,22,0,0,-7,-1,26.91
fold2_room1_mix0459,23,0,0,-7,-1,25.23
fold2_room1_mix0459,24,0,0,-8,-1,23.76
fold2_room1_mix0459,25,0,0,-8,-1,22.48
fold2_room1_mix0459,26,0,0,-8,-1,21.26
fold2_room1_mix0459,27,0,0,-9,-1,20.06
fold2_room1_mix0459,28,0,0,-9,-1,18.87
fold2_room1_mix0459,29,0,0,-10,-1,17.75
fold2_room1_mix0459,30,0,0,-10,-1,16.67
fold2_room1_mix0459,31,0,0,-11,-1,15.63
fold2_room1_mix0459,32,0,0,-12,-2,14.64
fold2_room1_mix0459,33,0,0,-13,-2,13.72
fold2_room1_mix0459,34,0,0,-14,-2,12.88
fold2_room1_mix0459,35,0,0,-16,-2,12.11
fold2_room1_mix0459,36,0,0,-17,-2,11.37
fold2_room1_mix0459,37,0,0,-19,-2,10.59
fold2_room1_mix0459,38,0,0,-20,-3,9.82
fold2_room1_mix0459,39,0,0,-21,-3,9.10
fold2_room1_mix0459,40,0,0,-23,-3,8.22
fold2_room1_mix0459,41,0,0,-26,-3,7.24
fold2_room1_mix0459,42,0,0,-29,-4,6.35
fold2_room1_mix0459,43,0,0,-37,-4,5.48
fold2_room1_mix0459,44,0,0,-50,-4,4.56
fold2_room1_mix0459,45,0,0,-63,-5,3.76
fold2_room1_mix0459,46,0,0,-76,-5,3.23
fold2_room1_mix0459,47,0,0,-92,-6,3.34
fold2_room1_mix0459,48,0,0,-108,-6,3.52
fold2_room1_mix0459,49,0,0,-122,-5,3.74
fold2_room1_mix0459,50,0,0,-130,-5,4.38
fold2_room1_mix0459,51,0,0,-138,-5,5.21
fold2_room1_mix0459,52,0,0,-146,-4,6.16
fold2_room1_mix0459,53,0,0,-152,-4,7.11
fold2_room1_mix0459,54,0,0,-155,-3,8.10
fold2_room1_mix0459,55,0,0,-158,-3,9.22
fold2_room1_mix0459,56,0,0,-161,-2,10.32
fold2_room1_mix0459,57,0,0,-162,-2,11.37
fold2_room1_mix0459,58,0,0,-164,-2,12.52
fold2_room1_mix0459,59,0,0,-165,-2,13.65
fold2_room1_mix0459,60,0,0,-166,-2,14.60
fold2_room1_mix0459,61,0,0,-167,-2,15.60
fold2_room1_mix0459,62,0,0,-169,-1,16.70
fold2_room1_mix0459,63,0,0,-169,-1,18.02
fold2_room1_mix0459,64,0,0,-170,-1,19.46
fold2_room1_mix0459,65,0,0,-171,-1,20.98
fold2_room1_mix0459,66,0,0,-171,-1,22.40
fold2_room1_mix0459,67,0,0,-171,-1,23.87
fold2_room1_mix0459,68,0,0,-171,-1,25.40
fold2_room1_mix0459,69,0,0,-171,-1,26.40
fold2_room1_mix0459,70,0,0,-171,-1,27.12
fold2_room1_mix0459,71,0,0,-171,-1,27.86
fold2_room1_mix0459,72,0,0,-171,-1,28.67
fold2_room1_mix0459,73,0,0,-172,-1,29.55
fold2_room1_mix0459,74,0,0,-172,-1,30.46
fold2_room1_mix0459,75,0,0,-172,-1,31.45
fold2_room1_mix0459,76,0,0,-172,-1,32.60
fold2_room1_mix0459,77,0,0,-172,-1,33.78
fold2_room1_mix0459,78,0,0,-172,-1,34.59
fold2_room1_mix0459,79,0,0,-173,-1,33.71
fold2_room1_mix0459,80,0,0,-173,-1,32.67
fold2_room1_mix0459,81,0,0,-173,-1,31.71
fold2_room1_mix0459,82,0,0,-173,-1,31.18
fold2_room1_mix0459,82,4,0,-172,-5,1.32
fold2_room1_mix0459,83,0,0,-172,-1,30.75
fold2_room1_mix0459,83,4,0,-171,-5,2.10
fold2_room1_mix0459,84,0,0,-171,-1,30.35
fold2_room1_mix0459,84,4,0,-168,-6,3.10
fold2_room1_mix0459,85,0,0,-171,-1,30.34
fold2_room1_mix0459,85,4,0,-158,-10,2.73
fold2_room1_mix0459,86,0,0,-172,-1,30.52
fold2_room1_mix0459,86,4,0,-143,-17,1.82
fold2_room1_mix0459,87,0,0,-172,-1,30.71
fold2_room1_mix0459,87,4,0,-113,-26,1.14
fold2_room1_mix0459,88,0,0,-172,-1,31.36
fold2_room1_mix0459,88,4,0,-68,-26,1.09
fold2_room1_mix0459,89,0,0,-172,-1,32.51
fold2_room1_mix0459,89,4,0,-41,-18,1.62
fold2_room1_mix0459,90,0,0,-172,0,33.70
fold2_room1_mix0459,90,4,0,-26,-12,2.29
fold2_room1_mix0459,91,0,0,-172,0,34.80
fold2_room1_mix0459,91,4,0,-16,-7,2.63
fold2_room1_mix0459,92,0,0,-173,0,35.66
fold2_room1_mix0459,92,4,0,-14,-6,2.06
fold2_room1_mix0459,93,0,0,-174,0,36.53
fold2_room1_mix0459,93,4,0,-12,-6,1.56
fold2_room1_mix0459,94,0,0,-174,0,37.78
fold2_room1_mix0459,94,4,0,-9,-5,1.14
fold2_room1_mix0459,95,0,0,-175,0,40.69
fold2_room1_mix0459,96,0,0,-175,-1,44.00
fold2_room1_mix0459,97,0,0,-175,-1,46.94
fold2_room1_mix0459,98,0,0,-174,-1,44.23
fold2_room1_mix0459,99,0,0,-173,-1,40.43
fold2_room1_mix0469,42,3,0,-117,-3,3.37
fold2_room1_mix0469,43,3,0,-118,-3,4.99
fold2_room1_mix0469,49,4,0,-2,-2,4.09
fold2_room1_mix0469,49,4,0,171,-4,2.90
fold2_room1_mix0469,50,4,0,-3,-2,5.11
fold2_room1_mix0469,50,4,0,172,-4,3.67
fold2_room1_mix0469,51,4,0,-5,-2,6.02
fold2_room1_mix0469,51,4,0,172,-4,4.39
fold2_room1_mix0469,52,4,0,-6,-2,7.03
fold2_room1_mix0469,52,4,0,172,-5,5.20
fold2_room1_mix0469,53,4,0,-8,-3,6.83
fold2_room1_mix0469,53,4,0,172,-5,5.39
fold2_room1_mix0469,54,4,0,-10,-4,6.06
fold2_room1_mix0469,54,4,0,172,-5,5.25
fold2_room1_mix0469,55,4,0,-12,-5,5.37
fold2_room1_mix0469,55,4,0,172,-6,5.12
fold2_room1_mix0469,56,4,0,-16,-7,4.53
fold2_room1_mix0469,56,4,0,171,-7,4.82
fold2_room1_mix0469,57,4,0,-24,-9,3.61
fold2_room1_mix0469,57,4,0,170,-8,4.38
fold2_room1_mix0469,58,4,0,-31,-11,2.84
fold2_room1_mix0469,58,4,0,170,-8,3.98
fold2_room1_mix0469,59,4,0,-39,-14,2.28
fold2_room1_mix0469,59,4,0,168,-9,3.77
fold2_room1_mix0469,60,4,0,-63,-19,1.94
fold2_room1_mix0469,60,4,0,166,-9,3.90
fold2_room1_mix0469,61,4,0,-109,-20,1.64
fold2_room1_mix0469,61,4,0,164,-8,4.04
fold2_room1_mix0469,62,4,0,-130,-16,1.51
fold2_room1_mix0469,62,4,0,162,-8,4.07
fold2_room1_mix0469,63,4,0,-136,-14,1.96
fold2_room1_mix0469,63,4,0,160,-10,3.65
fold2_room1_mix0469,64,4,0,-142,-12,2.58
fold2_room1_mix0469,64,4,0,159,-11,3.22
fold2_room1_mix0469,65,4,0,-149,-10,3.20
fold2_room1_mix0469,65,4,0,158,-13,2.87
fold2_room1_mix0469,66,4,0,-168,-16,2.83
fold2_room1_mix0469,66,4,0,151,-13,2.68
fold2_room1_mix0469,66,4,0,167,-14,3.25
fold2_room1_mix0469,67,4,0,162,-22,2.27
fold2_room1_mix0469,67,4,0,145,-15,2.31
fold2_room1_mix0469,67,4,0,-179,-12,4.19
fold2_room1_mix0469,68,4,0,139,-21,1.89
fold2_room1_mix0469,68,4,0,-168,-10,5.33
fold2_room1_mix0469,69,4,0,131,-23,1.64
fold2_room1_mix0469,69,4,0,-166,-9,6.25
fold2_room1_mix0469,70,4,0,123,-27,1.44
fold2_room1_mix0469,70,4,0,-169,-9,7.05
fold2_room1_mix0469,71,4,0,112,-30,1.26
fold2_room1_mix0469,71,4,0,-172,-10,7.95
fold2_room1_mix0469,72,4,0,91,-34,1.08
fold2_room1_mix0469,72,4,0,109,-28,1.33
fold2_room1_mix0469,72,4,0,-175,-9,8.75
fold2_room1_mix0469,73,4,0,76,-34,1.15
fold2_room1_mix0469,73,4,0,97,-30,1.35
fold2_room1_mix0469,73,4,0,-177,-9,9.42
fold2_room1_mix0469,74,4,0,63,-31,1.21
fold2_room1_mix0469,74,4,0,83,-31,1.38
fold2_room1_mix0469,74,4,0,-179,-9,10.14
fold2_room1_mix0469,75,4,0,60,-29,1.37
fold2_room1_mix0469,75,4,0,179,-8,10.89
fold2_room1_mix0469,76,4,0,50,-25,1.49
fold2_room1_mix0469,76,4,0,179,-7,11.67
fold2_room1_mix0469,77,4,0,41,-21,1.63
fold2_room1_mix0469,77,4,0,179,-5,12.50
fold2_room1_mix0469,78,4,0,34,-18,1.78
fold2_room1_mix0469,78,4,0,179,-4,13.20
fold2_room1_mix0469,79,4,0,30,-16,1.98
fold2_room1_mix0469,79,4,0,179,-4,13.20
fold2_room1_mix0469,80,4,0,27,-15,2.19
fold2_room1_mix0469,80,4,0,179,-4,13.13
fold2_room1_mix0469,81,4,0,23,-13,2.43
fold2_room1_mix0469,81,4,0,179,-4,12.76
fold2_room1_mix0469,82,4,0,20,-12,2.67
fold2_room1_mix0469,82,4,0,175,-6,10.01
fold2_room1_mix0469,83,4,0,18,-11,2.93
fold2_room1_mix0469,84,4,0,16,-10,3.95
fold2_room1_mix0469,85,4,0,14,-8,3.83
fold2_room1_mix0469,86,4,0,13,-8,3.84
fold2_room1_mix0469,87,4,0,13,-7,3.87
fold2_room1_mix0469,88,4,0,12,-7,4.03
fold2_room1_mix0469,89,4,0,12,-7,4.33
fold2_room1_mix0469,90,4,0,12,-7,4.64
fold2_room1_mix0469,91,4,0,12,-6,5.03
fold2_room1_mix0469,92,4,0,11,-5,5.57
fold2_room1_mix0469,93,4,0,10,-5,6.19
fold2_room1_mix0469,94,4,0,9,-4,6.60
fold2_room1_mix0469,95,4,0,8,-4,5.84
fold2_room1_mix0469,96,4,0,7,-4,5.07
fold2_room1_mix0469,97,4,0,7,-4,4.31
fold2_room1_mix0469,98,4,0,6,-4,3.03
fold2_room1_mix0469,99,4,0,4,-3,1.95
fold2_room1_mix0469,48,4,0,172,-3,1.80
fold2_room1_mix0469,47,4,0,176,-2,0.93
fold2_room1_mix0472,64,4,0,-111,-2,1.71
fold2_room1_mix0472,65,4,0,-107,-3,3.15
fold2_room1_mix0472,66,4,0,-106,-3,4.25
fold2_room1_mix0472,67,4,0,-106,-3,5.30
fold2_room1_mix0472,68,4,0,-106,-2,6.56
fold2_room1_mix0472,69,4,0,-100,-2,7.91
fold2_room1_mix0472,70,4,0,-92,-3,9.39
fold2_room1_mix0472,71,4,0,-85,-3,11.13
fold2_room1_mix0472,72,4,0,-80,-2,11.46
fold2_room1_mix0472,73,4,0,-77,-2,10.27
fold2_room1_mix0472,74,4,0,-73,-2,9.20
fold2_room1_mix0472,75,4,0,-70,-2,9.12
fold2_room1_mix0472,76,4,0,-66,-2,11.15
fold2_room1_mix0472,77,4,0,-62,-2,13.68
fold2_room1_mix0472,78,4,0,-60,-2,13.92
fold2_room1_mix0472,79,4,0,-63,-1,6.46
fold2_room1_mix0472,80,4,0,-67,-2,2.46
fold2_room1_mix0474,0,2,0,-89,-2,11.14
fold2_room1_mix0474,1,2,0,-89,-2,11.14
fold2_room1_mix0474,2,2,0,-90,-2,11.18
fold2_room1_mix0474,3,2,0,-90,-2,11.22
fold2_room1_mix0474,4,2,0,-90,-2,11.26
fold2_room1_mix0474,5,2,0,-90,-2,11.23
fold2_room1_mix0474,6,2,0,-90,-2,11.17
fold2_room1_mix0474,7,2,0,-90,-2,11.10
fold2_room1_mix0474,8,2,0,-90,-2,11.25
fold2_room1_mix0474,9,2,0,-90,-2,11.63
fold2_room1_mix0474,10,2,0,-90,-2,12.02
fold2_room1_mix0474,11,2,0,-90,-2,12.24
fold2_room1_mix0474,12,2,0,-90,-2,12.12
fold2_room1_mix0474,13,2,0,-90,-2,11.98
fold2_room1_mix0474,14,2,0,-89,-2,11.80
fold2_room1_mix0474,15,2,0,-90,-2,11.46
fold2_room1_mix0474,16,2,0,-90,-2,11.10
fold2_room1_mix0474,17,2,0,-90,-2,10.79
fold2_room1_mix0474,18,2,0,-90,-2,10.73
fold2_room1_mix0474,19,2,0,-90,-2,10.73
fold2_room1_mix0474,20,2,0,-90,-2,10.75
fold2_room1_mix0474,21,2,0,-90,-2,11.22
fold2_room1_mix0474,22,2,0,-89,-2,11.94
fold2_room1_mix0474,23,2,0,-88,-2,12.70
fold2_room1_mix0474,24,2,0,-88,-2,12.82
fold2_room1_mix0474,25,2,0,-88,-2,12.27
fold2_room1_mix0474,26,2,0,-88,-2,11.75
fold2_room1_mix0474,27,2,0,-88,-2,11.43
fold2_room1_mix0474,28,2,0,-88,-2,11.49
fold2_room1_mix0474,29,2,0,-88,-2,11.57
fold2_room1_mix0474,30,2,0,-88,-2,11.67
fold2_room1_mix0474,31,2,0,-88,-2,11.92
fold2_room1_mix0474,32,2,0,-88,-2,12.18
fold2_room1_mix0474,33,2,0,-88,-2,12.43
fold2_room1_mix0474,34,2,0,-88,-2,12.52
fold2_room1_mix0474,35,2,0,-89,-2,12.57
fold2_room1_mix0474,36,2,0,-89,-2,12.61
fold2_room1_mix0474,37,2,0,-89,-2,12.41
fold2_room1_mix0474,38,2,0,-88,-2,12.11
fold2_room1_mix0474,39,2,0,-87,-2,11.81
fold2_room1_mix0474,40,2,0,-87,-2,11.79
fold2_room1_mix0474,41,2,0,-88,-2,12.05
fold2_room1_mix0474,42,2,0,-89,-2,12.31
fold2_room1_mix0474,43,2,0,-89,-2,12.50
fold2_room1_mix0474,44,2,0,-88,-2,12.55
fold2_room1_mix0474,45,2,0,-88,-2,12.60
fold2_room1_mix0474,46,2,0,-87,-2,12.56
fold2_room1_mix0474,47,2,0,-86,-2,12.18
fold2_room1_mix0474,48,2,0,-85,-2,11.77
fold2_room1_mix0474,49,2,0,-84,-2,11.44
fold2_room1_mix0474,50,2,0,-85,-2,11.70
fold2_room1_mix0474,51,2,0,-85,-2,12.12
fold2_room1_mix0474,52,2,0,-86,-2,12.54
fold2_room1_mix0474,53,2,0,-86,-2,12.49
fold2_room1_mix0474,54,2,0,-86,-2,12.20
fold2_room1_mix0474,55,2,0,-86,-2,11.93
fold2_room1_mix0474,56,2,0,-85,-2,11.81
fold2_room1_mix0474,57,2,0,-84,-2,11.85
fold2_room1_mix0474,58,2,0,-83,-2,11.89
fold2_room1_mix0474,59,2,0,-82,-2,11.95
fold2_room1_mix0474,60,2,0,-83,-2,12.05
fold2_room1_mix0474,61,2,0,-83,-2,12.14
fold2_room1_mix0474,62,2,0,-83,-2,12.15
fold2_room1_mix0474,63,2,0,-83,-2,11.77
fold2_room1_mix0474,64,2,0,-83,-2,11.37
fold2_room1_mix0474,65,2,0,-82,-2,11.03
fold2_room1_mix0474,66,2,0,-82,-2,11.14
fold2_room1_mix0474,67,2,0,-82,-2,11.36
fold2_room1_mix0474,67,4,0,-5,-2,1.06
fold2_room1_mix0474,68,2,0,-83,-2,11.58
fold2_room1_mix0474,68,4,0,-5,-2,1.38
fold2_room1_mix0474,69,2,0,-82,-2,11.45
fold2_room1_mix0474,69,4,0,-5,-2,1.55
fold2_room1_mix0474,70,2,0,-80,-2,11.16
fold2_room1_mix0474,70,4,0,-4,-2,1.64
fold2_room1_mix0474,71,2,0,-79,-2,10.88
fold2_room1_mix0474,71,4,0,-4,-2,1.72
fold2_room1_mix0474,72,2,0,-79,-2,10.78
fold2_room1_mix0474,72,4,0,-5,-3,2.39
fold2_room1_mix0474,73,2,0,-79,-2,10.86
fold2_room1_mix0474,73,4,0,-6,-3,4.01
fold2_room1_mix0474,74,2,0,-80,-2,10.94
fold2_room1_mix0474,74,4,0,-7,-3,6.43
fold2_room1_mix0474,75,2,0,-81,-2,11.00
fold2_room1_mix0474,75,4,0,-9,-4,8.21
fold2_room1_mix0474,76,2,0,-80,-2,11.05
fold2_room1_mix0474,76,4,0,-10,-5,6.92
fold2_room1_mix0474,77,2,0,-80,-2,11.09
fold2_room1_mix0474,77,4,0,-12,-5,5.74
fold2_room1_mix0474,78,2,0,-79,-2,11.15
fold2_room1_mix0474,78,4,0,-14,-6,4.76
fold2_room1_mix0474,79,2,0,-78,-2,11.30
fold2_room1_mix0474,79,4,0,-16,-7,4.02
fold2_room1_mix0474,80,2,0,-78,-2,11.45
fold2_room1_mix0474,80,4,0,-19,-8,3.39
fold2_room1_mix0474,81,2,0,-77,-2,11.60
fold2_room1_mix0474,81,4,0,-22,-9,2.83
fold2_room1_mix0474,82,2,0,-76,-2,11.65
fold2_room1_mix0474,82,4,0,-35,-13,2.27
fold2_room1_mix0474,83,2,0,-75,-2,11.67
fold2_room1_mix0474,83,4,0,-51,-18,1.77
fold2_room1_mix0474,84,2,0,-74,-2,11.71
fold2_room1_mix0474,84,4,0,-74,-24,1.36
fold2_room1_mix0474,85,2,0,-74,-2,12.16
fold2_room1_mix0474,85,4,0,-105,-24,1.45
fold2_room1_mix0474,86,2,0,-74,-2,12.84
fold2_room1_mix0474,86,4,0,-130,-18,1.79
fold2_room1_mix0474,87,2,0,-73,-2,13.56
fold2_room1_mix0474,87,4,0,-145,-14,2.17
fold2_room1_mix0474,88,2,0,-73,-2,13.57
fold2_room1_mix0474,88,4,0,-154,-11,2.67
fold2_room1_mix0474,89,2,0,-72,-2,12.88
fold2_room1_mix0474,89,4,0,-158,-9,3.32
fold2_room1_mix0474,90,2,0,-72,-2,12.21
fold2_room1_mix0474,90,4,0,-162,-7,4.07
fold2_room1_mix0474,91,2,0,-71,-2,11.95
fold2_room1_mix0474,91,4,0,-165,-6,4.84
fold2_room1_mix0474,92,2,0,-71,-2,12.48
fold2_room1_mix0474,92,4,0,-167,-5,5.46
fold2_room1_mix0474,93,2,0,-70,-2,13.06
fold2_room1_mix0474,93,4,0,-168,-4,6.13
fold2_room1_mix0474,94,2,0,-70,-2,13.52
fold2_room1_mix0474,94,4,0,-169,-4,6.53
fold2_room1_mix0474,95,2,0,-71,-2,13.41
fold2_room1_mix0474,95,4,0,-170,-3,5.67
fold2_room1_mix0474,96,2,0,-73,-1,13.24
fold2_room1_mix0474,96,4,0,-170,-3,4.79
fold2_room1_mix0474,97,2,0,-74,-1,13.04
fold2_room1_mix0474,97,4,0,-169,-3,3.93
fold2_room1_mix0474,98,2,0,-74,-1,12.57
fold2_room1_mix0474,98,4,0,-168,-3,2.51
fold2_room1_mix0474,99,2,0,-74,-2,12.06
fold2_room1_mix0474,99,4,0,-166,-5,1.38
fold2_room1_mix0482,2,5,0,-178,1,5.11
fold2_room1_mix0482,3,5,0,-177,1,15.37
fold2_room1_mix0482,4,5,0,-176,2,41.74
fold2_room1_mix0482,5,5,0,-176,2,47.32
fold2_room1_mix0482,6,5,0,-175,2,35.43
fold2_room1_mix0482,7,5,0,-174,2,26.49
fold2_room1_mix0482,8,5,0,-174,2,23.34
fold2_room1_mix0482,9,5,0,-174,2,24.26
fold2_room1_mix0482,10,5,0,-173,1,25.22
fold2_room1_mix0482,11,5,0,-173,1,24.37
fold2_room1_mix0482,12,5,0,-173,1,20.23
fold2_room1_mix0482,12,7,0,178,0,1.22
fold2_room1_mix0482,13,5,0,-173,1,16.69
fold2_room1_mix0482,13,7,0,178,0,1.49
fold2_room1_mix0482,14,5,0,-172,1,14.52
fold2_room1_mix0482,14,7,0,178,0,1.71
fold2_room1_mix0482,15,5,0,-172,1,15.82
fold2_room1_mix0482,15,7,0,178,0,1.58
fold2_room1_mix0482,16,5,0,-172,1,17.65
fold2_room1_mix0482,16,7,0,178,0,1.43
fold2_room1_mix0482,17,5,0,-172,1,19.49
fold2_room1_mix0482,17,7,0,178,0,1.29
fold2_room1_mix0482,18,5,0,-171,1,19.72
fold2_room1_mix0482,18,7,0,178,0,1.20
fold2_room1_mix0482,19,5,0,-171,1,19.54
fold2_room1_mix0482,19,7,0,179,0,1.14
fold2_room1_mix0482,20,5,0,-170,1,19.31
fold2_room1_mix0482,20,7,0,179,0,1.08
fold2_room1_mix0482,21,5,0,-169,1,17.64
fold2_room1_mix0482,21,7,0,179,0,1.27
fold2_room1_mix0482,22,5,0,-169,1,15.51
fold2_room1_mix0482,22,7,0,179,0,1.63
fold2_room1_mix0482,23,5,0,-168,0,13.62
fold2_room1_mix0482,23,7,0,179,0,2.03
fold2_room1_mix0482,24,5,0,-168,0,13.75
fold2_room1_mix0482,24,7,0,-179,0,1.82
fold2_room1_mix0482,25,5,0,-169,0,15.97
fold2_room1_mix0482,26,5,0,-169,1,18.51
fold2_room1_mix0482,27,5,0,-170,1,20.35
fold2_room1_mix0482,28,5,0,-170,1,20.05
fold2_room1_mix0482,29,5,0,-171,1,19.70
fold2_room1_mix0482,30,5,0,-172,0,18.39
fold2_room1_mix0482,31,5,0,-172,0,13.90
fold2_room1_mix0482,32,4,0,-169,-2,1.52
fold2_room1_mix0482,32,4,0,174,0,2.01
fold2_room1_mix0482,32,5,0,-173,0,10.20
fold2_room1_mix0482,33,4,0,-166,-1,2.29
fold2_room1_mix0482,33,4,0,170,0,3.17
fold2_room1_mix0482,33,5,0,-173,0,7.59
fold2_room1_mix0482,34,4,0,-164,-2,2.06
fold2_room1_mix0482,34,4,0,168,0,3.11
fold2_room1_mix0482,34,5,0,-174,0,6.85
fold2_room1_mix0482,35,4,0,-161,-2,1.63
fold2_room1_mix0482,35,4,0,166,0,2.73
fold2_room1_mix0482,35,5,0,-175,0,6.49
fold2_room1_mix0482,36,4,0,-159,-2,1.27
fold2_room1_mix0482,36,4,0,165,0,2.40
fold2_room1_mix0482,36,5,0,-176,0,6.12
fold2_room1_mix0482,37,4,0,-159,-3,1.27
fold2_room1_mix0482,37,4,0,163,0,2.50
fold2_room1_mix0482,37,5,0,-176,0,5.20
fold2_room1_mix0482,38,4,0,-160,-3,1.45
fold2_room1_mix0482,38,4,0,162,0,2.84
fold2_room1_mix0482,38,5,0,-177,0,4.17
fold2_room1_mix0482,39,4,0,-165,-3,1.88
fold2_room1_mix0482,39,4,0,160,0,3.21
fold2_room1_mix0482,39,5,0,-177,0,3.31
fold2_room1_mix0482,40,4,0,-166,-2,1.95
fold2_room1_mix0482,40,4,0,159,0,3.21
fold2_room1_mix0482,40,5,0,-178,0,2.79
fold2_room1_mix0482,41,4,0,-168,-2,1.87
fold2_room1_mix0482,41,4,0,157,0,2.85
fold2_room1_mix0482,41,5,0,-178,0,2.51
fold2_room1_mix0482,42,4,0,-172,-1,1.86
fold2_room1_mix0482,42,4,0,155,-1,2.52
fold2_room1_mix0482,42,5,0,-178,0,2.26
fold2_room1_mix0482,43,4,0,-171,0,1.65
fold2_room1_mix0482,43,4,0,151,-1,2.35
fold2_room1_mix0482,43,5,0,-178,0,1.86
fold2_room1_mix0482,44,4,0,-160,-2,1.04
fold2_room1_mix0482,44,4,0,144,0,2.45
fold2_room1_mix0482,44,5,0,-178,0,1.23
fold2_room1_mix0482,45,4,0,-151,-3,0.57
fold2_room1_mix0482,45,4,0,137,0,2.57
fold2_room1_mix0482,45,5,0,179,-1,0.58
fold2_room1_mix0482,46,4,0,-143,-5,0.25
fold2_room1_mix0482,46,4,0,131,1,2.58
fold2_room1_mix0482,47,4,0,-130,-6,0.18
fold2_room1_mix0482,47,4,0,124,0,2.20
fold2_room1_mix0482,48,4,0,-118,-7,0.13
fold2_room1_mix0482,48,4,0,115,-1,1.83
fold2_room1_mix0482,49,4,0,-103,-8,0.11
fold2_room1_mix0482,49,4,0,107,-2,1.55
fold2_room1_mix0482,50,4,0,-87,-8,0.32
fold2_room1_mix0482,50,4,0,106,-2,1.75
fold2_room1_mix0482,51,4,0,-70,-8,0.64
fold2_room1_mix0482,51,4,0,107,-2,2.11
fold2_room1_mix0482,52,4,0,-58,-6,1.04
fold2_room1_mix0482,52,4,0,109,-3,2.51
fold2_room1_mix0482,53,4,0,-50,-5,1.26
fold2_room1_mix0482,53,4,0,104,-3,2.67
fold2_room1_mix0482,54,4,0,-43,-5,1.37
fold2_room1_mix0482,54,4,0,94,-3,2.69
fold2_room1_mix0482,55,4,0,-36,-4,1.49
fold2_room1_mix0482,55,4,0,83,-2,2.72
fold2_room1_mix0482,56,4,0,-31,-3,1.74
fold2_room1_mix0482,56,4,0,-4,-5,1.57
fold2_room1_mix0482,56,4,0,75,-2,3.04
fold2_room1_mix0482,57,4,0,-28,-3,2.16
fold2_room1_mix0482,57,4,0,-7,-4,1.90
fold2_room1_mix0482,57,4,0,70,-1,3.73
fold2_room1_mix0482,58,4,0,-25,-2,2.66
fold2_room1_mix0482,58,4,0,-8,-3,2.26
fold2_room1_mix0482,58,4,0,64,-1,4.54
fold2_room1_mix0482,59,4,0,-16,-2,2.84
fold2_room1_mix0482,59,4,0,59,0,5.07
fold2_room1_mix0482,60,4,0,-13,-2,3.02
fold2_room1_mix0482,60,4,0,56,-1,4.81
fold2_room1_mix0482,61,4,0,-11,-2,3.22
fold2_room1_mix0482,61,4,0,53,-1,4.53
fold2_room1_mix0482,62,4,0,-8,-1,3.33
fold2_room1_mix0482,62,4,0,51,-1,4.21
fold2_room1_mix0482,63,4,0,-7,-1,3.12
fold2_room1_mix0482,63,4,0,50,-1,3.73
fold2_room1_mix0482,64,4,0,-7,-1,2.88
fold2_room1_mix0482,64,4,0,48,-1,3.27
fold2_room1_mix0482,65,4,0,-11,0,3.55
fold2_room1_mix0482,65,4,0,47,-1,2.90
fold2_room1_mix0482,66,4,0,-10,0,3.69
fold2_room1_mix0482,66,4,0,43,-1,2.92
fold2_room1_mix0482,67,4,0,-9,0,3.90
fold2_room1_mix0482,67,4,0,39,-1,3.03
fold2_room1_mix0482,68,4,0,-8,0,4.10
fold2_room1_mix0482,68,4,0,35,-1,3.13
fold2_room1_mix0482,69,4,0,-9,0,3.60
fold2_room1_mix0482,69,4,0,34,-1,2.86
fold2_room1_mix0482,70,4,0,-12,0,2.88
fold2_room1_mix0482,70,4,0,34,0,2.46
fold2_room1_mix0482,71,4,0,-14,0,2.26
fold2_room1_mix0482,71,4,0,34,0,2.09
fold2_room1_mix0482,72,4,0,-16,0,1.69
fold2_room1_mix0482,72,4,0,36,0,1.60
fold2_room1_mix0482,73,4,0,-19,0,1.17
fold2_room1_mix0482,73,4,0,40,-1,1.05
fold2_room1_mix0482,74,4,0,-23,0,0.75
fold2_room1_mix0482,74,4,0,48,-2,0.61
fold2_room1_mix0482,75,4,0,-28,0,0.49
fold2_room1_mix0482,76,4,0,-29,0,0.42
fold2_room1_mix0482,78,7,0,-2,0,1.81
fold2_room1_mix0482,79,7,0,-2,0,1.90
fold2_room1_mix0482,80,4,0,-27,0,0.58
fold2_room1_mix0482,80,7,0,-2,0,1.97
fold2_room1_mix0482,81,4,0,-26,0,0.71
fold2_room1_mix0482,81,7,0,-2,0,2.07
fold2_room1_mix0482,82,4,0,-27,0,0.62
fold2_room1_mix0482,82,7,0,-2,0,2.27
fold2_room1_mix0482,83,7,0,-2,0,2.52
fold2_room1_mix0482,84,7,0,-2,0,2.79
fold2_room1_mix0482,85,7,0,-2,0,2.82
fold2_room1_mix0482,86,7,0,-2,0,2.73
fold2_room1_mix0482,87,7,0,-2,0,2.65
fold2_room1_mix0482,88,7,0,-2,0,2.86
fold2_room1_mix0482,89,7,0,-1,0,3.41
fold2_room1_mix0482,90,7,0,-1,0,4.04
fold2_room1_mix0482,91,7,0,-1,0,4.62
fold2_room1_mix0482,92,7,0,-1,0,4.94
fold2_room1_mix0482,93,7,0,-1,0,5.28
fold2_room1_mix0482,94,7,0,-1,0,5.57
fold2_room1_mix0482,95,7,0,-1,0,5.60
fold2_room1_mix0482,96,7,0,0,0,5.61
fold2_room1_mix0482,97,7,0,0,0,5.30
fold2_room1_mix0482,98,7,0,0,0,2.80
fold2_room1_mix0482,1,5,0,179,1,2.33
fold2_room1_mix0492,0,2,0,111,-4,4.95
fold2_room1_mix0492,1,2,0,110,-4,4.95
fold2_room1_mix0492,2,2,0,108,-4,5.01
fold2_room1_mix0492,3,2,0,105,-5,5.09
fold2_room1_mix0492,4,2,0,102,-5,5.16
fold2_room1_mix0492,5,2,0,99,-5,5.23
fold2_room1_mix0492,6,2,0,97,-5,5.31
fold2_room1_mix0492,7,2,0,95,-6,5.38
fold2_room1_mix0492,8,2,0,94,-6,5.31
fold2_room1_mix0492,9,2,0,95,-6,5.10
fold2_room1_mix0492,10,2,0,95,-6,4.89
fold2_room1_mix0492,11,2,0,94,-6,4.74
fold2_room1_mix0492,12,2,0,90,-6,4.68
fold2_room1_mix0492,13,2,0,86,-6,4.63
fold2_room1_mix0492,14,2,0,83,-6,4.59
fold2_room1_mix0492,15,2,0,81,-6,4.61
fold2_room1_mix0492,16,2,0,79,-6,4.64
fold2_room1_mix0492,17,2,0,76,-6,4.68
fold2_room1_mix0492,18,2,0,74,-6,4.81
fold2_room1_mix0492,19,2,0,71,-6,4.97
fold2_room1_mix0492,20,2,0,68,-7,5.13
fold2_room1_mix0492,21,2,0,63,-7,5.22
fold2_room1_mix0492,22,2,0,56,-6,5.28
fold2_room1_mix0492,23,2,0,50,-6,5.33
fold2_room1_mix0492,24,2,0,40,-7,5.55
fold2_room1_mix0492,24,2,0,42,-7,5.53
fold2_room1_mix0492,25,2,0,6,-8,5.95
fold2_room1_mix0492,25,2,0,-11,-8,5.98
fold2_room1_mix0492,25,2,0,22,-8,5.89
fold2_room1_mix0492,26,2,0,-31,-6,6.38
fold2_room1_mix0492,26,2,0,-8,-8,6.30
fold2_room1_mix0492,27,2,0,-39,-5,6.56
fold2_room1_mix0492,28,2,0,-43,-5,6.29
fold2_room1_mix0492,29,2,0,-46,-5,6.01
fold2_room1_mix0492,30,2,0,-49,-4,5.83
fold2_room1_mix0492,31,2,0,-50,-5,5.99
fold2_room1_mix0492,32,2,0,-55,-4,6.21
fold2_room1_mix0492,32,2,0,-40,-7,6.13
fold2_room1_mix0492,33,2,0,-57,-4,6.37
fold2_room1_mix0492,33,2,0,-37,-8,6.29
fold2_room1_mix0492,34,2,0,-55,-5,6.15
fold2_room1_mix0492,35,2,0,-56,-5,5.87
fold2_room1_mix0492,36,2,0,-56,-5,5.61
fold2_room1_mix0492,37,2,0,-59,-5,5.47
fold2_room1_mix0492,38,2,0,-62,-4,5.39
fold2_room1_mix0492,39,2,0,-64,-4,5.31
fold2_room1_mix0492,40,2,0,-66,-5,5.29
fold2_room1_mix0492,41,2,0,-70,-5,5.35
fold2_room1_mix0492,42,2,0,-74,-5,5.40
fold2_room1_mix0492,43,2,0,-77,-5,5.38
fold2_room1_mix0492,44,2,0,-79,-5,5.21
fold2_room1_mix0492,45,2,0,-77,-5,5.05
fold2_room1_mix0492,46,2,0,-73,-5,4.99
fold2_room1_mix0492,46,2,0,-77,-5,4.94
fold2_room1_mix0492,47,2,0,-82,-5,4.97
fold2_room1_mix0492,49,2,0,109,-5,5.01
fold2_room1_mix0492,49,2,0,-104,-8,5.02
fold2_room1_mix0492,49,2,0,-82,-5,5.10
fold2_room1_mix0492,50,2,0,118,-7,5.15
fold2_room1_mix0492,50,2,0,-97,-6,5.19
fold2_room1_mix0492,51,2,0,-124,-9,5.33
fold2_room1_mix0492,51,2,0,-106,-6,5.35
fold2_room1_mix0492,52,2,0,-108,-5,5.49
fold2_room1_mix0492,53,2,0,-110,-5,5.49
fold2_room1_mix0492,54,2,0,-113,-4,5.41
fold2_room1_mix0492,54,2,0,-137,-8,5.43
fold2_room1_mix0492,55,2,0,-118,-5,5.33
fold2_room1_mix0492,56,2,0,-119,-4,5.41
fold2_room1_mix0492,57,2,0,-122,-4,5.65
fold2_room1_mix0492,58,2,0,-125,-4,5.90
fold2_room1_mix0492,59,2,0,-128,-4,6.08
fold2_room1_mix0492,60,2,0,-132,-4,6.08
fold2_room1_mix0492,61,2,0,-137,-4,6.08
fold2_room1_mix0492,61,4,0,142,-2,1.92
fold2_room1_mix0492,62,2,0,-135,-4,6.13
fold2_room1_mix0492,62,2,0,-135,-4,6.13
fold2_room1_mix0492,62,4,0,144,-2,2.79
fold2_room1_mix0492,63,2,0,-141,-4,6.64
fold2_room1_mix0492,63,4,0,143,-2,1.99
fold2_room1_mix0492,64,2,0,-140,-4,7.19
fold2_room1_mix0492,64,4,0,143,-3,1.36
fold2_room1_mix0492,65,2,0,-140,-4,7.71
fold2_room1_mix0492,65,4,0,143,-3,0.97
fold2_room1_mix0492,66,2,0,-139,-3,7.58
fold2_room1_mix0492,66,4,0,142,-3,1.82
fold2_room1_mix0492,67,2,0,-140,-3,7.31
fold2_room1_mix0492,67,4,0,141,-2,3.42
fold2_room1_mix0492,68,2,0,-140,-3,7.05
fold2_room1_mix0492,68,4,0,140,-2,5.98
fold2_room1_mix0492,69,2,0,-136,-3,7.03
fold2_room1_mix0492,69,2,0,-155,-4,7.13
fold2_room1_mix0492,69,4,0,138,-2,7.07
fold2_room1_mix0492,70,2,0,-143,-4,7.20
fold2_room1_mix0492,70,4,0,136,-2,7.01
fold2_room1_mix0492,71,2,0,-145,-4,7.35
fold2_room1_mix0492,71,4,0,134,-2,6.96
fold2_room1_mix0492,72,2,0,-146,-4,7.46
fold2_room1_mix0492,72,4,0,132,-2,7.15
fold2_room1_mix0492,73,2,0,-146,-4,7.54
fold2_room1_mix0492,73,4,0,132,-2,7.58
fold2_room1_mix0492,74,2,0,-146,-4,7.62
fold2_room1_mix0492,74,4,0,131,-2,8.04
fold2_room1_mix0492,75,2,0,-146,-4,7.65
fold2_room1_mix0492,75,4,0,130,-2,8.26
fold2_room1_mix0492,76,2,0,-146,-4,7.59
fold2_room1_mix0492,76,4,0,127,-2,7.94
fold2_room1_mix0492,77,2,0,-146,-4,7.52
fold2_room1_mix0492,77,4,0,124,-2,7.61
fold2_room1_mix0492,78,2,0,-147,-4,7.47
fold2_room1_mix0492,78,4,0,122,-2,7.30
fold2_room1_mix0492,79,2,0,-153,-4,7.46
fold2_room1_mix0492,79,4,0,120,-2,7.01
fold2_room1_mix0492,80,2,0,-160,-5,7.46
fold2_room1_mix0492,80,4,0,118,-2,6.72
fold2_room1_mix0492,81,2,0,-151,-4,7.42
fold2_room1_mix0492,81,2,0,-177,-5,7.50
fold2_room1_mix0492,81,4,0,117,-2,6.46
fold2_room1_mix0492,82,2,0,-167,-5,7.63
fold2_room1_mix0492,82,4,0,114,-3,6.34
fold2_room1_mix0492,83,2,0,-161,-5,7.81
fold2_room1_mix0492,83,2,0,-158,-5,7.79
fold2_room1_mix0492,83,4,0,111,-3,6.26
fold2_room1_mix0492,84,2,0,-172,-5,8.05
fold2_room1_mix0492,84,2,0,-147,-4,7.93
fold2_room1_mix0492,84,4,0,107,-3,6.17
fold2_room1_mix0492,85,2,0,-177,-5,8.00
fold2_room1_mix0492,85,2,0,-150,-5,7.89
fold2_room1_mix0492,85,4,0,104,-3,6.07
fold2_room1_mix0492,86,2,0,176,-5,7.83
fold2_room1_mix0492,86,2,0,-158,-5,7.75
fold2_room1_mix0492,86,4,0,101,-3,5.96
fold2_room1_mix0492,87,2,0,169,-5,7.67
fold2_room1_mix0492,87,2,0,-170,-5,7.62
fold2_room1_mix0492,87,4,0,97,-3,5.85
fold2_room1_mix0492,88,2,0,170,-5,7.62
fold2_room1_mix0492,88,4,0,93,-3,5.76
fold2_room1_mix0492,89,2,0,168,-5,7.70
fold2_room1_mix0492,89,4,0,89,-3,5.68
fold2_room1_mix0492,90,2,0,166,-5,7.78
fold2_room1_mix0492,90,4,0,84,-3,5.61
fold2_room1_mix0492,91,2,0,163,-5,7.98
fold2_room1_mix0492,91,4,0,81,-3,5.57
fold2_room1_mix0492,92,2,0,159,-5,8.43
fold2_room1_mix0492,92,4,0,79,-3,5.62
fold2_room1_mix0492,93,2,0,155,-5,8.91
fold2_room1_mix0492,93,4,0,76,-3,5.67
fold2_room1_mix0492,94,2,0,152,-5,9.09
fold2_room1_mix0492,94,4,0,74,-3,5.71
fold2_room1_mix0492,95,2,0,149,-5,8.04
fold2_room1_mix0492,95,4,0,69,-3,5.70
fold2_room1_mix0492,96,2,0,144,-5,6.98
fold2_room1_mix0492,96,4,0,64,-3,5.68
fold2_room1_mix0492,97,2,0,138,-5,6.18
fold2_room1_mix0492,97,4,0,60,-3,5.71
fold2_room1_mix0492,98,2,0,138,-4,6.66
fold2_room1_mix0492,98,4,0,58,-3,6.19
fold2_room1_mix0492,99,2,0,139,-3,7.51
fold2_room1_mix0492,99,4,0,56,-2,6.81
fold2_room1_mix0492,48,2,0,-82,-5,5.02
fold2_room1_mix0498,0,0,0,-1,0,75.88
fold2_room1_mix0498,1,0,0,-1,0,75.43
fold2_room1_mix0498,2,0,0,-1,0,70.96
fold2_room1_mix0498,3,0,0,-1,0,65.87
fold2_room1_mix0498,4,0,0,-1,0,61.25
fold2_room1_mix0498,5,0,0,-1,0,60.79
fold2_room1_mix0498,6,0,0,-1,0,62.26
fold2_room1_mix0498,7,0,0,-1,0,63.77
fold2_room1_mix0498,8,0,0,-1,0,64.14
fold2_room1_mix0498,9,0,0,-1,0,63.35
fold2_room1_mix0498,10,0,0,-1,0,62.58
fold2_room1_mix0498,11,0,0,-1,0,62.14
fold2_room1_mix0498,12,0,0,-1,0,62.40
fold2_room1_mix0498,13,0,0,-1,0,62.67
fold2_room1_mix0498,14,0,0,-1,0,62.99
fold2_room1_mix0498,15,0,0,-1,0,63.52
fold2_room1_mix0498,16,0,0,-1,0,64.07
fold2_room1_mix0498,17,0,0,-1,0,64.64
fold2_room1_mix0498,18,0,0,-1,0,65.45
fold2_room1_mix0498,19,0,0,-1,0,66.31
fold2_room1_mix0498,20,0,0,-2,0,67.15
fold2_room1_mix0498,21,0,0,-2,0,66.67
fold2_room1_mix0498,22,0,0,-1,0,65.56
fold2_room1_mix0498,23,0,0,-1,0,64.47
fold2_room1_mix0498,24,0,0,-1,0,63.52
fold2_room1_mix0498,25,0,0,-1,0,62.69
fold2_room1_mix0498,26,0,0,0,0,61.88
fold2_room1_mix0498,27,0,0,0,0,61.43
fold2_room1_mix0498,28,0,0,0,0,61.75
fold2_room1_mix0498,29,0,0,0,0,62.09
fold2_room1_mix0498,30,0,0,0,0,62.19
fold2_room1_mix0498,31,0,0,0,0,61.29
fold2_room1_mix0498,32,0,0,0,0,60.30
fold2_room1_mix0498,33,0,0,0,0,59.49
fold2_room1_mix0498,34,0,0,0,0,60.11
fold2_room1_mix0498,35,0,0,0,0,61.08
fold2_room1_mix0498,36,0,0,0,0,62.05
fold2_room1_mix0498,37,0,0,0,0,62.23
fold2_room1_mix0498,38,0,0,0,0,62.02
fold2_room1_mix0498,39,0,0,0,0,61.81
fold2_room1_mix0498,40,0,0,0,0,60.56
fold2_room1_mix0498,41,0,0,0,0,58.33
fold2_room1_mix0498,42,0,0,0,0,56.18
fold2_room1_mix0498,43,0,0,0,0,55.06
fold2_room1_mix0498,44,0,0,0,0,55.92
fold2_room1_mix0498,45,0,0,0,0,56.86
fold2_room1_mix0498,46,0,0,0,0,57.73
fold2_room1_mix0498,47,0,0,0,0,58.28
fold2_room1_mix0498,48,0,0,0,0,58.80
fold2_room1_mix0498,49,0,0,0,0,59.29
fold2_room1_mix0498,50,0,0,0,0,59.42
fold2_room1_mix0498,51,0,0,0,0,59.46
fold2_room1_mix0498,52,0,0,0,0,59.49
fold2_room1_mix0498,53,0,0,0,0,59.05
fold2_room1_mix0498,54,0,0,0,0,58.39
fold2_room1_mix0498,55,0,0,0,0,57.74
fold2_room1_mix0498,56,0,0,0,0,57.82
fold2_room1_mix0498,57,0,0,0,0,58.64
fold2_room1_mix0498,58,0,0,0,0,59.48
fold2_room1_mix0498,59,0,0,0,0,59.43
fold2_room1_mix0498,60,0,0,0,0,57.61
fold2_room1_mix0498,61,0,0,1,0,55.78
fold2_room1_mix0498,62,0,0,1,0,54.69
fold2_room1_mix0498,63,0,0,1,0,56.41
fold2_room1_mix0498,64,0,0,1,0,58.51
fold2_room1_mix0498,65,0,0,1,0,60.43
fold2_room1_mix0498,66,0,0,1,0,60.02
fold2_room1_mix0498,67,0,0,1,0,59.05
fold2_room1_mix0498,68,0,0,1,0,58.09
fold2_room1_mix0498,69,0,0,1,0,56.88
fold2_room1_mix0498,70,0,0,1,0,55.57
fold2_room1_mix0498,71,0,0,1,0,54.29
fold2_room1_mix0498,72,0,0,0,0,54.58
fold2_room1_mix0498,73,0,0,0,0,56.45
fold2_room1_mix0498,74,0,0,0,0,58.39
fold2_room1_mix0498,75,0,0,0,0,60.28
fold2_room1_mix0498,76,0,0,0,0,61.99
fold2_room1_mix0498,77,0,0,0,0,63.74
fold2_room1_mix0498,78,0,0,0,0,65.04
fold2_room1_mix0498,79,0,0,0,0,64.32
fold2_room1_mix0498,80,0,0,0,0,63.38
fold2_room1_mix0498,81,0,0,0,0,62.51
fold2_room1_mix0498,82,0,0,0,0,62.13
fold2_room1_mix0498,83,0,0,0,0,61.88
fold2_room1_mix0498,84,0,0,0,0,61.61
fold2_room1_mix0498,85,0,0,0,0,60.73
fold2_room1_mix0498,86,0,0,0,0,59.57
fold2_room1_mix0498,87,0,0,0,0,58.44
fold2_room1_mix0498,88,0,0,0,0,58.29
fold2_room1_mix0498,89,0,0,0,0,59.13
fold2_room1_mix0498,90,0,0,0,0,59.98
fold2_room1_mix0498,91,0,0,0,0,60.53
fold2_room1_mix0498,92,0,0,0,0,60.48
fold2_room1_mix0498,93,0,0,0,0,60.40
fold2_room1_mix0498,94,0,0,0,0,60.15
fold2_room1_mix0498,95,0,0,0,0,59.18
fold2_room1_mix0498,96,0,0,0,0,58.16
fold2_room1_mix0498,97,0,0,0,0,55.46
fold2_room1_mix0498,98,0,0,0,0,40.01
fold2_room1_mix0498,99,0,0,0,0,26.87
fold2_room1_mix0511,50,4,0,-2,0,1.27
fold2_room1_mix0511,51,4,0,-3,0,3.49
fold2_room1_mix0511,52,4,0,-4,0,7.84
fold2_room1_mix0511,53,4,0,-5,0,9.73
fold2_room1_mix0511,54,4,0,-5,0,9.31
fold2_room1_mix0511,55,4,0,-5,0,8.90
fold2_room1_mix0511,56,4,0,-5,-1,8.68
fold2_room1_mix0511,57,4,0,-6,-1,8.64
fold2_room1_mix0511,58,4,0,-6,-1,8.59
fold2_room1_mix0511,59,4,0,-7,-2,8.31
fold2_room1_mix0511,60,4,0,-8,-2,7.60
fold2_room1_mix0511,61,4,0,-8,-2,6.92
fold2_room1_mix0511,62,4,0,-9,-2,6.28
fold2_room1_mix0511,63,4,0,-10,-2,5.60
fold2_room1_mix0511,64,4,0,-12,-3,4.98
fold2_room1_mix0511,65,4,0,-14,-3,4.40
fold2_room1_mix0511,66,4,0,-16,-4,3.71
fold2_room1_mix0511,67,4,0,-18,-5,3.07
fold2_room1_mix0511,68,4,0,-21,-5,2.52
fold2_room1_mix0511,69,4,0,-31,-8,1.95
fold2_room1_mix0511,70,4,0,-47,-12,1.44
fold2_room1_mix0511,71,4,0,-75,-17,1.02
fold2_room1_mix0511,72,4,0,-110,-16,1.01
fold2_room1_mix0511,73,4,0,-134,-11,1.41
fold2_room1_mix0511,74,4,0,-149,-8,1.90
fold2_room1_mix0511,75,4,0,-160,-5,2.45
fold2_room1_mix0511,76,4,0,-162,-4,3.01
fold2_room1_mix0511,77,4,0,-164,-4,3.65
fold2_room1_mix0511,78,4,0,-166,-3,4.35
fold2_room1_mix0511,79,4,0,-167,-3,4.91
fold2_room1_mix0511,80,4,0,-169,-2,5.50
fold2_room1_mix0511,81,4,0,-170,-2,6.11
fold2_room1_mix0511,82,4,0,-171,-2,6.45
fold2_room1_mix0511,83,4,0,-171,-2,6.73
fold2_room1_mix0511,84,4,0,-172,-1,7.05
fold2_room1_mix0511,85,4,0,-172,-1,8.66
fold2_room1_mix0511,86,4,0,-172,-1,11.43
fold2_room1_mix0511,87,4,0,-173,-1,14.99
fold2_room1_mix0511,88,4,0,-174,-1,10.80
fold2_room1_mix0511,89,4,0,-175,-1,4.00
fold2_room1_mix0565,2,7,0,0,0,5.04
fold2_room1_mix0565,3,7,0,0,0,13.19
fold2_room1_mix0565,4,7,0,1,0,31.37
fold2_room1_mix0565,5,7,0,1,0,26.41
fold2_room1_mix0565,6,7,0,1,0,13.35
fold2_room1_mix0565,7,7,0,1,0,6.52
fold2_room1_mix0565,8,7,0,1,0,5.61
fold2_room1_mix0565,9,7,0,0,0,8.78
fold2_room1_mix0565,10,7,0,0,0,13.47
fold2_room1_mix0565,11,7,0,0,0,17.73
fold2_room1_mix0565,12,7,0,0,0,17.41
fold2_room1_mix0565,13,7,0,0,0,16.94
fold2_room1_mix0565,14,7,0,1,0,16.07
fold2_room1_mix0565,15,7,0,0,0,13.68
fold2_room1_mix0565,16,7,0,0,0,11.48
fold2_room1_mix0565,17,7,0,0,0,9.91
fold2_room1_mix0565,18,7,0,0,0,11.22
fold2_room1_mix0565,19,7,0,0,0,13.54
fold2_room1_mix0565,20,7,0,0,0,16.27
fold2_room1_mix0565,21,7,0,0,0,18.31
fold2_room1_mix0565,22,7,0,0,0,19.97
fold2_room1_mix0565,23,7,0,0,0,21.77
fold2_room1_mix0565,24,7,0,0,0,21.26
fold2_room1_mix0565,25,7,0,0,0,18.59
fold2_room1_mix0565,26,7,0,0,0,16.25
fold2_room1_mix0565,27,7,0,0,0,13.92
fold2_room1_mix0565,28,7,0,0,0,11.45
fold2_room1_mix0565,29,7,0,0,0,9.38
fold2_room1_mix0565,30,7,0,0,0,7.99
fold2_room1_mix0565,31,7,0,0,0,8.12
fold2_room1_mix0565,32,7,0,0,0,8.42
fold2_room1_mix0565,33,7,0,0,0,8.63
fold2_room1_mix0565,34,7,0,0,0,8.01
fold2_room1_mix0565,35,7,0,0,0,7.26
fold2_room1_mix0565,36,7,0,0,0,6.53
fold2_room1_mix0565,37,4,0,-25,-1,1.33
fold2_room1_mix0565,37,7,0,0,0,4.87
fold2_room1_mix0565,38,4,0,-29,-1,2.45
fold2_room1_mix0565,38,7,0,1,0,3.25
fold2_room1_mix0565,39,4,0,-33,-1,4.12
fold2_room1_mix0565,39,4,0,25,-6,0.92
fold2_room1_mix0565,39,7,0,2,0,2.07
fold2_room1_mix0565,40,4,0,-33,-1,6.11
fold2_room1_mix0565,40,4,0,26,-6,1.28
fold2_room1_mix0565,41,4,0,-33,-2,8.24
fold2_room1_mix0565,41,4,0,23,-8,1.58
fold2_room1_mix0565,42,4,0,-33,-2,10.99
fold2_room1_mix0565,42,4,0,23,-8,1.99
fold2_room1_mix0565,43,4,0,-33,-3,13.53
fold2_room1_mix0565,43,4,0,25,-8,2.27
fold2_room1_mix0565,44,4,0,-33,-3,14.28
fold2_room1_mix0565,44,4,0,29,-9,2.19
fold2_room1_mix0565,45,4,0,-33,-3,14.99
fold2_room1_mix0565,45,4,0,32,-10,2.11
fold2_room1_mix0565,46,4,0,-34,-2,15.61
fold2_room1_mix0565,46,4,0,37,-12,2.02
fold2_room1_mix0565,47,4,0,-36,-2,15.71
fold2_room1_mix0565,47,4,0,50,-15,1.91
fold2_room1_mix0565,48,4,0,-37,-1,15.76
fold2_room1_mix0565,48,4,0,63,-18,1.81
fold2_room1_mix0565,49,4,0,-39,-1,15.74
fold2_room1_mix0565,49,4,0,78,-21,1.74
fold2_room1_mix0565,50,4,0,-39,-1,15.20
fold2_room1_mix0565,50,4,0,98,-21,1.94
fold2_room1_mix0565,51,4,0,-39,-2,14.54
fold2_room1_mix0565,51,4,0,118,-19,2.23
fold2_room1_mix0565,52,4,0,-38,-3,13.91
fold2_room1_mix0565,52,4,0,134,-16,2.54
fold2_room1_mix0565,53,4,0,-40,-2,13.07
fold2_room1_mix0565,53,4,0,143,-14,2.70
fold2_room1_mix0565,54,4,0,-42,-2,12.17
fold2_room1_mix0565,54,4,0,150,-12,2.77
fold2_room1_mix0565,55,4,0,-44,-2,11.33
fold2_room1_mix0565,55,4,0,156,-10,2.84
fold2_room1_mix0565,56,4,0,-46,-2,10.13
fold2_room1_mix0565,56,4,0,159,-8,2.90
fold2_room1_mix0565,57,4,0,-50,-2,8.67
fold2_room1_mix0565,57,4,0,160,-8,2.95
fold2_room1_mix0565,58,4,0,-56,-3,7.41
fold2_room1_mix0565,58,4,0,160,-7,2.99
fold2_room1_mix0565,59,4,0,-61,-3,6.11
fold2_room1_mix0565,59,4,0,161,-7,2.83
fold2_room1_mix0565,60,4,0,-61,-2,4.68
fold2_room1_mix0565,60,4,0,162,-6,2.10
fold2_room1_mix0565,61,4,0,-61,-2,3.53
fold2_room1_mix0565,61,4,0,164,-5,1.71
fold2_room1_mix0565,62,4,0,-61,-2,2.74
fold2_room1_mix0565,62,4,0,165,-4,1.44
fold2_room1_mix0565,63,4,0,-63,-2,2.54
fold2_room1_mix0565,63,4,0,165,-3,1.52
fold2_room1_mix0565,64,4,0,-64,-2,2.40
fold2_room1_mix0565,64,4,0,165,-3,1.64
fold2_room1_mix0565,65,4,0,-66,-2,2.28
fold2_room1_mix0565,65,4,0,165,-2,1.77
fold2_room1_mix0565,66,4,0,-69,-2,2.38
fold2_room1_mix0565,66,4,0,166,-2,1.95
fold2_room1_mix0565,67,4,0,-73,-2,2.54
fold2_room1_mix0565,67,4,0,166,-2,2.16
fold2_room1_mix0565,68,4,0,-76,-2,2.69
fold2_room1_mix0565,68,4,0,166,-1,2.38
fold2_room1_mix0565,69,4,0,-81,-2,2.56
fold2_room1_mix0565,69,4,0,166,-1,2.33
fold2_room1_mix0565,70,4,0,-86,-2,2.31
fold2_room1_mix0565,70,4,0,166,-1,2.16
fold2_room1_mix0565,71,4,0,-92,-2,2.07
fold2_room1_mix0565,71,4,0,166,-1,1.99
fold2_room1_mix0565,72,4,0,-96,-2,2.05
fold2_room1_mix0565,72,4,0,165,-1,1.94
fold2_room1_mix0565,73,4,0,-100,-1,2.24
fold2_room1_mix0565,73,4,0,164,-1,2.01
fold2_room1_mix0565,74,4,0,-103,-1,2.44
fold2_room1_mix0565,74,4,0,164,-1,2.07
fold2_room1_mix0565,75,4,0,-106,-1,2.56
fold2_room1_mix0565,75,4,0,164,-1,2.14
fold2_room1_mix0565,76,4,0,-107,-1,2.48
fold2_room1_mix0565,76,4,0,165,0,2.20
fold2_room1_mix0565,77,4,0,-108,-1,2.40
fold2_room1_mix0565,77,4,0,167,0,2.27
fold2_room1_mix0565,78,4,0,-110,-1,2.36
fold2_room1_mix0565,78,4,0,169,0,2.34
fold2_room1_mix0565,79,4,0,-113,-1,2.49
fold2_room1_mix0565,79,4,0,168,0,2.45
fold2_room1_mix0565,80,4,0,-115,-1,2.64
fold2_room1_mix0565,80,4,0,166,0,2.57
fold2_room1_mix0565,81,4,0,-117,-1,2.74
fold2_room1_mix0565,81,4,0,165,0,2.65
fold2_room1_mix0565,82,4,0,-118,-1,2.38
fold2_room1_mix0565,82,4,0,165,0,2.33
fold2_room1_mix0565,82,7,0,-179,0,2.04
fold2_room1_mix0565,83,4,0,-118,-1,1.95
fold2_room1_mix0565,83,4,0,166,0,1.96
fold2_room1_mix0565,83,7,0,-179,0,2.81
fold2_room1_mix0565,84,4,0,-118,0,1.58
fold2_room1_mix0565,84,4,0,166,0,1.64
fold2_room1_mix0565,84,7,0,-179,0,3.76
fold2_room1_mix0565,85,4,0,-119,0,1.52
fold2_room1_mix0565,85,4,0,166,0,1.50
fold2_room1_mix0565,85,7,0,179,0,4.39
fold2_room1_mix0565,86,4,0,-121,0,1.59
fold2_room1_mix0565,86,4,0,167,0,1.45
fold2_room1_mix0565,86,7,0,179,0,4.83
fold2_room1_mix0565,87,4,0,-122,0,1.66
fold2_room1_mix0565,87,4,0,168,0,1.40
fold2_room1_mix0565,87,7,0,178,0,5.29
fold2_room1_mix0565,88,4,0,-124,0,1.66
fold2_room1_mix0565,88,4,0,170,0,1.36
fold2_room1_mix0565,88,7,0,178,0,5.56
fold2_room1_mix0565,89,4,0,-126,0,1.59
fold2_room1_mix0565,89,4,0,173,0,1.33
fold2_room1_mix0565,89,7,0,178,0,5.60
fold2_room1_mix0565,90,4,0,-129,0,1.51
fold2_room1_mix0565,90,4,0,177,0,1.30
fold2_room1_mix0565,90,7,0,178,0,5.65
fold2_room1_mix0565,91,4,0,-131,0,1.37
fold2_room1_mix0565,91,4,0,-179,0,1.20
fold2_room1_mix0565,91,7,0,178,0,5.85
fold2_room1_mix0565,92,4,0,-132,-1,1.09
fold2_room1_mix0565,92,4,0,-174,-1,0.98
fold2_room1_mix0565,92,7,0,179,0,6.40
fold2_room1_mix0565,93,4,0,-135,-2,0.84
fold2_room1_mix0565,93,7,0,179,0,7.01
fold2_room1_mix0565,94,7,0,179,0,7.95
fold2_room1_mix0565,95,7,0,178,0,10.49
fold2_room1_mix0565,96,7,0,178,0,13.95
fold2_room1_mix0565,97,7,0,178,0,17.10
fold2_room1_mix0565,98,7,0,178,0,10.16
fold2_room1_mix0565,99,7,0,178,0,4.84
fold2_room1_mix0588,77,4,0,-90,-2,3.20
fold2_room1_mix0588,78,4,0,-91,-2,6.16
fold2_room1_mix0588,79,4,0,-90,-2,7.36
fold2_room1_mix0588,80,4,0,-90,-1,8.37
fold2_room1_mix0588,81,4,0,-89,-1,9.39
fold2_room1_mix0588,82,4,0,-88,-1,9.42
fold2_room1_mix0588,83,4,0,-87,-1,9.20
fold2_room1_mix0588,84,4,0,-85,-1,9.00
fold2_room1_mix0588,85,4,0,-85,-1,9.38
fold2_room1_mix0588,86,4,0,-84,-1,10.07
fold2_room1_mix0588,87,4,0,-84,-2,10.81
fold2_room1_mix0588,88,4,0,-83,-1,9.97
fold2_room1_mix0588,89,4,0,-83,-1,7.88
fold2_room1_mix0588,90,4,0,-82,-1,6.18
fold2_room1_mix0588,91,4,0,-80,-1,5.36
fold2_room1_mix0588,92,4,0,-74,-1,5.79
fold2_room1_mix0588,93,4,0,-69,0,6.29
fold2_room1_mix0588,94,4,0,-65,0,5.95
fold2_room1_mix0588,95,4,0,-66,0,3.05
fold2_room1_mix0678,0,0,0,176,0,73.58
fold2_room1_mix0678,1,0,0,176,0,73.15
fold2_room1_mix0678,2,0,0,176,0,68.93
fold2_room1_mix0678,3,0,0,176,0,64.10
fold2_room1_mix0678,4,0,0,176,0,59.72
fold2_room1_mix0678,5,0,0,176,0,58.64
fold2_room1_mix0678,6,0,0,176,0,59.06
fold2_room1_mix0678,7,0,0,176,0,59.49
fold2_room1_mix0678,8,0,0,176,0,59.78
fold2_room1_mix0678,9,0,0,176,0,59.94
fold2_room1_mix0678,10,0,0,175,0,60.09
fold2_room1_mix0678,11,0,0,175,0,59.92
fold2_room1_mix0678,12,0,0,175,0,59.08
fold2_room1_mix0678,13,0,0,175,0,58.23
fold2_room1_mix0678,14,0,0,175,0,57.51
fold2_room1_mix0678,15,0,0,175,0,57.33
fold2_room1_mix0678,16,0,0,175,0,57.20
fold2_room1_mix0678,17,0,0,175,0,56.99
fold2_room1_mix0678,18,0,0,175,0,56.03
fold2_room1_mix0678,19,0,0,175,0,54.91
fold2_room1_mix0678,20,0,0,175,0,53.85
fold2_room1_mix0678,21,0,0,175,0,53.91
fold2_room1_mix0678,22,0,0,175,0,54.51
fold2_room1_mix0678,23,0,0,175,0,55.12
fold2_room1_mix0678,24,0,0,175,0,56.20
fold2_room1_mix0678,25,0,0,175,0,57.78
fold2_room1_mix0678,26,0,0,175,0,59.40
fold2_room1_mix0678,27,0,0,175,0,60.25
fold2_room1_mix0678,28,0,0,175,0,59.46
fold2_room1_mix0678,29,0,0,175,0,58.64
fold2_room1_mix0678,30,0,0,175,0,57.94
fold2_room1_mix0678,31,0,0,175,0,57.72
fold2_room1_mix0678,32,0,0,175,0,57.57
fold2_room1_mix0678,33,0,0,176,0,57.46
fold2_room1_mix0678,34,0,0,175,0,57.88
fold2_room1_mix0678,35,0,0,175,0,58.43
fold2_room1_mix0678,36,0,0,175,0,58.96
fold2_room1_mix0678,37,0,0,175,0,58.80
fold2_room1_mix0678,38,0,0,175,0,58.31
fold2_room1_mix0678,39,0,0,175,0,57.83
fold2_room1_mix0678,40,0,0,175,0,57.50
fold2_room1_mix0678,41,0,0,175,0,57.31
fold2_room1_mix0678,42,0,0,174,0,57.13
fold2_room1_mix0678,43,0,0,174,0,56.80
fold2_room1_mix0678,44,0,0,174,0,56.21
fold2_room1_mix0678,45,0,0,174,0,55.60
fold2_room1_mix0678,46,0,0,174,0,54.86
fold2_room1_mix0678,47,0,0,174,0,53.50
fold2_room1_mix0678,48,0,0,174,0,52.10
fold2_room1_mix0678,49,0,0,174,0,50.79
fold2_room1_mix0678,50,0,0,174,0,49.87
fold2_room1_mix0678,51,0,0,173,0,49.05
fold2_room1_mix0678,52,0,0,173,0,48.24
fold2_room1_mix0678,53,0,0,172,0,47.14
fold2_room1_mix0678,54,0,0,172,0,45.92
fold2_room1_mix0678,55,0,0,172,0,44.73
fold2_room1_mix0678,56,0,0,172,0,44.44
fold2_room1_mix0678,57,0,0,171,0,45.03
fold2_room1_mix0678,58,0,0,171,0,45.63
fold2_room1_mix0678,59,0,0,171,0,45.83
fold2_room1_mix0678,60,0,0,171,0,45.18
fold2_room1_mix0678,61,0,0,171,0,44.52
fold2_room1_mix0678,62,0,0,171,0,44.13
fold2_room1_mix0678,63,0,0,171,0,44.79
fold2_room1_mix0678,64,0,0,171,0,45.59
fold2_room1_mix0678,65,0,0,170,0,46.15
fold2_room1_mix0678,66,0,0,170,0,44.56
fold2_room1_mix0678,67,0,0,171,0,42.53
fold2_room1_mix0678,68,0,0,171,0,40.61
fold2_room1_mix0678,69,0,0,171,0,39.44
fold2_room1_mix0678,70,0,0,172,0,38.63
fold2_room1_mix0678,71,0,0,172,0,37.83
fold2_room1_mix0678,72,0,0,172,0,37.91
fold2_room1_mix0678,73,0,0,172,0,38.87
fold2_room1_mix0678,74,0,0,171,0,39.86
fold2_room1_mix0678,75,0,0,171,0,39.97
fold2_room1_mix0678,76,0,0,171,0,38.28
fold2_room1_mix0678,77,0,0,171,0,36.61
fold2_room1_mix0678,78,0,0,171,0,34.99
fold2_room1_mix0678,79,0,0,170,-1,33.38
fold2_room1_mix0678,80,0,0,169,-1,31.83
fold2_room1_mix0678,80,4,0,56,-6,1.18
fold2_room1_mix0678,81,0,0,169,-1,30.47
fold2_room1_mix0678,81,4,0,60,-6,1.18
fold2_room1_mix0678,82,0,0,168,-1,30.14
fold2_room1_mix0678,82,4,0,73,-7,1.60
fold2_room1_mix0678,83,0,0,167,-1,30.07
fold2_room1_mix0678,83,4,0,84,-8,2.12
fold2_room1_mix0678,84,0,0,166,-1,29.99
fold2_room1_mix0678,84,4,0,92,-9,2.74
fold2_room1_mix0678,85,0,0,165,-1,29.68
fold2_room1_mix0678,85,4,0,103,-9,3.14
fold2_room1_mix0678,86,0,0,165,-1,29.27
fold2_room1_mix0678,86,4,0,116,-8,3.43
fold2_room1_mix0678,87,0,0,165,-1,28.86
fold2_room1_mix0678,87,4,0,126,-7,3.73
fold2_room1_mix0678,88,0,0,164,-1,28.71
fold2_room1_mix0678,88,4,0,132,-6,3.35
fold2_room1_mix0678,89,0,0,164,-1,28.80
fold2_room1_mix0678,89,4,0,134,-5,2.45
fold2_room1_mix0678,90,0,0,163,-1,28.90
fold2_room1_mix0678,90,4,0,138,-5,1.73
fold2_room1_mix0678,91,0,0,162,-1,28.76
fold2_room1_mix0678,91,4,0,147,-4,1.27
fold2_room1_mix0678,92,0,0,162,-1,28.14
fold2_room1_mix0678,92,4,0,148,-4,1.07
fold2_room1_mix0678,93,0,0,161,-1,27.52
fold2_room1_mix0678,94,0,0,160,-1,27.07
fold2_room1_mix0678,95,0,0,160,-1,27.30
fold2_room1_mix0678,96,0,0,159,-1,27.60
fold2_room1_mix0678,97,0,0,158,-1,27.55
fold2_room1_mix0678,98,0,0,159,-1,24.44
fold2_room1_mix0678,99,0,0,159,-1,21.06
fold2_room1_mix0701,0,2,0,92,-1,9.29
fold2_room1_mix0701,1,2,0,92,-1,9.34
fold2_room1_mix0701,2,2,0,91,-1,9.88
fold2_room1_mix0701,3,2,0,90,-1,10.58
fold2_room1_mix0701,4,2,0,89,-1,11.30
fold2_room1_mix0701,5,2,0,89,-1,11.47
fold2_room1_mix0701,6,2,0,90,-1,11.35
fold2_room1_mix0701,7,2,0,90,-1,11.24
fold2_room1_mix0701,8,2,0,90,-1,11.25
fold2_room1_mix0701,9,2,0,90,-1,11.39
fold2_room1_mix0701,10,2,0,90,-1,11.53
fold2_room1_mix0701,11,2,0,89,-1,11.64
fold2_room1_mix0701,12,2,0,90,-1,11.71
fold2_room1_mix0701,13,2,0,90,-1,11.78
fold2_room1_mix0701,14,2,0,90,-1,11.77
fold2_room1_mix0701,15,2,0,90,-1,11.47
fold2_room1_mix0701,16,2,0,90,-1,11.14
fold2_room1_mix0701,17,2,0,89,-1,10.86
fold2_room1_mix0701,18,2,0,89,-1,11.05
fold2_room1_mix0701,19,2,0,89,-1,11.35
fold2_room1_mix0701,20,2,0,89,-1,11.64
fold2_room1_mix0701,21,2,0,89,-1,11.60
fold2_room1_mix0701,22,2,0,88,-1,11.39
fold2_room1_mix0701,23,2,0,87,-1,11.19
fold2_room1_mix0701,24,2,0,88,-1,11.17
fold2_room1_mix0701,25,2,0,88,-1,11.33
fold2_room1_mix0701,26,2,0,89,-1,11.49
fold2_room1_mix0701,27,2,0,89,-1,11.55
fold2_room1_mix0701,28,2,0,89,-1,11.43
fold2_room1_mix0701,29,2,0,89,-1,11.30
fold2_room1_mix0701,30,2,0,89,-1,11.21
fold2_room1_mix0701,31,2,0,89,-1,11.29
fold2_room1_mix0701,32,2,0,89,-1,11.39
fold2_room1_mix0701,33,2,0,89,-1,11.50
fold2_room1_mix0701,34,2,0,89,-1,11.60
fold2_room1_mix0701,35,2,0,90,-1,11.71
fold2_room1_mix0701,36,2,0,90,-1,11.81
fold2_room1_mix0701,37,2,0,90,-1,11.81
fold2_room1_mix0701,38,2,0,89,-1,11.76
fold2_room1_mix0701,39,2,0,89,-1,11.71
fold2_room1_mix0701,40,2,0,89,-1,11.88
fold2_room1_mix0701,41,2,0,90,-1,12.27
fold2_room1_mix0701,42,2,0,91,-1,12.67
fold2_room1_mix0701,43,2,0,91,-1,12.81
fold2_room1_mix0701,44,2,0,92,-1,12.38
fold2_room1_mix0701,44,4,0,-1,-1,2.05
fold2_room1_mix0701,45,2,0,92,-1,11.96
fold2_room1_mix0701,45,4,0,-2,-2,5.61
fold2_room1_mix0701,46,2,0,93,-1,11.64
fold2_room1_mix0701,46,4,0,-2,-2,11.17
fold2_room1_mix0701,47,2,0,93,-1,11.70
fold2_room1_mix0701,47,4,0,-2,-2,10.45
fold2_room1_mix0701,48,2,0,94,-1,11.80
fold2_room1_mix0701,48,4,0,-2,-2,9.03
fold2_room1_mix0701,49,2,0,94,-1,11.91
fold2_room1_mix0701,49,4,0,-2,-2,7.84
fold2_room1_mix0701,50,2,0,94,-1,12.07
fold2_room1_mix0701,50,4,0,-3,-3,7.35
fold2_room1_mix0701,51,2,0,94,-1,12.25
fold2_room1_mix0701,51,4,0,-3,-3,7.01
fold2_room1_mix0701,52,2,0,94,-1,12.41
fold2_room1_mix0701,52,4,0,-3,-3,6.68
fold2_room1_mix0701,53,2,0,94,-1,12.23
fold2_room1_mix0701,53,4,0,-4,-3,6.25
fold2_room1_mix0701,54,2,0,94,-1,11.89
fold2_room1_mix0701,54,4,0,-4,-4,5.79
fold2_room1_mix0701,55,2,0,94,-1,11.56
fold2_room1_mix0701,55,4,0,-4,-5,5.35
fold2_room1_mix0701,56,2,0,94,-1,11.50
fold2_room1_mix0701,56,4,0,-5,-5,4.92
fold2_room1_mix0701,57,2,0,94,-1,11.70
fold2_room1_mix0701,57,4,0,-5,-6,4.48
fold2_room1_mix0701,58,2,0,94,-1,11.90
fold2_room1_mix0701,58,4,0,-5,-7,4.07
fold2_room1_mix0701,59,2,0,94,-1,12.10
fold2_room1_mix0701,59,4,0,-6,-7,3.67
fold2_room1_mix0701,60,2,0,94,-1,12.29
fold2_room1_mix0701,60,4,0,-7,-8,3.26
fold2_room1_mix0701,61,2,0,94,-1,12.48
fold2_room1_mix0701,61,4,0,-8,-9,2.89
fold2_room1_mix0701,62,2,0,94,-1,12.59
fold2_room1_mix0701,62,4,0,-9,-10,2.51
fold2_room1_mix0701,63,2,0,94,-1,12.37
fold2_room1_mix0701,63,4,0,-13,-15,2.01
fold2_room1_mix0701,64,2,0,95,-1,12.13
fold2_room1_mix0701,64,4,0,-18,-19,1.56
fold2_room1_mix0701,65,2,0,95,-1,11.91
fold2_room1_mix0701,65,4,0,-22,-24,1.20
fold2_room1_mix0701,66,2,0,95,-1,11.88
fold2_room1_mix0701,66,4,0,-35,-31,0.97
fold2_room1_mix0701,67,2,0,96,-1,11.91
fold2_room1_mix0701,67,4,0,-77,-44,0.78
fold2_room1_mix0701,68,2,0,97,-1,11.93
fold2_room1_mix0701,68,4,0,-127,-37,0.63
fold2_room1_mix0701,69,2,0,97,-1,11.66
fold2_room1_mix0701,69,4,0,-142,-30,0.78
fold2_room1_mix0701,70,2,0,96,-1,11.25
fold2_room1_mix0701,70,4,0,-152,-23,1.14
fold2_room1_mix0701,71,2,0,96,-1,10.86
fold2_room1_mix0701,71,4,0,-162,-15,1.56
fold2_room1_mix0701,72,2,0,96,-1,10.74
fold2_room1_mix0701,72,4,0,-168,-10,1.97
fold2_room1_mix0701,73,2,0,96,-1,10.87
fold2_room1_mix0701,73,4,0,-168,-9,2.34
fold2_room1_mix0701,74,2,0,96,-1,11.00
fold2_room1_mix0701,74,4,0,-169,-8,2.76
fold2_room1_mix0701,75,2,0,97,-1,11.22
fold2_room1_mix0701,75,4,0,-170,-8,3.18
fold2_room1_mix0701,76,2,0,98,-1,11.60
fold2_room1_mix0701,76,4,0,-171,-7,3.53
fold2_room1_mix0701,77,2,0,100,-1,12.01
fold2_room1_mix0701,77,4,0,-172,-6,3.91
fold2_room1_mix0701,78,2,0,100,-1,12.29
fold2_room1_mix0701,78,4,0,-173,-6,4.30
fold2_room1_mix0701,79,2,0,99,-1,12.05
fold2_room1_mix0701,79,4,0,-174,-5,4.63
fold2_room1_mix0701,80,2,0,97,0,11.76
fold2_room1_mix0701,80,4,0,-174,-5,4.97
fold2_room1_mix0701,81,2,0,96,0,11.53
fold2_room1_mix0701,81,4,0,-175,-4,5.33
fold2_room1_mix0701,82,2,0,96,0,11.80
fold2_room1_mix0701,82,4,0,-175,-4,5.74
fold2_room1_mix0701,83,2,0,97,0,12.20
fold2_room1_mix0701,83,4,0,-175,-4,6.17
fold2_room1_mix0701,84,2,0,97,0,12.60
fold2_room1_mix0701,84,4,0,-175,-4,6.63
fold2_room1_mix0701,85,2,0,98,0,12.61
fold2_room1_mix0701,85,4,0,-175,-3,6.83
fold2_room1_mix0701,86,2,0,97,0,12.42
fold2_room1_mix0701,86,4,0,-176,-3,6.90
fold2_room1_mix0701,87,2,0,97,0,12.24
fold2_room1_mix0701,87,4,0,-176,-2,6.97
fold2_room1_mix0701,88,2,0,97,0,12.33
fold2_room1_mix0701,88,4,0,-176,-2,7.69
fold2_room1_mix0701,89,2,0,97,0,12.72
fold2_room1_mix0701,89,4,0,-177,-2,9.25
fold2_room1_mix0701,90,2,0,98,0,13.11
fold2_room1_mix0701,90,4,0,-177,-2,11.09
fold2_room1_mix0701,91,2,0,98,0,13.31
fold2_room1_mix0701,91,4,0,-177,-2,11.06
fold2_room1_mix0701,92,2,0,99,0,13.08
fold2_room1_mix0701,92,4,0,-177,-2,7.51
fold2_room1_mix0701,93,2,0,99,0,12.84
fold2_room1_mix0701,93,4,0,-176,-1,4.95
fold2_room1_mix0701,94,2,0,100,0,12.61
fold2_room1_mix0701,95,2,0,100,0,12.39
fold2_room1_mix0701,96,2,0,100,0,12.18
fold2_room1_mix0701,97,2,0,101,0,12.02
fold2_room1_mix0701,98,2,0,102,-1,12.23
fold2_room1_mix0701,99,2,0,103,-1,12.55
fold2_room1_mix0776,59,4,0,-23,-2,1.03
fold2_room1_mix0776,59,4,0,10,-5,1.02
fold2_room1_mix0776,60,4,0,-35,-5,0.87
fold2_room1_mix0776,60,4,0,41,-3,1.66
fold2_room1_mix0776,61,4,0,-42,-7,0.71
fold2_room1_mix0776,61,4,0,62,-2,2.50
fold2_room1_mix0776,62,4,0,-46,-8,0.66
fold2_room1_mix0776,62,4,0,71,-2,3.36
fold2_room1_mix0776,63,4,0,-58,-10,1.53
fold2_room1_mix0776,64,4,0,-67,-13,2.33
fold2_room1_mix0776,65,4,0,-76,-14,2.58
fold2_room1_mix0776,66,4,0,-92,-15,2.63
fold2_room1_mix0776,67,4,0,-111,-14,2.62
fold2_room1_mix0776,68,4,0,-127,-13,2.62
fold2_room1_mix0776,69,4,0,-149,-9,2.84
fold2_room1_mix0776,69,4,0,-130,-12,2.60
fold2_room1_mix0776,70,4,0,-143,-10,2.77
fold2_room1_mix0776,71,4,0,-151,-8,2.88
fold2_room1_mix0776,72,4,0,-157,-7,2.46
fold2_room1_mix0776,73,4,0,-160,-6,1.62
fold2_room1_mix0776,74,4,0,-162,-5,1.05
fold2_room1_mix0788,0,2,0,-123,-3,13.31
fold2_room1_mix0788,0,5,0,-23,6,3.21
fold2_room1_mix0788,1,2,0,-123,-3,13.34
fold2_room1_mix0788,1,5,0,-23,6,3.27
fold2_room1_mix0788,2,2,0,-124,-3,13.64
fold2_room1_mix0788,2,5,0,-23,6,3.80
fold2_room1_mix0788,3,2,0,-124,-2,14.01
fold2_room1_mix0788,3,5,0,-23,6,4.67
fold2_room1_mix0788,4,2,0,-125,-2,14.36
fold2_room1_mix0788,4,5,0,-24,5,5.69
fold2_room1_mix0788,5,2,0,-124,-2,13.51
fold2_room1_mix0788,5,5,0,-25,5,6.49
fold2_room1_mix0788,6,2,0,-123,-3,12.20
fold2_room1_mix0788,6,5,0,-25,5,7.18
fold2_room1_mix0788,7,2,0,-121,-3,11.01
fold2_room1_mix0788,7,5,0,-26,5,7.94
fold2_room1_mix0788,8,2,0,-119,-3,10.35
fold2_room1_mix0788,8,5,0,-27,5,8.21
fold2_room1_mix0788,9,2,0,-118,-3,10.16
fold2_room1_mix0788,9,5,0,-28,5,7.94
fold2_room1_mix0788,10,2,0,-116,-3,9.97
fold2_room1_mix0788,10,5,0,-30,5,7.68
fold2_room1_mix0788,11,2,0,-115,-3,9.72
fold2_room1_mix0788,11,4,0,-175,-1,3.63
fold2_room1_mix0788,11,5,0,-31,5,7.52
fold2_room1_mix0788,12,2,0,-113,-3,9.36
fold2_room1_mix0788,12,4,0,-179,0,2.53
fold2_room1_mix0788,12,5,0,-31,5,7.57
fold2_room1_mix0788,13,2,0,-112,-4,9.01
fold2_room1_mix0788,13,5,0,-31,5,7.63
fold2_room1_mix0788,14,2,0,-111,-4,8.68
fold2_room1_mix0788,14,5,0,-31,5,7.62
fold2_room1_mix0788,15,2,0,-110,-4,8.41
fold2_room1_mix0788,15,5,0,-30,5,7.34
fold2_room1_mix0788,16,2,0,-109,-4,8.14
fold2_room1_mix0788,16,4,0,-178,0,2.39
fold2_room1_mix0788,16,5,0,-29,5,7.03
fold2_room1_mix0788,17,2,0,-108,-4,7.91
fold2_room1_mix0788,17,4,0,-175,0,3.46
fold2_room1_mix0788,17,5,0,-29,5,6.72
fold2_room1_mix0788,18,2,0,-105,-4,7.90
fold2_room1_mix0788,18,4,0,-174,0,3.85
fold2_room1_mix0788,18,5,0,-29,5,6.22
fold2_room1_mix0788,19,2,0,-101,-4,7.95
fold2_room1_mix0788,19,4,0,-174,0,4.21
fold2_room1_mix0788,19,5,0,-29,5,5.71
fold2_room1_mix0788,20,2,0,-98,-4,7.99
fold2_room1_mix0788,20,4,0,-173,0,4.59
fold2_room1_mix0788,20,5,0,-29,5,5.26
fold2_room1_mix0788,21,2,0,-96,-4,8.02
fold2_room1_mix0788,21,4,0,-173,0,4.74
fold2_room1_mix0788,21,5,0,-29,5,5.55
fold2_room1_mix0788,22,2,0,-95,-4,8.03
fold2_room1_mix0788,22,4,0,-173,0,4.76
fold2_room1_mix0788,22,5,0,-28,5,6.24
fold2_room1_mix0788,23,2,0,-94,-4,8.05
fold2_room1_mix0788,23,4,0,-172,-1,4.78
fold2_room1_mix0788,23,5,0,-28,5,6.99
fold2_room1_mix0788,24,2,0,-92,-5,7.80
fold2_room1_mix0788,24,4,0,-172,-1,5.22
fold2_room1_mix0788,24,5,0,-28,6,7.22
fold2_room1_mix0788,25,2,0,-87,-5,7.29
fold2_room1_mix0788,25,4,0,-172,-1,6.20
fold2_room1_mix0788,25,5,0,-29,6,6.88
fold2_room1_mix0788,26,2,0,-83,-5,6.81
fold2_room1_mix0788,26,4,0,-172,-1,7.34
fold2_room1_mix0788,26,5,0,-29,6,6.54
fold2_room1_mix0788,27,2,0,-79,-5,6.49
fold2_room1_mix0788,27,4,0,-172,-1,8.39
fold2_room1_mix0788,27,5,0,-29,6,6.20
fold2_room1_mix0788,28,2,0,-77,-5,6.45
fold2_room1_mix0788,28,4,0,-172,-1,8.95
fold2_room1_mix0788,28,5,0,-30,6,5.82
fold2_room1_mix0788,29,2,0,-74,-5,6.41
fold2_room1_mix0788,29,4,0,-172,-2,9.53
fold2_room1_mix0788,29,5,0,-30,6,5.46
fold2_room1_mix0788,30,2,0,-72,-5,6.43
fold2_room1_mix0788,30,4,0,-171,-2,9.87
fold2_room1_mix0788,30,5,0,-30,6,5.08
fold2_room1_mix0788,31,2,0,-70,-5,6.67
fold2_room1_mix0788,31,4,0,-171,-2,9.09
fold2_room1_mix0788,31,5,0,-30,7,4.61
fold2_room1_mix0788,32,2,0,-69,-5,6.93
fold2_room1_mix0788,32,4,0,-170,-2,8.27
fold2_room1_mix0788,32,5,0,-30,7,4.16
fold2_room1_mix0788,33,2,0,-68,-5,7.19
fold2_room1_mix0788,33,4,0,-169,-2,7.58
fold2_room1_mix0788,33,5,0,-29,7,3.78
fold2_room1_mix0788,34,2,0,-65,-5,7.25
fold2_room1_mix0788,34,4,0,-168,-3,7.47
fold2_room1_mix0788,34,5,0,-29,7,3.74
fold2_room1_mix0788,35,2,0,-63,-5,7.27
fold2_room1_mix0788,35,4,0,-168,-3,7.50
fold2_room1_mix0788,35,5,0,-28,7,3.77
fold2_room1_mix0788,36,2,0,-61,-5,7.30
fold2_room1_mix0788,36,4,0,-168,-3,7.53
fold2_room1_mix0788,36,5,0,-27,7,3.81
fold2_room1_mix0788,37,2,0,-59,-4,7.55
fold2_room1_mix0788,37,4,0,-168,-4,7.31
fold2_room1_mix0788,37,5,0,-26,7,3.74
fold2_room1_mix0788,38,2,0,-56,-4,7.92
fold2_room1_mix0788,38,4,0,-167,-4,6.98
fold2_room1_mix0788,38,5,0,-26,7,3.63
fold2_room1_mix0788,39,2,0,-53,-4,8.32
fold2_room1_mix0788,39,4,0,-166,-4,6.67
fold2_room1_mix0788,39,5,0,-25,7,3.52
fold2_room1_mix0788,40,2,0,-52,-4,8.54
fold2_room1_mix0788,40,4,0,-166,-4,6.31
fold2_room1_mix0788,40,5,0,-26,7,3.23
fold2_room1_mix0788,41,2,0,-52,-4,8.58
fold2_room1_mix0788,41,4,0,-165,-4,5.93
fold2_room1_mix0788,42,2,0,-52,-4,8.62
fold2_room1_mix0788,42,4,0,-151,-5,4.54
fold2_room1_mix0788,42,4,0,-171,-4,6.09
fold2_room1_mix0788,43,2,0,-52,-4,8.64
fold2_room1_mix0788,43,4,0,-148,-6,4.27
fold2_room1_mix0788,43,4,0,-171,-5,5.72
fold2_room1_mix0788,44,2,0,-49,-4,8.63
fold2_room1_mix0788,44,4,0,-145,-8,3.80
fold2_room1_mix0788,44,4,0,-170,-5,5.49
fold2_room1_mix0788,45,2,0,-46,-4,8.61
fold2_room1_mix0788,45,4,0,-142,-9,3.36
fold2_room1_mix0788,45,4,0,-169,-5,5.28
fold2_room1_mix0788,46,2,0,-43,-4,8.61
fold2_room1_mix0788,46,4,0,-139,-11,2.97
fold2_room1_mix0788,46,4,0,-167,-5,5.07
fold2_room1_mix0788,47,2,0,-45,-4,8.72
fold2_room1_mix0788,47,4,0,-133,-14,2.62
fold2_room1_mix0788,47,4,0,-166,-6,4.87
fold2_room1_mix0788,48,2,0,-47,-3,8.84
fold2_room1_mix0788,48,4,0,-124,-17,2.31
fold2_room1_mix0788,48,4,0,-165,-6,4.68
fold2_room1_mix0788,49,2,0,-49,-3,8.90
fold2_room1_mix0788,49,4,0,-112,-20,2.05
fold2_room1_mix0788,49,4,0,-156,-7,4.02
fold2_room1_mix0788,49,4,0,-172,-5,4.95
fold2_room1_mix0788,50,2,0,-49,-3,8.46
fold2_room1_mix0788,50,4,0,-103,-23,2.10
fold2_room1_mix0788,50,4,0,-152,-9,3.51
fold2_room1_mix0788,50,4,0,-172,-6,5.00
fold2_room1_mix0788,51,2,0,-49,-3,7.93
fold2_room1_mix0788,51,4,0,-95,-25,2.21
fold2_room1_mix0788,51,4,0,-148,-11,2.98
fold2_room1_mix0788,51,4,0,-171,-6,5.09
fold2_room1_mix0788,52,2,0,-49,-3,7.43
fold2_room1_mix0788,52,4,0,-86,-27,2.33
fold2_room1_mix0788,52,4,0,-143,-13,2.52
fold2_room1_mix0788,52,4,0,-171,-7,5.19
fold2_room1_mix0788,53,2,0,-49,-3,6.96
fold2_room1_mix0788,53,4,0,-81,-29,2.29
fold2_room1_mix0788,53,4,0,-136,-16,2.26
fold2_room1_mix0788,53,4,0,-172,-9,5.26
fold2_room1_mix0788,54,2,0,-50,-3,6.52
fold2_room1_mix0788,54,4,0,-79,-32,2.17
fold2_room1_mix0788,54,4,0,-126,-20,2.10
fold2_room1_mix0788,54,4,0,-173,-12,5.31
fold2_room1_mix0788,55,2,0,-51,-3,6.11
fold2_room1_mix0788,55,4,0,-78,-34,2.06
fold2_room1_mix0788,55,4,0,-112,-24,1.94
fold2_room1_mix0788,55,4,0,-175,-14,5.36
fold2_room1_mix0788,56,2,0,-50,-3,5.76
fold2_room1_mix0788,56,4,0,-72,-35,2.05
fold2_room1_mix0788,56,4,0,-97,-26,1.78
fold2_room1_mix0788,56,4,0,-174,-15,5.88
fold2_room1_mix0788,57,2,0,-47,-3,5.47
fold2_room1_mix0788,57,4,0,-62,-33,2.15
fold2_room1_mix0788,57,4,0,-86,-27,1.63
fold2_room1_mix0788,57,4,0,-172,-14,6.98
fold2_room1_mix0788,58,2,0,-43,-4,5.19
fold2_room1_mix0788,58,4,0,-53,-32,2.25
fold2_room1_mix0788,58,4,0,-75,-27,1.48
fold2_room1_mix0788,58,4,0,-170,-12,8.26
fold2_room1_mix0788,59,2,0,-40,-4,5.18
fold2_room1_mix0788,59,4,0,-44,-29,2.33
fold2_room1_mix0788,59,4,0,-65,-25,1.44
fold2_room1_mix0788,59,4,0,-168,-10,9.16
fold2_room1_mix0788,60,2,0,-39,-4,5.74
fold2_room1_mix0788,60,4,0,-36,-24,2.37
fold2_room1_mix0788,60,4,0,-54,-21,1.61
fold2_room1_mix0788,60,4,0,-166,-8,8.94
fold2_room1_mix0788,61,2,0,-37,-4,6.37
fold2_room1_mix0788,61,4,0,-39,-19,2.10
fold2_room1_mix0788,61,4,0,-164,-6,8.68
fold2_room1_mix0788,62,2,0,-36,-4,6.66
fold2_room1_mix0788,62,4,0,-35,-15,2.23
fold2_room1_mix0788,62,4,0,-162,-4,8.54
fold2_room1_mix0788,63,2,0,-36,-4,5.43
fold2_room1_mix0788,63,4,0,-32,-14,2.37
fold2_room1_mix0788,63,4,0,-159,-3,8.80
fold2_room1_mix0788,64,2,0,-36,-4,4.28
fold2_room1_mix0788,64,4,0,-30,-13,2.53
fold2_room1_mix0788,64,4,0,-155,-2,9.11
fold2_room1_mix0788,65,2,0,-37,-4,3.51
fold2_room1_mix0788,65,4,0,-20,-14,2.88
fold2_room1_mix0788,65,4,0,-35,-9,2.53
fold2_room1_mix0788,65,4,0,-152,-1,9.34
fold2_room1_mix0788,66,2,0,-39,-4,4.37
fold2_room1_mix0788,66,4,0,-26,-10,2.93
fold2_room1_mix0788,66,4,0,-148,-2,8.75
fold2_room1_mix0788,67,2,0,-40,-4,5.97
fold2_room1_mix0788,67,4,0,-24,-9,3.19
fold2_room1_mix0788,67,4,0,-144,-3,8.02
fold2_room1_mix0788,68,2,0,-41,-4,8.00
fold2_room1_mix0788,68,4,0,-23,-8,3.47
fold2_room1_mix0788,68,4,0,-139,-4,7.34
fold2_room1_mix0788,69,2,0,-41,-4,9.05
fold2_room1_mix0788,69,4,0,-21,-7,3.73
fold2_room1_mix0788,69,4,0,-139,-4,6.80
fold2_room1_mix0788,70,2,0,-40,-3,9.45
fold2_room1_mix0788,70,4,0,-20,-7,4.00
fold2_room1_mix0788,70,4,0,-141,-4,6.35
fold2_room1_mix0788,71,2,0,-40,-3,9.87
fold2_room1_mix0788,71,4,0,-18,-7,4.29
fold2_room1_mix0788,71,4,0,-141,-5,5.92
fold2_room1_mix0788,72,2,0,-39,-3,10.11
fold2_room1_mix0788,72,4,0,-17,-7,4.42
fold2_room1_mix0788,72,4,0,-138,-5,5.32
fold2_room1_mix0788,73,2,0,-36,-3,10.16
fold2_room1_mix0788,73,4,0,-17,-6,4.38
fold2_room1_mix0788,73,4,0,-132,-6,4.61
fold2_room1_mix0788,74,2,0,-34,-4,10.21
fold2_room1_mix0788,74,4,0,-17,-6,4.34
fold2_room1_mix0788,74,4,0,-123,-7,3.98
fold2_room1_mix0788,75,2,0,-32,-4,10.17
fold2_room1_mix0788,75,4,0,-19,-6,4.37
fold2_room1_mix0788,75,4,0,-110,-8,3.57
fold2_room1_mix0788,76,2,0,-32,-4,9.95
fold2_room1_mix0788,76,4,0,-11,-5,4.93
fold2_room1_mix0788,76,4,0,-39,-7,4.17
fold2_room1_mix0788,76,4,0,-101,-9,3.51
fold2_room1_mix0788,77,2,0,-33,-3,9.72
fold2_room1_mix0788,77,4,0,-10,-4,5.49
fold2_room1_mix0788,77,4,0,-56,-8,4.03
fold2_room1_mix0788,77,4,0,-90,-10,3.45
fold2_room1_mix0788,78,2,0,-33,-3,9.33
fold2_room1_mix0788,78,4,0,-9,-4,5.99
fold2_room1_mix0788,78,4,0,-78,-10,3.68
fold2_room1_mix0788,79,2,0,-31,-3,8.28
fold2_room1_mix0788,79,4,0,-8,-4,6.07
fold2_room1_mix0788,79,4,0,-70,-9,3.73
fold2_room1_mix0788,80,2,0,-29,-4,7.28
fold2_room1_mix0788,80,4,0,-7,-4,6.10
fold2_room1_mix0788,80,4,0,-62,-8,3.80
fold2_room1_mix0788,81,2,0,-26,-4,6.54
fold2_room1_mix0788,81,4,0,-7,-4,6.19
fold2_room1_mix0788,81,4,0,-55,-7,3.90
fold2_room1_mix0788,82,2,0,-23,-3,7.33
fold2_room1_mix0788,82,4,0,-6,-4,6.81
fold2_room1_mix0788,82,4,0,-49,-6,4.22
fold2_room1_mix0788,83,2,0,-22,-3,8.66
fold2_room1_mix0788,83,4,0,-6,-4,7.64
fold2_room1_mix0788,83,4,0,-45,-6,4.63
fold2_room1_mix0788,84,2,0,-22,-3,10.16
fold2_room1_mix0788,84,4,0,-6,-4,8.55
fold2_room1_mix0788,84,4,0,-40,-5,5.07
fold2_room1_mix0788,85,2,0,-22,-3,10.65
fold2_room1_mix0788,85,4,0,-5,-3,9.22
fold2_room1_mix0788,85,4,0,-36,-5,5.35
fold2_room1_mix0788,86,2,0,-23,-3,10.59
fold2_room1_mix0788,86,4,0,-5,-3,9.76
fold2_room1_mix0788,86,4,0,-32,-5,5.56
fold2_room1_mix0788,87,2,0,-24,-3,10.52
fold2_room1_mix0788,87,4,0,-5,-3,10.33
fold2_room1_mix0788,87,4,0,-28,-5,5.77
fold2_room1_mix0788,88,2,0,-24,-3,10.02
fold2_room1_mix0788,88,4,0,-5,-2,10.77
fold2_room1_mix0788,88,4,0,-26,-5,5.97
fold2_room1_mix0788,89,2,0,-23,-3,9.15
fold2_room1_mix0788,89,4,0,-6,-2,11.07
fold2_room1_mix0788,89,4,0,-27,-5,6.16
fold2_room1_mix0788,90,2,0,-23,-3,8.34
fold2_room1_mix0788,90,4,0,-7,-2,11.38
fold2_room1_mix0788,90,4,0,-27,-5,6.35
fold2_room1_mix0788,91,2,0,-23,-3,8.64
fold2_room1_mix0788,91,4,0,-20,-4,8.22
fold2_room1_mix0788,92,2,0,-24,-3,11.59
fold2_room1_mix0788,92,4,0,-18,-3,8.33
fold2_room1_mix0788,93,2,0,-26,-3,15.57
fold2_room1_mix0788,93,4,0,-17,-3,8.45
fold2_room1_mix0788,94,2,0,-27,-3,17.42
fold2_room1_mix0788,94,4,0,-16,-3,8.78
fold2_room1_mix0788,95,2,0,-23,-3,9.22
fold2_room1_mix0788,95,4,0,-16,-3,9.92
fold2_room1_mix0788,96,2,0,-20,-3,4.26
fold2_room1_mix0788,96,4,0,-17,-3,11.31
fold2_room1_mix0788,97,4,0,-17,-2,12.65
fold2_room1_mix0788,98,4,0,-15,-2,12.06
fold2_room1_mix0788,99,4,0,-12,-2,11.06
fold2_room1_mix0882,58,4,0,1,-1,1.50
fold2_room1_mix0882,59,4,0,1,-1,2.48
fold2_room1_mix0882,60,4,0,1,-1,3.12
fold2_room1_mix0882,61,4,0,1,-1,3.86
fold2_room1_mix0882,62,4,0,2,-1,4.29
fold2_room1_mix0882,63,4,0,2,-1,3.21
fold2_room1_mix0882,63,4,0,-178,-2,3.25
fold2_room1_mix0882,64,4,0,3,-1,2.23
fold2_room1_mix0882,64,4,0,-177,-1,2.52
fold2_room1_mix0882,65,4,0,3,-1,1.55
fold2_room1_mix0882,65,4,0,-176,-1,1.98
fold2_room1_mix0882,66,4,0,4,-1,1.62
fold2_room1_mix0882,66,4,0,-176,-1,2.11
fold2_room1_mix0882,67,4,0,4,-2,1.88
fold2_room1_mix0882,67,4,0,-175,-1,2.41
fold2_room1_mix0882,68,4,0,5,-2,2.16
fold2_room1_mix0882,68,4,0,-174,-1,2.75
fold2_room1_mix0882,69,4,0,5,-3,2.53
fold2_room1_mix0882,69,4,0,-174,-2,3.17
fold2_room1_mix0882,70,4,0,4,-3,3.05
fold2_room1_mix0882,70,4,0,-173,-3,3.65
fold2_room1_mix0882,71,4,0,4,-4,3.64
fold2_room1_mix0882,71,4,0,-173,-3,4.20
fold2_room1_mix0882,72,4,0,5,-5,4.00
fold2_room1_mix0882,72,4,0,-173,-4,4.60
fold2_room1_mix0882,73,4,0,7,-6,4.07
fold2_room1_mix0882,73,4,0,-172,-5,4.80
fold2_room1_mix0882,74,4,0,8,-7,4.13
fold2_room1_mix0882,74,4,0,-172,-6,5.01
fold2_room1_mix0882,75,4,0,10,-9,3.99
fold2_room1_mix0882,75,4,0,-171,-7,4.93
fold2_room1_mix0882,76,4,0,13,-10,3.45
fold2_room1_mix0882,76,4,0,-169,-8,4.30
fold2_room1_mix0882,77,4,0,16,-12,2.98
fold2_room1_mix0882,77,4,0,-167,-10,3.72
fold2_room1_mix0882,78,4,0,19,-14,2.55
fold2_room1_mix0882,78,4,0,-164,-12,3.11
fold2_room1_mix0882,79,4,0,28,-19,2.13
fold2_room1_mix0882,79,4,0,-157,-19,2.26
fold2_room1_mix0882,80,4,0,42,-27,1.78
fold2_room1_mix0882,80,4,0,-146,-27,1.56
fold2_room1_mix0882,81,4,0,71,-36,1.52
fold2_room1_mix0882,81,4,0,-127,-38,1.08
fold2_room1_mix0882,82,4,0,47,-46,1.51
fold2_room1_mix0882,82,4,0,108,-41,1.53
fold2_room1_mix0882,82,4,0,-146,-43,1.23
fold2_room1_mix0882,83,4,0,-13,-45,1.35
fold2_room1_mix0882,83,4,0,134,-36,1.86
fold2_room1_mix0882,83,4,0,175,-38,1.58
fold2_room1_mix0882,84,4,0,-38,-33,1.21
fold2_room1_mix0882,84,4,0,151,-30,2.10
fold2_room1_mix0882,85,4,0,-32,-26,1.49
fold2_room1_mix0882,85,4,0,155,-24,2.45
fold2_room1_mix0882,86,4,0,-23,-19,2.06
fold2_room1_mix0882,86,4,0,159,-18,2.78
fold2_room1_mix0882,87,4,0,-14,-13,2.76
fold2_room1_mix0882,87,4,0,161,-14,3.15
fold2_room1_mix0882,88,4,0,-9,-9,3.41
fold2_room1_mix0882,88,4,0,165,-11,3.56
fold2_room1_mix0882,89,4,0,-9,-9,3.92
fold2_room1_mix0882,89,4,0,166,-13,4.01
fold2_room1_mix0882,90,4,0,-4,-10,4.39
fold2_room1_mix0882,90,4,0,170,-10,4.73
fold2_room1_mix0882,91,4,0,-5,-8,4.83
fold2_room1_mix0882,91,4,0,171,-9,5.23
fold2_room1_mix0882,92,4,0,-5,-8,5.09
fold2_room1_mix0882,92,4,0,171,-9,5.49
fold2_room1_mix0882,93,4,0,-5,-8,5.36
fold2_room1_mix0882,93,4,0,171,-8,5.74
fold2_room1_mix0882,94,4,0,-6,-6,5.67
fold2_room1_mix0882,94,4,0,171,-7,5.85
fold2_room1_mix0882,95,4,0,-6,-5,5.31
fold2_room1_mix0882,95,4,0,172,-6,5.34
fold2_room1_mix0882,96,4,0,-5,-4,4.92
fold2_room1_mix0882,96,4,0,174,-5,4.81
fold2_room1_mix0882,97,4,0,-4,-3,4.46
fold2_room1_mix0882,97,4,0,175,-3,4.25
fold2_room1_mix0882,98,4,0,-4,-2,3.27
fold2_room1_mix0882,98,4,0,176,-3,3.17
fold2_room1_mix0882,99,4,0,-3,-2,2.22
fold2_room1_mix0882,99,4,0,178,-2,2.20
fold2_room1_mix0908,0,0,0,-166,0,46.50
fold2_room1_mix0908,1,0,0,-166,0,46.49
fold2_room1_mix0908,2,0,0,-167,0,46.39
fold2_room1_mix0908,3,0,0,-167,0,46.28
fold2_room1_mix0908,4,0,0,-167,0,46.14
fold2_room1_mix0908,5,0,0,-167,0,45.30
fold2_room1_mix0908,6,0,0,-168,0,44.16
fold2_room1_mix0908,7,0,0,-168,0,43.03
fold2_room1_mix0908,8,0,0,-168,0,42.23
fold2_room1_mix0908,9,0,0,-167,0,41.72
fold2_room1_mix0908,10,0,0,-167,0,41.22
fold2_room1_mix0908,11,0,0,-167,0,40.56
fold2_room1_mix0908,12,0,0,-167,0,39.58
fold2_room1_mix0908,13,0,0,-166,0,38.61
fold2_room1_mix0908,14,0,0,-166,0,37.73
fold2_room1_mix0908,15,0,0,-166,0,37.13
fold2_room1_mix0908,16,0,0,-165,0,36.56
fold2_room1_mix0908,17,0,0,-165,-1,35.93
fold2_room1_mix0908,18,0,0,-164,-1,34.64
fold2_room1_mix0908,19,0,0,-164,-1,33.24
fold2_room1_mix0908,20,0,0,-164,-1,31.90
fold2_room1_mix0908,21,0,0,-164,-1,30.72
fold2_room1_mix0908,22,0,0,-163,-1,29.64
fold2_room1_mix0908,23,0,0,-162,-1,28.59
fold2_room1_mix0908,24,0,0,-162,-1,27.42
fold2_room1_mix0908,25,0,0,-161,-1,26.13
fold2_room1_mix0908,26,0,0,-160,-1,24.90
fold2_room1_mix0908,27,0,0,-160,-1,23.67
fold2_room1_mix0908,28,0,0,-158,-1,22.38
fold2_room1_mix0908,29,0,0,-157,-1,21.16
fold2_room1_mix0908,30,0,0,-155,-1,19.98
fold2_room1_mix0908,31,0,0,-153,-1,18.81
fold2_room1_mix0908,32,0,0,-150,-1,17.70
fold2_room1_mix0908,33,0,0,-148,-2,16.65
fold2_room1_mix0908,34,0,0,-147,-2,15.52
fold2_room1_mix0908,35,0,0,-145,-2,14.44
fold2_room1_mix0908,36,0,0,-144,-2,13.44
fold2_room1_mix0908,37,0,0,-142,-2,12.70
fold2_room1_mix0908,38,0,0,-139,-2,12.09
fold2_room1_mix0908,39,0,0,-137,-2,11.51
fold2_room1_mix0908,40,0,0,-133,-2,10.54
fold2_room1_mix0908,41,0,0,-128,-3,9.28
fold2_room1_mix0908,42,0,0,-124,-3,8.16
fold2_room1_mix0908,43,0,0,-119,-3,7.38
fold2_room1_mix0908,44,0,0,-111,-4,7.07
fold2_room1_mix0908,45,0,0,-104,-4,6.78
fold2_room1_mix0908,46,0,0,-95,-4,6.56
fold2_room1_mix0908,47,0,0,-88,-4,6.54
fold2_room1_mix0908,48,0,0,-81,-4,6.55
fold2_room1_mix0908,49,0,0,-75,-4,6.59
fold2_room1_mix0908,50,0,0,-70,-4,6.96
fold2_room1_mix0908,51,0,0,-64,-3,7.43
fold2_room1_mix0908,51,4,0,-162,-1,0.78
fold2_room1_mix0908,52,0,0,-58,-3,7.94
fold2_room1_mix0908,52,4,0,-159,-1,1.56
fold2_room1_mix0908,53,0,0,-52,-3,8.66
fold2_room1_mix0908,53,4,0,-158,-1,2.66
fold2_room1_mix0908,54,0,0,-47,-2,9.53
fold2_room1_mix0908,54,4,0,-158,-2,4.27
fold2_room1_mix0908,55,0,0,-43,-2,10.47
fold2_room1_mix0908,55,4,0,-156,-2,6.60
fold2_room1_mix0908,56,0,0,-39,-2,11.32
fold2_room1_mix0908,56,4,0,-154,-2,7.42
fold2_room1_mix0908,57,0,0,-37,-2,12.03
fold2_room1_mix0908,57,4,0,-152,-2,6.17
fold2_room1_mix0908,58,0,0,-34,-2,12.79
fold2_room1_mix0908,58,4,0,-149,-3,5.11
fold2_room1_mix0908,59,0,0,-32,-2,13.76
fold2_room1_mix0908,59,4,0,-145,-3,4.36
fold2_room1_mix0908,60,0,0,-29,-1,15.20
fold2_room1_mix0908,60,4,0,-140,-3,4.00
fold2_room1_mix0908,61,0,0,-26,-1,16.80
fold2_room1_mix0908,61,4,0,-134,-4,3.67
fold2_room1_mix0908,62,0,0,-24,-1,18.46
fold2_room1_mix0908,62,4,0,-128,-4,3.33
fold2_room1_mix0908,63,0,0,-23,-1,19.89
fold2_room1_mix0908,63,4,0,-123,-5,2.93
fold2_room1_mix0908,64,0,0,-21,-1,21.37
fold2_room1_mix0908,64,4,0,-117,-6,2.55
fold2_room1_mix0908,65,0,0,-20,-1,22.89
fold2_room1_mix0908,65,4,0,-111,-7,2.22
fold2_room1_mix0908,66,0,0,-19,-1,23.84
fold2_room1_mix0908,66,4,0,-100,-7,2.11
fold2_room1_mix0908,67,0,0,-18,-1,24.66
fold2_room1_mix0908,67,4,0,-86,-7,2.04
fold2_room1_mix0908,68,0,0,-17,-1,25.51
fold2_room1_mix0908,68,4,0,-74,-7,1.98
fold2_room1_mix0908,69,0,0,-17,-1,26.47
fold2_room1_mix0908,69,4,0,-64,-7,2.18
fold2_room1_mix0908,70,0,0,-16,-1,27.49
fold2_room1_mix0908,70,4,0,-56,-6,2.54
fold2_room1_mix0908,71,0,0,-16,-1,28.55
fold2_room1_mix0908,71,4,0,-49,-5,2.94
fold2_room1_mix0908,72,0,0,-15,-1,29.31
fold2_room1_mix0908,72,4,0,-43,-5,3.29
fold2_room1_mix0908,73,0,0,-15,0,29.74
fold2_room1_mix0908,73,4,0,-39,-5,3.55
fold2_room1_mix0908,74,0,0,-15,0,30.17
fold2_room1_mix0908,74,4,0,-35,-4,3.83
fold2_room1_mix0908,75,0,0,-15,0,31.04
fold2_room1_mix0908,75,4,0,-31,-4,3.88
fold2_room1_mix0908,76,0,0,-14,0,32.85
fold2_room1_mix0908,76,4,0,-28,-3,3.45
fold2_room1_mix0908,77,0,0,-14,0,34.79
fold2_room1_mix0908,77,4,0,-25,-3,3.04
fold2_room1_mix0908,78,0,0,-13,0,36.61
fold2_room1_mix0908,78,4,0,-22,-2,2.82
fold2_room1_mix0908,79,0,0,-12,0,37.51
fold2_room1_mix0908,79,4,0,-21,-2,3.24
fold2_room1_mix0908,80,0,0,-12,0,38.33
fold2_room1_mix0908,80,4,0,-20,-2,3.80
fold2_room1_mix0908,81,0,0,-11,0,39.26
fold2_room1_mix0908,81,4,0,-20,-2,4.32
fold2_room1_mix0908,82,0,0,-10,0,41.20
fold2_room1_mix0908,82,4,0,-19,-1,3.91
fold2_room1_mix0908,83,0,0,-9,0,43.47
fold2_room1_mix0908,83,4,0,-17,-1,3.34
fold2_room1_mix0908,84,0,0,-8,0,45.85
fold2_room1_mix0908,84,4,0,-16,-1,2.85
fold2_room1_mix0908,85,0,0,-8,0,47.65
fold2_room1_mix0908,85,4,0,-16,-1,3.09
fold2_room1_mix0908,86,0,0,-8,0,49.17
fold2_room1_mix0908,86,4,0,-18,-1,3.74
fold2_room1_mix0908,87,0,0,-7,0,50.74
fold2_room1_mix0908,87,4,0,-20,-1,4.49
fold2_room1_mix0908,88,0,0,-7,0,52.25
fold2_room1_mix0908,88,4,0,-20,-1,3.50
fold2_room1_mix0908,89,0,0,-7,0,53.68
fold2_room1_mix0908,90,0,0,-7,0,55.16
fold2_room1_mix0908,91,0,0,-6,0,55.88
fold2_room1_mix0908,92,0,0,-7,0,54.98
fold2_room1_mix0908,93,0,0,-7,0,54.05
fold2_room1_mix0908,94,0,0,-7,0,53.74
fold2_room1_mix0908,95,0,0,-7,0,55.96
fold2_room1_mix0908,96,0,0,-7,0,58.56
fold2_room1_mix0908,97,0,0,-8,0,60.88
fold2_room1_mix0908,98,0,0,-8,0,59.65
fold2_room1_mix0908,99,0,0,-8,0,57.61
fold2_room1_mix0987,0,0,0,-129,-2,54.96
fold2_room1_mix0987,0,0,0,-131,-1,55.01
fold2_room1_mix0987,1,0,0,-132,-1,54.52
fold2_room1_mix0987,1,0,0,-133,-1,54.57
fold2_room1_mix0987,2,0,0,-150,-1,50.21
fold2_room1_mix0987,2,0,0,-150,-1,50.23
fold2_room1_mix0987,3,0,0,-164,-1,45.50
fold2_room1_mix0987,4,0,0,-166,-1,40.90
fold2_room1_mix0987,5,0,0,-166,0,40.53
fold2_room1_mix0987,6,0,0,-166,0,42.12
fold2_room1_mix0987,7,0,0,-166,0,43.76
fold2_room1_mix0987,8,0,0,-165,0,44.27
fold2_room1_mix0987,9,0,0,-165,0,43.59
fold2_room1_mix0987,10,0,0,-165,0,42.93
fold2_room1_mix0987,11,0,0,-164,0,42.04
fold2_room1_mix0987,12,0,0,-163,0,40.72
fold2_room1_mix0987,13,0,0,-161,0,39.42
fold2_room1_mix0987,13,2,0,-77,-3,2.15
fold2_room1_mix0987,14,0,0,-158,0,38.88
fold2_room1_mix0987,14,2,0,-78,-3,3.22
fold2_room1_mix0987,15,0,0,-162,0,41.44
fold2_room1_mix0987,15,2,0,-77,-3,2.83
fold2_room1_mix0987,16,0,0,-164,0,44.53
fold2_room1_mix0987,16,2,0,-76,-3,2.34
fold2_room1_mix0987,17,0,0,-165,0,47.71
fold2_room1_mix0987,18,0,0,-165,0,49.78
fold2_room1_mix0987,18,2,0,-76,-3,2.47
fold2_room1_mix0987,19,0,0,-164,0,51.62
fold2_room1_mix0987,19,2,0,-77,-2,3.30
fold2_room1_mix0987,20,0,0,-163,0,53.46
fold2_room1_mix0987,20,2,0,-77,-2,4.29
fold2_room1_mix0987,21,0,0,-162,0,52.95
fold2_room1_mix0987,21,2,0,-77,-2,4.58
fold2_room1_mix0987,22,0,0,-161,0,51.31
fold2_room1_mix0987,22,2,0,-78,-2,4.46
fold2_room1_mix0987,23,0,0,-147,-1,48.13
fold2_room1_mix0987,23,0,0,-148,-1,48.12
fold2_room1_mix0987,23,2,0,-79,-3,4.34
fold2_room1_mix0987,24,0,0,-158,0,48.76
fold2_room1_mix0987,24,2,0,-79,-3,4.51
fold2_room1_mix0987,25,0,0,-164,0,48.37
fold2_room1_mix0987,25,2,0,-78,-3,5.00
fold2_room1_mix0987,26,0,0,-167,0,48.00
fold2_room1_mix0987,26,2,0,-77,-3,5.54
fold2_room1_mix0987,27,0,0,-169,0,47.58
fold2_room1_mix0987,27,2,0,-77,-3,5.98
fold2_room1_mix0987,28,0,0,-168,0,47.03
fold2_room1_mix0987,28,2,0,-78,-3,6.12
fold2_room1_mix0987,29,0,0,-166,0,46.48
fold2_room1_mix0987,29,2,0,-79,-3,6.25
fold2_room1_mix0987,30,0,0,-165,0,45.75
fold2_room1_mix0987,30,2,0,-80,-3,6.40
fold2_room1_mix0987,31,0,0,-166,0,44.26
fold2_room1_mix0987,31,2,0,-80,-3,6.59
fold2_room1_mix0987,32,0,0,-166,0,42.74
fold2_room1_mix0987,32,2,0,-80,-3,6.79
fold2_room1_mix0987,33,0,0,-167,0,41.45
fold2_room1_mix0987,33,2,0,-81,-3,6.94
fold2_room1_mix0987,34,0,0,-168,0,41.82
fold2_room1_mix0987,34,2,0,-81,-3,6.63
fold2_room1_mix0987,35,0,0,-168,0,42.62
fold2_room1_mix0987,35,2,0,-81,-3,6.22
fold2_room1_mix0987,36,0,0,-169,0,43.39
fold2_room1_mix0987,36,2,0,-82,-3,5.85
fold2_room1_mix0987,37,0,0,-168,0,42.75
fold2_room1_mix0987,37,2,0,-84,-3,6.01
fold2_room1_mix0987,38,0,0,-166,0,41.46
fold2_room1_mix0987,38,2,0,-86,-3,6.44
fold2_room1_mix0987,39,0,0,-165,0,40.21
fold2_room1_mix0987,39,2,0,-88,-3,6.91
fold2_room1_mix0987,40,0,0,-165,0,39.75
fold2_room1_mix0987,40,2,0,-89,-3,7.10
fold2_room1_mix0987,41,0,0,-167,0,40.06
fold2_room1_mix0987,41,2,0,-90,-3,7.01
fold2_room1_mix0987,42,0,0,-168,0,40.37
fold2_room1_mix0987,42,2,0,-91,-3,6.92
fold2_room1_mix0987,43,0,0,-169,0,40.93
fold2_room1_mix0987,43,2,0,-92,-3,6.31
fold2_room1_mix0987,44,0,0,-169,0,41.99
fold2_room1_mix0987,44,2,0,-92,-3,4.85
fold2_room1_mix0987,45,0,0,-169,0,43.09
fold2_room1_mix0987,45,2,0,-92,-3,3.66
fold2_room1_mix0987,46,0,0,-169,0,44.26
fold2_room1_mix0987,46,2,0,-93,-3,2.60
fold2_room1_mix0987,47,0,0,-170,0,45.61
fold2_room1_mix0987,47,2,0,-93,-3,1.46
fold2_room1_mix0987,48,0,0,-170,0,47.01
fold2_room1_mix0987,49,0,0,-171,0,47.70
fold2_room1_mix0987,50,0,0,-170,0,41.80
fold2_room1_mix0987,50,2,0,-98,-2,0.92
fold2_room1_mix0987,51,0,0,-169,0,35.33
fold2_room1_mix0987,51,2,0,-98,-2,2.63
fold2_room1_mix0987,52,0,0,-168,0,30.01
fold2_room1_mix0987,52,2,0,-100,-3,5.78
fold2_room1_mix0987,53,0,0,-168,0,30.68
fold2_room1_mix0987,53,2,0,-100,-3,7.14
fold2_room1_mix0987,54,0,0,-169,0,34.30
fold2_room1_mix0987,54,2,0,-99,-3,6.89
fold2_room1_mix0987,55,0,0,-169,0,38.34
fold2_room1_mix0987,55,2,0,-97,-3,6.65
fold2_room1_mix0987,56,0,0,-169,0,39.64
fold2_room1_mix0987,56,2,0,-97,-3,6.61
fold2_room1_mix0987,57,0,0,-168,0,37.90
fold2_room1_mix0987,57,2,0,-99,-3,6.75
fold2_room1_mix0987,58,0,0,-168,0,36.24
fold2_room1_mix0987,58,2,0,-100,-4,6.90
fold2_room1_mix0987,59,0,0,-167,0,34.39
fold2_room1_mix0987,59,2,0,-101,-4,6.94
fold2_room1_mix0987,60,0,0,-168,0,32.10
fold2_room1_mix0987,60,2,0,-102,-4,6.77
fold2_room1_mix0987,61,0,0,-168,0,29.95
fold2_room1_mix0987,61,2,0,-102,-4,6.59
fold2_room1_mix0987,62,0,0,-168,0,28.90
fold2_room1_mix0987,62,2,0,-102,-4,6.40
fold2_room1_mix0987,63,0,0,-169,0,32.05
fold2_room1_mix0987,63,2,0,-101,-3,6.16
fold2_room1_mix0987,64,0,0,-169,0,36.07
fold2_room1_mix0987,64,2,0,-100,-3,5.93
fold2_room1_mix0987,65,0,0,-169,0,40.26
fold2_room1_mix0987,65,2,0,-99,-3,5.74
fold2_room1_mix0987,66,0,0,-169,0,41.79
fold2_room1_mix0987,66,2,0,-99,-3,5.92
fold2_room1_mix0987,67,0,0,-170,0,42.62
fold2_room1_mix0987,67,2,0,-100,-3,6.20
fold2_room1_mix0987,68,0,0,-170,0,43.38
fold2_room1_mix0987,68,2,0,-101,-3,6.47
fold2_room1_mix0987,69,0,0,-169,0,41.49
fold2_room1_mix0987,69,2,0,-101,-3,5.93
fold2_room1_mix0987,70,0,0,-168,0,38.50
fold2_room1_mix0987,70,2,0,-101,-3,5.10
fold2_room1_mix0987,71,0,0,-167,0,35.72
fold2_room1_mix0987,71,2,0,-101,-3,4.36
fold2_room1_mix0987,72,0,0,-167,0,36.52
fold2_room1_mix0987,72,2,0,-100,-3,3.56
fold2_room1_mix0987,73,0,0,-168,0,41.13
fold2_room1_mix0987,73,2,0,-100,-3,2.75
fold2_room1_mix0987,74,0,0,-169,0,46.31
fold2_room1_mix0987,74,2,0,-99,-3,2.08
fold2_room1_mix0987,75,0,0,-170,0,50.55
fold2_room1_mix0987,75,2,0,-98,-2,1.53
fold2_room1_mix0987,76,0,0,-170,0,51.76
fold2_room1_mix0987,77,0,0,-170,0,52.89
fold2_room1_mix0987,78,0,0,-169,0,53.67
fold2_room1_mix0987,79,0,0,-169,0,52.89
fold2_room1_mix0987,80,0,0,-170,0,51.96
fold2_room1_mix0987,81,0,0,-170,0,51.14
fold2_room1_mix0987,82,0,0,-170,0,51.24
fold2_room1_mix0987,83,0,0,-170,0,51.57
fold2_room1_mix0987,84,0,0,-170,0,51.91
fold2_room1_mix0987,84,2,0,-106,-2,1.89
fold2_room1_mix0987,85,0,0,-170,0,52.81
fold2_room1_mix0987,85,2,0,-107,-2,2.98
fold2_room1_mix0987,86,0,0,-170,0,54.01
fold2_room1_mix0987,86,2,0,-108,-2,4.28
fold2_room1_mix0987,87,0,0,-171,0,55.23
fold2_room1_mix0987,87,2,0,-110,-3,6.01
fold2_room1_mix0987,88,0,0,-171,0,54.56
fold2_room1_mix0987,88,2,0,-110,-3,7.22
fold2_room1_mix0987,89,0,0,-170,0,52.06
fold2_room1_mix0987,89,2,0,-110,-3,7.52
fold2_room1_mix0987,90,0,0,-170,0,49.67
fold2_room1_mix0987,90,2,0,-111,-3,7.82
fold2_room1_mix0987,91,0,0,-169,0,48.16
fold2_room1_mix0987,91,2,0,-110,-3,6.36
fold2_room1_mix0987,92,0,0,-170,0,48.30
fold2_room1_mix0987,92,2,0,-108,-2,2.95
fold2_room1_mix0987,93,0,0,-171,0,48.48
fold2_room1_mix0987,94,0,0,-171,0,50.16
fold2_room1_mix0987,95,0,0,-171,0,58.75
fold2_room1_mix0987,96,0,0,-172,0,69.71
fold2_room1_mix0987,97,0,0,-172,0,75.98
fold2_room1_mix0987,98,0,0,-172,0,37.70
fold2_room1_mix0987,99,0,0,-171,0,15.12
fold2_room1_mix0988,37,3,0,63,-3,2.70
fold2_room1_mix0988,38,3,0,64,-3,4.70
fold2_room1_mix0988,39,3,0,62,-3,7.78
fold2_room1_mix0988,40,3,0,62,-3,9.18
fold2_room1_mix0988,41,3,0,67,-3,7.90
fold2_room1_mix0988,42,3,0,72,-4,6.78
fold2_room1_mix0988,43,3,0,76,-4,6.12
fold2_room1_mix0988,44,3,0,78,-4,6.15
fold2_room1_mix0988,45,3,0,80,-4,6.21
fold2_room1_mix0988,46,3,0,82,-4,6.27
fold2_room1_mix0988,47,3,0,84,-4,6.35
fold2_room1_mix0988,48,3,0,86,-4,6.42
fold2_room1_mix0988,49,3,0,88,-4,6.38
fold2_room1_mix0988,50,1,0,82,0,1.36
fold2_room1_mix0988,50,3,0,90,-3,5.37
fold2_room1_mix0988,51,1,0,82,-1,5.29
fold2_room1_mix0988,51,3,0,93,-3,4.31
fold2_room1_mix0988,52,1,0,80,-1,15.38
fold2_room1_mix0988,52,3,0,96,-3,3.41
fold2_room1_mix0988,53,1,0,77,-1,19.90
fold2_room1_mix0988,53,3,0,96,-2,2.17
fold2_room1_mix0988,54,1,0,74,-1,17.88
fold2_room1_mix0988,54,3,0,97,-2,1.12
fold2_room1_mix0988,55,1,0,71,-1,16.05
fold2_room1_mix0988,56,1,0,71,-1,8.71
fold2_room1_mix0988,57,1,0,74,-1,2.48
fold2_room1_mix0996,31,1,0,-71,-2,3.35
fold2_room1_mix0996,32,1,0,-67,-2,9.08
fold2_room1_mix0996,33,1,0,-63,-2,19.01
fold2_room1_mix0996,34,1,0,-67,-2,8.66
fold2_room1_mix0996,35,1,0,-72,-1,2.31
fold2_room1_mix1004,0,5,0,-94,4,14.63
fold2_room1_mix1004,1,5,0,-94,4,14.63
fold2_room1_mix1004,2,5,0,-94,4,14.58
fold2_room1_mix1004,3,5,0,-94,3,14.51
fold2_room1_mix1004,4,5,0,-94,3,14.45
fold2_room1_mix1004,5,5,0,-94,3,14.51
fold2_room1_mix1004,6,5,0,-94,3,14.61
fold2_room1_mix1004,7,5,0,-94,3,14.72
fold2_room1_mix1004,8,5,0,-94,3,14.82
fold2_room1_mix1004,9,5,0,-95,3,14.91
fold2_room1_mix1004,10,5,0,-95,3,15.01
fold2_room1_mix1004,11,5,0,-95,3,15.08
fold2_room1_mix1004,12,5,0,-96,3,15.11
fold2_room1_mix1004,13,5,0,-96,3,15.13
fold2_room1_mix1004,14,5,0,-96,3,15.16
fold2_room1_mix1004,15,5,0,-97,3,15.17
fold2_room1_mix1004,16,5,0,-97,3,15.18
fold2_room1_mix1004,17,5,0,-98,3,15.19
fold2_room1_mix1004,18,5,0,-98,3,15.18
fold2_room1_mix1004,19,5,0,-98,3,15.17
fold2_room1_mix1004,20,5,0,-99,3,15.15
fold2_room1_mix1004,21,5,0,-99,3,15.09
fold2_room1_mix1004,22,5,0,-100,3,15.01
fold2_room1_mix1004,23,5,0,-100,3,14.92
fold2_room1_mix1004,24,5,0,-101,3,14.85
fold2_room1_mix1004,25,5,0,-101,3,14.80
fold2_room1_mix1004,26,5,0,-102,3,14.75
fold2_room1_mix1004,27,5,0,-102,3,14.76
fold2_room1_mix1004,28,5,0,-102,3,14.88
fold2_room1_mix1004,29,5,0,-102,3,15.01
fold2_room1_mix1004,30,5,0,-103,3,15.16
fold2_room1_mix1004,31,5,0,-104,3,15.38
fold2_room1_mix1004,32,5,0,-105,3,15.61
fold2_room1_mix1004,33,5,0,-105,3,15.84
fold2_room1_mix1004,34,5,0,-106,3,16.04
fold2_room1_mix1004,35,5,0,-106,3,16.23
fold2_room1_mix1004,36,5,0,-106,3,16.43
fold2_room1_mix1004,37,5,0,-107,3,16.64
fold2_room1_mix1004,38,5,0,-107,3,16.86
fold2_room1_mix1004,39,5,0,-108,3,17.08
fold2_room1_mix1004,40,5,0,-109,3,17.29
fold2_room1_mix1004,41,5,0,-109,2,17.50
fold2_room1_mix1004,42,5,0,-109,2,17.70
fold2_room1_mix1004,43,4,0,-9,-1,0.91
fold2_room1_mix1004,43,5,0,-110,2,17.76
fold2_room1_mix1004,44,4,0,-14,-2,1.66
fold2_room1_mix1004,44,5,0,-110,2,17.51
fold2_room1_mix1004,45,4,0,-17,-3,2.89
fold2_room1_mix1004,45,5,0,-110,2,17.26
fold2_room1_mix1004,46,4,0,-20,-3,4.25
fold2_room1_mix1004,46,5,0,-111,2,17.05
fold2_room1_mix1004,47,4,0,-21,-3,4.11
fold2_room1_mix1004,47,5,0,-112,2,17.02
fold2_room1_mix1004,48,4,0,-23,-3,3.80
fold2_room1_mix1004,48,5,0,-112,2,17.00
fold2_room1_mix1004,49,4,0,-25,-3,3.51
fold2_room1_mix1004,49,5,0,-113,2,16.99
fold2_room1_mix1004,50,4,0,-37,-5,3.28
fold2_room1_mix1004,50,5,0,-114,2,17.01
fold2_room1_mix1004,51,4,0,-60,-7,3.07
fold2_room1_mix1004,51,5,0,-115,2,17.04
fold2_room1_mix1004,52,4,0,-90,-8,3.62
fold2_room1_mix1004,52,4,0,-105,-9,2.53
fold2_room1_mix1004,52,5,0,-116,2,17.06
fold2_room1_mix1004,53,4,0,-125,-7,3.25
fold2_room1_mix1004,53,5,0,-116,2,17.10
fold2_room1_mix1004,54,4,0,-140,-5,3.95
fold2_room1_mix1004,54,5,0,-117,2,17.14
fold2_room1_mix1004,55,4,0,-151,-3,4.77
fold2_room1_mix1004,55,5,0,-118,2,17.19
fold2_room1_mix1004,56,4,0,-159,-3,5.15
fold2_room1_mix1004,56,5,0,-118,2,17.44
fold2_room1_mix1004,57,4,0,-160,-3,4.99
fold2_room1_mix1004,57,5,0,-119,2,17.92
fold2_room1_mix1004,58,4,0,-160,-3,4.83
fold2_room1_mix1004,58,5,0,-119,2,18.41
fold2_room1_mix1004,59,4,0,-160,-4,3.94
fold2_room1_mix1004,59,5,0,-120,2,18.74
fold2_room1_mix1004,60,4,0,-165,-2,2.83
fold2_room1_mix1004,60,5,0,-120,2,18.71
fold2_room1_mix1004,61,4,0,-166,-2,1.90
fold2_room1_mix1004,61,5,0,-119,2,18.67
fold2_room1_mix1004,62,5,0,-119,2,18.65
fold2_room1_mix1004,63,4,0,-12,0,1.19
fold2_room1_mix1004,63,5,0,-119,2,18.77
fold2_room1_mix1004,64,4,0,-10,0,1.04
fold2_room1_mix1004,64,5,0,-120,2,18.89
fold2_room1_mix1004,65,4,0,-10,0,0.91
fold2_room1_mix1004,65,5,0,-120,2,19.00
fold2_room1_mix1004,66,4,0,-10,0,0.90
fold2_room1_mix1004,66,5,0,-120,2,18.84
fold2_room1_mix1004,67,4,0,-10,0,0.92
fold2_room1_mix1004,67,5,0,-120,2,18.63
fold2_room1_mix1004,68,4,0,-11,0,0.94
fold2_room1_mix1004,68,5,0,-120,2,18.43
fold2_room1_mix1004,69,4,0,-13,0,1.15
fold2_room1_mix1004,69,5,0,-120,2,18.44
fold2_room1_mix1004,70,4,0,-17,-1,1.47
fold2_room1_mix1004,70,5,0,-120,2,18.55
fold2_room1_mix1004,71,4,0,-19,-1,1.85
fold2_room1_mix1004,71,5,0,-120,2,18.67
fold2_room1_mix1004,72,4,0,-23,-1,2.51
fold2_room1_mix1004,72,5,0,-121,2,18.58
fold2_room1_mix1004,73,4,0,-30,-2,3.75
fold2_room1_mix1004,73,5,0,-121,2,18.28
fold2_room1_mix1004,74,4,0,-32,-2,5.26
fold2_room1_mix1004,74,5,0,-122,2,18.00
fold2_room1_mix1004,75,4,0,-35,-2,6.22
fold2_room1_mix1004,75,5,0,-123,2,17.76
fold2_room1_mix1004,76,4,0,-41,-3,5.32
fold2_room1_mix1004,76,5,0,-124,2,17.64
fold2_room1_mix1004,77,4,0,-48,-3,4.49
fold2_room1_mix1004,77,5,0,-125,2,17.52
fold2_room1_mix1004,78,4,0,-56,-4,3.84
fold2_room1_mix1004,78,5,0,-126,2,17.44
fold2_room1_mix1004,79,4,0,-66,-4,3.54
fold2_room1_mix1004,79,5,0,-126,2,17.53
fold2_room1_mix1004,80,4,0,-75,-4,3.29
fold2_room1_mix1004,80,5,0,-126,2,17.64
fold2_room1_mix1004,81,4,0,-84,-4,3.08
fold2_room1_mix1004,81,5,0,-127,2,17.75
fold2_room1_mix1004,82,4,0,-96,-4,3.10
fold2_room1_mix1004,82,5,0,-127,2,17.89
fold2_room1_mix1004,83,4,0,-108,-4,3.19
fold2_room1_mix1004,83,5,0,-127,2,18.04
fold2_room1_mix1004,84,4,0,-120,-4,3.27
fold2_room1_mix1004,84,5,0,-127,2,18.20
fold2_room1_mix1004,85,4,0,-128,-3,3.35
fold2_room1_mix1004,85,5,0,-127,2,18.32
fold2_room1_mix1004,86,4,0,-135,-3,3.42
fold2_room1_mix1004,86,5,0,-128,2,18.42
fold2_room1_mix1004,87,4,0,-142,-2,3.49
fold2_room1_mix1004,87,5,0,-128,2,18.52
fold2_room1_mix1004,88,4,0,-147,-2,3.15
fold2_room1_mix1004,88,5,0,-128,2,18.81
fold2_room1_mix1004,89,4,0,-149,-2,2.49
fold2_room1_mix1004,89,5,0,-128,2,19.28
fold2_room1_mix1004,90,4,0,-151,-2,1.93
fold2_room1_mix1004,90,5,0,-128,2,19.77
fold2_room1_mix1004,91,4,0,-154,-1,1.47
fold2_room1_mix1004,91,5,0,-128,2,20.16
fold2_room1_mix1004,92,4,0,-154,-1,1.14
fold2_room1_mix1004,92,5,0,-128,2,20.34
fold2_room1_mix1004,93,5,0,-128,2,20.52
fold2_room1_mix1004,94,5,0,-128,2,20.76
fold2_room1_mix1004,95,5,0,-129,2,21.23
fold2_room1_mix1004,96,5,0,-129,2,21.74
fold2_room1_mix1004,97,5,0,-130,2,22.20
fold2_room1_mix1004,98,5,0,-131,2,22.20
fold2_room1_mix1004,99,5,0,-133,2,22.09
fold2_room1_mix1095,0,5,0,-81,11,5.41
fold2_room1_mix1095,1,5,0,-81,11,5.40
fold2_room1_mix1095,2,5,0,-81,11,5.25
fold2_room1_mix1095,3,5,0,-81,12,5.07
fold2_room1_mix1095,4,5,0,-81,12,4.90
fold2_room1_mix1095,5,5,0,-81,12,4.90
fold2_room1_mix1095,6,5,0,-81,13,4.98
fold2_room1_mix1095,7,5,0,-81,13,5.07
fold2_room1_mix1095,8,5,0,-81,13,5.11
fold2_room1_mix1095,9,5,0,-81,13,5.11
fold2_room1_mix1095,10,5,0,-81,13,5.11
fold2_room1_mix1095,11,5,0,-81,13,5.10
fold2_room1_mix1095,12,5,0,-81,13,5.07
fold2_room1_mix1095,13,5,0,-81,12,5.04
fold2_room1_mix1095,14,5,0,-81,12,5.01
fold2_room1_mix1095,15,5,0,-82,12,5.03
fold2_room1_mix1095,16,5,0,-82,13,5.05
fold2_room1_mix1095,17,5,0,-83,13,5.06
fold2_room1_mix1095,18,5,0,-83,13,5.02
fold2_room1_mix1095,19,5,0,-84,13,4.97
fold2_room1_mix1095,20,5,0,-85,13,4.92
fold2_room1_mix1095,21,5,0,-85,13,4.87
fold2_room1_mix1095,22,5,0,-85,13,4.84
fold2_room1_mix1095,23,5,0,-85,13,4.80
fold2_room1_mix1095,24,5,0,-84,13,4.81
fold2_room1_mix1095,25,5,0,-84,13,4.86
fold2_room1_mix1095,26,5,0,-83,13,4.91
fold2_room1_mix1095,27,4,0,11,-2,4.34
fold2_room1_mix1095,27,5,0,-83,13,4.93
fold2_room1_mix1095,28,4,0,12,-1,5.62
fold2_room1_mix1095,28,5,0,-82,13,4.89
fold2_room1_mix1095,29,4,0,13,-1,7.15
fold2_room1_mix1095,29,5,0,-82,12,4.85
fold2_room1_mix1095,30,4,0,15,-1,8.57
fold2_room1_mix1095,30,5,0,-81,12,4.82
fold2_room1_mix1095,31,4,0,16,-1,8.19
fold2_room1_mix1095,31,5,0,-81,12,4.80
fold2_room1_mix1095,32,4,0,16,-2,7.64
fold2_room1_mix1095,32,5,0,-80,13,4.79
fold2_room1_mix1095,33,4,0,17,-2,7.13
fold2_room1_mix1095,33,5,0,-79,13,4.77
fold2_room1_mix1095,34,4,0,18,-2,6.67
fold2_room1_mix1095,34,5,0,-79,13,4.74
fold2_room1_mix1095,35,4,0,20,-2,6.24
fold2_room1_mix1095,35,5,0,-78,13,4.71
fold2_room1_mix1095,36,4,0,23,-3,5.84
fold2_room1_mix1095,36,5,0,-78,13,4.69
fold2_room1_mix1095,37,4,0,26,-3,5.42
fold2_room1_mix1095,37,5,0,-78,13,4.71
fold2_room1_mix1095,38,4,0,29,-4,5.01
fold2_room1_mix1095,38,5,0,-79,13,4.77
fold2_room1_mix1095,39,4,0,33,-4,4.63
fold2_room1_mix1095,39,5,0,-80,13,4.82
fold2_room1_mix1095,40,4,0,39,-5,4.16
fold2_room1_mix1095,40,5,0,-80,13,4.85
fold2_room1_mix1095,41,4,0,47,-6,3.62
fold2_room1_mix1095,41,5,0,-80,13,4.85
fold2_room1_mix1095,42,4,0,56,-6,3.15
fold2_room1_mix1095,42,5,0,-80,13,4.85
fold2_room1_mix1095,43,4,0,69,-8,2.99
fold2_room1_mix1095,43,5,0,-80,13,4.86
fold2_room1_mix1095,44,4,0,79,-8,2.56
fold2_room1_mix1095,44,4,0,130,-7,5.28
fold2_room1_mix1095,44,5,0,-79,13,4.88
fold2_room1_mix1095,45,4,0,93,-8,2.57
fold2_room1_mix1095,45,4,0,161,-4,7.20
fold2_room1_mix1095,45,5,0,-79,13,4.90
fold2_room1_mix1095,46,4,0,106,-8,2.65
fold2_room1_mix1095,46,4,0,176,-2,9.23
fold2_room1_mix1095,46,5,0,-79,13,4.92
fold2_room1_mix1095,47,4,0,119,-7,3.05
fold2_room1_mix1095,47,4,0,-179,-2,9.66
fold2_room1_mix1095,47,5,0,-79,13,4.96
fold2_room1_mix1095,48,4,0,131,-5,3.53
fold2_room1_mix1095,48,4,0,-177,-2,9.90
fold2_room1_mix1095,48,5,0,-78,13,5.00
fold2_room1_mix1095,49,4,0,141,-4,4.06
fold2_room1_mix1095,49,4,0,-174,-1,10.08
fold2_room1_mix1095,49,5,0,-78,13,5.02
fold2_room1_mix1095,50,4,0,146,-4,4.50
fold2_room1_mix1095,50,4,0,-176,-1,9.71
fold2_room1_mix1095,50,5,0,-78,13,4.97
fold2_room1_mix1095,51,4,0,150,-3,4.95
fold2_room1_mix1095,51,4,0,-179,-2,9.23
fold2_room1_mix1095,51,5,0,-78,13,4.91
fold2_room1_mix1095,52,4,0,154,-3,5.44
fold2_room1_mix1095,52,4,0,178,-2,8.78
fold2_room1_mix1095,52,5,0,-79,13,4.84
fold2_room1_mix1095,53,4,0,156,-3,5.82
fold2_room1_mix1095,53,4,0,177,-2,8.68
fold2_room1_mix1095,53,5,0,-79,13,4.81
fold2_room1_mix1095,54,4,0,159,-3,6.17
fold2_room1_mix1095,54,4,0,178,-1,8.74
fold2_room1_mix1095,54,5,0,-80,13,4.79
fold2_room1_mix1095,55,4,0,161,-2,6.53
fold2_room1_mix1095,55,4,0,179,-1,8.81
fold2_room1_mix1095,55,5,0,-80,13,4.77
fold2_room1_mix1095,56,4,0,168,-2,7.43
fold2_room1_mix1095,56,5,0,-80,13,4.76
fold2_room1_mix1095,57,4,0,170,-2,7.45
fold2_room1_mix1095,57,5,0,-80,13,4.78
fold2_room1_mix1095,58,4,0,171,-2,7.46
fold2_room1_mix1095,58,5,0,-80,13,4.79
fold2_room1_mix1095,59,4,0,173,-2,7.43
fold2_room1_mix1095,59,5,0,-80,13,4.81
fold2_room1_mix1095,60,4,0,174,-2,7.33
fold2_room1_mix1095,60,5,0,-80,13,4.82
fold2_room1_mix1095,61,4,0,175,-2,7.27
fold2_room1_mix1095,61,5,0,-80,13,4.83
fold2_room1_mix1095,62,4,0,177,-3,7.14
fold2_room1_mix1095,62,5,0,-80,13,4.83
fold2_room1_mix1095,63,4,0,-162,-11,2.72
fold2_room1_mix1095,63,4,0,175,-1,8.52
fold2_room1_mix1095,63,5,0,-80,13,4.81
fold2_room1_mix1095,64,4,0,-147,-16,1.79
fold2_room1_mix1095,64,4,0,175,-2,8.26
fold2_room1_mix1095,64,5,0,-80,13,4.77
fold2_room1_mix1095,65,4,0,-133,-22,1.16
fold2_room1_mix1095,65,4,0,176,-2,8.01
fold2_room1_mix1095,65,5,0,-80,13,4.74
fold2_room1_mix1095,66,4,0,-99,-29,1.29
fold2_room1_mix1095,66,4,0,179,-2,7.71
fold2_room1_mix1095,66,5,0,-80,13,4.68
fold2_room1_mix1095,67,4,0,-43,-22,1.61
fold2_room1_mix1095,67,4,0,-176,-2,7.40
fold2_room1_mix1095,67,5,0,-79,13,4.61
fold2_room1_mix1095,68,4,0,-24,-15,1.98
fold2_room1_mix1095,68,4,0,-172,-3,7.10
fold2_room1_mix1095,68,5,0,-79,13,4.54
fold2_room1_mix1095,69,4,0,-18,-12,2.45
fold2_room1_mix1095,69,4,0,-169,-3,6.83
fold2_room1_mix1095,69,5,0,-79,13,4.55
fold2_room1_mix1095,70,4,0,-15,-10,3.02
fold2_room1_mix1095,70,4,0,-168,-2,6.58
fold2_room1_mix1095,70,5,0,-78,13,4.60
fold2_room1_mix1095,71,4,0,-13,-8,3.68
fold2_room1_mix1095,71,4,0,-167,-2,6.33
fold2_room1_mix1095,71,5,0,-78,13,4.66
fold2_room1_mix1095,72,4,0,-11,-6,4.23
fold2_room1_mix1095,72,4,0,-165,-2,5.79
fold2_room1_mix1095,72,5,0,-78,13,4.64
fold2_room1_mix1095,73,4,0,-10,-6,4.60
fold2_room1_mix1095,73,4,0,-162,-3,5.02
fold2_room1_mix1095,73,5,0,-77,13,4.55
fold2_room1_mix1095,74,4,0,-9,-5,5.00
fold2_room1_mix1095,74,4,0,-160,-3,4.35
fold2_room1_mix1095,74,5,0,-77,13,4.46
fold2_room1_mix1095,75,4,0,-9,-4,5.18
fold2_room1_mix1095,75,4,0,-155,-4,3.77
fold2_room1_mix1095,75,5,0,-77,13,4.37
fold2_room1_mix1095,76,4,0,-12,-4,4.89
fold2_room1_mix1095,76,4,0,-148,-5,3.31
fold2_room1_mix1095,76,5,0,-77,14,4.27
fold2_room1_mix1095,77,4,0,-15,-4,4.59
fold2_room1_mix1095,77,4,0,-131,-6,2.13
fold2_room1_mix1095,77,4,0,-149,-4,3.66
fold2_room1_mix1095,77,5,0,-76,14,4.19
fold2_room1_mix1095,78,4,0,-18,-4,4.33
fold2_room1_mix1095,78,4,0,-119,-8,1.75
fold2_room1_mix1095,78,4,0,-143,-5,3.32
fold2_room1_mix1095,78,5,0,-76,14,4.12
fold2_room1_mix1095,79,4,0,-20,-4,4.17
fold2_room1_mix1095,79,4,0,-99,-9,1.61
fold2_room1_mix1095,79,4,0,-129,-6,2.83
fold2_room1_mix1095,79,5,0,-76,14,4.15
fold2_room1_mix1095,80,4,0,-22,-4,4.03
fold2_room1_mix1095,80,4,0,-76,-9,1.50
fold2_room1_mix1095,80,4,0,-102,-9,2.37
fold2_room1_mix1095,80,5,0,-77,14,4.19
fold2_room1_mix1095,81,4,0,-24,-4,3.95
fold2_room1_mix1095,81,4,0,-65,-8,1.74
fold2_room1_mix1095,81,5,0,-77,14,4.23
fold2_room1_mix1095,82,4,0,-20,-3,4.48
fold2_room1_mix1095,82,4,0,-51,-6,2.09
fold2_room1_mix1095,82,5,0,-77,14,4.26
fold2_room1_mix1095,83,4,0,-16,-2,5.24
fold2_room1_mix1095,83,4,0,-40,-5,2.67
fold2_room1_mix1095,83,5,0,-77,14,4.29
fold2_room1_mix1095,84,4,0,-11,-1,6.08
fold2_room1_mix1095,84,4,0,-29,-3,3.34
fold2_room1_mix1095,84,5,0,-78,14,4.31
fold2_room1_mix1095,85,4,0,-18,-2,4.81
fold2_room1_mix1095,85,5,0,-79,14,4.27
fold2_room1_mix1095,86,4,0,-17,-2,5.28
fold2_room1_mix1095,86,5,0,-80,15,4.20
fold2_room1_mix1095,87,4,0,-16,-2,5.79
fold2_room1_mix1095,87,5,0,-81,15,4.13
fold2_room1_mix1095,88,4,0,-14,-2,6.57
fold2_room1_mix1095,88,5,0,-81,15,4.10
fold2_room1_mix1095,89,4,0,-12,-2,7.70
fold2_room1_mix1095,89,5,0,-82,15,4.11
fold2_room1_mix1095,90,4,0,-11,-2,9.01
fold2_room1_mix1095,90,5,0,-82,15,4.12
fold2_room1_mix1095,91,4,0,-10,-2,9.85
fold2_room1_mix1095,91,5,0,-82,15,4.12
fold2_room1_mix1095,92,4,0,-9,-2,9.42
fold2_room1_mix1095,92,5,0,-82,15,4.12
fold2_room1_mix1095,93,4,0,-8,-1,8.98
fold2_room1_mix1095,93,5,0,-81,14,4.12
fold2_room1_mix1095,94,4,0,-8,-1,7.64
fold2_room1_mix1095,94,5,0,-81,15,4.13
fold2_room1_mix1095,95,4,0,-7,-1,3.95
fold2_room1_mix1095,95,5,0,-82,15,4.17
fold2_room1_mix1095,96,4,0,-6,-1,1.71
fold2_room1_mix1095,96,5,0,-83,15,4.21
fold2_room1_mix1095,97,5,0,-84,15,4.27
fold2_room1_mix1095,98,5,0,-85,14,4.41
fold2_room1_mix1095,99,5,0,-85,13,4.58
fold2_room1_mix1110,25,4,0,-170,-1,1.66
fold2_room1_mix1110,26,4,0,-170,0,2.10
fold2_room1_mix1110,27,4,0,-170,0,2.72
fold2_room1_mix1110,28,4,0,-169,-1,3.71
fold2_room1_mix1110,29,4,0,-169,-1,4.98
fold2_room1_mix1110,30,4,0,-169,-1,6.23
fold2_room1_mix1110,31,4,0,-169,-1,6.19
fold2_room1_mix1110,32,4,0,-168,-1,6.00
fold2_room1_mix1110,33,4,0,-168,-1,5.87
fold2_room1_mix1110,34,4,0,-167,-1,6.21
fold2_room1_mix1110,35,4,0,-166,-1,6.68
fold2_room1_mix1110,36,4,0,-165,-1,7.16
fold2_room1_mix1110,37,4,0,-164,-2,6.89
fold2_room1_mix1110,38,4,0,-163,-2,6.28
fold2_room1_mix1110,39,4,0,-162,-2,5.72
fold2_room1_mix1110,40,4,0,-161,-2,5.05
fold2_room1_mix1110,41,4,0,-159,-2,4.30
fold2_room1_mix1110,42,4,0,-157,-3,3.65
fold2_room1_mix1110,43,4,0,-150,-3,3.04
fold2_room1_mix1110,44,4,0,-138,-4,2.47
fold2_room1_mix1110,45,4,0,-126,-6,1.97
fold2_room1_mix1110,46,4,0,-112,-7,1.63
fold2_room1_mix1110,47,4,0,-94,-8,1.65
fold2_room1_mix1110,48,4,0,-74,-7,1.72
fold2_room1_mix1110,49,4,0,-59,-7,1.81
fold2_room1_mix1110,50,4,0,-51,-5,2.24
fold2_room1_mix1110,51,4,0,-40,-4,2.87
fold2_room1_mix1110,52,4,0,-33,-3,2.74
fold2_room1_mix1110,52,4,0,1,-1,5.46
fold2_room1_mix1110,53,4,0,-27,-3,3.26
fold2_room1_mix1110,53,4,0,19,0,6.38
fold2_room1_mix1110,54,4,0,-24,-3,3.90
fold2_room1_mix1110,54,4,0,24,-1,6.86
fold2_room1_mix1110,55,4,0,-22,-2,4.64
fold2_room1_mix1110,55,4,0,28,-1,7.37
fold2_room1_mix1110,56,4,0,-21,-2,5.31
fold2_room1_mix1110,56,4,0,33,-1,7.65
fold2_room1_mix1110,57,4,0,-19,-2,5.85
fold2_room1_mix1110,57,4,0,39,-2,7.67
fold2_room1_mix1110,58,4,0,-17,-2,6.44
fold2_room1_mix1110,58,4,0,49,-2,7.69
fold2_room1_mix1110,59,4,0,-16,-1,7.11
fold2_room1_mix1110,59,4,0,57,-2,7.78
fold2_room1_mix1110,60,4,0,-16,-1,7.87
fold2_room1_mix1110,60,4,0,58,-2,8.03
fold2_room1_mix1110,61,4,0,-15,-1,8.71
fold2_room1_mix1110,61,4,0,59,-2,8.28
fold2_room1_mix1110,62,4,0,-15,-1,8.92
fold2_room1_mix1110,62,4,0,60,-2,7.95
fold2_room1_mix1110,63,4,0,-14,-1,6.58
fold2_room1_mix1110,63,4,0,67,-2,5.62
fold2_room1_mix1110,64,4,0,-13,-1,4.63
fold2_room1_mix1110,64,4,0,75,-2,3.76
fold2_room1_mix1110,65,4,0,-16,0,3.70
fold2_room1_mix1110,65,4,0,83,-2,2.51
fold2_room1_mix1110,66,4,0,-18,0,3.35
fold2_room1_mix1110,66,4,0,82,-2,2.25
fold2_room1_mix1110,67,4,0,-20,0,3.21
fold2_room1_mix1110,67,4,0,80,-1,2.19
fold2_room1_mix1110,68,4,0,-22,0,3.05
fold2_room1_mix1110,68,4,0,78,-1,2.11
fold2_room1_mix1110,69,4,0,-19,0,2.19
fold2_room1_mix1110,69,4,0,79,-1,1.56
fold2_room1_mix1110,70,4,0,-15,0,1.29
fold2_room1_mix1110,70,4,0,83,-1,0.94
fold2_room1_mix1125,0,2,0,67,-2,15.13
fold2_room1_mix1125,0,5,0,102,4,8.64
fold2_room1_mix1125,1,2,0,67,-2,15.05
fold2_room1_mix1125,1,5,0,102,4,8.73
fold2_room1_mix1125,2,2,0,67,-2,14.25
fold2_room1_mix1125,2,5,0,103,4,9.74
fold2_room1_mix1125,3,2,0,67,-2,13.33
fold2_room1_mix1125,3,5,0,104,4,11.11
fold2_room1_mix1125,4,2,0,67,-2,12.49
fold2_room1_mix1125,4,5,0,105,4,12.62
fold2_room1_mix1125,5,2,0,67,-2,12.31
fold2_room1_mix1125,5,5,0,106,4,13.24
fold2_room1_mix1125,6,2,0,67,-2,12.44
fold2_room1_mix1125,6,5,0,106,4,13.37
fold2_room1_mix1125,7,2,0,67,-2,12.58
fold2_room1_mix1125,7,5,0,106,3,13.49
fold2_room1_mix1125,8,2,0,68,-2,12.30
fold2_room1_mix1125,8,5,0,106,3,13.46
fold2_room1_mix1125,9,2,0,68,-2,11.64
fold2_room1_mix1125,9,5,0,106,3,13.28
fold2_room1_mix1125,10,2,0,68,-2,11.00
fold2_room1_mix1125,10,5,0,107,3,13.09
fold2_room1_mix1125,11,2,0,69,-2,10.71
fold2_room1_mix1125,11,5,0,107,3,13.03
fold2_room1_mix1125,12,2,0,68,-2,11.05
fold2_room1_mix1125,12,5,0,108,3,13.22
fold2_room1_mix1125,13,2,0,68,-2,11.43
fold2_room1_mix1125,13,5,0,108,3,13.42
fold2_room1_mix1125,14,2,0,68,-2,11.76
fold2_room1_mix1125,14,5,0,109,3,13.59
fold2_room1_mix1125,15,2,0,68,-2,11.81
fold2_room1_mix1125,15,5,0,109,3,13.68
fold2_room1_mix1125,16,2,0,69,-2,11.83
fold2_room1_mix1125,16,5,0,110,3,13.75
fold2_room1_mix1125,17,2,0,69,-2,11.85
fold2_room1_mix1125,17,5,0,110,3,13.79
fold2_room1_mix1125,18,2,0,69,-2,11.85
fold2_room1_mix1125,18,5,0,110,3,13.55
fold2_room1_mix1125,19,2,0,69,-2,11.84
fold2_room1_mix1125,19,5,0,110,3,13.25
fold2_room1_mix1125,20,2,0,69,-2,11.82
fold2_room1_mix1125,20,5,0,110,3,12.96
fold2_room1_mix1125,21,2,0,69,-2,11.50
fold2_room1_mix1125,21,5,0,110,3,12.94
fold2_room1_mix1125,22,2,0,69,-2,11.04
fold2_room1_mix1125,22,5,0,110,3,13.05
fold2_room1_mix1125,23,2,0,70,-2,10.59
fold2_room1_mix1125,23,5,0,110,3,13.17
fold2_room1_mix1125,24,2,0,71,-2,10.28
fold2_room1_mix1125,24,5,0,110,3,13.33
fold2_room1_mix1125,25,2,0,72,-2,10.10
fold2_room1_mix1125,25,5,0,110,3,13.53
fold2_room1_mix1125,26,2,0,74,-2,9.93
fold2_room1_mix1125,26,5,0,111,3,13.73
fold2_room1_mix1125,27,2,0,75,-2,9.73
fold2_room1_mix1125,27,5,0,111,3,13.84
fold2_room1_mix1125,28,2,0,74,-2,9.47
fold2_room1_mix1125,28,5,0,111,3,13.74
fold2_room1_mix1125,29,2,0,74,-2,9.21
fold2_room1_mix1125,29,5,0,111,3,13.65
fold2_room1_mix1125,30,2,0,74,-2,9.08
fold2_room1_mix1125,30,5,0,111,3,13.55
fold2_room1_mix1125,31,2,0,75,-2,9.42
fold2_room1_mix1125,31,5,0,111,3,13.46
fold2_room1_mix1125,32,2,0,77,-2,9.83
fold2_room1_mix1125,32,5,0,111,3,13.37
fold2_room1_mix1125,33,2,0,78,-2,10.20
fold2_room1_mix1125,33,5,0,111,3,13.31
fold2_room1_mix1125,34,2,0,78,-2,10.18
fold2_room1_mix1125,34,5,0,111,3,13.49
fold2_room1_mix1125,35,2,0,78,-2,10.06
fold2_room1_mix1125,35,5,0,111,3,13.73
fold2_room1_mix1125,36,2,0,78,-2,9.93
fold2_room1_mix1125,36,5,0,111,3,13.97
fold2_room1_mix1125,37,2,0,78,-2,9.66
fold2_room1_mix1125,37,5,0,111,3,14.05
fold2_room1_mix1125,38,2,0,79,-2,9.32
fold2_room1_mix1125,38,5,0,111,3,14.06
fold2_room1_mix1125,39,2,0,79,-2,8.98
fold2_room1_mix1125,39,5,0,111,3,14.06
fold2_room1_mix1125,40,2,0,79,-2,9.27
fold2_room1_mix1125,40,5,0,111,3,13.84
fold2_room1_mix1125,41,2,0,78,-2,10.21
fold2_room1_mix1125,41,4,0,111,-5,0.07
fold2_room1_mix1125,41,5,0,111,3,13.41
fold2_room1_mix1125,42,2,0,77,-2,11.25
fold2_room1_mix1125,42,4,0,-38,-2,1.48
fold2_room1_mix1125,42,4,0,102,-6,0.21
fold2_room1_mix1125,42,5,0,111,3,13.00
fold2_room1_mix1125,43,2,0,76,-2,11.89
fold2_room1_mix1125,43,4,0,-39,-2,1.82
fold2_room1_mix1125,43,4,0,95,-6,0.32
fold2_room1_mix1125,43,5,0,111,3,12.77
fold2_room1_mix1125,44,2,0,76,-2,11.54
fold2_room1_mix1125,44,4,0,-40,-2,1.78
fold2_room1_mix1125,44,4,0,85,-7,0.35
fold2_room1_mix1125,44,5,0,112,3,12.92
fold2_room1_mix1125,45,2,0,77,-2,11.18
fold2_room1_mix1125,45,4,0,-41,-2,1.74
fold2_room1_mix1125,45,4,0,74,-7,0.37
fold2_room1_mix1125,45,5,0,113,3,13.09
fold2_room1_mix1125,46,2,0,77,-2,11.00
fold2_room1_mix1125,46,4,0,66,-7,0.39
fold2_room1_mix1125,46,5,0,114,3,13.31
fold2_room1_mix1125,47,2,0,77,-2,11.54
fold2_room1_mix1125,47,5,0,115,3,13.75
fold2_room1_mix1125,48,2,0,77,-2,12.19
fold2_room1_mix1125,48,5,0,117,3,14.21
fold2_room1_mix1125,49,2,0,78,-2,12.78
fold2_room1_mix1125,49,5,0,119,3,14.65
fold2_room1_mix1125,50,2,0,78,-2,12.49
fold2_room1_mix1125,50,5,0,119,3,14.63
fold2_room1_mix1125,51,2,0,78,-2,12.00
fold2_room1_mix1125,51,5,0,119,3,14.50
fold2_room1_mix1125,52,2,0,78,-2,11.55
fold2_room1_mix1125,52,5,0,120,3,14.38
fold2_room1_mix1125,53,2,0,78,-2,11.66
fold2_room1_mix1125,53,5,0,121,3,14.67
fold2_room1_mix1125,54,2,0,78,-2,12.07
fold2_room1_mix1125,54,5,0,122,3,15.18
fold2_room1_mix1125,55,2,0,78,-2,12.48
fold2_room1_mix1125,55,5,0,123,3,15.71
fold2_room1_mix1125,56,2,0,79,-2,12.53
fold2_room1_mix1125,56,5,0,124,3,16.40
fold2_room1_mix1125,57,2,0,80,-2,12.20
fold2_room1_mix1125,57,5,0,125,3,17.27
fold2_room1_mix1125,58,2,0,81,-2,11.89
fold2_room1_mix1125,58,5,0,126,3,18.19
fold2_room1_mix1125,59,2,0,81,-2,11.70
fold2_room1_mix1125,59,5,0,127,3,18.62
fold2_room1_mix1125,60,2,0,81,-2,11.78
fold2_room1_mix1125,60,5,0,127,3,17.99
fold2_room1_mix1125,61,2,0,81,-2,11.87
fold2_room1_mix1125,61,5,0,127,3,17.35
fold2_room1_mix1125,62,2,0,81,-2,11.89
fold2_room1_mix1125,62,5,0,128,3,16.76
fold2_room1_mix1125,63,2,0,81,-2,11.64
fold2_room1_mix1125,63,5,0,127,3,16.25
fold2_room1_mix1125,64,2,0,81,-2,11.36
fold2_room1_mix1125,64,5,0,127,3,15.76
fold2_room1_mix1125,65,2,0,82,-2,11.12
fold2_room1_mix1125,65,5,0,126,3,15.37
fold2_room1_mix1125,66,2,0,82,-2,11.25
fold2_room1_mix1125,66,5,0,127,3,15.72
fold2_room1_mix1125,67,2,0,82,-2,11.46
fold2_room1_mix1125,67,5,0,128,3,16.27
fold2_room1_mix1125,68,2,0,82,-2,11.67
fold2_room1_mix1125,68,5,0,129,3,16.83
fold2_room1_mix1125,69,2,0,81,-2,11.56
fold2_room1_mix1125,69,5,0,129,3,17.07
fold2_room1_mix1125,70,2,0,81,-2,11.30
fold2_room1_mix1125,70,5,0,129,3,17.16
fold2_room1_mix1125,71,2,0,80,-2,11.04
fold2_room1_mix1125,71,5,0,129,3,17.25
fold2_room1_mix1125,72,2,0,80,-2,10.95
fold2_room1_mix1125,72,5,0,128,3,17.21
fold2_room1_mix1125,73,2,0,81,-2,11.00
fold2_room1_mix1125,73,5,0,128,3,17.04
fold2_room1_mix1125,74,2,0,81,-2,11.06
fold2_room1_mix1125,74,5,0,128,3,16.88
fold2_room1_mix1125,75,2,0,83,-2,11.16
fold2_room1_mix1125,75,5,0,127,3,16.96
fold2_room1_mix1125,76,2,0,85,-2,11.33
fold2_room1_mix1125,76,5,0,128,3,17.53
fold2_room1_mix1125,77,2,0,87,-2,11.50
fold2_room1_mix1125,77,5,0,128,3,18.15
fold2_room1_mix1125,78,2,0,88,-2,11.64
fold2_room1_mix1125,78,5,0,128,3,18.69
fold2_room1_mix1125,79,2,0,88,-2,11.61
fold2_room1_mix1125,79,5,0,129,3,18.87
fold2_room1_mix1125,80,2,0,88,-2,11.56
fold2_room1_mix1125,80,5,0,130,2,19.01
fold2_room1_mix1125,81,2,0,88,-2,11.51
fold2_room1_mix1125,81,5,0,131,2,19.12
fold2_room1_mix1125,82,2,0,86,-2,11.41
fold2_room1_mix1125,82,5,0,131,2,19.02
fold2_room1_mix1125,83,2,0,83,-2,11.29
fold2_room1_mix1125,83,5,0,132,3,18.87
fold2_room1_mix1125,84,2,0,81,-2,11.20
fold2_room1_mix1125,84,5,0,132,3,18.72
fold2_room1_mix1125,85,2,0,81,-2,11.57
fold2_room1_mix1125,85,5,0,132,3,18.50
fold2_room1_mix1125,86,2,0,81,-2,12.19
fold2_room1_mix1125,86,5,0,131,3,18.25
fold2_room1_mix1125,87,2,0,81,-2,12.84
fold2_room1_mix1125,87,5,0,131,3,18.00
fold2_room1_mix1125,88,2,0,80,-2,12.98
fold2_room1_mix1125,88,5,0,131,3,17.96
fold2_room1_mix1125,89,2,0,79,-2,12.57
fold2_room1_mix1125,89,5,0,131,3,18.13
fold2_room1_mix1125,90,2,0,77,-2,12.18
fold2_room1_mix1125,90,5,0,132,3,18.30
fold2_room1_mix1125,91,2,0,76,-2,11.75
fold2_room1_mix1125,91,5,0,133,3,18.36
fold2_room1_mix1125,92,2,0,75,-2,11.23
fold2_room1_mix1125,92,5,0,133,3,18.20
fold2_room1_mix1125,93,2,0,75,-2,10.73
fold2_room1_mix1125,93,5,0,133,3,18.03
fold2_room1_mix1125,94,2,0,75,-2,10.41
fold2_room1_mix1125,94,5,0,133,3,17.93
fold2_room1_mix1125,95,2,0,75,-2,10.82
fold2_room1_mix1125,95,5,0,132,2,18.08
fold2_room1_mix1125,96,2,0,75,-2,11.32
fold2_room1_mix1125,96,5,0,131,2,18.27
fold2_room1_mix1125,97,2,0,76,-2,11.02
fold2_room1_mix1125,97,5,0,130,2,18.41
fold2_room1_mix1125,98,2,0,78,-2,5.33
fold2_room1_mix1125,98,5,0,131,2,18.11
fold2_room1_mix1125,99,2,0,81,-1,1.87
fold2_room1_mix1125,99,5,0,132,2,17.71
fold2_room1_mix1150,40,1,0,-142,-2,3.31
fold2_room1_mix1150,41,1,0,-144,-2,6.13
fold2_room1_mix1150,42,1,0,-144,-2,10.78
fold2_room1_mix1150,43,1,0,-142,-2,14.15
fold2_room1_mix1150,44,1,0,-142,-2,10.62
fold2_room1_mix1150,44,4,0,171,-2,0.87
fold2_room1_mix1150,45,1,0,-140,-2,7.78
fold2_room1_mix1150,45,4,0,170,-2,1.42
fold2_room1_mix1150,46,1,0,-137,-2,6.15
fold2_room1_mix1150,46,4,0,170,-2,2.11
fold2_room1_mix1150,47,1,0,-133,-2,6.96
fold2_room1_mix1150,47,4,0,169,-2,3.60
fold2_room1_mix1150,48,1,0,-131,-2,8.15
fold2_room1_mix1150,48,4,0,167,-2,5.92
fold2_room1_mix1150,49,1,0,-129,-2,8.71
fold2_room1_mix1150,49,4,0,165,-3,8.91
fold2_room1_mix1150,50,1,0,-127,-2,3.91
fold2_room1_mix1150,50,4,0,162,-3,8.03
fold2_room1_mix1150,51,4,0,158,-4,6.45
fold2_room1_mix1150,52,4,0,147,-6,3.20
fold2_room1_mix1150,52,4,0,167,-2,9.29
fold2_room1_mix1150,53,4,0,136,-8,2.65
fold2_room1_mix1150,53,4,0,165,-2,8.95
fold2_room1_mix1150,54,4,0,111,-12,1.90
fold2_room1_mix1150,54,4,0,129,-9,2.92
fold2_room1_mix1150,54,4,0,163,-3,8.82
fold2_room1_mix1150,55,4,0,85,-14,1.70
fold2_room1_mix1150,55,4,0,112,-11,2.66
fold2_room1_mix1150,55,4,0,161,-3,8.69
fold2_room1_mix1150,56,4,0,65,-12,1.90
fold2_room1_mix1150,56,4,0,109,-11,2.93
fold2_room1_mix1150,56,4,0,162,-3,8.69
fold2_room1_mix1150,57,4,0,52,-9,2.59
fold2_room1_mix1150,57,4,0,124,-9,3.84
fold2_room1_mix1150,57,4,0,165,-3,8.80
fold2_room1_mix1150,58,4,0,41,-6,3.45
fold2_room1_mix1150,58,4,0,142,-6,4.96
fold2_room1_mix1150,58,4,0,169,-2,8.91
fold2_room1_mix1150,59,4,0,33,-5,4.42
fold2_room1_mix1150,59,4,0,167,-2,7.62
fold2_room1_mix1150,60,4,0,29,-4,5.38
fold2_room1_mix1150,60,4,0,168,-2,8.26
fold2_room1_mix1150,61,4,0,25,-3,6.50
fold2_room1_mix1150,61,4,0,169,-1,8.97
fold2_room1_mix1150,62,4,0,20,-3,7.69
fold2_room1_mix1150,62,4,0,169,-1,9.65
fold2_room1_mix1150,63,4,0,18,-2,8.45
fold2_room1_mix1150,63,4,0,170,-1,9.85
fold2_room1_mix1150,64,4,0,16,-2,9.20
fold2_room1_mix1150,64,4,0,171,-1,10.00
fold2_room1_mix1150,65,4,0,15,-2,9.91
fold2_room1_mix1150,65,4,0,171,-1,10.11
fold2_room1_mix1150,67,4,0,169,-1,9.33
fold2_room1_mix1150,68,4,0,169,-1,8.92
fold2_room1_mix1150,69,4,0,168,-1,8.39
fold2_room1_mix1150,70,4,0,168,-2,7.82
fold2_room1_mix1150,71,4,0,167,-2,7.29
fold2_room1_mix1150,72,4,0,166,-2,6.73
fold2_room1_mix1150,73,4,0,165,-2,6.15
fold2_room1_mix1150,74,4,0,164,-3,5.61
fold2_room1_mix1150,75,4,0,163,-3,5.12
fold2_room1_mix1150,76,4,0,162,-3,4.68
fold2_room1_mix1150,77,4,0,160,-4,4.27
fold2_room1_mix1150,78,4,0,158,-4,3.83
fold2_room1_mix1150,79,4,0,155,-5,3.16
fold2_room1_mix1150,80,4,0,152,-6,2.57
fold2_room1_mix1150,81,4,0,147,-7,2.07
fold2_room1_mix1150,82,4,0,135,-9,1.71
fold2_room1_mix1150,83,4,0,117,-11,1.41
fold2_room1_mix1150,84,4,0,92,-14,1.15
fold2_room1_mix1150,85,4,0,69,-13,1.28
fold2_room1_mix1150,86,4,0,52,-10,1.62
fold2_room1_mix1150,87,4,0,38,-8,2.02
fold2_room1_mix1150,88,4,0,28,-7,2.46
fold2_room1_mix1150,89,4,0,24,-5,2.93
fold2_room1_mix1150,90,4,0,21,-4,3.47
fold2_room1_mix1150,91,4,0,19,-3,3.99
fold2_room1_mix1150,92,4,0,17,-3,4.36
fold2_room1_mix1150,93,4,0,16,-3,4.75
fold2_room1_mix1150,94,4,0,14,-2,5.18
fold2_room1_mix1150,95,4,0,13,-2,5.63
fold2_room1_mix1150,96,4,0,12,-2,6.11
fold2_room1_mix1150,97,4,0,10,-2,6.63
fold2_room1_mix1150,98,4,0,9,-2,7.15
fold2_room1_mix1150,99,4,0,9,-1,7.69
fold2_room1_mix1150,66,4,0,171,-1,9.84
fold2_room1_mix1172,0,0,0,0,0,82.74
fold2_room1_mix1172,1,0,0,0,0,82.40
fold2_room1_mix1172,2,0,0,0,0,78.95
fold2_room1_mix1172,3,0,0,0,0,74.94
fold2_room1_mix1172,4,0,0,0,0,71.25
fold2_room1_mix1172,5,0,0,0,0,71.38
fold2_room1_mix1172,6,0,0,0,0,73.35
fold2_room1_mix1172,7,0,0,0,0,75.37
fold2_room1_mix1172,8,0,0,0,0,74.82
fold2_room1_mix1172,9,0,0,0,0,71.77
fold2_room1_mix1172,10,0,0,0,0,68.84
fold2_room1_mix1172,11,0,0,0,0,66.70
fold2_room1_mix1172,12,0,0,0,0,65.98
fold2_room1_mix1172,13,0,0,0,0,65.31
fold2_room1_mix1172,14,0,0,0,0,64.77
fold2_room1_mix1172,15,0,0,0,0,64.75
fold2_room1_mix1172,16,0,0,0,0,64.79
fold2_room1_mix1172,17,0,0,0,0,64.86
fold2_room1_mix1172,18,0,0,0,0,65.19
fold2_room1_mix1172,19,0,0,0,0,65.57
fold2_room1_mix1172,20,0,0,0,0,65.93
fold2_room1_mix1172,21,0,0,0,0,65.27
fold2_room1_mix1172,22,0,0,0,0,64.13
fold2_room1_mix1172,23,0,0,0,0,63.00
fold2_room1_mix1172,24,0,0,0,0,62.02
fold2_room1_mix1172,25,0,0,0,0,61.19
fold2_room1_mix1172,26,0,0,0,0,60.36
fold2_room1_mix1172,27,0,0,0,0,59.65
fold2_room1_mix1172,28,0,0,0,0,59.19
fold2_room1_mix1172,29,0,0,0,0,58.73
fold2_room1_mix1172,30,0,0,0,0,58.33
fold2_room1_mix1172,31,0,0,1,0,58.10
fold2_room1_mix1172,32,0,0,1,0,57.90
fold2_room1_mix1172,33,0,0,1,0,57.84
fold2_room1_mix1172,34,0,0,1,0,59.11
fold2_room1_mix1172,35,0,0,2,0,60.74
fold2_room1_mix1172,36,0,0,2,0,62.25
fold2_room1_mix1172,37,0,0,2,0,58.29
fold2_room1_mix1172,38,0,0,2,0,52.24
fold2_room1_mix1172,39,0,0,2,0,46.81
fold2_room1_mix1172,39,4,0,-168,-4,3.52
fold2_room1_mix1172,40,0,0,2,0,44.26
fold2_room1_mix1172,40,4,0,144,-8,4.29
fold2_room1_mix1172,40,4,0,179,-7,4.80
fold2_room1_mix1172,40,4,0,-165,-4,4.65
fold2_room1_mix1172,41,0,0,1,0,44.15
fold2_room1_mix1172,41,4,0,149,-9,4.04
fold2_room1_mix1172,41,4,0,-167,-5,4.33
fold2_room1_mix1172,42,0,0,0,0,44.04
fold2_room1_mix1172,42,4,0,155,-10,3.80
fold2_room1_mix1172,42,4,0,-163,-5,3.96
fold2_room1_mix1172,43,0,0,0,0,44.35
fold2_room1_mix1172,43,4,0,156,-11,3.56
fold2_room1_mix1172,43,4,0,-158,-6,3.59
fold2_room1_mix1172,44,0,0,0,0,45.51
fold2_room1_mix1172,44,4,0,149,-13,3.29
fold2_room1_mix1172,44,4,0,-163,-8,3.25
fold2_room1_mix1172,44,4,0,-142,-7,3.21
fold2_room1_mix1172,45,0,0,0,0,46.73
fold2_room1_mix1172,45,4,0,143,-15,3.04
fold2_room1_mix1172,45,4,0,-160,-10,2.90
fold2_room1_mix1172,45,4,0,-134,-8,2.88
fold2_room1_mix1172,46,0,0,0,0,47.66
fold2_room1_mix1172,46,4,0,141,-20,2.75
fold2_room1_mix1172,46,4,0,-153,-13,2.61
fold2_room1_mix1172,46,4,0,-128,-9,2.61
fold2_room1_mix1172,47,0,0,0,0,47.27
fold2_room1_mix1172,47,4,0,-124,-12,2.46
fold2_room1_mix1172,48,0,0,0,0,46.75
fold2_room1_mix1172,48,4,0,-79,-22,1.85
fold2_room1_mix1172,48,4,0,-102,-14,2.32
fold2_room1_mix1172,49,0,0,0,0,46.33
fold2_room1_mix1172,49,4,0,-71,-14,2.00
fold2_room1_mix1172,50,0,0,0,0,46.89
fold2_room1_mix1172,50,4,0,-55,-11,2.10
fold2_room1_mix1172,51,0,0,0,0,47.70
fold2_room1_mix1172,51,4,0,-43,-9,2.48
fold2_room1_mix1172,52,0,0,0,0,48.50
fold2_room1_mix1172,52,4,0,-34,-8,2.91
fold2_room1_mix1172,53,0,0,0,0,48.71
fold2_room1_mix1172,53,4,0,-28,-7,3.30
fold2_room1_mix1172,54,0,0,0,0,48.64
fold2_room1_mix1172,54,4,0,-23,-6,3.67
fold2_room1_mix1172,55,0,0,0,0,48.56
fold2_room1_mix1172,55,4,0,-17,-5,4.07
fold2_room1_mix1172,56,0,0,0,0,49.72
fold2_room1_mix1172,56,4,0,-11,-4,3.72
fold2_room1_mix1172,57,0,0,0,0,52.20
fold2_room1_mix1172,57,4,0,-2,-4,2.77
fold2_room1_mix1172,58,0,0,0,0,54.81
fold2_room1_mix1172,58,4,0,-6,-5,1.87
fold2_room1_mix1172,59,0,0,0,0,56.64
fold2_room1_mix1172,59,4,0,129,-3,1.87
fold2_room1_mix1172,60,0,0,0,0,56.65
fold2_room1_mix1172,60,4,0,138,-3,2.26
fold2_room1_mix1172,61,0,0,0,0,56.61
fold2_room1_mix1172,61,4,0,145,-2,2.73
fold2_room1_mix1172,62,0,0,0,0,56.84
fold2_room1_mix1172,62,4,0,149,-2,3.01
fold2_room1_mix1172,63,0,0,0,0,58.19
fold2_room1_mix1172,63,4,0,150,-2,2.30
fold2_room1_mix1172,64,0,0,0,0,59.70
fold2_room1_mix1172,65,0,0,0,0,61.09
fold2_room1_mix1172,66,0,0,0,0,61.08
fold2_room1_mix1172,67,0,0,0,0,60.72
fold2_room1_mix1172,68,0,0,0,0,60.36
fold2_room1_mix1172,69,0,0,0,0,59.91
fold2_room1_mix1172,70,0,0,0,0,59.42
fold2_room1_mix1172,71,0,0,-1,0,58.94
fold2_room1_mix1172,72,0,0,-1,0,59.81
fold2_room1_mix1172,73,0,0,-1,0,62.08
fold2_room1_mix1172,73,4,0,-97,-3,2.63
fold2_room1_mix1172,74,0,0,-1,0,64.45
fold2_room1_mix1172,74,4,0,-103,-4,4.31
fold2_room1_mix1172,75,0,0,-1,0,66.12
fold2_room1_mix1172,75,4,0,-99,-4,4.98
fold2_room1_mix1172,76,0,0,-1,0,66.21
fold2_room1_mix1172,76,4,0,-92,-4,3.04
fold2_room1_mix1172,77,0,0,-1,0,66.26
fold2_room1_mix1172,77,4,0,-81,-3,1.63
fold2_room1_mix1172,78,0,0,-1,0,66.35
fold2_room1_mix1172,78,4,0,-74,-3,1.00
fold2_room1_mix1172,79,0,0,-1,0,66.61
fold2_room1_mix1172,79,4,0,-73,-3,1.68
fold2_room1_mix1172,80,0,0,-1,0,66.89
fold2_room1_mix1172,80,4,0,-74,-3,2.87
fold2_room1_mix1172,81,0,0,-1,0,67.04
fold2_room1_mix1172,81,4,0,-74,-3,4.16
fold2_room1_mix1172,82,0,0,-1,0,66.02
fold2_room1_mix1172,82,4,0,-74,-3,2.85
fold2_room1_mix1172,83,0,0,-1,0,64.73
fold2_room1_mix1172,83,4,0,-73,-2,1.48
fold2_room1_mix1172,84,0,0,-1,0,63.52
fold2_room1_mix1172,85,0,0,-1,0,63.92
fold2_room1_mix1172,86,0,0,-1,0,65.13
fold2_room1_mix1172,87,0,0,-2,0,66.36
fold2_room1_mix1172,88,0,0,-2,0,67.40
fold2_room1_mix1172,89,0,0,-1,0,68.23
fold2_room1_mix1172,90,0,0,-1,0,69.08
fold2_room1_mix1172,91,0,0,0,0,69.49
fold2_room1_mix1172,92,0,0,0,0,68.99
fold2_room1_mix1172,93,0,0,0,0,68.46
fold2_room1_mix1172,94,0,0,0,0,68.18
fold2_room1_mix1172,95,0,0,0,0,68.89
fold2_room1_mix1172,96,0,0,0,0,69.71
fold2_room1_mix1172,97,0,0,0,0,70.44
fold2_room1_mix1172,98,0,0,0,0,70.11
fold2_room1_mix1172,99,0,0,0,0,69.54
fold2_room1_mix1517,2,7,0,1,0,6.40
fold2_room1_mix1517,3,7,0,2,0,26.40
fold2_room1_mix1517,4,7,0,2,0,97.14
fold2_room1_mix1517,5,7,0,3,0,114.76
fold2_room1_mix1517,6,7,0,3,0,78.70
fold2_room1_mix1517,7,7,0,3,0,53.87
fold2_room1_mix1517,8,7,0,3,0,46.49
fold2_room1_mix1517,9,7,0,3,0,50.67
fold2_room1_mix1517,10,7,0,3,0,55.22
fold2_room1_mix1517,11,7,0,3,0,57.96
fold2_room1_mix1517,12,7,0,3,0,56.31
fold2_room1_mix1517,13,7,0,3,0,54.58
fold2_room1_mix1517,14,7,0,3,0,53.15
fold2_room1_mix1517,15,7,0,3,0,52.76
fold2_room1_mix1517,16,7,0,3,0,52.47
fold2_room1_mix1517,17,7,0,3,0,52.12
fold2_room1_mix1517,18,7,0,3,0,51.15
fold2_room1_mix1517,19,7,0,3,0,50.04
fold2_room1_mix1517,20,7,0,3,0,48.98
fold2_room1_mix1517,21,7,0,3,0,48.51
fold2_room1_mix1517,22,7,0,3,0,48.31
fold2_room1_mix1517,23,7,0,3,0,48.12
fold2_room1_mix1517,24,7,0,3,0,47.83
fold2_room1_mix1517,25,7,0,3,0,47.43
fold2_room1_mix1517,26,7,0,3,0,47.04
fold2_room1_mix1517,27,7,0,3,0,46.37
fold2_room1_mix1517,28,7,0,3,0,45.14
fold2_room1_mix1517,29,7,0,3,0,43.92
fold2_room1_mix1517,30,7,0,3,0,42.90
fold2_room1_mix1517,31,7,0,3,0,42.56
fold2_room1_mix1517,32,7,0,3,0,42.29
fold2_room1_mix1517,33,7,0,3,0,41.95
fold2_room1_mix1517,34,7,0,3,0,40.93
fold2_room1_mix1517,35,7,0,3,0,39.77
fold2_room1_mix1517,36,7,0,3,0,38.65
fold2_room1_mix1517,37,7,0,3,0,37.86
fold2_room1_mix1517,38,7,0,3,0,37.22
fold2_room1_mix1517,39,7,0,4,0,36.59
fold2_room1_mix1517,40,7,0,4,0,35.64
fold2_room1_mix1517,41,7,0,4,0,34.39
fold2_room1_mix1517,42,7,0,4,0,33.18
fold2_room1_mix1517,43,7,0,5,0,32.11
fold2_room1_mix1517,44,7,0,5,0,31.27
fold2_room1_mix1517,45,7,0,5,0,30.47
fold2_room1_mix1517,46,7,0,5,0,29.58
fold2_room1_mix1517,47,7,0,6,0,28.33
fold2_room1_mix1517,48,7,0,6,0,27.09
fold2_room1_mix1517,49,7,0,6,0,25.93
fold2_room1_mix1517,50,7,0,6,0,25.04
fold2_room1_mix1517,51,7,0,7,0,24.24
fold2_room1_mix1517,52,7,0,7,0,23.45
fold2_room1_mix1517,53,7,0,7,0,22.65
fold2_room1_mix1517,54,7,0,7,0,21.85
fold2_room1_mix1517,55,7,0,8,0,21.08
fold2_room1_mix1517,56,7,0,8,0,20.20
fold2_room1_mix1517,57,7,0,8,0,19.23
fold2_room1_mix1517,58,7,0,9,0,18.30
fold2_room1_mix1517,59,7,0,9,0,17.37
fold2_room1_mix1517,60,7,0,10,0,16.40
fold2_room1_mix1517,61,7,0,11,0,15.48
fold2_room1_mix1517,62,7,0,11,0,14.56
fold2_room1_mix1517,63,7,0,12,0,13.53
fold2_room1_mix1517,64,7,0,13,0,12.54
fold2_room1_mix1517,65,7,0,14,0,11.62
fold2_room1_mix1517,66,7,0,15,0,10.73
fold2_room1_mix1517,67,7,0,17,0,9.90
fold2_room1_mix1517,68,7,0,18,0,9.12
fold2_room1_mix1517,69,7,0,20,0,8.23
fold2_room1_mix1517,70,7,0,22,0,7.36
fold2_room1_mix1517,71,7,0,25,0,6.56
fold2_room1_mix1517,72,7,0,29,0,5.74
fold2_room1_mix1517,73,7,0,34,0,4.92
fold2_room1_mix1517,74,7,0,39,0,4.20
fold2_room1_mix1517,75,7,0,47,0,3.59
fold2_room1_mix1517,76,7,0,58,0,3.12
fold2_room1_mix1517,77,7,0,70,0,2.69
fold2_room1_mix1517,78,7,0,84,0,2.42
fold2_room1_mix1517,79,7,0,100,0,2.63
fold2_room1_mix1517,80,7,0,115,0,2.91
fold2_room1_mix1517,81,7,0,127,0,3.22
fold2_room1_mix1517,82,7,0,134,0,3.74
fold2_room1_mix1517,83,7,0,140,0,4.36
fold2_room1_mix1517,84,7,0,147,0,5.07
fold2_room1_mix1517,85,7,0,151,0,5.78
fold2_room1_mix1517,86,7,0,154,0,6.54
fold2_room1_mix1517,87,7,0,157,0,7.38
fold2_room1_mix1517,88,7,0,159,0,8.09
fold2_room1_mix1517,89,7,0,160,0,8.60
fold2_room1_mix1517,90,7,0,161,0,9.15
fold2_room1_mix1517,91,7,0,162,0,9.77
fold2_room1_mix1517,92,7,0,163,0,10.55
fold2_room1_mix1517,93,7,0,164,0,11.38
fold2_room1_mix1517,94,7,0,165,0,12.28
fold2_room1_mix1517,95,7,0,165,0,13.28
fold2_room1_mix1517,96,7,0,166,0,14.37
fold2_room1_mix1517,97,7,0,167,0,15.50
fold2_room1_mix1517,98,7,0,168,0,16.42
fold2_room1_mix1517,99,7,0,169,0,17.32
fold2_room1_mix1532,2,7,0,1,0,13.96
fold2_room1_mix1532,3,7,0,2,0,37.30
fold2_room1_mix1532,4,7,0,3,0,94.56
fold2_room1_mix1532,5,7,0,3,0,101.69
fold2_room1_mix1532,6,7,0,3,0,72.34
fold2_room1_mix1532,7,7,0,3,0,51.38
fold2_room1_mix1532,8,7,0,3,0,44.64
fold2_room1_mix1532,9,7,0,3,0,47.51
fold2_room1_mix1532,10,7,0,3,0,50.56
fold2_room1_mix1532,11,7,0,3,0,52.36
fold2_room1_mix1532,12,7,0,3,0,51.29
fold2_room1_mix1532,13,7,0,3,0,50.15
fold2_room1_mix1532,14,7,0,3,0,48.99
fold2_room1_mix1532,15,7,0,4,0,47.72
fold2_room1_mix1532,16,7,0,4,0,46.46
fold2_room1_mix1532,17,7,0,4,0,45.33
fold2_room1_mix1532,18,7,0,4,0,45.06
fold2_room1_mix1532,19,7,0,4,0,45.01
fold2_room1_mix1532,20,7,0,4,0,44.93
fold2_room1_mix1532,21,7,0,4,0,44.14
fold2_room1_mix1532,22,7,0,4,0,43.04
fold2_room1_mix1532,23,7,0,4,0,41.96
fold2_room1_mix1532,24,7,0,4,0,41.09
fold2_room1_mix1532,25,7,0,4,0,40.42
fold2_room1_mix1532,26,7,0,4,0,39.77
fold2_room1_mix1532,27,7,0,5,0,39.06
fold2_room1_mix1532,28,7,0,5,0,38.23
fold2_room1_mix1532,29,7,0,5,0,37.41
fold2_room1_mix1532,30,7,0,5,0,36.68
fold2_room1_mix1532,31,7,0,5,0,36.25
fold2_room1_mix1532,32,7,0,5,0,35.85
fold2_room1_mix1532,33,7,0,5,0,35.39
fold2_room1_mix1532,34,7,0,5,0,34.40
fold2_room1_mix1532,35,7,0,6,0,33.30
fold2_room1_mix1532,36,7,0,6,0,32.24
fold2_room1_mix1532,37,7,0,6,0,31.17
fold2_room1_mix1532,38,7,0,6,0,30.11
fold2_room1_mix1532,39,7,0,7,0,29.08
fold2_room1_mix1532,40,7,0,7,0,27.79
fold2_room1_mix1532,41,7,0,8,0,26.27
fold2_room1_mix1532,42,7,0,8,0,24.84
fold2_room1_mix1532,43,7,0,9,0,23.38
fold2_room1_mix1532,44,7,0,9,0,21.82
fold2_room1_mix1532,45,7,0,9,0,20.35
fold2_room1_mix1532,46,7,0,10,0,18.99
fold2_room1_mix1532,47,7,0,10,0,17.79
fold2_room1_mix1532,48,7,0,11,0,16.68
fold2_room1_mix1532,49,7,0,12,0,15.58
fold2_room1_mix1532,50,7,0,14,0,14.11
fold2_room1_mix1532,51,7,0,16,0,12.68
fold2_room1_mix1532,52,7,0,18,0,11.39
fold2_room1_mix1532,53,7,0,20,0,10.23
fold2_room1_mix1532,54,7,0,22,0,9.19
fold2_room1_mix1532,55,7,0,24,0,8.25
fold2_room1_mix1532,56,7,0,28,0,7.24
fold2_room1_mix1532,57,7,0,32,0,6.22
fold2_room1_mix1532,58,7,0,36,0,5.32
fold2_room1_mix1532,59,7,0,42,0,4.60
fold2_room1_mix1532,60,7,0,52,0,4.07
fold2_room1_mix1532,61,7,0,62,0,3.60
fold2_room1_mix1532,62,7,0,74,0,3.27
fold2_room1_mix1532,63,7,0,91,0,3.40
fold2_room1_mix1532,64,7,0,108,0,3.58
fold2_room1_mix1532,65,7,0,121,0,3.80
fold2_room1_mix1532,66,7,0,129,0,4.39
fold2_room1_mix1532,67,7,0,137,0,5.15
fold2_room1_mix1532,68,7,0,145,0,6.01
fold2_room1_mix1532,69,7,0,150,0,6.82
fold2_room1_mix1532,70,7,0,153,0,7.62
fold2_room1_mix1532,71,7,0,155,0,8.51
fold2_room1_mix1532,72,7,0,157,0,9.41
fold2_room1_mix1532,73,7,0,159,0,10.33
fold2_room1_mix1532,74,7,0,160,0,11.32
fold2_room1_mix1532,75,7,0,162,0,12.56
fold2_room1_mix1532,76,7,0,164,0,14.29
fold2_room1_mix1532,77,7,0,165,0,16.26
fold2_room1_mix1532,78,7,0,167,0,18.26
fold2_room1_mix1532,79,7,0,168,0,19.55
fold2_room1_mix1532,80,7,0,168,0,20.82
fold2_room1_mix1532,81,7,0,169,0,22.16
fold2_room1_mix1532,82,7,0,170,0,23.60
fold2_room1_mix1532,83,7,0,170,0,25.14
fold2_room1_mix1532,84,7,0,171,0,26.75
fold2_room1_mix1532,85,7,0,171,0,27.89
fold2_room1_mix1532,86,7,0,171,0,28.79
fold2_room1_mix1532,87,7,0,172,0,29.72
fold2_room1_mix1532,88,7,0,172,0,30.78
fold2_room1_mix1532,89,7,0,172,0,31.98
fold2_room1_mix1532,90,7,0,172,0,33.23
fold2_room1_mix1532,91,7,0,172,0,34.07
fold2_room1_mix1532,92,7,0,172,0,33.97
fold2_room1_mix1532,93,7,0,172,0,33.84
fold2_room1_mix1532,94,7,0,172,0,34.10
fold2_room1_mix1532,95,7,0,173,0,36.04
fold2_room1_mix1532,96,7,0,173,0,38.28
fold2_room1_mix1532,97,7,0,173,0,40.56
fold2_room1_mix1532,98,7,0,173,0,41.97
fold2_room1_mix1532,99,7,0,174,0,43.18
fold2_room1_mix1537,2,7,0,1,0,6.48
fold2_room1_mix1537,3,7,0,1,0,26.85
fold2_room1_mix1537,4,7,0,2,0,99.23
fold2_room1_mix1537,5,7,0,2,0,117.84
fold2_room1_mix1537,6,7,0,2,0,81.24
fold2_room1_mix1537,7,7,0,2,0,55.91
fold2_room1_mix1537,8,7,0,2,0,48.13
fold2_room1_mix1537,9,7,0,2,0,51.91
fold2_room1_mix1537,10,7,0,2,0,55.98
fold2_room1_mix1537,11,7,0,2,0,58.22
fold2_room1_mix1537,12,7,0,3,0,56.21
fold2_room1_mix1537,13,7,0,3,0,54.15
fold2_room1_mix1537,14,7,0,3,0,52.40
fold2_room1_mix1537,15,7,0,3,0,51.67
fold2_room1_mix1537,16,7,0,3,0,51.05
fold2_room1_mix1537,17,7,0,3,0,50.41
fold2_room1_mix1537,18,7,0,3,0,49.47
fold2_room1_mix1537,19,7,0,3,0,48.48
fold2_room1_mix1537,20,7,0,3,0,47.50
fold2_room1_mix1537,21,7,0,3,0,46.30
fold2_room1_mix1537,22,7,0,3,0,45.03
fold2_room1_mix1537,23,7,0,3,0,43.79
fold2_room1_mix1537,24,7,0,3,0,42.62
fold2_room1_mix1537,25,7,0,4,0,41.53
fold2_room1_mix1537,26,7,0,4,0,40.46
fold2_room1_mix1537,27,7,0,4,0,39.22
fold2_room1_mix1537,28,7,0,4,0,37.61
fold2_room1_mix1537,29,7,0,4,0,36.05
fold2_room1_mix1537,30,7,0,4,0,34.65
fold2_room1_mix1537,31,7,0,4,0,33.71
fold2_room1_mix1537,32,7,0,5,0,32.83
fold2_room1_mix1537,33,7,0,5,0,31.91
fold2_room1_mix1537,34,7,0,5,0,30.42
fold2_room1_mix1537,35,7,0,6,0,28.87
fold2_room1_mix1537,36,7,0,6,0,27.40
fold2_room1_mix1537,37,7,0,6,0,26.01
fold2_room1_mix1537,38,7,0,7,0,24.69
fold2_room1_mix1537,39,7,0,7,0,23.44
fold2_room1_mix1537,40,7,0,8,0,22.20
fold2_room1_mix1537,41,7,0,8,0,20.96
fold2_room1_mix1537,42,7,0,9,0,19.79
fold2_room1_mix1537,43,7,0,9,0,18.59
fold2_room1_mix1537,44,7,0,10,0,17.29
fold2_room1_mix1537,45,7,0,11,0,16.06
fold2_room1_mix1537,46,7,0,12,0,14.86
fold2_room1_mix1537,47,7,0,13,0,13.53
fold2_room1_mix1537,48,7,0,14,0,12.28
fold2_room1_mix1537,49,7,0,16,0,11.13
fold2_room1_mix1537,50,7,0,18,0,9.97
fold2_room1_mix1537,51,7,0,19,0,8.89
fold2_room1_mix1537,52,7,0,21,0,7.91
fold2_room1_mix1537,53,7,0,24,0,6.87
fold2_room1_mix1537,54,7,0,29,0,5.88
fold2_room1_mix1537,55,7,0,34,0,5.02
fold2_room1_mix1537,56,7,0,44,0,4.27
fold2_room1_mix1537,57,7,0,57,0,3.61
fold2_room1_mix1537,58,7,0,73,0,3.04
fold2_room1_mix1537,59,7,0,92,0,2.83
fold2_room1_mix1537,60,7,0,110,0,3.27
fold2_room1_mix1537,61,7,0,126,0,3.78
fold2_room1_mix1537,62,7,0,138,0,4.38
fold2_room1_mix1537,63,7,0,144,0,5.18
fold2_room1_mix1537,64,7,0,150,0,6.11
fold2_room1_mix1537,65,7,0,155,0,7.16
fold2_room1_mix1537,66,7,0,158,0,8.08
fold2_room1_mix1537,67,7,0,159,0,9.03
fold2_room1_mix1537,68,7,0,161,0,10.08
fold2_room1_mix1537,69,7,0,163,0,11.10
fold2_room1_mix1537,70,7,0,165,0,12.15
fold2_room1_mix1537,71,7,0,166,0,13.28
fold2_room1_mix1537,72,7,0,167,0,14.42
fold2_room1_mix1537,73,7,0,168,0,15.55
fold2_room1_mix1537,74,7,0,169,0,16.76
fold2_room1_mix1537,75,7,0,170,0,17.96
fold2_room1_mix1537,76,7,0,170,0,19.03
fold2_room1_mix1537,77,7,0,170,0,20.15
fold2_room1_mix1537,78,7,0,171,0,21.33
fold2_room1_mix1537,79,7,0,171,0,22.59
fold2_room1_mix1537,80,7,0,171,0,23.92
fold2_room1_mix1537,81,7,0,172,0,25.33
fold2_room1_mix1537,82,7,0,172,0,26.85
fold2_room1_mix1537,83,7,0,172,0,28.47
fold2_room1_mix1537,84,7,0,173,0,30.17
fold2_room1_mix1537,85,7,0,173,0,31.63
fold2_room1_mix1537,86,7,0,173,0,32.97
fold2_room1_mix1537,87,7,0,174,0,34.37
fold2_room1_mix1537,88,7,0,174,0,35.53
fold2_room1_mix1537,89,7,0,174,0,36.41
fold2_room1_mix1537,90,7,0,174,0,37.30
fold2_room1_mix1537,91,7,0,174,0,38.37
fold2_room1_mix1537,92,7,0,174,0,39.77
fold2_room1_mix1537,93,7,0,174,0,41.24
fold2_room1_mix1537,94,7,0,175,0,42.73
fold2_room1_mix1537,95,7,0,175,0,44.14
fold2_room1_mix1537,96,7,0,175,0,45.59
fold2_room1_mix1537,97,7,0,175,0,47.06
fold2_room1_mix1537,98,7,0,175,0,48.43
fold2_room1_mix1537,99,7,0,175,0,49.79
fold2_room1_mix1677,2,5,0,176,0,7.64
fold2_room1_mix1677,3,5,0,176,0,37.33
fold2_room1_mix1677,4,5,0,175,0,163.53
fold2_room1_mix1677,5,5,0,175,0,205.27
fold2_room1_mix1677,6,5,0,175,0,141.26
fold2_room1_mix1677,7,5,0,175,0,97.18
fold2_room1_mix1677,8,5,0,175,0,85.05
fold2_room1_mix1677,9,5,0,175,0,94.76
fold2_room1_mix1677,10,5,0,175,0,105.59
fold2_room1_mix1677,11,5,0,175,0,112.21
fold2_room1_mix1677,12,5,0,175,0,108.12
fold2_room1_mix1677,13,5,0,175,0,103.87
fold2_room1_mix1677,14,5,0,175,0,100.22
fold2_room1_mix1677,15,5,0,175,0,98.44
fold2_room1_mix1677,16,5,0,175,0,96.89
fold2_room1_mix1677,17,5,0,175,0,95.36
fold2_room1_mix1677,18,5,0,175,0,93.74
fold2_room1_mix1677,19,5,0,175,0,92.12
fold2_room1_mix1677,20,5,0,175,0,90.52
fold2_room1_mix1677,21,5,0,174,0,88.26
fold2_room1_mix1677,22,5,0,174,0,85.74
fold2_room1_mix1677,23,5,0,174,0,83.30
fold2_room1_mix1677,24,5,0,174,0,81.25
fold2_room1_mix1677,25,5,0,173,0,79.56
fold2_room1_mix1677,26,5,0,173,0,77.91
fold2_room1_mix1677,27,5,0,173,0,75.86
fold2_room1_mix1677,28,5,0,172,0,72.96
fold2_room1_mix1677,29,5,0,172,0,70.17
fold2_room1_mix1677,30,5,0,171,0,67.75
fold2_room1_mix1677,31,5,0,171,0,66.42
fold2_room1_mix1677,32,5,0,171,0,65.25
fold2_room1_mix1677,33,5,0,170,0,64.02
fold2_room1_mix1677,34,5,0,170,0,62.05
fold2_room1_mix1677,35,5,0,169,0,59.99
fold2_room1_mix1677,36,5,0,174,0,77.11
fold2_room1_mix1677,36,5,0,157,0,19.85
fold2_room1_mix1677,37,5,0,174,0,75.71
fold2_room1_mix1677,37,5,0,155,0,18.19
fold2_room1_mix1677,38,5,0,174,0,74.62
fold2_room1_mix1677,38,5,0,152,0,16.68
fold2_room1_mix1677,39,5,0,174,0,73.56
fold2_room1_mix1677,39,5,0,150,0,15.28
fold2_room1_mix1677,40,5,0,174,0,71.86
fold2_room1_mix1677,40,5,0,146,0,13.90
fold2_room1_mix1677,41,5,0,174,0,69.74
fold2_room1_mix1677,41,5,0,141,0,12.55
fold2_room1_mix1677,42,5,0,174,0,67.95
fold2_room1_mix1677,42,5,0,137,0,11.32
fold2_room1_mix1677,43,5,0,174,0,66.25
fold2_room1_mix1677,43,5,0,133,0,10.29
fold2_room1_mix1677,44,5,0,173,0,64.47
fold2_room1_mix1677,44,5,0,128,0,9.52
fold2_room1_mix1677,45,5,0,173,0,63.05
fold2_room1_mix1677,45,5,0,122,0,8.80
fold2_room1_mix1677,46,5,0,173,0,61.84
fold2_room1_mix1677,46,5,0,115,0,8.20
fold2_room1_mix1677,47,5,0,172,0,60.26
fold2_room1_mix1677,47,5,0,107,0,7.93
fold2_room1_mix1677,48,5,0,172,0,58.75
fold2_room1_mix1677,48,5,0,97,0,7.70
fold2_room1_mix1677,49,5,0,172,0,57.31
fold2_room1_mix1677,49,5,0,86,0,7.51
fold2_room1_mix1677,50,5,0,171,0,55.47
fold2_room1_mix1677,50,5,0,74,0,7.74
fold2_room1_mix1677,51,5,0,171,0,53.58
fold2_room1_mix1677,51,5,0,64,0,8.07
fold2_room1_mix1677,52,5,0,171,0,51.77
fold2_room1_mix1677,52,5,0,56,0,8.43
fold2_room1_mix1677,53,5,0,170,0,50.05
fold2_room1_mix1677,53,5,0,49,0,9.18
fold2_room1_mix1677,54,5,0,170,0,48.41
fold2_room1_mix1677,54,5,0,44,0,10.20
fold2_room1_mix1677,55,5,0,169,0,46.84
fold2_room1_mix1677,55,5,0,38,0,11.32
fold2_room1_mix1677,56,5,0,169,0,45.08
fold2_room1_mix1677,56,5,0,34,0,12.35
fold2_room1_mix1677,57,5,0,168,0,43.13
fold2_room1_mix1677,57,5,0,31,0,13.25
fold2_room1_mix1677,58,5,0,168,0,41.27
fold2_room1_mix1677,58,5,0,29,0,14.22
fold2_room1_mix1677,59,5,0,167,0,39.63
fold2_room1_mix1677,59,5,0,26,0,15.23
fold2_room1_mix1677,60,5,0,166,0,38.33
fold2_room1_mix1677,60,5,0,25,0,16.26
fold2_room1_mix1677,61,5,0,166,0,37.09
fold2_room1_mix1677,61,5,0,24,0,17.35
fold2_room1_mix1677,62,5,0,165,0,35.77
fold2_room1_mix1677,62,5,0,23,0,18.42
fold2_room1_mix1677,63,5,0,156,0,20.56
fold2_room1_mix1677,63,5,0,171,0,47.55
fold2_room1_mix1677,63,5,0,22,0,19.15
fold2_room1_mix1677,64,5,0,154,0,19.11
fold2_room1_mix1677,64,5,0,171,0,45.64
fold2_room1_mix1677,64,5,0,20,0,19.86
fold2_room1_mix1677,65,5,0,153,0,17.79
fold2_room1_mix1677,65,5,0,171,0,43.90
fold2_room1_mix1677,65,5,0,19,0,20.63
fold2_room1_mix1677,66,5,0,152,0,16.88
fold2_room1_mix1677,66,5,0,171,0,43.12
fold2_room1_mix1677,66,5,0,19,0,21.82
fold2_room1_mix1677,67,5,0,152,0,16.10
fold2_room1_mix1677,67,5,0,170,0,42.56
fold2_room1_mix1677,67,5,0,18,0,23.18
fold2_room1_mix1677,68,5,0,151,0,15.33
fold2_room1_mix1677,68,5,0,170,0,41.97
fold2_room1_mix1677,68,5,0,17,0,24.61
fold2_room1_mix1677,69,5,0,150,0,14.04
fold2_room1_mix1677,69,5,0,170,0,40.45
fold2_room1_mix1677,69,5,0,17,0,26.05
fold2_room1_mix1677,70,5,0,148,0,12.62
fold2_room1_mix1677,70,5,0,170,0,38.55
fold2_room1_mix1677,70,5,0,16,0,27.51
fold2_room1_mix1677,71,5,0,146,0,11.34
fold2_room1_mix1677,71,5,0,169,0,36.73
fold2_room1_mix1677,71,5,0,16,0,29.06
fold2_room1_mix1677,72,5,0,143,0,10.32
fold2_room1_mix1677,72,5,0,169,0,35.04
fold2_room1_mix1677,72,5,0,15,0,30.55
fold2_room1_mix1677,73,5,0,138,0,9.54
fold2_room1_mix1677,73,5,0,168,0,33.47
fold2_room1_mix1677,73,5,0,14,0,31.96
fold2_room1_mix1677,74,5,0,133,0,8.81
fold2_room1_mix1677,74,5,0,168,0,31.97
fold2_room1_mix1677,74,5,0,13,0,33.44
fold2_room1_mix1677,75,5,0,127,0,8.17
fold2_room1_mix1677,75,5,0,167,0,30.56
fold2_room1_mix1677,75,5,0,13,0,34.80
fold2_room1_mix1677,76,5,0,119,0,7.65
fold2_room1_mix1677,76,5,0,166,0,29.26
fold2_room1_mix1677,76,5,0,12,0,35.82
fold2_room1_mix1677,77,5,0,109,0,7.16
fold2_room1_mix1677,77,5,0,164,0,28.02
fold2_room1_mix1677,77,5,0,12,0,36.85
fold2_room1_mix1677,78,5,0,98,0,6.87
fold2_room1_mix1677,78,5,0,163,0,26.84
fold2_room1_mix1677,78,5,0,12,0,37.91
fold2_room1_mix1677,79,5,0,90,0,7.26
fold2_room1_mix1677,79,5,0,162,0,25.72
fold2_room1_mix1677,79,5,0,11,0,38.94
fold2_room1_mix1677,80,5,0,82,0,7.74
fold2_room1_mix1677,80,5,0,161,0,24.66
fold2_room1_mix1677,80,5,0,11,0,40.00
fold2_room1_mix1677,81,5,0,74,0,8.27
fold2_room1_mix1677,81,5,0,160,0,23.55
fold2_room1_mix1677,81,5,0,11,0,40.97
fold2_room1_mix1677,82,5,0,64,0,8.96
fold2_room1_mix1677,82,5,0,158,0,21.77
fold2_room1_mix1677,82,5,0,11,0,40.87
fold2_room1_mix1677,83,5,0,56,0,9.72
fold2_room1_mix1677,83,5,0,157,0,19.97
fold2_room1_mix1677,83,5,0,10,0,40.52
fold2_room1_mix1677,84,5,0,48,0,10.56
fold2_room1_mix1677,84,5,0,156,0,18.31
fold2_room1_mix1677,84,5,0,10,0,40.21
fold2_room1_mix1677,85,5,0,42,0,11.91
fold2_room1_mix1677,85,5,0,154,0,16.88
fold2_room1_mix1677,85,5,0,10,0,41.52
fold2_room1_mix1677,86,5,0,36,0,13.67
fold2_room1_mix1677,86,5,0,152,0,15.60
fold2_room1_mix1677,86,5,0,10,0,43.70
fold2_room1_mix1677,87,5,0,30,0,15.66
fold2_room1_mix1677,87,5,0,151,0,14.41
fold2_room1_mix1677,87,5,0,10,0,45.98
fold2_room1_mix1677,88,5,0,26,0,17.15
fold2_room1_mix1677,88,5,0,148,0,13.04
fold2_room1_mix1677,88,5,0,10,0,48.11
fold2_room1_mix1677,89,5,0,24,0,17.98
fold2_room1_mix1677,89,5,0,18,0,34.01
fold2_room1_mix1677,90,5,0,23,0,18.84
fold2_room1_mix1677,90,5,0,17,0,35.45
fold2_room1_mix1677,91,5,0,22,0,19.75
fold2_room1_mix1677,91,5,0,16,0,36.97
fold2_room1_mix1677,92,5,0,21,0,20.73
fold2_room1_mix1677,92,5,0,15,0,38.60
fold2_room1_mix1677,93,5,0,20,0,21.75
fold2_room1_mix1677,93,5,0,15,0,40.29
fold2_room1_mix1677,94,5,0,18,0,22.92
fold2_room1_mix1677,94,5,0,14,0,42.23
fold2_room1_mix1677,95,5,0,18,0,24.57
fold2_room1_mix1677,95,5,0,13,0,44.99
fold2_room1_mix1677,96,5,0,17,0,26.38
fold2_room1_mix1677,96,5,0,13,0,48.01
fold2_room1_mix1677,97,5,0,16,0,28.18
fold2_room1_mix1677,97,5,0,12,0,50.64
fold2_room1_mix1677,98,5,0,15,0,28.71
fold2_room1_mix1677,98,5,0,11,0,48.03
fold2_room1_mix1677,99,5,0,14,0,28.91
fold2_room1_mix1677,99,5,0,11,0,44.50
fold2_room1_mix1698,2,5,0,4,0,8.26
fold2_room1_mix1698,3,5,0,3,0,41.26
fold2_room1_mix1698,4,5,0,4,0,185.14
fold2_room1_mix1698,5,5,0,4,0,239.06
fold2_room1_mix1698,6,5,0,4,0,169.69
fold2_room1_mix1698,7,5,0,4,0,120.49
fold2_room1_mix1698,8,5,0,4,0,106.05
fold2_room1_mix1698,9,5,0,3,0,115.76
fold2_room1_mix1698,10,5,0,3,0,126.44
fold2_room1_mix1698,11,5,0,3,0,132.80
fold2_room1_mix1698,12,5,0,3,0,128.49
fold2_room1_mix1698,13,5,0,3,0,124.02
fold2_room1_mix1698,14,5,0,3,0,120.24
fold2_room1_mix1698,15,5,0,3,0,118.71
fold2_room1_mix1698,16,5,0,3,0,117.44
fold2_room1_mix1698,17,5,0,3,0,116.17
fold2_room1_mix1698,18,5,0,3,0,114.85
fold2_room1_mix1698,19,5,0,3,0,113.54
fold2_room1_mix1698,20,5,0,3,0,112.24
fold2_room1_mix1698,21,5,0,3,0,110.36
fold2_room1_mix1698,22,5,0,3,0,108.24
fold2_room1_mix1698,23,5,0,3,0,106.20
fold2_room1_mix1698,24,5,0,3,0,105.14
fold2_room1_mix1698,25,5,0,3,0,105.07
fold2_room1_mix1698,26,5,0,4,0,105.08
fold2_room1_mix1698,27,5,0,4,0,103.81
fold2_room1_mix1698,28,5,0,4,0,99.93
fold2_room1_mix1698,29,5,0,4,0,96.18
fold2_room1_mix1698,30,5,0,5,0,93.14
fold2_room1_mix1698,31,5,0,5,0,92.20
fold2_room1_mix1698,32,5,0,5,0,91.55
fold2_room1_mix1698,33,5,0,5,0,90.81
fold2_room1_mix1698,34,5,0,5,0,88.66
fold2_room1_mix1698,35,5,0,5,0,86.26
fold2_room1_mix1698,36,5,0,6,0,83.97
fold2_room1_mix1698,37,5,0,6,0,82.15
fold2_room1_mix1698,38,5,0,6,0,80.60
fold2_room1_mix1698,39,5,0,7,0,79.12
fold2_room1_mix1698,40,5,0,7,0,77.22
fold2_room1_mix1698,41,5,0,8,0,74.92
fold2_room1_mix1698,42,5,0,8,0,72.74
fold2_room1_mix1698,43,5,0,9,0,71.00
fold2_room1_mix1698,44,5,0,5,0,75.50
fold2_room1_mix1698,44,5,0,3,0,97.15
fold2_room1_mix1698,45,5,0,5,0,73.68
fold2_room1_mix1698,45,5,0,3,0,96.75
fold2_room1_mix1698,46,5,0,5,0,71.79
fold2_room1_mix1698,46,5,0,3,0,96.09
fold2_room1_mix1698,47,5,0,5,0,69.50
fold2_room1_mix1698,47,5,0,3,0,94.33
fold2_room1_mix1698,48,5,0,5,0,67.24
fold2_room1_mix1698,48,5,0,3,0,92.50
fold2_room1_mix1698,49,5,0,6,0,65.07
fold2_room1_mix1698,49,5,0,4,0,90.45
fold2_room1_mix1698,50,5,0,6,0,63.03
fold2_room1_mix1698,50,5,0,4,0,86.26
fold2_room1_mix1698,51,5,0,6,0,61.08
fold2_room1_mix1698,51,5,0,4,0,81.78
fold2_room1_mix1698,52,5,0,6,0,59.20
fold2_room1_mix1698,52,5,0,5,0,77.58
fold2_room1_mix1698,53,5,0,6,0,57.85
fold2_room1_mix1698,53,5,0,5,0,74.83
fold2_room1_mix1698,54,5,0,6,0,56.75
fold2_room1_mix1698,54,5,0,5,0,72.76
fold2_room1_mix1698,55,5,0,6,0,55.68
fold2_room1_mix1698,55,5,0,5,0,70.74
fold2_room1_mix1698,56,5,0,6,0,53.16
fold2_room1_mix1698,56,5,0,5,0,68.83
fold2_room1_mix1698,57,5,0,6,0,49.39
fold2_room1_mix1698,57,5,0,5,0,67.10
fold2_room1_mix1698,58,5,0,7,0,45.88
fold2_room1_mix1698,58,5,0,5,0,65.50
fold2_room1_mix1698,59,5,0,7,0,42.89
fold2_room1_mix1698,59,5,0,5,0,64.05
fold2_room1_mix1698,60,5,0,8,0,40.63
fold2_room1_mix1698,60,5,0,6,0,62.74
fold2_room1_mix1698,61,5,0,9,0,38.50
fold2_room1_mix1698,61,5,0,7,0,61.50
fold2_room1_mix1698,62,5,0,10,0,36.44
fold2_room1_mix1698,62,5,0,7,0,60.19
fold2_room1_mix1698,63,5,0,11,0,34.36
fold2_room1_mix1698,63,5,0,8,0,58.44
fold2_room1_mix1698,64,5,0,11,0,32.38
fold2_room1_mix1698,64,5,0,8,0,56.71
fold2_room1_mix1698,65,5,0,12,0,30.52
fold2_room1_mix1698,65,5,0,9,0,55.01
fold2_room1_mix1698,66,5,0,13,0,28.85
fold2_room1_mix1698,66,5,0,9,0,53.07
fold2_room1_mix1698,67,5,0,13,0,27.29
fold2_room1_mix1698,67,5,0,9,0,51.13
fold2_room1_mix1698,68,5,0,14,0,25.79
fold2_room1_mix1698,68,5,0,9,0,49.24
fold2_room1_mix1698,69,5,0,14,0,23.82
fold2_room1_mix1698,69,5,0,9,0,46.91
fold2_room1_mix1698,70,5,0,15,0,21.75
fold2_room1_mix1698,70,5,0,10,0,44.46
fold2_room1_mix1698,71,5,0,15,0,19.86
fold2_room1_mix1698,71,5,0,10,0,42.15
fold2_room1_mix1698,72,5,0,18,0,17.75
fold2_room1_mix1698,72,5,0,11,0,39.95
fold2_room1_mix1698,73,5,0,22,0,15.53
fold2_room1_mix1698,73,5,0,170,0,32.43
fold2_room1_mix1698,73,5,0,5,0,60.23
fold2_room1_mix1698,74,5,0,26,0,13.57
fold2_room1_mix1698,74,5,0,169,0,34.58
fold2_room1_mix1698,74,5,0,5,0,58.37
fold2_room1_mix1698,75,5,0,30,0,11.92
fold2_room1_mix1698,75,5,0,169,0,36.56
fold2_room1_mix1698,75,5,0,6,0,57.04
fold2_room1_mix1698,76,5,0,37,0,10.61
fold2_room1_mix1698,76,5,0,169,0,38.01
fold2_room1_mix1698,76,5,0,6,0,56.70
fold2_room1_mix1698,77,5,0,43,0,9.44
fold2_room1_mix1698,77,5,0,168,0,39.50
fold2_room1_mix1698,77,5,0,6,0,56.39
fold2_room1_mix1698,78,5,0,49,0,8.47
fold2_room1_mix1698,78,5,0,168,0,40.91
fold2_room1_mix1698,78,5,0,6,0,55.75
fold2_room1_mix1698,79,5,0,55,0,7.92
fold2_room1_mix1698,79,5,0,168,0,41.79
fold2_room1_mix1698,79,5,0,6,0,53.76
fold2_room1_mix1698,80,5,0,63,0,7.44
fold2_room1_mix1698,80,5,0,169,0,42.64
fold2_room1_mix1698,80,5,0,6,0,51.69
fold2_room1_mix1698,81,5,0,73,0,7.04
fold2_room1_mix1698,81,5,0,169,0,43.51
fold2_room1_mix1698,81,5,0,6,0,49.69
fold2_room1_mix1698,82,5,0,80,0,7.18
fold2_room1_mix1698,82,5,0,170,0,44.55
fold2_room1_mix1698,82,5,0,6,0,47.63
fold2_room1_mix1698,83,5,0,87,0,7.46
fold2_room1_mix1698,83,5,0,170,0,45.66
fold2_room1_mix1698,83,5,0,7,0,45.61
fold2_room1_mix1698,84,5,0,94,0,7.74
fold2_room1_mix1698,84,5,0,171,0,46.78
fold2_room1_mix1698,84,5,0,7,0,43.65
fold2_room1_mix1698,85,5,0,100,0,8.17
fold2_room1_mix1698,85,5,0,171,0,47.94
fold2_room1_mix1698,85,5,0,8,0,40.94
fold2_room1_mix1698,86,5,0,105,0,8.68
fold2_room1_mix1698,86,5,0,172,0,49.13
fold2_room1_mix1698,86,5,0,8,0,38.02
fold2_room1_mix1698,87,5,0,110,0,9.21
fold2_room1_mix1698,87,5,0,172,0,50.35
fold2_room1_mix1698,87,5,0,9,0,35.30
fold2_room1_mix1698,88,5,0,119,0,10.07
fold2_room1_mix1698,88,5,0,173,0,52.07
fold2_room1_mix1698,88,5,0,9,0,32.80
fold2_room1_mix1698,89,5,0,129,0,11.30
fold2_room1_mix1698,89,5,0,173,0,54.35
fold2_room1_mix1698,89,5,0,10,0,30.50
fold2_room1_mix1698,90,5,0,137,0,12.68
fold2_room1_mix1698,90,5,0,174,0,56.73
fold2_room1_mix1698,90,5,0,11,0,28.36
fold2_room1_mix1698,91,5,0,144,0,13.97
fold2_room1_mix1698,91,5,0,174,0,58.55
fold2_room1_mix1698,91,5,0,12,0,26.43
fold2_room1_mix1698,92,5,0,150,0,14.83
fold2_room1_mix1698,92,5,0,174,0,59.04
fold2_room1_mix1698,92,5,0,13,0,24.77
fold2_room1_mix1698,93,5,0,154,0,15.72
fold2_room1_mix1698,93,5,0,175,0,59.49
fold2_room1_mix1698,93,5,0,14,0,23.21
fold2_room1_mix1698,94,5,0,157,0,16.75
fold2_room1_mix1698,94,5,0,175,0,60.12
fold2_room1_mix1698,94,5,0,15,0,21.85
fold2_room1_mix1698,95,5,0,159,0,18.20
fold2_room1_mix1698,95,5,0,174,0,61.49
fold2_room1_mix1698,95,5,0,16,0,21.01
fold2_room1_mix1698,96,5,0,167,0,41.40
fold2_room1_mix1698,96,5,0,16,0,20.24
fold2_room1_mix1698,97,5,0,168,0,42.70
fold2_room1_mix1698,97,5,0,17,0,19.55
fold2_room1_mix1698,98,5,0,169,0,41.01
fold2_room1_mix1698,98,5,0,17,0,19.42
fold2_room1_mix1698,99,5,0,170,0,38.70
fold2_room1_mix1698,99,5,0,17,0,19.41
fold2_room1_mix1715,2,5,0,-176,0,7.79
fold2_room1_mix1715,3,5,0,-176,0,39.03
fold2_room1_mix1715,4,5,0,-175,0,175.21
fold2_room1_mix1715,5,5,0,-175,0,235.01
fold2_room1_mix1715,6,5,0,-175,0,176.60
fold2_room1_mix1715,7,5,0,-175,0,132.83
fold2_room1_mix1715,8,5,0,-175,0,118.77
fold2_room1_mix1715,9,5,0,-175,0,126.33
fold2_room1_mix1715,10,5,0,-175,0,134.56
fold2_room1_mix1715,11,5,0,-176,0,138.93
fold2_room1_mix1715,12,5,0,-176,0,134.36
fold2_room1_mix1715,13,5,0,-176,0,129.89
fold2_room1_mix1715,14,5,0,-175,0,126.03
fold2_room1_mix1715,15,5,0,-175,0,123.53
fold2_room1_mix1715,16,5,0,-175,0,121.36
fold2_room1_mix1715,17,5,0,-175,0,119.49
fold2_room1_mix1715,18,5,0,-175,0,118.73
fold2_room1_mix1715,19,5,0,-175,0,118.28
fold2_room1_mix1715,20,5,0,-175,0,117.87
fold2_room1_mix1715,21,5,0,-175,0,115.90
fold2_room1_mix1715,22,5,0,-175,0,113.23
fold2_room1_mix1715,23,5,0,-175,0,110.66
fold2_room1_mix1715,24,5,0,-175,0,108.68
fold2_room1_mix1715,25,5,0,-174,0,107.27
fold2_room1_mix1715,26,5,0,-174,0,105.89
fold2_room1_mix1715,27,5,0,-174,0,103.86
fold2_room1_mix1715,28,5,0,-174,0,100.54
fold2_room1_mix1715,29,5,0,-173,0,97.33
fold2_room1_mix1715,30,5,0,-173,0,94.29
fold2_room1_mix1715,31,5,0,-172,0,91.55
fold2_room1_mix1715,32,5,0,-172,0,88.97
fold2_room1_mix1715,33,5,0,-171,0,86.58
fold2_room1_mix1715,34,5,0,-176,0,117.60
fold2_room1_mix1715,34,5,0,-158,0,19.16
fold2_room1_mix1715,35,5,0,-176,0,116.74
fold2_room1_mix1715,35,5,0,-154,0,16.40
fold2_room1_mix1715,36,5,0,-176,0,115.88
fold2_room1_mix1715,36,5,0,-150,0,14.00
fold2_room1_mix1715,37,5,0,-175,0,113.76
fold2_room1_mix1715,37,5,0,-144,0,11.72
fold2_room1_mix1715,38,5,0,-175,0,111.09
fold2_room1_mix1715,38,5,0,-138,0,9.70
fold2_room1_mix1715,39,5,0,-175,0,108.51
fold2_room1_mix1715,39,5,0,-132,0,8.01
fold2_room1_mix1715,40,5,0,-175,0,106.18
fold2_room1_mix1715,40,5,0,-124,0,7.05
fold2_room1_mix1715,41,5,0,-175,0,104.09
fold2_room1_mix1715,41,5,0,-114,0,6.65
fold2_room1_mix1715,42,5,0,-175,0,102.04
fold2_room1_mix1715,42,5,0,-100,0,6.26
fold2_room1_mix1715,43,5,0,-175,0,99.34
fold2_room1_mix1715,43,5,0,-85,0,6.25
fold2_room1_mix1715,44,5,0,-175,0,95.34
fold2_room1_mix1715,44,5,0,-70,0,7.00
fold2_room1_mix1715,45,5,0,-175,0,91.47
fold2_room1_mix1715,45,5,0,-59,0,7.86
fold2_room1_mix1715,46,5,0,-175,0,88.13
fold2_room1_mix1715,46,5,0,-51,0,8.91
fold2_room1_mix1715,47,5,0,-175,0,86.40
fold2_room1_mix1715,47,5,0,-44,0,10.56
fold2_room1_mix1715,48,5,0,-174,0,84.89
fold2_room1_mix1715,48,5,0,-38,0,12.55
fold2_room1_mix1715,49,5,0,-174,0,83.32
fold2_room1_mix1715,49,5,0,-32,0,14.75
fold2_room1_mix1715,50,5,0,-174,0,80.70
fold2_room1_mix1715,50,5,0,-28,0,16.08
fold2_room1_mix1715,51,5,0,-173,0,77.94
fold2_room1_mix1715,51,5,0,-25,0,17.21
fold2_room1_mix1715,52,5,0,-173,0,75.32
fold2_room1_mix1715,52,5,0,-23,0,18.38
fold2_room1_mix1715,53,5,0,-173,0,73.53
fold2_room1_mix1715,53,5,0,-21,0,18.93
fold2_room1_mix1715,54,5,0,-173,0,72.13
fold2_room1_mix1715,54,5,0,-21,0,19.15
fold2_room1_mix1715,55,5,0,-173,0,70.76
fold2_room1_mix1715,55,5,0,-21,0,19.38
fold2_room1_mix1715,56,5,0,-172,0,69.66
fold2_room1_mix1715,56,5,0,-20,0,20.27
fold2_room1_mix1715,57,5,0,-172,0,68.81
fold2_room1_mix1715,57,5,0,-19,0,21.93
fold2_room1_mix1715,58,5,0,-172,0,67.98
fold2_room1_mix1715,58,5,0,-18,0,23.72
fold2_room1_mix1715,59,5,0,-172,0,66.60
fold2_room1_mix1715,59,5,0,-16,0,25.60
fold2_room1_mix1715,60,5,0,-171,0,64.15
fold2_room1_mix1715,60,5,0,-15,0,27.52
fold2_room1_mix1715,61,5,0,-171,0,61.80
fold2_room1_mix1715,61,5,0,-14,0,29.58
fold2_room1_mix1715,62,5,0,-170,0,59.63
fold2_room1_mix1715,62,5,0,-13,0,31.67
fold2_room1_mix1715,63,5,0,-170,0,57.85
fold2_room1_mix1715,63,5,0,-12,0,33.39
fold2_room1_mix1715,64,5,0,-170,0,56.17
fold2_room1_mix1715,64,5,0,-11,0,35.15
fold2_room1_mix1715,65,5,0,-169,0,54.61
fold2_room1_mix1715,65,5,0,-11,0,36.99
fold2_room1_mix1715,66,5,0,-169,0,53.58
fold2_room1_mix1715,66,5,0,-11,0,38.83
fold2_room1_mix1715,67,5,0,-169,0,52.69
fold2_room1_mix1715,67,5,0,-10,0,40.73
fold2_room1_mix1715,68,5,0,-169,0,51.79
fold2_room1_mix1715,68,5,0,-10,0,42.73
fold2_room1_mix1715,69,5,0,-168,0,50.04
fold2_room1_mix1715,69,5,0,-9,0,44.89
fold2_room1_mix1715,70,5,0,-167,0,47.95
fold2_room1_mix1715,70,5,0,-9,0,47.19
fold2_room1_mix1715,71,5,0,-166,0,45.96
fold2_room1_mix1715,71,5,0,-8,0,49.61
fold2_room1_mix1715,72,5,0,-155,0,17.13
fold2_room1_mix1715,72,5,0,-174,0,70.87
fold2_room1_mix1715,72,5,0,-8,0,52.45
fold2_room1_mix1715,73,5,0,-150,0,15.09
fold2_room1_mix1715,73,5,0,-173,0,69.10
fold2_room1_mix1715,73,5,0,-8,0,55.79
fold2_room1_mix1715,74,5,0,-145,0,13.29
fold2_room1_mix1715,74,5,0,-173,0,67.37
fold2_room1_mix1715,74,5,0,-8,0,59.33
fold2_room1_mix1715,75,5,0,-140,0,11.78
fold2_room1_mix1715,75,5,0,-173,0,65.90
fold2_room1_mix1715,75,5,0,-7,0,62.45
fold2_room1_mix1715,76,5,0,-133,0,10.59
fold2_room1_mix1715,76,5,0,-173,0,64.87
fold2_room1_mix1715,76,5,0,-7,0,64.33
fold2_room1_mix1715,77,5,0,-124,0,9.52
fold2_room1_mix1715,77,5,0,-173,0,63.87
fold2_room1_mix1715,77,5,0,-7,0,66.23
fold2_room1_mix1715,78,5,0,-112,0,8.73
fold2_room1_mix1715,78,5,0,-174,0,62.56
fold2_room1_mix1715,78,5,0,-7,0,67.93
fold2_room1_mix1715,79,5,0,-97,0,8.74
fold2_room1_mix1715,79,5,0,-173,0,59.99
fold2_room1_mix1715,79,5,0,-7,0,68.65
fold2_room1_mix1715,80,5,0,-80,0,8.82
fold2_room1_mix1715,80,5,0,-173,0,57.39
fold2_room1_mix1715,80,5,0,-7,0,69.26
fold2_room1_mix1715,81,5,0,-65,0,8.96
fold2_room1_mix1715,81,5,0,-173,0,55.03
fold2_room1_mix1715,81,5,0,-7,0,69.98
fold2_room1_mix1715,82,5,0,-57,0,9.67
fold2_room1_mix1715,82,5,0,-172,0,53.92
fold2_room1_mix1715,82,5,0,-7,0,71.66
fold2_room1_mix1715,83,5,0,-51,0,10.57
fold2_room1_mix1715,83,5,0,-172,0,53.11
fold2_room1_mix1715,83,5,0,-7,0,73.61
fold2_room1_mix1715,84,5,0,-45,0,11.54
fold2_room1_mix1715,84,5,0,-171,0,52.33
fold2_room1_mix1715,84,5,0,-6,0,75.61
fold2_room1_mix1715,85,5,0,-42,0,12.15
fold2_room1_mix1715,85,5,0,-171,0,52.20
fold2_room1_mix1715,85,5,0,-6,0,77.40
fold2_room1_mix1715,86,5,0,-41,0,12.56
fold2_room1_mix1715,86,5,0,-171,0,52.39
fold2_room1_mix1715,86,5,0,-6,0,79.11
fold2_room1_mix1715,87,5,0,-40,0,12.99
fold2_room1_mix1715,87,5,0,-170,0,52.58
fold2_room1_mix1715,87,5,0,-6,0,80.85
fold2_room1_mix1715,88,5,0,-39,0,13.22
fold2_room1_mix1715,88,5,0,-170,0,52.31
fold2_room1_mix1715,88,5,0,-6,0,82.21
fold2_room1_mix1715,89,5,0,-37,0,13.23
fold2_room1_mix1715,89,5,0,-170,0,51.58
fold2_room1_mix1715,89,5,0,-6,0,83.17
fold2_room1_mix1715,90,5,0,-36,0,13.24
fold2_room1_mix1715,90,5,0,-170,0,50.86
fold2_room1_mix1715,90,5,0,-6,0,84.14
fold2_room1_mix1715,91,5,0,-34,0,13.46
fold2_room1_mix1715,91,5,0,-170,0,49.89
fold2_room1_mix1715,91,5,0,-6,0,85.01
fold2_room1_mix1715,92,5,0,-32,0,14.14
fold2_room1_mix1715,92,5,0,-170,0,48.38
fold2_room1_mix1715,92,5,0,-6,0,85.65
fold2_room1_mix1715,93,5,0,-29,0,14.86
fold2_room1_mix1715,93,5,0,-170,0,46.90
fold2_room1_mix1715,93,5,0,-6,0,86.28
fold2_room1_mix1715,94,5,0,-26,0,15.61
fold2_room1_mix1715,94,5,0,-170,0,45.50
fold2_room1_mix1715,94,5,0,-6,0,87.00
fold2_room1_mix1715,95,5,0,-24,0,16.38
fold2_room1_mix1715,95,5,0,-169,0,44.32
fold2_room1_mix1715,95,5,0,-6,0,88.05
fold2_room1_mix1715,96,5,0,-22,0,17.18
fold2_room1_mix1715,96,5,0,-169,0,43.19
fold2_room1_mix1715,96,5,0,-6,0,89.16
fold2_room1_mix1715,97,5,0,-21,0,17.97
fold2_room1_mix1715,97,5,0,-169,0,42.19
fold2_room1_mix1715,97,5,0,-5,0,89.69
fold2_room1_mix1715,98,5,0,-19,0,18.37
fold2_room1_mix1715,98,5,0,-12,0,51.66
fold2_room1_mix1715,99,5,0,-19,0,18.66
fold2_room1_mix1715,99,5,0,-11,0,48.97
fold2_room1_mix1731,2,5,0,-3,0,7.83
fold2_room1_mix1731,3,5,0,-3,0,40.77
fold2_room1_mix1731,4,5,0,-4,0,189.95
fold2_room1_mix1731,5,5,0,-4,0,252.55
fold2_room1_mix1731,6,5,0,-4,0,184.39
fold2_room1_mix1731,7,5,0,-4,0,135.09
fold2_room1_mix1731,8,5,0,-3,0,120.43
fold2_room1_mix1731,9,5,0,-3,0,130.43
fold2_room1_mix1731,10,5,0,-3,0,141.42
fold2_room1_mix1731,11,5,0,-3,0,148.44
fold2_room1_mix1731,12,5,0,-3,0,145.42
fold2_room1_mix1731,13,5,0,-3,0,142.16
fold2_room1_mix1731,14,5,0,-3,0,139.09
fold2_room1_mix1731,15,5,0,-3,0,136.50
fold2_room1_mix1731,16,5,0,-3,0,134.01
fold2_room1_mix1731,17,5,0,-3,0,131.62
fold2_room1_mix1731,18,5,0,-4,0,129.77
fold2_room1_mix1731,19,5,0,-4,0,128.07
fold2_room1_mix1731,20,5,0,-4,0,126.34
fold2_room1_mix1731,21,5,0,-4,0,122.28
fold2_room1_mix1731,22,5,0,-5,0,117.29
fold2_room1_mix1731,23,5,0,-5,0,112.55
fold2_room1_mix1731,24,5,0,-5,0,108.45
fold2_room1_mix1731,25,5,0,-6,0,104.94
fold2_room1_mix1731,26,5,0,-6,0,101.59
fold2_room1_mix1731,27,5,0,-7,0,98.79
fold2_room1_mix1731,28,5,0,-7,0,96.95
fold2_room1_mix1731,29,5,0,-8,0,95.24
fold2_room1_mix1731,30,5,0,-3,0,124.71
fold2_room1_mix1731,30,5,0,-3,0,128.44
fold2_room1_mix1731,31,5,0,-3,0,124.02
fold2_room1_mix1731,31,5,0,-3,0,126.05
fold2_room1_mix1731,32,5,0,-3,0,123.10
fold2_room1_mix1731,32,5,0,-3,0,123.64
fold2_room1_mix1731,33,5,0,-3,0,121.92
fold2_room1_mix1731,33,5,0,-4,0,121.20
fold2_room1_mix1731,34,5,0,-3,0,118.24
fold2_room1_mix1731,34,5,0,-4,0,117.98
fold2_room1_mix1731,35,5,0,-3,0,114.09
fold2_room1_mix1731,35,5,0,-4,0,114.64
fold2_room1_mix1731,36,5,0,-3,0,110.07
fold2_room1_mix1731,36,5,0,-4,0,111.44
fold2_room1_mix1731,37,5,0,-3,0,105.77
fold2_room1_mix1731,37,5,0,-4,0,109.25
fold2_room1_mix1731,38,5,0,-4,0,101.44
fold2_room1_mix1731,38,5,0,-4,0,107.61
fold2_room1_mix1731,39,5,0,-4,0,97.29
fold2_room1_mix1731,39,5,0,-4,0,106.07
fold2_room1_mix1731,40,5,0,-4,0,93.84
fold2_room1_mix1731,40,5,0,-4,0,104.95
fold2_room1_mix1731,41,5,0,-4,0,91.02
fold2_room1_mix1731,41,5,0,-5,0,104.24
fold2_room1_mix1731,42,5,0,-4,0,88.29
fold2_room1_mix1731,42,5,0,-5,0,103.57
fold2_room1_mix1731,43,5,0,-5,0,85.91
fold2_room1_mix1731,43,5,0,-5,0,103.11
fold2_room1_mix1731,44,5,0,-5,0,84.14
fold2_room1_mix1731,44,5,0,-5,0,103.00
fold2_room1_mix1731,45,5,0,-6,0,82.43
fold2_room1_mix1731,45,5,0,-5,0,102.93
fold2_room1_mix1731,46,5,0,-7,0,80.20
fold2_room1_mix1731,46,5,0,-6,0,102.49
fold2_room1_mix1731,47,5,0,-7,0,75.86
fold2_room1_mix1731,47,5,0,-6,0,100.49
fold2_room1_mix1731,48,5,0,-8,0,71.53
fold2_room1_mix1731,48,5,0,-6,0,98.45
fold2_room1_mix1731,49,5,0,-8,0,67.45
fold2_room1_mix1731,49,5,0,-7,0,96.41
fold2_room1_mix1731,50,5,0,-9,0,63.60
fold2_room1_mix1731,50,5,0,-7,0,93.31
fold2_room1_mix1731,51,5,0,-9,0,59.97
fold2_room1_mix1731,51,5,0,-7,0,90.06
fold2_room1_mix1731,52,5,0,-9,0,56.56
fold2_room1_mix1731,52,5,0,-7,0,86.96
fold2_room1_mix1731,53,5,0,-9,0,53.67
fold2_room1_mix1731,53,5,0,-7,0,84.42
fold2_room1_mix1731,54,5,0,-10,0,51.09
fold2_room1_mix1731,54,5,0,-8,0,82.18
fold2_room1_mix1731,55,5,0,-10,0,48.63
fold2_room1_mix1731,55,5,0,-8,0,80.01
fold2_room1_mix1731,56,5,0,-10,0,46.51
fold2_room1_mix1731,56,5,0,-8,0,78.07
fold2_room1_mix1731,57,5,0,-11,0,44.71
fold2_room1_mix1731,57,5,0,-8,0,76.33
fold2_room1_mix1731,58,5,0,-11,0,42.97
fold2_room1_mix1731,58,5,0,-8,0,74.65
fold2_room1_mix1731,59,5,0,-11,0,41.08
fold2_room1_mix1731,59,5,0,-9,0,73.12
fold2_room1_mix1731,60,5,0,-12,0,38.84
fold2_room1_mix1731,60,5,0,-9,0,71.86
fold2_room1_mix1731,61,5,0,-13,0,36.71
fold2_room1_mix1731,61,5,0,-9,0,70.66
fold2_room1_mix1731,62,5,0,-13,0,34.69
fold2_room1_mix1731,62,5,0,-9,0,69.40
fold2_room1_mix1731,63,5,0,-14,0,32.74
fold2_room1_mix1731,63,5,0,-9,0,67.67
fold2_room1_mix1731,64,5,0,-14,0,30.90
fold2_room1_mix1731,64,5,0,-10,0,65.95
fold2_room1_mix1731,65,5,0,-15,0,29.19
fold2_room1_mix1731,65,5,0,-10,0,64.29
fold2_room1_mix1731,66,5,0,-16,0,27.87
fold2_room1_mix1731,66,5,0,-11,0,62.71
fold2_room1_mix1731,67,5,0,-17,0,26.68
fold2_room1_mix1731,67,5,0,-11,0,61.18
fold2_room1_mix1731,68,5,0,-18,0,25.54
fold2_room1_mix1731,68,5,0,-12,0,59.70
fold2_room1_mix1731,69,5,0,-19,0,24.45
fold2_room1_mix1731,69,5,0,-12,0,58.48
fold2_room1_mix1731,70,5,0,-20,0,23.42
fold2_room1_mix1731,70,5,0,-12,0,57.41
fold2_room1_mix1731,71,5,0,-21,0,22.43
fold2_room1_mix1731,71,5,0,-169,0,49.72
fold2_room1_mix1731,71,5,0,-5,0,90.30
fold2_room1_mix1731,72,5,0,-22,0,21.41
fold2_room1_mix1731,72,5,0,-169,0,51.66
fold2_room1_mix1731,72,5,0,-5,0,88.59
fold2_room1_mix1731,73,5,0,-23,0,20.36
fold2_room1_mix1731,73,5,0,-169,0,53.85
fold2_room1_mix1731,73,5,0,-6,0,86.28
fold2_room1_mix1731,74,5,0,-24,0,19.37
fold2_room1_mix1731,74,5,0,-169,0,56.13
fold2_room1_mix1731,74,5,0,-6,0,84.04
fold2_room1_mix1731,75,5,0,-25,0,18.44
fold2_room1_mix1731,75,5,0,-169,0,58.31
fold2_room1_mix1731,75,5,0,-6,0,81.84
fold2_room1_mix1731,76,5,0,-26,0,17.58
fold2_room1_mix1731,76,5,0,-169,0,60.17
fold2_room1_mix1731,76,5,0,-7,0,79.70
fold2_room1_mix1731,77,5,0,-27,0,16.77
fold2_room1_mix1731,77,5,0,-170,0,62.08
fold2_room1_mix1731,77,5,0,-8,0,77.60
fold2_room1_mix1731,78,5,0,-29,0,15.87
fold2_room1_mix1731,78,5,0,-170,0,63.87
fold2_room1_mix1731,78,5,0,-9,0,75.46
fold2_room1_mix1731,79,5,0,-34,0,14.56
fold2_room1_mix1731,79,5,0,-170,0,64.93
fold2_room1_mix1731,79,5,0,-9,0,72.94
fold2_room1_mix1731,80,5,0,-40,0,13.32
fold2_room1_mix1731,80,5,0,-170,0,65.92
fold2_room1_mix1731,80,5,0,-9,0,70.47
fold2_room1_mix1731,81,5,0,-45,0,12.14
fold2_room1_mix1731,81,5,0,-171,0,66.90
fold2_room1_mix1731,81,5,0,-9,0,68.22
fold2_room1_mix1731,82,5,0,-54,0,10.85
fold2_room1_mix1731,82,5,0,-171,0,67.62
fold2_room1_mix1731,82,5,0,-9,0,67.38
fold2_room1_mix1731,83,5,0,-64,0,9.64
fold2_room1_mix1731,83,5,0,-171,0,68.27
fold2_room1_mix1731,83,5,0,-9,0,66.87
fold2_room1_mix1731,84,5,0,-75,0,8.59
fold2_room1_mix1731,84,5,0,-171,0,68.96
fold2_room1_mix1731,84,5,0,-9,0,66.37
fold2_room1_mix1731,85,5,0,-88,0,8.54
fold2_room1_mix1731,85,5,0,-171,0,70.49
fold2_room1_mix1731,85,5,0,-9,0,65.92
fold2_room1_mix1731,86,5,0,-101,0,8.96
fold2_room1_mix1731,86,5,0,-171,0,72.48
fold2_room1_mix1731,86,5,0,-9,0,65.51
fold2_room1_mix1731,87,5,0,-113,0,9.40
fold2_room1_mix1731,87,5,0,-171,0,74.52
fold2_room1_mix1731,87,5,0,-9,0,65.09
fold2_room1_mix1731,88,5,0,-121,0,10.30
fold2_room1_mix1731,88,5,0,-172,0,76.30
fold2_room1_mix1731,88,5,0,-10,0,64.29
fold2_room1_mix1731,89,5,0,-128,0,11.78
fold2_room1_mix1731,89,5,0,-172,0,77.78
fold2_room1_mix1731,89,5,0,-10,0,63.10
fold2_room1_mix1731,90,5,0,-135,0,13.46
fold2_room1_mix1731,90,5,0,-172,0,79.29
fold2_room1_mix1731,90,5,0,-11,0,61.93
fold2_room1_mix1731,91,5,0,-142,0,15.06
fold2_room1_mix1731,91,5,0,-172,0,80.16
fold2_room1_mix1731,91,5,0,-11,0,60.17
fold2_room1_mix1731,92,5,0,-146,0,16.16
fold2_room1_mix1731,92,5,0,-172,0,79.65
fold2_room1_mix1731,92,5,0,-12,0,57.24
fold2_room1_mix1731,93,5,0,-151,0,17.31
fold2_room1_mix1731,93,5,0,-172,0,79.10
fold2_room1_mix1731,93,5,0,-12,0,54.41
fold2_room1_mix1731,94,5,0,-155,0,18.53
fold2_room1_mix1731,94,5,0,-172,0,79.40
fold2_room1_mix1731,94,5,0,-13,0,51.53
fold2_room1_mix1731,95,5,0,-156,0,19.73
fold2_room1_mix1731,95,5,0,-172,0,83.24
fold2_room1_mix1731,95,5,0,-13,0,48.08
fold2_room1_mix1731,96,5,0,-156,0,21.01
fold2_room1_mix1731,96,5,0,-172,0,87.68
fold2_room1_mix1731,96,5,0,-14,0,44.78
fold2_room1_mix1731,97,5,0,-156,0,22.35
fold2_room1_mix1731,97,5,0,-172,0,91.84
fold2_room1_mix1731,97,5,0,-14,0,41.79
fold2_room1_mix1731,98,5,0,-158,0,23.73
fold2_room1_mix1731,98,5,0,-173,0,91.30
fold2_room1_mix1731,98,5,0,-14,0,39.80
fold2_room1_mix1731,99,5,0,-166,0,57.39
fold2_room1_mix1731,99,5,0,-14,0,38.09
fold2_room1_mix1744,2,5,0,-4,0,7.49
fold2_room1_mix1744,3,5,0,-4,0,41.18
fold2_room1_mix1744,4,5,0,-5,0,200.55
fold2_room1_mix1744,5,5,0,-5,0,262.63
fold2_room1_mix1744,6,5,0,-6,0,183.00
fold2_room1_mix1744,7,5,0,-6,0,127.44
fold2_room1_mix1744,8,5,0,-6,0,109.46
fold2_room1_mix1744,9,5,0,-6,0,116.10
fold2_room1_mix1744,10,5,0,-5,0,123.23
fold2_room1_mix1744,11,5,0,-5,0,126.62
fold2_room1_mix1744,12,5,0,-5,0,121.59
fold2_room1_mix1744,13,5,0,-5,0,116.59
fold2_room1_mix1744,14,5,0,-5,0,112.80
fold2_room1_mix1744,15,5,0,-5,0,112.87
fold2_room1_mix1744,16,5,0,-5,0,113.38
fold2_room1_mix1744,17,5,0,-5,0,113.84
fold2_room1_mix1744,18,5,0,-5,0,113.57
fold2_room1_mix1744,19,5,0,-5,0,113.13
fold2_room1_mix1744,20,5,0,-5,0,112.65
fold2_room1_mix1744,21,5,0,-5,0,110.84
fold2_room1_mix1744,22,5,0,-6,0,108.44
fold2_room1_mix1744,23,5,0,-6,0,106.11
fold2_room1_mix1744,24,5,0,-6,0,104.14
fold2_room1_mix1744,25,5,0,-6,0,102.53
fold2_room1_mix1744,26,5,0,-6,0,100.96
fold2_room1_mix1744,27,5,0,-6,0,99.05
fold2_room1_mix1744,28,5,0,-6,0,96.39
fold2_room1_mix1744,29,5,0,-6,0,93.80
fold2_room1_mix1744,30,5,0,-7,0,91.12
fold2_room1_mix1744,31,5,0,-7,0,87.86
fold2_room1_mix1744,32,5,0,-7,0,84.66
fold2_room1_mix1744,33,5,0,-8,0,81.65
fold2_room1_mix1744,34,5,0,-8,0,79.19
fold2_room1_mix1744,35,5,0,-8,0,76.93
fold2_room1_mix1744,36,5,0,-9,0,74.75
fold2_room1_mix1744,37,5,0,-9,0,72.77
fold2_room1_mix1744,38,5,0,-9,0,70.91
fold2_room1_mix1744,39,5,0,-10,0,69.11
fold2_room1_mix1744,40,5,0,-10,0,66.57
fold2_room1_mix1744,41,5,0,-11,0,63.37
fold2_room1_mix1744,42,5,0,-12,0,60.34
fold2_room1_mix1744,43,5,0,-6,0,82.15
fold2_room1_mix1744,43,5,0,-7,0,75.99
fold2_room1_mix1744,44,5,0,-6,0,79.10
fold2_room1_mix1744,44,5,0,-7,0,74.07
fold2_room1_mix1744,45,5,0,-7,0,76.19
fold2_room1_mix1744,45,5,0,-8,0,72.24
fold2_room1_mix1744,46,5,0,-7,0,72.98
fold2_room1_mix1744,46,5,0,-8,0,70.39
fold2_room1_mix1744,47,5,0,-8,0,68.35
fold2_room1_mix1744,47,5,0,-8,0,68.38
fold2_room1_mix1744,48,5,0,-9,0,63.86
fold2_room1_mix1744,48,5,0,-9,0,66.50
fold2_room1_mix1744,49,5,0,-10,0,59.65
fold2_room1_mix1744,49,5,0,-9,0,64.79
fold2_room1_mix1744,50,5,0,-11,0,55.61
fold2_room1_mix1744,50,5,0,-10,0,63.43
fold2_room1_mix1744,51,5,0,-12,0,51.81
fold2_room1_mix1744,51,5,0,-10,0,62.27
fold2_room1_mix1744,52,5,0,-13,0,48.27
fold2_room1_mix1744,52,5,0,-11,0,61.23
fold2_room1_mix1744,53,5,0,-14,0,45.02
fold2_room1_mix1744,53,5,0,-11,0,59.63
fold2_room1_mix1744,54,5,0,-15,0,42.00
fold2_room1_mix1744,54,5,0,-12,0,57.80
fold2_room1_mix1744,55,5,0,-15,0,39.19
fold2_room1_mix1744,55,5,0,-12,0,56.08
fold2_room1_mix1744,56,5,0,-16,0,37.04
fold2_room1_mix1744,56,5,0,-12,0,53.95
fold2_room1_mix1744,57,5,0,-17,0,35.46
fold2_room1_mix1744,57,5,0,-13,0,51.43
fold2_room1_mix1744,58,5,0,-17,0,33.95
fold2_room1_mix1744,58,5,0,-13,0,49.02
fold2_room1_mix1744,59,5,0,-18,0,32.30
fold2_room1_mix1744,59,5,0,-14,0,46.76
fold2_room1_mix1744,60,5,0,-20,0,30.33
fold2_room1_mix1744,60,5,0,-15,0,44.66
fold2_room1_mix1744,61,5,0,-21,0,28.46
fold2_room1_mix1744,61,5,0,-16,0,42.67
fold2_room1_mix1744,62,5,0,-23,0,26.64
fold2_room1_mix1744,62,5,0,-17,0,40.78
fold2_room1_mix1744,63,5,0,-25,0,24.68
fold2_room1_mix1744,63,5,0,-18,0,39.04
fold2_room1_mix1744,64,5,0,-28,0,22.83
fold2_room1_mix1744,64,5,0,-156,0,22.46
fold2_room1_mix1744,64,5,0,-11,0,51.97
fold2_room1_mix1744,65,5,0,-30,0,21.13
fold2_room1_mix1744,65,5,0,-157,0,24.17
fold2_room1_mix1744,65,5,0,-11,0,50.51
fold2_room1_mix1744,66,5,0,-31,0,19.70
fold2_room1_mix1744,66,5,0,-158,0,25.20
fold2_room1_mix1744,66,5,0,-12,0,48.56
fold2_room1_mix1744,67,5,0,-33,0,18.40
fold2_room1_mix1744,67,5,0,-158,0,26.06
fold2_room1_mix1744,67,5,0,-12,0,46.56
fold2_room1_mix1744,68,5,0,-34,0,17.18
fold2_room1_mix1744,68,5,0,-159,0,26.96
fold2_room1_mix1744,68,5,0,-13,0,44.66
fold2_room1_mix1744,69,5,0,-36,0,15.99
fold2_room1_mix1744,69,5,0,-159,0,28.31
fold2_room1_mix1744,69,5,0,-14,0,43.34
fold2_room1_mix1744,70,5,0,-38,0,14.87
fold2_room1_mix1744,70,5,0,-159,0,29.93
fold2_room1_mix1744,70,5,0,-15,0,42.30
fold2_room1_mix1744,71,5,0,-41,0,13.82
fold2_room1_mix1744,71,5,0,-160,0,31.64
fold2_room1_mix1744,71,5,0,-15,0,41.29
fold2_room1_mix1744,72,5,0,-44,0,12.85
fold2_room1_mix1744,72,5,0,-161,0,33.20
fold2_room1_mix1744,72,5,0,-16,0,39.94
fold2_room1_mix1744,73,5,0,-51,0,11.95
fold2_room1_mix1744,73,5,0,-161,0,34.59
fold2_room1_mix1744,73,5,0,-16,0,38.28
fold2_room1_mix1744,74,5,0,-58,0,11.11
fold2_room1_mix1744,74,5,0,-162,0,36.03
fold2_room1_mix1744,74,5,0,-16,0,36.69
fold2_room1_mix1744,75,5,0,-67,0,10.56
fold2_room1_mix1744,75,5,0,-162,0,37.48
fold2_room1_mix1744,75,5,0,-17,0,35.10
fold2_room1_mix1744,76,5,0,-80,0,10.52
fold2_room1_mix1744,76,5,0,-163,0,38.88
fold2_room1_mix1744,76,5,0,-17,0,33.45
fold2_room1_mix1744,77,5,0,-93,0,10.50
fold2_room1_mix1744,77,5,0,-164,0,40.32
fold2_room1_mix1744,77,5,0,-18,0,31.87
fold2_room1_mix1744,78,5,0,-106,0,10.67
fold2_room1_mix1744,78,5,0,-164,0,41.79
fold2_room1_mix1744,78,5,0,-19,0,30.02
fold2_room1_mix1744,79,5,0,-116,0,11.67
fold2_room1_mix1744,79,5,0,-165,0,43.23
fold2_room1_mix1744,79,5,0,-21,0,26.96
fold2_room1_mix1744,80,5,0,-125,0,12.86
fold2_room1_mix1744,80,5,0,-165,0,44.70
fold2_room1_mix1744,80,5,0,-24,0,24.08
fold2_room1_mix1744,81,5,0,-132,0,14.18
fold2_room1_mix1744,81,5,0,-166,0,46.32
fold2_room1_mix1744,81,5,0,-26,0,21.50
fold2_room1_mix1744,82,5,0,-138,0,15.78
fold2_room1_mix1744,82,5,0,-167,0,49.07
fold2_room1_mix1744,82,5,0,-31,0,19.26
fold2_room1_mix1744,83,5,0,-143,0,17.61
fold2_room1_mix1744,83,5,0,-167,0,52.25
fold2_room1_mix1744,83,5,0,-37,0,17.26
fold2_room1_mix1744,84,5,0,-148,0,19.62
fold2_room1_mix1744,84,5,0,-168,0,55.61
fold2_room1_mix1744,84,5,0,-42,0,15.46
fold2_room1_mix1744,85,5,0,-152,0,21.42
fold2_room1_mix1744,85,5,0,-168,0,58.19
fold2_room1_mix1744,85,5,0,-48,0,13.89
fold2_room1_mix1744,86,5,0,-154,0,23.17
fold2_room1_mix1744,86,5,0,-169,0,60.40
fold2_room1_mix1744,86,5,0,-55,0,12.50
fold2_room1_mix1744,87,5,0,-162,0,43.86
fold2_room1_mix1744,87,5,0,-62,0,11.24
fold2_room1_mix1744,88,5,0,-163,0,46.14
fold2_room1_mix1744,88,5,0,-70,0,10.54
fold2_room1_mix1744,89,5,0,-164,0,48.63
fold2_room1_mix1744,89,5,0,-79,0,10.29
fold2_room1_mix1744,90,5,0,-165,0,51.26
fold2_room1_mix1744,90,5,0,-89,0,10.05
fold2_room1_mix1744,91,5,0,-166,0,53.69
fold2_room1_mix1744,91,5,0,-98,0,10.15
fold2_room1_mix1744,92,5,0,-166,0,55.48
fold2_room1_mix1744,92,5,0,-106,0,10.99
fold2_room1_mix1744,93,5,0,-167,0,57.33
fold2_room1_mix1744,93,5,0,-114,0,11.91
fold2_room1_mix1744,94,5,0,-167,0,59.40
fold2_room1_mix1744,94,5,0,-121,0,13.02
fold2_room1_mix1744,95,5,0,-167,0,62.19
fold2_room1_mix1744,95,5,0,-128,0,14.68
fold2_room1_mix1744,96,5,0,-168,0,65.21
fold2_room1_mix1744,96,5,0,-134,0,16.61
fold2_room1_mix1744,97,5,0,-168,0,68.07
fold2_room1_mix1744,97,5,0,-140,0,18.74
fold2_room1_mix1744,98,5,0,-169,0,67.91
fold2_room1_mix1744,98,5,0,-145,0,20.82
fold2_room1_mix1744,99,5,0,-170,0,67.04
fold2_room1_mix1744,99,5,0,-149,0,23.04
fold2_room1_mix1772,2,5,0,4,0,8.47
fold2_room1_mix1772,3,5,0,4,0,41.48
fold2_room1_mix1772,4,5,0,5,0,182.59
fold2_room1_mix1772,5,5,0,6,0,225.98
fold2_room1_mix1772,6,5,0,6,0,152.06
fold2_room1_mix1772,7,5,0,6,0,102.29
fold2_room1_mix1772,8,5,0,5,0,89.54
fold2_room1_mix1772,9,5,0,5,0,102.10
fold2_room1_mix1772,10,5,0,5,0,116.52
fold2_room1_mix1772,11,5,0,4,0,124.12
fold2_room1_mix1772,12,5,0,4,0,114.54
fold2_room1_mix1772,13,5,0,4,0,105.23
fold2_room1_mix1772,14,5,0,4,0,97.94
fold2_room1_mix1772,15,5,0,5,0,96.17
fold2_room1_mix1772,16,5,0,5,0,94.98
fold2_room1_mix1772,17,5,0,5,0,93.72
fold2_room1_mix1772,18,5,0,5,0,91.65
fold2_room1_mix1772,19,5,0,5,0,89.46
fold2_room1_mix1772,20,5,0,6,0,87.37
fold2_room1_mix1772,21,5,0,6,0,85.07
fold2_room1_mix1772,22,5,0,6,0,82.74
fold2_room1_mix1772,23,5,0,6,0,80.53
fold2_room1_mix1772,24,5,0,6,0,79.52
fold2_room1_mix1772,25,5,0,6,0,79.65
fold2_room1_mix1772,26,5,0,6,0,79.81
fold2_room1_mix1772,27,5,0,6,0,78.83
fold2_room1_mix1772,28,5,0,6,0,75.53
fold2_room1_mix1772,29,5,0,6,0,72.31
fold2_room1_mix1772,30,5,0,7,0,69.47
fold2_room1_mix1772,31,5,0,7,0,67.62
fold2_room1_mix1772,32,5,0,8,0,65.99
fold2_room1_mix1772,33,5,0,8,0,64.25
fold2_room1_mix1772,34,5,0,9,0,60.89
fold2_room1_mix1772,35,5,0,9,0,57.57
fold2_room1_mix1772,36,5,0,10,0,54.68
fold2_room1_mix1772,37,5,0,11,0,52.41
fold2_room1_mix1772,38,5,0,7,0,70.12
fold2_room1_mix1772,38,5,0,7,0,65.42
fold2_room1_mix1772,39,5,0,8,0,64.82
fold2_room1_mix1772,39,5,0,7,0,65.30
fold2_room1_mix1772,40,5,0,8,0,59.34
fold2_room1_mix1772,40,5,0,7,0,64.68
fold2_room1_mix1772,41,5,0,9,0,53.79
fold2_room1_mix1772,41,5,0,7,0,63.53
fold2_room1_mix1772,42,5,0,10,0,48.75
fold2_room1_mix1772,42,5,0,7,0,62.71
fold2_room1_mix1772,43,5,0,11,0,44.79
fold2_room1_mix1772,43,5,0,7,0,61.57
fold2_room1_mix1772,44,5,0,11,0,42.33
fold2_room1_mix1772,44,5,0,8,0,59.30
fold2_room1_mix1772,45,5,0,12,0,40.03
fold2_room1_mix1772,45,5,0,8,0,57.09
fold2_room1_mix1772,46,5,0,12,0,38.08
fold2_room1_mix1772,46,5,0,9,0,54.99
fold2_room1_mix1772,47,5,0,13,0,37.09
fold2_room1_mix1772,47,5,0,9,0,53.06
fold2_room1_mix1772,48,5,0,13,0,36.23
fold2_room1_mix1772,48,5,0,10,0,51.20
fold2_room1_mix1772,49,5,0,14,0,35.27
fold2_room1_mix1772,49,5,0,10,0,49.36
fold2_room1_mix1772,50,5,0,14,0,33.32
fold2_room1_mix1772,50,5,0,11,0,47.12
fold2_room1_mix1772,51,5,0,15,0,31.25
fold2_room1_mix1772,51,5,0,11,0,44.87
fold2_room1_mix1772,52,5,0,15,0,29.29
fold2_room1_mix1772,52,5,0,12,0,42.73
fold2_room1_mix1772,53,5,0,17,0,27.15
fold2_room1_mix1772,53,5,0,13,0,40.66
fold2_room1_mix1772,54,5,0,18,0,25.04
fold2_room1_mix1772,54,5,0,14,0,38.70
fold2_room1_mix1772,55,5,0,19,0,23.08
fold2_room1_mix1772,55,5,0,14,0,36.85
fold2_room1_mix1772,56,5,0,21,0,21.34
fold2_room1_mix1772,56,5,0,15,0,35.03
fold2_room1_mix1772,57,5,0,22,0,19.78
fold2_room1_mix1772,57,5,0,16,0,33.25
fold2_room1_mix1772,58,5,0,23,0,18.33
fold2_room1_mix1772,58,5,0,17,0,31.56
fold2_room1_mix1772,59,5,0,25,0,17.04
fold2_room1_mix1772,59,5,0,18,0,30.04
fold2_room1_mix1772,60,5,0,27,0,15.96
fold2_room1_mix1772,60,5,0,158,0,19.90
fold2_room1_mix1772,60,5,0,11,0,41.55
fold2_room1_mix1772,61,5,0,28,0,14.94
fold2_room1_mix1772,61,5,0,160,0,21.48
fold2_room1_mix1772,61,5,0,12,0,40.11
fold2_room1_mix1772,62,5,0,30,0,13.94
fold2_room1_mix1772,62,5,0,161,0,23.12
fold2_room1_mix1772,62,5,0,12,0,38.65
fold2_room1_mix1772,63,5,0,33,0,12.82
fold2_room1_mix1772,63,5,0,162,0,24.60
fold2_room1_mix1772,63,5,0,12,0,36.94
fold2_room1_mix1772,64,5,0,36,0,11.75
fold2_room1_mix1772,64,5,0,163,0,26.12
fold2_room1_mix1772,64,5,0,13,0,35.28
fold2_room1_mix1772,65,5,0,40,0,10.78
fold2_room1_mix1772,65,5,0,164,0,27.70
fold2_room1_mix1772,65,5,0,13,0,33.70
fold2_room1_mix1772,66,5,0,46,0,9.91
fold2_room1_mix1772,66,5,0,165,0,28.95
fold2_room1_mix1772,66,5,0,14,0,32.20
fold2_room1_mix1772,67,5,0,53,0,9.11
fold2_room1_mix1772,67,5,0,166,0,30.16
fold2_room1_mix1772,67,5,0,15,0,30.76
fold2_room1_mix1772,68,5,0,63,0,8.38
fold2_room1_mix1772,68,5,0,167,0,31.40
fold2_room1_mix1772,68,5,0,15,0,29.39
fold2_room1_mix1772,69,5,0,74,0,8.18
fold2_room1_mix1772,69,5,0,167,0,32.43
fold2_room1_mix1772,69,5,0,16,0,27.86
fold2_room1_mix1772,70,5,0,86,0,8.22
fold2_room1_mix1772,70,5,0,167,0,33.38
fold2_room1_mix1772,70,5,0,17,0,26.32
fold2_room1_mix1772,71,5,0,98,0,8.27
fold2_room1_mix1772,71,5,0,167,0,34.34
fold2_room1_mix1772,71,5,0,18,0,24.85
fold2_room1_mix1772,72,5,0,110,0,8.75
fold2_room1_mix1772,72,5,0,168,0,35.66
fold2_room1_mix1772,72,5,0,19,0,22.97
fold2_room1_mix1772,73,5,0,123,0,9.73
fold2_room1_mix1772,73,5,0,168,0,37.35
fold2_room1_mix1772,73,5,0,21,0,20.78
fold2_room1_mix1772,74,5,0,132,0,10.81
fold2_room1_mix1772,74,5,0,168,0,39.13
fold2_room1_mix1772,74,5,0,24,0,18.78
fold2_room1_mix1772,75,5,0,139,0,12.00
fold2_room1_mix1772,75,5,0,168,0,41.18
fold2_room1_mix1772,75,5,0,27,0,16.86
fold2_room1_mix1772,76,5,0,144,0,13.27
fold2_room1_mix1772,76,5,0,169,0,43.76
fold2_room1_mix1772,76,5,0,33,0,14.90
fold2_room1_mix1772,77,5,0,148,0,14.66
fold2_room1_mix1772,77,5,0,170,0,46.52
fold2_room1_mix1772,77,5,0,38,0,13.16
fold2_room1_mix1772,78,5,0,153,0,16.10
fold2_room1_mix1772,78,5,0,171,0,49.23
fold2_room1_mix1772,78,5,0,44,0,11.57
fold2_room1_mix1772,79,5,0,154,0,17.26
fold2_room1_mix1772,79,5,0,171,0,51.14
fold2_room1_mix1772,79,5,0,51,0,10.07
fold2_room1_mix1772,80,5,0,156,0,18.46
fold2_room1_mix1772,80,5,0,171,0,53.03
fold2_room1_mix1772,80,5,0,59,0,8.73
fold2_room1_mix1772,81,5,0,164,0,37.33
fold2_room1_mix1772,81,5,0,69,0,7.64
fold2_room1_mix1772,82,5,0,165,0,38.79
fold2_room1_mix1772,82,5,0,83,0,7.45
fold2_room1_mix1772,83,5,0,166,0,40.49
fold2_room1_mix1772,83,5,0,97,0,7.45
fold2_room1_mix1772,84,5,0,167,0,42.50
fold2_room1_mix1772,84,5,0,110,0,7.46
fold2_room1_mix1772,85,5,0,168,0,43.67
fold2_room1_mix1772,85,5,0,119,0,8.08
fold2_room1_mix1772,86,5,0,169,0,45.14
fold2_room1_mix1772,86,5,0,126,0,9.08
fold2_room1_mix1772,87,5,0,169,0,47.69
fold2_room1_mix1772,87,5,0,132,0,10.18
fold2_room1_mix1772,88,5,0,170,0,50.20
fold2_room1_mix1772,88,5,0,137,0,11.55
fold2_room1_mix1772,89,5,0,170,0,51.82
fold2_room1_mix1772,89,5,0,141,0,13.23
fold2_room1_mix1772,90,5,0,171,0,53.53
fold2_room1_mix1772,90,5,0,146,0,15.14
fold2_room1_mix1772,91,5,0,171,0,55.43
fold2_room1_mix1772,91,5,0,151,0,17.16
fold2_room1_mix1772,92,5,0,171,0,57.65
fold2_room1_mix1772,92,5,0,153,0,19.08
fold2_room1_mix1772,93,5,0,166,0,47.05
fold2_room1_mix1772,94,5,0,167,0,49.47
fold2_room1_mix1772,95,5,0,167,0,52.18
fold2_room1_mix1772,96,5,0,168,0,55.06
fold2_room1_mix1772,97,5,0,168,0,57.87
fold2_room1_mix1772,98,5,0,169,0,58.49
fold2_room1_mix1772,99,5,0,170,0,58.66
fold2_room1_mix1777,3,5,0,-2,0,23.51
fold2_room1_mix1777,4,5,0,-2,0,141.45
fold2_room1_mix1777,5,5,0,-2,0,222.04
fold2_room1_mix1777,6,5,0,-2,0,184.05
fold2_room1_mix1777,7,5,0,-3,0,152.68
fold2_room1_mix1777,8,5,0,-2,0,142.37
fold2_room1_mix1777,9,5,0,-2,0,149.33
fold2_room1_mix1777,10,5,0,-2,0,156.87
fold2_room1_mix1777,11,5,0,-2,0,161.95
fold2_room1_mix1777,12,5,0,-2,0,160.98
fold2_room1_mix1777,13,5,0,-2,0,159.93
fold2_room1_mix1777,14,5,0,-2,0,158.81
fold2_room1_mix1777,15,5,0,-2,0,157.10
fold2_room1_mix1777,16,5,0,-2,0,155.40
fold2_room1_mix1777,17,5,0,-2,0,153.65
fold2_room1_mix1777,18,5,0,-2,0,150.78
fold2_room1_mix1777,19,5,0,-2,0,147.71
fold2_room1_mix1777,20,5,0,-2,0,144.79
fold2_room1_mix1777,21,5,0,-2,0,143.37
fold2_room1_mix1777,22,5,0,-2,0,142.65
fold2_room1_mix1777,23,5,0,-2,0,141.93
fold2_room1_mix1777,24,5,0,-2,0,140.45
fold2_room1_mix1777,25,5,0,-2,0,138.23
fold2_room1_mix1777,26,5,0,-2,0,136.04
fold2_room1_mix1777,27,5,0,-2,0,133.37
fold2_room1_mix1777,28,5,0,-2,0,129.72
fold2_room1_mix1777,29,5,0,-2,0,126.14
fold2_room1_mix1777,30,5,0,-2,0,123.25
fold2_room1_mix1777,31,5,0,-2,0,122.87
fold2_room1_mix1777,32,5,0,-2,0,122.81
fold2_room1_mix1777,33,5,0,-3,0,122.50
fold2_room1_mix1777,34,5,0,-3,0,119.50
fold2_room1_mix1777,35,5,0,-3,0,115.96
fold2_room1_mix1777,36,5,0,-3,0,112.54
fold2_room1_mix1777,37,5,0,-4,0,108.83
fold2_room1_mix1777,38,5,0,-4,0,105.08
fold2_room1_mix1777,39,5,0,-5,0,101.49
fold2_room1_mix1777,40,5,0,-5,0,98.30
fold2_room1_mix1777,41,5,0,-5,0,95.46
fold2_room1_mix1777,42,5,0,-6,0,92.74
fold2_room1_mix1777,43,5,0,-6,0,90.09
fold2_room1_mix1777,44,5,0,-7,0,87.48
fold2_room1_mix1777,45,5,0,-8,0,84.97
fold2_room1_mix1777,46,5,0,-3,0,103.33
fold2_room1_mix1777,46,5,0,-3,0,113.82
fold2_room1_mix1777,47,5,0,-3,0,101.33
fold2_room1_mix1777,47,5,0,-3,0,112.34
fold2_room1_mix1777,48,5,0,-3,0,99.41
fold2_room1_mix1777,48,5,0,-3,0,110.98
fold2_room1_mix1777,49,5,0,-4,0,97.17
fold2_room1_mix1777,49,5,0,-3,0,109.34
fold2_room1_mix1777,50,5,0,-4,0,91.80
fold2_room1_mix1777,50,5,0,-3,0,105.01
fold2_room1_mix1777,51,5,0,-4,0,86.00
fold2_room1_mix1777,51,5,0,-4,0,100.25
fold2_room1_mix1777,52,5,0,-5,0,80.65
fold2_room1_mix1777,52,5,0,-4,0,95.80
fold2_room1_mix1777,53,5,0,-5,0,78.00
fold2_room1_mix1777,53,5,0,-4,0,94.05
fold2_room1_mix1777,54,5,0,-4,0,76.57
fold2_room1_mix1777,54,5,0,-3,0,93.54
fold2_room1_mix1777,55,5,0,-4,0,75.18
fold2_room1_mix1777,55,5,0,-3,0,93.04
fold2_room1_mix1777,56,5,0,-4,0,73.02
fold2_room1_mix1777,56,5,0,-3,0,92.07
fold2_room1_mix1777,57,5,0,-5,0,70.16
fold2_room1_mix1777,57,5,0,-4,0,90.64
fold2_room1_mix1777,58,5,0,-6,0,67.42
fold2_room1_mix1777,58,5,0,-4,0,89.28
fold2_room1_mix1777,59,5,0,-6,0,63.97
fold2_room1_mix1777,59,5,0,-5,0,87.26
fold2_room1_mix1777,60,5,0,-7,0,59.14
fold2_room1_mix1777,60,5,0,-5,0,83.96
fold2_room1_mix1777,61,5,0,-8,0,54.62
fold2_room1_mix1777,61,5,0,-6,0,80.82
fold2_room1_mix1777,62,5,0,-9,0,50.52
fold2_room1_mix1777,62,5,0,-6,0,77.89
fold2_room1_mix1777,63,5,0,-10,0,47.02
fold2_room1_mix1777,63,5,0,-7,0,75.23
fold2_room1_mix1777,64,5,0,-11,0,43.78
fold2_room1_mix1777,64,5,0,-7,0,72.72
fold2_room1_mix1777,65,5,0,-11,0,40.80
fold2_room1_mix1777,65,5,0,-8,0,70.32
fold2_room1_mix1777,66,5,0,-12,0,38.32
fold2_room1_mix1777,66,5,0,-8,0,67.91
fold2_room1_mix1777,67,5,0,-13,0,36.06
fold2_room1_mix1777,67,5,0,-9,0,65.57
fold2_room1_mix1777,68,5,0,-13,0,33.93
fold2_room1_mix1777,68,5,0,-9,0,63.33
fold2_room1_mix1777,69,5,0,-14,0,32.10
fold2_room1_mix1777,69,5,0,-9,0,61.66
fold2_room1_mix1777,70,5,0,-15,0,30.43
fold2_room1_mix1777,70,5,0,-10,0,60.28
fold2_room1_mix1777,71,5,0,-15,0,28.85
fold2_room1_mix1777,71,5,0,-10,0,58.95
fold2_room1_mix1777,72,5,0,-16,0,27.15
fold2_room1_mix1777,72,5,0,-10,0,57.43
fold2_room1_mix1777,73,5,0,-16,0,25.38
fold2_room1_mix1777,73,5,0,-10,0,55.76
fold2_room1_mix1777,74,5,0,-17,0,23.71
fold2_room1_mix1777,74,5,0,-11,0,54.16
fold2_room1_mix1777,75,5,0,-18,0,21.88
fold2_room1_mix1777,75,5,0,-11,0,52.23
fold2_room1_mix1777,76,5,0,-20,0,19.68
fold2_room1_mix1777,76,5,0,-13,0,49.64
fold2_room1_mix1777,77,5,0,-23,0,17.67
fold2_room1_mix1777,77,5,0,-169,0,47.22
fold2_room1_mix1777,77,5,0,-6,0,76.71
fold2_room1_mix1777,78,5,0,-26,0,15.76
fold2_room1_mix1777,78,5,0,-169,0,49.64
fold2_room1_mix1777,78,5,0,-7,0,74.09
fold2_room1_mix1777,79,5,0,-32,0,13.72
fold2_room1_mix1777,79,5,0,-170,0,51.92
fold2_room1_mix1777,79,5,0,-7,0,72.23
fold2_room1_mix1777,80,5,0,-38,0,11.88
fold2_room1_mix1777,80,5,0,-170,0,54.27
fold2_room1_mix1777,80,5,0,-8,0,70.48
fold2_room1_mix1777,81,5,0,-43,0,10.36
fold2_room1_mix1777,81,5,0,-170,0,56.67
fold2_room1_mix1777,81,5,0,-8,0,68.69
fold2_room1_mix1777,82,5,0,-51,0,9.72
fold2_room1_mix1777,82,5,0,-170,0,58.51
fold2_room1_mix1777,82,5,0,-8,0,66.15
fold2_room1_mix1777,83,5,0,-65,0,9.27
fold2_room1_mix1777,83,5,0,-170,0,60.24
fold2_room1_mix1777,83,5,0,-8,0,63.52
fold2_room1_mix1777,84,5,0,-85,0,8.87
fold2_room1_mix1777,84,5,0,-171,0,62.01
fold2_room1_mix1777,84,5,0,-8,0,60.99
fold2_room1_mix1777,85,5,0,-102,0,9.30
fold2_room1_mix1777,85,5,0,-171,0,63.23
fold2_room1_mix1777,85,5,0,-9,0,58.74
fold2_room1_mix1777,86,5,0,-115,0,10.20
fold2_room1_mix1777,86,5,0,-171,0,64.18
fold2_room1_mix1777,86,5,0,-9,0,56.65
fold2_room1_mix1777,87,5,0,-126,0,11.18
fold2_room1_mix1777,87,5,0,-171,0,65.13
fold2_room1_mix1777,87,5,0,-10,0,54.64
fold2_room1_mix1777,88,5,0,-135,0,12.39
fold2_room1_mix1777,88,5,0,-172,0,66.98
fold2_room1_mix1777,88,5,0,-10,0,53.36
fold2_room1_mix1777,89,5,0,-141,0,13.88
fold2_room1_mix1777,89,5,0,-172,0,69.80
fold2_room1_mix1777,89,5,0,-11,0,52.76
fold2_room1_mix1777,90,5,0,-148,0,15.55
fold2_room1_mix1777,90,5,0,-172,0,72.72
fold2_room1_mix1777,90,5,0,-11,0,52.18
fold2_room1_mix1777,91,5,0,-153,0,17.00
fold2_room1_mix1777,91,5,0,-173,0,75.05
fold2_room1_mix1777,91,5,0,-12,0,50.87
fold2_room1_mix1777,92,5,0,-153,0,17.73
fold2_room1_mix1777,92,5,0,-173,0,75.93
fold2_room1_mix1777,92,5,0,-12,0,48.17
fold2_room1_mix1777,93,5,0,-154,0,18.46
fold2_room1_mix1777,93,5,0,-173,0,76.77
fold2_room1_mix1777,93,5,0,-13,0,45.56
fold2_room1_mix1777,94,5,0,-154,0,19.42
fold2_room1_mix1777,94,5,0,-173,0,78.19
fold2_room1_mix1777,94,5,0,-14,0,42.83
fold2_room1_mix1777,95,5,0,-156,0,21.38
fold2_room1_mix1777,95,5,0,-174,0,82.11
fold2_room1_mix1777,95,5,0,-14,0,39.25
fold2_room1_mix1777,96,5,0,-157,0,23.63
fold2_room1_mix1777,96,5,0,-174,0,86.50
fold2_room1_mix1777,96,5,0,-15,0,35.86
fold2_room1_mix1777,97,5,0,-158,0,26.01
fold2_room1_mix1777,97,5,0,-174,0,90.48
fold2_room1_mix1777,97,5,0,-16,0,32.91
fold2_room1_mix1777,98,5,0,-167,0,58.14
fold2_room1_mix1777,98,5,0,-15,0,31.62
fold2_room1_mix1777,99,5,0,-168,0,57.29
fold2_room1_mix1777,99,5,0,-15,0,30.72
fold2_room1_mix1789,2,5,0,173,0,18.96
fold2_room1_mix1789,3,5,0,173,0,54.70
fold2_room1_mix1789,4,5,0,173,0,151.01
fold2_room1_mix1789,5,5,0,172,0,172.52
fold2_room1_mix1789,6,5,0,172,0,128.75
fold2_room1_mix1789,7,5,0,173,0,96.14
fold2_room1_mix1789,8,5,0,172,0,86.09
fold2_room1_mix1789,9,5,0,172,0,92.45
fold2_room1_mix1789,10,5,0,172,0,99.30
fold2_room1_mix1789,11,5,0,172,0,102.84
fold2_room1_mix1789,12,5,0,172,0,98.75
fold2_room1_mix1789,13,5,0,172,0,94.61
fold2_room1_mix1789,14,5,0,172,0,91.18
fold2_room1_mix1789,15,5,0,171,0,90.03
fold2_room1_mix1789,16,5,0,171,0,89.13
fold2_room1_mix1789,17,5,0,171,0,88.10
fold2_room1_mix1789,18,5,0,171,0,85.72
fold2_room1_mix1789,19,5,0,170,0,83.10
fold2_room1_mix1789,20,5,0,170,0,80.60
fold2_room1_mix1789,21,5,0,170,0,79.25
fold2_room1_mix1789,22,5,0,170,0,78.45
fold2_room1_mix1789,23,5,0,169,0,77.66
fold2_room1_mix1789,24,5,0,169,0,76.51
fold2_room1_mix1789,25,5,0,169,0,75.03
fold2_room1_mix1789,26,5,0,168,0,73.58
fold2_room1_mix1789,27,5,0,168,0,72.04
fold2_room1_mix1789,28,5,0,168,0,70.29
fold2_room1_mix1789,29,5,0,167,0,68.60
fold2_room1_mix1789,30,5,0,167,0,66.89
fold2_room1_mix1789,31,5,0,166,0,64.89
fold2_room1_mix1789,32,5,0,171,0,82.09
fold2_room1_mix1789,32,5,0,154,0,24.63
fold2_room1_mix1789,33,5,0,171,0,80.26
fold2_room1_mix1789,33,5,0,153,0,22.85
fold2_room1_mix1789,34,5,0,171,0,79.22
fold2_room1_mix1789,34,5,0,151,0,21.34
fold2_room1_mix1789,35,5,0,171,0,78.38
fold2_room1_mix1789,35,5,0,149,0,19.97
fold2_room1_mix1789,36,5,0,171,0,77.52
fold2_room1_mix1789,36,5,0,147,0,18.68
fold2_room1_mix1789,37,5,0,171,0,75.91
fold2_room1_mix1789,37,5,0,144,0,17.43
fold2_room1_mix1789,38,5,0,171,0,74.10
fold2_room1_mix1789,38,5,0,140,0,16.24
fold2_room1_mix1789,39,5,0,171,0,72.48
fold2_room1_mix1789,39,5,0,136,0,15.13
fold2_room1_mix1789,40,5,0,171,0,70.58
fold2_room1_mix1789,40,5,0,130,0,14.07
fold2_room1_mix1789,41,5,0,171,0,68.66
fold2_room1_mix1789,41,5,0,124,0,13.04
fold2_room1_mix1789,42,5,0,171,0,67.29
fold2_room1_mix1789,42,5,0,117,0,12.08
fold2_room1_mix1789,43,5,0,170,0,66.23
fold2_room1_mix1789,43,5,0,111,0,11.38
fold2_room1_mix1789,44,5,0,170,0,65.05
fold2_room1_mix1789,44,5,0,105,0,11.10
fold2_room1_mix1789,45,5,0,170,0,63.98
fold2_room1_mix1789,45,5,0,99,0,10.83
fold2_room1_mix1789,46,5,0,170,0,62.89
fold2_room1_mix1789,46,5,0,93,0,10.63
fold2_room1_mix1789,47,5,0,169,0,61.27
fold2_room1_mix1789,47,5,0,87,0,10.67
fold2_room1_mix1789,48,5,0,169,0,59.63
fold2_room1_mix1789,48,5,0,81,0,10.74
fold2_room1_mix1789,49,5,0,169,0,58.10
fold2_room1_mix1789,49,5,0,75,0,10.83
fold2_room1_mix1789,50,5,0,168,0,57.18
fold2_room1_mix1789,50,5,0,69,0,11.15
fold2_room1_mix1789,51,5,0,168,0,56.42
fold2_room1_mix1789,51,5,0,64,0,11.55
fold2_room1_mix1789,52,5,0,167,0,55.65
fold2_room1_mix1789,52,5,0,59,0,11.96
fold2_room1_mix1789,53,5,0,167,0,54.15
fold2_room1_mix1789,53,5,0,54,0,12.42
fold2_room1_mix1789,54,5,0,167,0,52.35
fold2_room1_mix1789,54,5,0,50,0,12.93
fold2_room1_mix1789,55,5,0,166,0,50.60
fold2_room1_mix1789,55,5,0,46,0,13.46
fold2_room1_mix1789,56,5,0,166,0,48.98
fold2_room1_mix1789,56,5,0,43,0,14.16
fold2_room1_mix1789,57,5,0,165,0,47.47
fold2_room1_mix1789,57,5,0,40,0,15.05
fold2_room1_mix1789,58,5,0,165,0,46.02
fold2_room1_mix1789,58,5,0,37,0,16.00
fold2_room1_mix1789,59,5,0,164,0,44.51
fold2_room1_mix1789,59,5,0,35,0,16.95
fold2_room1_mix1789,60,5,0,164,0,42.85
fold2_room1_mix1789,60,5,0,33,0,17.85
fold2_room1_mix1789,61,5,0,163,0,41.24
fold2_room1_mix1789,61,5,0,31,0,18.78
fold2_room1_mix1789,62,5,0,162,0,39.71
fold2_room1_mix1789,62,5,0,29,0,19.75
fold2_room1_mix1789,63,5,0,153,0,26.95
fold2_room1_mix1789,63,5,0,169,0,49.69
fold2_room1_mix1789,63,5,0,28,0,20.71
fold2_room1_mix1789,64,5,0,151,0,25.52
fold2_room1_mix1789,64,5,0,168,0,48.46
fold2_room1_mix1789,64,5,0,27,0,21.70
fold2_room1_mix1789,65,5,0,149,0,24.13
fold2_room1_mix1789,65,5,0,168,0,47.27
fold2_room1_mix1789,65,5,0,27,0,22.75
fold2_room1_mix1789,66,5,0,147,0,22.60
fold2_room1_mix1789,66,5,0,168,0,46.11
fold2_room1_mix1789,66,5,0,26,0,24.01
fold2_room1_mix1789,67,5,0,146,0,21.11
fold2_room1_mix1789,67,5,0,167,0,44.99
fold2_room1_mix1789,67,5,0,25,0,25.37
fold2_room1_mix1789,68,5,0,144,0,19.72
fold2_room1_mix1789,68,5,0,167,0,43.88
fold2_room1_mix1789,68,5,0,25,0,26.81
fold2_room1_mix1789,69,5,0,142,0,18.53
fold2_room1_mix1789,69,5,0,167,0,42.74
fold2_room1_mix1789,69,5,0,24,0,28.11
fold2_room1_mix1789,70,5,0,140,0,17.45
fold2_room1_mix1789,70,5,0,166,0,41.59
fold2_room1_mix1789,70,5,0,23,0,29.36
fold2_room1_mix1789,71,5,0,138,0,16.44
fold2_room1_mix1789,71,5,0,166,0,40.46
fold2_room1_mix1789,71,5,0,22,0,30.66
fold2_room1_mix1789,72,5,0,135,0,15.18
fold2_room1_mix1789,72,5,0,166,0,39.42
fold2_room1_mix1789,72,5,0,21,0,32.18
fold2_room1_mix1789,73,5,0,132,0,13.74
fold2_room1_mix1789,73,5,0,165,0,38.46
fold2_room1_mix1789,73,5,0,20,0,33.94
fold2_room1_mix1789,74,5,0,128,0,12.43
fold2_room1_mix1789,74,5,0,165,0,37.52
fold2_room1_mix1789,74,5,0,19,0,35.79
fold2_room1_mix1789,75,5,0,123,0,11.39
fold2_room1_mix1789,75,5,0,165,0,36.33
fold2_room1_mix1789,75,5,0,18,0,37.17
fold2_room1_mix1789,76,5,0,114,0,10.73
fold2_room1_mix1789,76,5,0,164,0,34.64
fold2_room1_mix1789,76,5,0,18,0,37.39
fold2_room1_mix1789,77,5,0,103,0,10.12
fold2_room1_mix1789,77,5,0,163,0,33.01
fold2_room1_mix1789,77,5,0,17,0,37.58
fold2_room1_mix1789,78,5,0,93,0,9.72
fold2_room1_mix1789,78,5,0,162,0,31.44
fold2_room1_mix1789,78,5,0,16,0,37.99
fold2_room1_mix1789,79,5,0,84,0,10.07
fold2_room1_mix1789,79,5,0,161,0,29.86
fold2_room1_mix1789,79,5,0,16,0,39.34
fold2_room1_mix1789,80,5,0,77,0,10.53
fold2_room1_mix1789,80,5,0,159,0,28.36
fold2_room1_mix1789,80,5,0,15,0,40.84
fold2_room1_mix1789,81,5,0,70,0,11.03
fold2_room1_mix1789,81,5,0,158,0,26.87
fold2_room1_mix1789,81,5,0,14,0,42.22
fold2_room1_mix1789,82,5,0,65,0,11.88
fold2_room1_mix1789,82,5,0,156,0,24.96
fold2_room1_mix1789,82,5,0,14,0,41.98
fold2_room1_mix1789,83,5,0,60,0,12.88
fold2_room1_mix1789,83,5,0,154,0,23.08
fold2_room1_mix1789,83,5,0,14,0,41.35
fold2_room1_mix1789,84,5,0,56,0,13.97
fold2_room1_mix1789,84,5,0,152,0,21.36
fold2_room1_mix1789,84,5,0,13,0,40.78
fold2_room1_mix1789,85,5,0,50,0,15.52
fold2_room1_mix1789,85,5,0,151,0,20.53
fold2_room1_mix1789,85,5,0,13,0,41.59
fold2_room1_mix1789,86,5,0,45,0,17.44
fold2_room1_mix1789,86,5,0,151,0,20.11
fold2_room1_mix1789,86,5,0,13,0,43.12
fold2_room1_mix1789,87,5,0,40,0,19.57
fold2_room1_mix1789,87,5,0,150,0,19.70
fold2_room1_mix1789,87,5,0,13,0,44.71
fold2_room1_mix1789,88,5,0,36,0,20.78
fold2_room1_mix1789,88,5,0,149,0,19.10
fold2_room1_mix1789,88,5,0,12,0,45.83
fold2_room1_mix1789,89,5,0,34,0,20.89
fold2_room1_mix1789,89,5,0,149,0,18.33
fold2_room1_mix1789,89,5,0,12,0,46.45
fold2_room1_mix1789,90,5,0,32,0,21.00
fold2_room1_mix1789,90,5,0,149,0,17.58
fold2_room1_mix1789,90,5,0,11,0,47.07
fold2_room1_mix1789,91,5,0,30,0,21.21
fold2_room1_mix1789,91,5,0,148,0,16.83
fold2_room1_mix1789,91,5,0,11,0,48.24
fold2_room1_mix1789,92,5,0,28,0,21.65
fold2_room1_mix1789,92,5,0,145,0,16.04
fold2_room1_mix1789,92,5,0,10,0,50.61
fold2_room1_mix1789,93,5,0,27,0,22.10
fold2_room1_mix1789,93,5,0,143,0,15.29
fold2_room1_mix1789,93,5,0,10,0,53.13
fold2_room1_mix1789,94,5,0,26,0,22.79
fold2_room1_mix1789,94,5,0,139,0,14.44
fold2_room1_mix1789,94,5,0,9,0,56.16
fold2_room1_mix1789,95,5,0,25,0,24.48
fold2_room1_mix1789,95,5,0,134,0,13.12
fold2_room1_mix1789,95,5,0,9,0,61.05
fold2_room1_mix1789,96,5,0,24,0,26.40
fold2_room1_mix1789,96,5,0,16,0,46.47
fold2_room1_mix1789,97,5,0,22,0,28.30
fold2_room1_mix1789,97,5,0,16,0,49.86
fold2_room1_mix1789,98,5,0,21,0,28.69
fold2_room1_mix1789,98,5,0,15,0,47.59
fold2_room1_mix1789,99,5,0,19,0,28.71
fold2_room1_mix1789,99,5,0,13,0,44.25
fold2_room1_mix1789,1,5,0,169,0,8.08
