fold2_room1_mix0009,0,0,0,179,0,583.62
fold2_room1_mix0009,1,0,0,179,0,585.06
fold2_room1_mix0009,2,0,0,179,0,599.99
fold2_room1_mix0009,3,0,0,-179,0,618.72
fold2_room1_mix0009,4,0,0,-179,0,637.32
fold2_room1_mix0009,5,0,0,-179,0,632.78
fold2_room1_mix0009,6,0,0,179,0,617.16
fold2_room1_mix0009,7,0,0,179,0,601.92
fold2_room1_mix0009,8,0,0,179,0,596.72
fold2_room1_mix0009,9,0,0,179,0,601.31
fold2_room1_mix0009,10,0,0,179,0,605.94
fold2_room1_mix0009,11,0,0,179,0,609.34
fold2_room1_mix0009,12,0,0,179,0,610.16
fold2_room1_mix0009,13,0,0,179,0,610.90
fold2_room1_mix0009,14,0,0,179,0,610.28
fold2_room1_mix0009,15,0,0,179,0,604.06
fold2_room1_mix0009,16,0,0,179,0,597.31
fold2_room1_mix0009,17,0,0,179,0,590.16
fold2_room1_mix0009,18,0,0,179,0,578.79
fold2_room1_mix0009,19,0,0,179,0,566.61
fold2_room1_mix0009,20,0,0,179,0,555.04
fold2_room1_mix0009,21,0,0,179,0,555.24
fold2_room1_mix0009,22,0,0,179,0,561.11
fold2_room1_mix0009,23,0,0,179,0,567.04
fold2_room1_mix0009,24,0,0,179,0,567.70
fold2_room1_mix0009,25,0,0,179,0,563.08
fold2_room1_mix0009,26,0,0,179,0,558.49
fold2_room1_mix0009,27,0,0,179,0,554.45
fold2_room1_mix0009,28,0,0,179,0,551.49
fold2_room1_mix0009,29,0,0,179,0,548.57
fold2_room1_mix0009,30,0,0,179,0,545.72
fold2_room1_mix0009,31,0,0,179,0,543.08
fold2_room1_mix0009,32,0,0,179,0,540.47
fold2_room1_mix0009,33,0,0,179,0,537.51
fold2_room1_mix0009,34,0,0,179,0,531.24
fold2_room1_mix0009,35,0,0,179,0,524.24
fold2_room1_mix0009,36,0,0,179,0,517.50
fold2_room1_mix0009,37,0,0,179,0,516.06
fold2_room1_mix0009,38,0,0,179,0,517.17
fold2_room1_mix0009,39,0,0,179,0,518.29
fold2_room1_mix0009,40,0,0,179,0,520.57
fold2_room1_mix0009,41,0,0,179,0,524.03
fold2_room1_mix0009,42,0,0,179,0,527.52
fold2_room1_mix0009,43,0,0,179,0,527.60
fold2_room1_mix0009,44,0,0,179,0,520.68
fold2_room1_mix0009,45,0,0,179,0,513.64
fold2_room1_mix0009,46,0,0,179,0,507.45
fold2_room1_mix0009,47,0,0,179,0,504.43
fold2_room1_mix0009,48,0,0,179,0,501.76
fold2_room1_mix0009,49,0,0,179,0,498.83
fold2_room1_mix0009,50,0,0,179,0,493.39
fold2_room1_mix0009,51,0,0,179,0,487.40
fold2_room1_mix0009,52,0,0,179,0,481.75
fold2_room1_mix0009,53,0,0,179,0,484.73
fold2_room1_mix0009,54,0,0,179,0,491.97
fold2_room1_mix0009,54,4,0,158,-1,5.47
fold2_room1_mix0009,55,0,0,179,0,499.31
fold2_room1_mix0009,55,4,0,154,-1,14.61
fold2_room1_mix0009,56,0,0,179,0,500.48
fold2_room1_mix0009,56,4,0,152,-1,20.79
fold2_room1_mix0009,57,0,0,179,0,495.43
fold2_room1_mix0009,57,4,0,152,-1,16.62
fold2_room1_mix0009,58,0,0,179,0,490.43
fold2_room1_mix0009,58,4,0,152,-1,13.25
fold2_room1_mix0009,59,0,0,179,0,488.16
fold2_room1_mix0009,59,4,0,151,-1,11.49
fold2_room1_mix0009,60,0,0,179,0,491.43
fold2_room1_mix0009,60,4,0,152,-1,11.94
fold2_room1_mix0009,61,0,0,179,0,494.90
fold2_room1_mix0009,61,4,0,153,-1,12.47
fold2_room1_mix0009,62,0,0,179,0,495.80
fold2_room1_mix0009,62,4,0,153,-1,12.76
fold2_room1_mix0009,63,0,0,179,0,486.19
fold2_room1_mix0009,63,4,0,152,-1,11.98
fold2_room1_mix0009,64,0,0,179,0,475.67
fold2_room1_mix0009,64,4,0,152,-1,11.15
fold2_room1_mix0009,65,0,0,179,0,466.01
fold2_room1_mix0009,65,4,0,150,-1,10.40
fold2_room1_mix0009,66,0,0,179,0,462.31
fold2_room1_mix0009,66,4,0,148,-2,10.06
fold2_room1_mix0009,67,0,0,179,0,460.04
fold2_room1_mix0009,67,4,0,147,-2,9.80
fold2_room1_mix0009,68,0,0,179,0,457.75
fold2_room1_mix0009,68,4,0,145,-2,9.55
fold2_room1_mix0009,69,0,0,179,0,454.36
fold2_room1_mix0009,69,4,0,143,-2,9.19
fold2_room1_mix0009,70,0,0,179,0,450.47
fold2_room1_mix0009,70,4,0,139,-2,8.80
fold2_room1_mix0009,71,0,0,179,0,446.61
fold2_room1_mix0009,71,4,0,136,-2,8.41
fold2_room1_mix0009,72,0,0,179,0,440.61
fold2_room1_mix0009,72,4,0,132,-2,8.01
fold2_room1_mix0009,73,0,0,178,0,432.56
fold2_room1_mix0009,73,4,0,129,-2,7.60
fold2_room1_mix0009,74,0,0,178,0,424.65
fold2_room1_mix0009,74,4,0,125,-3,7.20
fold2_room1_mix0009,75,0,0,177,0,415.30
fold2_room1_mix0009,75,4,0,122,-3,6.92
fold2_room1_mix0009,76,0,0,177,0,402.96
fold2_room1_mix0009,76,4,0,120,-3,6.87
fold2_room1_mix0009,77,0,0,177,0,390.89
fold2_room1_mix0009,77,4,0,118,-3,6.83
fold2_room1_mix0009,78,0,0,177,0,382.58
fold2_room1_mix0009,78,4,0,116,-3,6.74
fold2_room1_mix0009,79,0,0,177,0,388.42
fold2_room1_mix0009,79,4,0,111,-3,6.51
fold2_room1_mix0009,80,0,0,177,0,395.92
fold2_room1_mix0009,80,4,0,105,-3,6.26
fold2_room1_mix0009,81,0,0,177,0,403.47
fold2_room1_mix0009,81,4,0,99,-3,6.03
fold2_room1_mix0009,82,0,0,178,0,410.33
fold2_room1_mix0009,82,4,0,95,-3,5.87
fold2_room1_mix0009,83,0,0,178,0,417.11
fold2_room1_mix0009,83,4,0,91,-3,5.72
fold2_room1_mix0009,84,0,0,178,0,423.82
fold2_room1_mix0009,84,4,0,87,-3,5.59
fold2_room1_mix0009,85,0,0,178,0,425.01
fold2_room1_mix0009,85,4,0,82,-3,5.67
fold2_room1_mix0009,86,0,0,179,0,423.49
fold2_room1_mix0009,86,4,0,78,-3,5.85
fold2_room1_mix0009,87,0,0,179,0,421.99
fold2_room1_mix0009,87,4,0,74,-3,6.03
fold2_room1_mix0009,88,0,0,179,0,420.84
fold2_room1_mix0009,88,4,0,69,-3,6.21
fold2_room1_mix0009,89,0,0,179,0,420.06
fold2_room1_mix0009,89,4,0,63,-3,6.36
fold2_room1_mix0009,90,0,0,179,0,419.29
fold2_room1_mix0009,90,4,0,58,-3,6.52
fold2_room1_mix0009,91,0,0,179,0,418.96
fold2_room1_mix0009,91,4,0,55,-3,6.72
fold2_room1_mix0009,92,0,0,-179,0,419.56
fold2_room1_mix0009,92,4,0,52,-3,6.98
fold2_room1_mix0009,93,0,0,-179,0,420.19
fold2_room1_mix0009,93,4,0,50,-3,7.27
fold2_room1_mix0009,94,0,0,-179,0,422.25
fold2_room1_mix0009,94,4,0,48,-2,7.54
fold2_room1_mix0009,95,0,0,-179,0,430.28
fold2_room1_mix0009,95,4,0,44,-2,7.75
fold2_room1_mix0009,96,0,0,-179,0,439.12
fold2_room1_mix0009,96,4,0,41,-2,7.96
fold2_room1_mix0009,97,0,0,-179,0,446.97
fold2_room1_mix0009,97,4,0,37,-2,8.21
fold2_room1_mix0009,98,0,0,-179,0,443.89
fold2_room1_mix0009,98,4,0,35,-2,8.76
fold2_room1_mix0009,99,0,0,179,0,438.23
fold2_room1_mix0009,99,4,0,34,-2,9.41
fold2_room1_mix0050,3,4,0,-1,-1,8.04
fold2_room1_mix0050,4,4,0,-1,-1,25.81
fold2_room1_mix0050,5,4,0,-1,-1,37.84
fold2_room1_mix0050,6,4,0,-2,-1,38.74
fold2_room1_mix0050,7,4,0,-2,-1,39.66
fold2_room1_mix0050,8,4,0,-2,-1,37.97
fold2_room1_mix0050,9,4,0,-2,-1,34.00
fold2_room1_mix0050,10,4,0,-1,-1,30.44
fold2_room1_mix0050,11,4,0,-1,-1,29.42
fold2_room1_mix0050,12,4,0,-1,0,33.32
fold2_room1_mix0050,13,4,0,-2,0,37.91
fold2_room1_mix0050,14,4,0,-2,0,40.23
fold2_room1_mix0050,15,4,0,-1,0,32.10
fold2_room1_mix0050,16,4,0,-1,0,24.79
fold2_room1_mix0050,17,4,0,-1,-1,19.82
fold2_room1_mix0050,18,4,0,-1,-1,22.37
fold2_room1_mix0050,19,4,0,-2,0,27.43
fold2_room1_mix0050,20,4,0,-2,0,33.39
fold2_room1_mix0050,21,4,0,-2,0,33.78
fold2_room1_mix0050,22,4,0,-3,0,31.24
fold2_room1_mix0050,23,4,0,-3,0,28.88
fold2_room1_mix0050,24,4,0,-3,0,27.62
fold2_room1_mix0050,25,4,0,-3,0,27.32
fold2_room1_mix0050,26,4,0,-3,0,27.03
fold2_room1_mix0050,27,4,0,-3,-1,26.67
fold2_room1_mix0050,28,4,0,-4,-1,26.19
fold2_room1_mix0050,29,4,0,-4,-1,25.72
fold2_room1_mix0050,30,4,0,-4,-1,25.20
fold2_room1_mix0050,31,4,0,-4,-1,24.46
fold2_room1_mix0050,32,4,0,-4,-1,23.72
fold2_room1_mix0050,33,4,0,-4,-1,22.98
fold2_room1_mix0050,34,4,0,-4,-1,22.16
fold2_room1_mix0050,35,4,0,-5,-1,21.34
fold2_room1_mix0050,36,4,0,-5,-1,20.55
fold2_room1_mix0050,37,4,0,-5,-1,19.81
fold2_room1_mix0050,38,4,0,-5,-1,19.10
fold2_room1_mix0050,39,4,0,-5,-1,18.42
fold2_room1_mix0050,40,4,0,-6,-1,17.72
fold2_room1_mix0050,41,4,0,-6,-1,17.02
fold2_room1_mix0050,42,4,0,-6,-1,16.33
fold2_room1_mix0050,43,4,0,-6,-1,15.66
fold2_room1_mix0050,44,4,0,-7,-1,14.98
fold2_room1_mix0050,45,4,0,-7,-1,14.33
fold2_room1_mix0050,46,4,0,-7,-2,13.67
fold2_room1_mix0050,47,4,0,-8,-2,12.89
fold2_room1_mix0050,48,4,0,-8,-2,12.14
fold2_room1_mix0050,49,4,0,-9,-2,11.42
fold2_room1_mix0050,50,4,0,-10,-2,10.62
fold2_room1_mix0050,51,4,0,-11,-3,9.85
fold2_room1_mix0050,52,4,0,-12,-3,9.12
fold2_room1_mix0050,53,4,0,-13,-3,8.33
fold2_room1_mix0050,54,4,0,-14,-4,7.55
fold2_room1_mix0050,55,4,0,-16,-4,6.84
fold2_room1_mix0050,56,4,0,-18,-5,6.11
fold2_room1_mix0050,57,4,0,-20,-5,5.38
fold2_room1_mix0050,58,4,0,-22,-6,4.73
fold2_room1_mix0050,59,4,0,-27,-7,4.06
fold2_room1_mix0050,60,4,0,-37,-8,3.30
fold2_room1_mix0050,61,4,0,-46,-10,2.66
fold2_room1_mix0050,62,4,0,-56,-12,2.19
fold2_room1_mix0050,63,4,0,-74,-14,2.12
fold2_room1_mix0050,64,4,0,-100,-14,2.08
fold2_room1_mix0050,65,4,0,-120,-12,2.08
fold2_room1_mix0050,66,4,0,-130,-10,2.49
fold2_room1_mix0050,67,4,0,-139,-9,3.08
fold2_room1_mix0050,68,4,0,-149,-7,3.77
fold2_room1_mix0050,69,4,0,-155,-6,4.42
fold2_room1_mix0050,70,4,0,-157,-5,5.08
fold2_room1_mix0050,71,4,0,-160,-5,5.83
fold2_room1_mix0050,72,4,0,-162,-4,6.56
fold2_room1_mix0050,73,4,0,-163,-4,7.27
fold2_room1_mix0050,74,4,0,-165,-3,8.04
fold2_room1_mix0050,75,4,0,-166,-3,8.79
fold2_room1_mix0050,76,4,0,-167,-3,9.38
fold2_room1_mix0050,77,4,0,-168,-2,10.00
fold2_room1_mix0050,78,4,0,-169,-2,10.67
fold2_room1_mix0050,79,4,0,-169,-2,11.47
fold2_room1_mix0050,80,4,0,-170,-2,12.32
fold2_room1_mix0050,81,4,0,-171,-2,13.21
fold2_room1_mix0050,82,4,0,-171,-2,13.91
fold2_room1_mix0050,83,4,0,-172,-2,14.58
fold2_room1_mix0050,84,4,0,-172,-1,15.28
fold2_room1_mix0050,85,4,0,-173,-1,16.06
fold2_room1_mix0050,86,4,0,-173,-1,16.89
fold2_room1_mix0050,87,4,0,-173,-1,17.76
fold2_room1_mix0050,88,4,0,-174,-1,18.54
fold2_room1_mix0050,89,4,0,-174,-1,19.21
fold2_room1_mix0050,90,4,0,-174,-1,19.91
fold2_room1_mix0050,91,4,0,-174,-1,20.58
fold2_room1_mix0050,92,4,0,-175,-1,21.16
fold2_room1_mix0050,93,4,0,-175,-1,21.76
fold2_room1_mix0050,94,4,0,-175,-1,22.42
fold2_room1_mix0050,95,4,0,-175,-1,23.29
fold2_room1_mix0050,96,4,0,-175,-1,24.22
fold2_room1_mix0050,97,4,0,-176,-1,25.13
fold2_room1_mix0050,98,4,0,-176,-1,25.50
fold2_room1_mix0050,99,4,0,-176,-1,25.74
fold2_room1_mix0108,0,4,0,-21,-1,9.31
fold2_room1_mix0108,1,4,0,-17,-1,9.56
fold2_room1_mix0108,2,4,0,-14,-1,12.43
fold2_room1_mix0108,3,4,0,-16,-1,17.01
fold2_room1_mix0108,4,4,0,-19,-1,22.96
fold2_room1_mix0108,5,4,0,-19,-1,23.05
fold2_room1_mix0108,6,4,0,-18,-1,20.06
fold2_room1_mix0108,7,4,0,-17,-1,17.45
fold2_room1_mix0108,8,4,0,-18,-1,16.24
fold2_room1_mix0108,9,4,0,-19,-1,16.19
fold2_room1_mix0108,10,4,0,-19,-1,16.14
fold2_room1_mix0108,11,4,0,-20,-1,15.93
fold2_room1_mix0108,12,4,0,-20,-1,15.40
fold2_room1_mix0108,13,4,0,-21,-1,14.87
fold2_room1_mix0108,14,4,0,-22,-1,14.39
fold2_room1_mix0108,15,4,0,-22,-1,13.99
fold2_room1_mix0108,16,4,0,-23,-1,13.61
fold2_room1_mix0108,17,4,0,-24,-2,13.24
fold2_room1_mix0108,18,4,0,-25,-2,12.88
fold2_room1_mix0108,19,4,0,-26,-2,12.52
fold2_room1_mix0108,20,4,0,-26,-2,12.17
fold2_room1_mix0108,21,4,0,-27,-2,11.93
fold2_room1_mix0108,22,4,0,-28,-2,11.73
fold2_room1_mix0108,23,4,0,-28,-2,11.55
fold2_room1_mix0108,24,4,0,-29,-2,11.35
fold2_room1_mix0108,25,4,0,-30,-2,11.12
fold2_room1_mix0108,26,4,0,-31,-2,10.90
fold2_room1_mix0108,27,4,0,-32,-2,10.69
fold2_room1_mix0108,28,4,0,-34,-2,10.48
fold2_room1_mix0108,29,4,0,-35,-2,10.27
fold2_room1_mix0108,30,4,0,-37,-2,10.06
fold2_room1_mix0108,31,4,0,-38,-2,9.87
fold2_room1_mix0108,32,4,0,-39,-3,9.69
fold2_room1_mix0108,33,4,0,-41,-3,9.53
fold2_room1_mix0108,34,4,0,-42,-3,9.44
fold2_room1_mix0108,35,4,0,-44,-3,9.37
fold2_room1_mix0108,36,4,0,-33,-2,16.11
fold2_room1_mix0108,36,4,0,-51,-3,5.93
fold2_room1_mix0108,37,4,0,-31,-1,17.33
fold2_room1_mix0108,37,4,0,-53,-4,5.66
fold2_room1_mix0108,38,4,0,-27,-1,19.04
fold2_room1_mix0108,38,4,0,-57,-4,5.39
fold2_room1_mix0108,39,4,0,-23,-1,20.92
fold2_room1_mix0108,39,4,0,-60,-4,5.14
fold2_room1_mix0108,40,4,0,-22,-1,21.97
fold2_room1_mix0108,40,4,0,-63,-4,4.99
fold2_room1_mix0108,41,4,0,-22,-1,22.08
fold2_room1_mix0108,41,4,0,-67,-4,4.92
fold2_room1_mix0108,42,4,0,-22,-1,22.18
fold2_room1_mix0108,42,4,0,-70,-4,4.85
fold2_room1_mix0108,43,4,0,-21,-1,22.22
fold2_room1_mix0108,43,4,0,-74,-4,4.79
fold2_room1_mix0108,44,4,0,-21,-1,22.14
fold2_room1_mix0108,44,4,0,-78,-4,4.73
fold2_room1_mix0108,45,4,0,-21,0,22.05
fold2_room1_mix0108,45,4,0,-82,-4,4.67
fold2_room1_mix0108,46,4,0,-21,0,21.90
fold2_room1_mix0108,46,4,0,-86,-5,4.63
fold2_room1_mix0108,47,4,0,-20,0,21.54
fold2_room1_mix0108,47,4,0,-90,-5,4.64
fold2_room1_mix0108,48,4,0,-20,-1,21.16
fold2_room1_mix0108,48,4,0,-93,-5,4.66
fold2_room1_mix0108,49,4,0,-20,-1,20.79
fold2_room1_mix0108,49,4,0,-97,-5,4.68
fold2_room1_mix0108,50,4,0,-20,-1,20.40
fold2_room1_mix0108,50,4,0,-101,-5,4.79
fold2_room1_mix0108,51,4,0,-20,-1,20.01
fold2_room1_mix0108,51,4,0,-104,-4,4.92
fold2_room1_mix0108,52,4,0,-20,-1,19.63
fold2_room1_mix0108,52,4,0,-108,-4,5.05
fold2_room1_mix0108,53,4,0,-20,-1,19.22
fold2_room1_mix0108,53,4,0,-112,-4,5.23
fold2_room1_mix0108,54,4,0,-20,-1,18.81
fold2_room1_mix0108,54,4,0,-115,-4,5.42
fold2_room1_mix0108,55,4,0,-20,-1,18.41
fold2_room1_mix0108,55,4,0,-119,-4,5.62
fold2_room1_mix0108,56,4,0,-22,-1,17.89
fold2_room1_mix0108,56,4,0,-121,-4,5.84
fold2_room1_mix0108,57,4,0,-24,-1,17.27
fold2_room1_mix0108,57,4,0,-124,-3,6.06
fold2_room1_mix0108,58,4,0,-25,-1,16.67
fold2_room1_mix0108,58,4,0,-126,-3,6.29
fold2_room1_mix0108,59,4,0,-27,-1,16.13
fold2_room1_mix0108,59,4,0,-128,-3,6.55
fold2_room1_mix0108,60,4,0,-29,-1,15.69
fold2_room1_mix0108,60,4,0,-129,-3,6.84
fold2_room1_mix0108,61,4,0,-31,-1,15.27
fold2_room1_mix0108,61,4,0,-131,-3,7.15
fold2_room1_mix0108,62,4,0,-33,-1,14.76
fold2_room1_mix0108,62,4,0,-133,-3,7.43
fold2_room1_mix0108,63,4,0,-36,-1,13.92
fold2_room1_mix0108,63,4,0,-136,-3,7.59
fold2_room1_mix0108,64,4,0,-40,-1,13.08
fold2_room1_mix0108,64,4,0,-139,-2,7.74
fold2_room1_mix0108,65,4,0,-43,-1,12.29
fold2_room1_mix0108,65,4,0,-142,-2,7.92
fold2_room1_mix0108,66,4,0,-47,-1,11.65
fold2_room1_mix0108,66,4,0,-144,-2,8.30
fold2_room1_mix0108,67,4,0,-51,-1,11.07
fold2_room1_mix0108,67,4,0,-146,-2,8.75
fold2_room1_mix0108,68,4,0,-55,-1,10.51
fold2_room1_mix0108,68,4,0,-148,-2,9.22
fold2_room1_mix0108,69,4,0,-59,-1,9.91
fold2_room1_mix0108,69,4,0,-150,-2,9.71
fold2_room1_mix0108,70,4,0,-63,-2,9.31
fold2_room1_mix0108,70,4,0,-151,-2,10.23
fold2_room1_mix0108,71,4,0,-68,-2,8.75
fold2_room1_mix0108,71,4,0,-153,-2,10.78
fold2_room1_mix0108,72,4,0,-72,-2,8.37
fold2_room1_mix0108,72,4,0,-154,-1,11.32
fold2_room1_mix0108,73,4,0,-77,-2,8.16
fold2_room1_mix0108,73,4,0,-156,-1,11.85
fold2_room1_mix0108,74,4,0,-81,-2,7.95
fold2_room1_mix0108,74,4,0,-157,-1,12.39
fold2_room1_mix0108,75,4,0,-86,-2,7.84
fold2_room1_mix0108,75,4,0,-158,-1,12.92
fold2_room1_mix0108,76,4,0,-89,-2,7.94
fold2_room1_mix0108,76,4,0,-158,-1,13.38
fold2_room1_mix0108,77,4,0,-93,-2,8.04
fold2_room1_mix0108,77,4,0,-159,-1,13.85
fold2_room1_mix0108,78,4,0,-97,-2,8.17
fold2_room1_mix0108,78,4,0,-159,-1,14.32
fold2_room1_mix0108,79,4,0,-102,-2,8.39
fold2_room1_mix0108,79,4,0,-159,-1,14.72
fold2_room1_mix0108,80,4,0,-107,-2,8.63
fold2_room1_mix0108,80,4,0,-159,-1,15.14
fold2_room1_mix0108,81,4,0,-112,-2,8.87
fold2_room1_mix0108,81,4,0,-160,-1,15.57
fold2_room1_mix0108,82,4,0,-115,-2,9.07
fold2_room1_mix0108,82,4,0,-160,-1,16.12
fold2_room1_mix0108,83,4,0,-118,-2,9.26
fold2_room1_mix0108,83,4,0,-161,-1,16.72
fold2_room1_mix0108,84,4,0,-121,-2,9.46
fold2_room1_mix0108,84,4,0,-162,-1,17.34
fold2_room1_mix0108,85,4,0,-124,-2,9.75
fold2_room1_mix0108,85,4,0,-162,-1,17.88
fold2_room1_mix0108,86,4,0,-126,-2,10.09
fold2_room1_mix0108,86,4,0,-163,-1,18.38
fold2_room1_mix0108,87,4,0,-128,-2,10.45
fold2_room1_mix0108,87,4,0,-164,-1,18.90
fold2_room1_mix0108,88,4,0,-131,-2,10.78
fold2_room1_mix0108,88,4,0,-164,-1,19.43
fold2_room1_mix0108,89,4,0,-133,-2,11.07
fold2_room1_mix0108,89,4,0,-165,-1,19.97
fold2_room1_mix0108,90,4,0,-134,-2,11.37
fold2_room1_mix0108,90,4,0,-166,-1,20.52
fold2_room1_mix0108,91,4,0,-136,-2,11.69
fold2_room1_mix0108,91,4,0,-166,-1,21.04
fold2_room1_mix0108,92,4,0,-137,-2,12.05
fold2_room1_mix0108,92,4,0,-167,-1,21.45
fold2_room1_mix0108,93,4,0,-138,-2,12.41
fold2_room1_mix0108,93,4,0,-167,-1,21.87
fold2_room1_mix0108,94,4,0,-139,-2,12.83
fold2_room1_mix0108,94,4,0,-168,-1,22.31
fold2_room1_mix0108,95,4,0,-141,-2,13.45
fold2_room1_mix0108,95,4,0,-169,0,22.85
fold2_room1_mix0108,96,4,0,-143,-2,14.13
fold2_room1_mix0108,96,4,0,-169,0,23.42
fold2_room1_mix0108,97,4,0,-145,-2,14.84
fold2_room1_mix0108,97,4,0,-170,0,23.86
fold2_room1_mix0108,98,4,0,-148,-1,15.67
fold2_room1_mix0108,98,4,0,-168,-1,23.06
fold2_room1_mix0108,99,4,0,-161,-1,20.20
fold2_room1_mix0115,60,4,0,-170,-1,2.05
fold2_room1_mix0115,61,4,0,-166,-1,6.09
fold2_room1_mix0115,62,4,0,-163,-2,12.36
fold2_room1_mix0115,63,4,0,-161,-2,9.73
fold2_room1_mix0115,64,4,0,-159,-2,6.86
fold2_room1_mix0115,65,4,0,-156,-2,4.87
fold2_room1_mix0115,66,4,0,-148,-3,4.22
fold2_room1_mix0115,67,4,0,-140,-4,3.85
fold2_room1_mix0115,68,4,0,-134,-4,3.51
fold2_room1_mix0115,69,4,0,-124,-5,3.13
fold2_room1_mix0115,70,4,0,-105,-6,2.76
fold2_room1_mix0115,71,4,0,-81,-7,2.42
fold2_room1_mix0115,72,4,0,-63,-6,2.56
fold2_room1_mix0115,73,4,0,-50,-4,3.23
fold2_room1_mix0115,74,4,0,-38,-3,4.03
fold2_room1_mix0115,75,4,0,-27,-2,4.80
fold2_room1_mix0115,76,4,0,-23,-2,5.28
fold2_room1_mix0115,77,4,0,-20,-2,5.79
fold2_room1_mix0115,78,4,0,-17,-2,6.50
fold2_room1_mix0115,79,4,0,-16,-2,7.96
fold2_room1_mix0115,80,4,0,-15,-1,9.80
fold2_room1_mix0115,81,4,0,-13,-1,10.98
fold2_room1_mix0115,82,4,0,-11,-1,5.15
fold2_room1_mix0124,22,4,0,-179,-1,5.89
fold2_room1_mix0124,23,4,0,-179,-1,13.64
fold2_room1_mix0124,24,4,0,-179,-1,21.27
fold2_room1_mix0124,25,4,0,-178,-1,23.29
fold2_room1_mix0124,26,4,0,-178,-1,25.49
fold2_room1_mix0124,27,4,0,-178,0,25.97
fold2_room1_mix0124,28,4,0,-178,0,22.79
fold2_room1_mix0124,29,4,0,-179,0,19.90
fold2_room1_mix0124,30,4,0,-179,0,18.30
fold2_room1_mix0124,31,4,0,-179,0,20.88
fold2_room1_mix0124,32,4,0,-178,0,24.37
fold2_room1_mix0124,33,4,0,-178,0,28.03
fold2_room1_mix0124,34,4,0,-178,0,28.52
fold2_room1_mix0124,35,4,0,-179,0,28.17
fold2_room1_mix0124,36,4,0,-179,0,27.82
fold2_room1_mix0124,37,4,0,-179,0,27.33
fold2_room1_mix0124,38,4,0,-179,0,26.78
fold2_room1_mix0124,39,4,0,-179,0,26.24
fold2_room1_mix0124,40,4,0,-179,0,25.55
fold2_room1_mix0124,41,4,0,-179,0,24.73
fold2_room1_mix0124,42,4,0,-178,0,23.94
fold2_room1_mix0124,43,4,0,-178,0,23.33
fold2_room1_mix0124,44,4,0,-179,-1,23.06
fold2_room1_mix0124,45,4,0,-179,-1,22.81
fold2_room1_mix0124,46,4,0,-179,-1,22.41
fold2_room1_mix0124,47,4,0,-179,-1,21.45
fold2_room1_mix0124,48,4,0,-178,-1,20.46
fold2_room1_mix0124,49,4,0,-178,-1,19.53
fold2_room1_mix0124,50,4,0,-178,-1,18.73
fold2_room1_mix0124,51,4,0,-178,-1,17.99
fold2_room1_mix0124,52,4,0,-178,-1,17.27
fold2_room1_mix0124,53,4,0,-178,-1,16.43
fold2_room1_mix0124,54,4,0,-178,-1,15.57
fold2_room1_mix0124,55,4,0,-178,-1,14.75
fold2_room1_mix0124,56,4,0,-177,-1,14.02
fold2_room1_mix0124,57,4,0,-177,-1,13.37
fold2_room1_mix0124,58,4,0,-177,-2,12.75
fold2_room1_mix0124,59,4,0,-177,-2,12.07
fold2_room1_mix0124,60,4,0,-177,-2,11.25
fold2_room1_mix0124,61,4,0,-177,-2,10.49
fold2_room1_mix0124,62,4,0,-176,-2,9.77
fold2_room1_mix0124,63,4,0,-176,-2,9.10
fold2_room1_mix0124,64,4,0,-176,-3,8.47
fold2_room1_mix0124,65,4,0,-176,-3,7.85
fold2_room1_mix0124,66,4,0,-175,-3,7.06
fold2_room1_mix0124,67,4,0,-175,-4,6.30
fold2_room1_mix0124,68,4,0,-174,-4,5.60
fold2_room1_mix0124,69,4,0,-174,-5,4.89
fold2_room1_mix0124,70,4,0,-174,-5,4.22
fold2_room1_mix0124,71,4,0,-173,-5,3.63
fold2_room1_mix0124,72,4,0,-168,-9,2.80
fold2_room1_mix0124,73,4,0,-159,-16,1.88
fold2_room1_mix0124,74,4,0,-149,-23,1.18
fold2_room1_mix0124,75,4,0,-135,-31,0.86
fold2_room1_mix0124,76,4,0,-65,-37,1.04
fold2_room1_mix0124,77,4,0,-27,-21,1.26
fold2_room1_mix0124,78,4,0,-19,-15,1.54
fold2_room1_mix0124,79,4,0,-15,-13,2.10
fold2_room1_mix0124,80,4,0,-11,-10,2.81
fold2_room1_mix0124,81,4,0,-7,-7,3.66
fold2_room1_mix0124,82,4,0,-6,-6,4.30
fold2_room1_mix0124,83,4,0,-5,-5,4.93
fold2_room1_mix0124,84,4,0,-5,-4,5.63
fold2_room1_mix0124,85,4,0,-4,-4,6.28
fold2_room1_mix0124,86,4,0,-4,-3,6.93
fold2_room1_mix0124,87,4,0,-3,-3,7.64
fold2_room1_mix0124,88,4,0,-3,-3,8.35
fold2_room1_mix0124,89,4,0,-3,-2,9.06
fold2_room1_mix0124,90,4,0,-3,-2,9.83
fold2_room1_mix0124,91,4,0,-2,-2,10.58
fold2_room1_mix0124,92,4,0,-2,-2,11.22
fold2_room1_mix0124,93,4,0,-2,-2,11.89
fold2_room1_mix0124,94,4,0,-1,-2,12.60
fold2_room1_mix0124,95,4,0,-1,-2,13.38
fold2_room1_mix0124,96,4,0,-1,-2,14.20
fold2_room1_mix0124,97,4,0,-1,-1,15.04
fold2_room1_mix0124,98,4,0,-1,-1,15.64
fold2_room1_mix0124,99,4,0,-1,-1,16.18
fold2_room1_mix0126,0,0,0,179,0,207.99
fold2_room1_mix0126,1,0,0,179,0,208.04
fold2_room1_mix0126,2,0,0,179,0,208.52
fold2_room1_mix0126,3,0,0,179,0,209.12
fold2_room1_mix0126,4,0,0,179,0,209.78
fold2_room1_mix0126,5,0,0,179,0,212.78
fold2_room1_mix0126,6,0,0,179,0,216.97
fold2_room1_mix0126,7,0,0,179,0,221.25
fold2_room1_mix0126,8,0,0,179,0,221.88
fold2_room1_mix0126,9,0,0,179,0,218.82
fold2_room1_mix0126,10,0,0,179,0,215.80
fold2_room1_mix0126,11,0,0,-179,0,212.75
fold2_room1_mix0126,12,0,0,-179,0,209.61
fold2_room1_mix0126,13,0,0,-179,0,206.51
fold2_room1_mix0126,14,0,0,-179,0,204.25
fold2_room1_mix0126,15,0,0,-179,0,205.27
fold2_room1_mix0126,16,0,0,-179,0,206.64
fold2_room1_mix0126,17,0,0,-179,0,207.88
fold2_room1_mix0126,18,0,0,-179,0,207.84
fold2_room1_mix0126,19,0,0,-179,0,207.48
fold2_room1_mix0126,20,0,0,-179,0,207.14
fold2_room1_mix0126,21,0,0,-179,0,207.12
fold2_room1_mix0126,22,0,0,-179,0,207.27
fold2_room1_mix0126,23,0,0,179,0,207.42
fold2_room1_mix0126,24,0,0,179,0,207.92
fold2_room1_mix0126,25,0,0,179,0,208.75
fold2_room1_mix0126,26,0,0,179,0,209.59
fold2_room1_mix0126,27,0,0,179,0,210.79
fold2_room1_mix0126,28,0,0,179,0,212.74
fold2_room1_mix0126,29,0,0,179,0,214.74
fold2_room1_mix0126,30,0,0,179,0,216.13
fold2_room1_mix0126,31,0,0,179,0,215.00
fold2_room1_mix0126,32,0,0,179,0,213.61
fold2_room1_mix0126,33,0,0,179,0,212.42
fold2_room1_mix0126,34,0,0,179,0,213.02
fold2_room1_mix0126,35,0,0,-179,0,214.05
fold2_room1_mix0126,36,0,0,-179,0,215.18
fold2_room1_mix0126,37,0,0,-179,0,219.01
fold2_room1_mix0126,38,0,0,-179,0,224.26
fold2_room1_mix0126,39,0,0,-179,0,229.64
fold2_room1_mix0126,40,0,0,-179,0,234.51
fold2_room1_mix0126,41,0,0,-179,0,238.85
fold2_room1_mix0126,42,0,0,-179,0,243.27
fold2_room1_mix0126,43,0,0,-179,0,245.71
fold2_room1_mix0126,44,0,0,-179,0,243.92
fold2_room1_mix0126,45,0,0,-179,0,242.02
fold2_room1_mix0126,46,0,0,-179,0,241.09
fold2_room1_mix0126,46,4,0,-7,-1,3.55
fold2_room1_mix0126,47,0,0,-179,0,244.10
fold2_room1_mix0126,47,4,0,-7,-1,4.70
fold2_room1_mix0126,48,0,0,-179,0,247.59
fold2_room1_mix0126,48,4,0,-8,-1,6.09
fold2_room1_mix0126,49,0,0,-179,0,251.02
fold2_room1_mix0126,49,4,0,-9,-1,7.69
fold2_room1_mix0126,50,0,0,-179,0,253.53
fold2_room1_mix0126,50,4,0,-11,-1,8.32
fold2_room1_mix0126,51,0,0,-179,0,255.82
fold2_room1_mix0126,51,4,0,-12,-2,8.69
fold2_room1_mix0126,52,0,0,-179,0,258.26
fold2_room1_mix0126,52,4,0,-14,-2,9.05
fold2_room1_mix0126,53,0,0,-179,0,265.08
fold2_room1_mix0126,53,4,0,-17,-2,8.74
fold2_room1_mix0126,54,0,0,-179,0,274.29
fold2_room1_mix0126,54,4,0,-20,-3,8.14
fold2_room1_mix0126,55,0,0,-179,0,283.81
fold2_room1_mix0126,55,4,0,-23,-3,7.58
fold2_room1_mix0126,56,0,0,-179,0,291.47
fold2_room1_mix0126,56,4,0,-26,-4,6.62
fold2_room1_mix0126,57,0,0,-179,0,297.10
fold2_room1_mix0126,57,4,0,-31,-4,5.40
fold2_room1_mix0126,58,0,0,-179,0,302.84
fold2_room1_mix0126,58,4,0,-35,-5,4.38
fold2_room1_mix0126,59,0,0,-179,0,306.58
fold2_room1_mix0126,59,4,0,-42,-5,3.57
fold2_room1_mix0126,60,0,0,-179,0,306.00
fold2_room1_mix0126,60,4,0,-54,-7,2.97
fold2_room1_mix0126,61,0,0,-179,0,305.30
fold2_room1_mix0126,61,4,0,-69,-10,2.45
fold2_room1_mix0126,62,0,0,-179,0,304.49
fold2_room1_mix0126,62,4,0,-86,-12,2.15
fold2_room1_mix0126,63,0,0,-179,0,303.25
fold2_room1_mix0126,63,4,0,-106,-10,2.48
fold2_room1_mix0126,64,0,0,-179,0,301.98
fold2_room1_mix0126,64,4,0,-123,-8,2.92
fold2_room1_mix0126,65,0,0,-179,0,300.65
fold2_room1_mix0126,65,4,0,-137,-7,3.42
fold2_room1_mix0126,66,0,0,-179,0,298.76
fold2_room1_mix0126,66,4,0,-144,-6,3.96
fold2_room1_mix0126,67,0,0,-179,0,296.75
fold2_room1_mix0126,67,4,0,-150,-5,4.56
fold2_room1_mix0126,68,0,0,-179,0,294.73
fold2_room1_mix0126,68,4,0,-156,-4,5.23
fold2_room1_mix0126,69,0,0,-178,0,292.06
fold2_room1_mix0126,69,4,0,-159,-4,5.89
fold2_room1_mix0126,70,0,0,-178,0,289.09
fold2_room1_mix0126,70,4,0,-162,-3,6.57
fold2_room1_mix0126,71,0,0,-178,0,286.16
fold2_room1_mix0126,71,4,0,-164,-3,7.31
fold2_room1_mix0126,72,0,0,-178,0,287.74
fold2_room1_mix0126,72,4,0,-166,-3,8.21
fold2_room1_mix0126,73,0,0,-178,0,293.90
fold2_room1_mix0126,73,4,0,-167,-2,9.29
fold2_room1_mix0126,74,0,0,-179,0,300.19
fold2_room1_mix0126,74,4,0,-168,-2,10.50
fold2_room1_mix0126,75,0,0,-179,0,304.82
fold2_room1_mix0126,75,4,0,-169,-2,11.14
fold2_room1_mix0126,76,0,0,-179,0,305.78
fold2_room1_mix0126,76,4,0,-171,-2,10.37
fold2_room1_mix0126,77,0,0,-179,0,306.63
fold2_room1_mix0126,77,4,0,-172,-2,9.62
fold2_room1_mix0126,78,0,0,-179,0,307.20
fold2_room1_mix0126,78,4,0,-173,-1,9.16
fold2_room1_mix0126,79,0,0,-179,0,306.63
fold2_room1_mix0126,79,4,0,-173,-1,9.78
fold2_room1_mix0126,80,0,0,-179,0,305.94
fold2_room1_mix0126,80,4,0,-173,-1,10.55
fold2_room1_mix0126,81,0,0,-179,0,305.48
fold2_room1_mix0126,81,4,0,-173,-1,10.59
fold2_room1_mix0126,82,0,0,-179,0,307.08
fold2_room1_mix0126,82,4,0,-174,-1,5.31
fold2_room1_mix0126,83,0,0,-179,0,309.19
fold2_room1_mix0126,83,4,0,-177,-1,1.96
fold2_room1_mix0126,84,0,0,-179,0,311.32
fold2_room1_mix0126,85,0,0,-179,0,313.76
fold2_room1_mix0126,86,0,0,-179,0,316.36
fold2_room1_mix0126,87,0,0,-179,0,318.99
fold2_room1_mix0126,88,0,0,-179,0,320.60
fold2_room1_mix0126,89,0,0,-179,0,321.16
fold2_room1_mix0126,90,0,0,-179,0,321.73
fold2_room1_mix0126,91,0,0,-179,0,323.84
fold2_room1_mix0126,92,0,0,-179,0,329.18
fold2_room1_mix0126,93,0,0,-179,0,334.70
fold2_room1_mix0126,94,0,0,-179,0,338.80
fold2_room1_mix0126,95,0,0,-179,0,336.71
fold2_room1_mix0126,96,0,0,-179,0,333.98
fold2_room1_mix0126,97,0,0,-179,0,330.10
fold2_room1_mix0126,98,0,0,-179,0,315.78
fold2_room1_mix0126,99,0,0,-179,0,299.69
fold2_room1_mix0136,0,2,0,45,-2,12.98
fold2_room1_mix0136,1,2,0,45,-2,12.82
fold2_room1_mix0136,2,2,0,46,-2,11.31
fold2_room1_mix0136,3,2,0,46,-2,9.69
fold2_room1_mix0136,4,2,0,47,-2,8.13
fold2_room1_mix0136,5,2,0,47,-2,3.58
fold2_room1_mix0136,10,2,0,48,-2,6.92
fold2_room1_mix0136,11,2,0,47,-2,15.31
fold2_room1_mix0136,12,2,0,48,-2,12.41
fold2_room1_mix0136,12,4,0,177,0,2.32
fold2_room1_mix0136,13,2,0,48,-2,9.72
fold2_room1_mix0136,13,4,0,178,0,11.56
fold2_room1_mix0136,14,2,0,49,-2,6.54
fold2_room1_mix0136,14,4,0,177,0,35.08
fold2_room1_mix0136,15,4,0,177,0,32.51
fold2_room1_mix0136,16,4,0,177,0,26.56
fold2_room1_mix0136,17,4,0,177,-1,22.04
fold2_room1_mix0136,18,4,0,177,-1,21.51
fold2_room1_mix0136,19,2,0,55,-2,2.92
fold2_room1_mix0136,19,4,0,177,-1,21.84
fold2_room1_mix0136,20,2,0,52,-2,10.99
fold2_room1_mix0136,20,4,0,178,-1,22.16
fold2_room1_mix0136,21,2,0,51,-2,13.90
fold2_room1_mix0136,21,4,0,178,-1,21.80
fold2_room1_mix0136,22,2,0,52,-2,10.96
fold2_room1_mix0136,22,4,0,178,-1,21.12
fold2_room1_mix0136,23,2,0,53,-2,8.60
fold2_room1_mix0136,23,4,0,177,-1,20.47
fold2_room1_mix0136,24,2,0,54,-2,4.44
fold2_room1_mix0136,24,4,0,177,-1,19.71
fold2_room1_mix0136,25,4,0,177,-1,18.85
fold2_room1_mix0136,26,4,0,176,-1,18.03
fold2_room1_mix0136,27,4,0,176,-1,17.18
fold2_room1_mix0136,28,4,0,176,-1,16.22
fold2_room1_mix0136,29,2,0,62,-2,4.60
fold2_room1_mix0136,29,4,0,176,-1,15.31
fold2_room1_mix0136,30,2,0,58,-3,12.13
fold2_room1_mix0136,30,4,0,176,-1,14.47
fold2_room1_mix0136,31,2,0,58,-3,10.70
fold2_room1_mix0136,31,4,0,177,-1,13.71
fold2_room1_mix0136,32,2,0,60,-3,8.39
fold2_room1_mix0136,32,4,0,177,-1,13.00
fold2_room1_mix0136,33,2,0,61,-3,6.19
fold2_room1_mix0136,33,4,0,177,-1,12.29
fold2_room1_mix0136,34,2,0,62,-2,2.57
fold2_room1_mix0136,34,4,0,176,-1,11.36
fold2_room1_mix0136,35,4,0,175,-2,10.44
fold2_room1_mix0136,36,4,0,175,-2,9.59
fold2_room1_mix0136,37,4,0,174,-2,8.96
fold2_room1_mix0136,38,2,0,81,-2,2.49
fold2_room1_mix0136,38,4,0,174,-3,8.47
fold2_room1_mix0136,39,2,0,75,-3,9.25
fold2_room1_mix0136,39,4,0,173,-3,8.06
fold2_room1_mix0136,40,2,0,73,-3,14.29
fold2_room1_mix0136,40,4,0,172,-4,7.55
fold2_room1_mix0136,41,2,0,74,-3,10.56
fold2_room1_mix0136,41,4,0,171,-5,7.09
fold2_room1_mix0136,42,2,0,75,-3,7.74
fold2_room1_mix0136,42,4,0,170,-6,6.86
fold2_room1_mix0136,43,2,0,76,-2,4.63
fold2_room1_mix0136,43,4,0,162,-11,1.73
fold2_room1_mix0136,43,4,0,178,-3,15.60
fold2_room1_mix0136,44,4,0,159,-12,5.15
fold2_room1_mix0136,45,4,0,141,-20,1.36
fold2_room1_mix0136,45,4,0,162,-11,9.73
fold2_room1_mix0136,46,1,0,-21,-2,7.33
fold2_room1_mix0136,46,4,0,87,-29,0.76
fold2_room1_mix0136,46,4,0,124,-29,1.81
fold2_room1_mix0136,46,4,0,154,-14,8.15
fold2_room1_mix0136,47,1,0,-18,-1,11.52
fold2_room1_mix0136,47,2,0,86,-1,0.84
fold2_room1_mix0136,47,4,0,35,-20,1.63
fold2_room1_mix0136,48,1,0,-18,-1,17.10
fold2_room1_mix0136,48,2,0,83,-2,4.15
fold2_room1_mix0136,48,4,0,16,-12,4.86
fold2_room1_mix0136,49,1,0,-19,-1,24.16
fold2_room1_mix0136,49,2,0,79,-3,11.95
fold2_room1_mix0136,49,4,0,4,-7,5.72
fold2_room1_mix0136,50,1,0,-19,-1,23.36
fold2_room1_mix0136,50,2,0,79,-3,11.05
fold2_room1_mix0136,50,4,0,2,-5,6.34
fold2_room1_mix0136,51,1,0,-18,-1,20.59
fold2_room1_mix0136,51,2,0,80,-3,7.80
fold2_room1_mix0136,51,4,0,2,-4,6.97
fold2_room1_mix0136,52,1,0,-17,-1,18.22
fold2_room1_mix0136,52,2,0,80,-3,5.38
fold2_room1_mix0136,52,4,0,3,-2,7.70
fold2_room1_mix0136,53,1,0,-20,-1,18.55
fold2_room1_mix0136,53,4,0,2,-2,6.13
fold2_room1_mix0136,54,1,0,-24,-1,20.22
fold2_room1_mix0136,54,4,0,3,-2,7.38
fold2_room1_mix0136,55,1,0,-28,-2,22.03
fold2_room1_mix0136,55,4,0,3,-2,8.86
fold2_room1_mix0136,55,4,0,-179,-2,15.24
fold2_room1_mix0136,56,1,0,-27,-1,14.44
fold2_room1_mix0136,56,4,0,4,-2,9.78
fold2_room1_mix0136,56,4,0,-178,-1,15.46
fold2_room1_mix0136,57,1,0,-23,-1,5.39
fold2_room1_mix0136,57,2,0,93,-2,1.79
fold2_room1_mix0136,57,4,0,4,-2,9.92
fold2_room1_mix0136,57,4,0,-178,0,15.03
fold2_room1_mix0136,58,2,0,94,-3,6.74
fold2_room1_mix0136,58,4,0,4,-2,10.06
fold2_room1_mix0136,58,4,0,-177,0,14.62
fold2_room1_mix0136,59,2,0,94,-3,13.32
fold2_room1_mix0136,59,4,0,4,-2,10.38
fold2_room1_mix0136,59,4,0,-177,0,14.18
fold2_room1_mix0136,60,2,0,94,-3,10.54
fold2_room1_mix0136,60,4,0,4,-1,11.07
fold2_room1_mix0136,60,4,0,-177,0,13.68
fold2_room1_mix0136,61,2,0,93,-3,8.07
fold2_room1_mix0136,61,4,0,3,-1,11.84
fold2_room1_mix0136,61,4,0,-177,-1,13.19
fold2_room1_mix0136,62,2,0,93,-3,5.48
fold2_room1_mix0136,62,4,0,3,-1,12.68
fold2_room1_mix0136,62,4,0,-177,-1,12.71
fold2_room1_mix0136,63,4,0,3,-1,13.62
fold2_room1_mix0136,63,4,0,-177,-1,12.17
fold2_room1_mix0136,64,4,0,3,-1,14.63
fold2_room1_mix0136,64,4,0,-176,-2,11.64
fold2_room1_mix0136,65,4,0,2,-1,15.59
fold2_room1_mix0136,65,4,0,-176,-2,11.11
fold2_room1_mix0136,66,4,0,2,-1,15.40
fold2_room1_mix0136,66,4,0,-175,-2,10.41
fold2_room1_mix0136,67,2,0,105,-2,3.58
fold2_room1_mix0136,67,4,0,5,-1,16.73
fold2_room1_mix0136,67,4,0,-174,-1,9.69
fold2_room1_mix0136,68,2,0,110,-3,11.77
fold2_room1_mix0136,68,4,0,5,-1,16.34
fold2_room1_mix0136,68,4,0,-175,-1,10.85
fold2_room1_mix0136,69,2,0,109,-3,13.14
fold2_room1_mix0136,69,4,0,5,-1,16.59
fold2_room1_mix0136,69,4,0,-173,-1,8.00
fold2_room1_mix0136,70,2,0,107,-3,9.02
fold2_room1_mix0136,70,4,0,2,-1,15.73
fold2_room1_mix0136,70,4,0,-172,-2,6.93
fold2_room1_mix0136,71,2,0,104,-3,6.09
fold2_room1_mix0136,71,4,0,3,-1,16.61
fold2_room1_mix0136,71,4,0,-171,-2,5.98
fold2_room1_mix0136,72,2,0,101,-3,3.06
fold2_room1_mix0136,72,4,0,3,-1,16.85
fold2_room1_mix0136,72,4,0,-169,-3,4.99
fold2_room1_mix0136,73,4,0,4,0,16.46
fold2_room1_mix0136,73,4,0,-165,-5,4.00
fold2_room1_mix0136,74,4,0,5,0,16.09
fold2_room1_mix0136,74,4,0,-161,-6,3.18
fold2_room1_mix0136,75,4,0,0,0,13.94
fold2_room1_mix0136,75,4,0,-153,-8,2.45
fold2_room1_mix0136,76,2,0,113,-1,1.45
fold2_room1_mix0136,76,4,0,-14,-3,9.65
fold2_room1_mix0136,76,4,0,-139,-9,1.79
fold2_room1_mix0136,77,2,0,118,-1,7.32
fold2_room1_mix0136,77,4,0,-16,-3,10.26
fold2_room1_mix0136,77,4,0,-42,-9,3.54
fold2_room1_mix0136,77,4,0,-125,-12,1.26
fold2_room1_mix0136,78,2,0,122,-2,19.37
fold2_room1_mix0136,78,4,0,-24,-5,9.19
fold2_room1_mix0136,78,4,0,-81,-16,1.87
fold2_room1_mix0136,78,4,0,-100,-14,0.97
fold2_room1_mix0136,79,2,0,119,-2,12.14
fold2_room1_mix0136,79,4,0,-15,-3,10.22
fold2_room1_mix0136,79,4,0,-54,-11,1.75
fold2_room1_mix0136,80,2,0,116,-2,6.34
fold2_room1_mix0136,80,4,0,-7,-2,11.62
fold2_room1_mix0136,80,4,0,-34,-7,2.30
fold2_room1_mix0136,81,2,0,113,-3,3.09
fold2_room1_mix0136,81,4,0,-1,-1,13.11
fold2_room1_mix0136,81,4,0,-21,-5,2.94
fold2_room1_mix0136,82,4,0,0,0,13.97
fold2_room1_mix0136,82,4,0,-17,-4,3.67
fold2_room1_mix0136,83,4,0,0,0,14.68
fold2_room1_mix0136,83,4,0,-15,-4,4.51
fold2_room1_mix0136,84,4,0,-8,-2,8.78
fold2_room1_mix0136,85,4,0,-7,-2,9.09
fold2_room1_mix0136,86,2,0,123,-2,2.72
fold2_room1_mix0136,86,4,0,-7,-2,9.19
fold2_room1_mix0136,87,2,0,126,-2,10.65
fold2_room1_mix0136,87,4,0,-7,-1,9.41
fold2_room1_mix0136,88,2,0,126,-3,15.53
fold2_room1_mix0136,88,4,0,-6,-1,9.90
fold2_room1_mix0136,89,2,0,125,-2,9.64
fold2_room1_mix0136,89,4,0,-5,-1,10.57
fold2_room1_mix0136,90,2,0,123,-3,5.85
fold2_room1_mix0136,90,4,0,-5,-1,11.29
fold2_room1_mix0136,91,2,0,121,-3,3.02
fold2_room1_mix0136,91,4,0,-4,-1,12.10
fold2_room1_mix0136,92,4,0,-4,-1,13.04
fold2_room1_mix0136,93,4,0,-3,-1,14.04
fold2_room1_mix0136,94,4,0,-2,-1,15.08
fold2_room1_mix0136,95,4,0,-2,-1,16.03
fold2_room1_mix0136,96,2,0,125,-2,4.78
fold2_room1_mix0136,96,4,0,-2,0,17.02
fold2_room1_mix0136,97,2,0,127,-2,15.56
fold2_room1_mix0136,97,4,0,-2,0,17.99
fold2_room1_mix0136,98,2,0,128,-2,14.82
fold2_room1_mix0136,98,4,0,-2,0,18.35
fold2_room1_mix0136,99,2,0,127,-2,10.57
fold2_room1_mix0136,99,4,0,-2,0,18.55
fold2_room1_mix0151,0,0,0,-10,0,67.95
fold2_room1_mix0151,1,0,0,-10,0,67.72
fold2_room1_mix0151,2,0,0,-10,0,65.41
fold2_room1_mix0151,3,0,0,-11,0,62.70
fold2_room1_mix0151,4,0,0,-12,0,60.12
fold2_room1_mix0151,5,0,0,-12,0,58.14
fold2_room1_mix0151,6,0,0,-12,0,56.45
fold2_room1_mix0151,7,0,0,-12,0,54.81
fold2_room1_mix0151,8,0,0,-12,0,53.73
fold2_room1_mix0151,9,0,0,-12,0,53.20
fold2_room1_mix0151,10,0,0,-12,0,52.67
fold2_room1_mix0151,11,0,0,-12,0,51.72
fold2_room1_mix0151,12,0,0,-13,0,49.95
fold2_room1_mix0151,13,0,0,-13,0,48.22
fold2_room1_mix0151,14,0,0,-13,0,46.79
fold2_room1_mix0151,15,0,0,-13,0,46.38
fold2_room1_mix0151,16,0,0,-14,0,46.08
fold2_room1_mix0151,17,0,0,-14,0,45.73
fold2_room1_mix0151,18,0,0,-14,0,44.84
fold2_room1_mix0151,19,0,0,-14,0,43.84
fold2_room1_mix0151,20,0,0,-14,0,42.88
fold2_room1_mix0151,21,0,0,-14,0,42.45
fold2_room1_mix0151,21,4,0,0,-1,4.70
fold2_room1_mix0151,22,0,0,-14,0,42.28
fold2_room1_mix0151,22,4,0,0,-1,9.13
fold2_room1_mix0151,23,0,0,-14,0,42.11
fold2_room1_mix0151,23,4,0,0,-1,17.01
fold2_room1_mix0151,24,0,0,-14,0,41.80
fold2_room1_mix0151,24,4,0,0,-1,22.07
fold2_room1_mix0151,25,0,0,-14,0,41.36
fold2_room1_mix0151,25,4,0,0,-1,20.30
fold2_room1_mix0151,26,0,0,-14,0,40.93
fold2_room1_mix0151,26,4,0,0,-1,18.68
fold2_room1_mix0151,27,0,0,-14,0,40.40
fold2_room1_mix0151,27,4,0,0,-1,17.58
fold2_room1_mix0151,28,0,0,-15,0,39.68
fold2_room1_mix0151,28,4,0,-2,-1,16.30
fold2_room1_mix0151,29,0,0,-16,0,38.96
fold2_room1_mix0151,29,4,0,-2,-1,16.12
fold2_room1_mix0151,29,4,0,175,-1,19.06
fold2_room1_mix0151,30,0,0,-16,0,38.19
fold2_room1_mix0151,30,4,0,-2,-1,15.99
fold2_room1_mix0151,30,4,0,176,-1,18.92
fold2_room1_mix0151,31,0,0,-17,0,37.15
fold2_room1_mix0151,31,4,0,-2,-1,16.02
fold2_room1_mix0151,31,4,0,175,-1,19.50
fold2_room1_mix0151,32,0,0,-18,0,36.10
fold2_room1_mix0151,32,4,0,-3,-1,16.08
fold2_room1_mix0151,32,4,0,175,-1,20.18
fold2_room1_mix0151,33,0,0,-18,0,35.17
fold2_room1_mix0151,33,4,0,-3,-2,16.06
fold2_room1_mix0151,33,4,0,174,-1,20.77
fold2_room1_mix0151,34,0,0,-18,-1,35.01
fold2_room1_mix0151,34,4,0,-3,-2,15.33
fold2_room1_mix0151,34,4,0,174,-1,20.28
fold2_room1_mix0151,35,0,0,-18,-1,35.04
fold2_room1_mix0151,35,4,0,-3,-2,14.47
fold2_room1_mix0151,35,4,0,174,-1,19.56
fold2_room1_mix0151,36,0,0,-18,-1,35.04
fold2_room1_mix0151,36,4,0,-3,-1,13.65
fold2_room1_mix0151,36,4,0,174,-1,18.87
fold2_room1_mix0151,37,0,0,-19,-1,34.13
fold2_room1_mix0151,37,4,0,-3,-2,12.79
fold2_room1_mix0151,37,4,0,174,-1,18.23
fold2_room1_mix0151,38,0,0,-19,-1,32.82
fold2_room1_mix0151,38,4,0,-3,-2,11.92
fold2_room1_mix0151,38,4,0,173,-1,17.62
fold2_room1_mix0151,39,0,0,-19,-1,31.56
fold2_room1_mix0151,39,4,0,-2,-2,11.12
fold2_room1_mix0151,39,4,0,172,-2,17.04
fold2_room1_mix0151,40,0,0,-19,-1,30.83
fold2_room1_mix0151,40,4,0,-3,-3,10.12
fold2_room1_mix0151,40,4,0,172,-2,16.37
fold2_room1_mix0151,41,0,0,-19,-1,30.60
fold2_room1_mix0151,41,4,0,-4,-3,8.99
fold2_room1_mix0151,41,4,0,173,-2,15.62
fold2_room1_mix0151,42,0,0,-19,-1,30.37
fold2_room1_mix0151,42,4,0,-6,-3,7.97
fold2_room1_mix0151,42,4,0,173,-2,14.90
fold2_room1_mix0151,43,0,0,-20,-1,29.94
fold2_room1_mix0151,43,4,0,-7,-3,7.01
fold2_room1_mix0151,43,4,0,174,-2,14.24
fold2_room1_mix0151,44,0,0,-21,-1,29.12
fold2_room1_mix0151,44,4,0,-8,-3,6.05
fold2_room1_mix0151,44,4,0,173,-2,13.64
fold2_room1_mix0151,45,0,0,-22,-1,28.30
fold2_room1_mix0151,45,4,0,-9,-4,5.20
fold2_room1_mix0151,45,4,0,173,-2,13.06
fold2_room1_mix0151,46,0,0,-23,-1,27.47
fold2_room1_mix0151,46,4,0,-11,-5,4.36
fold2_room1_mix0151,46,4,0,172,-2,12.44
fold2_room1_mix0151,47,0,0,-25,-1,26.49
fold2_room1_mix0151,47,4,0,-17,-7,3.33
fold2_room1_mix0151,47,4,0,172,-2,11.57
fold2_room1_mix0151,48,0,0,-26,-1,25.53
fold2_room1_mix0151,48,4,0,-23,-10,2.47
fold2_room1_mix0151,48,4,0,172,-2,10.72
fold2_room1_mix0151,49,0,0,-27,-1,24.51
fold2_room1_mix0151,49,4,0,-31,-13,1.84
fold2_room1_mix0151,49,4,0,171,-2,9.95
fold2_room1_mix0151,50,0,0,-29,-1,22.74
fold2_room1_mix0151,50,4,0,-50,-17,1.79
fold2_room1_mix0151,50,4,0,166,-1,9.35
fold2_room1_mix0151,51,0,0,-30,-1,20.93
fold2_room1_mix0151,51,4,0,-97,-18,1.86
fold2_room1_mix0151,51,4,0,161,-1,8.81
fold2_room1_mix0151,52,0,0,-32,-1,19.29
fold2_room1_mix0151,52,4,0,-129,-13,1.95
fold2_room1_mix0151,52,4,0,157,-1,8.28
fold2_room1_mix0151,53,0,0,-33,-1,18.94
fold2_room1_mix0151,53,4,0,-144,-11,2.45
fold2_room1_mix0151,53,4,0,162,-2,7.07
fold2_room1_mix0151,54,0,0,-35,-1,19.17
fold2_room1_mix0151,54,4,0,-174,-7,4.10
fold2_room1_mix0151,55,0,0,-37,-1,19.41
fold2_room1_mix0151,55,4,0,162,-6,4.32
fold2_room1_mix0151,55,4,0,-170,-5,4.62
fold2_room1_mix0151,56,0,0,-39,-1,18.76
fold2_room1_mix0151,56,4,0,146,-5,4.56
fold2_room1_mix0151,56,4,0,-166,-5,4.41
fold2_room1_mix0151,57,0,0,-41,-1,17.30
fold2_room1_mix0151,57,4,0,136,-7,3.87
fold2_room1_mix0151,57,4,0,-170,-4,5.01
fold2_room1_mix0151,58,0,0,-43,-1,15.95
fold2_room1_mix0151,58,4,0,127,-9,3.27
fold2_room1_mix0151,58,4,0,-174,-3,5.68
fold2_room1_mix0151,59,0,0,-46,-2,14.82
fold2_room1_mix0151,59,4,0,111,-10,3.52
fold2_room1_mix0151,59,4,0,126,-11,2.17
fold2_room1_mix0151,59,4,0,-176,-2,6.32
fold2_room1_mix0151,60,0,0,-48,-2,14.01
fold2_room1_mix0151,60,4,0,97,-11,3.21
fold2_room1_mix0151,60,4,0,116,-12,2.09
fold2_room1_mix0151,60,4,0,-176,-1,6.81
fold2_room1_mix0151,61,0,0,-50,-2,13.25
fold2_room1_mix0151,61,4,0,81,-12,2.92
fold2_room1_mix0151,61,4,0,100,-13,2.03
fold2_room1_mix0151,61,4,0,-176,-1,7.31
fold2_room1_mix0151,62,0,0,-52,-2,12.51
fold2_room1_mix0151,62,4,0,67,-11,2.75
fold2_room1_mix0151,62,4,0,83,-13,2.03
fold2_room1_mix0151,62,4,0,-176,-1,7.79
fold2_room1_mix0151,63,0,0,-54,-2,11.76
fold2_room1_mix0151,63,4,0,63,-11,2.63
fold2_room1_mix0151,63,4,0,-178,-2,8.04
fold2_room1_mix0151,64,0,0,-57,-2,11.04
fold2_room1_mix0151,64,4,0,53,-9,2.94
fold2_room1_mix0151,64,4,0,178,-2,8.27
fold2_room1_mix0151,65,0,0,-61,-2,10.41
fold2_room1_mix0151,65,4,0,43,-8,3.28
fold2_room1_mix0151,65,4,0,176,-3,8.52
fold2_room1_mix0151,66,0,0,-65,-3,10.32
fold2_room1_mix0151,66,4,0,34,-7,3.77
fold2_room1_mix0151,66,4,0,176,-2,9.02
fold2_room1_mix0151,67,0,0,-69,-3,10.34
fold2_room1_mix0151,67,4,0,28,-6,4.35
fold2_room1_mix0151,67,4,0,177,-2,9.60
fold2_room1_mix0151,68,0,0,-74,-3,10.37
fold2_room1_mix0151,68,4,0,22,-5,4.99
fold2_room1_mix0151,68,4,0,178,-2,10.22
fold2_room1_mix0151,69,0,0,-77,-3,10.29
fold2_room1_mix0151,69,4,0,19,-4,5.40
fold2_room1_mix0151,69,4,0,179,-2,10.65
fold2_room1_mix0151,70,0,0,-80,-3,10.17
fold2_room1_mix0151,70,4,0,18,-4,5.69
fold2_room1_mix0151,70,4,0,179,-2,10.99
fold2_room1_mix0151,71,0,0,-83,-3,10.05
fold2_room1_mix0151,71,4,0,17,-4,5.99
fold2_room1_mix0151,71,4,0,179,-2,11.34
fold2_room1_mix0151,72,0,0,-86,-3,10.13
fold2_room1_mix0151,72,4,0,16,-4,6.35
fold2_room1_mix0151,72,4,0,178,-2,11.81
fold2_room1_mix0151,73,0,0,-88,-3,10.41
fold2_room1_mix0151,73,4,0,15,-4,6.79
fold2_room1_mix0151,73,4,0,178,-2,12.42
fold2_room1_mix0151,74,0,0,-91,-3,10.69
fold2_room1_mix0151,74,4,0,15,-4,7.26
fold2_room1_mix0151,74,4,0,177,-1,13.05
fold2_room1_mix0151,75,0,0,-93,-3,10.95
fold2_room1_mix0151,75,4,0,14,-4,7.56
fold2_room1_mix0151,75,4,0,177,-1,13.44
fold2_room1_mix0151,76,0,0,-96,-3,11.14
fold2_room1_mix0151,76,4,0,12,-3,7.46
fold2_room1_mix0151,76,4,0,177,-1,13.30
fold2_room1_mix0151,77,0,0,-99,-3,11.34
fold2_room1_mix0151,77,4,0,11,-3,7.36
fold2_room1_mix0151,77,4,0,177,-1,13.14
fold2_room1_mix0151,78,0,0,-102,-3,11.54
fold2_room1_mix0151,78,4,0,9,-3,7.24
fold2_room1_mix0151,78,4,0,178,-1,13.10
fold2_room1_mix0151,79,0,0,-107,-3,11.74
fold2_room1_mix0151,79,4,0,8,-2,7.05
fold2_room1_mix0151,79,4,0,179,-1,13.59
fold2_room1_mix0151,80,0,0,-112,-3,11.96
fold2_room1_mix0151,80,4,0,6,-2,6.86
fold2_room1_mix0151,80,4,0,-179,-1,14.15
fold2_room1_mix0151,81,0,0,-117,-3,12.17
fold2_room1_mix0151,81,4,0,4,-2,6.58
fold2_room1_mix0151,81,4,0,-177,0,14.55
fold2_room1_mix0151,82,0,0,-120,-2,12.36
fold2_room1_mix0151,82,4,0,7,-3,6.89
fold2_room1_mix0151,82,4,0,-17,-4,4.25
fold2_room1_mix0151,82,4,0,-172,-2,13.29
fold2_room1_mix0151,83,0,0,-122,-2,12.55
fold2_room1_mix0151,83,4,0,4,-4,6.69
fold2_room1_mix0151,83,4,0,-33,-8,2.68
fold2_room1_mix0151,83,4,0,-166,-4,11.80
fold2_room1_mix0151,84,0,0,-124,-2,12.75
fold2_room1_mix0151,84,4,0,2,-5,6.51
fold2_room1_mix0151,84,4,0,-44,-12,1.59
fold2_room1_mix0151,84,4,0,-158,-7,10.52
fold2_room1_mix0151,85,0,0,-128,-2,13.25
fold2_room1_mix0151,85,4,0,0,-5,6.80
fold2_room1_mix0151,85,4,0,-58,-15,1.28
fold2_room1_mix0151,85,4,0,-164,-6,11.57
fold2_room1_mix0151,86,0,0,-132,-2,13.92
fold2_room1_mix0151,86,4,0,0,-4,7.36
fold2_room1_mix0151,86,4,0,-98,-16,1.23
fold2_room1_mix0151,86,4,0,-174,-3,14.05
fold2_room1_mix0151,87,0,0,-135,-2,14.63
fold2_room1_mix0151,87,4,0,-2,-3,7.95
fold2_room1_mix0151,87,4,0,-131,-12,1.19
fold2_room1_mix0151,87,4,0,177,-1,17.02
fold2_room1_mix0151,88,0,0,-139,-2,15.74
fold2_room1_mix0151,88,4,0,-2,-3,8.59
fold2_room1_mix0151,88,4,0,-142,-9,1.51
fold2_room1_mix0151,88,4,0,174,0,18.00
fold2_room1_mix0151,89,0,0,-142,-1,17.33
fold2_room1_mix0151,89,4,0,1,-2,9.30
fold2_room1_mix0151,89,4,0,-150,-7,2.40
fold2_room1_mix0151,89,4,0,175,-1,16.65
fold2_room1_mix0151,90,0,0,-146,-1,19.07
fold2_room1_mix0151,90,4,0,5,-2,10.05
fold2_room1_mix0151,90,4,0,-160,-5,3.60
fold2_room1_mix0151,90,4,0,176,-1,15.39
fold2_room1_mix0151,91,0,0,-149,-1,20.35
fold2_room1_mix0151,91,4,0,7,-2,10.91
fold2_room1_mix0151,91,4,0,-175,-2,9.81
fold2_room1_mix0151,92,0,0,-150,-1,20.41
fold2_room1_mix0151,92,4,0,6,-2,11.93
fold2_room1_mix0151,92,4,0,-176,-2,10.50
fold2_room1_mix0151,93,0,0,-151,-1,20.43
fold2_room1_mix0151,93,4,0,6,-2,13.05
fold2_room1_mix0151,93,4,0,-176,-2,11.38
fold2_room1_mix0151,94,0,0,-152,-1,20.55
fold2_room1_mix0151,94,4,0,5,-2,14.03
fold2_room1_mix0151,94,4,0,-177,-2,12.26
fold2_room1_mix0151,95,0,0,-152,-1,21.12
fold2_room1_mix0151,95,4,0,6,-2,14.15
fold2_room1_mix0151,95,4,0,-178,-2,12.46
fold2_room1_mix0151,96,0,0,-152,-1,21.77
fold2_room1_mix0151,96,4,0,7,-3,14.16
fold2_room1_mix0151,96,4,0,-179,-2,12.60
fold2_room1_mix0151,97,0,0,-152,-1,22.32
fold2_room1_mix0151,97,4,0,11,-3,14.19
fold2_room1_mix0151,97,4,0,179,-1,12.78
fold2_room1_mix0151,98,0,0,-153,-1,21.91
fold2_room1_mix0151,98,4,0,178,-1,13.16
fold2_room1_mix0151,99,0,0,-155,-1,21.29
fold2_room1_mix0151,99,4,0,178,-1,13.59
fold2_room1_mix0159,46,4,0,22,-1,7.30
fold2_room1_mix0159,47,4,0,19,-1,11.84
fold2_room1_mix0159,48,4,0,21,-1,19.15
fold2_room1_mix0159,49,4,0,24,-1,29.04
fold2_room1_mix0159,50,4,0,25,-1,26.78
fold2_room1_mix0159,51,4,0,25,-1,21.87
fold2_room1_mix0159,52,4,0,26,-1,17.90
fold2_room1_mix0159,53,4,0,27,-1,16.69
fold2_room1_mix0159,54,4,0,29,-1,16.59
fold2_room1_mix0159,55,4,0,30,-1,16.49
fold2_room1_mix0159,56,4,0,32,-1,16.13
fold2_room1_mix0159,57,4,0,33,-1,15.54
fold2_room1_mix0159,58,4,0,35,-2,14.97
fold2_room1_mix0159,59,4,0,37,-2,14.39
fold2_room1_mix0159,60,4,0,39,-2,13.77
fold2_room1_mix0159,61,4,0,41,-2,13.18
fold2_room1_mix0159,62,4,0,43,-2,12.60
fold2_room1_mix0159,63,4,0,45,-2,12.00
fold2_room1_mix0159,64,4,0,47,-2,11.43
fold2_room1_mix0159,65,4,0,50,-2,10.88
fold2_room1_mix0159,66,4,0,53,-2,10.32
fold2_room1_mix0159,67,4,0,57,-3,9.78
fold2_room1_mix0159,68,4,0,61,-3,9.27
fold2_room1_mix0159,69,4,0,65,-3,8.91
fold2_room1_mix0159,70,4,0,69,-3,8.62
fold2_room1_mix0159,71,4,0,74,-3,8.34
fold2_room1_mix0159,72,4,0,78,-3,8.21
fold2_room1_mix0159,73,4,0,84,-3,8.21
fold2_room1_mix0159,74,4,0,90,-3,8.21
fold2_room1_mix0159,75,4,0,95,-3,8.26
fold2_room1_mix0159,76,4,0,100,-3,8.40
fold2_room1_mix0159,77,4,0,104,-3,8.54
fold2_room1_mix0159,78,4,0,109,-2,8.74
fold2_room1_mix0159,79,4,0,113,-2,9.16
fold2_room1_mix0159,80,4,0,118,-2,9.63
fold2_room1_mix0159,81,4,0,122,-2,10.12
fold2_room1_mix0159,82,4,0,125,-2,10.65
fold2_room1_mix0159,83,4,0,128,-2,11.20
fold2_room1_mix0159,84,4,0,132,-2,11.77
fold2_room1_mix0159,85,4,0,134,-2,12.23
fold2_room1_mix0159,86,4,0,136,-2,12.63
fold2_room1_mix0159,87,4,0,138,-2,13.05
fold2_room1_mix0159,88,4,0,140,-2,13.56
fold2_room1_mix0159,89,4,0,142,-2,14.17
fold2_room1_mix0159,90,4,0,144,-2,14.80
fold2_room1_mix0159,91,4,0,146,-1,15.48
fold2_room1_mix0159,92,4,0,148,-1,16.23
fold2_room1_mix0159,93,4,0,150,-1,17.02
fold2_room1_mix0159,94,4,0,151,-1,17.86
fold2_room1_mix0159,95,4,0,152,-1,18.80
fold2_room1_mix0159,96,4,0,153,-1,19.80
fold2_room1_mix0159,97,4,0,154,-1,20.75
fold2_room1_mix0159,98,4,0,155,-1,20.87
fold2_room1_mix0159,99,4,0,155,-1,20.78
fold2_room1_mix0159,45,4,0,25,-1,5.17
fold2_room1_mix0167,1,4,0,-18,-1,7.27
fold2_room1_mix0167,2,4,0,-12,0,11.87
fold2_room1_mix0167,3,4,0,-15,0,20.90
fold2_room1_mix0167,4,4,0,-18,0,35.75
fold2_room1_mix0167,5,4,0,-18,0,38.03
fold2_room1_mix0167,6,4,0,-17,0,32.21
fold2_room1_mix0167,7,4,0,-16,0,27.25
fold2_room1_mix0167,8,4,0,-17,0,25.51
fold2_room1_mix0167,9,4,0,-17,0,26.44
fold2_room1_mix0167,10,4,0,-18,0,27.39
fold2_room1_mix0167,11,4,0,-18,0,27.85
fold2_room1_mix0167,12,4,0,-18,0,27.22
fold2_room1_mix0167,13,4,0,-19,0,26.57
fold2_room1_mix0167,14,4,0,-19,0,25.96
fold2_room1_mix0167,15,4,0,-20,0,25.44
fold2_room1_mix0167,16,4,0,-20,0,24.94
fold2_room1_mix0167,17,4,0,-20,0,24.47
fold2_room1_mix0167,18,4,0,-20,0,24.18
fold2_room1_mix0167,19,4,0,-20,0,23.93
fold2_room1_mix0167,20,4,0,-21,0,23.68
fold2_room1_mix0167,21,4,0,-21,0,23.24
fold2_room1_mix0167,22,4,0,-22,0,22.71
fold2_room1_mix0167,23,4,0,-22,0,22.19
fold2_room1_mix0167,24,4,0,-23,0,21.86
fold2_room1_mix0167,25,4,0,-23,0,21.70
fold2_room1_mix0167,26,4,0,-24,0,21.54
fold2_room1_mix0167,27,4,0,-25,0,21.26
fold2_room1_mix0167,28,4,0,-26,-1,20.74
fold2_room1_mix0167,29,4,0,-27,-1,20.22
fold2_room1_mix0167,30,4,0,-28,-1,19.74
fold2_room1_mix0167,31,4,0,-28,-1,19.37
fold2_room1_mix0167,32,4,0,-29,-1,19.02
fold2_room1_mix0167,33,4,0,-29,-1,18.68
fold2_room1_mix0167,34,4,0,-30,-1,18.39
fold2_room1_mix0167,35,4,0,-30,-1,18.11
fold2_room1_mix0167,36,4,0,-31,-1,17.83
fold2_room1_mix0167,37,4,0,-31,-1,17.65
fold2_room1_mix0167,38,4,0,-31,-1,17.52
fold2_room1_mix0167,39,3,0,26,-2,4.79
fold2_room1_mix0167,39,4,0,-31,-1,17.38
fold2_room1_mix0167,40,3,0,28,-2,8.40
fold2_room1_mix0167,40,4,0,-32,-1,17.14
fold2_room1_mix0167,41,3,0,30,-1,10.39
fold2_room1_mix0167,41,4,0,-34,-1,16.78
fold2_room1_mix0167,42,3,0,32,-1,12.81
fold2_room1_mix0167,42,4,0,-36,-1,16.44
fold2_room1_mix0167,43,3,0,34,-1,14.35
fold2_room1_mix0167,43,4,0,-37,-1,16.05
fold2_room1_mix0167,44,3,0,37,-2,13.27
fold2_room1_mix0167,44,4,0,-38,-1,15.58
fold2_room1_mix0167,45,3,0,41,-2,12.19
fold2_room1_mix0167,45,4,0,-39,-1,15.11
fold2_room1_mix0167,46,3,0,45,-2,9.50
fold2_room1_mix0167,46,4,0,-40,-2,14.72
fold2_room1_mix0167,47,3,0,47,-2,3.54
fold2_room1_mix0167,47,4,0,-41,-1,14.55
fold2_room1_mix0167,48,4,0,-42,-1,14.41
fold2_room1_mix0167,49,4,0,-43,-1,14.25
fold2_room1_mix0167,50,4,0,-43,-1,13.89
fold2_room1_mix0167,51,4,0,-44,-1,13.48
fold2_room1_mix0167,52,4,0,-44,-1,13.09
fold2_room1_mix0167,53,4,0,-45,-1,12.73
fold2_room1_mix0167,54,4,0,-46,-1,12.38
fold2_room1_mix0167,55,4,0,-48,-1,12.05
fold2_room1_mix0167,56,4,0,-49,-1,11.78
fold2_room1_mix0167,57,4,0,-50,-1,11.56
fold2_room1_mix0167,58,4,0,-50,-1,11.34
fold2_room1_mix0167,59,4,0,-51,-1,11.12
fold2_room1_mix0167,60,4,0,-53,-1,10.89
fold2_room1_mix0167,61,4,0,-54,-2,10.66
fold2_room1_mix0167,62,4,0,-56,-2,10.44
fold2_room1_mix0167,63,4,0,-58,-2,10.19
fold2_room1_mix0167,64,4,0,-61,-2,9.94
fold2_room1_mix0167,65,4,0,-63,-2,9.71
fold2_room1_mix0167,66,4,0,-65,-2,9.53
fold2_room1_mix0167,67,4,0,-68,-2,9.36
fold2_room1_mix0167,68,4,0,-70,-2,9.20
fold2_room1_mix0167,69,4,0,-73,-2,9.09
fold2_room1_mix0167,70,4,0,-75,-2,9.01
fold2_room1_mix0167,71,4,0,-78,-2,8.93
fold2_room1_mix0167,72,4,0,-80,-2,8.86
fold2_room1_mix0167,73,4,0,-83,-2,8.81
fold2_room1_mix0167,74,4,0,-86,-2,8.76
fold2_room1_mix0167,75,4,0,-89,-2,8.71
fold2_room1_mix0167,76,4,0,-92,-2,8.64
fold2_room1_mix0167,77,4,0,-95,-2,8.58
fold2_room1_mix0167,78,4,0,-97,-2,8.55
fold2_room1_mix0167,79,4,0,-100,-2,8.68
fold2_room1_mix0167,80,4,0,-102,-2,8.84
fold2_room1_mix0167,81,4,0,-104,-2,8.99
fold2_room1_mix0167,82,4,0,-107,-2,9.15
fold2_room1_mix0167,83,4,0,-109,-2,9.31
fold2_room1_mix0167,84,4,0,-111,-2,9.48
fold2_room1_mix0167,85,4,0,-114,-2,9.66
fold2_room1_mix0167,86,4,0,-116,-2,9.85
fold2_room1_mix0167,87,4,0,-118,-2,10.04
fold2_room1_mix0167,88,4,0,-120,-2,10.30
fold2_room1_mix0167,89,4,0,-123,-2,10.62
fold2_room1_mix0167,90,4,0,-125,-1,10.95
fold2_room1_mix0167,91,4,0,-127,-1,11.24
fold2_room1_mix0167,92,4,0,-128,-1,11.44
fold2_room1_mix0167,93,4,0,-130,-1,11.63
fold2_room1_mix0167,94,4,0,-131,-1,11.83
fold2_room1_mix0167,95,4,0,-132,-1,12.02
fold2_room1_mix0167,96,4,0,-134,-1,12.21
fold2_room1_mix0167,97,4,0,-135,-1,12.43
fold2_room1_mix0167,98,4,0,-136,-1,12.90
fold2_room1_mix0167,99,4,0,-138,-1,13.45
fold2_room1_mix0177,2,4,0,-9,0,7.38
fold2_room1_mix0177,3,4,0,-13,0,16.71
fold2_room1_mix0177,4,2,0,-44,-1,6.74
fold2_room1_mix0177,4,4,0,-16,0,35.67
fold2_room1_mix0177,5,2,0,-46,-1,4.25
fold2_room1_mix0177,5,4,0,-17,0,37.65
fold2_room1_mix0177,6,4,0,-17,0,28.36
fold2_room1_mix0177,7,4,0,-17,-1,21.33
fold2_room1_mix0177,8,4,0,-18,-1,18.92
fold2_room1_mix0177,9,4,0,-19,-1,19.85
fold2_room1_mix0177,10,4,0,-19,-1,20.82
fold2_room1_mix0177,11,4,0,-20,-1,21.23
fold2_room1_mix0177,12,4,0,-20,-1,20.45
fold2_room1_mix0177,13,4,0,-21,-1,19.66
fold2_room1_mix0177,14,4,0,-21,-1,18.93
fold2_room1_mix0177,15,4,0,-22,-1,18.33
fold2_room1_mix0177,16,4,0,-24,-1,17.76
fold2_room1_mix0177,17,4,0,-25,-1,17.22
fold2_room1_mix0177,18,4,0,-25,-1,16.83
fold2_room1_mix0177,19,4,0,-26,-1,16.49
fold2_room1_mix0177,20,4,0,-27,-1,16.15
fold2_room1_mix0177,21,4,0,-28,-1,15.73
fold2_room1_mix0177,22,4,0,-29,-1,15.29
fold2_room1_mix0177,23,4,0,-30,-1,14.86
fold2_room1_mix0177,24,4,0,-31,-1,14.44
fold2_room1_mix0177,25,4,0,-33,-1,14.04
fold2_room1_mix0177,26,4,0,-34,-1,13.65
fold2_room1_mix0177,27,4,0,-34,-1,13.30
fold2_room1_mix0177,28,4,0,-35,-1,13.02
fold2_room1_mix0177,29,4,0,-35,-1,12.74
fold2_room1_mix0177,30,4,0,-36,-1,12.49
fold2_room1_mix0177,31,4,0,-37,-1,12.32
fold2_room1_mix0177,32,2,0,-66,-2,5.41
fold2_room1_mix0177,32,4,0,-39,-1,12.18
fold2_room1_mix0177,33,2,0,-62,-2,13.32
fold2_room1_mix0177,33,4,0,-40,-1,12.05
fold2_room1_mix0177,34,2,0,-64,-2,7.59
fold2_room1_mix0177,34,4,0,-42,-1,11.81
fold2_room1_mix0177,35,2,0,-66,-2,2.74
fold2_room1_mix0177,35,4,0,-43,-1,11.56
fold2_room1_mix0177,36,4,0,-44,-1,11.33
fold2_room1_mix0177,37,4,0,-29,-1,16.19
fold2_room1_mix0177,37,4,0,-51,-1,9.08
fold2_room1_mix0177,38,4,0,-17,-1,17.96
fold2_room1_mix0177,38,4,0,-53,-2,8.71
fold2_room1_mix0177,39,4,0,-5,0,19.91
fold2_room1_mix0177,39,4,0,-56,-2,8.36
fold2_room1_mix0177,40,4,0,1,0,21.94
fold2_room1_mix0177,40,4,0,-59,-2,7.96
fold2_room1_mix0177,41,2,0,-66,-1,2.70
fold2_room1_mix0177,41,4,0,4,0,24.03
fold2_room1_mix0177,41,4,0,-61,-2,7.54
fold2_room1_mix0177,42,2,0,-61,-1,10.32
fold2_room1_mix0177,42,4,0,6,0,26.32
fold2_room1_mix0177,42,4,0,-63,-2,7.15
fold2_room1_mix0177,43,2,0,-59,-2,18.53
fold2_room1_mix0177,43,4,0,9,0,27.41
fold2_room1_mix0177,43,4,0,-67,-2,6.92
fold2_room1_mix0177,44,2,0,-62,-2,9.38
fold2_room1_mix0177,44,4,0,11,0,25.74
fold2_room1_mix0177,44,4,0,-72,-2,7.00
fold2_room1_mix0177,45,2,0,-66,-2,4.32
fold2_room1_mix0177,45,4,0,14,-1,24.10
fold2_room1_mix0177,45,4,0,-77,-3,7.09
fold2_room1_mix0177,46,4,0,16,-1,22.75
fold2_room1_mix0177,46,4,0,-83,-3,7.18
fold2_room1_mix0177,47,4,0,16,-1,22.21
fold2_room1_mix0177,47,4,0,-87,-3,7.21
fold2_room1_mix0177,48,4,0,16,-1,21.77
fold2_room1_mix0177,48,4,0,-90,-3,7.25
fold2_room1_mix0177,49,4,0,16,-1,21.44
fold2_room1_mix0177,49,4,0,-93,-3,7.27
fold2_room1_mix0177,50,4,0,17,-1,22.12
fold2_room1_mix0177,50,4,0,-97,-3,7.22
fold2_room1_mix0177,51,2,0,-68,-1,3.52
fold2_room1_mix0177,51,4,0,19,-1,23.09
fold2_room1_mix0177,51,4,0,-100,-3,7.16
fold2_room1_mix0177,52,2,0,-64,-2,12.45
fold2_room1_mix0177,52,4,0,20,0,24.05
fold2_room1_mix0177,52,4,0,-104,-3,7.10
fold2_room1_mix0177,53,2,0,-65,-2,12.90
fold2_room1_mix0177,53,4,0,20,0,23.77
fold2_room1_mix0177,53,4,0,-107,-3,7.31
fold2_room1_mix0177,54,2,0,-70,-2,7.61
fold2_room1_mix0177,54,4,0,20,-1,22.91
fold2_room1_mix0177,54,4,0,-111,-3,7.67
fold2_room1_mix0177,55,2,0,-76,-2,4.33
fold2_room1_mix0177,55,4,0,19,-1,22.08
fold2_room1_mix0177,55,4,0,-114,-2,8.04
fold2_room1_mix0177,56,4,0,18,-1,21.11
fold2_room1_mix0177,56,4,0,-117,-2,8.32
fold2_room1_mix0177,57,4,0,16,-1,20.01
fold2_room1_mix0177,57,4,0,-120,-2,8.50
fold2_room1_mix0177,58,4,0,15,-1,18.96
fold2_room1_mix0177,58,4,0,-123,-2,8.69
fold2_room1_mix0177,59,4,0,13,-1,18.21
fold2_room1_mix0177,59,4,0,-126,-2,9.08
fold2_room1_mix0177,60,4,0,12,-1,17.96
fold2_room1_mix0177,60,4,0,-129,-2,9.88
fold2_room1_mix0177,61,2,0,-84,-2,4.01
fold2_room1_mix0177,61,4,0,10,-1,17.73
fold2_room1_mix0177,61,4,0,-131,-1,10.76
fold2_room1_mix0177,62,2,0,-83,-2,10.49
fold2_room1_mix0177,62,4,0,9,-1,17.46
fold2_room1_mix0177,62,4,0,-134,-1,11.59
fold2_room1_mix0177,63,2,0,-84,-2,11.11
fold2_room1_mix0177,63,4,0,11,-1,17.00
fold2_room1_mix0177,63,4,0,-137,-1,11.90
fold2_room1_mix0177,64,2,0,-86,-2,10.74
fold2_room1_mix0177,64,4,0,13,-1,16.53
fold2_room1_mix0177,64,4,0,-140,-1,12.16
fold2_room1_mix0177,65,2,0,-88,-2,9.51
fold2_room1_mix0177,65,4,0,15,-1,16.00
fold2_room1_mix0177,65,4,0,-143,-1,12.42
fold2_room1_mix0177,66,2,0,-89,-1,3.51
fold2_room1_mix0177,66,4,0,16,-1,14.91
fold2_room1_mix0177,66,4,0,-145,-1,12.66
fold2_room1_mix0177,67,4,0,16,-2,13.75
fold2_room1_mix0177,67,4,0,-147,-1,12.89
fold2_room1_mix0177,68,4,0,17,-2,12.69
fold2_room1_mix0177,68,4,0,-150,-1,13.13
fold2_room1_mix0177,69,4,0,16,-2,12.00
fold2_room1_mix0177,69,4,0,-151,-2,13.21
fold2_room1_mix0177,70,4,0,14,-2,11.49
fold2_room1_mix0177,70,4,0,-154,-2,14.37
fold2_room1_mix0177,71,2,0,-92,-2,4.14
fold2_room1_mix0177,71,4,0,13,-2,11.00
fold2_room1_mix0177,71,4,0,-155,-2,14.75
fold2_room1_mix0177,72,2,0,-92,-2,8.19
fold2_room1_mix0177,72,4,0,12,-2,10.41
fold2_room1_mix0177,72,4,0,-155,-2,15.72
fold2_room1_mix0177,73,2,0,-92,-2,10.72
fold2_room1_mix0177,73,4,0,11,-3,9.72
fold2_room1_mix0177,73,4,0,-155,-2,17.37
fold2_room1_mix0177,74,2,0,-92,-2,13.93
fold2_room1_mix0177,74,4,0,15,-4,8.86
fold2_room1_mix0177,74,4,0,-155,-1,19.20
fold2_room1_mix0177,75,2,0,-92,-1,11.36
fold2_room1_mix0177,75,4,0,18,-4,8.07
fold2_room1_mix0177,75,4,0,-155,-1,20.60
fold2_room1_mix0177,76,2,0,-91,-1,3.21
fold2_room1_mix0177,76,4,0,23,-4,7.36
fold2_room1_mix0177,76,4,0,-156,-1,20.80
fold2_room1_mix0177,77,4,0,27,-4,6.73
fold2_room1_mix0177,77,4,0,-158,-2,20.98
fold2_room1_mix0177,78,4,0,24,-4,7.71
fold2_room1_mix0177,78,4,0,39,-5,4.67
fold2_room1_mix0177,78,4,0,-159,-2,21.47
fold2_room1_mix0177,79,4,0,30,-4,7.55
fold2_room1_mix0177,79,4,0,48,-6,3.99
fold2_room1_mix0177,79,4,0,-158,-1,23.37
fold2_room1_mix0177,80,4,0,36,-4,7.41
fold2_room1_mix0177,80,4,0,58,-8,3.40
fold2_room1_mix0177,80,4,0,-157,0,25.60
fold2_room1_mix0177,81,4,0,43,-4,7.23
fold2_room1_mix0177,81,4,0,69,-9,2.92
fold2_room1_mix0177,81,4,0,-156,0,27.91
fold2_room1_mix0177,82,2,0,-96,-1,4.94
fold2_room1_mix0177,82,4,0,48,-5,6.75
fold2_room1_mix0177,82,4,0,80,-10,2.82
fold2_room1_mix0177,82,4,0,-155,0,29.28
fold2_room1_mix0177,83,2,0,-97,-1,10.32
fold2_room1_mix0177,83,4,0,54,-5,6.22
fold2_room1_mix0177,83,4,0,92,-10,2.82
fold2_room1_mix0177,83,4,0,-154,0,30.42
fold2_room1_mix0177,84,2,0,-98,-1,19.84
fold2_room1_mix0177,84,4,0,60,-6,5.74
fold2_room1_mix0177,84,4,0,103,-9,2.81
fold2_room1_mix0177,84,4,0,-153,0,31.58
fold2_room1_mix0177,85,2,0,-97,-1,11.47
fold2_room1_mix0177,85,4,0,66,-6,5.48
fold2_room1_mix0177,85,4,0,114,-8,2.99
fold2_room1_mix0177,85,4,0,-153,0,31.75
fold2_room1_mix0177,86,2,0,-95,-1,3.32
fold2_room1_mix0177,86,4,0,72,-6,5.33
fold2_room1_mix0177,86,4,0,122,-7,3.28
fold2_room1_mix0177,86,4,0,-153,0,31.43
fold2_room1_mix0177,87,4,0,77,-6,5.19
fold2_room1_mix0177,87,4,0,129,-6,3.58
fold2_room1_mix0177,87,4,0,-153,0,31.12
fold2_room1_mix0177,88,4,0,85,-6,5.04
fold2_room1_mix0177,88,4,0,133,-5,3.94
fold2_room1_mix0177,88,4,0,-154,0,30.36
fold2_room1_mix0177,89,4,0,94,-6,4.88
fold2_room1_mix0177,89,4,0,135,-5,4.38
fold2_room1_mix0177,89,4,0,-155,-1,29.20
fold2_room1_mix0177,90,4,0,103,-6,4.73
fold2_room1_mix0177,90,4,0,138,-4,4.85
fold2_room1_mix0177,90,4,0,-156,-1,28.08
fold2_room1_mix0177,91,4,0,111,-5,4.68
fold2_room1_mix0177,91,4,0,141,-4,5.30
fold2_room1_mix0177,91,4,0,-157,-1,27.42
fold2_room1_mix0177,92,2,0,-96,0,2.83
fold2_room1_mix0177,92,4,0,119,-5,4.83
fold2_room1_mix0177,92,4,0,143,-4,5.63
fold2_room1_mix0177,92,4,0,-156,-1,27.65
fold2_room1_mix0177,93,2,0,-101,-1,11.82
fold2_room1_mix0177,93,4,0,125,-4,4.99
fold2_room1_mix0177,93,4,0,144,-3,5.98
fold2_room1_mix0177,93,4,0,-156,0,27.90
fold2_room1_mix0177,94,2,0,-104,-2,29.07
fold2_room1_mix0177,94,4,0,130,-4,5.17
fold2_room1_mix0177,94,4,0,146,-3,6.27
fold2_room1_mix0177,94,4,0,-155,0,27.98
fold2_room1_mix0177,95,2,0,-102,-1,15.35
fold2_room1_mix0177,95,4,0,139,-4,5.84
fold2_room1_mix0177,95,4,0,-156,0,27.32
fold2_room1_mix0177,96,2,0,-101,-1,6.59
fold2_room1_mix0177,96,4,0,141,-4,5.96
fold2_room1_mix0177,96,4,0,-158,0,26.61
fold2_room1_mix0177,97,4,0,143,-4,6.06
fold2_room1_mix0177,97,4,0,-159,-1,25.92
fold2_room1_mix0177,98,4,0,145,-4,5.88
fold2_room1_mix0177,98,4,0,-157,0,25.40
fold2_room1_mix0177,99,4,0,147,-3,5.64
fold2_room1_mix0177,99,4,0,-154,0,24.93
fold2_room1_mix0202,30,4,0,2,0,9.89
fold2_room1_mix0202,31,4,0,1,0,15.72
fold2_room1_mix0202,32,4,0,1,0,24.23
fold2_room1_mix0202,33,4,0,1,0,35.75
fold2_room1_mix0202,34,4,0,1,0,37.68
fold2_room1_mix0202,35,4,0,1,0,36.61
fold2_room1_mix0202,36,4,0,1,0,35.61
fold2_room1_mix0202,37,4,0,1,0,35.73
fold2_room1_mix0202,38,4,0,1,0,36.39
fold2_room1_mix0202,39,4,0,1,0,37.06
fold2_room1_mix0202,40,4,0,1,0,36.62
fold2_room1_mix0202,41,4,0,1,0,35.11
fold2_room1_mix0202,42,4,0,1,0,33.65
fold2_room1_mix0202,43,4,0,1,0,32.08
fold2_room1_mix0202,44,4,0,1,0,30.22
fold2_room1_mix0202,45,4,0,1,0,28.45
fold2_room1_mix0202,46,4,0,1,0,26.94
fold2_room1_mix0202,47,4,0,1,0,26.13
fold2_room1_mix0202,48,4,0,1,0,25.40
fold2_room1_mix0202,49,4,0,1,0,24.68
fold2_room1_mix0202,50,4,0,1,0,23.77
fold2_room1_mix0202,51,4,0,2,0,22.84
fold2_room1_mix0202,52,4,0,2,0,21.94
fold2_room1_mix0202,53,4,0,2,0,20.84
fold2_room1_mix0202,54,4,0,2,0,19.67
fold2_room1_mix0202,55,4,0,2,0,18.58
fold2_room1_mix0202,56,4,0,2,-1,17.48
fold2_room1_mix0202,57,4,0,3,-1,16.40
fold2_room1_mix0202,58,4,0,3,-1,15.38
fold2_room1_mix0202,59,4,0,3,-1,14.38
fold2_room1_mix0202,60,4,0,3,-1,13.37
fold2_room1_mix0202,61,4,0,4,-1,12.42
fold2_room1_mix0202,62,4,0,4,-1,11.49
fold2_room1_mix0202,63,4,0,5,-1,10.45
fold2_room1_mix0202,64,4,0,6,-2,9.48
fold2_room1_mix0202,65,4,0,6,-2,8.56
fold2_room1_mix0202,66,4,0,7,-2,7.46
fold2_room1_mix0202,67,4,0,8,-2,6.43
fold2_room1_mix0202,68,4,0,9,-2,5.51
fold2_room1_mix0202,69,4,0,15,-4,4.24
fold2_room1_mix0202,70,4,0,22,-6,3.04
fold2_room1_mix0202,71,4,0,28,-8,2.12
fold2_room1_mix0202,72,4,0,35,-11,1.70
fold2_room1_mix0202,73,4,0,74,-19,1.60
fold2_room1_mix0202,74,4,0,137,-14,1.51
fold2_room1_mix0202,75,4,0,148,-11,1.69
fold2_room1_mix0202,76,4,0,155,-8,2.56
fold2_room1_mix0202,77,4,0,163,-5,3.74
fold2_room1_mix0202,78,4,0,171,-2,5.13
fold2_room1_mix0202,79,4,0,173,-2,6.02
fold2_room1_mix0202,80,4,0,173,-2,6.94
fold2_room1_mix0202,81,4,0,174,-2,7.95
fold2_room1_mix0202,82,4,0,174,-2,8.89
fold2_room1_mix0202,83,4,0,174,-2,9.87
fold2_room1_mix0202,84,4,0,175,-1,10.95
fold2_room1_mix0202,85,4,0,175,-1,11.90
fold2_room1_mix0202,86,4,0,176,-1,12.81
fold2_room1_mix0202,87,4,0,176,-1,13.79
fold2_room1_mix0202,88,4,0,176,-1,14.73
fold2_room1_mix0202,89,4,0,176,-1,15.63
fold2_room1_mix0202,90,4,0,176,-1,16.58
fold2_room1_mix0202,91,4,0,177,-1,17.48
fold2_room1_mix0202,92,4,0,177,-1,18.22
fold2_room1_mix0202,93,4,0,177,-1,18.98
fold2_room1_mix0202,94,4,0,177,-1,19.83
fold2_room1_mix0202,95,4,0,177,0,20.95
fold2_room1_mix0202,96,4,0,178,0,22.16
fold2_room1_mix0202,97,4,0,178,0,23.46
fold2_room1_mix0202,98,4,0,178,-1,25.12
fold2_room1_mix0202,99,4,0,178,-1,26.96
fold2_room1_mix0212,1,4,0,-168,0,7.42
fold2_room1_mix0212,2,4,0,-171,0,11.01
fold2_room1_mix0212,3,4,0,-171,0,17.52
fold2_room1_mix0212,4,4,0,-170,0,27.24
fold2_room1_mix0212,5,4,0,-170,-1,28.91
fold2_room1_mix0212,6,4,0,-170,0,25.55
fold2_room1_mix0212,7,4,0,-157,0,24.91
fold2_room1_mix0212,7,4,0,-175,-1,21.41
fold2_room1_mix0212,9,4,0,-42,-1,24.02
fold2_room1_mix0212,9,4,0,-174,-1,20.47
fold2_room1_mix0212,10,4,0,-33,0,24.30
fold2_room1_mix0212,10,4,0,-174,0,20.77
fold2_room1_mix0212,11,4,0,-30,0,24.22
fold2_room1_mix0212,11,4,0,-173,0,20.76
fold2_room1_mix0212,12,4,0,-30,0,23.40
fold2_room1_mix0212,12,4,0,-173,-1,20.12
fold2_room1_mix0212,13,4,0,-30,0,22.59
fold2_room1_mix0212,13,4,0,-173,-1,19.48
fold2_room1_mix0212,14,4,0,-31,0,21.79
fold2_room1_mix0212,14,4,0,-172,-1,18.85
fold2_room1_mix0212,15,4,0,-32,0,20.95
fold2_room1_mix0212,15,4,0,-172,-1,18.21
fold2_room1_mix0212,16,4,0,-33,0,20.13
fold2_room1_mix0212,16,4,0,-171,-1,17.59
fold2_room1_mix0212,17,4,0,-34,0,19.37
fold2_room1_mix0212,17,4,0,-171,-1,17.01
fold2_room1_mix0212,18,4,0,-35,0,18.92
fold2_room1_mix0212,18,4,0,-171,-1,16.64
fold2_room1_mix0212,19,4,0,-36,0,18.55
fold2_room1_mix0212,19,4,0,-170,-1,16.32
fold2_room1_mix0212,20,4,0,-38,0,18.18
fold2_room1_mix0212,20,4,0,-170,-1,16.00
fold2_room1_mix0212,21,4,0,-39,0,17.82
fold2_room1_mix0212,21,4,0,-170,-1,15.51
fold2_room1_mix0212,22,4,0,-41,0,17.46
fold2_room1_mix0212,22,4,0,-169,-1,14.94
fold2_room1_mix0212,23,4,0,-43,0,17.11
fold2_room1_mix0212,23,4,0,-169,-1,14.40
fold2_room1_mix0212,24,4,0,-45,0,16.86
fold2_room1_mix0212,24,4,0,-169,-1,13.91
fold2_room1_mix0212,25,4,0,-46,-1,16.70
fold2_room1_mix0212,25,4,0,-169,-1,13.48
fold2_room1_mix0212,26,4,0,-48,-1,16.55
fold2_room1_mix0212,26,4,0,-168,-1,13.06
fold2_room1_mix0212,27,4,0,-49,-1,16.39
fold2_room1_mix0212,27,4,0,-168,-1,12.68
fold2_room1_mix0212,28,4,0,-50,-1,16.25
fold2_room1_mix0212,28,4,0,-168,-2,12.38
fold2_room1_mix0212,29,4,0,-52,-1,16.11
fold2_room1_mix0212,29,4,0,-167,-2,12.09
fold2_room1_mix0212,30,4,0,-53,-1,15.89
fold2_room1_mix0212,30,4,0,-167,-2,11.81
fold2_room1_mix0212,31,4,0,-56,-1,15.40
fold2_room1_mix0212,31,4,0,-166,-2,11.54
fold2_room1_mix0212,32,4,0,-58,-1,14.90
fold2_room1_mix0212,32,4,0,-166,-2,11.28
fold2_room1_mix0212,33,4,0,-61,-1,14.41
fold2_room1_mix0212,33,4,0,-165,-2,11.03
fold2_room1_mix0212,34,4,0,-63,-1,13.92
fold2_room1_mix0212,34,4,0,-165,-2,10.81
fold2_room1_mix0212,35,4,0,-65,-1,13.43
fold2_room1_mix0212,35,4,0,-165,-2,10.60
fold2_room1_mix0212,36,4,0,-66,-1,12.98
fold2_room1_mix0212,36,4,0,-164,-2,10.39
fold2_room1_mix0212,37,4,0,-67,-1,12.84
fold2_room1_mix0212,37,4,0,-164,-2,10.07
fold2_room1_mix0212,38,4,0,-69,-1,12.86
fold2_room1_mix0212,38,4,0,-164,-2,9.71
fold2_room1_mix0212,39,4,0,-70,-1,12.89
fold2_room1_mix0212,39,4,0,-163,-2,9.36
fold2_room1_mix0212,40,4,0,-72,-1,12.83
fold2_room1_mix0212,40,4,0,-163,-2,9.08
fold2_room1_mix0212,41,4,0,-76,-1,12.71
fold2_room1_mix0212,41,4,0,-163,-2,8.86
fold2_room1_mix0212,42,4,0,-79,-1,12.59
fold2_room1_mix0212,42,4,0,-163,-2,8.66
fold2_room1_mix0212,43,4,0,-84,-1,12.53
fold2_room1_mix0212,43,4,0,-162,-2,8.42
fold2_room1_mix0212,44,4,0,-89,-1,12.60
fold2_room1_mix0212,44,4,0,-162,-2,8.14
fold2_room1_mix0212,45,4,0,-95,-1,12.67
fold2_room1_mix0212,45,4,0,-161,-2,7.86
fold2_room1_mix0212,46,4,0,-100,-1,12.69
fold2_room1_mix0212,46,4,0,-161,-3,7.58
fold2_room1_mix0212,47,4,0,-103,-1,12.44
fold2_room1_mix0212,47,4,0,-160,-3,7.30
fold2_room1_mix0212,48,4,0,-106,-1,12.18
fold2_room1_mix0212,48,4,0,-160,-3,7.03
fold2_room1_mix0212,49,4,0,-109,-1,12.01
fold2_room1_mix0212,49,4,0,-159,-3,6.76
fold2_room1_mix0212,50,4,0,-111,-1,12.67
fold2_room1_mix0212,50,4,0,-158,-3,6.45
fold2_room1_mix0212,51,4,0,-112,0,13.59
fold2_room1_mix0212,51,4,0,-156,-3,6.14
fold2_room1_mix0212,52,4,0,-114,0,14.56
fold2_room1_mix0212,52,4,0,-155,-3,5.85
fold2_room1_mix0212,53,4,0,-116,0,15.15
fold2_room1_mix0212,53,4,0,-153,-4,5.55
fold2_room1_mix0212,54,4,0,-118,0,15.54
fold2_room1_mix0212,54,4,0,-152,-4,5.26
fold2_room1_mix0212,55,4,0,-120,0,15.94
fold2_room1_mix0212,55,4,0,-151,-4,4.99
fold2_room1_mix0212,56,4,0,-121,0,15.95
fold2_room1_mix0212,56,4,0,-150,-4,4.74
fold2_room1_mix0212,57,4,0,-121,0,15.57
fold2_room1_mix0212,57,4,0,-149,-4,4.52
fold2_room1_mix0212,58,4,0,-121,0,15.20
fold2_room1_mix0212,58,4,0,-147,-5,4.31
fold2_room1_mix0212,59,4,0,-120,0,14.54
fold2_room1_mix0212,59,4,0,-146,-5,4.15
fold2_room1_mix0212,60,4,0,-120,0,13.35
fold2_room1_mix0212,60,4,0,-144,-5,4.06
fold2_room1_mix0212,61,4,0,-120,0,12.23
fold2_room1_mix0212,61,4,0,-141,-5,3.98
fold2_room1_mix0212,62,4,0,-120,0,10.98
fold2_room1_mix0212,62,4,0,-139,-5,3.93
fold2_room1_mix0212,63,4,0,-130,-4,5.68
fold2_room1_mix0212,64,4,0,-127,-4,5.19
fold2_room1_mix0212,65,4,0,-124,-4,4.81
fold2_room1_mix0212,66,4,0,-119,-5,4.58
fold2_room1_mix0212,67,4,0,-114,-5,4.44
fold2_room1_mix0212,68,4,0,-104,-6,3.02
fold2_room1_mix0212,68,4,0,-120,-3,7.05
fold2_room1_mix0212,69,4,0,-97,-7,2.81
fold2_room1_mix0212,69,4,0,-116,-3,7.37
fold2_room1_mix0212,70,4,0,-90,-7,2.69
fold2_room1_mix0212,70,4,0,-112,-3,7.52
fold2_room1_mix0212,71,4,0,-82,-7,2.57
fold2_room1_mix0212,71,4,0,-107,-3,7.67
fold2_room1_mix0212,72,4,0,-76,-6,2.56
fold2_room1_mix0212,72,4,0,-102,-3,7.84
fold2_room1_mix0212,73,4,0,-69,-6,2.66
fold2_room1_mix0212,73,4,0,-97,-3,8.04
fold2_room1_mix0212,74,4,0,-63,-6,2.77
fold2_room1_mix0212,74,4,0,-93,-3,8.23
fold2_room1_mix0212,75,4,0,-58,-6,2.92
fold2_room1_mix0212,75,4,0,-89,-3,8.53
fold2_room1_mix0212,76,4,0,-53,-5,3.15
fold2_room1_mix0212,76,4,0,-89,-3,9.03
fold2_room1_mix0212,77,4,0,-48,-5,3.40
fold2_room1_mix0212,77,4,0,-90,-3,9.56
fold2_room1_mix0212,78,4,0,-43,-5,3.67
fold2_room1_mix0212,78,4,0,-90,-4,10.16
fold2_room1_mix0212,79,4,0,-40,-5,3.98
fold2_room1_mix0212,79,4,0,-89,-3,10.93
fold2_room1_mix0212,80,4,0,-36,-4,4.32
fold2_room1_mix0212,80,4,0,-88,-3,11.76
fold2_room1_mix0212,81,4,0,-33,-4,4.68
fold2_room1_mix0212,81,4,0,-88,-3,12.65
fold2_room1_mix0212,82,4,0,-30,-3,5.02
fold2_room1_mix0212,82,4,0,-95,-2,13.44
fold2_room1_mix0212,83,4,0,-27,-3,5.38
fold2_room1_mix0212,83,4,0,-105,-2,14.24
fold2_room1_mix0212,84,4,0,-25,-3,5.75
fold2_room1_mix0212,84,4,0,-113,-1,15.04
fold2_room1_mix0212,85,4,0,-24,-3,6.01
fold2_room1_mix0212,86,4,0,-22,-2,6.21
fold2_room1_mix0212,87,4,0,-21,-2,6.41
fold2_room1_mix0212,87,4,0,-54,-2,13.02
fold2_room1_mix0212,88,4,0,-20,-2,6.66
fold2_room1_mix0212,88,4,0,-43,-2,12.63
fold2_room1_mix0212,89,4,0,-19,-2,6.95
fold2_room1_mix0212,89,4,0,-36,-2,12.63
fold2_room1_mix0212,90,4,0,-21,-2,9.05
fold2_room1_mix0212,91,4,0,-21,-2,9.41
fold2_room1_mix0212,92,4,0,-17,-2,7.98
fold2_room1_mix0212,92,4,0,-41,-2,14.45
fold2_room1_mix0212,93,4,0,-16,-2,8.38
fold2_room1_mix0212,94,4,0,-16,-2,8.80
fold2_room1_mix0212,95,4,0,-15,-1,9.21
fold2_room1_mix0212,96,4,0,-15,-1,9.64
fold2_room1_mix0212,97,4,0,-14,-1,10.06
fold2_room1_mix0212,98,4,0,-14,-1,10.24
fold2_room1_mix0212,98,4,0,-33,-1,17.56
fold2_room1_mix0212,99,4,0,-15,-1,12.23
fold2_room1_mix0212,8,4,0,-175,-1,20.17
fold2_room1_mix0261,1,4,0,-5,0,7.10
fold2_room1_mix0261,2,4,0,-3,0,11.82
fold2_room1_mix0261,3,4,0,-4,0,21.45
fold2_room1_mix0261,4,4,0,-4,0,37.74
fold2_room1_mix0261,5,4,0,-4,0,40.11
fold2_room1_mix0261,6,4,0,-4,0,33.47
fold2_room1_mix0261,7,4,0,-4,0,27.90
fold2_room1_mix0261,8,4,0,-4,0,26.46
fold2_room1_mix0261,9,4,0,-4,0,28.56
fold2_room1_mix0261,10,4,0,-4,0,30.83
fold2_room1_mix0261,11,4,0,-4,0,32.16
fold2_room1_mix0261,12,4,0,-5,0,31.28
fold2_room1_mix0261,13,4,0,-5,0,30.36
fold2_room1_mix0261,14,4,0,-4,0,29.36
fold2_room1_mix0261,15,4,0,-2,0,29.22
fold2_room1_mix0261,16,4,0,-2,0,29.27
fold2_room1_mix0261,17,4,0,-2,0,29.27
fold2_room1_mix0261,17,4,0,-163,0,33.76
fold2_room1_mix0261,18,4,0,-3,0,28.69
fold2_room1_mix0261,19,4,0,-9,0,29.41
fold2_room1_mix0261,20,4,0,-7,0,28.34
fold2_room1_mix0261,21,4,0,-8,0,27.84
fold2_room1_mix0261,22,4,0,-9,0,27.61
fold2_room1_mix0261,23,4,0,-7,0,26.42
fold2_room1_mix0261,24,4,0,-7,0,25.85
fold2_room1_mix0261,25,4,0,-9,-1,26.06
fold2_room1_mix0261,26,4,0,-9,-1,25.28
fold2_room1_mix0261,27,4,0,-9,-1,24.68
fold2_room1_mix0261,28,4,0,-9,-1,24.40
fold2_room1_mix0261,29,4,0,-10,-1,24.14
fold2_room1_mix0261,30,4,0,-10,0,23.70
fold2_room1_mix0261,31,4,0,-10,-1,22.57
fold2_room1_mix0261,32,4,0,-9,-1,21.41
fold2_room1_mix0261,33,4,0,-9,-1,20.39
fold2_room1_mix0261,34,4,0,-10,-1,19.99
fold2_room1_mix0261,35,4,0,-10,-1,19.75
fold2_room1_mix0261,36,4,0,-11,-1,19.54
fold2_room1_mix0261,37,4,0,-11,-1,20.14
fold2_room1_mix0261,38,4,0,-9,-1,19.28
fold2_room1_mix0261,39,4,0,-6,-1,17.79
fold2_room1_mix0261,40,4,0,-6,-1,17.16
fold2_room1_mix0261,40,4,0,-157,-2,28.37
fold2_room1_mix0261,41,1,0,117,-1,7.76
fold2_room1_mix0261,41,4,0,-8,-1,15.77
fold2_room1_mix0261,41,4,0,-166,-1,29.26
fold2_room1_mix0261,42,1,0,120,-1,15.43
fold2_room1_mix0261,42,4,0,-9,-1,14.49
fold2_room1_mix0261,42,4,0,-168,-1,30.18
fold2_room1_mix0261,43,1,0,122,-1,23.00
fold2_room1_mix0261,43,4,0,-10,-1,13.68
fold2_room1_mix0261,43,4,0,-169,-1,30.97
fold2_room1_mix0261,44,1,0,122,-1,19.95
fold2_room1_mix0261,44,4,0,-9,-1,13.69
fold2_room1_mix0261,44,4,0,-169,-1,27.94
fold2_room1_mix0261,45,1,0,122,-1,17.00
fold2_room1_mix0261,45,4,0,-9,-2,13.72
fold2_room1_mix0261,45,4,0,-169,-1,28.95
fold2_room1_mix0261,46,1,0,121,-1,14.88
fold2_room1_mix0261,46,4,0,-9,-2,13.52
fold2_room1_mix0261,46,4,0,-169,-1,29.58
fold2_room1_mix0261,47,1,0,118,-1,14.62
fold2_room1_mix0261,47,4,0,-11,-2,12.47
fold2_room1_mix0261,47,4,0,-169,0,28.45
fold2_room1_mix0261,48,1,0,115,-1,14.54
fold2_room1_mix0261,48,4,0,-13,-2,11.41
fold2_room1_mix0261,48,4,0,-169,0,27.19
fold2_room1_mix0261,49,1,0,112,-1,13.35
fold2_room1_mix0261,49,4,0,-15,-2,10.46
fold2_room1_mix0261,49,4,0,-169,0,26.06
fold2_room1_mix0261,50,1,0,108,-1,5.62
fold2_room1_mix0261,50,4,0,-16,-2,9.88
fold2_room1_mix0261,50,4,0,-169,0,25.67
fold2_room1_mix0261,51,4,0,-16,-2,9.40
fold2_room1_mix0261,51,4,0,-169,0,25.49
fold2_room1_mix0261,52,4,0,-16,-3,8.94
fold2_room1_mix0261,52,4,0,-169,0,25.34
fold2_room1_mix0261,53,4,0,-16,-3,8.37
fold2_room1_mix0261,53,4,0,-168,0,24.71
fold2_room1_mix0261,54,4,0,-17,-3,7.78
fold2_room1_mix0261,54,4,0,-168,0,23.87
fold2_room1_mix0261,55,4,0,-18,-3,7.23
fold2_room1_mix0261,55,4,0,-168,0,23.06
fold2_room1_mix0261,56,4,0,-19,-3,6.77
fold2_room1_mix0261,56,4,0,-167,0,22.22
fold2_room1_mix0261,57,4,0,-21,-3,6.41
fold2_room1_mix0261,57,4,0,-166,-1,21.35
fold2_room1_mix0261,58,4,0,-22,-3,6.06
fold2_room1_mix0261,58,4,0,-166,-1,20.52
fold2_room1_mix0261,59,4,0,-23,-4,5.73
fold2_room1_mix0261,59,4,0,-165,-1,19.63
fold2_room1_mix0261,60,4,0,-24,-4,5.42
fold2_room1_mix0261,60,4,0,-164,-1,18.59
fold2_room1_mix0261,61,4,0,-25,-4,5.13
fold2_room1_mix0261,61,4,0,-164,-1,17.61
fold2_room1_mix0261,62,4,0,-27,-4,4.86
fold2_room1_mix0261,62,4,0,-163,-1,16.67
fold2_room1_mix0261,63,4,0,-29,-4,4.65
fold2_room1_mix0261,63,4,0,-162,-1,15.80
fold2_room1_mix0261,64,4,0,-31,-5,4.45
fold2_room1_mix0261,64,4,0,-161,-1,14.98
fold2_room1_mix0261,65,4,0,-33,-5,4.26
fold2_room1_mix0261,65,4,0,-160,-1,14.20
fold2_room1_mix0261,66,4,0,-37,-5,4.04
fold2_room1_mix0261,66,4,0,-158,-1,13.58
fold2_room1_mix0261,67,4,0,-41,-6,3.83
fold2_room1_mix0261,67,4,0,-156,-1,13.00
fold2_room1_mix0261,68,4,0,-45,-6,3.62
fold2_room1_mix0261,68,4,0,-155,-1,12.44
fold2_room1_mix0261,69,4,0,-53,-7,3.35
fold2_room1_mix0261,69,4,0,-151,-2,11.66
fold2_room1_mix0261,70,4,0,-63,-8,3.07
fold2_room1_mix0261,70,4,0,-146,-2,10.84
fold2_room1_mix0261,71,4,0,-75,-8,2.81
fold2_room1_mix0261,71,4,0,-140,-2,10.09
fold2_room1_mix0261,72,4,0,-86,-9,2.73
fold2_room1_mix0261,72,4,0,-135,-3,9.08
fold2_room1_mix0261,73,4,0,-95,-8,2.83
fold2_room1_mix0261,73,4,0,-131,-3,7.86
fold2_room1_mix0261,74,4,0,-104,-8,2.92
fold2_room1_mix0261,74,4,0,-127,-4,6.79
fold2_room1_mix0261,75,4,0,-119,-6,5.01
fold2_room1_mix0261,76,4,0,-118,-5,4.82
fold2_room1_mix0261,77,4,0,-117,-5,4.72
fold2_room1_mix0261,78,4,0,-116,-5,4.73
fold2_room1_mix0261,79,4,0,-105,-4,5.19
fold2_room1_mix0261,79,4,0,-130,-5,4.08
fold2_room1_mix0261,80,4,0,-97,-4,5.32
fold2_room1_mix0261,80,4,0,-134,-5,4.12
fold2_room1_mix0261,81,4,0,-87,-4,5.45
fold2_room1_mix0261,81,4,0,-138,-4,4.18
fold2_room1_mix0261,82,4,0,-80,-4,5.71
fold2_room1_mix0261,82,4,0,-142,-4,4.34
fold2_room1_mix0261,83,4,0,-72,-4,6.00
fold2_room1_mix0261,83,4,0,-145,-4,4.53
fold2_room1_mix0261,84,4,0,-66,-3,6.31
fold2_room1_mix0261,84,4,0,-149,-3,4.73
fold2_room1_mix0261,85,4,0,-61,-3,6.62
fold2_room1_mix0261,85,4,0,-151,-3,4.99
fold2_room1_mix0261,86,4,0,-57,-3,6.95
fold2_room1_mix0261,86,4,0,-153,-3,5.28
fold2_room1_mix0261,87,4,0,-53,-3,7.30
fold2_room1_mix0261,87,4,0,-154,-3,5.59
fold2_room1_mix0261,88,4,0,-49,-3,7.71
fold2_room1_mix0261,88,4,0,-155,-3,5.79
fold2_room1_mix0261,89,4,0,-45,-2,8.21
fold2_room1_mix0261,89,4,0,-155,-3,5.88
fold2_room1_mix0261,90,4,0,-41,-2,8.74
fold2_room1_mix0261,90,4,0,-155,-3,5.96
fold2_room1_mix0261,91,4,0,-38,-2,9.36
fold2_room1_mix0261,91,4,0,-155,-3,6.18
fold2_room1_mix0261,92,4,0,-35,-2,10.17
fold2_room1_mix0261,92,4,0,-156,-3,6.70
fold2_room1_mix0261,93,4,0,-33,-2,11.05
fold2_room1_mix0261,93,4,0,-157,-2,7.25
fold2_room1_mix0261,94,4,0,-31,-2,11.94
fold2_room1_mix0261,94,4,0,-157,-2,7.76
fold2_room1_mix0261,95,4,0,-29,-1,12.59
fold2_room1_mix0261,95,4,0,-158,-2,7.87
fold2_room1_mix0261,96,4,0,-27,-1,13.24
fold2_room1_mix0261,96,4,0,-159,-2,7.94
fold2_room1_mix0261,97,4,0,-26,-1,13.90
fold2_room1_mix0261,97,4,0,-159,-3,8.06
fold2_room1_mix0261,98,4,0,-24,-1,14.42
fold2_room1_mix0261,98,4,0,-160,-2,8.59
fold2_room1_mix0261,99,4,0,-23,-1,14.90
fold2_room1_mix0261,99,4,0,-160,-2,9.27
fold2_room1_mix0264,15,4,0,-175,0,3.77
fold2_room1_mix0264,16,4,0,-174,0,11.67
fold2_room1_mix0264,17,4,0,-173,0,29.60
fold2_room1_mix0264,18,4,0,-172,0,29.50
fold2_room1_mix0264,19,4,0,-172,-1,23.50
fold2_room1_mix0264,20,4,0,-172,-1,18.62
fold2_room1_mix0264,21,4,0,-173,-1,13.11
fold2_room1_mix0264,22,4,0,-175,-1,8.62
fold2_room1_mix0264,23,4,0,-176,-1,5.56
fold2_room1_mix0264,24,1,0,-10,-1,6.03
fold2_room1_mix0264,24,4,0,-176,-1,5.87
fold2_room1_mix0264,25,1,0,-13,0,13.85
fold2_room1_mix0264,25,4,0,-174,-1,10.03
fold2_room1_mix0264,26,1,0,-16,-1,30.39
fold2_room1_mix0264,26,4,0,-172,-1,16.72
fold2_room1_mix0264,27,1,0,-20,-1,48.72
fold2_room1_mix0264,27,4,0,-171,-1,22.80
fold2_room1_mix0264,28,1,0,-22,-1,42.47
fold2_room1_mix0264,28,4,0,-170,-1,21.09
fold2_room1_mix0264,29,1,0,-24,-1,36.32
fold2_room1_mix0264,29,4,0,-170,-1,19.28
fold2_room1_mix0264,30,1,0,-25,-1,28.07
fold2_room1_mix0264,30,4,0,-170,-1,17.78
fold2_room1_mix0264,31,1,0,-22,-1,14.19
fold2_room1_mix0264,31,4,0,-169,-1,17.07
fold2_room1_mix0264,32,1,0,-19,-1,6.60
fold2_room1_mix0264,32,4,0,-169,-1,16.45
fold2_room1_mix0264,33,4,0,-168,-1,15.84
fold2_room1_mix0264,34,4,0,-168,-1,15.08
fold2_room1_mix0264,35,4,0,-168,-1,14.32
fold2_room1_mix0264,36,4,0,-168,-1,13.60
fold2_room1_mix0264,37,4,0,-168,-2,13.37
fold2_room1_mix0264,38,4,0,-168,-2,13.35
fold2_room1_mix0264,39,4,0,-168,-1,13.34
fold2_room1_mix0264,40,4,0,-168,-1,13.18
fold2_room1_mix0264,41,4,0,-167,-2,12.88
fold2_room1_mix0264,42,4,0,-167,-2,12.59
fold2_room1_mix0264,43,4,0,-166,-2,12.27
fold2_room1_mix0264,44,4,0,-166,-2,11.87
fold2_room1_mix0264,45,4,0,-165,-2,11.48
fold2_room1_mix0264,46,4,0,-164,-2,11.09
fold2_room1_mix0264,47,4,0,-163,-2,10.65
fold2_room1_mix0264,48,4,0,-163,-2,10.21
fold2_room1_mix0264,49,4,0,-162,-2,9.78
fold2_room1_mix0264,50,4,0,-161,-2,9.24
fold2_room1_mix0264,51,4,0,-160,-2,8.69
fold2_room1_mix0264,52,4,0,-159,-2,8.18
fold2_room1_mix0264,53,4,0,-158,-3,7.78
fold2_room1_mix0264,54,4,0,-157,-3,7.43
fold2_room1_mix0264,55,4,0,-155,-3,7.10
fold2_room1_mix0264,56,4,0,-154,-3,6.77
fold2_room1_mix0264,57,4,0,-153,-3,6.46
fold2_room1_mix0264,58,4,0,-152,-4,6.16
fold2_room1_mix0264,59,4,0,-150,-4,5.85
fold2_room1_mix0264,60,4,0,-148,-4,5.51
fold2_room1_mix0264,61,4,0,-146,-4,5.19
fold2_room1_mix0264,62,4,0,-143,-5,4.86
fold2_room1_mix0264,63,4,0,-139,-5,4.51
fold2_room1_mix0264,64,4,0,-135,-5,4.17
fold2_room1_mix0264,65,4,0,-130,-6,3.86
fold2_room1_mix0264,66,4,0,-125,-6,3.59
fold2_room1_mix0264,67,4,0,-120,-7,3.34
fold2_room1_mix0264,68,4,0,-114,-7,3.11
fold2_room1_mix0264,69,4,0,-107,-8,2.98
fold2_room1_mix0264,70,4,0,-99,-8,2.90
fold2_room1_mix0264,71,4,0,-90,-8,2.83
fold2_room1_mix0264,72,4,0,-81,-8,2.87
fold2_room1_mix0264,73,4,0,-72,-8,3.02
fold2_room1_mix0264,74,4,0,-64,-7,3.17
fold2_room1_mix0264,75,4,0,-58,-7,3.36
fold2_room1_mix0264,76,4,0,-52,-6,3.63
fold2_room1_mix0264,77,4,0,-47,-6,3.91
fold2_room1_mix0264,78,4,0,-43,-5,4.21
fold2_room1_mix0264,79,4,0,-40,-5,4.53
fold2_room1_mix0264,80,4,0,-37,-5,4.87
fold2_room1_mix0264,81,4,0,-34,-4,5.23
fold2_room1_mix0264,82,4,0,-32,-4,5.62
fold2_room1_mix0264,83,4,0,-30,-4,6.03
fold2_room1_mix0264,84,4,0,-28,-3,6.47
fold2_room1_mix0264,85,4,0,-26,-3,6.86
fold2_room1_mix0264,86,4,0,-25,-3,7.23
fold2_room1_mix0264,87,4,0,-23,-3,7.62
fold2_room1_mix0264,88,4,0,-22,-2,7.97
fold2_room1_mix0264,89,4,0,-21,-2,8.28
fold2_room1_mix0264,90,4,0,-20,-2,8.61
fold2_room1_mix0264,91,4,0,-19,-2,8.95
fold2_room1_mix0264,92,4,0,-18,-2,9.31
fold2_room1_mix0264,93,4,0,-17,-2,9.69
fold2_room1_mix0264,94,4,0,-16,-2,10.05
fold2_room1_mix0264,95,4,0,-16,-2,10.32
fold2_room1_mix0264,96,4,0,-15,-2,10.58
fold2_room1_mix0264,97,4,0,-15,-2,10.85
fold2_room1_mix0264,98,4,0,-14,-1,11.18
fold2_room1_mix0264,99,4,0,-14,-2,11.53
fold2_room1_mix0267,0,0,0,179,0,647.74
fold2_room1_mix0267,1,0,0,179,0,649.96
fold2_room1_mix0267,2,0,0,179,0,673.17
fold2_room1_mix0267,3,0,0,179,0,702.59
fold2_room1_mix0267,4,0,0,-179,0,732.58
fold2_room1_mix0267,5,0,0,-179,0,739.14
fold2_room1_mix0267,6,0,0,-179,0,733.98
fold2_room1_mix0267,7,0,0,-179,0,728.85
fold2_room1_mix0267,8,0,0,-179,0,732.67
fold2_room1_mix0267,9,0,0,-179,0,745.59
fold2_room1_mix0267,10,0,0,-179,0,758.74
fold2_room1_mix0267,11,0,0,-179,0,763.96
fold2_room1_mix0267,12,0,0,-179,0,752.52
fold2_room1_mix0267,13,0,0,-179,0,740.77
fold2_room1_mix0267,14,0,0,-179,0,729.45
fold2_room1_mix0267,15,0,0,-179,0,719.33
fold2_room1_mix0267,16,0,0,-179,0,709.46
fold2_room1_mix0267,17,0,0,-179,0,701.56
fold2_room1_mix0267,18,0,0,-179,0,710.73
fold2_room1_mix0267,19,0,0,-179,0,724.28
fold2_room1_mix0267,20,0,0,-179,0,738.00
fold2_room1_mix0267,21,0,0,-179,0,749.26
fold2_room1_mix0267,22,0,0,-179,0,759.35
fold2_room1_mix0267,23,0,0,-179,0,769.59
fold2_room1_mix0267,24,0,0,-179,0,768.04
fold2_room1_mix0267,25,0,0,-179,0,754.79
fold2_room1_mix0267,26,0,0,-179,0,741.77
fold2_room1_mix0267,27,0,0,-179,0,735.83
fold2_room1_mix0267,28,0,0,-179,0,744.15
fold2_room1_mix0267,29,0,0,-179,0,753.01
fold2_room1_mix0267,30,0,0,-179,0,760.21
fold2_room1_mix0267,31,0,0,-179,0,760.17
fold2_room1_mix0267,31,4,0,-170,0,2.79
fold2_room1_mix0267,32,0,0,-179,0,759.35
fold2_room1_mix0267,32,4,0,-166,0,7.60
fold2_room1_mix0267,33,0,0,-179,0,758.20
fold2_room1_mix0267,33,4,0,-165,0,17.19
fold2_room1_mix0267,34,0,0,-179,0,754.00
fold2_room1_mix0267,34,4,0,-164,0,23.95
fold2_room1_mix0267,35,0,0,-179,0,749.09
fold2_room1_mix0267,35,4,0,-163,0,29.81
fold2_room1_mix0267,36,0,0,-179,0,744.37
fold2_room1_mix0267,36,4,0,-162,0,36.66
fold2_room1_mix0267,37,0,0,-179,0,744.95
fold2_room1_mix0267,37,4,0,-163,0,31.89
fold2_room1_mix0267,38,0,0,-179,0,748.11
fold2_room1_mix0267,38,4,0,-165,0,23.39
fold2_room1_mix0267,39,0,0,-179,0,751.28
fold2_room1_mix0267,39,4,0,-167,0,17.09
fold2_room1_mix0267,40,0,0,-179,0,750.56
fold2_room1_mix0267,40,4,0,-166,0,15.27
fold2_room1_mix0267,41,0,0,-179,0,745.96
fold2_room1_mix0267,41,4,0,-164,0,16.75
fold2_room1_mix0267,42,0,0,-179,0,741.39
fold2_room1_mix0267,42,4,0,-162,0,18.37
fold2_room1_mix0267,43,0,0,-179,0,733.69
fold2_room1_mix0267,43,4,0,-160,0,19.52
fold2_room1_mix0267,44,0,0,-179,0,719.68
fold2_room1_mix0267,44,4,0,-159,0,19.49
fold2_room1_mix0267,45,0,0,-179,0,705.75
fold2_room1_mix0267,45,4,0,-158,0,19.43
fold2_room1_mix0267,46,0,0,-179,0,695.64
fold2_room1_mix0267,46,4,0,-157,0,19.37
fold2_room1_mix0267,47,0,0,-179,0,700.23
fold2_room1_mix0267,47,4,0,-155,-1,19.32
fold2_room1_mix0267,48,0,0,-179,0,706.46
fold2_room1_mix0267,48,4,0,-153,-1,19.28
fold2_room1_mix0267,49,0,0,-179,0,710.75
fold2_room1_mix0267,49,4,0,-152,-1,19.21
fold2_room1_mix0267,50,0,0,-179,0,696.76
fold2_room1_mix0267,50,4,0,-151,-1,18.86
fold2_room1_mix0267,51,0,0,-179,0,678.75
fold2_room1_mix0267,51,4,0,-150,-1,18.45
fold2_room1_mix0267,52,0,0,-179,0,661.41
fold2_room1_mix0267,52,4,0,-150,-1,18.05
fold2_room1_mix0267,53,0,0,-179,0,651.40
fold2_room1_mix0267,53,4,0,-148,-1,17.86
fold2_room1_mix0267,54,0,0,-179,0,644.86
fold2_room1_mix0267,54,4,0,-146,-1,17.76
fold2_room1_mix0267,55,0,0,-179,0,638.38
fold2_room1_mix0267,55,4,0,-145,-1,17.66
fold2_room1_mix0267,56,0,0,-179,0,635.23
fold2_room1_mix0267,56,4,0,-143,-1,17.34
fold2_room1_mix0267,57,0,0,-179,0,635.36
fold2_room1_mix0267,57,4,0,-140,-1,16.81
fold2_room1_mix0267,58,0,0,-179,0,635.50
fold2_room1_mix0267,58,4,0,-138,-1,16.29
fold2_room1_mix0267,59,0,0,-179,0,636.12
fold2_room1_mix0267,59,4,0,-135,-1,15.78
fold2_room1_mix0267,60,0,0,-179,0,637.74
fold2_room1_mix0267,60,4,0,-133,-1,15.24
fold2_room1_mix0267,61,0,0,-179,0,639.39
fold2_room1_mix0267,61,4,0,-130,-1,14.72
fold2_room1_mix0267,62,0,0,-179,0,644.63
fold2_room1_mix0267,62,4,0,-127,-1,14.19
fold2_room1_mix0267,63,0,0,-179,0,664.96
fold2_room1_mix0267,63,4,0,-125,-1,13.56
fold2_room1_mix0267,64,0,0,179,0,687.63
fold2_room1_mix0267,64,4,0,-122,-2,12.94
fold2_room1_mix0267,65,0,0,179,0,709.53
fold2_room1_mix0267,65,4,0,-119,-2,12.39
fold2_room1_mix0267,66,0,0,179,0,717.66
fold2_room1_mix0267,66,4,0,-117,-2,12.33
fold2_room1_mix0267,67,0,0,179,0,722.36
fold2_room1_mix0267,67,4,0,-114,-2,12.39
fold2_room1_mix0267,68,0,0,179,0,727.23
fold2_room1_mix0267,68,4,0,-112,-2,12.45
fold2_room1_mix0267,69,0,0,179,0,737.00
fold2_room1_mix0267,69,4,0,-108,-2,12.36
fold2_room1_mix0267,70,0,0,179,0,749.29
fold2_room1_mix0267,70,4,0,-104,-2,12.22
fold2_room1_mix0267,71,0,0,179,0,761.79
fold2_room1_mix0267,71,4,0,-99,-2,12.08
fold2_room1_mix0267,72,0,0,179,0,768.46
fold2_room1_mix0267,72,4,0,-95,-2,12.06
fold2_room1_mix0267,73,0,0,179,0,769.15
fold2_room1_mix0267,73,4,0,-91,-2,12.16
fold2_room1_mix0267,74,0,0,179,0,769.84
fold2_room1_mix0267,74,4,0,-87,-2,12.26
fold2_room1_mix0267,75,0,0,179,0,759.91
fold2_room1_mix0267,75,4,0,-83,-2,12.37
fold2_room1_mix0267,76,0,0,179,0,728.92
fold2_room1_mix0267,76,4,0,-80,-2,12.49
fold2_room1_mix0267,77,0,0,179,0,698.58
fold2_room1_mix0267,77,4,0,-76,-2,12.60
fold2_room1_mix0267,78,0,0,179,0,675.44
fold2_room1_mix0267,78,4,0,-73,-2,12.78
fold2_room1_mix0267,79,0,0,179,0,677.24
fold2_room1_mix0267,79,4,0,-70,-2,13.16
fold2_room1_mix0267,80,0,0,179,0,681.71
fold2_room1_mix0267,80,4,0,-67,-2,13.57
fold2_room1_mix0267,81,0,0,179,0,686.51
fold2_room1_mix0267,81,4,0,-63,-2,14.00
fold2_room1_mix0267,82,0,0,179,0,694.12
fold2_room1_mix0267,82,4,0,-60,-2,14.42
fold2_room1_mix0267,83,0,0,179,0,702.51
fold2_room1_mix0267,83,4,0,-56,-1,14.85
fold2_room1_mix0267,84,0,0,179,0,710.86
fold2_room1_mix0267,84,4,0,-52,-1,15.30
fold2_room1_mix0267,85,0,0,179,0,715.00
fold2_room1_mix0267,85,4,0,-50,-1,15.70
fold2_room1_mix0267,86,0,0,179,0,717.06
fold2_room1_mix0267,86,4,0,-49,-1,16.08
fold2_room1_mix0267,87,0,0,179,0,719.12
fold2_room1_mix0267,87,4,0,-48,-1,16.47
fold2_room1_mix0267,88,0,0,179,0,718.61
fold2_room1_mix0267,88,4,0,-47,-1,16.79
fold2_room1_mix0267,89,0,0,-179,0,715.51
fold2_room1_mix0267,89,4,0,-46,-1,17.03
fold2_room1_mix0267,90,0,0,-179,0,712.43
fold2_room1_mix0267,90,4,0,-44,-1,17.27
fold2_room1_mix0267,91,0,0,-179,0,709.06
fold2_room1_mix0267,91,4,0,-42,-1,17.68
fold2_room1_mix0267,92,0,0,-179,0,705.10
fold2_room1_mix0267,92,4,0,-40,-1,18.45
fold2_room1_mix0267,93,0,0,-179,0,701.15
fold2_room1_mix0267,93,4,0,-39,0,19.25
fold2_room1_mix0267,94,0,0,-179,0,700.77
fold2_room1_mix0267,94,4,0,-37,0,19.85
fold2_room1_mix0267,95,0,0,-179,0,715.20
fold2_room1_mix0267,95,4,0,-36,0,19.47
fold2_room1_mix0267,96,0,0,-179,0,731.60
fold2_room1_mix0267,96,4,0,-34,-1,19.00
fold2_room1_mix0267,97,0,0,-179,0,742.17
fold2_room1_mix0267,97,4,0,-33,-1,18.65
fold2_room1_mix0267,98,0,0,-179,0,697.01
fold2_room1_mix0267,98,4,0,-32,-1,19.38
fold2_room1_mix0267,99,0,0,179,0,642.43
fold2_room1_mix0267,99,4,0,-31,0,20.42
fold2_room1_mix0268,0,2,0,157,-1,11.11
fold2_room1_mix0268,0,4,0,-152,-2,6.29
fold2_room1_mix0268,1,2,0,157,-1,11.12
fold2_room1_mix0268,1,4,0,-153,-2,6.56
fold2_room1_mix0268,2,2,0,160,-1,11.25
fold2_room1_mix0268,2,4,0,-156,-1,9.89
fold2_room1_mix0268,3,2,0,162,-2,11.40
fold2_room1_mix0268,3,4,0,-152,-1,16.02
fold2_room1_mix0268,4,2,0,166,-2,11.29
fold2_room1_mix0268,4,4,0,-148,-1,25.27
fold2_room1_mix0268,5,2,0,169,-2,5.05
fold2_room1_mix0268,5,4,0,-147,-1,25.89
fold2_room1_mix0268,6,4,0,-146,-1,21.55
fold2_room1_mix0268,7,4,0,-143,-1,17.91
fold2_room1_mix0268,8,4,0,-139,-1,16.43
fold2_room1_mix0268,9,4,0,-139,-1,16.66
fold2_room1_mix0268,10,2,0,166,-2,3.00
fold2_room1_mix0268,10,4,0,-139,-1,16.89
fold2_room1_mix0268,11,2,0,165,-2,6.72
fold2_room1_mix0268,11,4,0,-138,-1,16.93
fold2_room1_mix0268,12,2,0,164,-2,8.39
fold2_room1_mix0268,12,4,0,-137,-1,16.59
fold2_room1_mix0268,13,2,0,163,-2,10.25
fold2_room1_mix0268,13,4,0,-136,-1,16.24
fold2_room1_mix0268,14,2,0,163,-2,9.95
fold2_room1_mix0268,14,4,0,-135,-1,15.95
fold2_room1_mix0268,15,2,0,166,-2,3.53
fold2_room1_mix0268,15,4,0,-135,-1,15.84
fold2_room1_mix0268,16,4,0,-136,-1,15.75
fold2_room1_mix0268,17,4,0,-136,-1,15.65
fold2_room1_mix0268,18,4,0,-135,-1,15.42
fold2_room1_mix0268,19,4,0,-134,-1,15.18
fold2_room1_mix0268,20,4,0,-133,-1,14.93
fold2_room1_mix0268,21,2,0,161,-2,3.73
fold2_room1_mix0268,21,4,0,-131,-1,14.64
fold2_room1_mix0268,22,2,0,158,-2,7.94
fold2_room1_mix0268,22,4,0,-130,-1,14.34
fold2_room1_mix0268,23,2,0,153,-3,15.88
fold2_room1_mix0268,23,4,0,-128,-1,14.05
fold2_room1_mix0268,24,2,0,154,-3,13.23
fold2_room1_mix0268,24,4,0,-127,-1,13.77
fold2_room1_mix0268,25,2,0,160,-2,4.35
fold2_room1_mix0268,25,4,0,-127,-1,13.50
fold2_room1_mix0268,26,4,0,-126,-1,13.24
fold2_room1_mix0268,27,4,0,-126,-2,13.00
fold2_room1_mix0268,28,4,0,-125,-2,12.83
fold2_room1_mix0268,29,4,0,-124,-2,12.65
fold2_room1_mix0268,30,4,0,-123,-2,12.56
fold2_room1_mix0268,31,2,0,151,-3,1.99
fold2_room1_mix0268,31,4,0,-122,-2,12.81
fold2_room1_mix0268,32,2,0,145,-3,5.41
fold2_room1_mix0268,32,4,0,-121,-1,13.11
fold2_room1_mix0268,33,2,0,141,-4,11.32
fold2_room1_mix0268,33,4,0,-125,0,13.93
fold2_room1_mix0268,33,4,0,-127,-1,14.77
fold2_room1_mix0268,34,2,0,143,-4,7.64
fold2_room1_mix0268,34,4,0,-115,-1,12.12
fold2_room1_mix0268,34,4,0,-138,-1,16.99
fold2_room1_mix0268,35,2,0,146,-3,3.74
fold2_room1_mix0268,35,4,0,-112,-2,11.83
fold2_room1_mix0268,35,4,0,-150,-1,18.63
fold2_room1_mix0268,36,4,0,-110,-2,11.55
fold2_room1_mix0268,36,4,0,-164,-1,20.39
fold2_room1_mix0268,37,4,0,-107,-2,11.24
fold2_room1_mix0268,37,4,0,-177,0,21.54
fold2_room1_mix0268,38,4,0,-104,-2,10.92
fold2_room1_mix0268,38,4,0,171,0,22.37
fold2_room1_mix0268,39,4,0,-101,-2,10.60
fold2_room1_mix0268,39,4,0,162,0,23.23
fold2_room1_mix0268,40,4,0,-99,-2,10.61
fold2_room1_mix0268,40,4,0,161,0,23.58
fold2_room1_mix0268,41,2,0,126,-4,1.16
fold2_room1_mix0268,41,4,0,-99,-2,10.95
fold2_room1_mix0268,41,4,0,165,0,23.39
fold2_room1_mix0268,42,2,0,128,-4,3.50
fold2_room1_mix0268,42,4,0,-98,-2,11.30
fold2_room1_mix0268,42,4,0,170,0,23.20
fold2_room1_mix0268,43,2,0,129,-5,6.29
fold2_room1_mix0268,43,4,0,-97,-2,11.44
fold2_room1_mix0268,43,4,0,171,-1,22.83
fold2_room1_mix0268,44,2,0,127,-5,6.04
fold2_room1_mix0268,44,4,0,-95,-2,11.13
fold2_room1_mix0268,44,4,0,163,-1,22.08
fold2_room1_mix0268,45,2,0,124,-5,5.69
fold2_room1_mix0268,45,4,0,-94,-2,10.81
fold2_room1_mix0268,45,4,0,154,-1,21.34
fold2_room1_mix0268,46,2,0,122,-5,4.58
fold2_room1_mix0268,46,4,0,-92,-3,10.56
fold2_room1_mix0268,46,4,0,148,-1,20.83
fold2_room1_mix0268,47,2,0,120,-4,1.72
fold2_room1_mix0268,47,4,0,-89,-3,10.59
fold2_room1_mix0268,47,4,0,145,-1,21.14
fold2_room1_mix0268,48,4,0,-86,-2,10.66
fold2_room1_mix0268,48,4,0,144,-1,21.55
fold2_room1_mix0268,49,4,0,-83,-2,10.72
fold2_room1_mix0268,49,4,0,143,0,21.93
fold2_room1_mix0268,50,4,0,-81,-2,10.76
fold2_room1_mix0268,50,4,0,143,0,21.95
fold2_room1_mix0268,51,4,0,-80,-2,10.80
fold2_room1_mix0268,51,4,0,143,0,21.87
fold2_room1_mix0268,52,2,0,114,-6,1.98
fold2_room1_mix0268,52,4,0,-78,-2,10.85
fold2_room1_mix0268,52,4,0,143,0,21.78
fold2_room1_mix0268,53,2,0,111,-6,3.29
fold2_room1_mix0268,53,4,0,-75,-2,11.23
fold2_room1_mix0268,53,4,0,142,0,21.11
fold2_room1_mix0268,54,2,0,110,-5,4.54
fold2_room1_mix0268,54,4,0,-72,-2,11.79
fold2_room1_mix0268,54,4,0,140,0,20.18
fold2_room1_mix0268,55,2,0,109,-6,6.15
fold2_room1_mix0268,55,4,0,-69,-2,12.38
fold2_room1_mix0268,55,4,0,139,0,19.30
fold2_room1_mix0268,56,2,0,107,-5,4.46
fold2_room1_mix0268,56,4,0,-66,-2,12.84
fold2_room1_mix0268,56,4,0,138,-1,18.61
fold2_room1_mix0268,57,2,0,103,-4,1.47
fold2_room1_mix0268,57,4,0,-63,-2,13.15
fold2_room1_mix0268,57,4,0,136,-1,18.11
fold2_room1_mix0268,58,4,0,-61,-2,13.47
fold2_room1_mix0268,58,4,0,135,-1,17.63
fold2_room1_mix0268,59,4,0,-59,-2,13.63
fold2_room1_mix0268,59,4,0,133,-1,17.36
fold2_room1_mix0268,60,4,0,-58,-2,13.48
fold2_room1_mix0268,60,4,0,131,-1,17.53
fold2_room1_mix0268,61,4,0,-57,-2,13.31
fold2_room1_mix0268,61,4,0,129,0,17.72
fold2_room1_mix0268,62,4,0,-57,-1,13.32
fold2_room1_mix0268,62,4,0,126,0,17.87
fold2_room1_mix0268,63,2,0,86,-4,2.69
fold2_room1_mix0268,63,4,0,-56,-1,14.02
fold2_room1_mix0268,63,4,0,125,0,17.88
fold2_room1_mix0268,64,2,0,84,-5,4.73
fold2_room1_mix0268,64,4,0,-56,-1,14.83
fold2_room1_mix0268,64,4,0,123,0,17.88
fold2_room1_mix0268,65,2,0,83,-6,7.19
fold2_room1_mix0268,65,4,0,-55,-1,15.60
fold2_room1_mix0268,65,4,0,121,-1,17.78
fold2_room1_mix0268,66,2,0,83,-5,4.46
fold2_room1_mix0268,66,4,0,-54,-1,15.60
fold2_room1_mix0268,66,4,0,118,-1,16.85
fold2_room1_mix0268,67,2,0,83,-3,2.02
fold2_room1_mix0268,67,4,0,-53,-2,15.41
fold2_room1_mix0268,67,4,0,114,-1,15.79
fold2_room1_mix0268,68,4,0,-52,-2,15.23
fold2_room1_mix0268,68,4,0,111,-1,14.79
fold2_room1_mix0268,69,4,0,-50,-2,15.22
fold2_room1_mix0268,69,4,0,107,-1,14.23
fold2_room1_mix0268,70,4,0,-47,-2,15.29
fold2_room1_mix0268,70,4,0,104,-1,13.87
fold2_room1_mix0268,71,4,0,-43,-2,15.37
fold2_room1_mix0268,71,4,0,101,-2,13.52
fold2_room1_mix0268,72,4,0,-41,-2,15.62
fold2_room1_mix0268,72,4,0,100,-2,13.43
fold2_room1_mix0268,73,2,0,75,-3,2.20
fold2_room1_mix0268,73,4,0,-42,-2,16.03
fold2_room1_mix0268,73,4,0,100,-1,13.60
fold2_room1_mix0268,74,2,0,69,-4,6.03
fold2_room1_mix0268,74,4,0,-42,-1,16.46
fold2_room1_mix0268,74,4,0,101,-1,13.76
fold2_room1_mix0268,75,2,0,65,-5,9.66
fold2_room1_mix0268,75,4,0,-42,-1,16.70
fold2_room1_mix0268,75,4,0,100,-1,13.70
fold2_room1_mix0268,76,2,0,64,-4,6.54
fold2_room1_mix0268,76,4,0,-39,-1,16.54
fold2_room1_mix0268,76,4,0,97,-1,13.18
fold2_room1_mix0268,77,2,0,62,-4,4.21
fold2_room1_mix0268,77,4,0,-36,-2,16.38
fold2_room1_mix0268,77,4,0,93,-1,12.66
fold2_room1_mix0268,78,2,0,52,-3,2.47
fold2_room1_mix0268,78,4,0,-38,-2,15.74
fold2_room1_mix0268,78,4,0,89,-2,12.26
fold2_room1_mix0268,79,4,0,-36,-2,16.18
fold2_room1_mix0268,79,4,0,85,-2,12.28
fold2_room1_mix0268,80,4,0,-34,-2,16.68
fold2_room1_mix0268,80,4,0,82,-2,12.35
fold2_room1_mix0268,81,4,0,-31,-2,17.21
fold2_room1_mix0268,81,4,0,79,-2,12.40
fold2_room1_mix0268,82,4,0,-26,-2,17.86
fold2_room1_mix0268,82,4,0,58,-3,16.33
fold2_room1_mix0268,82,4,0,77,-2,12.38
fold2_room1_mix0268,83,2,0,56,-3,2.29
fold2_room1_mix0268,83,4,0,-21,-2,18.55
fold2_room1_mix0268,83,4,0,72,-2,14.01
fold2_room1_mix0268,84,2,0,53,-4,6.98
fold2_room1_mix0268,84,4,0,-13,-2,19.26
fold2_room1_mix0268,84,4,0,73,-2,13.69
fold2_room1_mix0268,85,2,0,51,-4,9.26
fold2_room1_mix0268,85,4,0,-7,-2,19.87
fold2_room1_mix0268,85,4,0,72,-2,13.65
fold2_room1_mix0268,86,2,0,49,-4,8.70
fold2_room1_mix0268,86,4,0,-2,-2,20.44
fold2_room1_mix0268,86,4,0,71,-2,13.75
fold2_room1_mix0268,87,2,0,47,-3,8.16
fold2_room1_mix0268,87,4,0,3,-2,21.02
fold2_room1_mix0268,87,4,0,70,-2,13.84
fold2_room1_mix0268,88,2,0,46,-3,4.66
fold2_room1_mix0268,88,4,0,2,-2,21.24
fold2_room1_mix0268,88,4,0,68,-2,14.02
fold2_room1_mix0268,89,2,0,44,-3,1.29
fold2_room1_mix0268,89,4,0,-4,-2,21.08
fold2_room1_mix0268,89,4,0,64,-2,14.29
fold2_room1_mix0268,90,4,0,-11,-2,20.93
fold2_room1_mix0268,90,4,0,61,-2,14.57
fold2_room1_mix0268,91,4,0,-13,-2,20.77
fold2_room1_mix0268,91,4,0,60,-2,14.90
fold2_room1_mix0268,92,4,0,-4,-2,20.62
fold2_room1_mix0268,92,4,0,60,-2,15.35
fold2_room1_mix0268,93,2,0,46,-3,2.33
fold2_room1_mix0268,93,4,0,5,-1,20.47
fold2_room1_mix0268,93,4,0,60,-2,15.82
fold2_room1_mix0268,94,2,0,46,-3,5.80
fold2_room1_mix0268,94,4,0,14,-1,20.19
fold2_room1_mix0268,94,4,0,60,-2,16.21
fold2_room1_mix0268,95,2,0,45,-3,7.60
fold2_room1_mix0268,95,4,0,24,-2,19.38
fold2_room1_mix0268,95,4,0,57,-2,16.25
fold2_room1_mix0268,96,2,0,44,-4,9.33
fold2_room1_mix0268,96,4,0,31,-2,18.53
fold2_room1_mix0268,96,4,0,55,-2,16.25
fold2_room1_mix0268,97,2,0,43,-4,10.24
fold2_room1_mix0268,97,4,0,47,-2,16.80
fold2_room1_mix0268,98,2,0,42,-3,3.88
fold2_room1_mix0268,98,4,0,47,-2,17.14
fold2_room1_mix0268,99,4,0,46,-1,17.63
fold2_room1_mix0275,0,0,0,0,0,328.74
fold2_room1_mix0275,1,0,0,0,0,329.38
fold2_room1_mix0275,2,0,0,0,0,335.96
fold2_room1_mix0275,3,0,0,0,0,344.18
fold2_room1_mix0275,4,0,0,0,0,352.37
fold2_room1_mix0275,5,0,0,0,0,353.00
fold2_room1_mix0275,6,0,0,0,0,349.92
fold2_room1_mix0275,7,0,0,0,0,346.87
fold2_room1_mix0275,8,0,0,0,0,344.44
fold2_room1_mix0275,9,0,0,0,0,342.64
fold2_room1_mix0275,10,0,0,0,0,340.85
fold2_room1_mix0275,11,0,0,0,0,338.29
fold2_room1_mix0275,12,0,0,0,0,334.18
fold2_room1_mix0275,13,0,0,0,0,330.08
fold2_room1_mix0275,14,0,0,0,0,326.76
fold2_room1_mix0275,15,0,0,0,0,326.49
fold2_room1_mix0275,16,0,0,0,0,326.56
fold2_room1_mix0275,17,0,0,0,0,326.92
fold2_room1_mix0275,18,0,0,0,0,330.03
fold2_room1_mix0275,19,0,0,0,0,333.86
fold2_room1_mix0275,20,0,0,0,0,337.64
fold2_room1_mix0275,21,0,0,0,0,338.54
fold2_room1_mix0275,22,0,0,0,0,338.03
fold2_room1_mix0275,23,0,0,0,0,337.51
fold2_room1_mix0275,24,0,0,0,0,330.76
fold2_room1_mix0275,25,0,0,0,0,318.12
fold2_room1_mix0275,26,0,0,0,0,305.97
fold2_room1_mix0275,27,0,0,0,0,299.36
fold2_room1_mix0275,28,0,0,0,0,303.41
fold2_room1_mix0275,29,0,0,0,0,307.84
fold2_room1_mix0275,30,0,0,0,0,311.20
fold2_room1_mix0275,31,0,0,0,0,309.95
fold2_room1_mix0275,32,0,0,0,0,308.21
fold2_room1_mix0275,33,0,0,0,0,306.43
fold2_room1_mix0275,34,0,0,0,0,304.19
fold2_room1_mix0275,35,0,0,0,0,301.86
fold2_room1_mix0275,36,0,0,0,0,299.58
fold2_room1_mix0275,37,0,0,0,0,298.06
fold2_room1_mix0275,38,0,0,0,0,296.91
fold2_room1_mix0275,39,0,0,0,0,295.77
fold2_room1_mix0275,40,0,0,0,0,297.57
fold2_room1_mix0275,41,0,0,0,0,302.37
fold2_room1_mix0275,42,0,0,0,0,307.24
fold2_room1_mix0275,42,4,0,6,0,1.81
fold2_room1_mix0275,43,0,0,0,0,309.81
fold2_room1_mix0275,43,4,0,7,0,2.46
fold2_room1_mix0275,44,0,0,0,0,307.50
fold2_room1_mix0275,44,4,0,7,0,2.52
fold2_room1_mix0275,45,0,0,0,0,305.06
fold2_room1_mix0275,45,4,0,8,0,2.56
fold2_room1_mix0275,46,0,0,0,0,302.44
fold2_room1_mix0275,46,4,0,9,0,2.79
fold2_room1_mix0275,47,0,0,0,0,299.01
fold2_room1_mix0275,47,4,0,9,0,3.60
fold2_room1_mix0275,48,0,0,0,0,295.53
fold2_room1_mix0275,48,4,0,10,0,4.66
fold2_room1_mix0275,49,0,0,0,0,292.39
fold2_room1_mix0275,49,4,0,11,0,5.97
fold2_room1_mix0275,50,0,0,0,0,292.02
fold2_room1_mix0275,50,4,0,13,0,7.65
fold2_room1_mix0275,51,0,0,0,0,292.33
fold2_room1_mix0275,51,4,0,16,0,9.75
fold2_room1_mix0275,52,0,0,0,0,292.48
fold2_room1_mix0275,52,4,0,18,0,12.27
fold2_room1_mix0275,53,0,0,0,0,287.47
fold2_room1_mix0275,53,4,0,20,0,12.38
fold2_room1_mix0275,54,0,0,0,0,280.13
fold2_room1_mix0275,54,4,0,21,0,11.23
fold2_room1_mix0275,55,0,0,0,0,272.97
fold2_room1_mix0275,55,4,0,23,0,10.18
fold2_room1_mix0275,56,0,0,0,0,267.88
fold2_room1_mix0275,56,4,0,25,-1,9.51
fold2_room1_mix0275,57,0,0,0,0,264.74
fold2_room1_mix0275,57,4,0,26,-1,9.16
fold2_room1_mix0275,58,0,0,0,0,261.63
fold2_room1_mix0275,58,4,0,28,-1,8.83
fold2_room1_mix0275,59,0,0,0,0,260.58
fold2_room1_mix0275,59,4,0,30,-1,8.37
fold2_room1_mix0275,60,0,0,0,0,263.72
fold2_room1_mix0275,60,4,0,31,-1,7.67
fold2_room1_mix0275,61,0,0,0,0,267.03
fold2_room1_mix0275,61,4,0,33,-2,7.02
fold2_room1_mix0275,62,0,0,0,0,269.35
fold2_room1_mix0275,62,4,0,35,-2,6.45
fold2_room1_mix0275,63,0,0,0,0,267.41
fold2_room1_mix0275,63,4,0,38,-2,6.03
fold2_room1_mix0275,64,0,0,0,0,265.04
fold2_room1_mix0275,64,4,0,41,-2,5.65
fold2_room1_mix0275,65,0,0,0,0,263.10
fold2_room1_mix0275,65,4,0,44,-2,5.28
fold2_room1_mix0275,66,0,0,0,0,265.01
fold2_room1_mix0275,66,4,0,50,-2,4.93
fold2_room1_mix0275,67,0,0,0,0,267.88
fold2_room1_mix0275,67,4,0,55,-3,4.59
fold2_room1_mix0275,68,0,0,0,0,270.66
fold2_room1_mix0275,68,4,0,61,-3,4.28
fold2_room1_mix0275,69,0,0,0,0,269.51
fold2_room1_mix0275,69,4,0,68,-3,4.11
fold2_room1_mix0275,70,0,0,0,0,266.49
fold2_room1_mix0275,70,4,0,77,-3,4.00
fold2_room1_mix0275,71,0,0,0,0,263.49
fold2_room1_mix0275,71,4,0,86,-3,3.89
fold2_room1_mix0275,72,0,0,0,0,260.56
fold2_room1_mix0275,72,4,0,95,-3,3.92
fold2_room1_mix0275,73,0,0,0,0,257.67
fold2_room1_mix0275,73,4,0,103,-3,4.08
fold2_room1_mix0275,74,0,0,0,0,254.82
fold2_room1_mix0275,74,4,0,110,-3,4.24
fold2_room1_mix0275,75,0,0,0,0,251.11
fold2_room1_mix0275,75,4,0,117,-3,4.49
fold2_room1_mix0275,76,0,0,0,0,245.64
fold2_room1_mix0275,76,4,0,122,-2,4.93
fold2_room1_mix0275,77,0,0,0,0,240.24
fold2_room1_mix0275,77,4,0,128,-2,5.40
fold2_room1_mix0275,78,0,0,0,0,235.77
fold2_room1_mix0275,78,4,0,133,-2,5.91
fold2_room1_mix0275,79,0,0,0,0,234.74
fold2_room1_mix0275,79,4,0,136,-2,6.47
fold2_room1_mix0275,80,0,0,0,0,234.09
fold2_room1_mix0275,80,4,0,139,-2,7.07
fold2_room1_mix0275,81,0,0,0,0,233.63
fold2_room1_mix0275,81,4,0,142,-2,7.70
fold2_room1_mix0275,82,0,0,0,0,235.03
fold2_room1_mix0275,82,4,0,145,-1,8.19
fold2_room1_mix0275,83,0,0,0,0,236.90
fold2_room1_mix0275,83,4,0,148,-1,8.67
fold2_room1_mix0275,84,0,0,0,0,238.67
fold2_room1_mix0275,84,4,0,151,-1,9.17
fold2_room1_mix0275,85,0,0,0,0,236.90
fold2_room1_mix0275,85,4,0,153,-1,9.60
fold2_room1_mix0275,86,0,0,0,0,233.44
fold2_room1_mix0275,86,4,0,156,-1,10.01
fold2_room1_mix0275,87,0,0,0,0,230.03
fold2_room1_mix0275,87,4,0,158,-1,10.43
fold2_room1_mix0275,88,0,0,0,0,230.67
fold2_room1_mix0275,88,4,0,159,-1,10.48
fold2_room1_mix0275,89,0,0,0,0,235.39
fold2_room1_mix0275,89,4,0,159,0,10.13
fold2_room1_mix0275,90,0,0,0,0,240.22
fold2_room1_mix0275,90,4,0,159,0,9.80
fold2_room1_mix0275,91,0,0,0,0,243.23
fold2_room1_mix0275,91,4,0,160,0,10.58
fold2_room1_mix0275,92,0,0,0,0,242.35
fold2_room1_mix0275,92,4,0,160,0,14.31
fold2_room1_mix0275,93,0,0,0,0,241.36
fold2_room1_mix0275,93,4,0,159,0,19.36
fold2_room1_mix0275,94,0,0,0,0,241.28
fold2_room1_mix0275,94,4,0,159,0,22.31
fold2_room1_mix0275,95,0,0,0,0,244.89
fold2_room1_mix0275,95,4,0,162,0,13.39
fold2_room1_mix0275,96,0,0,0,0,248.97
fold2_room1_mix0275,96,4,0,166,0,7.31
fold2_room1_mix0275,97,0,0,0,0,252.66
fold2_room1_mix0275,97,4,0,164,0,3.83
fold2_room1_mix0275,98,0,0,0,0,251.98
fold2_room1_mix0275,99,0,0,0,0,250.24
fold2_room1_mix0303,3,4,0,175,0,12.70
fold2_room1_mix0303,4,4,0,174,0,50.25
fold2_room1_mix0303,5,4,0,173,0,61.73
fold2_room1_mix0303,6,4,0,174,0,43.67
fold2_room1_mix0303,7,4,0,174,0,30.80
fold2_room1_mix0303,8,4,0,174,0,28.69
fold2_room1_mix0303,9,4,0,174,0,35.33
fold2_room1_mix0303,10,4,0,173,0,43.46
fold2_room1_mix0303,11,4,0,173,0,48.51
fold2_room1_mix0303,12,4,0,173,0,44.37
fold2_room1_mix0303,13,4,0,173,0,40.33
fold2_room1_mix0303,14,4,0,172,0,37.16
fold2_room1_mix0303,15,4,0,172,0,36.22
fold2_room1_mix0303,16,4,0,172,0,35.51
fold2_room1_mix0303,17,4,0,171,0,34.86
fold2_room1_mix0303,18,4,0,172,0,34.62
fold2_room1_mix0303,19,4,0,172,0,34.48
fold2_room1_mix0303,20,4,0,172,0,34.33
fold2_room1_mix0303,21,4,0,172,0,33.90
fold2_room1_mix0303,22,4,0,171,0,33.34
fold2_room1_mix0303,23,4,0,171,-1,32.78
fold2_room1_mix0303,24,3,0,132,-4,3.30
fold2_room1_mix0303,24,4,0,171,-1,32.44
fold2_room1_mix0303,25,3,0,133,-4,5.14
fold2_room1_mix0303,25,4,0,171,-1,32.29
fold2_room1_mix0303,26,3,0,134,-4,7.77
fold2_room1_mix0303,26,4,0,172,-1,32.15
fold2_room1_mix0303,27,3,0,132,-4,9.89
fold2_room1_mix0303,27,4,0,172,-1,31.89
fold2_room1_mix0303,28,3,0,127,-4,9.13
fold2_room1_mix0303,28,4,0,171,-1,31.41
fold2_room1_mix0303,29,3,0,124,-4,8.34
fold2_room1_mix0303,29,4,0,170,-1,30.93
fold2_room1_mix0303,30,3,0,121,-4,7.61
fold2_room1_mix0303,30,4,0,170,-1,30.29
fold2_room1_mix0303,31,3,0,119,-4,6.93
fold2_room1_mix0303,31,4,0,169,-1,28.97
fold2_room1_mix0303,32,3,0,114,-4,6.28
fold2_room1_mix0303,32,3,0,136,-6,6.35
fold2_room1_mix0303,32,4,0,168,-1,27.63
fold2_room1_mix0303,33,3,0,114,-4,5.78
fold2_room1_mix0303,33,4,0,167,-1,26.38
fold2_room1_mix0303,34,3,0,119,-5,6.03
fold2_room1_mix0303,34,4,0,167,-1,25.43
fold2_room1_mix0303,35,3,0,-124,-5,6.56
fold2_room1_mix0303,35,4,0,167,-1,24.56
fold2_room1_mix0303,36,3,0,-110,-3,7.26
fold2_room1_mix0303,36,3,0,-112,-3,7.17
fold2_room1_mix0303,36,4,0,167,-1,23.72
fold2_room1_mix0303,37,3,0,-109,-3,8.49
fold2_room1_mix0303,37,4,0,167,-1,22.27
fold2_room1_mix0303,38,3,0,-106,-2,10.47
fold2_room1_mix0303,38,4,0,166,-1,20.62
fold2_room1_mix0303,39,3,0,-104,-3,12.86
fold2_room1_mix0303,39,4,0,165,-1,19.09
fold2_room1_mix0303,40,3,0,-102,-3,13.98
fold2_room1_mix0303,40,4,0,165,-2,18.03
fold2_room1_mix0303,41,3,0,-100,-2,13.49
fold2_room1_mix0303,41,4,0,165,-2,17.35
fold2_room1_mix0303,42,3,0,-98,-2,13.02
fold2_room1_mix0303,42,4,0,165,-2,16.70
fold2_room1_mix0303,43,3,0,-96,-2,12.58
fold2_room1_mix0303,43,4,0,165,-2,16.01
fold2_room1_mix0303,44,3,0,-96,-2,12.17
fold2_room1_mix0303,44,4,0,164,-2,15.22
fold2_room1_mix0303,45,3,0,-95,-2,11.78
fold2_room1_mix0303,45,4,0,163,-2,14.46
fold2_room1_mix0303,46,3,0,-95,-2,11.46
fold2_room1_mix0303,46,4,0,162,-2,13.72
fold2_room1_mix0303,47,3,0,-93,-2,11.36
fold2_room1_mix0303,47,4,0,161,-2,12.90
fold2_room1_mix0303,48,3,0,-90,-3,11.29
fold2_room1_mix0303,48,4,0,159,-2,12.13
fold2_room1_mix0303,49,3,0,-88,-3,11.17
fold2_room1_mix0303,49,4,0,158,-2,11.38
fold2_room1_mix0303,50,3,0,-89,-3,10.57
fold2_room1_mix0303,50,4,0,156,-2,10.56
fold2_room1_mix0303,51,3,0,-90,-3,9.89
fold2_room1_mix0303,51,4,0,154,-2,9.77
fold2_room1_mix0303,52,3,0,-92,-2,9.17
fold2_room1_mix0303,52,4,0,152,-2,9.03
fold2_room1_mix0303,53,3,0,-92,-2,6.37
fold2_room1_mix0303,53,4,0,149,-3,8.31
fold2_room1_mix0303,54,3,0,-91,-2,3.72
fold2_room1_mix0303,54,4,0,145,-3,7.62
fold2_room1_mix0303,55,4,0,142,-4,6.98
fold2_room1_mix0303,56,4,0,136,-4,6.30
fold2_room1_mix0303,57,4,0,129,-4,5.59
fold2_room1_mix0303,58,4,0,122,-5,4.96
fold2_room1_mix0303,59,4,0,115,-6,4.49
fold2_room1_mix0303,60,4,0,104,-6,4.26
fold2_room1_mix0303,61,4,0,91,-7,4.05
fold2_room1_mix0303,62,4,0,79,-7,3.98
fold2_room1_mix0303,63,4,0,67,-6,4.42
fold2_room1_mix0303,64,4,0,57,-5,4.98
fold2_room1_mix0303,65,4,0,47,-4,5.58
fold2_room1_mix0303,66,4,0,41,-4,6.15
fold2_room1_mix0303,67,4,0,37,-4,6.76
fold2_room1_mix0303,68,4,0,33,-3,7.42
fold2_room1_mix0303,69,4,0,30,-3,8.11
fold2_room1_mix0303,70,4,0,27,-3,8.83
fold2_room1_mix0303,71,4,0,25,-2,9.61
fold2_room1_mix0303,72,4,0,23,-2,10.43
fold2_room1_mix0303,73,4,0,21,-2,11.28
fold2_room1_mix0303,74,4,0,20,-2,12.19
fold2_room1_mix0303,75,4,0,19,-2,13.07
fold2_room1_mix0303,76,4,0,18,-2,13.76
fold2_room1_mix0303,77,4,0,17,-2,14.49
fold2_room1_mix0303,78,4,0,16,-2,15.25
fold2_room1_mix0303,79,4,0,16,-2,16.09
fold2_room1_mix0303,80,4,0,15,-1,16.97
fold2_room1_mix0303,81,4,0,14,-1,17.86
fold2_room1_mix0303,82,4,0,13,-1,18.53
fold2_room1_mix0303,83,4,0,13,-1,19.16
fold2_room1_mix0303,84,4,0,12,-1,19.81
fold2_room1_mix0303,85,4,0,12,-1,20.57
fold2_room1_mix0303,86,4,0,12,-1,21.40
fold2_room1_mix0303,87,4,0,11,-1,22.27
fold2_room1_mix0303,88,4,0,11,-1,23.18
fold2_room1_mix0303,89,4,0,10,-1,24.14
fold2_room1_mix0303,90,4,0,10,-1,25.15
fold2_room1_mix0303,91,4,0,9,-1,26.10
fold2_room1_mix0303,92,4,0,9,-1,26.91
fold2_room1_mix0303,93,4,0,9,0,27.73
fold2_room1_mix0303,94,4,0,9,0,28.47
fold2_room1_mix0303,95,4,0,9,0,28.80
fold2_room1_mix0303,96,4,0,9,0,29.09
fold2_room1_mix0303,97,4,0,9,0,29.47
fold2_room1_mix0303,98,4,0,9,0,30.70
fold2_room1_mix0303,99,4,0,9,0,32.19
fold2_room1_mix0307,2,4,0,-2,0,3.14
fold2_room1_mix0307,3,4,0,-3,0,7.98
fold2_room1_mix0307,4,4,0,-4,0,18.15
fold2_room1_mix0307,5,4,0,-4,0,23.00
fold2_room1_mix0307,6,4,0,-3,0,22.23
fold2_room1_mix0307,7,4,0,-2,0,21.49
fold2_room1_mix0307,8,4,0,-2,0,23.27
fold2_room1_mix0307,9,4,0,-3,0,28.20
fold2_room1_mix0307,10,4,0,-3,0,34.13
fold2_room1_mix0307,11,4,0,-4,0,37.37
fold2_room1_mix0307,12,4,0,-3,0,33.34
fold2_room1_mix0307,13,4,0,-3,0,29.54
fold2_room1_mix0307,14,4,0,-3,0,26.73
fold2_room1_mix0307,15,4,0,-3,0,26.36
fold2_room1_mix0307,16,4,0,-3,0,26.25
fold2_room1_mix0307,17,4,0,-3,0,26.08
fold2_room1_mix0307,18,4,0,-3,0,25.40
fold2_room1_mix0307,19,4,0,-3,0,24.62
fold2_room1_mix0307,20,4,0,-4,0,23.88
fold2_room1_mix0307,21,4,0,-4,0,23.71
fold2_room1_mix0307,22,4,0,-4,0,23.82
fold2_room1_mix0307,23,4,0,-4,0,23.92
fold2_room1_mix0307,24,4,0,-5,0,23.46
fold2_room1_mix0307,25,4,0,-5,0,22.45
fold2_room1_mix0307,26,4,0,-5,-1,21.48
fold2_room1_mix0307,27,4,0,-5,-1,20.78
fold2_room1_mix0307,28,4,0,-5,-1,20.55
fold2_room1_mix0307,29,4,0,-6,-1,20.34
fold2_room1_mix0307,30,4,0,-6,-1,20.11
fold2_room1_mix0307,31,4,0,-6,-1,19.80
fold2_room1_mix0307,32,4,0,-6,-1,19.49
fold2_room1_mix0307,33,4,0,-6,-1,19.17
fold2_room1_mix0307,34,4,0,-6,-1,18.78
fold2_room1_mix0307,35,4,0,-7,-1,18.38
fold2_room1_mix0307,36,4,0,-7,-1,18.00
fold2_room1_mix0307,37,4,0,-7,-1,17.67
fold2_room1_mix0307,38,4,0,-7,-1,17.37
fold2_room1_mix0307,39,4,0,-7,-1,17.08
fold2_room1_mix0307,40,4,0,-7,-1,16.69
fold2_room1_mix0307,41,4,0,-7,-1,16.23
fold2_room1_mix0307,42,4,0,-7,-1,15.78
fold2_room1_mix0307,43,4,0,-8,-1,15.33
fold2_room1_mix0307,44,4,0,-8,-1,14.89
fold2_room1_mix0307,45,4,0,-8,-2,14.48
fold2_room1_mix0307,46,4,0,-8,-2,14.21
fold2_room1_mix0307,47,4,0,-10,-2,14.52
fold2_room1_mix0307,48,4,0,-9,-2,12.59
fold2_room1_mix0307,49,4,0,-9,-2,12.23
fold2_room1_mix0307,50,4,0,-10,-2,11.77
fold2_room1_mix0307,51,4,0,-10,-2,11.31
fold2_room1_mix0307,52,4,0,-12,-2,12.84
fold2_room1_mix0307,53,4,0,-12,-2,12.59
fold2_room1_mix0307,54,4,0,-14,-2,12.62
fold2_room1_mix0307,55,4,0,-15,-2,12.66
fold2_room1_mix0307,56,4,0,-13,-2,9.78
fold2_room1_mix0307,57,4,0,-13,-2,9.40
fold2_room1_mix0307,57,4,0,-157,-2,20.35
fold2_room1_mix0307,58,4,0,-14,-2,9.03
fold2_room1_mix0307,58,4,0,-166,-1,21.97
fold2_room1_mix0307,59,4,0,-14,-2,8.73
fold2_room1_mix0307,59,4,0,-168,-1,23.46
fold2_room1_mix0307,60,4,0,-15,-2,8.53
fold2_room1_mix0307,60,4,0,-168,0,24.48
fold2_room1_mix0307,61,4,0,-15,-2,8.35
fold2_room1_mix0307,61,4,0,-169,0,25.51
fold2_room1_mix0307,62,4,0,-15,-2,8.09
fold2_room1_mix0307,62,4,0,-169,0,26.11
fold2_room1_mix0307,63,4,0,-16,-3,7.55
fold2_room1_mix0307,63,4,0,-169,0,24.79
fold2_room1_mix0307,64,4,0,-17,-3,7.02
fold2_room1_mix0307,64,4,0,-170,0,23.33
fold2_room1_mix0307,65,4,0,-17,-3,6.56
fold2_room1_mix0307,65,4,0,-170,0,21.98
fold2_room1_mix0307,66,4,0,-17,-3,6.54
fold2_room1_mix0307,66,4,0,-170,-1,20.84
fold2_room1_mix0307,67,4,0,-18,-3,6.63
fold2_room1_mix0307,67,4,0,-169,-1,19.80
fold2_room1_mix0307,68,4,0,-18,-3,6.74
fold2_room1_mix0307,68,4,0,-169,-1,18.78
fold2_room1_mix0307,69,4,0,-22,-4,7.08
fold2_room1_mix0307,69,4,0,-168,-1,17.21
fold2_room1_mix0307,70,4,0,-20,-4,5.05
fold2_room1_mix0307,70,4,0,-162,-2,12.84
fold2_room1_mix0307,71,4,0,-21,-5,4.78
fold2_room1_mix0307,71,4,0,-164,-1,12.83
fold2_room1_mix0307,72,4,0,-22,-5,4.47
fold2_room1_mix0307,72,4,0,-164,-2,12.42
fold2_room1_mix0307,73,4,0,-24,-6,4.15
fold2_room1_mix0307,73,4,0,-162,-2,11.52
fold2_room1_mix0307,74,4,0,-25,-6,3.85
fold2_room1_mix0307,74,4,0,-161,-2,10.69
fold2_room1_mix0307,75,4,0,-27,-7,3.54
fold2_room1_mix0307,75,4,0,-160,-2,9.89
fold2_room1_mix0307,76,4,0,-29,-8,3.23
fold2_room1_mix0307,76,4,0,-158,-3,9.09
fold2_room1_mix0307,77,4,0,-31,-9,2.93
fold2_room1_mix0307,77,4,0,-156,-3,8.34
fold2_room1_mix0307,78,4,0,-35,-10,2.65
fold2_room1_mix0307,78,4,0,-153,-3,7.62
fold2_room1_mix0307,79,4,0,-43,-11,2.35
fold2_room1_mix0307,79,4,0,-149,-3,6.87
fold2_room1_mix0307,80,4,0,-52,-13,2.07
fold2_room1_mix0307,80,4,0,-145,-4,6.19
fold2_room1_mix0307,81,4,0,-60,-14,1.83
fold2_room1_mix0307,81,4,0,-139,-4,5.55
fold2_room1_mix0307,82,4,0,-67,-14,1.82
fold2_room1_mix0307,82,4,0,-129,-5,4.78
fold2_room1_mix0307,83,4,0,-75,-14,1.86
fold2_room1_mix0307,83,4,0,-118,-6,4.06
fold2_room1_mix0307,84,4,0,-83,-14,1.90
fold2_room1_mix0307,84,4,0,-106,-8,3.43
fold2_room1_mix0307,85,4,0,-96,-10,2.76
fold2_room1_mix0307,86,4,0,-95,-10,2.71
fold2_room1_mix0307,87,4,0,-94,-10,2.66
fold2_room1_mix0307,88,4,0,-75,-10,2.73
fold2_room1_mix0307,88,4,0,-108,-9,2.72
fold2_room1_mix0307,89,4,0,-67,-8,3.22
fold2_room1_mix0307,89,4,0,-120,-8,2.73
fold2_room1_mix0307,90,4,0,-61,-7,3.77
fold2_room1_mix0307,90,4,0,-130,-8,2.74
fold2_room1_mix0307,91,4,0,-55,-5,4.43
fold2_room1_mix0307,91,4,0,-139,-8,2.80
fold2_room1_mix0307,92,4,0,-49,-5,5.23
fold2_room1_mix0307,92,4,0,-143,-7,2.96
fold2_room1_mix0307,93,4,0,-44,-4,6.16
fold2_room1_mix0307,93,4,0,-146,-6,3.15
fold2_room1_mix0307,94,4,0,-39,-3,7.15
fold2_room1_mix0307,94,4,0,-149,-6,3.34
fold2_room1_mix0307,95,4,0,-34,-3,7.91
fold2_room1_mix0307,95,4,0,-150,-5,3.58
fold2_room1_mix0307,96,4,0,-30,-3,8.70
fold2_room1_mix0307,96,4,0,-152,-5,3.83
fold2_room1_mix0307,97,4,0,-27,-3,9.54
fold2_room1_mix0307,97,4,0,-154,-4,4.11
fold2_room1_mix0307,98,4,0,-24,-2,10.37
fold2_room1_mix0307,98,4,0,-155,-4,4.61
fold2_room1_mix0307,99,4,0,-22,-2,11.24
fold2_room1_mix0307,99,4,0,-156,-4,5.20
fold2_room1_mix0317,16,4,0,-31,-1,3.64
fold2_room1_mix0317,17,4,0,-29,-1,10.41
fold2_room1_mix0317,18,4,0,-31,-1,14.61
fold2_room1_mix0317,19,4,0,-33,-1,17.48
fold2_room1_mix0317,20,4,0,-34,-1,20.79
fold2_room1_mix0317,21,4,0,-35,-1,21.15
fold2_room1_mix0317,22,4,0,-36,-1,19.96
fold2_room1_mix0317,23,4,0,-37,-1,18.84
fold2_room1_mix0317,24,4,0,-38,-1,18.20
fold2_room1_mix0317,25,4,0,-39,-1,18.01
fold2_room1_mix0317,26,4,0,-40,-1,17.82
fold2_room1_mix0317,27,4,0,-41,-1,17.52
fold2_room1_mix0317,28,4,0,-43,-1,17.00
fold2_room1_mix0317,29,4,0,-44,-1,16.49
fold2_room1_mix0317,30,4,0,-46,-1,16.05
fold2_room1_mix0317,31,4,0,-46,-1,15.78
fold2_room1_mix0317,32,4,0,-47,-2,15.54
fold2_room1_mix0317,33,4,0,-48,-2,15.31
fold2_room1_mix0317,34,4,0,-49,-2,15.15
fold2_room1_mix0317,35,4,0,-52,-2,15.01
fold2_room1_mix0317,36,4,0,-54,-2,14.88
fold2_room1_mix0317,37,4,0,-42,-2,16.71
fold2_room1_mix0317,37,4,0,-64,-2,12.03
fold2_room1_mix0317,38,4,0,-29,-1,17.69
fold2_room1_mix0317,38,4,0,-68,-2,11.56
fold2_room1_mix0317,39,4,0,-15,-1,18.73
fold2_room1_mix0317,39,4,0,-74,-3,11.11
fold2_room1_mix0317,40,4,0,-7,-1,18.53
fold2_room1_mix0317,40,4,0,-77,-3,10.46
fold2_room1_mix0317,41,4,0,-6,-1,17.11
fold2_room1_mix0317,41,4,0,-78,-3,9.65
fold2_room1_mix0317,42,4,0,-5,-2,15.80
fold2_room1_mix0317,42,4,0,-80,-3,8.89
fold2_room1_mix0317,43,4,0,-5,-2,15.35
fold2_room1_mix0317,43,4,0,-83,-3,8.48
fold2_room1_mix0317,44,1,0,-46,-2,2.14
fold2_room1_mix0317,44,4,0,-6,-2,16.62
fold2_room1_mix0317,44,4,0,-89,-3,8.69
fold2_room1_mix0317,45,1,0,-46,-2,4.53
fold2_room1_mix0317,45,4,0,-7,-1,18.09
fold2_room1_mix0317,45,4,0,-96,-3,8.93
fold2_room1_mix0317,46,1,0,-47,-2,7.64
fold2_room1_mix0317,46,4,0,-8,-1,19.06
fold2_room1_mix0317,46,4,0,-102,-3,9.12
fold2_room1_mix0317,47,1,0,-51,-3,7.26
fold2_room1_mix0317,47,4,0,-10,-2,17.47
fold2_room1_mix0317,47,4,0,-105,-3,9.11
fold2_room1_mix0317,48,1,0,-57,-3,6.50
fold2_room1_mix0317,48,4,0,-11,-2,15.81
fold2_room1_mix0317,48,4,0,-108,-3,9.09
fold2_room1_mix0317,49,1,0,-64,-3,5.87
fold2_room1_mix0317,49,4,0,-12,-2,14.38
fold2_room1_mix0317,49,4,0,-111,-3,9.10
fold2_room1_mix0317,50,1,0,-80,-4,5.88
fold2_room1_mix0317,50,4,0,-12,-3,13.50
fold2_room1_mix0317,50,4,0,-110,-3,9.48
fold2_room1_mix0317,51,1,0,-104,-4,6.05
fold2_room1_mix0317,51,4,0,-13,-3,12.76
fold2_room1_mix0317,51,4,0,-109,-3,9.96
fold2_room1_mix0317,52,1,0,-124,-3,6.14
fold2_room1_mix0317,52,4,0,-13,-3,12.05
fold2_room1_mix0317,52,4,0,-107,-3,10.47
fold2_room1_mix0317,53,1,0,-129,-3,3.95
fold2_room1_mix0317,53,4,0,-13,-4,10.81
fold2_room1_mix0317,53,4,0,-111,-3,10.73
fold2_room1_mix0317,54,1,0,-129,-3,1.86
fold2_room1_mix0317,54,4,0,-13,-4,9.44
fold2_room1_mix0317,54,4,0,-117,-3,10.88
fold2_room1_mix0317,55,4,0,-13,-4,8.23
fold2_room1_mix0317,55,4,0,-122,-3,11.03
fold2_room1_mix0317,56,4,0,-12,-4,7.46
fold2_room1_mix0317,56,4,0,-124,-2,11.13
fold2_room1_mix0317,57,4,0,-12,-4,7.05
fold2_room1_mix0317,57,4,0,-123,-2,11.19
fold2_room1_mix0317,58,4,0,-11,-4,6.65
fold2_room1_mix0317,58,4,0,-121,-2,11.24
fold2_room1_mix0317,59,4,0,-11,-4,6.13
fold2_room1_mix0317,59,4,0,-121,-2,11.50
fold2_room1_mix0317,60,4,0,-12,-4,5.38
fold2_room1_mix0317,60,4,0,-123,-2,12.19
fold2_room1_mix0317,61,4,0,-13,-4,4.70
fold2_room1_mix0317,61,4,0,-124,-2,12.92
fold2_room1_mix0317,62,4,0,-16,-5,3.99
fold2_room1_mix0317,62,4,0,-127,-1,13.76
fold2_room1_mix0317,63,4,0,-25,-9,2.99
fold2_room1_mix0317,63,4,0,-131,-1,14.85
fold2_room1_mix0317,64,4,0,-35,-13,2.17
fold2_room1_mix0317,64,4,0,-134,0,16.06
fold2_room1_mix0317,65,4,0,-46,-18,1.57
fold2_room1_mix0317,65,4,0,-137,0,17.24
fold2_room1_mix0317,66,4,0,-70,-23,1.56
fold2_room1_mix0317,66,4,0,-139,0,17.40
fold2_room1_mix0317,67,4,0,-109,-23,1.69
fold2_room1_mix0317,67,4,0,-142,0,17.29
fold2_room1_mix0317,68,4,0,-130,-18,1.86
fold2_room1_mix0317,68,4,0,-145,-1,17.06
fold2_room1_mix0317,69,4,0,-137,-15,2.75
fold2_room1_mix0317,69,4,0,-149,-2,13.09
fold2_room1_mix0317,70,4,0,-147,-9,5.93
fold2_room1_mix0317,71,4,0,-155,-6,6.68
fold2_room1_mix0317,72,4,0,-160,-5,7.80
fold2_room1_mix0317,73,4,0,-161,-4,8.49
fold2_room1_mix0317,74,4,0,-162,-4,9.25
fold2_room1_mix0317,75,4,0,-163,-4,9.94
fold2_room1_mix0317,76,4,0,-164,-3,10.39
fold2_room1_mix0317,77,4,0,-165,-3,10.88
fold2_room1_mix0317,78,4,0,-166,-3,11.44
fold2_room1_mix0317,79,4,0,-167,-3,12.21
fold2_room1_mix0317,80,4,0,-157,-2,17.76
fold2_room1_mix0317,80,4,0,-172,-3,10.70
fold2_room1_mix0317,81,4,0,-158,-1,19.01
fold2_room1_mix0317,81,4,0,-173,-3,11.35
fold2_room1_mix0317,82,4,0,-168,-2,14.37
fold2_room1_mix0317,83,4,0,-168,-2,14.79
fold2_room1_mix0317,84,4,0,-168,-2,15.25
fold2_room1_mix0317,85,4,0,-169,-2,15.84
fold2_room1_mix0317,86,4,0,-170,-2,16.51
fold2_room1_mix0317,87,4,0,-171,-2,17.20
fold2_room1_mix0317,88,4,0,-171,-2,17.58
fold2_room1_mix0317,89,4,0,-171,-2,17.63
fold2_room1_mix0317,90,4,0,-171,-1,17.68
fold2_room1_mix0317,91,4,0,-171,-1,18.72
fold2_room1_mix0317,92,4,0,-171,-1,22.15
fold2_room1_mix0317,93,4,0,-170,-1,26.28
fold2_room1_mix0317,94,4,0,-171,-1,25.61
fold2_room1_mix0317,95,4,0,-173,-1,10.94
fold2_room1_mix0317,96,4,0,-175,0,3.93
fold2_room1_mix0322,30,4,0,175,0,5.76
fold2_room1_mix0322,31,4,0,175,0,8.70
fold2_room1_mix0322,32,4,0,175,-1,12.50
fold2_room1_mix0322,33,4,0,175,-1,17.28
fold2_room1_mix0322,34,4,0,175,-1,18.17
fold2_room1_mix0322,35,4,0,175,-1,17.89
fold2_room1_mix0322,36,4,0,174,-1,17.63
fold2_room1_mix0322,37,4,0,174,0,17.63
fold2_room1_mix0322,38,4,0,174,0,17.76
fold2_room1_mix0322,39,4,0,174,0,17.90
fold2_room1_mix0322,40,4,0,174,0,17.74
fold2_room1_mix0322,41,4,0,174,0,17.29
fold2_room1_mix0322,42,4,0,173,0,16.85
fold2_room1_mix0322,43,4,0,173,0,16.36
fold2_room1_mix0322,44,4,0,173,0,15.77
fold2_room1_mix0322,45,4,0,173,0,15.19
fold2_room1_mix0322,46,4,0,173,0,14.59
fold2_room1_mix0322,47,4,0,173,0,13.89
fold2_room1_mix0322,48,4,0,172,0,13.20
fold2_room1_mix0322,49,4,0,172,-1,12.55
fold2_room1_mix0322,50,4,0,171,-1,11.88
fold2_room1_mix0322,51,4,0,171,-1,11.24
fold2_room1_mix0322,52,4,0,170,-1,10.63
fold2_room1_mix0322,53,4,0,170,-1,10.02
fold2_room1_mix0322,54,4,0,169,-1,9.43
fold2_room1_mix0322,55,4,0,169,-1,8.87
fold2_room1_mix0322,56,4,0,168,-1,8.35
fold2_room1_mix0322,57,4,0,167,-1,7.87
fold2_room1_mix0322,58,4,0,166,-2,7.41
fold2_room1_mix0322,59,4,0,166,-2,6.95
fold2_room1_mix0322,60,4,0,164,-2,6.47
fold2_room1_mix0322,61,4,0,163,-2,6.03
fold2_room1_mix0322,62,4,0,162,-2,5.59
fold2_room1_mix0322,63,4,0,160,-3,5.11
fold2_room1_mix0322,64,4,0,159,-3,4.66
fold2_room1_mix0322,65,4,0,157,-3,4.23
fold2_room1_mix0322,66,4,0,154,-4,3.69
fold2_room1_mix0322,67,4,0,150,-4,3.19
fold2_room1_mix0322,68,4,0,146,-5,2.74
fold2_room1_mix0322,69,4,0,136,-6,2.36
fold2_room1_mix0322,70,4,0,125,-6,2.02
fold2_room1_mix0322,71,4,0,113,-8,1.72
fold2_room1_mix0322,72,4,0,98,-8,1.64
fold2_room1_mix0322,73,4,0,79,-8,1.76
fold2_room1_mix0322,74,4,0,62,-7,1.88
fold2_room1_mix0322,75,4,0,51,-6,2.09
fold2_room1_mix0322,76,4,0,44,-5,2.47
fold2_room1_mix0322,77,4,0,37,-4,2.91
fold2_room1_mix0322,78,4,0,30,-4,3.39
fold2_room1_mix0322,79,4,0,27,-3,3.79
fold2_room1_mix0322,80,4,0,24,-3,4.23
fold2_room1_mix0322,81,4,0,21,-2,4.69
fold2_room1_mix0322,82,4,0,19,-2,5.11
fold2_room1_mix0322,83,4,0,17,-2,5.54
fold2_room1_mix0322,84,4,0,16,-2,6.00
fold2_room1_mix0322,85,4,0,15,-2,6.45
fold2_room1_mix0322,86,4,0,14,-2,6.92
fold2_room1_mix0322,87,4,0,13,-2,7.41
fold2_room1_mix0322,88,4,0,12,-1,7.98
fold2_room1_mix0322,89,4,0,11,-1,8.64
fold2_room1_mix0322,90,4,0,10,-1,9.35
fold2_room1_mix0322,91,4,0,10,-1,10.04
fold2_room1_mix0322,92,4,0,9,-1,10.64
fold2_room1_mix0322,93,4,0,9,-1,11.27
fold2_room1_mix0322,94,4,0,8,-1,11.92
fold2_room1_mix0322,95,4,0,8,-1,12.57
fold2_room1_mix0322,96,4,0,7,-1,13.24
fold2_room1_mix0322,97,4,0,7,0,13.93
fold2_room1_mix0322,98,4,0,7,0,14.52
fold2_room1_mix0322,99,4,0,7,-1,15.09
fold2_room1_mix0339,23,4,0,173,0,7.20
fold2_room1_mix0339,24,4,0,172,0,7.55
fold2_room1_mix0339,29,4,0,174,-1,10.29
fold2_room1_mix0339,30,4,0,174,-1,24.92
fold2_room1_mix0339,31,4,0,175,0,29.66
fold2_room1_mix0339,32,4,0,175,0,32.76
fold2_room1_mix0339,33,4,0,175,0,35.84
fold2_room1_mix0339,34,4,0,175,0,35.89
fold2_room1_mix0339,35,4,0,174,0,35.19
fold2_room1_mix0339,36,4,0,174,0,34.53
fold2_room1_mix0339,37,4,0,174,0,34.94
fold2_room1_mix0339,38,1,0,141,-1,3.32
fold2_room1_mix0339,38,4,0,173,0,35.88
fold2_room1_mix0339,39,1,0,140,-1,10.78
fold2_room1_mix0339,39,4,0,173,0,36.84
fold2_room1_mix0339,40,1,0,138,-2,16.82
fold2_room1_mix0339,40,4,0,173,0,36.31
fold2_room1_mix0339,41,1,0,136,-2,13.95
fold2_room1_mix0339,41,4,0,173,0,34.35
fold2_room1_mix0339,42,1,0,134,-2,11.55
fold2_room1_mix0339,42,4,0,173,0,32.48
fold2_room1_mix0339,43,1,0,129,-2,10.22
fold2_room1_mix0339,43,4,0,172,0,31.20
fold2_room1_mix0339,44,1,0,122,-2,10.43
fold2_room1_mix0339,44,4,0,172,0,30.95
fold2_room1_mix0339,45,1,0,118,-2,10.69
fold2_room1_mix0339,45,4,0,171,-1,30.73
fold2_room1_mix0339,46,1,0,114,-2,10.50
fold2_room1_mix0339,46,4,0,171,-1,30.18
fold2_room1_mix0339,47,1,0,109,-2,8.61
fold2_room1_mix0339,47,4,0,171,-1,28.29
fold2_room1_mix0339,48,1,0,103,-2,6.90
fold2_room1_mix0339,48,4,0,172,-1,26.40
fold2_room1_mix0339,49,1,0,95,-3,5.55
fold2_room1_mix0339,49,4,0,172,-1,24.76
fold2_room1_mix0339,50,1,0,88,-3,4.95
fold2_room1_mix0339,50,4,0,172,-1,24.24
fold2_room1_mix0339,51,1,0,82,-2,4.53
fold2_room1_mix0339,51,4,0,171,-1,24.00
fold2_room1_mix0339,52,1,0,76,-2,4.08
fold2_room1_mix0339,52,4,0,171,-1,23.74
fold2_room1_mix0339,53,4,0,171,-1,22.98
fold2_room1_mix0339,54,4,0,171,-1,22.01
fold2_room1_mix0339,55,4,0,171,-2,21.08
fold2_room1_mix0339,56,4,0,171,-2,20.49
fold2_room1_mix0339,57,4,0,171,-1,20.20
fold2_room1_mix0339,58,4,0,171,-1,19.91
fold2_room1_mix0339,59,4,0,171,-1,19.45
fold2_room1_mix0339,60,4,0,171,-1,18.64
fold2_room1_mix0339,61,4,0,170,-2,17.85
fold2_room1_mix0339,62,4,0,170,-2,17.07
fold2_room1_mix0339,63,4,0,169,-2,16.21
fold2_room1_mix0339,64,4,0,169,-2,15.39
fold2_room1_mix0339,65,4,0,168,-2,14.60
fold2_room1_mix0339,66,4,0,168,-2,13.76
fold2_room1_mix0339,67,4,0,167,-2,12.94
fold2_room1_mix0339,68,4,0,166,-2,12.16
fold2_room1_mix0339,69,4,0,165,-3,11.29
fold2_room1_mix0339,70,4,0,164,-3,10.41
fold2_room1_mix0339,71,4,0,162,-3,9.59
fold2_room1_mix0339,72,4,0,161,-4,8.78
fold2_room1_mix0339,73,4,0,158,-4,7.98
fold2_room1_mix0339,74,4,0,156,-4,7.25
fold2_room1_mix0339,75,4,0,154,-5,6.54
fold2_room1_mix0339,76,4,0,150,-6,5.83
fold2_room1_mix0339,77,4,0,146,-6,5.19
fold2_room1_mix0339,78,4,0,140,-7,4.59
fold2_room1_mix0339,79,4,0,131,-8,4.01
fold2_room1_mix0339,80,4,0,122,-9,3.48
fold2_room1_mix0339,81,4,0,112,-11,3.05
fold2_room1_mix0339,82,4,0,99,-12,3.01
fold2_room1_mix0339,83,4,0,82,-12,3.06
fold2_room1_mix0339,84,4,0,68,-11,3.11
fold2_room1_mix0339,85,4,0,58,-10,3.46
fold2_room1_mix0339,86,4,0,50,-8,3.98
fold2_room1_mix0339,87,4,0,41,-7,4.57
fold2_room1_mix0339,88,4,0,34,-6,5.18
fold2_room1_mix0339,89,4,0,30,-5,5.81
fold2_room1_mix0339,90,4,0,27,-5,6.50
fold2_room1_mix0339,91,4,0,24,-4,7.22
fold2_room1_mix0339,92,4,0,22,-4,7.92
fold2_room1_mix0339,93,4,0,21,-4,8.68
fold2_room1_mix0339,94,4,0,19,-4,9.48
fold2_room1_mix0339,95,4,0,18,-3,10.23
fold2_room1_mix0339,96,4,0,17,-3,11.01
fold2_room1_mix0339,97,4,0,16,-3,11.85
fold2_room1_mix0339,98,4,0,14,-2,12.67
fold2_room1_mix0339,99,4,0,13,-2,13.52
fold2_room1_mix0339,17,4,0,174,-1,6.33
fold2_room1_mix0342,44,4,0,175,0,3.58
fold2_room1_mix0342,45,4,0,173,-1,13.49
fold2_room1_mix0342,46,4,0,172,-1,34.21
fold2_room1_mix0342,47,4,0,172,-1,28.00
fold2_room1_mix0342,48,4,0,172,-1,20.25
fold2_room1_mix0342,49,4,0,172,-1,14.97
fold2_room1_mix0342,50,4,0,171,-1,14.18
fold2_room1_mix0342,51,4,0,171,-2,14.27
fold2_room1_mix0342,52,4,0,170,-2,14.33
fold2_room1_mix0342,53,4,0,170,-2,13.52
fold2_room1_mix0342,54,4,0,169,-2,12.37
fold2_room1_mix0342,55,4,0,168,-3,11.31
fold2_room1_mix0342,56,4,0,167,-3,10.25
fold2_room1_mix0342,57,4,0,166,-3,9.21
fold2_room1_mix0342,58,4,0,164,-4,8.27
fold2_room1_mix0342,59,4,0,162,-4,7.35
fold2_room1_mix0342,60,4,0,159,-5,6.41
fold2_room1_mix0342,61,4,0,156,-6,5.56
fold2_room1_mix0342,62,4,0,151,-7,4.77
fold2_room1_mix0342,63,4,0,141,-9,3.90
fold2_room1_mix0342,64,4,0,132,-11,3.15
fold2_room1_mix0342,65,4,0,122,-13,2.57
fold2_room1_mix0342,66,4,0,106,-15,2.45
fold2_room1_mix0342,67,4,0,81,-16,2.43
fold2_room1_mix0342,68,4,0,61,-14,2.43
fold2_room1_mix0342,69,4,0,50,-12,2.89
fold2_room1_mix0342,70,4,0,41,-9,3.68
fold2_room1_mix0342,71,4,0,30,-7,4.64
fold2_room1_mix0342,72,4,0,23,-5,5.54
fold2_room1_mix0342,73,4,0,21,-5,6.29
fold2_room1_mix0342,74,4,0,18,-5,7.14
fold2_room1_mix0342,75,4,0,16,-4,8.04
fold2_room1_mix0342,76,4,0,15,-4,8.94
fold2_room1_mix0342,77,4,0,14,-3,9.93
fold2_room1_mix0342,78,4,0,12,-3,10.96
fold2_room1_mix0342,79,4,0,12,-3,11.88
fold2_room1_mix0342,80,4,0,11,-2,12.84
fold2_room1_mix0342,81,4,0,10,-2,13.83
fold2_room1_mix0342,82,4,0,9,-2,14.38
fold2_room1_mix0342,83,4,0,9,-2,14.82
fold2_room1_mix0342,84,4,0,8,-2,15.32
fold2_room1_mix0342,85,4,0,8,-2,17.25
fold2_room1_mix0342,86,4,0,8,-2,20.22
fold2_room1_mix0342,87,4,0,8,-1,23.67
fold2_room1_mix0342,88,4,0,8,-1,20.08
fold2_room1_mix0342,89,4,0,6,-1,12.23
fold2_room1_mix0342,90,4,0,5,-1,7.30
fold2_room1_mix0343,0,2,0,-58,-1,15.66
fold2_room1_mix0343,1,2,0,-58,-1,15.63
fold2_room1_mix0343,2,2,0,-58,-1,15.37
fold2_room1_mix0343,2,4,0,7,0,7.04
fold2_room1_mix0343,3,2,0,-57,-1,15.06
fold2_room1_mix0343,3,4,0,11,0,18.50
fold2_room1_mix0343,4,2,0,-57,-1,14.41
fold2_room1_mix0343,4,4,0,15,-1,45.18
fold2_room1_mix0343,5,2,0,-58,-1,5.96
fold2_room1_mix0343,5,4,0,16,-1,49.28
fold2_room1_mix0343,6,4,0,15,-1,36.55
fold2_room1_mix0343,7,4,0,14,-1,27.05
fold2_room1_mix0343,8,4,0,14,-1,24.11
fold2_room1_mix0343,9,4,0,13,-1,25.96
fold2_room1_mix0343,10,2,0,-61,-1,3.80
fold2_room1_mix0343,10,4,0,13,-1,27.94
fold2_room1_mix0343,11,2,0,-60,-1,9.72
fold2_room1_mix0343,11,4,0,13,-1,29.14
fold2_room1_mix0343,12,2,0,-62,-1,14.55
fold2_room1_mix0343,12,4,0,13,-1,28.48
fold2_room1_mix0343,13,2,0,-61,-2,21.27
fold2_room1_mix0343,13,4,0,14,-1,27.78
fold2_room1_mix0343,14,2,0,-62,-2,22.75
fold2_room1_mix0343,14,4,0,15,-1,27.13
fold2_room1_mix0343,15,2,0,-67,-1,6.54
fold2_room1_mix0343,15,4,0,15,-1,26.61
fold2_room1_mix0343,16,4,0,14,-1,26.11
fold2_room1_mix0343,17,4,0,14,-1,25.65
fold2_room1_mix0343,18,4,0,14,-1,25.46
fold2_room1_mix0343,19,4,0,14,-1,25.32
fold2_room1_mix0343,20,4,0,15,-1,25.19
fold2_room1_mix0343,21,2,0,-78,-1,4.45
fold2_room1_mix0343,21,4,0,13,-1,22.47
fold2_room1_mix0343,22,2,0,-75,-1,10.67
fold2_room1_mix0343,22,4,0,13,-1,21.98
fold2_room1_mix0343,23,2,0,-71,-2,24.00
fold2_room1_mix0343,23,4,0,13,-1,21.50
fold2_room1_mix0343,24,2,0,-72,-2,19.58
fold2_room1_mix0343,24,4,0,13,-1,21.17
fold2_room1_mix0343,25,2,0,-78,-1,5.51
fold2_room1_mix0343,25,4,0,13,-1,20.99
fold2_room1_mix0343,26,2,0,-83,0,1.06
fold2_room1_mix0343,26,4,0,13,-1,20.81
fold2_room1_mix0343,26,4,0,166,-2,31.11
fold2_room1_mix0343,27,4,0,13,-1,20.67
fold2_room1_mix0343,27,4,0,167,-2,30.84
fold2_room1_mix0343,28,4,0,14,-1,20.59
fold2_room1_mix0343,29,4,0,15,-1,20.52
fold2_room1_mix0343,30,4,0,16,-1,20.40
fold2_room1_mix0343,31,2,0,-86,-1,2.60
fold2_room1_mix0343,31,4,0,16,-1,20.09
fold2_room1_mix0343,32,2,0,-82,-1,8.97
fold2_room1_mix0343,32,4,0,18,-1,21.37
fold2_room1_mix0343,33,2,0,-78,-2,23.10
fold2_room1_mix0343,33,4,0,18,-1,20.77
fold2_room1_mix0343,34,2,0,-80,-2,15.79
fold2_room1_mix0343,34,4,0,17,-1,19.46
fold2_room1_mix0343,35,2,0,-84,-1,7.64
fold2_room1_mix0343,35,4,0,17,-1,19.51
fold2_room1_mix0343,36,2,0,-86,-2,3.45
fold2_room1_mix0343,36,4,0,17,-1,19.55
fold2_room1_mix0343,37,4,0,18,-1,19.15
fold2_room1_mix0343,37,4,0,156,-3,22.88
fold2_room1_mix0343,38,4,0,19,-1,18.54
fold2_room1_mix0343,38,4,0,166,-2,22.79
fold2_room1_mix0343,39,4,0,20,-1,17.96
fold2_room1_mix0343,39,4,0,169,-1,22.69
fold2_room1_mix0343,40,4,0,21,-1,17.59
fold2_room1_mix0343,40,4,0,171,-1,22.08
fold2_room1_mix0343,41,2,0,-91,-1,2.35
fold2_room1_mix0343,41,4,0,21,-1,17.43
fold2_room1_mix0343,41,4,0,172,-1,20.98
fold2_room1_mix0343,42,2,0,-90,-2,9.72
fold2_room1_mix0343,42,4,0,21,-1,17.27
fold2_room1_mix0343,42,4,0,173,-1,19.93
fold2_room1_mix0343,43,2,0,-91,-2,20.07
fold2_room1_mix0343,43,4,0,22,-1,16.98
fold2_room1_mix0343,43,4,0,174,-1,18.88
fold2_room1_mix0343,44,2,0,-92,-2,14.21
fold2_room1_mix0343,44,4,0,21,-1,16.44
fold2_room1_mix0343,44,4,0,173,-1,17.76
fold2_room1_mix0343,45,2,0,-94,-2,9.65
fold2_room1_mix0343,45,4,0,21,-1,15.91
fold2_room1_mix0343,45,4,0,172,-1,16.70
fold2_room1_mix0343,46,2,0,-96,-2,5.77
fold2_room1_mix0343,46,4,0,21,-1,15.45
fold2_room1_mix0343,46,4,0,171,-1,15.76
fold2_room1_mix0343,47,4,0,22,-1,15.23
fold2_room1_mix0343,47,4,0,171,-1,15.08
fold2_room1_mix0343,48,4,0,23,-1,15.03
fold2_room1_mix0343,48,4,0,171,-2,14.46
fold2_room1_mix0343,49,4,0,24,-1,14.83
fold2_room1_mix0343,49,4,0,171,-2,13.80
fold2_room1_mix0343,50,4,0,24,-1,14.62
fold2_room1_mix0343,50,4,0,170,-2,12.68
fold2_room1_mix0343,51,2,0,-99,-1,2.21
fold2_room1_mix0343,51,4,0,25,-1,14.41
fold2_room1_mix0343,51,4,0,169,-2,11.53
fold2_room1_mix0343,52,2,0,-100,-1,7.93
fold2_room1_mix0343,52,4,0,25,-2,14.20
fold2_room1_mix0343,52,4,0,168,-2,10.47
fold2_room1_mix0343,53,2,0,-102,-2,12.74
fold2_room1_mix0343,53,4,0,26,-2,13.90
fold2_room1_mix0343,53,4,0,167,-3,9.32
fold2_room1_mix0343,54,2,0,-104,-2,14.86
fold2_room1_mix0343,54,4,0,27,-2,13.55
fold2_room1_mix0343,54,4,0,166,-3,8.19
fold2_room1_mix0343,55,2,0,-106,-2,17.30
fold2_room1_mix0343,55,4,0,28,-2,13.21
fold2_room1_mix0343,55,4,0,164,-3,7.19
fold2_room1_mix0343,56,2,0,-105,-1,10.21
fold2_room1_mix0343,56,4,0,29,-2,12.74
fold2_room1_mix0343,56,4,0,160,-4,6.02
fold2_room1_mix0343,57,2,0,-102,-1,2.64
fold2_room1_mix0343,57,4,0,30,-2,12.17
fold2_room1_mix0343,57,4,0,154,-6,4.77
fold2_room1_mix0343,58,4,0,31,-2,11.61
fold2_room1_mix0343,58,4,0,149,-8,3.75
fold2_room1_mix0343,59,4,0,33,-3,10.97
fold2_room1_mix0343,59,4,0,143,-9,3.03
fold2_room1_mix0343,60,4,0,37,-3,10.15
fold2_room1_mix0343,60,4,0,132,-11,2.64
fold2_room1_mix0343,61,4,0,41,-4,9.40
fold2_room1_mix0343,61,4,0,114,-14,2.30
fold2_room1_mix0343,62,2,0,-101,-2,4.64
fold2_room1_mix0343,62,4,0,46,-4,8.68
fold2_room1_mix0343,62,4,0,87,-15,2.25
fold2_room1_mix0343,63,2,0,-103,-2,8.83
fold2_room1_mix0343,63,4,0,43,-4,7.83
fold2_room1_mix0343,63,4,0,69,-11,3.57
fold2_room1_mix0343,64,2,0,-108,-2,15.91
fold2_room1_mix0343,64,4,0,44,-5,6.59
fold2_room1_mix0343,65,2,0,-111,-2,24.36
fold2_room1_mix0343,65,4,0,39,-3,7.10
fold2_room1_mix0343,66,2,0,-107,-1,9.75
fold2_room1_mix0343,66,4,0,39,-3,7.44
fold2_room1_mix0343,67,2,0,-100,-1,2.35
fold2_room1_mix0343,67,4,0,40,-3,7.70
fold2_room1_mix0343,68,4,0,28,-4,7.08
fold2_room1_mix0343,68,4,0,47,-3,8.42
fold2_room1_mix0343,69,4,0,28,-4,7.51
fold2_room1_mix0343,69,4,0,49,-3,8.56
fold2_room1_mix0343,70,4,0,28,-3,7.96
fold2_room1_mix0343,70,4,0,51,-2,8.65
fold2_room1_mix0343,71,4,0,29,-3,8.44
fold2_room1_mix0343,71,4,0,53,-2,8.73
fold2_room1_mix0343,72,4,0,28,-3,8.93
fold2_room1_mix0343,72,4,0,57,-2,8.76
fold2_room1_mix0343,73,2,0,-107,-1,5.95
fold2_room1_mix0343,73,4,0,27,-3,9.44
fold2_room1_mix0343,73,4,0,60,-2,8.72
fold2_room1_mix0343,74,2,0,-113,-1,15.64
fold2_room1_mix0343,74,4,0,25,-2,9.97
fold2_room1_mix0343,74,4,0,65,-2,8.69
fold2_room1_mix0343,75,2,0,-116,-2,22.86
fold2_room1_mix0343,75,4,0,23,-2,10.80
fold2_room1_mix0343,75,4,0,69,-2,8.59
fold2_room1_mix0343,76,2,0,-112,-1,10.88
fold2_room1_mix0343,76,4,0,21,-2,12.35
fold2_room1_mix0343,76,4,0,74,-2,8.38
fold2_room1_mix0343,77,2,0,-109,-1,4.73
fold2_room1_mix0343,77,4,0,19,-1,14.11
fold2_room1_mix0343,77,4,0,78,-2,8.16
fold2_room1_mix0343,78,4,0,17,-1,15.98
fold2_room1_mix0343,78,4,0,83,-2,8.01
fold2_room1_mix0343,79,4,0,15,-1,17.47
fold2_room1_mix0343,79,4,0,86,-2,8.12
fold2_room1_mix0343,80,4,0,14,-1,19.02
fold2_room1_mix0343,80,4,0,89,-2,8.25
fold2_room1_mix0343,81,4,0,13,-1,20.62
fold2_room1_mix0343,81,4,0,92,-2,8.35
fold2_room1_mix0343,82,4,0,13,-1,21.60
fold2_room1_mix0343,82,4,0,95,-2,8.11
fold2_room1_mix0343,83,2,0,-114,-1,4.73
fold2_room1_mix0343,83,4,0,13,0,22.44
fold2_room1_mix0343,83,4,0,98,-2,7.79
fold2_room1_mix0343,84,2,0,-121,-1,16.82
fold2_room1_mix0343,84,4,0,12,0,23.30
fold2_room1_mix0343,84,4,0,101,-3,7.49
fold2_room1_mix0343,85,2,0,-121,-1,17.97
fold2_room1_mix0343,85,4,0,12,0,23.81
fold2_room1_mix0343,85,4,0,105,-3,7.55
fold2_room1_mix0343,86,2,0,-118,-2,11.01
fold2_room1_mix0343,86,4,0,12,0,24.15
fold2_room1_mix0343,86,4,0,109,-2,7.79
fold2_room1_mix0343,87,2,0,-117,-2,6.60
fold2_room1_mix0343,87,4,0,12,0,24.49
fold2_room1_mix0343,87,4,0,113,-2,8.03
fold2_room1_mix0343,88,4,0,12,0,25.08
fold2_room1_mix0343,88,4,0,116,-2,8.34
fold2_room1_mix0343,89,4,0,11,0,25.94
fold2_room1_mix0343,89,4,0,119,-2,8.72
fold2_room1_mix0343,90,4,0,10,0,26.83
fold2_room1_mix0343,90,4,0,122,-2,9.11
fold2_room1_mix0343,91,4,0,10,0,27.19
fold2_room1_mix0343,91,4,0,124,-2,9.41
fold2_room1_mix0343,92,4,0,10,0,26.44
fold2_room1_mix0343,92,4,0,125,-2,9.51
fold2_room1_mix0343,93,2,0,-123,-1,6.13
fold2_room1_mix0343,93,4,0,10,0,25.68
fold2_room1_mix0343,93,4,0,126,-2,9.59
fold2_room1_mix0343,94,2,0,-125,-1,18.32
fold2_room1_mix0343,94,4,0,11,0,25.02
fold2_room1_mix0343,94,4,0,127,-2,9.67
fold2_room1_mix0343,95,2,0,-125,-2,20.54
fold2_room1_mix0343,95,4,0,10,0,24.68
fold2_room1_mix0343,95,4,0,128,-2,9.71
fold2_room1_mix0343,96,2,0,-124,-2,20.81
fold2_room1_mix0343,96,4,0,10,0,24.38
fold2_room1_mix0343,96,4,0,129,-2,9.74
fold2_room1_mix0343,97,2,0,-124,-2,17.95
fold2_room1_mix0343,97,4,0,10,0,24.11
fold2_room1_mix0343,97,4,0,129,-2,9.80
fold2_room1_mix0343,98,2,0,-129,-1,3.00
fold2_room1_mix0343,98,4,0,13,0,24.06
fold2_room1_mix0343,98,4,0,130,-2,10.05
fold2_room1_mix0343,99,4,0,16,0,24.06
fold2_room1_mix0343,99,4,0,132,-2,10.37
fold2_room1_mix0346,33,4,0,164,0,7.91
fold2_room1_mix0346,34,4,0,164,0,12.81
fold2_room1_mix0346,35,4,0,163,0,19.19
fold2_room1_mix0346,36,4,0,162,0,28.28
fold2_room1_mix0346,37,4,0,161,0,30.96
fold2_room1_mix0346,38,4,0,161,0,29.40
fold2_room1_mix0346,39,4,0,161,0,27.92
fold2_room1_mix0346,40,4,0,160,0,26.90
fold2_room1_mix0346,41,4,0,160,0,26.29
fold2_room1_mix0346,42,4,0,159,-1,25.69
fold2_room1_mix0346,43,4,0,159,-1,25.23
fold2_room1_mix0346,44,4,0,159,-1,25.03
fold2_room1_mix0346,45,4,0,158,-1,24.84
fold2_room1_mix0346,46,4,0,158,-1,24.52
fold2_room1_mix0346,47,4,0,157,-1,23.67
fold2_room1_mix0346,48,4,0,156,-1,22.80
fold2_room1_mix0346,49,4,0,155,-1,21.98
fold2_room1_mix0346,50,4,0,154,-1,21.46
fold2_room1_mix0346,51,4,0,152,-1,21.00
fold2_room1_mix0346,52,4,0,151,-1,20.55
fold2_room1_mix0346,53,4,0,150,-1,19.82
fold2_room1_mix0346,54,4,0,150,-1,18.97
fold2_room1_mix0346,55,4,0,149,-1,18.16
fold2_room1_mix0346,56,4,0,148,-1,17.56
fold2_room1_mix0346,57,4,0,147,-1,17.15
fold2_room1_mix0346,58,4,0,146,-1,16.74
fold2_room1_mix0346,59,4,0,144,-1,16.31
fold2_room1_mix0346,60,4,0,143,-1,15.81
fold2_room1_mix0346,61,4,0,143,-1,15.32
fold2_room1_mix0346,62,4,0,142,-1,14.87
fold2_room1_mix0346,63,4,0,141,-1,14.50
fold2_room1_mix0346,64,4,0,140,-1,14.16
fold2_room1_mix0346,65,4,0,139,-1,13.82
fold2_room1_mix0346,66,4,0,138,-1,13.42
fold2_room1_mix0346,67,4,0,136,-1,13.03
fold2_room1_mix0346,68,4,0,135,-1,12.64
fold2_room1_mix0346,69,4,0,134,-1,12.24
fold2_room1_mix0346,70,4,0,132,-1,11.84
fold2_room1_mix0346,71,4,0,130,-2,11.45
fold2_room1_mix0346,72,4,0,128,-2,11.08
fold2_room1_mix0346,73,4,0,126,-2,10.72
fold2_room1_mix0346,74,4,0,124,-2,10.37
fold2_room1_mix0346,75,4,0,122,-2,10.06
fold2_room1_mix0346,76,4,0,118,-2,9.80
fold2_room1_mix0346,77,4,0,115,-2,9.55
fold2_room1_mix0346,78,4,0,111,-2,9.31
fold2_room1_mix0346,79,4,0,108,-2,9.13
fold2_room1_mix0346,80,4,0,104,-2,8.96
fold2_room1_mix0346,81,4,0,101,-2,8.79
fold2_room1_mix0346,82,4,0,97,-2,8.68
fold2_room1_mix0346,83,4,0,94,-2,8.57
fold2_room1_mix0346,84,4,0,91,-2,8.48
fold2_room1_mix0346,85,4,0,87,-2,8.47
fold2_room1_mix0346,86,4,0,83,-2,8.51
fold2_room1_mix0346,87,4,0,79,-2,8.54
fold2_room1_mix0346,88,4,0,75,-2,8.67
fold2_room1_mix0346,89,4,0,71,-2,8.89
fold2_room1_mix0346,90,4,0,67,-2,9.12
fold2_room1_mix0346,91,4,0,64,-2,9.34
fold2_room1_mix0346,92,4,0,62,-2,9.53
fold2_room1_mix0346,93,4,0,59,-2,9.73
fold2_room1_mix0346,94,4,0,57,-1,9.94
fold2_room1_mix0346,95,4,0,55,-2,10.20
fold2_room1_mix0346,96,4,0,52,-2,10.47
fold2_room1_mix0346,97,4,0,49,-2,10.76
fold2_room1_mix0346,98,4,0,47,-2,11.16
fold2_room1_mix0346,99,4,0,45,-1,11.60
fold2_room1_mix0347,0,5,0,-67,8,6.55
fold2_room1_mix0347,1,5,0,-67,8,6.55
fold2_room1_mix0347,2,5,0,-67,8,6.52
fold2_room1_mix0347,3,5,0,-66,8,6.50
fold2_room1_mix0347,4,5,0,-66,8,6.47
fold2_room1_mix0347,5,5,0,-67,8,6.48
fold2_room1_mix0347,6,5,0,-68,8,6.51
fold2_room1_mix0347,7,5,0,-69,8,6.53
fold2_room1_mix0347,8,5,0,-69,8,6.53
fold2_room1_mix0347,9,5,0,-69,9,6.48
fold2_room1_mix0347,10,5,0,-69,9,6.44
fold2_room1_mix0347,11,5,0,-69,9,6.42
fold2_room1_mix0347,12,5,0,-70,9,6.44
fold2_room1_mix0347,13,5,0,-70,9,6.47
fold2_room1_mix0347,14,5,0,-70,9,6.48
fold2_room1_mix0347,15,5,0,-69,9,6.43
fold2_room1_mix0347,16,5,0,-69,9,6.37
fold2_room1_mix0347,17,5,0,-69,9,6.33
fold2_room1_mix0347,18,5,0,-69,9,6.37
fold2_room1_mix0347,19,5,0,-69,9,6.43
fold2_room1_mix0347,20,5,0,-69,9,6.49
fold2_room1_mix0347,21,5,0,-68,9,6.52
fold2_room1_mix0347,22,5,0,-68,9,6.52
fold2_room1_mix0347,23,5,0,-67,9,6.53
fold2_room1_mix0347,24,5,0,-67,9,6.53
fold2_room1_mix0347,25,5,0,-67,8,6.50
fold2_room1_mix0347,26,5,0,-67,8,6.48
fold2_room1_mix0347,27,5,0,-67,8,6.47
fold2_room1_mix0347,28,5,0,-67,8,6.50
fold2_room1_mix0347,29,5,0,-67,8,6.52
fold2_room1_mix0347,30,5,0,-67,8,6.55
fold2_room1_mix0347,31,5,0,-67,8,6.58
fold2_room1_mix0347,32,4,0,-5,-1,4.35
fold2_room1_mix0347,32,5,0,-66,8,6.62
fold2_room1_mix0347,33,4,0,-6,-1,10.98
fold2_room1_mix0347,33,5,0,-66,8,6.65
fold2_room1_mix0347,34,4,0,-6,-1,15.55
fold2_room1_mix0347,34,5,0,-66,8,6.58
fold2_room1_mix0347,35,4,0,-7,-1,18.87
fold2_room1_mix0347,35,5,0,-66,8,6.49
fold2_room1_mix0347,36,4,0,-7,-2,22.74
fold2_room1_mix0347,36,5,0,-66,8,6.40
fold2_room1_mix0347,37,4,0,-7,-1,22.45
fold2_room1_mix0347,37,5,0,-66,8,6.43
fold2_room1_mix0347,38,4,0,-7,-1,21.19
fold2_room1_mix0347,38,4,0,-172,-1,24.68
fold2_room1_mix0347,38,5,0,-66,8,6.53
fold2_room1_mix0347,39,4,0,-6,-1,20.00
fold2_room1_mix0347,39,4,0,-174,-1,24.03
fold2_room1_mix0347,39,5,0,-66,8,6.63
fold2_room1_mix0347,40,4,0,-6,-1,19.34
fold2_room1_mix0347,40,4,0,-174,0,23.57
fold2_room1_mix0347,40,5,0,-66,8,6.67
fold2_room1_mix0347,41,4,0,-6,-1,19.16
fold2_room1_mix0347,41,4,0,-173,-1,23.28
fold2_room1_mix0347,41,5,0,-66,8,6.65
fold2_room1_mix0347,42,4,0,-7,-1,18.98
fold2_room1_mix0347,42,4,0,-172,-1,22.99
fold2_room1_mix0347,42,5,0,-66,8,6.63
fold2_room1_mix0347,43,4,0,-7,-1,18.76
fold2_room1_mix0347,43,4,0,-172,-1,22.38
fold2_room1_mix0347,43,5,0,-65,8,6.66
fold2_room1_mix0347,44,4,0,-6,-1,18.43
fold2_room1_mix0347,44,4,0,-171,-1,21.13
fold2_room1_mix0347,44,5,0,-65,8,6.79
fold2_room1_mix0347,45,4,0,-6,-1,18.10
fold2_room1_mix0347,45,4,0,-171,-1,19.93
fold2_room1_mix0347,45,5,0,-64,8,6.92
fold2_room1_mix0347,46,4,0,-6,-1,17.68
fold2_room1_mix0347,46,4,0,-170,-1,18.81
fold2_room1_mix0347,46,5,0,-64,8,7.02
fold2_room1_mix0347,47,4,0,-6,-1,16.87
fold2_room1_mix0347,47,4,0,-170,-1,17.82
fold2_room1_mix0347,47,5,0,-64,8,6.97
fold2_room1_mix0347,48,4,0,-6,-1,16.05
fold2_room1_mix0347,48,4,0,-170,-1,16.88
fold2_room1_mix0347,48,5,0,-64,9,6.91
fold2_room1_mix0347,49,4,0,-6,-1,15.31
fold2_room1_mix0347,49,4,0,-169,-1,15.99
fold2_room1_mix0347,49,5,0,-65,9,6.85
fold2_room1_mix0347,50,4,0,-6,-1,15.00
fold2_room1_mix0347,50,4,0,-169,-1,15.12
fold2_room1_mix0347,50,5,0,-66,9,6.84
fold2_room1_mix0347,51,4,0,-6,-1,14.80
fold2_room1_mix0347,51,4,0,-168,-1,14.28
fold2_room1_mix0347,51,5,0,-67,9,6.84
fold2_room1_mix0347,52,4,0,-6,-2,14.58
fold2_room1_mix0347,52,4,0,-167,-2,13.48
fold2_room1_mix0347,52,5,0,-67,9,6.85
fold2_room1_mix0347,53,4,0,-6,-2,13.99
fold2_room1_mix0347,53,4,0,-166,-2,12.36
fold2_room1_mix0347,53,5,0,-68,9,6.85
fold2_room1_mix0347,54,4,0,-7,-1,13.24
fold2_room1_mix0347,54,4,0,-165,-2,11.17
fold2_room1_mix0347,54,5,0,-67,9,6.85
fold2_room1_mix0347,55,4,0,-7,-1,12.53
fold2_room1_mix0347,55,4,0,-165,-2,10.09
fold2_room1_mix0347,55,5,0,-67,9,6.86
fold2_room1_mix0347,56,4,0,-8,-2,11.94
fold2_room1_mix0347,56,4,0,-164,-2,9.24
fold2_room1_mix0347,56,5,0,-66,9,6.85
fold2_room1_mix0347,57,4,0,-8,-2,11.46
fold2_room1_mix0347,57,4,0,-162,-3,8.57
fold2_room1_mix0347,57,5,0,-65,9,6.84
fold2_room1_mix0347,58,4,0,-9,-2,11.00
fold2_room1_mix0347,58,4,0,-160,-3,7.95
fold2_room1_mix0347,58,5,0,-65,9,6.82
fold2_room1_mix0347,59,4,0,-9,-2,10.56
fold2_room1_mix0347,59,4,0,-159,-3,7.31
fold2_room1_mix0347,59,5,0,-64,9,6.81
fold2_room1_mix0347,60,4,0,-10,-2,10.17
fold2_room1_mix0347,60,4,0,-157,-4,6.61
fold2_room1_mix0347,60,5,0,-64,9,6.79
fold2_room1_mix0347,61,4,0,-11,-2,9.79
fold2_room1_mix0347,61,4,0,-155,-4,5.97
fold2_room1_mix0347,61,5,0,-64,9,6.77
fold2_room1_mix0347,62,4,0,-12,-3,9.36
fold2_room1_mix0347,62,4,0,-153,-4,5.32
fold2_room1_mix0347,62,5,0,-64,9,6.75
fold2_room1_mix0347,63,4,0,-12,-2,8.74
fold2_room1_mix0347,63,4,0,-148,-5,4.55
fold2_room1_mix0347,63,5,0,-64,9,6.74
fold2_room1_mix0347,64,4,0,-12,-2,8.14
fold2_room1_mix0347,64,4,0,-143,-7,3.85
fold2_room1_mix0347,64,5,0,-63,9,6.73
fold2_room1_mix0347,65,4,0,-12,-2,7.62
fold2_room1_mix0347,65,4,0,-137,-8,3.25
fold2_room1_mix0347,65,5,0,-63,9,6.72
fold2_room1_mix0347,66,4,0,-13,-2,7.44
fold2_room1_mix0347,66,4,0,-126,-10,2.77
fold2_room1_mix0347,66,5,0,-62,9,6.68
fold2_room1_mix0347,67,4,0,-13,-2,7.35
fold2_room1_mix0347,67,4,0,-114,-12,2.36
fold2_room1_mix0347,67,5,0,-62,8,6.63
fold2_room1_mix0347,68,4,0,-14,-2,7.24
fold2_room1_mix0347,68,4,0,-99,-14,2.01
fold2_room1_mix0347,68,5,0,-61,8,6.59
fold2_room1_mix0347,69,4,0,-15,-3,6.66
fold2_room1_mix0347,69,4,0,-83,-14,2.18
fold2_room1_mix0347,69,5,0,-61,8,6.63
fold2_room1_mix0347,70,4,0,-16,-4,5.92
fold2_room1_mix0347,70,4,0,-69,-11,2.64
fold2_room1_mix0347,70,5,0,-61,8,6.73
fold2_room1_mix0347,71,4,0,-18,-6,5.28
fold2_room1_mix0347,71,4,0,-58,-9,3.17
fold2_room1_mix0347,71,5,0,-61,8,6.82
fold2_room1_mix0347,72,4,0,-21,-7,4.80
fold2_room1_mix0347,72,4,0,-51,-8,3.62
fold2_room1_mix0347,72,5,0,-61,8,6.83
fold2_room1_mix0347,73,4,0,-32,-7,4.27
fold2_room1_mix0347,73,5,0,-61,8,6.76
fold2_room1_mix0347,74,4,0,-31,-7,4.16
fold2_room1_mix0347,74,5,0,-61,8,6.69
fold2_room1_mix0347,75,4,0,-31,-7,4.11
fold2_room1_mix0347,75,5,0,-61,9,6.67
fold2_room1_mix0347,76,4,0,-30,-7,4.15
fold2_room1_mix0347,76,5,0,-61,8,6.76
fold2_room1_mix0347,77,4,0,-19,-5,5.38
fold2_room1_mix0347,77,4,0,-35,-7,3.62
fold2_room1_mix0347,77,5,0,-61,8,6.86
fold2_room1_mix0347,78,4,0,-17,-5,6.03
fold2_room1_mix0347,78,4,0,-35,-8,3.41
fold2_room1_mix0347,78,5,0,-60,8,6.93
fold2_room1_mix0347,79,4,0,-15,-4,6.95
fold2_room1_mix0347,79,4,0,-39,-9,3.05
fold2_room1_mix0347,79,5,0,-60,8,6.93
fold2_room1_mix0347,80,4,0,-13,-4,8.01
fold2_room1_mix0347,80,4,0,-44,-10,2.71
fold2_room1_mix0347,80,5,0,-60,8,6.92
fold2_room1_mix0347,81,4,0,-12,-3,9.19
fold2_room1_mix0347,81,4,0,-48,-11,2.40
fold2_room1_mix0347,81,5,0,-60,8,6.92
fold2_room1_mix0347,82,4,0,-12,-2,10.18
fold2_room1_mix0347,82,4,0,-56,-12,2.15
fold2_room1_mix0347,82,5,0,-60,8,6.93
fold2_room1_mix0347,83,4,0,-12,-2,11.19
fold2_room1_mix0347,83,4,0,-66,-14,1.92
fold2_room1_mix0347,83,5,0,-60,7,6.95
fold2_room1_mix0347,84,4,0,-12,-1,12.26
fold2_room1_mix0347,84,4,0,-79,-15,1.72
fold2_room1_mix0347,84,5,0,-60,7,6.97
fold2_room1_mix0347,85,4,0,-12,-1,12.68
fold2_room1_mix0347,85,4,0,-90,-15,1.66
fold2_room1_mix0347,85,5,0,-59,7,7.07
fold2_room1_mix0347,86,4,0,-12,-1,12.76
fold2_room1_mix0347,86,4,0,-99,-15,1.66
fold2_room1_mix0347,86,5,0,-59,7,7.21
fold2_room1_mix0347,87,4,0,-12,-1,12.84
fold2_room1_mix0347,87,4,0,-108,-14,1.66
fold2_room1_mix0347,87,5,0,-59,7,7.35
fold2_room1_mix0347,88,4,0,-12,-1,13.08
fold2_room1_mix0347,88,4,0,-117,-12,1.76
fold2_room1_mix0347,88,5,0,-58,7,7.36
fold2_room1_mix0347,89,4,0,-11,-1,13.50
fold2_room1_mix0347,89,4,0,-126,-11,1.98
fold2_room1_mix0347,89,5,0,-58,7,7.26
fold2_room1_mix0347,90,4,0,-11,-1,13.92
fold2_room1_mix0347,90,4,0,-134,-10,2.21
fold2_room1_mix0347,90,5,0,-58,8,7.15
fold2_room1_mix0347,91,4,0,-11,-1,14.34
fold2_room1_mix0347,91,4,0,-141,-8,2.46
fold2_room1_mix0347,91,5,0,-58,8,7.08
fold2_room1_mix0347,92,4,0,-10,-1,14.75
fold2_room1_mix0347,92,4,0,-144,-8,2.73
fold2_room1_mix0347,92,5,0,-58,8,7.06
fold2_room1_mix0347,93,4,0,-10,-1,15.17
fold2_room1_mix0347,93,4,0,-148,-7,3.02
fold2_room1_mix0347,93,5,0,-59,8,7.05
fold2_room1_mix0347,94,4,0,-10,-2,15.64
fold2_room1_mix0347,94,4,0,-151,-6,3.33
fold2_room1_mix0347,94,5,0,-60,8,7.06
fold2_room1_mix0347,95,4,0,-9,-2,16.31
fold2_room1_mix0347,95,4,0,-153,-6,3.65
fold2_room1_mix0347,95,5,0,-60,8,7.13
fold2_room1_mix0347,96,4,0,-9,-2,17.03
fold2_room1_mix0347,96,4,0,-154,-6,3.98
fold2_room1_mix0347,96,5,0,-59,8,7.22
fold2_room1_mix0347,97,4,0,-9,-1,17.70
fold2_room1_mix0347,97,4,0,-156,-5,4.34
fold2_room1_mix0347,97,5,0,-59,9,7.27
fold2_room1_mix0347,98,4,0,-8,-1,17.57
fold2_room1_mix0347,98,4,0,-157,-5,4.77
fold2_room1_mix0347,98,5,0,-59,8,7.10
fold2_room1_mix0347,99,4,0,-8,-1,17.25
fold2_room1_mix0347,99,4,0,-159,-4,5.23
fold2_room1_mix0347,99,5,0,-58,8,6.88
fold2_room1_mix0351,0,5,0,-22,6,8.37
fold2_room1_mix0351,1,5,0,-23,6,8.38
fold2_room1_mix0351,2,5,0,-24,6,8.47
fold2_room1_mix0351,3,5,0,-25,6,8.59
fold2_room1_mix0351,4,5,0,-26,6,8.71
fold2_room1_mix0351,5,5,0,-27,6,8.60
fold2_room1_mix0351,6,5,0,-27,6,8.38
fold2_room1_mix0351,7,5,0,-27,6,8.17
fold2_room1_mix0351,8,5,0,-27,6,8.06
fold2_room1_mix0351,9,5,0,-27,6,8.05
fold2_room1_mix0351,10,5,0,-26,7,8.04
fold2_room1_mix0351,11,5,0,-26,7,8.01
fold2_room1_mix0351,12,5,0,-26,7,7.93
fold2_room1_mix0351,13,5,0,-27,7,7.85
fold2_room1_mix0351,14,5,0,-27,7,7.77
fold2_room1_mix0351,15,5,0,-27,7,7.67
fold2_room1_mix0351,16,5,0,-27,7,7.57
fold2_room1_mix0351,17,5,0,-28,7,7.47
fold2_room1_mix0351,18,5,0,-28,7,7.36
fold2_room1_mix0351,19,5,0,-28,7,7.25
fold2_room1_mix0351,20,5,0,-29,7,7.14
fold2_room1_mix0351,21,4,0,7,-1,2.89
fold2_room1_mix0351,21,5,0,-29,7,7.11
fold2_room1_mix0351,22,4,0,9,-1,6.91
fold2_room1_mix0351,22,5,0,-30,7,7.12
fold2_room1_mix0351,23,4,0,11,-1,15.11
fold2_room1_mix0351,23,5,0,-30,8,7.13
fold2_room1_mix0351,24,4,0,12,-1,21.34
fold2_room1_mix0351,24,5,0,-30,8,7.03
fold2_room1_mix0351,25,4,0,12,-2,20.12
fold2_room1_mix0351,25,5,0,-31,8,6.84
fold2_room1_mix0351,26,4,0,12,-2,18.97
fold2_room1_mix0351,26,5,0,-32,8,6.65
fold2_room1_mix0351,27,4,0,12,-2,17.85
fold2_room1_mix0351,27,5,0,-33,8,6.52
fold2_room1_mix0351,28,4,0,12,-2,16.76
fold2_room1_mix0351,28,5,0,-34,8,6.52
fold2_room1_mix0351,29,4,0,12,-2,15.72
fold2_room1_mix0351,29,5,0,-34,8,6.52
fold2_room1_mix0351,30,4,0,12,-2,14.86
fold2_room1_mix0351,30,5,0,-35,8,6.52
fold2_room1_mix0351,31,4,0,12,-2,14.52
fold2_room1_mix0351,31,5,0,-35,8,6.49
fold2_room1_mix0351,32,4,0,12,-2,14.22
fold2_room1_mix0351,32,5,0,-36,8,6.47
fold2_room1_mix0351,33,4,0,13,-2,13.91
fold2_room1_mix0351,33,5,0,-36,8,6.44
fold2_room1_mix0351,34,4,0,14,-2,13.31
fold2_room1_mix0351,34,5,0,-36,8,6.40
fold2_room1_mix0351,35,4,0,14,-2,12.67
fold2_room1_mix0351,35,5,0,-36,8,6.36
fold2_room1_mix0351,36,4,0,15,-2,12.06
fold2_room1_mix0351,36,5,0,-37,8,6.32
fold2_room1_mix0351,37,4,0,15,-2,11.45
fold2_room1_mix0351,37,5,0,-37,8,6.25
fold2_room1_mix0351,38,4,0,16,-3,10.86
fold2_room1_mix0351,38,5,0,-38,8,6.16
fold2_room1_mix0351,39,4,0,16,-3,10.30
fold2_room1_mix0351,39,5,0,-39,8,6.07
fold2_room1_mix0351,40,4,0,17,-3,9.81
fold2_room1_mix0351,40,5,0,-40,8,6.00
fold2_room1_mix0351,41,4,0,18,-3,9.39
fold2_room1_mix0351,41,5,0,-41,9,5.94
fold2_room1_mix0351,42,4,0,19,-3,8.98
fold2_room1_mix0351,42,5,0,-42,9,5.89
fold2_room1_mix0351,43,4,0,19,-4,8.59
fold2_room1_mix0351,43,5,0,-43,9,5.82
fold2_room1_mix0351,44,4,0,21,-4,8.22
fold2_room1_mix0351,44,5,0,-43,9,5.73
fold2_room1_mix0351,45,3,0,132,-2,4.58
fold2_room1_mix0351,45,4,0,22,-4,7.86
fold2_room1_mix0351,45,5,0,-44,9,5.63
fold2_room1_mix0351,46,3,0,132,-2,10.27
fold2_room1_mix0351,46,4,0,24,-4,7.47
fold2_room1_mix0351,46,5,0,-45,10,5.51
fold2_room1_mix0351,47,3,0,132,-2,12.04
fold2_room1_mix0351,47,4,0,26,-5,6.91
fold2_room1_mix0351,47,5,0,-46,10,5.29
fold2_room1_mix0351,48,3,0,133,-2,13.20
fold2_room1_mix0351,48,4,0,27,-5,6.37
fold2_room1_mix0351,48,5,0,-47,10,5.07
fold2_room1_mix0351,49,3,0,133,-2,13.74
fold2_room1_mix0351,49,4,0,29,-5,5.87
fold2_room1_mix0351,49,5,0,-48,11,4.86
fold2_room1_mix0351,50,3,0,131,-2,8.83
fold2_room1_mix0351,50,4,0,32,-6,5.48
fold2_room1_mix0351,50,5,0,-49,11,4.68
fold2_room1_mix0351,51,3,0,128,-2,4.89
fold2_room1_mix0351,51,4,0,36,-7,5.12
fold2_room1_mix0351,51,5,0,-51,12,4.52
fold2_room1_mix0351,52,4,0,39,-7,4.78
fold2_room1_mix0351,52,5,0,-53,12,4.36
fold2_room1_mix0351,53,4,0,44,-8,4.41
fold2_room1_mix0351,53,5,0,-54,12,4.24
fold2_room1_mix0351,54,4,0,49,-9,4.05
fold2_room1_mix0351,54,5,0,-55,13,4.12
fold2_room1_mix0351,55,4,0,54,-10,3.71
fold2_room1_mix0351,55,5,0,-56,13,4.01
fold2_room1_mix0351,56,4,0,60,-10,3.45
fold2_room1_mix0351,56,5,0,-57,13,3.89
fold2_room1_mix0351,57,4,0,68,-11,3.26
fold2_room1_mix0351,57,5,0,-58,14,3.76
fold2_room1_mix0351,58,4,0,75,-12,3.08
fold2_room1_mix0351,58,5,0,-59,14,3.64
fold2_room1_mix0351,59,4,0,84,-12,2.97
fold2_room1_mix0351,59,5,0,-61,14,3.57
fold2_room1_mix0351,60,4,0,93,-12,3.03
fold2_room1_mix0351,60,5,0,-62,14,3.62
fold2_room1_mix0351,61,4,0,103,-12,3.09
fold2_room1_mix0351,61,5,0,-64,14,3.67
fold2_room1_mix0351,62,4,0,110,-11,3.17
fold2_room1_mix0351,62,5,0,-66,14,3.70
fold2_room1_mix0351,63,4,0,115,-10,3.35
fold2_room1_mix0351,63,5,0,-68,14,3.65
fold2_room1_mix0351,64,3,0,68,-3,2.75
fold2_room1_mix0351,64,4,0,121,-10,3.54
fold2_room1_mix0351,64,5,0,-70,14,3.60
fold2_room1_mix0351,65,3,0,67,-3,6.51
fold2_room1_mix0351,65,4,0,126,-9,3.76
fold2_room1_mix0351,65,5,0,-72,15,3.55
fold2_room1_mix0351,66,3,0,66,-3,7.83
fold2_room1_mix0351,66,4,0,132,-8,4.06
fold2_room1_mix0351,66,5,0,-74,15,3.54
fold2_room1_mix0351,67,3,0,64,-3,8.13
fold2_room1_mix0351,67,4,0,137,-7,4.40
fold2_room1_mix0351,67,5,0,-76,15,3.55
fold2_room1_mix0351,68,3,0,62,-3,8.41
fold2_room1_mix0351,68,4,0,142,-6,4.76
fold2_room1_mix0351,68,5,0,-79,15,3.55
fold2_room1_mix0351,69,3,0,62,-3,8.09
fold2_room1_mix0351,69,4,0,145,-6,5.06
fold2_room1_mix0351,69,5,0,-81,15,3.52
fold2_room1_mix0351,70,3,0,63,-3,7.50
fold2_room1_mix0351,70,4,0,147,-6,5.33
fold2_room1_mix0351,70,5,0,-82,16,3.47
fold2_room1_mix0351,71,3,0,64,-3,6.95
fold2_room1_mix0351,71,4,0,149,-6,5.61
fold2_room1_mix0351,71,5,0,-84,16,3.43
fold2_room1_mix0351,72,3,0,63,-2,7.13
fold2_room1_mix0351,72,4,0,151,-5,6.13
fold2_room1_mix0351,72,5,0,-86,16,3.41
fold2_room1_mix0351,73,3,0,60,-2,8.09
fold2_room1_mix0351,73,4,0,153,-5,6.94
fold2_room1_mix0351,73,5,0,-88,16,3.41
fold2_room1_mix0351,74,3,0,56,-2,9.16
fold2_room1_mix0351,74,4,0,154,-4,7.85
fold2_room1_mix0351,74,5,0,-89,17,3.41
fold2_room1_mix0351,75,3,0,54,-2,8.64
fold2_room1_mix0351,75,4,0,155,-4,8.71
fold2_room1_mix0351,75,5,0,-91,17,3.44
fold2_room1_mix0351,76,3,0,50,-2,5.54
fold2_room1_mix0351,76,4,0,157,-4,9.29
fold2_room1_mix0351,76,5,0,-93,17,3.51
fold2_room1_mix0351,77,3,0,43,-1,3.39
fold2_room1_mix0351,77,4,0,158,-4,9.89
fold2_room1_mix0351,77,5,0,-95,16,3.58
fold2_room1_mix0351,78,4,0,159,-4,10.45
fold2_room1_mix0351,78,5,0,-98,16,3.64
fold2_room1_mix0351,79,4,0,159,-3,10.70
fold2_room1_mix0351,79,5,0,-99,16,3.64
fold2_room1_mix0351,80,4,0,160,-3,10.93
fold2_room1_mix0351,80,5,0,-101,16,3.63
fold2_room1_mix0351,81,4,0,161,-2,11.18
fold2_room1_mix0351,81,5,0,-103,15,3.63
fold2_room1_mix0351,82,4,0,161,-2,11.62
fold2_room1_mix0351,82,5,0,-104,16,3.62
fold2_room1_mix0351,83,4,0,161,-3,12.12
fold2_room1_mix0351,83,5,0,-105,16,3.62
fold2_room1_mix0351,84,4,0,162,-3,12.60
fold2_room1_mix0351,84,5,0,-107,16,3.62
fold2_room1_mix0351,85,4,0,162,-3,11.57
fold2_room1_mix0351,85,5,0,-109,16,3.65
fold2_room1_mix0351,86,3,0,33,-1,3.40
fold2_room1_mix0351,86,4,0,163,-3,9.99
fold2_room1_mix0351,86,5,0,-111,16,3.68
fold2_room1_mix0351,87,3,0,36,-1,10.01
fold2_room1_mix0351,87,4,0,164,-3,8.61
fold2_room1_mix0351,87,5,0,-113,16,3.71
fold2_room1_mix0351,88,3,0,36,-1,15.59
fold2_room1_mix0351,88,4,0,165,-2,7.58
fold2_room1_mix0351,88,5,0,-115,15,3.75
fold2_room1_mix0351,89,3,0,34,-1,14.08
fold2_room1_mix0351,89,4,0,166,-2,6.82
fold2_room1_mix0351,89,5,0,-116,15,3.81
fold2_room1_mix0351,90,3,0,32,-1,12.70
fold2_room1_mix0351,90,4,0,168,-2,6.13
fold2_room1_mix0351,90,5,0,-118,15,3.87
fold2_room1_mix0351,91,3,0,30,-1,12.10
fold2_room1_mix0351,91,4,0,169,-1,5.01
fold2_room1_mix0351,91,5,0,-119,14,3.94
fold2_room1_mix0351,92,3,0,29,-1,12.93
fold2_room1_mix0351,92,4,0,169,-1,3.32
fold2_room1_mix0351,92,5,0,-119,14,4.03
fold2_room1_mix0351,93,3,0,29,-1,13.85
fold2_room1_mix0351,93,4,0,169,-1,2.09
fold2_room1_mix0351,93,5,0,-120,14,4.13
fold2_room1_mix0351,94,3,0,27,-1,12.12
fold2_room1_mix0351,94,4,0,166,-2,1.34
fold2_room1_mix0351,94,5,0,-121,14,4.23
fold2_room1_mix0351,95,3,0,25,-1,4.33
fold2_room1_mix0351,95,4,0,165,-2,1.83
fold2_room1_mix0351,95,5,0,-122,13,4.34
fold2_room1_mix0351,96,4,0,164,-2,2.59
fold2_room1_mix0351,96,5,0,-123,13,4.45
fold2_room1_mix0351,97,4,0,163,-2,3.17
fold2_room1_mix0351,97,5,0,-124,13,4.57
fold2_room1_mix0351,98,5,0,-125,12,4.67
fold2_room1_mix0351,99,5,0,-126,11,4.77
fold2_room1_mix0384,27,4,0,-23,-1,4.53
fold2_room1_mix0384,28,4,0,-23,-1,5.56
fold2_room1_mix0384,29,4,0,-24,-1,6.73
fold2_room1_mix0384,30,4,0,-25,-1,7.81
fold2_room1_mix0384,31,4,0,-27,-1,7.83
fold2_room1_mix0384,32,4,0,-29,-2,7.73
fold2_room1_mix0384,33,4,0,-31,-2,7.78
fold2_room1_mix0384,34,4,0,-31,-2,9.40
fold2_room1_mix0384,35,4,0,-31,-2,11.81
fold2_room1_mix0384,36,4,0,-32,-2,14.68
fold2_room1_mix0384,37,4,0,-33,-2,14.34
fold2_room1_mix0384,38,4,0,-34,-2,12.46
fold2_room1_mix0384,39,4,0,-35,-2,10.81
fold2_room1_mix0384,40,4,0,-37,-2,10.17
fold2_room1_mix0384,41,4,0,-38,-3,10.41
fold2_room1_mix0384,42,4,0,-38,-3,10.65
fold2_room1_mix0384,43,4,0,-40,-3,10.86
fold2_room1_mix0384,44,4,0,-43,-3,10.15
fold2_room1_mix0384,44,4,0,-71,-5,12.81
fold2_room1_mix0384,45,4,0,-45,-2,9.83
fold2_room1_mix0384,45,4,0,-137,-3,14.13
fold2_room1_mix0384,46,4,0,-47,-2,9.55
fold2_room1_mix0384,46,4,0,-157,-2,15.38
fold2_room1_mix0384,47,4,0,-49,-2,9.41
fold2_room1_mix0384,47,4,0,-165,-1,15.88
fold2_room1_mix0384,48,4,0,-50,-3,9.29
fold2_room1_mix0384,48,4,0,-171,-1,16.29
fold2_room1_mix0384,49,4,0,-52,-3,9.15
fold2_room1_mix0384,49,4,0,-177,-1,16.61
fold2_room1_mix0384,50,4,0,-53,-3,8.87
fold2_room1_mix0384,50,4,0,-179,-1,15.90
fold2_room1_mix0384,51,4,0,-54,-3,8.55
fold2_room1_mix0384,51,4,0,-179,-1,15.00
fold2_room1_mix0384,52,4,0,-55,-4,8.25
fold2_room1_mix0384,52,4,0,179,-1,14.13
fold2_room1_mix0384,53,4,0,-57,-2,7.69
fold2_room1_mix0384,53,4,0,-127,-6,8.39
fold2_room1_mix0384,53,4,0,179,-2,12.96
fold2_room1_mix0384,54,4,0,-61,-3,7.54
fold2_room1_mix0384,54,4,0,-158,-3,8.19
fold2_room1_mix0384,54,4,0,-179,-2,11.73
fold2_room1_mix0384,55,4,0,-67,-3,7.39
fold2_room1_mix0384,55,4,0,-172,-3,9.30
fold2_room1_mix0384,56,4,0,-72,-3,7.26
fold2_room1_mix0384,56,4,0,-174,-3,8.64
fold2_room1_mix0384,57,4,0,-74,-3,7.15
fold2_room1_mix0384,57,4,0,-174,-3,7.98
fold2_room1_mix0384,58,4,0,-76,-3,7.04
fold2_room1_mix0384,58,4,0,-173,-4,7.36
fold2_room1_mix0384,59,4,0,-77,-4,7.01
fold2_room1_mix0384,59,4,0,-173,-4,6.64
fold2_room1_mix0384,60,4,0,-78,-4,7.14
fold2_room1_mix0384,60,4,0,-171,-5,5.73
fold2_room1_mix0384,61,4,0,-79,-5,7.27
fold2_room1_mix0384,61,4,0,-170,-6,4.92
fold2_room1_mix0384,62,4,0,-82,-5,7.67
fold2_room1_mix0384,62,4,0,-168,-7,4.08
fold2_room1_mix0384,63,4,0,-91,-3,9.28
fold2_room1_mix0384,63,4,0,-165,-10,2.98
fold2_room1_mix0384,64,4,0,-101,0,11.35
fold2_room1_mix0384,64,4,0,-162,-13,2.11
fold2_room1_mix0384,65,4,0,-108,0,12.76
fold2_room1_mix0384,65,4,0,-157,-15,1.56
fold2_room1_mix0384,66,4,0,-98,-9,6.62
fold2_room1_mix0384,66,4,0,-143,-14,2.24
fold2_room1_mix0384,67,4,0,-82,-22,2.56
fold2_room1_mix0384,67,4,0,-124,-13,3.82
fold2_room1_mix0384,68,4,0,-64,-32,0.70
fold2_room1_mix0384,68,4,0,-86,-22,2.59
fold2_room1_mix0384,68,4,0,-102,-1,10.49
fold2_room1_mix0384,69,4,0,-43,-28,0.70
fold2_room1_mix0384,69,4,0,-67,-18,3.14
fold2_room1_mix0384,69,4,0,-97,0,12.05
fold2_room1_mix0384,70,4,0,-28,-20,1.43
fold2_room1_mix0384,70,4,0,-58,-14,3.88
fold2_room1_mix0384,70,4,0,-102,-1,10.83
fold2_room1_mix0384,71,4,0,-15,-13,2.48
fold2_room1_mix0384,71,4,0,-50,-9,4.77
fold2_room1_mix0384,71,4,0,-107,-2,9.73
fold2_room1_mix0384,72,4,0,-8,-8,3.38
fold2_room1_mix0384,72,4,0,-53,-6,5.69
fold2_room1_mix0384,72,4,0,-110,-2,9.13
fold2_room1_mix0384,73,4,0,-6,-7,3.86
fold2_room1_mix0384,73,4,0,-69,-6,6.63
fold2_room1_mix0384,73,4,0,-110,-3,8.95
fold2_room1_mix0384,74,4,0,-4,-7,4.40
fold2_room1_mix0384,74,4,0,-91,-5,7.70
fold2_room1_mix0384,74,4,0,-111,-4,8.78
fold2_room1_mix0384,75,4,0,-3,-6,5.06
fold2_room1_mix0384,75,4,0,-109,-4,8.61
fold2_room1_mix0384,76,4,0,-3,-5,5.97
fold2_room1_mix0384,76,4,0,-112,-4,8.70
fold2_room1_mix0384,77,4,0,-4,-4,7.02
fold2_room1_mix0384,77,4,0,-115,-4,8.78
fold2_room1_mix0384,78,4,0,-5,-3,8.10
fold2_room1_mix0384,78,4,0,-117,-3,8.88
fold2_room1_mix0384,79,4,0,-4,-3,8.76
fold2_room1_mix0384,79,4,0,-118,-3,9.08
fold2_room1_mix0384,80,4,0,-4,-3,9.40
fold2_room1_mix0384,80,4,0,-118,-3,9.29
fold2_room1_mix0384,81,4,0,-3,-3,10.08
fold2_room1_mix0384,81,4,0,-119,-3,9.50
fold2_room1_mix0384,82,4,0,-3,-2,10.79
fold2_room1_mix0384,82,4,0,-119,-2,9.77
fold2_room1_mix0384,83,4,0,-3,-2,11.56
fold2_room1_mix0384,83,4,0,-120,-2,10.05
fold2_room1_mix0384,84,4,0,-2,-2,12.37
fold2_room1_mix0384,84,4,0,-120,-2,10.34
fold2_room1_mix0384,85,4,0,-2,-2,13.04
fold2_room1_mix0384,85,4,0,-122,-2,10.58
fold2_room1_mix0384,86,4,0,-2,-2,13.65
fold2_room1_mix0384,86,4,0,-124,-2,10.80
fold2_room1_mix0384,87,4,0,-2,-2,14.28
fold2_room1_mix0384,87,4,0,-126,-2,11.03
fold2_room1_mix0384,88,4,0,-5,-2,14.44
fold2_room1_mix0384,88,4,0,-129,-2,11.28
fold2_room1_mix0384,89,4,0,-11,-2,14.11
fold2_room1_mix0384,89,4,0,-132,-1,11.55
fold2_room1_mix0384,90,4,0,-23,-3,13.78
fold2_room1_mix0384,90,4,0,-134,-1,11.82
fold2_room1_mix0384,92,4,0,-136,-2,13.07
fold2_room1_mix0384,93,4,0,-140,-2,13.51
fold2_room1_mix0384,94,4,0,-142,-2,13.63
fold2_room1_mix0384,95,4,0,-142,-2,12.41
fold2_room1_mix0384,96,4,0,-140,-2,11.16
fold2_room1_mix0384,97,4,0,-138,-2,10.23
fold2_room1_mix0384,98,4,0,-139,-2,11.21
fold2_room1_mix0384,99,4,0,-141,-1,12.80
fold2_room1_mix0384,26,4,0,-20,-1,2.52
fold2_room1_mix0384,91,4,0,-136,-1,12.22
fold2_room1_mix0401,58,4,0,176,-2,6.16
fold2_room1_mix0401,59,4,0,176,-2,12.83
fold2_room1_mix0401,60,4,0,176,-2,12.69
fold2_room1_mix0401,61,4,0,175,-2,12.29
fold2_room1_mix0401,62,4,0,175,-2,11.77
fold2_room1_mix0401,63,4,0,175,-2,10.78
fold2_room1_mix0401,64,4,0,175,-3,9.82
fold2_room1_mix0401,65,4,0,174,-3,8.91
fold2_room1_mix0401,66,4,0,174,-3,7.84
fold2_room1_mix0401,67,4,0,173,-4,6.85
fold2_room1_mix0401,68,4,0,172,-5,5.95
fold2_room1_mix0401,69,4,0,170,-6,4.86
fold2_room1_mix0401,70,4,0,167,-8,3.82
fold2_room1_mix0401,71,4,0,165,-10,2.96
fold2_room1_mix0401,72,4,0,158,-14,2.26
fold2_room1_mix0401,73,4,0,144,-21,1.68
fold2_room1_mix0401,74,4,0,89,-34,1.21
fold2_room1_mix0401,75,4,0,44,-26,1.13
fold2_room1_mix0401,76,4,0,30,-19,1.84
fold2_room1_mix0401,77,4,0,19,-12,2.82
fold2_room1_mix0401,78,4,0,8,-6,4.01
fold2_room1_mix0401,79,4,0,7,-5,4.82
fold2_room1_mix0401,80,4,0,7,-5,5.68
fold2_room1_mix0401,81,4,0,7,-4,6.65
fold2_room1_mix0401,82,4,0,6,-4,7.61
fold2_room1_mix0401,83,4,0,6,-4,8.65
fold2_room1_mix0401,84,4,0,5,-3,9.80
fold2_room1_mix0401,85,4,0,5,-3,10.62
fold2_room1_mix0401,86,4,0,4,-3,11.25
fold2_room1_mix0401,87,4,0,4,-2,11.92
fold2_room1_mix0401,88,4,0,4,-2,12.70
fold2_room1_mix0401,89,4,0,4,-2,13.61
fold2_room1_mix0401,90,4,0,4,-2,14.59
fold2_room1_mix0401,91,4,0,4,-1,10.62
fold2_room1_mix0401,92,4,0,4,-1,3.12
fold2_room1_mix0416,23,1,0,-39,-1,6.36
fold2_room1_mix0416,24,1,0,-41,-1,11.20
fold2_room1_mix0416,25,1,0,-42,-1,12.97
fold2_room1_mix0416,26,1,0,-43,-1,14.99
fold2_room1_mix0416,27,1,0,-44,-1,15.87
fold2_room1_mix0416,28,1,0,-46,-1,14.05
fold2_room1_mix0416,29,1,0,-49,-1,12.35
fold2_room1_mix0416,30,1,0,-53,-2,11.39
fold2_room1_mix0416,31,1,0,-56,-2,12.81
fold2_room1_mix0416,32,1,0,-58,-2,14.70
fold2_room1_mix0416,33,1,0,-60,-2,15.41
fold2_room1_mix0416,34,1,0,-65,-2,6.91
fold2_room1_mix0416,35,1,0,-69,-2,2.16
fold2_room1_mix0416,37,4,0,171,0,2.18
fold2_room1_mix0416,38,4,0,167,0,8.63
fold2_room1_mix0416,39,4,0,161,0,28.14
fold2_room1_mix0416,40,4,0,159,0,40.73
fold2_room1_mix0416,41,4,0,160,0,27.27
fold2_room1_mix0416,42,4,0,161,0,18.16
fold2_room1_mix0416,43,4,0,161,0,14.59
fold2_room1_mix0416,44,4,0,160,0,17.53
fold2_room1_mix0416,45,4,0,160,0,21.28
fold2_room1_mix0416,46,4,0,159,0,24.47
fold2_room1_mix0416,47,4,0,159,0,22.70
fold2_room1_mix0416,48,4,0,158,0,20.56
fold2_room1_mix0416,49,4,0,157,0,18.74
fold2_room1_mix0416,50,4,0,156,-1,18.15
fold2_room1_mix0416,51,4,0,155,-1,17.83
fold2_room1_mix0416,52,4,0,154,-1,17.52
fold2_room1_mix0416,53,4,0,153,-1,17.09
fold2_room1_mix0416,54,4,0,152,-1,16.63
fold2_room1_mix0416,55,4,0,151,-1,16.18
fold2_room1_mix0416,56,4,0,149,-1,15.55
fold2_room1_mix0416,57,4,0,147,-1,14.76
fold2_room1_mix0416,58,4,0,145,-2,14.01
fold2_room1_mix0416,59,4,0,143,-2,13.31
fold2_room1_mix0416,60,4,0,141,-2,12.65
fold2_room1_mix0416,61,4,0,139,-2,12.02
fold2_room1_mix0416,62,4,0,137,-2,11.43
fold2_room1_mix0416,63,4,0,134,-2,10.89
fold2_room1_mix0416,64,4,0,131,-2,10.38
fold2_room1_mix0416,65,4,0,128,-2,9.89
fold2_room1_mix0416,66,4,0,125,-2,9.42
fold2_room1_mix0416,67,4,0,121,-3,8.97
fold2_room1_mix0416,68,4,0,118,-3,8.55
fold2_room1_mix0416,69,4,0,114,-3,8.20
fold2_room1_mix0416,70,4,0,109,-3,7.89
fold2_room1_mix0416,71,4,0,105,-3,7.60
fold2_room1_mix0416,72,4,0,100,-3,7.48
fold2_room1_mix0416,73,4,0,95,-3,7.53
fold2_room1_mix0416,74,4,0,89,-3,7.58
fold2_room1_mix0416,75,4,0,84,-3,7.67
fold2_room1_mix0416,76,4,0,78,-3,7.85
fold2_room1_mix0416,77,4,0,72,-3,8.02
fold2_room1_mix0416,78,4,0,67,-2,8.25
fold2_room1_mix0416,79,4,0,63,-2,8.65
fold2_room1_mix0416,80,4,0,60,-2,9.09
fold2_room1_mix0416,81,4,0,56,-2,9.53
fold2_room1_mix0416,82,4,0,53,-2,9.85
fold2_room1_mix0416,83,4,0,51,-2,10.13
fold2_room1_mix0416,84,4,0,48,-2,10.43
fold2_room1_mix0416,85,4,0,45,-2,10.90
fold2_room1_mix0416,86,4,0,43,-2,11.49
fold2_room1_mix0416,87,4,0,40,-2,12.11
fold2_room1_mix0416,88,4,0,38,-1,12.80
fold2_room1_mix0416,89,4,0,36,-1,13.57
fold2_room1_mix0416,90,4,0,35,-1,14.38
fold2_room1_mix0416,91,4,0,33,-1,15.06
fold2_room1_mix0416,92,4,0,32,-1,15.39
fold2_room1_mix0416,93,4,0,31,-1,15.71
fold2_room1_mix0416,94,4,0,30,-1,16.16
fold2_room1_mix0416,95,4,0,29,-1,17.12
fold2_room1_mix0416,96,4,0,28,-1,18.18
fold2_room1_mix0416,97,4,0,27,-1,19.20
fold2_room1_mix0416,98,4,0,26,-1,19.20
fold2_room1_mix0416,99,4,0,26,-1,18.95
fold2_room1_mix0437,68,4,0,4,-1,8.13
fold2_room1_mix0437,69,4,0,3,-1,12.73
fold2_room1_mix0437,70,4,0,3,-1,16.37
fold2_room1_mix0437,71,4,0,4,-1,20.98
fold2_room1_mix0437,72,4,0,4,-1,21.78
fold2_room1_mix0437,73,4,0,5,-1,18.33
fold2_room1_mix0437,74,4,0,5,-1,15.41
fold2_room1_mix0437,75,4,0,5,-1,13.42
fold2_room1_mix0437,76,4,0,6,-1,12.61
fold2_room1_mix0437,77,4,0,6,-1,11.88
fold2_room1_mix0437,78,4,0,7,-2,11.04
fold2_room1_mix0437,79,4,0,8,-2,9.72
fold2_room1_mix0437,80,4,0,9,-2,8.49
fold2_room1_mix0437,81,4,0,10,-2,7.35
fold2_room1_mix0437,82,4,0,13,-3,5.88
fold2_room1_mix0437,83,4,0,16,-4,4.58
fold2_room1_mix0437,84,4,0,20,-4,3.53
fold2_room1_mix0437,85,4,0,32,-7,2.68
fold2_room1_mix0437,86,4,0,51,-11,1.99
fold2_room1_mix0437,87,4,0,88,-15,1.43
fold2_room1_mix0437,88,4,0,122,-13,1.54
fold2_room1_mix0437,89,4,0,139,-8,2.41
fold2_room1_mix0437,90,4,0,154,-5,3.57
fold2_room1_mix0437,91,4,0,166,-2,4.83
fold2_room1_mix0437,92,4,0,168,-2,5.72
fold2_room1_mix0437,93,4,0,168,-2,6.71
fold2_room1_mix0437,94,4,0,169,-2,7.82
fold2_room1_mix0437,95,4,0,170,-2,8.96
fold2_room1_mix0437,96,4,0,171,-2,10.24
fold2_room1_mix0437,97,4,0,172,-1,11.62
fold2_room1_mix0437,98,4,0,173,-1,12.60
fold2_room1_mix0437,99,4,0,173,-1,13.49
fold2_room1_mix0444,0,4,0,15,-1,7.97
fold2_room1_mix0444,1,4,0,13,-1,8.09
fold2_room1_mix0444,2,4,0,11,-1,9.43
fold2_room1_mix0444,3,4,0,12,-1,11.34
fold2_room1_mix0444,4,4,0,13,-1,13.54
fold2_room1_mix0444,5,4,0,14,-1,13.88
fold2_room1_mix0444,6,4,0,14,-1,13.21
fold2_room1_mix0444,7,4,0,14,-1,12.58
fold2_room1_mix0444,8,4,0,14,-1,12.26
fold2_room1_mix0444,9,4,0,14,-1,12.22
fold2_room1_mix0444,10,4,0,15,-2,12.18
fold2_room1_mix0444,11,4,0,15,-2,12.04
fold2_room1_mix0444,12,4,0,16,-2,11.70
fold2_room1_mix0444,13,4,0,16,-2,11.37
fold2_room1_mix0444,14,4,0,17,-2,11.04
fold2_room1_mix0444,15,4,0,17,-2,10.72
fold2_room1_mix0444,16,4,0,17,-2,10.40
fold2_room1_mix0444,17,4,0,18,-2,10.10
fold2_room1_mix0444,18,4,0,18,-2,9.84
fold2_room1_mix0444,19,4,0,18,-2,9.60
fold2_room1_mix0444,20,4,0,19,-2,9.36
fold2_room1_mix0444,21,4,0,19,-2,9.13
fold2_room1_mix0444,22,4,0,20,-2,8.90
fold2_room1_mix0444,23,4,0,20,-3,8.67
fold2_room1_mix0444,24,4,0,21,-3,8.45
fold2_room1_mix0444,25,4,0,21,-3,8.24
fold2_room1_mix0444,26,4,0,22,-3,8.03
fold2_room1_mix0444,27,4,0,22,-3,7.84
fold2_room1_mix0444,28,4,0,23,-3,7.70
fold2_room1_mix0444,29,4,0,23,-3,7.56
fold2_room1_mix0444,30,4,0,24,-3,7.41
fold2_room1_mix0444,31,4,0,25,-3,7.24
fold2_room1_mix0444,32,4,0,26,-3,7.06
fold2_room1_mix0444,33,4,0,26,-3,6.89
fold2_room1_mix0444,34,4,0,27,-4,6.70
fold2_room1_mix0444,35,4,0,28,-4,6.52
fold2_room1_mix0444,36,4,0,29,-4,6.34
fold2_room1_mix0444,37,4,0,30,-4,6.18
fold2_room1_mix0444,38,4,0,31,-4,6.03
fold2_room1_mix0444,39,4,0,32,-4,5.88
fold2_room1_mix0444,40,4,0,33,-4,5.70
fold2_room1_mix0444,41,4,0,34,-5,5.51
fold2_room1_mix0444,42,4,0,35,-5,5.32
fold2_room1_mix0444,43,4,0,36,-5,5.14
fold2_room1_mix0444,44,4,0,37,-5,4.98
fold2_room1_mix0444,45,4,0,39,-6,4.82
fold2_room1_mix0444,46,4,0,40,-6,4.67
fold2_room1_mix0444,47,4,0,41,-6,4.54
fold2_room1_mix0444,48,4,0,43,-6,4.42
fold2_room1_mix0444,49,4,0,44,-7,4.30
fold2_room1_mix0444,50,4,0,46,-7,4.15
fold2_room1_mix0444,51,4,0,48,-7,3.99
fold2_room1_mix0444,52,4,0,51,-7,3.84
fold2_room1_mix0444,53,4,0,53,-8,3.73
fold2_room1_mix0444,54,4,0,55,-8,3.65
fold2_room1_mix0444,55,4,0,57,-8,3.56
fold2_room1_mix0444,56,4,0,60,-8,3.48
fold2_room1_mix0444,57,4,0,63,-8,3.39
fold2_room1_mix0444,58,4,0,66,-8,3.31
fold2_room1_mix0444,59,4,0,70,-9,3.23
fold2_room1_mix0444,60,4,0,73,-9,3.15
fold2_room1_mix0444,61,4,0,76,-9,3.08
fold2_room1_mix0444,62,4,0,80,-9,3.01
fold2_room1_mix0444,63,4,0,83,-9,2.99
fold2_room1_mix0444,64,4,0,87,-9,2.96
fold2_room1_mix0444,65,4,0,91,-9,2.95
fold2_room1_mix0444,66,4,0,94,-9,2.96
fold2_room1_mix0444,67,4,0,98,-9,2.98
fold2_room1_mix0444,68,4,0,101,-9,3.00
fold2_room1_mix0444,69,4,0,104,-9,3.04
fold2_room1_mix0444,70,4,0,107,-9,3.10
fold2_room1_mix0444,71,4,0,110,-8,3.15
fold2_room1_mix0444,72,4,0,113,-8,3.24
fold2_room1_mix0444,73,4,0,116,-8,3.36
fold2_room1_mix0444,74,4,0,119,-8,3.49
fold2_room1_mix0444,75,4,0,122,-8,3.62
fold2_room1_mix0444,76,4,0,125,-8,3.73
fold2_room1_mix0444,77,4,0,129,-7,3.86
fold2_room1_mix0444,78,4,0,132,-7,3.98
fold2_room1_mix0444,79,4,0,134,-7,4.14
fold2_room1_mix0444,80,4,0,135,-6,4.30
fold2_room1_mix0444,81,4,0,137,-6,4.46
fold2_room1_mix0444,82,4,0,138,-6,4.60
fold2_room1_mix0444,83,4,0,139,-6,4.74
fold2_room1_mix0444,84,4,0,141,-6,4.88
fold2_room1_mix0444,85,4,0,142,-5,5.03
fold2_room1_mix0444,86,4,0,143,-5,5.19
fold2_room1_mix0444,87,4,0,144,-5,5.35
fold2_room1_mix0444,88,4,0,145,-5,5.51
fold2_room1_mix0444,89,4,0,146,-5,5.67
fold2_room1_mix0444,90,4,0,147,-4,5.83
fold2_room1_mix0444,91,4,0,148,-4,5.96
fold2_room1_mix0444,92,4,0,149,-4,6.02
fold2_room1_mix0444,93,4,0,150,-4,6.07
fold2_room1_mix0444,94,4,0,150,-4,6.17
fold2_room1_mix0444,95,4,0,151,-4,6.43
fold2_room1_mix0444,96,4,0,152,-4,6.72
fold2_room1_mix0444,97,4,0,153,-4,7.00
fold2_room1_mix0444,98,4,0,155,-3,7.12
fold2_room1_mix0444,99,4,0,156,-3,7.21
fold2_room1_mix0454,12,4,0,-173,0,4.60
fold2_room1_mix0454,13,4,0,-170,0,14.89
fold2_room1_mix0454,14,4,0,-168,-1,33.90
fold2_room1_mix0454,15,4,0,-168,0,25.88
fold2_room1_mix0454,16,4,0,-169,0,17.48
fold2_room1_mix0454,17,4,0,-168,0,12.39
fold2_room1_mix0454,18,4,0,-170,0,14.69
fold2_room1_mix0454,19,4,0,-169,0,19.69
fold2_room1_mix0454,20,4,0,-167,-1,26.08
fold2_room1_mix0454,21,4,0,-167,-1,26.98
fold2_room1_mix0454,22,4,0,-167,-1,24.79
fold2_room1_mix0454,23,4,0,-167,-1,22.77
fold2_room1_mix0454,24,4,0,-166,-1,21.79
fold2_room1_mix0454,25,4,0,-165,-1,21.74
fold2_room1_mix0454,26,4,0,-165,-1,21.68
fold2_room1_mix0454,27,4,0,-164,-1,21.36
fold2_room1_mix0454,28,4,0,-164,-1,20.54
fold2_room1_mix0454,29,4,0,-163,-1,19.73
fold2_room1_mix0454,30,4,0,-162,-1,19.01
fold2_room1_mix0454,31,4,0,-161,-1,18.57
fold2_room1_mix0454,32,4,0,-160,-1,18.18
fold2_room1_mix0454,33,4,0,-159,-1,17.76
fold2_room1_mix0454,34,4,0,-159,-1,17.15
fold2_room1_mix0454,35,4,0,-158,-1,16.52
fold2_room1_mix0454,36,4,0,-158,-1,15.90
fold2_room1_mix0454,37,4,0,-158,-1,15.42
fold2_room1_mix0454,38,4,0,-157,-1,15.01
fold2_room1_mix0454,39,4,0,-157,-1,14.60
fold2_room1_mix0454,40,4,0,-156,-1,14.33
fold2_room1_mix0454,41,4,0,-156,-1,14.19
fold2_room1_mix0454,42,4,0,-155,-1,14.05
fold2_room1_mix0454,43,4,0,-154,-1,13.84
fold2_room1_mix0454,44,4,0,-154,-1,13.50
fold2_room1_mix0454,45,4,0,-153,-1,13.17
fold2_room1_mix0454,46,4,0,-153,-1,12.83
fold2_room1_mix0454,47,4,0,-152,-1,12.45
fold2_room1_mix0454,48,4,0,-151,-1,12.08
fold2_room1_mix0454,49,4,0,-150,-1,11.71
fold2_room1_mix0454,50,4,0,-149,-1,11.33
fold2_room1_mix0454,51,4,0,-148,-2,10.94
fold2_room1_mix0454,52,4,0,-147,-2,10.57
fold2_room1_mix0454,53,4,0,-145,-2,10.13
fold2_room1_mix0454,54,4,0,-144,-2,9.67
fold2_room1_mix0454,55,4,0,-142,-2,9.23
fold2_room1_mix0454,56,4,0,-140,-2,8.83
fold2_room1_mix0454,57,4,0,-138,-2,8.48
fold2_room1_mix0454,58,4,0,-135,-2,8.13
fold2_room1_mix0454,59,4,0,-133,-2,7.77
fold2_room1_mix0454,60,4,0,-129,-3,7.35
fold2_room1_mix0454,61,4,0,-125,-3,6.95
fold2_room1_mix0454,62,4,0,-121,-3,6.58
fold2_room1_mix0454,63,4,0,-117,-3,6.32
fold2_room1_mix0454,64,4,0,-113,-3,6.07
fold2_room1_mix0454,65,4,0,-109,-3,5.85
fold2_room1_mix0454,66,4,0,-104,-3,5.71
fold2_room1_mix0454,67,4,0,-98,-4,5.60
fold2_room1_mix0454,68,4,0,-92,-4,5.50
fold2_room1_mix0454,69,4,0,-87,-4,5.48
fold2_room1_mix0454,70,4,0,-82,-4,5.51
fold2_room1_mix0454,71,4,0,-78,-4,5.53
fold2_room1_mix0454,72,4,0,-73,-4,5.63
fold2_room1_mix0454,73,4,0,-68,-3,5.81
fold2_room1_mix0454,74,4,0,-63,-3,5.99
fold2_room1_mix0454,75,4,0,-59,-3,6.21
fold2_room1_mix0454,76,4,0,-55,-3,6.54
fold2_room1_mix0454,77,4,0,-52,-3,6.89
fold2_room1_mix0454,78,4,0,-49,-3,7.26
fold2_room1_mix0454,79,4,0,-46,-3,7.66
fold2_room1_mix0454,80,4,0,-43,-2,8.09
fold2_room1_mix0454,81,4,0,-40,-2,8.53
fold2_room1_mix0454,82,4,0,-38,-2,8.92
fold2_room1_mix0454,83,4,0,-37,-2,9.30
fold2_room1_mix0454,84,4,0,-35,-2,9.69
fold2_room1_mix0454,85,4,0,-34,-2,10.14
fold2_room1_mix0454,86,4,0,-32,-2,10.62
fold2_room1_mix0454,87,4,0,-31,-1,11.12
fold2_room1_mix0454,88,4,0,-30,-1,11.48
fold2_room1_mix0454,89,4,0,-30,-1,11.69
fold2_room1_mix0454,90,4,0,-29,-1,11.90
fold2_room1_mix0454,91,4,0,-29,-1,12.22
fold2_room1_mix0454,92,4,0,-28,-1,12.76
fold2_room1_mix0454,93,4,0,-28,-1,13.34
fold2_room1_mix0454,94,4,0,-27,-1,13.91
fold2_room1_mix0454,95,4,0,-26,-1,14.39
fold2_room1_mix0454,96,4,0,-24,-1,14.88
fold2_room1_mix0454,97,4,0,-23,-1,15.35
fold2_room1_mix0454,98,4,0,-22,-1,15.61
fold2_room1_mix0454,99,4,0,-21,-1,15.82
fold2_room1_mix0496,3,4,0,8,-1,2.32
fold2_room1_mix0496,4,4,0,9,-1,3.15
fold2_room1_mix0496,5,4,0,8,0,4.07
fold2_room1_mix0496,6,4,0,9,0,5.14
fold2_room1_mix0496,7,4,0,10,-1,6.43
fold2_room1_mix0496,8,4,0,11,-1,7.26
fold2_room1_mix0496,9,4,0,12,-1,7.43
fold2_room1_mix0496,10,4,0,13,-1,7.60
fold2_room1_mix0496,11,4,0,14,-1,7.73
fold2_room1_mix0496,12,4,0,14,-1,7.78
fold2_room1_mix0496,13,4,0,14,-1,7.82
fold2_room1_mix0496,14,4,0,15,-1,7.81
fold2_room1_mix0496,15,4,0,15,-1,7.57
fold2_room1_mix0496,16,4,0,15,-1,7.33
fold2_room1_mix0496,17,4,0,15,-1,7.10
fold2_room1_mix0496,18,4,0,16,-1,6.97
fold2_room1_mix0496,19,4,0,16,-1,6.88
fold2_room1_mix0496,20,4,0,17,-1,6.78
fold2_room1_mix0496,21,4,0,18,-1,6.66
fold2_room1_mix0496,22,4,0,19,-1,6.52
fold2_room1_mix0496,23,4,0,19,-1,6.39
fold2_room1_mix0496,24,4,0,20,-1,6.23
fold2_room1_mix0496,25,4,0,20,-2,6.03
fold2_room1_mix0496,26,3,0,-157,-2,3.52
fold2_room1_mix0496,26,4,0,21,-2,5.84
fold2_room1_mix0496,27,3,0,-157,-2,5.49
fold2_room1_mix0496,27,4,0,21,-2,5.67
fold2_room1_mix0496,28,3,0,-158,-2,6.58
fold2_room1_mix0496,28,4,0,22,-2,5.52
fold2_room1_mix0496,29,3,0,-159,-2,7.79
fold2_room1_mix0496,29,4,0,23,-1,5.38
fold2_room1_mix0496,30,3,0,-160,-2,7.79
fold2_room1_mix0496,30,4,0,24,-1,5.24
fold2_room1_mix0496,31,3,0,-162,-1,3.80
fold2_room1_mix0496,31,4,0,26,-2,5.08
fold2_room1_mix0496,32,4,0,27,-2,4.92
fold2_room1_mix0496,33,4,0,29,-3,4.77
fold2_room1_mix0496,34,4,0,31,-3,4.57
fold2_room1_mix0496,35,4,0,33,-3,4.36
fold2_room1_mix0496,36,4,0,36,-3,4.16
fold2_room1_mix0496,37,4,0,40,-3,3.98
fold2_room1_mix0496,38,4,0,44,-4,3.81
fold2_room1_mix0496,39,4,0,48,-4,3.64
fold2_room1_mix0496,40,3,0,-141,-3,4.75
fold2_room1_mix0496,40,4,0,53,-4,3.48
fold2_room1_mix0496,41,3,0,-134,-2,6.28
fold2_room1_mix0496,41,4,0,59,-5,3.34
fold2_room1_mix0496,42,3,0,-130,-2,8.22
fold2_room1_mix0496,42,4,0,66,-5,3.20
fold2_room1_mix0496,43,3,0,-129,-3,9.64
fold2_room1_mix0496,43,4,0,72,-5,3.06
fold2_room1_mix0496,44,3,0,-127,-3,9.12
fold2_room1_mix0496,44,4,0,76,-6,2.91
fold2_room1_mix0496,45,3,0,-125,-3,8.57
fold2_room1_mix0496,45,4,0,81,-6,2.76
fold2_room1_mix0496,46,3,0,-122,-3,8.20
fold2_room1_mix0496,46,4,0,85,-7,2.67
fold2_room1_mix0496,47,3,0,-116,-3,8.48
fold2_room1_mix0496,47,4,0,90,-6,2.74
fold2_room1_mix0496,48,3,0,-112,-3,8.85
fold2_room1_mix0496,48,4,0,94,-6,2.83
fold2_room1_mix0496,49,3,0,-109,-3,8.87
fold2_room1_mix0496,49,4,0,99,-5,2.92
fold2_room1_mix0496,50,3,0,-104,-3,6.13
fold2_room1_mix0496,50,4,0,105,-5,2.96
fold2_room1_mix0496,51,3,0,-98,-2,3.76
fold2_room1_mix0496,51,4,0,110,-5,2.98
fold2_room1_mix0496,52,4,0,116,-5,3.00
fold2_room1_mix0496,53,4,0,120,-5,3.12
fold2_room1_mix0496,54,4,0,122,-5,3.29
fold2_room1_mix0496,55,4,0,125,-5,3.47
fold2_room1_mix0496,56,4,0,127,-5,3.70
fold2_room1_mix0496,57,4,0,112,-4,4.39
fold2_room1_mix0496,57,4,0,136,-4,3.79
fold2_room1_mix0496,58,4,0,106,-3,4.91
fold2_room1_mix0496,58,4,0,140,-4,4.00
fold2_room1_mix0496,59,4,0,99,-3,5.33
fold2_room1_mix0496,59,4,0,144,-3,4.20
fold2_room1_mix0496,60,4,0,91,-3,5.50
fold2_room1_mix0496,60,4,0,146,-3,4.36
fold2_room1_mix0496,61,4,0,82,-3,5.66
fold2_room1_mix0496,61,4,0,148,-3,4.54
fold2_room1_mix0496,62,4,0,75,-3,5.82
fold2_room1_mix0496,62,4,0,149,-3,4.74
fold2_room1_mix0496,63,4,0,73,-3,5.99
fold2_room1_mix0496,63,4,0,152,-3,5.04
fold2_room1_mix0496,64,4,0,71,-3,6.15
fold2_room1_mix0496,64,4,0,154,-2,5.38
fold2_room1_mix0496,65,4,0,68,-3,6.34
fold2_room1_mix0496,65,4,0,156,-2,5.70
fold2_room1_mix0496,66,4,0,64,-3,6.71
fold2_room1_mix0496,66,4,0,156,-2,5.74
fold2_room1_mix0496,67,4,0,58,-2,7.13
fold2_room1_mix0496,67,4,0,157,-2,5.71
fold2_room1_mix0496,68,4,0,52,-2,7.59
fold2_room1_mix0496,68,4,0,157,-2,5.69
fold2_room1_mix0496,69,4,0,54,-3,8.03
fold2_room1_mix0496,69,4,0,158,-2,5.94
fold2_room1_mix0496,70,4,0,63,-3,8.47
fold2_room1_mix0496,70,4,0,158,-2,6.35
fold2_room1_mix0496,71,4,0,77,-4,8.93
fold2_room1_mix0496,71,4,0,158,-2,6.78
fold2_room1_mix0496,74,4,0,50,-2,10.26
fold2_room1_mix0496,74,4,0,161,-2,7.12
fold2_room1_mix0496,76,4,0,159,-1,7.78
fold2_room1_mix0496,77,4,0,161,-1,7.41
fold2_room1_mix0496,78,4,0,162,-1,7.18
fold2_room1_mix0496,79,4,0,163,-1,7.37
fold2_room1_mix0496,80,4,0,163,-1,7.62
fold2_room1_mix0496,81,4,0,164,-1,7.88
fold2_room1_mix0496,82,4,0,164,-1,8.12
fold2_room1_mix0496,83,4,0,163,-2,8.36
fold2_room1_mix0496,84,4,0,163,-2,8.61
fold2_room1_mix0496,85,4,0,164,-1,8.87
fold2_room1_mix0496,86,4,0,165,-1,9.13
fold2_room1_mix0496,87,4,0,166,-1,9.40
fold2_room1_mix0496,88,4,0,167,-1,9.87
fold2_room1_mix0496,89,4,0,167,-1,10.59
fold2_room1_mix0496,90,4,0,167,-1,11.35
fold2_room1_mix0496,91,4,0,168,-1,11.49
fold2_room1_mix0496,92,4,0,169,-1,10.34
fold2_room1_mix0496,93,4,0,169,-1,9.26
fold2_room1_mix0496,94,4,0,169,-1,7.66
fold2_room1_mix0496,95,4,0,170,-1,4.48
fold2_room1_mix0496,96,4,0,171,-1,2.32
fold2_room1_mix0496,72,4,0,159,-2,7.02
fold2_room1_mix0496,73,4,0,160,-2,7.07
fold2_room1_mix0496,75,4,0,162,-1,7.14
fold2_room1_mix0528,22,4,0,155,0,7.56
fold2_room1_mix0528,23,4,0,152,-1,24.49
fold2_room1_mix0528,24,4,0,150,-1,38.39
fold2_room1_mix0528,25,4,0,150,-1,30.59
fold2_room1_mix0528,26,4,0,150,0,24.34
fold2_room1_mix0528,27,4,0,149,0,21.09
fold2_room1_mix0528,28,4,0,149,0,21.88
fold2_room1_mix0528,29,4,0,148,0,22.81
fold2_room1_mix0528,30,4,0,148,0,23.52
fold2_room1_mix0528,31,4,0,147,0,23.15
fold2_room1_mix0528,32,4,0,146,0,22.67
fold2_room1_mix0528,33,4,0,145,0,22.22
fold2_room1_mix0528,34,4,0,144,0,21.88
fold2_room1_mix0528,35,4,0,143,0,21.57
fold2_room1_mix0528,36,4,0,143,0,21.25
fold2_room1_mix0528,37,4,0,142,-1,20.75
fold2_room1_mix0528,38,4,0,140,-1,20.17
fold2_room1_mix0528,39,4,0,139,-1,19.60
fold2_room1_mix0528,40,4,0,138,-1,19.18
fold2_room1_mix0528,41,4,0,138,-1,18.88
fold2_room1_mix0528,42,4,0,138,-1,18.60
fold2_room1_mix0528,43,4,0,137,-1,18.30
fold2_room1_mix0528,44,4,0,136,-1,17.97
fold2_room1_mix0528,45,4,0,135,-1,17.65
fold2_room1_mix0528,46,4,0,135,-1,17.33
fold2_room1_mix0528,47,4,0,134,-1,17.05
fold2_room1_mix0528,48,4,0,133,-1,16.77
fold2_room1_mix0528,49,4,0,132,-1,16.50
fold2_room1_mix0528,50,4,0,131,-1,16.30
fold2_room1_mix0528,51,4,0,130,-1,16.11
fold2_room1_mix0528,52,4,0,128,-1,15.92
fold2_room1_mix0528,53,4,0,126,-1,15.63
fold2_room1_mix0528,54,4,0,125,-1,15.29
fold2_room1_mix0528,55,4,0,123,-1,14.95
fold2_room1_mix0528,56,4,0,122,-1,14.66
fold2_room1_mix0528,57,4,0,120,-1,14.41
fold2_room1_mix0528,58,4,0,119,-1,14.17
fold2_room1_mix0528,59,4,0,117,-1,13.91
fold2_room1_mix0528,60,4,0,116,-1,13.62
fold2_room1_mix0528,61,4,0,115,-1,13.33
fold2_room1_mix0528,62,4,0,113,-1,13.07
fold2_room1_mix0528,63,4,0,112,-1,12.93
fold2_room1_mix0528,64,4,0,110,-1,12.80
fold2_room1_mix0528,65,4,0,108,-1,12.67
fold2_room1_mix0528,66,4,0,106,-1,12.52
fold2_room1_mix0528,67,4,0,103,-1,12.37
fold2_room1_mix0528,68,4,0,101,-1,12.22
fold2_room1_mix0528,69,4,0,99,-1,12.07
fold2_room1_mix0528,70,4,0,97,-1,11.92
fold2_room1_mix0528,71,4,0,96,-1,11.76
fold2_room1_mix0528,72,4,0,94,-1,11.71
fold2_room1_mix0528,73,4,0,91,-1,11.75
fold2_room1_mix0528,74,4,0,89,-1,11.79
fold2_room1_mix0528,75,4,0,86,-1,11.85
fold2_room1_mix0528,76,4,0,84,-1,11.95
fold2_room1_mix0528,77,4,0,82,-1,12.05
fold2_room1_mix0528,78,4,0,80,-1,12.16
fold2_room1_mix0528,79,4,0,78,-1,12.27
fold2_room1_mix0528,80,4,0,76,-1,12.37
fold2_room1_mix0528,81,4,0,74,-1,12.49
fold2_room1_mix0528,82,4,0,72,-1,12.61
fold2_room1_mix0528,83,4,0,70,-1,12.74
fold2_room1_mix0528,84,4,0,68,-1,12.88
fold2_room1_mix0528,85,4,0,67,-1,13.06
fold2_room1_mix0528,86,4,0,65,-1,13.26
fold2_room1_mix0528,87,4,0,64,-1,13.47
fold2_room1_mix0528,88,4,0,63,-1,13.68
fold2_room1_mix0528,89,4,0,61,-1,13.91
fold2_room1_mix0528,90,4,0,60,-1,14.13
fold2_room1_mix0528,91,4,0,58,-1,14.38
fold2_room1_mix0528,92,4,0,56,-1,14.68
fold2_room1_mix0528,93,4,0,54,-1,14.97
fold2_room1_mix0528,94,4,0,53,-1,15.28
fold2_room1_mix0528,95,4,0,51,-1,15.61
fold2_room1_mix0528,96,4,0,50,-1,15.95
fold2_room1_mix0528,97,4,0,48,-1,16.26
fold2_room1_mix0528,98,4,0,47,-1,16.26
fold2_room1_mix0528,99,4,0,45,0,16.18
fold2_room1_mix0548,45,4,0,-17,-1,2.90
fold2_room1_mix0548,46,4,0,-17,-1,5.15
fold2_room1_mix0548,47,4,0,-17,-1,5.71
fold2_room1_mix0548,48,4,0,-16,-1,6.05
fold2_room1_mix0548,49,4,0,-17,-1,6.41
fold2_room1_mix0548,50,4,0,-19,-2,6.86
fold2_room1_mix0548,51,4,0,-21,-2,7.36
fold2_room1_mix0548,52,4,0,-23,-2,7.87
fold2_room1_mix0548,53,4,0,-24,-2,7.59
fold2_room1_mix0548,54,4,0,-25,-2,6.96
fold2_room1_mix0548,55,4,0,-26,-2,6.38
fold2_room1_mix0548,56,4,0,-27,-2,5.96
fold2_room1_mix0548,57,4,0,-30,-3,5.70
fold2_room1_mix0548,58,4,0,-33,-3,5.45
fold2_room1_mix0548,59,4,0,-35,-3,5.17
fold2_room1_mix0548,60,4,0,-38,-4,4.83
fold2_room1_mix0548,61,4,0,-40,-4,4.51
fold2_room1_mix0548,62,4,0,-43,-4,4.22
fold2_room1_mix0548,63,4,0,-46,-5,4.00
fold2_room1_mix0548,64,4,0,-50,-5,3.80
fold2_room1_mix0548,65,4,0,-54,-5,3.61
fold2_room1_mix0548,66,4,0,-59,-6,3.45
fold2_room1_mix0548,67,4,0,-64,-6,3.30
fold2_room1_mix0548,68,4,0,-70,-6,3.15
fold2_room1_mix0548,69,4,0,-76,-6,3.11
fold2_room1_mix0548,70,4,0,-83,-6,3.10
fold2_room1_mix0548,71,4,0,-90,-6,3.10
fold2_room1_mix0548,72,4,0,-97,-6,3.14
fold2_room1_mix0548,73,4,0,-105,-6,3.23
fold2_room1_mix0548,74,4,0,-112,-6,3.32
fold2_room1_mix0548,75,4,0,-117,-6,3.40
fold2_room1_mix0548,76,4,0,-121,-5,3.47
fold2_room1_mix0548,77,4,0,-124,-5,3.53
fold2_room1_mix0548,78,4,0,-128,-5,3.63
fold2_room1_mix0548,79,4,0,-131,-5,3.85
fold2_room1_mix0548,80,4,0,-135,-4,4.10
fold2_room1_mix0548,81,4,0,-138,-4,4.36
fold2_room1_mix0548,82,4,0,-141,-4,4.61
fold2_room1_mix0548,83,4,0,-143,-4,4.87
fold2_room1_mix0548,84,4,0,-145,-4,5.15
fold2_room1_mix0548,85,4,0,-148,-3,5.47
fold2_room1_mix0548,86,4,0,-151,-3,5.83
fold2_room1_mix0548,87,4,0,-153,-3,6.20
fold2_room1_mix0548,88,4,0,-155,-2,6.04
fold2_room1_mix0548,89,4,0,-157,-3,5.36
fold2_room1_mix0548,90,4,0,-157,-3,4.75
fold2_room1_mix0548,91,4,0,-159,-3,4.78
fold2_room1_mix0548,92,4,0,-160,-2,6.23
fold2_room1_mix0548,93,4,0,-158,-2,8.11
fold2_room1_mix0548,94,4,0,-158,-2,9.40
fold2_room1_mix0548,95,4,0,-162,-2,6.92
fold2_room1_mix0548,96,4,0,-166,-2,4.77
fold2_room1_mix0575,2,4,0,-178,0,5.22
fold2_room1_mix0575,3,4,0,-178,0,12.66
fold2_room1_mix0575,4,4,0,-177,0,28.42
fold2_room1_mix0575,5,4,0,-177,0,32.54
fold2_room1_mix0575,6,4,0,-177,0,27.10
fold2_room1_mix0575,7,4,0,-177,0,22.54
fold2_room1_mix0575,8,4,0,-178,0,20.81
fold2_room1_mix0575,9,4,0,-178,0,21.35
fold2_room1_mix0575,10,4,0,-178,0,21.90
fold2_room1_mix0575,11,4,0,-179,0,22.14
fold2_room1_mix0575,12,4,0,-179,0,21.71
fold2_room1_mix0575,13,4,0,-179,-1,21.27
fold2_room1_mix0575,14,4,0,-179,-1,20.93
fold2_room1_mix0575,15,4,0,-179,-1,20.99
fold2_room1_mix0575,16,4,0,-179,-1,21.10
fold2_room1_mix0575,17,4,0,-179,-1,21.17
fold2_room1_mix0575,18,4,0,-179,-1,20.78
fold2_room1_mix0575,19,4,0,-179,-1,20.30
fold2_room1_mix0575,20,4,0,-179,-1,19.83
fold2_room1_mix0575,21,4,0,-179,-1,19.29
fold2_room1_mix0575,22,4,0,-179,-1,18.73
fold2_room1_mix0575,23,4,0,-179,-1,18.20
fold2_room1_mix0575,24,4,0,-179,-1,17.71
fold2_room1_mix0575,25,4,0,-179,-1,17.28
fold2_room1_mix0575,26,4,0,-179,-1,16.88
fold2_room1_mix0575,27,4,0,-179,-1,16.47
fold2_room1_mix0575,28,4,0,-179,-1,16.02
fold2_room1_mix0575,29,4,0,-168,-2,8.73
fold2_room1_mix0575,29,4,0,175,-1,19.03
fold2_room1_mix0575,30,4,0,-167,-3,8.01
fold2_room1_mix0575,30,4,0,175,-1,18.71
fold2_room1_mix0575,31,4,0,-166,-3,7.25
fold2_room1_mix0575,31,4,0,175,-1,18.19
fold2_room1_mix0575,32,4,0,-165,-4,6.55
fold2_room1_mix0575,32,4,0,175,-1,17.66
fold2_room1_mix0575,33,4,0,-163,-4,5.89
fold2_room1_mix0575,33,4,0,174,-1,17.13
fold2_room1_mix0575,34,4,0,-160,-5,5.15
fold2_room1_mix0575,34,4,0,174,-1,16.54
fold2_room1_mix0575,35,4,0,-156,-6,4.47
fold2_room1_mix0575,35,4,0,173,-1,15.96
fold2_room1_mix0575,36,4,0,-152,-7,3.86
fold2_room1_mix0575,36,4,0,173,-1,15.39
fold2_room1_mix0575,37,4,0,-142,-9,3.23
fold2_room1_mix0575,37,4,0,173,-2,14.70
fold2_room1_mix0575,38,4,0,-131,-11,2.65
fold2_room1_mix0575,38,4,0,173,-2,13.98
fold2_room1_mix0575,39,4,0,-120,-13,2.15
fold2_room1_mix0575,39,4,0,172,-2,13.29
fold2_room1_mix0575,40,4,0,-102,-15,1.99
fold2_room1_mix0575,40,4,0,172,-2,12.87
fold2_room1_mix0575,41,4,0,-77,-16,2.13
fold2_room1_mix0575,41,4,0,171,-2,12.69
fold2_room1_mix0575,42,4,0,-56,-14,2.28
fold2_room1_mix0575,42,4,0,171,-2,12.51
fold2_room1_mix0575,43,4,0,-44,-12,2.57
fold2_room1_mix0575,43,4,0,170,-2,12.16
fold2_room1_mix0575,44,4,0,-37,-9,3.23
fold2_room1_mix0575,44,4,0,170,-2,11.46
fold2_room1_mix0575,45,4,0,-30,-7,4.02
fold2_room1_mix0575,45,4,0,170,-2,10.79
fold2_room1_mix0575,46,4,0,-23,-5,4.89
fold2_room1_mix0575,46,4,0,170,-2,10.18
fold2_room1_mix0575,47,4,0,-20,-4,5.59
fold2_room1_mix0575,47,4,0,170,-2,9.66
fold2_room1_mix0575,48,4,0,-17,-4,6.34
fold2_room1_mix0575,48,4,0,170,-2,9.18
fold2_room1_mix0575,49,4,0,-14,-3,7.17
fold2_room1_mix0575,49,4,0,169,-3,8.71
fold2_room1_mix0575,50,4,0,-12,-3,8.07
fold2_room1_mix0575,50,4,0,168,-3,8.18
fold2_room1_mix0575,51,4,0,-11,-3,9.05
fold2_room1_mix0575,51,4,0,166,-3,7.67
fold2_room1_mix0575,52,4,0,-9,-2,10.13
fold2_room1_mix0575,52,4,0,165,-3,7.19
fold2_room1_mix0575,53,4,0,-9,-2,11.11
fold2_room1_mix0575,53,4,0,164,-3,6.67
fold2_room1_mix0575,54,4,0,-9,-2,12.07
fold2_room1_mix0575,54,4,0,163,-3,6.16
fold2_room1_mix0575,55,4,0,-9,-1,13.10
fold2_room1_mix0575,55,4,0,162,-4,5.68
fold2_room1_mix0575,56,4,0,-9,-1,13.81
fold2_room1_mix0575,56,4,0,161,-4,5.25
fold2_room1_mix0575,57,4,0,-8,-1,14.16
fold2_room1_mix0575,57,4,0,159,-4,4.85
fold2_room1_mix0575,58,4,0,-8,-1,14.51
fold2_room1_mix0575,58,4,0,157,-5,4.48
fold2_room1_mix0575,59,4,0,-7,-1,14.78
fold2_room1_mix0575,59,4,0,155,-5,4.11
fold2_room1_mix0575,60,4,0,-7,-1,14.83
fold2_room1_mix0575,60,4,0,152,-5,3.74
fold2_room1_mix0575,61,4,0,-7,-1,14.88
fold2_room1_mix0575,61,4,0,149,-6,3.40
fold2_room1_mix0575,62,4,0,-7,-1,14.98
fold2_room1_mix0575,62,4,0,145,-6,3.06
fold2_room1_mix0575,63,4,0,-6,-1,15.26
fold2_room1_mix0575,63,4,0,138,-7,2.66
fold2_room1_mix0575,64,4,0,-5,0,15.56
fold2_room1_mix0575,64,4,0,130,-8,2.29
fold2_room1_mix0575,65,4,0,-4,0,15.88
fold2_room1_mix0575,65,4,0,121,-9,1.97
fold2_room1_mix0575,66,4,0,-4,0,16.30
fold2_room1_mix0575,66,4,0,108,-11,1.84
fold2_room1_mix0575,67,4,0,-4,0,16.76
fold2_room1_mix0575,67,4,0,92,-11,1.74
fold2_room1_mix0575,68,4,0,-3,0,17.22
fold2_room1_mix0575,68,4,0,75,-11,1.66
fold2_room1_mix0575,69,4,0,-3,0,17.40
fold2_room1_mix0575,69,4,0,64,-10,1.81
fold2_room1_mix0575,70,4,0,-4,0,17.44
fold2_room1_mix0575,70,4,0,55,-8,2.09
fold2_room1_mix0575,71,4,0,-5,0,17.49
fold2_room1_mix0575,71,4,0,45,-7,2.40
fold2_room1_mix0575,72,4,0,-4,0,17.55
fold2_room1_mix0575,72,4,0,38,-6,2.73
fold2_room1_mix0575,73,4,0,-3,0,17.64
fold2_room1_mix0575,73,4,0,34,-6,3.08
fold2_room1_mix0575,74,4,0,-2,0,17.73
fold2_room1_mix0575,74,4,0,29,-5,3.47
fold2_room1_mix0575,75,4,0,-1,-1,17.85
fold2_room1_mix0575,75,4,0,26,-4,3.87
fold2_room1_mix0575,76,4,0,0,-1,18.02
fold2_room1_mix0575,76,4,0,24,-4,4.23
fold2_room1_mix0575,77,4,0,0,-1,18.19
fold2_room1_mix0575,77,4,0,22,-4,4.62
fold2_room1_mix0575,78,4,0,0,-1,18.28
fold2_room1_mix0575,78,4,0,21,-3,5.03
fold2_room1_mix0575,79,4,0,1,-1,18.04
fold2_room1_mix0575,79,4,0,19,-3,5.41
fold2_room1_mix0575,80,4,0,1,0,17.76
fold2_room1_mix0575,80,4,0,18,-3,5.82
fold2_room1_mix0575,81,4,0,12,-2,9.97
fold2_room1_mix0575,82,4,0,12,-2,9.91
fold2_room1_mix0575,83,4,0,12,-2,9.84
fold2_room1_mix0575,84,4,0,12,-2,9.84
fold2_room1_mix0575,85,4,0,12,-2,10.05
fold2_room1_mix0575,86,4,0,11,-2,10.34
fold2_room1_mix0575,87,4,0,11,-1,10.67
fold2_room1_mix0575,88,4,0,10,-1,10.94
fold2_room1_mix0575,89,4,0,10,-1,11.15
fold2_room1_mix0575,90,4,0,10,-1,11.38
fold2_room1_mix0575,91,4,0,10,-1,11.68
fold2_room1_mix0575,92,4,0,10,-1,12.15
fold2_room1_mix0575,93,4,0,10,-1,12.65
fold2_room1_mix0575,94,4,0,10,-1,13.14
fold2_room1_mix0575,95,4,0,9,-1,13.56
fold2_room1_mix0575,96,4,0,9,-1,13.97
fold2_room1_mix0575,97,4,0,8,-1,14.38
fold2_room1_mix0575,98,4,0,8,-1,14.68
fold2_room1_mix0575,99,4,0,8,-1,14.94
fold2_room1_mix0592,0,5,0,165,17,3.43
fold2_room1_mix0592,1,5,0,165,17,3.42
fold2_room1_mix0592,2,5,0,164,18,3.27
fold2_room1_mix0592,3,5,0,163,19,3.09
fold2_room1_mix0592,4,5,0,162,20,2.93
fold2_room1_mix0592,5,5,0,161,21,2.83
fold2_room1_mix0592,6,5,0,161,21,2.76
fold2_room1_mix0592,7,5,0,161,22,2.69
fold2_room1_mix0592,8,5,0,160,23,2.60
fold2_room1_mix0592,9,5,0,159,24,2.49
fold2_room1_mix0592,10,5,0,159,24,2.38
fold2_room1_mix0592,11,5,0,158,26,2.28
fold2_room1_mix0592,12,5,0,156,27,2.19
fold2_room1_mix0592,13,5,0,155,28,2.09
fold2_room1_mix0592,14,5,0,153,30,2.00
fold2_room1_mix0592,15,5,0,151,31,1.89
fold2_room1_mix0592,16,5,0,149,33,1.78
fold2_room1_mix0592,17,5,0,147,35,1.68
fold2_room1_mix0592,18,5,0,144,37,1.59
fold2_room1_mix0592,19,5,0,140,40,1.50
fold2_room1_mix0592,20,5,0,135,43,1.42
fold2_room1_mix0592,21,5,0,129,45,1.37
fold2_room1_mix0592,22,5,0,123,47,1.33
fold2_room1_mix0592,23,5,0,116,49,1.29
fold2_room1_mix0592,24,5,0,107,51,1.28
fold2_room1_mix0592,25,5,0,97,51,1.30
fold2_room1_mix0592,26,5,0,86,51,1.32
fold2_room1_mix0592,27,5,0,76,50,1.35
fold2_room1_mix0592,28,5,0,67,48,1.38
fold2_room1_mix0592,29,5,0,60,46,1.42
fold2_room1_mix0592,30,5,0,54,44,1.47
fold2_room1_mix0592,31,5,0,50,41,1.54
fold2_room1_mix0592,32,5,0,46,39,1.62
fold2_room1_mix0592,33,5,0,42,36,1.70
fold2_room1_mix0592,34,5,0,39,34,1.80
fold2_room1_mix0592,35,5,0,36,32,1.91
fold2_room1_mix0592,36,5,0,34,29,2.01
fold2_room1_mix0592,37,5,0,31,28,2.10
fold2_room1_mix0592,38,5,0,29,26,2.18
fold2_room1_mix0592,39,5,0,28,25,2.26
fold2_room1_mix0592,40,5,0,27,23,2.32
fold2_room1_mix0592,41,5,0,26,23,2.37
fold2_room1_mix0592,42,5,0,25,22,2.42
fold2_room1_mix0592,43,5,0,25,21,2.48
fold2_room1_mix0592,44,5,0,24,21,2.55
fold2_room1_mix0592,45,5,0,23,20,2.62
fold2_room1_mix0592,46,5,0,22,20,2.69
fold2_room1_mix0592,47,5,0,21,20,2.74
fold2_room1_mix0592,48,5,0,20,20,2.79
fold2_room1_mix0592,49,5,0,19,19,2.84
fold2_room1_mix0592,50,5,0,19,19,2.85
fold2_room1_mix0592,51,5,0,18,19,2.85
fold2_room1_mix0592,52,5,0,18,19,2.85
fold2_room1_mix0592,53,5,0,18,19,2.91
fold2_room1_mix0592,54,5,0,17,18,2.99
fold2_room1_mix0592,55,5,0,17,18,3.08
fold2_room1_mix0592,56,5,0,16,18,3.19
fold2_room1_mix0592,57,5,0,15,17,3.32
fold2_room1_mix0592,58,5,0,15,16,3.47
fold2_room1_mix0592,59,5,0,14,16,3.61
fold2_room1_mix0592,60,5,0,14,15,3.74
fold2_room1_mix0592,61,5,0,13,15,3.87
fold2_room1_mix0592,62,5,0,13,14,4.01
fold2_room1_mix0592,63,5,0,13,14,4.17
fold2_room1_mix0592,64,5,0,12,13,4.34
fold2_room1_mix0592,65,5,0,12,13,4.50
fold2_room1_mix0592,66,5,0,12,12,4.62
fold2_room1_mix0592,67,5,0,12,12,4.71
fold2_room1_mix0592,68,5,0,11,12,4.81
fold2_room1_mix0592,69,5,0,11,11,4.92
fold2_room1_mix0592,70,5,0,11,11,5.03
fold2_room1_mix0592,71,5,0,11,11,5.15
fold2_room1_mix0592,72,5,0,10,11,5.28
fold2_room1_mix0592,73,5,0,10,11,5.41
fold2_room1_mix0592,74,5,0,9,10,5.55
fold2_room1_mix0592,75,5,0,9,10,5.69
fold2_room1_mix0592,76,5,0,8,10,5.81
fold2_room1_mix0592,77,5,0,8,10,5.94
fold2_room1_mix0592,78,5,0,8,10,6.06
fold2_room1_mix0592,79,5,0,7,9,6.16
fold2_room1_mix0592,80,5,0,7,9,6.25
fold2_room1_mix0592,81,5,0,7,9,6.33
fold2_room1_mix0592,82,5,0,7,9,6.36
fold2_room1_mix0592,83,5,0,7,9,6.37
fold2_room1_mix0592,84,5,0,7,9,6.38
fold2_room1_mix0592,85,5,0,7,9,6.47
fold2_room1_mix0592,86,5,0,7,9,6.60
fold2_room1_mix0592,87,5,0,6,8,6.74
fold2_room1_mix0592,88,5,0,6,8,6.86
fold2_room1_mix0592,89,5,0,6,8,6.97
fold2_room1_mix0592,90,5,0,6,8,7.09
fold2_room1_mix0592,91,5,0,6,8,7.18
fold2_room1_mix0592,92,5,0,6,8,7.24
fold2_room1_mix0592,93,5,0,6,7,7.30
fold2_room1_mix0592,94,5,0,6,7,7.38
fold2_room1_mix0592,95,5,0,6,7,7.56
fold2_room1_mix0592,96,5,0,6,7,7.75
fold2_room1_mix0592,97,5,0,6,7,7.91
fold2_room1_mix0592,98,5,0,6,7,7.82
fold2_room1_mix0592,99,5,0,5,6,7.67
fold2_room1_mix0609,26,4,0,5,0,5.92
fold2_room1_mix0609,27,4,0,4,0,9.48
fold2_room1_mix0609,28,4,0,4,0,13.10
fold2_room1_mix0609,29,4,0,5,0,17.89
fold2_room1_mix0609,30,4,0,5,0,22.17
fold2_room1_mix0609,31,4,0,5,-1,18.71
fold2_room1_mix0609,32,4,0,5,-1,15.12
fold2_room1_mix0609,33,4,0,5,-1,12.51
fold2_room1_mix0609,34,4,0,5,-1,13.21
fold2_room1_mix0609,35,4,0,6,-1,14.79
fold2_room1_mix0609,36,4,0,7,-1,16.49
fold2_room1_mix0609,37,4,0,7,-1,16.74
fold2_room1_mix0609,38,4,0,7,-1,16.22
fold2_room1_mix0609,39,4,0,7,-1,15.73
fold2_room1_mix0609,40,4,0,7,-1,15.30
fold2_room1_mix0609,41,4,0,7,-1,14.95
fold2_room1_mix0609,42,4,0,8,-1,14.61
fold2_room1_mix0609,43,4,0,8,-1,14.03
fold2_room1_mix0609,44,1,0,-78,-1,1.79
fold2_room1_mix0609,44,4,0,7,-1,12.99
fold2_room1_mix0609,45,1,0,-75,-1,6.61
fold2_room1_mix0609,45,4,0,6,-1,12.01
fold2_room1_mix0609,46,1,0,-73,-2,15.96
fold2_room1_mix0609,46,4,0,6,-1,11.13
fold2_room1_mix0609,47,1,0,-78,-2,15.45
fold2_room1_mix0609,47,4,0,6,-1,10.44
fold2_room1_mix0609,48,1,0,-85,-2,13.59
fold2_room1_mix0609,48,4,0,5,-1,9.80
fold2_room1_mix0609,49,1,0,-92,-2,12.08
fold2_room1_mix0609,49,4,0,5,-1,9.31
fold2_room1_mix0609,50,1,0,-98,-2,11.93
fold2_room1_mix0609,50,4,0,6,-1,9.80
fold2_room1_mix0609,51,1,0,-103,-2,12.10
fold2_room1_mix0609,51,4,0,7,-1,10.58
fold2_room1_mix0609,52,1,0,-108,-2,12.27
fold2_room1_mix0609,52,4,0,8,-2,11.40
fold2_room1_mix0609,53,1,0,-110,-2,12.54
fold2_room1_mix0609,53,4,0,9,-2,11.56
fold2_room1_mix0609,54,1,0,-113,-2,12.86
fold2_room1_mix0609,54,4,0,9,-2,11.38
fold2_room1_mix0609,55,1,0,-115,-2,13.19
fold2_room1_mix0609,55,4,0,9,-2,11.20
fold2_room1_mix0609,56,1,0,-120,-2,13.54
fold2_room1_mix0609,56,4,0,9,-2,10.92
fold2_room1_mix0609,57,1,0,-126,-2,13.90
fold2_room1_mix0609,57,4,0,10,-2,10.54
fold2_room1_mix0609,58,1,0,-130,-1,14.27
fold2_room1_mix0609,58,4,0,10,-2,10.17
fold2_room1_mix0609,59,1,0,-133,-1,14.68
fold2_room1_mix0609,59,4,0,10,-2,9.74
fold2_room1_mix0609,60,1,0,-135,-1,15.12
fold2_room1_mix0609,60,4,0,11,-2,9.18
fold2_room1_mix0609,61,1,0,-137,-1,15.59
fold2_room1_mix0609,61,4,0,11,-2,8.64
fold2_room1_mix0609,62,1,0,-139,-1,15.77
fold2_room1_mix0609,62,4,0,12,-2,8.10
fold2_room1_mix0609,63,1,0,-138,-1,14.80
fold2_room1_mix0609,63,4,0,14,-2,7.47
fold2_room1_mix0609,64,1,0,-136,-2,13.78
fold2_room1_mix0609,64,4,0,15,-2,6.88
fold2_room1_mix0609,65,1,0,-135,-2,13.02
fold2_room1_mix0609,65,4,0,17,-3,6.32
fold2_room1_mix0609,66,1,0,-138,-2,14.22
fold2_room1_mix0609,66,4,0,18,-3,5.78
fold2_room1_mix0609,67,1,0,-142,-2,16.08
fold2_room1_mix0609,67,4,0,19,-3,5.27
fold2_room1_mix0609,68,1,0,-145,-1,18.14
fold2_room1_mix0609,68,4,0,20,-4,4.80
fold2_room1_mix0609,69,1,0,-148,-1,19.38
fold2_room1_mix0609,69,4,0,22,-4,4.42
fold2_room1_mix0609,70,1,0,-150,-1,20.17
fold2_room1_mix0609,70,4,0,24,-5,4.08
fold2_room1_mix0609,71,1,0,-153,-1,20.99
fold2_room1_mix0609,71,4,0,26,-5,3.76
fold2_room1_mix0609,72,1,0,-153,-1,19.84
fold2_room1_mix0609,72,4,0,30,-6,3.40
fold2_room1_mix0609,73,1,0,-152,-1,17.01
fold2_room1_mix0609,73,4,0,35,-7,3.01
fold2_room1_mix0609,74,1,0,-149,-1,14.57
fold2_room1_mix0609,74,4,0,40,-8,2.65
fold2_room1_mix0609,75,1,0,-146,-2,9.36
fold2_room1_mix0609,75,4,0,48,-8,2.35
fold2_room1_mix0609,76,4,0,57,-9,2.12
fold2_room1_mix0609,77,4,0,66,-9,1.91
fold2_room1_mix0609,78,4,0,76,-9,1.76
fold2_room1_mix0609,79,4,0,93,-10,1.80
fold2_room1_mix0609,80,4,0,110,-9,1.85
fold2_room1_mix0609,81,4,0,122,-8,1.93
fold2_room1_mix0609,82,4,0,130,-8,2.16
fold2_room1_mix0609,83,4,0,136,-7,2.46
fold2_room1_mix0609,84,4,0,143,-6,2.79
fold2_room1_mix0609,85,4,0,147,-5,3.11
fold2_room1_mix0609,86,4,0,150,-5,3.44
fold2_room1_mix0609,87,4,0,153,-4,3.80
fold2_room1_mix0609,88,4,0,155,-4,4.16
fold2_room1_mix0609,89,4,0,157,-4,4.50
fold2_room1_mix0609,90,4,0,158,-4,4.86
fold2_room1_mix0609,91,4,0,160,-3,5.24
fold2_room1_mix0609,92,4,0,161,-3,5.63
fold2_room1_mix0609,93,4,0,163,-3,6.04
fold2_room1_mix0609,94,4,0,164,-3,6.46
fold2_room1_mix0609,95,4,0,165,-2,6.85
fold2_room1_mix0609,96,4,0,166,-2,7.25
fold2_room1_mix0609,97,4,0,166,-2,7.65
fold2_room1_mix0609,98,4,0,167,-2,7.97
fold2_room1_mix0609,99,4,0,168,-2,8.28
fold2_room1_mix0609,25,4,0,5,-1,3.29
fold2_room1_mix0616,52,4,0,-1,-1,11.92
fold2_room1_mix0616,53,4,0,-1,-1,18.42
fold2_room1_mix0616,54,4,0,-2,0,21.35
fold2_room1_mix0616,55,4,0,-3,0,24.73
fold2_room1_mix0616,56,4,0,-3,0,25.63
fold2_room1_mix0616,57,4,0,-3,0,23.79
fold2_room1_mix0616,58,4,0,-3,0,22.08
fold2_room1_mix0616,59,4,0,-3,0,20.80
fold2_room1_mix0616,60,4,0,-3,0,20.23
fold2_room1_mix0616,61,4,0,-3,0,19.69
fold2_room1_mix0616,62,4,0,-4,0,19.19
fold2_room1_mix0616,63,4,0,-4,0,18.77
fold2_room1_mix0616,64,4,0,-4,0,18.38
fold2_room1_mix0616,65,4,0,-4,0,17.95
fold2_room1_mix0616,66,4,0,-4,0,17.13
fold2_room1_mix0616,67,4,0,-5,0,16.25
fold2_room1_mix0616,68,4,0,-5,0,15.42
fold2_room1_mix0616,69,4,0,-5,0,14.71
fold2_room1_mix0616,70,4,0,-5,-1,14.06
fold2_room1_mix0616,71,4,0,-6,-1,13.45
fold2_room1_mix0616,72,4,0,-6,-1,12.64
fold2_room1_mix0616,73,4,0,-7,-1,11.68
fold2_room1_mix0616,74,4,0,-7,-1,10.79
fold2_room1_mix0616,75,4,0,-8,-1,9.96
fold2_room1_mix0616,76,4,0,-8,-1,9.16
fold2_room1_mix0616,77,4,0,-9,-2,8.41
fold2_room1_mix0616,78,4,0,-10,-2,7.72
fold2_room1_mix0616,79,4,0,-11,-2,7.05
fold2_room1_mix0616,80,4,0,-12,-2,6.43
fold2_room1_mix0616,81,4,0,-13,-3,5.85
fold2_room1_mix0616,82,4,0,-15,-3,5.19
fold2_room1_mix0616,83,4,0,-16,-3,4.58
fold2_room1_mix0616,84,4,0,-18,-4,4.01
fold2_room1_mix0616,85,4,0,-27,-5,3.24
fold2_room1_mix0616,86,4,0,-38,-7,2.49
fold2_room1_mix0616,87,4,0,-48,-9,1.87
fold2_room1_mix0616,88,4,0,-62,-11,1.60
fold2_room1_mix0616,89,4,0,-91,-13,1.61
fold2_room1_mix0616,90,4,0,-120,-11,1.62
fold2_room1_mix0616,91,4,0,-134,-9,1.79
fold2_room1_mix0616,92,4,0,-142,-7,2.40
fold2_room1_mix0616,93,4,0,-151,-5,3.14
fold2_room1_mix0616,94,4,0,-160,-4,3.98
fold2_room1_mix0616,95,4,0,-162,-3,4.64
fold2_room1_mix0616,96,4,0,-163,-3,5.35
fold2_room1_mix0616,97,4,0,-165,-2,6.13
fold2_room1_mix0616,98,4,0,-166,-2,6.73
fold2_room1_mix0616,99,4,0,-167,-2,7.32
fold2_room1_mix0616,51,4,0,-1,-1,3.90
fold2_room1_mix0622,0,5,0,178,6,8.49
fold2_room1_mix0622,1,5,0,178,6,8.47
fold2_room1_mix0622,2,4,0,5,0,4.23
fold2_room1_mix0622,2,5,0,178,6,8.31
fold2_room1_mix0622,3,4,0,7,0,11.12
fold2_room1_mix0622,3,5,0,178,6,8.12
fold2_room1_mix0622,4,4,0,10,-1,26.50
fold2_room1_mix0622,4,5,0,177,6,7.94
fold2_room1_mix0622,5,4,0,11,-1,29.76
fold2_room1_mix0622,5,5,0,177,6,7.97
fold2_room1_mix0622,6,4,0,12,-1,23.42
fold2_room1_mix0622,6,5,0,177,6,8.10
fold2_room1_mix0622,7,4,0,12,0,18.39
fold2_room1_mix0622,7,5,0,177,6,8.23
fold2_room1_mix0622,8,4,0,13,0,16.44
fold2_room1_mix0622,8,5,0,177,6,8.26
fold2_room1_mix0622,9,4,0,13,-1,16.77
fold2_room1_mix0622,9,5,0,176,6,8.19
fold2_room1_mix0622,10,4,0,13,-1,17.11
fold2_room1_mix0622,10,5,0,176,7,8.12
fold2_room1_mix0622,11,4,0,14,-1,17.22
fold2_room1_mix0622,11,5,0,176,7,8.03
fold2_room1_mix0622,12,4,0,14,-1,16.86
fold2_room1_mix0622,12,5,0,176,7,7.89
fold2_room1_mix0622,13,4,0,14,-1,16.49
fold2_room1_mix0622,13,5,0,175,7,7.76
fold2_room1_mix0622,14,4,0,14,-1,16.11
fold2_room1_mix0622,14,5,0,174,7,7.63
fold2_room1_mix0622,15,4,0,14,-1,15.63
fold2_room1_mix0622,15,5,0,174,7,7.55
fold2_room1_mix0622,16,4,0,15,-1,15.15
fold2_room1_mix0622,16,5,0,174,7,7.47
fold2_room1_mix0622,17,4,0,15,-1,14.69
fold2_room1_mix0622,17,5,0,174,7,7.40
fold2_room1_mix0622,18,4,0,16,-1,14.17
fold2_room1_mix0622,18,5,0,173,8,7.36
fold2_room1_mix0622,19,4,0,16,-1,13.66
fold2_room1_mix0622,19,5,0,173,8,7.33
fold2_room1_mix0622,20,4,0,17,-1,13.16
fold2_room1_mix0622,20,5,0,173,8,7.30
fold2_room1_mix0622,21,4,0,18,-1,12.59
fold2_room1_mix0622,21,5,0,173,8,7.17
fold2_room1_mix0622,22,4,0,18,-1,11.99
fold2_room1_mix0622,22,5,0,173,8,6.99
fold2_room1_mix0622,23,4,0,19,-1,11.43
fold2_room1_mix0622,23,5,0,172,8,6.82
fold2_room1_mix0622,24,4,0,19,-2,10.89
fold2_room1_mix0622,24,5,0,172,8,6.66
fold2_room1_mix0622,25,4,0,20,-2,10.37
fold2_room1_mix0622,25,5,0,172,8,6.51
fold2_room1_mix0622,26,4,0,21,-2,9.89
fold2_room1_mix0622,26,5,0,172,8,6.36
fold2_room1_mix0622,27,4,0,21,-2,9.49
fold2_room1_mix0622,27,5,0,172,9,6.24
fold2_room1_mix0622,28,4,0,21,-2,9.25
fold2_room1_mix0622,28,5,0,171,9,6.21
fold2_room1_mix0622,29,4,0,21,-2,9.04
fold2_room1_mix0622,29,5,0,171,9,6.18
fold2_room1_mix0622,30,4,0,21,-2,8.83
fold2_room1_mix0622,30,5,0,171,9,6.13
fold2_room1_mix0622,31,4,0,22,-3,8.58
fold2_room1_mix0622,31,5,0,171,9,6.04
fold2_room1_mix0622,32,4,0,24,-3,8.33
fold2_room1_mix0622,32,5,0,171,9,5.95
fold2_room1_mix0622,33,4,0,26,-3,8.07
fold2_room1_mix0622,33,5,0,171,9,5.86
fold2_room1_mix0622,34,4,0,28,-3,7.71
fold2_room1_mix0622,34,5,0,171,9,5.79
fold2_room1_mix0622,35,4,0,30,-3,7.34
fold2_room1_mix0622,35,5,0,171,9,5.72
fold2_room1_mix0622,36,4,0,32,-4,7.00
fold2_room1_mix0622,36,5,0,171,9,5.66
fold2_room1_mix0622,37,4,0,20,-3,11.70
fold2_room1_mix0622,37,4,0,39,-4,4.98
fold2_room1_mix0622,37,5,0,171,9,5.68
fold2_room1_mix0622,38,4,0,12,-2,14.87
fold2_room1_mix0622,38,4,0,43,-5,4.44
fold2_room1_mix0622,38,5,0,170,9,5.74
fold2_room1_mix0622,39,4,0,3,0,18.84
fold2_room1_mix0622,39,4,0,47,-5,3.96
fold2_room1_mix0622,39,5,0,170,9,5.79
fold2_room1_mix0622,40,4,0,0,0,22.10
fold2_room1_mix0622,40,4,0,52,-6,3.64
fold2_room1_mix0622,40,5,0,169,10,5.72
fold2_room1_mix0622,41,4,0,0,0,24.06
fold2_room1_mix0622,41,4,0,57,-6,3.45
fold2_room1_mix0622,41,5,0,167,10,5.53
fold2_room1_mix0622,42,4,0,0,0,26.18
fold2_room1_mix0622,42,4,0,63,-7,3.27
fold2_room1_mix0622,42,5,0,166,10,5.35
fold2_room1_mix0622,43,4,0,-1,0,27.62
fold2_room1_mix0622,43,4,0,69,-7,3.12
fold2_room1_mix0622,43,5,0,164,11,5.17
fold2_room1_mix0622,44,4,0,-2,0,27.35
fold2_room1_mix0622,44,4,0,77,-7,3.04
fold2_room1_mix0622,44,5,0,162,11,5.00
fold2_room1_mix0622,45,4,0,-4,0,27.03
fold2_room1_mix0622,45,4,0,86,-7,2.96
fold2_room1_mix0622,45,5,0,161,11,4.83
fold2_room1_mix0622,46,4,0,-6,0,26.54
fold2_room1_mix0622,46,4,0,95,-7,2.93
fold2_room1_mix0622,46,5,0,159,12,4.69
fold2_room1_mix0622,47,4,0,-6,0,25.40
fold2_room1_mix0622,47,4,0,104,-6,3.13
fold2_room1_mix0622,47,5,0,158,12,4.61
fold2_room1_mix0622,48,4,0,-6,0,24.23
fold2_room1_mix0622,48,4,0,112,-6,3.36
fold2_room1_mix0622,48,5,0,157,13,4.54
fold2_room1_mix0622,49,4,0,-6,0,23.06
fold2_room1_mix0622,49,4,0,120,-5,3.61
fold2_room1_mix0622,49,5,0,156,13,4.46
fold2_room1_mix0622,50,4,0,-7,0,21.45
fold2_room1_mix0622,50,4,0,124,-5,3.88
fold2_room1_mix0622,50,5,0,156,13,4.38
fold2_room1_mix0622,51,4,0,-8,-1,19.83
fold2_room1_mix0622,51,4,0,127,-5,4.16
fold2_room1_mix0622,51,5,0,156,14,4.29
fold2_room1_mix0622,52,4,0,-10,-1,18.33
fold2_room1_mix0622,52,4,0,131,-5,4.47
fold2_room1_mix0622,52,5,0,156,14,4.20
fold2_room1_mix0622,53,4,0,-10,-1,16.71
fold2_room1_mix0622,53,4,0,132,-5,5.09
fold2_room1_mix0622,53,5,0,156,15,4.03
fold2_room1_mix0622,54,4,0,-11,-1,15.14
fold2_room1_mix0622,54,4,0,141,-4,4.77
fold2_room1_mix0622,54,5,0,155,15,3.83
fold2_room1_mix0622,55,4,0,-11,-2,13.70
fold2_room1_mix0622,55,4,0,145,-4,5.12
fold2_room1_mix0622,55,5,0,155,16,3.64
fold2_room1_mix0622,56,4,0,-12,-2,12.37
fold2_room1_mix0622,56,4,0,7,-1,9.81
fold2_room1_mix0622,56,4,0,148,-4,5.65
fold2_room1_mix0622,56,5,0,154,17,3.50
fold2_room1_mix0622,57,4,0,-14,-2,11.13
fold2_room1_mix0622,57,4,0,7,-2,9.81
fold2_room1_mix0622,57,4,0,149,-3,6.41
fold2_room1_mix0622,57,5,0,153,18,3.40
fold2_room1_mix0622,58,4,0,-15,-2,10.01
fold2_room1_mix0622,58,4,0,7,-2,9.81
fold2_room1_mix0622,58,4,0,150,-3,7.26
fold2_room1_mix0622,58,5,0,152,18,3.30
fold2_room1_mix0622,59,4,0,-17,-2,9.17
fold2_room1_mix0622,59,4,0,12,-4,9.69
fold2_room1_mix0622,59,4,0,151,-3,8.03
fold2_room1_mix0622,59,5,0,151,19,3.21
fold2_room1_mix0622,60,4,0,-21,-2,8.75
fold2_room1_mix0622,60,4,0,152,-2,8.48
fold2_room1_mix0622,60,5,0,150,20,3.13
fold2_room1_mix0622,61,4,0,-24,-2,8.36
fold2_room1_mix0622,61,4,0,156,-2,8.94
fold2_room1_mix0622,61,5,0,149,21,3.05
fold2_room1_mix0622,62,4,0,-27,-2,7.84
fold2_room1_mix0622,62,4,0,157,-2,8.86
fold2_room1_mix0622,62,5,0,148,22,2.95
fold2_room1_mix0622,63,4,0,-31,-3,6.80
fold2_room1_mix0622,63,4,0,160,-3,8.26
fold2_room1_mix0622,63,5,0,146,23,2.75
fold2_room1_mix0622,64,4,0,-35,-4,5.84
fold2_room1_mix0622,64,4,0,154,-2,9.45
fold2_room1_mix0622,64,5,0,143,24,2.55
fold2_room1_mix0622,65,4,0,-35,-7,4.98
fold2_room1_mix0622,65,4,0,155,-3,9.51
fold2_room1_mix0622,65,5,0,141,26,2.37
fold2_room1_mix0622,66,4,0,-44,-7,4.31
fold2_room1_mix0622,66,4,0,155,-3,9.82
fold2_room1_mix0622,66,5,0,138,27,2.25
fold2_room1_mix0622,67,4,0,-54,-9,3.74
fold2_room1_mix0622,67,4,0,156,-3,10.20
fold2_room1_mix0622,67,5,0,136,29,2.15
fold2_room1_mix0622,68,4,0,-66,-11,3.25
fold2_room1_mix0622,68,4,0,156,-3,10.60
fold2_room1_mix0622,68,5,0,133,30,2.06
fold2_room1_mix0622,69,4,0,-87,-11,3.30
fold2_room1_mix0622,69,4,0,155,-2,11.21
fold2_room1_mix0622,69,5,0,129,32,1.96
fold2_room1_mix0622,70,4,0,-111,-9,3.61
fold2_room1_mix0622,70,4,0,153,-2,11.94
fold2_room1_mix0622,70,5,0,124,34,1.86
fold2_room1_mix0622,71,4,0,-126,-7,3.96
fold2_room1_mix0622,71,4,0,151,-2,12.72
fold2_room1_mix0622,71,5,0,119,36,1.77
fold2_room1_mix0622,72,4,0,-133,-6,4.60
fold2_room1_mix0622,72,4,0,152,-2,12.98
fold2_room1_mix0622,72,5,0,113,37,1.70
fold2_room1_mix0622,73,4,0,-139,-5,5.65
fold2_room1_mix0622,73,4,0,154,-2,12.72
fold2_room1_mix0622,73,5,0,107,39,1.67
fold2_room1_mix0622,74,4,0,-145,-4,6.90
fold2_room1_mix0622,74,4,0,156,-3,12.45
fold2_room1_mix0622,74,5,0,100,40,1.63
fold2_room1_mix0622,75,4,0,-151,-3,8.05
fold2_room1_mix0622,75,4,0,159,-3,12.36
fold2_room1_mix0622,75,5,0,93,40,1.61
fold2_room1_mix0622,76,4,0,-154,-3,8.66
fold2_room1_mix0622,76,4,0,160,-2,12.61
fold2_room1_mix0622,76,5,0,88,40,1.63
fold2_room1_mix0622,77,4,0,-156,-3,9.29
fold2_room1_mix0622,77,4,0,161,-2,12.88
fold2_room1_mix0622,77,5,0,82,40,1.64
fold2_room1_mix0622,78,4,0,-158,-3,9.97
fold2_room1_mix0622,78,4,0,162,-2,13.15
fold2_room1_mix0622,78,5,0,77,40,1.66
fold2_room1_mix0622,79,4,0,-161,-2,10.74
fold2_room1_mix0622,79,4,0,163,-2,13.44
fold2_room1_mix0622,79,5,0,72,39,1.71
fold2_room1_mix0622,80,4,0,-163,-2,11.56
fold2_room1_mix0622,80,4,0,164,-2,13.74
fold2_room1_mix0622,80,5,0,67,39,1.77
fold2_room1_mix0622,81,4,0,-165,-2,12.42
fold2_room1_mix0622,81,4,0,165,-2,14.08
fold2_room1_mix0622,81,5,0,63,38,1.83
fold2_room1_mix0622,82,4,0,-166,-2,13.07
fold2_room1_mix0622,82,4,0,166,-2,14.78
fold2_room1_mix0622,82,5,0,59,36,1.88
fold2_room1_mix0622,83,4,0,-167,-2,13.68
fold2_room1_mix0622,83,4,0,167,-2,15.60
fold2_room1_mix0622,83,5,0,55,34,1.93
fold2_room1_mix0622,84,4,0,-168,-2,14.31
fold2_room1_mix0622,84,4,0,167,-1,16.45
fold2_room1_mix0622,84,5,0,51,33,1.99
fold2_room1_mix0622,85,4,0,-169,-1,14.78
fold2_room1_mix0622,85,4,0,168,-1,17.17
fold2_room1_mix0622,85,5,0,49,31,2.05
fold2_room1_mix0622,86,4,0,-170,-1,15.17
fold2_room1_mix0622,86,4,0,169,-1,17.83
fold2_room1_mix0622,86,5,0,47,30,2.10
fold2_room1_mix0622,87,4,0,-177,-1,16.55
fold2_room1_mix0622,87,5,0,45,29,2.16
fold2_room1_mix0622,88,4,0,-177,-1,17.22
fold2_room1_mix0622,88,5,0,43,28,2.22
fold2_room1_mix0622,89,4,0,-177,-1,18.07
fold2_room1_mix0622,89,5,0,40,26,2.27
fold2_room1_mix0622,90,4,0,-177,-1,18.97
fold2_room1_mix0622,90,5,0,38,25,2.32
fold2_room1_mix0622,91,4,0,-177,-1,19.58
fold2_room1_mix0622,91,5,0,37,24,2.38
fold2_room1_mix0622,92,4,0,-177,-1,19.52
fold2_room1_mix0622,92,5,0,36,23,2.47
fold2_room1_mix0622,93,4,0,-176,-1,19.45
fold2_room1_mix0622,93,5,0,35,23,2.57
fold2_room1_mix0622,94,4,0,-177,-1,19.70
fold2_room1_mix0622,94,5,0,35,22,2.66
fold2_room1_mix0622,95,4,0,-178,-1,21.34
fold2_room1_mix0622,95,5,0,34,21,2.73
fold2_room1_mix0622,96,4,0,-179,-1,23.30
fold2_room1_mix0622,96,5,0,33,21,2.81
fold2_room1_mix0622,97,4,0,179,-1,25.11
fold2_room1_mix0622,97,5,0,32,20,2.89
fold2_room1_mix0622,98,4,0,179,-1,24.07
fold2_room1_mix0622,98,5,0,29,19,3.03
fold2_room1_mix0622,99,4,0,178,-1,22.42
fold2_room1_mix0622,99,5,0,27,17,3.18
fold2_room1_mix0628,21,4,0,145,-1,6.10
fold2_room1_mix0628,22,4,0,145,-1,11.60
fold2_room1_mix0628,23,4,0,143,-1,21.36
fold2_room1_mix0628,24,4,0,141,-1,25.81
fold2_room1_mix0628,25,4,0,138,-1,20.72
fold2_room1_mix0628,26,4,0,133,-1,16.61
fold2_room1_mix0628,27,4,0,128,-1,14.41
fold2_room1_mix0628,28,4,0,128,-1,14.80
fold2_room1_mix0628,29,4,0,128,-1,15.28
fold2_room1_mix0628,30,4,0,128,-1,15.65
fold2_room1_mix0628,31,4,0,127,-1,15.52
fold2_room1_mix0628,32,4,0,125,-1,15.33
fold2_room1_mix0628,33,4,0,124,-1,15.14
fold2_room1_mix0628,34,4,0,123,-1,14.84
fold2_room1_mix0628,35,4,0,122,-1,14.51
fold2_room1_mix0628,36,4,0,120,-1,14.19
fold2_room1_mix0628,37,4,0,119,-1,13.83
fold2_room1_mix0628,38,4,0,117,-1,13.46
fold2_room1_mix0628,39,4,0,116,-1,13.10
fold2_room1_mix0628,40,4,0,114,-1,12.82
fold2_room1_mix0628,41,4,0,111,-1,12.60
fold2_room1_mix0628,42,4,0,107,-2,12.39
fold2_room1_mix0628,43,4,0,105,-2,12.17
fold2_room1_mix0628,44,4,0,103,-2,11.92
fold2_room1_mix0628,45,4,0,100,-2,11.67
fold2_room1_mix0628,46,4,0,98,-2,11.44
fold2_room1_mix0628,47,4,0,97,-2,11.31
fold2_room1_mix0628,48,4,0,95,-2,11.19
fold2_room1_mix0628,49,4,0,93,-2,11.10
fold2_room1_mix0628,50,4,0,90,-2,11.23
fold2_room1_mix0628,51,4,0,87,-2,11.42
fold2_room1_mix0628,52,4,0,84,-2,11.61
fold2_room1_mix0628,53,4,0,81,-2,11.90
fold2_room1_mix0628,54,4,0,77,-2,12.23
fold2_room1_mix0628,55,4,0,74,-2,12.58
fold2_room1_mix0628,56,4,0,56,-2,12.85
fold2_room1_mix0628,56,4,0,76,-1,12.86
fold2_room1_mix0628,57,4,0,43,-2,13.19
fold2_room1_mix0628,57,4,0,73,-1,13.00
fold2_room1_mix0628,58,4,0,28,-2,13.54
fold2_room1_mix0628,58,4,0,71,-1,13.14
fold2_room1_mix0628,59,4,0,18,-2,13.59
fold2_room1_mix0628,59,4,0,69,-1,13.25
fold2_room1_mix0628,60,4,0,24,-2,13.01
fold2_room1_mix0628,60,4,0,68,-1,13.28
fold2_room1_mix0628,61,4,0,31,-2,12.44
fold2_room1_mix0628,61,4,0,67,-1,13.30
fold2_room1_mix0628,62,4,0,33,-2,11.98
fold2_room1_mix0628,62,4,0,65,-1,13.34
fold2_room1_mix0628,63,4,0,24,-2,11.87
fold2_room1_mix0628,63,4,0,61,-1,13.42
fold2_room1_mix0628,64,4,0,15,-2,11.80
fold2_room1_mix0628,64,4,0,58,-1,13.51
fold2_room1_mix0628,65,4,0,6,-2,11.68
fold2_room1_mix0628,65,4,0,46,-1,12.72
fold2_room1_mix0628,65,4,0,62,-1,14.42
fold2_room1_mix0628,66,4,0,2,-2,11.12
fold2_room1_mix0628,66,4,0,35,-1,12.31
fold2_room1_mix0628,66,4,0,60,-1,14.30
fold2_room1_mix0628,67,4,0,0,-3,10.49
fold2_room1_mix0628,67,4,0,21,-1,11.81
fold2_room1_mix0628,67,4,0,59,-1,14.12
fold2_room1_mix0628,68,4,0,2,-2,10.60
fold2_room1_mix0628,68,4,0,57,-1,13.95
fold2_room1_mix0628,69,4,0,-2,-3,9.79
fold2_room1_mix0628,69,4,0,54,-1,14.19
fold2_room1_mix0628,70,4,0,-4,-3,8.90
fold2_room1_mix0628,70,4,0,50,-1,14.63
fold2_room1_mix0628,71,4,0,-5,-3,8.09
fold2_room1_mix0628,71,4,0,47,-1,15.08
fold2_room1_mix0628,72,4,0,-7,-4,7.32
fold2_room1_mix0628,72,4,0,44,-1,15.25
fold2_room1_mix0628,73,4,0,-8,-4,6.59
fold2_room1_mix0628,73,4,0,42,-1,15.13
fold2_room1_mix0628,74,4,0,-10,-4,5.92
fold2_room1_mix0628,74,4,0,40,-2,15.01
fold2_room1_mix0628,75,4,0,-11,-5,5.23
fold2_room1_mix0628,75,4,0,37,-1,14.70
fold2_room1_mix0628,76,4,0,-12,-6,4.46
fold2_room1_mix0628,76,4,0,34,-1,14.02
fold2_room1_mix0628,77,4,0,-13,-7,3.78
fold2_room1_mix0628,77,4,0,31,-1,13.35
fold2_room1_mix0628,78,4,0,-15,-8,3.16
fold2_room1_mix0628,78,4,0,26,-1,11.63
fold2_room1_mix0628,79,4,0,-22,-10,2.51
fold2_room1_mix0628,79,4,0,7,-7,6.94
fold2_room1_mix0628,80,4,0,-25,-13,2.59
fold2_room1_mix0628,81,4,0,-36,-16,1.70
fold2_room1_mix0628,82,4,0,-54,-21,1.41
fold2_room1_mix0628,83,4,0,-96,-26,1.22
fold2_room1_mix0628,84,4,0,-127,-21,1.06
fold2_room1_mix0628,85,4,0,-136,-18,1.31
fold2_room1_mix0628,86,4,0,-144,-14,1.83
fold2_room1_mix0628,87,4,0,-153,-10,2.47
fold2_room1_mix0628,88,4,0,-159,-8,3.10
fold2_room1_mix0628,89,4,0,-162,-7,3.68
fold2_room1_mix0628,90,4,0,-163,-5,4.33
fold2_room1_mix0628,91,4,0,-165,-5,5.00
fold2_room1_mix0628,92,4,0,-166,-4,5.55
fold2_room1_mix0628,93,4,0,-167,-4,6.15
fold2_room1_mix0628,94,4,0,-168,-4,6.77
fold2_room1_mix0628,95,4,0,-169,-3,7.32
fold2_room1_mix0628,96,4,0,-169,-3,7.89
fold2_room1_mix0628,97,4,0,-170,-3,8.45
fold2_room1_mix0628,98,4,0,-171,-3,8.55
fold2_room1_mix0628,99,4,0,-172,-3,8.53
fold2_room1_mix0630,0,4,0,-177,-2,18.20
fold2_room1_mix0630,1,4,0,-177,-2,18.30
fold2_room1_mix0630,2,2,0,-67,-1,6.88
fold2_room1_mix0630,2,4,0,-177,-1,19.47
fold2_room1_mix0630,3,2,0,-64,-1,14.98
fold2_room1_mix0630,3,4,0,1,0,36.44
fold2_room1_mix0630,3,4,0,-175,-1,13.97
fold2_room1_mix0630,4,2,0,-61,-2,29.92
fold2_room1_mix0630,4,4,0,1,1,46.37
fold2_room1_mix0630,4,4,0,-175,-1,13.04
fold2_room1_mix0630,5,2,0,-63,-1,11.32
fold2_room1_mix0630,5,4,0,1,1,49.65
fold2_room1_mix0630,5,4,0,-175,-1,12.43
fold2_room1_mix0630,6,4,0,1,0,48.89
fold2_room1_mix0630,6,4,0,-175,-1,11.97
fold2_room1_mix0630,7,4,0,1,0,48.15
fold2_room1_mix0630,7,4,0,-174,-1,11.54
fold2_room1_mix0630,8,4,0,1,0,47.02
fold2_room1_mix0630,8,4,0,-174,-1,11.15
fold2_room1_mix0630,9,4,0,2,0,45.53
fold2_room1_mix0630,9,4,0,-174,-2,10.81
fold2_room1_mix0630,10,2,0,-73,-2,3.64
fold2_room1_mix0630,10,4,0,2,0,44.08
fold2_room1_mix0630,10,4,0,-174,-2,10.48
fold2_room1_mix0630,11,2,0,-69,-2,11.56
fold2_room1_mix0630,11,4,0,3,0,43.35
fold2_room1_mix0630,11,4,0,-174,-2,10.18
fold2_room1_mix0630,12,2,0,-64,-2,17.29
fold2_room1_mix0630,12,4,0,2,0,44.03
fold2_room1_mix0630,12,4,0,-173,-2,9.91
fold2_room1_mix0630,13,2,0,-60,-2,25.13
fold2_room1_mix0630,13,4,0,2,0,44.77
fold2_room1_mix0630,13,4,0,-173,-2,9.66
fold2_room1_mix0630,14,2,0,-59,-1,25.90
fold2_room1_mix0630,14,4,0,2,0,44.92
fold2_room1_mix0630,14,4,0,-173,-2,9.37
fold2_room1_mix0630,15,2,0,-62,-1,6.19
fold2_room1_mix0630,15,4,0,1,0,42.64
fold2_room1_mix0630,15,4,0,-173,-3,8.97
fold2_room1_mix0630,16,4,0,0,0,40.23
fold2_room1_mix0630,16,4,0,-173,-3,8.57
fold2_room1_mix0630,17,4,0,0,-1,38.02
fold2_room1_mix0630,17,4,0,-173,-3,8.20
fold2_room1_mix0630,18,4,0,0,-1,36.53
fold2_room1_mix0630,18,4,0,-173,-3,8.03
fold2_room1_mix0630,19,4,0,0,-1,35.23
fold2_room1_mix0630,19,4,0,-173,-3,7.90
fold2_room1_mix0630,20,4,0,0,-1,34.00
fold2_room1_mix0630,20,4,0,-173,-3,7.78
fold2_room1_mix0630,21,2,0,-69,-1,7.81
fold2_room1_mix0630,21,4,0,0,-1,33.22
fold2_room1_mix0630,21,4,0,-173,-3,7.56
fold2_room1_mix0630,22,2,0,-68,-1,15.34
fold2_room1_mix0630,22,4,0,0,-1,32.66
fold2_room1_mix0630,22,4,0,-174,-3,7.30
fold2_room1_mix0630,23,2,0,-65,-2,29.34
fold2_room1_mix0630,23,4,0,0,0,32.10
fold2_room1_mix0630,23,4,0,-174,-3,7.04
fold2_room1_mix0630,24,2,0,-67,-1,20.42
fold2_room1_mix0630,24,4,0,0,0,31.28
fold2_room1_mix0630,24,4,0,-174,-4,6.81
fold2_room1_mix0630,25,2,0,-74,-1,4.75
fold2_room1_mix0630,25,4,0,-1,0,30.20
fold2_room1_mix0630,25,4,0,-174,-4,6.59
fold2_room1_mix0630,26,4,0,-1,0,29.16
fold2_room1_mix0630,26,4,0,-173,-4,6.37
fold2_room1_mix0630,27,4,0,-1,-1,28.02
fold2_room1_mix0630,27,4,0,-172,-4,6.16
fold2_room1_mix0630,28,4,0,-1,-1,26.65
fold2_room1_mix0630,28,4,0,-173,-4,5.97
fold2_room1_mix0630,29,4,0,-1,-1,25.34
fold2_room1_mix0630,29,4,0,-173,-4,5.77
fold2_room1_mix0630,30,4,0,-1,-1,24.25
fold2_room1_mix0630,30,4,0,-173,-4,5.55
fold2_room1_mix0630,31,2,0,-75,-1,4.69
fold2_room1_mix0630,31,4,0,-1,-1,23.86
fold2_room1_mix0630,31,4,0,-172,-4,5.21
fold2_room1_mix0630,32,2,0,-70,-1,13.31
fold2_room1_mix0630,32,4,0,-2,-1,23.54
fold2_room1_mix0630,32,4,0,-172,-4,4.87
fold2_room1_mix0630,33,2,0,-66,-2,29.62
fold2_room1_mix0630,33,4,0,-3,0,23.24
fold2_room1_mix0630,33,4,0,-172,-5,4.56
fold2_room1_mix0630,34,2,0,-70,-1,13.65
fold2_room1_mix0630,34,4,0,-3,0,23.07
fold2_room1_mix0630,34,4,0,-171,-5,4.39
fold2_room1_mix0630,35,2,0,-77,-1,3.87
fold2_room1_mix0630,35,4,0,-4,-1,22.92
fold2_room1_mix0630,35,4,0,-170,-5,4.24
fold2_room1_mix0630,36,4,0,-4,-1,22.76
fold2_room1_mix0630,36,4,0,-169,-6,4.11
fold2_room1_mix0630,37,4,0,-4,-1,22.31
fold2_room1_mix0630,37,4,0,-168,-7,3.93
fold2_room1_mix0630,38,4,0,-5,-1,21.73
fold2_room1_mix0630,38,4,0,-167,-8,3.74
fold2_room1_mix0630,39,4,0,-5,-2,21.16
fold2_room1_mix0630,39,4,0,-165,-9,3.56
fold2_room1_mix0630,40,4,0,-6,-1,20.93
fold2_room1_mix0630,40,4,0,-164,-10,3.27
fold2_room1_mix0630,41,2,0,-81,-1,3.58
fold2_room1_mix0630,41,4,0,-7,-1,21.04
fold2_room1_mix0630,41,4,0,-163,-11,2.90
fold2_room1_mix0630,42,2,0,-76,-2,12.95
fold2_room1_mix0630,42,4,0,-9,0,21.15
fold2_room1_mix0630,42,4,0,-161,-12,2.56
fold2_room1_mix0630,43,2,0,-73,-2,24.33
fold2_room1_mix0630,43,4,0,-10,0,20.95
fold2_room1_mix0630,43,4,0,-160,-12,2.37
fold2_room1_mix0630,44,2,0,-76,-2,14.85
fold2_room1_mix0630,44,3,0,93,-2,2.05
fold2_room1_mix0630,44,4,0,-9,-1,20.12
fold2_room1_mix0630,44,4,0,-160,-12,2.41
fold2_room1_mix0630,45,2,0,-79,-2,8.60
fold2_room1_mix0630,45,3,0,96,-2,5.01
fold2_room1_mix0630,45,4,0,-9,-1,19.31
fold2_room1_mix0630,45,4,0,-159,-12,2.46
fold2_room1_mix0630,46,2,0,-80,-2,4.52
fold2_room1_mix0630,46,3,0,98,-3,8.66
fold2_room1_mix0630,46,4,0,-9,-2,18.49
fold2_room1_mix0630,46,4,0,-158,-13,2.45
fold2_room1_mix0630,47,3,0,95,-2,5.79
fold2_room1_mix0630,47,4,0,-9,-1,17.57
fold2_room1_mix0630,47,4,0,-155,-14,2.19
fold2_room1_mix0630,48,3,0,93,-2,3.36
fold2_room1_mix0630,48,4,0,-10,-1,16.68
fold2_room1_mix0630,48,4,0,-152,-15,1.92
fold2_room1_mix0630,49,4,0,-10,0,15.73
fold2_room1_mix0630,49,4,0,-147,-17,1.70
fold2_room1_mix0630,50,3,0,90,-2,2.94
fold2_room1_mix0630,50,4,0,-10,-1,14.03
fold2_room1_mix0630,50,4,0,-145,-18,1.70
fold2_room1_mix0630,51,2,0,-88,-1,3.37
fold2_room1_mix0630,51,3,0,92,-3,5.04
fold2_room1_mix0630,51,4,0,-10,-2,12.32
fold2_room1_mix0630,51,4,0,-143,-20,1.75
fold2_room1_mix0630,52,2,0,-87,-2,12.50
fold2_room1_mix0630,52,3,0,94,-4,8.17
fold2_room1_mix0630,52,4,0,-10,-3,10.81
fold2_room1_mix0630,52,4,0,-139,-22,1.80
fold2_room1_mix0630,53,2,0,-87,-2,17.76
fold2_room1_mix0630,53,3,0,95,-4,9.04
fold2_room1_mix0630,53,4,0,-11,-4,9.41
fold2_room1_mix0630,53,4,0,-103,-34,1.93
fold2_room1_mix0630,53,4,0,-134,-23,1.65
fold2_room1_mix0630,54,2,0,-88,-2,16.71
fold2_room1_mix0630,54,3,0,95,-4,8.38
fold2_room1_mix0630,54,4,0,-12,-5,8.15
fold2_room1_mix0630,54,4,0,-49,-27,1.86
fold2_room1_mix0630,54,4,0,-117,-29,1.64
fold2_room1_mix0630,55,2,0,-90,-2,15.73
fold2_room1_mix0630,55,3,0,95,-4,7.76
fold2_room1_mix0630,55,4,0,-14,-5,7.05
fold2_room1_mix0630,55,4,0,-31,-18,1.79
fold2_room1_mix0630,55,4,0,-87,-32,1.64
fold2_room1_mix0630,56,2,0,-90,-2,8.21
fold2_room1_mix0630,56,3,0,98,-4,7.03
fold2_room1_mix0630,56,4,0,-21,-11,3.84
fold2_room1_mix0630,56,4,0,-57,-26,1.78
fold2_room1_mix0630,57,2,0,-90,-2,1.96
fold2_room1_mix0630,57,3,0,103,-3,6.23
fold2_room1_mix0630,57,4,0,-20,-12,3.27
fold2_room1_mix0630,57,4,0,-41,-19,2.09
fold2_room1_mix0630,58,3,0,108,-3,5.50
fold2_room1_mix0630,58,4,0,-24,-12,2.67
fold2_room1_mix0630,59,3,0,110,-3,4.72
fold2_room1_mix0630,59,4,0,-23,-12,2.53
fold2_room1_mix0630,60,3,0,105,-3,3.81
fold2_room1_mix0630,60,4,0,-22,-12,2.44
fold2_room1_mix0630,61,2,0,-90,-2,4.05
fold2_room1_mix0630,61,3,0,101,-3,3.03
fold2_room1_mix0630,61,4,0,-15,-12,2.43
fold2_room1_mix0630,61,4,0,-33,-11,2.27
fold2_room1_mix0630,62,2,0,-91,-2,11.41
fold2_room1_mix0630,62,4,0,-13,-11,2.45
fold2_room1_mix0630,62,4,0,-34,-11,2.08
fold2_room1_mix0630,63,2,0,-95,-2,14.07
fold2_room1_mix0630,63,4,0,-13,-10,2.50
fold2_room1_mix0630,63,4,0,-40,-14,1.79
fold2_room1_mix0630,64,2,0,-99,-2,15.95
fold2_room1_mix0630,64,4,0,-14,-9,2.57
fold2_room1_mix0630,64,4,0,-52,-18,1.53
fold2_room1_mix0630,65,2,0,-102,-2,16.18
fold2_room1_mix0630,65,4,0,-15,-8,2.65
fold2_room1_mix0630,65,4,0,-74,-22,1.30
fold2_room1_mix0630,66,2,0,-101,-2,5.65
fold2_room1_mix0630,66,4,0,-14,-7,2.83
fold2_room1_mix0630,66,4,0,-107,-22,1.27
fold2_room1_mix0630,67,4,0,-13,-7,3.04
fold2_room1_mix0630,67,4,0,-129,-19,1.28
fold2_room1_mix0630,68,4,0,-12,-6,3.27
fold2_room1_mix0630,68,4,0,-139,-16,1.31
fold2_room1_mix0630,69,4,0,-11,-6,3.52
fold2_room1_mix0630,69,4,0,-145,-14,1.81
fold2_room1_mix0630,70,4,0,-11,-6,3.79
fold2_room1_mix0630,70,4,0,-153,-10,2.74
fold2_room1_mix0630,71,2,0,-87,-2,3.97
fold2_room1_mix0630,71,4,0,-10,-5,4.07
fold2_room1_mix0630,71,4,0,-161,-7,3.99
fold2_room1_mix0630,72,2,0,-90,-2,8.09
fold2_room1_mix0630,72,4,0,-10,-5,4.38
fold2_room1_mix0630,72,4,0,-166,-5,5.11
fold2_room1_mix0630,73,2,0,-97,-2,11.36
fold2_room1_mix0630,73,4,0,-9,-5,4.72
fold2_room1_mix0630,73,4,0,-168,-4,5.88
fold2_room1_mix0630,74,2,0,-102,-2,15.82
fold2_room1_mix0630,74,4,0,-8,-4,5.08
fold2_room1_mix0630,74,4,0,-169,-4,6.74
fold2_room1_mix0630,75,2,0,-105,-2,13.64
fold2_room1_mix0630,75,4,0,-8,-4,5.38
fold2_room1_mix0630,75,4,0,-170,-3,7.56
fold2_room1_mix0630,76,2,0,-101,-1,4.06
fold2_room1_mix0630,76,4,0,-8,-4,5.55
fold2_room1_mix0630,76,4,0,-171,-3,8.14
fold2_room1_mix0630,77,4,0,-7,-4,5.72
fold2_room1_mix0630,77,4,0,-171,-3,8.74
fold2_room1_mix0630,78,4,0,-7,-4,5.93
fold2_room1_mix0630,78,4,0,-172,-3,9.44
fold2_room1_mix0630,79,4,0,-7,-4,6.29
fold2_room1_mix0630,79,4,0,-172,-3,10.47
fold2_room1_mix0630,80,4,0,-6,-3,6.68
fold2_room1_mix0630,80,4,0,-173,-2,11.64
fold2_room1_mix0630,81,4,0,-6,-3,7.08
fold2_room1_mix0630,81,4,0,-173,-2,12.90
fold2_room1_mix0630,82,2,0,-102,-1,4.51
fold2_room1_mix0630,82,4,0,-6,-3,7.35
fold2_room1_mix0630,82,4,0,-174,-2,14.07
fold2_room1_mix0630,83,2,0,-109,-1,11.53
fold2_room1_mix0630,83,4,0,-6,-2,7.60
fold2_room1_mix0630,83,4,0,-175,-2,15.28
fold2_room1_mix0630,84,2,0,-115,-2,26.36
fold2_room1_mix0630,84,4,0,-6,-2,7.84
fold2_room1_mix0630,84,4,0,-175,-2,16.57
fold2_room1_mix0630,85,2,0,-113,-1,14.12
fold2_room1_mix0630,85,4,0,-6,-2,8.00
fold2_room1_mix0630,85,4,0,-175,-1,17.61
fold2_room1_mix0630,86,2,0,-105,-1,3.29
fold2_room1_mix0630,86,4,0,-6,-3,8.12
fold2_room1_mix0630,86,4,0,-175,-1,18.55
fold2_room1_mix0630,87,4,0,-6,-3,8.24
fold2_room1_mix0630,87,4,0,-175,-1,19.53
fold2_room1_mix0630,88,4,0,-6,-3,8.45
fold2_room1_mix0630,88,4,0,-175,-1,20.38
fold2_room1_mix0630,89,4,0,-6,-3,8.78
fold2_room1_mix0630,89,4,0,-176,-1,21.10
fold2_room1_mix0630,90,4,0,-5,-3,9.11
fold2_room1_mix0630,90,4,0,-176,-1,21.83
fold2_room1_mix0630,91,4,0,-5,-3,9.38
fold2_room1_mix0630,91,4,0,-177,-1,22.25
fold2_room1_mix0630,92,2,0,-111,-1,4.33
fold2_room1_mix0630,92,4,0,-5,-2,9.52
fold2_room1_mix0630,92,4,0,-177,-1,21.96
fold2_room1_mix0630,93,2,0,-116,-1,14.52
fold2_room1_mix0630,93,4,0,-5,-2,9.65
fold2_room1_mix0630,93,4,0,-177,-1,21.66
fold2_room1_mix0630,94,2,0,-120,-1,31.18
fold2_room1_mix0630,94,4,0,-4,-2,9.87
fold2_room1_mix0630,94,4,0,-178,-1,21.79
fold2_room1_mix0630,95,2,0,-116,-1,15.51
fold2_room1_mix0630,95,4,0,-5,-2,10.50
fold2_room1_mix0630,95,4,0,-177,-1,23.84
fold2_room1_mix0630,96,2,0,-111,-2,6.29
fold2_room1_mix0630,96,4,0,-5,-2,11.20
fold2_room1_mix0630,96,4,0,-176,-1,26.30
fold2_room1_mix0630,97,4,0,-5,-2,11.77
fold2_room1_mix0630,97,4,0,-175,-1,28.50
fold2_room1_mix0630,98,4,0,-5,-2,10.72
fold2_room1_mix0630,98,4,0,-174,-1,26.30
fold2_room1_mix0630,99,4,0,-4,-2,9.41
fold2_room1_mix0630,99,4,0,-173,-1,23.32
fold2_room1_mix0636,0,5,0,53,6,8.32
fold2_room1_mix0636,1,5,0,53,6,8.32
fold2_room1_mix0636,2,5,0,53,6,8.28
fold2_room1_mix0636,3,4,0,8,-1,3.47
fold2_room1_mix0636,3,5,0,54,6,8.25
fold2_room1_mix0636,4,4,0,7,-1,6.27
fold2_room1_mix0636,4,5,0,54,5,8.21
fold2_room1_mix0636,5,4,0,6,0,8.93
fold2_room1_mix0636,5,5,0,55,6,8.16
fold2_room1_mix0636,6,4,0,6,-1,11.56
fold2_room1_mix0636,6,5,0,56,6,8.11
fold2_room1_mix0636,7,4,0,7,-1,14.89
fold2_room1_mix0636,7,5,0,56,6,8.06
fold2_room1_mix0636,8,4,0,7,-1,16.84
fold2_room1_mix0636,8,5,0,57,6,8.02
fold2_room1_mix0636,9,4,0,7,-1,16.78
fold2_room1_mix0636,9,5,0,58,6,7.98
fold2_room1_mix0636,10,4,0,7,-1,16.73
fold2_room1_mix0636,10,5,0,58,6,7.95
fold2_room1_mix0636,11,4,0,7,-1,16.35
fold2_room1_mix0636,11,5,0,59,6,7.89
fold2_room1_mix0636,12,4,0,8,-1,15.35
fold2_room1_mix0636,12,5,0,60,6,7.79
fold2_room1_mix0636,13,4,0,8,-1,14.39
fold2_room1_mix0636,13,5,0,61,7,7.68
fold2_room1_mix0636,14,4,0,8,-1,13.63
fold2_room1_mix0636,14,5,0,62,7,7.59
fold2_room1_mix0636,15,4,0,9,-1,13.43
fold2_room1_mix0636,15,5,0,62,7,7.56
fold2_room1_mix0636,16,4,0,9,-2,13.29
fold2_room1_mix0636,16,5,0,63,7,7.53
fold2_room1_mix0636,17,4,0,10,-2,13.12
fold2_room1_mix0636,17,5,0,63,6,7.51
fold2_room1_mix0636,18,4,0,10,-2,12.63
fold2_room1_mix0636,18,5,0,63,7,7.48
fold2_room1_mix0636,19,4,0,9,-2,12.09
fold2_room1_mix0636,19,5,0,64,7,7.46
fold2_room1_mix0636,20,4,0,9,-2,11.58
fold2_room1_mix0636,20,5,0,64,7,7.43
fold2_room1_mix0636,21,4,0,10,-2,11.22
fold2_room1_mix0636,21,5,0,64,7,7.53
fold2_room1_mix0636,22,4,0,10,-2,10.95
fold2_room1_mix0636,22,5,0,64,7,7.68
fold2_room1_mix0636,23,4,0,10,-2,10.69
fold2_room1_mix0636,23,5,0,64,7,7.83
fold2_room1_mix0636,24,4,0,11,-2,10.29
fold2_room1_mix0636,24,5,0,64,7,7.86
fold2_room1_mix0636,25,4,0,12,-2,9.77
fold2_room1_mix0636,25,5,0,63,7,7.77
fold2_room1_mix0636,26,4,0,12,-2,9.27
fold2_room1_mix0636,26,5,0,63,6,7.69
fold2_room1_mix0636,27,4,0,13,-2,8.82
fold2_room1_mix0636,27,5,0,62,6,7.64
fold2_room1_mix0636,28,4,0,13,-2,8.42
fold2_room1_mix0636,28,5,0,62,7,7.69
fold2_room1_mix0636,29,4,0,13,-2,8.05
fold2_room1_mix0636,29,5,0,61,7,7.74
fold2_room1_mix0636,30,4,0,13,-2,7.70
fold2_room1_mix0636,30,5,0,61,7,7.79
fold2_room1_mix0636,31,4,0,14,-2,7.45
fold2_room1_mix0636,31,5,0,61,7,7.79
fold2_room1_mix0636,32,4,0,15,-3,7.22
fold2_room1_mix0636,32,5,0,61,7,7.79
fold2_room1_mix0636,33,4,0,15,-3,6.97
fold2_room1_mix0636,33,5,0,61,7,7.78
fold2_room1_mix0636,34,4,0,17,-3,6.59
fold2_room1_mix0636,34,5,0,61,7,7.73
fold2_room1_mix0636,35,4,0,18,-3,6.19
fold2_room1_mix0636,35,5,0,62,7,7.67
fold2_room1_mix0636,36,4,0,19,-3,5.81
fold2_room1_mix0636,36,5,0,63,7,7.61
fold2_room1_mix0636,37,4,0,21,-4,5.41
fold2_room1_mix0636,37,5,0,63,7,7.56
fold2_room1_mix0636,38,4,0,23,-4,5.02
fold2_room1_mix0636,38,5,0,63,7,7.52
fold2_room1_mix0636,39,4,0,25,-5,4.66
fold2_room1_mix0636,39,5,0,63,7,7.48
fold2_room1_mix0636,40,4,0,26,-6,4.41
fold2_room1_mix0636,40,5,0,64,7,7.48
fold2_room1_mix0636,41,4,0,28,-6,4.28
fold2_room1_mix0636,41,5,0,64,7,7.52
fold2_room1_mix0636,42,4,0,29,-6,4.15
fold2_room1_mix0636,42,5,0,64,7,7.56
fold2_room1_mix0636,43,4,0,31,-6,3.95
fold2_room1_mix0636,43,5,0,64,7,7.58
fold2_room1_mix0636,44,4,0,35,-7,3.62
fold2_room1_mix0636,44,5,0,65,7,7.58
fold2_room1_mix0636,45,4,0,39,-8,3.31
fold2_room1_mix0636,45,5,0,66,7,7.58
fold2_room1_mix0636,46,4,0,44,-9,3.02
fold2_room1_mix0636,46,5,0,67,7,7.56
fold2_room1_mix0636,47,4,0,50,-9,2.75
fold2_room1_mix0636,47,5,0,67,7,7.44
fold2_room1_mix0636,48,4,0,56,-11,2.49
fold2_room1_mix0636,48,5,0,68,7,7.31
fold2_room1_mix0636,49,4,0,64,-12,2.27
fold2_room1_mix0636,49,5,0,68,7,7.20
fold2_room1_mix0636,50,4,0,74,-13,2.18
fold2_room1_mix0636,50,5,0,67,7,7.25
fold2_room1_mix0636,51,4,0,86,-13,2.13
fold2_room1_mix0636,51,5,0,66,7,7.35
fold2_room1_mix0636,52,4,0,99,-13,2.08
fold2_room1_mix0636,52,5,0,65,7,7.45
fold2_room1_mix0636,53,4,0,109,-12,2.20
fold2_room1_mix0636,53,5,0,64,7,7.52
fold2_room1_mix0636,54,4,0,118,-10,2.41
fold2_room1_mix0636,54,5,0,63,6,7.58
fold2_room1_mix0636,55,4,0,127,-9,2.63
fold2_room1_mix0636,55,5,0,62,6,7.64
fold2_room1_mix0636,56,4,0,134,-9,2.89
fold2_room1_mix0636,56,5,0,61,6,7.70
fold2_room1_mix0636,57,4,0,139,-8,3.19
fold2_room1_mix0636,57,5,0,61,6,7.78
fold2_room1_mix0636,58,4,0,143,-7,3.51
fold2_room1_mix0636,58,5,0,61,6,7.86
fold2_room1_mix0636,59,4,0,147,-7,3.82
fold2_room1_mix0636,59,5,0,61,6,7.90
fold2_room1_mix0636,60,4,0,149,-6,4.09
fold2_room1_mix0636,60,5,0,61,6,7.86
fold2_room1_mix0636,61,4,0,151,-6,4.37
fold2_room1_mix0636,61,5,0,61,6,7.82
fold2_room1_mix0636,62,4,0,153,-5,4.66
fold2_room1_mix0636,62,5,0,62,6,7.77
fold2_room1_mix0636,63,4,0,155,-5,4.97
fold2_room1_mix0636,63,5,0,62,6,7.68
fold2_room1_mix0636,64,4,0,157,-4,5.29
fold2_room1_mix0636,64,5,0,63,6,7.58
fold2_room1_mix0636,65,4,0,158,-4,5.63
fold2_room1_mix0636,65,5,0,63,7,7.50
fold2_room1_mix0636,66,4,0,159,-4,5.94
fold2_room1_mix0636,66,5,0,63,7,7.53
fold2_room1_mix0636,67,4,0,161,-4,6.26
fold2_room1_mix0636,67,5,0,63,7,7.59
fold2_room1_mix0636,68,4,0,162,-3,6.59
fold2_room1_mix0636,68,5,0,63,6,7.64
fold2_room1_mix0636,69,4,0,163,-3,6.90
fold2_room1_mix0636,69,5,0,64,7,7.63
fold2_room1_mix0636,70,4,0,163,-3,7.21
fold2_room1_mix0636,70,5,0,65,7,7.59
fold2_room1_mix0636,71,4,0,164,-3,7.53
fold2_room1_mix0636,71,5,0,66,7,7.55
fold2_room1_mix0636,72,4,0,165,-3,8.00
fold2_room1_mix0636,72,5,0,66,7,7.49
fold2_room1_mix0636,73,4,0,166,-2,8.67
fold2_room1_mix0636,73,5,0,67,7,7.41
fold2_room1_mix0636,74,4,0,167,-2,9.38
fold2_room1_mix0636,74,5,0,67,7,7.34
fold2_room1_mix0636,75,4,0,168,-2,10.02
fold2_room1_mix0636,75,5,0,68,7,7.32
fold2_room1_mix0636,76,4,0,169,-2,10.43
fold2_room1_mix0636,76,5,0,67,7,7.41
fold2_room1_mix0636,77,4,0,170,-2,10.85
fold2_room1_mix0636,77,5,0,67,7,7.51
fold2_room1_mix0636,78,4,0,170,-2,11.29
fold2_room1_mix0636,78,5,0,67,7,7.59
fold2_room1_mix0636,79,4,0,171,-2,11.73
fold2_room1_mix0636,79,5,0,67,7,7.57
fold2_room1_mix0636,80,4,0,171,-2,12.18
fold2_room1_mix0636,80,5,0,67,7,7.53
fold2_room1_mix0636,81,4,0,171,-2,12.62
fold2_room1_mix0636,81,5,0,67,7,7.49
fold2_room1_mix0636,82,4,0,171,-2,12.85
fold2_room1_mix0636,82,5,0,67,7,7.43
fold2_room1_mix0636,83,4,0,171,-2,13.01
fold2_room1_mix0636,83,5,0,67,7,7.36
fold2_room1_mix0636,84,4,0,171,-1,13.19
fold2_room1_mix0636,84,5,0,67,6,7.28
fold2_room1_mix0636,85,4,0,172,-1,13.71
fold2_room1_mix0636,85,5,0,67,7,7.23
fold2_room1_mix0636,86,4,0,173,-1,14.42
fold2_room1_mix0636,86,5,0,67,7,7.19
fold2_room1_mix0636,87,4,0,174,-1,15.17
fold2_room1_mix0636,87,5,0,68,7,7.14
fold2_room1_mix0636,88,4,0,175,-1,14.79
fold2_room1_mix0636,88,5,0,68,7,7.15
fold2_room1_mix0636,89,4,0,175,-1,13.35
fold2_room1_mix0636,89,5,0,68,7,7.20
fold2_room1_mix0636,90,4,0,175,-1,12.04
fold2_room1_mix0636,90,5,0,67,7,7.26
fold2_room1_mix0636,91,4,0,175,-1,11.80
fold2_room1_mix0636,91,5,0,67,7,7.28
fold2_room1_mix0636,92,4,0,174,-1,13.73
fold2_room1_mix0636,92,5,0,67,7,7.24
fold2_room1_mix0636,93,4,0,174,-1,16.03
fold2_room1_mix0636,93,5,0,66,7,7.20
fold2_room1_mix0636,94,4,0,173,-1,17.92
fold2_room1_mix0636,94,5,0,66,7,7.18
fold2_room1_mix0636,95,4,0,174,-1,16.84
fold2_room1_mix0636,95,5,0,67,7,7.28
fold2_room1_mix0636,96,4,0,175,-1,15.54
fold2_room1_mix0636,96,5,0,67,7,7.39
fold2_room1_mix0636,97,4,0,176,-1,13.89
fold2_room1_mix0636,97,5,0,68,7,7.46
fold2_room1_mix0636,98,4,0,176,-1,9.26
fold2_room1_mix0636,98,5,0,68,6,7.25
fold2_room1_mix0636,99,4,0,176,0,5.63
fold2_room1_mix0636,99,5,0,68,6,6.98
fold2_room1_mix0648,0,5,0,99,2,5.42
fold2_room1_mix0648,1,5,0,99,2,5.66
fold2_room1_mix0648,2,5,0,101,2,8.75
fold2_room1_mix0648,3,5,0,103,2,14.51
fold2_room1_mix0648,4,5,0,105,3,23.39
fold2_room1_mix0648,5,5,0,105,3,25.22
fold2_room1_mix0648,6,5,0,104,3,22.45
fold2_room1_mix0648,7,5,0,104,2,19.98
fold2_room1_mix0648,8,5,0,103,2,18.76
fold2_room1_mix0648,9,5,0,103,3,18.62
fold2_room1_mix0648,10,5,0,104,3,18.47
fold2_room1_mix0648,11,5,0,104,3,18.34
fold2_room1_mix0648,12,5,0,103,3,18.21
fold2_room1_mix0648,13,5,0,103,3,18.08
fold2_room1_mix0648,14,5,0,103,3,18.01
fold2_room1_mix0648,15,5,0,102,3,18.15
fold2_room1_mix0648,16,5,0,102,3,18.32
fold2_room1_mix0648,17,5,0,101,3,18.48
fold2_room1_mix0648,18,5,0,101,3,18.53
fold2_room1_mix0648,19,5,0,100,3,18.56
fold2_room1_mix0648,20,5,0,100,3,18.58
fold2_room1_mix0648,21,5,0,99,3,18.47
fold2_room1_mix0648,22,5,0,99,3,18.30
fold2_room1_mix0648,23,5,0,99,3,18.14
fold2_room1_mix0648,24,5,0,98,3,17.88
fold2_room1_mix0648,25,5,0,98,3,17.55
fold2_room1_mix0648,26,5,0,98,3,17.22
fold2_room1_mix0648,27,5,0,98,3,16.97
fold2_room1_mix0648,28,5,0,97,3,16.90
fold2_room1_mix0648,29,5,0,96,3,16.83
fold2_room1_mix0648,30,5,0,96,3,16.78
fold2_room1_mix0648,31,5,0,96,3,16.79
fold2_room1_mix0648,32,5,0,96,3,16.81
fold2_room1_mix0648,33,5,0,96,3,16.84
fold2_room1_mix0648,34,5,0,97,3,16.98
fold2_room1_mix0648,35,5,0,97,3,17.15
fold2_room1_mix0648,36,5,0,98,3,17.32
fold2_room1_mix0648,37,5,0,97,3,17.31
fold2_room1_mix0648,38,5,0,97,3,17.22
fold2_room1_mix0648,39,5,0,96,3,17.12
fold2_room1_mix0648,40,5,0,95,3,17.05
fold2_room1_mix0648,41,5,0,95,3,16.99
fold2_room1_mix0648,42,5,0,95,3,16.93
fold2_room1_mix0648,43,5,0,94,3,16.92
fold2_room1_mix0648,44,5,0,94,3,17.03
fold2_room1_mix0648,45,5,0,95,3,17.14
fold2_room1_mix0648,46,5,0,95,3,17.21
fold2_room1_mix0648,47,5,0,95,3,17.14
fold2_room1_mix0648,48,5,0,94,3,17.04
fold2_room1_mix0648,49,5,0,94,3,16.95
fold2_room1_mix0648,50,5,0,94,3,16.88
fold2_room1_mix0648,51,5,0,93,3,16.81
fold2_room1_mix0648,52,5,0,93,3,16.74
fold2_room1_mix0648,53,5,0,93,3,16.56
fold2_room1_mix0648,54,5,0,92,3,16.33
fold2_room1_mix0648,55,4,0,171,-1,6.69
fold2_room1_mix0648,55,5,0,92,3,16.11
fold2_room1_mix0648,56,4,0,173,0,11.90
fold2_room1_mix0648,56,5,0,92,3,16.16
fold2_room1_mix0648,57,4,0,173,-1,14.39
fold2_room1_mix0648,57,5,0,92,3,16.49
fold2_room1_mix0648,58,4,0,172,-1,17.36
fold2_room1_mix0648,58,5,0,91,3,16.83
fold2_room1_mix0648,59,4,0,172,-1,18.85
fold2_room1_mix0648,59,5,0,91,3,17.07
fold2_room1_mix0648,60,4,0,171,-1,16.54
fold2_room1_mix0648,60,5,0,91,3,17.12
fold2_room1_mix0648,61,4,0,171,-1,14.40
fold2_room1_mix0648,61,5,0,91,3,17.16
fold2_room1_mix0648,62,4,0,170,-1,12.71
fold2_room1_mix0648,62,5,0,90,3,17.16
fold2_room1_mix0648,63,4,0,170,-1,11.90
fold2_room1_mix0648,63,5,0,90,3,17.02
fold2_room1_mix0648,64,4,0,169,-1,11.21
fold2_room1_mix0648,64,5,0,90,3,16.87
fold2_room1_mix0648,65,4,0,169,-1,10.53
fold2_room1_mix0648,65,5,0,90,3,16.72
fold2_room1_mix0648,66,4,0,167,-2,9.71
fold2_room1_mix0648,66,5,0,90,3,16.66
fold2_room1_mix0648,67,4,0,166,-2,8.91
fold2_room1_mix0648,67,5,0,90,3,16.61
fold2_room1_mix0648,68,4,0,164,-2,8.16
fold2_room1_mix0648,68,5,0,90,3,16.57
fold2_room1_mix0648,69,4,0,162,-3,7.28
fold2_room1_mix0648,69,5,0,89,3,16.55
fold2_room1_mix0648,70,4,0,160,-3,6.40
fold2_room1_mix0648,70,5,0,89,3,16.54
fold2_room1_mix0648,71,4,0,158,-3,5.62
fold2_room1_mix0648,71,5,0,89,3,16.53
fold2_room1_mix0648,72,4,0,152,-4,4.75
fold2_room1_mix0648,72,5,0,89,3,16.64
fold2_room1_mix0648,73,4,0,143,-5,3.85
fold2_room1_mix0648,73,5,0,89,3,16.88
fold2_room1_mix0648,74,4,0,135,-6,3.09
fold2_room1_mix0648,74,5,0,89,3,17.13
fold2_room1_mix0648,75,4,0,126,-8,2.62
fold2_room1_mix0648,75,5,0,90,3,17.24
fold2_room1_mix0648,76,4,0,108,-10,2.54
fold2_room1_mix0648,76,5,0,90,3,17.10
fold2_room1_mix0648,77,4,0,82,-10,2.46
fold2_room1_mix0648,77,5,0,90,3,16.95
fold2_room1_mix0648,78,4,0,61,-9,2.52
fold2_room1_mix0648,78,5,0,90,3,16.83
fold2_room1_mix0648,79,4,0,49,-7,3.12
fold2_room1_mix0648,79,5,0,90,3,16.81
fold2_room1_mix0648,80,4,0,38,-5,3.89
fold2_room1_mix0648,80,5,0,90,3,16.79
fold2_room1_mix0648,81,4,0,27,-4,4.78
fold2_room1_mix0648,81,5,0,90,3,16.78
fold2_room1_mix0648,82,4,0,23,-3,5.47
fold2_room1_mix0648,82,5,0,90,3,16.75
fold2_room1_mix0648,83,4,0,21,-3,6.13
fold2_room1_mix0648,83,5,0,89,3,16.72
fold2_room1_mix0648,84,4,0,18,-3,6.86
fold2_room1_mix0648,84,5,0,89,3,16.69
fold2_room1_mix0648,85,4,0,17,-2,7.69
fold2_room1_mix0648,85,5,0,88,3,16.78
fold2_room1_mix0648,86,4,0,15,-2,8.61
fold2_room1_mix0648,86,5,0,88,3,16.94
fold2_room1_mix0648,87,4,0,13,-2,9.63
fold2_room1_mix0648,87,5,0,88,3,17.10
fold2_room1_mix0648,88,4,0,12,-2,10.50
fold2_room1_mix0648,88,5,0,87,3,17.39
fold2_room1_mix0648,89,4,0,11,-1,11.16
fold2_room1_mix0648,89,5,0,86,3,17.84
fold2_room1_mix0648,90,4,0,10,-1,11.85
fold2_room1_mix0648,90,5,0,85,3,18.29
fold2_room1_mix0648,91,4,0,10,-1,12.70
fold2_room1_mix0648,91,5,0,85,3,18.47
fold2_room1_mix0648,92,4,0,9,-1,13.88
fold2_room1_mix0648,92,5,0,84,3,18.07
fold2_room1_mix0648,93,4,0,9,-1,15.16
fold2_room1_mix0648,93,5,0,84,3,17.66
fold2_room1_mix0648,94,4,0,8,-1,16.47
fold2_room1_mix0648,94,5,0,84,3,17.36
fold2_room1_mix0648,95,4,0,7,-1,17.50
fold2_room1_mix0648,95,5,0,84,3,17.44
fold2_room1_mix0648,96,4,0,6,-1,18.55
fold2_room1_mix0648,96,5,0,84,3,17.57
fold2_room1_mix0648,97,4,0,6,-1,17.81
fold2_room1_mix0648,97,5,0,84,3,17.69
fold2_room1_mix0648,98,4,0,5,0,6.58
fold2_room1_mix0648,98,5,0,84,3,17.80
fold2_room1_mix0648,99,4,0,5,0,1.47
fold2_room1_mix0648,99,5,0,84,3,17.90
fold2_room1_mix0695,49,4,0,-5,-1,9.96
fold2_room1_mix0695,50,4,0,-4,0,14.29
fold2_room1_mix0695,51,4,0,-5,0,17.45
fold2_room1_mix0695,52,4,0,-5,0,21.14
fold2_room1_mix0695,53,4,0,-6,-1,20.87
fold2_room1_mix0695,54,4,0,-6,-1,18.67
fold2_room1_mix0695,55,4,0,-6,-1,16.69
fold2_room1_mix0695,56,4,0,-7,-1,15.51
fold2_room1_mix0695,57,4,0,-7,-1,14.98
fold2_room1_mix0695,58,4,0,-7,-1,14.48
fold2_room1_mix0695,59,4,0,-8,-1,13.85
fold2_room1_mix0695,60,4,0,-8,-1,12.95
fold2_room1_mix0695,61,4,0,-9,-1,12.10
fold2_room1_mix0695,62,4,0,-9,-1,11.26
fold2_room1_mix0695,63,4,0,-10,-1,10.29
fold2_room1_mix0695,64,4,0,-11,-2,9.39
fold2_room1_mix0695,65,4,0,-13,-2,8.55
fold2_room1_mix0695,66,4,0,-15,-2,7.73
fold2_room1_mix0695,67,4,0,-17,-2,6.97
fold2_room1_mix0695,68,4,0,-19,-2,6.27
fold2_room1_mix0695,69,4,0,-22,-3,5.50
fold2_room1_mix0695,70,4,0,-26,-3,4.76
fold2_room1_mix0695,71,4,0,-30,-4,4.10
fold2_room1_mix0695,72,4,0,-40,-4,3.47
fold2_room1_mix0695,73,4,0,-53,-6,2.89
fold2_room1_mix0695,74,4,0,-69,-7,2.38
fold2_room1_mix0695,75,4,0,-89,-8,2.17
fold2_room1_mix0695,76,4,0,-111,-7,2.47
fold2_room1_mix0695,77,4,0,-129,-6,2.81
fold2_room1_mix0695,78,4,0,-141,-5,3.22
fold2_room1_mix0695,79,4,0,-147,-5,3.84
fold2_room1_mix0695,80,4,0,-152,-4,4.59
fold2_room1_mix0695,81,4,0,-157,-3,5.41
fold2_room1_mix0695,82,4,0,-160,-3,6.11
fold2_room1_mix0695,83,4,0,-162,-2,6.81
fold2_room1_mix0695,84,4,0,-163,-2,7.57
fold2_room1_mix0695,85,4,0,-165,-2,8.27
fold2_room1_mix0695,86,4,0,-167,-2,8.95
fold2_room1_mix0695,87,4,0,-168,-1,9.69
fold2_room1_mix0695,88,4,0,-169,-1,10.43
fold2_room1_mix0695,89,4,0,-170,-1,11.16
fold2_room1_mix0695,90,4,0,-170,-1,11.93
fold2_room1_mix0695,91,4,0,-171,-1,12.68
fold2_room1_mix0695,92,4,0,-172,-1,13.30
fold2_room1_mix0695,93,4,0,-172,-1,13.94
fold2_room1_mix0695,94,4,0,-173,-1,14.67
fold2_room1_mix0695,95,4,0,-172,-1,15.69
fold2_room1_mix0695,96,4,0,-172,-1,16.79
fold2_room1_mix0695,97,4,0,-172,-1,17.90
fold2_room1_mix0695,98,4,0,-172,-1,18.39
fold2_room1_mix0695,99,4,0,-172,-1,18.72
fold2_room1_mix0702,0,4,0,-34,0,9.75
fold2_room1_mix0702,1,4,0,-32,0,10.00
fold2_room1_mix0702,2,4,0,-29,0,12.91
fold2_room1_mix0702,3,4,0,-32,0,17.54
fold2_room1_mix0702,4,4,0,-35,-1,23.53
fold2_room1_mix0702,5,4,0,-35,-1,24.15
fold2_room1_mix0702,6,4,0,-34,-1,21.78
fold2_room1_mix0702,7,4,0,-33,-1,19.64
fold2_room1_mix0702,8,4,0,-35,-1,18.87
fold2_room1_mix0702,9,4,0,-36,-1,19.32
fold2_room1_mix0702,10,4,0,-37,-1,19.78
fold2_room1_mix0702,11,4,0,-37,-1,20.20
fold2_room1_mix0702,12,4,0,-37,-1,20.53
fold2_room1_mix0702,13,4,0,-37,-1,20.90
fold2_room1_mix0702,14,4,0,-35,-1,18.55
fold2_room1_mix0702,14,4,0,-52,-2,26.78
fold2_room1_mix0702,15,4,0,-36,-1,18.26
fold2_room1_mix0702,16,4,0,-38,-1,17.99
fold2_room1_mix0702,17,4,0,-40,-1,17.69
fold2_room1_mix0702,18,4,0,-42,-1,17.15
fold2_room1_mix0702,19,4,0,-44,-1,16.58
fold2_room1_mix0702,20,4,0,-45,-1,16.02
fold2_room1_mix0702,21,4,0,-46,-1,15.65
fold2_room1_mix0702,22,4,0,-49,-1,18.34
fold2_room1_mix0702,23,4,0,-47,-1,17.30
fold2_room1_mix0702,24,4,0,-48,-2,16.95
fold2_room1_mix0702,25,4,0,-51,-1,17.22
fold2_room1_mix0702,26,4,0,-54,-1,17.52
fold2_room1_mix0702,27,4,0,-57,-1,17.79
fold2_room1_mix0702,28,4,0,-56,-1,13.88
fold2_room1_mix0702,29,4,0,-57,-1,13.36
fold2_room1_mix0702,30,4,0,-59,-1,12.91
fold2_room1_mix0702,31,4,0,-60,-1,12.69
fold2_room1_mix0702,31,4,0,-160,0,30.64
fold2_room1_mix0702,32,4,0,-62,-1,12.50
fold2_room1_mix0702,32,4,0,-164,0,31.30
fold2_room1_mix0702,33,4,0,-64,-1,12.30
fold2_room1_mix0702,33,4,0,-167,0,31.94
fold2_room1_mix0702,34,4,0,-66,-1,12.09
fold2_room1_mix0702,34,4,0,-173,0,32.21
fold2_room1_mix0702,35,4,0,-69,-1,11.88
fold2_room1_mix0702,35,4,0,-179,0,32.39
fold2_room1_mix0702,36,4,0,-73,-1,11.72
fold2_room1_mix0702,36,4,0,175,0,32.58
fold2_room1_mix0702,37,4,0,-73,-1,11.36
fold2_room1_mix0702,37,4,0,-102,-2,15.05
fold2_room1_mix0702,37,4,0,174,0,32.95
fold2_room1_mix0702,38,4,0,-74,-1,11.61
fold2_room1_mix0702,38,4,0,-138,0,20.56
fold2_room1_mix0702,38,4,0,175,0,33.40
fold2_room1_mix0702,39,4,0,-76,-1,11.86
fold2_room1_mix0702,39,4,0,-177,0,30.91
fold2_room1_mix0702,40,4,0,-78,-1,11.98
fold2_room1_mix0702,40,4,0,173,0,32.43
fold2_room1_mix0702,41,4,0,-83,-1,11.96
fold2_room1_mix0702,41,4,0,172,0,30.70
fold2_room1_mix0702,42,4,0,-88,0,11.95
fold2_room1_mix0702,42,4,0,171,0,29.06
fold2_room1_mix0702,43,4,0,-93,0,11.97
fold2_room1_mix0702,43,4,0,171,0,27.65
fold2_room1_mix0702,44,4,0,-96,0,12.08
fold2_room1_mix0702,44,4,0,171,0,26.60
fold2_room1_mix0702,45,4,0,-100,0,12.19
fold2_room1_mix0702,45,4,0,171,0,25.60
fold2_room1_mix0702,46,4,0,-103,-1,12.24
fold2_room1_mix0702,46,4,0,172,0,24.65
fold2_room1_mix0702,47,4,0,-106,-1,12.04
fold2_room1_mix0702,47,4,0,172,0,23.79
fold2_room1_mix0702,48,4,0,-108,-1,11.82
fold2_room1_mix0702,48,4,0,173,0,22.97
fold2_room1_mix0702,49,4,0,-111,-1,11.61
fold2_room1_mix0702,49,4,0,173,0,22.15
fold2_room1_mix0702,50,4,0,-111,-1,11.43
fold2_room1_mix0702,50,4,0,173,0,21.10
fold2_room1_mix0702,51,4,0,-112,-1,11.26
fold2_room1_mix0702,51,4,0,172,0,20.05
fold2_room1_mix0702,52,4,0,-112,-1,11.10
fold2_room1_mix0702,52,4,0,172,-1,19.04
fold2_room1_mix0702,53,4,0,-112,-1,11.12
fold2_room1_mix0702,53,4,0,172,-1,17.97
fold2_room1_mix0702,54,4,0,-113,-1,11.22
fold2_room1_mix0702,54,4,0,173,-1,16.90
fold2_room1_mix0702,55,4,0,-114,0,11.31
fold2_room1_mix0702,55,4,0,173,-1,15.89
fold2_room1_mix0702,56,4,0,-116,0,11.57
fold2_room1_mix0702,56,4,0,173,-1,14.89
fold2_room1_mix0702,57,4,0,-119,0,11.99
fold2_room1_mix0702,57,4,0,173,-1,13.88
fold2_room1_mix0702,58,4,0,-122,0,12.42
fold2_room1_mix0702,58,4,0,174,-1,12.95
fold2_room1_mix0702,59,4,0,-125,0,12.43
fold2_room1_mix0702,59,4,0,174,-1,12.03
fold2_room1_mix0702,60,4,0,-126,-1,11.59
fold2_room1_mix0702,60,4,0,175,-1,11.11
fold2_room1_mix0702,61,4,0,-128,-2,10.78
fold2_room1_mix0702,61,4,0,175,-1,10.26
fold2_room1_mix0702,62,4,0,-130,-2,10.34
fold2_room1_mix0702,62,4,0,176,-2,9.44
fold2_room1_mix0702,63,4,0,-134,0,11.28
fold2_room1_mix0702,63,4,0,177,-2,8.55
fold2_room1_mix0702,64,4,0,-139,1,12.46
fold2_room1_mix0702,64,4,0,-172,-4,5.24
fold2_room1_mix0702,64,4,0,169,-2,10.33
fold2_room1_mix0702,65,4,0,-144,2,13.06
fold2_room1_mix0702,65,4,0,-167,-4,4.16
fold2_room1_mix0702,65,4,0,166,-2,10.50
fold2_room1_mix0702,66,4,0,-139,-1,8.37
fold2_room1_mix0702,66,4,0,-154,-6,3.51
fold2_room1_mix0702,66,4,0,166,-1,14.10
fold2_room1_mix0702,67,4,0,-138,-7,3.80
fold2_room1_mix0702,67,4,0,166,1,20.11
fold2_room1_mix0702,68,4,0,-131,-9,2.48
fold2_room1_mix0702,68,4,0,166,3,28.21
fold2_room1_mix0702,69,4,0,-112,-13,1.71
fold2_room1_mix0702,69,4,0,-130,-9,4.00
fold2_room1_mix0702,69,4,0,176,2,27.30
fold2_room1_mix0702,70,4,0,-62,-14,1.52
fold2_room1_mix0702,70,4,0,-169,0,22.08
fold2_room1_mix0702,71,4,0,-38,-11,1.34
fold2_room1_mix0702,71,4,0,-158,-1,17.82
fold2_room1_mix0702,72,4,0,-32,-9,1.59
fold2_room1_mix0702,72,4,0,87,7,18.18
fold2_room1_mix0702,72,4,0,-153,-1,16.08
fold2_room1_mix0702,73,4,0,-29,-7,2.44
fold2_room1_mix0702,73,4,0,85,4,17.81
fold2_room1_mix0702,73,4,0,-153,-1,16.26
fold2_room1_mix0702,74,4,0,-27,-4,3.56
fold2_room1_mix0702,74,4,0,84,1,17.44
fold2_room1_mix0702,74,4,0,-153,-1,16.45
fold2_room1_mix0702,75,4,0,-24,-2,4.79
fold2_room1_mix0702,75,4,0,85,0,16.52
fold2_room1_mix0702,75,4,0,-154,0,16.68
fold2_room1_mix0702,76,4,0,-22,-2,5.69
fold2_room1_mix0702,76,4,0,88,-1,14.59
fold2_room1_mix0702,76,4,0,-155,0,17.00
fold2_room1_mix0702,77,4,0,-20,-2,6.71
fold2_room1_mix0702,77,4,0,90,-1,12.84
fold2_room1_mix0702,77,4,0,-156,0,17.33
fold2_room1_mix0702,78,4,0,-17,-1,7.82
fold2_room1_mix0702,78,4,0,92,-2,11.52
fold2_room1_mix0702,78,4,0,-157,0,17.82
fold2_room1_mix0702,79,4,0,-15,-1,8.74
fold2_room1_mix0702,79,4,0,90,-2,11.21
fold2_room1_mix0702,79,4,0,-157,0,18.96
fold2_room1_mix0702,80,4,0,-13,-1,9.73
fold2_room1_mix0702,80,4,0,87,-2,11.02
fold2_room1_mix0702,80,4,0,-157,0,20.24
fold2_room1_mix0702,81,4,0,-11,-1,10.75
fold2_room1_mix0702,81,4,0,84,-2,10.83
fold2_room1_mix0702,81,4,0,-157,0,21.45
fold2_room1_mix0702,82,4,0,-9,-1,11.29
fold2_room1_mix0702,82,4,0,81,-1,10.74
fold2_room1_mix0702,82,4,0,-157,0,21.30
fold2_room1_mix0702,83,4,0,-8,-1,11.71
fold2_room1_mix0702,83,4,0,78,-1,10.68
fold2_room1_mix0702,83,4,0,-157,0,20.82
fold2_room1_mix0702,84,4,0,-7,-1,12.16
fold2_room1_mix0702,84,4,0,75,-1,10.62
fold2_room1_mix0702,84,4,0,-157,0,20.36
fold2_room1_mix0702,85,4,0,-7,-1,12.89
fold2_room1_mix0702,85,4,0,73,-1,10.65
fold2_room1_mix0702,85,4,0,-157,0,20.52
fold2_room1_mix0702,86,4,0,-7,-1,13.81
fold2_room1_mix0702,86,4,0,72,-1,10.73
fold2_room1_mix0702,86,4,0,-156,0,21.00
fold2_room1_mix0702,87,4,0,-6,-1,14.79
fold2_room1_mix0702,87,4,0,71,-2,10.80
fold2_room1_mix0702,87,4,0,-156,0,21.48
fold2_room1_mix0702,88,4,0,-6,-1,15.83
fold2_room1_mix0702,88,4,0,68,-1,10.98
fold2_room1_mix0702,88,4,0,-156,0,21.91
fold2_room1_mix0702,89,4,0,-5,-1,16.94
fold2_room1_mix0702,89,4,0,64,-1,11.25
fold2_room1_mix0702,89,4,0,-158,0,22.30
fold2_room1_mix0702,90,4,0,-5,-1,18.12
fold2_room1_mix0702,90,4,0,59,-1,11.53
fold2_room1_mix0702,90,4,0,-159,0,22.69
fold2_room1_mix0702,91,4,0,-5,0,19.26
fold2_room1_mix0702,91,4,0,56,-1,11.97
fold2_room1_mix0702,91,4,0,-159,0,22.92
fold2_room1_mix0702,92,4,0,-5,0,20.18
fold2_room1_mix0702,92,4,0,53,-1,12.74
fold2_room1_mix0702,92,4,0,-159,0,22.81
fold2_room1_mix0702,93,4,0,-5,0,21.15
fold2_room1_mix0702,93,4,0,50,0,13.58
fold2_room1_mix0702,93,4,0,-159,0,22.68
fold2_room1_mix0702,94,4,0,-5,0,22.20
fold2_room1_mix0702,94,4,0,47,0,14.38
fold2_room1_mix0702,94,4,0,-159,0,22.54
fold2_room1_mix0702,95,4,0,-5,0,23.51
fold2_room1_mix0702,95,4,0,44,0,14.91
fold2_room1_mix0702,95,4,0,-158,0,22.30
fold2_room1_mix0702,96,4,0,-5,0,24.92
fold2_room1_mix0702,96,4,0,41,0,15.43
fold2_room1_mix0702,96,4,0,-158,0,22.05
fold2_room1_mix0702,97,4,0,-5,0,26.35
fold2_room1_mix0702,97,4,0,38,0,15.96
fold2_room1_mix0702,97,4,0,-158,0,21.89
fold2_room1_mix0702,98,4,0,-6,0,27.27
fold2_room1_mix0702,98,4,0,36,0,16.53
fold2_room1_mix0702,98,4,0,-157,0,22.56
fold2_room1_mix0702,99,4,0,-6,0,28.08
fold2_room1_mix0702,99,4,0,34,0,17.13
fold2_room1_mix0702,99,4,0,-157,0,23.45
fold2_room1_mix0727,2,4,0,0,0,5.47
fold2_room1_mix0727,3,4,0,0,-1,12.01
fold2_room1_mix0727,4,4,0,0,-1,24.65
fold2_room1_mix0727,5,4,0,1,-1,25.78
fold2_room1_mix0727,6,4,0,1,-1,19.55
fold2_room1_mix0727,7,4,0,1,-1,14.77
fold2_room1_mix0727,8,4,0,1,-1,13.05
fold2_room1_mix0727,9,4,0,2,-1,13.51
fold2_room1_mix0727,10,4,0,2,-1,14.00
fold2_room1_mix0727,11,2,0,10,-1,2.15
fold2_room1_mix0727,11,4,0,2,-1,14.19
fold2_room1_mix0727,12,2,0,7,-1,3.42
fold2_room1_mix0727,12,4,0,2,-1,13.75
fold2_room1_mix0727,13,2,0,5,-1,5.21
fold2_room1_mix0727,13,4,0,1,-2,13.31
fold2_room1_mix0727,14,2,0,4,-1,5.88
fold2_room1_mix0727,14,4,0,1,-2,12.92
fold2_room1_mix0727,15,4,0,2,-2,12.74
fold2_room1_mix0727,16,4,0,2,-2,12.57
fold2_room1_mix0727,17,4,0,3,-2,12.38
fold2_room1_mix0727,18,4,0,3,-2,11.90
fold2_room1_mix0727,19,4,0,3,-2,11.36
fold2_room1_mix0727,20,2,0,6,-2,5.59
fold2_room1_mix0727,20,4,0,3,-2,10.86
fold2_room1_mix0727,21,2,0,9,-2,8.64
fold2_room1_mix0727,21,4,0,4,-2,10.49
fold2_room1_mix0727,22,2,0,11,-2,9.53
fold2_room1_mix0727,22,4,0,4,-2,10.20
fold2_room1_mix0727,23,2,0,13,-2,10.51
fold2_room1_mix0727,23,4,0,4,-2,9.91
fold2_room1_mix0727,24,2,0,13,-2,6.29
fold2_room1_mix0727,24,4,0,5,-2,9.54
fold2_room1_mix0727,25,2,0,9,-1,1.67
fold2_room1_mix0727,25,4,0,5,-3,9.12
fold2_room1_mix0727,26,4,0,6,-3,8.71
fold2_room1_mix0727,27,4,0,6,-3,8.39
fold2_room1_mix0727,28,4,0,7,-3,8.21
fold2_room1_mix0727,29,4,0,7,-3,8.03
fold2_room1_mix0727,30,2,0,15,-4,6.23
fold2_room1_mix0727,30,4,0,8,-3,7.86
fold2_room1_mix0727,31,2,0,19,-4,7.59
fold2_room1_mix0727,31,4,0,9,-3,7.71
fold2_room1_mix0727,32,2,0,22,-4,8.60
fold2_room1_mix0727,32,4,0,9,-3,7.57
fold2_room1_mix0727,33,2,0,25,-4,8.84
fold2_room1_mix0727,33,4,0,10,-4,7.46
fold2_room1_mix0727,34,2,0,22,-3,3.57
fold2_room1_mix0727,34,4,0,9,-4,7.69
fold2_room1_mix0727,35,4,0,-7,-1,12.93
fold2_room1_mix0727,35,4,0,16,-5,5.64
fold2_room1_mix0727,36,4,0,-13,0,14.93
fold2_room1_mix0727,36,4,0,17,-6,5.35
fold2_room1_mix0727,37,4,0,-15,0,15.41
fold2_room1_mix0727,37,4,0,23,-7,5.29
fold2_room1_mix0727,38,4,0,-16,0,15.08
fold2_room1_mix0727,38,4,0,28,-6,3.51
fold2_room1_mix0727,39,2,0,23,-4,3.01
fold2_room1_mix0727,39,4,0,-17,0,14.76
fold2_room1_mix0727,39,4,0,33,-7,3.04
fold2_room1_mix0727,39,4,0,165,-6,8.02
fold2_room1_mix0727,40,2,0,29,-5,5.20
fold2_room1_mix0727,40,4,0,-18,0,14.63
fold2_room1_mix0727,40,4,0,39,-7,2.62
fold2_room1_mix0727,40,4,0,169,-4,8.09
fold2_room1_mix0727,41,2,0,46,-4,5.90
fold2_room1_mix0727,41,2,0,43,-5,5.88
fold2_room1_mix0727,41,4,0,-19,0,14.67
fold2_room1_mix0727,41,4,0,47,-9,2.25
fold2_room1_mix0727,41,4,0,167,-6,7.45
fold2_room1_mix0727,42,2,0,51,-4,6.68
fold2_room1_mix0727,42,2,0,48,-5,6.64
fold2_room1_mix0727,42,4,0,-20,0,14.72
fold2_room1_mix0727,42,4,0,55,-11,1.91
fold2_room1_mix0727,42,4,0,166,-7,6.85
fold2_room1_mix0727,43,2,0,54,-4,5.40
fold2_room1_mix0727,43,2,0,52,-5,5.37
fold2_room1_mix0727,43,4,0,-21,0,14.13
fold2_room1_mix0727,43,4,0,65,-12,1.73
fold2_room1_mix0727,43,4,0,166,-7,6.54
fold2_room1_mix0727,44,2,0,57,-4,1.93
fold2_room1_mix0727,44,4,0,-21,-1,12.37
fold2_room1_mix0727,44,4,0,79,-13,1.82
fold2_room1_mix0727,44,4,0,169,-7,6.76
fold2_room1_mix0727,45,4,0,-21,-2,10.79
fold2_room1_mix0727,45,4,0,97,-12,1.92
fold2_room1_mix0727,45,4,0,171,-6,6.99
fold2_room1_mix0727,46,4,0,-22,-2,9.32
fold2_room1_mix0727,46,4,0,113,-11,2.09
fold2_room1_mix0727,46,4,0,173,-6,7.29
fold2_room1_mix0727,47,4,0,-23,-3,7.73
fold2_room1_mix0727,47,4,0,121,-9,2.57
fold2_room1_mix0727,47,4,0,172,-5,7.78
fold2_room1_mix0727,48,4,0,-25,-3,6.37
fold2_room1_mix0727,48,4,0,129,-8,3.16
fold2_room1_mix0727,48,4,0,172,-4,8.32
fold2_room1_mix0727,49,4,0,-28,-4,5.25
fold2_room1_mix0727,49,4,0,136,-6,3.81
fold2_room1_mix0727,49,4,0,171,-3,8.87
fold2_room1_mix0727,50,4,0,-33,-5,4.54
fold2_room1_mix0727,50,4,0,138,-5,4.32
fold2_room1_mix0727,50,4,0,171,-3,9.07
fold2_room1_mix0727,51,2,0,110,-7,8.07
fold2_room1_mix0727,51,4,0,-37,-5,3.96
fold2_room1_mix0727,51,4,0,140,-4,4.81
fold2_room1_mix0727,51,4,0,172,-2,9.19
fold2_room1_mix0727,52,2,0,122,-6,13.54
fold2_room1_mix0727,52,4,0,-41,-6,3.45
fold2_room1_mix0727,52,4,0,141,-3,5.34
fold2_room1_mix0727,52,4,0,172,-2,9.31
fold2_room1_mix0727,53,2,0,122,-5,7.74
fold2_room1_mix0727,53,4,0,-46,-7,2.98
fold2_room1_mix0727,53,4,0,142,-3,5.75
fold2_room1_mix0727,53,4,0,173,-2,9.44
fold2_room1_mix0727,54,2,0,119,-3,2.27
fold2_room1_mix0727,54,4,0,-53,-8,2.55
fold2_room1_mix0727,54,4,0,142,-3,6.09
fold2_room1_mix0727,54,4,0,174,-2,9.56
fold2_room1_mix0727,55,4,0,-60,-9,2.18
fold2_room1_mix0727,55,4,0,143,-3,6.45
fold2_room1_mix0727,55,4,0,175,-2,9.68
fold2_room1_mix0727,56,4,0,-70,-10,1.93
fold2_room1_mix0727,56,4,0,144,-3,6.97
fold2_room1_mix0727,56,4,0,175,-2,9.73
fold2_room1_mix0727,57,4,0,-84,-10,1.80
fold2_room1_mix0727,57,4,0,145,-2,7.67
fold2_room1_mix0727,57,4,0,174,-2,9.71
fold2_room1_mix0727,58,4,0,-98,-10,1.67
fold2_room1_mix0727,58,4,0,146,-2,8.43
fold2_room1_mix0727,58,4,0,172,-2,9.68
fold2_room1_mix0727,59,4,0,-110,-10,1.69
fold2_room1_mix0727,59,4,0,148,-2,9.04
fold2_room1_mix0727,59,4,0,172,-2,9.62
fold2_room1_mix0727,60,2,0,144,-5,3.39
fold2_room1_mix0727,60,4,0,-119,-8,2.03
fold2_room1_mix0727,60,4,0,151,-1,9.22
fold2_room1_mix0727,60,4,0,172,-2,9.47
fold2_room1_mix0727,61,2,0,133,-4,5.53
fold2_room1_mix0727,61,2,0,135,-4,5.51
fold2_room1_mix0727,61,4,0,-126,-7,2.43
fold2_room1_mix0727,61,4,0,153,-1,9.38
fold2_room1_mix0727,61,4,0,173,-2,9.33
fold2_room1_mix0727,62,2,0,131,-4,6.91
fold2_room1_mix0727,62,2,0,133,-4,6.87
fold2_room1_mix0727,62,4,0,-132,-5,2.92
fold2_room1_mix0727,62,4,0,155,-1,9.52
fold2_room1_mix0727,62,4,0,173,-2,9.16
fold2_room1_mix0727,63,2,0,130,-4,3.16
fold2_room1_mix0727,63,2,0,132,-4,3.14
fold2_room1_mix0727,63,4,0,-136,-5,3.61
fold2_room1_mix0727,63,4,0,156,-1,9.51
fold2_room1_mix0727,63,4,0,174,-2,8.86
fold2_room1_mix0727,64,4,0,-141,-4,4.45
fold2_room1_mix0727,64,4,0,156,-2,9.49
fold2_room1_mix0727,64,4,0,174,-2,8.56
fold2_room1_mix0727,65,4,0,-146,-3,5.41
fold2_room1_mix0727,65,4,0,156,-2,9.41
fold2_room1_mix0727,65,4,0,175,-2,8.27
fold2_room1_mix0727,66,4,0,-157,-3,6.27
fold2_room1_mix0727,66,4,0,157,-2,8.82
fold2_room1_mix0727,66,4,0,-177,-2,8.04
fold2_room1_mix0727,67,4,0,-175,-4,7.17
fold2_room1_mix0727,67,4,0,-172,-3,7.50
fold2_room1_mix0727,68,4,0,162,-3,7.84
fold2_room1_mix0727,68,4,0,-162,-3,7.64
fold2_room1_mix0727,69,2,0,145,-2,2.11
fold2_room1_mix0727,69,4,0,158,-3,7.62
fold2_room1_mix0727,69,4,0,-161,-3,7.97
fold2_room1_mix0727,70,2,0,141,-2,6.24
fold2_room1_mix0727,70,4,0,156,-3,7.19
fold2_room1_mix0727,70,4,0,-164,-2,8.59
fold2_room1_mix0727,71,2,0,139,-3,15.86
fold2_room1_mix0727,71,4,0,154,-4,6.78
fold2_room1_mix0727,71,4,0,-166,-2,9.24
fold2_room1_mix0727,72,2,0,139,-3,15.86
fold2_room1_mix0727,72,4,0,151,-4,6.48
fold2_room1_mix0727,72,4,0,-168,-2,9.76
fold2_room1_mix0727,73,2,0,140,-2,6.23
fold2_room1_mix0727,73,4,0,137,-6,4.81
fold2_room1_mix0727,73,4,0,160,-3,8.30
fold2_room1_mix0727,73,4,0,-168,-2,10.13
fold2_room1_mix0727,74,2,0,137,-2,2.10
fold2_room1_mix0727,74,4,0,131,-8,3.58
fold2_room1_mix0727,74,4,0,161,-2,10.37
fold2_room1_mix0727,74,4,0,-169,-2,10.50
fold2_room1_mix0727,75,4,0,124,-10,2.83
fold2_room1_mix0727,75,4,0,164,-1,12.57
fold2_room1_mix0727,75,4,0,-169,-2,11.06
fold2_room1_mix0727,76,4,0,114,-11,2.62
fold2_room1_mix0727,76,4,0,168,-1,14.41
fold2_room1_mix0727,76,4,0,-168,-2,12.00
fold2_room1_mix0727,77,4,0,99,-13,2.42
fold2_room1_mix0727,77,4,0,172,-1,16.48
fold2_room1_mix0727,77,4,0,-168,-2,13.03
fold2_room1_mix0727,78,4,0,83,-13,2.35
fold2_room1_mix0727,78,4,0,176,-1,18.37
fold2_room1_mix0727,78,4,0,-167,-2,14.11
fold2_room1_mix0727,79,2,0,155,-1,3.18
fold2_room1_mix0727,79,4,0,67,-11,2.76
fold2_room1_mix0727,79,4,0,-174,-1,16.85
fold2_room1_mix0727,80,2,0,149,-1,9.71
fold2_room1_mix0727,80,4,0,53,-9,3.28
fold2_room1_mix0727,80,4,0,-173,-1,17.39
fold2_room1_mix0727,81,2,0,144,-2,23.00
fold2_room1_mix0727,81,4,0,40,-7,3.87
fold2_room1_mix0727,81,4,0,-172,-1,17.70
fold2_room1_mix0727,82,2,0,147,-2,14.58
fold2_room1_mix0727,82,4,0,33,-6,4.46
fold2_room1_mix0727,82,4,0,-174,-1,15.73
fold2_room1_mix0727,83,2,0,151,-1,6.48
fold2_room1_mix0727,83,4,0,27,-4,5.09
fold2_room1_mix0727,83,4,0,169,-6,11.34
fold2_room1_mix0727,83,4,0,-172,-1,15.89
fold2_room1_mix0727,84,2,0,154,-1,2.62
fold2_room1_mix0727,84,4,0,21,-4,7.28
fold2_room1_mix0727,84,4,0,-172,-1,15.07
fold2_room1_mix0727,85,4,0,18,-3,7.41
fold2_room1_mix0727,85,4,0,-173,-2,15.18
fold2_room1_mix0727,86,4,0,17,-3,7.98
fold2_room1_mix0727,86,4,0,-174,-2,15.75
fold2_room1_mix0727,87,4,0,17,-3,8.59
fold2_room1_mix0727,87,4,0,-176,-1,16.34
fold2_room1_mix0727,88,4,0,16,-3,9.60
fold2_room1_mix0727,88,4,0,-177,-1,16.92
fold2_room1_mix0727,89,2,0,160,-1,2.58
fold2_room1_mix0727,89,4,0,16,-2,9.03
fold2_room1_mix0727,89,4,0,176,-2,15.40
fold2_room1_mix0727,90,2,0,155,-2,12.53
fold2_room1_mix0727,90,4,0,14,-2,9.66
fold2_room1_mix0727,90,4,0,179,-1,17.24
fold2_room1_mix0727,91,2,0,152,-2,24.40
fold2_room1_mix0727,91,4,0,13,-2,10.37
fold2_room1_mix0727,91,4,0,-179,-1,18.61
fold2_room1_mix0727,92,2,0,156,-1,10.26
fold2_room1_mix0727,92,4,0,12,-2,11.18
fold2_room1_mix0727,92,4,0,-179,-1,18.46
fold2_room1_mix0727,93,2,0,161,-1,3.78
fold2_room1_mix0727,93,4,0,11,-2,12.06
fold2_room1_mix0727,93,4,0,179,-1,18.28
fold2_room1_mix0727,94,4,0,10,-2,12.94
fold2_room1_mix0727,94,4,0,178,-1,18.05
fold2_room1_mix0727,95,4,0,9,-2,13.56
fold2_room1_mix0727,95,4,0,176,-1,17.51
fold2_room1_mix0727,96,4,0,8,-1,14.17
fold2_room1_mix0727,97,4,0,7,-1,15.81
fold2_room1_mix0727,98,4,0,6,0,14.95
fold2_room1_mix0727,99,4,0,4,0,13.98
fold2_room1_mix0771,2,4,0,-6,0,4.31
fold2_room1_mix0771,3,4,0,-7,0,12.68
fold2_room1_mix0771,4,4,0,-9,0,33.46
fold2_room1_mix0771,5,4,0,-10,0,40.87
fold2_room1_mix0771,6,4,0,-10,0,34.71
fold2_room1_mix0771,7,4,0,-10,0,29.47
fold2_room1_mix0771,8,4,0,-11,0,27.88
fold2_room1_mix0771,9,4,0,-11,0,29.40
fold2_room1_mix0771,10,4,0,-11,0,31.01
fold2_room1_mix0771,11,4,0,-11,0,31.70
fold2_room1_mix0771,12,4,0,-12,0,30.40
fold2_room1_mix0771,13,4,0,-12,0,29.09
fold2_room1_mix0771,14,4,0,-12,0,27.94
fold2_room1_mix0771,15,4,0,-13,0,27.23
fold2_room1_mix0771,16,4,0,-13,0,26.58
fold2_room1_mix0771,17,4,0,-13,0,25.94
fold2_room1_mix0771,18,4,0,-14,0,25.34
fold2_room1_mix0771,19,4,0,-14,0,24.74
fold2_room1_mix0771,20,4,0,-14,0,24.17
fold2_room1_mix0771,21,4,0,-15,0,23.84
fold2_room1_mix0771,22,4,0,-15,0,23.63
fold2_room1_mix0771,23,4,0,-16,0,23.42
fold2_room1_mix0771,24,4,0,-17,0,22.94
fold2_room1_mix0771,25,4,0,-17,0,22.21
fold2_room1_mix0771,26,4,0,-17,-1,21.51
fold2_room1_mix0771,27,4,0,-18,-1,20.85
fold2_room1_mix0771,28,4,0,-19,-1,20.29
fold2_room1_mix0771,29,4,0,-20,-1,19.73
fold2_room1_mix0771,30,4,0,-21,-1,19.19
fold2_room1_mix0771,31,4,0,-21,-1,18.64
fold2_room1_mix0771,32,4,0,-22,-1,18.10
fold2_room1_mix0771,33,4,0,-22,-1,17.58
fold2_room1_mix0771,34,4,0,-23,-1,17.14
fold2_room1_mix0771,35,4,0,-23,-1,16.72
fold2_room1_mix0771,36,4,0,-24,-1,16.31
fold2_room1_mix0771,37,4,0,-25,-1,15.76
fold2_room1_mix0771,38,4,0,-25,-1,15.16
fold2_room1_mix0771,39,4,0,-26,-1,14.59
fold2_room1_mix0771,40,4,0,-27,-1,14.05
fold2_room1_mix0771,41,4,0,-29,-1,13.53
fold2_room1_mix0771,42,4,0,-30,-1,13.04
fold2_room1_mix0771,43,4,0,-31,-1,12.56
fold2_room1_mix0771,44,4,0,-32,-1,12.12
fold2_room1_mix0771,45,4,0,-33,-1,11.69
fold2_room1_mix0771,46,4,0,-34,-1,11.26
fold2_room1_mix0771,47,4,0,-37,-1,10.77
fold2_room1_mix0771,48,4,0,-39,-1,10.29
fold2_room1_mix0771,49,4,0,-42,-1,9.83
fold2_room1_mix0771,50,4,0,-44,-2,9.37
fold2_room1_mix0771,51,4,0,-47,-2,8.94
fold2_room1_mix0771,52,4,0,-49,-2,8.52
fold2_room1_mix0771,53,4,0,-52,-2,8.15
fold2_room1_mix0771,54,4,0,-56,-2,7.82
fold2_room1_mix0771,55,4,0,-60,-2,7.50
fold2_room1_mix0771,56,4,0,-64,-2,7.24
fold2_room1_mix0771,57,4,0,-68,-2,7.05
fold2_room1_mix0771,58,4,0,-73,-2,6.86
fold2_room1_mix0771,59,4,0,-77,-2,6.72
fold2_room1_mix0771,60,4,0,-83,-2,6.65
fold2_room1_mix0771,61,4,0,-88,-2,6.59
fold2_room1_mix0771,62,4,0,-93,-2,6.55
fold2_room1_mix0771,63,4,0,-98,-2,6.61
fold2_room1_mix0771,64,4,0,-103,-2,6.67
fold2_room1_mix0771,65,4,0,-108,-2,6.75
fold2_room1_mix0771,66,4,0,-112,-2,6.93
fold2_room1_mix0771,67,4,0,-116,-2,7.15
fold2_room1_mix0771,68,4,0,-120,-2,7.37
fold2_room1_mix0771,69,4,0,-124,-2,7.76
fold2_room1_mix0771,70,4,0,-127,-2,8.25
fold2_room1_mix0771,71,4,0,-131,-2,8.76
fold2_room1_mix0771,72,4,0,-134,-2,9.28
fold2_room1_mix0771,73,4,0,-136,-2,9.81
fold2_room1_mix0771,74,4,0,-138,-1,10.36
fold2_room1_mix0771,75,4,0,-140,-1,10.86
fold2_room1_mix0771,76,4,0,-141,-1,11.20
fold2_room1_mix0771,77,4,0,-142,-1,11.55
fold2_room1_mix0771,78,4,0,-144,-1,11.94
fold2_room1_mix0771,79,4,0,-145,-1,12.47
fold2_room1_mix0771,80,4,0,-147,-1,13.05
fold2_room1_mix0771,81,4,0,-148,-1,13.63
fold2_room1_mix0771,82,4,0,-150,-1,14.14
fold2_room1_mix0771,83,4,0,-151,-1,14.65
fold2_room1_mix0771,84,4,0,-152,-1,15.17
fold2_room1_mix0771,85,4,0,-153,-1,15.67
fold2_room1_mix0771,86,4,0,-154,-1,16.17
fold2_room1_mix0771,87,4,0,-155,-1,16.68
fold2_room1_mix0771,88,4,0,-156,-1,17.31
fold2_room1_mix0771,89,4,0,-158,-1,18.06
fold2_room1_mix0771,90,4,0,-159,-1,18.83
fold2_room1_mix0771,91,4,0,-160,-1,19.57
fold2_room1_mix0771,92,4,0,-161,-1,20.16
fold2_room1_mix0771,93,4,0,-161,-1,20.78
fold2_room1_mix0771,94,4,0,-162,-1,21.35
fold2_room1_mix0771,95,4,0,-162,-1,21.71
fold2_room1_mix0771,96,4,0,-163,-1,22.04
fold2_room1_mix0771,97,4,0,-164,0,22.40
fold2_room1_mix0771,98,4,0,-164,0,22.89
fold2_room1_mix0771,99,4,0,-164,0,23.42
fold2_room1_mix0777,61,4,0,167,-2,4.65
fold2_room1_mix0777,62,4,0,168,-2,9.41
fold2_room1_mix0777,63,4,0,169,-1,10.70
fold2_room1_mix0777,64,4,0,168,-1,11.46
fold2_room1_mix0777,65,4,0,167,-1,12.12
fold2_room1_mix0777,66,4,0,166,-1,11.43
fold2_room1_mix0777,67,4,0,165,-2,10.48
fold2_room1_mix0777,68,4,0,164,-2,9.60
fold2_room1_mix0777,69,4,0,162,-2,8.78
fold2_room1_mix0777,70,4,0,160,-2,8.02
fold2_room1_mix0777,71,4,0,158,-2,7.33
fold2_room1_mix0777,72,4,0,155,-3,6.64
fold2_room1_mix0777,73,4,0,152,-3,5.98
fold2_room1_mix0777,74,4,0,149,-3,5.37
fold2_room1_mix0777,75,4,0,142,-4,4.75
fold2_room1_mix0777,76,4,0,132,-4,4.08
fold2_room1_mix0777,77,4,0,123,-5,3.48
fold2_room1_mix0777,78,4,0,112,-6,3.04
fold2_room1_mix0777,79,4,0,96,-7,3.02
fold2_room1_mix0777,80,4,0,77,-7,3.04
fold2_room1_mix0777,81,4,0,62,-7,3.10
fold2_room1_mix0777,82,4,0,53,-6,3.50
fold2_room1_mix0777,83,4,0,45,-5,4.05
fold2_room1_mix0777,84,4,0,37,-4,4.65
fold2_room1_mix0777,85,4,0,31,-3,5.17
fold2_room1_mix0777,86,4,0,28,-3,5.64
fold2_room1_mix0777,87,4,0,25,-3,6.15
fold2_room1_mix0777,88,4,0,22,-2,6.72
fold2_room1_mix0777,89,4,0,20,-2,7.38
fold2_room1_mix0777,90,4,0,18,-2,8.08
fold2_room1_mix0777,91,4,0,17,-2,9.00
fold2_room1_mix0777,92,4,0,16,-1,10.38
fold2_room1_mix0777,93,4,0,16,-1,11.96
fold2_room1_mix0777,94,4,0,15,-1,12.01
fold2_room1_mix0777,95,4,0,12,-1,6.75
fold2_room1_mix0777,96,4,0,12,-1,3.37
fold2_room1_mix0781,0,5,0,-5,5,11.19
fold2_room1_mix0781,1,5,0,-5,5,11.18
fold2_room1_mix0781,2,5,0,-5,5,11.09
fold2_room1_mix0781,3,5,0,-6,5,10.99
fold2_room1_mix0781,4,5,0,-6,5,10.89
fold2_room1_mix0781,5,5,0,-6,5,10.60
fold2_room1_mix0781,6,5,0,-6,5,10.24
fold2_room1_mix0781,7,5,0,-5,5,9.89
fold2_room1_mix0781,8,5,0,-5,6,9.73
fold2_room1_mix0781,9,5,0,-5,6,9.76
fold2_room1_mix0781,10,5,0,-5,6,9.79
fold2_room1_mix0781,11,5,0,-5,6,9.84
fold2_room1_mix0781,12,5,0,-6,6,9.92
fold2_room1_mix0781,13,5,0,-6,6,10.00
fold2_room1_mix0781,14,5,0,-6,6,10.05
fold2_room1_mix0781,15,5,0,-6,6,9.98
fold2_room1_mix0781,16,5,0,-6,6,9.91
fold2_room1_mix0781,17,5,0,-6,6,9.82
fold2_room1_mix0781,18,5,0,-6,6,9.69
fold2_room1_mix0781,19,5,0,-6,6,9.55
fold2_room1_mix0781,20,5,0,-6,6,9.41
fold2_room1_mix0781,21,5,0,-6,6,9.31
fold2_room1_mix0781,22,5,0,-6,6,9.23
fold2_room1_mix0781,23,5,0,-6,6,9.15
fold2_room1_mix0781,24,5,0,-6,6,9.06
fold2_room1_mix0781,25,5,0,-6,6,8.97
fold2_room1_mix0781,26,5,0,-6,6,8.88
fold2_room1_mix0781,27,5,0,-6,6,8.78
fold2_room1_mix0781,28,5,0,-6,6,8.69
fold2_room1_mix0781,29,5,0,-6,6,8.60
fold2_room1_mix0781,30,5,0,-7,6,8.50
fold2_room1_mix0781,31,5,0,-7,7,8.35
fold2_room1_mix0781,32,5,0,-7,7,8.20
fold2_room1_mix0781,33,5,0,-8,7,8.05
fold2_room1_mix0781,34,5,0,-8,7,7.92
fold2_room1_mix0781,35,5,0,-8,7,7.80
fold2_room1_mix0781,36,4,0,-15,0,8.71
fold2_room1_mix0781,36,5,0,-9,7,7.69
fold2_room1_mix0781,37,4,0,-14,0,14.73
fold2_room1_mix0781,37,5,0,-9,7,7.62
fold2_room1_mix0781,38,4,0,-14,0,20.33
fold2_room1_mix0781,38,5,0,-9,7,7.57
fold2_room1_mix0781,39,4,0,-16,0,27.92
fold2_room1_mix0781,39,5,0,-9,7,7.53
fold2_room1_mix0781,40,4,0,-17,0,31.54
fold2_room1_mix0781,40,5,0,-9,7,7.47
fold2_room1_mix0781,41,4,0,-18,0,29.37
fold2_room1_mix0781,41,5,0,-9,8,7.40
fold2_room1_mix0781,42,4,0,-18,0,27.35
fold2_room1_mix0781,42,5,0,-10,8,7.34
fold2_room1_mix0781,43,4,0,-19,0,25.80
fold2_room1_mix0781,43,5,0,-10,8,7.24
fold2_room1_mix0781,44,4,0,-20,0,25.00
fold2_room1_mix0781,44,5,0,-10,8,7.08
fold2_room1_mix0781,45,4,0,-21,0,24.24
fold2_room1_mix0781,45,5,0,-11,8,6.92
fold2_room1_mix0781,46,4,0,-21,-1,23.47
fold2_room1_mix0781,46,5,0,-11,8,6.75
fold2_room1_mix0781,47,4,0,-23,-1,22.57
fold2_room1_mix0781,47,5,0,-12,8,6.55
fold2_room1_mix0781,48,4,0,-24,-1,21.68
fold2_room1_mix0781,48,5,0,-12,9,6.35
fold2_room1_mix0781,49,4,0,-25,-1,20.77
fold2_room1_mix0781,49,5,0,-12,9,6.16
fold2_room1_mix0781,50,4,0,-27,-1,19.43
fold2_room1_mix0781,50,5,0,-12,9,5.95
fold2_room1_mix0781,51,4,0,-28,-1,18.07
fold2_room1_mix0781,51,5,0,-12,10,5.75
fold2_room1_mix0781,52,4,0,-30,-1,16.81
fold2_room1_mix0781,52,5,0,-12,10,5.55
fold2_room1_mix0781,53,4,0,-31,-1,16.00
fold2_room1_mix0781,53,5,0,-12,11,5.37
fold2_room1_mix0781,54,4,0,-33,-1,15.41
fold2_room1_mix0781,54,5,0,-12,11,5.20
fold2_room1_mix0781,55,4,0,-35,-1,14.84
fold2_room1_mix0781,55,5,0,-13,11,5.04
fold2_room1_mix0781,56,4,0,-37,-1,14.20
fold2_room1_mix0781,56,5,0,-13,12,4.88
fold2_room1_mix0781,57,4,0,-39,-1,13.50
fold2_room1_mix0781,57,5,0,-14,12,4.73
fold2_room1_mix0781,58,4,0,-41,-1,12.83
fold2_room1_mix0781,58,5,0,-14,12,4.59
fold2_room1_mix0781,59,4,0,-44,-1,12.19
fold2_room1_mix0781,59,5,0,-15,12,4.44
fold2_room1_mix0781,60,4,0,-48,-1,11.57
fold2_room1_mix0781,60,5,0,-15,13,4.30
fold2_room1_mix0781,61,4,0,-51,-2,10.98
fold2_room1_mix0781,61,5,0,-16,14,4.16
fold2_room1_mix0781,62,4,0,-54,-2,10.44
fold2_room1_mix0781,62,5,0,-17,14,4.00
fold2_room1_mix0781,63,4,0,-59,-2,10.00
fold2_room1_mix0781,63,5,0,-18,15,3.74
fold2_room1_mix0781,64,4,0,-63,-2,9.59
fold2_room1_mix0781,64,5,0,-19,16,3.48
fold2_room1_mix0781,65,4,0,-68,-2,9.22
fold2_room1_mix0781,65,5,0,-21,16,3.25
fold2_room1_mix0781,66,4,0,-73,-2,9.07
fold2_room1_mix0781,66,5,0,-22,17,3.11
fold2_room1_mix0781,67,4,0,-78,-2,8.98
fold2_room1_mix0781,67,5,0,-23,17,2.99
fold2_room1_mix0781,68,4,0,-83,-2,8.88
fold2_room1_mix0781,68,5,0,-24,18,2.89
fold2_room1_mix0781,69,4,0,-88,-2,8.76
fold2_room1_mix0781,69,5,0,-25,18,2.81
fold2_room1_mix0781,70,4,0,-94,-2,8.63
fold2_room1_mix0781,70,5,0,-26,19,2.75
fold2_room1_mix0781,71,4,0,-99,-2,8.51
fold2_room1_mix0781,71,5,0,-26,19,2.68
fold2_room1_mix0781,72,4,0,-104,-2,8.69
fold2_room1_mix0781,72,5,0,-27,20,2.57
fold2_room1_mix0781,73,4,0,-109,-2,9.20
fold2_room1_mix0781,73,5,0,-29,22,2.40
fold2_room1_mix0781,74,4,0,-113,-1,9.73
fold2_room1_mix0781,74,5,0,-30,23,2.24
fold2_room1_mix0781,75,4,0,-118,-1,10.28
fold2_room1_mix0781,75,5,0,-31,25,2.11
fold2_room1_mix0781,76,4,0,-122,-1,10.81
fold2_room1_mix0781,76,5,0,-33,26,2.02
fold2_room1_mix0781,77,4,0,-126,-1,11.37
fold2_room1_mix0781,77,5,0,-34,27,1.94
fold2_room1_mix0781,78,4,0,-130,-1,11.93
fold2_room1_mix0781,78,5,0,-36,29,1.85
fold2_room1_mix0781,79,4,0,-132,-1,12.36
fold2_room1_mix0781,79,5,0,-37,30,1.75
fold2_room1_mix0781,80,4,0,-135,-1,12.80
fold2_room1_mix0781,80,5,0,-38,32,1.66
fold2_room1_mix0781,81,4,0,-138,-1,13.27
fold2_room1_mix0781,81,5,0,-39,34,1.57
fold2_room1_mix0781,82,4,0,-140,-1,13.97
fold2_room1_mix0781,82,5,0,-41,35,1.50
fold2_room1_mix0781,83,4,0,-141,-1,14.76
fold2_room1_mix0781,83,5,0,-45,37,1.43
fold2_room1_mix0781,84,4,0,-143,-1,15.59
fold2_room1_mix0781,84,5,0,-49,39,1.36
fold2_room1_mix0781,85,4,0,-145,-1,16.17
fold2_room1_mix0781,85,5,0,-55,41,1.32
fold2_room1_mix0781,86,4,0,-146,-1,16.63
fold2_room1_mix0781,86,5,0,-61,42,1.28
fold2_room1_mix0781,87,4,0,-147,-1,17.10
fold2_room1_mix0781,87,5,0,-69,44,1.24
fold2_room1_mix0781,88,4,0,-149,-1,17.72
fold2_room1_mix0781,88,5,0,-75,45,1.22
fold2_room1_mix0781,89,4,0,-150,-1,18.49
fold2_room1_mix0781,89,5,0,-82,45,1.20
fold2_room1_mix0781,90,4,0,-151,-1,19.30
fold2_room1_mix0781,90,5,0,-88,45,1.19
fold2_room1_mix0781,91,4,0,-153,-1,19.99
fold2_room1_mix0781,91,5,0,-93,44,1.18
fold2_room1_mix0781,92,4,0,-155,-1,20.35
fold2_room1_mix0781,92,5,0,-97,44,1.18
fold2_room1_mix0781,93,4,0,-156,-1,20.71
fold2_room1_mix0781,93,5,0,-101,43,1.18
fold2_room1_mix0781,94,4,0,-157,-1,21.64
fold2_room1_mix0781,94,5,0,-105,43,1.19
fold2_room1_mix0781,95,4,0,-157,-1,25.18
fold2_room1_mix0781,95,5,0,-109,42,1.24
fold2_room1_mix0781,96,4,0,-158,-1,29.61
fold2_room1_mix0781,96,5,0,-113,41,1.29
fold2_room1_mix0781,97,4,0,-158,-1,31.93
fold2_room1_mix0781,97,5,0,-117,39,1.36
fold2_room1_mix0781,98,4,0,-158,0,15.43
fold2_room1_mix0781,98,5,0,-121,37,1.52
fold2_room1_mix0781,99,4,0,-154,0,5.80
fold2_room1_mix0781,99,5,0,-126,35,1.73
fold2_room1_mix0796,0,4,0,172,-2,14.24
fold2_room1_mix0796,1,4,0,172,-2,14.18
fold2_room1_mix0796,2,4,0,171,-1,13.54
fold2_room1_mix0796,3,4,0,170,-1,12.82
fold2_room1_mix0796,4,4,0,168,-1,12.15
fold2_room1_mix0796,5,4,0,168,-1,11.75
fold2_room1_mix0796,6,4,0,169,-1,11.47
fold2_room1_mix0796,7,4,0,169,-2,11.21
fold2_room1_mix0796,8,4,0,170,-2,10.98
fold2_room1_mix0796,9,4,0,169,-2,10.78
fold2_room1_mix0796,10,4,0,169,-2,10.58
fold2_room1_mix0796,11,4,0,169,-2,10.41
fold2_room1_mix0796,12,4,0,169,-2,10.29
fold2_room1_mix0796,13,4,0,169,-2,10.18
fold2_room1_mix0796,14,4,0,168,-2,10.06
fold2_room1_mix0796,15,4,0,168,-2,9.90
fold2_room1_mix0796,16,4,0,168,-3,9.73
fold2_room1_mix0796,17,4,0,167,-3,9.59
fold2_room1_mix0796,18,4,0,167,-3,9.71
fold2_room1_mix0796,19,4,0,167,-3,9.91
fold2_room1_mix0796,20,4,0,166,-3,10.16
fold2_room1_mix0796,21,4,0,165,-3,10.37
fold2_room1_mix0796,26,4,0,163,-3,8.77
fold2_room1_mix0796,27,4,0,163,-3,8.19
fold2_room1_mix0796,28,4,0,162,-4,7.89
fold2_room1_mix0796,29,4,0,162,-4,7.62
fold2_room1_mix0796,30,4,0,162,-4,7.33
fold2_room1_mix0796,31,4,0,161,-4,6.95
fold2_room1_mix0796,32,4,0,160,-4,6.59
fold2_room1_mix0796,33,4,0,159,-4,6.25
fold2_room1_mix0796,34,4,0,158,-4,5.98
fold2_room1_mix0796,35,4,0,157,-5,5.73
fold2_room1_mix0796,36,4,0,156,-5,5.50
fold2_room1_mix0796,37,4,0,153,-5,5.69
fold2_room1_mix0796,39,4,0,22,-4,13.41
fold2_room1_mix0796,39,4,0,152,-6,3.77
fold2_room1_mix0796,40,4,0,13,-2,15.19
fold2_room1_mix0796,40,4,0,150,-7,3.51
fold2_room1_mix0796,41,4,0,13,-2,15.39
fold2_room1_mix0796,41,4,0,148,-7,3.29
fold2_room1_mix0796,42,4,0,12,-2,15.59
fold2_room1_mix0796,42,4,0,146,-7,3.08
fold2_room1_mix0796,43,4,0,14,-3,14.81
fold2_room1_mix0796,43,4,0,143,-8,2.90
fold2_room1_mix0796,44,4,0,21,-5,12.33
fold2_room1_mix0796,44,4,0,141,-8,2.76
fold2_room1_mix0796,45,4,0,32,-7,10.19
fold2_room1_mix0796,45,4,0,138,-9,2.64
fold2_room1_mix0796,46,4,0,40,-9,8.96
fold2_room1_mix0796,46,4,0,135,-9,2.50
fold2_room1_mix0796,47,4,0,27,-6,10.25
fold2_room1_mix0796,47,4,0,131,-10,2.34
fold2_room1_mix0796,48,4,0,17,-4,12.05
fold2_room1_mix0796,48,4,0,128,-11,2.18
fold2_room1_mix0796,49,4,0,11,-3,13.97
fold2_room1_mix0796,49,4,0,124,-12,2.04
fold2_room1_mix0796,50,4,0,8,-2,14.56
fold2_room1_mix0796,50,4,0,119,-12,1.98
fold2_room1_mix0796,51,4,0,5,-2,14.78
fold2_room1_mix0796,51,4,0,113,-13,1.94
fold2_room1_mix0796,52,4,0,3,-1,14.99
fold2_room1_mix0796,52,4,0,106,-13,1.90
fold2_room1_mix0796,53,4,0,2,-1,14.64
fold2_room1_mix0796,53,4,0,99,-14,1.88
fold2_room1_mix0796,54,4,0,2,-1,14.04
fold2_room1_mix0796,54,4,0,92,-14,1.87
fold2_room1_mix0796,55,4,0,2,-1,13.46
fold2_room1_mix0796,55,4,0,85,-15,1.86
fold2_room1_mix0796,56,4,0,3,-1,12.56
fold2_room1_mix0796,56,4,0,77,-14,1.89
fold2_room1_mix0796,57,4,0,5,-2,11.40
fold2_room1_mix0796,57,4,0,69,-13,1.97
fold2_room1_mix0796,58,4,0,7,-2,10.35
fold2_room1_mix0796,58,4,0,61,-12,2.05
fold2_room1_mix0796,59,4,0,9,-3,9.37
fold2_room1_mix0796,59,4,0,54,-12,2.15
fold2_room1_mix0796,60,4,0,10,-3,8.46
fold2_room1_mix0796,60,4,0,49,-11,2.28
fold2_room1_mix0796,61,4,0,12,-4,7.62
fold2_room1_mix0796,61,4,0,44,-10,2.41
fold2_room1_mix0796,62,4,0,13,-4,6.79
fold2_room1_mix0796,62,4,0,39,-9,2.56
fold2_room1_mix0796,63,4,0,16,-5,5.80
fold2_room1_mix0796,63,4,0,35,-9,2.72
fold2_room1_mix0796,64,4,0,27,-7,3.56
fold2_room1_mix0796,65,4,0,26,-7,3.42
fold2_room1_mix0796,66,4,0,26,-8,3.30
fold2_room1_mix0796,67,4,0,28,-9,3.20
fold2_room1_mix0796,68,4,0,29,-10,3.12
fold2_room1_mix0796,69,4,0,24,-7,3.99
fold2_room1_mix0796,69,4,0,52,-19,1.72
fold2_room1_mix0796,70,4,0,23,-7,4.26
fold2_room1_mix0796,70,4,0,106,-23,1.82
fold2_room1_mix0796,71,4,0,22,-6,4.58
fold2_room1_mix0796,71,4,0,140,-16,1.93
fold2_room1_mix0796,72,4,0,21,-6,4.79
fold2_room1_mix0796,72,4,0,148,-12,2.32
fold2_room1_mix0796,73,4,0,20,-5,4.89
fold2_room1_mix0796,73,4,0,155,-9,3.07
fold2_room1_mix0796,74,4,0,19,-5,5.00
fold2_room1_mix0796,74,4,0,162,-7,4.00
fold2_room1_mix0796,75,4,0,18,-4,5.15
fold2_room1_mix0796,75,4,0,167,-4,4.98
fold2_room1_mix0796,76,4,0,17,-4,5.41
fold2_room1_mix0796,76,4,0,170,-4,5.77
fold2_room1_mix0796,77,4,0,17,-4,5.69
fold2_room1_mix0796,77,4,0,172,-3,6.66
fold2_room1_mix0796,78,4,0,16,-4,5.98
fold2_room1_mix0796,78,4,0,174,-3,7.59
fold2_room1_mix0796,79,4,0,15,-3,6.25
fold2_room1_mix0796,79,4,0,175,-2,8.32
fold2_room1_mix0796,80,4,0,15,-3,6.53
fold2_room1_mix0796,80,4,0,175,-2,9.07
fold2_room1_mix0796,81,4,0,14,-3,6.80
fold2_room1_mix0796,81,4,0,176,-2,9.89
fold2_room1_mix0796,82,4,0,14,-3,7.00
fold2_room1_mix0796,82,4,0,176,-2,10.78
fold2_room1_mix0796,83,4,0,13,-3,7.18
fold2_room1_mix0796,83,4,0,177,-1,11.74
fold2_room1_mix0796,84,4,0,13,-3,7.37
fold2_room1_mix0796,84,4,0,178,-1,12.78
fold2_room1_mix0796,85,4,0,12,-3,7.57
fold2_room1_mix0796,85,4,0,178,-1,13.66
fold2_room1_mix0796,86,4,0,12,-3,7.77
fold2_room1_mix0796,86,4,0,178,-1,14.47
fold2_room1_mix0796,87,4,0,12,-3,7.99
fold2_room1_mix0796,87,4,0,178,-1,15.33
fold2_room1_mix0796,88,4,0,11,-3,8.16
fold2_room1_mix0796,88,4,0,178,-1,16.07
fold2_room1_mix0796,89,4,0,11,-3,8.29
fold2_room1_mix0796,89,4,0,178,-1,16.65
fold2_room1_mix0796,90,4,0,11,-3,8.42
fold2_room1_mix0796,90,4,0,178,-1,17.26
fold2_room1_mix0796,91,4,0,10,-3,8.56
fold2_room1_mix0796,91,4,0,178,-1,17.83
fold2_room1_mix0796,92,4,0,10,-3,8.73
fold2_room1_mix0796,92,4,0,178,-1,18.32
fold2_room1_mix0796,93,4,0,10,-3,8.91
fold2_room1_mix0796,93,4,0,179,-1,18.81
fold2_room1_mix0796,94,4,0,10,-3,9.08
fold2_room1_mix0796,94,4,0,179,-1,19.25
fold2_room1_mix0796,95,4,0,10,-3,9.23
fold2_room1_mix0796,95,4,0,179,-1,19.46
fold2_room1_mix0796,96,4,0,10,-3,9.37
fold2_room1_mix0796,96,4,0,179,-1,19.64
fold2_room1_mix0796,97,4,0,10,-3,9.52
fold2_room1_mix0796,97,4,0,179,-1,19.70
fold2_room1_mix0796,98,4,0,10,-3,9.71
fold2_room1_mix0796,98,4,0,178,-1,18.67
fold2_room1_mix0796,99,4,0,10,-2,9.92
fold2_room1_mix0796,99,4,0,176,-2,17.44
fold2_room1_mix0796,22,4,0,166,-3,7.03
fold2_room1_mix0796,23,4,0,166,-3,6.73
fold2_room1_mix0796,24,4,0,166,-3,6.53
fold2_room1_mix0796,25,4,0,165,-3,6.42
fold2_room1_mix0796,38,4,0,153,-6,4.08
fold2_room1_mix0810,54,4,0,-136,0,5.66
fold2_room1_mix0810,55,4,0,-137,-1,15.36
fold2_room1_mix0810,56,4,0,-136,-1,22.65
fold2_room1_mix0810,57,4,0,-135,-1,19.10
fold2_room1_mix0810,58,4,0,-133,-1,16.08
fold2_room1_mix0810,59,4,0,-131,-1,14.61
fold2_room1_mix0810,60,4,0,-130,-1,15.58
fold2_room1_mix0810,61,4,0,-129,-1,16.69
fold2_room1_mix0810,62,4,0,-127,-1,17.53
fold2_room1_mix0810,63,4,0,-125,-1,17.01
fold2_room1_mix0810,64,4,0,-123,-1,16.35
fold2_room1_mix0810,65,4,0,-121,-1,15.75
fold2_room1_mix0810,66,4,0,-119,-1,15.38
fold2_room1_mix0810,67,4,0,-118,-1,15.07
fold2_room1_mix0810,68,4,0,-117,-1,14.78
fold2_room1_mix0810,69,4,0,-116,-1,14.77
fold2_room1_mix0810,70,4,0,-115,-1,14.88
fold2_room1_mix0810,71,4,0,-113,-1,15.00
fold2_room1_mix0810,72,4,0,-112,-1,14.62
fold2_room1_mix0810,73,4,0,-110,-1,13.79
fold2_room1_mix0810,74,4,0,-108,-1,13.00
fold2_room1_mix0810,75,4,0,-105,-1,12.56
fold2_room1_mix0810,76,4,0,-103,-1,12.76
fold2_room1_mix0810,77,4,0,-100,-1,12.98
fold2_room1_mix0810,78,4,0,-97,-2,13.15
fold2_room1_mix0810,79,4,0,-95,-2,13.08
fold2_room1_mix0810,80,4,0,-92,-2,12.97
fold2_room1_mix0810,81,4,0,-90,-2,12.88
fold2_room1_mix0810,82,4,0,-87,-2,12.86
fold2_room1_mix0810,83,4,0,-84,-2,12.87
fold2_room1_mix0810,84,4,0,-81,-2,12.88
fold2_room1_mix0810,85,4,0,-79,-2,12.95
fold2_room1_mix0810,86,4,0,-77,-2,13.06
fold2_room1_mix0810,87,4,0,-74,-2,13.17
fold2_room1_mix0810,88,4,0,-73,-2,13.33
fold2_room1_mix0810,89,4,0,-71,-2,13.55
fold2_room1_mix0810,90,4,0,-69,-1,13.77
fold2_room1_mix0810,91,4,0,-67,-1,13.97
fold2_room1_mix0810,92,4,0,-65,-1,14.14
fold2_room1_mix0810,93,4,0,-63,-1,14.31
fold2_room1_mix0810,94,4,0,-60,-1,14.53
fold2_room1_mix0810,95,4,0,-58,-1,14.99
fold2_room1_mix0810,96,4,0,-56,-1,15.49
fold2_room1_mix0810,97,4,0,-54,-1,15.97
fold2_room1_mix0810,98,4,0,-53,-1,16.12
fold2_room1_mix0810,99,4,0,-52,-1,16.19
fold2_room1_mix0815,26,4,0,176,0,3.59
fold2_room1_mix0815,27,4,0,175,0,5.81
fold2_room1_mix0815,28,4,0,175,-1,5.57
fold2_room1_mix0815,29,4,0,174,-1,5.26
fold2_room1_mix0815,30,4,0,174,-1,5.07
fold2_room1_mix0815,31,4,0,174,-1,5.34
fold2_room1_mix0815,32,4,0,174,-1,5.67
fold2_room1_mix0815,33,4,0,173,-1,6.05
fold2_room1_mix0815,34,4,0,173,-1,6.78
fold2_room1_mix0815,35,4,0,173,-1,7.67
fold2_room1_mix0815,36,4,0,173,-1,8.65
fold2_room1_mix0815,37,4,0,173,-2,8.67
fold2_room1_mix0815,38,4,0,172,-2,8.22
fold2_room1_mix0815,39,4,0,172,-2,7.79
fold2_room1_mix0815,40,4,0,172,-2,7.46
fold2_room1_mix0815,41,4,0,171,-2,7.23
fold2_room1_mix0815,42,4,0,171,-2,7.00
fold2_room1_mix0815,43,4,0,171,-2,6.78
fold2_room1_mix0815,44,4,0,170,-3,6.60
fold2_room1_mix0815,45,4,0,170,-3,6.42
fold2_room1_mix0815,46,4,0,170,-3,6.21
fold2_room1_mix0815,47,4,0,169,-3,5.92
fold2_room1_mix0815,48,4,0,168,-3,5.62
fold2_room1_mix0815,49,4,0,168,-3,5.33
fold2_room1_mix0815,50,4,0,167,-4,5.00
fold2_room1_mix0815,51,4,0,166,-4,4.66
fold2_room1_mix0815,52,4,0,165,-4,4.35
fold2_room1_mix0815,53,4,0,164,-5,4.05
fold2_room1_mix0815,54,4,0,163,-5,3.77
fold2_room1_mix0815,55,4,0,161,-5,3.50
fold2_room1_mix0815,56,4,0,160,-6,3.22
fold2_room1_mix0815,57,4,0,158,-6,2.94
fold2_room1_mix0815,58,4,0,156,-7,2.67
fold2_room1_mix0815,59,4,0,153,-8,2.41
fold2_room1_mix0815,60,4,0,149,-9,2.15
fold2_room1_mix0815,61,4,0,145,-9,1.91
fold2_room1_mix0815,62,4,0,139,-11,1.69
fold2_room1_mix0815,63,4,0,129,-13,1.53
fold2_room1_mix0815,64,4,0,118,-15,1.38
fold2_room1_mix0815,65,4,0,105,-18,1.25
fold2_room1_mix0815,66,4,0,89,-18,1.30
fold2_room1_mix0815,67,4,0,71,-17,1.38
fold2_room1_mix0815,68,4,0,57,-15,1.48
fold2_room1_mix0815,69,4,0,48,-13,1.63
fold2_room1_mix0815,70,4,0,41,-11,1.83
fold2_room1_mix0815,71,4,0,34,-10,2.05
fold2_room1_mix0815,72,4,0,28,-8,2.26
fold2_room1_mix0815,73,4,0,26,-8,2.45
fold2_room1_mix0815,74,4,0,23,-7,2.66
fold2_room1_mix0815,75,4,0,21,-7,2.88
fold2_room1_mix0815,76,4,0,19,-6,3.13
fold2_room1_mix0815,77,4,0,17,-5,3.39
fold2_room1_mix0815,78,4,0,16,-5,3.66
fold2_room1_mix0815,79,4,0,15,-4,3.89
fold2_room1_mix0815,80,4,0,14,-4,4.12
fold2_room1_mix0815,81,4,0,13,-4,4.36
fold2_room1_mix0815,82,4,0,12,-4,4.58
fold2_room1_mix0815,83,4,0,12,-4,4.81
fold2_room1_mix0815,84,4,0,12,-3,5.05
fold2_room1_mix0815,85,4,0,11,-3,5.33
fold2_room1_mix0815,86,4,0,11,-3,5.64
fold2_room1_mix0815,87,4,0,10,-3,5.97
fold2_room1_mix0815,88,4,0,10,-3,6.29
fold2_room1_mix0815,89,4,0,9,-3,6.60
fold2_room1_mix0815,90,4,0,9,-2,6.93
fold2_room1_mix0815,91,4,0,9,-2,7.27
fold2_room1_mix0815,92,4,0,9,-2,7.60
fold2_room1_mix0815,93,4,0,8,-2,7.95
fold2_room1_mix0815,94,4,0,8,-2,8.31
fold2_room1_mix0815,95,4,0,7,-2,8.62
fold2_room1_mix0815,96,4,0,7,-2,8.95
fold2_room1_mix0815,97,4,0,6,-2,9.27
fold2_room1_mix0815,98,4,0,6,-1,9.54
fold2_room1_mix0815,99,4,0,6,-1,9.80
fold2_room1_mix0829,29,4,0,8,0,11.02
fold2_room1_mix0829,30,4,0,8,-1,34.04
fold2_room1_mix0829,31,4,0,9,0,31.91
fold2_room1_mix0829,32,4,0,9,0,26.35
fold2_room1_mix0829,33,4,0,9,0,22.09
fold2_room1_mix0829,34,4,0,10,0,21.53
fold2_room1_mix0829,35,4,0,10,-1,21.78
fold2_room1_mix0829,36,4,0,10,-1,22.00
fold2_room1_mix0829,37,4,0,10,-1,21.27
fold2_room1_mix0829,38,4,0,11,-1,20.14
fold2_room1_mix0829,39,4,0,12,-1,19.06
fold2_room1_mix0829,40,4,0,12,-1,18.17
fold2_room1_mix0829,41,4,0,13,-1,17.44
fold2_room1_mix0829,42,4,0,14,-1,16.74
fold2_room1_mix0829,43,4,0,15,-1,16.01
fold2_room1_mix0829,44,4,0,15,-1,15.19
fold2_room1_mix0829,45,4,0,16,-1,14.40
fold2_room1_mix0829,46,4,0,17,-1,13.63
fold2_room1_mix0829,47,4,0,18,-1,12.81
fold2_room1_mix0829,48,4,0,20,-1,12.03
fold2_room1_mix0829,49,4,0,21,-1,11.28
fold2_room1_mix0829,50,4,0,23,-2,10.43
fold2_room1_mix0829,51,4,0,26,-2,9.60
fold2_room1_mix0829,52,4,0,28,-2,8.83
fold2_room1_mix0829,53,4,0,31,-2,8.07
fold2_room1_mix0829,54,4,0,34,-3,7.34
fold2_room1_mix0829,55,4,0,37,-3,6.67
fold2_room1_mix0829,56,4,0,43,-3,6.04
fold2_room1_mix0829,57,4,0,50,-4,5.45
fold2_room1_mix0829,58,4,0,57,-4,4.91
fold2_room1_mix0829,59,4,0,65,-4,4.51
fold2_room1_mix0829,60,4,0,76,-5,4.33
fold2_room1_mix0829,61,4,0,88,-5,4.16
fold2_room1_mix0829,62,4,0,101,-5,4.08
fold2_room1_mix0829,63,4,0,110,-4,4.37
fold2_room1_mix0829,64,4,0,119,-4,4.71
fold2_room1_mix0829,65,4,0,127,-4,5.09
fold2_room1_mix0829,66,4,0,133,-3,5.63
fold2_room1_mix0829,67,4,0,137,-3,6.27
fold2_room1_mix0829,68,4,0,142,-3,6.96
fold2_room1_mix0829,69,4,0,146,-3,7.61
fold2_room1_mix0829,70,4,0,150,-2,8.28
fold2_room1_mix0829,71,4,0,153,-2,8.99
fold2_room1_mix0829,72,4,0,155,-2,9.75
fold2_room1_mix0829,73,4,0,157,-2,10.55
fold2_room1_mix0829,74,4,0,158,-1,11.42
fold2_room1_mix0829,75,4,0,160,-1,12.28
fold2_room1_mix0829,76,4,0,161,-1,13.02
fold2_room1_mix0829,77,4,0,162,-1,13.80
fold2_room1_mix0829,78,4,0,162,-1,14.60
fold2_room1_mix0829,79,4,0,163,-1,15.40
fold2_room1_mix0829,80,4,0,164,-1,16.23
fold2_room1_mix0829,81,4,0,165,-1,17.10
fold2_room1_mix0829,82,4,0,166,-1,18.04
fold2_room1_mix0829,83,4,0,167,-1,19.04
fold2_room1_mix0829,84,4,0,167,-1,20.07
fold2_room1_mix0829,85,4,0,168,-1,20.67
fold2_room1_mix0829,86,4,0,168,-1,21.04
fold2_room1_mix0829,87,4,0,169,-1,21.42
fold2_room1_mix0829,88,4,0,169,-1,22.17
fold2_room1_mix0829,89,4,0,169,-1,23.33
fold2_room1_mix0829,90,4,0,170,-1,24.54
fold2_room1_mix0829,91,4,0,170,-1,26.13
fold2_room1_mix0829,92,4,0,170,-1,28.52
fold2_room1_mix0829,93,4,0,170,-1,31.15
fold2_room1_mix0829,94,4,0,170,-1,28.87
fold2_room1_mix0829,95,4,0,172,0,13.45
fold2_room1_mix0829,96,4,0,172,0,5.51
fold2_room1_mix0830,0,2,0,62,-2,17.73
fold2_room1_mix0830,1,2,0,62,-2,17.30
fold2_room1_mix0830,2,2,0,63,-1,13.40
fold2_room1_mix0830,3,2,0,64,-1,9.75
fold2_room1_mix0830,4,2,0,64,-2,6.93
fold2_room1_mix0830,9,2,0,73,-1,2.16
fold2_room1_mix0830,10,2,0,67,-2,11.31
fold2_room1_mix0830,11,2,0,63,-2,25.45
fold2_room1_mix0830,12,2,0,66,-2,15.61
fold2_room1_mix0830,13,2,0,69,-2,9.05
fold2_room1_mix0830,14,2,0,71,-2,4.94
fold2_room1_mix0830,18,2,0,82,0,1.43
fold2_room1_mix0830,19,2,0,78,-1,6.70
fold2_room1_mix0830,20,2,0,72,-2,22.52
fold2_room1_mix0830,21,2,0,73,-2,20.30
fold2_room1_mix0830,22,2,0,76,-2,9.71
fold2_room1_mix0830,23,2,0,78,-1,4.38
fold2_room1_mix0830,28,2,0,83,-1,2.58
fold2_room1_mix0830,29,2,0,79,-2,10.74
fold2_room1_mix0830,30,2,0,75,-2,26.56
fold2_room1_mix0830,31,2,0,77,-2,15.32
fold2_room1_mix0830,32,2,0,79,-2,7.33
fold2_room1_mix0830,33,2,0,76,-2,3.31
fold2_room1_mix0830,35,4,0,-7,0,6.35
fold2_room1_mix0830,36,4,0,-9,-1,21.16
fold2_room1_mix0830,37,2,0,84,-1,0.95
fold2_room1_mix0830,37,4,0,-9,-1,23.63
fold2_room1_mix0830,38,2,0,83,-1,5.33
fold2_room1_mix0830,38,4,0,-9,-1,15.87
fold2_room1_mix0830,39,2,0,80,-2,19.58
fold2_room1_mix0830,39,3,0,-99,-3,4.06
fold2_room1_mix0830,39,4,0,-8,-2,10.55
fold2_room1_mix0830,40,2,0,79,-2,21.02
fold2_room1_mix0830,40,3,0,-99,-3,6.42
fold2_room1_mix0830,40,4,0,-8,-2,9.82
fold2_room1_mix0830,41,2,0,82,-1,6.75
fold2_room1_mix0830,41,3,0,-99,-3,7.04
fold2_room1_mix0830,41,4,0,-9,-2,11.81
fold2_room1_mix0830,42,2,0,84,-1,1.73
fold2_room1_mix0830,42,3,0,-99,-3,7.73
fold2_room1_mix0830,42,4,0,-9,-2,14.57
fold2_room1_mix0830,43,3,0,-98,-3,8.69
fold2_room1_mix0830,43,4,0,-10,-2,17.06
fold2_room1_mix0830,44,3,0,-97,-3,10.31
fold2_room1_mix0830,44,4,0,-11,-2,17.52
fold2_room1_mix0830,44,4,0,-174,-3,17.39
fold2_room1_mix0830,45,3,0,-96,-3,12.21
fold2_room1_mix0830,45,4,0,-12,-1,17.93
fold2_room1_mix0830,45,4,0,-178,-2,18.08
fold2_room1_mix0830,46,3,0,-94,-3,12.56
fold2_room1_mix0830,46,4,0,-13,-1,18.11
fold2_room1_mix0830,46,4,0,179,-1,18.66
fold2_room1_mix0830,47,2,0,84,-2,5.36
fold2_room1_mix0830,47,3,0,-93,-3,7.19
fold2_room1_mix0830,47,4,0,-13,-2,17.28
fold2_room1_mix0830,47,4,0,179,-1,18.66
fold2_room1_mix0830,48,2,0,85,-2,12.93
fold2_room1_mix0830,48,3,0,-91,-3,3.67
fold2_room1_mix0830,48,4,0,-13,-2,16.39
fold2_room1_mix0830,48,4,0,179,-1,18.61
fold2_room1_mix0830,49,2,0,85,-2,25.02
fold2_room1_mix0830,49,4,0,-13,-2,15.54
fold2_room1_mix0830,49,4,0,179,-1,18.54
fold2_room1_mix0830,50,2,0,86,-2,10.14
fold2_room1_mix0830,50,4,0,-12,-2,14.74
fold2_room1_mix0830,50,4,0,179,-1,18.41
fold2_room1_mix0830,51,2,0,87,-1,2.33
fold2_room1_mix0830,51,4,0,-11,-2,13.98
fold2_room1_mix0830,51,4,0,179,-1,18.26
fold2_room1_mix0830,52,4,0,-11,-2,13.27
fold2_room1_mix0830,52,4,0,179,-1,18.08
fold2_room1_mix0830,53,4,0,-11,-2,12.69
fold2_room1_mix0830,53,4,0,179,-1,17.00
fold2_room1_mix0830,54,4,0,-12,-2,12.16
fold2_room1_mix0830,54,4,0,179,-1,15.58
fold2_room1_mix0830,55,4,0,-13,-2,11.66
fold2_room1_mix0830,55,4,0,179,-2,14.27
fold2_room1_mix0830,56,2,0,86,-2,5.17
fold2_room1_mix0830,56,4,0,-14,-2,11.10
fold2_room1_mix0830,56,4,0,179,-2,12.78
fold2_room1_mix0830,57,2,0,89,-2,9.57
fold2_room1_mix0830,57,4,0,-7,-2,14.16
fold2_room1_mix0830,57,4,0,-23,-4,6.89
fold2_room1_mix0830,57,4,0,-179,-2,11.17
fold2_room1_mix0830,58,2,0,91,-2,17.11
fold2_room1_mix0830,58,4,0,-7,-3,14.07
fold2_room1_mix0830,58,4,0,-25,-5,5.96
fold2_room1_mix0830,58,4,0,-179,-2,9.75
fold2_room1_mix0830,59,2,0,92,-2,17.26
fold2_room1_mix0830,59,4,0,-8,-2,14.05
fold2_room1_mix0830,59,4,0,-29,-5,5.21
fold2_room1_mix0830,59,4,0,-178,-3,8.44
fold2_room1_mix0830,60,2,0,90,-1,5.16
fold2_room1_mix0830,60,4,0,-9,-2,14.19
fold2_room1_mix0830,60,4,0,-33,-6,4.68
fold2_room1_mix0830,60,4,0,-177,-3,7.20
fold2_room1_mix0830,61,2,0,89,-1,1.01
fold2_room1_mix0830,61,3,0,-118,-3,3.62
fold2_room1_mix0830,61,4,0,-11,-1,14.33
fold2_room1_mix0830,61,4,0,-37,-6,4.21
fold2_room1_mix0830,61,4,0,-176,-3,6.11
fold2_room1_mix0830,62,3,0,-120,-3,5.24
fold2_room1_mix0830,62,4,0,-12,0,14.27
fold2_room1_mix0830,62,4,0,-42,-7,3.76
fold2_room1_mix0830,62,4,0,-176,-4,5.25
fold2_room1_mix0830,63,4,0,-9,0,13.43
fold2_room1_mix0830,63,4,0,-48,-7,3.29
fold2_room1_mix0830,63,4,0,179,-4,4.78
fold2_room1_mix0830,64,4,0,-7,-1,12.56
fold2_room1_mix0830,64,4,0,-53,-8,2.86
fold2_room1_mix0830,64,4,0,175,-5,4.37
fold2_room1_mix0830,65,2,0,96,-2,4.63
fold2_room1_mix0830,65,4,0,-5,-1,11.73
fold2_room1_mix0830,65,4,0,-60,-9,2.46
fold2_room1_mix0830,65,4,0,172,-6,3.97
fold2_room1_mix0830,66,2,0,96,-2,8.13
fold2_room1_mix0830,66,4,0,-9,-2,10.89
fold2_room1_mix0830,66,4,0,-71,-15,2.00
fold2_room1_mix0830,66,4,0,-179,-9,3.38
fold2_room1_mix0830,67,2,0,96,-2,13.25
fold2_room1_mix0830,67,4,0,-15,-4,10.10
fold2_room1_mix0830,67,4,0,-168,-13,2.82
fold2_room1_mix0830,68,2,0,97,-2,20.48
fold2_room1_mix0830,68,4,0,-21,-6,9.37
fold2_room1_mix0830,68,4,0,139,-34,1.24
fold2_room1_mix0830,68,4,0,-155,-18,2.35
fold2_room1_mix0830,69,2,0,95,-2,9.43
fold2_room1_mix0830,69,4,0,-18,-7,8.97
fold2_room1_mix0830,69,4,0,108,-40,1.26
fold2_room1_mix0830,69,4,0,-150,-16,2.70
fold2_room1_mix0830,70,2,0,93,-1,1.93
fold2_room1_mix0830,70,4,0,-10,-7,8.74
fold2_room1_mix0830,70,4,0,21,-35,1.45
fold2_room1_mix0830,70,4,0,-148,-12,3.57
fold2_room1_mix0830,71,4,0,-4,-13,5.08
fold2_room1_mix0830,71,4,0,-147,-8,4.64
fold2_room1_mix0830,72,4,0,1,-6,8.37
fold2_room1_mix0830,72,4,0,-15,-15,2.10
fold2_room1_mix0830,72,4,0,-150,-5,5.40
fold2_room1_mix0830,73,4,0,0,-5,8.33
fold2_room1_mix0830,73,4,0,-19,-11,2.93
fold2_room1_mix0830,73,4,0,-155,-4,5.68
fold2_room1_mix0830,74,2,0,97,-2,3.99
fold2_room1_mix0830,74,4,0,0,-4,8.30
fold2_room1_mix0830,74,4,0,-22,-7,3.98
fold2_room1_mix0830,74,4,0,-159,-4,5.98
fold2_room1_mix0830,75,2,0,98,-3,9.21
fold2_room1_mix0830,75,4,0,-1,-3,8.29
fold2_room1_mix0830,75,4,0,-24,-4,4.92
fold2_room1_mix0830,75,4,0,-160,-4,6.37
fold2_room1_mix0830,76,2,0,101,-3,11.22
fold2_room1_mix0830,76,4,0,-1,-3,8.34
fold2_room1_mix0830,76,4,0,-25,-4,5.19
fold2_room1_mix0830,76,4,0,-159,-3,6.99
fold2_room1_mix0830,77,2,0,103,-3,13.39
fold2_room1_mix0830,77,4,0,-2,-3,8.39
fold2_room1_mix0830,77,4,0,-25,-4,5.44
fold2_room1_mix0830,77,4,0,-158,-3,7.67
fold2_room1_mix0830,78,2,0,103,-2,12.42
fold2_room1_mix0830,78,4,0,-3,-4,8.53
fold2_room1_mix0830,78,4,0,-26,-4,5.68
fold2_room1_mix0830,78,4,0,-158,-3,8.33
fold2_room1_mix0830,79,2,0,100,-2,3.80
fold2_room1_mix0830,79,4,0,-3,-3,9.01
fold2_room1_mix0830,79,4,0,-30,-4,5.80
fold2_room1_mix0830,79,4,0,-160,-3,8.70
fold2_room1_mix0830,80,4,0,-2,-3,9.57
fold2_room1_mix0830,80,4,0,-34,-4,5.91
fold2_room1_mix0830,80,4,0,-162,-3,9.04
fold2_room1_mix0830,81,4,0,-2,-2,10.12
fold2_room1_mix0830,81,4,0,-38,-3,5.98
fold2_room1_mix0830,81,4,0,-164,-3,9.42
fold2_room1_mix0830,82,4,0,-2,-2,10.47
fold2_room1_mix0830,82,4,0,-42,-3,5.70
fold2_room1_mix0830,82,4,0,-164,-2,10.07
fold2_room1_mix0830,83,2,0,102,-2,2.35
fold2_room1_mix0830,83,4,0,-2,-2,10.77
fold2_room1_mix0830,83,4,0,-45,-4,5.34
fold2_room1_mix0830,83,4,0,-164,-2,10.83
fold2_room1_mix0830,84,2,0,105,-3,8.48
fold2_room1_mix0830,84,4,0,-2,-2,11.09
fold2_room1_mix0830,84,4,0,-48,-4,5.01
fold2_room1_mix0830,84,4,0,-164,-2,11.64
fold2_room1_mix0830,85,2,0,106,-3,12.71
fold2_room1_mix0830,85,4,0,-2,-2,11.65
fold2_room1_mix0830,85,4,0,-52,-4,4.69
fold2_room1_mix0830,85,4,0,-164,-2,12.52
fold2_room1_mix0830,86,2,0,106,-3,13.30
fold2_room1_mix0830,86,4,0,-3,-2,12.37
fold2_room1_mix0830,86,4,0,-57,-5,4.39
fold2_room1_mix0830,86,4,0,-163,-2,13.47
fold2_room1_mix0830,87,2,0,105,-3,13.92
fold2_room1_mix0830,87,4,0,-4,-2,13.12
fold2_room1_mix0830,87,4,0,-63,-5,4.11
fold2_room1_mix0830,87,4,0,-163,-2,14.49
fold2_room1_mix0830,88,2,0,104,-2,7.68
fold2_room1_mix0830,88,4,0,-6,-2,13.42
fold2_room1_mix0830,88,4,0,-70,-5,3.99
fold2_room1_mix0830,88,4,0,-162,-2,15.37
fold2_room1_mix0830,89,4,0,-8,-2,13.22
fold2_room1_mix0830,89,4,0,-80,-5,4.03
fold2_room1_mix0830,89,4,0,-163,-1,16.09
fold2_room1_mix0830,90,4,0,-10,-1,13.03
fold2_room1_mix0830,90,4,0,-90,-5,4.07
fold2_room1_mix0830,90,4,0,-163,-1,16.83
fold2_room1_mix0830,91,4,0,-13,-2,12.57
fold2_room1_mix0830,91,4,0,-101,-5,4.20
fold2_room1_mix0830,91,4,0,-163,0,17.03
fold2_room1_mix0830,92,4,0,-20,-3,11.61
fold2_room1_mix0830,92,4,0,-110,-5,4.54
fold2_room1_mix0830,92,4,0,-161,-1,16.05
fold2_room1_mix0830,93,2,0,107,-2,4.99
fold2_room1_mix0830,93,4,0,-36,-5,10.69
fold2_room1_mix0830,93,4,0,-119,-4,4.91
fold2_room1_mix0830,93,4,0,-159,-1,15.10
fold2_room1_mix0830,94,2,0,111,-3,14.50
fold2_room1_mix0830,94,4,0,-126,-4,5.34
fold2_room1_mix0830,94,4,0,-157,-2,13.96
fold2_room1_mix0830,95,2,0,109,-3,15.98
fold2_room1_mix0830,95,4,0,-126,-5,7.65
fold2_room1_mix0830,95,4,0,-153,-2,12.06
fold2_room1_mix0830,96,2,0,107,-3,15.95
fold2_room1_mix0830,96,4,0,-133,-4,7.75
fold2_room1_mix0830,96,4,0,-150,-3,10.32
fold2_room1_mix0830,97,2,0,105,-3,13.62
fold2_room1_mix0830,97,4,0,-142,-3,8.27
fold2_room1_mix0830,98,2,0,107,-2,2.27
fold2_room1_mix0830,98,4,0,-145,-3,8.49
fold2_room1_mix0830,99,4,0,-149,-3,8.84
fold2_room1_mix0852,50,4,0,-2,-1,2.55
fold2_room1_mix0852,51,4,0,-2,-1,6.58
fold2_room1_mix0852,52,4,0,-2,-1,14.89
fold2_room1_mix0852,53,4,0,-2,-1,16.88
fold2_room1_mix0852,54,4,0,-3,-2,13.87
fold2_room1_mix0852,55,4,0,-3,-2,11.37
fold2_room1_mix0852,56,4,0,-3,-2,9.77
fold2_room1_mix0852,57,4,0,-4,-3,8.80
fold2_room1_mix0852,58,4,0,-5,-3,7.92
fold2_room1_mix0852,59,4,0,-5,-3,7.01
fold2_room1_mix0852,60,4,0,-6,-3,5.99
fold2_room1_mix0852,61,4,0,-6,-3,5.09
fold2_room1_mix0852,62,4,0,-8,-4,4.14
fold2_room1_mix0852,63,4,0,-20,-10,2.81
fold2_room1_mix0852,64,4,0,-31,-16,1.78
fold2_room1_mix0852,65,4,0,-45,-22,1.11
fold2_room1_mix0852,66,4,0,-88,-29,1.29
fold2_room1_mix0852,67,4,0,-143,-18,1.71
fold2_room1_mix0852,68,4,0,-158,-11,2.21
fold2_room1_mix0852,69,4,0,-163,-9,2.87
fold2_room1_mix0852,70,4,0,-166,-7,3.69
fold2_room1_mix0852,71,4,0,-169,-5,4.69
fold2_room1_mix0852,72,4,0,-171,-4,5.67
fold2_room1_mix0852,73,4,0,-172,-3,6.55
fold2_room1_mix0852,74,4,0,-173,-3,7.54
fold2_room1_mix0852,75,4,0,-174,-3,8.59
fold2_room1_mix0852,76,4,0,-175,-2,9.61
fold2_room1_mix0852,77,4,0,-175,-2,10.72
fold2_room1_mix0852,78,4,0,-176,-2,11.82
fold2_room1_mix0852,79,4,0,-176,-2,12.42
fold2_room1_mix0852,80,4,0,-176,-2,12.98
fold2_room1_mix0852,81,4,0,-176,-2,13.59
fold2_room1_mix0852,82,4,0,-177,-1,14.50
fold2_room1_mix0852,83,4,0,-177,-1,15.54
fold2_room1_mix0852,84,4,0,-177,-1,16.28
fold2_room1_mix0852,85,4,0,-177,-1,8.03
fold2_room1_mix0853,0,5,0,118,4,12.94
fold2_room1_mix0853,1,5,0,117,4,12.98
fold2_room1_mix0853,2,5,0,117,4,13.37
fold2_room1_mix0853,3,5,0,117,4,13.86
fold2_room1_mix0853,4,5,0,117,3,14.35
fold2_room1_mix0853,5,5,0,117,3,14.38
fold2_room1_mix0853,6,5,0,116,3,14.18
fold2_room1_mix0853,7,5,0,115,3,13.98
fold2_room1_mix0853,8,5,0,114,3,13.82
fold2_room1_mix0853,9,5,0,114,3,13.68
fold2_room1_mix0853,10,5,0,114,4,13.55
fold2_room1_mix0853,11,5,0,113,4,13.45
fold2_room1_mix0853,12,5,0,113,4,13.43
fold2_room1_mix0853,13,5,0,113,4,13.41
fold2_room1_mix0853,14,5,0,113,3,13.40
fold2_room1_mix0853,15,5,0,113,4,13.44
fold2_room1_mix0853,16,5,0,113,4,13.49
fold2_room1_mix0853,17,5,0,113,4,13.54
fold2_room1_mix0853,18,5,0,114,4,13.52
fold2_room1_mix0853,19,5,0,114,4,13.50
fold2_room1_mix0853,20,5,0,114,4,13.47
fold2_room1_mix0853,21,5,0,114,4,13.52
fold2_room1_mix0853,22,5,0,115,4,13.61
fold2_room1_mix0853,23,4,0,-172,-3,1.65
fold2_room1_mix0853,23,5,0,115,4,13.70
fold2_room1_mix0853,24,4,0,-175,-2,2.85
fold2_room1_mix0853,24,5,0,115,4,13.63
fold2_room1_mix0853,25,4,0,-174,-2,4.51
fold2_room1_mix0853,25,5,0,114,4,13.41
fold2_room1_mix0853,26,4,0,-172,-2,6.89
fold2_room1_mix0853,26,5,0,113,4,13.19
fold2_room1_mix0853,27,4,0,-171,-3,8.75
fold2_room1_mix0853,27,5,0,112,4,13.16
fold2_room1_mix0853,28,4,0,-171,-3,7.89
fold2_room1_mix0853,28,5,0,111,4,13.49
fold2_room1_mix0853,29,4,0,-170,-4,7.05
fold2_room1_mix0853,29,5,0,110,4,13.84
fold2_room1_mix0853,30,4,0,-169,-4,6.31
fold2_room1_mix0853,30,5,0,109,4,14.11
fold2_room1_mix0853,31,4,0,-167,-5,5.74
fold2_room1_mix0853,31,5,0,109,4,14.03
fold2_room1_mix0853,32,4,0,-164,-5,5.22
fold2_room1_mix0853,32,5,0,110,4,13.91
fold2_room1_mix0853,33,4,0,-162,-5,4.74
fold2_room1_mix0853,33,5,0,110,4,13.83
fold2_room1_mix0853,34,4,0,-159,-7,4.32
fold2_room1_mix0853,34,5,0,110,4,14.04
fold2_room1_mix0853,35,4,0,-155,-8,3.96
fold2_room1_mix0853,35,5,0,109,4,14.33
fold2_room1_mix0853,36,4,0,-147,-10,2.84
fold2_room1_mix0853,36,5,0,108,4,14.63
fold2_room1_mix0853,37,4,0,-136,-13,2.32
fold2_room1_mix0853,37,5,0,108,4,14.75
fold2_room1_mix0853,38,4,0,-123,-17,1.83
fold2_room1_mix0853,38,5,0,107,4,14.79
fold2_room1_mix0853,39,4,0,0,-13,7.05
fold2_room1_mix0853,39,4,0,-107,-21,1.41
fold2_room1_mix0853,39,5,0,105,4,14.82
fold2_room1_mix0853,40,4,0,6,-10,7.56
fold2_room1_mix0853,40,4,0,-88,-22,1.35
fold2_room1_mix0853,40,5,0,105,4,14.62
fold2_room1_mix0853,41,4,0,10,-8,7.76
fold2_room1_mix0853,41,4,0,-68,-19,1.63
fold2_room1_mix0853,41,5,0,104,4,14.17
fold2_room1_mix0853,42,4,0,13,-6,7.96
fold2_room1_mix0853,42,4,0,-52,-15,1.95
fold2_room1_mix0853,42,5,0,103,4,13.73
fold2_room1_mix0853,43,4,0,14,-5,7.77
fold2_room1_mix0853,43,4,0,-39,-12,2.40
fold2_room1_mix0853,43,5,0,102,4,13.38
fold2_room1_mix0853,44,4,0,9,-5,6.81
fold2_room1_mix0853,44,4,0,-29,-10,3.14
fold2_room1_mix0853,44,5,0,101,4,13.19
fold2_room1_mix0853,45,1,0,46,-2,6.27
fold2_room1_mix0853,45,4,0,5,-6,5.94
fold2_room1_mix0853,45,4,0,-19,-8,4.05
fold2_room1_mix0853,45,5,0,100,4,13.00
fold2_room1_mix0853,46,1,0,46,-2,14.21
fold2_room1_mix0853,46,4,0,-5,-6,5.15
fold2_room1_mix0853,46,5,0,99,4,12.85
fold2_room1_mix0853,47,1,0,48,-2,10.86
fold2_room1_mix0853,47,4,0,-2,-5,5.67
fold2_room1_mix0853,47,5,0,97,4,12.89
fold2_room1_mix0853,48,1,0,51,-2,7.31
fold2_room1_mix0853,48,4,0,-7,-6,5.06
fold2_room1_mix0853,48,4,0,13,-4,8.69
fold2_room1_mix0853,48,5,0,96,4,12.95
fold2_room1_mix0853,49,1,0,56,-2,4.68
fold2_room1_mix0853,49,4,0,-7,-6,5.35
fold2_room1_mix0853,49,4,0,21,-3,10.06
fold2_room1_mix0853,49,5,0,94,4,13.02
fold2_room1_mix0853,50,4,0,-6,-5,5.63
fold2_room1_mix0853,50,4,0,30,-3,11.07
fold2_room1_mix0853,50,5,0,93,4,13.13
fold2_room1_mix0853,51,4,0,-5,-5,5.92
fold2_room1_mix0853,51,4,0,39,-2,12.03
fold2_room1_mix0853,51,5,0,92,4,13.25
fold2_room1_mix0853,52,4,0,-4,-4,6.21
fold2_room1_mix0853,52,4,0,49,-2,13.03
fold2_room1_mix0853,52,5,0,91,4,13.37
fold2_room1_mix0853,53,4,0,-3,-4,6.24
fold2_room1_mix0853,53,4,0,54,-2,13.29
fold2_room1_mix0853,53,5,0,91,4,13.16
fold2_room1_mix0853,54,4,0,-2,-4,6.13
fold2_room1_mix0853,54,4,0,54,-2,13.15
fold2_room1_mix0853,54,5,0,90,4,12.80
fold2_room1_mix0853,55,4,0,0,-4,6.03
fold2_room1_mix0853,55,4,0,55,-2,13.02
fold2_room1_mix0853,55,5,0,90,4,12.45
fold2_room1_mix0853,56,4,0,0,-5,5.74
fold2_room1_mix0853,56,4,0,53,-2,12.60
fold2_room1_mix0853,56,5,0,90,4,12.26
fold2_room1_mix0853,57,4,0,0,-5,5.30
fold2_room1_mix0853,57,4,0,51,-2,11.92
fold2_room1_mix0853,57,5,0,91,4,12.23
fold2_room1_mix0853,58,4,0,1,-6,4.89
fold2_room1_mix0853,58,4,0,48,-2,11.27
fold2_room1_mix0853,58,5,0,91,4,12.20
fold2_room1_mix0853,59,4,0,2,-6,4.45
fold2_room1_mix0853,59,4,0,48,-2,10.31
fold2_room1_mix0853,59,5,0,91,4,12.28
fold2_room1_mix0853,60,4,0,4,-7,3.93
fold2_room1_mix0853,60,4,0,50,-3,8.78
fold2_room1_mix0853,60,5,0,91,4,12.58
fold2_room1_mix0853,61,4,0,6,-8,3.46
fold2_room1_mix0853,61,4,0,52,-4,7.45
fold2_room1_mix0853,61,5,0,90,4,12.89
fold2_room1_mix0853,62,4,0,1,-8,3.23
fold2_room1_mix0853,62,4,0,18,-10,2.83
fold2_room1_mix0853,62,4,0,55,-5,6.20
fold2_room1_mix0853,62,5,0,89,4,13.12
fold2_room1_mix0853,63,4,0,8,-11,3.07
fold2_room1_mix0853,63,4,0,32,-14,2.18
fold2_room1_mix0853,63,4,0,59,-8,4.82
fold2_room1_mix0853,63,5,0,88,4,13.01
fold2_room1_mix0853,64,4,0,16,-13,2.94
fold2_room1_mix0853,64,4,0,45,-18,1.62
fold2_room1_mix0853,64,4,0,63,-12,3.68
fold2_room1_mix0853,64,5,0,88,4,12.87
fold2_room1_mix0853,65,4,0,26,-16,2.87
fold2_room1_mix0853,65,4,0,64,-19,1.99
fold2_room1_mix0853,65,5,0,87,4,12.74
fold2_room1_mix0853,66,4,0,43,-16,3.45
fold2_room1_mix0853,66,4,0,84,-22,1.66
fold2_room1_mix0853,66,5,0,86,4,12.71
fold2_room1_mix0853,67,4,0,68,-16,4.31
fold2_room1_mix0853,67,4,0,112,-23,1.43
fold2_room1_mix0853,67,5,0,85,4,12.70
fold2_room1_mix0853,68,4,0,97,-13,5.33
fold2_room1_mix0853,68,4,0,132,-21,1.26
fold2_room1_mix0853,68,5,0,84,4,12.69
fold2_room1_mix0853,69,4,0,107,-10,6.33
fold2_room1_mix0853,69,4,0,142,-19,1.41
fold2_room1_mix0853,69,5,0,83,4,12.45
fold2_room1_mix0853,70,4,0,110,-8,7.37
fold2_room1_mix0853,70,4,0,150,-16,1.76
fold2_room1_mix0853,70,5,0,81,4,12.11
fold2_room1_mix0853,71,4,0,114,-5,8.55
fold2_room1_mix0853,71,4,0,159,-12,2.16
fold2_room1_mix0853,71,5,0,80,4,11.77
fold2_room1_mix0853,72,4,0,115,-4,8.96
fold2_room1_mix0853,72,4,0,165,-10,2.60
fold2_room1_mix0853,72,5,0,79,4,11.65
fold2_room1_mix0853,73,4,0,116,-5,8.52
fold2_room1_mix0853,73,4,0,167,-8,3.07
fold2_room1_mix0853,73,5,0,78,4,11.73
fold2_room1_mix0853,74,4,0,116,-6,8.09
fold2_room1_mix0853,74,4,0,169,-7,3.61
fold2_room1_mix0853,74,5,0,77,4,11.81
fold2_room1_mix0853,75,4,0,114,-6,8.04
fold2_room1_mix0853,75,4,0,171,-6,4.15
fold2_room1_mix0853,75,5,0,77,4,11.94
fold2_room1_mix0853,76,4,0,106,-6,8.76
fold2_room1_mix0853,76,4,0,171,-6,4.59
fold2_room1_mix0853,76,5,0,76,4,12.18
fold2_room1_mix0853,77,4,0,96,-6,9.56
fold2_room1_mix0853,77,4,0,171,-6,5.06
fold2_room1_mix0853,77,5,0,75,4,12.42
fold2_room1_mix0853,78,4,0,86,-5,10.34
fold2_room1_mix0853,78,4,0,171,-5,5.55
fold2_room1_mix0853,78,5,0,75,4,12.63
fold2_room1_mix0853,79,4,0,78,-5,10.74
fold2_room1_mix0853,79,4,0,172,-5,6.04
fold2_room1_mix0853,79,5,0,75,4,12.66
fold2_room1_mix0853,80,4,0,71,-5,11.12
fold2_room1_mix0853,80,4,0,172,-4,6.57
fold2_room1_mix0853,80,5,0,75,4,12.68
fold2_room1_mix0853,81,4,0,68,-5,11.40
fold2_room1_mix0853,81,4,0,172,-4,7.11
fold2_room1_mix0853,81,5,0,75,4,12.67
fold2_room1_mix0853,82,4,0,114,-6,10.70
fold2_room1_mix0853,82,4,0,172,-4,7.53
fold2_room1_mix0853,82,5,0,75,4,12.46
fold2_room1_mix0853,83,4,0,147,-4,9.82
fold2_room1_mix0853,83,4,0,171,-3,7.92
fold2_room1_mix0853,83,5,0,75,4,12.22
fold2_room1_mix0853,84,4,0,167,-3,8.57
fold2_room1_mix0853,84,5,0,75,4,11.99
fold2_room1_mix0853,85,4,0,168,-3,8.73
fold2_room1_mix0853,85,5,0,74,4,12.04
fold2_room1_mix0853,86,4,0,169,-3,8.97
fold2_room1_mix0853,86,5,0,74,4,12.24
fold2_room1_mix0853,87,4,0,170,-3,9.22
fold2_room1_mix0853,87,5,0,73,4,12.45
fold2_room1_mix0853,88,4,0,171,-3,9.18
fold2_room1_mix0853,88,5,0,72,4,12.58
fold2_room1_mix0853,89,4,0,172,-3,8.84
fold2_room1_mix0853,89,5,0,72,4,12.65
fold2_room1_mix0853,90,4,0,172,-2,8.51
fold2_room1_mix0853,90,5,0,72,4,12.71
fold2_room1_mix0853,91,4,0,171,-2,7.45
fold2_room1_mix0853,91,5,0,72,4,12.72
fold2_room1_mix0853,92,4,0,171,-3,5.31
fold2_room1_mix0853,92,5,0,71,4,12.58
fold2_room1_mix0853,93,4,0,171,-3,3.69
fold2_room1_mix0853,93,5,0,70,4,12.44
fold2_room1_mix0853,94,4,0,171,-3,2.27
fold2_room1_mix0853,94,5,0,70,4,12.40
fold2_room1_mix0853,95,5,0,69,4,12.73
fold2_room1_mix0853,96,5,0,69,4,13.12
fold2_room1_mix0853,97,5,0,69,4,13.42
fold2_room1_mix0853,98,5,0,69,4,12.90
fold2_room1_mix0853,99,5,0,68,4,12.20
fold2_room1_mix0858,25,1,0,-22,-1,5.03
fold2_room1_mix0858,26,1,0,-24,-2,10.70
fold2_room1_mix0858,27,1,0,-27,-2,16.04
fold2_room1_mix0858,28,1,0,-31,-2,12.73
fold2_room1_mix0858,29,1,0,-36,-2,9.87
fold2_room1_mix0858,30,1,0,-43,-2,7.97
fold2_room1_mix0858,31,1,0,-48,-2,7.78
fold2_room1_mix0858,32,1,0,-52,-3,7.75
fold2_room1_mix0858,33,1,0,-55,-3,7.43
fold2_room1_mix0858,34,1,0,-58,-3,4.88
fold2_room1_mix0858,35,1,0,-61,-2,2.79
fold2_room1_mix0858,36,1,0,-63,-3,1.45
fold2_room1_mix0863,0,2,0,-140,0,5.55
fold2_room1_mix0863,1,2,0,-140,0,5.67
fold2_room1_mix0863,2,2,0,-136,-1,7.06
fold2_room1_mix0863,3,2,0,-133,-1,9.14
fold2_room1_mix0863,4,2,0,-131,-1,11.45
fold2_room1_mix0863,5,2,0,-130,-1,5.70
fold2_room1_mix0863,27,4,0,179,0,13.89
fold2_room1_mix0863,30,4,0,-1,-1,3.99
fold2_room1_mix0863,31,2,0,-104,-1,5.38
fold2_room1_mix0863,31,4,0,-1,-1,5.79
fold2_room1_mix0863,31,4,0,177,0,6.41
fold2_room1_mix0863,32,2,0,-105,-1,13.85
fold2_room1_mix0863,32,4,0,0,-1,8.83
fold2_room1_mix0863,32,4,0,178,0,9.75
fold2_room1_mix0863,33,2,0,-106,-2,28.95
fold2_room1_mix0863,33,4,0,0,-1,12.96
fold2_room1_mix0863,33,4,0,177,0,14.26
fold2_room1_mix0863,34,2,0,-104,-1,14.99
fold2_room1_mix0863,34,4,0,-1,-1,15.47
fold2_room1_mix0863,34,4,0,177,0,16.61
fold2_room1_mix0863,35,2,0,-101,-1,5.18
fold2_room1_mix0863,35,4,0,-2,-1,17.58
fold2_room1_mix0863,35,4,0,176,0,18.33
fold2_room1_mix0863,36,4,0,-2,-1,19.86
fold2_room1_mix0863,36,4,0,176,0,20.13
fold2_room1_mix0863,37,4,0,-2,-1,19.07
fold2_room1_mix0863,37,4,0,177,0,19.07
fold2_room1_mix0863,38,4,0,-1,-1,16.90
fold2_room1_mix0863,38,4,0,178,-1,16.81
fold2_room1_mix0863,39,4,0,-1,-1,14.87
fold2_room1_mix0863,40,2,0,-98,-1,1.39
fold2_room1_mix0863,40,4,0,-1,-1,13.96
fold2_room1_mix0863,41,2,0,-98,-1,5.15
fold2_room1_mix0863,41,4,0,0,-1,13.30
fold2_room1_mix0863,42,2,0,-102,-2,14.81
fold2_room1_mix0863,42,4,0,0,-1,12.80
fold2_room1_mix0863,42,4,0,176,-1,14.58
fold2_room1_mix0863,43,2,0,-102,-2,23.33
fold2_room1_mix0863,43,4,0,0,-1,12.10
fold2_room1_mix0863,43,4,0,175,-1,14.30
fold2_room1_mix0863,44,2,0,-97,-2,11.98
fold2_room1_mix0863,44,4,0,-1,-1,11.03
fold2_room1_mix0863,44,4,0,174,-1,13.20
fold2_room1_mix0863,45,2,0,-92,-2,5.71
fold2_room1_mix0863,45,4,0,-3,-2,10.30
fold2_room1_mix0863,45,4,0,174,-2,13.06
fold2_room1_mix0863,46,4,0,-6,-2,8.96
fold2_room1_mix0863,46,4,0,173,-2,12.96
fold2_room1_mix0863,47,4,0,-6,-2,7.94
fold2_room1_mix0863,47,4,0,173,-2,12.99
fold2_room1_mix0863,48,4,0,-6,-3,7.03
fold2_room1_mix0863,48,4,0,173,-1,13.04
fold2_room1_mix0863,49,4,0,-6,-3,6.25
fold2_room1_mix0863,49,4,0,173,-1,13.08
fold2_room1_mix0863,50,2,0,-90,-1,0.67
fold2_room1_mix0863,50,4,0,-6,-3,5.85
fold2_room1_mix0863,50,4,0,172,-1,12.97
fold2_room1_mix0863,51,2,0,-90,-2,3.95
fold2_room1_mix0863,51,4,0,-6,-3,5.54
fold2_room1_mix0863,51,4,0,171,-1,12.82
fold2_room1_mix0863,52,2,0,-90,-3,13.21
fold2_room1_mix0863,52,4,0,-6,-4,5.24
fold2_room1_mix0863,52,4,0,170,-2,12.67
fold2_room1_mix0863,53,2,0,-88,-3,14.73
fold2_room1_mix0863,53,4,0,-7,-4,4.63
fold2_room1_mix0863,53,4,0,170,-2,12.16
fold2_room1_mix0863,54,2,0,-84,-3,9.96
fold2_room1_mix0863,54,4,0,-9,-4,3.96
fold2_room1_mix0863,54,4,0,169,-2,11.51
fold2_room1_mix0863,55,2,0,-78,-3,6.64
fold2_room1_mix0863,55,4,0,-10,-5,3.36
fold2_room1_mix0863,55,4,0,169,-1,10.90
fold2_room1_mix0863,56,2,0,-74,-3,3.35
fold2_room1_mix0863,56,4,0,-12,-6,2.81
fold2_room1_mix0863,56,4,0,169,-2,10.03
fold2_room1_mix0863,57,4,0,-14,-9,2.32
fold2_room1_mix0863,57,4,0,170,-2,8.96
fold2_room1_mix0863,58,4,0,-16,-12,1.91
fold2_room1_mix0863,58,4,0,171,-3,8.00
fold2_room1_mix0863,59,4,0,-19,-14,1.79
fold2_room1_mix0863,59,4,0,170,-4,7.31
fold2_room1_mix0863,60,2,0,-84,-2,0.99
fold2_room1_mix0863,60,4,0,-49,-23,0.73
fold2_room1_mix0863,60,4,0,168,-3,7.05
fold2_room1_mix0863,61,2,0,-82,-2,4.35
fold2_room1_mix0863,61,4,0,-101,-27,0.50
fold2_room1_mix0863,61,4,0,169,-4,6.34
fold2_room1_mix0863,62,2,0,-79,-2,10.97
fold2_room1_mix0863,62,4,0,-130,-21,0.44
fold2_room1_mix0863,62,4,0,165,-2,7.11
fold2_room1_mix0863,63,2,0,-75,-2,11.55
fold2_room1_mix0863,63,4,0,-139,-15,1.04
fold2_room1_mix0863,63,4,0,164,-2,6.26
fold2_room1_mix0863,64,2,0,-70,-2,11.13
fold2_room1_mix0863,64,4,0,-146,-9,2.03
fold2_room1_mix0863,64,4,0,163,-2,5.35
fold2_room1_mix0863,65,2,0,-66,-2,9.82
fold2_room1_mix0863,65,4,0,-155,-4,3.32
fold2_room1_mix0863,65,4,0,162,-2,4.58
fold2_room1_mix0863,66,2,0,-68,-2,3.63
fold2_room1_mix0863,66,4,0,-175,-4,3.37
fold2_room1_mix0863,66,4,0,162,-3,4.16
fold2_room1_mix0863,67,4,0,155,-5,3.01
fold2_room1_mix0863,67,4,0,178,-3,4.83
fold2_room1_mix0863,68,4,0,144,-6,2.52
fold2_room1_mix0863,68,4,0,-170,-3,5.14
fold2_room1_mix0863,69,4,0,135,-7,2.30
fold2_room1_mix0863,69,4,0,-167,-3,5.45
fold2_room1_mix0863,70,4,0,121,-9,2.25
fold2_room1_mix0863,70,4,0,-166,-2,5.76
fold2_room1_mix0863,71,2,0,-65,-2,3.27
fold2_room1_mix0863,71,4,0,84,-12,1.28
fold2_room1_mix0863,71,4,0,111,-6,3.23
fold2_room1_mix0863,71,4,0,-165,-2,6.08
fold2_room1_mix0863,72,2,0,-62,-2,6.50
fold2_room1_mix0863,72,4,0,60,-11,1.25
fold2_room1_mix0863,72,4,0,134,-4,4.05
fold2_room1_mix0863,72,4,0,-165,-2,6.74
fold2_room1_mix0863,73,2,0,-58,-2,8.96
fold2_room1_mix0863,73,4,0,47,-9,1.62
fold2_room1_mix0863,73,4,0,157,-2,5.41
fold2_room1_mix0863,73,4,0,-165,-1,7.83
fold2_room1_mix0863,74,2,0,-55,-2,12.22
fold2_room1_mix0863,74,4,0,37,-7,2.05
fold2_room1_mix0863,74,4,0,176,-1,7.13
fold2_room1_mix0863,74,4,0,-165,0,9.07
fold2_room1_mix0863,75,2,0,-54,-2,10.78
fold2_room1_mix0863,75,4,0,29,-7,2.54
fold2_room1_mix0863,75,4,0,-167,0,9.38
fold2_room1_mix0863,76,2,0,-57,-2,3.61
fold2_room1_mix0863,76,4,0,26,-6,3.05
fold2_room1_mix0863,76,4,0,-168,0,9.73
fold2_room1_mix0863,77,4,0,22,-5,3.63
fold2_room1_mix0863,77,4,0,-169,-1,10.07
fold2_room1_mix0863,78,4,0,19,-4,4.24
fold2_room1_mix0863,78,4,0,-170,-1,10.46
fold2_room1_mix0863,79,4,0,17,-3,4.64
fold2_room1_mix0863,79,4,0,-170,-1,10.97
fold2_room1_mix0863,80,4,0,16,-3,5.03
fold2_room1_mix0863,80,4,0,-171,-1,11.51
fold2_room1_mix0863,81,4,0,15,-3,5.47
fold2_room1_mix0863,81,4,0,-172,-1,12.09
fold2_room1_mix0863,82,4,0,14,-3,6.03
fold2_room1_mix0863,82,4,0,-172,-1,12.83
fold2_room1_mix0863,83,4,0,13,-3,6.66
fold2_room1_mix0863,83,4,0,-173,-1,13.64
fold2_room1_mix0863,84,4,0,12,-2,7.35
fold2_room1_mix0863,84,4,0,-174,-1,14.47
fold2_room1_mix0863,85,4,0,11,-2,7.96
fold2_room1_mix0863,85,4,0,-175,-1,14.41
fold2_room1_mix0863,86,4,0,10,-2,8.56
fold2_room1_mix0863,86,4,0,-176,-1,13.94
fold2_room1_mix0863,87,4,0,6,-1,10.54
fold2_room1_mix0863,87,4,0,-175,-1,15.16
fold2_room1_mix0863,88,4,0,6,-1,10.64
fold2_room1_mix0863,88,4,0,-176,-1,15.21
fold2_room1_mix0863,89,4,0,6,-1,11.06
fold2_room1_mix0863,89,4,0,-178,-1,15.05
fold2_room1_mix0863,90,4,0,6,0,11.51
fold2_room1_mix0863,90,4,0,-179,-1,14.90
fold2_room1_mix0863,91,4,0,6,0,11.98
fold2_room1_mix0863,91,4,0,177,-1,14.55
fold2_room1_mix0863,92,2,0,-30,0,2.94
fold2_room1_mix0863,92,4,0,5,0,12.47
fold2_room1_mix0863,93,2,0,-32,0,13.62
fold2_room1_mix0863,93,4,0,4,-1,13.03
fold2_room1_mix0863,94,2,0,-35,0,32.75
fold2_room1_mix0863,94,4,0,4,-1,13.38
fold2_room1_mix0863,95,2,0,-32,0,10.08
fold2_room1_mix0863,95,4,0,3,-1,14.70
fold2_room1_mix0863,96,4,0,2,-1,16.27
fold2_room1_mix0863,97,4,0,2,-1,17.14
fold2_room1_mix0863,98,4,0,1,0,11.49
fold2_room1_mix0863,99,4,0,1,0,6.76
fold2_room1_mix0872,0,5,0,-57,5,9.53
fold2_room1_mix0872,1,5,0,-57,5,9.53
fold2_room1_mix0872,2,5,0,-58,5,9.49
fold2_room1_mix0872,3,5,0,-58,5,9.45
fold2_room1_mix0872,4,5,0,-59,5,9.41
fold2_room1_mix0872,5,5,0,-60,5,9.33
fold2_room1_mix0872,6,5,0,-61,5,9.21
fold2_room1_mix0872,7,5,0,-62,6,9.10
fold2_room1_mix0872,8,5,0,-63,6,9.04
fold2_room1_mix0872,9,5,0,-63,6,9.02
fold2_room1_mix0872,10,5,0,-63,6,9.00
fold2_room1_mix0872,11,5,0,-63,6,8.94
fold2_room1_mix0872,12,5,0,-64,6,8.83
fold2_room1_mix0872,13,5,0,-65,6,8.71
fold2_room1_mix0872,14,5,0,-66,6,8.61
fold2_room1_mix0872,15,5,0,-67,6,8.57
fold2_room1_mix0872,16,5,0,-67,6,8.54
fold2_room1_mix0872,17,5,0,-67,6,8.51
fold2_room1_mix0872,18,5,0,-67,7,8.48
fold2_room1_mix0872,19,5,0,-68,7,8.45
fold2_room1_mix0872,20,5,0,-68,7,8.42
fold2_room1_mix0872,21,5,0,-68,7,8.39
fold2_room1_mix0872,22,5,0,-69,7,8.37
fold2_room1_mix0872,23,5,0,-70,7,8.34
fold2_room1_mix0872,24,5,0,-70,7,8.26
fold2_room1_mix0872,25,5,0,-71,7,8.14
fold2_room1_mix0872,26,5,0,-72,7,8.01
fold2_room1_mix0872,27,4,0,-176,-1,3.80
fold2_room1_mix0872,27,5,0,-73,7,7.91
fold2_room1_mix0872,28,4,0,-174,-1,7.41
fold2_room1_mix0872,28,5,0,-74,8,7.87
fold2_room1_mix0872,29,4,0,-171,-2,13.77
fold2_room1_mix0872,29,5,0,-75,8,7.83
fold2_room1_mix0872,30,4,0,-169,-2,21.72
fold2_room1_mix0872,30,5,0,-76,8,7.80
fold2_room1_mix0872,31,4,0,-169,-2,19.26
fold2_room1_mix0872,31,5,0,-77,8,7.80
fold2_room1_mix0872,32,4,0,-169,-2,16.03
fold2_room1_mix0872,32,5,0,-78,8,7.80
fold2_room1_mix0872,33,4,0,-170,-2,13.50
fold2_room1_mix0872,33,5,0,-79,8,7.80
fold2_room1_mix0872,34,4,0,-169,-2,12.81
fold2_room1_mix0872,34,5,0,-79,8,7.80
fold2_room1_mix0872,35,4,0,-168,-3,12.52
fold2_room1_mix0872,35,5,0,-79,8,7.80
fold2_room1_mix0872,36,4,0,-167,-3,12.23
fold2_room1_mix0872,36,5,0,-80,8,7.81
fold2_room1_mix0872,37,4,0,-166,-3,11.62
fold2_room1_mix0872,37,5,0,-80,8,7.84
fold2_room1_mix0872,38,4,0,-166,-3,10.90
fold2_room1_mix0872,38,5,0,-80,8,7.89
fold2_room1_mix0872,39,4,0,-165,-3,10.22
fold2_room1_mix0872,39,5,0,-80,8,7.94
fold2_room1_mix0872,40,4,0,-164,-4,9.52
fold2_room1_mix0872,40,5,0,-81,8,7.95
fold2_room1_mix0872,41,4,0,-163,-4,8.82
fold2_room1_mix0872,41,5,0,-81,8,7.91
fold2_room1_mix0872,42,4,0,-161,-5,8.17
fold2_room1_mix0872,42,5,0,-82,8,7.87
fold2_room1_mix0872,43,4,0,-159,-5,7.56
fold2_room1_mix0872,43,5,0,-82,8,7.82
fold2_room1_mix0872,44,4,0,-158,-6,7.01
fold2_room1_mix0872,44,5,0,-82,9,7.74
fold2_room1_mix0872,45,4,0,-156,-6,6.49
fold2_room1_mix0872,45,5,0,-81,9,7.67
fold2_room1_mix0872,46,4,0,-154,-7,5.97
fold2_room1_mix0872,46,5,0,-81,9,7.64
fold2_room1_mix0872,47,4,0,-150,-8,5.33
fold2_room1_mix0872,47,5,0,-82,9,7.82
fold2_room1_mix0872,48,4,0,-146,-8,4.74
fold2_room1_mix0872,48,5,0,-84,9,8.02
fold2_room1_mix0872,49,4,0,-141,-9,4.23
fold2_room1_mix0872,49,5,0,-85,9,8.20
fold2_room1_mix0872,50,4,0,-133,-11,4.02
fold2_room1_mix0872,50,5,0,-87,9,8.10
fold2_room1_mix0872,51,4,0,-124,-12,3.95
fold2_room1_mix0872,51,5,0,-88,9,7.94
fold2_room1_mix0872,52,4,0,-110,-17,2.23
fold2_room1_mix0872,52,4,0,-122,-8,7.48
fold2_room1_mix0872,52,5,0,-90,9,7.79
fold2_room1_mix0872,53,4,0,-94,-19,2.22
fold2_room1_mix0872,53,4,0,-117,-8,8.14
fold2_room1_mix0872,53,5,0,-91,9,7.63
fold2_room1_mix0872,54,4,0,-75,-18,2.41
fold2_room1_mix0872,54,4,0,-111,-7,8.61
fold2_room1_mix0872,54,5,0,-91,9,7.48
fold2_room1_mix0872,55,4,0,-58,-16,2.61
fold2_room1_mix0872,55,4,0,-104,-7,9.11
fold2_room1_mix0872,55,5,0,-91,9,7.33
fold2_room1_mix0872,56,4,0,-45,-13,2.94
fold2_room1_mix0872,56,4,0,-102,-6,9.68
fold2_room1_mix0872,56,5,0,-91,9,7.24
fold2_room1_mix0872,57,4,0,-37,-11,3.41
fold2_room1_mix0872,57,4,0,-104,-6,10.33
fold2_room1_mix0872,57,5,0,-92,9,7.22
fold2_room1_mix0872,58,4,0,-29,-9,3.94
fold2_room1_mix0872,58,4,0,-107,-5,11.03
fold2_room1_mix0872,58,5,0,-92,9,7.20
fold2_room1_mix0872,59,4,0,-23,-7,4.50
fold2_room1_mix0872,59,4,0,-106,-4,11.37
fold2_room1_mix0872,59,5,0,-93,9,7.23
fold2_room1_mix0872,60,4,0,-21,-7,5.03
fold2_room1_mix0872,60,4,0,-98,-5,10.90
fold2_room1_mix0872,60,5,0,-95,9,7.37
fold2_room1_mix0872,61,4,0,-19,-6,5.61
fold2_room1_mix0872,61,4,0,-89,-5,10.42
fold2_room1_mix0872,61,5,0,-96,9,7.51
fold2_room1_mix0872,62,4,0,-17,-5,6.29
fold2_room1_mix0872,62,4,0,-80,-5,9.96
fold2_room1_mix0872,62,5,0,-98,9,7.64
fold2_room1_mix0872,63,4,0,-15,-5,7.19
fold2_room1_mix0872,63,4,0,-72,-5,9.52
fold2_room1_mix0872,63,5,0,-98,9,7.72
fold2_room1_mix0872,64,4,0,-13,-4,8.24
fold2_room1_mix0872,64,4,0,-66,-5,9.11
fold2_room1_mix0872,64,5,0,-98,9,7.79
fold2_room1_mix0872,65,4,0,-11,-4,9.36
fold2_room1_mix0872,65,4,0,-60,-5,8.78
fold2_room1_mix0872,65,5,0,-99,8,7.86
fold2_room1_mix0872,66,4,0,-10,-4,10.15
fold2_room1_mix0872,66,4,0,-56,-4,9.16
fold2_room1_mix0872,66,5,0,-100,8,7.83
fold2_room1_mix0872,67,4,0,-9,-3,10.86
fold2_room1_mix0872,67,4,0,-53,-4,9.74
fold2_room1_mix0872,67,5,0,-100,8,7.78
fold2_room1_mix0872,68,4,0,-8,-3,11.62
fold2_room1_mix0872,68,4,0,-50,-3,10.34
fold2_room1_mix0872,68,5,0,-101,8,7.74
fold2_room1_mix0872,69,4,0,-8,-3,12.17
fold2_room1_mix0872,69,4,0,-50,-3,10.50
fold2_room1_mix0872,69,5,0,-101,8,7.73
fold2_room1_mix0872,70,4,0,-7,-3,12.61
fold2_room1_mix0872,70,4,0,-51,-3,10.45
fold2_room1_mix0872,70,5,0,-102,8,7.74
fold2_room1_mix0872,71,4,0,-6,-3,13.07
fold2_room1_mix0872,71,4,0,-52,-3,10.40
fold2_room1_mix0872,71,5,0,-102,8,7.74
fold2_room1_mix0872,72,4,0,-6,-3,13.98
fold2_room1_mix0872,72,4,0,-50,-4,10.70
fold2_room1_mix0872,72,5,0,-103,8,7.82
fold2_room1_mix0872,73,4,0,-7,-2,15.41
fold2_room1_mix0872,73,4,0,-44,-4,11.38
fold2_room1_mix0872,73,5,0,-104,8,7.96
fold2_room1_mix0872,74,4,0,-16,-3,15.27
fold2_room1_mix0872,74,4,0,0,-2,18.71
fold2_room1_mix0872,74,4,0,-40,-4,12.11
fold2_room1_mix0872,74,5,0,-105,8,8.10
fold2_room1_mix0872,75,4,0,-18,-2,14.66
fold2_room1_mix0872,75,4,0,0,-2,17.96
fold2_room1_mix0872,75,4,0,-36,-4,11.64
fold2_room1_mix0872,75,5,0,-107,8,8.19
fold2_room1_mix0872,76,4,0,-11,-2,11.74
fold2_room1_mix0872,76,4,0,-34,-3,9.07
fold2_room1_mix0872,76,5,0,-108,7,8.18
fold2_room1_mix0872,77,4,0,-21,-2,7.86
fold2_room1_mix0872,77,5,0,-109,7,8.16
fold2_room1_mix0872,78,4,0,-27,-3,5.71
fold2_room1_mix0872,78,5,0,-110,7,8.16
fold2_room1_mix0872,79,5,0,-110,7,8.24
fold2_room1_mix0872,80,5,0,-110,7,8.32
fold2_room1_mix0872,81,5,0,-110,7,8.40
fold2_room1_mix0872,82,5,0,-110,7,8.38
fold2_room1_mix0872,83,5,0,-110,6,8.34
fold2_room1_mix0872,84,5,0,-110,6,8.31
fold2_room1_mix0872,85,5,0,-111,6,8.33
fold2_room1_mix0872,86,5,0,-111,6,8.38
fold2_room1_mix0872,87,5,0,-112,6,8.43
fold2_room1_mix0872,88,5,0,-112,6,8.47
fold2_room1_mix0872,89,5,0,-112,6,8.51
fold2_room1_mix0872,90,5,0,-112,6,8.54
fold2_room1_mix0872,91,5,0,-112,6,8.57
fold2_room1_mix0872,92,5,0,-112,6,8.58
fold2_room1_mix0872,93,5,0,-112,6,8.59
fold2_room1_mix0872,94,5,0,-112,6,8.60
fold2_room1_mix0872,95,5,0,-112,6,8.62
fold2_room1_mix0872,96,5,0,-113,6,8.65
fold2_room1_mix0872,97,5,0,-113,5,8.68
fold2_room1_mix0872,98,5,0,-113,5,8.73
fold2_room1_mix0872,99,5,0,-114,5,8.78
fold2_room1_mix0899,6,4,0,174,-1,3.40
fold2_room1_mix0899,7,4,0,174,-1,7.01
fold2_room1_mix0899,8,4,0,174,-1,10.13
fold2_room1_mix0899,9,4,0,174,-1,10.82
fold2_room1_mix0899,10,4,0,174,-1,11.55
fold2_room1_mix0899,11,4,0,174,-1,12.00
fold2_room1_mix0899,12,4,0,174,-1,11.77
fold2_room1_mix0899,13,4,0,174,-1,11.53
fold2_room1_mix0899,14,4,0,174,-2,11.29
fold2_room1_mix0899,15,4,0,174,-2,11.04
fold2_room1_mix0899,16,4,0,175,-2,10.79
fold2_room1_mix0899,17,4,0,175,-2,10.55
fold2_room1_mix0899,18,4,0,175,-2,10.27
fold2_room1_mix0899,19,4,0,175,-2,10.00
fold2_room1_mix0899,20,4,0,175,-2,9.73
fold2_room1_mix0899,21,4,0,175,-2,9.40
fold2_room1_mix0899,22,4,0,174,-2,9.07
fold2_room1_mix0899,23,4,0,174,-2,8.74
fold2_room1_mix0899,24,4,0,174,-2,8.64
fold2_room1_mix0899,25,4,0,161,-2,8.49
fold2_room1_mix0899,25,4,0,-179,-2,8.92
fold2_room1_mix0899,26,4,0,159,-2,8.54
fold2_room1_mix0899,26,4,0,-178,-2,9.10
fold2_room1_mix0899,27,4,0,157,-2,8.38
fold2_room1_mix0899,27,4,0,-178,-2,9.12
fold2_room1_mix0899,28,4,0,156,-2,7.79
fold2_room1_mix0899,28,4,0,-178,-3,8.82
fold2_room1_mix0899,29,4,0,155,-2,7.23
fold2_room1_mix0899,29,4,0,-178,-3,8.52
fold2_room1_mix0899,30,4,0,154,-3,6.73
fold2_room1_mix0899,30,4,0,-177,-3,8.26
fold2_room1_mix0899,31,4,0,151,-3,6.33
fold2_room1_mix0899,31,4,0,-177,-3,8.16
fold2_room1_mix0899,32,4,0,148,-3,5.95
fold2_room1_mix0899,32,4,0,-176,-3,8.06
fold2_room1_mix0899,33,4,0,145,-3,5.61
fold2_room1_mix0899,33,4,0,-176,-3,7.94
fold2_room1_mix0899,34,4,0,141,-4,5.34
fold2_room1_mix0899,34,4,0,-176,-3,7.57
fold2_room1_mix0899,35,4,0,137,-4,5.10
fold2_room1_mix0899,35,4,0,-175,-3,7.14
fold2_room1_mix0899,36,4,0,134,-4,4.86
fold2_room1_mix0899,36,4,0,-175,-3,6.74
fold2_room1_mix0899,37,4,0,129,-4,4.63
fold2_room1_mix0899,37,4,0,-175,-4,6.27
fold2_room1_mix0899,38,4,0,123,-5,4.39
fold2_room1_mix0899,38,4,0,-174,-4,5.80
fold2_room1_mix0899,39,4,0,117,-5,4.17
fold2_room1_mix0899,39,4,0,-173,-5,5.35
fold2_room1_mix0899,40,4,0,112,-6,3.98
fold2_room1_mix0899,40,4,0,-172,-5,4.91
fold2_room1_mix0899,41,4,0,105,-7,3.84
fold2_room1_mix0899,41,4,0,-171,-6,4.47
fold2_room1_mix0899,42,4,0,99,-7,3.70
fold2_room1_mix0899,42,4,0,-170,-7,4.07
fold2_room1_mix0899,43,4,0,89,-8,3.71
fold2_room1_mix0899,43,4,0,-169,-7,3.66
fold2_room1_mix0899,44,4,0,75,-7,4.01
fold2_room1_mix0899,44,4,0,-167,-9,3.23
fold2_room1_mix0899,45,4,0,64,-6,4.34
fold2_room1_mix0899,45,4,0,-165,-10,2.83
fold2_room1_mix0899,46,4,0,56,-5,4.70
fold2_room1_mix0899,46,4,0,-162,-11,2.42
fold2_room1_mix0899,47,4,0,54,-6,5.12
fold2_room1_mix0899,47,4,0,-153,-16,1.86
fold2_room1_mix0899,48,4,0,52,-6,5.58
fold2_room1_mix0899,48,4,0,-143,-21,1.37
fold2_room1_mix0899,49,4,0,49,-7,6.10
fold2_room1_mix0899,49,4,0,-132,-26,1.01
fold2_room1_mix0899,50,4,0,44,-6,6.90
fold2_room1_mix0899,50,4,0,-105,-34,0.97
fold2_room1_mix0899,51,4,0,39,-4,7.85
fold2_room1_mix0899,51,4,0,-58,-32,1.00
fold2_room1_mix0899,52,4,0,35,-3,8.85
fold2_room1_mix0899,52,4,0,-36,-25,1.05
fold2_room1_mix0899,53,4,0,28,-3,7.66
fold2_room1_mix0899,53,4,0,-25,-21,1.70
fold2_room1_mix0899,54,4,0,19,-5,5.80
fold2_room1_mix0899,54,4,0,-21,-16,1.87
fold2_room1_mix0899,54,4,0,-2,-15,4.27
fold2_room1_mix0899,55,4,0,8,-6,4.34
fold2_room1_mix0899,55,4,0,12,-6,6.17
fold2_room1_mix0899,56,4,0,-4,-7,3.52
fold2_room1_mix0899,56,4,0,24,-2,10.75
fold2_room1_mix0899,57,4,0,-3,-7,3.86
fold2_room1_mix0899,57,4,0,22,-2,10.70
fold2_room1_mix0899,58,4,0,-2,-6,4.23
fold2_room1_mix0899,58,4,0,20,-3,10.64
fold2_room1_mix0899,59,4,0,4,-5,6.73
fold2_room1_mix0899,60,4,0,-2,-5,5.24
fold2_room1_mix0899,60,4,0,17,-3,11.64
fold2_room1_mix0899,61,4,0,-3,-5,5.88
fold2_room1_mix0899,61,4,0,16,-3,12.49
fold2_room1_mix0899,62,4,0,-3,-4,6.53
fold2_room1_mix0899,62,4,0,15,-2,13.28
fold2_room1_mix0899,63,4,0,-3,-4,7.08
fold2_room1_mix0899,63,4,0,14,-2,13.60
fold2_room1_mix0899,64,4,0,-3,-4,7.64
fold2_room1_mix0899,64,4,0,14,-2,13.87
fold2_room1_mix0899,65,4,0,-3,-3,8.24
fold2_room1_mix0899,65,4,0,13,-2,14.11
fold2_room1_mix0899,66,4,0,-3,-3,8.89
fold2_room1_mix0899,66,4,0,12,-2,14.13
fold2_room1_mix0899,67,4,0,1,-3,11.08
fold2_room1_mix0899,68,4,0,1,-2,11.55
fold2_room1_mix0899,69,4,0,0,-2,11.87
fold2_room1_mix0899,70,4,0,0,-2,12.10
fold2_room1_mix0899,71,4,0,0,-2,12.35
fold2_room1_mix0899,72,4,0,0,-2,12.89
fold2_room1_mix0899,73,4,0,0,-2,13.74
fold2_room1_mix0899,74,4,0,0,-2,14.66
fold2_room1_mix0899,75,4,0,0,-2,14.46
fold2_room1_mix0899,76,4,0,0,-2,12.13
fold2_room1_mix0899,77,4,0,0,-2,10.11
fold2_room1_mix0899,78,4,0,0,-2,8.72
fold2_room1_mix0899,79,4,0,0,-2,8.81
fold2_room1_mix0899,80,4,0,0,-2,9.04
fold2_room1_mix0899,81,4,0,0,-3,9.26
fold2_room1_mix0899,82,4,0,0,-3,9.24
fold2_room1_mix0899,83,4,0,0,-2,9.16
fold2_room1_mix0899,84,4,0,0,-3,8.93
fold2_room1_mix0899,85,4,0,0,-2,4.76
fold2_room1_mix0909,30,4,0,175,-1,5.58
fold2_room1_mix0909,31,4,0,175,-1,8.90
fold2_room1_mix0909,32,4,0,173,-1,13.48
fold2_room1_mix0909,33,4,0,171,-2,19.30
fold2_room1_mix0909,34,4,0,171,-2,18.38
fold2_room1_mix0909,35,4,0,172,-2,15.85
fold2_room1_mix0909,36,4,0,172,-2,13.68
fold2_room1_mix0909,37,4,0,171,-2,12.75
fold2_room1_mix0909,38,4,0,170,-2,12.34
fold2_room1_mix0909,39,4,0,169,-2,11.94
fold2_room1_mix0909,40,4,0,169,-2,11.42
fold2_room1_mix0909,41,4,0,168,-2,10.79
fold2_room1_mix0909,42,4,0,168,-2,10.19
fold2_room1_mix0909,43,4,0,167,-3,9.61
fold2_room1_mix0909,44,4,0,167,-3,9.06
fold2_room1_mix0909,45,4,0,166,-3,8.53
fold2_room1_mix0909,46,4,0,165,-4,8.10
fold2_room1_mix0909,48,4,0,-5,-4,11.84
fold2_room1_mix0909,48,4,0,160,-4,6.10
fold2_room1_mix0909,49,4,0,-10,-2,13.27
fold2_room1_mix0909,49,4,0,158,-5,5.49
fold2_room1_mix0909,50,4,0,-12,-2,13.26
fold2_room1_mix0909,50,4,0,154,-5,4.96
fold2_room1_mix0909,51,4,0,-14,-2,12.89
fold2_room1_mix0909,51,4,0,151,-6,4.49
fold2_room1_mix0909,52,4,0,-15,-2,12.51
fold2_room1_mix0909,52,4,0,148,-7,4.06
fold2_room1_mix0909,53,4,0,-17,-2,11.53
fold2_room1_mix0909,53,4,0,143,-8,3.62
fold2_room1_mix0909,54,4,0,-18,-2,10.36
fold2_room1_mix0909,54,4,0,137,-9,3.21
fold2_room1_mix0909,55,4,0,-19,-2,9.30
fold2_room1_mix0909,55,4,0,131,-10,2.83
fold2_room1_mix0909,56,4,0,-23,-3,8.40
fold2_room1_mix0909,56,4,0,122,-11,2.60
fold2_room1_mix0909,57,4,0,-29,-3,7.62
fold2_room1_mix0909,57,4,0,110,-12,2.49
fold2_room1_mix0909,58,4,0,-34,-3,6.91
fold2_room1_mix0909,58,4,0,96,-13,2.39
fold2_room1_mix0909,59,4,0,-34,-4,6.32
fold2_room1_mix0909,59,4,0,80,-12,2.39
fold2_room1_mix0909,60,4,0,-19,-5,5.89
fold2_room1_mix0909,60,4,0,63,-12,2.60
fold2_room1_mix0909,61,4,0,5,-6,5.50
fold2_room1_mix0909,61,4,0,54,-10,2.54
fold2_room1_mix0909,61,4,0,-20,-15,3.12
fold2_room1_mix0909,62,4,0,23,-5,5.26
fold2_room1_mix0909,62,4,0,46,-8,2.66
fold2_room1_mix0909,62,4,0,-51,-7,3.44
fold2_room1_mix0909,63,4,0,23,-5,5.57
fold2_room1_mix0909,63,4,0,40,-7,3.06
fold2_room1_mix0909,63,4,0,-65,-9,3.28
fold2_room1_mix0909,64,4,0,28,-5,4.75
fold2_room1_mix0909,64,4,0,-84,-10,3.07
fold2_room1_mix0909,65,4,0,24,-5,5.24
fold2_room1_mix0909,65,4,0,-103,-11,2.92
fold2_room1_mix0909,66,4,0,22,-4,5.92
fold2_room1_mix0909,66,4,0,-115,-9,3.21
fold2_room1_mix0909,67,4,0,19,-3,6.72
fold2_room1_mix0909,67,4,0,-125,-7,3.64
fold2_room1_mix0909,68,4,0,17,-3,7.61
fold2_room1_mix0909,68,4,0,-134,-5,4.11
fold2_room1_mix0909,69,4,0,16,-3,8.27
fold2_room1_mix0909,69,4,0,-141,-5,4.59
fold2_room1_mix0909,70,4,0,15,-3,8.82
fold2_room1_mix0909,70,4,0,-146,-4,5.11
fold2_room1_mix0909,71,4,0,14,-2,9.40
fold2_room1_mix0909,71,4,0,-151,-3,5.68
fold2_room1_mix0909,72,4,0,13,-2,9.67
fold2_room1_mix0909,72,4,0,-155,-3,6.26
fold2_room1_mix0909,73,4,0,13,-2,9.60
fold2_room1_mix0909,73,4,0,-157,-3,6.85
fold2_room1_mix0909,74,4,0,13,-2,9.54
fold2_room1_mix0909,74,4,0,-159,-2,7.50
fold2_room1_mix0909,75,4,0,13,-2,9.39
fold2_room1_mix0909,75,4,0,-160,-2,8.29
fold2_room1_mix0909,76,4,0,13,-2,9.08
fold2_room1_mix0909,76,4,0,-161,-2,9.39
fold2_room1_mix0909,77,4,0,14,-2,8.77
fold2_room1_mix0909,77,4,0,-162,-2,10.63
fold2_room1_mix0909,78,4,0,14,-3,8.40
fold2_room1_mix0909,78,4,0,-163,-2,11.76
fold2_room1_mix0909,79,4,0,14,-3,7.79
fold2_room1_mix0909,79,4,0,-164,-2,11.93
fold2_room1_mix0909,80,4,0,15,-3,7.20
fold2_room1_mix0909,80,4,0,-165,-2,11.99
fold2_room1_mix0909,81,4,0,16,-3,6.55
fold2_room1_mix0909,81,4,0,-166,-3,11.86
fold2_room1_mix0909,82,4,0,19,-5,5.17
fold2_room1_mix0909,82,4,0,-167,-6,10.20
fold2_room1_mix0909,83,4,0,23,-6,3.91
fold2_room1_mix0909,84,4,0,27,-7,2.92
fold2_room1_mix0909,85,4,0,37,-10,2.30
fold2_room1_mix0909,86,4,0,60,-15,1.84
fold2_room1_mix0909,87,4,0,100,-18,1.45
fold2_room1_mix0909,87,4,0,154,-13,7.03
fold2_room1_mix0909,88,4,0,126,-15,1.51
fold2_room1_mix0909,88,4,0,160,-9,7.55
fold2_room1_mix0909,89,4,0,140,-12,2.05
fold2_room1_mix0909,89,4,0,168,-7,8.49
fold2_room1_mix0909,90,4,0,151,-9,2.71
fold2_room1_mix0909,90,4,0,174,-5,9.53
fold2_room1_mix0909,91,4,0,161,-7,3.43
fold2_room1_mix0909,91,4,0,178,-3,10.32
fold2_room1_mix0909,92,4,0,168,-5,6.17
fold2_room1_mix0909,93,4,0,170,-4,6.67
fold2_room1_mix0909,94,4,0,171,-4,7.17
fold2_room1_mix0909,95,4,0,171,-3,7.45
fold2_room1_mix0909,96,4,0,170,-3,7.73
fold2_room1_mix0909,97,4,0,170,-3,8.07
fold2_room1_mix0909,98,4,0,170,-3,8.50
fold2_room1_mix0909,99,4,0,171,-3,8.98
fold2_room1_mix0909,47,4,0,162,-4,6.78
fold2_room1_mix0916,1,4,0,2,0,8.39
fold2_room1_mix0916,2,4,0,3,0,14.10
fold2_room1_mix0916,3,4,0,4,0,26.65
fold2_room1_mix0916,4,4,0,6,0,48.87
fold2_room1_mix0916,5,4,0,6,0,50.83
fold2_room1_mix0916,6,4,0,5,0,40.24
fold2_room1_mix0916,7,4,0,4,0,31.82
fold2_room1_mix0916,8,4,0,4,0,28.27
fold2_room1_mix0916,9,3,0,159,0,3.63
fold2_room1_mix0916,9,4,0,5,0,28.25
fold2_room1_mix0916,10,3,0,153,-1,14.17
fold2_room1_mix0916,10,4,0,6,0,28.26
fold2_room1_mix0916,11,3,0,151,-1,26.17
fold2_room1_mix0916,11,4,0,6,0,28.19
fold2_room1_mix0916,12,3,0,154,-1,12.99
fold2_room1_mix0916,12,4,0,6,0,27.96
fold2_room1_mix0916,13,3,0,157,-1,5.93
fold2_room1_mix0916,13,4,0,5,0,27.73
fold2_room1_mix0916,14,4,0,4,-1,27.42
fold2_room1_mix0916,15,4,0,4,-1,26.79
fold2_room1_mix0916,16,4,0,5,-1,26.15
fold2_room1_mix0916,17,4,0,5,-1,25.50
fold2_room1_mix0916,18,4,0,5,-1,24.58
fold2_room1_mix0916,19,3,0,155,-1,3.21
fold2_room1_mix0916,19,4,0,5,0,23.62
fold2_room1_mix0916,20,3,0,151,-2,11.44
fold2_room1_mix0916,20,4,0,6,0,22.71
fold2_room1_mix0916,21,3,0,150,-2,14.43
fold2_room1_mix0916,21,4,0,0,-1,22.65
fold2_room1_mix0916,21,4,0,17,-1,21.49
fold2_room1_mix0916,22,3,0,151,-2,11.55
fold2_room1_mix0916,22,4,0,-1,-1,22.47
fold2_room1_mix0916,22,4,0,18,-1,21.16
fold2_room1_mix0916,23,3,0,151,-2,9.21
fold2_room1_mix0916,23,4,0,-2,-1,22.29
fold2_room1_mix0916,23,4,0,18,-1,20.84
fold2_room1_mix0916,24,3,0,147,-2,8.45
fold2_room1_mix0916,24,4,0,-2,-1,21.71
fold2_room1_mix0916,24,4,0,19,-2,20.28
fold2_room1_mix0916,25,3,0,141,-2,8.97
fold2_room1_mix0916,25,4,0,-1,-1,20.77
fold2_room1_mix0916,25,4,0,20,-1,19.49
fold2_room1_mix0916,26,3,0,136,-2,9.51
fold2_room1_mix0916,26,4,0,-1,-1,19.86
fold2_room1_mix0916,26,4,0,21,-1,18.74
fold2_room1_mix0916,27,3,0,134,-2,9.85
fold2_room1_mix0916,27,4,0,0,-1,19.28
fold2_room1_mix0916,27,4,0,21,-1,18.30
fold2_room1_mix0916,28,3,0,133,-3,9.75
fold2_room1_mix0916,28,4,0,0,0,19.28
fold2_room1_mix0916,28,4,0,20,-1,18.47
fold2_room1_mix0916,29,1,0,142,-2,4.97
fold2_room1_mix0916,29,3,0,132,-3,9.63
fold2_room1_mix0916,29,4,0,1,0,19.30
fold2_room1_mix0916,29,4,0,19,-1,18.66
fold2_room1_mix0916,30,1,0,141,-2,11.25
fold2_room1_mix0916,30,3,0,131,-3,8.49
fold2_room1_mix0916,30,4,0,8,-1,18.91
fold2_room1_mix0916,31,1,0,143,-2,12.12
fold2_room1_mix0916,31,3,0,129,-3,4.56
fold2_room1_mix0916,31,4,0,1,0,18.06
fold2_room1_mix0916,31,4,0,22,-2,16.90
fold2_room1_mix0916,32,1,0,144,-2,12.11
fold2_room1_mix0916,32,3,0,126,-3,2.11
fold2_room1_mix0916,32,4,0,0,-1,16.99
fold2_room1_mix0916,32,4,0,25,-2,15.31
fold2_room1_mix0916,33,1,0,145,-2,12.04
fold2_room1_mix0916,33,4,0,-1,-1,16.01
fold2_room1_mix0916,33,4,0,27,-2,13.92
fold2_room1_mix0916,34,1,0,140,-2,11.52
fold2_room1_mix0916,34,4,0,0,-1,15.33
fold2_room1_mix0916,34,4,0,28,-2,13.24
fold2_room1_mix0916,35,1,0,135,-2,10.91
fold2_room1_mix0916,35,4,0,10,-1,14.94
fold2_room1_mix0916,35,4,0,-4,-1,14.55
fold2_room1_mix0916,35,4,0,28,-2,12.72
fold2_room1_mix0916,36,1,0,129,-2,10.35
fold2_room1_mix0916,36,4,0,13,-1,14.54
fold2_room1_mix0916,36,4,0,21,-1,13.37
fold2_room1_mix0916,37,1,0,120,-2,10.18
fold2_room1_mix0916,37,4,0,12,-1,13.81
fold2_room1_mix0916,37,4,0,-4,0,13.09
fold2_room1_mix0916,37,4,0,32,-2,11.30
fold2_room1_mix0916,38,1,0,110,-3,10.19
fold2_room1_mix0916,38,4,0,2,-1,12.68
fold2_room1_mix0916,38,4,0,38,-2,10.26
fold2_room1_mix0916,39,1,0,98,-3,10.20
fold2_room1_mix0916,39,3,0,110,-3,4.90
fold2_room1_mix0916,39,4,0,0,-1,11.95
fold2_room1_mix0916,39,4,0,42,-3,9.31
fold2_room1_mix0916,40,1,0,85,-3,10.90
fold2_room1_mix0916,40,3,0,112,-3,5.63
fold2_room1_mix0916,40,4,0,0,-1,11.17
fold2_room1_mix0916,40,4,0,45,-3,8.67
fold2_room1_mix0916,41,1,0,71,-3,12.43
fold2_room1_mix0916,41,3,0,114,-3,3.23
fold2_room1_mix0916,41,4,0,0,-1,10.35
fold2_room1_mix0916,41,4,0,46,-3,8.29
fold2_room1_mix0916,42,1,0,59,-2,14.15
fold2_room1_mix0916,42,4,0,1,-1,9.59
fold2_room1_mix0916,42,4,0,48,-3,7.92
fold2_room1_mix0916,43,1,0,54,-2,11.37
fold2_room1_mix0916,43,4,0,11,-2,9.82
fold2_room1_mix0916,43,4,0,-6,-1,8.24
fold2_room1_mix0916,43,4,0,50,-3,7.69
fold2_room1_mix0916,44,1,0,57,-2,4.19
fold2_room1_mix0916,44,4,0,13,-2,9.92
fold2_room1_mix0916,44,4,0,-7,-2,7.70
fold2_room1_mix0916,44,4,0,52,-3,7.72
fold2_room1_mix0916,45,4,0,15,-2,10.03
fold2_room1_mix0916,45,4,0,-7,-3,7.20
fold2_room1_mix0916,45,4,0,54,-3,7.76
fold2_room1_mix0916,46,4,0,17,-2,9.95
fold2_room1_mix0916,46,4,0,-8,-4,6.70
fold2_room1_mix0916,46,4,0,57,-3,7.69
fold2_room1_mix0916,47,4,0,18,-3,9.10
fold2_room1_mix0916,47,4,0,-8,-4,6.13
fold2_room1_mix0916,47,4,0,61,-3,7.18
fold2_room1_mix0916,48,4,0,19,-3,8.24
fold2_room1_mix0916,48,4,0,-7,-4,5.60
fold2_room1_mix0916,48,4,0,67,-4,6.66
fold2_room1_mix0916,49,4,0,19,-3,7.41
fold2_room1_mix0916,49,4,0,-8,-5,5.03
fold2_room1_mix0916,49,4,0,72,-4,6.29
fold2_room1_mix0916,50,4,0,19,-5,6.25
fold2_room1_mix0916,50,4,0,-13,-7,3.99
fold2_room1_mix0916,50,4,0,76,-3,7.01
fold2_room1_mix0916,51,4,0,18,-6,5.17
fold2_room1_mix0916,51,4,0,-20,-10,3.02
fold2_room1_mix0916,51,4,0,79,-2,8.13
fold2_room1_mix0916,52,4,0,18,-8,4.30
fold2_room1_mix0916,52,4,0,-26,-12,2.25
fold2_room1_mix0916,52,4,0,82,0,9.31
fold2_room1_mix0916,53,4,0,32,-8,4.84
fold2_room1_mix0916,53,4,0,-39,-16,1.84
fold2_room1_mix0916,53,4,0,89,-4,7.46
fold2_room1_mix0916,54,4,0,47,-6,6.26
fold2_room1_mix0916,54,4,0,-66,-21,1.58
fold2_room1_mix0916,54,4,0,98,-10,4.95
fold2_room1_mix0916,55,4,0,61,-5,8.02
fold2_room1_mix0916,55,4,0,-105,-23,1.34
fold2_room1_mix0916,55,4,0,114,-21,3.19
fold2_room1_mix0916,56,4,0,70,-4,8.66
fold2_room1_mix0916,56,4,0,-126,-19,1.52
fold2_room1_mix0916,56,4,0,146,-23,2.90
fold2_room1_mix0916,57,4,0,72,-4,7.91
fold2_room1_mix0916,57,4,0,-140,-14,2.24
fold2_room1_mix0916,57,4,0,159,-13,3.82
fold2_room1_mix0916,58,4,0,74,-3,7.21
fold2_room1_mix0916,58,4,0,-157,-10,3.17
fold2_room1_mix0916,58,4,0,165,-7,4.95
fold2_room1_mix0916,59,4,0,78,-3,6.73
fold2_room1_mix0916,59,4,0,-173,-6,4.08
fold2_room1_mix0916,59,4,0,168,-4,6.04
fold2_room1_mix0916,60,4,0,84,-3,6.62
fold2_room1_mix0916,60,4,0,-173,-6,4.55
fold2_room1_mix0916,60,4,0,171,-4,6.62
fold2_room1_mix0916,61,4,0,90,-4,6.52
fold2_room1_mix0916,61,4,0,179,-5,6.13
fold2_room1_mix0916,62,4,0,96,-4,6.49
fold2_room1_mix0916,62,4,0,-179,-5,6.72
fold2_room1_mix0916,63,4,0,100,-4,6.72
fold2_room1_mix0916,63,4,0,-179,-4,7.31
fold2_room1_mix0916,64,4,0,103,-4,7.00
fold2_room1_mix0916,64,4,0,-179,-4,7.95
fold2_room1_mix0916,65,4,0,107,-4,7.28
fold2_room1_mix0916,65,4,0,-179,-4,8.62
fold2_room1_mix0916,66,4,0,112,-3,7.64
fold2_room1_mix0916,66,4,0,-179,-3,9.19
fold2_room1_mix0916,67,4,0,116,-3,8.03
fold2_room1_mix0916,67,4,0,179,-3,9.75
fold2_room1_mix0916,68,4,0,121,-3,8.44
fold2_room1_mix0916,68,4,0,179,-3,10.34
fold2_room1_mix0916,69,4,0,125,-2,8.93
fold2_room1_mix0916,69,4,0,179,-3,10.87
fold2_room1_mix0916,70,4,0,128,-2,9.49
fold2_room1_mix0916,70,4,0,179,-2,11.38
fold2_room1_mix0916,71,4,0,132,-2,10.07
fold2_room1_mix0916,71,4,0,-179,-2,11.91
fold2_room1_mix0916,72,4,0,134,-2,10.56
fold2_room1_mix0916,72,4,0,-179,-2,12.40
fold2_room1_mix0916,73,4,0,137,-2,10.92
fold2_room1_mix0916,73,4,0,-179,-2,12.84
fold2_room1_mix0916,74,4,0,139,-2,11.30
fold2_room1_mix0916,74,4,0,-179,-2,13.29
fold2_room1_mix0916,75,4,0,141,-1,11.72
fold2_room1_mix0916,75,4,0,179,-2,13.78
fold2_room1_mix0916,76,4,0,144,-1,12.23
fold2_room1_mix0916,76,4,0,179,-1,14.34
fold2_room1_mix0916,77,4,0,146,-1,12.76
fold2_room1_mix0916,77,4,0,179,-1,14.92
fold2_room1_mix0916,78,4,0,148,-1,13.28
fold2_room1_mix0916,78,4,0,179,-1,15.50
fold2_room1_mix0916,79,4,0,149,-1,13.68
fold2_room1_mix0916,79,4,0,179,-1,15.99
fold2_room1_mix0916,80,4,0,150,-1,14.08
fold2_room1_mix0916,80,4,0,179,-1,16.49
fold2_room1_mix0916,81,4,0,151,-1,14.50
fold2_room1_mix0916,81,4,0,179,-1,17.00
fold2_room1_mix0916,82,4,0,152,-1,15.04
fold2_room1_mix0916,82,4,0,179,-1,17.52
fold2_room1_mix0916,83,4,0,153,-1,15.62
fold2_room1_mix0916,83,4,0,179,-1,18.05
fold2_room1_mix0916,84,4,0,154,-1,16.22
fold2_room1_mix0916,84,4,0,179,-1,18.59
fold2_room1_mix0916,85,4,0,155,-1,16.92
fold2_room1_mix0916,85,4,0,179,-1,19.22
fold2_room1_mix0916,86,4,0,156,-1,17.68
fold2_room1_mix0916,86,4,0,179,-1,19.89
fold2_room1_mix0916,87,4,0,157,-1,18.47
fold2_room1_mix0916,87,4,0,179,-1,20.59
fold2_room1_mix0916,88,4,0,158,-1,19.21
fold2_room1_mix0916,88,4,0,179,-1,21.13
fold2_room1_mix0916,89,4,0,159,0,19.89
fold2_room1_mix0916,89,4,0,179,-1,21.51
fold2_room1_mix0916,90,4,0,160,0,20.59
fold2_room1_mix0916,90,4,0,178,-1,21.89
fold2_room1_mix0916,91,4,0,161,0,21.23
fold2_room1_mix0916,91,4,0,178,-1,22.35
fold2_room1_mix0916,92,4,0,161,0,21.68
fold2_room1_mix0916,92,4,0,179,0,23.01
fold2_room1_mix0916,93,4,0,162,0,22.15
fold2_room1_mix0916,93,4,0,179,0,23.69
fold2_room1_mix0916,94,4,0,173,0,23.87
fold2_room1_mix0916,95,4,0,162,0,23.96
fold2_room1_mix0916,95,4,0,179,0,25.39
fold2_room1_mix0916,96,4,0,162,0,25.29
fold2_room1_mix0916,96,4,0,179,0,26.42
fold2_room1_mix0916,97,4,0,162,0,26.59
fold2_room1_mix0916,97,4,0,179,0,27.43
fold2_room1_mix0916,98,4,0,163,0,26.96
fold2_room1_mix0916,98,4,0,178,0,28.04
fold2_room1_mix0916,99,4,0,173,0,28.06
fold2_room1_mix0920,55,4,0,-177,-1,16.00
fold2_room1_mix0920,56,4,0,-177,-1,32.79
fold2_room1_mix0920,57,4,0,-177,-1,29.27
fold2_room1_mix0920,58,4,0,-177,-1,26.12
fold2_room1_mix0920,59,4,0,-176,-1,23.80
fold2_room1_mix0920,60,4,0,-176,-1,22.67
fold2_room1_mix0920,61,4,0,-176,-1,21.63
fold2_room1_mix0920,62,4,0,-176,-1,20.77
fold2_room1_mix0920,63,4,0,-176,-1,20.55
fold2_room1_mix0920,64,4,0,-176,-1,20.40
fold2_room1_mix0920,65,4,0,-176,-1,20.15
fold2_room1_mix0920,66,4,0,-175,-1,19.03
fold2_room1_mix0920,67,4,0,-175,-1,17.78
fold2_room1_mix0920,68,4,0,-175,-1,16.59
fold2_room1_mix0920,69,4,0,-174,-2,15.19
fold2_room1_mix0920,70,4,0,-174,-2,13.76
fold2_room1_mix0920,71,4,0,-174,-2,12.47
fold2_room1_mix0920,72,4,0,-173,-2,11.26
fold2_room1_mix0920,73,4,0,-172,-3,10.14
fold2_room1_mix0920,74,4,0,-171,-3,9.11
fold2_room1_mix0920,75,4,0,-170,-3,8.08
fold2_room1_mix0920,76,4,0,-169,-4,6.95
fold2_room1_mix0920,77,4,0,-168,-4,5.96
fold2_room1_mix0920,78,4,0,-166,-5,4.96
fold2_room1_mix0920,79,4,0,-157,-8,3.67
fold2_room1_mix0920,80,4,0,-148,-12,2.62
fold2_room1_mix0920,81,4,0,-140,-15,1.87
fold2_room1_mix0920,82,4,0,-122,-20,1.79
fold2_room1_mix0920,83,4,0,-68,-22,1.84
fold2_room1_mix0920,84,4,0,-39,-15,1.92
fold2_room1_mix0920,85,4,0,-30,-12,2.48
fold2_room1_mix0920,86,4,0,-23,-9,3.46
fold2_room1_mix0920,87,4,0,-15,-6,4.73
fold2_room1_mix0920,88,4,0,-10,-4,5.90
fold2_room1_mix0920,89,4,0,-9,-4,6.82
fold2_room1_mix0920,90,4,0,-8,-3,7.87
fold2_room1_mix0920,91,4,0,-8,-3,8.94
fold2_room1_mix0920,92,4,0,-7,-3,9.90
fold2_room1_mix0920,93,4,0,-6,-2,10.95
fold2_room1_mix0920,94,4,0,-6,-2,12.07
fold2_room1_mix0920,95,4,0,-5,-2,13.18
fold2_room1_mix0920,96,4,0,-5,-2,14.37
fold2_room1_mix0920,97,4,0,-5,-2,15.62
fold2_room1_mix0920,98,4,0,-4,-2,16.64
fold2_room1_mix0920,99,4,0,-4,-1,17.65
fold2_room1_mix0933,0,0,0,-179,0,223.87
fold2_room1_mix0933,1,0,0,-179,0,223.40
fold2_room1_mix0933,2,0,0,-178,0,218.70
fold2_room1_mix0933,3,0,0,-178,0,213.11
fold2_room1_mix0933,4,0,0,-178,0,207.75
fold2_room1_mix0933,5,0,0,-178,0,205.66
fold2_room1_mix0933,6,0,0,-178,0,205.10
fold2_room1_mix0933,7,0,0,-178,0,204.54
fold2_room1_mix0933,8,0,0,-178,0,206.90
fold2_room1_mix0933,9,0,0,-178,0,212.27
fold2_room1_mix0933,10,0,0,-179,0,217.79
fold2_room1_mix0933,11,0,0,-179,0,221.34
fold2_room1_mix0933,12,0,0,-179,0,220.59
fold2_room1_mix0933,13,0,0,-179,0,219.72
fold2_room1_mix0933,14,0,0,-179,0,217.86
fold2_room1_mix0933,15,0,0,-179,0,212.01
fold2_room1_mix0933,16,0,0,-179,0,205.90
fold2_room1_mix0933,17,0,0,-179,0,200.64
fold2_room1_mix0933,18,0,0,-179,0,201.77
fold2_room1_mix0933,19,0,0,-179,0,204.47
fold2_room1_mix0933,20,0,0,-179,0,207.22
fold2_room1_mix0933,21,0,0,-179,0,210.69
fold2_room1_mix0933,22,0,0,-179,0,214.56
fold2_room1_mix0933,23,0,0,-179,0,218.50
fold2_room1_mix0933,24,0,0,-179,0,217.37
fold2_room1_mix0933,25,0,0,-179,0,211.24
fold2_room1_mix0933,26,0,0,-178,0,205.29
fold2_room1_mix0933,27,0,0,-178,0,200.71
fold2_room1_mix0933,28,0,0,-178,0,198.69
fold2_room1_mix0933,29,0,0,-178,0,196.77
fold2_room1_mix0933,30,0,0,-178,0,194.75
fold2_room1_mix0933,31,0,0,-178,0,192.29
fold2_room1_mix0933,32,0,0,-178,0,189.82
fold2_room1_mix0933,33,0,0,-178,0,187.86
fold2_room1_mix0933,34,0,0,-178,0,190.40
fold2_room1_mix0933,35,0,0,-178,0,194.09
fold2_room1_mix0933,36,0,0,-178,0,197.77
fold2_room1_mix0933,37,0,0,-178,0,198.28
fold2_room1_mix0933,38,0,0,-178,0,197.25
fold2_room1_mix0933,39,0,0,-178,0,196.22
fold2_room1_mix0933,40,0,0,-178,0,194.07
fold2_room1_mix0933,41,0,0,-178,0,190.84
fold2_room1_mix0933,42,0,0,-178,0,187.67
fold2_room1_mix0933,43,0,0,-178,0,184.84
fold2_room1_mix0933,44,0,0,-178,0,182.66
fold2_room1_mix0933,45,0,0,-178,0,180.52
fold2_room1_mix0933,46,0,0,-178,0,179.56
fold2_room1_mix0933,47,0,0,-178,0,183.37
fold2_room1_mix0933,48,0,0,-178,0,187.79
fold2_room1_mix0933,49,0,0,-178,0,191.97
fold2_room1_mix0933,50,0,0,-178,0,192.93
fold2_room1_mix0933,51,0,0,-178,0,193.09
fold2_room1_mix0933,52,0,0,-178,0,193.15
fold2_room1_mix0933,53,0,0,-178,0,189.92
fold2_room1_mix0933,54,0,0,-178,0,185.20
fold2_room1_mix0933,55,0,0,-178,0,180.59
fold2_room1_mix0933,56,0,0,-178,0,178.55
fold2_room1_mix0933,57,0,0,-178,0,178.99
fold2_room1_mix0933,58,0,0,-178,0,179.43
fold2_room1_mix0933,59,0,0,-178,0,179.35
fold2_room1_mix0933,60,0,0,-178,0,178.21
fold2_room1_mix0933,61,0,0,-178,0,177.04
fold2_room1_mix0933,62,0,0,-178,0,175.85
fold2_room1_mix0933,63,0,0,-178,0,174.53
fold2_room1_mix0933,64,0,0,-178,0,173.20
fold2_room1_mix0933,65,0,0,-178,0,171.66
fold2_room1_mix0933,66,0,0,-178,0,168.05
fold2_room1_mix0933,67,0,0,-178,0,164.02
fold2_room1_mix0933,68,0,0,-177,0,160.17
fold2_room1_mix0933,69,0,0,-177,0,158.93
fold2_room1_mix0933,70,0,0,-177,0,158.92
fold2_room1_mix0933,71,0,0,-177,0,158.92
fold2_room1_mix0933,72,0,0,-177,0,160.17
fold2_room1_mix0933,73,0,0,-178,0,162.72
fold2_room1_mix0933,74,0,0,-178,0,165.30
fold2_room1_mix0933,75,0,0,-178,0,168.12
fold2_room1_mix0933,76,0,0,-178,0,171.37
fold2_room1_mix0933,77,0,0,-178,0,174.70
fold2_room1_mix0933,78,0,0,-178,0,176.05
fold2_room1_mix0933,79,0,0,-178,0,169.22
fold2_room1_mix0933,80,0,0,-178,0,161.82
fold2_room1_mix0933,81,0,0,-178,0,155.57
fold2_room1_mix0933,82,0,0,-178,0,157.10
fold2_room1_mix0933,83,0,0,-178,0,160.55
fold2_room1_mix0933,83,4,0,57,-1,1.73
fold2_room1_mix0933,84,0,0,-178,0,163.93
fold2_room1_mix0933,84,4,0,58,-1,2.60
fold2_room1_mix0933,85,0,0,-178,0,162.60
fold2_room1_mix0933,85,4,0,61,-1,2.23
fold2_room1_mix0933,86,0,0,-179,0,159.03
fold2_room1_mix0933,86,4,0,68,-1,1.39
fold2_room1_mix0933,87,0,0,-179,0,155.54
fold2_room1_mix0933,87,4,0,74,-1,0.78
fold2_room1_mix0933,88,0,0,-179,0,155.43
fold2_room1_mix0933,88,4,0,76,-1,0.48
fold2_room1_mix0933,89,0,0,-179,0,158.70
fold2_room1_mix0933,90,0,0,-178,0,162.04
fold2_room1_mix0933,91,0,0,-178,0,162.13
fold2_room1_mix0933,92,0,0,-178,0,155.56
fold2_room1_mix0933,93,0,0,-178,0,149.06
fold2_room1_mix0933,94,0,0,-178,0,144.94
fold2_room1_mix0933,95,0,0,-178,0,149.72
fold2_room1_mix0933,96,0,0,-178,0,155.66
fold2_room1_mix0933,97,0,0,-178,0,160.99
fold2_room1_mix0933,98,0,0,-178,0,158.50
fold2_room1_mix0933,99,0,0,-178,0,154.18
fold2_room1_mix0979,13,4,0,134,-2,6.17
fold2_room1_mix0979,14,4,0,135,-1,8.40
fold2_room1_mix0979,15,4,0,132,-2,6.04
fold2_room1_mix0979,16,4,0,126,-1,4.06
fold2_room1_mix0979,18,4,0,124,-2,4.43
fold2_room1_mix0979,19,4,0,128,-2,8.20
fold2_room1_mix0979,20,4,0,130,-2,14.30
fold2_room1_mix0979,21,4,0,129,-2,12.74
fold2_room1_mix0979,22,4,0,125,-2,8.15
fold2_room1_mix0979,23,4,0,117,-2,5.10
fold2_room1_mix0979,24,4,0,115,-2,5.15
fold2_room1_mix0979,25,4,0,120,-2,8.39
fold2_room1_mix0979,26,4,0,123,-2,13.36
fold2_room1_mix0979,27,4,0,125,-2,17.85
fold2_room1_mix0979,28,4,0,123,-2,17.11
fold2_room1_mix0979,29,4,0,122,-2,16.24
fold2_room1_mix0979,30,4,0,121,-2,15.61
fold2_room1_mix0979,31,4,0,122,-2,15.82
fold2_room1_mix0979,32,4,0,123,-2,16.13
fold2_room1_mix0979,33,4,0,124,-2,16.41
fold2_room1_mix0979,34,4,0,124,-2,16.36
fold2_room1_mix0979,35,4,0,125,-2,16.23
fold2_room1_mix0979,36,4,0,126,-2,16.10
fold2_room1_mix0979,37,4,0,126,-2,15.85
fold2_room1_mix0979,38,4,0,125,-2,15.55
fold2_room1_mix0979,39,4,0,120,-2,14.79
fold2_room1_mix0979,39,4,0,135,-2,16.18
fold2_room1_mix0979,40,4,0,119,-2,14.99
fold2_room1_mix0979,40,4,0,135,-2,16.29
fold2_room1_mix0979,41,4,0,124,-2,16.08
fold2_room1_mix0979,42,4,0,124,-2,16.75
fold2_room1_mix0979,43,4,0,122,-2,17.03
fold2_room1_mix0979,44,4,0,108,-2,16.18
fold2_room1_mix0979,44,4,0,135,-2,16.96
fold2_room1_mix0979,45,4,0,100,-2,15.76
fold2_room1_mix0979,45,4,0,135,-2,16.05
fold2_room1_mix0979,46,4,0,91,-2,15.52
fold2_room1_mix0979,46,4,0,135,-2,15.43
fold2_room1_mix0979,47,4,0,85,-2,16.02
fold2_room1_mix0979,47,4,0,134,-2,15.87
fold2_room1_mix0979,48,4,0,80,-2,16.61
fold2_room1_mix0979,48,4,0,133,-2,16.45
fold2_room1_mix0979,49,4,0,74,-2,17.21
fold2_room1_mix0979,49,4,0,132,-2,16.99
fold2_room1_mix0979,50,4,0,68,-2,17.47
fold2_room1_mix0979,50,4,0,133,-2,17.05
fold2_room1_mix0979,51,4,0,62,-2,17.64
fold2_room1_mix0979,51,4,0,136,-2,17.00
fold2_room1_mix0979,52,4,0,58,-2,17.83
fold2_room1_mix0979,52,4,0,139,-3,16.96
fold2_room1_mix0979,53,4,0,53,-2,17.89
fold2_room1_mix0979,53,4,0,149,-2,17.08
fold2_room1_mix0979,54,4,0,48,-2,17.90
fold2_room1_mix0979,54,4,0,159,-2,17.29
fold2_room1_mix0979,55,4,0,44,-1,17.91
fold2_room1_mix0979,55,4,0,168,-2,17.50
fold2_room1_mix0979,56,4,0,39,-1,17.85
fold2_room1_mix0979,56,4,0,66,-3,18.38
fold2_room1_mix0979,56,4,0,174,-1,17.80
fold2_room1_mix0979,57,4,0,37,-1,18.17
fold2_room1_mix0979,57,4,0,146,-2,18.85
fold2_room1_mix0979,57,4,0,177,-1,18.20
fold2_room1_mix0979,58,4,0,35,-1,18.50
fold2_room1_mix0979,58,4,0,162,-1,19.34
fold2_room1_mix0979,58,4,0,179,-1,18.60
fold2_room1_mix0979,59,4,0,34,-1,18.41
fold2_room1_mix0979,59,4,0,176,-1,18.85
fold2_room1_mix0979,60,4,0,34,-1,17.49
fold2_room1_mix0979,60,4,0,176,-1,17.61
fold2_room1_mix0979,61,4,0,34,-1,16.58
fold2_room1_mix0979,61,4,0,176,-2,16.41
fold2_room1_mix0979,62,4,0,34,-1,15.63
fold2_room1_mix0979,62,4,0,176,-2,15.42
fold2_room1_mix0979,63,4,0,35,-1,14.38
fold2_room1_mix0979,63,4,0,175,-2,14.95
fold2_room1_mix0979,64,4,0,35,-1,13.20
fold2_room1_mix0979,64,4,0,175,-2,14.55
fold2_room1_mix0979,65,4,0,36,-2,12.10
fold2_room1_mix0979,65,4,0,174,-1,14.14
fold2_room1_mix0979,66,4,0,38,-2,11.04
fold2_room1_mix0979,66,4,0,166,-2,14.06
fold2_room1_mix0979,66,4,0,-177,-2,12.84
fold2_room1_mix0979,67,4,0,40,-2,10.06
fold2_room1_mix0979,67,4,0,164,-2,13.19
fold2_room1_mix0979,67,4,0,-176,-2,12.25
fold2_room1_mix0979,68,4,0,44,-3,9.16
fold2_room1_mix0979,68,4,0,163,-2,12.38
fold2_room1_mix0979,68,4,0,-176,-2,11.69
fold2_room1_mix0979,69,4,0,49,-3,8.42
fold2_room1_mix0979,69,4,0,159,-2,11.63
fold2_room1_mix0979,69,4,0,-175,-2,10.88
fold2_room1_mix0979,70,4,0,54,-3,7.77
fold2_room1_mix0979,70,4,0,152,-2,10.93
fold2_room1_mix0979,70,4,0,-174,-3,10.01
fold2_room1_mix0979,71,4,0,60,-3,7.16
fold2_room1_mix0979,71,4,0,142,-3,10.27
fold2_room1_mix0979,71,4,0,-173,-3,9.20
fold2_room1_mix0979,72,4,0,65,-3,6.75
fold2_room1_mix0979,72,4,0,122,-4,9.38
fold2_room1_mix0979,72,4,0,-172,-3,8.67
fold2_room1_mix0979,73,4,0,68,-4,6.50
fold2_room1_mix0979,73,4,0,103,-5,8.33
fold2_room1_mix0979,73,4,0,-170,-3,8.36
fold2_room1_mix0979,74,4,0,78,-5,6.82
fold2_room1_mix0979,74,4,0,-169,-3,8.07
fold2_room1_mix0979,75,4,0,80,-5,6.43
fold2_room1_mix0979,75,4,0,-168,-3,7.77
fold2_room1_mix0979,76,4,0,86,-4,6.12
fold2_room1_mix0979,76,4,0,114,-6,6.56
fold2_room1_mix0979,76,4,0,-169,-3,7.46
fold2_room1_mix0979,77,4,0,96,-5,6.13
fold2_room1_mix0979,77,4,0,147,-6,6.39
fold2_room1_mix0979,77,4,0,-169,-3,7.16
fold2_room1_mix0979,78,4,0,104,-5,6.29
fold2_room1_mix0979,78,4,0,-176,-4,6.39
fold2_room1_mix0979,79,4,0,107,-4,7.03
fold2_room1_mix0979,79,4,0,-171,-5,5.47
fold2_room1_mix0979,80,4,0,110,-3,7.93
fold2_room1_mix0979,80,4,0,-167,-5,4.62
fold2_room1_mix0979,81,4,0,113,-2,8.79
fold2_room1_mix0979,81,4,0,-163,-5,3.90
fold2_room1_mix0979,82,4,0,124,-3,8.43
fold2_room1_mix0979,82,4,0,-160,-6,3.41
fold2_room1_mix0979,83,4,0,132,-3,7.82
fold2_room1_mix0979,83,4,0,-158,-7,3.01
fold2_room1_mix0979,84,4,0,140,-4,7.17
fold2_room1_mix0979,84,4,0,-156,-8,2.66
fold2_room1_mix0979,85,4,0,156,-9,4.73
fold2_room1_mix0979,85,4,0,-144,-10,1.89
fold2_room1_mix0979,85,4,0,-177,-8,4.13
fold2_room1_mix0979,86,4,0,-144,-23,2.50
fold2_room1_mix0979,86,4,0,-123,-14,1.43
fold2_room1_mix0979,86,4,0,156,-4,6.80
fold2_room1_mix0979,87,4,0,-80,-19,1.09
fold2_room1_mix0979,87,4,0,138,-1,10.86
fold2_room1_mix0979,88,4,0,-54,-15,1.01
fold2_room1_mix0979,88,4,0,135,0,13.40
fold2_room1_mix0979,89,4,0,-39,-11,1.60
fold2_room1_mix0979,89,4,0,140,0,12.98
fold2_room1_mix0979,90,4,0,-25,-7,2.36
fold2_room1_mix0979,90,4,0,146,-1,12.57
fold2_room1_mix0979,91,4,0,-14,-4,3.17
fold2_room1_mix0979,91,4,0,150,-1,12.55
fold2_room1_mix0979,92,4,0,-12,-4,3.71
fold2_room1_mix0979,92,4,0,150,-2,13.34
fold2_room1_mix0979,93,4,0,-11,-4,4.30
fold2_room1_mix0979,93,4,0,150,-2,14.21
fold2_room1_mix0979,94,4,0,-10,-4,4.94
fold2_room1_mix0979,94,4,0,150,-1,15.02
fold2_room1_mix0979,95,4,0,-9,-3,5.50
fold2_room1_mix0979,95,4,0,151,-1,15.36
fold2_room1_mix0979,96,4,0,-9,-3,6.11
fold2_room1_mix0979,96,4,0,152,-1,15.66
fold2_room1_mix0979,97,4,0,-8,-3,6.76
fold2_room1_mix0979,97,4,0,153,-1,15.83
fold2_room1_mix0979,98,4,0,-7,-2,7.39
fold2_room1_mix0979,99,4,0,-5,-2,8.07
fold2_room1_mix0979,99,4,0,19,-2,13.67
fold2_room1_mix0979,8,4,0,139,-2,4.15
fold2_room1_mix0979,17,4,0,126,-1,2.85
fold2_room1_mix0984,0,4,0,-154,-1,12.01
fold2_room1_mix0984,1,4,0,-154,-1,12.11
fold2_room1_mix0984,2,4,0,-152,-1,13.16
fold2_room1_mix0984,3,4,0,-150,-1,14.55
fold2_room1_mix0984,4,4,0,-148,-1,16.03
fold2_room1_mix0984,5,4,0,-147,-1,15.94
fold2_room1_mix0984,6,4,0,-147,-1,15.08
fold2_room1_mix0984,7,4,0,-146,-1,14.26
fold2_room1_mix0984,8,4,0,-145,-1,13.90
fold2_room1_mix0984,9,4,0,-144,-1,13.97
fold2_room1_mix0984,10,4,0,-144,-1,14.04
fold2_room1_mix0984,11,4,0,-143,-1,13.99
fold2_room1_mix0984,12,4,0,-143,-1,13.72
fold2_room1_mix0984,13,4,0,-143,-1,13.44
fold2_room1_mix0984,14,4,0,-143,-1,13.17
fold2_room1_mix0984,15,4,0,-142,-1,12.86
fold2_room1_mix0984,16,4,0,-142,-1,12.56
fold2_room1_mix0984,17,4,0,-141,-1,12.26
fold2_room1_mix0984,18,4,0,-140,-2,11.88
fold2_room1_mix0984,19,4,0,-138,-2,11.49
fold2_room1_mix0984,20,4,0,-137,-2,11.12
fold2_room1_mix0984,21,4,0,-136,-2,10.86
fold2_room1_mix0984,22,4,0,-135,-2,10.67
fold2_room1_mix0984,23,4,0,-129,-2,8.70
fold2_room1_mix0984,23,4,0,-145,-1,14.14
fold2_room1_mix0984,24,4,0,-128,-2,8.45
fold2_room1_mix0984,24,4,0,-144,-1,14.10
fold2_room1_mix0984,25,4,0,-131,-2,10.14
fold2_room1_mix0984,26,4,0,-129,-2,9.95
fold2_room1_mix0984,27,4,0,-127,-2,9.81
fold2_room1_mix0984,28,4,0,-126,-2,9.76
fold2_room1_mix0984,29,4,0,-118,-2,7.60
fold2_room1_mix0984,29,4,0,-138,-1,14.01
fold2_room1_mix0984,30,4,0,-116,-2,7.27
fold2_room1_mix0984,30,4,0,-140,-1,14.79
fold2_room1_mix0984,31,4,0,-113,-2,6.92
fold2_room1_mix0984,31,4,0,-149,0,16.27
fold2_room1_mix0984,32,4,0,-109,-2,6.59
fold2_room1_mix0984,32,4,0,-159,0,17.95
fold2_room1_mix0984,33,4,0,-106,-2,6.28
fold2_room1_mix0984,33,4,0,-169,0,19.68
fold2_room1_mix0984,34,4,0,-103,-2,6.13
fold2_room1_mix0984,34,4,0,-175,0,20.42
fold2_room1_mix0984,35,4,0,-100,-2,6.02
fold2_room1_mix0984,35,4,0,-179,0,20.89
fold2_room1_mix0984,36,4,0,-98,-2,5.92
fold2_room1_mix0984,36,4,0,177,0,21.36
fold2_room1_mix0984,37,4,0,-95,-2,5.92
fold2_room1_mix0984,37,4,0,174,0,21.44
fold2_room1_mix0984,38,4,0,-93,-3,5.97
fold2_room1_mix0984,38,4,0,173,0,21.32
fold2_room1_mix0984,39,4,0,-91,-3,6.02
fold2_room1_mix0984,39,4,0,172,0,21.20
fold2_room1_mix0984,40,4,0,-88,-3,6.02
fold2_room1_mix0984,40,4,0,171,0,20.93
fold2_room1_mix0984,41,4,0,-85,-3,5.96
fold2_room1_mix0984,41,4,0,170,0,20.51
fold2_room1_mix0984,42,4,0,-82,-3,5.91
fold2_room1_mix0984,42,4,0,170,0,20.10
fold2_room1_mix0984,43,4,0,-79,-3,5.88
fold2_room1_mix0984,43,4,0,170,0,19.60
fold2_room1_mix0984,44,4,0,-77,-3,5.87
fold2_room1_mix0984,44,4,0,170,0,18.90
fold2_room1_mix0984,45,4,0,-74,-3,5.87
fold2_room1_mix0984,45,4,0,170,0,18.23
fold2_room1_mix0984,46,4,0,-72,-3,5.90
fold2_room1_mix0984,46,4,0,169,0,17.56
fold2_room1_mix0984,47,4,0,-69,-2,6.05
fold2_room1_mix0984,47,4,0,168,0,16.82
fold2_room1_mix0984,48,4,0,-65,-2,6.22
fold2_room1_mix0984,48,4,0,168,0,16.10
fold2_room1_mix0984,49,4,0,-63,-2,6.39
fold2_room1_mix0984,49,4,0,167,0,15.37
fold2_room1_mix0984,50,4,0,-60,-2,6.60
fold2_room1_mix0984,50,4,0,166,0,14.38
fold2_room1_mix0984,51,4,0,-58,-2,6.81
fold2_room1_mix0984,51,4,0,166,0,13.37
fold2_room1_mix0984,52,4,0,-56,-2,7.03
fold2_room1_mix0984,52,4,0,165,-1,12.44
fold2_room1_mix0984,53,4,0,-54,-2,7.24
fold2_room1_mix0984,53,4,0,164,-1,11.72
fold2_room1_mix0984,54,4,0,-53,-2,7.44
fold2_room1_mix0984,54,4,0,162,-1,11.11
fold2_room1_mix0984,55,4,0,-52,-2,7.65
fold2_room1_mix0984,55,4,0,160,-1,10.52
fold2_room1_mix0984,56,4,0,-50,-2,7.92
fold2_room1_mix0984,56,4,0,158,-1,9.97
fold2_room1_mix0984,57,4,0,-48,-2,8.25
fold2_room1_mix0984,57,4,0,154,-1,9.46
fold2_room1_mix0984,58,4,0,-46,-2,8.59
fold2_room1_mix0984,58,4,0,150,-1,8.96
fold2_room1_mix0984,59,4,0,-44,-2,8.95
fold2_room1_mix0984,59,4,0,147,-1,8.37
fold2_room1_mix0984,60,4,0,-42,-2,9.35
fold2_room1_mix0984,60,4,0,142,-1,7.58
fold2_room1_mix0984,61,4,0,-40,-2,9.76
fold2_room1_mix0984,61,4,0,138,-2,6.85
fold2_room1_mix0984,62,4,0,-38,-2,10.13
fold2_room1_mix0984,62,4,0,132,-2,6.20
fold2_room1_mix0984,63,4,0,-37,-2,10.27
fold2_room1_mix0984,63,4,0,125,-2,5.69
fold2_room1_mix0984,64,4,0,-35,-2,10.39
fold2_room1_mix0984,64,4,0,118,-3,5.22
fold2_room1_mix0984,65,4,0,-33,-2,10.51
fold2_room1_mix0984,65,4,0,111,-3,4.80
fold2_room1_mix0984,66,4,0,-31,-2,10.69
fold2_room1_mix0984,66,4,0,105,-3,4.58
fold2_room1_mix0984,67,4,0,-30,-1,10.89
fold2_room1_mix0984,67,4,0,98,-3,4.42
fold2_room1_mix0984,68,4,0,-29,-1,11.09
fold2_room1_mix0984,68,4,0,91,-4,4.26
fold2_room1_mix0984,69,4,0,-29,-1,11.16
fold2_room1_mix0984,69,4,0,82,-4,4.34
fold2_room1_mix0984,70,4,0,-28,-1,11.18
fold2_room1_mix0984,70,4,0,72,-3,4.52
fold2_room1_mix0984,71,4,0,-28,-1,11.20
fold2_room1_mix0984,71,4,0,64,-3,4.72
fold2_room1_mix0984,72,4,0,-28,-1,11.23
fold2_room1_mix0984,72,4,0,58,-3,5.06
fold2_room1_mix0984,73,4,0,-28,-1,11.27
fold2_room1_mix0984,73,4,0,54,-2,5.57
fold2_room1_mix0984,74,4,0,-27,-1,11.31
fold2_room1_mix0984,74,4,0,50,-2,6.13
fold2_room1_mix0984,75,4,0,-27,-1,11.50
fold2_room1_mix0984,75,4,0,45,-2,6.69
fold2_room1_mix0984,76,4,0,-26,-1,11.99
fold2_room1_mix0984,76,4,0,41,-2,7.22
fold2_room1_mix0984,77,4,0,-26,-1,12.50
fold2_room1_mix0984,77,4,0,37,-2,7.78
fold2_room1_mix0984,78,4,0,-25,-1,13.02
fold2_room1_mix0984,78,4,0,34,-1,8.37
fold2_room1_mix0984,79,4,0,-25,-1,13.49
fold2_room1_mix0984,79,4,0,31,-1,8.96
fold2_room1_mix0984,80,4,0,-24,-1,13.96
fold2_room1_mix0984,80,4,0,29,-1,9.58
fold2_room1_mix0984,81,4,0,-24,-1,14.42
fold2_room1_mix0984,81,4,0,26,-1,10.24
fold2_room1_mix0984,82,4,0,-22,-1,14.53
fold2_room1_mix0984,82,4,0,23,-1,10.99
fold2_room1_mix0984,83,4,0,-21,-1,14.56
fold2_room1_mix0984,83,4,0,21,-1,11.80
fold2_room1_mix0984,84,4,0,-20,-1,14.61
fold2_room1_mix0984,84,4,0,17,-1,12.67
fold2_room1_mix0984,85,4,0,-18,-1,15.10
fold2_room1_mix0984,85,4,0,14,-1,13.44
fold2_room1_mix0984,86,4,0,-15,-1,15.83
fold2_room1_mix0984,86,4,0,11,-1,14.16
fold2_room1_mix0984,87,4,0,-13,-1,16.60
fold2_room1_mix0984,87,4,0,8,-1,14.93
fold2_room1_mix0984,88,4,0,-11,-1,17.00
fold2_room1_mix0984,88,4,0,6,-1,15.39
fold2_room1_mix0984,89,4,0,-11,-1,17.03
fold2_room1_mix0984,89,4,0,6,-1,15.52
fold2_room1_mix0984,90,4,0,-5,-1,16.59
fold2_room1_mix0984,91,4,0,-5,-1,16.78
fold2_room1_mix0984,92,4,0,-5,-1,17.26
fold2_room1_mix0984,93,4,0,-6,-1,17.77
fold2_room1_mix0984,94,4,0,-6,-1,18.20
fold2_room1_mix0984,95,4,0,-7,-1,18.32
fold2_room1_mix0984,96,4,0,-8,-1,18.40
fold2_room1_mix0984,97,4,0,-8,-1,18.48
fold2_room1_mix0984,98,4,0,-8,-1,18.54
fold2_room1_mix0984,99,4,0,-8,-1,18.59
fold2_room1_mix0992,34,4,0,-174,-1,4.31
fold2_room1_mix0992,35,4,0,-173,-1,8.93
fold2_room1_mix0992,36,4,0,-172,-1,17.28
fold2_room1_mix0992,37,4,0,-172,-1,20.28
fold2_room1_mix0992,38,4,0,-173,-1,18.83
fold2_room1_mix0992,39,4,0,-173,-1,17.48
fold2_room1_mix0992,40,4,0,-173,-1,16.85
fold2_room1_mix0992,41,4,0,-173,-1,16.85
fold2_room1_mix0992,42,4,0,-173,-1,16.85
fold2_room1_mix0992,43,4,0,-173,-1,16.61
fold2_room1_mix0992,44,4,0,-172,-2,15.87
fold2_room1_mix0992,45,4,0,-172,-2,15.15
fold2_room1_mix0992,46,4,0,-172,-2,14.44
fold2_room1_mix0992,47,4,0,-171,-2,13.66
fold2_room1_mix0992,48,4,0,-171,-2,12.90
fold2_room1_mix0992,49,4,0,-170,-2,12.17
fold2_room1_mix0992,50,4,0,-170,-2,11.38
fold2_room1_mix0992,51,4,0,-169,-2,10.61
fold2_room1_mix0992,52,4,0,-168,-2,9.89
fold2_room1_mix0992,53,4,0,-167,-3,9.23
fold2_room1_mix0992,54,4,0,-166,-3,8.63
fold2_room1_mix0992,55,4,0,-165,-3,8.06
fold2_room1_mix0992,56,4,0,-164,-4,7.43
fold2_room1_mix0992,57,4,0,-162,-4,6.77
fold2_room1_mix0992,58,4,0,-161,-5,6.16
fold2_room1_mix0992,59,4,0,-159,-5,5.56
fold2_room1_mix0992,60,4,0,-156,-6,4.94
fold2_room1_mix0992,61,4,0,-154,-7,4.38
fold2_room1_mix0992,62,4,0,-150,-7,3.86
fold2_room1_mix0992,63,4,0,-143,-9,3.33
fold2_room1_mix0992,64,4,0,-137,-10,2.85
fold2_room1_mix0992,65,4,0,-131,-12,2.45
fold2_room1_mix0992,66,4,0,-119,-14,2.25
fold2_room1_mix0992,67,4,0,-103,-16,2.10
fold2_room1_mix0992,68,4,0,-84,-17,1.96
fold2_room1_mix0992,69,4,0,-68,-16,2.14
fold2_room1_mix0992,70,4,0,-56,-13,2.49
fold2_room1_mix0992,71,4,0,-45,-11,2.89
fold2_room1_mix0992,72,4,0,-36,-9,3.34
fold2_room1_mix0992,73,4,0,-31,-8,3.85
fold2_room1_mix0992,74,4,0,-26,-7,4.42
fold2_room1_mix0992,75,4,0,-22,-6,4.99
fold2_room1_mix0992,76,4,0,-20,-5,5.50
fold2_room1_mix0992,77,4,0,-19,-5,6.05
fold2_room1_mix0992,78,4,0,-17,-4,6.62
fold2_room1_mix0992,79,4,0,-15,-4,7.14
fold2_room1_mix0992,80,4,0,-14,-3,7.69
fold2_room1_mix0992,81,4,0,-13,-3,8.28
fold2_room1_mix0992,82,4,0,-12,-3,8.87
fold2_room1_mix0992,83,4,0,-11,-3,9.49
fold2_room1_mix0992,84,4,0,-11,-2,10.14
fold2_room1_mix0992,85,4,0,-10,-2,10.79
fold2_room1_mix0992,86,4,0,-9,-2,11.45
fold2_room1_mix0992,87,4,0,-9,-2,12.14
fold2_room1_mix0992,88,4,0,-8,-2,12.80
fold2_room1_mix0992,89,4,0,-8,-2,13.41
fold2_room1_mix0992,90,4,0,-8,-2,14.05
fold2_room1_mix0992,91,4,0,-8,-2,14.64
fold2_room1_mix0992,92,4,0,-7,-2,15.09
fold2_room1_mix0992,93,4,0,-7,-2,15.54
fold2_room1_mix0992,94,4,0,-7,-1,16.03
fold2_room1_mix0992,95,4,0,-7,-1,16.68
fold2_room1_mix0992,96,4,0,-7,-1,17.36
fold2_room1_mix0992,97,4,0,-7,-1,18.03
fold2_room1_mix0992,98,4,0,-7,-1,18.28
fold2_room1_mix0992,99,4,0,-7,-1,18.43
fold2_room1_mix1017,0,2,0,-39,-2,13.79
fold2_room1_mix1017,1,2,0,-39,-2,13.69
fold2_room1_mix1017,2,2,0,-40,-2,12.67
fold2_room1_mix1017,3,2,0,-42,-2,11.52
fold2_room1_mix1017,4,2,0,-45,-2,10.25
fold2_room1_mix1017,5,2,0,-46,-2,4.49
fold2_room1_mix1017,10,2,0,-47,-3,8.37
fold2_room1_mix1017,11,2,0,-46,-3,14.47
fold2_room1_mix1017,12,2,0,-47,-2,4.71
fold2_room1_mix1017,19,2,0,-66,-3,2.91
fold2_room1_mix1017,20,2,0,-63,-4,8.27
fold2_room1_mix1017,21,2,0,-64,-4,10.90
fold2_room1_mix1017,22,2,0,-68,-4,10.33
fold2_room1_mix1017,23,2,0,-72,-4,9.79
fold2_room1_mix1017,24,2,0,-76,-3,5.56
fold2_room1_mix1017,28,4,0,35,-1,4.18
fold2_room1_mix1017,29,2,0,-91,-3,3.82
fold2_room1_mix1017,29,4,0,36,-1,6.86
fold2_room1_mix1017,30,2,0,-91,-4,9.80
fold2_room1_mix1017,30,4,0,38,-1,9.77
fold2_room1_mix1017,31,2,0,-94,-4,10.76
fold2_room1_mix1017,31,4,0,40,-1,8.73
fold2_room1_mix1017,32,2,0,-96,-4,10.85
fold2_room1_mix1017,32,4,0,45,-1,7.40
fold2_room1_mix1017,33,2,0,-98,-4,10.03
fold2_room1_mix1017,33,4,0,51,-1,6.01
fold2_room1_mix1017,34,2,0,-96,-3,3.92
fold2_room1_mix1017,34,4,0,54,-1,3.25
fold2_room1_mix1017,39,2,0,-113,-3,6.69
fold2_room1_mix1017,39,4,0,52,-1,4.72
fold2_room1_mix1017,40,2,0,-115,-3,11.67
fold2_room1_mix1017,40,4,0,50,-1,7.05
fold2_room1_mix1017,41,2,0,-117,-3,11.59
fold2_room1_mix1017,41,4,0,50,-1,7.74
fold2_room1_mix1017,42,2,0,-118,-3,11.52
fold2_room1_mix1017,42,4,0,50,-1,8.49
fold2_room1_mix1017,43,2,0,-118,-3,8.32
fold2_room1_mix1017,43,4,0,50,-1,8.93
fold2_room1_mix1017,44,2,0,-115,-3,2.83
fold2_room1_mix1017,44,4,0,50,0,8.60
fold2_room1_mix1017,45,4,0,50,0,8.26
fold2_room1_mix1017,46,4,0,51,0,7.64
fold2_room1_mix1017,47,4,0,52,0,6.03
fold2_room1_mix1017,48,4,0,55,-1,4.64
fold2_room1_mix1017,49,4,0,58,-1,3.72
fold2_room1_mix1017,50,4,0,63,-1,4.88
fold2_room1_mix1017,51,2,0,-130,-2,4.33
fold2_room1_mix1017,51,4,0,65,-1,7.07
fold2_room1_mix1017,52,2,0,-132,-3,13.30
fold2_room1_mix1017,52,4,0,66,-1,10.00
fold2_room1_mix1017,53,2,0,-131,-2,7.71
fold2_room1_mix1017,53,4,0,66,-1,11.33
fold2_room1_mix1017,54,4,0,66,-1,11.56
fold2_room1_mix1017,55,4,0,66,-1,11.79
fold2_room1_mix1017,56,4,0,67,-1,11.83
fold2_room1_mix1017,57,4,0,68,-1,11.68
fold2_room1_mix1017,58,2,0,-154,-3,5.34
fold2_room1_mix1017,58,4,0,69,-1,11.54
fold2_room1_mix1017,59,2,0,-150,-3,12.86
fold2_room1_mix1017,59,4,0,70,-1,11.30
fold2_room1_mix1017,60,2,0,-149,-2,15.09
fold2_room1_mix1017,60,4,0,72,-1,10.87
fold2_room1_mix1017,61,2,0,-148,-2,17.32
fold2_room1_mix1017,61,4,0,73,-1,10.45
fold2_room1_mix1017,62,2,0,-147,-2,15.34
fold2_room1_mix1017,62,4,0,74,-1,10.19
fold2_room1_mix1017,63,2,0,-148,-1,4.33
fold2_room1_mix1017,63,4,0,76,-1,10.58
fold2_room1_mix1017,64,4,0,79,-1,11.06
fold2_room1_mix1017,65,4,0,81,-1,11.48
fold2_room1_mix1017,66,4,0,82,-1,11.26
fold2_room1_mix1017,67,4,0,84,-1,10.89
fold2_room1_mix1017,68,2,0,-167,-2,10.22
fold2_room1_mix1017,68,4,0,86,-1,10.54
fold2_room1_mix1017,69,2,0,-167,-2,16.24
fold2_room1_mix1017,69,4,0,87,-1,10.40
fold2_room1_mix1017,70,2,0,-169,-2,17.85
fold2_room1_mix1017,70,4,0,89,-1,10.35
fold2_room1_mix1017,71,2,0,-171,-2,19.61
fold2_room1_mix1017,71,4,0,90,-1,10.31
fold2_room1_mix1017,72,2,0,-172,-1,10.52
fold2_room1_mix1017,72,4,0,93,-1,10.38
fold2_room1_mix1017,73,2,0,-172,-1,2.29
fold2_room1_mix1017,73,4,0,95,-1,10.54
fold2_room1_mix1017,74,4,0,98,-1,10.72
fold2_room1_mix1017,75,4,0,100,-1,10.88
fold2_room1_mix1017,76,4,0,102,-1,11.01
fold2_room1_mix1017,77,2,0,-175,-2,3.27
fold2_room1_mix1017,77,4,0,103,-1,11.14
fold2_room1_mix1017,78,2,0,-176,-2,9.46
fold2_room1_mix1017,78,4,0,104,-1,11.21
fold2_room1_mix1017,79,2,0,-175,-2,12.86
fold2_room1_mix1017,79,4,0,106,-1,11.00
fold2_room1_mix1017,80,2,0,-175,-1,16.19
fold2_room1_mix1017,80,4,0,107,-1,10.77
fold2_room1_mix1017,81,2,0,-175,-1,18.22
fold2_room1_mix1017,81,4,0,109,-1,10.58
fold2_room1_mix1017,82,2,0,-175,-1,7.22
fold2_room1_mix1017,82,4,0,109,-1,10.79
fold2_room1_mix1017,83,4,0,110,-1,11.10
fold2_room1_mix1017,84,4,0,110,-1,11.41
fold2_room1_mix1017,85,4,0,112,-1,11.42
fold2_room1_mix1017,86,4,0,113,-1,11.27
fold2_room1_mix1017,87,4,0,115,-1,11.13
fold2_room1_mix1017,88,4,0,117,-1,11.41
fold2_room1_mix1017,89,4,0,119,-1,12.13
fold2_room1_mix1017,90,4,0,121,-1,12.89
fold2_room1_mix1017,91,4,0,122,-1,12.84
fold2_room1_mix1017,92,4,0,123,-1,11.19
fold2_room1_mix1017,93,4,0,124,-1,9.69
fold2_room1_mix1017,94,4,0,125,-1,8.40
fold2_room1_mix1017,95,4,0,126,-1,7.34
fold2_room1_mix1017,96,4,0,128,-1,6.40
fold2_room1_mix1017,97,4,0,131,-1,5.58
fold2_room1_mix1017,98,4,0,135,-1,4.97
fold2_room1_mix1017,99,4,0,138,-1,4.44
fold2_room1_mix1017,38,2,0,-110,-3,1.80
fold2_room1_mix1023,0,2,0,-89,-2,15.79
fold2_room1_mix1023,1,2,0,-89,-2,15.66
fold2_room1_mix1023,2,2,0,-90,-2,14.37
fold2_room1_mix1023,3,2,0,-91,-2,12.94
fold2_room1_mix1023,4,2,0,-93,-2,11.40
fold2_room1_mix1023,5,2,0,-93,-2,5.01
fold2_room1_mix1023,10,2,0,-93,-2,8.27
fold2_room1_mix1023,11,2,0,-94,-2,18.99
fold2_room1_mix1023,12,2,0,-94,-2,16.91
fold2_room1_mix1023,13,2,0,-95,-2,14.62
fold2_room1_mix1023,14,2,0,-95,-2,10.59
fold2_room1_mix1023,15,2,0,-94,-1,3.43
fold2_room1_mix1023,20,2,0,-96,-2,12.89
fold2_room1_mix1023,21,2,0,-96,-2,16.95
fold2_room1_mix1023,22,2,0,-96,-2,14.22
fold2_room1_mix1023,23,2,0,-95,-2,11.91
fold2_room1_mix1023,24,2,0,-94,-2,6.25
fold2_room1_mix1023,32,2,0,-95,-3,14.55
fold2_room1_mix1023,33,2,0,-93,-3,11.77
fold2_room1_mix1023,34,2,0,-92,-2,4.48
fold2_room1_mix1023,38,2,0,93,-1,2.88
fold2_room1_mix1023,38,2,0,-86,-1,2.72
fold2_room1_mix1023,39,2,0,94,-2,11.35
fold2_room1_mix1023,39,2,0,-85,-2,10.48
fold2_room1_mix1023,40,2,0,93,-3,19.25
fold2_room1_mix1023,40,2,0,-85,-3,17.63
fold2_room1_mix1023,41,2,0,91,-4,16.10
fold2_room1_mix1023,41,2,0,-85,-2,14.88
fold2_room1_mix1023,48,2,0,92,-2,4.99
fold2_room1_mix1023,48,2,0,-83,-2,4.71
fold2_room1_mix1023,49,2,0,92,-3,15.79
fold2_room1_mix1023,49,2,0,-81,-3,14.61
fold2_room1_mix1023,50,2,0,90,-4,16.59
fold2_room1_mix1023,50,2,0,-81,-3,15.52
fold2_room1_mix1023,52,2,0,-84,-3,10.59
fold2_room1_mix1023,53,2,0,-85,-2,4.65
fold2_room1_mix1023,61,2,0,-77,-3,14.17
fold2_room1_mix1023,62,2,0,-80,-2,10.96
fold2_room1_mix1023,63,2,0,-82,-2,3.63
fold2_room1_mix1023,70,2,0,-71,-3,14.64
fold2_room1_mix1023,71,2,0,-76,-2,13.09
fold2_room1_mix1023,72,2,0,-80,-2,7.06
fold2_room1_mix1023,78,2,0,-64,-3,15.91
fold2_room1_mix1023,79,2,0,-68,-2,16.24
fold2_room1_mix1023,80,2,0,-73,-2,14.98
fold2_room1_mix1023,81,2,0,-77,-2,12.68
fold2_room1_mix1023,82,2,0,-79,-1,4.60
fold2_room1_mix1023,87,2,0,-76,-2,9.64
fold2_room1_mix1023,88,2,0,-75,-2,17.03
fold2_room1_mix1023,89,2,0,-78,-2,15.37
fold2_room1_mix1023,90,2,0,-81,-2,13.86
fold2_room1_mix1023,91,2,0,-83,-2,8.92
fold2_room1_mix1023,92,2,0,-84,-1,2.51
fold2_room1_mix1023,96,2,0,-83,-2,4.14
fold2_room1_mix1023,97,2,0,-82,-2,13.53
fold2_room1_mix1023,98,2,0,-82,-2,15.29
fold2_room1_mix1023,99,2,0,-82,-2,13.58
fold2_room1_mix1023,9,2,0,-92,-1,1.77
fold2_room1_mix1023,19,2,0,-94,-1,3.46
fold2_room1_mix1023,29,2,0,-94,-1,5.97
fold2_room1_mix1023,30,2,0,-98,-3,16.74
fold2_room1_mix1023,31,2,0,-96,-3,16.36
fold2_room1_mix1023,42,2,0,-86,-3,12.75
fold2_room1_mix1023,43,2,0,-86,-2,8.02
fold2_room1_mix1023,44,2,0,-87,-1,2.48
fold2_room1_mix1023,51,2,0,-82,-2,12.87
fold2_room1_mix1023,57,2,0,-82,-1,1.59
fold2_room1_mix1023,58,2,0,-77,-2,6.93
fold2_room1_mix1023,59,2,0,-76,-3,15.50
fold2_room1_mix1023,60,2,0,-77,-2,14.89
fold2_room1_mix1023,67,2,0,-76,-1,3.32
fold2_room1_mix1023,68,2,0,-67,-3,11.88
fold2_room1_mix1023,69,2,0,-69,-3,16.12
fold2_room1_mix1023,77,2,0,-69,-2,5.80
fold2_room1_mix1023,86,2,0,-79,-1,2.34
fold2_room1_mix1023,73,2,0,-83,-1,1.93
fold2_room1_mix1025,1,4,0,-6,-1,6.40
fold2_room1_mix1025,2,4,0,-5,-1,9.88
fold2_room1_mix1025,3,4,0,-6,-1,16.39
fold2_room1_mix1025,4,4,0,-7,-1,26.46
fold2_room1_mix1025,5,4,0,-7,-1,27.30
fold2_room1_mix1025,6,4,0,-7,-1,22.72
fold2_room1_mix1025,7,4,0,-6,-1,18.88
fold2_room1_mix1025,8,4,0,-6,-1,17.36
fold2_room1_mix1025,9,4,0,-6,-1,17.69
fold2_room1_mix1025,10,4,0,-6,-1,18.01
fold2_room1_mix1025,11,4,0,-6,-2,18.16
fold2_room1_mix1025,12,4,0,-5,-1,17.93
fold2_room1_mix1025,13,4,0,-5,-1,17.71
fold2_room1_mix1025,14,4,0,-4,-1,17.48
fold2_room1_mix1025,15,4,0,-4,-1,17.10
fold2_room1_mix1025,16,4,0,-4,-2,16.72
fold2_room1_mix1025,17,4,0,-4,-2,16.34
fold2_room1_mix1025,18,4,0,-4,-2,15.94
fold2_room1_mix1025,19,4,0,-4,-2,15.55
fold2_room1_mix1025,20,4,0,-4,-2,15.18
fold2_room1_mix1025,21,4,0,-5,-2,14.63
fold2_room1_mix1025,22,4,0,-5,-2,14.02
fold2_room1_mix1025,23,4,0,-6,-2,13.45
fold2_room1_mix1025,24,4,0,-6,-3,13.07
fold2_room1_mix1025,25,4,0,-6,-3,12.88
fold2_room1_mix1025,26,4,0,5,-2,18.36
fold2_room1_mix1025,26,4,0,-11,-4,9.91
fold2_room1_mix1025,27,4,0,7,-2,18.80
fold2_room1_mix1025,27,4,0,-13,-4,9.41
fold2_room1_mix1025,28,4,0,8,-2,18.73
fold2_room1_mix1025,28,4,0,-14,-4,9.01
fold2_room1_mix1025,29,4,0,8,-2,18.64
fold2_room1_mix1025,29,4,0,-15,-4,8.63
fold2_room1_mix1025,30,4,0,8,-2,18.62
fold2_room1_mix1025,30,4,0,-16,-4,8.19
fold2_room1_mix1025,31,4,0,9,-2,18.87
fold2_room1_mix1025,31,4,0,-18,-5,7.49
fold2_room1_mix1025,32,4,0,11,-3,19.15
fold2_room1_mix1025,32,4,0,-19,-5,6.81
fold2_room1_mix1025,33,4,0,12,-3,19.44
fold2_room1_mix1025,33,4,0,-21,-6,6.16
fold2_room1_mix1025,34,4,0,16,-2,19.76
fold2_room1_mix1025,34,4,0,-25,-7,5.36
fold2_room1_mix1025,35,4,0,19,-2,20.10
fold2_room1_mix1025,35,4,0,-29,-7,4.63
fold2_room1_mix1025,36,4,0,23,-2,20.38
fold2_room1_mix1025,36,4,0,-33,-8,3.98
fold2_room1_mix1025,37,4,0,26,-3,18.83
fold2_room1_mix1025,37,4,0,-43,-10,3.42
fold2_room1_mix1025,38,4,0,30,-3,16.62
fold2_room1_mix1025,38,4,0,-53,-11,2.93
fold2_room1_mix1025,39,4,0,33,-4,14.65
fold2_room1_mix1025,39,4,0,-63,-13,2.51
fold2_room1_mix1025,40,4,0,35,-4,13.31
fold2_room1_mix1025,40,4,0,-75,-14,2.38
fold2_room1_mix1025,41,4,0,37,-4,12.48
fold2_room1_mix1025,41,4,0,-89,-15,2.48
fold2_room1_mix1025,42,4,0,40,-4,11.69
fold2_room1_mix1025,42,4,0,-103,-14,2.60
fold2_room1_mix1025,43,4,0,43,-4,11.24
fold2_room1_mix1025,43,4,0,-115,-13,2.86
fold2_room1_mix1025,44,4,0,45,-4,11.39
fold2_room1_mix1025,44,4,0,-123,-11,3.47
fold2_room1_mix1025,45,4,0,47,-3,11.56
fold2_room1_mix1025,45,4,0,-122,-8,5.06
fold2_room1_mix1025,45,4,0,-141,-11,3.29
fold2_room1_mix1025,46,4,0,49,-2,11.56
fold2_room1_mix1025,46,4,0,-127,-7,6.03
fold2_room1_mix1025,46,4,0,-153,-9,3.86
fold2_room1_mix1025,47,4,0,51,-2,10.89
fold2_room1_mix1025,47,4,0,-129,-6,6.57
fold2_room1_mix1025,47,4,0,-157,-8,4.58
fold2_room1_mix1025,48,4,0,53,-3,10.19
fold2_room1_mix1025,48,4,0,-130,-6,7.08
fold2_room1_mix1025,48,4,0,-160,-7,5.41
fold2_room1_mix1025,49,4,0,55,-3,9.52
fold2_room1_mix1025,49,4,0,-132,-5,7.60
fold2_room1_mix1025,49,4,0,-163,-6,6.31
fold2_room1_mix1025,50,4,0,58,-3,8.72
fold2_room1_mix1025,50,4,0,-137,-5,7.90
fold2_room1_mix1025,50,4,0,-164,-5,6.70
fold2_room1_mix1025,51,4,0,61,-4,7.94
fold2_room1_mix1025,51,4,0,-141,-4,8.15
fold2_room1_mix1025,51,4,0,-164,-5,6.95
fold2_room1_mix1025,52,4,0,65,-5,7.25
fold2_room1_mix1025,52,4,0,-145,-4,8.41
fold2_room1_mix1025,52,4,0,-164,-5,7.21
fold2_room1_mix1025,53,4,0,70,-5,7.14
fold2_room1_mix1025,53,4,0,-147,-4,8.73
fold2_room1_mix1025,53,4,0,-164,-5,7.49
fold2_room1_mix1025,54,4,0,76,-4,7.31
fold2_room1_mix1025,54,4,0,-148,-4,9.08
fold2_room1_mix1025,54,4,0,-164,-4,7.78
fold2_room1_mix1025,55,4,0,83,-4,7.48
fold2_room1_mix1025,55,4,0,-149,-3,9.44
fold2_room1_mix1025,55,4,0,-165,-4,8.08
fold2_room1_mix1025,56,4,0,90,-4,7.67
fold2_room1_mix1025,56,4,0,-157,-3,9.09
fold2_room1_mix1025,57,4,0,97,-4,7.89
fold2_room1_mix1025,57,4,0,-156,-3,9.41
fold2_room1_mix1025,58,4,0,104,-4,8.11
fold2_room1_mix1025,58,4,0,-156,-3,9.74
fold2_room1_mix1025,59,4,0,109,-4,8.66
fold2_room1_mix1025,59,4,0,-155,-3,10.00
fold2_room1_mix1025,60,4,0,112,-3,9.99
fold2_room1_mix1025,60,4,0,-155,-3,10.10
fold2_room1_mix1025,61,4,0,115,-2,11.54
fold2_room1_mix1025,61,4,0,-155,-3,10.18
fold2_room1_mix1025,62,4,0,118,-2,13.16
fold2_room1_mix1025,62,4,0,-156,-3,10.35
fold2_room1_mix1025,63,4,0,136,-2,14.39
fold2_room1_mix1025,63,4,0,-165,-3,10.82
fold2_room1_mix1025,64,4,0,-150,-2,15.67
fold2_room1_mix1025,64,4,0,-178,-3,11.35
fold2_room1_mix1025,65,4,0,-123,-1,16.94
fold2_room1_mix1025,65,4,0,-175,-3,13.12
fold2_room1_mix1025,65,4,0,158,-2,10.72
fold2_room1_mix1025,66,4,0,-121,-1,17.32
fold2_room1_mix1025,66,4,0,-177,-2,13.81
fold2_room1_mix1025,66,4,0,157,-2,11.41
fold2_room1_mix1025,67,4,0,-120,-1,17.46
fold2_room1_mix1025,67,4,0,-178,-2,14.54
fold2_room1_mix1025,67,4,0,159,-1,12.20
fold2_room1_mix1025,68,4,0,-119,-1,17.60
fold2_room1_mix1025,68,4,0,-179,-2,15.30
fold2_room1_mix1025,68,4,0,162,-1,13.03
fold2_room1_mix1025,69,4,0,-118,-1,17.66
fold2_room1_mix1025,69,4,0,179,-2,15.84
fold2_room1_mix1025,69,4,0,163,-1,13.64
fold2_room1_mix1025,70,4,0,-118,-1,17.69
fold2_room1_mix1025,70,4,0,171,-1,15.21
fold2_room1_mix1025,71,4,0,-118,-1,17.71
fold2_room1_mix1025,71,4,0,171,-1,15.70
fold2_room1_mix1025,72,4,0,-117,-1,17.72
fold2_room1_mix1025,72,4,0,171,-1,16.19
fold2_room1_mix1025,73,4,0,-115,-1,17.72
fold2_room1_mix1025,73,4,0,172,-1,16.70
fold2_room1_mix1025,74,4,0,-113,-1,17.73
fold2_room1_mix1025,74,4,0,173,-1,17.22
fold2_room1_mix1025,75,4,0,-110,-1,17.72
fold2_room1_mix1025,75,4,0,174,-1,17.72
fold2_room1_mix1025,76,4,0,-108,-1,17.71
fold2_room1_mix1025,76,4,0,175,-1,18.18
fold2_room1_mix1025,77,4,0,-107,-1,17.69
fold2_room1_mix1025,77,4,0,175,-1,18.65
fold2_room1_mix1025,78,4,0,-105,-1,17.68
fold2_room1_mix1025,78,4,0,176,-1,19.18
fold2_room1_mix1025,79,4,0,-104,-1,17.72
fold2_room1_mix1025,79,4,0,176,-1,19.94
fold2_room1_mix1025,80,4,0,-104,-1,17.77
fold2_room1_mix1025,80,4,0,176,-1,20.74
fold2_room1_mix1025,81,4,0,-104,-1,17.80
fold2_room1_mix1025,81,4,0,176,-1,21.55
fold2_room1_mix1025,82,4,0,-106,-1,17.76
fold2_room1_mix1025,82,4,0,177,-1,22.08
fold2_room1_mix1025,83,4,0,-109,-1,17.70
fold2_room1_mix1025,83,4,0,178,-1,22.55
fold2_room1_mix1025,84,4,0,-112,-1,17.65
fold2_room1_mix1025,84,4,0,178,-1,23.03
fold2_room1_mix1025,85,4,0,-114,-1,17.82
fold2_room1_mix1025,85,4,0,178,-1,23.40
fold2_room1_mix1025,86,4,0,-116,-1,18.10
fold2_room1_mix1025,86,4,0,178,-1,23.71
fold2_room1_mix1025,87,4,0,-117,-1,18.39
fold2_room1_mix1025,87,4,0,178,-1,24.03
fold2_room1_mix1025,88,4,0,-120,-1,18.58
fold2_room1_mix1025,88,4,0,178,-1,24.49
fold2_room1_mix1025,89,4,0,-123,-1,18.67
fold2_room1_mix1025,89,4,0,178,0,25.09
fold2_room1_mix1025,90,4,0,-126,-1,18.76
fold2_room1_mix1025,90,4,0,178,0,25.70
fold2_room1_mix1025,91,4,0,-127,-1,18.84
fold2_room1_mix1025,91,4,0,178,0,26.08
fold2_room1_mix1025,92,4,0,-127,-1,18.87
fold2_room1_mix1025,92,4,0,178,0,25.96
fold2_room1_mix1025,93,4,0,-127,-1,18.91
fold2_room1_mix1025,93,4,0,178,0,25.82
fold2_room1_mix1025,94,4,0,-127,-1,19.05
fold2_room1_mix1025,94,4,0,178,0,25.85
fold2_room1_mix1025,95,4,0,-128,-1,19.61
fold2_room1_mix1025,95,4,0,177,0,26.58
fold2_room1_mix1025,96,4,0,-129,-1,20.23
fold2_room1_mix1025,96,4,0,176,0,27.41
fold2_room1_mix1025,97,4,0,-130,-1,20.76
fold2_room1_mix1025,97,4,0,176,0,28.13
fold2_room1_mix1025,98,4,0,-133,-1,20.29
fold2_room1_mix1025,98,4,0,177,0,27.61
fold2_room1_mix1025,99,4,0,-136,-1,19.59
fold2_room1_mix1025,99,4,0,178,0,26.86
fold2_room1_mix1025,0,4,0,-7,-1,6.25
fold2_room1_mix1033,1,4,0,-5,-1,6.46
fold2_room1_mix1033,2,4,0,-5,0,11.37
fold2_room1_mix1033,3,4,0,-5,0,20.58
fold2_room1_mix1033,4,4,0,-6,0,36.36
fold2_room1_mix1033,5,4,0,-6,-1,38.28
fold2_room1_mix1033,6,4,0,-3,-1,23.45
fold2_room1_mix1033,7,4,0,-3,-1,19.38
fold2_room1_mix1033,7,4,0,-161,0,38.32
fold2_room1_mix1033,8,4,0,-3,-1,17.79
fold2_room1_mix1033,8,4,0,-166,0,35.00
fold2_room1_mix1033,9,4,0,-3,-1,18.14
fold2_room1_mix1033,9,4,0,-166,0,36.02
fold2_room1_mix1033,10,4,0,-4,-1,18.50
fold2_room1_mix1033,10,4,0,-166,0,37.06
fold2_room1_mix1033,11,4,0,-4,-1,18.50
fold2_room1_mix1033,11,4,0,-166,0,38.25
fold2_room1_mix1033,12,4,0,-5,-1,17.75
fold2_room1_mix1033,12,4,0,-166,0,39.72
fold2_room1_mix1033,13,4,0,-5,-1,17.01
fold2_room1_mix1033,13,4,0,-166,0,41.26
fold2_room1_mix1033,14,4,0,-6,-1,16.35
fold2_room1_mix1033,14,4,0,-166,0,42.67
fold2_room1_mix1033,15,4,0,-6,-1,15.88
fold2_room1_mix1033,15,4,0,-167,0,43.36
fold2_room1_mix1033,16,4,0,-6,-1,15.45
fold2_room1_mix1033,16,4,0,-167,0,43.98
fold2_room1_mix1033,17,4,0,-6,-1,14.99
fold2_room1_mix1033,17,4,0,-167,0,44.52
fold2_room1_mix1033,18,4,0,-6,-1,14.27
fold2_room1_mix1033,18,4,0,-166,0,44.31
fold2_room1_mix1033,19,4,0,-6,-1,13.53
fold2_room1_mix1033,19,4,0,-165,0,43.92
fold2_room1_mix1033,20,4,0,-6,-1,12.83
fold2_room1_mix1033,20,4,0,-165,0,43.54
fold2_room1_mix1033,21,4,0,-6,-2,12.33
fold2_room1_mix1033,21,4,0,-164,0,43.36
fold2_room1_mix1033,22,4,0,-6,-2,11.92
fold2_room1_mix1033,22,4,0,-164,0,43.27
fold2_room1_mix1033,23,4,0,-7,-2,11.53
fold2_room1_mix1033,23,4,0,-164,0,43.19
fold2_room1_mix1033,24,4,0,-8,-2,11.10
fold2_room1_mix1033,24,4,0,-164,0,43.03
fold2_room1_mix1033,25,4,0,-8,-2,10.65
fold2_room1_mix1033,25,4,0,-163,0,42.80
fold2_room1_mix1033,26,4,0,-8,-2,10.22
fold2_room1_mix1033,26,4,0,-163,0,42.58
fold2_room1_mix1033,27,4,0,-9,-2,9.76
fold2_room1_mix1033,27,4,0,-163,0,41.81
fold2_room1_mix1033,28,4,0,-9,-2,9.24
fold2_room1_mix1033,28,4,0,-163,0,40.00
fold2_room1_mix1033,29,4,0,-9,-2,8.74
fold2_room1_mix1033,29,4,0,-163,0,38.24
fold2_room1_mix1033,30,4,0,-10,-2,8.24
fold2_room1_mix1033,30,4,0,-162,0,36.69
fold2_room1_mix1033,31,4,0,-11,-3,7.66
fold2_room1_mix1033,31,4,0,-162,0,35.77
fold2_room1_mix1033,32,4,0,-11,-3,7.11
fold2_room1_mix1033,32,4,0,-161,0,34.94
fold2_room1_mix1033,33,4,0,-12,-3,6.58
fold2_room1_mix1033,33,4,0,-160,0,34.10
fold2_room1_mix1033,34,4,0,-14,-4,5.99
fold2_room1_mix1033,34,4,0,-160,0,33.00
fold2_room1_mix1033,35,4,0,-15,-4,5.42
fold2_room1_mix1033,35,4,0,-160,0,31.86
fold2_room1_mix1033,36,4,0,-16,-5,4.90
fold2_room1_mix1033,36,4,0,-160,-1,30.80
fold2_room1_mix1033,37,4,0,-18,-5,4.20
fold2_room1_mix1033,37,4,0,-160,0,30.80
fold2_room1_mix1033,38,4,0,-21,-6,3.50
fold2_room1_mix1033,38,4,0,-161,0,31.30
fold2_room1_mix1033,39,4,0,-24,-8,2.89
fold2_room1_mix1033,39,4,0,-161,0,31.81
fold2_room1_mix1033,40,4,0,-31,-10,2.29
fold2_room1_mix1033,40,4,0,-161,0,32.52
fold2_room1_mix1033,41,4,0,-40,-14,1.72
fold2_room1_mix1033,41,4,0,-159,0,33.43
fold2_room1_mix1033,42,4,0,-51,-18,1.25
fold2_room1_mix1033,42,4,0,-158,0,34.38
fold2_room1_mix1033,43,4,0,-67,-21,1.06
fold2_room1_mix1033,43,4,0,-158,0,34.06
fold2_room1_mix1033,44,4,0,-94,-18,1.66
fold2_room1_mix1033,44,4,0,-111,-22,1.02
fold2_room1_mix1033,44,4,0,-161,0,31.26
fold2_room1_mix1033,45,4,0,-131,-14,1.67
fold2_room1_mix1033,45,4,0,-163,0,28.62
fold2_room1_mix1033,46,4,0,-143,-10,2.09
fold2_room1_mix1033,46,4,0,-166,-1,25.96
fold2_room1_mix1033,47,4,0,-138,-6,3.49
fold2_room1_mix1033,47,4,0,-161,-5,12.45
fold2_room1_mix1033,48,4,0,-139,-5,4.69
fold2_room1_mix1033,48,4,0,-163,-4,11.35
fold2_room1_mix1033,49,4,0,-140,-3,6.14
fold2_room1_mix1033,49,4,0,-166,-4,10.49
fold2_room1_mix1033,50,4,0,-140,-3,7.25
fold2_room1_mix1033,50,4,0,-167,-3,9.63
fold2_room1_mix1033,51,4,0,-140,-2,8.35
fold2_room1_mix1033,51,4,0,-168,-3,8.89
fold2_room1_mix1033,52,4,0,-140,-2,9.59
fold2_room1_mix1033,52,4,0,-169,-3,8.30
fold2_room1_mix1033,53,4,0,-141,-1,10.97
fold2_room1_mix1033,53,4,0,-170,-3,8.07
fold2_room1_mix1033,54,4,0,-141,-1,12.53
fold2_room1_mix1033,54,4,0,-170,-3,8.01
fold2_room1_mix1033,55,4,0,-142,0,14.28
fold2_room1_mix1033,55,4,0,-171,-3,8.00
fold2_room1_mix1033,56,4,0,-142,0,15.45
fold2_room1_mix1033,56,4,0,-171,-3,8.14
fold2_room1_mix1033,57,4,0,-142,0,15.89
fold2_room1_mix1033,57,4,0,-171,-3,8.42
fold2_room1_mix1033,58,4,0,-142,0,16.33
fold2_room1_mix1033,58,4,0,-171,-3,8.72
fold2_room1_mix1033,59,4,0,-141,0,16.52
fold2_room1_mix1033,59,4,0,-172,-3,9.03
fold2_room1_mix1033,60,4,0,-140,0,16.14
fold2_room1_mix1033,60,4,0,-172,-2,9.38
fold2_room1_mix1033,61,4,0,-139,0,15.76
fold2_room1_mix1033,61,4,0,-172,-2,9.73
fold2_room1_mix1033,62,4,0,-137,0,15.37
fold2_room1_mix1033,62,4,0,-173,-2,10.11
fold2_room1_mix1033,63,4,0,-135,0,14.92
fold2_room1_mix1033,63,4,0,-172,-2,10.54
fold2_room1_mix1033,64,4,0,-134,0,14.47
fold2_room1_mix1033,64,4,0,-172,-2,11.00
fold2_room1_mix1033,65,4,0,-132,-1,14.06
fold2_room1_mix1033,65,4,0,-172,-2,11.46
fold2_room1_mix1033,66,4,0,-130,-1,13.78
fold2_room1_mix1033,66,4,0,-172,-2,11.79
fold2_room1_mix1033,67,4,0,-129,-1,13.54
fold2_room1_mix1033,67,4,0,-172,-2,12.10
fold2_room1_mix1033,68,4,0,-127,0,13.30
fold2_room1_mix1033,68,4,0,-172,-2,12.41
fold2_room1_mix1033,69,4,0,-125,-1,12.89
fold2_room1_mix1033,69,4,0,-172,-2,12.88
fold2_room1_mix1033,70,4,0,-123,-1,12.42
fold2_room1_mix1033,70,4,0,-172,-2,13.44
fold2_room1_mix1033,71,4,0,-121,-1,11.96
fold2_room1_mix1033,71,4,0,-171,-1,14.02
fold2_room1_mix1033,72,4,0,-119,-1,11.58
fold2_room1_mix1033,72,4,0,-171,-1,14.68
fold2_room1_mix1033,73,4,0,-116,-2,11.28
fold2_room1_mix1033,73,4,0,-172,-1,15.42
fold2_room1_mix1033,74,4,0,-113,-2,10.99
fold2_room1_mix1033,74,4,0,-172,-1,16.19
fold2_room1_mix1033,75,4,0,-110,-2,10.65
fold2_room1_mix1033,75,4,0,-172,-1,16.99
fold2_room1_mix1033,76,4,0,-106,-2,10.23
fold2_room1_mix1033,76,4,0,-172,-1,17.80
fold2_room1_mix1033,77,4,0,-102,-2,9.82
fold2_room1_mix1033,77,4,0,-173,-1,18.64
fold2_room1_mix1033,78,4,0,-98,-2,9.46
fold2_room1_mix1033,78,4,0,-173,-1,19.48
fold2_room1_mix1033,79,4,0,-94,-2,9.27
fold2_room1_mix1033,79,4,0,-173,0,20.18
fold2_room1_mix1033,80,4,0,-90,-2,9.10
fold2_room1_mix1033,80,4,0,-174,0,20.90
fold2_room1_mix1033,81,4,0,-87,-2,8.95
fold2_room1_mix1033,81,4,0,-174,0,21.64
fold2_room1_mix1033,82,4,0,-83,-2,8.96
fold2_room1_mix1033,82,4,0,-174,0,22.50
fold2_room1_mix1033,83,4,0,-80,-3,9.02
fold2_room1_mix1033,83,4,0,-174,0,23.41
fold2_room1_mix1033,84,4,0,-78,-3,9.07
fold2_room1_mix1033,84,4,0,-174,0,24.35
fold2_room1_mix1033,85,4,0,-74,-3,9.19
fold2_room1_mix1033,85,4,0,-174,0,24.96
fold2_room1_mix1033,86,4,0,-71,-2,9.34
fold2_room1_mix1033,86,4,0,-174,0,25.42
fold2_room1_mix1033,87,4,0,-68,-2,9.50
fold2_room1_mix1033,87,4,0,-174,0,25.88
fold2_room1_mix1033,88,4,0,-65,-2,9.76
fold2_room1_mix1033,88,4,0,-174,0,26.31
fold2_room1_mix1033,89,4,0,-61,-2,10.12
fold2_room1_mix1033,89,4,0,-174,0,26.71
fold2_room1_mix1033,90,4,0,-58,-2,10.50
fold2_room1_mix1033,90,4,0,-174,0,27.11
fold2_room1_mix1033,91,4,0,-55,-2,10.96
fold2_room1_mix1033,91,4,0,-174,0,27.60
fold2_room1_mix1033,92,4,0,-53,-2,11.59
fold2_room1_mix1033,92,4,0,-175,0,28.28
fold2_room1_mix1033,93,4,0,-51,-2,12.24
fold2_room1_mix1033,93,4,0,-175,0,28.99
fold2_room1_mix1033,94,4,0,-48,-2,12.91
fold2_room1_mix1033,94,4,0,-176,0,29.67
fold2_room1_mix1033,95,4,0,-47,-1,13.47
fold2_room1_mix1033,95,4,0,-176,0,30.16
fold2_room1_mix1033,96,4,0,-45,-1,14.04
fold2_room1_mix1033,96,4,0,-176,0,30.65
fold2_room1_mix1033,97,4,0,-43,-1,14.57
fold2_room1_mix1033,97,4,0,-176,0,31.18
fold2_room1_mix1033,98,4,0,-40,-1,14.62
fold2_room1_mix1033,98,4,0,-177,0,32.16
fold2_room1_mix1033,99,4,0,-37,-1,14.54
fold2_room1_mix1033,99,4,0,-178,0,33.29
fold2_room1_mix1050,0,5,0,-35,4,12.48
fold2_room1_mix1050,1,5,0,-35,4,12.56
fold2_room1_mix1050,2,5,0,-36,4,13.44
fold2_room1_mix1050,3,5,0,-37,4,14.59
fold2_room1_mix1050,4,5,0,-37,3,15.79
fold2_room1_mix1050,5,5,0,-38,3,15.85
fold2_room1_mix1050,6,5,0,-38,3,15.34
fold2_room1_mix1050,7,5,0,-38,3,14.85
fold2_room1_mix1050,8,5,0,-38,3,14.76
fold2_room1_mix1050,9,5,0,-38,3,15.07
fold2_room1_mix1050,10,5,0,-38,3,15.39
fold2_room1_mix1050,11,5,0,-38,3,15.50
fold2_room1_mix1050,12,5,0,-38,3,15.17
fold2_room1_mix1050,13,5,0,-39,3,14.83
fold2_room1_mix1050,14,5,0,-39,3,14.52
fold2_room1_mix1050,15,5,0,-40,3,14.32
fold2_room1_mix1050,16,5,0,-41,4,14.14
fold2_room1_mix1050,17,5,0,-42,4,13.95
fold2_room1_mix1050,18,5,0,-43,4,13.78
fold2_room1_mix1050,19,5,0,-44,4,13.61
fold2_room1_mix1050,20,5,0,-45,4,13.45
fold2_room1_mix1050,21,5,0,-45,4,13.38
fold2_room1_mix1050,22,5,0,-45,4,13.36
fold2_room1_mix1050,23,5,0,-45,4,13.33
fold2_room1_mix1050,24,5,0,-45,4,13.29
fold2_room1_mix1050,25,5,0,-45,4,13.23
fold2_room1_mix1050,26,5,0,-45,4,13.17
fold2_room1_mix1050,27,5,0,-45,4,13.12
fold2_room1_mix1050,28,5,0,-46,4,13.08
fold2_room1_mix1050,29,5,0,-47,4,13.03
fold2_room1_mix1050,30,5,0,-48,4,12.99
fold2_room1_mix1050,31,5,0,-48,4,12.95
fold2_room1_mix1050,32,5,0,-49,4,12.91
fold2_room1_mix1050,33,5,0,-50,4,12.86
fold2_room1_mix1050,34,5,0,-51,4,12.76
fold2_room1_mix1050,35,5,0,-52,4,12.65
fold2_room1_mix1050,36,5,0,-52,4,12.55
fold2_room1_mix1050,37,5,0,-53,4,12.46
fold2_room1_mix1050,38,5,0,-53,4,12.38
fold2_room1_mix1050,39,5,0,-53,4,12.30
fold2_room1_mix1050,40,5,0,-54,4,12.21
fold2_room1_mix1050,41,5,0,-54,4,12.10
fold2_room1_mix1050,42,5,0,-54,4,11.99
fold2_room1_mix1050,43,5,0,-54,4,11.92
fold2_room1_mix1050,44,5,0,-55,4,11.95
fold2_room1_mix1050,45,5,0,-55,4,11.98
fold2_room1_mix1050,46,5,0,-56,4,11.99
fold2_room1_mix1050,47,5,0,-56,4,11.87
fold2_room1_mix1050,48,5,0,-56,4,11.74
fold2_room1_mix1050,49,5,0,-57,4,11.62
fold2_room1_mix1050,50,5,0,-57,4,11.57
fold2_room1_mix1050,51,5,0,-56,4,11.53
fold2_room1_mix1050,52,5,0,-56,4,11.49
fold2_room1_mix1050,53,5,0,-56,4,11.52
fold2_room1_mix1050,54,5,0,-56,4,11.57
fold2_room1_mix1050,55,5,0,-57,4,11.62
fold2_room1_mix1050,56,5,0,-57,4,11.60
fold2_room1_mix1050,57,5,0,-57,4,11.51
fold2_room1_mix1050,58,5,0,-58,4,11.42
fold2_room1_mix1050,59,5,0,-58,4,11.33
fold2_room1_mix1050,60,5,0,-58,5,11.25
fold2_room1_mix1050,61,5,0,-58,5,11.18
fold2_room1_mix1050,62,5,0,-58,5,11.13
fold2_room1_mix1050,63,5,0,-58,5,11.18
fold2_room1_mix1050,64,5,0,-59,5,11.23
fold2_room1_mix1050,65,5,0,-59,5,11.27
fold2_room1_mix1050,66,5,0,-60,5,11.16
fold2_room1_mix1050,67,5,0,-61,5,11.01
fold2_room1_mix1050,68,5,0,-62,5,10.86
fold2_room1_mix1050,69,5,0,-63,5,10.75
fold2_room1_mix1050,70,5,0,-63,5,10.65
fold2_room1_mix1050,71,5,0,-64,5,10.55
fold2_room1_mix1050,72,5,0,-64,5,10.52
fold2_room1_mix1050,73,5,0,-65,5,10.55
fold2_room1_mix1050,74,5,0,-66,5,10.58
fold2_room1_mix1050,75,5,0,-67,5,10.62
fold2_room1_mix1050,76,5,0,-68,5,10.65
fold2_room1_mix1050,77,5,0,-68,5,10.69
fold2_room1_mix1050,78,5,0,-69,5,10.71
fold2_room1_mix1050,79,5,0,-69,5,10.66
fold2_room1_mix1050,80,5,0,-70,5,10.60
fold2_room1_mix1050,81,5,0,-70,5,10.53
fold2_room1_mix1050,82,5,0,-71,5,10.43
fold2_room1_mix1050,83,5,0,-73,5,10.32
fold2_room1_mix1050,84,5,0,-74,5,10.22
fold2_room1_mix1050,85,5,0,-75,5,10.14
fold2_room1_mix1050,86,5,0,-77,5,10.08
fold2_room1_mix1050,87,5,0,-78,5,10.02
fold2_room1_mix1050,88,5,0,-79,5,9.99
fold2_room1_mix1050,89,5,0,-80,5,9.98
fold2_room1_mix1050,90,5,0,-80,5,9.97
fold2_room1_mix1050,91,5,0,-81,5,9.95
fold2_room1_mix1050,92,5,0,-82,5,9.91
fold2_room1_mix1050,93,5,0,-83,5,9.87
fold2_room1_mix1050,94,5,0,-84,5,9.87
fold2_room1_mix1050,95,5,0,-85,5,10.03
fold2_room1_mix1050,96,5,0,-85,5,10.21
fold2_room1_mix1050,97,5,0,-86,5,10.34
fold2_room1_mix1050,98,5,0,-87,5,9.97
fold2_room1_mix1050,99,5,0,-89,5,9.49
fold2_room1_mix1080,50,4,0,18,0,4.92
fold2_room1_mix1080,51,4,0,19,-1,7.70
fold2_room1_mix1080,52,4,0,21,-1,11.91
fold2_room1_mix1080,53,4,0,21,-1,15.19
fold2_room1_mix1080,54,4,0,22,-1,17.73
fold2_room1_mix1080,55,4,0,23,-1,20.66
fold2_room1_mix1080,56,4,0,24,-1,21.06
fold2_room1_mix1080,57,4,0,25,-1,18.79
fold2_room1_mix1080,58,4,0,25,-1,16.75
fold2_room1_mix1080,59,4,0,27,-1,15.31
fold2_room1_mix1080,60,4,0,28,-1,14.75
fold2_room1_mix1080,61,4,0,30,-1,14.22
fold2_room1_mix1080,62,4,0,31,-1,13.65
fold2_room1_mix1080,63,4,0,33,-1,12.81
fold2_room1_mix1080,64,4,0,35,-1,11.99
fold2_room1_mix1080,65,4,0,37,-1,11.23
fold2_room1_mix1080,66,4,0,40,-1,10.63
fold2_room1_mix1080,67,4,0,42,-2,10.07
fold2_room1_mix1080,68,4,0,45,-2,9.55
fold2_room1_mix1080,69,4,0,50,-2,9.04
fold2_room1_mix1080,70,4,0,54,-2,8.55
fold2_room1_mix1080,71,4,0,59,-2,8.09
fold2_room1_mix1080,72,4,0,64,-2,7.77
fold2_room1_mix1080,73,4,0,71,-2,7.57
fold2_room1_mix1080,74,4,0,77,-2,7.37
fold2_room1_mix1080,75,4,0,84,-2,7.26
fold2_room1_mix1080,76,4,0,92,-2,7.30
fold2_room1_mix1080,77,4,0,100,-2,7.35
fold2_room1_mix1080,78,4,0,107,-2,7.45
fold2_room1_mix1080,79,4,0,113,-2,7.78
fold2_room1_mix1080,80,4,0,119,-2,8.15
fold2_room1_mix1080,81,4,0,125,-2,8.54
fold2_room1_mix1080,82,4,0,129,-2,9.02
fold2_room1_mix1080,83,4,0,133,-2,9.54
fold2_room1_mix1080,84,4,0,136,-2,10.08
fold2_room1_mix1080,85,4,0,139,-1,10.61
fold2_room1_mix1080,86,4,0,142,-1,11.14
fold2_room1_mix1080,87,4,0,144,-1,11.70
fold2_room1_mix1080,88,4,0,146,-1,12.39
fold2_room1_mix1080,89,4,0,148,-1,13.22
fold2_room1_mix1080,90,4,0,150,-1,14.10
fold2_room1_mix1080,91,4,0,151,-1,14.95
fold2_room1_mix1080,92,4,0,152,-1,15.68
fold2_room1_mix1080,93,4,0,154,-1,16.44
fold2_room1_mix1080,94,4,0,155,-1,17.23
fold2_room1_mix1080,95,4,0,156,-1,18.05
fold2_room1_mix1080,96,4,0,156,0,18.90
fold2_room1_mix1080,97,4,0,157,0,19.77
fold2_room1_mix1080,98,4,0,158,0,20.40
fold2_room1_mix1080,99,4,0,158,0,20.98
fold2_room1_mix1083,0,5,0,97,24,2.64
fold2_room1_mix1083,1,4,0,-1,-1,7.77
fold2_room1_mix1083,1,5,0,97,25,2.63
fold2_room1_mix1083,2,4,0,0,0,13.98
fold2_room1_mix1083,2,5,0,94,25,2.53
fold2_room1_mix1083,3,4,0,0,0,26.26
fold2_room1_mix1083,3,5,0,91,26,2.41
fold2_room1_mix1083,4,4,0,-1,0,47.85
fold2_room1_mix1083,4,5,0,88,27,2.29
fold2_room1_mix1083,5,4,0,-1,0,51.25
fold2_room1_mix1083,5,5,0,85,28,2.26
fold2_room1_mix1083,6,4,0,-1,0,42.53
fold2_room1_mix1083,6,5,0,82,28,2.25
fold2_room1_mix1083,7,4,0,-1,0,35.26
fold2_room1_mix1083,7,5,0,78,28,2.25
fold2_room1_mix1083,8,4,0,-1,0,32.86
fold2_room1_mix1083,8,5,0,76,28,2.28
fold2_room1_mix1083,9,4,0,-1,0,34.46
fold2_room1_mix1083,9,5,0,74,27,2.35
fold2_room1_mix1083,10,4,0,-1,0,36.13
fold2_room1_mix1083,10,5,0,71,27,2.42
fold2_room1_mix1083,11,4,0,-1,0,36.14
fold2_room1_mix1083,11,5,0,69,26,2.47
fold2_room1_mix1083,12,4,0,-1,0,32.81
fold2_room1_mix1083,12,5,0,66,26,2.49
fold2_room1_mix1083,13,4,0,-1,0,29.68
fold2_room1_mix1083,13,5,0,63,25,2.50
fold2_room1_mix1083,14,4,0,-1,-1,27.21
fold2_room1_mix1083,14,5,0,60,24,2.52
fold2_room1_mix1083,15,4,0,-1,-1,26.34
fold2_room1_mix1083,15,5,0,58,23,2.56
fold2_room1_mix1083,16,4,0,-1,-1,25.66
fold2_room1_mix1083,16,5,0,55,23,2.61
fold2_room1_mix1083,17,4,0,-1,-1,25.03
fold2_room1_mix1083,17,5,0,53,22,2.66
fold2_room1_mix1083,18,4,0,-1,-1,24.83
fold2_room1_mix1083,18,5,0,51,21,2.72
fold2_room1_mix1083,19,4,0,-1,-1,24.72
fold2_room1_mix1083,19,5,0,50,21,2.78
fold2_room1_mix1083,20,4,0,-1,-1,24.60
fold2_room1_mix1083,20,5,0,49,20,2.85
fold2_room1_mix1083,21,4,0,-1,-1,23.69
fold2_room1_mix1083,21,5,0,47,20,2.91
fold2_room1_mix1083,22,4,0,-2,-1,22.46
fold2_room1_mix1083,22,5,0,46,19,2.97
fold2_room1_mix1083,23,4,0,-2,-1,21.29
fold2_room1_mix1083,23,5,0,44,19,3.02
fold2_room1_mix1083,24,4,0,-2,-1,20.46
fold2_room1_mix1083,24,5,0,43,19,3.08
fold2_room1_mix1083,25,4,0,-2,-1,19.94
fold2_room1_mix1083,25,5,0,41,18,3.15
fold2_room1_mix1083,26,4,0,-2,-1,19.46
fold2_room1_mix1083,26,5,0,40,18,3.22
fold2_room1_mix1083,27,4,0,-2,-1,18.92
fold2_room1_mix1083,27,5,0,38,17,3.29
fold2_room1_mix1083,28,4,0,-2,-1,18.23
fold2_room1_mix1083,28,5,0,37,17,3.40
fold2_room1_mix1083,29,4,0,-2,-1,17.57
fold2_room1_mix1083,29,5,0,36,17,3.50
fold2_room1_mix1083,30,4,0,-2,-2,16.96
fold2_room1_mix1083,30,5,0,35,16,3.62
fold2_room1_mix1083,31,4,0,-2,-2,16.39
fold2_room1_mix1083,31,5,0,34,15,3.75
fold2_room1_mix1083,32,4,0,-3,-2,15.86
fold2_room1_mix1083,32,5,0,33,15,3.89
fold2_room1_mix1083,33,4,0,-3,-2,15.36
fold2_room1_mix1083,33,5,0,32,14,4.04
fold2_room1_mix1083,34,4,0,-3,-2,14.76
fold2_room1_mix1083,34,5,0,31,14,4.20
fold2_room1_mix1083,35,4,0,-4,-2,14.17
fold2_room1_mix1083,35,5,0,30,13,4.37
fold2_room1_mix1083,36,4,0,-4,-2,13.60
fold2_room1_mix1083,36,5,0,29,13,4.54
fold2_room1_mix1083,37,4,0,-4,-3,13.21
fold2_room1_mix1083,37,5,0,29,12,4.66
fold2_room1_mix1083,38,4,0,-4,-3,12.95
fold2_room1_mix1083,38,5,0,28,12,4.76
fold2_room1_mix1083,39,4,0,-4,-3,12.74
fold2_room1_mix1083,39,5,0,27,12,4.86
fold2_room1_mix1083,40,4,0,0,-2,17.16
fold2_room1_mix1083,40,4,0,-20,-9,3.62
fold2_room1_mix1083,40,5,0,27,12,4.95
fold2_room1_mix1083,41,4,0,0,-2,17.63
fold2_room1_mix1083,41,4,0,-29,-13,2.78
fold2_room1_mix1083,41,5,0,26,12,5.03
fold2_room1_mix1083,42,4,0,0,-3,18.12
fold2_room1_mix1083,42,4,0,-44,-19,2.09
fold2_room1_mix1083,42,5,0,25,11,5.11
fold2_room1_mix1083,43,4,0,-1,-3,17.90
fold2_room1_mix1083,43,4,0,-77,-27,1.80
fold2_room1_mix1083,43,5,0,25,11,5.21
fold2_room1_mix1083,44,4,0,-1,-3,16.32
fold2_room1_mix1083,44,4,0,-117,-24,2.11
fold2_room1_mix1083,44,5,0,24,11,5.35
fold2_room1_mix1083,45,4,0,-2,-3,14.84
fold2_room1_mix1083,45,4,0,-142,-16,2.48
fold2_room1_mix1083,45,5,0,24,11,5.50
fold2_room1_mix1083,46,4,0,-2,-2,13.67
fold2_room1_mix1083,46,4,0,-153,-12,2.93
fold2_room1_mix1083,46,5,0,23,11,5.64
fold2_room1_mix1083,47,4,0,-2,-3,13.33
fold2_room1_mix1083,47,4,0,-159,-9,3.60
fold2_room1_mix1083,47,5,0,23,10,5.71
fold2_room1_mix1083,48,4,0,-2,-3,13.08
fold2_room1_mix1083,48,4,0,-165,-7,4.41
fold2_room1_mix1083,48,5,0,23,10,5.78
fold2_room1_mix1083,49,4,0,-2,-3,12.81
fold2_room1_mix1083,49,4,0,-169,-5,5.32
fold2_room1_mix1083,49,5,0,23,10,5.85
fold2_room1_mix1083,50,4,0,-2,-3,12.37
fold2_room1_mix1083,50,4,0,-171,-4,6.02
fold2_room1_mix1083,50,5,0,23,10,5.90
fold2_room1_mix1083,51,4,0,-2,-3,11.89
fold2_room1_mix1083,51,4,0,-172,-4,6.70
fold2_room1_mix1083,51,5,0,22,10,5.95
fold2_room1_mix1083,52,4,0,-2,-3,11.42
fold2_room1_mix1083,52,4,0,-172,-3,7.44
fold2_room1_mix1083,52,5,0,22,10,5.99
fold2_room1_mix1083,53,4,0,-2,-3,10.64
fold2_room1_mix1083,53,4,0,-173,-3,7.99
fold2_room1_mix1083,53,5,0,22,10,6.05
fold2_room1_mix1083,54,4,0,-2,-3,9.76
fold2_room1_mix1083,54,4,0,-174,-3,8.45
fold2_room1_mix1083,54,5,0,22,9,6.12
fold2_room1_mix1083,55,4,0,-2,-3,8.95
fold2_room1_mix1083,55,4,0,-174,-3,8.94
fold2_room1_mix1083,55,5,0,21,9,6.19
fold2_room1_mix1083,56,4,0,-3,-4,7.99
fold2_room1_mix1083,56,4,0,-175,-3,9.54
fold2_room1_mix1083,56,5,0,21,9,6.34
fold2_room1_mix1083,57,4,0,-3,-5,6.95
fold2_room1_mix1083,57,4,0,-175,-3,10.25
fold2_room1_mix1083,57,5,0,20,8,6.58
fold2_room1_mix1083,58,4,0,-3,-5,6.02
fold2_room1_mix1083,58,4,0,-175,-3,11.02
fold2_room1_mix1083,58,5,0,20,8,6.83
fold2_room1_mix1083,59,4,0,-3,-6,5.26
fold2_room1_mix1083,59,4,0,-175,-3,11.89
fold2_room1_mix1083,59,5,0,19,8,7.07
fold2_room1_mix1083,60,4,0,-3,-7,4.67
fold2_room1_mix1083,60,4,0,-175,-2,12.95
fold2_room1_mix1083,60,5,0,19,8,7.28
fold2_room1_mix1083,61,4,0,-4,-7,4.13
fold2_room1_mix1083,61,4,0,-175,-2,14.09
fold2_room1_mix1083,61,5,0,18,7,7.49
fold2_room1_mix1083,62,4,0,-6,-10,3.49
fold2_room1_mix1083,62,4,0,-175,-2,14.98
fold2_room1_mix1083,62,5,0,18,7,7.68
fold2_room1_mix1083,63,4,0,-16,-18,2.39
fold2_room1_mix1083,63,4,0,-170,-6,14.50
fold2_room1_mix1083,63,5,0,18,7,7.75
fold2_room1_mix1083,64,4,0,-26,-25,1.52
fold2_room1_mix1083,64,4,0,-164,-10,13.89
fold2_room1_mix1083,64,5,0,17,7,7.81
fold2_room1_mix1083,65,4,0,-41,-34,0.94
fold2_room1_mix1083,65,4,0,-159,-14,13.33
fold2_room1_mix1083,65,5,0,17,7,7.87
fold2_room1_mix1083,66,4,0,-85,-47,0.99
fold2_room1_mix1083,66,4,0,-162,-13,13.10
fold2_room1_mix1083,66,5,0,16,7,7.99
fold2_room1_mix1083,67,4,0,-143,-33,1.21
fold2_room1_mix1083,67,4,0,-166,-11,12.94
fold2_room1_mix1083,67,5,0,16,6,8.12
fold2_room1_mix1083,68,4,0,-157,-25,1.45
fold2_room1_mix1083,68,4,0,-169,-10,12.78
fold2_room1_mix1083,68,5,0,16,6,8.26
fold2_room1_mix1083,69,4,0,-165,-17,5.52
fold2_room1_mix1083,69,5,0,16,6,8.43
fold2_room1_mix1083,70,4,0,-167,-13,6.00
fold2_room1_mix1083,70,5,0,16,6,8.63
fold2_room1_mix1083,71,4,0,-169,-9,6.64
fold2_room1_mix1083,71,5,0,16,6,8.83
fold2_room1_mix1083,72,4,0,-171,-7,7.26
fold2_room1_mix1083,72,5,0,16,6,8.98
fold2_room1_mix1083,73,4,0,-172,-6,7.77
fold2_room1_mix1083,73,5,0,16,6,9.08
fold2_room1_mix1083,74,4,0,-173,-5,8.36
fold2_room1_mix1083,74,5,0,16,6,9.18
fold2_room1_mix1083,75,4,0,-174,-5,8.97
fold2_room1_mix1083,75,5,0,16,6,9.24
fold2_room1_mix1083,76,4,0,-175,-4,9.52
fold2_room1_mix1083,76,5,0,16,6,9.20
fold2_room1_mix1083,77,4,0,-175,-4,10.11
fold2_room1_mix1083,77,5,0,16,6,9.15
fold2_room1_mix1083,78,4,0,-176,-4,10.77
fold2_room1_mix1083,78,5,0,16,6,9.15
fold2_room1_mix1083,79,4,0,-176,-3,11.56
fold2_room1_mix1083,79,5,0,16,6,9.32
fold2_room1_mix1083,80,4,0,-176,-3,12.44
fold2_room1_mix1083,80,5,0,16,6,9.52
fold2_room1_mix1083,81,4,0,-176,-3,13.38
fold2_room1_mix1083,81,5,0,16,5,9.72
fold2_room1_mix1083,82,4,0,-177,-3,14.00
fold2_room1_mix1083,82,5,0,16,5,9.97
fold2_room1_mix1083,83,4,0,-177,-3,14.56
fold2_room1_mix1083,83,5,0,15,5,10.24
fold2_room1_mix1083,84,4,0,-177,-2,15.19
fold2_room1_mix1083,84,5,0,15,5,10.50
fold2_room1_mix1083,85,4,0,-177,-2,15.82
fold2_room1_mix1083,85,5,0,15,5,10.70
fold2_room1_mix1083,86,4,0,-177,-2,16.47
fold2_room1_mix1083,86,5,0,15,5,10.85
fold2_room1_mix1083,87,4,0,-177,-2,17.13
fold2_room1_mix1083,87,5,0,15,5,11.01
fold2_room1_mix1083,88,4,0,-177,-2,17.79
fold2_room1_mix1083,88,5,0,15,5,11.18
fold2_room1_mix1083,89,4,0,-177,-2,18.42
fold2_room1_mix1083,89,5,0,14,5,11.35
fold2_room1_mix1083,90,4,0,-177,-2,19.08
fold2_room1_mix1083,90,5,0,14,5,11.52
fold2_room1_mix1083,91,4,0,-177,-2,19.71
fold2_room1_mix1083,91,5,0,14,5,11.65
fold2_room1_mix1083,92,4,0,-177,-2,20.25
fold2_room1_mix1083,92,5,0,14,5,11.70
fold2_room1_mix1083,93,4,0,-177,-2,20.81
fold2_room1_mix1083,93,5,0,13,5,11.74
fold2_room1_mix1083,94,4,0,-177,-2,21.31
fold2_room1_mix1083,94,5,0,13,5,11.86
fold2_room1_mix1083,95,4,0,-177,-2,21.56
fold2_room1_mix1083,95,5,0,13,4,12.32
fold2_room1_mix1083,96,4,0,-177,-2,21.79
fold2_room1_mix1083,96,5,0,13,4,12.83
fold2_room1_mix1083,97,4,0,-178,-2,22.01
fold2_room1_mix1083,97,5,0,12,4,13.30
fold2_room1_mix1083,98,4,0,-177,-1,22.12
fold2_room1_mix1083,98,5,0,11,4,13.26
fold2_room1_mix1083,99,4,0,-177,-1,22.21
fold2_room1_mix1083,99,5,0,10,4,13.10
fold2_room1_mix1098,31,4,0,171,0,7.58
fold2_room1_mix1098,32,4,0,169,0,15.05
fold2_room1_mix1098,33,4,0,167,0,27.32
fold2_room1_mix1098,34,4,0,166,0,27.98
fold2_room1_mix1098,35,4,0,166,0,24.97
fold2_room1_mix1098,36,4,0,165,0,22.37
fold2_room1_mix1098,37,4,0,164,0,22.96
fold2_room1_mix1098,38,4,0,164,0,25.16
fold2_room1_mix1098,39,4,0,163,0,27.57
fold2_room1_mix1098,40,4,0,163,0,28.04
fold2_room1_mix1098,41,4,0,162,0,26.46
fold2_room1_mix1098,42,4,0,162,0,24.96
fold2_room1_mix1098,43,4,0,162,0,24.03
fold2_room1_mix1098,44,4,0,162,0,24.10
fold2_room1_mix1098,45,4,0,161,0,24.20
fold2_room1_mix1098,46,4,0,161,0,24.11
fold2_room1_mix1098,47,4,0,160,0,23.23
fold2_room1_mix1098,48,4,0,160,0,22.30
fold2_room1_mix1098,49,4,0,159,-1,21.41
fold2_room1_mix1098,50,4,0,158,-1,20.50
fold2_room1_mix1098,51,4,0,156,-1,19.62
fold2_room1_mix1098,52,4,0,155,-1,18.78
fold2_room1_mix1098,53,4,0,154,-1,18.06
fold2_room1_mix1098,54,4,0,152,-1,17.41
fold2_room1_mix1098,55,4,0,151,-1,16.78
fold2_room1_mix1098,56,4,0,149,-1,16.07
fold2_room1_mix1098,57,4,0,148,-1,15.29
fold2_room1_mix1098,58,4,0,147,-1,14.55
fold2_room1_mix1098,59,4,0,145,-1,13.82
fold2_room1_mix1098,60,4,0,143,-1,13.08
fold2_room1_mix1098,61,4,0,142,-1,12.38
fold2_room1_mix1098,62,4,0,140,-1,11.75
fold2_room1_mix1098,63,4,0,137,-1,11.27
fold2_room1_mix1098,64,4,0,135,-1,10.82
fold2_room1_mix1098,65,4,0,133,-1,10.38
fold2_room1_mix1098,66,4,0,130,-1,9.87
fold2_room1_mix1098,67,4,0,127,-2,9.37
fold2_room1_mix1098,68,4,0,123,-2,8.89
fold2_room1_mix1098,69,4,0,119,-2,8.50
fold2_room1_mix1098,70,4,0,114,-2,8.15
fold2_room1_mix1098,71,4,0,109,-2,7.82
fold2_room1_mix1098,72,4,0,104,-2,7.62
fold2_room1_mix1098,73,4,0,99,-2,7.54
fold2_room1_mix1098,74,4,0,94,-2,7.46
fold2_room1_mix1098,75,4,0,89,-2,7.45
fold2_room1_mix1098,76,4,0,83,-2,7.59
fold2_room1_mix1098,77,4,0,77,-2,7.73
fold2_room1_mix1098,78,4,0,72,-2,7.91
fold2_room1_mix1098,79,4,0,67,-2,8.22
fold2_room1_mix1098,80,4,0,62,-2,8.55
fold2_room1_mix1098,81,4,0,58,-1,8.89
fold2_room1_mix1098,82,4,0,54,-1,9.28
fold2_room1_mix1098,83,4,0,51,-1,9.68
fold2_room1_mix1098,84,4,0,47,-1,10.11
fold2_room1_mix1098,85,4,0,45,-1,10.48
fold2_room1_mix1098,86,4,0,43,-1,10.85
fold2_room1_mix1098,87,4,0,41,-1,11.22
fold2_room1_mix1098,88,4,0,39,-1,11.59
fold2_room1_mix1098,89,4,0,38,-1,11.93
fold2_room1_mix1098,90,4,0,36,-1,12.29
fold2_room1_mix1098,91,4,0,35,-1,12.75
fold2_room1_mix1098,92,4,0,33,-1,13.45
fold2_room1_mix1098,93,4,0,32,-1,14.19
fold2_room1_mix1098,94,4,0,30,-1,14.99
fold2_room1_mix1098,95,4,0,29,-1,15.93
fold2_room1_mix1098,96,4,0,27,-1,16.92
fold2_room1_mix1098,97,4,0,26,-1,17.94
fold2_room1_mix1098,98,4,0,25,-1,18.60
fold2_room1_mix1098,99,4,0,24,0,19.19
fold2_room1_mix1099,2,4,0,-3,0,5.62
fold2_room1_mix1099,3,4,0,-5,0,19.41
fold2_room1_mix1099,4,4,0,-6,-1,60.12
fold2_room1_mix1099,5,4,0,-6,-1,67.68
fold2_room1_mix1099,6,4,0,-6,-1,46.99
fold2_room1_mix1099,7,4,0,-2,0,33.54
fold2_room1_mix1099,8,4,0,-2,0,29.46
fold2_room1_mix1099,8,4,0,-158,-1,26.88
fold2_room1_mix1099,9,4,0,-2,0,32.80
fold2_room1_mix1099,9,4,0,-160,-1,30.37
fold2_room1_mix1099,10,4,0,-2,0,36.51
fold2_room1_mix1099,10,4,0,-161,0,34.30
fold2_room1_mix1099,11,4,0,-2,0,38.51
fold2_room1_mix1099,11,4,0,-160,0,36.77
fold2_room1_mix1099,12,4,0,-2,0,36.36
fold2_room1_mix1099,12,4,0,-160,0,35.46
fold2_room1_mix1099,13,4,0,-2,0,34.23
fold2_room1_mix1099,13,4,0,-160,0,34.08
fold2_room1_mix1099,14,4,0,-2,0,32.41
fold2_room1_mix1099,14,4,0,-159,-1,32.88
fold2_room1_mix1099,15,4,0,-2,0,31.49
fold2_room1_mix1099,15,4,0,-158,-1,32.24
fold2_room1_mix1099,16,4,0,-2,0,30.68
fold2_room1_mix1099,16,4,0,-157,-1,31.67
fold2_room1_mix1099,17,4,0,-2,-1,29.89
fold2_room1_mix1099,17,4,0,-155,-1,31.07
fold2_room1_mix1099,18,4,0,-2,0,29.04
fold2_room1_mix1099,18,4,0,-156,-1,30.12
fold2_room1_mix1099,19,4,0,-2,0,28.21
fold2_room1_mix1099,19,4,0,-156,0,29.11
fold2_room1_mix1099,20,4,0,-2,0,27.39
fold2_room1_mix1099,20,4,0,-156,0,28.11
fold2_room1_mix1099,21,4,0,-3,0,26.39
fold2_room1_mix1099,21,4,0,-155,0,26.61
fold2_room1_mix1099,22,4,0,-3,0,25.33
fold2_room1_mix1099,22,4,0,-154,0,24.95
fold2_room1_mix1099,23,4,0,-3,0,24.32
fold2_room1_mix1099,23,4,0,-152,-1,23.38
fold2_room1_mix1099,24,4,0,-3,0,23.38
fold2_room1_mix1099,24,4,0,-151,-1,22.20
fold2_room1_mix1099,25,4,0,-2,0,22.51
fold2_room1_mix1099,25,4,0,-149,-1,21.34
fold2_room1_mix1099,26,4,0,-2,0,21.67
fold2_room1_mix1099,26,4,0,-148,-1,20.51
fold2_room1_mix1099,27,4,0,-2,-1,20.63
fold2_room1_mix1099,27,4,0,-146,-1,19.53
fold2_room1_mix1099,28,4,0,-1,-1,19.17
fold2_room1_mix1099,28,4,0,-143,-1,18.24
fold2_room1_mix1099,29,4,0,-1,-1,17.79
fold2_room1_mix1099,29,4,0,-140,-1,17.02
fold2_room1_mix1099,30,4,0,-1,-1,16.57
fold2_room1_mix1099,30,4,0,-137,-1,15.95
fold2_room1_mix1099,31,4,0,-1,-1,15.63
fold2_room1_mix1099,31,4,0,-134,-1,15.22
fold2_room1_mix1099,32,4,0,-1,-1,14.77
fold2_room1_mix1099,32,4,0,-131,-1,14.55
fold2_room1_mix1099,33,4,0,-1,-1,13.95
fold2_room1_mix1099,33,4,0,-128,-1,13.88
fold2_room1_mix1099,34,4,0,0,-1,13.16
fold2_room1_mix1099,34,4,0,-125,-1,12.93
fold2_room1_mix1099,35,4,0,0,-1,12.40
fold2_room1_mix1099,35,4,0,-121,-2,11.98
fold2_room1_mix1099,36,4,0,0,-1,11.69
fold2_room1_mix1099,36,4,0,-118,-2,11.11
fold2_room1_mix1099,37,4,0,0,-1,10.86
fold2_room1_mix1099,37,4,0,-114,-2,10.73
fold2_room1_mix1099,38,4,0,0,-1,10.02
fold2_room1_mix1099,38,4,0,-111,-2,10.56
fold2_room1_mix1099,39,4,0,1,-1,9.24
fold2_room1_mix1099,39,4,0,-108,-2,10.40
fold2_room1_mix1099,40,4,0,2,-1,8.26
fold2_room1_mix1099,40,4,0,-104,-2,10.84
fold2_room1_mix1099,41,4,0,4,-2,7.15
fold2_room1_mix1099,41,4,0,-100,-1,11.96
fold2_room1_mix1099,42,4,0,7,-3,6.17
fold2_room1_mix1099,42,4,0,-96,0,13.18
fold2_room1_mix1099,43,4,0,7,-3,5.54
fold2_room1_mix1099,43,4,0,-88,0,12.65
fold2_room1_mix1099,44,4,0,-22,-2,8.72
fold2_room1_mix1099,44,4,0,29,-7,2.96
fold2_room1_mix1099,44,4,0,-71,-3,9.08
fold2_room1_mix1099,45,4,0,-43,0,11.92
fold2_room1_mix1099,45,4,0,-44,-3,9.15
fold2_room1_mix1099,46,4,0,-57,1,15.32
fold2_room1_mix1099,46,4,0,53,-14,1.24
fold2_room1_mix1099,46,4,0,-1,-13,4.47
fold2_room1_mix1099,47,4,0,-54,0,15.76
fold2_room1_mix1099,47,4,0,33,-16,2.66
fold2_room1_mix1099,48,4,0,-45,-3,10.64
fold2_room1_mix1099,48,4,0,148,-12,2.29
fold2_room1_mix1099,49,4,0,-41,0,15.84
fold2_room1_mix1099,49,4,0,-60,0,9.85
fold2_room1_mix1099,49,4,0,147,-10,1.66
fold2_room1_mix1099,50,4,0,-36,-1,15.51
fold2_room1_mix1099,50,4,0,-59,0,10.94
fold2_room1_mix1099,50,4,0,152,-8,2.08
fold2_room1_mix1099,51,4,0,-33,-1,15.11
fold2_room1_mix1099,51,4,0,-57,0,10.85
fold2_room1_mix1099,51,4,0,160,-6,2.91
fold2_room1_mix1099,52,4,0,-30,-2,14.72
fold2_room1_mix1099,52,4,0,-54,0,10.76
fold2_room1_mix1099,52,4,0,169,-4,3.95
fold2_room1_mix1099,53,4,0,-32,-2,14.65
fold2_room1_mix1099,53,4,0,-55,-1,10.47
fold2_room1_mix1099,53,4,0,172,-3,4.83
fold2_room1_mix1099,54,4,0,-37,-2,14.73
fold2_room1_mix1099,54,4,0,-58,-1,10.11
fold2_room1_mix1099,54,4,0,172,-2,5.63
fold2_room1_mix1099,55,4,0,-41,-1,14.80
fold2_room1_mix1099,55,4,0,-61,-1,9.76
fold2_room1_mix1099,55,4,0,172,-2,6.54
fold2_room1_mix1099,56,4,0,-43,-1,14.84
fold2_room1_mix1099,56,4,0,-63,-2,9.50
fold2_room1_mix1099,56,4,0,172,-2,7.45
fold2_room1_mix1099,57,4,0,-42,-1,14.84
fold2_room1_mix1099,57,4,0,-65,-2,9.33
fold2_room1_mix1099,57,4,0,172,-2,8.30
fold2_room1_mix1099,58,4,0,-42,-1,14.84
fold2_room1_mix1099,58,4,0,-67,-2,9.16
fold2_room1_mix1099,58,4,0,172,-2,9.24
fold2_room1_mix1099,59,4,0,-42,-1,14.92
fold2_room1_mix1099,59,4,0,-70,-2,8.90
fold2_room1_mix1099,59,4,0,173,-2,10.30
fold2_room1_mix1099,60,4,0,-42,-1,15.18
fold2_room1_mix1099,60,4,0,-74,-3,8.47
fold2_room1_mix1099,60,4,0,173,-1,11.52
fold2_room1_mix1099,61,4,0,-42,-1,15.45
fold2_room1_mix1099,61,4,0,-78,-3,8.05
fold2_room1_mix1099,61,4,0,173,-1,12.86
fold2_room1_mix1099,62,4,0,-42,-1,15.78
fold2_room1_mix1099,62,4,0,-82,-4,7.76
fold2_room1_mix1099,62,4,0,174,-1,14.32
fold2_room1_mix1099,63,4,0,-42,-1,16.35
fold2_room1_mix1099,63,4,0,-86,-4,7.91
fold2_room1_mix1099,63,4,0,175,-1,15.73
fold2_room1_mix1099,64,4,0,-42,-1,16.96
fold2_room1_mix1099,64,4,0,-90,-3,8.11
fold2_room1_mix1099,64,4,0,175,-1,17.25
fold2_room1_mix1099,65,4,0,-43,-1,17.47
fold2_room1_mix1099,65,4,0,-94,-3,8.35
fold2_room1_mix1099,65,4,0,176,0,18.87
fold2_room1_mix1099,66,4,0,-48,-1,16.87
fold2_room1_mix1099,66,4,0,-99,-3,8.84
fold2_room1_mix1099,66,4,0,174,0,20.26
fold2_room1_mix1099,67,4,0,-54,-2,16.02
fold2_room1_mix1099,67,4,0,-105,-3,9.42
fold2_room1_mix1099,67,4,0,173,0,21.64
fold2_room1_mix1099,68,4,0,-61,-2,15.26
fold2_room1_mix1099,68,4,0,-111,-2,10.04
fold2_room1_mix1099,68,4,0,171,0,23.10
fold2_room1_mix1099,69,4,0,-65,-2,15.60
fold2_room1_mix1099,69,4,0,-118,-2,10.59
fold2_room1_mix1099,69,4,0,172,0,23.77
fold2_room1_mix1099,70,4,0,-66,-2,16.51
fold2_room1_mix1099,70,4,0,-124,-2,11.11
fold2_room1_mix1099,70,4,0,175,0,24.05
fold2_room1_mix1099,71,4,0,-67,-2,17.46
fold2_room1_mix1099,71,4,0,-130,-2,11.66
fold2_room1_mix1099,71,4,0,178,0,24.32
fold2_room1_mix1099,72,4,0,-70,-2,18.00
fold2_room1_mix1099,72,4,0,-134,-2,12.17
fold2_room1_mix1099,72,4,0,-179,0,24.61
fold2_room1_mix1099,73,4,0,-74,-2,18.07
fold2_room1_mix1099,73,4,0,-137,-2,12.64
fold2_room1_mix1099,73,4,0,-178,0,24.91
fold2_room1_mix1099,74,4,0,-79,-2,18.15
fold2_room1_mix1099,74,4,0,-140,-2,13.12
fold2_room1_mix1099,74,4,0,-177,0,25.21
fold2_room1_mix1099,75,4,0,-87,-2,18.33
fold2_room1_mix1099,75,4,0,-142,-2,13.73
fold2_room1_mix1099,75,4,0,-176,0,25.56
fold2_room1_mix1099,76,4,0,-102,-2,18.74
fold2_room1_mix1099,76,4,0,-144,-2,14.58
fold2_room1_mix1099,76,4,0,-175,0,26.02
fold2_room1_mix1099,77,4,0,-116,-2,19.17
fold2_room1_mix1099,77,4,0,-145,-1,15.48
fold2_room1_mix1099,77,4,0,-173,0,26.49
fold2_room1_mix1099,78,4,0,-127,-2,19.47
fold2_room1_mix1099,78,4,0,-147,-1,16.37
fold2_room1_mix1099,78,4,0,-172,-1,27.23
fold2_room1_mix1099,79,4,0,-131,-2,19.22
fold2_room1_mix1099,79,4,0,-148,-1,17.01
fold2_room1_mix1099,79,4,0,-172,0,29.10
fold2_room1_mix1099,80,4,0,-143,-2,18.27
fold2_room1_mix1099,80,4,0,-173,0,31.23
fold2_room1_mix1099,81,4,0,-144,-2,18.54
fold2_room1_mix1099,81,4,0,-173,0,33.44
fold2_room1_mix1099,82,4,0,-134,-3,20.25
fold2_room1_mix1099,82,4,0,-150,-1,19.26
fold2_room1_mix1099,82,4,0,-173,0,35.14
fold2_room1_mix1099,83,4,0,-128,-2,22.27
fold2_room1_mix1099,83,4,0,-151,-1,20.32
fold2_room1_mix1099,83,4,0,-173,0,36.75
fold2_room1_mix1099,84,4,0,-119,-2,24.45
fold2_room1_mix1099,84,4,0,-152,-1,21.43
fold2_room1_mix1099,84,4,0,-174,0,38.41
fold2_room1_mix1099,85,4,0,-115,-2,25.23
fold2_room1_mix1099,85,4,0,-153,-1,22.54
fold2_room1_mix1099,85,4,0,-173,0,39.32
fold2_room1_mix1099,86,4,0,-115,-2,25.28
fold2_room1_mix1099,86,4,0,-154,-1,23.67
fold2_room1_mix1099,86,4,0,-173,0,39.86
fold2_room1_mix1099,87,4,0,-116,-2,25.33
fold2_room1_mix1099,87,4,0,-154,0,24.85
fold2_room1_mix1099,87,4,0,-172,0,40.41
fold2_room1_mix1099,89,4,0,-125,-2,27.80
fold2_room1_mix1099,89,4,0,-154,0,26.25
fold2_room1_mix1099,89,4,0,-171,0,42.30
fold2_room1_mix1099,90,4,0,-131,-1,29.56
fold2_room1_mix1099,90,4,0,-154,0,26.78
fold2_room1_mix1099,90,4,0,-171,0,43.41
fold2_room1_mix1099,91,4,0,-137,-1,30.72
fold2_room1_mix1099,91,4,0,-154,-1,27.22
fold2_room1_mix1099,91,4,0,-170,0,44.05
fold2_room1_mix1099,92,4,0,-157,0,33.87
fold2_room1_mix1099,93,4,0,-157,0,33.71
fold2_room1_mix1099,94,4,0,-157,0,33.54
fold2_room1_mix1099,95,4,0,-158,0,33.31
fold2_room1_mix1099,96,4,0,-159,0,33.09
fold2_room1_mix1099,97,4,0,-160,0,32.90
fold2_room1_mix1099,98,4,0,-161,0,32.76
fold2_room1_mix1099,99,4,0,-164,-1,32.69
fold2_room1_mix1099,88,4,0,-155,0,25.72
fold2_room1_mix1099,88,4,0,-172,0,41.22
fold2_room1_mix1103,29,3,0,126,-2,4.61
fold2_room1_mix1103,30,3,0,127,-2,9.45
fold2_room1_mix1103,31,3,0,126,-2,4.62
fold2_room1_mix1103,39,1,0,-27,-2,3.40
fold2_room1_mix1142,75,4,0,-61,0,1.84
fold2_room1_mix1142,76,4,0,-63,-1,3.76
fold2_room1_mix1142,77,4,0,-63,-1,7.08
fold2_room1_mix1142,78,4,0,-62,-2,11.51
fold2_room1_mix1142,79,4,0,-64,-2,12.20
fold2_room1_mix1142,80,4,0,-65,-2,12.36
fold2_room1_mix1142,81,4,0,-67,-2,12.52
fold2_room1_mix1142,82,4,0,-70,-2,12.59
fold2_room1_mix1142,83,4,0,-73,-2,12.64
fold2_room1_mix1142,84,4,0,-76,-2,12.69
fold2_room1_mix1142,85,4,0,-79,-2,12.68
fold2_room1_mix1142,86,4,0,-81,-2,12.64
fold2_room1_mix1142,87,4,0,-83,-2,12.61
fold2_room1_mix1142,88,4,0,-87,-2,12.74
fold2_room1_mix1142,89,4,0,-91,-2,13.06
fold2_room1_mix1142,90,4,0,-95,-3,13.39
fold2_room1_mix1142,91,4,0,-98,-2,13.52
fold2_room1_mix1142,92,4,0,-100,-2,13.23
fold2_room1_mix1142,93,4,0,-102,-2,12.94
fold2_room1_mix1142,94,4,0,-104,-2,12.80
fold2_room1_mix1142,95,4,0,-105,-2,13.26
fold2_room1_mix1142,96,4,0,-107,-2,13.81
fold2_room1_mix1142,97,4,0,-108,-2,14.31
fold2_room1_mix1142,98,4,0,-111,-2,14.14
fold2_room1_mix1142,99,4,0,-115,-2,13.80
fold2_room1_mix1156,2,4,0,-179,0,5.79
fold2_room1_mix1156,3,4,0,-178,0,17.59
fold2_room1_mix1156,4,4,0,-178,0,48.57
fold2_room1_mix1156,5,4,0,-177,0,54.84
fold2_room1_mix1156,6,4,0,-177,0,40.43
fold2_room1_mix1156,7,4,0,-177,0,29.74
fold2_room1_mix1156,8,4,0,-177,0,26.10
fold2_room1_mix1156,9,4,0,-177,0,27.41
fold2_room1_mix1156,10,4,0,-177,0,28.78
fold2_room1_mix1156,11,4,0,-177,-1,29.50
fold2_room1_mix1156,12,4,0,-177,0,28.75
fold2_room1_mix1156,13,4,0,-177,0,27.98
fold2_room1_mix1156,14,4,0,-177,0,27.28
fold2_room1_mix1156,15,4,0,-177,0,26.79
fold2_room1_mix1156,16,4,0,-177,0,26.33
fold2_room1_mix1156,17,4,0,-177,-1,25.84
fold2_room1_mix1156,18,4,0,-177,-1,25.09
fold2_room1_mix1156,19,4,0,-177,-1,24.29
fold2_room1_mix1156,20,4,0,-177,-1,23.53
fold2_room1_mix1156,21,4,0,-176,-1,23.04
fold2_room1_mix1156,22,4,0,-176,0,22.69
fold2_room1_mix1156,23,4,0,-176,0,22.36
fold2_room1_mix1156,24,4,0,-176,0,21.97
fold2_room1_mix1156,25,4,0,-177,0,21.54
fold2_room1_mix1156,26,4,0,-177,-1,21.13
fold2_room1_mix1156,27,4,0,-177,-1,20.78
fold2_room1_mix1156,28,4,0,-177,-1,20.49
fold2_room1_mix1156,29,4,0,-177,-1,20.21
fold2_room1_mix1156,30,4,0,-177,-1,19.97
fold2_room1_mix1156,31,4,0,-177,-1,19.90
fold2_room1_mix1156,32,4,0,-177,-1,19.86
fold2_room1_mix1156,33,4,0,-177,-1,19.79
fold2_room1_mix1156,34,4,0,-177,-1,19.33
fold2_room1_mix1156,35,4,0,-177,-1,18.79
fold2_room1_mix1156,36,4,0,-177,-1,18.28
fold2_room1_mix1156,37,4,0,-177,-1,17.73
fold2_room1_mix1156,38,4,0,-176,-1,17.18
fold2_room1_mix1156,39,4,0,-176,-1,16.67
fold2_room1_mix1156,40,4,0,-175,-1,16.00
fold2_room1_mix1156,41,4,0,-175,-1,15.19
fold2_room1_mix1156,42,4,0,-175,-1,14.42
fold2_room1_mix1156,43,4,0,-175,-2,13.66
fold2_room1_mix1156,44,4,0,-175,-2,12.91
fold2_room1_mix1156,45,4,0,-174,-2,12.20
fold2_room1_mix1156,46,4,0,-169,-3,6.36
fold2_room1_mix1156,46,4,0,175,0,21.95
fold2_room1_mix1156,47,4,0,-168,-3,5.90
fold2_room1_mix1156,47,4,0,174,0,21.12
fold2_room1_mix1156,48,4,0,-167,-4,5.47
fold2_room1_mix1156,48,4,0,174,0,20.31
fold2_room1_mix1156,49,4,0,-166,-4,5.07
fold2_room1_mix1156,49,4,0,174,0,19.50
fold2_room1_mix1156,50,4,0,-165,-5,4.67
fold2_room1_mix1156,50,4,0,173,-1,18.56
fold2_room1_mix1156,51,4,0,-164,-5,4.30
fold2_room1_mix1156,51,4,0,173,-1,17.63
fold2_room1_mix1156,52,4,0,-162,-6,3.94
fold2_room1_mix1156,52,4,0,172,-1,16.74
fold2_room1_mix1156,53,4,0,-161,-7,3.67
fold2_room1_mix1156,53,4,0,172,-1,15.86
fold2_room1_mix1156,54,4,0,-159,-8,3.46
fold2_room1_mix1156,54,4,0,171,0,15.02
fold2_room1_mix1156,55,4,0,-157,-9,3.28
fold2_room1_mix1156,55,4,0,171,0,14.22
fold2_room1_mix1156,56,4,0,-144,-13,1.76
fold2_room1_mix1156,56,4,0,-165,-6,5.11
fold2_room1_mix1156,56,4,0,171,0,13.14
fold2_room1_mix1156,57,4,0,-131,-16,1.36
fold2_room1_mix1156,57,4,0,-179,-3,9.29
fold2_room1_mix1156,58,4,0,-118,-20,1.02
fold2_room1_mix1156,58,4,0,177,-2,9.74
fold2_room1_mix1156,59,4,0,-98,-23,0.87
fold2_room1_mix1156,59,4,0,175,-2,9.95
fold2_room1_mix1156,60,4,0,-72,-22,1.06
fold2_room1_mix1156,60,4,0,175,-3,9.19
fold2_room1_mix1156,61,4,0,-52,-18,1.27
fold2_room1_mix1156,61,4,0,174,-4,8.55
fold2_room1_mix1156,62,4,0,-40,-15,1.51
fold2_room1_mix1156,62,4,0,168,-2,10.29
fold2_room1_mix1156,63,4,0,-33,-12,1.80
fold2_room1_mix1156,63,4,0,-12,-10,4.62
fold2_room1_mix1156,63,4,0,169,-2,8.90
fold2_room1_mix1156,64,4,0,-20,-8,3.00
fold2_room1_mix1156,64,4,0,169,-3,7.56
fold2_room1_mix1156,65,4,0,-18,-7,2.89
fold2_room1_mix1156,65,4,0,169,-4,6.40
fold2_room1_mix1156,66,4,0,-17,-6,3.09
fold2_room1_mix1156,66,4,0,167,-4,5.38
fold2_room1_mix1156,67,4,0,-16,-6,3.38
fold2_room1_mix1156,67,4,0,165,-5,4.50
fold2_room1_mix1156,68,4,0,-15,-5,3.68
fold2_room1_mix1156,68,4,0,162,-6,3.73
fold2_room1_mix1156,69,4,0,-14,-5,4.14
fold2_room1_mix1156,69,4,0,150,-9,2.69
fold2_room1_mix1156,70,4,0,-12,-5,4.71
fold2_room1_mix1156,70,4,0,138,-13,1.75
fold2_room1_mix1156,71,4,0,-10,-5,5.35
fold2_room1_mix1156,71,4,0,116,-19,1.05
fold2_room1_mix1156,72,4,0,-9,-5,5.96
fold2_room1_mix1156,72,4,0,74,-21,0.97
fold2_room1_mix1156,73,4,0,-9,-4,6.53
fold2_room1_mix1156,73,4,0,47,-15,1.43
fold2_room1_mix1156,74,4,0,-9,-2,7.14
fold2_room1_mix1156,74,4,0,31,-11,2.00
fold2_room1_mix1156,75,4,0,-9,-2,7.71
fold2_room1_mix1156,75,4,0,18,-8,2.68
fold2_room1_mix1156,76,4,0,-7,-2,8.11
fold2_room1_mix1156,76,4,0,16,-7,3.43
fold2_room1_mix1156,77,4,0,-6,-2,8.53
fold2_room1_mix1156,77,4,0,13,-5,4.33
fold2_room1_mix1156,78,4,0,-5,-2,8.95
fold2_room1_mix1156,78,4,0,11,-4,5.35
fold2_room1_mix1156,79,4,0,0,-3,8.31
fold2_room1_mix1156,80,4,0,0,-3,8.90
fold2_room1_mix1156,81,4,0,0,-2,9.54
fold2_room1_mix1156,82,4,0,0,-2,10.16
fold2_room1_mix1156,83,4,0,0,-2,10.80
fold2_room1_mix1156,84,4,0,0,-2,11.47
fold2_room1_mix1156,85,4,0,0,-2,12.15
fold2_room1_mix1156,86,4,0,0,-2,12.85
fold2_room1_mix1156,87,4,0,0,-2,13.59
fold2_room1_mix1156,88,4,0,0,-1,14.32
fold2_room1_mix1156,89,4,0,0,-1,15.02
fold2_room1_mix1156,90,4,0,0,-1,15.75
fold2_room1_mix1156,91,4,0,0,-1,16.44
fold2_room1_mix1156,92,4,0,0,-1,16.97
fold2_room1_mix1156,93,4,0,0,-1,17.51
fold2_room1_mix1156,94,4,0,0,-1,17.99
fold2_room1_mix1156,95,4,0,0,-1,18.13
fold2_room1_mix1156,96,4,0,0,-1,18.23
fold2_room1_mix1156,97,4,0,0,-1,18.39
fold2_room1_mix1156,98,4,0,0,-1,18.98
fold2_room1_mix1156,99,4,0,0,-1,19.71
fold2_room1_mix1166,2,4,0,173,0,6.70
fold2_room1_mix1166,3,4,0,170,0,19.54
fold2_room1_mix1166,4,4,0,166,0,52.46
fold2_room1_mix1166,5,4,0,166,0,60.23
fold2_room1_mix1166,6,4,0,166,0,46.09
fold2_room1_mix1166,7,4,0,167,0,35.22
fold2_room1_mix1166,8,4,0,167,0,31.68
fold2_room1_mix1166,9,4,0,167,0,33.59
fold2_room1_mix1166,10,4,0,166,0,35.60
fold2_room1_mix1166,11,4,0,166,0,36.07
fold2_room1_mix1166,12,4,0,166,0,33.30
fold2_room1_mix1166,13,4,0,166,0,30.64
fold2_room1_mix1166,14,4,0,166,0,28.81
fold2_room1_mix1166,15,4,0,165,0,29.64
fold2_room1_mix1166,16,4,0,165,0,30.78
fold2_room1_mix1166,17,4,0,164,0,31.75
fold2_room1_mix1166,18,4,0,164,0,30.73
fold2_room1_mix1166,19,4,0,163,0,29.28
fold2_room1_mix1166,20,4,0,163,0,27.91
fold2_room1_mix1166,21,4,0,162,0,27.13
fold2_room1_mix1166,22,4,0,162,0,26.63
fold2_room1_mix1166,23,4,0,161,0,26.13
fold2_room1_mix1166,24,4,0,161,0,25.63
fold2_room1_mix1166,25,4,0,160,0,25.11
fold2_room1_mix1166,26,4,0,160,-1,24.61
fold2_room1_mix1166,27,4,0,159,-1,24.05
fold2_room1_mix1166,28,4,0,158,-1,23.39
fold2_room1_mix1166,29,4,0,157,-1,22.74
fold2_room1_mix1166,30,4,0,157,-1,22.12
fold2_room1_mix1166,31,4,0,156,-1,21.55
fold2_room1_mix1166,32,4,0,155,-1,21.00
fold2_room1_mix1166,33,4,0,154,-1,20.46
fold2_room1_mix1166,34,4,0,153,-1,19.86
fold2_room1_mix1166,35,4,0,152,-1,19.26
fold2_room1_mix1166,36,4,0,151,-1,18.68
fold2_room1_mix1166,37,4,0,150,-1,18.03
fold2_room1_mix1166,38,4,0,148,-1,17.37
fold2_room1_mix1166,39,4,0,147,-1,16.74
fold2_room1_mix1166,40,4,0,146,-1,16.08
fold2_room1_mix1166,41,4,0,145,-1,15.42
fold2_room1_mix1166,42,4,0,144,-1,14.78
fold2_room1_mix1166,43,4,0,142,-1,14.19
fold2_room1_mix1166,44,4,0,141,-1,13.69
fold2_room1_mix1166,45,4,0,140,-1,13.21
fold2_room1_mix1166,46,4,0,139,-1,12.74
fold2_room1_mix1166,47,4,0,137,-2,12.29
fold2_room1_mix1166,48,4,0,134,-2,11.86
fold2_room1_mix1166,49,4,0,132,-2,11.46
fold2_room1_mix1166,50,4,0,129,-2,11.15
fold2_room1_mix1166,51,4,0,126,-2,10.88
fold2_room1_mix1166,52,4,0,123,-2,10.61
fold2_room1_mix1166,53,4,0,121,-2,10.36
fold2_room1_mix1166,54,4,0,118,-2,10.12
fold2_room1_mix1166,55,4,0,116,-2,9.88
fold2_room1_mix1166,56,4,0,113,-2,9.69
fold2_room1_mix1166,57,4,0,109,-2,9.54
fold2_room1_mix1166,58,4,0,106,-2,9.39
fold2_room1_mix1166,59,4,0,102,-2,9.20
fold2_room1_mix1166,60,4,0,97,-2,8.94
fold2_room1_mix1166,61,4,0,92,-2,8.68
fold2_room1_mix1166,62,4,0,88,-2,8.48
fold2_room1_mix1166,63,4,0,84,-2,8.47
fold2_room1_mix1166,64,4,0,80,-2,8.49
fold2_room1_mix1166,65,4,0,76,-2,8.51
fold2_room1_mix1166,66,4,0,73,-2,8.63
fold2_room1_mix1166,67,4,0,69,-2,8.78
fold2_room1_mix1166,68,4,0,65,-2,8.93
fold2_room1_mix1166,69,4,0,61,-2,9.20
fold2_room1_mix1166,70,4,0,58,-2,9.54
fold2_room1_mix1166,71,4,0,55,-2,9.90
fold2_room1_mix1166,72,4,0,52,-2,10.28
fold2_room1_mix1166,73,4,0,49,-2,10.71
fold2_room1_mix1166,74,4,0,46,-2,11.16
fold2_room1_mix1166,75,4,0,44,-1,11.61
fold2_room1_mix1166,76,4,0,42,-1,12.08
fold2_room1_mix1166,77,4,0,41,-1,12.57
fold2_room1_mix1166,78,4,0,39,-1,13.08
fold2_room1_mix1166,79,4,0,38,-1,13.59
fold2_room1_mix1166,80,4,0,36,-1,14.12
fold2_room1_mix1166,81,4,0,35,-1,14.67
fold2_room1_mix1166,82,4,0,33,-1,15.21
fold2_room1_mix1166,83,4,0,31,-1,15.77
fold2_room1_mix1166,84,4,0,30,-1,16.34
fold2_room1_mix1166,85,4,0,29,-1,16.94
fold2_room1_mix1166,86,4,0,28,-1,17.55
fold2_room1_mix1166,87,4,0,27,-1,18.19
fold2_room1_mix1166,88,4,0,26,-1,18.81
fold2_room1_mix1166,89,4,0,25,-1,19.42
fold2_room1_mix1166,90,4,0,24,-1,20.04
fold2_room1_mix1166,91,4,0,23,-1,20.68
fold2_room1_mix1166,92,4,0,22,-1,21.33
fold2_room1_mix1166,93,4,0,21,-1,21.99
fold2_room1_mix1166,94,4,0,20,-1,22.65
fold2_room1_mix1166,95,4,0,20,-1,23.24
fold2_room1_mix1166,96,4,0,19,-1,23.83
fold2_room1_mix1166,97,4,0,19,-1,24.44
fold2_room1_mix1166,98,4,0,18,-1,25.04
fold2_room1_mix1166,99,4,0,18,0,25.66
fold2_room1_mix1195,22,4,0,11,-2,4.64
fold2_room1_mix1195,23,4,0,13,-2,9.35
fold2_room1_mix1195,24,4,0,14,-3,12.31
fold2_room1_mix1195,25,4,0,15,-3,10.99
fold2_room1_mix1195,26,4,0,15,-3,9.80
fold2_room1_mix1195,27,4,0,16,-3,8.95
fold2_room1_mix1195,28,4,0,16,-3,8.61
fold2_room1_mix1195,29,4,0,17,-3,8.29
fold2_room1_mix1195,30,4,0,18,-3,7.95
fold2_room1_mix1195,31,4,0,19,-4,7.46
fold2_room1_mix1195,32,4,0,20,-4,6.98
fold2_room1_mix1195,33,4,0,21,-4,6.54
fold2_room1_mix1195,34,4,0,22,-5,6.20
fold2_room1_mix1195,35,4,0,24,-5,5.90
fold2_room1_mix1195,36,4,0,25,-5,5.60
fold2_room1_mix1195,37,4,0,27,-6,5.19
fold2_room1_mix1195,38,4,0,29,-6,4.75
fold2_room1_mix1195,39,4,0,32,-7,4.34
fold2_room1_mix1195,40,4,0,35,-7,3.99
fold2_room1_mix1195,41,4,0,39,-8,3.68
fold2_room1_mix1195,42,4,0,43,-9,3.40
fold2_room1_mix1195,43,4,0,50,-10,3.11
fold2_room1_mix1195,44,4,0,59,-12,2.81
fold2_room1_mix1195,45,4,0,69,-13,2.54
fold2_room1_mix1195,46,4,0,79,-15,2.33
fold2_room1_mix1195,47,4,0,90,-15,2.34
fold2_room1_mix1195,48,4,0,101,-15,2.38
fold2_room1_mix1195,49,4,0,111,-14,2.43
fold2_room1_mix1195,50,4,0,119,-12,2.65
fold2_room1_mix1195,51,4,0,126,-10,2.93
fold2_room1_mix1195,52,4,0,133,-8,3.24
fold2_room1_mix1195,53,4,0,138,-7,3.56
fold2_room1_mix1195,54,4,0,142,-7,3.90
fold2_room1_mix1195,55,4,0,145,-7,4.26
fold2_room1_mix1195,56,4,0,148,-6,4.68
fold2_room1_mix1195,57,4,0,151,-6,5.16
fold2_room1_mix1195,58,4,0,153,-5,5.68
fold2_room1_mix1195,59,4,0,154,-5,6.25
fold2_room1_mix1195,61,4,0,9,-4,8.54
fold2_room1_mix1195,61,4,0,161,-4,7.23
fold2_room1_mix1195,62,4,0,3,-3,9.39
fold2_room1_mix1195,62,4,0,163,-3,7.86
fold2_room1_mix1195,63,4,0,2,-3,9.34
fold2_room1_mix1195,63,4,0,164,-3,8.36
fold2_room1_mix1195,64,4,0,1,-3,9.18
fold2_room1_mix1195,64,4,0,165,-3,8.87
fold2_room1_mix1195,65,4,0,0,-3,8.94
fold2_room1_mix1195,65,4,0,166,-3,9.36
fold2_room1_mix1195,66,4,0,0,-4,7.98
fold2_room1_mix1195,66,4,0,167,-3,9.38
fold2_room1_mix1195,67,4,0,0,-5,6.97
fold2_room1_mix1195,67,4,0,166,-3,11.09
fold2_room1_mix1195,68,4,0,1,-4,6.47
fold2_room1_mix1195,68,4,0,166,-3,11.80
fold2_room1_mix1195,69,4,0,0,-5,5.56
fold2_room1_mix1195,69,4,0,167,-2,11.92
fold2_room1_mix1195,70,4,0,0,-5,4.69
fold2_room1_mix1195,70,4,0,168,-2,11.75
fold2_room1_mix1195,71,4,0,-1,-4,3.93
fold2_room1_mix1195,71,4,0,169,-2,11.59
fold2_room1_mix1195,72,4,0,-6,-9,2.89
fold2_room1_mix1195,72,4,0,170,-3,10.46
fold2_room1_mix1195,73,4,0,-15,-16,1.80
fold2_room1_mix1195,73,4,0,169,-6,8.63
fold2_room1_mix1195,74,4,0,-23,-22,1.02
fold2_room1_mix1195,74,4,0,163,-12,7.08
fold2_room1_mix1195,75,4,0,-28,-26,0.68
fold2_room1_mix1195,76,4,0,-76,-50,0.82
fold2_room1_mix1195,76,4,0,-53,-46,0.98
fold2_room1_mix1195,76,4,0,173,-17,4.21
fold2_room1_mix1195,77,4,0,-162,-28,1.17
fold2_room1_mix1195,77,4,0,-179,-16,3.09
fold2_room1_mix1195,78,4,0,-173,-20,1.83
fold2_room1_mix1195,79,4,0,-175,-16,2.39
fold2_room1_mix1195,80,4,0,-177,-11,3.16
fold2_room1_mix1195,81,4,0,-179,-7,4.06
fold2_room1_mix1195,82,4,0,179,-6,4.70
fold2_room1_mix1195,83,4,0,178,-5,5.31
fold2_room1_mix1195,84,4,0,177,-5,5.99
fold2_room1_mix1195,85,4,0,177,-4,7.03
fold2_room1_mix1195,86,4,0,178,-4,8.38
fold2_room1_mix1195,87,4,0,178,-3,9.97
fold2_room1_mix1195,88,4,0,178,-3,9.12
fold2_room1_mix1195,89,4,0,178,-2,6.36
fold2_room1_mix1195,90,4,0,178,-2,4.36
fold2_room1_mix1195,60,4,0,159,-4,6.61
fold2_room1_mix1222,33,6,0,15,0,1.09
fold2_room1_mix1222,34,6,0,15,0,1.00
fold2_room1_mix1222,37,6,0,20,0,1.02
fold2_room1_mix1222,38,6,0,26,0,1.53
fold2_room1_mix1222,39,6,0,30,0,2.17
fold2_room1_mix1222,40,6,0,37,0,2.41
fold2_room1_mix1222,41,6,0,45,0,2.15
fold2_room1_mix1222,42,6,0,51,0,1.90
fold2_room1_mix1222,43,6,0,58,0,1.71
fold2_room1_mix1222,44,6,0,74,0,1.59
fold2_room1_mix1222,45,6,0,97,0,1.48
fold2_room1_mix1222,46,6,0,115,0,1.43
fold2_room1_mix1222,47,6,0,127,0,1.64
fold2_room1_mix1222,48,6,0,136,0,1.90
fold2_room1_mix1222,49,6,0,144,0,2.14
fold2_room1_mix1222,50,6,0,148,0,2.01
fold2_room1_mix1222,51,6,0,152,0,1.80
fold2_room1_mix1222,52,6,0,158,0,1.60
fold2_room1_mix1232,50,6,0,132,0,1.23
fold2_room1_mix1232,51,6,0,129,0,1.88
fold2_room1_mix1232,52,6,0,127,0,2.70
fold2_room1_mix1232,53,6,0,123,0,2.81
fold2_room1_mix1232,54,6,0,116,0,2.52
fold2_room1_mix1232,55,6,0,108,0,2.25
fold2_room1_mix1232,56,6,0,102,0,2.13
fold2_room1_mix1232,57,6,0,99,0,2.16
fold2_room1_mix1232,58,6,0,96,0,2.18
fold2_room1_mix1232,59,6,0,92,0,2.19
fold2_room1_mix1232,60,6,0,85,0,2.18
fold2_room1_mix1232,61,6,0,79,0,2.17
fold2_room1_mix1232,62,6,0,73,0,2.19
fold2_room1_mix1232,63,6,0,67,0,2.39
fold2_room1_mix1232,64,6,0,62,0,2.63
fold2_room1_mix1232,65,6,0,59,0,2.79
fold2_room1_mix1232,66,6,0,58,0,2.27
fold2_room1_mix1232,67,6,0,55,0,1.68
fold2_room1_mix1232,68,6,0,46,0,1.21
fold2_room1_mix1240,43,6,0,-75,0,0.74
fold2_room1_mix1241,60,6,0,46,0,1.06
fold2_room1_mix1241,61,6,0,44,0,2.59
fold2_room1_mix1241,62,6,0,45,0,4.48
fold2_room1_mix1241,63,6,0,48,0,3.86
fold2_room1_mix1241,64,6,0,53,0,3.06
fold2_room1_mix1241,65,6,0,60,0,2.45
fold2_room1_mix1241,66,6,0,70,0,2.33
fold2_room1_mix1241,67,6,0,83,0,2.33
fold2_room1_mix1241,68,6,0,96,0,2.32
fold2_room1_mix1241,69,6,0,105,0,2.26
fold2_room1_mix1241,70,6,0,111,0,2.19
fold2_room1_mix1241,71,6,0,117,0,2.11
fold2_room1_mix1241,72,6,0,122,0,2.22
fold2_room1_mix1241,73,6,0,128,0,2.54
fold2_room1_mix1241,74,6,0,134,0,2.88
fold2_room1_mix1241,75,6,0,139,0,2.75
fold2_room1_mix1241,76,6,0,141,0,1.78
fold2_room1_mix1241,77,6,0,144,0,1.04
fold2_room1_mix1252,45,6,0,38,0,1.24
fold2_room1_mix1252,46,6,0,42,0,1.48
fold2_room1_mix1252,47,6,0,52,0,1.79
fold2_room1_mix1252,48,6,0,57,0,2.14
fold2_room1_mix1252,49,6,0,59,0,2.49
fold2_room1_mix1252,50,6,0,64,0,2.37
fold2_room1_mix1252,51,6,0,70,0,2.16
fold2_room1_mix1252,52,6,0,78,0,1.95
fold2_room1_mix1252,53,6,0,86,0,1.85
fold2_room1_mix1252,54,6,0,95,0,1.78
fold2_room1_mix1252,55,6,0,103,0,1.71
fold2_room1_mix1252,56,6,0,110,0,1.77
fold2_room1_mix1252,57,6,0,115,0,1.96
fold2_room1_mix1252,58,6,0,121,0,2.16
fold2_room1_mix1252,59,6,0,125,0,2.29
fold2_room1_mix1252,60,6,0,128,0,2.25
fold2_room1_mix1252,61,6,0,130,0,2.21
fold2_room1_mix1252,62,6,0,134,0,2.22
fold2_room1_mix1252,63,6,0,138,0,2.41
fold2_room1_mix1252,64,6,0,141,0,2.63
fold2_room1_mix1252,65,6,0,144,0,2.84
fold2_room1_mix1252,66,6,0,144,0,2.76
fold2_room1_mix1252,67,6,0,144,0,2.62
fold2_room1_mix1252,68,6,0,144,0,2.47
fold2_room1_mix1252,69,6,0,145,0,1.60
fold2_room1_mix1259,37,6,0,-23,0,1.93
fold2_room1_mix1259,38,6,0,-28,0,2.48
fold2_room1_mix1259,39,6,0,-32,0,3.13
fold2_room1_mix1259,40,6,0,-34,0,3.33
fold2_room1_mix1259,41,6,0,-36,0,2.99
fold2_room1_mix1259,42,6,0,-39,0,2.68
fold2_room1_mix1259,43,6,0,-43,0,2.41
fold2_room1_mix1259,44,6,0,-49,0,2.17
fold2_room1_mix1259,45,6,0,-56,0,1.96
fold2_room1_mix1259,46,6,0,-65,0,1.76
fold2_room1_mix1259,47,6,0,-79,0,1.62
fold2_room1_mix1259,48,6,0,-95,0,1.49
fold2_room1_mix1259,49,6,0,-109,0,1.40
fold2_room1_mix1259,50,6,0,-119,0,1.58
fold2_room1_mix1259,51,6,0,-127,0,1.86
fold2_room1_mix1259,52,6,0,-136,0,2.17
fold2_room1_mix1259,53,6,0,-141,0,2.43
fold2_room1_mix1259,54,6,0,-143,0,2.66
fold2_room1_mix1259,55,6,0,-144,0,2.91
fold2_room1_mix1259,56,6,0,-146,0,2.69
fold2_room1_mix1259,57,6,0,-149,0,2.08
fold2_room1_mix1259,58,6,0,-152,0,1.57
fold2_room1_mix1296,83,6,0,-41,0,0.65
fold2_room1_mix1296,84,6,0,-42,0,1.29
fold2_room1_mix1296,85,6,0,-51,0,1.44
fold2_room1_mix1296,86,6,0,-76,0,1.30
fold2_room1_mix1296,87,6,0,-107,0,1.16
fold2_room1_mix1296,88,6,0,-115,0,0.84
fold2_room1_mix1296,89,6,0,-111,0,0.41
fold2_room1_mix1356,64,6,0,59,0,0.82
fold2_room1_mix1356,65,6,0,58,0,1.48
fold2_room1_mix1356,66,6,0,70,0,1.65
fold2_room1_mix1356,67,6,0,91,0,1.68
fold2_room1_mix1356,68,6,0,110,0,1.69
fold2_room1_mix1356,69,6,0,112,0,1.12
fold2_room1_mix1356,70,6,0,108,0,0.49
fold2_room1_mix1474,4,7,0,-176,0,38.67
fold2_room1_mix1474,5,7,0,-176,0,33.60
fold2_room1_mix1474,6,7,0,-174,0,13.10
fold2_room1_mix1474,8,7,0,-174,0,5.40
fold2_room1_mix1474,9,7,0,-177,0,18.49
fold2_room1_mix1474,10,7,0,-177,0,58.34
fold2_room1_mix1474,11,7,0,-177,0,119.96
fold2_room1_mix1474,12,7,0,-177,0,106.77
fold2_room1_mix1474,13,7,0,-176,0,92.63
fold2_room1_mix1474,14,7,0,-176,0,81.80
fold2_room1_mix1474,15,7,0,-176,0,77.73
fold2_room1_mix1474,16,7,0,-176,0,74.44
fold2_room1_mix1474,17,7,0,-176,0,71.44
fold2_room1_mix1474,18,7,0,-176,0,69.81
fold2_room1_mix1474,19,7,0,-176,0,68.52
fold2_room1_mix1474,20,7,0,-176,0,67.26
fold2_room1_mix1474,21,7,0,-176,0,66.04
fold2_room1_mix1474,22,7,0,-176,0,64.84
fold2_room1_mix1474,23,7,0,-176,0,63.67
fold2_room1_mix1474,24,7,0,-176,0,61.99
fold2_room1_mix1474,25,7,0,-176,0,59.84
fold2_room1_mix1474,26,7,0,-176,0,57.76
fold2_room1_mix1474,27,7,0,-176,0,55.80
fold2_room1_mix1474,28,7,0,-176,0,54.00
fold2_room1_mix1474,29,7,0,-176,0,52.26
fold2_room1_mix1474,30,7,0,-176,0,50.47
fold2_room1_mix1474,31,7,0,-176,0,48.35
fold2_room1_mix1474,32,7,0,-175,0,46.27
fold2_room1_mix1474,33,7,0,-175,0,44.27
fold2_room1_mix1474,34,7,0,-174,0,42.29
fold2_room1_mix1474,35,7,0,-174,0,40.37
fold2_room1_mix1474,36,7,0,-174,0,38.53
fold2_room1_mix1474,37,7,0,-173,0,36.39
fold2_room1_mix1474,38,7,0,-173,0,34.20
fold2_room1_mix1474,39,7,0,-172,0,32.14
fold2_room1_mix1474,40,7,0,-171,0,30.04
fold2_room1_mix1474,41,7,0,-171,0,27.95
fold2_room1_mix1474,42,7,0,-170,0,25.99
fold2_room1_mix1474,43,7,0,-170,0,24.06
fold2_room1_mix1474,44,7,0,-169,0,22.08
fold2_room1_mix1474,45,7,0,-168,0,20.24
fold2_room1_mix1474,46,7,0,-167,0,18.45
fold2_room1_mix1474,47,7,0,-166,0,16.41
fold2_room1_mix1474,48,7,0,-164,0,14.55
fold2_room1_mix1474,49,7,0,-163,0,12.84
fold2_room1_mix1474,50,7,0,-160,0,10.96
fold2_room1_mix1474,51,7,0,-157,0,9.25
fold2_room1_mix1474,52,7,0,-154,0,7.77
fold2_room1_mix1474,53,7,0,-143,0,6.21
fold2_room1_mix1474,54,7,0,-130,0,4.81
fold2_room1_mix1474,55,7,0,-115,0,3.68
fold2_room1_mix1474,56,7,0,-92,0,3.57
fold2_room1_mix1474,57,7,0,-63,0,4.40
fold2_room1_mix1474,58,7,0,-43,0,5.38
fold2_room1_mix1474,59,7,0,-31,0,6.57
fold2_room1_mix1474,60,7,0,-27,0,8.07
fold2_room1_mix1474,61,7,0,-23,0,9.88
fold2_room1_mix1474,62,7,0,-19,0,11.83
fold2_room1_mix1474,63,7,0,-17,0,13.18
fold2_room1_mix1474,64,7,0,-15,0,14.57
fold2_room1_mix1474,65,7,0,-14,0,16.08
fold2_room1_mix1474,66,7,0,-13,0,17.76
fold2_room1_mix1474,67,7,0,-12,0,19.60
fold2_room1_mix1474,68,7,0,-11,0,21.61
fold2_room1_mix1474,69,7,0,-10,0,23.42
fold2_room1_mix1474,70,7,0,-9,0,25.17
fold2_room1_mix1474,71,7,0,-8,0,27.05
fold2_room1_mix1474,72,7,0,-8,0,29.14
fold2_room1_mix1474,73,7,0,-7,0,31.48
fold2_room1_mix1474,74,7,0,-6,0,33.99
fold2_room1_mix1474,75,7,0,-6,0,36.14
fold2_room1_mix1474,76,7,0,-5,0,37.23
fold2_room1_mix1474,77,7,0,-5,0,38.31
fold2_room1_mix1474,78,7,0,-5,0,39.55
fold2_room1_mix1474,79,7,0,-5,0,41.41
fold2_room1_mix1474,80,7,0,-5,0,43.42
fold2_room1_mix1474,81,7,0,-4,0,45.53
fold2_room1_mix1474,82,7,0,-4,0,47.72
fold2_room1_mix1474,83,7,0,-4,0,50.01
fold2_room1_mix1474,84,7,0,-4,0,52.31
fold2_room1_mix1474,85,7,0,-4,0,51.78
fold2_room1_mix1474,86,7,0,-4,0,49.90
fold2_room1_mix1474,87,7,0,-4,0,48.08
fold2_room1_mix1474,88,7,0,-4,0,49.69
fold2_room1_mix1474,89,7,0,-4,0,55.07
fold2_room1_mix1474,90,7,0,-3,0,61.01
fold2_room1_mix1474,91,7,0,-3,0,65.68
fold2_room1_mix1474,92,7,0,-3,0,66.68
fold2_room1_mix1474,93,7,0,-3,0,67.56
fold2_room1_mix1474,94,7,0,-3,0,68.29
fold2_room1_mix1474,95,7,0,-3,0,68.32
fold2_room1_mix1474,96,7,0,-3,0,68.28
fold2_room1_mix1474,97,7,0,-3,0,68.67
fold2_room1_mix1474,98,7,0,-3,0,73.23
fold2_room1_mix1474,99,7,0,-3,0,79.21
fold2_room1_mix1477,12,7,0,0,0,5.47
fold2_room1_mix1477,13,7,0,0,0,39.23
fold2_room1_mix1477,14,7,0,0,0,171.32
fold2_room1_mix1477,15,7,0,1,0,158.78
fold2_room1_mix1477,16,7,0,1,0,124.57
fold2_room1_mix1477,17,7,0,1,0,99.14
fold2_room1_mix1477,18,7,0,1,0,90.51
fold2_room1_mix1477,19,7,0,1,0,85.43
fold2_room1_mix1477,20,7,0,1,0,80.72
fold2_room1_mix1477,21,7,0,1,0,78.82
fold2_room1_mix1477,22,7,0,1,0,78.22
fold2_room1_mix1477,23,7,0,1,0,77.61
fold2_room1_mix1477,24,7,0,1,0,78.49
fold2_room1_mix1477,25,7,0,1,0,80.90
fold2_room1_mix1477,26,7,0,1,0,83.38
fold2_room1_mix1477,27,7,0,1,0,83.02
fold2_room1_mix1477,28,7,0,1,0,76.97
fold2_room1_mix1477,29,7,0,1,0,71.20
fold2_room1_mix1477,30,7,0,1,0,67.12
fold2_room1_mix1477,31,7,0,1,0,68.41
fold2_room1_mix1477,32,7,0,1,0,70.32
fold2_room1_mix1477,33,7,0,1,0,72.37
fold2_room1_mix1477,34,7,0,1,0,75.40
fold2_room1_mix1477,35,7,0,1,0,78.79
fold2_room1_mix1477,36,7,0,0,0,81.58
fold2_room1_mix1477,37,7,0,0,0,62.51
fold2_room1_mix1477,38,7,0,0,0,41.29
fold2_room1_mix1477,39,7,0,0,0,27.16
fold2_room1_mix1477,40,7,0,1,0,27.64
fold2_room1_mix1477,41,7,0,1,0,43.51
fold2_room1_mix1477,42,7,0,1,0,68.18
fold2_room1_mix1477,43,7,0,2,0,87.39
fold2_room1_mix1477,44,7,0,2,0,74.42
fold2_room1_mix1477,45,7,0,2,0,62.57
fold2_room1_mix1477,46,7,0,2,0,54.07
fold2_room1_mix1477,47,7,0,2,0,52.43
fold2_room1_mix1477,48,7,0,2,0,51.48
fold2_room1_mix1477,49,7,0,2,0,50.50
fold2_room1_mix1477,50,7,0,2,0,49.23
fold2_room1_mix1477,51,7,0,2,0,47.91
fold2_room1_mix1477,52,7,0,2,0,46.64
fold2_room1_mix1477,53,7,0,3,0,45.62
fold2_room1_mix1477,54,7,0,3,0,44.74
fold2_room1_mix1477,55,7,0,3,0,43.88
fold2_room1_mix1477,56,7,0,3,0,42.54
fold2_room1_mix1477,57,7,0,3,0,40.78
fold2_room1_mix1477,58,7,0,3,0,39.08
fold2_room1_mix1477,59,7,0,4,0,37.43
fold2_room1_mix1477,60,7,0,4,0,35.79
fold2_room1_mix1477,61,7,0,4,0,34.22
fold2_room1_mix1477,62,7,0,5,0,32.56
fold2_room1_mix1477,63,7,0,5,0,30.35
fold2_room1_mix1477,64,7,0,6,0,28.23
fold2_room1_mix1477,65,7,0,6,0,26.21
fold2_room1_mix1477,66,7,0,7,0,24.02
fold2_room1_mix1477,67,7,0,8,0,21.93
fold2_room1_mix1477,68,7,0,8,0,20.01
fold2_room1_mix1477,69,7,0,9,0,18.06
fold2_room1_mix1477,70,7,0,10,0,16.21
fold2_room1_mix1477,71,7,0,11,0,14.54
fold2_room1_mix1477,72,7,0,13,0,12.75
fold2_room1_mix1477,73,7,0,15,0,10.94
fold2_room1_mix1477,74,7,0,18,0,9.37
fold2_room1_mix1477,75,7,0,24,0,7.63
fold2_room1_mix1477,76,7,0,36,0,5.58
fold2_room1_mix1477,77,7,0,46,0,4.01
fold2_room1_mix1477,78,7,0,58,0,3.05
fold2_room1_mix1477,79,7,0,85,0,3.19
fold2_room1_mix1477,80,7,0,119,0,3.46
fold2_room1_mix1477,81,7,0,135,0,3.81
fold2_room1_mix1477,82,7,0,143,0,4.88
fold2_room1_mix1477,83,7,0,150,0,6.41
fold2_room1_mix1477,84,7,0,159,0,8.33
fold2_room1_mix1477,85,7,0,163,0,9.85
fold2_room1_mix1477,86,7,0,165,0,11.16
fold2_room1_mix1477,87,7,0,167,0,12.62
fold2_room1_mix1477,88,7,0,168,0,14.16
fold2_room1_mix1477,89,7,0,169,0,15.77
fold2_room1_mix1477,90,7,0,170,0,17.54
fold2_room1_mix1477,91,7,0,171,0,19.24
fold2_room1_mix1477,92,7,0,172,0,20.53
fold2_room1_mix1477,93,7,0,172,0,21.89
fold2_room1_mix1477,94,7,0,173,0,23.29
fold2_room1_mix1477,95,7,0,173,0,24.59
fold2_room1_mix1477,96,7,0,173,0,25.95
fold2_room1_mix1477,97,7,0,173,0,27.41
fold2_room1_mix1477,98,7,0,174,0,29.15
fold2_room1_mix1477,99,7,0,175,0,31.06
fold2_room1_mix1479,2,7,0,-2,0,6.77
fold2_room1_mix1479,3,7,0,-3,0,24.75
fold2_room1_mix1479,4,7,0,-4,0,81.67
fold2_room1_mix1479,5,7,0,-4,0,95.21
fold2_room1_mix1479,6,7,0,-4,0,67.45
fold2_room1_mix1479,7,7,0,-4,0,47.70
fold2_room1_mix1479,8,7,0,-4,0,40.98
fold2_room1_mix1479,9,7,0,-5,0,42.83
fold2_room1_mix1479,10,7,0,-5,0,44.77
fold2_room1_mix1479,11,7,0,-5,0,45.74
fold2_room1_mix1479,12,7,0,-5,0,44.55
fold2_room1_mix1479,13,7,0,-5,0,43.34
fold2_room1_mix1479,14,7,0,-5,0,42.19
fold2_room1_mix1479,15,7,0,-5,0,41.23
fold2_room1_mix1479,16,7,0,-5,0,40.30
fold2_room1_mix1479,17,7,0,-5,0,39.36
fold2_room1_mix1479,18,7,0,-6,0,38.06
fold2_room1_mix1479,19,7,0,-6,0,36.72
fold2_room1_mix1479,20,7,0,-6,0,35.43
fold2_room1_mix1479,21,7,0,-6,0,34.45
fold2_room1_mix1479,22,7,0,-6,0,33.62
fold2_room1_mix1479,23,7,0,-6,0,32.81
fold2_room1_mix1479,24,7,0,-6,0,31.68
fold2_room1_mix1479,25,7,0,-7,0,30.27
fold2_room1_mix1479,26,7,0,-7,0,28.92
fold2_room1_mix1479,27,7,0,-7,0,27.61
fold2_room1_mix1479,28,7,0,-8,0,26.34
fold2_room1_mix1479,29,7,0,-8,0,25.12
fold2_room1_mix1479,30,7,0,-8,0,23.99
fold2_room1_mix1479,31,7,0,-9,0,23.03
fold2_room1_mix1479,32,7,0,-9,0,22.11
fold2_room1_mix1479,33,7,0,-10,0,21.17
fold2_room1_mix1479,34,7,0,-11,0,19.71
fold2_room1_mix1479,35,7,0,-11,0,18.23
fold2_room1_mix1479,36,7,0,-12,0,16.85
fold2_room1_mix1479,37,7,0,-13,0,15.68
fold2_room1_mix1479,38,7,0,-14,0,14.64
fold2_room1_mix1479,39,7,0,-15,0,13.66
fold2_room1_mix1479,40,7,0,-16,0,12.57
fold2_room1_mix1479,41,7,0,-18,0,11.41
fold2_room1_mix1479,42,7,0,-20,0,10.35
fold2_room1_mix1479,43,7,0,-23,0,9.23
fold2_room1_mix1479,44,7,0,-27,0,7.96
fold2_room1_mix1479,45,7,0,-31,0,6.83
fold2_room1_mix1479,46,7,0,-37,0,5.87
fold2_room1_mix1479,47,7,0,-46,0,5.10
fold2_room1_mix1479,48,7,0,-55,0,4.42
fold2_room1_mix1479,49,7,0,-65,0,3.88
fold2_room1_mix1479,50,7,0,-80,0,3.84
fold2_room1_mix1479,51,7,0,-98,0,3.91
fold2_room1_mix1479,52,7,0,-114,0,4.00
fold2_room1_mix1479,53,7,0,-123,0,4.39
fold2_room1_mix1479,54,7,0,-132,0,4.97
fold2_room1_mix1479,55,7,0,-141,0,5.61
fold2_room1_mix1479,56,7,0,-148,0,6.37
fold2_room1_mix1479,57,7,0,-151,0,7.26
fold2_room1_mix1479,58,7,0,-154,0,8.26
fold2_room1_mix1479,59,7,0,-157,0,9.27
fold2_room1_mix1479,60,7,0,-159,0,10.14
fold2_room1_mix1479,61,7,0,-161,0,11.09
fold2_room1_mix1479,62,7,0,-162,0,12.12
fold2_room1_mix1479,63,7,0,-163,0,13.25
fold2_room1_mix1479,64,7,0,-165,0,14.48
fold2_room1_mix1479,65,7,0,-166,0,15.79
fold2_room1_mix1479,66,7,0,-167,0,16.97
fold2_room1_mix1479,67,7,0,-168,0,18.18
fold2_room1_mix1479,68,7,0,-168,0,19.46
fold2_room1_mix1479,69,7,0,-169,0,20.43
fold2_room1_mix1479,70,7,0,-170,0,21.24
fold2_room1_mix1479,71,7,0,-170,0,22.09
fold2_room1_mix1479,72,7,0,-171,0,23.19
fold2_room1_mix1479,73,7,0,-171,0,24.57
fold2_room1_mix1479,74,7,0,-171,0,26.04
fold2_room1_mix1479,75,7,0,-172,0,27.37
fold2_room1_mix1479,76,7,0,-172,0,28.34
fold2_room1_mix1479,77,7,0,-172,0,29.32
fold2_room1_mix1479,78,7,0,-172,0,30.32
fold2_room1_mix1479,79,7,0,-173,0,31.30
fold2_room1_mix1479,80,7,0,-173,0,32.30
fold2_room1_mix1479,81,7,0,-173,0,33.33
fold2_room1_mix1479,82,7,0,-173,0,34.35
fold2_room1_mix1479,83,7,0,-173,0,35.38
fold2_room1_mix1479,84,7,0,-173,0,36.44
fold2_room1_mix1479,85,7,0,-174,0,37.58
fold2_room1_mix1479,86,7,0,-174,0,38.76
fold2_room1_mix1479,87,7,0,-174,0,39.98
fold2_room1_mix1479,88,7,0,-174,0,40.96
fold2_room1_mix1479,89,7,0,-174,0,41.68
fold2_room1_mix1479,90,7,0,-175,0,42.41
fold2_room1_mix1479,91,7,0,-175,0,43.05
fold2_room1_mix1479,92,7,0,-175,0,43.51
fold2_room1_mix1479,93,7,0,-175,0,43.97
fold2_room1_mix1479,94,7,0,-175,0,44.69
fold2_room1_mix1479,95,7,0,-175,0,46.51
fold2_room1_mix1479,96,7,0,-175,0,48.53
fold2_room1_mix1479,97,7,0,-175,0,50.71
fold2_room1_mix1479,98,7,0,-175,0,53.77
fold2_room1_mix1479,99,7,0,-175,0,57.21
fold2_room1_mix1490,2,7,0,178,0,6.67
fold2_room1_mix1490,3,7,0,178,0,27.18
fold2_room1_mix1490,4,7,0,177,0,99.20
fold2_room1_mix1490,5,7,0,177,0,117.04
fold2_room1_mix1490,6,7,0,176,0,80.39
fold2_room1_mix1490,7,7,0,176,0,55.12
fold2_room1_mix1490,8,7,0,176,0,46.41
fold2_room1_mix1490,9,7,0,175,0,48.08
fold2_room1_mix1490,10,7,0,175,0,49.81
fold2_room1_mix1490,11,7,0,175,0,50.59
fold2_room1_mix1490,12,7,0,175,0,49.33
fold2_room1_mix1490,13,7,0,175,0,48.05
fold2_room1_mix1490,14,7,0,175,0,46.80
fold2_room1_mix1490,15,7,0,175,0,45.58
fold2_room1_mix1490,16,7,0,175,0,44.39
fold2_room1_mix1490,17,7,0,175,0,43.16
fold2_room1_mix1490,18,7,0,175,0,41.43
fold2_room1_mix1490,19,7,0,175,0,39.65
fold2_room1_mix1490,20,7,0,175,0,37.95
fold2_room1_mix1490,21,7,0,174,0,36.71
fold2_room1_mix1490,22,7,0,174,0,35.69
fold2_room1_mix1490,23,7,0,174,0,34.70
fold2_room1_mix1490,24,7,0,173,0,33.38
fold2_room1_mix1490,25,7,0,173,0,31.76
fold2_room1_mix1490,26,7,0,172,0,30.21
fold2_room1_mix1490,27,7,0,172,0,28.74
fold2_room1_mix1490,28,7,0,171,0,27.34
fold2_room1_mix1490,29,7,0,171,0,26.00
fold2_room1_mix1490,30,7,0,171,0,24.76
fold2_room1_mix1490,31,7,0,170,0,23.73
fold2_room1_mix1490,32,7,0,170,0,22.76
fold2_room1_mix1490,33,7,0,169,0,21.75
fold2_room1_mix1490,34,7,0,168,0,20.16
fold2_room1_mix1490,35,7,0,167,0,18.54
fold2_room1_mix1490,36,7,0,167,0,17.05
fold2_room1_mix1490,37,7,0,165,0,15.73
fold2_room1_mix1490,38,7,0,164,0,14.53
fold2_room1_mix1490,39,7,0,163,0,13.42
fold2_room1_mix1490,40,7,0,161,0,12.23
fold2_room1_mix1490,41,7,0,158,0,10.99
fold2_room1_mix1490,42,7,0,156,0,9.86
fold2_room1_mix1490,43,7,0,152,0,8.74
fold2_room1_mix1490,44,7,0,148,0,7.53
fold2_room1_mix1490,45,7,0,143,0,6.47
fold2_room1_mix1490,46,7,0,137,0,5.58
fold2_room1_mix1490,47,7,0,126,0,4.94
fold2_room1_mix1490,48,7,0,115,0,4.38
fold2_room1_mix1490,49,7,0,101,0,3.93
fold2_room1_mix1490,50,7,0,83,0,4.04
fold2_room1_mix1490,51,7,0,66,0,4.28
fold2_room1_mix1490,52,7,0,53,0,4.55
fold2_room1_mix1490,53,7,0,44,0,5.17
fold2_room1_mix1490,54,7,0,38,0,6.04
fold2_room1_mix1490,55,7,0,31,0,7.05
fold2_room1_mix1490,56,7,0,26,0,8.10
fold2_room1_mix1490,57,7,0,23,0,9.17
fold2_room1_mix1490,58,7,0,21,0,10.38
fold2_room1_mix1490,59,7,0,19,0,11.57
fold2_room1_mix1490,60,7,0,17,0,12.53
fold2_room1_mix1490,61,7,0,16,0,13.55
fold2_room1_mix1490,62,7,0,15,0,14.61
fold2_room1_mix1490,63,7,0,14,0,15.60
fold2_room1_mix1490,64,7,0,13,0,16.63
fold2_room1_mix1490,65,7,0,12,0,17.75
fold2_room1_mix1490,66,7,0,11,0,19.28
fold2_room1_mix1490,67,7,0,10,0,21.02
fold2_room1_mix1490,68,7,0,9,0,22.88
fold2_room1_mix1490,69,7,0,9,0,23.95
fold2_room1_mix1490,70,7,0,8,0,24.59
fold2_room1_mix1490,71,7,0,8,0,25.24
fold2_room1_mix1490,72,7,0,8,0,26.32
fold2_room1_mix1490,73,7,0,7,0,27.87
fold2_room1_mix1490,74,7,0,7,0,29.52
fold2_room1_mix1490,75,7,0,7,0,30.95
fold2_room1_mix1490,76,7,0,6,0,31.79
fold2_room1_mix1490,77,7,0,6,0,32.64
fold2_room1_mix1490,78,7,0,6,0,33.60
fold2_room1_mix1490,79,7,0,5,0,34.99
fold2_room1_mix1490,80,7,0,5,0,36.49
fold2_room1_mix1490,81,7,0,5,0,38.01
fold2_room1_mix1490,82,7,0,5,0,39.29
fold2_room1_mix1490,83,7,0,5,0,40.53
fold2_room1_mix1490,84,7,0,5,0,41.81
fold2_room1_mix1490,85,7,0,5,0,43.19
fold2_room1_mix1490,86,7,0,4,0,44.65
fold2_room1_mix1490,87,7,0,4,0,46.15
fold2_room1_mix1490,88,7,0,4,0,47.17
fold2_room1_mix1490,89,7,0,4,0,47.66
fold2_room1_mix1490,90,7,0,4,0,48.15
fold2_room1_mix1490,91,7,0,4,0,48.86
fold2_room1_mix1490,92,7,0,4,0,50.03
fold2_room1_mix1490,93,7,0,4,0,51.24
fold2_room1_mix1490,94,7,0,4,0,52.50
fold2_room1_mix1490,95,7,0,4,0,53.82
fold2_room1_mix1490,96,7,0,4,0,55.18
fold2_room1_mix1490,97,7,0,4,0,56.63
fold2_room1_mix1490,98,7,0,3,0,58.56
fold2_room1_mix1490,99,7,0,3,0,60.67
fold2_room1_mix1498,2,7,0,178,0,7.23
fold2_room1_mix1498,3,7,0,177,0,31.39
fold2_room1_mix1498,4,7,0,177,0,122.13
fold2_room1_mix1498,5,7,0,176,0,144.98
fold2_room1_mix1498,6,7,0,176,0,97.39
fold2_room1_mix1498,7,7,0,176,0,65.31
fold2_room1_mix1498,8,7,0,176,0,55.44
fold2_room1_mix1498,9,7,0,176,0,59.66
fold2_room1_mix1498,10,7,0,177,0,64.20
fold2_room1_mix1498,11,7,0,176,0,66.11
fold2_room1_mix1498,12,7,0,176,0,62.16
fold2_room1_mix1498,13,7,0,176,0,58.28
fold2_room1_mix1498,14,7,0,176,0,55.14
fold2_room1_mix1498,15,7,0,176,0,54.13
fold2_room1_mix1498,16,7,0,175,0,53.35
fold2_room1_mix1498,17,7,0,175,0,52.51
fold2_room1_mix1498,18,7,0,175,0,51.03
fold2_room1_mix1498,19,7,0,175,0,49.42
fold2_room1_mix1498,20,7,0,175,0,47.88
fold2_room1_mix1498,21,7,0,175,0,46.61
fold2_room1_mix1498,22,7,0,175,0,45.48
fold2_room1_mix1498,23,7,0,175,0,44.38
fold2_room1_mix1498,24,7,0,175,0,42.85
fold2_room1_mix1498,25,7,0,174,0,40.94
fold2_room1_mix1498,26,7,0,174,0,39.11
fold2_room1_mix1498,27,7,0,174,0,37.31
fold2_room1_mix1498,28,7,0,173,0,35.47
fold2_room1_mix1498,29,7,0,173,0,33.72
fold2_room1_mix1498,30,7,0,173,0,32.02
fold2_room1_mix1498,31,7,0,172,0,30.30
fold2_room1_mix1498,32,7,0,172,0,28.66
fold2_room1_mix1498,33,7,0,172,0,27.10
fold2_room1_mix1498,34,7,0,171,0,25.65
fold2_room1_mix1498,35,7,0,171,0,24.28
fold2_room1_mix1498,36,7,0,170,0,22.98
fold2_room1_mix1498,37,7,0,169,0,21.43
fold2_room1_mix1498,38,7,0,168,0,19.85
fold2_room1_mix1498,39,7,0,168,0,18.37
fold2_room1_mix1498,40,7,0,166,0,16.80
fold2_room1_mix1498,41,7,0,165,0,15.16
fold2_room1_mix1498,42,7,0,164,0,13.67
fold2_room1_mix1498,43,7,0,162,0,12.39
fold2_room1_mix1498,44,7,0,160,0,11.34
fold2_room1_mix1498,45,7,0,158,0,10.38
fold2_room1_mix1498,46,7,0,155,0,9.37
fold2_room1_mix1498,47,7,0,150,0,7.98
fold2_room1_mix1498,48,7,0,145,0,6.74
fold2_room1_mix1498,49,7,0,140,0,5.68
fold2_room1_mix1498,50,7,0,128,0,4.85
fold2_room1_mix1498,51,7,0,111,0,4.15
fold2_room1_mix1498,52,7,0,89,0,3.56
fold2_room1_mix1498,53,7,0,69,0,3.78
fold2_room1_mix1498,54,7,0,54,0,4.44
fold2_room1_mix1498,55,7,0,41,0,5.19
fold2_room1_mix1498,56,7,0,32,0,6.10
fold2_room1_mix1498,57,7,0,28,0,7.21
fold2_room1_mix1498,58,7,0,24,0,8.50
fold2_room1_mix1498,59,7,0,21,0,9.81
fold2_room1_mix1498,60,7,0,19,0,10.89
fold2_room1_mix1498,61,7,0,18,0,12.07
fold2_room1_mix1498,62,7,0,16,0,13.37
fold2_room1_mix1498,63,7,0,15,0,14.79
fold2_room1_mix1498,64,7,0,13,0,16.36
fold2_room1_mix1498,65,7,0,12,0,18.04
fold2_room1_mix1498,66,7,0,11,0,19.51
fold2_room1_mix1498,67,7,0,10,0,20.99
fold2_room1_mix1498,68,7,0,9,0,22.56
fold2_room1_mix1498,69,7,0,9,0,23.81
fold2_room1_mix1498,70,7,0,8,0,24.90
fold2_room1_mix1498,71,7,0,8,0,26.04
fold2_room1_mix1498,72,7,0,7,0,27.38
fold2_room1_mix1498,73,7,0,7,0,28.93
fold2_room1_mix1498,74,7,0,7,0,30.57
fold2_room1_mix1498,75,7,0,6,0,32.19
fold2_room1_mix1498,76,7,0,6,0,33.63
fold2_room1_mix1498,77,7,0,5,0,35.12
fold2_room1_mix1498,78,7,0,5,0,36.57
fold2_room1_mix1498,79,7,0,5,0,37.61
fold2_room1_mix1498,80,7,0,4,0,38.63
fold2_room1_mix1498,81,7,0,4,0,39.77
fold2_room1_mix1498,82,7,0,4,0,41.82
fold2_room1_mix1498,83,7,0,4,0,44.21
fold2_room1_mix1498,84,7,0,4,0,46.70
fold2_room1_mix1498,85,7,0,4,0,48.54
fold2_room1_mix1498,86,7,0,4,0,50.05
fold2_room1_mix1498,87,7,0,4,0,51.61
fold2_room1_mix1498,88,7,0,3,0,51.71
fold2_room1_mix1498,89,7,0,3,0,50.33
fold2_room1_mix1498,90,7,0,3,0,48.98
fold2_room1_mix1498,91,7,0,3,0,49.23
fold2_room1_mix1498,92,7,0,3,0,52.84
fold2_room1_mix1498,93,7,0,3,0,56.83
fold2_room1_mix1498,94,7,0,3,0,60.37
fold2_room1_mix1498,95,7,0,3,0,60.97
fold2_room1_mix1498,96,7,0,3,0,61.24
fold2_room1_mix1498,97,7,0,3,0,61.60
fold2_room1_mix1498,98,7,0,3,0,62.79
fold2_room1_mix1498,99,7,0,2,0,64.21
fold2_room1_mix1499,2,7,0,-1,0,6.52
fold2_room1_mix1499,3,7,0,-2,0,26.18
fold2_room1_mix1499,4,7,0,-3,0,94.04
fold2_room1_mix1499,5,7,0,-3,0,110.98
fold2_room1_mix1499,6,7,0,-3,0,76.85
fold2_room1_mix1499,7,7,0,-3,0,53.12
fold2_room1_mix1499,8,7,0,-3,0,45.10
fold2_room1_mix1499,9,7,0,-3,0,47.11
fold2_room1_mix1499,10,7,0,-3,0,49.20
fold2_room1_mix1499,11,7,0,-4,0,50.30
fold2_room1_mix1499,12,7,0,-4,0,49.21
fold2_room1_mix1499,13,7,0,-4,0,48.07
fold2_room1_mix1499,14,7,0,-4,0,47.07
fold2_room1_mix1499,15,7,0,-4,0,46.55
fold2_room1_mix1499,16,7,0,-4,0,46.09
fold2_room1_mix1499,17,7,0,-4,0,45.52
fold2_room1_mix1499,18,7,0,-4,0,43.98
fold2_room1_mix1499,19,7,0,-4,0,42.28
fold2_room1_mix1499,20,7,0,-4,0,40.65
fold2_room1_mix1499,21,7,0,-4,0,39.53
fold2_room1_mix1499,22,7,0,-4,0,38.65
fold2_room1_mix1499,23,7,0,-5,0,37.80
fold2_room1_mix1499,24,7,0,-5,0,36.55
fold2_room1_mix1499,25,7,0,-5,0,34.94
fold2_room1_mix1499,26,7,0,-5,0,33.39
fold2_room1_mix1499,27,7,0,-5,0,32.16
fold2_room1_mix1499,28,7,0,-5,0,31.47
fold2_room1_mix1499,29,7,0,-5,0,30.81
fold2_room1_mix1499,30,7,0,-5,0,30.06
fold2_room1_mix1499,31,7,0,-5,0,28.95
fold2_room1_mix1499,32,7,0,-6,0,27.84
fold2_room1_mix1499,33,7,0,-6,0,26.76
fold2_room1_mix1499,34,7,0,-6,0,25.59
fold2_room1_mix1499,35,7,0,-6,0,24.43
fold2_room1_mix1499,36,7,0,-7,0,23.33
fold2_room1_mix1499,37,7,0,-7,0,22.15
fold2_room1_mix1499,38,7,0,-8,0,20.97
fold2_room1_mix1499,39,7,0,-8,0,19.85
fold2_room1_mix1499,40,7,0,-9,0,18.66
fold2_room1_mix1499,41,7,0,-10,0,17.40
fold2_room1_mix1499,42,7,0,-10,0,16.22
fold2_room1_mix1499,43,7,0,-11,0,15.14
fold2_room1_mix1499,44,7,0,-12,0,14.17
fold2_room1_mix1499,45,7,0,-12,0,13.25
fold2_room1_mix1499,46,7,0,-13,0,12.35
fold2_room1_mix1499,47,7,0,-14,0,11.33
fold2_room1_mix1499,48,7,0,-16,0,10.38
fold2_room1_mix1499,49,7,0,-17,0,9.48
fold2_room1_mix1499,50,7,0,-19,0,8.50
fold2_room1_mix1499,51,7,0,-22,0,7.58
fold2_room1_mix1499,52,7,0,-25,0,6.74
fold2_room1_mix1499,53,7,0,-31,0,5.72
fold2_room1_mix1499,54,7,0,-38,0,4.72
fold2_room1_mix1499,55,7,0,-45,0,3.88
fold2_room1_mix1499,56,7,0,-56,0,3.38
fold2_room1_mix1499,57,7,0,-73,0,3.16
fold2_room1_mix1499,58,7,0,-95,0,2.95
fold2_room1_mix1499,59,7,0,-113,0,2.98
fold2_room1_mix1499,60,7,0,-125,0,3.54
fold2_room1_mix1499,61,7,0,-136,0,4.20
fold2_room1_mix1499,62,7,0,-148,0,4.94
fold2_room1_mix1499,63,7,0,-152,0,5.76
fold2_room1_mix1499,64,7,0,-155,0,6.70
fold2_room1_mix1499,65,7,0,-158,0,7.71
fold2_room1_mix1499,66,7,0,-160,0,8.45
fold2_room1_mix1499,67,7,0,-162,0,9.15
fold2_room1_mix1499,68,7,0,-163,0,9.90
fold2_room1_mix1499,69,7,0,-165,0,10.86
fold2_room1_mix1499,70,7,0,-165,0,12.00
fold2_room1_mix1499,71,7,0,-166,0,13.24
fold2_room1_mix1499,72,7,0,-167,0,14.46
fold2_room1_mix1499,73,7,0,-168,0,15.64
fold2_room1_mix1499,74,7,0,-169,0,16.90
fold2_room1_mix1499,75,7,0,-169,0,18.07
fold2_room1_mix1499,76,7,0,-170,0,18.90
fold2_room1_mix1499,77,7,0,-171,0,19.75
fold2_room1_mix1499,78,7,0,-171,0,20.70
fold2_room1_mix1499,79,7,0,-172,0,21.94
fold2_room1_mix1499,80,7,0,-172,0,23.28
fold2_room1_mix1499,81,7,0,-172,0,24.64
fold2_room1_mix1499,82,7,0,-172,0,25.46
fold2_room1_mix1499,83,7,0,-173,0,26.15
fold2_room1_mix1499,84,7,0,-173,0,26.86
fold2_room1_mix1499,85,7,0,-173,0,27.66
fold2_room1_mix1499,86,7,0,-173,0,28.52
fold2_room1_mix1499,87,7,0,-173,0,29.41
fold2_room1_mix1499,88,7,0,-173,0,30.35
fold2_room1_mix1499,89,7,0,-174,0,31.34
fold2_room1_mix1499,90,7,0,-174,0,32.37
fold2_room1_mix1499,91,7,0,-174,0,33.39
fold2_room1_mix1499,92,7,0,-174,0,34.34
fold2_room1_mix1499,93,7,0,-175,0,35.31
fold2_room1_mix1499,94,7,0,-175,0,36.29
fold2_room1_mix1499,95,7,0,-175,0,37.22
fold2_room1_mix1499,96,7,0,-175,0,38.15
fold2_room1_mix1499,97,7,0,-175,0,39.14
fold2_room1_mix1499,98,7,0,-175,0,40.43
fold2_room1_mix1499,99,7,0,-176,0,41.83
fold2_room1_mix1507,3,7,0,1,0,19.07
fold2_room1_mix1507,4,7,0,1,0,112.57
fold2_room1_mix1507,5,7,0,1,0,159.77
fold2_room1_mix1507,6,7,0,1,0,115.25
fold2_room1_mix1507,7,7,0,1,0,83.07
fold2_room1_mix1507,8,7,0,1,0,78.33
fold2_room1_mix1507,9,7,0,1,0,96.69
fold2_room1_mix1507,10,7,0,1,0,119.31
fold2_room1_mix1507,11,7,0,1,0,133.89
fold2_room1_mix1507,12,7,0,1,0,123.66
fold2_room1_mix1507,13,7,0,1,0,113.52
fold2_room1_mix1507,14,7,0,1,0,101.47
fold2_room1_mix1507,15,7,0,1,0,81.23
fold2_room1_mix1507,16,7,0,1,0,64.23
fold2_room1_mix1507,17,7,0,1,0,52.87
fold2_room1_mix1507,18,7,0,1,0,63.67
fold2_room1_mix1507,19,7,0,1,0,84.01
fold2_room1_mix1507,20,7,0,1,0,109.91
fold2_room1_mix1507,21,7,0,1,0,111.53
fold2_room1_mix1507,22,7,0,1,0,100.06
fold2_room1_mix1507,23,7,0,1,0,89.77
fold2_room1_mix1507,24,7,0,2,0,83.10
fold2_room1_mix1507,25,7,0,2,0,79.38
fold2_room1_mix1507,26,7,0,2,0,75.82
fold2_room1_mix1507,27,7,0,2,0,73.32
fold2_room1_mix1507,28,7,0,2,0,72.73
fold2_room1_mix1507,29,7,0,2,0,72.20
fold2_room1_mix1507,30,7,0,2,0,71.37
fold2_room1_mix1507,31,7,0,2,0,69.34
fold2_room1_mix1507,32,7,0,2,0,67.24
fold2_room1_mix1507,33,7,0,2,0,65.29
fold2_room1_mix1507,34,7,0,2,0,64.16
fold2_room1_mix1507,35,7,0,3,0,63.22
fold2_room1_mix1507,36,7,0,3,0,62.27
fold2_room1_mix1507,37,7,0,3,0,60.52
fold2_room1_mix1507,38,7,0,3,0,58.44
fold2_room1_mix1507,39,7,0,3,0,56.43
fold2_room1_mix1507,40,7,0,3,0,55.08
fold2_room1_mix1507,41,7,0,3,0,54.35
fold2_room1_mix1507,42,7,0,3,0,53.63
fold2_room1_mix1507,43,7,0,3,0,52.48
fold2_room1_mix1507,44,7,0,3,0,50.48
fold2_room1_mix1507,45,7,0,3,0,48.53
fold2_room1_mix1507,46,7,0,4,0,46.87
fold2_room1_mix1507,47,7,0,4,0,46.13
fold2_room1_mix1507,48,7,0,4,0,45.50
fold2_room1_mix1507,49,7,0,4,0,44.70
fold2_room1_mix1507,50,7,0,4,0,42.33
fold2_room1_mix1507,51,7,0,4,0,39.72
fold2_room1_mix1507,52,7,0,5,0,37.30
fold2_room1_mix1507,53,7,0,5,0,35.88
fold2_room1_mix1507,54,7,0,5,0,34.91
fold2_room1_mix1507,55,7,0,5,0,33.97
fold2_room1_mix1507,56,7,0,6,0,32.78
fold2_room1_mix1507,57,7,0,6,0,31.37
fold2_room1_mix1507,58,7,0,7,0,30.02
fold2_room1_mix1507,59,7,0,7,0,28.63
fold2_room1_mix1507,60,7,0,8,0,27.13
fold2_room1_mix1507,61,7,0,8,0,25.71
fold2_room1_mix1507,62,7,0,9,0,24.30
fold2_room1_mix1507,63,7,0,9,0,22.76
fold2_room1_mix1507,64,7,0,10,0,21.30
fold2_room1_mix1507,65,7,0,11,0,19.91
fold2_room1_mix1507,66,7,0,12,0,18.47
fold2_room1_mix1507,67,7,0,12,0,17.10
fold2_room1_mix1507,68,7,0,13,0,15.82
fold2_room1_mix1507,69,7,0,15,0,14.46
fold2_room1_mix1507,70,7,0,16,0,13.15
fold2_room1_mix1507,71,7,0,18,0,11.94
fold2_room1_mix1507,72,7,0,20,0,10.56
fold2_room1_mix1507,73,7,0,24,0,9.08
fold2_room1_mix1507,74,7,0,28,0,7.79
fold2_room1_mix1507,75,7,0,33,0,6.69
fold2_room1_mix1507,76,7,0,42,0,5.76
fold2_room1_mix1507,77,7,0,51,0,4.95
fold2_room1_mix1507,78,7,0,60,0,4.33
fold2_room1_mix1507,79,7,0,77,0,4.16
fold2_room1_mix1507,80,7,0,99,0,4.03
fold2_room1_mix1507,81,7,0,116,0,3.97
fold2_room1_mix1507,82,7,0,127,0,4.59
fold2_room1_mix1507,83,7,0,137,0,5.49
fold2_room1_mix1507,84,7,0,147,0,6.53
fold2_room1_mix1507,85,7,0,153,0,7.55
fold2_room1_mix1507,86,7,0,156,0,8.62
fold2_room1_mix1507,87,7,0,159,0,9.83
fold2_room1_mix1507,88,7,0,161,0,10.96
fold2_room1_mix1507,89,7,0,162,0,11.99
fold2_room1_mix1507,90,7,0,164,0,13.10
fold2_room1_mix1507,91,7,0,165,0,14.28
fold2_room1_mix1507,92,7,0,166,0,15.51
fold2_room1_mix1507,93,7,0,167,0,16.83
fold2_room1_mix1507,94,7,0,168,0,18.20
fold2_room1_mix1507,95,7,0,168,0,19.38
fold2_room1_mix1507,96,7,0,169,0,20.60
fold2_room1_mix1507,97,7,0,169,0,21.89
fold2_room1_mix1507,98,7,0,170,0,23.26
fold2_room1_mix1507,99,7,0,171,0,24.72
fold2_room1_mix1544,1,7,0,-175,0,8.92
fold2_room1_mix1544,2,7,0,-176,0,16.35
fold2_room1_mix1544,3,7,0,-176,0,33.30
fold2_room1_mix1544,4,7,0,-175,0,65.56
fold2_room1_mix1544,5,7,0,-175,0,69.11
fold2_room1_mix1544,6,7,0,-175,0,53.92
fold2_room1_mix1544,7,7,0,-174,0,42.02
fold2_room1_mix1544,8,7,0,-174,0,37.47
fold2_room1_mix1544,9,7,0,-174,0,38.26
fold2_room1_mix1544,10,7,0,-174,0,39.07
fold2_room1_mix1544,11,7,0,-174,0,39.28
fold2_room1_mix1544,12,7,0,-174,0,38.22
fold2_room1_mix1544,13,7,0,-173,0,37.15
fold2_room1_mix1544,14,7,0,-173,0,35.99
fold2_room1_mix1544,15,7,0,-173,0,34.36
fold2_room1_mix1544,16,7,0,-173,0,32.75
fold2_room1_mix1544,17,7,0,-172,0,31.30
fold2_room1_mix1544,18,7,0,-172,0,30.65
fold2_room1_mix1544,19,7,0,-172,0,30.18
fold2_room1_mix1544,20,7,0,-172,0,29.72
fold2_room1_mix1544,21,7,0,-172,0,29.19
fold2_room1_mix1544,22,7,0,-171,0,28.63
fold2_room1_mix1544,23,7,0,-171,0,28.07
fold2_room1_mix1544,24,7,0,-171,0,27.48
fold2_room1_mix1544,25,7,0,-171,0,26.84
fold2_room1_mix1544,26,7,0,-171,0,26.22
fold2_room1_mix1544,27,7,0,-171,0,25.43
fold2_room1_mix1544,28,7,0,-170,0,24.33
fold2_room1_mix1544,29,7,0,-170,0,23.27
fold2_room1_mix1544,30,7,0,-169,0,22.34
fold2_room1_mix1544,31,7,0,-169,0,21.84
fold2_room1_mix1544,32,7,0,-169,0,21.39
fold2_room1_mix1544,33,7,0,-168,0,20.87
fold2_room1_mix1544,34,7,0,-168,0,19.72
fold2_room1_mix1544,35,7,0,-167,0,18.48
fold2_room1_mix1544,36,7,0,-166,0,17.32
fold2_room1_mix1544,37,7,0,-166,0,16.31
fold2_room1_mix1544,38,7,0,-165,0,15.39
fold2_room1_mix1544,39,7,0,-164,0,14.52
fold2_room1_mix1544,40,7,0,-163,0,13.51
fold2_room1_mix1544,41,7,0,-162,0,12.41
fold2_room1_mix1544,42,7,0,-161,0,11.39
fold2_room1_mix1544,43,7,0,-159,0,10.43
fold2_room1_mix1544,44,7,0,-157,0,9.52
fold2_room1_mix1544,45,7,0,-155,0,8.68
fold2_room1_mix1544,46,7,0,-152,0,7.90
fold2_room1_mix1544,47,7,0,-149,0,7.20
fold2_room1_mix1544,48,7,0,-146,0,6.55
fold2_room1_mix1544,49,7,0,-142,0,5.94
fold2_room1_mix1544,50,7,0,-134,0,5.28
fold2_room1_mix1544,51,7,0,-126,0,4.66
fold2_room1_mix1544,52,7,0,-118,0,4.10
fold2_room1_mix1544,53,7,0,-108,0,3.88
fold2_room1_mix1544,54,7,0,-95,0,3.81
fold2_room1_mix1544,55,7,0,-81,0,3.73
fold2_room1_mix1544,56,7,0,-69,0,3.91
fold2_room1_mix1544,57,7,0,-59,0,4.37
fold2_room1_mix1544,58,7,0,-50,0,4.88
fold2_room1_mix1544,59,7,0,-41,0,5.48
fold2_room1_mix1544,60,7,0,-37,0,6.22
fold2_room1_mix1544,61,7,0,-33,0,7.06
fold2_room1_mix1544,62,7,0,-29,0,7.91
fold2_room1_mix1544,63,7,0,-27,0,8.54
fold2_room1_mix1544,64,7,0,-24,0,9.18
fold2_room1_mix1544,65,7,0,-22,0,9.86
fold2_room1_mix1544,66,7,0,-20,0,10.56
fold2_room1_mix1544,67,7,0,-19,0,11.31
fold2_room1_mix1544,68,7,0,-18,0,12.10
fold2_room1_mix1544,69,7,0,-17,0,12.90
fold2_room1_mix1544,70,7,0,-16,0,13.72
fold2_room1_mix1544,71,7,0,-15,0,14.58
fold2_room1_mix1544,72,7,0,-14,0,15.45
fold2_room1_mix1544,73,7,0,-14,0,16.30
fold2_room1_mix1544,74,7,0,-13,0,17.20
fold2_room1_mix1544,75,7,0,-12,0,18.10
fold2_room1_mix1544,76,7,0,-12,0,18.95
fold2_room1_mix1544,77,7,0,-11,0,19.83
fold2_room1_mix1544,78,7,0,-10,0,20.73
fold2_room1_mix1544,79,7,0,-10,0,21.56
fold2_room1_mix1544,80,7,0,-9,0,22.41
fold2_room1_mix1544,81,7,0,-9,0,23.31
fold2_room1_mix1544,82,7,0,-9,0,24.45
fold2_room1_mix1544,83,7,0,-8,0,25.69
fold2_room1_mix1544,84,7,0,-8,0,26.98
fold2_room1_mix1544,85,7,0,-8,0,28.01
fold2_room1_mix1544,86,7,0,-7,0,28.91
fold2_room1_mix1544,87,7,0,-7,0,29.85
fold2_room1_mix1544,88,7,0,-7,0,30.87
fold2_room1_mix1544,89,7,0,-7,0,32.00
fold2_room1_mix1544,90,7,0,-7,0,33.16
fold2_room1_mix1544,91,7,0,-6,0,34.04
fold2_room1_mix1544,92,7,0,-6,0,34.25
fold2_room1_mix1544,93,7,0,-6,0,34.44
fold2_room1_mix1544,94,7,0,-6,0,34.75
fold2_room1_mix1544,95,7,0,-6,0,35.56
fold2_room1_mix1544,96,7,0,-6,0,36.44
fold2_room1_mix1544,97,7,0,-6,0,37.34
fold2_room1_mix1544,98,7,0,-6,0,38.27
fold2_room1_mix1544,99,7,0,-6,0,39.23
fold2_room1_mix1549,1,7,0,-176,0,8.30
fold2_room1_mix1549,2,7,0,-177,0,13.72
fold2_room1_mix1549,3,7,0,-177,0,24.79
fold2_room1_mix1549,4,7,0,-177,0,43.50
fold2_room1_mix1549,5,7,0,-176,0,46.07
fold2_room1_mix1549,6,7,0,-176,0,38.25
fold2_room1_mix1549,7,7,0,-176,0,31.74
fold2_room1_mix1549,8,7,0,-176,0,29.39
fold2_room1_mix1549,9,7,0,-176,0,30.41
fold2_room1_mix1549,10,7,0,-176,0,31.45
fold2_room1_mix1549,11,7,0,-175,0,31.77
fold2_room1_mix1549,12,7,0,-175,0,30.55
fold2_room1_mix1549,13,7,0,-175,0,29.32
fold2_room1_mix1549,14,7,0,-175,0,28.22
fold2_room1_mix1549,15,7,0,-175,0,27.42
fold2_room1_mix1549,16,7,0,-175,0,26.67
fold2_room1_mix1549,17,7,0,-175,0,25.98
fold2_room1_mix1549,18,7,0,-174,0,25.62
fold2_room1_mix1549,19,7,0,-174,0,25.34
fold2_room1_mix1549,20,7,0,-174,0,25.05
fold2_room1_mix1549,21,7,0,-174,0,24.32
fold2_room1_mix1549,22,7,0,-174,0,23.41
fold2_room1_mix1549,23,7,0,-174,0,22.54
fold2_room1_mix1549,24,7,0,-174,0,22.10
fold2_room1_mix1549,25,7,0,-174,0,22.08
fold2_room1_mix1549,26,7,0,-173,0,22.06
fold2_room1_mix1549,27,7,0,-173,0,21.70
fold2_room1_mix1549,28,7,0,-173,0,20.65
fold2_room1_mix1549,29,7,0,-173,0,19.64
fold2_room1_mix1549,30,7,0,-173,0,18.76
fold2_room1_mix1549,31,7,0,-172,0,18.25
fold2_room1_mix1549,32,7,0,-171,0,17.79
fold2_room1_mix1549,33,7,0,-171,0,17.33
fold2_room1_mix1549,34,7,0,-171,0,16.89
fold2_room1_mix1549,35,7,0,-171,0,16.46
fold2_room1_mix1549,36,7,0,-171,0,16.03
fold2_room1_mix1549,37,7,0,-170,0,15.45
fold2_room1_mix1549,38,7,0,-170,0,14.82
fold2_room1_mix1549,39,7,0,-170,0,14.21
fold2_room1_mix1549,40,7,0,-169,0,13.60
fold2_room1_mix1549,41,7,0,-169,0,13.00
fold2_room1_mix1549,42,7,0,-169,0,12.42
fold2_room1_mix1549,43,7,0,-168,0,11.85
fold2_room1_mix1549,44,7,0,-168,0,11.28
fold2_room1_mix1549,45,7,0,-167,0,10.73
fold2_room1_mix1549,46,7,0,-167,0,10.19
fold2_room1_mix1549,47,7,0,-166,0,9.65
fold2_room1_mix1549,48,7,0,-165,0,9.13
fold2_room1_mix1549,49,7,0,-164,0,8.60
fold2_room1_mix1549,50,7,0,-163,0,7.90
fold2_room1_mix1549,51,7,0,-161,0,7.20
fold2_room1_mix1549,52,7,0,-159,0,6.56
fold2_room1_mix1549,53,7,0,-158,0,5.90
fold2_room1_mix1549,54,7,0,-156,0,5.27
fold2_room1_mix1549,55,7,0,-154,0,4.70
fold2_room1_mix1549,56,7,0,-151,0,4.13
fold2_room1_mix1549,57,7,0,-147,0,3.57
fold2_room1_mix1549,58,7,0,-143,0,3.07
fold2_room1_mix1549,59,7,0,-136,0,2.67
fold2_room1_mix1549,60,7,0,-124,0,2.39
fold2_room1_mix1549,61,7,0,-110,0,2.13
fold2_room1_mix1549,62,7,0,-93,0,1.97
fold2_room1_mix1549,63,7,0,-74,0,2.12
fold2_room1_mix1549,64,7,0,-57,0,2.32
fold2_room1_mix1549,65,7,0,-45,0,2.54
fold2_room1_mix1549,66,7,0,-38,0,2.95
fold2_room1_mix1549,67,7,0,-33,0,3.45
fold2_room1_mix1549,68,7,0,-28,0,4.00
fold2_room1_mix1549,69,7,0,-25,0,4.51
fold2_room1_mix1549,70,7,0,-23,0,5.01
fold2_room1_mix1549,71,7,0,-21,0,5.55
fold2_room1_mix1549,72,7,0,-19,0,6.09
fold2_room1_mix1549,73,7,0,-18,0,6.63
fold2_room1_mix1549,74,7,0,-17,0,7.20
fold2_room1_mix1549,75,7,0,-16,0,7.75
fold2_room1_mix1549,76,7,0,-15,0,8.17
fold2_room1_mix1549,77,7,0,-14,0,8.60
fold2_room1_mix1549,78,7,0,-14,0,9.08
fold2_room1_mix1549,79,7,0,-13,0,9.69
fold2_room1_mix1549,80,7,0,-12,0,10.35
fold2_room1_mix1549,81,7,0,-11,0,11.04
fold2_room1_mix1549,82,7,0,-11,0,11.67
fold2_room1_mix1549,83,7,0,-10,0,12.30
fold2_room1_mix1549,84,7,0,-10,0,12.97
fold2_room1_mix1549,85,7,0,-9,0,13.51
fold2_room1_mix1549,86,7,0,-9,0,14.00
fold2_room1_mix1549,87,7,0,-9,0,14.50
fold2_room1_mix1549,88,7,0,-8,0,15.14
fold2_room1_mix1549,89,7,0,-8,0,15.93
fold2_room1_mix1549,90,7,0,-7,0,16.75
fold2_room1_mix1549,91,7,0,-6,0,17.48
fold2_room1_mix1549,92,7,0,-6,0,17.93
fold2_room1_mix1549,93,7,0,-6,0,18.38
fold2_room1_mix1549,94,7,0,-6,0,18.89
fold2_room1_mix1549,95,7,0,-6,0,19.60
fold2_room1_mix1549,96,7,0,-6,0,20.35
fold2_room1_mix1549,97,7,0,-6,0,21.14
fold2_room1_mix1549,98,7,0,-5,0,21.99
fold2_room1_mix1549,99,7,0,-5,0,22.88
fold2_room1_mix1582,2,7,0,-178,0,7.55
fold2_room1_mix1582,3,7,0,-177,0,34.35
fold2_room1_mix1582,4,7,0,-177,0,139.88
fold2_room1_mix1582,5,7,0,-176,0,169.18
fold2_room1_mix1582,6,7,0,-177,0,114.25
fold2_room1_mix1582,7,7,0,-177,0,77.05
fold2_room1_mix1582,8,7,0,-177,0,64.52
fold2_room1_mix1582,9,7,0,-177,0,67.18
fold2_room1_mix1582,10,7,0,-177,0,69.95
fold2_room1_mix1582,11,7,0,-176,0,71.28
fold2_room1_mix1582,12,7,0,-176,0,69.48
fold2_room1_mix1582,13,7,0,-176,0,67.64
fold2_room1_mix1582,14,7,0,-176,0,65.80
fold2_room1_mix1582,15,7,0,-176,0,63.79
fold2_room1_mix1582,16,7,0,-176,0,61.82
fold2_room1_mix1582,17,7,0,-176,0,59.92
fold2_room1_mix1582,18,7,0,-176,0,58.13
fold2_room1_mix1582,19,7,0,-176,0,56.41
fold2_room1_mix1582,20,7,0,-176,0,54.75
fold2_room1_mix1582,21,7,0,-176,0,53.33
fold2_room1_mix1582,22,7,0,-176,0,52.05
fold2_room1_mix1582,23,7,0,-176,0,50.79
fold2_room1_mix1582,24,7,0,-175,0,49.26
fold2_room1_mix1582,25,7,0,-175,0,47.48
fold2_room1_mix1582,26,7,0,-175,0,45.76
fold2_room1_mix1582,27,7,0,-175,0,43.93
fold2_room1_mix1582,28,7,0,-175,0,41.81
fold2_room1_mix1582,29,7,0,-175,0,39.78
fold2_room1_mix1582,30,7,0,-174,0,37.85
fold2_room1_mix1582,31,7,0,-174,0,36.03
fold2_room1_mix1582,32,7,0,-174,0,34.30
fold2_room1_mix1582,33,7,0,-173,0,32.65
fold2_room1_mix1582,34,7,0,-173,0,31.11
fold2_room1_mix1582,35,7,0,-172,0,29.66
fold2_room1_mix1582,36,7,0,-172,0,28.26
fold2_room1_mix1582,37,7,0,-171,0,26.63
fold2_room1_mix1582,38,7,0,-171,0,24.96
fold2_room1_mix1582,39,7,0,-170,0,23.38
fold2_room1_mix1582,40,7,0,-170,0,21.58
fold2_room1_mix1582,41,7,0,-169,0,19.62
fold2_room1_mix1582,42,7,0,-168,0,17.83
fold2_room1_mix1582,43,7,0,-167,0,16.09
fold2_room1_mix1582,44,7,0,-165,0,14.33
fold2_room1_mix1582,45,7,0,-164,0,12.75
fold2_room1_mix1582,46,7,0,-162,0,11.25
fold2_room1_mix1582,47,7,0,-159,0,9.66
fold2_room1_mix1582,48,7,0,-156,0,8.26
fold2_room1_mix1582,49,7,0,-152,0,6.99
fold2_room1_mix1582,50,7,0,-139,0,5.52
fold2_room1_mix1582,51,7,0,-126,0,4.25
fold2_room1_mix1582,52,7,0,-108,0,3.26
fold2_room1_mix1582,53,7,0,-83,0,3.42
fold2_room1_mix1582,54,7,0,-59,0,4.17
fold2_room1_mix1582,55,7,0,-43,0,5.05
fold2_room1_mix1582,56,7,0,-33,0,6.13
fold2_room1_mix1582,57,7,0,-29,0,7.44
fold2_room1_mix1582,58,7,0,-23,0,9.00
fold2_room1_mix1582,59,7,0,-19,0,10.56
fold2_room1_mix1582,60,7,0,-17,0,11.68
fold2_room1_mix1582,61,7,0,-16,0,12.90
fold2_room1_mix1582,62,7,0,-14,0,14.25
fold2_room1_mix1582,63,7,0,-13,0,15.81
fold2_room1_mix1582,64,7,0,-12,0,17.54
fold2_room1_mix1582,65,7,0,-11,0,19.42
fold2_room1_mix1582,66,7,0,-10,0,21.27
fold2_room1_mix1582,67,7,0,-9,0,23.21
fold2_room1_mix1582,68,7,0,-8,0,25.31
fold2_room1_mix1582,69,7,0,-7,0,26.81
fold2_room1_mix1582,70,7,0,-7,0,28.02
fold2_room1_mix1582,71,7,0,-6,0,29.28
fold2_room1_mix1582,72,7,0,-6,0,30.74
fold2_room1_mix1582,73,7,0,-6,0,32.43
fold2_room1_mix1582,74,7,0,-5,0,34.21
fold2_room1_mix1582,75,7,0,-5,0,35.98
fold2_room1_mix1582,76,7,0,-5,0,37.61
fold2_room1_mix1582,77,7,0,-5,0,39.31
fold2_room1_mix1582,78,7,0,-5,0,41.03
fold2_room1_mix1582,79,7,0,-4,0,42.66
fold2_room1_mix1582,80,7,0,-4,0,44.32
fold2_room1_mix1582,81,7,0,-4,0,46.02
fold2_room1_mix1582,82,7,0,-4,0,47.52
fold2_room1_mix1582,83,7,0,-4,0,49.00
fold2_room1_mix1582,84,7,0,-4,0,50.53
fold2_room1_mix1582,85,7,0,-4,0,52.26
fold2_room1_mix1582,86,7,0,-4,0,54.12
fold2_room1_mix1582,87,7,0,-3,0,56.06
fold2_room1_mix1582,88,7,0,-3,0,57.69
fold2_room1_mix1582,89,7,0,-3,0,59.00
fold2_room1_mix1582,90,7,0,-3,0,60.33
fold2_room1_mix1582,91,7,0,-3,0,61.64
fold2_room1_mix1582,92,7,0,-3,0,62.85
fold2_room1_mix1582,93,7,0,-3,0,64.08
fold2_room1_mix1582,94,7,0,-4,0,65.52
fold2_room1_mix1582,95,7,0,-3,0,67.74
fold2_room1_mix1582,96,7,0,-3,0,70.12
fold2_room1_mix1582,97,7,0,-3,0,72.53
fold2_room1_mix1582,98,7,0,-3,0,74.49
fold2_room1_mix1582,99,7,0,-3,0,76.37
fold2_room1_mix1611,1,7,0,-4,0,9.23
fold2_room1_mix1611,2,7,0,-3,0,15.79
fold2_room1_mix1611,3,7,0,-3,0,29.74
fold2_room1_mix1611,4,7,0,-4,0,54.32
fold2_room1_mix1611,5,7,0,-4,0,56.24
fold2_room1_mix1611,6,7,0,-5,0,44.28
fold2_room1_mix1611,7,7,0,-6,0,34.83
fold2_room1_mix1611,8,7,0,-6,0,30.95
fold2_room1_mix1611,9,7,0,-6,0,31.12
fold2_room1_mix1611,10,7,0,-6,0,31.29
fold2_room1_mix1611,11,7,0,-7,0,30.97
fold2_room1_mix1611,12,7,0,-7,0,29.66
fold2_room1_mix1611,13,7,0,-8,0,28.38
fold2_room1_mix1611,14,7,0,-8,0,26.99
fold2_room1_mix1611,15,7,0,-9,0,25.05
fold2_room1_mix1611,16,7,0,-10,0,23.19
fold2_room1_mix1611,17,7,0,-10,0,21.49
fold2_room1_mix1611,18,7,0,-11,0,20.13
fold2_room1_mix1611,19,7,0,-12,0,18.89
fold2_room1_mix1611,20,7,0,-13,0,17.73
fold2_room1_mix1611,21,7,0,-14,0,16.44
fold2_room1_mix1611,22,7,0,-15,0,15.16
fold2_room1_mix1611,23,7,0,-17,0,13.97
fold2_room1_mix1611,24,7,0,-18,0,12.67
fold2_room1_mix1611,25,7,0,-20,0,11.30
fold2_room1_mix1611,26,7,0,-22,0,10.07
fold2_room1_mix1611,27,7,0,-25,0,8.83
fold2_room1_mix1611,28,7,0,-31,0,7.48
fold2_room1_mix1611,29,7,0,-36,0,6.31
fold2_room1_mix1611,30,7,0,-43,0,5.33
fold2_room1_mix1611,31,7,0,-58,0,4.63
fold2_room1_mix1611,32,7,0,-77,0,4.03
fold2_room1_mix1611,33,7,0,-98,0,3.57
fold2_room1_mix1611,34,7,0,-115,0,3.95
fold2_room1_mix1611,35,7,0,-128,0,4.61
fold2_room1_mix1611,36,7,0,-141,0,5.35
fold2_room1_mix1611,37,7,0,-148,0,6.36
fold2_room1_mix1611,38,7,0,-152,0,7.62
fold2_room1_mix1611,39,7,0,-155,0,9.09
fold2_room1_mix1611,40,7,0,-158,0,10.39
fold2_room1_mix1611,41,7,0,-160,0,11.39
fold2_room1_mix1611,42,7,0,-161,0,12.47
fold2_room1_mix1611,43,7,0,-163,0,13.61
fold2_room1_mix1611,44,7,0,-164,0,14.78
fold2_room1_mix1611,45,7,0,-165,0,16.04
fold2_room1_mix1611,46,7,0,-166,0,17.48
fold2_room1_mix1611,47,7,0,-167,0,19.40
fold2_room1_mix1611,48,7,0,-168,0,21.56
fold2_room1_mix1611,49,7,0,-169,0,23.79
fold2_room1_mix1611,50,7,0,-170,0,24.70
fold2_room1_mix1611,51,7,0,-171,0,25.27
fold2_room1_mix1611,52,7,0,-171,0,25.87
fold2_room1_mix1611,53,7,0,-172,0,27.04
fold2_room1_mix1611,54,7,0,-172,0,28.55
fold2_room1_mix1611,55,7,0,-172,0,30.14
fold2_room1_mix1611,56,7,0,-173,0,31.65
fold2_room1_mix1611,57,7,0,-173,0,33.07
fold2_room1_mix1611,58,7,0,-174,0,34.54
fold2_room1_mix1611,59,7,0,-174,0,35.92
fold2_room1_mix1611,60,7,0,-174,0,37.01
fold2_room1_mix1611,61,7,0,-174,0,38.13
fold2_room1_mix1611,62,7,0,-174,0,39.37
fold2_room1_mix1611,63,7,0,-174,0,41.05
fold2_room1_mix1611,64,7,0,-174,0,42.85
fold2_room1_mix1611,65,7,0,-174,0,44.69
fold2_room1_mix1611,66,7,0,-174,0,46.26
fold2_room1_mix1611,67,7,0,-175,0,47.80
fold2_room1_mix1611,68,7,0,-175,0,49.37
fold2_room1_mix1611,69,7,0,-175,0,50.19
fold2_room1_mix1611,70,7,0,-175,0,50.65
fold2_room1_mix1611,71,7,0,-175,0,51.11
fold2_room1_mix1611,72,7,0,-175,0,53.37
fold2_room1_mix1611,73,7,0,-175,0,57.67
fold2_room1_mix1611,74,7,0,-176,0,62.32
fold2_room1_mix1611,75,7,0,-176,0,44.90
fold2_room1_mix1611,76,7,0,-176,0,13.65
fold2_room1_mix1611,79,7,0,-177,0,6.71
fold2_room1_mix1611,80,7,0,-177,0,31.26
fold2_room1_mix1611,81,7,0,-176,0,116.74
fold2_room1_mix1611,82,7,0,-176,0,119.87
fold2_room1_mix1611,83,7,0,-176,0,90.14
fold2_room1_mix1611,84,7,0,-176,0,67.16
fold2_room1_mix1611,85,7,0,-176,0,37.86
fold2_room1_mix1611,86,7,0,-175,0,18.43
fold2_room1_mix1611,87,7,0,-174,0,8.71
fold2_room1_mix1611,96,7,0,-176,0,16.17
fold2_room1_mix1611,97,7,0,-176,0,70.97
fold2_room1_mix1611,98,7,0,-177,0,92.28
fold2_room1_mix1611,99,7,0,-176,0,89.88
fold2_room1_mix1624,1,7,0,-5,0,7.86
fold2_room1_mix1624,2,7,0,-3,0,13.21
fold2_room1_mix1624,3,7,0,-3,0,24.29
fold2_room1_mix1624,4,7,0,-4,0,43.32
fold2_room1_mix1624,5,7,0,-4,0,45.99
fold2_room1_mix1624,6,7,0,-4,0,38.04
fold2_room1_mix1624,7,7,0,-5,0,31.44
fold2_room1_mix1624,8,7,0,-5,0,28.80
fold2_room1_mix1624,9,7,0,-5,0,29.27
fold2_room1_mix1624,10,7,0,-5,0,29.75
fold2_room1_mix1624,11,7,0,-5,0,29.64
fold2_room1_mix1624,12,7,0,-5,0,28.34
fold2_room1_mix1624,13,7,0,-5,0,27.06
fold2_room1_mix1624,14,7,0,-5,0,25.88
fold2_room1_mix1624,15,7,0,-6,0,24.93
fold2_room1_mix1624,16,7,0,-6,0,24.03
fold2_room1_mix1624,17,7,0,-6,0,23.19
fold2_room1_mix1624,18,7,0,-6,0,22.65
fold2_room1_mix1624,19,7,0,-6,0,22.20
fold2_room1_mix1624,20,7,0,-7,0,21.75
fold2_room1_mix1624,21,7,0,-7,0,21.32
fold2_room1_mix1624,22,7,0,-7,0,20.90
fold2_room1_mix1624,23,7,0,-7,0,20.49
fold2_room1_mix1624,24,7,0,-7,0,19.90
fold2_room1_mix1624,25,7,0,-8,0,19.15
fold2_room1_mix1624,26,7,0,-8,0,18.42
fold2_room1_mix1624,27,7,0,-9,0,17.77
fold2_room1_mix1624,28,7,0,-9,0,17.22
fold2_room1_mix1624,29,7,0,-9,0,16.69
fold2_room1_mix1624,30,7,0,-10,0,16.13
fold2_room1_mix1624,31,7,0,-10,0,15.41
fold2_room1_mix1624,32,7,0,-10,0,14.70
fold2_room1_mix1624,33,7,0,-11,0,14.02
fold2_room1_mix1624,34,7,0,-11,0,13.31
fold2_room1_mix1624,35,7,0,-12,0,12.62
fold2_room1_mix1624,36,7,0,-13,0,11.97
fold2_room1_mix1624,37,7,0,-13,0,11.36
fold2_room1_mix1624,38,7,0,-14,0,10.79
fold2_room1_mix1624,39,7,0,-15,0,10.24
fold2_room1_mix1624,40,7,0,-16,0,9.64
fold2_room1_mix1624,41,7,0,-17,0,9.00
fold2_room1_mix1624,42,7,0,-18,0,8.40
fold2_room1_mix1624,43,7,0,-19,0,7.81
fold2_room1_mix1624,44,7,0,-21,0,7.21
fold2_room1_mix1624,45,7,0,-23,0,6.65
fold2_room1_mix1624,46,7,0,-26,0,6.11
fold2_room1_mix1624,47,7,0,-28,0,5.50
fold2_room1_mix1624,48,7,0,-31,0,4.94
fold2_room1_mix1624,49,7,0,-35,0,4.43
fold2_room1_mix1624,50,7,0,-41,0,3.95
fold2_room1_mix1624,51,7,0,-48,0,3.52
fold2_room1_mix1624,52,7,0,-55,0,3.12
fold2_room1_mix1624,53,7,0,-66,0,2.90
fold2_room1_mix1624,54,7,0,-80,0,2.75
fold2_room1_mix1624,55,7,0,-96,0,2.61
fold2_room1_mix1624,56,7,0,-108,0,2.69
fold2_room1_mix1624,57,7,0,-119,0,3.00
fold2_room1_mix1624,58,7,0,-129,0,3.33
fold2_room1_mix1624,59,7,0,-138,0,3.73
fold2_room1_mix1624,60,7,0,-142,0,4.27
fold2_room1_mix1624,61,7,0,-146,0,4.87
fold2_room1_mix1624,62,7,0,-150,0,5.48
fold2_room1_mix1624,63,7,0,-152,0,5.91
fold2_room1_mix1624,64,7,0,-155,0,6.34
fold2_room1_mix1624,65,7,0,-157,0,6.80
fold2_room1_mix1624,66,7,0,-159,0,7.24
fold2_room1_mix1624,67,7,0,-160,0,7.70
fold2_room1_mix1624,68,7,0,-161,0,8.19
fold2_room1_mix1624,69,7,0,-163,0,8.67
fold2_room1_mix1624,70,7,0,-163,0,9.16
fold2_room1_mix1624,71,7,0,-164,0,9.68
fold2_room1_mix1624,72,7,0,-165,0,10.37
fold2_room1_mix1624,73,7,0,-166,0,11.25
fold2_room1_mix1624,74,7,0,-167,0,12.20
fold2_room1_mix1624,75,7,0,-167,0,13.00
fold2_room1_mix1624,76,7,0,-168,0,13.36
fold2_room1_mix1624,77,7,0,-168,0,13.72
fold2_room1_mix1624,78,7,0,-168,0,14.13
fold2_room1_mix1624,79,7,0,-168,0,14.72
fold2_room1_mix1624,80,7,0,-169,0,15.36
fold2_room1_mix1624,81,7,0,-169,0,16.04
fold2_room1_mix1624,82,7,0,-170,0,16.89
fold2_room1_mix1624,83,7,0,-170,0,17.82
fold2_room1_mix1624,84,7,0,-171,0,18.79
fold2_room1_mix1624,85,7,0,-171,0,19.55
fold2_room1_mix1624,86,7,0,-171,0,20.21
fold2_room1_mix1624,87,7,0,-172,0,20.89
fold2_room1_mix1624,88,7,0,-172,0,21.40
fold2_room1_mix1624,89,7,0,-172,0,21.74
fold2_room1_mix1624,90,7,0,-172,0,22.09
fold2_room1_mix1624,91,7,0,-172,0,22.41
fold2_room1_mix1624,92,7,0,-172,0,22.68
fold2_room1_mix1624,93,7,0,-172,0,22.94
fold2_room1_mix1624,94,7,0,-173,0,23.37
fold2_room1_mix1624,95,7,0,-173,0,24.52
fold2_room1_mix1624,96,7,0,-173,0,25.80
fold2_room1_mix1624,97,7,0,-173,0,27.03
fold2_room1_mix1624,98,7,0,-174,0,27.30
fold2_room1_mix1624,99,7,0,-174,0,27.31
fold2_room1_mix1628,1,7,0,-175,0,9.90
fold2_room1_mix1628,2,7,0,-176,0,16.87
fold2_room1_mix1628,3,7,0,-175,0,31.63
fold2_room1_mix1628,4,7,0,-175,0,57.67
fold2_room1_mix1628,5,7,0,-174,0,61.61
fold2_room1_mix1628,6,7,0,-174,0,50.89
fold2_room1_mix1628,7,7,0,-175,0,42.01
fold2_room1_mix1628,8,7,0,-175,0,38.28
fold2_room1_mix1628,9,7,0,-174,0,38.55
fold2_room1_mix1628,10,7,0,-174,0,38.82
fold2_room1_mix1628,11,7,0,-174,0,38.71
fold2_room1_mix1628,12,7,0,-174,0,37.82
fold2_room1_mix1628,13,7,0,-173,0,36.93
fold2_room1_mix1628,14,7,0,-173,0,36.10
fold2_room1_mix1628,15,7,0,-173,0,35.49
fold2_room1_mix1628,16,7,0,-173,0,34.92
fold2_room1_mix1628,17,7,0,-173,0,34.29
fold2_room1_mix1628,18,7,0,-172,0,33.16
fold2_room1_mix1628,19,7,0,-172,0,31.94
fold2_room1_mix1628,20,7,0,-172,0,30.77
fold2_room1_mix1628,21,7,0,-172,0,29.76
fold2_room1_mix1628,22,7,0,-172,0,28.85
fold2_room1_mix1628,23,7,0,-172,0,27.96
fold2_room1_mix1628,24,7,0,-171,0,27.20
fold2_room1_mix1628,25,7,0,-171,0,26.54
fold2_room1_mix1628,26,7,0,-171,0,25.90
fold2_room1_mix1628,27,7,0,-170,0,25.06
fold2_room1_mix1628,28,7,0,-170,0,23.81
fold2_room1_mix1628,29,7,0,-170,0,22.61
fold2_room1_mix1628,30,7,0,-169,0,21.49
fold2_room1_mix1628,31,7,0,-169,0,20.47
fold2_room1_mix1628,32,7,0,-168,0,19.51
fold2_room1_mix1628,33,7,0,-168,0,18.57
fold2_room1_mix1628,34,7,0,-167,0,17.49
fold2_room1_mix1628,35,7,0,-167,0,16.42
fold2_room1_mix1628,36,7,0,-166,0,15.41
fold2_room1_mix1628,37,7,0,-166,0,14.49
fold2_room1_mix1628,38,7,0,-165,0,13.63
fold2_room1_mix1628,39,7,0,-164,0,12.81
fold2_room1_mix1628,40,7,0,-163,0,12.01
fold2_room1_mix1628,41,7,0,-161,0,11.21
fold2_room1_mix1628,42,7,0,-160,0,10.46
fold2_room1_mix1628,43,7,0,-158,0,9.70
fold2_room1_mix1628,44,7,0,-156,0,8.89
fold2_room1_mix1628,45,7,0,-154,0,8.14
fold2_room1_mix1628,46,7,0,-152,0,7.45
fold2_room1_mix1628,47,7,0,-149,0,6.83
fold2_room1_mix1628,48,7,0,-146,0,6.27
fold2_room1_mix1628,49,7,0,-142,0,5.72
fold2_room1_mix1628,50,7,0,-133,0,5.06
fold2_room1_mix1628,51,7,0,-124,0,4.43
fold2_room1_mix1628,52,7,0,-115,0,3.88
fold2_room1_mix1628,53,7,0,-104,0,3.70
fold2_room1_mix1628,54,7,0,-90,0,3.69
fold2_room1_mix1628,55,7,0,-76,0,3.67
fold2_room1_mix1628,56,7,0,-65,0,3.89
fold2_room1_mix1628,57,7,0,-56,0,4.39
fold2_room1_mix1628,58,7,0,-47,0,4.93
fold2_room1_mix1628,59,7,0,-38,0,5.54
fold2_room1_mix1628,60,7,0,-34,0,6.26
fold2_room1_mix1628,61,7,0,-30,0,7.06
fold2_room1_mix1628,62,7,0,-27,0,7.89
fold2_room1_mix1628,63,7,0,-25,0,8.60
fold2_room1_mix1628,64,7,0,-23,0,9.34
fold2_room1_mix1628,65,7,0,-21,0,10.12
fold2_room1_mix1628,66,7,0,-19,0,10.85
fold2_room1_mix1628,67,7,0,-18,0,11.61
fold2_room1_mix1628,68,7,0,-17,0,12.41
fold2_room1_mix1628,69,7,0,-16,0,13.18
fold2_room1_mix1628,70,7,0,-15,0,13.94
fold2_room1_mix1628,71,7,0,-14,0,14.74
fold2_room1_mix1628,72,7,0,-13,0,15.63
fold2_room1_mix1628,73,7,0,-13,0,16.62
fold2_room1_mix1628,74,7,0,-12,0,17.67
fold2_room1_mix1628,75,7,0,-12,0,18.70
fold2_room1_mix1628,76,7,0,-11,0,19.61
fold2_room1_mix1628,77,7,0,-10,0,20.55
fold2_room1_mix1628,78,7,0,-10,0,21.50
fold2_room1_mix1628,79,7,0,-9,0,22.34
fold2_room1_mix1628,80,7,0,-9,0,23.19
fold2_room1_mix1628,81,7,0,-9,0,24.06
fold2_room1_mix1628,82,7,0,-8,0,24.88
fold2_room1_mix1628,83,7,0,-8,0,25.70
fold2_room1_mix1628,84,7,0,-7,0,26.55
fold2_room1_mix1628,85,7,0,-7,0,27.27
fold2_room1_mix1628,86,7,0,-7,0,27.95
fold2_room1_mix1628,87,7,0,-7,0,28.63
fold2_room1_mix1628,88,7,0,-7,0,29.40
fold2_room1_mix1628,89,7,0,-7,0,30.25
fold2_room1_mix1628,90,7,0,-7,0,31.12
fold2_room1_mix1628,91,7,0,-7,0,31.91
fold2_room1_mix1628,92,7,0,-6,0,32.47
fold2_room1_mix1628,93,7,0,-6,0,33.03
fold2_room1_mix1628,94,7,0,-6,0,33.76
fold2_room1_mix1628,95,7,0,-6,0,35.21
fold2_room1_mix1628,96,7,0,-6,0,36.80
fold2_room1_mix1628,97,7,0,-6,0,38.36
fold2_room1_mix1628,98,7,0,-6,0,39.01
fold2_room1_mix1628,99,7,0,-5,0,39.42
fold2_room1_mix1631,1,7,0,173,0,6.81
fold2_room1_mix1631,2,7,0,175,0,11.06
fold2_room1_mix1631,3,7,0,174,0,19.47
fold2_room1_mix1631,4,7,0,174,0,33.27
fold2_room1_mix1631,5,7,0,173,0,34.99
fold2_room1_mix1631,6,7,0,173,0,29.15
fold2_room1_mix1631,7,7,0,173,0,24.25
fold2_room1_mix1631,8,7,0,172,0,22.11
fold2_room1_mix1631,9,7,0,172,0,22.11
fold2_room1_mix1631,10,7,0,172,0,22.10
fold2_room1_mix1631,11,7,0,172,0,21.96
fold2_room1_mix1631,12,7,0,172,0,21.56
fold2_room1_mix1631,13,7,0,171,0,21.15
fold2_room1_mix1631,14,7,0,171,0,20.66
fold2_room1_mix1631,15,7,0,171,0,19.80
fold2_room1_mix1631,16,7,0,170,0,18.94
fold2_room1_mix1631,17,7,0,170,0,18.15
fold2_room1_mix1631,18,7,0,170,0,17.71
fold2_room1_mix1631,19,7,0,169,0,17.36
fold2_room1_mix1631,20,7,0,169,0,17.00
fold2_room1_mix1631,21,7,0,168,0,16.17
fold2_room1_mix1631,22,7,0,168,0,15.18
fold2_room1_mix1631,23,7,0,167,0,14.24
fold2_room1_mix1631,24,7,0,166,0,13.51
fold2_room1_mix1631,25,7,0,166,0,12.97
fold2_room1_mix1631,26,7,0,165,0,12.45
fold2_room1_mix1631,27,7,0,164,0,11.88
fold2_room1_mix1631,28,7,0,163,0,11.20
fold2_room1_mix1631,29,7,0,162,0,10.55
fold2_room1_mix1631,30,7,0,161,0,9.91
fold2_room1_mix1631,31,7,0,159,0,9.22
fold2_room1_mix1631,32,7,0,158,0,8.56
fold2_room1_mix1631,33,7,0,157,0,7.92
fold2_room1_mix1631,34,7,0,154,0,7.19
fold2_room1_mix1631,35,7,0,152,0,6.48
fold2_room1_mix1631,36,7,0,149,0,5.83
fold2_room1_mix1631,37,7,0,145,0,5.33
fold2_room1_mix1631,38,7,0,140,0,4.89
fold2_room1_mix1631,39,7,0,135,0,4.49
fold2_room1_mix1631,40,7,0,127,0,4.06
fold2_room1_mix1631,41,7,0,118,0,3.62
fold2_room1_mix1631,42,7,0,108,0,3.22
fold2_room1_mix1631,43,7,0,97,0,3.01
fold2_room1_mix1631,44,7,0,84,0,3.13
fold2_room1_mix1631,45,7,0,72,0,3.27
fold2_room1_mix1631,46,7,0,61,0,3.46
fold2_room1_mix1631,47,7,0,54,0,3.85
fold2_room1_mix1631,48,7,0,47,0,4.30
fold2_room1_mix1631,49,7,0,39,0,4.79
fold2_room1_mix1631,50,7,0,36,0,5.31
fold2_room1_mix1631,51,7,0,33,0,5.87
fold2_room1_mix1631,52,7,0,30,0,6.48
fold2_room1_mix1631,53,7,0,27,0,7.00
fold2_room1_mix1631,54,7,0,25,0,7.50
fold2_room1_mix1631,55,7,0,23,0,8.02
fold2_room1_mix1631,56,7,0,21,0,8.63
fold2_room1_mix1631,57,7,0,19,0,9.34
fold2_room1_mix1631,58,7,0,18,0,10.10
fold2_room1_mix1631,59,7,0,17,0,10.80
fold2_room1_mix1631,60,7,0,16,0,11.29
fold2_room1_mix1631,61,7,0,15,0,11.79
fold2_room1_mix1631,62,7,0,14,0,12.33
fold2_room1_mix1631,63,7,0,13,0,12.95
fold2_room1_mix1631,64,7,0,12,0,13.61
fold2_room1_mix1631,65,7,0,11,0,14.30
fold2_room1_mix1631,66,7,0,11,0,15.03
fold2_room1_mix1631,67,7,0,10,0,15.79
fold2_room1_mix1631,68,7,0,10,0,16.58
fold2_room1_mix1631,69,7,0,10,0,17.29
fold2_room1_mix1631,70,7,0,9,0,17.96
fold2_room1_mix1631,71,7,0,9,0,18.65
fold2_room1_mix1631,72,7,0,9,0,19.36
fold2_room1_mix1631,73,7,0,8,0,20.07
fold2_room1_mix1631,74,7,0,8,0,20.81
fold2_room1_mix1631,75,7,0,8,0,21.52
fold2_room1_mix1631,76,7,0,7,0,22.16
fold2_room1_mix1631,77,7,0,7,0,22.81
fold2_room1_mix1631,78,7,0,7,0,23.47
fold2_room1_mix1631,79,7,0,7,0,24.15
fold2_room1_mix1631,80,7,0,6,0,24.84
fold2_room1_mix1631,81,7,0,6,0,25.55
fold2_room1_mix1631,82,7,0,6,0,26.22
fold2_room1_mix1631,83,7,0,6,0,26.90
fold2_room1_mix1631,84,7,0,6,0,27.59
fold2_room1_mix1631,85,7,0,6,0,28.00
fold2_room1_mix1631,86,7,0,6,0,28.27
fold2_room1_mix1631,87,7,0,6,0,28.55
fold2_room1_mix1631,88,7,0,5,0,29.28
fold2_room1_mix1631,89,7,0,5,0,30.49
fold2_room1_mix1631,90,7,0,5,0,31.76
fold2_room1_mix1631,91,7,0,5,0,32.73
fold2_room1_mix1631,92,7,0,5,0,33.01
fold2_room1_mix1631,93,7,0,5,0,33.27
fold2_room1_mix1631,94,7,0,5,0,33.52
fold2_room1_mix1631,95,7,0,5,0,33.75
fold2_room1_mix1631,96,7,0,5,0,33.97
fold2_room1_mix1631,97,7,0,5,0,34.32
fold2_room1_mix1631,98,7,0,4,0,35.82
fold2_room1_mix1631,99,7,0,4,0,37.68
fold2_room1_mix1644,21,7,0,-6,0,3.79
fold2_room1_mix1644,22,7,0,-6,0,10.73
fold2_room1_mix1644,23,7,0,-7,0,27.72
fold2_room1_mix1644,24,7,0,-8,0,33.07
fold2_room1_mix1644,25,7,0,-8,0,18.59
fold2_room1_mix1644,26,7,0,-9,0,10.26
fold2_room1_mix1644,27,7,0,-10,0,7.87
fold2_room1_mix1644,28,7,0,-9,0,12.36
fold2_room1_mix1644,29,7,0,-9,0,19.53
fold2_room1_mix1644,30,7,0,-9,0,27.61
fold2_room1_mix1644,31,7,0,-9,0,25.71
fold2_room1_mix1644,32,7,0,-9,0,22.88
fold2_room1_mix1644,33,7,0,-10,0,20.01
fold2_room1_mix1644,34,7,0,-11,0,14.91
fold2_room1_mix1644,35,7,0,-12,0,10.62
fold2_room1_mix1644,36,7,0,-15,0,7.59
fold2_room1_mix1644,37,7,0,-15,0,8.14
fold2_room1_mix1644,38,7,0,-14,0,10.62
fold2_room1_mix1644,39,7,0,-15,0,13.78
fold2_room1_mix1644,40,7,0,-15,0,15.33
fold2_room1_mix1644,41,7,0,-15,0,14.70
fold2_room1_mix1644,42,7,0,-16,0,14.09
fold2_room1_mix1644,43,7,0,-16,0,13.32
fold2_room1_mix1644,44,7,0,-17,0,12.21
fold2_room1_mix1644,45,7,0,-18,0,11.18
fold2_room1_mix1644,46,7,0,-18,0,10.24
fold2_room1_mix1644,47,7,0,-20,0,9.43
fold2_room1_mix1644,48,7,0,-22,0,8.67
fold2_room1_mix1644,49,7,0,-24,0,7.97
fold2_room1_mix1644,50,7,0,-27,0,7.36
fold2_room1_mix1644,51,7,0,-30,0,6.80
fold2_room1_mix1644,52,7,0,-33,0,6.27
fold2_room1_mix1644,53,7,0,-37,0,5.69
fold2_room1_mix1644,54,7,0,-42,0,5.12
fold2_room1_mix1644,55,7,0,-48,0,4.60
fold2_room1_mix1644,56,7,0,-55,0,4.22
fold2_room1_mix1644,57,7,0,-65,0,3.96
fold2_room1_mix1644,58,7,0,-75,0,3.71
fold2_room1_mix1644,59,7,0,-86,0,3.58
fold2_room1_mix1644,60,7,0,-97,0,3.68
fold2_room1_mix1644,61,7,0,-108,0,3.78
fold2_room1_mix1644,62,7,0,-118,0,3.95
fold2_room1_mix1644,63,7,0,-127,0,4.40
fold2_room1_mix1644,64,7,0,-134,0,4.93
fold2_room1_mix1644,65,7,0,-141,0,5.49
fold2_room1_mix1644,66,7,0,-145,0,6.05
fold2_room1_mix1644,67,7,0,-149,0,6.63
fold2_room1_mix1644,68,7,0,-153,0,7.26
fold2_room1_mix1644,69,7,0,-156,0,7.98
fold2_room1_mix1644,70,7,0,-158,0,8.80
fold2_room1_mix1644,71,7,0,-160,0,9.69
fold2_room1_mix1644,72,7,0,-161,0,10.51
fold2_room1_mix1644,73,7,0,-162,0,11.22
fold2_room1_mix1644,74,7,0,-163,0,11.97
fold2_room1_mix1644,75,7,0,-164,0,12.67
fold2_room1_mix1644,76,7,0,-165,0,13.17
fold2_room1_mix1644,77,7,0,-165,0,13.68
fold2_room1_mix1644,78,7,0,-166,0,14.20
fold2_room1_mix1644,79,7,0,-166,0,14.70
fold2_room1_mix1644,80,7,0,-167,0,15.21
fold2_room1_mix1644,81,7,0,-167,0,15.64
fold2_room1_mix1644,82,7,0,-168,0,15.19
fold2_room1_mix1644,83,7,0,-169,0,14.56
fold2_room1_mix1644,84,7,0,-170,0,14.03
fold2_room1_mix1644,85,7,0,-170,0,16.45
fold2_room1_mix1644,86,7,0,-170,0,21.15
fold2_room1_mix1644,87,7,0,-171,0,27.12
fold2_room1_mix1644,88,7,0,-171,0,22.71
fold2_room1_mix1644,89,7,0,-172,0,12.29
fold2_room1_mix1644,90,7,0,-172,0,6.45
fold2_room1_mix1644,91,7,0,-168,0,3.74
fold2_room1_mix1644,96,7,0,-173,0,5.07
fold2_room1_mix1644,97,7,0,-174,0,6.98
fold2_room1_mix1644,98,7,0,-173,0,3.16
fold2_room1_mix1653,0,5,0,-4,1,8.87
fold2_room1_mix1653,1,5,0,-4,1,9.64
fold2_room1_mix1653,2,5,0,-3,0,21.94
fold2_room1_mix1653,3,5,0,-3,0,57.80
fold2_room1_mix1653,4,5,0,-3,0,146.84
fold2_room1_mix1653,5,5,0,-4,0,171.15
fold2_room1_mix1653,6,5,0,-4,0,137.34
fold2_room1_mix1653,7,5,0,-4,0,110.62
fold2_room1_mix1653,8,5,0,-4,0,101.08
fold2_room1_mix1653,9,5,0,-4,0,104.54
fold2_room1_mix1653,10,5,0,-5,0,108.14
fold2_room1_mix1653,11,5,0,-5,0,110.19
fold2_room1_mix1653,12,5,0,-5,0,108.82
fold2_room1_mix1653,13,5,0,-5,0,107.36
fold2_room1_mix1653,14,5,0,-5,0,105.59
fold2_room1_mix1653,15,5,0,-6,0,102.50
fold2_room1_mix1653,16,5,0,-6,0,99.36
fold2_room1_mix1653,17,5,0,-6,0,96.49
fold2_room1_mix1653,18,5,0,-6,0,95.20
fold2_room1_mix1653,19,5,0,-6,0,94.30
fold2_room1_mix1653,20,5,0,-6,0,93.39
fold2_room1_mix1653,21,5,0,-6,0,91.75
fold2_room1_mix1653,22,5,0,-7,0,89.81
fold2_room1_mix1653,23,5,0,-7,0,87.92
fold2_room1_mix1653,24,5,0,-2,0,127.21
fold2_room1_mix1653,24,5,0,-2,0,118.61
fold2_room1_mix1653,25,5,0,-2,0,125.84
fold2_room1_mix1653,25,5,0,-2,0,117.08
fold2_room1_mix1653,26,5,0,-2,0,124.48
fold2_room1_mix1653,26,5,0,-2,0,115.56
fold2_room1_mix1653,27,5,0,-2,0,122.69
fold2_room1_mix1653,27,5,0,-2,0,113.56
fold2_room1_mix1653,28,5,0,-2,0,120.03
fold2_room1_mix1653,28,5,0,-2,0,110.59
fold2_room1_mix1653,29,5,0,-2,0,117.41
fold2_room1_mix1653,29,5,0,-2,0,107.67
fold2_room1_mix1653,30,5,0,-2,0,115.33
fold2_room1_mix1653,30,5,0,-2,0,105.10
fold2_room1_mix1653,31,5,0,-2,0,115.28
fold2_room1_mix1653,31,5,0,-2,0,103.73
fold2_room1_mix1653,32,5,0,-2,0,115.46
fold2_room1_mix1653,32,5,0,-2,0,102.53
fold2_room1_mix1653,33,5,0,-2,0,115.79
fold2_room1_mix1653,33,5,0,-2,0,101.42
fold2_room1_mix1653,34,5,0,-2,0,117.61
fold2_room1_mix1653,34,5,0,-2,0,100.91
fold2_room1_mix1653,35,5,0,-2,0,119.81
fold2_room1_mix1653,35,5,0,-2,0,100.61
fold2_room1_mix1653,36,5,0,-2,0,121.98
fold2_room1_mix1653,36,5,0,-3,0,100.33
fold2_room1_mix1653,37,5,0,-2,0,121.54
fold2_room1_mix1653,37,5,0,-3,0,98.87
fold2_room1_mix1653,38,5,0,-2,0,119.84
fold2_room1_mix1653,38,5,0,-3,0,96.85
fold2_room1_mix1653,39,5,0,-2,0,118.16
fold2_room1_mix1653,39,5,0,-3,0,94.87
fold2_room1_mix1653,40,5,0,-2,0,115.90
fold2_room1_mix1653,40,5,0,-4,0,93.36
fold2_room1_mix1653,41,5,0,-2,0,113.07
fold2_room1_mix1653,41,5,0,-4,0,92.30
fold2_room1_mix1653,42,5,0,-2,0,110.32
fold2_room1_mix1653,42,5,0,-4,0,91.28
fold2_room1_mix1653,43,5,0,-2,0,108.37
fold2_room1_mix1653,43,5,0,-4,0,90.25
fold2_room1_mix1653,44,5,0,-2,0,107.96
fold2_room1_mix1653,44,5,0,-3,0,89.14
fold2_room1_mix1653,45,5,0,-2,0,107.60
fold2_room1_mix1653,45,5,0,-3,0,88.06
fold2_room1_mix1653,46,5,0,-2,0,107.24
fold2_room1_mix1653,46,5,0,-3,0,86.94
fold2_room1_mix1653,47,5,0,-2,0,106.92
fold2_room1_mix1653,47,5,0,-3,0,85.60
fold2_room1_mix1653,48,5,0,-2,0,106.60
fold2_room1_mix1653,48,5,0,-3,0,84.28
fold2_room1_mix1653,49,5,0,-2,0,106.31
fold2_room1_mix1653,49,5,0,-3,0,83.03
fold2_room1_mix1653,50,5,0,-2,0,106.23
fold2_room1_mix1653,50,5,0,-4,0,82.03
fold2_room1_mix1653,51,5,0,-2,0,106.21
fold2_room1_mix1653,51,5,0,-4,0,81.12
fold2_room1_mix1653,52,5,0,-2,0,106.18
fold2_room1_mix1653,52,5,0,-4,0,80.23
fold2_room1_mix1653,53,5,0,-2,0,106.24
fold2_room1_mix1653,53,5,0,-4,0,79.34
fold2_room1_mix1653,54,5,0,-2,0,106.34
fold2_room1_mix1653,54,5,0,-5,0,78.46
fold2_room1_mix1653,55,5,0,-3,0,106.44
fold2_room1_mix1653,55,5,0,-5,0,77.62
fold2_room1_mix1653,56,5,0,-2,0,106.34
fold2_room1_mix1653,56,5,0,-5,0,76.88
fold2_room1_mix1653,57,5,0,-2,0,106.05
fold2_room1_mix1653,57,5,0,-5,0,76.23
fold2_room1_mix1653,58,5,0,-2,0,105.76
fold2_room1_mix1653,58,5,0,-5,0,75.60
fold2_room1_mix1653,59,5,0,-2,0,105.20
fold2_room1_mix1653,59,5,0,-5,0,74.81
fold2_room1_mix1653,60,5,0,-2,0,104.09
fold2_room1_mix1653,60,5,0,-5,0,73.69
fold2_room1_mix1653,61,5,0,-2,0,102.98
fold2_room1_mix1653,61,5,0,-5,0,72.58
fold2_room1_mix1653,62,5,0,-2,0,101.51
fold2_room1_mix1653,62,5,0,-5,0,71.28
fold2_room1_mix1653,63,5,0,-2,0,98.63
fold2_room1_mix1653,63,5,0,-5,0,69.17
fold2_room1_mix1653,64,5,0,-2,0,95.67
fold2_room1_mix1653,64,5,0,-5,0,67.04
fold2_room1_mix1653,65,5,0,-2,0,92.90
fold2_room1_mix1653,65,5,0,-6,0,65.01
fold2_room1_mix1653,66,5,0,-3,0,91.16
fold2_room1_mix1653,66,5,0,-6,0,63.31
fold2_room1_mix1653,67,5,0,-3,0,89.68
fold2_room1_mix1653,67,5,0,-6,0,61.74
fold2_room1_mix1653,68,5,0,-3,0,88.25
fold2_room1_mix1653,68,5,0,-7,0,60.23
fold2_room1_mix1653,69,5,0,-4,0,87.74
fold2_room1_mix1653,69,5,0,-7,0,59.27
fold2_room1_mix1653,70,5,0,-4,0,87.67
fold2_room1_mix1653,70,5,0,-8,0,58.58
fold2_room1_mix1653,71,5,0,-4,0,87.60
fold2_room1_mix1653,71,5,0,-8,0,57.92
fold2_room1_mix1653,72,5,0,-4,0,87.51
fold2_room1_mix1653,72,5,0,-9,0,57.35
fold2_room1_mix1653,73,5,0,-4,0,87.41
fold2_room1_mix1653,73,5,0,-9,0,56.85
fold2_room1_mix1653,74,5,0,-4,0,87.31
fold2_room1_mix1653,74,5,0,-9,0,56.38
fold2_room1_mix1653,75,5,0,-4,0,86.76
fold2_room1_mix1653,75,5,0,-9,0,55.80
fold2_room1_mix1653,76,5,0,-4,0,85.28
fold2_room1_mix1653,76,5,0,-9,0,54.99
fold2_room1_mix1653,77,5,0,-4,0,83.80
fold2_room1_mix1653,77,5,0,-10,0,54.19
fold2_room1_mix1653,78,5,0,-3,0,82.49
fold2_room1_mix1653,78,5,0,-10,0,53.42
fold2_room1_mix1653,79,5,0,-3,0,81.83
fold2_room1_mix1653,79,5,0,-10,0,52.73
fold2_room1_mix1653,80,5,0,-3,0,81.24
fold2_room1_mix1653,80,5,0,-10,0,52.05
fold2_room1_mix1653,81,5,0,-2,0,80.58
fold2_room1_mix1653,81,5,0,-173,0,48.02
fold2_room1_mix1653,81,5,0,-18,0,22.08
fold2_room1_mix1653,82,5,0,-2,0,79.23
fold2_room1_mix1653,82,5,0,-173,0,48.47
fold2_room1_mix1653,82,5,0,-18,0,20.80
fold2_room1_mix1653,83,5,0,-2,0,77.73
fold2_room1_mix1653,83,5,0,-173,0,48.76
fold2_room1_mix1653,83,5,0,-19,0,19.48
fold2_room1_mix1653,84,5,0,-2,0,76.29
fold2_room1_mix1653,84,5,0,-174,0,49.08
fold2_room1_mix1653,84,5,0,-20,0,18.24
fold2_room1_mix1653,85,5,0,-2,0,75.59
fold2_room1_mix1653,85,5,0,-174,0,50.06
fold2_room1_mix1653,85,5,0,-21,0,17.00
fold2_room1_mix1653,86,5,0,-2,0,75.25
fold2_room1_mix1653,86,5,0,-174,0,51.39
fold2_room1_mix1653,86,5,0,-23,0,15.81
fold2_room1_mix1653,87,5,0,-2,0,74.90
fold2_room1_mix1653,87,5,0,-174,0,52.75
fold2_room1_mix1653,87,5,0,-25,0,14.70
fold2_room1_mix1653,88,5,0,-2,0,74.67
fold2_room1_mix1653,88,5,0,-174,0,54.36
fold2_room1_mix1653,88,5,0,-27,0,13.77
fold2_room1_mix1653,89,5,0,-2,0,74.55
fold2_room1_mix1653,89,5,0,-175,0,56.22
fold2_room1_mix1653,89,5,0,-29,0,12.98
fold2_room1_mix1653,90,5,0,-2,0,74.42
fold2_room1_mix1653,90,5,0,-175,0,58.14
fold2_room1_mix1653,90,5,0,-31,0,12.24
fold2_room1_mix1653,91,5,0,-2,0,73.96
fold2_room1_mix1653,91,5,0,-174,0,59.00
fold2_room1_mix1653,91,5,0,-34,0,11.73
fold2_room1_mix1653,92,5,0,-2,0,72.80
fold2_room1_mix1653,92,5,0,-174,0,57.58
fold2_room1_mix1653,92,5,0,-36,0,11.62
fold2_room1_mix1653,93,5,0,-2,0,71.64
fold2_room1_mix1653,93,5,0,-174,0,56.13
fold2_room1_mix1653,93,5,0,-39,0,11.52
fold2_room1_mix1653,94,5,0,-2,0,70.79
fold2_room1_mix1653,94,5,0,-173,0,55.04
fold2_room1_mix1653,94,5,0,-44,0,11.47
fold2_room1_mix1653,95,5,0,-2,0,71.10
fold2_room1_mix1653,95,5,0,-172,0,55.28
fold2_room1_mix1653,95,5,0,-46,0,11.63
fold2_room1_mix1653,96,5,0,-3,0,71.55
fold2_room1_mix1653,96,5,0,-172,0,55.66
fold2_room1_mix1653,96,5,0,-47,0,11.80
fold2_room1_mix1653,97,5,0,-3,0,71.37
fold2_room1_mix1653,97,5,0,-171,0,55.73
fold2_room1_mix1653,97,5,0,-49,0,11.96
fold2_room1_mix1653,98,5,0,-3,0,65.67
fold2_room1_mix1653,98,5,0,-171,0,52.88
fold2_room1_mix1653,98,5,0,-52,0,11.92
fold2_room1_mix1653,99,5,0,-3,0,59.23
fold2_room1_mix1653,99,5,0,-172,0,49.52
fold2_room1_mix1653,99,5,0,-54,0,11.82
fold2_room1_mix1655,2,5,0,5,0,7.32
fold2_room1_mix1655,3,5,0,5,0,37.57
fold2_room1_mix1655,4,5,0,6,0,171.54
fold2_room1_mix1655,5,5,0,6,0,219.95
fold2_room1_mix1655,6,5,0,6,0,153.54
fold2_room1_mix1655,7,5,0,6,0,107.36
fold2_room1_mix1655,8,5,0,6,0,94.91
fold2_room1_mix1655,9,5,0,6,0,106.07
fold2_room1_mix1655,10,5,0,5,0,118.71
fold2_room1_mix1655,11,5,0,5,0,127.23
fold2_room1_mix1655,12,5,0,6,0,124.47
fold2_room1_mix1655,13,5,0,6,0,121.45
fold2_room1_mix1655,14,5,0,6,0,118.80
fold2_room1_mix1655,15,5,0,6,0,117.35
fold2_room1_mix1655,16,5,0,6,0,116.04
fold2_room1_mix1655,17,5,0,6,0,114.74
fold2_room1_mix1655,18,5,0,6,0,113.36
fold2_room1_mix1655,19,5,0,6,0,111.97
fold2_room1_mix1655,20,5,0,6,0,110.59
fold2_room1_mix1655,21,5,0,6,0,109.25
fold2_room1_mix1655,22,5,0,6,0,107.93
fold2_room1_mix1655,23,5,0,6,0,106.63
fold2_room1_mix1655,24,5,0,6,0,104.52
fold2_room1_mix1655,25,5,0,6,0,101.67
fold2_room1_mix1655,26,5,0,6,0,98.90
fold2_room1_mix1655,27,5,0,6,0,96.45
fold2_room1_mix1655,28,5,0,6,0,94.57
fold2_room1_mix1655,29,5,0,6,0,92.75
fold2_room1_mix1655,30,5,0,6,0,90.87
fold2_room1_mix1655,31,5,0,6,0,88.61
fold2_room1_mix1655,32,5,0,7,0,86.38
fold2_room1_mix1655,33,5,0,7,0,84.35
fold2_room1_mix1655,34,5,0,7,0,83.51
fold2_room1_mix1655,35,5,0,7,0,82.98
fold2_room1_mix1655,36,5,0,7,0,82.41
fold2_room1_mix1655,37,5,0,7,0,80.54
fold2_room1_mix1655,38,5,0,7,0,78.11
fold2_room1_mix1655,39,5,0,8,0,75.78
fold2_room1_mix1655,40,5,0,8,0,74.40
fold2_room1_mix1655,41,5,0,8,0,73.94
fold2_room1_mix1655,42,5,0,8,0,73.52
fold2_room1_mix1655,43,5,0,9,0,72.68
fold2_room1_mix1655,44,5,0,9,0,70.92
fold2_room1_mix1655,45,5,0,9,0,69.20
fold2_room1_mix1655,46,5,0,9,0,67.72
fold2_room1_mix1655,47,5,0,9,0,67.07
fold2_room1_mix1655,48,5,0,10,0,66.51
fold2_room1_mix1655,49,5,0,10,0,65.95
fold2_room1_mix1655,50,5,0,10,0,65.29
fold2_room1_mix1655,51,5,0,11,0,64.63
fold2_room1_mix1655,52,5,0,11,0,63.96
fold2_room1_mix1655,53,5,0,8,0,64.43
fold2_room1_mix1655,53,5,0,6,0,84.01
fold2_room1_mix1655,54,5,0,8,0,62.77
fold2_room1_mix1655,54,5,0,7,0,82.27
fold2_room1_mix1655,55,5,0,8,0,61.15
fold2_room1_mix1655,55,5,0,7,0,80.58
fold2_room1_mix1655,56,5,0,8,0,60.03
fold2_room1_mix1655,56,5,0,7,0,79.13
fold2_room1_mix1655,57,5,0,9,0,59.40
fold2_room1_mix1655,57,5,0,7,0,77.90
fold2_room1_mix1655,58,5,0,9,0,58.77
fold2_room1_mix1655,58,5,0,7,0,76.70
fold2_room1_mix1655,59,5,0,9,0,58.38
fold2_room1_mix1655,59,5,0,8,0,75.46
fold2_room1_mix1655,60,5,0,9,0,58.46
fold2_room1_mix1655,60,5,0,8,0,74.14
fold2_room1_mix1655,61,5,0,9,0,58.55
fold2_room1_mix1655,61,5,0,8,0,72.85
fold2_room1_mix1655,62,5,0,9,0,58.72
fold2_room1_mix1655,62,5,0,8,0,71.40
fold2_room1_mix1655,63,5,0,9,0,59.16
fold2_room1_mix1655,63,5,0,8,0,69.26
fold2_room1_mix1655,64,5,0,9,0,59.64
fold2_room1_mix1655,64,5,0,8,0,67.18
fold2_room1_mix1655,65,5,0,9,0,60.22
fold2_room1_mix1655,65,5,0,8,0,65.21
fold2_room1_mix1655,66,5,0,9,0,61.68
fold2_room1_mix1655,66,5,0,8,0,63.25
fold2_room1_mix1655,67,5,0,9,0,63.39
fold2_room1_mix1655,67,5,0,9,0,61.49
fold2_room1_mix1655,68,5,0,8,0,65.16
fold2_room1_mix1655,68,5,0,9,0,59.98
fold2_room1_mix1655,69,5,0,8,0,67.31
fold2_room1_mix1655,69,5,0,9,0,59.01
fold2_room1_mix1655,70,5,0,8,0,69.69
fold2_room1_mix1655,70,5,0,9,0,58.38
fold2_room1_mix1655,71,5,0,8,0,72.15
fold2_room1_mix1655,71,5,0,9,0,57.92
fold2_room1_mix1655,72,5,0,7,0,73.66
fold2_room1_mix1655,72,5,0,9,0,57.81
fold2_room1_mix1655,73,5,0,7,0,74.18
fold2_room1_mix1655,73,5,0,9,0,57.92
fold2_room1_mix1655,74,5,0,7,0,74.69
fold2_room1_mix1655,74,5,0,9,0,58.04
fold2_room1_mix1655,75,5,0,7,0,74.26
fold2_room1_mix1655,75,5,0,9,0,57.57
fold2_room1_mix1655,76,5,0,7,0,71.93
fold2_room1_mix1655,76,5,0,10,0,55.92
fold2_room1_mix1655,77,5,0,7,0,69.61
fold2_room1_mix1655,77,5,0,10,0,54.29
fold2_room1_mix1655,78,5,0,8,0,67.41
fold2_room1_mix1655,78,5,0,11,0,52.59
fold2_room1_mix1655,79,5,0,8,0,65.47
fold2_room1_mix1655,79,5,0,11,0,50.49
fold2_room1_mix1655,80,5,0,8,0,63.61
fold2_room1_mix1655,80,5,0,12,0,48.44
fold2_room1_mix1655,81,5,0,8,0,61.71
fold2_room1_mix1655,81,5,0,13,0,46.41
fold2_room1_mix1655,82,5,0,9,0,59.20
fold2_room1_mix1655,82,5,0,13,0,43.86
fold2_room1_mix1655,83,5,0,9,0,56.63
fold2_room1_mix1655,83,5,0,14,0,41.33
fold2_room1_mix1655,84,5,0,9,0,54.22
fold2_room1_mix1655,84,5,0,15,0,38.99
fold2_room1_mix1655,85,5,0,9,0,53.65
fold2_room1_mix1655,85,5,0,15,0,38.06
fold2_room1_mix1655,86,5,0,9,0,53.93
fold2_room1_mix1655,86,5,0,16,0,37.78
fold2_room1_mix1655,87,5,0,9,0,54.22
fold2_room1_mix1655,87,5,0,16,0,37.51
fold2_room1_mix1655,88,5,0,9,0,53.38
fold2_room1_mix1655,88,5,0,16,0,36.54
fold2_room1_mix1655,89,5,0,9,0,51.46
fold2_room1_mix1655,89,5,0,158,0,24.65
fold2_room1_mix1655,89,5,0,24,0,18.35
fold2_room1_mix1655,90,5,0,8,0,49.61
fold2_room1_mix1655,90,5,0,159,0,24.73
fold2_room1_mix1655,90,5,0,24,0,17.09
fold2_room1_mix1655,91,5,0,8,0,48.26
fold2_room1_mix1655,91,5,0,160,0,25.39
fold2_room1_mix1655,91,5,0,25,0,16.00
fold2_room1_mix1655,92,5,0,8,0,47.82
fold2_room1_mix1655,92,5,0,161,0,27.34
fold2_room1_mix1655,92,5,0,27,0,15.13
fold2_room1_mix1655,93,5,0,9,0,47.41
fold2_room1_mix1655,93,5,0,163,0,29.47
fold2_room1_mix1655,93,5,0,29,0,14.31
fold2_room1_mix1655,94,5,0,9,0,46.88
fold2_room1_mix1655,94,5,0,164,0,31.81
fold2_room1_mix1655,94,5,0,32,0,13.44
fold2_room1_mix1655,95,5,0,9,0,45.84
fold2_room1_mix1655,95,5,0,165,0,34.49
fold2_room1_mix1655,95,5,0,38,0,12.29
fold2_room1_mix1655,96,5,0,10,0,44.77
fold2_room1_mix1655,96,5,0,166,0,37.40
fold2_room1_mix1655,96,5,0,45,0,11.20
fold2_room1_mix1655,97,5,0,11,0,43.80
fold2_room1_mix1655,97,5,0,166,0,40.44
fold2_room1_mix1655,97,5,0,51,0,10.30
fold2_room1_mix1655,98,5,0,10,0,43.53
fold2_room1_mix1655,98,5,0,167,0,42.64
fold2_room1_mix1655,98,5,0,58,0,10.41
fold2_room1_mix1655,99,5,0,9,0,43.43
fold2_room1_mix1655,99,5,0,169,0,44.69
fold2_room1_mix1655,99,5,0,66,0,10.76
fold2_room1_mix1660,2,5,0,-4,0,8.43
fold2_room1_mix1660,3,5,0,-3,0,40.30
fold2_room1_mix1660,4,5,0,-4,0,173.45
fold2_room1_mix1660,5,5,0,-4,0,215.14
fold2_room1_mix1660,6,5,0,-5,0,147.03
fold2_room1_mix1660,7,5,0,-5,0,100.66
fold2_room1_mix1660,8,5,0,-5,0,87.10
fold2_room1_mix1660,9,5,0,-5,0,95.18
fold2_room1_mix1660,10,5,0,-4,0,104.05
fold2_room1_mix1660,11,5,0,-4,0,109.79
fold2_room1_mix1660,12,5,0,-4,0,107.58
fold2_room1_mix1660,13,5,0,-4,0,105.17
fold2_room1_mix1660,14,5,0,-5,0,102.76
fold2_room1_mix1660,15,5,0,-5,0,100.14
fold2_room1_mix1660,16,5,0,-5,0,97.56
fold2_room1_mix1660,17,5,0,-5,0,95.11
fold2_room1_mix1660,18,5,0,-5,0,93.28
fold2_room1_mix1660,19,5,0,-5,0,91.62
fold2_room1_mix1660,20,5,0,-5,0,89.99
fold2_room1_mix1660,21,5,0,-6,0,88.37
fold2_room1_mix1660,22,5,0,-6,0,86.77
fold2_room1_mix1660,23,5,0,-6,0,85.21
fold2_room1_mix1660,24,5,0,-6,0,83.77
fold2_room1_mix1660,25,5,0,-6,0,82.47
fold2_room1_mix1660,26,5,0,-6,0,81.19
fold2_room1_mix1660,27,5,0,-6,0,79.83
fold2_room1_mix1660,28,5,0,-6,0,78.25
fold2_room1_mix1660,29,5,0,-7,0,76.71
fold2_room1_mix1660,30,5,0,-7,0,75.22
fold2_room1_mix1660,31,5,0,-7,0,73.80
fold2_room1_mix1660,32,5,0,-7,0,72.43
fold2_room1_mix1660,33,5,0,-8,0,71.05
fold2_room1_mix1660,34,5,0,-8,0,69.14
fold2_room1_mix1660,35,5,0,-9,0,67.16
fold2_room1_mix1660,36,5,0,-9,0,65.26
fold2_room1_mix1660,37,5,0,-9,0,63.10
fold2_room1_mix1660,38,5,0,-10,0,60.87
fold2_room1_mix1660,39,5,0,-10,0,58.74
fold2_room1_mix1660,40,5,0,-10,0,57.21
fold2_room1_mix1660,41,5,0,-11,0,56.24
fold2_room1_mix1660,42,5,0,-11,0,55.30
fold2_room1_mix1660,43,5,0,-11,0,54.24
fold2_room1_mix1660,44,5,0,-12,0,52.93
fold2_room1_mix1660,45,5,0,-5,0,81.00
fold2_room1_mix1660,45,5,0,-6,0,68.07
fold2_room1_mix1660,46,5,0,-5,0,79.72
fold2_room1_mix1660,46,5,0,-6,0,66.65
fold2_room1_mix1660,47,5,0,-5,0,78.77
fold2_room1_mix1660,47,5,0,-7,0,65.19
fold2_room1_mix1660,48,5,0,-5,0,77.88
fold2_room1_mix1660,48,5,0,-7,0,63.77
fold2_room1_mix1660,49,5,0,-5,0,77.19
fold2_room1_mix1660,49,5,0,-7,0,62.47
fold2_room1_mix1660,50,5,0,-5,0,78.34
fold2_room1_mix1660,50,5,0,-7,0,62.04
fold2_room1_mix1660,51,5,0,-5,0,79.96
fold2_room1_mix1660,51,5,0,-7,0,61.86
fold2_room1_mix1660,52,5,0,-5,0,81.57
fold2_room1_mix1660,52,5,0,-8,0,61.71
fold2_room1_mix1660,53,5,0,-5,0,81.86
fold2_room1_mix1660,53,5,0,-8,0,60.60
fold2_room1_mix1660,54,5,0,-5,0,81.49
fold2_room1_mix1660,54,5,0,-8,0,59.09
fold2_room1_mix1660,55,5,0,-5,0,81.13
fold2_room1_mix1660,55,5,0,-8,0,57.67
fold2_room1_mix1660,56,5,0,-5,0,79.50
fold2_room1_mix1660,56,5,0,-9,0,56.07
fold2_room1_mix1660,57,5,0,-5,0,76.69
fold2_room1_mix1660,57,5,0,-9,0,54.28
fold2_room1_mix1660,58,5,0,-5,0,73.98
fold2_room1_mix1660,58,5,0,-9,0,52.55
fold2_room1_mix1660,59,5,0,-6,0,71.18
fold2_room1_mix1660,59,5,0,-9,0,50.79
fold2_room1_mix1660,60,5,0,-6,0,68.13
fold2_room1_mix1660,60,5,0,-10,0,48.94
fold2_room1_mix1660,61,5,0,-6,0,65.21
fold2_room1_mix1660,61,5,0,-10,0,47.16
fold2_room1_mix1660,62,5,0,-7,0,62.39
fold2_room1_mix1660,62,5,0,-10,0,45.38
fold2_room1_mix1660,63,5,0,-7,0,59.64
fold2_room1_mix1660,63,5,0,-11,0,43.41
fold2_room1_mix1660,64,5,0,-7,0,57.01
fold2_room1_mix1660,64,5,0,-11,0,41.51
fold2_room1_mix1660,65,5,0,-8,0,54.55
fold2_room1_mix1660,65,5,0,-12,0,39.70
fold2_room1_mix1660,66,5,0,-8,0,52.72
fold2_room1_mix1660,66,5,0,-13,0,38.09
fold2_room1_mix1660,67,5,0,-9,0,51.08
fold2_room1_mix1660,67,5,0,-14,0,36.58
fold2_room1_mix1660,68,5,0,-9,0,49.49
fold2_room1_mix1660,68,5,0,-15,0,35.14
fold2_room1_mix1660,69,5,0,-9,0,47.96
fold2_room1_mix1660,69,5,0,-16,0,33.83
fold2_room1_mix1660,70,5,0,-10,0,46.47
fold2_room1_mix1660,70,5,0,-158,0,21.65
fold2_room1_mix1660,70,5,0,-25,0,18.76
fold2_room1_mix1660,71,5,0,-10,0,45.03
fold2_room1_mix1660,71,5,0,-158,0,22.58
fold2_room1_mix1660,71,5,0,-27,0,17.86
fold2_room1_mix1660,72,5,0,-10,0,43.51
fold2_room1_mix1660,72,5,0,-159,0,23.73
fold2_room1_mix1660,72,5,0,-30,0,16.66
fold2_room1_mix1660,73,5,0,-11,0,41.94
fold2_room1_mix1660,73,5,0,-159,0,25.14
fold2_room1_mix1660,73,5,0,-34,0,15.23
fold2_room1_mix1660,74,5,0,-12,0,40.41
fold2_room1_mix1660,74,5,0,-160,0,26.64
fold2_room1_mix1660,74,5,0,-38,0,13.91
fold2_room1_mix1660,75,5,0,-12,0,38.76
fold2_room1_mix1660,75,5,0,-161,0,28.28
fold2_room1_mix1660,75,5,0,-43,0,12.67
fold2_room1_mix1660,76,5,0,-13,0,36.81
fold2_room1_mix1660,76,5,0,-162,0,30.16
fold2_room1_mix1660,76,5,0,-50,0,11.48
fold2_room1_mix1660,77,5,0,-14,0,34.94
fold2_room1_mix1660,77,5,0,-164,0,32.17
fold2_room1_mix1660,77,5,0,-58,0,10.39
fold2_room1_mix1660,78,5,0,-15,0,33.21
fold2_room1_mix1660,78,5,0,-166,0,34.14
fold2_room1_mix1660,78,5,0,-67,0,9.56
fold2_room1_mix1660,79,5,0,-16,0,31.74
fold2_room1_mix1660,79,5,0,-167,0,35.52
fold2_room1_mix1660,79,5,0,-76,0,9.42
fold2_room1_mix1660,80,5,0,-17,0,30.36
fold2_room1_mix1660,80,5,0,-167,0,36.88
fold2_room1_mix1660,80,5,0,-85,0,9.36
fold2_room1_mix1660,81,5,0,-18,0,29.02
fold2_room1_mix1660,81,5,0,-168,0,38.16
fold2_room1_mix1660,81,5,0,-93,0,9.35
fold2_room1_mix1660,82,5,0,-19,0,27.64
fold2_room1_mix1660,82,5,0,-168,0,38.37
fold2_room1_mix1660,82,5,0,-100,0,9.82
fold2_room1_mix1660,83,5,0,-19,0,26.30
fold2_room1_mix1660,83,5,0,-168,0,38.30
fold2_room1_mix1660,83,5,0,-105,0,10.45
fold2_room1_mix1660,84,5,0,-20,0,25.01
fold2_room1_mix1660,84,5,0,-168,0,38.23
fold2_room1_mix1660,84,5,0,-111,0,11.11
fold2_room1_mix1660,85,5,0,-20,0,23.35
fold2_room1_mix1660,85,5,0,-167,0,38.10
fold2_room1_mix1660,85,5,0,-118,0,11.89
fold2_room1_mix1660,86,5,0,-21,0,21.60
fold2_room1_mix1660,86,5,0,-167,0,37.93
fold2_room1_mix1660,86,5,0,-126,0,12.76
fold2_room1_mix1660,87,5,0,-22,0,19.97
fold2_room1_mix1660,87,5,0,-167,0,37.77
fold2_room1_mix1660,87,5,0,-132,0,13.70
fold2_room1_mix1660,88,5,0,-24,0,18.39
fold2_room1_mix1660,88,5,0,-168,0,39.20
fold2_room1_mix1660,88,5,0,-137,0,14.35
fold2_room1_mix1660,89,5,0,-29,0,16.87
fold2_room1_mix1660,89,5,0,-168,0,42.40
fold2_room1_mix1660,89,5,0,-142,0,14.70
fold2_room1_mix1660,90,5,0,-32,0,15.47
fold2_room1_mix1660,90,5,0,-169,0,45.87
fold2_room1_mix1660,90,5,0,-146,0,15.05
fold2_room1_mix1660,91,5,0,-37,0,14.14
fold2_room1_mix1660,91,5,0,-170,0,49.56
fold2_room1_mix1660,91,5,0,-149,0,15.58
fold2_room1_mix1660,92,5,0,-43,0,12.85
fold2_room1_mix1660,92,5,0,-171,0,53.46
fold2_room1_mix1660,92,5,0,-151,0,16.52
fold2_room1_mix1660,93,5,0,-49,0,11.66
fold2_room1_mix1660,93,5,0,-172,0,57.65
fold2_room1_mix1660,93,5,0,-153,0,17.52
fold2_room1_mix1660,94,5,0,-56,0,10.60
fold2_room1_mix1660,94,5,0,-173,0,61.56
fold2_room1_mix1660,94,5,0,-155,0,18.73
fold2_room1_mix1660,95,5,0,-63,0,9.74
fold2_room1_mix1660,95,5,0,-173,0,63.12
fold2_room1_mix1660,95,5,0,-155,0,20.65
fold2_room1_mix1660,96,5,0,-72,0,8.95
fold2_room1_mix1660,96,5,0,-172,0,64.44
fold2_room1_mix1660,96,5,0,-156,0,22.83
fold2_room1_mix1660,97,5,0,-83,0,8.30
fold2_room1_mix1660,97,5,0,-163,0,44.99
fold2_room1_mix1660,98,5,0,-96,0,8.40
fold2_room1_mix1660,98,5,0,-164,0,41.95
fold2_room1_mix1660,99,5,0,-109,0,8.69
fold2_room1_mix1660,99,5,0,-165,0,38.60
fold2_room1_mix1673,3,5,0,-1,0,20.95
fold2_room1_mix1673,4,5,0,-1,0,122.61
fold2_room1_mix1673,5,5,0,-2,0,191.15
fold2_room1_mix1673,6,5,0,-2,0,159.31
fold2_room1_mix1673,7,5,0,-3,0,133.07
fold2_room1_mix1673,8,5,0,-3,0,124.79
fold2_room1_mix1673,9,5,0,-3,0,131.19
fold2_room1_mix1673,10,5,0,-2,0,137.95
fold2_room1_mix1673,11,5,0,-2,0,141.83
fold2_room1_mix1673,12,5,0,-2,0,139.15
fold2_room1_mix1673,13,5,0,-2,0,136.34
fold2_room1_mix1673,14,5,0,-2,0,133.56
fold2_room1_mix1673,15,5,0,-2,0,130.72
fold2_room1_mix1673,16,5,0,-2,0,127.95
fold2_room1_mix1673,17,5,0,-2,0,125.16
fold2_room1_mix1673,18,5,0,-3,0,121.57
fold2_room1_mix1673,19,5,0,-3,0,117.91
fold2_room1_mix1673,20,5,0,-3,0,114.42
fold2_room1_mix1673,21,5,0,-3,0,112.53
fold2_room1_mix1673,22,5,0,-3,0,111.39
fold2_room1_mix1673,23,5,0,-3,0,110.27
fold2_room1_mix1673,24,5,0,-3,0,108.54
fold2_room1_mix1673,25,5,0,-4,0,106.25
fold2_room1_mix1673,26,5,0,-4,0,104.03
fold2_room1_mix1673,27,5,0,-4,0,100.94
fold2_room1_mix1673,28,5,0,-5,0,96.15
fold2_room1_mix1673,29,5,0,-5,0,91.57
fold2_room1_mix1673,30,5,0,-5,0,87.72
fold2_room1_mix1673,31,5,0,-6,0,85.96
fold2_room1_mix1673,32,5,0,-6,0,84.53
fold2_room1_mix1673,33,5,0,-6,0,83.08
fold2_room1_mix1673,34,5,0,-7,0,80.45
fold2_room1_mix1673,35,5,0,-7,0,77.69
fold2_room1_mix1673,36,5,0,-7,0,75.09
fold2_room1_mix1673,37,5,0,-9,0,72.30
fold2_room1_mix1673,38,5,0,-4,0,88.33
fold2_room1_mix1673,38,5,0,-3,0,95.54
fold2_room1_mix1673,39,5,0,-4,0,89.46
fold2_room1_mix1673,39,5,0,-3,0,93.07
fold2_room1_mix1673,40,5,0,-3,0,92.89
fold2_room1_mix1673,40,5,0,-4,0,91.18
fold2_room1_mix1673,41,5,0,-3,0,98.88
fold2_room1_mix1673,41,5,0,-4,0,90.15
fold2_room1_mix1673,42,5,0,-2,0,105.25
fold2_room1_mix1673,42,5,0,-4,0,89.67
fold2_room1_mix1673,43,5,0,-2,0,108.54
fold2_room1_mix1673,43,5,0,-4,0,87.99
fold2_room1_mix1673,44,5,0,-2,0,104.89
fold2_room1_mix1673,44,5,0,-4,0,83.14
fold2_room1_mix1673,45,5,0,-2,0,101.16
fold2_room1_mix1673,45,5,0,-4,0,78.52
fold2_room1_mix1673,46,5,0,-1,0,97.95
fold2_room1_mix1673,46,5,0,-5,0,74.68
fold2_room1_mix1673,47,5,0,-2,0,96.40
fold2_room1_mix1673,47,5,0,-5,0,72.93
fold2_room1_mix1673,48,5,0,-2,0,95.05
fold2_room1_mix1673,48,5,0,-5,0,71.43
fold2_room1_mix1673,49,5,0,-3,0,93.68
fold2_room1_mix1673,49,5,0,-5,0,69.96
fold2_room1_mix1673,50,5,0,-3,0,92.12
fold2_room1_mix1673,50,5,0,-5,0,68.48
fold2_room1_mix1673,51,5,0,-3,0,90.53
fold2_room1_mix1673,51,5,0,-5,0,67.02
fold2_room1_mix1673,52,5,0,-3,0,88.96
fold2_room1_mix1673,52,5,0,-6,0,65.57
fold2_room1_mix1673,53,5,0,-3,0,87.17
fold2_room1_mix1673,53,5,0,-6,0,63.49
fold2_room1_mix1673,54,5,0,-3,0,85.29
fold2_room1_mix1673,54,5,0,-7,0,61.18
fold2_room1_mix1673,55,5,0,-3,0,83.46
fold2_room1_mix1673,55,5,0,-7,0,58.98
fold2_room1_mix1673,56,5,0,-3,0,80.67
fold2_room1_mix1673,56,5,0,-8,0,56.48
fold2_room1_mix1673,57,5,0,-4,0,77.03
fold2_room1_mix1673,57,5,0,-8,0,53.70
fold2_room1_mix1673,58,5,0,-4,0,73.56
fold2_room1_mix1673,58,5,0,-9,0,51.07
fold2_room1_mix1673,59,5,0,-5,0,70.36
fold2_room1_mix1673,59,5,0,-10,0,48.49
fold2_room1_mix1673,60,5,0,-5,0,67.54
fold2_room1_mix1673,60,5,0,-10,0,45.92
fold2_room1_mix1673,61,5,0,-5,0,64.83
fold2_room1_mix1673,61,5,0,-11,0,43.51
fold2_room1_mix1673,62,5,0,-5,0,62.20
fold2_room1_mix1673,62,5,0,-12,0,41.16
fold2_room1_mix1673,63,5,0,-5,0,59.55
fold2_room1_mix1673,63,5,0,-169,0,35.25
fold2_room1_mix1673,63,5,0,-23,0,17.84
fold2_room1_mix1673,64,5,0,-6,0,57.00
fold2_room1_mix1673,64,5,0,-170,0,37.16
fold2_room1_mix1673,64,5,0,-27,0,15.77
fold2_room1_mix1673,65,5,0,-6,0,54.61
fold2_room1_mix1673,65,5,0,-170,0,39.18
fold2_room1_mix1673,65,5,0,-31,0,13.92
fold2_room1_mix1673,66,5,0,-7,0,52.90
fold2_room1_mix1673,66,5,0,-171,0,41.34
fold2_room1_mix1673,66,5,0,-37,0,12.24
fold2_room1_mix1673,67,5,0,-7,0,51.37
fold2_room1_mix1673,67,5,0,-171,0,43.63
fold2_room1_mix1673,67,5,0,-42,0,10.75
fold2_room1_mix1673,68,5,0,-8,0,49.85
fold2_room1_mix1673,68,5,0,-171,0,46.01
fold2_room1_mix1673,68,5,0,-48,0,9.44
fold2_room1_mix1673,69,5,0,-8,0,47.43
fold2_room1_mix1673,69,5,0,-171,0,47.75
fold2_room1_mix1673,69,5,0,-56,0,8.93
fold2_room1_mix1673,70,5,0,-9,0,44.70
fold2_room1_mix1673,70,5,0,-171,0,49.17
fold2_room1_mix1673,70,5,0,-72,0,8.77
fold2_room1_mix1673,71,5,0,-9,0,42.12
fold2_room1_mix1673,71,5,0,-171,0,50.63
fold2_room1_mix1673,71,5,0,-92,0,8.61
fold2_room1_mix1673,72,5,0,-10,0,39.08
fold2_room1_mix1673,72,5,0,-172,0,52.55
fold2_room1_mix1673,72,5,0,-110,0,9.14
fold2_room1_mix1673,73,5,0,-11,0,35.70
fold2_room1_mix1673,73,5,0,-172,0,54.98
fold2_room1_mix1673,73,5,0,-124,0,10.47
fold2_room1_mix1673,74,5,0,-12,0,32.61
fold2_room1_mix1673,74,5,0,-173,0,57.52
fold2_room1_mix1673,74,5,0,-134,0,11.99
fold2_room1_mix1673,75,5,0,-13,0,29.93
fold2_room1_mix1673,75,5,0,-173,0,59.74
fold2_room1_mix1673,75,5,0,-141,0,13.61
fold2_room1_mix1673,76,5,0,-14,0,27.77
fold2_room1_mix1673,76,5,0,-173,0,61.11
fold2_room1_mix1673,76,5,0,-146,0,15.26
fold2_room1_mix1673,77,5,0,-15,0,25.77
fold2_room1_mix1673,77,5,0,-173,0,62.48
fold2_room1_mix1673,77,5,0,-151,0,17.08
fold2_room1_mix1673,78,5,0,-17,0,23.86
fold2_room1_mix1673,78,5,0,-173,0,63.94
fold2_room1_mix1673,78,5,0,-157,0,19.08
fold2_room1_mix1673,79,5,0,-19,0,21.91
fold2_room1_mix1673,79,5,0,-166,0,43.46
fold2_room1_mix1673,80,5,0,-21,0,20.09
fold2_room1_mix1673,80,5,0,-166,0,45.55
fold2_room1_mix1673,81,5,0,-23,0,18.34
fold2_room1_mix1673,81,5,0,-167,0,47.82
fold2_room1_mix1673,82,5,0,-29,0,16.15
fold2_room1_mix1673,82,5,0,-167,0,50.46
fold2_room1_mix1673,83,5,0,-35,0,14.07
fold2_room1_mix1673,83,5,0,-168,0,53.34
fold2_room1_mix1673,84,5,0,-41,0,12.26
fold2_room1_mix1673,84,5,0,-168,0,56.36
fold2_room1_mix1673,85,5,0,-49,0,10.88
fold2_room1_mix1673,85,5,0,-169,0,56.95
fold2_room1_mix1673,86,5,0,-60,0,9.74
fold2_room1_mix1673,86,5,0,-170,0,56.56
fold2_room1_mix1673,87,5,0,-75,0,8.71
fold2_room1_mix1673,87,5,0,-171,0,56.46
fold2_room1_mix1673,88,5,0,-93,0,8.39
fold2_room1_mix1673,88,5,0,-171,0,56.74
fold2_room1_mix1673,89,5,0,-109,0,8.70
fold2_room1_mix1673,89,5,0,-172,0,58.17
fold2_room1_mix1673,90,5,0,-122,0,9.02
fold2_room1_mix1673,90,5,0,-172,0,61.05
fold2_room1_mix1673,91,5,0,-130,0,9.66
fold2_room1_mix1673,91,5,0,-173,0,65.34
fold2_room1_mix1673,92,5,0,-137,0,11.03
fold2_room1_mix1673,92,5,0,-174,0,70.22
fold2_room1_mix1673,93,5,0,-142,0,12.60
fold2_room1_mix1673,93,5,0,-174,0,75.92
fold2_room1_mix1673,94,5,0,-148,0,14.37
fold2_room1_mix1673,94,5,0,-174,0,81.90
fold2_room1_mix1673,95,5,0,-151,0,16.38
fold2_room1_mix1673,95,5,0,-174,0,85.60
fold2_room1_mix1673,96,5,0,-155,0,18.66
fold2_room1_mix1673,96,5,0,-174,0,89.19
fold2_room1_mix1673,97,5,0,-169,0,68.28
fold2_room1_mix1673,98,5,0,-170,0,64.12
fold2_room1_mix1673,99,5,0,-171,0,58.97
fold2_room1_mix1706,4,5,0,3,0,40.49
fold2_room1_mix1706,5,5,0,3,0,85.33
fold2_room1_mix1706,6,5,0,3,0,122.44
fold2_room1_mix1706,7,5,0,3,0,175.59
fold2_room1_mix1706,8,5,0,3,0,205.85
fold2_room1_mix1706,9,5,0,3,0,197.73
fold2_room1_mix1706,10,5,0,3,0,190.40
fold2_room1_mix1706,11,5,0,3,0,185.28
fold2_room1_mix1706,12,5,0,3,0,183.46
fold2_room1_mix1706,13,5,0,3,0,181.77
fold2_room1_mix1706,14,5,0,3,0,179.75
fold2_room1_mix1706,15,5,0,4,0,176.33
fold2_room1_mix1706,16,5,0,4,0,172.83
fold2_room1_mix1706,17,5,0,4,0,169.47
fold2_room1_mix1706,18,5,0,4,0,166.87
fold2_room1_mix1706,19,5,0,4,0,164.47
fold2_room1_mix1706,20,5,0,4,0,162.13
fold2_room1_mix1706,21,5,0,4,0,160.39
fold2_room1_mix1706,22,5,0,4,0,158.94
fold2_room1_mix1706,23,5,0,4,0,157.51
fold2_room1_mix1706,24,5,0,5,0,156.15
fold2_room1_mix1706,25,5,0,5,0,154.87
fold2_room1_mix1706,26,5,0,5,0,153.61
fold2_room1_mix1706,27,5,0,5,0,151.44
fold2_room1_mix1706,28,5,0,5,0,147.41
fold2_room1_mix1706,29,5,0,5,0,143.45
fold2_room1_mix1706,30,5,0,5,0,139.63
fold2_room1_mix1706,31,5,0,5,0,136.00
fold2_room1_mix1706,32,5,0,5,0,132.51
fold2_room1_mix1706,33,5,0,5,0,129.29
fold2_room1_mix1706,34,5,0,6,0,127.72
fold2_room1_mix1706,35,5,0,6,0,126.58
fold2_room1_mix1706,36,5,0,6,0,125.39
fold2_room1_mix1706,37,5,0,6,0,121.53
fold2_room1_mix1706,38,5,0,6,0,116.59
fold2_room1_mix1706,39,5,0,7,0,111.90
fold2_room1_mix1706,40,5,0,7,0,109.44
fold2_room1_mix1706,41,5,0,7,0,109.06
fold2_room1_mix1706,42,5,0,8,0,108.72
fold2_room1_mix1706,43,5,0,8,0,107.57
fold2_room1_mix1706,44,5,0,9,0,104.75
fold2_room1_mix1706,45,5,0,9,0,102.00
fold2_room1_mix1706,46,5,0,10,0,99.32
fold2_room1_mix1706,47,5,0,6,0,106.35
fold2_room1_mix1706,47,5,0,5,0,132.63
fold2_room1_mix1706,48,5,0,6,0,103.60
fold2_room1_mix1706,48,5,0,5,0,129.78
fold2_room1_mix1706,49,5,0,5,0,100.94
fold2_room1_mix1706,49,5,0,4,0,126.97
fold2_room1_mix1706,50,5,0,5,0,98.53
fold2_room1_mix1706,50,5,0,4,0,124.00
fold2_room1_mix1706,51,5,0,5,0,96.21
fold2_room1_mix1706,51,5,0,4,0,121.04
fold2_room1_mix1706,52,5,0,5,0,94.02
fold2_room1_mix1706,52,5,0,4,0,118.16
fold2_room1_mix1706,53,5,0,5,0,94.55
fold2_room1_mix1706,53,5,0,4,0,115.28
fold2_room1_mix1706,54,5,0,5,0,96.39
fold2_room1_mix1706,54,5,0,5,0,112.56
fold2_room1_mix1706,55,5,0,5,0,98.27
fold2_room1_mix1706,55,5,0,5,0,110.06
fold2_room1_mix1706,56,5,0,5,0,100.56
fold2_room1_mix1706,56,5,0,5,0,107.51
fold2_room1_mix1706,57,5,0,5,0,103.29
fold2_room1_mix1706,57,5,0,6,0,105.01
fold2_room1_mix1706,58,5,0,5,0,106.09
fold2_room1_mix1706,58,5,0,6,0,102.81
fold2_room1_mix1706,59,5,0,5,0,109.32
fold2_room1_mix1706,59,5,0,6,0,100.86
fold2_room1_mix1706,60,5,0,5,0,113.43
fold2_room1_mix1706,60,5,0,6,0,99.20
fold2_room1_mix1706,61,5,0,5,0,117.72
fold2_room1_mix1706,61,5,0,7,0,97.91
fold2_room1_mix1706,62,5,0,5,0,121.74
fold2_room1_mix1706,62,5,0,7,0,96.93
fold2_room1_mix1706,63,5,0,5,0,124.08
fold2_room1_mix1706,63,5,0,7,0,95.96
fold2_room1_mix1706,64,5,0,4,0,126.26
fold2_room1_mix1706,64,5,0,7,0,95.11
fold2_room1_mix1706,65,5,0,4,0,128.15
fold2_room1_mix1706,65,5,0,7,0,94.29
fold2_room1_mix1706,66,5,0,4,0,126.97
fold2_room1_mix1706,66,5,0,8,0,92.64
fold2_room1_mix1706,67,5,0,4,0,125.08
fold2_room1_mix1706,67,5,0,8,0,90.82
fold2_room1_mix1706,68,5,0,4,0,123.12
fold2_room1_mix1706,68,5,0,8,0,89.00
fold2_room1_mix1706,69,5,0,4,0,118.45
fold2_room1_mix1706,69,5,0,8,0,86.14
fold2_room1_mix1706,70,5,0,5,0,112.68
fold2_room1_mix1706,70,5,0,8,0,82.88
fold2_room1_mix1706,71,5,0,5,0,107.19
fold2_room1_mix1706,71,5,0,8,0,79.76
fold2_room1_mix1706,72,5,0,5,0,103.83
fold2_room1_mix1706,72,5,0,8,0,76.86
fold2_room1_mix1706,73,5,0,5,0,102.41
fold2_room1_mix1706,73,5,0,9,0,74.19
fold2_room1_mix1706,74,5,0,5,0,101.00
fold2_room1_mix1706,74,5,0,9,0,71.68
fold2_room1_mix1706,75,5,0,5,0,99.47
fold2_room1_mix1706,75,5,0,10,0,69.44
fold2_room1_mix1706,76,5,0,5,0,97.65
fold2_room1_mix1706,76,5,0,10,0,67.56
fold2_room1_mix1706,77,5,0,5,0,95.87
fold2_room1_mix1706,77,5,0,10,0,65.75
fold2_room1_mix1706,78,5,0,5,0,94.08
fold2_room1_mix1706,78,5,0,10,0,64.00
fold2_room1_mix1706,79,5,0,5,0,92.21
fold2_room1_mix1706,79,5,0,11,0,62.30
fold2_room1_mix1706,80,5,0,5,0,90.36
fold2_room1_mix1706,80,5,0,11,0,60.65
fold2_room1_mix1706,81,5,0,5,0,88.48
fold2_room1_mix1706,81,5,0,11,0,58.97
fold2_room1_mix1706,82,5,0,5,0,86.00
fold2_room1_mix1706,82,5,0,12,0,56.70
fold2_room1_mix1706,83,5,0,5,0,83.44
fold2_room1_mix1706,83,5,0,12,0,54.37
fold2_room1_mix1706,84,5,0,5,0,80.96
fold2_room1_mix1706,84,5,0,168,0,46.80
fold2_room1_mix1706,84,5,0,21,0,23.39
fold2_room1_mix1706,85,5,0,5,0,78.78
fold2_room1_mix1706,85,5,0,169,0,49.22
fold2_room1_mix1706,85,5,0,23,0,21.73
fold2_room1_mix1706,86,5,0,5,0,76.76
fold2_room1_mix1706,86,5,0,169,0,52.69
fold2_room1_mix1706,86,5,0,26,0,20.24
fold2_room1_mix1706,87,5,0,5,0,74.80
fold2_room1_mix1706,87,5,0,170,0,56.39
fold2_room1_mix1706,87,5,0,29,0,18.85
fold2_room1_mix1706,88,5,0,5,0,71.55
fold2_room1_mix1706,88,5,0,170,0,58.54
fold2_room1_mix1706,88,5,0,34,0,16.91
fold2_room1_mix1706,89,5,0,6,0,67.19
fold2_room1_mix1706,89,5,0,170,0,58.95
fold2_room1_mix1706,89,5,0,42,0,14.59
fold2_room1_mix1706,90,5,0,7,0,63.10
fold2_room1_mix1706,90,5,0,170,0,59.35
fold2_room1_mix1706,90,5,0,51,0,12.58
fold2_room1_mix1706,91,5,0,7,0,60.70
fold2_room1_mix1706,91,5,0,170,0,60.96
fold2_room1_mix1706,91,5,0,62,0,11.14
fold2_room1_mix1706,92,5,0,7,0,61.37
fold2_room1_mix1706,92,5,0,171,0,65.23
fold2_room1_mix1706,92,5,0,73,0,10.46
fold2_room1_mix1706,93,5,0,7,0,62.14
fold2_room1_mix1706,93,5,0,171,0,69.89
fold2_room1_mix1706,93,5,0,86,0,9.84
fold2_room1_mix1706,94,5,0,8,0,62.27
fold2_room1_mix1706,94,5,0,171,0,74.37
fold2_room1_mix1706,94,5,0,98,0,9.42
fold2_room1_mix1706,95,5,0,8,0,59.79
fold2_room1_mix1706,95,5,0,171,0,76.99
fold2_room1_mix1706,95,5,0,108,0,9.70
fold2_room1_mix1706,96,5,0,9,0,57.14
fold2_room1_mix1706,96,5,0,171,0,79.47
fold2_room1_mix1706,96,5,0,117,0,10.06
fold2_room1_mix1706,97,5,0,9,0,54.78
fold2_room1_mix1706,97,5,0,172,0,81.78
fold2_room1_mix1706,97,5,0,124,0,10.55
fold2_room1_mix1706,98,5,0,9,0,54.04
fold2_room1_mix1706,98,5,0,172,0,81.85
fold2_room1_mix1706,98,5,0,129,0,12.26
fold2_room1_mix1706,99,5,0,8,0,53.68
fold2_room1_mix1706,99,5,0,173,0,81.36
fold2_room1_mix1706,99,5,0,134,0,14.58
fold2_room1_mix1712,4,5,0,6,0,37.54
fold2_room1_mix1712,5,5,0,4,0,84.41
fold2_room1_mix1712,6,5,0,4,0,133.53
fold2_room1_mix1712,7,5,0,4,0,210.93
fold2_room1_mix1712,8,5,0,4,0,253.49
fold2_room1_mix1712,9,5,0,4,0,232.49
fold2_room1_mix1712,10,5,0,3,0,213.87
fold2_room1_mix1712,11,5,0,3,0,202.07
fold2_room1_mix1712,12,5,0,3,0,200.82
fold2_room1_mix1712,13,5,0,3,0,199.99
fold2_room1_mix1712,14,5,0,3,0,198.77
fold2_room1_mix1712,15,5,0,3,0,195.55
fold2_room1_mix1712,16,5,0,3,0,192.17
fold2_room1_mix1712,17,5,0,3,0,189.07
fold2_room1_mix1712,18,5,0,3,0,188.09
fold2_room1_mix1712,19,5,0,3,0,187.63
fold2_room1_mix1712,20,5,0,4,0,187.11
fold2_room1_mix1712,21,5,0,4,0,184.17
fold2_room1_mix1712,22,5,0,4,0,180.15
fold2_room1_mix1712,23,5,0,4,0,176.24
fold2_room1_mix1712,24,5,0,4,0,173.44
fold2_room1_mix1712,25,5,0,4,0,171.70
fold2_room1_mix1712,26,5,0,4,0,169.99
fold2_room1_mix1712,27,5,0,4,0,167.35
fold2_room1_mix1712,28,5,0,4,0,162.86
fold2_room1_mix1712,29,5,0,4,0,158.45
fold2_room1_mix1712,30,5,0,4,0,154.58
fold2_room1_mix1712,31,5,0,4,0,152.51
fold2_room1_mix1712,32,5,0,4,0,150.67
fold2_room1_mix1712,33,5,0,5,0,148.91
fold2_room1_mix1712,34,5,0,5,0,147.50
fold2_room1_mix1712,35,5,0,5,0,146.20
fold2_room1_mix1712,36,5,0,5,0,144.88
fold2_room1_mix1712,37,5,0,5,0,142.41
fold2_room1_mix1712,38,5,0,5,0,139.42
fold2_room1_mix1712,39,5,0,5,0,136.51
fold2_room1_mix1712,40,5,0,5,0,134.26
fold2_room1_mix1712,41,5,0,5,0,132.65
fold2_room1_mix1712,42,5,0,6,0,131.07
fold2_room1_mix1712,43,5,0,6,0,129.19
fold2_room1_mix1712,44,5,0,6,0,126.71
fold2_room1_mix1712,45,5,0,6,0,124.30
fold2_room1_mix1712,46,5,0,6,0,122.13
fold2_room1_mix1712,47,5,0,6,0,120.64
fold2_room1_mix1712,48,5,0,7,0,119.29
fold2_room1_mix1712,49,5,0,7,0,117.90
fold2_room1_mix1712,50,5,0,7,0,115.71
fold2_room1_mix1712,51,5,0,7,0,113.39
fold2_room1_mix1712,52,5,0,7,0,111.15
fold2_room1_mix1712,53,5,0,8,0,109.06
fold2_room1_mix1712,54,5,0,8,0,107.08
fold2_room1_mix1712,55,5,0,9,0,105.18
fold2_room1_mix1712,56,5,0,5,0,113.25
fold2_room1_mix1712,56,5,0,4,0,142.40
fold2_room1_mix1712,57,5,0,4,0,109.68
fold2_room1_mix1712,57,5,0,4,0,138.43
fold2_room1_mix1712,58,5,0,4,0,106.21
fold2_room1_mix1712,58,5,0,3,0,134.58
fold2_room1_mix1712,59,5,0,4,0,103.16
fold2_room1_mix1712,59,5,0,3,0,130.95
fold2_room1_mix1712,60,5,0,4,0,100.81
fold2_room1_mix1712,60,5,0,4,0,127.65
fold2_room1_mix1712,61,5,0,4,0,98.53
fold2_room1_mix1712,61,5,0,4,0,124.45
fold2_room1_mix1712,62,5,0,5,0,96.36
fold2_room1_mix1712,62,5,0,4,0,121.14
fold2_room1_mix1712,63,5,0,5,0,94.47
fold2_room1_mix1712,63,5,0,4,0,117.22
fold2_room1_mix1712,64,5,0,5,0,92.64
fold2_room1_mix1712,64,5,0,4,0,113.37
fold2_room1_mix1712,65,5,0,5,0,91.23
fold2_room1_mix1712,65,5,0,4,0,109.96
fold2_room1_mix1712,66,5,0,6,0,93.43
fold2_room1_mix1712,66,5,0,4,0,109.54
fold2_room1_mix1712,67,5,0,6,0,96.59
fold2_room1_mix1712,67,5,0,4,0,109.89
fold2_room1_mix1712,68,5,0,6,0,99.89
fold2_room1_mix1712,68,5,0,4,0,110.22
fold2_room1_mix1712,69,5,0,5,0,104.21
fold2_room1_mix1712,69,5,0,5,0,107.57
fold2_room1_mix1712,70,5,0,5,0,109.19
fold2_room1_mix1712,70,5,0,5,0,104.11
fold2_room1_mix1712,71,5,0,5,0,114.40
fold2_room1_mix1712,71,5,0,5,0,101.41
fold2_room1_mix1712,72,5,0,5,0,118.75
fold2_room1_mix1712,72,5,0,5,0,100.18
fold2_room1_mix1712,73,5,0,5,0,122.13
fold2_room1_mix1712,73,5,0,6,0,100.00
fold2_room1_mix1712,74,5,0,5,0,125.61
fold2_room1_mix1712,74,5,0,6,0,99.96
fold2_room1_mix1712,75,5,0,5,0,126.81
fold2_room1_mix1712,75,5,0,6,0,98.93
fold2_room1_mix1712,76,5,0,5,0,123.21
fold2_room1_mix1712,76,5,0,6,0,95.73
fold2_room1_mix1712,77,5,0,5,0,119.57
fold2_room1_mix1712,77,5,0,6,0,92.56
fold2_room1_mix1712,78,5,0,5,0,116.74
fold2_room1_mix1712,78,5,0,6,0,89.75
fold2_room1_mix1712,79,5,0,4,0,116.80
fold2_room1_mix1712,79,5,0,6,0,88.05
fold2_room1_mix1712,80,5,0,4,0,117.17
fold2_room1_mix1712,80,5,0,6,0,86.56
fold2_room1_mix1712,81,5,0,4,0,117.33
fold2_room1_mix1712,81,5,0,7,0,85.01
fold2_room1_mix1712,82,5,0,4,0,115.51
fold2_room1_mix1712,82,5,0,7,0,82.19
fold2_room1_mix1712,83,5,0,4,0,113.24
fold2_room1_mix1712,83,5,0,7,0,79.20
fold2_room1_mix1712,84,5,0,3,0,110.99
fold2_room1_mix1712,84,5,0,7,0,76.35
fold2_room1_mix1712,85,5,0,4,0,107.75
fold2_room1_mix1712,85,5,0,8,0,73.19
fold2_room1_mix1712,86,5,0,4,0,104.12
fold2_room1_mix1712,86,5,0,9,0,69.97
fold2_room1_mix1712,87,5,0,4,0,100.61
fold2_room1_mix1712,87,5,0,10,0,66.90
fold2_room1_mix1712,88,5,0,4,0,96.74
fold2_room1_mix1712,88,5,0,11,0,63.52
fold2_room1_mix1712,89,5,0,4,0,92.56
fold2_room1_mix1712,89,5,0,169,0,52.71
fold2_room1_mix1712,89,5,0,20,0,27.27
fold2_room1_mix1712,90,5,0,5,0,88.56
fold2_room1_mix1712,90,5,0,170,0,54.73
fold2_room1_mix1712,90,5,0,23,0,24.51
fold2_room1_mix1712,91,5,0,5,0,85.95
fold2_room1_mix1712,91,5,0,170,0,56.98
fold2_room1_mix1712,91,5,0,25,0,22.25
fold2_room1_mix1712,92,5,0,5,0,85.93
fold2_room1_mix1712,92,5,0,171,0,59.68
fold2_room1_mix1712,92,5,0,27,0,20.59
fold2_room1_mix1712,93,5,0,4,0,85.99
fold2_room1_mix1712,93,5,0,171,0,62.51
fold2_room1_mix1712,93,5,0,30,0,19.06
fold2_room1_mix1712,94,5,0,4,0,85.46
fold2_room1_mix1712,94,5,0,171,0,65.22
fold2_room1_mix1712,94,5,0,32,0,17.69
fold2_room1_mix1712,95,5,0,4,0,82.58
fold2_room1_mix1712,95,5,0,171,0,66.99
fold2_room1_mix1712,95,5,0,34,0,16.60
fold2_room1_mix1712,96,5,0,4,0,79.55
fold2_room1_mix1712,96,5,0,171,0,68.68
fold2_room1_mix1712,96,5,0,36,0,15.60
fold2_room1_mix1712,97,5,0,4,0,76.55
fold2_room1_mix1712,97,5,0,171,0,70.33
fold2_room1_mix1712,97,5,0,39,0,14.74
fold2_room1_mix1712,98,5,0,4,0,72.87
fold2_room1_mix1712,98,5,0,172,0,71.12
fold2_room1_mix1712,98,5,0,44,0,14.78
fold2_room1_mix1712,99,5,0,4,0,69.18
fold2_room1_mix1712,99,5,0,172,0,71.71
fold2_room1_mix1712,99,5,0,51,0,15.03
fold2_room1_mix1722,3,5,0,-2,0,18.54
fold2_room1_mix1722,4,5,0,-3,0,111.89
fold2_room1_mix1722,5,5,0,-3,0,182.71
fold2_room1_mix1722,6,5,0,-3,0,160.84
fold2_room1_mix1722,7,5,0,-3,0,141.67
fold2_room1_mix1722,8,5,0,-3,0,136.01
fold2_room1_mix1722,9,5,0,-2,0,142.29
fold2_room1_mix1722,10,5,0,-2,0,148.91
fold2_room1_mix1722,11,5,0,-1,0,152.72
fold2_room1_mix1722,12,5,0,-1,0,150.17
fold2_room1_mix1722,13,5,0,-1,0,147.48
fold2_room1_mix1722,14,5,0,-1,0,144.87
fold2_room1_mix1722,15,5,0,-1,0,142.41
fold2_room1_mix1722,16,5,0,-1,0,140.02
fold2_room1_mix1722,17,5,0,-1,0,137.70
fold2_room1_mix1722,18,5,0,-1,0,135.62
fold2_room1_mix1722,19,5,0,-1,0,133.64
fold2_room1_mix1722,20,5,0,-1,0,131.70
fold2_room1_mix1722,21,5,0,-1,0,129.98
fold2_room1_mix1722,22,5,0,-1,0,128.38
fold2_room1_mix1722,23,5,0,-1,0,126.81
fold2_room1_mix1722,24,5,0,-2,0,124.78
fold2_room1_mix1722,25,5,0,-2,0,122.32
fold2_room1_mix1722,26,5,0,-2,0,119.91
fold2_room1_mix1722,27,5,0,-2,0,117.43
fold2_room1_mix1722,28,5,0,-2,0,114.76
fold2_room1_mix1722,29,5,0,-2,0,112.15
fold2_room1_mix1722,30,5,0,-3,0,109.52
fold2_room1_mix1722,31,5,0,-3,0,106.63
fold2_room1_mix1722,32,5,0,-3,0,103.78
fold2_room1_mix1722,33,5,0,-3,0,101.12
fold2_room1_mix1722,34,5,0,-3,0,99.49
fold2_room1_mix1722,35,5,0,-3,0,98.12
fold2_room1_mix1722,36,5,0,-3,0,96.76
fold2_room1_mix1722,37,5,0,-4,0,94.11
fold2_room1_mix1722,38,5,0,-4,0,90.97
fold2_room1_mix1722,39,5,0,-4,0,87.97
fold2_room1_mix1722,40,5,0,-4,0,85.30
fold2_room1_mix1722,41,5,0,-5,0,82.93
fold2_room1_mix1722,42,5,0,-5,0,80.67
fold2_room1_mix1722,43,5,0,-5,0,78.34
fold2_room1_mix1722,44,5,0,-6,0,75.75
fold2_room1_mix1722,45,5,0,-6,0,73.25
fold2_room1_mix1722,46,5,0,-6,0,70.79
fold2_room1_mix1722,47,5,0,-7,0,68.11
fold2_room1_mix1722,48,5,0,-8,0,65.56
fold2_room1_mix1722,49,5,0,-4,0,72.22
fold2_room1_mix1722,49,5,0,-3,0,85.59
fold2_room1_mix1722,50,5,0,-4,0,73.88
fold2_room1_mix1722,50,5,0,-3,0,81.81
fold2_room1_mix1722,51,5,0,-4,0,76.06
fold2_room1_mix1722,51,5,0,-4,0,78.27
fold2_room1_mix1722,52,5,0,-4,0,78.31
fold2_room1_mix1722,52,5,0,-4,0,75.23
fold2_room1_mix1722,53,5,0,-3,0,80.91
fold2_room1_mix1722,53,5,0,-4,0,72.71
fold2_room1_mix1722,54,5,0,-2,0,83.74
fold2_room1_mix1722,54,5,0,-4,0,70.67
fold2_room1_mix1722,55,5,0,-2,0,86.67
fold2_room1_mix1722,55,5,0,-4,0,69.05
fold2_room1_mix1722,56,5,0,-2,0,86.45
fold2_room1_mix1722,56,5,0,-5,0,67.05
fold2_room1_mix1722,57,5,0,-2,0,83.11
fold2_room1_mix1722,57,5,0,-5,0,64.47
fold2_room1_mix1722,58,5,0,-3,0,79.90
fold2_room1_mix1722,58,5,0,-5,0,61.98
fold2_room1_mix1722,59,5,0,-3,0,77.76
fold2_room1_mix1722,59,5,0,-6,0,59.99
fold2_room1_mix1722,60,5,0,-3,0,77.62
fold2_room1_mix1722,60,5,0,-6,0,58.87
fold2_room1_mix1722,61,5,0,-4,0,77.54
fold2_room1_mix1722,61,5,0,-6,0,57.83
fold2_room1_mix1722,62,5,0,-4,0,77.17
fold2_room1_mix1722,62,5,0,-7,0,56.56
fold2_room1_mix1722,63,5,0,-4,0,75.63
fold2_room1_mix1722,63,5,0,-7,0,54.27
fold2_room1_mix1722,64,5,0,-4,0,74.00
fold2_room1_mix1722,64,5,0,-7,0,52.00
fold2_room1_mix1722,65,5,0,-3,0,72.23
fold2_room1_mix1722,65,5,0,-8,0,49.77
fold2_room1_mix1722,66,5,0,-3,0,68.89
fold2_room1_mix1722,66,5,0,-8,0,46.72
fold2_room1_mix1722,67,5,0,-3,0,65.34
fold2_room1_mix1722,67,5,0,-9,0,43.65
fold2_room1_mix1722,68,5,0,-3,0,61.97
fold2_room1_mix1722,68,5,0,-10,0,40.81
fold2_room1_mix1722,69,5,0,-4,0,58.85
fold2_room1_mix1722,69,5,0,-166,0,26.74
fold2_room1_mix1722,69,5,0,-20,0,17.65
fold2_room1_mix1722,70,5,0,-4,0,55.94
fold2_room1_mix1722,70,5,0,-167,0,29.26
fold2_room1_mix1722,70,5,0,-24,0,15.88
fold2_room1_mix1722,71,5,0,-4,0,53.16
fold2_room1_mix1722,71,5,0,-169,0,32.01
fold2_room1_mix1722,71,5,0,-27,0,14.28
fold2_room1_mix1722,72,5,0,-5,0,50.51
fold2_room1_mix1722,72,5,0,-170,0,34.80
fold2_room1_mix1722,72,5,0,-32,0,12.71
fold2_room1_mix1722,73,5,0,-5,0,47.98
fold2_room1_mix1722,73,5,0,-170,0,37.60
fold2_room1_mix1722,73,5,0,-40,0,11.20
fold2_room1_mix1722,74,5,0,-5,0,45.58
fold2_room1_mix1722,74,5,0,-171,0,40.61
fold2_room1_mix1722,74,5,0,-53,0,9.86
fold2_room1_mix1722,75,5,0,-6,0,43.05
fold2_room1_mix1722,75,5,0,-171,0,43.59
fold2_room1_mix1722,75,5,0,-74,0,9.02
fold2_room1_mix1722,76,5,0,-6,0,40.17
fold2_room1_mix1722,76,5,0,-172,0,46.20
fold2_room1_mix1722,76,5,0,-100,0,8.97
fold2_room1_mix1722,77,5,0,-6,0,37.46
fold2_room1_mix1722,77,5,0,-172,0,48.93
fold2_room1_mix1722,77,5,0,-120,0,8.94
fold2_room1_mix1722,78,5,0,-7,0,34.95
fold2_room1_mix1722,78,5,0,-173,0,51.52
fold2_room1_mix1722,78,5,0,-131,0,9.09
fold2_room1_mix1722,79,5,0,-8,0,32.68
fold2_room1_mix1722,79,5,0,-173,0,52.97
fold2_room1_mix1722,79,5,0,-137,0,10.05
fold2_room1_mix1722,80,5,0,-9,0,30.57
fold2_room1_mix1722,80,5,0,-174,0,54.32
fold2_room1_mix1722,80,5,0,-142,0,11.20
fold2_room1_mix1722,81,5,0,-10,0,28.57
fold2_room1_mix1722,81,5,0,-174,0,55.55
fold2_room1_mix1722,81,5,0,-147,0,12.47
fold2_room1_mix1722,82,5,0,-11,0,26.61
fold2_room1_mix1722,82,5,0,-174,0,55.45
fold2_room1_mix1722,82,5,0,-151,0,13.91
fold2_room1_mix1722,83,5,0,-12,0,24.76
fold2_room1_mix1722,83,5,0,-174,0,55.03
fold2_room1_mix1722,83,5,0,-154,0,15.53
fold2_room1_mix1722,84,5,0,-13,0,23.02
fold2_room1_mix1722,84,5,0,-173,0,54.68
fold2_room1_mix1722,84,5,0,-158,0,17.31
fold2_room1_mix1722,85,5,0,-16,0,20.93
fold2_room1_mix1722,85,5,0,-167,0,37.87
fold2_room1_mix1722,86,5,0,-20,0,18.83
fold2_room1_mix1722,86,5,0,-167,0,40.41
fold2_room1_mix1722,87,5,0,-24,0,16.93
fold2_room1_mix1722,87,5,0,-168,0,43.12
fold2_room1_mix1722,88,5,0,-30,0,14.65
fold2_room1_mix1722,88,5,0,-168,0,45.66
fold2_room1_mix1722,89,5,0,-37,0,12.20
fold2_room1_mix1722,89,5,0,-169,0,47.99
fold2_room1_mix1722,90,5,0,-44,0,10.14
fold2_room1_mix1722,90,5,0,-169,0,50.44
fold2_room1_mix1722,91,5,0,-52,0,8.66
fold2_room1_mix1722,91,5,0,-170,0,51.89
fold2_room1_mix1722,92,5,0,-66,0,7.89
fold2_room1_mix1722,92,5,0,-171,0,51.42
fold2_room1_mix1722,93,5,0,-84,0,7.19
fold2_room1_mix1722,93,5,0,-171,0,51.52
fold2_room1_mix1722,94,5,0,-104,0,6.79
fold2_room1_mix1722,94,5,0,-172,0,52.52
fold2_room1_mix1722,95,5,0,-118,0,7.46
fold2_room1_mix1722,95,5,0,-172,0,55.49
fold2_room1_mix1722,96,5,0,-129,0,8.32
fold2_room1_mix1722,96,5,0,-173,0,60.20
fold2_room1_mix1722,97,5,0,-136,0,9.28
fold2_room1_mix1722,97,5,0,-173,0,65.87
fold2_room1_mix1722,98,5,0,-142,0,10.48
fold2_room1_mix1722,98,5,0,-174,0,63.32
fold2_room1_mix1722,99,5,0,-149,0,11.86
fold2_room1_mix1722,99,5,0,-174,0,58.82
fold2_room1_mix1734,4,5,0,176,0,40.56
fold2_room1_mix1734,5,5,0,176,0,86.39
fold2_room1_mix1734,6,5,0,176,0,125.58
fold2_room1_mix1734,7,5,0,176,0,182.55
fold2_room1_mix1734,8,5,0,176,0,212.87
fold2_room1_mix1734,9,5,0,176,0,199.25
fold2_room1_mix1734,10,5,0,176,0,186.70
fold2_room1_mix1734,11,5,0,176,0,178.35
fold2_room1_mix1734,12,5,0,176,0,176.95
fold2_room1_mix1734,13,5,0,176,0,175.82
fold2_room1_mix1734,14,5,0,176,0,174.29
fold2_room1_mix1734,15,5,0,176,0,170.97
fold2_room1_mix1734,16,5,0,176,0,167.52
fold2_room1_mix1734,17,5,0,176,0,164.27
fold2_room1_mix1734,18,5,0,176,0,162.11
fold2_room1_mix1734,19,5,0,176,0,160.24
fold2_room1_mix1734,20,5,0,176,0,158.37
fold2_room1_mix1734,21,5,0,176,0,155.12
fold2_room1_mix1734,22,5,0,176,0,151.30
fold2_room1_mix1734,23,5,0,176,0,147.58
fold2_room1_mix1734,24,5,0,176,0,145.07
fold2_room1_mix1734,25,5,0,176,0,143.74
fold2_room1_mix1734,26,5,0,176,0,142.44
fold2_room1_mix1734,27,5,0,176,0,140.97
fold2_room1_mix1734,28,5,0,176,0,139.10
fold2_room1_mix1734,29,5,0,176,0,137.27
fold2_room1_mix1734,30,5,0,175,0,135.34
fold2_room1_mix1734,31,5,0,175,0,132.79
fold2_room1_mix1734,32,5,0,175,0,130.23
fold2_room1_mix1734,33,5,0,175,0,127.66
fold2_room1_mix1734,34,5,0,175,0,124.49
fold2_room1_mix1734,35,5,0,175,0,121.25
fold2_room1_mix1734,36,5,0,175,0,118.13
fold2_room1_mix1734,37,5,0,174,0,115.57
fold2_room1_mix1734,38,5,0,174,0,113.32
fold2_room1_mix1734,39,5,0,174,0,111.15
fold2_room1_mix1734,40,5,0,173,0,108.21
fold2_room1_mix1734,41,5,0,173,0,104.61
fold2_room1_mix1734,42,5,0,173,0,101.17
fold2_room1_mix1734,43,5,0,172,0,97.84
fold2_room1_mix1734,44,5,0,172,0,94.56
fold2_room1_mix1734,45,5,0,171,0,91.46
fold2_room1_mix1734,46,5,0,171,0,88.81
fold2_room1_mix1734,47,5,0,160,0,24.65
fold2_room1_mix1734,47,5,0,176,0,118.74
fold2_room1_mix1734,48,5,0,159,0,22.90
fold2_room1_mix1734,48,5,0,176,0,117.86
fold2_room1_mix1734,49,5,0,157,0,21.13
fold2_room1_mix1734,49,5,0,176,0,116.77
fold2_room1_mix1734,50,5,0,152,0,18.41
fold2_room1_mix1734,50,5,0,175,0,112.40
fold2_room1_mix1734,51,5,0,146,0,15.80
fold2_room1_mix1734,51,5,0,175,0,107.45
fold2_room1_mix1734,52,5,0,141,0,13.55
fold2_room1_mix1734,52,5,0,174,0,102.84
fold2_room1_mix1734,53,5,0,134,0,11.97
fold2_room1_mix1734,53,5,0,174,0,101.31
fold2_room1_mix1734,54,5,0,125,0,10.73
fold2_room1_mix1734,54,5,0,175,0,101.89
fold2_room1_mix1734,55,5,0,113,0,9.60
fold2_room1_mix1734,55,5,0,175,0,103.29
fold2_room1_mix1734,56,5,0,98,0,9.16
fold2_room1_mix1734,56,5,0,175,0,102.99
fold2_room1_mix1734,57,5,0,80,0,9.34
fold2_room1_mix1734,57,5,0,175,0,100.43
fold2_room1_mix1734,58,5,0,65,0,9.51
fold2_room1_mix1734,58,5,0,175,0,97.94
fold2_room1_mix1734,59,5,0,55,0,9.98
fold2_room1_mix1734,59,5,0,175,0,95.88
fold2_room1_mix1734,60,5,0,48,0,11.13
fold2_room1_mix1734,60,5,0,174,0,94.61
fold2_room1_mix1734,61,5,0,42,0,12.41
fold2_room1_mix1734,61,5,0,173,0,93.40
fold2_room1_mix1734,62,5,0,37,0,13.76
fold2_room1_mix1734,62,5,0,172,0,92.28
fold2_room1_mix1734,63,5,0,33,0,14.91
fold2_room1_mix1734,63,5,0,172,0,91.45
fold2_room1_mix1734,64,5,0,30,0,16.11
fold2_room1_mix1734,64,5,0,171,0,90.79
fold2_room1_mix1734,65,5,0,27,0,17.39
fold2_room1_mix1734,65,5,0,171,0,90.06
fold2_room1_mix1734,66,5,0,25,0,18.69
fold2_room1_mix1734,66,5,0,171,0,87.53
fold2_room1_mix1734,67,5,0,23,0,20.06
fold2_room1_mix1734,67,5,0,171,0,84.65
fold2_room1_mix1734,68,5,0,21,0,21.52
fold2_room1_mix1734,68,5,0,171,0,81.84
fold2_room1_mix1734,69,5,0,19,0,23.29
fold2_room1_mix1734,69,5,0,171,0,78.74
fold2_room1_mix1734,70,5,0,18,0,25.29
fold2_room1_mix1734,70,5,0,171,0,75.58
fold2_room1_mix1734,71,5,0,17,0,27.46
fold2_room1_mix1734,71,5,0,171,0,72.55
fold2_room1_mix1734,72,5,0,15,0,30.01
fold2_room1_mix1734,72,5,0,170,0,69.42
fold2_room1_mix1734,73,5,0,14,0,33.03
fold2_room1_mix1734,73,5,0,170,0,66.25
fold2_room1_mix1734,74,5,0,13,0,36.34
fold2_room1_mix1734,74,5,0,169,0,63.25
fold2_room1_mix1734,75,5,0,13,0,39.57
fold2_room1_mix1734,75,5,0,169,0,60.45
fold2_room1_mix1734,76,5,0,12,0,42.21
fold2_room1_mix1734,76,5,0,168,0,57.85
fold2_room1_mix1734,77,5,0,11,0,44.99
fold2_room1_mix1734,77,5,0,167,0,55.38
fold2_room1_mix1734,78,5,0,10,0,47.74
fold2_room1_mix1734,78,5,0,174,0,81.27
fold2_room1_mix1734,78,5,0,158,0,24.71
fold2_room1_mix1734,79,5,0,10,0,49.79
fold2_room1_mix1734,79,5,0,174,0,79.21
fold2_room1_mix1734,79,5,0,156,0,22.08
fold2_room1_mix1734,80,5,0,9,0,51.82
fold2_room1_mix1734,80,5,0,174,0,77.28
fold2_room1_mix1734,80,5,0,154,0,19.65
fold2_room1_mix1734,81,5,0,9,0,53.95
fold2_room1_mix1734,81,5,0,173,0,75.33
fold2_room1_mix1734,81,5,0,152,0,17.55
fold2_room1_mix1734,82,5,0,9,0,56.29
fold2_room1_mix1734,82,5,0,173,0,72.88
fold2_room1_mix1734,82,5,0,149,0,16.37
fold2_room1_mix1734,83,5,0,8,0,58.76
fold2_room1_mix1734,83,5,0,172,0,70.37
fold2_room1_mix1734,83,5,0,145,0,15.42
fold2_room1_mix1734,84,5,0,8,0,61.32
fold2_room1_mix1734,84,5,0,172,0,67.96
fold2_room1_mix1734,84,5,0,142,0,14.51
fold2_room1_mix1734,85,5,0,7,0,63.52
fold2_room1_mix1734,85,5,0,172,0,65.97
fold2_room1_mix1734,85,5,0,136,0,13.09
fold2_room1_mix1734,86,5,0,7,0,65.57
fold2_room1_mix1734,86,5,0,172,0,64.20
fold2_room1_mix1734,86,5,0,128,0,11.56
fold2_room1_mix1734,87,5,0,6,0,67.67
fold2_room1_mix1734,87,5,0,172,0,62.47
fold2_room1_mix1734,87,5,0,117,0,10.19
fold2_room1_mix1734,88,5,0,6,0,69.34
fold2_room1_mix1734,88,5,0,171,0,60.91
fold2_room1_mix1734,88,5,0,102,0,9.57
fold2_room1_mix1734,89,5,0,6,0,70.54
fold2_room1_mix1734,89,5,0,171,0,59.50
fold2_room1_mix1734,89,5,0,83,0,9.58
fold2_room1_mix1734,90,5,0,6,0,71.76
fold2_room1_mix1734,90,5,0,171,0,58.13
fold2_room1_mix1734,90,5,0,67,0,9.59
fold2_room1_mix1734,91,5,0,6,0,74.06
fold2_room1_mix1734,91,5,0,171,0,56.62
fold2_room1_mix1734,91,5,0,57,0,9.99
fold2_room1_mix1734,92,5,0,6,0,78.72
fold2_room1_mix1734,92,5,0,170,0,54.83
fold2_room1_mix1734,92,5,0,53,0,11.30
fold2_room1_mix1734,93,5,0,6,0,83.74
fold2_room1_mix1734,93,5,0,170,0,53.09
fold2_room1_mix1734,93,5,0,48,0,12.80
fold2_room1_mix1734,94,5,0,5,0,88.34
fold2_room1_mix1734,94,5,0,169,0,50.73
fold2_room1_mix1734,94,5,0,44,0,14.40
fold2_room1_mix1734,95,5,0,5,0,90.00
fold2_room1_mix1734,95,5,0,168,0,45.95
fold2_room1_mix1734,95,5,0,40,0,15.81
fold2_room1_mix1734,96,5,0,5,0,91.36
fold2_room1_mix1734,96,5,0,167,0,41.37
fold2_room1_mix1734,96,5,0,36,0,17.31
fold2_room1_mix1734,97,5,0,5,0,92.02
fold2_room1_mix1734,97,5,0,166,0,37.39
fold2_room1_mix1734,97,5,0,32,0,18.95
fold2_room1_mix1734,98,5,0,5,0,86.35
fold2_room1_mix1734,98,5,0,166,0,35.15
fold2_room1_mix1734,98,5,0,28,0,20.83
fold2_room1_mix1734,99,5,0,4,0,79.65
fold2_room1_mix1734,99,5,0,166,0,33.35
fold2_room1_mix1734,99,5,0,23,0,22.91
fold2_room1_mix1738,2,5,0,-175,0,7.59
fold2_room1_mix1738,3,5,0,-175,0,35.39
fold2_room1_mix1738,4,5,0,-174,0,147.88
fold2_room1_mix1738,5,5,0,-173,0,184.45
fold2_room1_mix1738,6,5,0,-173,0,129.21
fold2_room1_mix1738,7,5,0,-173,0,90.85
fold2_room1_mix1738,8,5,0,-173,0,78.56
fold2_room1_mix1738,9,5,0,-173,0,83.36
fold2_room1_mix1738,10,5,0,-172,0,88.49
fold2_room1_mix1738,11,5,0,-172,0,91.65
fold2_room1_mix1738,12,5,0,-172,0,90.21
fold2_room1_mix1738,13,5,0,-172,0,88.65
fold2_room1_mix1738,14,5,0,-172,0,86.81
fold2_room1_mix1738,15,5,0,-171,0,83.78
fold2_room1_mix1738,16,5,0,-171,0,80.73
fold2_room1_mix1738,17,5,0,-171,0,77.84
fold2_room1_mix1738,18,5,0,-171,0,75.46
fold2_room1_mix1738,19,5,0,-170,0,73.25
fold2_room1_mix1738,20,5,0,-170,0,71.12
fold2_room1_mix1738,21,5,0,-170,0,69.24
fold2_room1_mix1738,22,5,0,-169,0,67.49
fold2_room1_mix1738,23,5,0,-169,0,65.79
fold2_room1_mix1738,24,5,0,-168,0,64.68
fold2_room1_mix1738,25,5,0,-168,0,64.13
fold2_room1_mix1738,26,5,0,-167,0,63.61
fold2_room1_mix1738,27,5,0,-155,0,22.44
fold2_room1_mix1738,27,5,0,-172,0,82.66
fold2_room1_mix1738,28,5,0,-153,0,20.50
fold2_room1_mix1738,28,5,0,-172,0,80.60
fold2_room1_mix1738,29,5,0,-150,0,18.71
fold2_room1_mix1738,29,5,0,-173,0,78.55
fold2_room1_mix1738,30,5,0,-148,0,17.15
fold2_room1_mix1738,30,5,0,-173,0,76.73
fold2_room1_mix1738,31,5,0,-146,0,16.00
fold2_room1_mix1738,31,5,0,-172,0,75.63
fold2_room1_mix1738,32,5,0,-143,0,14.96
fold2_room1_mix1738,32,5,0,-172,0,74.63
fold2_room1_mix1738,33,5,0,-140,0,13.98
fold2_room1_mix1738,33,5,0,-171,0,73.49
fold2_room1_mix1738,34,5,0,-136,0,13.01
fold2_room1_mix1738,34,5,0,-171,0,71.13
fold2_room1_mix1738,35,5,0,-132,0,12.10
fold2_room1_mix1738,35,5,0,-170,0,68.81
fold2_room1_mix1738,36,5,0,-128,0,11.26
fold2_room1_mix1738,36,5,0,-170,0,66.84
fold2_room1_mix1738,37,5,0,-122,0,10.58
fold2_room1_mix1738,37,5,0,-169,0,65.00
fold2_room1_mix1738,38,5,0,-114,0,9.98
fold2_room1_mix1738,38,5,0,-169,0,63.41
fold2_room1_mix1738,39,5,0,-105,0,9.42
fold2_room1_mix1738,39,5,0,-169,0,62.15
fold2_room1_mix1738,40,5,0,-94,0,9.31
fold2_room1_mix1738,40,5,0,-169,0,61.13
fold2_room1_mix1738,41,5,0,-81,0,9.65
fold2_room1_mix1738,41,5,0,-168,0,60.16
fold2_room1_mix1738,42,5,0,-69,0,9.99
fold2_room1_mix1738,42,5,0,-168,0,59.25
fold2_room1_mix1738,43,5,0,-60,0,10.51
fold2_room1_mix1738,43,5,0,-168,0,58.04
fold2_room1_mix1738,44,5,0,-53,0,11.41
fold2_room1_mix1738,44,5,0,-168,0,56.15
fold2_room1_mix1738,45,5,0,-47,0,12.40
fold2_room1_mix1738,45,5,0,-167,0,54.30
fold2_room1_mix1738,46,5,0,-41,0,13.43
fold2_room1_mix1738,46,5,0,-167,0,52.39
fold2_room1_mix1738,47,5,0,-38,0,14.38
fold2_room1_mix1738,47,5,0,-166,0,50.05
fold2_room1_mix1738,48,5,0,-34,0,15.37
fold2_room1_mix1738,48,5,0,-166,0,47.75
fold2_room1_mix1738,49,5,0,-31,0,16.39
fold2_room1_mix1738,49,5,0,-165,0,45.68
fold2_room1_mix1738,50,5,0,-30,0,17.13
fold2_room1_mix1738,50,5,0,-165,0,44.80
fold2_room1_mix1738,51,5,0,-30,0,17.82
fold2_room1_mix1738,51,5,0,-164,0,44.25
fold2_room1_mix1738,52,5,0,-30,0,18.53
fold2_room1_mix1738,52,5,0,-164,0,43.72
fold2_room1_mix1738,53,5,0,-29,0,19.16
fold2_room1_mix1738,53,5,0,-163,0,42.46
fold2_room1_mix1738,54,5,0,-29,0,19.75
fold2_room1_mix1738,54,5,0,-163,0,40.88
fold2_room1_mix1738,55,5,0,-28,0,20.37
fold2_room1_mix1738,55,5,0,-162,0,39.37
fold2_room1_mix1738,56,5,0,-27,0,21.64
fold2_room1_mix1738,56,5,0,-169,0,52.91
fold2_room1_mix1738,56,5,0,-153,0,21.91
fold2_room1_mix1738,57,5,0,-25,0,23.69
fold2_room1_mix1738,57,5,0,-168,0,50.02
fold2_room1_mix1738,57,5,0,-149,0,20.17
fold2_room1_mix1738,58,5,0,-23,0,25.93
fold2_room1_mix1738,58,5,0,-168,0,47.28
fold2_room1_mix1738,58,5,0,-146,0,18.55
fold2_room1_mix1738,59,5,0,-21,0,28.44
fold2_room1_mix1738,59,5,0,-167,0,45.11
fold2_room1_mix1738,59,5,0,-142,0,16.78
fold2_room1_mix1738,60,5,0,-20,0,31.36
fold2_room1_mix1738,60,5,0,-167,0,43.87
fold2_room1_mix1738,60,5,0,-136,0,14.65
fold2_room1_mix1738,61,5,0,-18,0,34.57
fold2_room1_mix1738,61,5,0,-166,0,42.68
fold2_room1_mix1738,61,5,0,-128,0,12.76
fold2_room1_mix1738,62,5,0,-17,0,37.64
fold2_room1_mix1738,62,5,0,-166,0,41.64
fold2_room1_mix1738,62,5,0,-120,0,11.25
fold2_room1_mix1738,63,5,0,-16,0,38.97
fold2_room1_mix1738,63,5,0,-166,0,41.04
fold2_room1_mix1738,63,5,0,-110,0,10.47
fold2_room1_mix1738,64,5,0,-16,0,40.12
fold2_room1_mix1738,64,5,0,-167,0,40.49
fold2_room1_mix1738,64,5,0,-99,0,9.80
fold2_room1_mix1738,65,5,0,-15,0,41.27
fold2_room1_mix1738,65,5,0,-167,0,39.84
fold2_room1_mix1738,65,5,0,-87,0,9.23
fold2_room1_mix1738,66,5,0,-14,0,42.09
fold2_room1_mix1738,66,5,0,-167,0,38.27
fold2_room1_mix1738,66,5,0,-78,0,9.30
fold2_room1_mix1738,67,5,0,-13,0,42.84
fold2_room1_mix1738,67,5,0,-166,0,36.54
fold2_room1_mix1738,67,5,0,-71,0,9.52
fold2_room1_mix1738,68,5,0,-12,0,43.60
fold2_room1_mix1738,68,5,0,-166,0,34.89
fold2_room1_mix1738,68,5,0,-64,0,9.76
fold2_room1_mix1738,69,5,0,-12,0,44.49
fold2_room1_mix1738,69,5,0,-165,0,33.27
fold2_room1_mix1738,69,5,0,-61,0,10.54
fold2_room1_mix1738,70,5,0,-12,0,45.45
fold2_room1_mix1738,70,5,0,-164,0,31.71
fold2_room1_mix1738,70,5,0,-59,0,11.67
fold2_room1_mix1738,71,5,0,-11,0,46.44
fold2_room1_mix1738,71,5,0,-162,0,30.22
fold2_room1_mix1738,71,5,0,-56,0,12.90
fold2_room1_mix1738,72,5,0,-11,0,47.53
fold2_room1_mix1738,72,5,0,-161,0,28.57
fold2_room1_mix1738,72,5,0,-52,0,13.94
fold2_room1_mix1738,73,5,0,-10,0,48.73
fold2_room1_mix1738,73,5,0,-160,0,26.80
fold2_room1_mix1738,73,5,0,-48,0,14.72
fold2_room1_mix1738,74,5,0,-10,0,49.97
fold2_room1_mix1738,74,5,0,-159,0,25.14
fold2_room1_mix1738,74,5,0,-43,0,15.54
fold2_room1_mix1738,75,5,0,-10,0,51.38
fold2_room1_mix1738,75,5,0,-158,0,23.28
fold2_room1_mix1738,75,5,0,-38,0,16.42
fold2_room1_mix1738,76,5,0,-9,0,53.14
fold2_room1_mix1738,76,5,0,-155,0,21.02
fold2_room1_mix1738,76,5,0,-34,0,17.40
fold2_room1_mix1738,77,5,0,-9,0,54.98
fold2_room1_mix1738,77,5,0,-153,0,18.96
fold2_room1_mix1738,77,5,0,-30,0,18.44
fold2_room1_mix1738,78,5,0,-9,0,56.98
fold2_room1_mix1738,78,5,0,-150,0,17.04
fold2_room1_mix1738,78,5,0,-26,0,19.47
fold2_room1_mix1738,79,5,0,-8,0,59.45
fold2_room1_mix1738,79,5,0,-144,0,15.16
fold2_room1_mix1738,79,5,0,-24,0,20.32
fold2_room1_mix1738,80,5,0,-7,0,62.07
fold2_room1_mix1738,80,5,0,-15,0,41.62
fold2_room1_mix1738,81,5,0,-7,0,64.83
fold2_room1_mix1738,81,5,0,-14,0,43.44
fold2_room1_mix1738,82,5,0,-6,0,67.93
fold2_room1_mix1738,82,5,0,-13,0,45.33
fold2_room1_mix1738,83,5,0,-6,0,71.23
fold2_room1_mix1738,83,5,0,-13,0,47.31
fold2_room1_mix1738,84,5,0,-6,0,74.65
fold2_room1_mix1738,84,5,0,-12,0,49.37
fold2_room1_mix1738,85,5,0,-6,0,77.16
fold2_room1_mix1738,85,5,0,-12,0,51.36
fold2_room1_mix1738,86,5,0,-6,0,79.23
fold2_room1_mix1738,86,5,0,-11,0,53.34
fold2_room1_mix1738,87,5,0,-6,0,81.35
fold2_room1_mix1738,87,5,0,-11,0,55.43
fold2_room1_mix1738,88,5,0,-6,0,81.59
fold2_room1_mix1738,88,5,0,-11,0,56.66
fold2_room1_mix1738,89,5,0,-6,0,79.92
fold2_room1_mix1738,89,5,0,-10,0,57.02
fold2_room1_mix1738,90,5,0,-7,0,78.30
fold2_room1_mix1738,90,5,0,-9,0,57.50
fold2_room1_mix1738,91,5,0,-7,0,76.68
fold2_room1_mix1738,91,5,0,-9,0,57.96
fold2_room1_mix1738,92,5,0,-6,0,75.07
fold2_room1_mix1738,92,5,0,-8,0,58.25
fold2_room1_mix1738,93,5,0,-6,0,73.49
fold2_room1_mix1738,93,5,0,-8,0,58.61
fold2_room1_mix1738,94,5,0,-6,0,72.93
fold2_room1_mix1738,94,5,0,-8,0,59.56
fold2_room1_mix1738,95,5,0,-6,0,76.52
fold2_room1_mix1738,95,5,0,-8,0,62.74
fold2_room1_mix1738,96,5,0,-6,0,80.78
fold2_room1_mix1738,96,5,0,-8,0,66.34
fold2_room1_mix1738,97,5,0,-6,0,84.62
fold2_room1_mix1738,97,5,0,-8,0,69.60
fold2_room1_mix1738,98,5,0,-6,0,82.65
fold2_room1_mix1738,98,5,0,-8,0,67.98
fold2_room1_mix1738,99,5,0,-12,0,51.51
fold2_room1_mix1754,4,5,0,-177,0,42.23
fold2_room1_mix1754,5,5,0,-177,0,91.38
fold2_room1_mix1754,6,5,0,-177,0,134.35
fold2_room1_mix1754,7,5,0,-176,0,197.30
fold2_room1_mix1754,8,5,0,-176,0,227.30
fold2_room1_mix1754,9,5,0,-176,0,205.55
fold2_room1_mix1754,10,5,0,-176,0,185.88
fold2_room1_mix1754,11,5,0,-176,0,173.45
fold2_room1_mix1754,12,5,0,-176,0,172.66
fold2_room1_mix1754,13,5,0,-176,0,172.22
fold2_room1_mix1754,14,5,0,-176,0,171.41
fold2_room1_mix1754,15,5,0,-176,0,169.10
fold2_room1_mix1754,16,5,0,-176,0,166.76
fold2_room1_mix1754,17,5,0,-176,0,164.56
fold2_room1_mix1754,18,5,0,-176,0,162.63
fold2_room1_mix1754,19,5,0,-176,0,160.94
fold2_room1_mix1754,20,5,0,-176,0,159.43
fold2_room1_mix1754,21,5,0,-176,0,156.87
fold2_room1_mix1754,22,5,0,-176,0,153.86
fold2_room1_mix1754,23,5,0,-176,0,150.96
fold2_room1_mix1754,24,5,0,-175,0,148.66
fold2_room1_mix1754,25,5,0,-175,0,146.88
fold2_room1_mix1754,26,5,0,-175,0,145.12
fold2_room1_mix1754,27,5,0,-175,0,143.45
fold2_room1_mix1754,28,5,0,-175,0,141.92
fold2_room1_mix1754,29,5,0,-175,0,140.41
fold2_room1_mix1754,30,5,0,-175,0,138.87
fold2_room1_mix1754,31,5,0,-175,0,137.17
fold2_room1_mix1754,32,5,0,-175,0,135.48
fold2_room1_mix1754,33,5,0,-175,0,133.80
fold2_room1_mix1754,34,5,0,-175,0,131.98
fold2_room1_mix1754,35,5,0,-175,0,130.16
fold2_room1_mix1754,36,5,0,-175,0,128.37
fold2_room1_mix1754,37,5,0,-175,0,126.59
fold2_room1_mix1754,38,5,0,-175,0,124.83
fold2_room1_mix1754,39,5,0,-175,0,123.09
fold2_room1_mix1754,40,5,0,-175,0,121.29
fold2_room1_mix1754,41,5,0,-175,0,119.42
fold2_room1_mix1754,42,5,0,-175,0,117.60
fold2_room1_mix1754,43,5,0,-174,0,115.28
fold2_room1_mix1754,44,5,0,-174,0,111.96
fold2_room1_mix1754,45,5,0,-174,0,108.71
fold2_room1_mix1754,46,5,0,-174,0,105.99
fold2_room1_mix1754,47,5,0,-174,0,105.10
fold2_room1_mix1754,48,5,0,-174,0,104.42
fold2_room1_mix1754,49,5,0,-173,0,103.48
fold2_room1_mix1754,50,5,0,-173,0,100.11
fold2_room1_mix1754,51,5,0,-173,0,96.29
fold2_room1_mix1754,52,5,0,-173,0,92.65
fold2_room1_mix1754,53,5,0,-172,0,89.69
fold2_room1_mix1754,54,5,0,-172,0,87.10
fold2_room1_mix1754,55,5,0,-172,0,84.59
fold2_room1_mix1754,56,5,0,-172,0,82.49
fold2_room1_mix1754,57,5,0,-171,0,80.78
fold2_room1_mix1754,58,5,0,-171,0,79.12
fold2_room1_mix1754,59,5,0,-171,0,77.38
fold2_room1_mix1754,60,5,0,-170,0,75.45
fold2_room1_mix1754,61,5,0,-170,0,73.58
fold2_room1_mix1754,62,5,0,-157,0,20.88
fold2_room1_mix1754,62,5,0,-174,0,97.04
fold2_room1_mix1754,63,5,0,-152,0,18.24
fold2_room1_mix1754,63,5,0,-174,0,94.83
fold2_room1_mix1754,64,5,0,-147,0,15.86
fold2_room1_mix1754,64,5,0,-174,0,92.80
fold2_room1_mix1754,65,5,0,-142,0,13.76
fold2_room1_mix1754,65,5,0,-174,0,90.94
fold2_room1_mix1754,66,5,0,-136,0,11.90
fold2_room1_mix1754,66,5,0,-174,0,88.96
fold2_room1_mix1754,67,5,0,-130,0,10.26
fold2_room1_mix1754,67,5,0,-173,0,87.13
fold2_room1_mix1754,68,5,0,-123,0,8.85
fold2_room1_mix1754,68,5,0,-173,0,85.50
fold2_room1_mix1754,69,5,0,-114,0,8.27
fold2_room1_mix1754,69,5,0,-173,0,83.48
fold2_room1_mix1754,70,5,0,-102,0,8.03
fold2_room1_mix1754,70,5,0,-173,0,81.29
fold2_room1_mix1754,71,5,0,-87,0,7.80
fold2_room1_mix1754,71,5,0,-173,0,79.22
fold2_room1_mix1754,72,5,0,-73,0,8.22
fold2_room1_mix1754,72,5,0,-173,0,77.30
fold2_room1_mix1754,73,5,0,-62,0,9.37
fold2_room1_mix1754,73,5,0,-172,0,75.50
fold2_room1_mix1754,74,5,0,-53,0,10.66
fold2_room1_mix1754,74,5,0,-172,0,73.77
fold2_room1_mix1754,75,5,0,-46,0,12.08
fold2_room1_mix1754,75,5,0,-172,0,71.52
fold2_room1_mix1754,76,5,0,-40,0,13.59
fold2_room1_mix1754,76,5,0,-171,0,68.18
fold2_room1_mix1754,77,5,0,-34,0,15.28
fold2_room1_mix1754,77,5,0,-171,0,64.98
fold2_room1_mix1754,78,5,0,-29,0,17.08
fold2_room1_mix1754,78,5,0,-170,0,62.13
fold2_room1_mix1754,79,5,0,-26,0,18.78
fold2_room1_mix1754,79,5,0,-170,0,60.22
fold2_room1_mix1754,80,5,0,-23,0,20.60
fold2_room1_mix1754,80,5,0,-170,0,58.48
fold2_room1_mix1754,81,5,0,-20,0,22.53
fold2_room1_mix1754,81,5,0,-169,0,56.72
fold2_room1_mix1754,82,5,0,-19,0,24.07
fold2_room1_mix1754,82,5,0,-169,0,54.25
fold2_room1_mix1754,83,5,0,-17,0,25.57
fold2_room1_mix1754,83,5,0,-169,0,51.72
fold2_room1_mix1754,84,5,0,-16,0,27.15
fold2_room1_mix1754,84,5,0,-169,0,49.31
fold2_room1_mix1754,85,5,0,-15,0,28.66
fold2_room1_mix1754,85,5,0,-168,0,46.92
fold2_room1_mix1754,86,5,0,-15,0,30.18
fold2_room1_mix1754,86,5,0,-167,0,44.62
fold2_room1_mix1754,87,5,0,-14,0,31.77
fold2_room1_mix1754,87,5,0,-167,0,42.46
fold2_room1_mix1754,88,5,0,-14,0,33.36
fold2_room1_mix1754,88,5,0,-173,0,61.91
fold2_room1_mix1754,88,5,0,-158,0,19.91
fold2_room1_mix1754,89,5,0,-13,0,34.94
fold2_room1_mix1754,89,5,0,-173,0,61.26
fold2_room1_mix1754,89,5,0,-155,0,18.59
fold2_room1_mix1754,90,5,0,-13,0,36.60
fold2_room1_mix1754,90,5,0,-173,0,60.62
fold2_room1_mix1754,90,5,0,-152,0,17.34
fold2_room1_mix1754,91,5,0,-12,0,38.46
fold2_room1_mix1754,91,5,0,-173,0,59.02
fold2_room1_mix1754,91,5,0,-148,0,16.30
fold2_room1_mix1754,92,5,0,-11,0,40.72
fold2_room1_mix1754,92,5,0,-172,0,55.55
fold2_room1_mix1754,92,5,0,-145,0,15.55
fold2_room1_mix1754,93,5,0,-10,0,43.11
fold2_room1_mix1754,93,5,0,-171,0,52.23
fold2_room1_mix1754,93,5,0,-141,0,14.84
fold2_room1_mix1754,94,5,0,-9,0,45.76
fold2_room1_mix1754,94,5,0,-171,0,48.75
fold2_room1_mix1754,94,5,0,-137,0,14.17
fold2_room1_mix1754,95,5,0,-8,0,49.10
fold2_room1_mix1754,95,5,0,-169,0,44.16
fold2_room1_mix1754,95,5,0,-131,0,13.52
fold2_room1_mix1754,96,5,0,-6,0,52.76
fold2_room1_mix1754,96,5,0,-168,0,39.85
fold2_room1_mix1754,96,5,0,-120,0,12.90
fold2_room1_mix1754,97,5,0,-5,0,56.44
fold2_room1_mix1754,97,5,0,-167,0,36.24
fold2_room1_mix1754,97,5,0,-105,0,12.43
fold2_room1_mix1754,98,5,0,-5,0,58.16
fold2_room1_mix1754,98,5,0,-167,0,35.33
fold2_room1_mix1754,98,5,0,-78,0,13.10
fold2_room1_mix1754,99,5,0,-4,0,59.38
fold2_room1_mix1754,99,5,0,-167,0,35.04
fold2_room1_mix1754,99,5,0,-52,0,14.10
fold2_room1_mix1759,3,5,0,-178,0,20.10
fold2_room1_mix1759,4,5,0,-178,0,118.91
fold2_room1_mix1759,5,5,0,-177,0,181.80
fold2_room1_mix1759,6,5,0,-177,0,146.23
fold2_room1_mix1759,7,5,0,-177,0,117.60
fold2_room1_mix1759,8,5,0,-177,0,106.65
fold2_room1_mix1759,9,5,0,-177,0,109.09
fold2_room1_mix1759,10,5,0,-177,0,111.59
fold2_room1_mix1759,11,5,0,-177,0,112.33
fold2_room1_mix1759,12,5,0,-177,0,109.38
fold2_room1_mix1759,13,5,0,-176,0,106.42
fold2_room1_mix1759,14,5,0,-176,0,103.66
fold2_room1_mix1759,15,5,0,-176,0,101.46
fold2_room1_mix1759,16,5,0,-176,0,99.42
fold2_room1_mix1759,17,5,0,-176,0,97.45
fold2_room1_mix1759,18,5,0,-176,0,95.29
fold2_room1_mix1759,19,5,0,-176,0,93.22
fold2_room1_mix1759,20,5,0,-176,0,91.29
fold2_room1_mix1759,21,5,0,-175,0,89.49
fold2_room1_mix1759,22,5,0,-175,0,87.79
fold2_room1_mix1759,23,5,0,-175,0,86.18
fold2_room1_mix1759,24,5,0,-175,0,84.69
fold2_room1_mix1759,25,5,0,-175,0,83.30
fold2_room1_mix1759,26,5,0,-175,0,81.96
fold2_room1_mix1759,27,5,0,-175,0,80.29
fold2_room1_mix1759,28,5,0,-174,0,77.96
fold2_room1_mix1759,29,5,0,-174,0,75.68
fold2_room1_mix1759,30,5,0,-174,0,73.34
fold2_room1_mix1759,31,5,0,-174,0,70.56
fold2_room1_mix1759,32,5,0,-173,0,67.85
fold2_room1_mix1759,33,5,0,-173,0,65.30
fold2_room1_mix1759,34,5,0,-173,0,63.35
fold2_room1_mix1759,35,5,0,-172,0,61.59
fold2_room1_mix1759,36,5,0,-172,0,59.88
fold2_room1_mix1759,37,5,0,-172,0,57.94
fold2_room1_mix1759,38,5,0,-171,0,55.95
fold2_room1_mix1759,39,5,0,-171,0,54.05
fold2_room1_mix1759,40,5,0,-170,0,52.08
fold2_room1_mix1759,41,5,0,-168,0,50.08
fold2_room1_mix1759,42,5,0,-155,0,15.98
fold2_room1_mix1759,42,5,0,-173,0,64.33
fold2_room1_mix1759,43,5,0,-151,0,14.04
fold2_room1_mix1759,43,5,0,-173,0,62.24
fold2_room1_mix1759,44,5,0,-144,0,12.07
fold2_room1_mix1759,44,5,0,-173,0,59.66
fold2_room1_mix1759,45,5,0,-138,0,10.34
fold2_room1_mix1759,45,5,0,-172,0,57.32
fold2_room1_mix1759,46,5,0,-132,0,8.94
fold2_room1_mix1759,46,5,0,-172,0,55.31
fold2_room1_mix1759,47,5,0,-124,0,8.06
fold2_room1_mix1759,47,5,0,-172,0,53.84
fold2_room1_mix1759,48,5,0,-113,0,7.30
fold2_room1_mix1759,48,5,0,-171,0,52.50
fold2_room1_mix1759,49,5,0,-99,0,6.68
fold2_room1_mix1759,49,5,0,-171,0,51.19
fold2_room1_mix1759,50,5,0,-83,0,6.91
fold2_room1_mix1759,50,5,0,-171,0,49.41
fold2_room1_mix1759,51,5,0,-68,0,7.35
fold2_room1_mix1759,51,5,0,-171,0,47.59
fold2_room1_mix1759,52,5,0,-56,0,7.84
fold2_room1_mix1759,52,5,0,-171,0,45.83
fold2_room1_mix1759,53,5,0,-48,0,8.88
fold2_room1_mix1759,53,5,0,-171,0,43.22
fold2_room1_mix1759,54,5,0,-41,0,10.34
fold2_room1_mix1759,54,5,0,-170,0,40.35
fold2_room1_mix1759,55,5,0,-33,0,12.02
fold2_room1_mix1759,55,5,0,-170,0,37.68
fold2_room1_mix1759,56,5,0,-27,0,13.47
fold2_room1_mix1759,56,5,0,-169,0,35.20
fold2_room1_mix1759,57,5,0,-24,0,14.55
fold2_room1_mix1759,57,5,0,-169,0,32.90
fold2_room1_mix1759,58,5,0,-20,0,15.71
fold2_room1_mix1759,58,5,0,-168,0,30.75
fold2_room1_mix1759,59,5,0,-18,0,17.00
fold2_room1_mix1759,59,5,0,-167,0,29.07
fold2_room1_mix1759,60,5,0,-17,0,18.50
fold2_room1_mix1759,60,5,0,-165,0,28.13
fold2_room1_mix1759,61,5,0,-16,0,20.12
fold2_room1_mix1759,61,5,0,-171,0,37.61
fold2_room1_mix1759,61,5,0,-155,0,16.91
fold2_room1_mix1759,62,5,0,-16,0,21.76
fold2_room1_mix1759,62,5,0,-170,0,36.61
fold2_room1_mix1759,62,5,0,-152,0,15.71
fold2_room1_mix1759,63,5,0,-14,0,23.00
fold2_room1_mix1759,63,5,0,-169,0,34.18
fold2_room1_mix1759,63,5,0,-147,0,14.02
fold2_room1_mix1759,64,5,0,-13,0,24.25
fold2_room1_mix1759,64,5,0,-168,0,31.76
fold2_room1_mix1759,64,5,0,-142,0,12.45
fold2_room1_mix1759,65,5,0,-11,0,25.53
fold2_room1_mix1759,65,5,0,-167,0,29.57
fold2_room1_mix1759,65,5,0,-138,0,11.00
fold2_room1_mix1759,66,5,0,-11,0,26.59
fold2_room1_mix1759,66,5,0,-166,0,28.07
fold2_room1_mix1759,66,5,0,-132,0,9.41
fold2_room1_mix1759,67,5,0,-11,0,27.60
fold2_room1_mix1759,67,5,0,-165,0,26.77
fold2_room1_mix1759,67,5,0,-122,0,7.96
fold2_room1_mix1759,68,5,0,-11,0,28.67
fold2_room1_mix1759,68,5,0,-164,0,25.52
fold2_room1_mix1759,68,5,0,-109,0,6.76
fold2_room1_mix1759,69,5,0,-11,0,30.21
fold2_room1_mix1759,69,5,0,-163,0,23.72
fold2_room1_mix1759,69,5,0,-90,0,6.84
fold2_room1_mix1759,70,5,0,-10,0,32.05
fold2_room1_mix1759,70,5,0,-162,0,21.79
fold2_room1_mix1759,70,5,0,-69,0,7.55
fold2_room1_mix1759,71,5,0,-9,0,34.00
fold2_room1_mix1759,71,5,0,-161,0,20.01
fold2_room1_mix1759,71,5,0,-55,0,8.32
fold2_room1_mix1759,72,5,0,-9,0,36.49
fold2_room1_mix1759,72,5,0,-156,0,17.36
fold2_room1_mix1759,72,5,0,-47,0,9.22
fold2_room1_mix1759,73,5,0,-8,0,39.61
fold2_room1_mix1759,73,5,0,-150,0,14.21
fold2_room1_mix1759,73,5,0,-41,0,10.28
fold2_room1_mix1759,74,5,0,-8,0,42.98
fold2_room1_mix1759,74,5,0,-143,0,11.61
fold2_room1_mix1759,74,5,0,-36,0,11.44
fold2_room1_mix1759,75,5,0,-7,0,46.30
fold2_room1_mix1759,75,5,0,-137,0,9.61
fold2_room1_mix1759,75,5,0,-31,0,12.64
fold2_room1_mix1759,76,5,0,-6,0,49.14
fold2_room1_mix1759,76,5,0,-128,0,8.21
fold2_room1_mix1759,76,5,0,-27,0,13.79
fold2_room1_mix1759,77,5,0,-6,0,52.12
fold2_room1_mix1759,77,5,0,-119,0,7.01
fold2_room1_mix1759,77,5,0,-22,0,15.03
fold2_room1_mix1759,78,5,0,-5,0,54.75
fold2_room1_mix1759,78,5,0,-12,0,35.60
fold2_room1_mix1759,79,5,0,-5,0,55.25
fold2_room1_mix1759,79,5,0,-11,0,36.80
fold2_room1_mix1759,80,5,0,-5,0,55.53
fold2_room1_mix1759,80,5,0,-10,0,38.01
fold2_room1_mix1759,81,5,0,-6,0,55.75
fold2_room1_mix1759,81,5,0,-9,0,39.30
fold2_room1_mix1759,82,5,0,-5,0,55.50
fold2_room1_mix1759,82,5,0,-9,0,40.43
fold2_room1_mix1759,83,5,0,-5,0,55.14
fold2_room1_mix1759,83,5,0,-8,0,41.62
fold2_room1_mix1759,84,5,0,-5,0,54.83
fold2_room1_mix1759,84,5,0,-7,0,42.96
fold2_room1_mix1759,85,5,0,-5,0,56.25
fold2_room1_mix1759,85,5,0,-7,0,44.66
fold2_room1_mix1759,86,5,0,-4,0,58.59
fold2_room1_mix1759,86,5,0,-6,0,46.56
fold2_room1_mix1759,87,5,0,-3,0,61.03
fold2_room1_mix1759,87,5,0,-6,0,48.54
fold2_room1_mix1759,88,5,0,-11,0,39.35
fold2_room1_mix1759,89,5,0,-10,0,40.98
fold2_room1_mix1759,90,5,0,-10,0,42.70
fold2_room1_mix1759,91,5,0,-10,0,44.45
fold2_room1_mix1759,92,5,0,-10,0,46.20
fold2_room1_mix1759,93,5,0,-9,0,48.03
fold2_room1_mix1759,94,5,0,-9,0,49.93
fold2_room1_mix1759,95,5,0,-9,0,51.89
fold2_room1_mix1759,96,5,0,-9,0,53.93
fold2_room1_mix1759,97,5,0,-9,0,55.94
fold2_room1_mix1759,98,5,0,-9,0,56.93
fold2_room1_mix1759,99,5,0,-8,0,57.70
fold2_room1_mix1774,2,5,0,3,0,7.48
fold2_room1_mix1774,3,5,0,3,0,34.62
fold2_room1_mix1774,4,5,0,4,0,143.97
fold2_room1_mix1774,5,5,0,4,0,186.21
fold2_room1_mix1774,6,5,0,4,0,138.28
fold2_room1_mix1774,7,5,0,4,0,103.34
fold2_room1_mix1774,8,5,0,4,0,93.30
fold2_room1_mix1774,9,5,0,4,0,101.44
fold2_room1_mix1774,10,5,0,4,0,110.43
fold2_room1_mix1774,11,5,0,4,0,116.61
fold2_room1_mix1774,12,5,0,4,0,115.47
fold2_room1_mix1774,13,5,0,4,0,114.12
fold2_room1_mix1774,14,5,0,4,0,112.81
fold2_room1_mix1774,15,5,0,4,0,111.59
fold2_room1_mix1774,16,5,0,4,0,110.41
fold2_room1_mix1774,17,5,0,4,0,109.23
fold2_room1_mix1774,18,5,0,5,0,107.89
fold2_room1_mix1774,19,5,0,5,0,106.55
fold2_room1_mix1774,20,5,0,5,0,105.25
fold2_room1_mix1774,21,5,0,5,0,104.01
fold2_room1_mix1774,22,5,0,5,0,102.83
fold2_room1_mix1774,23,5,0,5,0,101.68
fold2_room1_mix1774,24,5,0,5,0,100.37
fold2_room1_mix1774,25,5,0,5,0,98.88
fold2_room1_mix1774,26,5,0,5,0,97.44
fold2_room1_mix1774,27,5,0,6,0,95.78
fold2_room1_mix1774,28,5,0,6,0,93.63
fold2_room1_mix1774,29,5,0,6,0,91.54
fold2_room1_mix1774,30,5,0,6,0,89.72
fold2_room1_mix1774,31,5,0,7,0,88.77
fold2_room1_mix1774,32,5,0,7,0,87.95
fold2_room1_mix1774,33,5,0,7,0,87.12
fold2_room1_mix1774,34,5,0,3,0,87.61
fold2_room1_mix1774,34,5,0,2,0,119.82
fold2_room1_mix1774,35,5,0,3,0,85.80
fold2_room1_mix1774,35,5,0,2,0,118.58
fold2_room1_mix1774,36,5,0,3,0,84.05
fold2_room1_mix1774,36,5,0,2,0,117.36
fold2_room1_mix1774,37,5,0,3,0,83.21
fold2_room1_mix1774,37,5,0,1,0,115.98
fold2_room1_mix1774,38,5,0,3,0,82.79
fold2_room1_mix1774,38,5,0,1,0,114.53
fold2_room1_mix1774,39,5,0,2,0,82.38
fold2_room1_mix1774,39,5,0,1,0,113.10
fold2_room1_mix1774,40,5,0,3,0,82.23
fold2_room1_mix1774,40,5,0,1,0,111.92
fold2_room1_mix1774,41,5,0,3,0,82.34
fold2_room1_mix1774,41,5,0,2,0,110.97
fold2_room1_mix1774,42,5,0,3,0,82.45
fold2_room1_mix1774,42,5,0,2,0,110.04
fold2_room1_mix1774,43,5,0,3,0,81.82
fold2_room1_mix1774,43,5,0,2,0,108.81
fold2_room1_mix1774,44,5,0,4,0,79.72
fold2_room1_mix1774,44,5,0,3,0,106.99
fold2_room1_mix1774,45,5,0,5,0,77.63
fold2_room1_mix1774,45,5,0,3,0,105.18
fold2_room1_mix1774,46,5,0,5,0,75.85
fold2_room1_mix1774,46,5,0,3,0,103.35
fold2_room1_mix1774,47,5,0,5,0,75.16
fold2_room1_mix1774,47,5,0,3,0,101.31
fold2_room1_mix1774,48,5,0,5,0,74.59
fold2_room1_mix1774,48,5,0,3,0,99.29
fold2_room1_mix1774,49,5,0,5,0,74.38
fold2_room1_mix1774,49,5,0,3,0,97.40
fold2_room1_mix1774,50,5,0,5,0,77.52
fold2_room1_mix1774,50,5,0,3,0,96.43
fold2_room1_mix1774,51,5,0,4,0,81.67
fold2_room1_mix1774,51,5,0,3,0,95.87
fold2_room1_mix1774,52,5,0,4,0,85.98
fold2_room1_mix1774,52,5,0,2,0,95.48
fold2_room1_mix1774,53,5,0,3,0,88.90
fold2_room1_mix1774,53,5,0,2,0,93.23
fold2_room1_mix1774,54,5,0,2,0,91.11
fold2_room1_mix1774,54,5,0,2,0,90.32
fold2_room1_mix1774,55,5,0,2,0,93.37
fold2_room1_mix1774,55,5,0,2,0,87.77
fold2_room1_mix1774,56,5,0,2,0,93.72
fold2_room1_mix1774,56,5,0,2,0,86.18
fold2_room1_mix1774,57,5,0,2,0,92.14
fold2_room1_mix1774,57,5,0,2,0,85.34
fold2_room1_mix1774,58,5,0,3,0,90.59
fold2_room1_mix1774,58,5,0,3,0,84.50
fold2_room1_mix1774,59,5,0,3,0,89.94
fold2_room1_mix1774,59,5,0,3,0,83.42
fold2_room1_mix1774,60,5,0,3,0,91.13
fold2_room1_mix1774,60,5,0,4,0,81.90
fold2_room1_mix1774,61,5,0,4,0,92.38
fold2_room1_mix1774,61,5,0,4,0,80.49
fold2_room1_mix1774,62,5,0,4,0,93.93
fold2_room1_mix1774,62,5,0,5,0,79.43
fold2_room1_mix1774,63,5,0,4,0,96.62
fold2_room1_mix1774,63,5,0,5,0,79.43
fold2_room1_mix1774,64,5,0,4,0,99.52
fold2_room1_mix1774,64,5,0,5,0,79.62
fold2_room1_mix1774,65,5,0,4,0,102.21
fold2_room1_mix1774,65,5,0,6,0,79.79
fold2_room1_mix1774,66,5,0,4,0,102.24
fold2_room1_mix1774,66,5,0,6,0,78.90
fold2_room1_mix1774,67,5,0,4,0,101.63
fold2_room1_mix1774,67,5,0,6,0,77.76
fold2_room1_mix1774,68,5,0,4,0,101.01
fold2_room1_mix1774,68,5,0,6,0,76.64
fold2_room1_mix1774,69,5,0,4,0,100.21
fold2_room1_mix1774,69,5,0,6,0,75.51
fold2_room1_mix1774,70,5,0,3,0,99.32
fold2_room1_mix1774,70,5,0,6,0,74.38
fold2_room1_mix1774,71,5,0,3,0,98.43
fold2_room1_mix1774,71,5,0,6,0,73.28
fold2_room1_mix1774,72,5,0,3,0,97.76
fold2_room1_mix1774,72,5,0,6,0,71.98
fold2_room1_mix1774,73,5,0,4,0,97.29
fold2_room1_mix1774,73,5,0,6,0,70.52
fold2_room1_mix1774,74,5,0,4,0,96.82
fold2_room1_mix1774,74,5,0,7,0,69.12
fold2_room1_mix1774,75,5,0,4,0,95.97
fold2_room1_mix1774,75,5,0,7,0,67.50
fold2_room1_mix1774,76,5,0,4,0,94.33
fold2_room1_mix1774,76,5,0,7,0,65.36
fold2_room1_mix1774,77,5,0,4,0,92.69
fold2_room1_mix1774,77,5,0,8,0,63.31
fold2_room1_mix1774,78,5,0,3,0,91.42
fold2_room1_mix1774,78,5,0,8,0,61.63
fold2_room1_mix1774,79,5,0,3,0,91.57
fold2_room1_mix1774,79,5,0,8,0,61.12
fold2_room1_mix1774,80,5,0,3,0,91.88
fold2_room1_mix1774,80,5,0,8,0,60.75
fold2_room1_mix1774,81,5,0,3,0,92.08
fold2_room1_mix1774,81,5,0,8,0,60.36
fold2_room1_mix1774,82,5,0,3,0,91.23
fold2_room1_mix1774,82,5,0,8,0,59.59
fold2_room1_mix1774,83,5,0,3,0,90.14
fold2_room1_mix1774,83,5,0,8,0,58.74
fold2_room1_mix1774,84,5,0,3,0,89.06
fold2_room1_mix1774,84,5,0,8,0,57.90
fold2_room1_mix1774,85,5,0,3,0,87.94
fold2_room1_mix1774,85,5,0,8,0,56.91
fold2_room1_mix1774,86,5,0,4,0,86.81
fold2_room1_mix1774,86,5,0,9,0,55.88
fold2_room1_mix1774,87,5,0,4,0,85.70
fold2_room1_mix1774,87,5,0,10,0,54.87
fold2_room1_mix1774,88,5,0,5,0,84.51
fold2_room1_mix1774,88,5,0,10,0,53.80
fold2_room1_mix1774,89,5,0,5,0,83.25
fold2_room1_mix1774,89,5,0,11,0,52.68
fold2_room1_mix1774,90,5,0,5,0,82.01
fold2_room1_mix1774,90,5,0,11,0,51.58
fold2_room1_mix1774,91,5,0,6,0,81.00
fold2_room1_mix1774,91,5,0,12,0,50.64
fold2_room1_mix1774,92,5,0,5,0,80.41
fold2_room1_mix1774,92,5,0,12,0,49.98
fold2_room1_mix1774,93,5,0,5,0,79.83
fold2_room1_mix1774,93,5,0,12,0,49.33
fold2_room1_mix1774,94,5,0,5,0,78.91
fold2_room1_mix1774,94,5,0,171,0,46.88
fold2_room1_mix1774,94,5,0,21,0,17.99
fold2_room1_mix1774,95,5,0,5,0,76.54
fold2_room1_mix1774,95,5,0,171,0,48.64
fold2_room1_mix1774,95,5,0,25,0,16.59
fold2_room1_mix1774,96,5,0,5,0,74.10
fold2_room1_mix1774,96,5,0,171,0,50.56
fold2_room1_mix1774,96,5,0,28,0,15.24
fold2_room1_mix1774,97,5,0,5,0,71.75
fold2_room1_mix1774,97,5,0,171,0,52.58
fold2_room1_mix1774,97,5,0,32,0,14.08
fold2_room1_mix1774,98,5,0,5,0,69.52
fold2_room1_mix1774,98,5,0,172,0,54.77
fold2_room1_mix1774,98,5,0,36,0,13.79
fold2_room1_mix1774,99,5,0,4,0,67.38
fold2_room1_mix1774,99,5,0,173,0,57.07
fold2_room1_mix1774,99,5,0,40,0,13.70
