fold8_room1_mix001,12,4,-179,-1
fold8_room1_mix001,13,4,-179,-1
fold8_room1_mix001,14,4,-179,-2
fold8_room1_mix001,15,4,-179,-2
fold8_room1_mix001,16,4,-179,-2
fold8_room1_mix001,17,4,-178,-2
fold8_room1_mix001,18,4,-178,-2
fold8_room1_mix001,19,4,-178,-2
fold8_room1_mix001,20,4,-178,-2
fold8_room1_mix001,21,4,-178,-2
fold8_room1_mix001,22,4,-178,-2
fold8_room1_mix001,23,4,-179,-2
fold8_room1_mix001,24,4,-178,-3
fold8_room1_mix001,25,4,-178,-3
fold8_room1_mix001,26,4,-178,-3
fold8_room1_mix001,27,4,-178,-3
fold8_room1_mix001,28,4,-178,-4
fold8_room1_mix001,29,4,-178,-4
fold8_room1_mix001,30,4,-178,-4
fold8_room1_mix001,31,4,-177,-4
fold8_room1_mix001,32,4,-177,-5
fold8_room1_mix001,33,4,-177,-5
fold8_room1_mix001,34,4,-177,-5
fold8_room1_mix001,35,4,-177,-6
fold8_room1_mix001,36,4,-177,-6
fold8_room1_mix001,37,4,-177,-6
fold8_room1_mix001,38,4,-176,-7
fold8_room1_mix001,39,4,-176,-7
fold8_room1_mix001,40,4,-176,-7
fold8_room1_mix001,41,4,-175,-8
fold8_room1_mix001,42,4,-175,-9
fold8_room1_mix001,43,4,-174,-10
fold8_room1_mix001,44,4,-174,-11
fold8_room1_mix001,45,4,-173,-13
fold8_room1_mix001,46,4,-171,-15
fold8_room1_mix001,47,4,-164,-21
fold8_room1_mix001,48,4,-155,-27
fold8_room1_mix001,49,4,-144,-33
fold8_room1_mix001,50,4,-126,-42
fold8_room1_mix001,51,0,17,0
fold8_room1_mix001,51,4,-91,-48
fold8_room1_mix001,52,0,19,0
fold8_room1_mix001,52,4,-58,-44
fold8_room1_mix001,53,0,18,0
fold8_room1_mix001,53,4,-44,-45
fold8_room1_mix001,54,0,14,0
fold8_room1_mix001,54,4,-25,-51
fold8_room1_mix001,55,4,-12,-54
fold8_room1_mix001,55,4,-13,-49
fold8_room1_mix001,56,4,-2,-45
fold8_room1_mix001,56,4,-3,-42
fold8_room1_mix001,57,4,-1,-32
fold8_room1_mix001,57,4,-3,-31
fold8_room1_mix001,58,4,1,-23
fold8_room1_mix001,59,4,0,-17
fold8_room1_mix001,60,4,-1,-15
fold8_room1_mix001,61,4,-1,-12
fold8_room1_mix001,62,4,-1,-10
fold8_room1_mix001,63,4,-1,-9
fold8_room1_mix001,64,4,0,-8
fold8_room1_mix001,65,0,26,-1
fold8_room1_mix001,65,4,0,-7
fold8_room1_mix001,66,0,23,-1
fold8_room1_mix001,66,4,0,-7
fold8_room1_mix001,67,0,22,-1
fold8_room1_mix001,67,4,0,-7
fold8_room1_mix001,68,0,23,-1
fold8_room1_mix001,68,4,0,-7
fold8_room1_mix001,69,0,22,-1
fold8_room1_mix001,69,4,0,-7
fold8_room1_mix001,70,0,21,-1
fold8_room1_mix001,70,4,-1,-6
fold8_room1_mix001,71,0,20,-1
fold8_room1_mix001,71,4,-1,-6
fold8_room1_mix001,72,0,20,-1
fold8_room1_mix001,72,4,-1,-6
fold8_room1_mix001,73,0,20,-1
fold8_room1_mix001,73,4,-1,-5
fold8_room1_mix001,74,0,19,-1
fold8_room1_mix001,74,4,-1,-5
fold8_room1_mix001,75,0,19,-1
fold8_room1_mix001,75,4,-1,-5
fold8_room1_mix001,76,0,18,-1
fold8_room1_mix001,76,4,-1,-5
fold8_room1_mix001,77,0,17,-1
fold8_room1_mix001,77,4,-1,-5
fold8_room1_mix001,78,0,16,-1
fold8_room1_mix001,78,4,-1,-4
fold8_room1_mix001,79,0,15,-1
fold8_room1_mix001,79,4,-1,-4
fold8_room1_mix001,80,0,15,-1
fold8_room1_mix001,80,4,-1,-4
fold8_room1_mix001,81,0,15,-1
fold8_room1_mix001,81,4,-1,-3
fold8_room1_mix001,82,0,14,0
fold8_room1_mix001,82,4,-1,-3
fold8_room1_mix001,83,0,14,0
fold8_room1_mix001,83,4,0,-3
fold8_room1_mix001,84,0,13,0
fold8_room1_mix001,84,4,0,-2
fold8_room1_mix001,85,0,13,0
fold8_room1_mix001,85,4,0,-2
fold8_room1_mix001,86,0,12,0
fold8_room1_mix001,86,4,0,-2
fold8_room1_mix001,87,0,11,0
fold8_room1_mix001,87,4,0,-2
fold8_room1_mix001,88,0,11,0
fold8_room1_mix001,88,4,-1,-2
fold8_room1_mix001,89,0,12,0
fold8_room1_mix001,90,0,13,0
fold8_room1_mix001,91,0,13,0
fold8_room1_mix001,92,0,14,0
fold8_room1_mix001,93,0,15,0
fold8_room1_mix001,94,0,14,0
fold8_room1_mix001,95,0,11,0
fold8_room1_mix001,96,0,7,0
fold8_room1_mix002,2,4,0,0
fold8_room1_mix002,3,4,0,0
fold8_room1_mix002,4,4,1,0
fold8_room1_mix002,5,4,1,0
fold8_room1_mix002,6,4,1,0
fold8_room1_mix002,7,4,2,0
fold8_room1_mix002,8,4,2,0
fold8_room1_mix002,9,4,2,0
fold8_room1_mix002,10,4,2,0
fold8_room1_mix002,11,4,2,0
fold8_room1_mix002,12,4,2,0
fold8_room1_mix002,13,4,2,0
fold8_room1_mix002,14,4,2,0
fold8_room1_mix002,15,4,2,0
fold8_room1_mix002,16,4,2,0
fold8_room1_mix002,17,4,2,0
fold8_room1_mix002,18,4,3,0
fold8_room1_mix002,19,4,3,0
fold8_room1_mix002,20,4,3,0
fold8_room1_mix002,21,4,3,0
fold8_room1_mix002,22,4,3,0
fold8_room1_mix002,23,4,3,0
fold8_room1_mix002,24,4,3,0
fold8_room1_mix002,25,1,-12,0
fold8_room1_mix002,25,4,3,0
fold8_room1_mix002,26,1,-14,0
fold8_room1_mix002,26,4,3,0
fold8_room1_mix002,27,1,-17,-1
fold8_room1_mix002,27,4,3,0
fold8_room1_mix002,28,1,-17,-1
fold8_room1_mix002,28,4,3,0
fold8_room1_mix002,29,1,-17,-1
fold8_room1_mix002,29,4,3,0
fold8_room1_mix002,30,1,-17,-1
fold8_room1_mix002,30,4,3,0
fold8_room1_mix002,31,1,-20,-1
fold8_room1_mix002,31,4,4,0
fold8_room1_mix002,32,1,-24,-1
fold8_room1_mix002,32,4,4,0
fold8_room1_mix002,33,1,-27,-1
fold8_room1_mix002,33,4,4,-1
fold8_room1_mix002,34,1,-29,-2
fold8_room1_mix002,34,4,4,-1
fold8_room1_mix002,35,1,-30,-2
fold8_room1_mix002,35,4,5,-1
fold8_room1_mix002,36,1,-32,-2
fold8_room1_mix002,36,4,5,-1
fold8_room1_mix002,37,1,-44,-2
fold8_room1_mix002,37,4,5,-1
fold8_room1_mix002,38,1,-62,-3
fold8_room1_mix002,38,4,5,-1
fold8_room1_mix002,39,1,-86,-3
fold8_room1_mix002,39,4,5,-1
fold8_room1_mix002,40,1,-106,-3
fold8_room1_mix002,40,4,6,-1
fold8_room1_mix002,41,1,-119,-3
fold8_room1_mix002,41,4,6,-1
fold8_room1_mix002,42,1,-131,-2
fold8_room1_mix002,42,4,6,-1
fold8_room1_mix002,43,1,-142,-2
fold8_room1_mix002,43,4,6,-1
fold8_room1_mix002,44,1,-145,-2
fold8_room1_mix002,44,4,6,-1
fold8_room1_mix002,45,1,-148,-1
fold8_room1_mix002,45,4,6,-1
fold8_room1_mix002,46,1,-151,-1
fold8_room1_mix002,46,4,6,-1
fold8_room1_mix002,47,1,-155,-1
fold8_room1_mix002,47,4,6,-1
fold8_room1_mix002,48,1,-159,-1
fold8_room1_mix002,48,4,7,-1
fold8_room1_mix002,49,1,-163,-1
fold8_room1_mix002,49,4,7,-1
fold8_room1_mix002,50,1,-163,-1
fold8_room1_mix002,50,4,8,-1
fold8_room1_mix002,51,1,-163,-1
fold8_room1_mix002,51,4,9,-2
fold8_room1_mix002,52,1,-163,-1
fold8_room1_mix002,52,4,10,-2
fold8_room1_mix002,53,1,-163,-1
fold8_room1_mix002,53,4,12,-2
fold8_room1_mix002,54,1,-164,-1
fold8_room1_mix002,54,4,13,-3
fold8_room1_mix002,55,1,-165,-1
fold8_room1_mix002,55,4,15,-3
fold8_room1_mix002,56,1,-166,-1
fold8_room1_mix002,56,4,17,-4
fold8_room1_mix002,57,1,-166,0
fold8_room1_mix002,57,4,20,-5
fold8_room1_mix002,58,1,-167,0
fold8_room1_mix002,58,4,24,-6
fold8_room1_mix002,59,1,-167,0
fold8_room1_mix002,59,4,29,-6
fold8_room1_mix002,60,1,-168,0
fold8_room1_mix002,60,4,23,-3
fold8_room1_mix002,60,4,28,-5
fold8_room1_mix002,61,1,-168,0
fold8_room1_mix002,61,4,24,-3
fold8_room1_mix002,61,4,76,-16
fold8_room1_mix002,61,4,40,-7
fold8_room1_mix002,62,1,-169,0
fold8_room1_mix002,62,4,25,-2
fold8_room1_mix002,62,4,108,-15
fold8_room1_mix002,62,4,45,-7
fold8_room1_mix002,63,1,-170,0
fold8_room1_mix002,63,4,22,-2
fold8_room1_mix002,63,4,28,-4
fold8_room1_mix002,64,1,-171,0
fold8_room1_mix002,64,4,19,-1
fold8_room1_mix002,64,4,22,-3
fold8_room1_mix002,65,1,-172,0
fold8_room1_mix002,65,4,16,-1
fold8_room1_mix002,65,4,17,-2
fold8_room1_mix002,66,1,-173,0
fold8_room1_mix002,66,4,15,-1
fold8_room1_mix002,66,4,16,-2
fold8_room1_mix002,67,1,-173,0
fold8_room1_mix002,67,4,15,-1
fold8_room1_mix002,67,4,15,-2
fold8_room1_mix002,68,1,-172,0
fold8_room1_mix002,68,4,14,-1
fold8_room1_mix002,68,4,14,-2
fold8_room1_mix002,69,1,-173,0
fold8_room1_mix002,69,4,14,-1
fold8_room1_mix002,69,4,14,-2
fold8_room1_mix002,70,1,-173,0
fold8_room1_mix002,70,4,14,-1
fold8_room1_mix002,70,4,13,-1
fold8_room1_mix002,71,1,-174,0
fold8_room1_mix002,71,4,13,-1
fold8_room1_mix002,71,4,12,-1
fold8_room1_mix002,72,1,-174,0
fold8_room1_mix002,72,4,13,-1
fold8_room1_mix002,72,4,12,-1
fold8_room1_mix002,73,1,-174,0
fold8_room1_mix002,73,4,13,-1
fold8_room1_mix002,73,4,11,-1
fold8_room1_mix002,74,1,-174,0
fold8_room1_mix002,74,4,13,-1
fold8_room1_mix002,74,4,11,-2
fold8_room1_mix002,75,1,-174,0
fold8_room1_mix002,75,4,12,-2
fold8_room1_mix002,75,4,11,-2
fold8_room1_mix002,76,1,-175,0
fold8_room1_mix002,76,4,12,-2
fold8_room1_mix002,76,4,11,-3
fold8_room1_mix002,77,1,-175,0
fold8_room1_mix002,77,4,12,-2
fold8_room1_mix002,77,4,11,-3
fold8_room1_mix002,78,1,-175,0
fold8_room1_mix002,78,4,12,-3
fold8_room1_mix002,78,4,12,-3
fold8_room1_mix002,79,1,-177,0
fold8_room1_mix002,79,4,12,-4
fold8_room1_mix002,79,4,12,-4
fold8_room1_mix002,80,1,-178,0
fold8_room1_mix002,80,4,13,-4
fold8_room1_mix002,80,4,13,-4
fold8_room1_mix002,81,4,13,-5
fold8_room1_mix002,81,4,15,-5
fold8_room1_mix002,82,4,15,-6
fold8_room1_mix002,82,4,18,-6
fold8_room1_mix002,83,4,17,-7
fold8_room1_mix002,83,4,21,-7
fold8_room1_mix002,84,4,20,-9
fold8_room1_mix002,84,4,25,-8
fold8_room1_mix002,85,4,28,-10
fold8_room1_mix002,85,4,33,-10
fold8_room1_mix002,86,4,39,-13
fold8_room1_mix002,86,4,43,-13
fold8_room1_mix002,87,4,53,-16
fold8_room1_mix002,87,4,143,-9
fold8_room1_mix002,87,4,69,-18
fold8_room1_mix002,88,4,82,-19
fold8_room1_mix002,88,4,144,-10
fold8_room1_mix002,88,4,102,-19
fold8_room1_mix002,89,4,121,-15
fold8_room1_mix002,89,4,126,-14
fold8_room1_mix002,90,4,148,-9
fold8_room1_mix002,91,4,156,-6
fold8_room1_mix002,92,4,159,-5
fold8_room1_mix002,93,4,163,-5
fold8_room1_mix002,94,4,166,-4
fold8_room1_mix002,95,4,167,-4
fold8_room1_mix002,96,4,168,-3
fold8_room1_mix002,97,4,169,-3
fold8_room1_mix002,98,4,169,-3
fold8_room1_mix002,99,4,170,-2
fold8_room1_mix003,14,4,-170,-1
fold8_room1_mix003,15,4,-168,0
fold8_room1_mix003,16,4,-166,0
fold8_room1_mix003,17,4,-164,0
fold8_room1_mix003,18,4,-162,0
fold8_room1_mix003,19,4,-160,0
fold8_room1_mix003,20,4,-158,0
fold8_room1_mix003,21,4,-156,0
fold8_room1_mix003,22,4,-155,0
fold8_room1_mix003,23,4,-153,0
fold8_room1_mix003,24,4,-152,0
fold8_room1_mix003,25,4,-149,0
fold8_room1_mix003,33,4,-23,-1
fold8_room1_mix003,33,4,-134,-1
fold8_room1_mix003,34,4,-17,0
fold8_room1_mix003,34,4,-130,-1
fold8_room1_mix003,35,4,-14,0
fold8_room1_mix003,35,4,-132,-1
fold8_room1_mix003,35,4,-117,-1
fold8_room1_mix003,36,4,-12,0
fold8_room1_mix003,36,4,-127,-1
fold8_room1_mix003,36,4,-111,-1
fold8_room1_mix003,37,4,-16,0
fold8_room1_mix003,37,4,-118,-1
fold8_room1_mix003,38,4,-24,0
fold8_room1_mix003,38,4,-118,-1
fold8_room1_mix003,39,4,-36,-1
fold8_room1_mix003,39,4,-119,-1
fold8_room1_mix003,40,4,-36,-1
fold8_room1_mix003,40,4,-116,-1
fold8_room1_mix003,41,4,-20,-1
fold8_room1_mix003,41,4,-108,-1
fold8_room1_mix003,42,4,-8,-1
fold8_room1_mix003,42,4,-98,-1
fold8_room1_mix003,43,4,0,-1
fold8_room1_mix003,43,4,-90,-1
fold8_room1_mix003,44,4,4,-1
fold8_room1_mix003,44,4,-88,-1
fold8_room1_mix003,45,4,9,0
fold8_room1_mix003,45,4,-87,-1
fold8_room1_mix003,46,4,13,0
fold8_room1_mix003,46,4,-85,-1
fold8_room1_mix003,47,4,18,0
fold8_room1_mix003,47,4,-81,-1
fold8_room1_mix003,48,4,23,-1
fold8_room1_mix003,48,4,-77,-1
fold8_room1_mix003,49,4,27,-1
fold8_room1_mix003,49,4,-73,-1
fold8_room1_mix003,50,4,29,-1
fold8_room1_mix003,50,4,-68,-1
fold8_room1_mix003,51,4,30,0
fold8_room1_mix003,51,4,-63,-1
fold8_room1_mix003,52,4,32,0
fold8_room1_mix003,52,4,-58,-1
fold8_room1_mix003,53,4,32,0
fold8_room1_mix003,53,4,-55,-1
fold8_room1_mix003,54,4,32,-1
fold8_room1_mix003,54,4,-54,-1
fold8_room1_mix003,55,4,32,-1
fold8_room1_mix003,55,4,-52,0
fold8_room1_mix003,56,4,33,-1
fold8_room1_mix003,56,4,-52,0
fold8_room1_mix003,57,4,35,-1
fold8_room1_mix003,57,4,-52,0
fold8_room1_mix003,58,4,37,-1
fold8_room1_mix003,58,4,-52,-1
fold8_room1_mix003,59,4,39,-1
fold8_room1_mix003,59,4,-51,0
fold8_room1_mix003,60,4,43,-1
fold8_room1_mix003,60,4,-46,0
fold8_room1_mix003,61,4,46,-1
fold8_room1_mix003,61,4,-28,0
fold8_room1_mix003,61,4,-47,0
fold8_room1_mix003,62,4,49,-1
fold8_room1_mix003,62,4,0,1
fold8_room1_mix003,62,4,-47,0
fold8_room1_mix003,63,4,51,-1
fold8_room1_mix003,63,4,28,1
fold8_room1_mix003,63,4,-46,1
fold8_room1_mix003,64,4,51,0
fold8_room1_mix003,64,4,-46,1
fold8_room1_mix003,65,4,58,0
fold8_room1_mix003,65,4,-46,1
fold8_room1_mix003,66,4,61,0
fold8_room1_mix003,66,4,-47,1
fold8_room1_mix003,67,4,64,0
fold8_room1_mix003,67,4,-47,1
fold8_room1_mix003,68,4,59,-2
fold8_room1_mix003,68,4,77,1
fold8_room1_mix003,68,4,-47,1
fold8_room1_mix003,69,4,62,-2
fold8_room1_mix003,69,4,83,1
fold8_room1_mix003,69,4,-47,1
fold8_room1_mix003,70,4,66,-2
fold8_room1_mix003,70,4,89,1
fold8_room1_mix003,70,4,-46,2
fold8_room1_mix003,71,4,70,-1
fold8_room1_mix003,71,4,95,1
fold8_room1_mix003,71,4,-46,2
fold8_room1_mix003,72,4,75,-1
fold8_room1_mix003,72,4,99,1
fold8_room1_mix003,72,4,-46,3
fold8_room1_mix003,73,4,81,-1
fold8_room1_mix003,73,4,101,1
fold8_room1_mix003,73,4,-46,3
fold8_room1_mix003,74,4,88,-1
fold8_room1_mix003,74,4,102,1
fold8_room1_mix003,74,4,-47,3
fold8_room1_mix003,75,4,98,0
fold8_room1_mix003,75,4,-46,3
fold8_room1_mix003,76,4,98,0
fold8_room1_mix003,76,4,-39,4
fold8_room1_mix003,77,4,98,0
fold8_room1_mix003,77,4,-24,6
fold8_room1_mix003,78,4,98,0
fold8_room1_mix003,79,4,99,0
fold8_room1_mix003,80,4,100,0
fold8_room1_mix003,81,4,101,0
fold8_room1_mix003,82,4,103,0
fold8_room1_mix003,83,4,106,0
fold8_room1_mix003,84,4,108,0
fold8_room1_mix003,85,4,111,0
fold8_room1_mix003,86,4,113,0
fold8_room1_mix003,87,4,115,0
fold8_room1_mix003,88,4,117,0
fold8_room1_mix003,89,4,120,0
fold8_room1_mix003,90,4,122,0
fold8_room1_mix003,91,4,124,0
fold8_room1_mix003,92,4,126,0
fold8_room1_mix003,92,4,151,0
fold8_room1_mix003,93,4,128,0
fold8_room1_mix003,93,4,152,0
fold8_room1_mix003,94,4,130,0
fold8_room1_mix003,94,4,153,0
fold8_room1_mix003,95,4,131,0
fold8_room1_mix003,95,4,152,0
fold8_room1_mix003,96,4,132,0
fold8_room1_mix003,96,4,150,0
fold8_room1_mix003,97,4,138,0
fold8_room1_mix003,98,4,138,0
fold8_room1_mix003,99,4,138,0
fold8_room1_mix003,26,4,-147,0
fold8_room1_mix003,27,4,-146,0
fold8_room1_mix003,28,4,-146,0
fold8_room1_mix003,29,4,-146,0
fold8_room1_mix003,30,4,-145,0
fold8_room1_mix003,31,4,-142,0
fold8_room1_mix003,32,4,-139,-1
fold8_room1_mix004,1,4,-178,0
fold8_room1_mix004,2,4,-179,0
fold8_room1_mix004,3,4,-179,0
fold8_room1_mix004,4,4,-178,-1
fold8_room1_mix004,5,4,-178,-1
fold8_room1_mix004,6,4,-178,-1
fold8_room1_mix004,7,4,-178,-1
fold8_room1_mix004,8,4,-177,-1
fold8_room1_mix004,9,4,-177,-1
fold8_room1_mix004,10,4,-177,-1
fold8_room1_mix004,11,4,-177,-1
fold8_room1_mix004,12,4,-177,-1
fold8_room1_mix004,13,4,-177,-1
fold8_room1_mix004,14,4,-177,-1
fold8_room1_mix004,15,4,-176,-1
fold8_room1_mix004,16,4,-176,-1
fold8_room1_mix004,17,4,-176,-1
fold8_room1_mix004,18,4,-175,-1
fold8_room1_mix004,19,4,-175,-1
fold8_room1_mix004,20,4,-175,-1
fold8_room1_mix004,21,4,-175,-1
fold8_room1_mix004,22,4,-174,-1
fold8_room1_mix004,23,4,-174,-1
fold8_room1_mix004,24,4,-174,-2
fold8_room1_mix004,25,4,-173,-2
fold8_room1_mix004,26,4,-173,-2
fold8_room1_mix004,27,4,-172,-2
fold8_room1_mix004,28,4,-171,-2
fold8_room1_mix004,29,4,-171,-2
fold8_room1_mix004,30,4,-170,-3
fold8_room1_mix004,31,4,-168,-3
fold8_room1_mix004,32,4,-167,-3
fold8_room1_mix004,33,4,-165,-4
fold8_room1_mix004,34,4,-163,-5
fold8_room1_mix004,35,4,-160,-6
fold8_room1_mix004,36,4,-157,-6
fold8_room1_mix004,37,4,-138,-8
fold8_room1_mix004,37,4,-142,-9
fold8_room1_mix004,38,4,-127,-10
fold8_room1_mix004,38,4,-131,-11
fold8_room1_mix004,39,4,-114,-12
fold8_room1_mix004,39,4,-117,-14
fold8_room1_mix004,40,4,-87,-13
fold8_room1_mix004,40,4,-92,-16
fold8_room1_mix004,41,4,-56,-11
fold8_room1_mix004,41,4,-58,-13
fold8_room1_mix004,42,4,-40,-9
fold8_room1_mix004,42,4,-38,-10
fold8_room1_mix004,43,4,-31,-7
fold8_room1_mix004,43,4,-28,-8
fold8_room1_mix004,44,4,-25,-6
fold8_room1_mix004,44,4,-23,-6
fold8_room1_mix004,45,4,-20,-4
fold8_room1_mix004,45,4,-19,-4
fold8_room1_mix004,46,4,-15,-3
fold8_room1_mix004,46,4,-15,-3
fold8_room1_mix004,47,4,-12,-3
fold8_room1_mix004,47,4,-12,-3
fold8_room1_mix004,48,4,-10,-2
fold8_room1_mix004,48,4,-10,-2
fold8_room1_mix004,49,4,-7,-2
fold8_room1_mix004,49,4,-9,-2
fold8_room1_mix004,50,4,-6,-2
fold8_room1_mix004,50,4,-8,-2
fold8_room1_mix004,51,4,-6,-2
fold8_room1_mix004,51,4,-8,-2
fold8_room1_mix004,52,4,-5,-1
fold8_room1_mix004,52,4,-7,-1
fold8_room1_mix004,53,4,-5,-1
fold8_room1_mix004,53,4,-7,-1
fold8_room1_mix004,54,4,-5,-1
fold8_room1_mix004,54,4,-6,-1
fold8_room1_mix004,55,4,-5,-1
fold8_room1_mix004,55,4,-6,-1
fold8_room1_mix004,56,4,-4,-1
fold8_room1_mix004,56,4,-5,-1
fold8_room1_mix004,57,4,-4,-1
fold8_room1_mix004,57,4,-5,-1
fold8_room1_mix004,58,4,-4,-1
fold8_room1_mix004,58,4,-5,-1
fold8_room1_mix004,59,4,-4,-1
fold8_room1_mix004,59,4,-4,-1
fold8_room1_mix004,60,4,-4,-1
fold8_room1_mix004,60,4,-5,-1
fold8_room1_mix004,61,4,-4,-1
fold8_room1_mix004,61,4,-5,-1
fold8_room1_mix004,62,4,-4,0
fold8_room1_mix004,62,4,-5,-2
fold8_room1_mix004,63,4,-4,0
fold8_room1_mix004,63,4,-5,-2
fold8_room1_mix004,64,4,-4,0
fold8_room1_mix004,64,4,-171,-5
fold8_room1_mix004,65,4,-4,0
fold8_room1_mix004,65,4,-173,-4
fold8_room1_mix004,66,4,-4,0
fold8_room1_mix004,66,4,-172,-4
fold8_room1_mix004,67,4,-4,0
fold8_room1_mix004,67,4,-172,-5
fold8_room1_mix004,68,4,-3,-1
fold8_room1_mix004,68,4,-171,-5
fold8_room1_mix004,69,4,-4,-1
fold8_room1_mix004,69,4,-170,-5
fold8_room1_mix004,70,4,-4,-2
fold8_room1_mix004,70,4,-168,-5
fold8_room1_mix004,71,4,-4,-3
fold8_room1_mix004,71,4,-167,-6
fold8_room1_mix004,72,4,-8,-5
fold8_room1_mix004,72,4,-161,-8
fold8_room1_mix004,73,4,-14,-10
fold8_room1_mix004,73,4,-153,-14
fold8_room1_mix004,74,4,-21,-14
fold8_room1_mix004,74,4,-144,-19
fold8_room1_mix004,75,4,-25,-16
fold8_room1_mix004,75,4,-120,-28
fold8_room1_mix004,76,4,-21,-13
fold8_room1_mix004,76,4,-49,-24
fold8_room1_mix004,77,4,-23,-12
fold8_room1_mix004,78,4,-17,-9
fold8_room1_mix004,79,4,-14,-7
fold8_room1_mix004,80,4,-12,-6
fold8_room1_mix004,81,4,-9,-4
fold8_room1_mix004,82,4,-8,-4
fold8_room1_mix004,83,4,-7,-3
fold8_room1_mix004,84,4,-6,-3
fold8_room1_mix004,85,4,-6,-3
fold8_room1_mix004,86,4,-5,-2
fold8_room1_mix004,87,4,-5,-2
fold8_room1_mix004,88,4,-4,-2
fold8_room1_mix004,89,4,-4,-2
fold8_room1_mix004,90,4,-3,-2
fold8_room1_mix004,91,4,-3,-2
fold8_room1_mix004,92,4,-3,-1
fold8_room1_mix004,93,4,-3,-1
fold8_room1_mix004,94,4,-2,-1
fold8_room1_mix004,95,4,-2,-1
fold8_room1_mix004,96,4,-3,-1
fold8_room1_mix004,97,4,-3,-1
fold8_room1_mix004,98,4,-3,-1
fold8_room1_mix004,99,4,-3,-1
fold8_room1_mix005,1,4,179,0
fold8_room1_mix005,2,4,179,0
fold8_room1_mix005,3,4,179,0
fold8_room1_mix005,4,4,178,0
fold8_room1_mix005,5,4,178,0
fold8_room1_mix005,6,4,178,0
fold8_room1_mix005,7,4,178,0
fold8_room1_mix005,8,4,178,0
fold8_room1_mix005,9,4,178,0
fold8_room1_mix005,10,4,178,0
fold8_room1_mix005,11,4,178,0
fold8_room1_mix005,12,4,178,0
fold8_room1_mix005,13,4,178,0
fold8_room1_mix005,14,4,178,0
fold8_room1_mix005,15,4,178,0
fold8_room1_mix005,16,4,178,0
fold8_room1_mix005,17,4,178,0
fold8_room1_mix005,18,2,129,-2
fold8_room1_mix005,18,4,178,0
fold8_room1_mix005,19,2,129,-2
fold8_room1_mix005,19,4,178,0
fold8_room1_mix005,20,2,130,-2
fold8_room1_mix005,20,4,178,0
fold8_room1_mix005,21,2,129,-2
fold8_room1_mix005,21,4,177,0
fold8_room1_mix005,22,2,126,-2
fold8_room1_mix005,22,4,177,0
fold8_room1_mix005,23,2,123,-2
fold8_room1_mix005,23,4,177,-1
fold8_room1_mix005,24,2,120,-2
fold8_room1_mix005,24,4,177,-1
fold8_room1_mix005,25,2,119,-2
fold8_room1_mix005,25,4,177,0
fold8_room1_mix005,26,4,177,0
fold8_room1_mix005,27,4,178,0
fold8_room1_mix005,28,4,178,0
fold8_room1_mix005,29,2,112,-3
fold8_room1_mix005,29,4,178,0
fold8_room1_mix005,30,2,110,-2
fold8_room1_mix005,30,4,178,0
fold8_room1_mix005,31,2,107,-2
fold8_room1_mix005,31,4,177,0
fold8_room1_mix005,32,2,106,-2
fold8_room1_mix005,32,4,176,0
fold8_room1_mix005,33,2,105,-3
fold8_room1_mix005,33,4,176,0
fold8_room1_mix005,34,2,103,-3
fold8_room1_mix005,34,4,176,0
fold8_room1_mix005,35,2,101,-3
fold8_room1_mix005,35,4,176,0
fold8_room1_mix005,36,2,99,-3
fold8_room1_mix005,36,4,176,0
fold8_room1_mix005,37,2,98,-3
fold8_room1_mix005,37,4,176,0
fold8_room1_mix005,38,2,97,-3
fold8_room1_mix005,38,4,176,0
fold8_room1_mix005,39,2,96,-3
fold8_room1_mix005,39,4,176,-1
fold8_room1_mix005,40,2,94,-3
fold8_room1_mix005,40,4,176,-1
fold8_room1_mix005,41,2,93,-3
fold8_room1_mix005,41,4,175,-1
fold8_room1_mix005,42,2,92,-3
fold8_room1_mix005,42,4,175,-1
fold8_room1_mix005,43,2,91,-3
fold8_room1_mix005,43,4,174,-1
fold8_room1_mix005,44,2,90,-3
fold8_room1_mix005,44,4,174,-1
fold8_room1_mix005,45,2,88,-3
fold8_room1_mix005,45,4,175,-2
fold8_room1_mix005,46,2,86,-2
fold8_room1_mix005,46,4,175,-2
fold8_room1_mix005,47,2,86,-2
fold8_room1_mix005,47,4,174,-2
fold8_room1_mix005,48,2,85,-2
fold8_room1_mix005,48,4,173,-3
fold8_room1_mix005,49,2,84,-2
fold8_room1_mix005,49,4,173,-3
fold8_room1_mix005,50,2,81,-3
fold8_room1_mix005,50,4,173,-3
fold8_room1_mix005,51,2,76,-2
fold8_room1_mix005,51,4,173,-4
fold8_room1_mix005,52,2,73,-2
fold8_room1_mix005,52,4,173,-4
fold8_room1_mix005,53,2,70,-3
fold8_room1_mix005,53,4,164,-5
fold8_room1_mix005,53,4,-171,-4
fold8_room1_mix005,54,2,68,-3
fold8_room1_mix005,54,4,160,-6
fold8_room1_mix005,54,4,-170,-6
fold8_room1_mix005,55,2,67,-3
fold8_room1_mix005,55,4,148,-8
fold8_room1_mix005,55,4,165,-7
fold8_room1_mix005,55,4,-168,-7
fold8_room1_mix005,56,2,66,-3
fold8_room1_mix005,56,4,141,-9
fold8_room1_mix005,56,4,157,-9
fold8_room1_mix005,56,4,-170,-9
fold8_room1_mix005,57,2,65,-3
fold8_room1_mix005,57,4,135,-12
fold8_room1_mix005,57,4,-178,-14
fold8_room1_mix005,58,2,64,-2
fold8_room1_mix005,58,4,110,-16
fold8_room1_mix005,59,2,63,-2
fold8_room1_mix005,59,4,76,-17
fold8_room1_mix005,60,2,62,-2
fold8_room1_mix005,60,4,50,-14
fold8_room1_mix005,60,4,-18,-21
fold8_room1_mix005,61,2,61,-2
fold8_room1_mix005,61,4,40,-9
fold8_room1_mix005,61,4,10,-15
fold8_room1_mix005,61,4,-31,-12
fold8_room1_mix005,62,2,59,-2
fold8_room1_mix005,62,4,34,-7
fold8_room1_mix005,62,4,-15,-10
fold8_room1_mix005,62,4,-35,-9
fold8_room1_mix005,63,2,57,-2
fold8_room1_mix005,63,4,31,-7
fold8_room1_mix005,63,4,-16,-9
fold8_room1_mix005,63,4,-34,-8
fold8_room1_mix005,64,2,54,-2
fold8_room1_mix005,64,4,28,-6
fold8_room1_mix005,64,4,-15,-8
fold8_room1_mix005,64,4,-32,-8
fold8_room1_mix005,65,2,50,-2
fold8_room1_mix005,65,4,25,-5
fold8_room1_mix005,65,4,-22,-7
fold8_room1_mix005,66,2,49,-2
fold8_room1_mix005,66,4,23,-5
fold8_room1_mix005,66,4,-10,-6
fold8_room1_mix005,66,4,-26,-6
fold8_room1_mix005,67,2,48,-3
fold8_room1_mix005,67,4,20,-4
fold8_room1_mix005,67,4,-6,-6
fold8_room1_mix005,67,4,-22,-5
fold8_room1_mix005,68,4,18,-4
fold8_room1_mix005,68,4,-1,-5
fold8_room1_mix005,68,4,-17,-4
fold8_room1_mix005,69,4,15,-3
fold8_room1_mix005,69,4,-7,-4
fold8_room1_mix005,70,4,0,-4
fold8_room1_mix005,71,4,0,-3
fold8_room1_mix005,72,4,0,-3
fold8_room1_mix005,73,4,0,-3
fold8_room1_mix005,74,4,0,-2
fold8_room1_mix005,75,4,0,-2
fold8_room1_mix005,76,4,0,-2
fold8_room1_mix005,77,4,0,-2
fold8_room1_mix005,78,4,0,-2
fold8_room1_mix005,79,4,0,-1
fold8_room1_mix005,80,4,0,-1
fold8_room1_mix005,81,4,0,-1
fold8_room1_mix005,82,4,0,-1
fold8_room1_mix005,83,4,0,-1
fold8_room1_mix005,84,4,0,-1
fold8_room1_mix005,85,4,0,-1
fold8_room1_mix005,86,4,0,-1
fold8_room1_mix005,87,4,0,-1
fold8_room1_mix005,88,4,0,-1
fold8_room1_mix005,89,4,0,0
fold8_room1_mix005,90,4,0,0
fold8_room1_mix005,91,4,0,0
fold8_room1_mix005,92,4,0,0
fold8_room1_mix005,93,4,0,0
fold8_room1_mix005,94,4,0,0
fold8_room1_mix005,95,4,0,0
fold8_room1_mix005,96,4,0,0
fold8_room1_mix005,97,4,0,0
fold8_room1_mix005,98,4,0,0
fold8_room1_mix005,99,4,0,0
fold8_room1_mix006,1,4,5,-1
fold8_room1_mix006,2,4,5,-1
fold8_room1_mix006,2,4,4,-1
fold8_room1_mix006,3,4,6,-1
fold8_room1_mix006,3,4,5,-1
fold8_room1_mix006,4,4,8,-2
fold8_room1_mix006,4,4,6,-2
fold8_room1_mix006,5,4,9,-2
fold8_room1_mix006,5,4,7,-2
fold8_room1_mix006,6,4,10,-2
fold8_room1_mix006,6,4,7,-2
fold8_room1_mix006,7,4,11,-1
fold8_room1_mix006,7,4,8,-1
fold8_room1_mix006,8,4,11,-1
fold8_room1_mix006,8,4,8,-1
fold8_room1_mix006,9,4,11,-1
fold8_room1_mix006,9,4,8,-1
fold8_room1_mix006,10,4,10,-1
fold8_room1_mix006,10,4,8,-1
fold8_room1_mix006,11,4,10,-1
fold8_room1_mix006,11,4,8,-1
fold8_room1_mix006,12,4,10,-1
fold8_room1_mix006,12,4,8,-1
fold8_room1_mix006,13,4,10,-1
fold8_room1_mix006,13,4,8,-1
fold8_room1_mix006,14,4,10,-1
fold8_room1_mix006,14,4,8,-1
fold8_room1_mix006,15,4,10,-1
fold8_room1_mix006,15,4,8,-2
fold8_room1_mix006,16,4,9,-2
fold8_room1_mix006,16,4,7,-2
fold8_room1_mix006,17,4,8,-2
fold8_room1_mix006,17,4,7,-2
fold8_room1_mix006,18,4,7,-2
fold8_room1_mix006,18,4,6,-2
fold8_room1_mix006,19,3,-165,-1
fold8_room1_mix006,19,4,7,-2
fold8_room1_mix006,19,4,6,-2
fold8_room1_mix006,20,3,-162,-1
fold8_room1_mix006,20,4,6,-2
fold8_room1_mix006,20,4,5,-2
fold8_room1_mix006,21,3,-161,-1
fold8_room1_mix006,21,4,6,-2
fold8_room1_mix006,21,4,6,-2
fold8_room1_mix006,22,3,-161,-1
fold8_room1_mix006,22,4,7,-2
fold8_room1_mix006,22,4,6,-2
fold8_room1_mix006,23,3,-162,-1
fold8_room1_mix006,23,4,7,-2
fold8_room1_mix006,23,4,7,-1
fold8_room1_mix006,24,3,-163,-1
fold8_room1_mix006,24,4,8,-2
fold8_room1_mix006,24,4,7,-2
fold8_room1_mix006,25,3,-165,-1
fold8_room1_mix006,25,4,9,-2
fold8_room1_mix006,25,4,8,-2
fold8_room1_mix006,26,3,-166,-1
fold8_room1_mix006,26,4,11,-3
fold8_room1_mix006,26,4,9,-2
fold8_room1_mix006,27,4,11,-3
fold8_room1_mix006,27,4,9,-3
fold8_room1_mix006,28,3,-165,-1
fold8_room1_mix006,28,4,10,-3
fold8_room1_mix006,28,4,8,-3
fold8_room1_mix006,29,3,-163,-1
fold8_room1_mix006,29,4,9,-3
fold8_room1_mix006,29,4,7,-3
fold8_room1_mix006,30,3,-161,-2
fold8_room1_mix006,30,4,8,-3
fold8_room1_mix006,30,4,7,-3
fold8_room1_mix006,31,3,-160,-2
fold8_room1_mix006,31,4,9,-3
fold8_room1_mix006,31,4,6,-3
fold8_room1_mix006,32,3,-160,-2
fold8_room1_mix006,32,4,9,-3
fold8_room1_mix006,32,4,6,-4
fold8_room1_mix006,33,3,-160,-2
fold8_room1_mix006,33,4,10,-3
fold8_room1_mix006,33,4,6,-4
fold8_room1_mix006,34,3,-161,-2
fold8_room1_mix006,34,4,11,-4
fold8_room1_mix006,34,4,7,-4
fold8_room1_mix006,35,3,-161,-2
fold8_room1_mix006,35,4,13,-4
fold8_room1_mix006,35,4,8,-4
fold8_room1_mix006,36,3,-162,-2
fold8_room1_mix006,36,4,14,-4
fold8_room1_mix006,36,4,9,-4
fold8_room1_mix006,37,3,-160,-2
fold8_room1_mix006,37,4,19,-5
fold8_room1_mix006,37,4,-161,-5
fold8_room1_mix006,37,4,0,-6
fold8_room1_mix006,38,3,-158,-2
fold8_room1_mix006,38,4,24,-7
fold8_room1_mix006,38,4,-156,-6
fold8_room1_mix006,38,4,-6,-8
fold8_room1_mix006,39,3,-156,-2
fold8_room1_mix006,39,4,30,-8
fold8_room1_mix006,39,4,-150,-7
fold8_room1_mix006,39,4,-17,-12
fold8_room1_mix006,40,3,-155,-2
fold8_room1_mix006,40,4,38,-10
fold8_room1_mix006,40,4,-148,-9
fold8_room1_mix006,41,3,-156,-2
fold8_room1_mix006,41,4,49,-14
fold8_room1_mix006,41,4,-149,-13
fold8_room1_mix006,42,3,-156,-2
fold8_room1_mix006,42,4,64,-17
fold8_room1_mix006,43,3,-156,-2
fold8_room1_mix006,43,4,85,-20
fold8_room1_mix006,44,3,-155,-2
fold8_room1_mix006,44,4,108,-18
fold8_room1_mix006,44,4,-121,-15
fold8_room1_mix006,45,3,-154,-2
fold8_room1_mix006,45,4,127,-16
fold8_room1_mix006,45,4,155,-18
fold8_room1_mix006,45,4,-128,-12
fold8_room1_mix006,46,3,-153,-2
fold8_room1_mix006,46,4,144,-14
fold8_room1_mix006,46,4,-131,-10
fold8_room1_mix006,47,3,-151,-2
fold8_room1_mix006,47,4,153,-13
fold8_room1_mix006,47,4,-126,-9
fold8_room1_mix006,48,3,-150,-2
fold8_room1_mix006,48,4,172,-15
fold8_room1_mix006,48,4,157,-9
fold8_room1_mix006,48,4,-119,-9
fold8_room1_mix006,49,3,-148,-2
fold8_room1_mix006,49,4,-160,-14
fold8_room1_mix006,49,4,158,-7
fold8_room1_mix006,49,4,-111,-9
fold8_room1_mix006,50,3,-149,-2
fold8_room1_mix006,50,4,160,-5
fold8_room1_mix006,50,4,-103,-8
fold8_room1_mix006,51,3,-149,-2
fold8_room1_mix006,51,4,160,-4
fold8_room1_mix006,51,4,-95,-7
fold8_room1_mix006,52,3,-149,-2
fold8_room1_mix006,52,4,161,-3
fold8_room1_mix006,52,4,-88,-6
fold8_room1_mix006,53,3,-149,-3
fold8_room1_mix006,53,4,-39,-9
fold8_room1_mix006,53,4,161,-3
fold8_room1_mix006,53,4,-86,-6
fold8_room1_mix006,54,3,-147,-3
fold8_room1_mix006,54,4,-35,-7
fold8_room1_mix006,54,4,161,-3
fold8_room1_mix006,54,4,-85,-6
fold8_room1_mix006,55,3,-146,-3
fold8_room1_mix006,55,4,-33,-6
fold8_room1_mix006,55,4,160,-3
fold8_room1_mix006,55,4,-85,-6
fold8_room1_mix006,56,3,-144,-3
fold8_room1_mix006,56,4,-32,-5
fold8_room1_mix006,56,4,162,-2
fold8_room1_mix006,56,4,-85,-6
fold8_room1_mix006,57,3,-141,-3
fold8_room1_mix006,57,4,-29,-5
fold8_room1_mix006,57,4,165,-2
fold8_room1_mix006,57,4,-87,-8
fold8_room1_mix006,58,3,-139,-3
fold8_room1_mix006,58,4,-26,-5
fold8_room1_mix006,58,4,168,-2
fold8_room1_mix006,59,3,-138,-3
fold8_room1_mix006,59,4,-23,-5
fold8_room1_mix006,59,4,170,-1
fold8_room1_mix006,60,3,-135,-3
fold8_room1_mix006,60,4,-22,-4
fold8_room1_mix006,60,4,172,-2
fold8_room1_mix006,61,3,-127,-4
fold8_room1_mix006,61,4,-21,-4
fold8_room1_mix006,61,4,174,-2
fold8_room1_mix006,62,4,-21,-3
fold8_room1_mix006,62,4,-179,-5
fold8_room1_mix006,63,4,-19,-3
fold8_room1_mix006,63,4,-179,-3
fold8_room1_mix006,64,4,-18,-3
fold8_room1_mix006,64,4,179,-3
fold8_room1_mix006,65,4,-17,-3
fold8_room1_mix006,65,4,179,-3
fold8_room1_mix006,66,4,-16,-3
fold8_room1_mix006,66,4,179,-2
fold8_room1_mix006,67,4,-15,-3
fold8_room1_mix006,67,4,178,-2
fold8_room1_mix006,68,4,-14,-3
fold8_room1_mix006,68,4,178,-2
fold8_room1_mix006,69,4,-13,-2
fold8_room1_mix006,69,4,177,-2
fold8_room1_mix006,70,4,-14,-2
fold8_room1_mix006,70,4,177,-2
fold8_room1_mix006,71,4,-14,-2
fold8_room1_mix006,71,4,176,-2
fold8_room1_mix006,72,4,-14,-2
fold8_room1_mix006,72,4,176,-2
fold8_room1_mix006,73,4,-13,-2
fold8_room1_mix006,73,4,176,-2
fold8_room1_mix006,74,4,-12,-2
fold8_room1_mix006,74,4,176,-2
fold8_room1_mix006,75,4,-12,-2
fold8_room1_mix006,75,4,176,-2
fold8_room1_mix006,76,4,-11,-1
fold8_room1_mix006,76,4,176,-2
fold8_room1_mix006,77,4,-10,-1
fold8_room1_mix006,77,4,176,-2
fold8_room1_mix006,78,4,-9,-1
fold8_room1_mix006,78,4,176,-1
fold8_room1_mix006,79,4,-9,-1
fold8_room1_mix006,79,4,176,-1
fold8_room1_mix006,80,4,-9,-1
fold8_room1_mix006,80,4,176,-1
fold8_room1_mix006,81,4,-8,-1
fold8_room1_mix006,81,4,176,-1
fold8_room1_mix006,82,4,-8,-1
fold8_room1_mix006,82,4,176,-1
fold8_room1_mix006,83,4,-8,-1
fold8_room1_mix006,83,4,176,-1
fold8_room1_mix006,84,4,-8,-1
fold8_room1_mix006,84,4,176,-1
fold8_room1_mix006,85,4,-8,-1
fold8_room1_mix006,85,4,176,-1
fold8_room1_mix006,86,4,-8,-1
fold8_room1_mix006,86,4,176,-1
fold8_room1_mix006,87,4,-7,-2
fold8_room1_mix006,87,4,177,-1
fold8_room1_mix006,88,4,-7,-2
fold8_room1_mix006,88,4,177,-1
fold8_room1_mix006,89,4,-7,-1
fold8_room1_mix006,89,4,177,-1
fold8_room1_mix006,90,4,-7,-1
fold8_room1_mix006,90,4,177,-1
fold8_room1_mix006,91,4,-6,-1
fold8_room1_mix006,91,4,177,-1
fold8_room1_mix006,92,4,-6,-1
fold8_room1_mix006,92,4,177,-1
fold8_room1_mix006,93,4,-6,-1
fold8_room1_mix006,93,4,178,-1
fold8_room1_mix006,94,4,-5,-1
fold8_room1_mix006,94,4,178,-1
fold8_room1_mix006,95,4,-5,-1
fold8_room1_mix006,95,4,178,-1
fold8_room1_mix006,96,4,-4,-1
fold8_room1_mix006,96,4,178,-1
fold8_room1_mix006,97,4,-4,-1
fold8_room1_mix006,97,4,178,-1
fold8_room1_mix006,98,4,-3,-1
fold8_room1_mix006,98,4,178,0
fold8_room1_mix006,99,4,-3,-1
fold8_room1_mix006,99,4,179,0
fold8_room1_mix006,0,4,6,-1
fold8_room1_mix007,1,4,174,-1
fold8_room1_mix007,2,4,174,0
fold8_room1_mix007,3,4,172,0
fold8_room1_mix007,4,4,170,0
fold8_room1_mix007,5,4,170,0
fold8_room1_mix007,6,4,171,-1
fold8_room1_mix007,7,4,171,-1
fold8_room1_mix007,8,4,171,-1
fold8_room1_mix007,9,4,171,-1
fold8_room1_mix007,10,4,170,-1
fold8_room1_mix007,11,4,170,-1
fold8_room1_mix007,12,4,170,-1
fold8_room1_mix007,13,4,170,-1
fold8_room1_mix007,14,4,169,-1
fold8_room1_mix007,15,4,169,-1
fold8_room1_mix007,16,4,169,-1
fold8_room1_mix007,17,4,169,-1
fold8_room1_mix007,18,4,168,-1
fold8_room1_mix007,19,4,157,-1
fold8_room1_mix007,19,4,174,-1
fold8_room1_mix007,20,4,156,-1
fold8_room1_mix007,20,4,173,-1
fold8_room1_mix007,21,4,156,-1
fold8_room1_mix007,21,4,173,-1
fold8_room1_mix007,22,4,155,-1
fold8_room1_mix007,22,4,173,-2
fold8_room1_mix007,23,4,154,-2
fold8_room1_mix007,23,4,172,-2
fold8_room1_mix007,24,4,154,-2
fold8_room1_mix007,24,4,172,-2
fold8_room1_mix007,25,4,153,-2
fold8_room1_mix007,25,4,172,-2
fold8_room1_mix007,26,4,153,-2
fold8_room1_mix007,26,4,172,-2
fold8_room1_mix007,27,4,152,-2
fold8_room1_mix007,27,4,172,-2
fold8_room1_mix007,28,4,151,-2
fold8_room1_mix007,28,4,172,-2
fold8_room1_mix007,29,4,150,-2
fold8_room1_mix007,29,4,172,-2
fold8_room1_mix007,30,4,149,-2
fold8_room1_mix007,30,4,171,-2
fold8_room1_mix007,31,4,147,-2
fold8_room1_mix007,31,4,171,-2
fold8_room1_mix007,32,4,145,-3
fold8_room1_mix007,32,4,170,-2
fold8_room1_mix007,33,4,143,-3
fold8_room1_mix007,33,4,170,-2
fold8_room1_mix007,34,4,140,-3
fold8_room1_mix007,34,4,170,-3
fold8_room1_mix007,35,4,138,-3
fold8_room1_mix007,35,4,170,-3
fold8_room1_mix007,36,4,135,-3
fold8_room1_mix007,36,4,169,-3
fold8_room1_mix007,37,4,132,-4
fold8_room1_mix007,37,4,169,-3
fold8_room1_mix007,38,4,128,-4
fold8_room1_mix007,38,4,168,-3
fold8_room1_mix007,39,4,124,-4
fold8_room1_mix007,39,4,168,-3
fold8_room1_mix007,40,4,119,-5
fold8_room1_mix007,40,4,168,-3
fold8_room1_mix007,41,4,113,-5
fold8_room1_mix007,41,4,168,-2
fold8_room1_mix007,42,4,105,-6
fold8_room1_mix007,42,4,168,-2
fold8_room1_mix007,43,4,96,-6
fold8_room1_mix007,43,4,168,-1
fold8_room1_mix007,44,4,85,-6
fold8_room1_mix007,44,4,167,-1
fold8_room1_mix007,45,4,73,-6
fold8_room1_mix007,45,4,166,-1
fold8_room1_mix007,46,4,64,-5
fold8_room1_mix007,46,4,165,-1
fold8_room1_mix007,47,4,57,-5
fold8_room1_mix007,47,4,164,-1
fold8_room1_mix007,48,4,53,-4
fold8_room1_mix007,48,4,171,-1
fold8_room1_mix007,48,4,155,-1
fold8_room1_mix007,49,4,48,-4
fold8_room1_mix007,49,4,172,-1
fold8_room1_mix007,49,4,153,-2
fold8_room1_mix007,50,4,43,-3
fold8_room1_mix007,50,4,172,-1
fold8_room1_mix007,50,4,152,-1
fold8_room1_mix007,51,4,39,-3
fold8_room1_mix007,51,4,172,-1
fold8_room1_mix007,51,4,151,-1
fold8_room1_mix007,52,4,36,-2
fold8_room1_mix007,52,4,172,-1
fold8_room1_mix007,52,4,149,-1
fold8_room1_mix007,53,4,34,-2
fold8_room1_mix007,53,4,172,-1
fold8_room1_mix007,53,4,148,-1
fold8_room1_mix007,54,4,33,-1
fold8_room1_mix007,54,4,172,-1
fold8_room1_mix007,54,4,146,-1
fold8_room1_mix007,55,4,32,-1
fold8_room1_mix007,55,4,173,-2
fold8_room1_mix007,55,4,142,-1
fold8_room1_mix007,56,4,30,-1
fold8_room1_mix007,56,4,173,-2
fold8_room1_mix007,57,4,29,-1
fold8_room1_mix007,57,4,174,-2
fold8_room1_mix007,57,4,48,-2
fold8_room1_mix007,58,4,28,0
fold8_room1_mix007,58,4,28,-1
fold8_room1_mix007,59,4,27,0
fold8_room1_mix007,59,4,25,-1
fold8_room1_mix007,60,4,26,0
fold8_room1_mix007,60,4,25,-1
fold8_room1_mix007,61,4,25,0
fold8_room1_mix007,61,4,24,-1
fold8_room1_mix007,62,4,24,0
fold8_room1_mix007,62,4,24,-1
fold8_room1_mix007,63,4,24,0
fold8_room1_mix007,63,4,177,-3
fold8_room1_mix007,64,4,24,0
fold8_room1_mix007,64,4,177,-4
fold8_room1_mix007,64,4,153,-4
fold8_room1_mix007,65,4,24,0
fold8_room1_mix007,65,4,172,-3
fold8_room1_mix007,66,4,24,0
fold8_room1_mix007,66,4,172,-3
fold8_room1_mix007,67,4,23,0
fold8_room1_mix007,67,4,173,-3
fold8_room1_mix007,68,4,23,0
fold8_room1_mix007,68,4,173,-3
fold8_room1_mix007,69,4,22,0
fold8_room1_mix007,69,4,173,-4
fold8_room1_mix007,70,4,22,0
fold8_room1_mix007,70,4,173,-4
fold8_room1_mix007,71,4,21,0
fold8_room1_mix007,71,4,173,-4
fold8_room1_mix007,72,4,21,-1
fold8_room1_mix007,72,4,173,-4
fold8_room1_mix007,73,4,22,-1
fold8_room1_mix007,73,4,172,-4
fold8_room1_mix007,74,4,22,-1
fold8_room1_mix007,74,4,172,-5
fold8_room1_mix007,75,4,23,-2
fold8_room1_mix007,75,4,172,-5
fold8_room1_mix007,76,4,24,-2
fold8_room1_mix007,76,4,171,-6
fold8_room1_mix007,77,4,26,-3
fold8_room1_mix007,77,4,170,-6
fold8_room1_mix007,78,4,28,-4
fold8_room1_mix007,78,4,169,-7
fold8_room1_mix007,79,4,31,-5
fold8_room1_mix007,79,4,167,-8
fold8_room1_mix007,80,4,37,-6
fold8_room1_mix007,80,4,165,-9
fold8_room1_mix007,81,4,47,-8
fold8_room1_mix007,81,4,162,-10
fold8_room1_mix007,82,4,55,-12
fold8_room1_mix007,82,4,155,-14
fold8_room1_mix007,83,4,60,-17
fold8_room1_mix007,83,4,145,-19
fold8_room1_mix007,84,4,65,-21
fold8_room1_mix007,84,4,131,-25
fold8_room1_mix007,85,4,57,-21
fold8_room1_mix007,85,4,110,-31
fold8_room1_mix007,86,4,45,-19
fold8_room1_mix007,86,4,82,-32
fold8_room1_mix007,87,4,37,-17
fold8_room1_mix007,87,4,59,-28
fold8_room1_mix007,88,4,39,-20
fold8_room1_mix007,89,4,30,-15
fold8_room1_mix007,90,4,22,-11
fold8_room1_mix007,91,4,16,-8
fold8_room1_mix007,92,4,15,-7
fold8_room1_mix007,93,4,14,-6
fold8_room1_mix007,94,4,12,-6
fold8_room1_mix007,95,4,12,-5
fold8_room1_mix007,96,4,11,-5
fold8_room1_mix007,97,4,10,-4
fold8_room1_mix007,98,4,10,-4
fold8_room1_mix007,99,4,9,-4
fold8_room1_mix008,1,4,178,0
fold8_room1_mix008,2,4,178,0
fold8_room1_mix008,3,4,177,0
fold8_room1_mix008,4,4,176,0
fold8_room1_mix008,5,4,176,0
fold8_room1_mix008,6,4,176,0
fold8_room1_mix008,7,4,176,0
fold8_room1_mix008,8,4,176,-1
fold8_room1_mix008,9,4,176,-1
fold8_room1_mix008,10,4,176,-1
fold8_room1_mix008,11,4,176,-1
fold8_room1_mix008,12,4,176,-1
fold8_room1_mix008,13,4,176,-1
fold8_room1_mix008,14,4,176,-1
fold8_room1_mix008,15,4,176,-1
fold8_room1_mix008,16,4,176,-1
fold8_room1_mix008,17,4,176,-1
fold8_room1_mix008,18,4,175,-1
fold8_room1_mix008,19,4,175,-1
fold8_room1_mix008,20,4,175,-1
fold8_room1_mix008,21,4,174,-1
fold8_room1_mix008,22,4,174,-1
fold8_room1_mix008,23,4,174,-1
fold8_room1_mix008,24,4,174,-1
fold8_room1_mix008,25,4,174,-1
fold8_room1_mix008,26,4,174,-1
fold8_room1_mix008,27,4,174,-1
fold8_room1_mix008,28,4,174,-1
fold8_room1_mix008,29,4,174,-1
fold8_room1_mix008,30,4,173,-1
fold8_room1_mix008,31,4,173,-1
fold8_room1_mix008,32,4,173,-1
fold8_room1_mix008,33,4,173,-1
fold8_room1_mix008,34,4,173,-2
fold8_room1_mix008,35,4,173,-2
fold8_room1_mix008,36,4,173,-2
fold8_room1_mix008,37,4,173,-2
fold8_room1_mix008,38,4,173,-2
fold8_room1_mix008,39,4,173,-2
fold8_room1_mix008,40,4,173,-2
fold8_room1_mix008,41,4,173,-2
fold8_room1_mix008,42,4,172,-2
fold8_room1_mix008,43,4,172,-2
fold8_room1_mix008,44,4,172,-2
fold8_room1_mix008,45,4,172,-2
fold8_room1_mix008,46,4,172,-2
fold8_room1_mix008,47,4,171,-2
fold8_room1_mix008,48,4,171,-2
fold8_room1_mix008,49,4,171,-2
fold8_room1_mix008,50,4,170,-3
fold8_room1_mix008,51,4,169,-3
fold8_room1_mix008,52,4,169,-3
fold8_room1_mix008,53,4,168,-3
fold8_room1_mix008,54,4,167,-4
fold8_room1_mix008,55,4,166,-4
fold8_room1_mix008,56,4,165,-4
fold8_room1_mix008,57,4,163,-5
fold8_room1_mix008,58,4,162,-5
fold8_room1_mix008,59,4,158,-6
fold8_room1_mix008,60,4,140,-8
fold8_room1_mix008,60,4,145,-8
fold8_room1_mix008,61,4,132,-11
fold8_room1_mix008,61,4,136,-10
fold8_room1_mix008,62,4,119,-13
fold8_room1_mix008,62,4,123,-12
fold8_room1_mix008,63,4,84,-15
fold8_room1_mix008,63,4,91,-14
fold8_room1_mix008,64,4,51,-12
fold8_room1_mix008,64,4,56,-12
fold8_room1_mix008,65,4,37,-10
fold8_room1_mix008,65,4,40,-9
fold8_room1_mix008,66,4,31,-8
fold8_room1_mix008,66,4,34,-8
fold8_room1_mix008,67,4,27,-7
fold8_room1_mix008,67,4,30,-7
fold8_room1_mix008,68,4,24,-7
fold8_room1_mix008,68,4,27,-6
fold8_room1_mix008,69,4,22,-6
fold8_room1_mix008,69,4,26,-6
fold8_room1_mix008,70,4,22,-6
fold8_room1_mix008,70,4,27,-6
fold8_room1_mix008,71,4,21,-6
fold8_room1_mix008,71,4,168,-7
fold8_room1_mix008,71,4,38,-7
fold8_room1_mix008,72,4,20,-7
fold8_room1_mix008,72,4,164,-8
fold8_room1_mix008,72,4,51,-11
fold8_room1_mix008,73,4,19,-7
fold8_room1_mix008,73,4,159,-9
fold8_room1_mix008,73,4,62,-14
fold8_room1_mix008,74,4,18,-8
fold8_room1_mix008,74,4,154,-11
fold8_room1_mix008,74,4,75,-18
fold8_room1_mix008,75,4,20,-9
fold8_room1_mix008,75,4,148,-13
fold8_room1_mix008,75,4,86,-20
fold8_room1_mix008,76,4,29,-11
fold8_room1_mix008,76,4,139,-15
fold8_room1_mix008,76,4,92,-21
fold8_room1_mix008,77,4,40,-13
fold8_room1_mix008,77,4,128,-18
fold8_room1_mix008,77,4,97,-22
fold8_room1_mix008,78,4,49,-15
fold8_room1_mix008,78,4,105,-22
fold8_room1_mix008,79,4,43,-13
fold8_room1_mix008,79,4,84,-22
fold8_room1_mix008,80,4,36,-12
fold8_room1_mix008,80,4,61,-20
fold8_room1_mix008,81,4,40,-14
fold8_room1_mix008,82,4,32,-12
fold8_room1_mix008,83,4,26,-10
fold8_room1_mix008,84,4,21,-8
fold8_room1_mix008,85,4,18,-7
fold8_room1_mix008,86,4,17,-7
fold8_room1_mix008,87,4,16,-6
fold8_room1_mix008,88,4,15,-6
fold8_room1_mix008,89,4,14,-5
fold8_room1_mix008,90,4,13,-5
fold8_room1_mix008,91,4,12,-5
fold8_room1_mix008,92,4,11,-4
fold8_room1_mix008,93,4,11,-4
fold8_room1_mix008,94,4,10,-4
fold8_room1_mix008,95,4,10,-4
fold8_room1_mix008,96,4,10,-4
fold8_room1_mix008,97,4,10,-3
fold8_room1_mix008,98,4,9,-3
fold8_room1_mix008,99,4,8,-3
fold8_room1_mix009,0,5,17,8
fold8_room1_mix009,1,5,17,8
fold8_room1_mix009,2,5,18,8
fold8_room1_mix009,3,5,18,8
fold8_room1_mix009,4,5,19,8
fold8_room1_mix009,5,5,19,8
fold8_room1_mix009,6,5,19,8
fold8_room1_mix009,7,5,19,8
fold8_room1_mix009,8,5,19,7
fold8_room1_mix009,9,5,19,7
fold8_room1_mix009,10,4,21,-1
fold8_room1_mix009,10,5,20,7
fold8_room1_mix009,11,4,21,-1
fold8_room1_mix009,11,5,20,7
fold8_room1_mix009,12,5,20,7
fold8_room1_mix009,13,5,21,7
fold8_room1_mix009,14,5,21,7
fold8_room1_mix009,15,5,21,7
fold8_room1_mix009,16,5,21,7
fold8_room1_mix009,17,4,34,-1
fold8_room1_mix009,17,5,21,7
fold8_room1_mix009,18,4,34,-1
fold8_room1_mix009,18,5,21,7
fold8_room1_mix009,19,4,34,-1
fold8_room1_mix009,19,5,21,7
fold8_room1_mix009,20,4,34,-1
fold8_room1_mix009,20,5,21,7
fold8_room1_mix009,21,4,36,-1
fold8_room1_mix009,21,5,20,7
fold8_room1_mix009,22,4,38,-1
fold8_room1_mix009,22,5,20,7
fold8_room1_mix009,23,4,40,-1
fold8_room1_mix009,23,5,20,7
fold8_room1_mix009,24,4,40,-1
fold8_room1_mix009,24,5,20,7
fold8_room1_mix009,25,4,40,-1
fold8_room1_mix009,25,5,20,6
fold8_room1_mix009,26,4,40,-1
fold8_room1_mix009,26,5,20,6
fold8_room1_mix009,27,4,40,-1
fold8_room1_mix009,27,5,20,6
fold8_room1_mix009,28,4,40,-1
fold8_room1_mix009,28,5,20,6
fold8_room1_mix009,29,4,39,-1
fold8_room1_mix009,29,5,20,6
fold8_room1_mix009,30,4,39,-1
fold8_room1_mix009,30,5,20,6
fold8_room1_mix009,31,4,40,-1
fold8_room1_mix009,31,5,20,6
fold8_room1_mix009,32,4,40,-1
fold8_room1_mix009,32,5,21,6
fold8_room1_mix009,33,4,41,-1
fold8_room1_mix009,33,5,21,6
fold8_room1_mix009,34,4,42,-1
fold8_room1_mix009,34,5,21,6
fold8_room1_mix009,35,4,42,-1
fold8_room1_mix009,35,5,20,6
fold8_room1_mix009,36,4,43,-1
fold8_room1_mix009,36,5,20,6
fold8_room1_mix009,37,4,44,-1
fold8_room1_mix009,37,5,20,6
fold8_room1_mix009,38,4,44,-1
fold8_room1_mix009,38,5,20,6
fold8_room1_mix009,39,4,45,-2
fold8_room1_mix009,39,5,20,6
fold8_room1_mix009,40,4,46,-2
fold8_room1_mix009,40,5,20,6
fold8_room1_mix009,41,4,47,-2
fold8_room1_mix009,41,5,20,7
fold8_room1_mix009,42,4,48,-2
fold8_room1_mix009,42,5,20,7
fold8_room1_mix009,43,4,49,-2
fold8_room1_mix009,43,5,20,7
fold8_room1_mix009,44,4,50,-2
fold8_room1_mix009,44,5,20,7
fold8_room1_mix009,45,4,51,-2
fold8_room1_mix009,45,5,20,7
fold8_room1_mix009,46,4,52,-2
fold8_room1_mix009,46,5,20,6
fold8_room1_mix009,47,4,53,-2
fold8_room1_mix009,47,5,20,6
fold8_room1_mix009,48,4,53,-2
fold8_room1_mix009,48,5,20,6
fold8_room1_mix009,49,4,54,-2
fold8_room1_mix009,49,5,20,6
fold8_room1_mix009,50,4,55,-2
fold8_room1_mix009,50,5,20,6
fold8_room1_mix009,51,4,56,-2
fold8_room1_mix009,51,5,20,7
fold8_room1_mix009,52,4,57,-2
fold8_room1_mix009,52,5,21,7
fold8_room1_mix009,53,4,58,-2
fold8_room1_mix009,53,5,21,7
fold8_room1_mix009,54,4,60,-2
fold8_room1_mix009,54,5,21,7
fold8_room1_mix009,55,4,61,-2
fold8_room1_mix009,55,5,21,6
fold8_room1_mix009,56,4,63,-2
fold8_room1_mix009,56,5,20,6
fold8_room1_mix009,57,4,64,-2
fold8_room1_mix009,57,5,20,6
fold8_room1_mix009,58,4,65,-2
fold8_room1_mix009,58,5,20,6
fold8_room1_mix009,59,4,66,-2
fold8_room1_mix009,59,5,20,6
fold8_room1_mix009,60,4,67,-2
fold8_room1_mix009,60,5,20,6
fold8_room1_mix009,61,4,69,-2
fold8_room1_mix009,61,5,20,6
fold8_room1_mix009,62,4,70,-2
fold8_room1_mix009,62,5,20,6
fold8_room1_mix009,63,4,72,-2
fold8_room1_mix009,63,5,20,6
fold8_room1_mix009,64,4,73,-2
fold8_room1_mix009,64,5,20,6
fold8_room1_mix009,65,4,75,-2
fold8_room1_mix009,65,5,20,6
fold8_room1_mix009,66,4,77,-2
fold8_room1_mix009,66,5,20,6
fold8_room1_mix009,67,4,78,-2
fold8_room1_mix009,67,5,20,6
fold8_room1_mix009,68,4,80,-2
fold8_room1_mix009,68,5,20,6
fold8_room1_mix009,69,4,81,-2
fold8_room1_mix009,69,5,20,6
fold8_room1_mix009,70,4,82,-3
fold8_room1_mix009,70,5,20,6
fold8_room1_mix009,71,4,84,-3
fold8_room1_mix009,71,5,20,6
fold8_room1_mix009,72,4,85,-3
fold8_room1_mix009,72,5,20,6
fold8_room1_mix009,73,4,88,-3
fold8_room1_mix009,73,5,20,6
fold8_room1_mix009,74,4,90,-2
fold8_room1_mix009,74,5,20,6
fold8_room1_mix009,75,4,92,-2
fold8_room1_mix009,75,5,20,7
fold8_room1_mix009,76,4,94,-2
fold8_room1_mix009,76,5,20,7
fold8_room1_mix009,77,4,96,-2
fold8_room1_mix009,77,5,20,7
fold8_room1_mix009,78,4,98,-2
fold8_room1_mix009,78,5,20,7
fold8_room1_mix009,79,4,100,-2
fold8_room1_mix009,79,5,20,7
fold8_room1_mix009,80,4,101,-2
fold8_room1_mix009,80,5,20,6
fold8_room1_mix009,81,4,102,-2
fold8_room1_mix009,81,5,20,6
fold8_room1_mix009,82,4,103,-2
fold8_room1_mix009,82,5,20,6
fold8_room1_mix009,83,4,104,-2
fold8_room1_mix009,83,5,19,6
fold8_room1_mix009,84,4,104,-2
fold8_room1_mix009,84,5,19,6
fold8_room1_mix009,85,4,106,-2
fold8_room1_mix009,85,5,19,6
fold8_room1_mix009,86,4,107,-2
fold8_room1_mix009,86,5,20,6
fold8_room1_mix009,87,4,108,-2
fold8_room1_mix009,87,5,20,6
fold8_room1_mix009,88,4,109,-2
fold8_room1_mix009,88,5,20,6
fold8_room1_mix009,89,4,111,-2
fold8_room1_mix009,89,5,20,6
fold8_room1_mix009,90,4,113,-2
fold8_room1_mix009,90,5,20,6
fold8_room1_mix009,91,4,114,-2
fold8_room1_mix009,91,5,20,6
fold8_room1_mix009,92,4,116,-2
fold8_room1_mix009,92,5,20,6
fold8_room1_mix009,93,4,118,-2
fold8_room1_mix009,93,5,21,6
fold8_room1_mix009,94,4,119,-2
fold8_room1_mix009,94,5,21,6
fold8_room1_mix009,95,4,120,-1
fold8_room1_mix009,95,5,21,6
fold8_room1_mix009,96,4,122,-1
fold8_room1_mix009,96,5,22,6
fold8_room1_mix009,97,4,123,-1
fold8_room1_mix009,97,5,22,6
fold8_room1_mix009,98,4,125,-1
fold8_room1_mix009,98,5,21,6
fold8_room1_mix009,99,4,127,-1
fold8_room1_mix009,99,5,20,6
fold8_room1_mix010,0,4,176,-1
fold8_room1_mix010,1,4,176,-1
fold8_room1_mix010,2,4,175,-1
fold8_room1_mix010,3,4,175,-1
fold8_room1_mix010,4,4,174,-1
fold8_room1_mix010,5,4,174,-2
fold8_room1_mix010,6,0,-160,0
fold8_room1_mix010,6,4,174,-2
fold8_room1_mix010,7,0,-155,0
fold8_room1_mix010,7,4,174,-2
fold8_room1_mix010,8,0,-153,0
fold8_room1_mix010,8,4,174,-2
fold8_room1_mix010,9,0,-153,-1
fold8_room1_mix010,9,4,174,-2
fold8_room1_mix010,10,0,-153,-1
fold8_room1_mix010,10,4,174,-2
fold8_room1_mix010,11,0,-153,-1
fold8_room1_mix010,11,4,174,-2
fold8_room1_mix010,12,0,-152,-1
fold8_room1_mix010,12,4,174,-2
fold8_room1_mix010,13,0,-150,-1
fold8_room1_mix010,13,4,174,-2
fold8_room1_mix010,14,0,-149,-1
fold8_room1_mix010,14,4,174,-2
fold8_room1_mix010,15,0,-148,-1
fold8_room1_mix010,15,4,174,-2
fold8_room1_mix010,16,0,-147,-1
fold8_room1_mix010,16,4,174,-2
fold8_room1_mix010,17,0,-146,-1
fold8_room1_mix010,17,4,174,-2
fold8_room1_mix010,18,0,-144,-1
fold8_room1_mix010,18,4,174,-2
fold8_room1_mix010,19,0,-141,-1
fold8_room1_mix010,19,4,174,-3
fold8_room1_mix010,20,0,-138,-1
fold8_room1_mix010,20,4,174,-3
fold8_room1_mix010,21,0,-136,-2
fold8_room1_mix010,21,4,174,-3
fold8_room1_mix010,22,0,-134,-2
fold8_room1_mix010,22,4,174,-3
fold8_room1_mix010,23,0,-133,-2
fold8_room1_mix010,23,4,174,-3
fold8_room1_mix010,24,0,-131,-2
fold8_room1_mix010,24,4,174,-3
fold8_room1_mix010,25,0,-129,-2
fold8_room1_mix010,25,4,174,-3
fold8_room1_mix010,26,0,-126,-2
fold8_room1_mix010,26,4,173,-3
fold8_room1_mix010,27,0,-123,-2
fold8_room1_mix010,27,4,173,-3
fold8_room1_mix010,28,0,-119,-2
fold8_room1_mix010,28,4,173,-3
fold8_room1_mix010,29,0,-115,-2
fold8_room1_mix010,29,4,173,-3
fold8_room1_mix010,30,0,-111,-2
fold8_room1_mix010,30,4,173,-3
fold8_room1_mix010,31,0,-106,-3
fold8_room1_mix010,31,4,173,-3
fold8_room1_mix010,32,0,-100,-3
fold8_room1_mix010,32,4,173,-3
fold8_room1_mix010,33,0,-94,-3
fold8_room1_mix010,33,4,173,-4
fold8_room1_mix010,34,0,-90,-3
fold8_room1_mix010,34,4,173,-4
fold8_room1_mix010,35,0,-87,-3
fold8_room1_mix010,35,4,173,-4
fold8_room1_mix010,36,0,-83,-3
fold8_room1_mix010,36,4,173,-5
fold8_room1_mix010,37,0,-77,-3
fold8_room1_mix010,37,4,173,-5
fold8_room1_mix010,38,0,-70,-2
fold8_room1_mix010,38,4,173,-5
fold8_room1_mix010,39,0,-64,-2
fold8_room1_mix010,39,4,173,-5
fold8_room1_mix010,40,0,-59,-2
fold8_room1_mix010,40,4,173,-6
fold8_room1_mix010,41,0,-56,-2
fold8_room1_mix010,41,4,173,-7
fold8_room1_mix010,42,0,-53,-2
fold8_room1_mix010,42,4,172,-8
fold8_room1_mix010,43,0,-50,-2
fold8_room1_mix010,43,4,172,-9
fold8_room1_mix010,44,0,-48,-2
fold8_room1_mix010,44,4,174,-11
fold8_room1_mix010,45,0,-46,-2
fold8_room1_mix010,45,4,176,-13
fold8_room1_mix010,46,0,-45,-2
fold8_room1_mix010,46,4,178,-14
fold8_room1_mix010,47,0,-44,-2
fold8_room1_mix010,47,4,174,-12
fold8_room1_mix010,48,0,-42,-2
fold8_room1_mix010,48,4,169,-9
fold8_room1_mix010,49,0,-41,-2
fold8_room1_mix010,49,4,176,-5
fold8_room1_mix010,49,4,155,-7
fold8_room1_mix010,50,0,-39,-2
fold8_room1_mix010,50,4,174,-5
fold8_room1_mix010,50,4,155,-6
fold8_room1_mix010,51,0,-37,-2
fold8_room1_mix010,51,4,172,-6
fold8_room1_mix010,51,4,156,-6
fold8_room1_mix010,52,0,-34,-2
fold8_room1_mix010,52,4,162,-7
fold8_room1_mix010,53,0,-33,-2
fold8_room1_mix010,53,4,160,-9
fold8_room1_mix010,54,0,-31,-2
fold8_room1_mix010,54,4,159,-8
fold8_room1_mix010,55,0,-30,-2
fold8_room1_mix010,55,4,159,-9
fold8_room1_mix010,56,0,-29,-2
fold8_room1_mix010,56,4,158,-9
fold8_room1_mix010,57,0,-30,-1
fold8_room1_mix010,57,4,155,-10
fold8_room1_mix010,58,0,-30,-1
fold8_room1_mix010,58,4,153,-11
fold8_room1_mix010,59,0,-31,-1
fold8_room1_mix010,59,4,150,-12
fold8_room1_mix010,60,0,-31,-1
fold8_room1_mix010,60,4,147,-13
fold8_room1_mix010,61,0,-30,-1
fold8_room1_mix010,61,4,143,-14
fold8_room1_mix010,62,0,-30,-1
fold8_room1_mix010,62,4,139,-16
fold8_room1_mix010,63,0,-26,-1
fold8_room1_mix010,63,4,132,-18
fold8_room1_mix010,64,0,-23,-1
fold8_room1_mix010,64,4,123,-20
fold8_room1_mix010,65,4,114,-22
fold8_room1_mix010,66,4,104,-24
fold8_room1_mix010,67,4,94,-25
fold8_room1_mix010,68,4,84,-26
fold8_room1_mix010,69,4,73,-25
fold8_room1_mix010,70,4,62,-22
fold8_room1_mix010,71,4,51,-18
fold8_room1_mix010,72,4,43,-16
fold8_room1_mix010,73,4,38,-14
fold8_room1_mix010,74,4,33,-12
fold8_room1_mix010,75,4,30,-11
fold8_room1_mix010,76,4,28,-11
fold8_room1_mix010,77,4,26,-10
fold8_room1_mix010,78,4,24,-10
fold8_room1_mix010,79,4,23,-10
fold8_room1_mix010,80,4,21,-9
fold8_room1_mix010,81,4,20,-9
fold8_room1_mix010,82,4,19,-8
fold8_room1_mix010,83,4,18,-8
fold8_room1_mix010,84,4,17,-8
fold8_room1_mix010,85,4,16,-7
fold8_room1_mix010,86,4,15,-7
fold8_room1_mix010,87,4,14,-6
fold8_room1_mix010,88,4,13,-6
fold8_room1_mix010,89,4,13,-6
fold8_room1_mix010,90,4,12,-6
fold8_room1_mix010,91,4,12,-5
fold8_room1_mix010,92,4,11,-5
fold8_room1_mix010,93,4,11,-5
fold8_room1_mix010,94,4,11,-5
fold8_room1_mix010,95,4,10,-5
fold8_room1_mix010,96,4,10,-4
fold8_room1_mix010,97,4,9,-4
fold8_room1_mix010,98,4,9,-4
fold8_room1_mix010,99,4,9,-4
fold8_room1_mix011,0,4,-15,0
fold8_room1_mix011,1,4,-15,0
fold8_room1_mix011,2,4,-13,0
fold8_room1_mix011,2,4,-13,0
fold8_room1_mix011,3,4,-14,0
fold8_room1_mix011,3,4,-14,0
fold8_room1_mix011,4,4,-16,0
fold8_room1_mix011,4,4,-15,0
fold8_room1_mix011,5,4,-17,0
fold8_room1_mix011,5,4,-17,0
fold8_room1_mix011,6,4,-18,0
fold8_room1_mix011,6,4,-18,0
fold8_room1_mix011,7,4,-19,0
fold8_room1_mix011,7,4,-19,-1
fold8_room1_mix011,8,4,-19,0
fold8_room1_mix011,8,4,-20,-1
fold8_room1_mix011,9,4,-19,0
fold8_room1_mix011,9,4,-20,-1
fold8_room1_mix011,10,4,-19,0
fold8_room1_mix011,10,4,-21,-1
fold8_room1_mix011,11,4,-19,0
fold8_room1_mix011,11,4,-22,-1
fold8_room1_mix011,12,4,-20,0
fold8_room1_mix011,12,4,-23,-1
fold8_room1_mix011,13,4,-21,0
fold8_room1_mix011,13,4,-24,-1
fold8_room1_mix011,14,4,-21,0
fold8_room1_mix011,14,4,-25,-1
fold8_room1_mix011,15,4,-22,0
fold8_room1_mix011,15,4,-26,-1
fold8_room1_mix011,16,4,-23,0
fold8_room1_mix011,16,4,-27,-1
fold8_room1_mix011,17,4,-24,0
fold8_room1_mix011,17,4,-28,-1
fold8_room1_mix011,18,4,-24,-1
fold8_room1_mix011,18,4,-30,-1
fold8_room1_mix011,19,4,-24,-1
fold8_room1_mix011,19,4,-31,-1
fold8_room1_mix011,20,4,-24,-1
fold8_room1_mix011,20,4,-170,0
fold8_room1_mix011,20,4,-39,-1
fold8_room1_mix011,21,4,-25,-1
fold8_room1_mix011,21,4,-170,0
fold8_room1_mix011,21,4,-41,-1
fold8_room1_mix011,22,4,-26,-1
fold8_room1_mix011,22,4,-170,0
fold8_room1_mix011,22,4,-43,-1
fold8_room1_mix011,23,4,-27,-2
fold8_room1_mix011,23,4,-171,0
fold8_room1_mix011,23,4,-45,-1
fold8_room1_mix011,24,4,-29,-2
fold8_room1_mix011,24,4,-171,0
fold8_room1_mix011,24,4,-47,-1
fold8_room1_mix011,25,4,-32,-2
fold8_room1_mix011,25,4,-172,0
fold8_room1_mix011,25,4,-47,-1
fold8_room1_mix011,26,4,-34,-2
fold8_room1_mix011,26,4,-41,-2
fold8_room1_mix011,27,4,-36,-2
fold8_room1_mix011,27,4,-43,-2
fold8_room1_mix011,28,4,-38,-2
fold8_room1_mix011,28,4,-44,-2
fold8_room1_mix011,29,4,-39,-2
fold8_room1_mix011,29,4,-45,-2
fold8_room1_mix011,30,4,-41,-2
fold8_room1_mix011,30,4,-46,-2
fold8_room1_mix011,31,4,-43,-2
fold8_room1_mix011,31,4,-48,-2
fold8_room1_mix011,32,4,-44,-2
fold8_room1_mix011,32,4,-50,-2
fold8_room1_mix011,33,4,-47,-3
fold8_room1_mix011,33,4,-52,-2
fold8_room1_mix011,34,4,-49,-3
fold8_room1_mix011,34,4,-55,-2
fold8_room1_mix011,35,4,-53,-3
fold8_room1_mix011,35,4,-59,-2
fold8_room1_mix011,36,4,-56,-3
fold8_room1_mix011,36,4,-62,-2
fold8_room1_mix011,37,4,-60,-3
fold8_room1_mix011,37,4,-66,-2
fold8_room1_mix011,38,4,-65,-3
fold8_room1_mix011,38,4,-69,-2
fold8_room1_mix011,39,4,-70,-3
fold8_room1_mix011,39,4,-73,-2
fold8_room1_mix011,40,4,-76,-4
fold8_room1_mix011,40,4,-77,-2
fold8_room1_mix011,41,4,-84,-4
fold8_room1_mix011,41,4,-82,-2
fold8_room1_mix011,42,4,-92,-4
fold8_room1_mix011,42,4,-87,-2
fold8_room1_mix011,43,4,-99,-4
fold8_room1_mix011,43,4,-93,-2
fold8_room1_mix011,44,4,-107,-3
fold8_room1_mix011,44,4,-168,0
fold8_room1_mix011,44,4,-89,0
fold8_room1_mix011,45,4,-114,-3
fold8_room1_mix011,45,4,-168,0
fold8_room1_mix011,45,4,-92,0
fold8_room1_mix011,46,4,-121,-3
fold8_room1_mix011,46,4,-167,-1
fold8_room1_mix011,46,4,-95,0
fold8_room1_mix011,47,4,-124,-3
fold8_room1_mix011,47,4,-167,-1
fold8_room1_mix011,47,4,-98,0
fold8_room1_mix011,48,4,-128,-3
fold8_room1_mix011,48,4,-167,-1
fold8_room1_mix011,48,4,-101,0
fold8_room1_mix011,49,4,-131,-3
fold8_room1_mix011,49,4,-167,-1
fold8_room1_mix011,49,4,-104,0
fold8_room1_mix011,50,4,-133,-3
fold8_room1_mix011,50,4,-167,-1
fold8_room1_mix011,50,4,-108,-1
fold8_room1_mix011,51,4,-134,-3
fold8_room1_mix011,51,4,-166,-2
fold8_room1_mix011,51,4,-112,-1
fold8_room1_mix011,52,4,-135,-3
fold8_room1_mix011,52,4,-166,-2
fold8_room1_mix011,52,4,-116,-1
fold8_room1_mix011,53,4,-136,-3
fold8_room1_mix011,53,4,-165,-2
fold8_room1_mix011,53,4,-120,-1
fold8_room1_mix011,54,4,-138,-4
fold8_room1_mix011,54,4,-164,-2
fold8_room1_mix011,54,4,-123,-1
fold8_room1_mix011,55,4,-139,-4
fold8_room1_mix011,55,4,-133,-3
fold8_room1_mix011,56,4,-139,-4
fold8_room1_mix011,56,4,-133,-3
fold8_room1_mix011,57,4,-137,-5
fold8_room1_mix011,57,4,-132,-4
fold8_room1_mix011,58,4,-135,-6
fold8_room1_mix011,58,4,-131,-5
fold8_room1_mix011,59,4,-130,-7
fold8_room1_mix011,59,4,-127,-6
fold8_room1_mix011,60,4,-116,-9
fold8_room1_mix011,60,4,-114,-8
fold8_room1_mix011,61,4,-93,-11
fold8_room1_mix011,61,4,-96,-10
fold8_room1_mix011,62,4,-70,-11
fold8_room1_mix011,62,4,-149,-3
fold8_room1_mix011,62,4,-86,-10
fold8_room1_mix011,63,4,-57,-10
fold8_room1_mix011,63,4,-150,-2
fold8_room1_mix011,63,4,-83,-8
fold8_room1_mix011,64,4,-46,-8
fold8_room1_mix011,64,4,-151,-1
fold8_room1_mix011,64,4,-81,-7
fold8_room1_mix011,65,4,-35,-7
fold8_room1_mix011,65,4,-153,0
fold8_room1_mix011,65,4,-80,-5
fold8_room1_mix011,66,4,-29,-6
fold8_room1_mix011,66,4,-153,0
fold8_room1_mix011,66,4,-82,-5
fold8_room1_mix011,67,4,-24,-5
fold8_room1_mix011,67,4,-153,-1
fold8_room1_mix011,67,4,-85,-4
fold8_room1_mix011,68,4,-19,-4
fold8_room1_mix011,68,4,-153,-1
fold8_room1_mix011,68,4,-88,-4
fold8_room1_mix011,69,4,-16,-4
fold8_room1_mix011,69,4,-152,-1
fold8_room1_mix011,69,4,-82,-4
fold8_room1_mix011,70,4,-13,-4
fold8_room1_mix011,70,4,-151,-1
fold8_room1_mix011,70,4,-72,-3
fold8_room1_mix011,71,4,-11,-4
fold8_room1_mix011,71,4,-150,-1
fold8_room1_mix011,71,4,-64,-3
fold8_room1_mix011,72,4,-11,-3
fold8_room1_mix011,72,4,-150,-1
fold8_room1_mix011,72,4,-63,-3
fold8_room1_mix011,73,4,-13,-3
fold8_room1_mix011,73,4,-151,-1
fold8_room1_mix011,73,4,-69,-3
fold8_room1_mix011,74,4,-14,-3
fold8_room1_mix011,74,4,-151,-1
fold8_room1_mix011,74,4,-76,-3
fold8_room1_mix011,75,4,-15,-2
fold8_room1_mix011,75,4,-152,-1
fold8_room1_mix011,75,4,-95,-2
fold8_room1_mix011,76,4,-15,-2
fold8_room1_mix011,76,4,-154,-1
fold8_room1_mix011,76,4,-128,-2
fold8_room1_mix011,77,4,-15,-2
fold8_room1_mix011,77,4,-150,-1
fold8_room1_mix011,78,4,-15,-2
fold8_room1_mix011,78,4,-153,-1
fold8_room1_mix011,79,4,-14,-1
fold8_room1_mix011,79,4,-154,-1
fold8_room1_mix011,80,4,-14,-1
fold8_room1_mix011,80,4,-156,-1
fold8_room1_mix011,81,4,-14,-1
fold8_room1_mix011,81,4,-157,-1
fold8_room1_mix011,82,4,-14,-1
fold8_room1_mix011,82,4,-158,-1
fold8_room1_mix011,83,4,-14,-1
fold8_room1_mix011,83,4,-159,-1
fold8_room1_mix011,84,4,-14,-1
fold8_room1_mix011,84,4,-160,-1
fold8_room1_mix011,85,4,-14,-1
fold8_room1_mix011,85,4,-161,-1
fold8_room1_mix011,86,4,-14,-1
fold8_room1_mix011,86,4,-161,0
fold8_room1_mix011,87,4,-13,-1
fold8_room1_mix011,87,4,-162,0
fold8_room1_mix011,88,4,-13,-1
fold8_room1_mix011,88,4,-162,0
fold8_room1_mix011,89,4,-12,-1
fold8_room1_mix011,89,4,-161,0
fold8_room1_mix011,90,4,-11,-1
fold8_room1_mix011,90,4,-161,0
fold8_room1_mix011,91,4,-11,-1
fold8_room1_mix011,91,4,-160,0
fold8_room1_mix011,92,4,-11,-1
fold8_room1_mix011,92,4,-159,0
fold8_room1_mix011,93,4,-11,0
fold8_room1_mix011,93,4,-158,0
fold8_room1_mix011,94,4,-11,0
fold8_room1_mix011,94,4,-163,0
fold8_room1_mix011,94,4,-139,1
fold8_room1_mix011,95,4,-10,0
fold8_room1_mix011,95,4,-163,0
fold8_room1_mix011,96,4,-10,0
fold8_room1_mix011,96,4,-163,0
fold8_room1_mix011,96,4,-28,0
fold8_room1_mix011,97,4,-10,0
fold8_room1_mix011,97,4,-16,0
fold8_room1_mix011,98,4,-10,0
fold8_room1_mix011,98,4,-15,0
fold8_room1_mix011,99,4,-10,0
fold8_room1_mix011,99,4,-14,0
fold8_room1_mix012,0,4,171,-1
fold8_room1_mix012,1,4,171,-1
fold8_room1_mix012,2,4,170,-1
fold8_room1_mix012,3,4,168,-1
fold8_room1_mix012,4,4,167,-1
fold8_room1_mix012,5,4,167,-2
fold8_room1_mix012,6,4,168,-2
fold8_room1_mix012,7,4,170,-2
fold8_room1_mix012,8,4,170,-2
fold8_room1_mix012,9,4,170,-2
fold8_room1_mix012,10,4,170,-2
fold8_room1_mix012,11,4,170,-2
fold8_room1_mix012,12,4,170,-2
fold8_room1_mix012,13,4,169,-2
fold8_room1_mix012,14,4,169,-2
fold8_room1_mix012,15,4,169,-2
fold8_room1_mix012,16,4,169,-2
fold8_room1_mix012,17,4,168,-2
fold8_room1_mix012,18,4,168,-3
fold8_room1_mix012,19,4,168,-3
fold8_room1_mix012,20,4,167,-3
fold8_room1_mix012,21,4,166,-3
fold8_room1_mix012,22,4,165,-4
fold8_room1_mix012,23,4,164,-4
fold8_room1_mix012,24,4,163,-4
fold8_room1_mix012,25,4,162,-4
fold8_room1_mix012,26,4,161,-4
fold8_room1_mix012,27,4,154,-4
fold8_room1_mix012,27,4,171,-4
fold8_room1_mix012,28,4,152,-4
fold8_room1_mix012,28,4,171,-4
fold8_room1_mix012,29,4,150,-4
fold8_room1_mix012,29,4,171,-4
fold8_room1_mix012,30,4,148,-5
fold8_room1_mix012,30,4,171,-4
fold8_room1_mix012,31,4,145,-5
fold8_room1_mix012,31,4,172,-4
fold8_room1_mix012,32,4,143,-5
fold8_room1_mix012,32,4,173,-4
fold8_room1_mix012,33,4,140,-5
fold8_room1_mix012,33,4,175,-4
fold8_room1_mix012,34,4,135,-6
fold8_room1_mix012,34,4,176,-4
fold8_room1_mix012,35,4,128,-8
fold8_room1_mix012,35,4,179,-5
fold8_room1_mix012,36,4,111,-10
fold8_room1_mix012,36,4,128,-9
fold8_room1_mix012,36,4,-177,-5
fold8_room1_mix012,37,4,103,-11
fold8_room1_mix012,37,4,136,-12
fold8_room1_mix012,37,4,-164,-5
fold8_room1_mix012,38,4,97,-11
fold8_room1_mix012,38,4,-150,-5
fold8_room1_mix012,39,4,91,-12
fold8_room1_mix012,39,4,-138,-8
fold8_room1_mix012,40,4,83,-12
fold8_room1_mix012,40,4,-124,-7
fold8_room1_mix012,41,4,73,-12
fold8_room1_mix012,41,4,-103,-9
fold8_room1_mix012,41,4,-118,-4
fold8_room1_mix012,42,4,64,-11
fold8_room1_mix012,42,4,-98,-6
fold8_room1_mix012,43,4,58,-10
fold8_room1_mix012,43,4,-90,-5
fold8_room1_mix012,44,4,53,-9
fold8_room1_mix012,44,4,-87,-5
fold8_room1_mix012,45,4,49,-8
fold8_room1_mix012,45,4,-77,-6
fold8_room1_mix012,45,4,-92,-3
fold8_room1_mix012,46,4,45,-8
fold8_room1_mix012,46,4,-73,-5
fold8_room1_mix012,46,4,-91,-4
fold8_room1_mix012,47,4,43,-7
fold8_room1_mix012,47,4,-71,-5
fold8_room1_mix012,47,4,-91,-4
fold8_room1_mix012,48,4,41,-7
fold8_room1_mix012,48,4,-69,-5
fold8_room1_mix012,48,4,-92,-4
fold8_room1_mix012,49,4,38,-6
fold8_room1_mix012,49,4,-67,-4
fold8_room1_mix012,49,4,-92,-5
fold8_room1_mix012,50,4,35,-6
fold8_room1_mix012,50,4,-67,-4
fold8_room1_mix012,50,4,-94,-5
fold8_room1_mix012,51,4,33,-5
fold8_room1_mix012,51,4,-67,-4
fold8_room1_mix012,51,4,-95,-5
fold8_room1_mix012,52,4,30,-5
fold8_room1_mix012,52,4,-68,-3
fold8_room1_mix012,52,4,-97,-5
fold8_room1_mix012,53,4,27,-5
fold8_room1_mix012,53,4,-73,-3
fold8_room1_mix012,53,4,-100,-5
fold8_room1_mix012,54,4,22,-4
fold8_room1_mix012,54,4,-80,-4
fold8_room1_mix012,54,4,-103,-4
fold8_room1_mix012,55,4,18,-4
fold8_room1_mix012,55,4,-89,-4
fold8_room1_mix012,55,4,-107,-4
fold8_room1_mix012,56,4,15,-3
fold8_room1_mix012,56,4,-102,-4
fold8_room1_mix012,57,4,15,-3
fold8_room1_mix012,57,4,-105,-4
fold8_room1_mix012,58,4,15,-3
fold8_room1_mix012,58,4,-117,-3
fold8_room1_mix012,58,4,-95,-3
fold8_room1_mix012,59,4,15,-2
fold8_room1_mix012,59,4,-123,-3
fold8_room1_mix012,60,4,15,-2
fold8_room1_mix012,60,4,-127,-3
fold8_room1_mix012,61,4,15,-2
fold8_room1_mix012,61,4,-130,-2
fold8_room1_mix012,61,4,-27,-3
fold8_room1_mix012,62,4,15,-2
fold8_room1_mix012,62,4,-132,-2
fold8_room1_mix012,62,4,-13,-2
fold8_room1_mix012,63,4,13,-2
fold8_room1_mix012,63,4,-135,-2
fold8_room1_mix012,63,4,-4,-2
fold8_room1_mix012,64,4,12,-2
fold8_room1_mix012,64,4,7,-2
fold8_room1_mix012,65,4,11,-2
fold8_room1_mix012,65,4,9,-2
fold8_room1_mix012,66,4,10,-2
fold8_room1_mix012,66,4,9,-2
fold8_room1_mix012,67,4,8,-2
fold8_room1_mix012,67,4,10,-1
fold8_room1_mix012,68,4,7,-2
fold8_room1_mix012,68,4,10,-1
fold8_room1_mix012,69,4,7,-2
fold8_room1_mix012,69,4,10,-1
fold8_room1_mix012,70,4,7,-2
fold8_room1_mix012,70,4,11,-1
fold8_room1_mix012,71,4,7,-2
fold8_room1_mix012,71,4,11,-1
fold8_room1_mix012,72,4,7,-2
fold8_room1_mix012,72,4,10,-1
fold8_room1_mix012,73,4,7,-2
fold8_room1_mix012,73,4,10,-2
fold8_room1_mix012,74,4,7,-3
fold8_room1_mix012,74,4,9,-2
fold8_room1_mix012,75,4,8,-2
fold8_room1_mix012,76,4,8,-2
fold8_room1_mix012,76,4,8,-2
fold8_room1_mix012,77,4,9,-2
fold8_room1_mix012,77,4,7,-2
fold8_room1_mix012,78,4,2,-1
fold8_room1_mix012,79,4,3,-1
fold8_room1_mix012,80,4,4,-1
fold8_room1_mix012,81,4,5,-1
fold8_room1_mix012,82,4,6,-1
fold8_room1_mix012,83,4,6,-1
fold8_room1_mix012,84,4,7,-1
fold8_room1_mix012,85,4,8,-1
fold8_room1_mix012,86,4,8,-1
fold8_room1_mix012,87,4,8,-1
fold8_room1_mix012,88,4,7,-1
fold8_room1_mix012,89,4,7,-1
fold8_room1_mix012,90,4,6,-1
fold8_room1_mix012,91,4,6,0
fold8_room1_mix012,92,4,5,-1
fold8_room1_mix012,93,4,5,-1
fold8_room1_mix012,94,4,5,-1
fold8_room1_mix012,95,4,4,-1
fold8_room1_mix012,96,4,3,-1
fold8_room1_mix012,97,4,3,-1
fold8_room1_mix012,98,4,2,0
fold8_room1_mix012,99,4,2,0
fold8_room1_mix013,1,4,4,-1
fold8_room1_mix013,2,4,3,0
fold8_room1_mix013,3,4,3,0
fold8_room1_mix013,4,4,4,-1
fold8_room1_mix013,5,4,5,-1
fold8_room1_mix013,6,4,5,-1
fold8_room1_mix013,7,1,15,0
fold8_room1_mix013,7,4,5,-1
fold8_room1_mix013,8,1,14,0
fold8_room1_mix013,8,4,5,-1
fold8_room1_mix013,9,1,14,0
fold8_room1_mix013,9,4,5,-1
fold8_room1_mix013,10,1,15,0
fold8_room1_mix013,10,4,5,-1
fold8_room1_mix013,11,1,16,0
fold8_room1_mix013,11,4,5,-1
fold8_room1_mix013,12,1,17,0
fold8_room1_mix013,12,4,5,-1
fold8_room1_mix013,13,1,17,0
fold8_room1_mix013,13,4,6,-1
fold8_room1_mix013,14,1,18,0
fold8_room1_mix013,14,4,6,-1
fold8_room1_mix013,15,1,18,0
fold8_room1_mix013,15,4,6,-1
fold8_room1_mix013,16,1,18,0
fold8_room1_mix013,16,4,6,-1
fold8_room1_mix013,17,1,17,0
fold8_room1_mix013,17,4,7,-1
fold8_room1_mix013,18,1,18,0
fold8_room1_mix013,18,4,7,-1
fold8_room1_mix013,19,1,18,0
fold8_room1_mix013,19,4,7,-1
fold8_room1_mix013,20,1,19,0
fold8_room1_mix013,20,4,7,-1
fold8_room1_mix013,21,1,19,0
fold8_room1_mix013,21,4,7,-1
fold8_room1_mix013,22,1,20,-1
fold8_room1_mix013,22,4,8,-2
fold8_room1_mix013,23,1,21,-1
fold8_room1_mix013,23,4,8,-2
fold8_room1_mix013,24,1,22,-1
fold8_room1_mix013,24,4,9,-2
fold8_room1_mix013,25,1,23,-1
fold8_room1_mix013,25,4,9,-2
fold8_room1_mix013,26,1,24,-1
fold8_room1_mix013,26,4,9,-2
fold8_room1_mix013,27,1,25,-1
fold8_room1_mix013,27,4,10,-2
fold8_room1_mix013,28,1,26,-1
fold8_room1_mix013,28,4,11,-2
fold8_room1_mix013,29,1,27,-1
fold8_room1_mix013,29,4,11,-2
fold8_room1_mix013,30,1,28,-1
fold8_room1_mix013,30,4,12,-2
fold8_room1_mix013,31,1,30,-1
fold8_room1_mix013,31,4,14,-3
fold8_room1_mix013,32,1,33,-1
fold8_room1_mix013,32,4,15,-3
fold8_room1_mix013,33,1,35,-1
fold8_room1_mix013,33,4,16,-3
fold8_room1_mix013,34,1,36,-1
fold8_room1_mix013,34,4,18,-4
fold8_room1_mix013,35,1,37,-1
fold8_room1_mix013,35,4,21,-4
fold8_room1_mix013,36,1,39,-1
fold8_room1_mix013,36,4,23,-5
fold8_room1_mix013,37,1,43,-1
fold8_room1_mix013,37,4,26,-5
fold8_room1_mix013,38,1,48,-1
fold8_room1_mix013,38,4,29,-6
fold8_room1_mix013,39,1,51,-2
fold8_room1_mix013,39,4,33,-7
fold8_room1_mix013,40,1,55,-2
fold8_room1_mix013,40,4,42,-9
fold8_room1_mix013,41,1,60,-2
fold8_room1_mix013,41,4,58,-11
fold8_room1_mix013,42,1,65,-2
fold8_room1_mix013,42,4,77,-13
fold8_room1_mix013,43,1,68,-2
fold8_room1_mix013,43,4,98,-14
fold8_room1_mix013,44,1,66,-2
fold8_room1_mix013,44,4,118,-11
fold8_room1_mix013,45,1,64,-2
fold8_room1_mix013,45,4,134,-9
fold8_room1_mix013,46,1,63,-2
fold8_room1_mix013,46,4,147,-7
fold8_room1_mix013,47,1,72,-2
fold8_room1_mix013,47,4,150,-7
fold8_room1_mix013,48,1,81,-2
fold8_room1_mix013,48,4,152,-6
fold8_room1_mix013,49,1,90,-2
fold8_room1_mix013,49,4,155,-5
fold8_room1_mix013,50,1,98,-2
fold8_room1_mix013,50,4,158,-5
fold8_room1_mix013,51,1,106,-2
fold8_room1_mix013,51,4,161,-4
fold8_room1_mix013,52,1,113,-2
fold8_room1_mix013,52,4,165,-4
fold8_room1_mix013,53,1,116,-2
fold8_room1_mix013,53,4,166,-3
fold8_room1_mix013,54,1,118,-2
fold8_room1_mix013,54,4,167,-3
fold8_room1_mix013,55,1,121,-2
fold8_room1_mix013,55,4,168,-3
fold8_room1_mix013,56,1,123,-2
fold8_room1_mix013,56,4,168,-2
fold8_room1_mix013,57,1,126,-2
fold8_room1_mix013,57,4,168,-2
fold8_room1_mix013,58,1,128,-2
fold8_room1_mix013,58,4,169,-2
fold8_room1_mix013,59,1,129,-2
fold8_room1_mix013,59,4,169,-2
fold8_room1_mix013,60,1,127,-1
fold8_room1_mix013,60,4,170,-2
fold8_room1_mix013,61,4,171,-2
fold8_room1_mix013,62,4,171,-2
fold8_room1_mix013,63,4,172,-2
fold8_room1_mix013,64,4,172,-1
fold8_room1_mix013,65,4,172,-1
fold8_room1_mix013,66,4,173,-1
fold8_room1_mix013,67,4,173,-1
fold8_room1_mix013,68,4,173,-1
fold8_room1_mix013,69,4,174,-1
fold8_room1_mix013,70,4,174,-1
fold8_room1_mix013,71,4,174,-1
fold8_room1_mix013,72,4,174,-1
fold8_room1_mix013,73,4,175,-1
fold8_room1_mix013,74,4,175,-1
fold8_room1_mix013,75,4,175,-1
fold8_room1_mix013,76,4,175,-1
fold8_room1_mix013,77,4,175,-1
fold8_room1_mix013,78,4,175,-1
fold8_room1_mix013,79,4,175,-1
fold8_room1_mix013,80,4,175,0
fold8_room1_mix013,81,4,175,0
fold8_room1_mix013,82,4,176,0
fold8_room1_mix013,83,4,176,0
fold8_room1_mix013,84,4,176,0
fold8_room1_mix013,85,4,176,0
fold8_room1_mix013,86,4,176,0
fold8_room1_mix013,87,4,176,0
fold8_room1_mix013,88,4,176,0
fold8_room1_mix013,89,4,176,0
fold8_room1_mix013,90,4,176,0
fold8_room1_mix013,91,4,176,0
fold8_room1_mix013,92,4,176,0
fold8_room1_mix013,93,4,176,0
fold8_room1_mix013,94,4,176,0
fold8_room1_mix013,95,4,176,0
fold8_room1_mix013,96,4,176,0
fold8_room1_mix013,97,4,176,0
fold8_room1_mix013,98,4,176,0
fold8_room1_mix013,99,4,176,0
fold8_room1_mix014,3,4,6,0
fold8_room1_mix014,3,4,176,-1
fold8_room1_mix014,4,4,6,-1
fold8_room1_mix014,4,4,175,-1
fold8_room1_mix014,5,4,6,0
fold8_room1_mix014,5,4,175,-1
fold8_room1_mix014,6,4,5,0
fold8_room1_mix014,6,4,175,-1
fold8_room1_mix014,7,4,4,0
fold8_room1_mix014,7,4,175,-1
fold8_room1_mix014,8,4,4,0
fold8_room1_mix014,8,4,175,-1
fold8_room1_mix014,9,4,3,0
fold8_room1_mix014,9,4,175,-1
fold8_room1_mix014,10,4,3,0
fold8_room1_mix014,10,4,175,-1
fold8_room1_mix014,11,4,3,0
fold8_room1_mix014,11,4,175,-1
fold8_room1_mix014,12,4,2,0
fold8_room1_mix014,12,4,174,-1
fold8_room1_mix014,13,4,2,0
fold8_room1_mix014,13,4,174,-1
fold8_room1_mix014,14,4,2,0
fold8_room1_mix014,14,4,173,-1
fold8_room1_mix014,15,4,2,0
fold8_room1_mix014,15,4,173,-1
fold8_room1_mix014,16,4,2,0
fold8_room1_mix014,16,4,174,-1
fold8_room1_mix014,17,4,2,0
fold8_room1_mix014,17,4,174,-1
fold8_room1_mix014,18,2,-161,-3
fold8_room1_mix014,18,4,3,0
fold8_room1_mix014,18,4,174,-1
fold8_room1_mix014,19,2,-158,-3
fold8_room1_mix014,19,4,3,0
fold8_room1_mix014,19,4,174,-1
fold8_room1_mix014,20,2,-155,-2
fold8_room1_mix014,20,4,4,0
fold8_room1_mix014,20,4,174,-1
fold8_room1_mix014,21,2,-153,-2
fold8_room1_mix014,21,4,4,0
fold8_room1_mix014,21,4,173,-1
fold8_room1_mix014,22,2,-151,-3
fold8_room1_mix014,22,4,5,0
fold8_room1_mix014,22,4,173,-1
fold8_room1_mix014,23,2,-149,-3
fold8_room1_mix014,23,4,5,0
fold8_room1_mix014,23,4,173,-2
fold8_room1_mix014,24,2,-149,-3
fold8_room1_mix014,24,4,5,0
fold8_room1_mix014,24,4,173,-2
fold8_room1_mix014,25,2,-150,-3
fold8_room1_mix014,25,4,6,0
fold8_room1_mix014,25,4,172,-2
fold8_room1_mix014,26,2,-152,-3
fold8_room1_mix014,26,4,6,0
fold8_room1_mix014,26,4,172,-2
fold8_room1_mix014,27,2,-152,-4
fold8_room1_mix014,27,4,6,0
fold8_room1_mix014,27,4,171,-2
fold8_room1_mix014,28,2,-152,-3
fold8_room1_mix014,28,4,7,0
fold8_room1_mix014,28,4,171,-2
fold8_room1_mix014,29,2,-152,-3
fold8_room1_mix014,29,4,8,0
fold8_room1_mix014,29,4,170,-2
fold8_room1_mix014,30,2,-151,-3
fold8_room1_mix014,30,4,9,0
fold8_room1_mix014,30,4,170,-2
fold8_room1_mix014,31,2,-148,-3
fold8_room1_mix014,31,4,9,0
fold8_room1_mix014,31,4,169,-2
fold8_room1_mix014,32,2,-146,-3
fold8_room1_mix014,32,4,10,0
fold8_room1_mix014,32,4,169,-2
fold8_room1_mix014,33,2,-143,-3
fold8_room1_mix014,33,4,10,0
fold8_room1_mix014,33,4,169,-2
fold8_room1_mix014,34,2,-141,-4
fold8_room1_mix014,34,4,11,0
fold8_room1_mix014,34,4,168,-2
fold8_room1_mix014,35,2,-138,-4
fold8_room1_mix014,35,4,11,-1
fold8_room1_mix014,35,4,167,-2
fold8_room1_mix014,36,2,-135,-4
fold8_room1_mix014,36,4,11,-1
fold8_room1_mix014,36,4,166,-2
fold8_room1_mix014,37,2,-134,-4
fold8_room1_mix014,37,4,13,-1
fold8_room1_mix014,37,4,165,-3
fold8_room1_mix014,38,2,-136,-4
fold8_room1_mix014,38,4,14,-1
fold8_room1_mix014,38,4,164,-3
fold8_room1_mix014,39,2,-137,-3
fold8_room1_mix014,39,4,16,-2
fold8_room1_mix014,39,4,163,-4
fold8_room1_mix014,40,2,-136,-3
fold8_room1_mix014,40,4,17,-2
fold8_room1_mix014,40,4,161,-4
fold8_room1_mix014,41,2,-133,-3
fold8_room1_mix014,41,4,19,-3
fold8_room1_mix014,41,4,159,-4
fold8_room1_mix014,42,2,-129,-3
fold8_room1_mix014,42,4,21,-4
fold8_room1_mix014,42,4,157,-4
fold8_room1_mix014,43,2,-125,-3
fold8_room1_mix014,43,4,23,-4
fold8_room1_mix014,43,4,154,-5
fold8_room1_mix014,44,2,-124,-3
fold8_room1_mix014,44,4,30,-5
fold8_room1_mix014,44,4,149,-5
fold8_room1_mix014,45,4,40,-6
fold8_room1_mix014,45,4,145,-6
fold8_room1_mix014,46,4,54,-7
fold8_room1_mix014,46,4,139,-7
fold8_room1_mix014,47,4,56,-6
fold8_room1_mix014,47,4,131,-9
fold8_room1_mix014,48,4,57,-6
fold8_room1_mix014,48,4,120,-10
fold8_room1_mix014,49,4,56,-6
fold8_room1_mix014,49,4,106,-12
fold8_room1_mix014,50,4,48,-5
fold8_room1_mix014,50,4,91,-13
fold8_room1_mix014,51,4,42,-4
fold8_room1_mix014,51,4,77,-13
fold8_room1_mix014,52,4,38,-4
fold8_room1_mix014,52,4,65,-12
fold8_room1_mix014,53,4,34,-4
fold8_room1_mix014,53,4,55,-10
fold8_room1_mix014,54,4,29,-4
fold8_room1_mix014,54,4,47,-9
fold8_room1_mix014,55,4,33,-6
fold8_room1_mix014,56,4,27,-5
fold8_room1_mix014,57,4,24,-5
fold8_room1_mix014,58,4,20,-4
fold8_room1_mix014,59,4,18,-4
fold8_room1_mix014,60,4,16,-3
fold8_room1_mix014,61,4,15,-3
fold8_room1_mix014,62,4,14,-3
fold8_room1_mix014,63,4,13,-3
fold8_room1_mix014,64,4,12,-2
fold8_room1_mix014,65,4,12,-2
fold8_room1_mix014,66,4,11,-2
fold8_room1_mix014,67,4,11,-2
fold8_room1_mix014,68,4,10,-2
fold8_room1_mix014,69,4,10,-3
fold8_room1_mix014,70,4,10,-3
fold8_room1_mix014,71,4,10,-3
fold8_room1_mix014,72,4,12,-3
fold8_room1_mix014,73,4,14,-4
fold8_room1_mix014,74,4,6,-3
fold8_room1_mix014,74,4,8,-4
fold8_room1_mix014,75,4,4,-3
fold8_room1_mix014,75,4,8,-4
fold8_room1_mix014,76,4,4,-3
fold8_room1_mix014,76,4,8,-5
fold8_room1_mix014,77,4,3,-2
fold8_room1_mix014,77,4,8,-5
fold8_room1_mix014,78,4,3,-2
fold8_room1_mix014,78,4,8,-5
fold8_room1_mix014,79,4,4,-2
fold8_room1_mix014,79,4,7,-4
fold8_room1_mix014,80,4,4,-1
fold8_room1_mix014,80,4,5,-3
fold8_room1_mix014,81,4,5,-1
fold8_room1_mix014,81,4,4,-2
fold8_room1_mix014,82,4,5,-1
fold8_room1_mix014,82,4,4,-2
fold8_room1_mix014,83,4,4,-1
fold8_room1_mix014,83,4,4,-2
fold8_room1_mix014,84,4,4,-1
fold8_room1_mix014,84,4,4,-2
fold8_room1_mix014,85,4,3,-1
fold8_room1_mix014,85,4,4,-1
fold8_room1_mix014,86,4,3,-1
fold8_room1_mix014,86,4,4,-1
fold8_room1_mix014,87,4,3,-1
fold8_room1_mix014,87,4,4,-1
fold8_room1_mix014,88,4,2,-1
fold8_room1_mix014,88,4,4,-1
fold8_room1_mix014,89,4,2,-1
fold8_room1_mix014,89,4,4,-1
fold8_room1_mix014,90,4,2,0
fold8_room1_mix014,90,4,3,0
fold8_room1_mix014,91,4,2,0
fold8_room1_mix014,91,4,3,0
fold8_room1_mix014,92,4,2,0
fold8_room1_mix014,92,4,3,0
fold8_room1_mix014,93,4,3,0
fold8_room1_mix014,93,4,4,0
fold8_room1_mix014,94,4,3,0
fold8_room1_mix014,94,4,4,0
fold8_room1_mix014,95,4,4,0
fold8_room1_mix014,95,4,5,0
fold8_room1_mix014,96,4,5,0
fold8_room1_mix014,96,4,5,0
fold8_room1_mix014,97,4,5,0
fold8_room1_mix014,97,4,6,0
fold8_room1_mix014,98,4,5,0
fold8_room1_mix014,98,4,5,0
fold8_room1_mix014,99,4,4,0
fold8_room1_mix014,99,4,4,0
fold8_room1_mix014,0,4,176,-1
fold8_room1_mix014,1,4,177,-1
fold8_room1_mix014,2,4,177,-1
fold8_room1_mix015,1,4,164,0
fold8_room1_mix015,2,4,169,0
fold8_room1_mix015,3,4,165,0
fold8_room1_mix015,4,4,162,0
fold8_room1_mix015,5,4,162,0
fold8_room1_mix015,6,4,162,0
fold8_room1_mix015,7,4,163,0
fold8_room1_mix015,8,4,162,0
fold8_room1_mix015,9,4,161,0
fold8_room1_mix015,10,4,160,0
fold8_room1_mix015,11,4,159,0
fold8_room1_mix015,12,4,159,0
fold8_room1_mix015,13,4,158,0
fold8_room1_mix015,14,4,158,0
fold8_room1_mix015,15,4,157,0
fold8_room1_mix015,16,4,157,0
fold8_room1_mix015,17,4,156,0
fold8_room1_mix015,18,4,155,0
fold8_room1_mix015,19,4,155,-1
fold8_room1_mix015,20,4,154,-1
fold8_room1_mix015,21,4,154,-1
fold8_room1_mix015,22,4,153,-1
fold8_room1_mix015,23,4,152,-1
fold8_room1_mix015,24,4,152,-1
fold8_room1_mix015,25,4,151,-1
fold8_room1_mix015,26,4,151,-1
fold8_room1_mix015,27,4,150,-1
fold8_room1_mix015,28,4,149,-1
fold8_room1_mix015,29,4,148,-1
fold8_room1_mix015,30,4,147,-1
fold8_room1_mix015,31,4,146,-1
fold8_room1_mix015,32,4,145,-1
fold8_room1_mix015,33,4,144,-1
fold8_room1_mix015,34,4,142,-1
fold8_room1_mix015,35,4,141,-1
fold8_room1_mix015,36,4,139,-1
fold8_room1_mix015,37,4,137,-1
fold8_room1_mix015,38,4,135,-1
fold8_room1_mix015,39,4,132,-1
fold8_room1_mix015,40,4,129,-2
fold8_room1_mix015,41,4,126,-2
fold8_room1_mix015,42,4,123,-2
fold8_room1_mix015,43,4,119,-2
fold8_room1_mix015,44,4,116,-2
fold8_room1_mix015,45,4,113,-2
fold8_room1_mix015,46,4,109,-2
fold8_room1_mix015,47,4,107,-2
fold8_room1_mix015,48,4,90,-3
fold8_room1_mix015,48,4,97,-3
fold8_room1_mix015,49,4,86,-3
fold8_room1_mix015,49,4,119,0
fold8_room1_mix015,49,4,101,-3
fold8_room1_mix015,50,4,79,-3
fold8_room1_mix015,50,4,124,0
fold8_room1_mix015,50,4,97,-3
fold8_room1_mix015,51,4,71,-3
fold8_room1_mix015,51,4,129,0
fold8_room1_mix015,51,4,94,-3
fold8_room1_mix015,52,4,64,-3
fold8_room1_mix015,52,4,134,0
fold8_room1_mix015,52,4,90,-3
fold8_room1_mix015,53,4,57,-3
fold8_room1_mix015,53,4,137,0
fold8_room1_mix015,53,4,84,-2
fold8_room1_mix015,54,4,51,-2
fold8_room1_mix015,54,4,137,0
fold8_room1_mix015,54,4,77,-2
fold8_room1_mix015,55,4,45,-2
fold8_room1_mix015,55,4,137,0
fold8_room1_mix015,55,4,70,-2
fold8_room1_mix015,56,4,39,-2
fold8_room1_mix015,56,4,136,0
fold8_room1_mix015,56,4,64,-2
fold8_room1_mix015,57,4,34,-2
fold8_room1_mix015,57,4,135,0
fold8_room1_mix015,57,4,58,-2
fold8_room1_mix015,58,4,29,-1
fold8_room1_mix015,58,4,134,0
fold8_room1_mix015,58,4,53,-1
fold8_room1_mix015,59,4,25,-1
fold8_room1_mix015,59,4,132,0
fold8_room1_mix015,59,4,48,-1
fold8_room1_mix015,60,4,24,-1
fold8_room1_mix015,60,4,131,0
fold8_room1_mix015,60,4,44,-1
fold8_room1_mix015,61,4,22,-1
fold8_room1_mix015,61,4,130,0
fold8_room1_mix015,61,4,41,-1
fold8_room1_mix015,62,4,21,-1
fold8_room1_mix015,62,4,129,-1
fold8_room1_mix015,62,4,37,-1
fold8_room1_mix015,63,4,21,-1
fold8_room1_mix015,63,4,28,-1
fold8_room1_mix015,64,4,21,0
fold8_room1_mix015,64,4,28,-1
fold8_room1_mix015,65,4,22,0
fold8_room1_mix015,65,4,27,-1
fold8_room1_mix015,66,4,22,0
fold8_room1_mix015,66,4,27,0
fold8_room1_mix015,67,4,22,0
fold8_room1_mix015,67,4,27,0
fold8_room1_mix015,68,4,23,0
fold8_room1_mix015,68,4,27,0
fold8_room1_mix015,69,4,23,0
fold8_room1_mix015,69,4,26,0
fold8_room1_mix015,70,4,23,0
fold8_room1_mix015,70,4,25,0
fold8_room1_mix015,71,4,22,0
fold8_room1_mix015,71,4,25,0
fold8_room1_mix015,72,4,23,0
fold8_room1_mix015,72,4,25,0
fold8_room1_mix015,73,4,23,0
fold8_room1_mix015,73,4,25,0
fold8_room1_mix015,74,4,24,0
fold8_room1_mix015,74,4,25,0
fold8_room1_mix015,75,4,24,0
fold8_room1_mix015,75,4,25,0
fold8_room1_mix015,76,4,23,0
fold8_room1_mix015,76,4,24,0
fold8_room1_mix015,77,4,22,0
fold8_room1_mix015,77,4,22,0
fold8_room1_mix015,78,4,22,0
fold8_room1_mix015,78,4,21,0
fold8_room1_mix015,79,4,21,0
fold8_room1_mix015,79,4,21,0
fold8_room1_mix015,80,4,21,0
fold8_room1_mix015,80,4,20,-1
fold8_room1_mix015,81,4,20,-1
fold8_room1_mix015,81,4,19,-1
fold8_room1_mix015,82,4,19,-1
fold8_room1_mix015,82,4,18,-1
fold8_room1_mix015,83,4,18,-1
fold8_room1_mix015,83,4,17,-1
fold8_room1_mix015,84,4,18,-1
fold8_room1_mix015,84,4,17,-1
fold8_room1_mix015,85,4,18,-1
fold8_room1_mix015,85,4,17,-1
fold8_room1_mix015,86,4,19,-1
fold8_room1_mix015,86,4,17,-1
fold8_room1_mix015,87,4,20,-1
fold8_room1_mix015,87,4,17,-1
fold8_room1_mix015,88,4,20,-1
fold8_room1_mix015,88,4,17,-1
fold8_room1_mix015,89,4,20,-1
fold8_room1_mix015,89,4,17,-1
fold8_room1_mix015,90,4,20,-1
fold8_room1_mix015,90,4,17,-1
fold8_room1_mix015,91,4,20,-1
fold8_room1_mix015,91,4,17,-1
fold8_room1_mix015,92,4,21,-1
fold8_room1_mix015,92,4,17,-1
fold8_room1_mix015,93,4,21,-1
fold8_room1_mix015,93,4,17,-1
fold8_room1_mix015,94,4,21,-1
fold8_room1_mix015,94,4,17,-1
fold8_room1_mix015,95,4,22,-1
fold8_room1_mix015,95,4,17,-1
fold8_room1_mix015,96,4,22,-1
fold8_room1_mix015,96,4,17,-1
fold8_room1_mix015,97,4,24,-1
fold8_room1_mix015,98,4,23,0
fold8_room1_mix015,99,4,22,0
fold8_room1_mix016,2,4,0,0
fold8_room1_mix016,2,4,179,-1
fold8_room1_mix016,3,4,0,0
fold8_room1_mix016,3,4,179,-1
fold8_room1_mix016,4,4,0,-1
fold8_room1_mix016,4,4,179,-1
fold8_room1_mix016,5,4,0,-1
fold8_room1_mix016,5,4,179,-1
fold8_room1_mix016,6,4,-1,0
fold8_room1_mix016,6,4,179,-1
fold8_room1_mix016,7,4,-2,0
fold8_room1_mix016,7,4,179,-1
fold8_room1_mix016,8,4,-2,0
fold8_room1_mix016,8,4,178,-1
fold8_room1_mix016,9,4,-2,0
fold8_room1_mix016,9,4,178,-1
fold8_room1_mix016,10,4,-2,0
fold8_room1_mix016,10,4,178,-1
fold8_room1_mix016,11,4,-2,0
fold8_room1_mix016,11,4,178,-1
fold8_room1_mix016,12,4,-2,0
fold8_room1_mix016,12,4,178,-1
fold8_room1_mix016,13,4,-2,0
fold8_room1_mix016,13,4,178,-1
fold8_room1_mix016,14,4,-2,0
fold8_room1_mix016,14,4,179,-1
fold8_room1_mix016,15,4,-2,0
fold8_room1_mix016,15,4,179,-1
fold8_room1_mix016,16,4,-3,0
fold8_room1_mix016,16,4,178,-1
fold8_room1_mix016,17,4,-3,0
fold8_room1_mix016,17,4,178,-1
fold8_room1_mix016,18,4,-3,0
fold8_room1_mix016,18,4,178,-1
fold8_room1_mix016,19,4,-3,0
fold8_room1_mix016,19,4,178,-1
fold8_room1_mix016,20,4,-3,0
fold8_room1_mix016,20,4,178,-1
fold8_room1_mix016,21,4,-3,0
fold8_room1_mix016,21,4,178,-1
fold8_room1_mix016,22,4,-3,-1
fold8_room1_mix016,22,4,179,-1
fold8_room1_mix016,23,4,-3,-1
fold8_room1_mix016,23,4,179,-1
fold8_room1_mix016,24,4,-3,-1
fold8_room1_mix016,24,4,179,-1
fold8_room1_mix016,25,4,-3,-1
fold8_room1_mix016,25,4,179,-1
fold8_room1_mix016,26,4,-3,-1
fold8_room1_mix016,26,4,179,-1
fold8_room1_mix016,27,4,-3,-1
fold8_room1_mix016,27,4,179,-1
fold8_room1_mix016,28,4,-3,-1
fold8_room1_mix016,28,4,179,-1
fold8_room1_mix016,29,4,-2,-1
fold8_room1_mix016,29,4,179,-1
fold8_room1_mix016,30,4,-2,-1
fold8_room1_mix016,30,4,179,-1
fold8_room1_mix016,31,4,-2,-1
fold8_room1_mix016,31,4,179,-1
fold8_room1_mix016,32,4,-1,-1
fold8_room1_mix016,32,4,179,-1
fold8_room1_mix016,33,4,-1,-1
fold8_room1_mix016,33,4,179,-1
fold8_room1_mix016,34,4,-1,-1
fold8_room1_mix016,34,4,178,-1
fold8_room1_mix016,35,4,-1,-2
fold8_room1_mix016,35,4,178,-2
fold8_room1_mix016,36,4,0,-2
fold8_room1_mix016,36,4,178,-2
fold8_room1_mix016,37,4,-1,-3
fold8_room1_mix016,37,4,177,-2
fold8_room1_mix016,38,4,-2,-3
fold8_room1_mix016,38,4,176,-2
fold8_room1_mix016,39,4,-2,-3
fold8_room1_mix016,39,4,175,-2
fold8_room1_mix016,40,4,-3,-3
fold8_room1_mix016,40,4,175,-2
fold8_room1_mix016,41,4,-4,-4
fold8_room1_mix016,41,4,174,-2
fold8_room1_mix016,42,4,-5,-5
fold8_room1_mix016,42,4,174,-2
fold8_room1_mix016,43,4,-7,-6
fold8_room1_mix016,43,4,174,-2
fold8_room1_mix016,44,4,-12,-9
fold8_room1_mix016,44,4,175,-5
fold8_room1_mix016,45,4,-19,-12
fold8_room1_mix016,45,4,167,-5
fold8_room1_mix016,45,4,-174,-11
fold8_room1_mix016,46,4,-25,-17
fold8_room1_mix016,46,4,167,-6
fold8_room1_mix016,46,4,-170,-15
fold8_room1_mix016,48,4,153,-25
fold8_room1_mix016,48,4,-174,-10
fold8_room1_mix016,49,4,149,-13
fold8_room1_mix016,49,4,-171,-10
fold8_room1_mix016,50,4,134,-16
fold8_room1_mix016,50,4,-170,-11
fold8_room1_mix016,51,4,103,-23
fold8_room1_mix016,51,4,-161,-8
fold8_room1_mix016,51,4,176,-21
fold8_room1_mix016,52,4,67,-23
fold8_room1_mix016,52,4,-155,-9
fold8_room1_mix016,53,4,46,-18
fold8_room1_mix016,53,4,-157,-7
fold8_room1_mix016,53,4,12,-17
fold8_room1_mix016,54,4,33,-14
fold8_room1_mix016,54,4,-162,-6
fold8_room1_mix016,54,4,8,-9
fold8_room1_mix016,55,4,20,-10
fold8_room1_mix016,55,4,13,-8
fold8_room1_mix016,56,4,10,-8
fold8_room1_mix016,56,4,8,-6
fold8_room1_mix016,57,4,8,-7
fold8_room1_mix016,57,4,7,-5
fold8_room1_mix016,58,4,5,-6
fold8_room1_mix016,58,4,6,-5
fold8_room1_mix016,59,4,3,-6
fold8_room1_mix016,59,4,5,-5
fold8_room1_mix016,60,4,4,-5
fold8_room1_mix016,60,4,5,-4
fold8_room1_mix016,61,4,5,-5
fold8_room1_mix016,61,4,5,-4
fold8_room1_mix016,62,4,5,-5
fold8_room1_mix016,62,4,5,-4
fold8_room1_mix016,63,4,5,-4
fold8_room1_mix016,63,4,5,-3
fold8_room1_mix016,64,4,5,-4
fold8_room1_mix016,64,4,5,-3
fold8_room1_mix016,65,4,5,-3
fold8_room1_mix016,65,4,4,-3
fold8_room1_mix016,66,4,4,-3
fold8_room1_mix016,66,4,4,-2
fold8_room1_mix016,67,4,4,-3
fold8_room1_mix016,67,4,4,-2
fold8_room1_mix016,68,4,4,-2
fold8_room1_mix016,68,4,4,-2
fold8_room1_mix016,69,4,4,-2
fold8_room1_mix016,69,4,3,-2
fold8_room1_mix016,70,4,3,-2
fold8_room1_mix016,70,4,3,-2
fold8_room1_mix016,71,4,3,-2
fold8_room1_mix016,71,4,2,-2
fold8_room1_mix016,72,4,3,-2
fold8_room1_mix016,72,4,2,-2
fold8_room1_mix016,73,4,3,-2
fold8_room1_mix016,73,4,2,-2
fold8_room1_mix016,74,4,3,-2
fold8_room1_mix016,74,4,2,-2
fold8_room1_mix016,75,4,3,-2
fold8_room1_mix016,75,4,2,-2
fold8_room1_mix016,76,4,3,-2
fold8_room1_mix016,76,4,2,-2
fold8_room1_mix016,77,4,2,-2
fold8_room1_mix016,77,4,2,-2
fold8_room1_mix016,78,4,2,-2
fold8_room1_mix016,78,4,2,-2
fold8_room1_mix016,79,4,2,-2
fold8_room1_mix016,79,4,2,-2
fold8_room1_mix016,80,4,1,-1
fold8_room1_mix016,80,4,2,-1
fold8_room1_mix016,81,4,1,-1
fold8_room1_mix016,81,4,2,-1
fold8_room1_mix016,82,4,1,-1
fold8_room1_mix016,82,4,2,-1
fold8_room1_mix016,83,4,0,-1
fold8_room1_mix016,83,4,2,-1
fold8_room1_mix016,84,4,0,-1
fold8_room1_mix016,84,4,2,-1
fold8_room1_mix016,85,4,0,-1
fold8_room1_mix016,85,4,2,-1
fold8_room1_mix016,86,4,0,-1
fold8_room1_mix016,86,4,1,-1
fold8_room1_mix016,87,4,0,-1
fold8_room1_mix016,87,4,1,-1
fold8_room1_mix016,88,4,0,-1
fold8_room1_mix016,88,4,1,-1
fold8_room1_mix016,89,4,0,-1
fold8_room1_mix016,89,4,1,-1
fold8_room1_mix016,90,4,0,-1
fold8_room1_mix016,90,4,1,-1
fold8_room1_mix016,91,4,0,-1
fold8_room1_mix016,91,4,1,-1
fold8_room1_mix016,92,4,0,-1
fold8_room1_mix016,92,4,1,-1
fold8_room1_mix016,93,4,0,-1
fold8_room1_mix016,93,4,2,-1
fold8_room1_mix016,94,4,0,-1
fold8_room1_mix016,94,4,2,-1
fold8_room1_mix016,95,4,0,-1
fold8_room1_mix016,95,4,1,-1
fold8_room1_mix016,96,4,0,-1
fold8_room1_mix016,96,4,1,-1
fold8_room1_mix016,97,4,0,-1
fold8_room1_mix016,97,4,1,-1
fold8_room1_mix016,98,4,0,-1
fold8_room1_mix016,98,4,1,-1
fold8_room1_mix016,99,4,-1,-1
fold8_room1_mix016,99,4,0,-1
fold8_room1_mix016,1,4,179,-1
fold8_room1_mix016,47,4,173,-7
fold8_room1_mix016,47,4,-170,-14
fold8_room1_mix016,0,4,177,-2
fold8_room1_mix017,19,3,9,0
fold8_room1_mix017,20,3,11,-1
fold8_room1_mix017,21,3,12,-1
fold8_room1_mix017,22,3,12,-1
fold8_room1_mix017,23,3,11,-1
fold8_room1_mix017,24,3,11,-1
fold8_room1_mix017,25,3,11,-1
fold8_room1_mix017,26,3,12,-1
fold8_room1_mix017,27,3,12,-1
fold8_room1_mix017,28,3,12,-1
fold8_room1_mix017,29,3,13,-1
fold8_room1_mix017,30,3,13,-1
fold8_room1_mix017,31,3,14,-1
fold8_room1_mix017,32,3,14,-1
fold8_room1_mix017,33,3,14,-1
fold8_room1_mix017,34,3,14,-2
fold8_room1_mix017,34,4,-175,-1
fold8_room1_mix017,35,3,15,-2
fold8_room1_mix017,35,4,-174,-1
fold8_room1_mix017,36,3,16,-2
fold8_room1_mix017,36,4,-172,-2
fold8_room1_mix017,37,3,17,-2
fold8_room1_mix017,37,4,-171,-2
fold8_room1_mix017,38,3,18,-2
fold8_room1_mix017,38,4,-171,-2
fold8_room1_mix017,39,3,20,-2
fold8_room1_mix017,39,4,-8,-1
fold8_room1_mix017,39,4,-170,-2
fold8_room1_mix017,40,3,21,-2
fold8_room1_mix017,40,4,-7,-1
fold8_room1_mix017,40,4,-172,-2
fold8_room1_mix017,41,3,21,-2
fold8_room1_mix017,41,4,-6,0
fold8_room1_mix017,41,4,-172,-2
fold8_room1_mix017,41,4,-155,-3
fold8_room1_mix017,42,3,21,-2
fold8_room1_mix017,42,4,-5,0
fold8_room1_mix017,42,4,-165,-2
fold8_room1_mix017,43,3,21,-2
fold8_room1_mix017,43,4,-5,0
fold8_room1_mix017,43,4,-163,-3
fold8_room1_mix017,44,3,21,-1
fold8_room1_mix017,44,4,-5,0
fold8_room1_mix017,44,4,-164,-4
fold8_room1_mix017,44,4,-148,-2
fold8_room1_mix017,45,3,21,-1
fold8_room1_mix017,45,4,-6,0
fold8_room1_mix017,45,4,-160,-4
fold8_room1_mix017,45,4,-143,-2
fold8_room1_mix017,46,3,21,-1
fold8_room1_mix017,46,4,-7,0
fold8_room1_mix017,46,4,-152,-5
fold8_room1_mix017,46,4,-136,-3
fold8_room1_mix017,47,3,25,-1
fold8_room1_mix017,47,4,-9,-1
fold8_room1_mix017,47,4,-129,-5
fold8_room1_mix017,48,3,29,-1
fold8_room1_mix017,48,4,-12,-1
fold8_room1_mix017,48,4,-114,-6
fold8_room1_mix017,49,3,33,-1
fold8_room1_mix017,49,4,-14,-1
fold8_room1_mix017,49,4,-101,-7
fold8_room1_mix017,50,3,36,-1
fold8_room1_mix017,50,4,-14,-2
fold8_room1_mix017,50,4,-90,-8
fold8_room1_mix017,51,3,38,-1
fold8_room1_mix017,51,4,-14,-2
fold8_room1_mix017,51,4,-81,-9
fold8_room1_mix017,52,3,42,-1
fold8_room1_mix017,52,4,-15,-3
fold8_room1_mix017,52,4,-72,-9
fold8_room1_mix017,53,3,45,-1
fold8_room1_mix017,53,4,-14,-3
fold8_room1_mix017,53,4,-55,-7
fold8_room1_mix017,54,3,49,-1
fold8_room1_mix017,54,4,-12,-3
fold8_room1_mix017,54,4,-44,-6
fold8_room1_mix017,55,4,-11,-2
fold8_room1_mix017,55,4,-38,-5
fold8_room1_mix017,56,4,-10,-2
fold8_room1_mix017,56,4,-34,-4
fold8_room1_mix017,57,4,-11,-3
fold8_room1_mix017,57,4,-33,-4
fold8_room1_mix017,58,4,-13,-3
fold8_room1_mix017,58,4,-32,-4
fold8_room1_mix017,59,4,-14,-4
fold8_room1_mix017,59,4,-34,-5
fold8_room1_mix017,60,4,-16,-5
fold8_room1_mix017,60,4,-41,-7
fold8_room1_mix017,61,4,-20,-7
fold8_room1_mix017,61,4,-50,-9
fold8_room1_mix017,62,4,-24,-9
fold8_room1_mix017,62,4,-65,-12
fold8_room1_mix017,63,4,-30,-10
fold8_room1_mix017,63,4,-95,-14
fold8_room1_mix017,64,4,-38,-10
fold8_room1_mix017,64,4,-123,-12
fold8_room1_mix017,65,4,-49,-11
fold8_room1_mix017,65,4,-138,-11
fold8_room1_mix017,66,4,-56,-10
fold8_room1_mix017,66,4,-146,-9
fold8_room1_mix017,67,4,-62,-9
fold8_room1_mix017,67,4,-153,-7
fold8_room1_mix017,69,4,-50,-5
fold8_room1_mix017,69,4,-166,-4
fold8_room1_mix017,70,4,-33,-4
fold8_room1_mix017,70,4,-167,-4
fold8_room1_mix017,71,4,-25,-3
fold8_room1_mix017,71,4,-168,-3
fold8_room1_mix017,72,4,-22,-2
fold8_room1_mix017,72,4,-170,-3
fold8_room1_mix017,73,4,-22,-2
fold8_room1_mix017,73,4,-170,-3
fold8_room1_mix017,74,4,-22,-2
fold8_room1_mix017,74,4,-171,-3
fold8_room1_mix017,75,4,-25,-3
fold8_room1_mix017,75,4,-172,-3
fold8_room1_mix017,77,4,-153,-3
fold8_room1_mix017,77,4,-173,-3
fold8_room1_mix017,78,4,-169,-2
fold8_room1_mix017,79,4,-170,-2
fold8_room1_mix017,80,4,-170,-2
fold8_room1_mix017,81,4,-171,-2
fold8_room1_mix017,82,4,-171,-2
fold8_room1_mix017,83,4,-171,-1
fold8_room1_mix017,84,4,-171,-1
fold8_room1_mix017,85,4,-173,-1
fold8_room1_mix017,86,4,-175,-1
fold8_room1_mix017,87,4,-176,-1
fold8_room1_mix017,88,4,-176,-2
fold8_room1_mix017,68,4,-162,-5
fold8_room1_mix017,76,4,-172,-3
fold8_room1_mix018,0,4,-143,0
fold8_room1_mix018,0,5,-28,4
fold8_room1_mix018,1,4,-142,0
fold8_room1_mix018,1,5,-28,4
fold8_room1_mix018,2,4,-152,0
fold8_room1_mix018,2,5,-28,3
fold8_room1_mix018,3,4,-151,0
fold8_room1_mix018,3,5,-29,3
fold8_room1_mix018,4,4,-148,0
fold8_room1_mix018,4,5,-29,3
fold8_room1_mix018,5,4,-147,0
fold8_room1_mix018,5,5,-29,3
fold8_room1_mix018,6,4,-146,0
fold8_room1_mix018,6,5,-29,3
fold8_room1_mix018,7,4,-144,0
fold8_room1_mix018,7,5,-29,3
fold8_room1_mix018,8,4,-142,0
fold8_room1_mix018,8,5,-28,3
fold8_room1_mix018,9,4,-140,0
fold8_room1_mix018,9,5,-28,3
fold8_room1_mix018,10,4,-138,0
fold8_room1_mix018,10,5,-28,3
fold8_room1_mix018,11,4,-136,-1
fold8_room1_mix018,11,5,-27,3
fold8_room1_mix018,12,4,-135,-1
fold8_room1_mix018,12,5,-27,3
fold8_room1_mix018,13,4,-135,-1
fold8_room1_mix018,13,5,-27,3
fold8_room1_mix018,14,4,-134,-1
fold8_room1_mix018,14,5,-27,3
fold8_room1_mix018,15,4,-133,-1
fold8_room1_mix018,15,5,-26,3
fold8_room1_mix018,16,4,-132,-1
fold8_room1_mix018,16,5,-26,2
fold8_room1_mix018,17,4,-132,-1
fold8_room1_mix018,17,5,-26,2
fold8_room1_mix018,18,4,-131,-1
fold8_room1_mix018,18,5,-26,2
fold8_room1_mix018,19,4,-130,-1
fold8_room1_mix018,19,5,-27,3
fold8_room1_mix018,20,4,-129,-1
fold8_room1_mix018,20,5,-27,3
fold8_room1_mix018,21,4,-128,-1
fold8_room1_mix018,21,5,-27,3
fold8_room1_mix018,22,4,-127,-1
fold8_room1_mix018,22,5,-27,3
fold8_room1_mix018,23,4,-126,-1
fold8_room1_mix018,23,5,-27,3
fold8_room1_mix018,24,4,-125,-1
fold8_room1_mix018,24,5,-26,2
fold8_room1_mix018,25,4,-125,-1
fold8_room1_mix018,25,5,-26,2
fold8_room1_mix018,26,4,-124,-1
fold8_room1_mix018,26,5,-26,2
fold8_room1_mix018,27,4,-123,-1
fold8_room1_mix018,27,5,-26,2
fold8_room1_mix018,28,4,-119,-1
fold8_room1_mix018,28,5,-26,2
fold8_room1_mix018,29,4,-113,-1
fold8_room1_mix018,29,5,-26,2
fold8_room1_mix018,30,4,-109,0
fold8_room1_mix018,30,5,-26,2
fold8_room1_mix018,31,4,-109,-1
fold8_room1_mix018,31,5,-26,2
fold8_room1_mix018,32,4,-110,-1
fold8_room1_mix018,32,5,-26,2
fold8_room1_mix018,33,4,-110,-1
fold8_room1_mix018,33,5,-26,2
fold8_room1_mix018,34,4,-106,-1
fold8_room1_mix018,34,5,-27,2
fold8_room1_mix018,35,4,-87,-2
fold8_room1_mix018,35,4,-105,-1
fold8_room1_mix018,35,5,-27,2
fold8_room1_mix018,36,4,-74,-2
fold8_room1_mix018,36,4,-101,-1
fold8_room1_mix018,36,5,-27,1
fold8_room1_mix018,37,4,-62,-3
fold8_room1_mix018,37,4,-97,-1
fold8_room1_mix018,37,5,-27,1
fold8_room1_mix018,38,4,-49,-3
fold8_room1_mix018,38,4,-93,-1
fold8_room1_mix018,38,5,-28,2
fold8_room1_mix018,39,4,-37,-3
fold8_room1_mix018,39,4,-88,-1
fold8_room1_mix018,39,5,-28,2
fold8_room1_mix018,40,4,-29,-3
fold8_room1_mix018,40,4,-86,-1
fold8_room1_mix018,40,5,-28,2
fold8_room1_mix018,41,4,-23,-3
fold8_room1_mix018,41,4,-85,-1
fold8_room1_mix018,41,5,-28,2
fold8_room1_mix018,42,4,-17,-3
fold8_room1_mix018,42,4,-92,-1
fold8_room1_mix018,42,4,-77,-1
fold8_room1_mix018,42,5,-28,2
fold8_room1_mix018,43,4,-13,-3
fold8_room1_mix018,43,4,-93,-1
fold8_room1_mix018,43,4,-76,-1
fold8_room1_mix018,43,5,-28,2
fold8_room1_mix018,44,4,-8,-3
fold8_room1_mix018,44,4,-99,-1
fold8_room1_mix018,44,4,-78,-1
fold8_room1_mix018,44,5,-27,2
fold8_room1_mix018,45,4,-5,-3
fold8_room1_mix018,45,4,-104,-1
fold8_room1_mix018,45,4,-79,-1
fold8_room1_mix018,45,5,-27,2
fold8_room1_mix018,46,4,-2,-4
fold8_room1_mix018,46,4,-108,-1
fold8_room1_mix018,46,4,-81,-1
fold8_room1_mix018,46,5,-26,2
fold8_room1_mix018,47,4,0,-4
fold8_room1_mix018,47,4,-109,-1
fold8_room1_mix018,47,4,-85,-1
fold8_room1_mix018,47,5,-26,2
fold8_room1_mix018,48,4,1,-4
fold8_room1_mix018,48,4,-110,-1
fold8_room1_mix018,48,4,-89,-1
fold8_room1_mix018,48,5,-25,2
fold8_room1_mix018,49,4,3,-4
fold8_room1_mix018,49,4,-110,-1
fold8_room1_mix018,49,4,-93,0
fold8_room1_mix018,49,5,-24,2
fold8_room1_mix018,50,4,5,-5
fold8_room1_mix018,50,4,-112,-1
fold8_room1_mix018,50,4,-97,-1
fold8_room1_mix018,50,5,-24,2
fold8_room1_mix018,51,4,7,-5
fold8_room1_mix018,51,4,-108,-1
fold8_room1_mix018,51,5,-24,2
fold8_room1_mix018,52,4,8,-6
fold8_room1_mix018,52,4,-110,-1
fold8_room1_mix018,52,5,-24,3
fold8_room1_mix018,53,4,9,-6
fold8_room1_mix018,53,4,-111,-1
fold8_room1_mix018,53,5,-24,3
fold8_room1_mix018,54,4,9,-7
fold8_room1_mix018,54,4,-110,-1
fold8_room1_mix018,54,5,-24,3
fold8_room1_mix018,55,4,9,-8
fold8_room1_mix018,55,4,-110,-1
fold8_room1_mix018,55,5,-25,3
fold8_room1_mix018,56,4,5,-11
fold8_room1_mix018,56,4,-111,-3
fold8_room1_mix018,56,5,-25,3
fold8_room1_mix018,57,4,-5,-17
fold8_room1_mix018,57,4,-129,-12
fold8_room1_mix018,57,4,-105,-5
fold8_room1_mix018,57,5,-26,3
fold8_room1_mix018,58,4,-27,-30
fold8_room1_mix018,58,4,-106,-8
fold8_room1_mix018,58,5,-27,3
fold8_room1_mix018,59,4,152,-25
fold8_room1_mix018,59,4,-105,-9
fold8_room1_mix018,59,5,-28,3
fold8_room1_mix018,60,4,-83,-24
fold8_room1_mix018,60,4,156,-17
fold8_room1_mix018,60,4,-103,-6
fold8_room1_mix018,60,5,-28,3
fold8_room1_mix018,61,4,-88,-14
fold8_room1_mix018,61,4,159,-12
fold8_room1_mix018,61,4,-101,-3
fold8_room1_mix018,61,5,-28,3
fold8_room1_mix018,62,4,-91,-9
fold8_room1_mix018,62,4,-95,-4
fold8_room1_mix018,62,5,-28,3
fold8_room1_mix018,63,4,-90,-7
fold8_room1_mix018,63,4,-92,-3
fold8_room1_mix018,63,5,-29,3
fold8_room1_mix018,64,4,-88,-6
fold8_room1_mix018,64,4,-90,-2
fold8_room1_mix018,64,5,-29,3
fold8_room1_mix018,65,4,-87,-4
fold8_room1_mix018,65,4,-87,-2
fold8_room1_mix018,65,5,-30,3
fold8_room1_mix018,66,4,-87,-4
fold8_room1_mix018,66,4,-88,-2
fold8_room1_mix018,66,5,-30,3
fold8_room1_mix018,67,4,-88,-5
fold8_room1_mix018,67,4,-89,-2
fold8_room1_mix018,67,5,-31,3
fold8_room1_mix018,68,4,-90,-5
fold8_room1_mix018,68,4,-91,-2
fold8_room1_mix018,68,5,-31,3
fold8_room1_mix018,69,4,-90,-5
fold8_room1_mix018,69,4,-92,-2
fold8_room1_mix018,69,5,-31,3
fold8_room1_mix018,70,4,-90,-5
fold8_room1_mix018,70,4,-94,-1
fold8_room1_mix018,70,5,-31,3
fold8_room1_mix018,71,4,-90,-4
fold8_room1_mix018,71,4,-95,-1
fold8_room1_mix018,71,5,-31,3
fold8_room1_mix018,72,4,-90,-4
fold8_room1_mix018,72,4,-95,-1
fold8_room1_mix018,72,5,-31,3
fold8_room1_mix018,73,4,-89,-3
fold8_room1_mix018,73,4,-94,-1
fold8_room1_mix018,73,5,-31,3
fold8_room1_mix018,74,4,-88,-3
fold8_room1_mix018,74,4,-93,-1
fold8_room1_mix018,74,5,-31,3
fold8_room1_mix018,75,4,-89,-2
fold8_room1_mix018,75,4,-92,-1
fold8_room1_mix018,75,5,-30,3
fold8_room1_mix018,76,4,-91,-3
fold8_room1_mix018,76,4,-92,-1
fold8_room1_mix018,76,5,-30,3
fold8_room1_mix018,77,4,-93,-3
fold8_room1_mix018,77,4,-93,-1
fold8_room1_mix018,77,5,-30,3
fold8_room1_mix018,78,4,-95,-3
fold8_room1_mix018,78,4,-93,-1
fold8_room1_mix018,78,5,-30,3
fold8_room1_mix018,79,4,-96,-2
fold8_room1_mix018,79,4,-94,-1
fold8_room1_mix018,79,5,-30,3
fold8_room1_mix018,80,4,-97,-2
fold8_room1_mix018,80,4,-95,-1
fold8_room1_mix018,80,5,-30,3
fold8_room1_mix018,81,4,-97,-2
fold8_room1_mix018,81,4,-95,0
fold8_room1_mix018,81,5,-30,3
fold8_room1_mix018,82,4,-95,-2
fold8_room1_mix018,82,4,-94,-1
fold8_room1_mix018,82,5,-31,3
fold8_room1_mix018,83,4,-93,-2
fold8_room1_mix018,83,4,-92,-1
fold8_room1_mix018,83,5,-31,3
fold8_room1_mix018,84,4,-90,-2
fold8_room1_mix018,84,4,-90,-1
fold8_room1_mix018,84,5,-31,3
fold8_room1_mix018,85,4,-92,-1
fold8_room1_mix018,85,5,-32,3
fold8_room1_mix018,86,4,-90,-1
fold8_room1_mix018,86,5,-32,3
fold8_room1_mix018,87,4,-87,-1
fold8_room1_mix018,87,5,-32,3
fold8_room1_mix018,88,4,-85,-1
fold8_room1_mix018,88,5,-33,3
fold8_room1_mix018,89,4,-83,-1
fold8_room1_mix018,89,5,-33,3
fold8_room1_mix018,90,4,-80,-1
fold8_room1_mix018,90,5,-33,3
fold8_room1_mix018,91,4,-78,-1
fold8_room1_mix018,91,5,-33,3
fold8_room1_mix018,92,4,-77,-1
fold8_room1_mix018,92,5,-33,3
fold8_room1_mix018,93,4,-75,-1
fold8_room1_mix018,93,5,-34,3
fold8_room1_mix018,94,4,-74,-1
fold8_room1_mix018,94,5,-34,3
fold8_room1_mix018,95,4,-73,-1
fold8_room1_mix018,95,5,-34,3
fold8_room1_mix018,96,4,-72,-1
fold8_room1_mix018,96,5,-35,4
fold8_room1_mix018,97,4,-71,-1
fold8_room1_mix018,97,5,-35,4
fold8_room1_mix018,98,4,-70,-1
fold8_room1_mix018,98,5,-34,4
fold8_room1_mix018,99,4,-69,0
fold8_room1_mix018,99,5,-33,4
fold8_room1_mix019,47,4,-179,-1
fold8_room1_mix019,48,4,179,-1
fold8_room1_mix019,49,4,178,-2
fold8_room1_mix019,50,4,177,-2
fold8_room1_mix019,51,4,176,-1
fold8_room1_mix019,52,4,175,-1
fold8_room1_mix019,53,4,173,-1
fold8_room1_mix019,54,4,172,-1
fold8_room1_mix019,55,4,170,-2
fold8_room1_mix019,56,4,167,-2
fold8_room1_mix019,57,4,163,-2
fold8_room1_mix019,58,4,160,-3
fold8_room1_mix019,59,4,151,-4
fold8_room1_mix019,60,4,135,-5
fold8_room1_mix019,61,4,118,-8
fold8_room1_mix019,62,4,93,-10
fold8_room1_mix019,63,4,61,-8
fold8_room1_mix019,64,4,42,-6
fold8_room1_mix019,65,4,28,-5
fold8_room1_mix019,66,4,22,-4
fold8_room1_mix019,67,4,19,-3
fold8_room1_mix019,68,4,15,-2
fold8_room1_mix019,69,4,12,-2
fold8_room1_mix019,70,4,10,-2
fold8_room1_mix019,71,4,8,-1
fold8_room1_mix019,72,4,6,-1
fold8_room1_mix019,73,4,5,-1
fold8_room1_mix019,74,4,4,-1
fold8_room1_mix020,32,4,-24,-1
fold8_room1_mix020,33,4,-25,-1
fold8_room1_mix020,34,4,-27,-1
fold8_room1_mix020,35,4,-29,-1
fold8_room1_mix020,36,4,-30,-1
fold8_room1_mix020,37,4,-32,-1
fold8_room1_mix020,38,4,-35,-1
fold8_room1_mix020,39,4,-37,-1
fold8_room1_mix020,40,4,-39,-1
fold8_room1_mix020,41,4,-42,-1
fold8_room1_mix020,42,4,-45,-1
fold8_room1_mix020,43,4,-49,-1
fold8_room1_mix020,44,4,-52,-1
fold8_room1_mix020,45,4,-56,-1
fold8_room1_mix020,46,4,-59,-1
fold8_room1_mix020,47,4,-63,-1
fold8_room1_mix020,48,4,-68,-1
fold8_room1_mix020,49,4,-72,-2
fold8_room1_mix020,50,4,-79,-2
fold8_room1_mix020,51,4,-86,-2
fold8_room1_mix020,52,4,-93,-2
fold8_room1_mix020,53,4,-100,-2
fold8_room1_mix020,54,4,-107,-2
fold8_room1_mix020,55,4,-113,-2
fold8_room1_mix020,56,4,-117,-2
fold8_room1_mix020,57,4,-120,-2
fold8_room1_mix020,58,4,-123,-2
fold8_room1_mix020,59,4,-126,-2
fold8_room1_mix020,60,4,-131,-2
fold8_room1_mix020,61,4,-135,-1
fold8_room1_mix020,62,4,-139,-1
fold8_room1_mix020,63,4,-143,-1
fold8_room1_mix020,64,4,-147,-1
fold8_room1_mix020,65,4,-151,-1
fold8_room1_mix020,66,4,-155,-1
fold8_room1_mix020,67,4,-159,-1
fold8_room1_mix020,68,4,-163,-1
fold8_room1_mix020,69,4,-167,-1
fold8_room1_mix020,70,4,-171,-2
fold8_room1_mix020,71,4,-175,-2
fold8_room1_mix020,72,4,-179,-3
fold8_room1_mix020,73,4,177,-3
fold8_room1_mix020,74,4,174,-3
fold8_room1_mix020,75,4,170,-3
fold8_room1_mix020,76,4,165,-4
fold8_room1_mix020,77,4,160,-4
fold8_room1_mix020,78,4,155,-5
fold8_room1_mix020,79,4,147,-7
fold8_room1_mix020,80,4,139,-8
fold8_room1_mix020,81,4,132,-10
fold8_room1_mix020,82,4,118,-12
fold8_room1_mix020,83,4,94,-13
fold8_room1_mix020,84,4,70,-13
fold8_room1_mix020,85,4,57,-11
fold8_room1_mix020,86,4,48,-9
fold8_room1_mix020,87,4,37,-7
fold8_room1_mix020,88,4,29,-6
fold8_room1_mix020,89,4,25,-5
fold8_room1_mix020,90,4,22,-5
fold8_room1_mix020,91,4,19,-4
fold8_room1_mix020,92,4,17,-3
fold8_room1_mix020,93,4,15,-3
fold8_room1_mix020,94,4,14,-2
fold8_room1_mix020,95,4,11,-2
fold8_room1_mix020,96,4,9,-2
fold8_room1_mix021,42,4,175,-2
fold8_room1_mix021,43,4,176,-1
fold8_room1_mix021,44,4,176,-2
fold8_room1_mix021,45,4,175,-2
fold8_room1_mix021,46,4,175,-3
fold8_room1_mix021,47,4,175,-3
fold8_room1_mix021,48,0,82,-2
fold8_room1_mix021,48,4,174,-2
fold8_room1_mix021,49,0,80,-2
fold8_room1_mix021,49,4,173,-2
fold8_room1_mix021,50,0,73,-2
fold8_room1_mix021,50,4,173,-3
fold8_room1_mix021,51,0,67,-2
fold8_room1_mix021,51,4,172,-4
fold8_room1_mix021,52,0,61,-2
fold8_room1_mix021,52,4,171,-4
fold8_room1_mix021,53,0,59,-2
fold8_room1_mix021,53,4,166,-7
fold8_room1_mix021,54,0,57,-2
fold8_room1_mix021,54,4,160,-12
fold8_room1_mix021,55,0,55,-2
fold8_room1_mix021,55,4,155,-16
fold8_room1_mix021,56,0,51,-2
fold8_room1_mix021,56,4,147,-20
fold8_room1_mix021,57,0,45,-2
fold8_room1_mix021,57,4,80,-35
fold8_room1_mix021,58,0,41,-1
fold8_room1_mix021,58,4,28,-19
fold8_room1_mix021,59,0,38,-1
fold8_room1_mix021,59,4,21,-15
fold8_room1_mix021,60,0,36,-1
fold8_room1_mix021,60,4,16,-11
fold8_room1_mix021,61,0,34,-1
fold8_room1_mix021,61,4,11,-8
fold8_room1_mix021,62,0,32,-1
fold8_room1_mix021,62,4,7,-4
fold8_room1_mix021,63,0,31,-1
fold8_room1_mix021,63,4,6,-4
fold8_room1_mix021,64,0,30,-1
fold8_room1_mix021,64,4,6,-3
fold8_room1_mix021,65,0,29,-1
fold8_room1_mix021,65,4,5,-3
fold8_room1_mix021,66,0,28,-1
fold8_room1_mix021,66,4,5,-3
fold8_room1_mix021,67,0,26,-1
fold8_room1_mix021,67,4,5,-2
fold8_room1_mix021,68,0,25,-1
fold8_room1_mix021,68,4,5,-2
fold8_room1_mix021,69,0,24,-1
fold8_room1_mix021,69,4,4,-2
fold8_room1_mix021,70,0,23,-1
fold8_room1_mix021,70,4,4,-2
fold8_room1_mix021,71,0,23,-1
fold8_room1_mix021,71,4,3,-2
fold8_room1_mix021,72,0,22,0
fold8_room1_mix021,72,4,2,-1
fold8_room1_mix021,73,0,21,0
fold8_room1_mix021,73,4,1,-1
fold8_room1_mix021,74,0,20,0
fold8_room1_mix021,74,4,0,-1
fold8_room1_mix021,75,0,18,0
fold8_room1_mix021,76,0,13,0
fold8_room1_mix022,6,1,-11,0
fold8_room1_mix022,7,1,-14,0
fold8_room1_mix022,8,1,-16,0
fold8_room1_mix022,9,1,-17,0
fold8_room1_mix022,10,1,-17,0
fold8_room1_mix022,11,1,-17,0
fold8_room1_mix022,12,1,-17,0
fold8_room1_mix022,13,1,-17,0
fold8_room1_mix022,14,1,-18,0
fold8_room1_mix022,15,1,-18,0
fold8_room1_mix022,16,1,-18,0
fold8_room1_mix022,17,1,-19,-1
fold8_room1_mix022,18,1,-19,-1
fold8_room1_mix022,19,1,-19,-1
fold8_room1_mix022,20,1,-19,-1
fold8_room1_mix022,21,1,-19,-1
fold8_room1_mix022,22,1,-20,-1
fold8_room1_mix022,22,4,-157,-2
fold8_room1_mix022,23,1,-21,-1
fold8_room1_mix022,23,4,-152,-2
fold8_room1_mix022,24,1,-22,-1
fold8_room1_mix022,24,4,-152,-2
fold8_room1_mix022,25,1,-23,-1
fold8_room1_mix022,25,4,-146,-2
fold8_room1_mix022,26,1,-24,-1
fold8_room1_mix022,26,4,-146,-2
fold8_room1_mix022,27,1,-24,-1
fold8_room1_mix022,27,4,-145,-2
fold8_room1_mix022,28,1,-25,-1
fold8_room1_mix022,28,4,-145,-2
fold8_room1_mix022,29,1,-25,-1
fold8_room1_mix022,29,4,-144,-2
fold8_room1_mix022,30,1,-25,-1
fold8_room1_mix022,30,4,-142,-3
fold8_room1_mix022,31,1,-25,-1
fold8_room1_mix022,31,4,-139,-3
fold8_room1_mix022,32,1,-26,-1
fold8_room1_mix022,32,4,-135,-3
fold8_room1_mix022,33,1,-27,-1
fold8_room1_mix022,33,4,-132,-3
fold8_room1_mix022,34,1,-28,-1
fold8_room1_mix022,34,4,-129,-3
fold8_room1_mix022,35,1,-30,-1
fold8_room1_mix022,35,4,-125,-3
fold8_room1_mix022,36,1,-31,-1
fold8_room1_mix022,36,4,-122,-3
fold8_room1_mix022,37,1,-32,-1
fold8_room1_mix022,37,4,-114,-4
fold8_room1_mix022,38,1,-32,-1
fold8_room1_mix022,38,4,-100,-4
fold8_room1_mix022,39,1,-32,-1
fold8_room1_mix022,39,4,-84,-3
fold8_room1_mix022,40,1,-33,-1
fold8_room1_mix022,40,4,-73,-3
fold8_room1_mix022,41,1,-34,-1
fold8_room1_mix022,41,4,-56,-2
fold8_room1_mix022,41,4,-74,-3
fold8_room1_mix022,42,1,-35,-1
fold8_room1_mix022,42,4,-52,-2
fold8_room1_mix022,42,4,-70,-3
fold8_room1_mix022,43,1,-36,-1
fold8_room1_mix022,43,4,-48,-2
fold8_room1_mix022,43,4,-67,-3
fold8_room1_mix022,44,1,-35,-1
fold8_room1_mix022,44,4,-45,-2
fold8_room1_mix022,44,4,-64,-4
fold8_room1_mix022,45,1,-37,-1
fold8_room1_mix022,45,4,-40,-2
fold8_room1_mix022,45,4,-62,-4
fold8_room1_mix022,46,1,-40,-1
fold8_room1_mix022,46,4,-36,-2
fold8_room1_mix022,46,4,-59,-4
fold8_room1_mix022,47,4,-32,-3
fold8_room1_mix022,47,4,-55,-4
fold8_room1_mix022,48,4,-28,-3
fold8_room1_mix022,48,4,-51,-4
fold8_room1_mix022,49,4,-24,-3
fold8_room1_mix022,49,4,-47,-4
fold8_room1_mix022,50,4,-21,-3
fold8_room1_mix022,50,4,-43,-3
fold8_room1_mix022,51,4,-19,-2
fold8_room1_mix022,51,4,-39,-3
fold8_room1_mix022,52,4,-18,-2
fold8_room1_mix022,52,4,-36,-3
fold8_room1_mix022,53,4,-17,-2
fold8_room1_mix022,53,4,-34,-2
fold8_room1_mix022,54,4,-16,-2
fold8_room1_mix022,54,4,-33,-2
fold8_room1_mix022,55,4,-15,-2
fold8_room1_mix022,55,4,-32,-2
fold8_room1_mix022,56,4,-15,-2
fold8_room1_mix022,56,4,-31,-2
fold8_room1_mix022,57,4,-15,-3
fold8_room1_mix022,57,4,-31,-3
fold8_room1_mix022,58,4,-15,-3
fold8_room1_mix022,58,4,-32,-3
fold8_room1_mix022,59,4,-15,-3
fold8_room1_mix022,59,4,-31,-3
fold8_room1_mix022,60,4,-26,-3
fold8_room1_mix022,61,4,-26,-4
fold8_room1_mix022,62,4,-26,-4
fold8_room1_mix022,63,4,-27,-4
fold8_room1_mix022,64,4,-28,-4
fold8_room1_mix022,65,4,-29,-5
fold8_room1_mix022,66,4,-31,-5
fold8_room1_mix022,67,4,-35,-6
fold8_room1_mix022,68,4,-38,-6
fold8_room1_mix022,69,4,-45,-7
fold8_room1_mix022,70,4,-54,-8
fold8_room1_mix022,71,4,-62,-9
fold8_room1_mix022,72,4,-72,-11
fold8_room1_mix022,73,4,-87,-11
fold8_room1_mix022,74,4,-103,-11
fold8_room1_mix022,75,4,-116,-10
fold8_room1_mix022,76,4,-126,-8
fold8_room1_mix022,77,4,-135,-7
fold8_room1_mix022,78,4,-144,-6
fold8_room1_mix022,79,4,-147,-5
fold8_room1_mix022,80,4,-150,-5
fold8_room1_mix022,81,4,-152,-4
fold8_room1_mix022,82,4,-155,-4
fold8_room1_mix022,83,4,-157,-4
fold8_room1_mix022,84,4,-159,-3
fold8_room1_mix022,85,4,-161,-3
fold8_room1_mix022,86,4,-163,-3
fold8_room1_mix022,87,4,-165,-3
fold8_room1_mix022,88,4,-166,-2
fold8_room1_mix022,89,4,-167,-2
fold8_room1_mix022,90,4,-168,-2
fold8_room1_mix022,91,4,-168,-2
fold8_room1_mix022,92,4,-169,-2
fold8_room1_mix022,93,4,-169,-2
fold8_room1_mix022,94,4,-169,-2
fold8_room1_mix022,95,4,-169,-2
fold8_room1_mix022,96,4,-169,-2
fold8_room1_mix022,97,4,-170,-1
fold8_room1_mix022,98,4,-170,-1
fold8_room1_mix022,99,4,-170,-1
fold8_room1_mix023,2,4,0,-1
fold8_room1_mix023,2,4,1,-1
fold8_room1_mix023,3,4,0,-1
fold8_room1_mix023,3,4,1,-1
fold8_room1_mix023,4,4,0,-2
fold8_room1_mix023,4,4,1,-1
fold8_room1_mix023,5,4,1,-2
fold8_room1_mix023,5,4,2,-1
fold8_room1_mix023,6,4,2,-1
fold8_room1_mix023,6,4,2,-1
fold8_room1_mix023,7,4,2,-1
fold8_room1_mix023,7,4,2,-1
fold8_room1_mix023,8,4,3,-1
fold8_room1_mix023,8,4,2,-1
fold8_room1_mix023,9,4,3,-1
fold8_room1_mix023,9,4,2,-1
fold8_room1_mix023,10,4,3,-2
fold8_room1_mix023,10,4,3,-1
fold8_room1_mix023,11,4,3,-2
fold8_room1_mix023,11,4,2,-1
fold8_room1_mix023,12,4,3,-2
fold8_room1_mix023,12,4,2,-1
fold8_room1_mix023,13,4,2,-2
fold8_room1_mix023,13,4,2,-1
fold8_room1_mix023,14,4,2,-2
fold8_room1_mix023,14,4,1,-1
fold8_room1_mix023,15,4,1,-2
fold8_room1_mix023,15,4,1,-1
fold8_room1_mix023,16,4,1,-2
fold8_room1_mix023,16,4,1,-1
fold8_room1_mix023,17,4,1,-2
fold8_room1_mix023,17,4,0,-1
fold8_room1_mix023,18,4,0,-2
fold8_room1_mix023,18,4,0,-1
fold8_room1_mix023,19,4,0,-2
fold8_room1_mix023,19,4,0,-1
fold8_room1_mix023,20,4,0,-2
fold8_room1_mix023,20,4,0,-2
fold8_room1_mix023,21,4,0,-2
fold8_room1_mix023,21,4,0,-2
fold8_room1_mix023,22,4,0,-2
fold8_room1_mix023,22,4,0,-2
fold8_room1_mix023,23,4,0,-2
fold8_room1_mix023,23,4,0,-1
fold8_room1_mix023,24,4,0,-2
fold8_room1_mix023,24,4,0,-1
fold8_room1_mix023,25,4,0,-2
fold8_room1_mix023,25,4,0,-2
fold8_room1_mix023,26,4,0,-2
fold8_room1_mix023,26,4,0,-2
fold8_room1_mix023,27,4,1,-2
fold8_room1_mix023,27,4,0,-2
fold8_room1_mix023,28,4,2,-2
fold8_room1_mix023,28,4,0,-2
fold8_room1_mix023,29,4,2,-2
fold8_room1_mix023,29,4,1,-2
fold8_room1_mix023,30,4,3,-2
fold8_room1_mix023,30,4,1,-2
fold8_room1_mix023,31,4,3,-2
fold8_room1_mix023,31,4,0,-2
fold8_room1_mix023,32,4,2,-3
fold8_room1_mix023,32,4,0,-3
fold8_room1_mix023,33,4,2,-3
fold8_room1_mix023,33,4,-171,-4
fold8_room1_mix023,34,4,2,-3
fold8_room1_mix023,34,4,-172,-4
fold8_room1_mix023,35,4,2,-4
fold8_room1_mix023,35,4,-173,-3
fold8_room1_mix023,36,4,2,-4
fold8_room1_mix023,36,4,-174,-4
fold8_room1_mix023,37,4,3,-4
fold8_room1_mix023,37,4,-174,-4
fold8_room1_mix023,38,4,4,-5
fold8_room1_mix023,38,4,-173,-4
fold8_room1_mix023,39,4,6,-5
fold8_room1_mix023,39,4,-173,-4
fold8_room1_mix023,40,4,6,-5
fold8_room1_mix023,40,4,-172,-5
fold8_room1_mix023,41,4,7,-6
fold8_room1_mix023,41,4,-171,-6
fold8_room1_mix023,42,4,7,-7
fold8_room1_mix023,42,4,-169,-7
fold8_room1_mix023,43,4,9,-9
fold8_room1_mix023,43,4,-168,-8
fold8_room1_mix023,44,4,12,-11
fold8_room1_mix023,44,4,-165,-10
fold8_room1_mix023,45,4,16,-14
fold8_room1_mix023,45,4,-162,-12
fold8_room1_mix023,46,4,21,-18
fold8_room1_mix023,46,4,-159,-16
fold8_room1_mix023,47,4,33,-28
fold8_room1_mix023,47,4,-155,-25
fold8_room1_mix023,48,4,65,-43
fold8_room1_mix023,48,4,-146,-38
fold8_room1_mix023,49,4,111,-46
fold8_room1_mix023,49,4,-123,-55
fold8_room1_mix023,50,4,116,-80
fold8_room1_mix023,50,4,-160,-52
fold8_room1_mix023,50,4,-133,-59
fold8_room1_mix023,51,4,-61,-41
fold8_room1_mix023,51,4,172,-36
fold8_room1_mix023,51,4,-156,-56
fold8_room1_mix023,52,4,-57,-23
fold8_room1_mix023,52,4,160,-26
fold8_room1_mix023,52,4,-176,-49
fold8_room1_mix023,53,4,-48,-17
fold8_room1_mix023,53,4,162,-20
fold8_room1_mix023,53,4,175,-37
fold8_room1_mix023,54,4,-40,-14
fold8_room1_mix023,54,4,169,-19
fold8_room1_mix023,55,4,-34,-12
fold8_room1_mix023,55,4,171,-13
fold8_room1_mix023,56,4,-30,-10
fold8_room1_mix023,56,4,173,-9
fold8_room1_mix023,57,4,-25,-9
fold8_room1_mix023,57,4,175,-8
fold8_room1_mix023,58,4,-19,-9
fold8_room1_mix023,58,4,176,-7
fold8_room1_mix023,59,4,-14,-8
fold8_room1_mix023,59,4,177,-6
fold8_room1_mix023,60,4,-13,-7
fold8_room1_mix023,60,4,177,-6
fold8_room1_mix023,61,4,-11,-7
fold8_room1_mix023,61,4,177,-5
fold8_room1_mix023,62,4,-10,-6
fold8_room1_mix023,62,4,177,-5
fold8_room1_mix023,63,4,-9,-6
fold8_room1_mix023,63,4,178,-4
fold8_room1_mix023,64,4,-8,-5
fold8_room1_mix023,64,4,178,-4
fold8_room1_mix023,65,4,-6,-4
fold8_room1_mix023,65,4,179,-4
fold8_room1_mix023,66,4,-6,-4
fold8_room1_mix023,66,4,179,-3
fold8_room1_mix023,67,4,-5,-3
fold8_room1_mix023,67,4,178,-3
fold8_room1_mix023,68,4,-5,-3
fold8_room1_mix023,68,4,178,-2
fold8_room1_mix023,69,4,-5,-3
fold8_room1_mix023,69,4,178,-2
fold8_room1_mix023,70,4,-6,-3
fold8_room1_mix023,70,4,178,-2
fold8_room1_mix023,71,4,-7,-3
fold8_room1_mix023,71,4,178,-2
fold8_room1_mix023,72,4,-7,-3
fold8_room1_mix023,72,4,178,-2
fold8_room1_mix023,73,4,-7,-3
fold8_room1_mix023,73,4,178,-2
fold8_room1_mix023,74,4,-7,-2
fold8_room1_mix023,74,4,178,-2
fold8_room1_mix023,75,4,-7,-2
fold8_room1_mix023,75,4,178,-2
fold8_room1_mix023,76,4,-7,-2
fold8_room1_mix023,76,4,178,-2
fold8_room1_mix023,77,4,-7,-2
fold8_room1_mix023,77,4,178,-2
fold8_room1_mix023,78,4,-7,-2
fold8_room1_mix023,78,4,178,-2
fold8_room1_mix023,79,4,-7,-2
fold8_room1_mix023,79,4,178,-2
fold8_room1_mix023,80,4,-6,-2
fold8_room1_mix023,80,4,178,-2
fold8_room1_mix023,81,4,-6,-2
fold8_room1_mix023,81,4,178,-2
fold8_room1_mix023,82,4,-6,-2
fold8_room1_mix023,82,4,178,-2
fold8_room1_mix023,83,4,-6,-2
fold8_room1_mix023,83,4,178,-2
fold8_room1_mix023,84,4,-6,-2
fold8_room1_mix023,84,4,178,-2
fold8_room1_mix023,85,4,-6,-2
fold8_room1_mix023,85,4,179,-2
fold8_room1_mix023,86,4,-5,-2
fold8_room1_mix023,86,4,179,-2
fold8_room1_mix023,87,4,-4,-2
fold8_room1_mix023,87,4,179,-2
fold8_room1_mix023,88,4,-3,-2
fold8_room1_mix023,88,4,-179,-2
fold8_room1_mix023,89,4,-2,-2
fold8_room1_mix023,89,4,-179,-1
fold8_room1_mix023,90,4,-1,-1
fold8_room1_mix023,90,4,-178,-1
fold8_room1_mix023,91,4,-1,-1
fold8_room1_mix023,91,4,-178,-1
fold8_room1_mix023,92,4,0,-1
fold8_room1_mix023,92,4,-178,-1
fold8_room1_mix023,93,4,0,-1
fold8_room1_mix023,93,4,-178,-1
fold8_room1_mix023,94,4,0,-1
fold8_room1_mix023,94,4,-178,-1
fold8_room1_mix023,95,4,1,-1
fold8_room1_mix023,95,4,-178,-1
fold8_room1_mix023,96,4,1,-1
fold8_room1_mix023,96,4,-177,-1
fold8_room1_mix023,97,4,1,-2
fold8_room1_mix023,97,4,-177,-1
fold8_room1_mix023,98,4,1,-2
fold8_room1_mix023,98,4,-177,-1
fold8_room1_mix023,99,4,1,-2
fold8_room1_mix023,99,4,-178,0
fold8_room1_mix024,2,4,-174,0
fold8_room1_mix024,3,4,-175,0
fold8_room1_mix024,4,4,-175,0
fold8_room1_mix024,5,4,-175,0
fold8_room1_mix024,6,4,-174,0
fold8_room1_mix024,7,4,-173,0
fold8_room1_mix024,8,4,-173,0
fold8_room1_mix024,9,4,-173,0
fold8_room1_mix024,10,4,-173,0
fold8_room1_mix024,11,4,-173,0
fold8_room1_mix024,12,4,-172,0
fold8_room1_mix024,13,4,-172,0
fold8_room1_mix024,14,4,-171,0
fold8_room1_mix024,15,4,-171,0
fold8_room1_mix024,16,4,-176,0
fold8_room1_mix024,16,4,-159,0
fold8_room1_mix024,17,4,-176,0
fold8_room1_mix024,17,4,-157,0
fold8_room1_mix024,18,4,-176,0
fold8_room1_mix024,18,4,-156,0
fold8_room1_mix024,19,4,-176,0
fold8_room1_mix024,19,4,-154,0
fold8_room1_mix024,20,4,-176,0
fold8_room1_mix024,20,4,-152,0
fold8_room1_mix024,21,4,-175,0
fold8_room1_mix024,21,4,-151,0
fold8_room1_mix024,22,4,-175,0
fold8_room1_mix024,22,4,-150,0
fold8_room1_mix024,23,4,-175,0
fold8_room1_mix024,23,4,-148,0
fold8_room1_mix024,24,4,-175,0
fold8_room1_mix024,24,4,-147,0
fold8_room1_mix024,25,4,-175,0
fold8_room1_mix024,25,4,-146,0
fold8_room1_mix024,26,4,-175,0
fold8_room1_mix024,26,4,-145,0
fold8_room1_mix024,27,4,-174,0
fold8_room1_mix024,27,4,-145,0
fold8_room1_mix024,28,4,-174,0
fold8_room1_mix024,28,4,-144,0
fold8_room1_mix024,29,4,-173,0
fold8_room1_mix024,29,4,-143,0
fold8_room1_mix024,30,4,-173,0
fold8_room1_mix024,30,4,-143,0
fold8_room1_mix024,31,4,-172,0
fold8_room1_mix024,31,4,-141,0
fold8_room1_mix024,32,4,-171,0
fold8_room1_mix024,32,4,-139,0
fold8_room1_mix024,33,4,-161,-1
fold8_room1_mix024,33,4,-178,0
fold8_room1_mix024,33,4,-137,0
fold8_room1_mix024,34,4,-161,-1
fold8_room1_mix024,34,4,-178,0
fold8_room1_mix024,34,4,-135,0
fold8_room1_mix024,35,4,-161,-1
fold8_room1_mix024,35,4,-177,0
fold8_room1_mix024,35,4,-133,0
fold8_room1_mix024,36,4,-161,-1
fold8_room1_mix024,36,4,-177,0
fold8_room1_mix024,36,4,-131,0
fold8_room1_mix024,37,4,-161,-1
fold8_room1_mix024,37,4,-177,0
fold8_room1_mix024,37,4,-128,0
fold8_room1_mix024,38,4,-161,-1
fold8_room1_mix024,38,4,-178,0
fold8_room1_mix024,38,4,-123,0
fold8_room1_mix024,39,4,-162,-1
fold8_room1_mix024,39,4,-178,0
fold8_room1_mix024,39,4,-118,0
fold8_room1_mix024,40,4,-162,-1
fold8_room1_mix024,40,4,-178,0
fold8_room1_mix024,40,4,-113,0
fold8_room1_mix024,41,4,-162,-1
fold8_room1_mix024,41,4,-177,-1
fold8_room1_mix024,41,4,-108,0
fold8_room1_mix024,42,4,-170,-1
fold8_room1_mix024,42,4,-102,-1
fold8_room1_mix024,43,4,-170,-1
fold8_room1_mix024,43,4,-97,-1
fold8_room1_mix024,44,4,-171,-1
fold8_room1_mix024,44,4,-95,0
fold8_room1_mix024,45,4,-171,-1
fold8_room1_mix024,45,4,-93,0
fold8_room1_mix024,46,4,-172,-1
fold8_room1_mix024,46,4,-90,0
fold8_room1_mix024,47,4,-172,-1
fold8_room1_mix024,47,4,-87,-1
fold8_room1_mix024,48,4,-172,-1
fold8_room1_mix024,48,4,-83,-1
fold8_room1_mix024,49,4,-171,-1
fold8_room1_mix024,49,4,-80,-1
fold8_room1_mix024,50,4,-172,-1
fold8_room1_mix024,50,4,-81,-1
fold8_room1_mix024,51,4,-173,-1
fold8_room1_mix024,51,4,-83,0
fold8_room1_mix024,52,4,-174,-1
fold8_room1_mix024,52,4,-85,0
fold8_room1_mix024,53,4,-175,-1
fold8_room1_mix024,53,4,-86,0
fold8_room1_mix024,54,4,-175,-1
fold8_room1_mix024,54,4,-88,0
fold8_room1_mix024,55,4,-175,-1
fold8_room1_mix024,55,4,-89,0
fold8_room1_mix024,56,4,-174,-1
fold8_room1_mix024,56,4,-92,0
fold8_room1_mix024,57,4,-163,0
fold8_room1_mix024,57,4,-179,-2
fold8_room1_mix024,57,4,-95,0
fold8_room1_mix024,58,4,-156,0
fold8_room1_mix024,58,4,177,-2
fold8_room1_mix024,58,4,-99,0
fold8_room1_mix024,59,4,-149,0
fold8_room1_mix024,59,4,176,-2
fold8_room1_mix024,59,4,-104,0
fold8_room1_mix024,60,4,-143,0
fold8_room1_mix024,60,4,175,-2
fold8_room1_mix024,60,4,-110,0
fold8_room1_mix024,61,4,-136,-1
fold8_room1_mix024,61,4,175,-2
fold8_room1_mix024,61,4,-116,0
fold8_room1_mix024,62,4,-129,-1
fold8_room1_mix024,62,4,-126,-1
fold8_room1_mix024,63,4,-126,-1
fold8_room1_mix024,63,4,-129,-1
fold8_room1_mix024,64,4,-123,-1
fold8_room1_mix024,64,4,174,-1
fold8_room1_mix024,64,4,-140,0
fold8_room1_mix024,65,4,-118,-1
fold8_room1_mix024,65,4,174,0
fold8_room1_mix024,65,4,-146,0
fold8_room1_mix024,66,4,-101,-2
fold8_room1_mix024,66,4,174,-1
fold8_room1_mix024,66,4,-148,0
fold8_room1_mix024,67,4,-81,-3
fold8_room1_mix024,67,4,174,-1
fold8_room1_mix024,67,4,-150,-1
fold8_room1_mix024,68,4,-66,-3
fold8_room1_mix024,68,4,173,-2
fold8_room1_mix024,68,4,-151,-2
fold8_room1_mix024,69,4,-59,-3
fold8_room1_mix024,69,4,173,-2
fold8_room1_mix024,69,4,-152,-2
fold8_room1_mix024,70,4,-54,-3
fold8_room1_mix024,70,4,172,-2
fold8_room1_mix024,70,4,-153,-1
fold8_room1_mix024,71,4,-49,-3
fold8_room1_mix024,71,4,172,-1
fold8_room1_mix024,71,4,-153,-1
fold8_room1_mix024,72,4,-49,-4
fold8_room1_mix024,72,4,171,-1
fold8_room1_mix024,72,4,-152,-1
fold8_room1_mix024,77,4,169,-5
fold8_room1_mix024,77,4,-162,-3
fold8_room1_mix024,78,4,161,-6
fold8_room1_mix024,78,4,-173,-5
fold8_room1_mix024,79,4,144,-9
fold8_room1_mix024,80,4,116,-12
fold8_room1_mix024,81,4,86,-14
fold8_room1_mix024,82,4,59,-12
fold8_room1_mix024,83,4,40,-9
fold8_room1_mix024,84,4,25,-6
fold8_room1_mix024,85,4,17,-5
fold8_room1_mix024,86,4,13,-4
fold8_room1_mix024,87,4,8,-3
fold8_room1_mix024,88,4,6,-2
fold8_room1_mix024,89,4,5,-2
fold8_room1_mix024,90,4,4,-2
fold8_room1_mix024,91,4,3,-2
fold8_room1_mix024,92,4,3,-1
fold8_room1_mix024,93,4,3,-1
fold8_room1_mix024,94,4,2,-1
fold8_room1_mix024,95,4,2,-1
fold8_room1_mix024,96,4,1,-1
fold8_room1_mix024,97,4,1,-1
fold8_room1_mix024,98,4,0,0
fold8_room1_mix024,99,4,0,0
fold8_room1_mix024,73,4,170,-1
fold8_room1_mix024,73,4,-150,-2
fold8_room1_mix024,74,4,169,-1
fold8_room1_mix024,74,4,-148,-2
fold8_room1_mix024,75,4,168,-2
fold8_room1_mix024,75,4,-149,-2
fold8_room1_mix024,76,4,166,-3
fold8_room1_mix024,76,4,-156,-3
fold8_room1_mix025,2,4,6,0
fold8_room1_mix025,2,4,6,0
fold8_room1_mix025,3,4,7,-1
fold8_room1_mix025,3,4,7,0
fold8_room1_mix025,4,4,8,-1
fold8_room1_mix025,4,4,8,0
fold8_room1_mix025,5,4,10,-1
fold8_room1_mix025,5,4,9,0
fold8_room1_mix025,6,4,11,-1
fold8_room1_mix025,6,4,10,0
fold8_room1_mix025,7,4,12,0
fold8_room1_mix025,7,4,10,0
fold8_room1_mix025,8,4,13,0
fold8_room1_mix025,8,4,11,0
fold8_room1_mix025,9,4,13,0
fold8_room1_mix025,9,4,12,0
fold8_room1_mix025,10,4,14,0
fold8_room1_mix025,10,4,12,0
fold8_room1_mix025,11,4,14,0
fold8_room1_mix025,11,4,13,0
fold8_room1_mix025,12,4,15,0
fold8_room1_mix025,12,4,13,0
fold8_room1_mix025,13,2,67,-2
fold8_room1_mix025,13,4,15,0
fold8_room1_mix025,13,4,14,0
fold8_room1_mix025,14,2,68,-2
fold8_room1_mix025,14,4,16,0
fold8_room1_mix025,14,4,15,0
fold8_room1_mix025,15,2,68,-2
fold8_room1_mix025,15,4,17,0
fold8_room1_mix025,15,4,17,0
fold8_room1_mix025,16,2,68,-2
fold8_room1_mix025,16,4,19,0
fold8_room1_mix025,16,4,19,0
fold8_room1_mix025,17,2,68,-2
fold8_room1_mix025,17,4,21,0
fold8_room1_mix025,17,4,20,0
fold8_room1_mix025,18,2,67,-2
fold8_room1_mix025,18,4,22,0
fold8_room1_mix025,18,4,21,-1
fold8_room1_mix025,19,2,67,-2
fold8_room1_mix025,19,4,23,0
fold8_room1_mix025,19,4,22,-1
fold8_room1_mix025,20,2,67,-2
fold8_room1_mix025,20,4,24,0
fold8_room1_mix025,20,4,23,-1
fold8_room1_mix025,21,2,67,-2
fold8_room1_mix025,21,4,25,-1
fold8_room1_mix025,21,4,24,-1
fold8_room1_mix025,22,2,68,-2
fold8_room1_mix025,22,4,25,-1
fold8_room1_mix025,22,4,24,-1
fold8_room1_mix025,23,2,68,-2
fold8_room1_mix025,23,4,24,-1
fold8_room1_mix025,23,4,25,-1
fold8_room1_mix025,24,2,68,-2
fold8_room1_mix025,24,4,25,-1
fold8_room1_mix025,24,4,25,-1
fold8_room1_mix025,25,2,68,-2
fold8_room1_mix025,25,4,25,-1
fold8_room1_mix025,25,4,25,-1
fold8_room1_mix025,26,2,67,-2
fold8_room1_mix025,26,4,25,-1
fold8_room1_mix025,26,4,24,-1
fold8_room1_mix025,27,2,67,-2
fold8_room1_mix025,27,4,26,0
fold8_room1_mix025,27,4,24,-1
fold8_room1_mix025,28,2,68,-2
fold8_room1_mix025,28,4,25,-1
fold8_room1_mix025,28,4,24,-1
fold8_room1_mix025,29,2,68,-2
fold8_room1_mix025,29,4,25,-1
fold8_room1_mix025,29,4,24,-1
fold8_room1_mix025,30,2,68,-2
fold8_room1_mix025,30,4,25,-1
fold8_room1_mix025,30,4,24,-2
fold8_room1_mix025,31,2,68,-2
fold8_room1_mix025,31,4,25,-1
fold8_room1_mix025,31,4,31,-2
fold8_room1_mix025,32,2,68,-2
fold8_room1_mix025,32,4,26,-1
fold8_room1_mix025,32,4,168,-3
fold8_room1_mix025,32,4,129,-5
fold8_room1_mix025,33,2,68,-2
fold8_room1_mix025,33,4,26,-1
fold8_room1_mix025,33,4,167,-3
fold8_room1_mix025,33,4,151,-3
fold8_room1_mix025,34,2,68,-2
fold8_room1_mix025,34,4,27,-1
fold8_room1_mix025,34,4,160,-3
fold8_room1_mix025,35,2,67,-2
fold8_room1_mix025,35,4,28,-1
fold8_room1_mix025,35,4,160,-3
fold8_room1_mix025,36,2,66,-2
fold8_room1_mix025,36,4,29,-1
fold8_room1_mix025,36,4,167,-3
fold8_room1_mix025,36,4,152,-3
fold8_room1_mix025,37,2,67,-2
fold8_room1_mix025,37,4,30,-2
fold8_room1_mix025,37,4,164,-5
fold8_room1_mix025,37,4,148,-5
fold8_room1_mix025,38,2,69,-2
fold8_room1_mix025,38,4,33,-4
fold8_room1_mix025,38,4,150,-8
fold8_room1_mix025,39,2,71,-1
fold8_room1_mix025,39,4,37,-6
fold8_room1_mix025,39,4,153,-8
fold8_room1_mix025,39,4,138,-12
fold8_room1_mix025,40,2,72,-1
fold8_room1_mix025,40,4,35,-8
fold8_room1_mix025,40,4,148,-8
fold8_room1_mix025,40,4,128,-15
fold8_room1_mix025,41,2,74,-1
fold8_room1_mix025,41,4,28,-9
fold8_room1_mix025,41,4,142,-8
fold8_room1_mix025,41,4,107,-18
fold8_room1_mix025,42,4,21,-11
fold8_room1_mix025,42,4,133,-8
fold8_room1_mix025,42,4,75,-18
fold8_room1_mix025,43,4,14,-11
fold8_room1_mix025,43,4,125,-7
fold8_room1_mix025,43,4,60,-15
fold8_room1_mix025,44,4,9,-9
fold8_room1_mix025,44,4,130,-5
fold8_room1_mix025,44,4,63,-12
fold8_room1_mix025,45,4,5,-6
fold8_room1_mix025,45,4,135,-3
fold8_room1_mix025,45,4,66,-9
fold8_room1_mix025,46,4,1,-4
fold8_room1_mix025,46,4,138,-1
fold8_room1_mix025,46,4,69,-6
fold8_room1_mix025,47,4,1,-3
fold8_room1_mix025,47,4,139,-2
fold8_room1_mix025,47,4,73,-6
fold8_room1_mix025,48,4,2,-3
fold8_room1_mix025,48,4,140,-2
fold8_room1_mix025,48,4,76,-6
fold8_room1_mix025,49,4,3,-3
fold8_room1_mix025,49,4,140,-3
fold8_room1_mix025,49,4,79,-5
fold8_room1_mix025,50,4,3,-3
fold8_room1_mix025,50,4,141,-3
fold8_room1_mix025,50,4,71,-4
fold8_room1_mix025,51,4,2,-3
fold8_room1_mix025,51,4,141,-3
fold8_room1_mix025,51,4,61,-3
fold8_room1_mix025,52,4,1,-3
fold8_room1_mix025,52,4,142,-2
fold8_room1_mix025,52,4,53,-2
fold8_room1_mix025,53,4,2,-2
fold8_room1_mix025,53,4,143,-2
fold8_room1_mix025,53,4,54,-2
fold8_room1_mix025,54,4,4,-2
fold8_room1_mix025,54,4,144,-2
fold8_room1_mix025,54,4,60,-2
fold8_room1_mix025,55,4,6,-2
fold8_room1_mix025,55,4,145,-2
fold8_room1_mix025,55,4,69,-2
fold8_room1_mix025,56,4,9,-2
fold8_room1_mix025,56,4,147,-2
fold8_room1_mix025,56,4,100,-3
fold8_room1_mix025,57,4,11,-1
fold8_room1_mix025,57,4,152,-2
fold8_room1_mix025,57,4,136,-2
fold8_room1_mix025,58,4,14,-1
fold8_room1_mix025,58,4,152,-1
fold8_room1_mix025,59,4,16,-1
fold8_room1_mix025,59,4,156,-1
fold8_room1_mix025,60,4,17,-1
fold8_room1_mix025,60,4,159,-1
fold8_room1_mix025,61,4,17,-1
fold8_room1_mix025,61,4,161,-1
fold8_room1_mix025,62,4,18,-1
fold8_room1_mix025,62,4,163,-2
fold8_room1_mix025,63,4,18,-1
fold8_room1_mix025,63,4,164,-1
fold8_room1_mix025,64,4,19,0
fold8_room1_mix025,64,4,165,-1
fold8_room1_mix025,65,4,20,0
fold8_room1_mix025,65,4,166,-1
fold8_room1_mix025,66,4,20,0
fold8_room1_mix025,66,4,167,-1
fold8_room1_mix025,67,4,19,0
fold8_room1_mix025,67,4,167,-1
fold8_room1_mix025,68,4,19,0
fold8_room1_mix025,68,4,167,-1
fold8_room1_mix025,69,4,18,0
fold8_room1_mix025,69,4,168,-1
fold8_room1_mix025,70,4,17,0
fold8_room1_mix025,70,4,168,-1
fold8_room1_mix025,71,4,16,0
fold8_room1_mix025,71,4,169,-1
fold8_room1_mix025,72,4,15,0
fold8_room1_mix025,72,4,169,-1
fold8_room1_mix025,73,4,14,0
fold8_room1_mix025,73,4,169,-1
fold8_room1_mix025,74,4,13,0
fold8_room1_mix025,74,4,169,-1
fold8_room1_mix025,75,4,13,0
fold8_room1_mix025,75,4,169,-1
fold8_room1_mix025,76,4,12,0
fold8_room1_mix025,76,4,169,-1
fold8_room1_mix025,77,4,12,0
fold8_room1_mix025,77,4,170,-1
fold8_room1_mix025,78,4,11,0
fold8_room1_mix025,78,4,170,-1
fold8_room1_mix025,79,4,11,0
fold8_room1_mix025,79,4,170,-1
fold8_room1_mix025,80,4,10,0
fold8_room1_mix025,80,4,171,-1
fold8_room1_mix025,81,4,10,0
fold8_room1_mix025,81,4,171,-1
fold8_room1_mix025,82,4,10,0
fold8_room1_mix025,82,4,171,-1
fold8_room1_mix025,83,4,10,0
fold8_room1_mix025,83,4,172,-1
fold8_room1_mix025,84,4,9,0
fold8_room1_mix025,84,4,172,-1
fold8_room1_mix025,85,4,9,0
fold8_room1_mix025,85,4,172,-1
fold8_room1_mix025,86,4,9,0
fold8_room1_mix025,86,4,172,-1
fold8_room1_mix025,87,4,9,0
fold8_room1_mix025,87,4,172,-1
fold8_room1_mix025,88,4,8,0
fold8_room1_mix025,88,4,172,-1
fold8_room1_mix025,89,4,8,0
fold8_room1_mix025,89,4,172,-1
fold8_room1_mix025,90,4,8,0
fold8_room1_mix025,90,4,171,-1
fold8_room1_mix025,91,4,7,0
fold8_room1_mix025,91,4,171,-1
fold8_room1_mix025,92,4,7,0
fold8_room1_mix025,92,4,172,-1
fold8_room1_mix025,93,4,7,0
fold8_room1_mix025,93,4,172,-1
fold8_room1_mix025,94,4,7,0
fold8_room1_mix025,94,4,172,-1
fold8_room1_mix025,95,4,6,0
fold8_room1_mix025,95,4,172,-1
fold8_room1_mix025,96,4,5,0
fold8_room1_mix025,96,4,172,-1
fold8_room1_mix025,97,4,4,0
fold8_room1_mix025,97,4,171,-1
fold8_room1_mix025,98,4,4,0
fold8_room1_mix025,98,4,171,0
fold8_room1_mix025,99,4,3,0
fold8_room1_mix025,99,4,171,0
fold8_room1_mix026,0,4,179,-1
fold8_room1_mix026,1,4,179,-1
fold8_room1_mix026,2,4,-179,-1
fold8_room1_mix026,3,4,-179,-2
fold8_room1_mix026,4,4,-179,-2
fold8_room1_mix026,5,4,-179,-2
fold8_room1_mix026,6,4,-179,-2
fold8_room1_mix026,7,4,-179,-2
fold8_room1_mix026,8,4,-179,-2
fold8_room1_mix026,9,4,-179,-2
fold8_room1_mix026,10,4,-179,-2
fold8_room1_mix026,11,4,-179,-2
fold8_room1_mix026,12,4,-179,-2
fold8_room1_mix026,13,4,-179,-3
fold8_room1_mix026,15,4,-178,-3
fold8_room1_mix026,16,4,-178,-3
fold8_room1_mix026,17,4,-178,-3
fold8_room1_mix026,18,4,-177,-3
fold8_room1_mix026,19,4,-177,-3
fold8_room1_mix026,20,4,-177,-4
fold8_room1_mix026,21,4,-177,-4
fold8_room1_mix026,22,4,-177,-4
fold8_room1_mix026,23,4,-177,-4
fold8_room1_mix026,24,4,-177,-4
fold8_room1_mix026,25,3,-67,-1
fold8_room1_mix026,25,4,-177,-5
fold8_room1_mix026,26,3,-66,-1
fold8_room1_mix026,26,4,-177,-5
fold8_room1_mix026,27,3,-65,-2
fold8_room1_mix026,27,4,-177,-5
fold8_room1_mix026,28,3,-66,-2
fold8_room1_mix026,28,4,-177,-5
fold8_room1_mix026,29,3,-67,-2
fold8_room1_mix026,29,4,-177,-5
fold8_room1_mix026,30,3,-69,-2
fold8_room1_mix026,30,4,-176,-5
fold8_room1_mix026,31,3,-72,-2
fold8_room1_mix026,31,4,-176,-6
fold8_room1_mix026,32,3,-75,-2
fold8_room1_mix026,32,4,-175,-6
fold8_room1_mix026,33,3,-78,-2
fold8_room1_mix026,33,4,-177,-6
fold8_room1_mix026,34,3,-79,-2
fold8_room1_mix026,34,4,-176,-6
fold8_room1_mix026,35,3,-80,-2
fold8_room1_mix026,35,4,-174,-6
fold8_room1_mix026,36,3,-81,-2
fold8_room1_mix026,36,4,-172,-7
fold8_room1_mix026,37,3,-83,-2
fold8_room1_mix026,37,4,-170,-7
fold8_room1_mix026,38,3,-86,-2
fold8_room1_mix026,38,4,-9,-7
fold8_room1_mix026,38,4,-168,-8
fold8_room1_mix026,39,3,-88,-2
fold8_room1_mix026,39,4,-6,-6
fold8_room1_mix026,39,4,-166,-9
fold8_room1_mix026,40,3,-91,-2
fold8_room1_mix026,40,4,-5,-5
fold8_room1_mix026,40,4,-163,-10
fold8_room1_mix026,41,3,-94,-2
fold8_room1_mix026,41,4,-4,-5
fold8_room1_mix026,41,4,-166,-10
fold8_room1_mix026,41,4,-147,-13
fold8_room1_mix026,42,3,-97,-2
fold8_room1_mix026,42,4,-3,-5
fold8_room1_mix026,42,4,-164,-10
fold8_room1_mix026,42,4,-137,-15
fold8_room1_mix026,43,3,-100,-2
fold8_room1_mix026,43,4,-2,-6
fold8_room1_mix026,43,4,-159,-11
fold8_room1_mix026,43,4,-125,-17
fold8_room1_mix026,44,3,-103,-2
fold8_room1_mix026,44,4,0,-6
fold8_room1_mix026,44,4,-149,-13
fold8_room1_mix026,44,4,-113,-18
fold8_room1_mix026,45,3,-106,-2
fold8_room1_mix026,45,4,2,-7
fold8_room1_mix026,45,4,-138,-15
fold8_room1_mix026,45,4,-104,-19
fold8_room1_mix026,46,3,-109,-2
fold8_room1_mix026,46,4,5,-8
fold8_room1_mix026,46,4,-127,-17
fold8_room1_mix026,46,4,-97,-19
fold8_room1_mix026,47,3,-113,-2
fold8_room1_mix026,47,4,9,-9
fold8_room1_mix026,47,4,-115,-18
fold8_room1_mix026,47,4,-91,-20
fold8_room1_mix026,48,3,-116,-2
fold8_room1_mix026,48,4,13,-11
fold8_room1_mix026,48,4,-102,-19
fold8_room1_mix026,48,4,-85,-20
fold8_room1_mix026,49,3,-120,-2
fold8_room1_mix026,49,4,16,-12
fold8_room1_mix026,49,4,-85,-20
fold8_room1_mix026,50,3,-121,-2
fold8_room1_mix026,50,4,16,-12
fold8_room1_mix026,50,4,-76,-19
fold8_room1_mix026,51,3,-120,-2
fold8_room1_mix026,51,4,15,-12
fold8_room1_mix026,51,4,-69,-18
fold8_room1_mix026,52,3,-120,-2
fold8_room1_mix026,52,4,15,-12
fold8_room1_mix026,52,4,-62,-17
fold8_room1_mix026,53,3,-122,-2
fold8_room1_mix026,53,4,12,-11
fold8_room1_mix026,53,4,-55,-15
fold8_room1_mix026,54,3,-126,-2
fold8_room1_mix026,54,4,8,-10
fold8_room1_mix026,54,4,-47,-14
fold8_room1_mix026,55,3,-128,-2
fold8_room1_mix026,55,4,4,-9
fold8_room1_mix026,55,4,-38,-12
fold8_room1_mix026,56,3,-130,-2
fold8_room1_mix026,56,4,1,-8
fold8_room1_mix026,56,4,-30,-11
fold8_room1_mix026,57,3,-130,-2
fold8_room1_mix026,57,4,0,-8
fold8_room1_mix026,57,4,-23,-10
fold8_room1_mix026,58,3,-130,-2
fold8_room1_mix026,58,4,-12,-8
fold8_room1_mix026,59,3,-132,-2
fold8_room1_mix026,59,4,-9,-8
fold8_room1_mix026,60,3,-135,-2
fold8_room1_mix026,60,4,-7,-8
fold8_room1_mix026,61,3,-138,-2
fold8_room1_mix026,61,4,-4,-7
fold8_room1_mix026,62,3,-141,-2
fold8_room1_mix026,62,4,-1,-7
fold8_room1_mix026,63,3,-142,-2
fold8_room1_mix026,63,4,1,-5
fold8_room1_mix026,63,4,-1,-5
fold8_room1_mix026,64,3,-143,-2
fold8_room1_mix026,64,4,0,-5
fold8_room1_mix026,64,4,0,-6
fold8_room1_mix026,65,3,-143,-2
fold8_room1_mix026,65,4,-1,-5
fold8_room1_mix026,65,4,0,-6
fold8_room1_mix026,66,3,-145,-3
fold8_room1_mix026,66,4,-3,-4
fold8_room1_mix026,66,4,1,-6
fold8_room1_mix026,67,3,-147,-3
fold8_room1_mix026,67,4,-3,-4
fold8_room1_mix026,67,4,2,-6
fold8_room1_mix026,68,3,-150,-3
fold8_room1_mix026,68,4,-4,-3
fold8_room1_mix026,68,4,87,-14
fold8_room1_mix026,68,4,16,-13
fold8_room1_mix026,69,3,-151,-3
fold8_room1_mix026,69,4,-4,-3
fold8_room1_mix026,69,4,107,-13
fold8_room1_mix026,70,3,-152,-3
fold8_room1_mix026,70,4,-3,-3
fold8_room1_mix026,70,4,125,-12
fold8_room1_mix026,71,3,-152,-3
fold8_room1_mix026,71,4,-2,-2
fold8_room1_mix026,71,4,144,-10
fold8_room1_mix026,72,3,-153,-3
fold8_room1_mix026,72,4,-1,-2
fold8_room1_mix026,72,4,157,-8
fold8_room1_mix026,73,3,-153,-3
fold8_room1_mix026,73,4,0,-2
fold8_room1_mix026,73,4,161,-7
fold8_room1_mix026,74,3,-152,-3
fold8_room1_mix026,74,4,0,-2
fold8_room1_mix026,74,4,0,-4
fold8_room1_mix026,75,3,-153,-3
fold8_room1_mix026,75,4,0,-2
fold8_room1_mix026,75,4,0,-3
fold8_room1_mix026,76,3,-154,-3
fold8_room1_mix026,76,4,-1,-2
fold8_room1_mix026,76,4,0,-3
fold8_room1_mix026,77,3,-156,-2
fold8_room1_mix026,77,4,-2,-2
fold8_room1_mix026,77,4,-1,-3
fold8_room1_mix026,78,3,-158,-2
fold8_room1_mix026,78,4,-3,-2
fold8_room1_mix026,78,4,-2,-2
fold8_room1_mix026,79,3,-159,-2
fold8_room1_mix026,79,4,-4,-2
fold8_room1_mix026,79,4,-2,-2
fold8_room1_mix026,80,3,-159,-2
fold8_room1_mix026,80,4,-5,-2
fold8_room1_mix026,80,4,-3,-2
fold8_room1_mix026,81,3,-160,-1
fold8_room1_mix026,81,4,-6,-2
fold8_room1_mix026,81,4,-4,-2
fold8_room1_mix026,82,3,-159,-1
fold8_room1_mix026,82,4,-5,-2
fold8_room1_mix026,82,4,-3,-2
fold8_room1_mix026,83,3,-158,-1
fold8_room1_mix026,83,4,-5,-2
fold8_room1_mix026,83,4,-2,-2
fold8_room1_mix026,84,3,-157,-1
fold8_room1_mix026,84,4,-4,-2
fold8_room1_mix026,84,4,-2,-2
fold8_room1_mix026,85,3,-160,-1
fold8_room1_mix026,85,4,-3,-2
fold8_room1_mix026,85,4,-2,-2
fold8_room1_mix026,86,3,-163,-1
fold8_room1_mix026,86,4,-3,-2
fold8_room1_mix026,86,4,-2,-2
fold8_room1_mix026,87,4,-3,-2
fold8_room1_mix026,87,4,-3,-2
fold8_room1_mix026,88,4,-3,-2
fold8_room1_mix026,88,4,-3,-2
fold8_room1_mix026,89,4,-4,-2
fold8_room1_mix026,89,4,-4,-2
fold8_room1_mix026,90,4,-4,-2
fold8_room1_mix026,90,4,-4,-2
fold8_room1_mix026,91,4,-4,-2
fold8_room1_mix026,91,4,-4,-1
fold8_room1_mix026,92,4,-4,-2
fold8_room1_mix026,92,4,-4,-1
fold8_room1_mix026,93,4,-4,-2
fold8_room1_mix026,93,4,-4,-1
fold8_room1_mix026,94,4,-3,-2
fold8_room1_mix026,94,4,-4,-1
fold8_room1_mix026,95,4,-3,-2
fold8_room1_mix026,95,4,-4,-2
fold8_room1_mix026,96,4,-2,-2
fold8_room1_mix026,96,4,-4,-2
fold8_room1_mix026,97,4,-1,-2
fold8_room1_mix026,97,4,-4,-2
fold8_room1_mix026,98,4,-3,-2
fold8_room1_mix026,99,4,-1,-2
fold8_room1_mix026,14,4,178,-3
fold8_room1_mix027,2,4,21,1
fold8_room1_mix027,2,4,165,-1
fold8_room1_mix027,3,4,18,0
fold8_room1_mix027,3,4,164,-1
fold8_room1_mix027,4,4,19,0
fold8_room1_mix027,4,4,163,-1
fold8_room1_mix027,5,4,19,0
fold8_room1_mix027,5,4,162,-1
fold8_room1_mix027,6,4,19,0
fold8_room1_mix027,6,4,161,-1
fold8_room1_mix027,7,4,18,0
fold8_room1_mix027,7,4,161,0
fold8_room1_mix027,8,4,18,1
fold8_room1_mix027,8,4,160,0
fold8_room1_mix027,9,4,17,1
fold8_room1_mix027,9,4,159,-1
fold8_room1_mix027,10,4,17,1
fold8_room1_mix027,10,4,159,-1
fold8_room1_mix027,11,4,16,1
fold8_room1_mix027,11,4,158,-1
fold8_room1_mix027,12,4,16,1
fold8_room1_mix027,12,4,157,-1
fold8_room1_mix027,13,4,16,1
fold8_room1_mix027,13,4,157,-1
fold8_room1_mix027,14,4,16,1
fold8_room1_mix027,14,4,156,-1
fold8_room1_mix027,15,4,16,1
fold8_room1_mix027,15,4,154,-1
fold8_room1_mix027,16,4,16,1
fold8_room1_mix027,16,4,151,-1
fold8_room1_mix027,17,4,16,1
fold8_room1_mix027,17,4,154,-1
fold8_room1_mix027,17,4,137,-1
fold8_room1_mix027,18,4,15,1
fold8_room1_mix027,18,4,153,-1
fold8_room1_mix027,19,4,14,1
fold8_room1_mix027,19,4,151,0
fold8_room1_mix027,20,4,13,0
fold8_room1_mix027,20,4,149,0
fold8_room1_mix027,20,4,39,-1
fold8_room1_mix027,21,4,13,0
fold8_room1_mix027,21,4,148,0
fold8_room1_mix027,21,4,31,0
fold8_room1_mix027,22,4,13,0
fold8_room1_mix027,22,4,19,0
fold8_room1_mix027,23,4,13,0
fold8_room1_mix027,23,4,18,0
fold8_room1_mix027,24,4,14,0
fold8_room1_mix027,24,4,18,0
fold8_room1_mix027,25,4,15,0
fold8_room1_mix027,25,4,18,0
fold8_room1_mix027,26,4,16,0
fold8_room1_mix027,26,4,18,0
fold8_room1_mix027,27,4,17,0
fold8_room1_mix027,27,4,18,0
fold8_room1_mix027,28,4,18,0
fold8_room1_mix027,28,4,18,0
fold8_room1_mix027,29,4,18,0
fold8_room1_mix027,29,4,18,0
fold8_room1_mix027,30,4,19,0
fold8_room1_mix027,30,4,18,0
fold8_room1_mix027,31,4,20,0
fold8_room1_mix027,31,4,18,0
fold8_room1_mix027,32,4,21,0
fold8_room1_mix027,32,4,18,0
fold8_room1_mix027,33,4,22,0
fold8_room1_mix027,33,4,18,0
fold8_room1_mix027,34,4,23,0
fold8_room1_mix027,34,4,18,0
fold8_room1_mix027,35,4,23,0
fold8_room1_mix027,35,4,18,0
fold8_room1_mix027,36,4,23,0
fold8_room1_mix027,36,4,18,0
fold8_room1_mix027,37,4,23,0
fold8_room1_mix027,37,4,18,0
fold8_room1_mix027,38,4,23,0
fold8_room1_mix027,38,4,18,0
fold8_room1_mix027,39,4,23,0
fold8_room1_mix027,39,4,18,0
fold8_room1_mix027,40,4,23,0
fold8_room1_mix027,40,4,18,0
fold8_room1_mix027,41,4,24,0
fold8_room1_mix027,41,4,19,0
fold8_room1_mix027,42,4,25,0
fold8_room1_mix027,42,4,19,0
fold8_room1_mix027,43,4,25,0
fold8_room1_mix027,43,4,20,0
fold8_room1_mix027,44,4,26,0
fold8_room1_mix027,44,4,21,0
fold8_room1_mix027,45,4,27,0
fold8_room1_mix027,45,4,22,0
fold8_room1_mix027,46,4,28,0
fold8_room1_mix027,46,4,23,0
fold8_room1_mix027,47,4,28,0
fold8_room1_mix027,47,4,23,0
fold8_room1_mix027,48,4,29,0
fold8_room1_mix027,48,4,24,0
fold8_room1_mix027,49,4,29,0
fold8_room1_mix027,49,4,25,0
fold8_room1_mix027,50,4,29,0
fold8_room1_mix027,50,4,26,0
fold8_room1_mix027,51,4,30,0
fold8_room1_mix027,51,4,27,0
fold8_room1_mix027,52,4,30,0
fold8_room1_mix027,52,4,29,0
fold8_room1_mix027,53,4,30,0
fold8_room1_mix027,53,4,29,0
fold8_room1_mix027,54,4,30,0
fold8_room1_mix027,54,4,28,0
fold8_room1_mix027,55,4,30,0
fold8_room1_mix027,55,4,28,0
fold8_room1_mix027,56,4,30,0
fold8_room1_mix027,56,4,28,0
fold8_room1_mix027,57,4,30,0
fold8_room1_mix027,57,4,28,0
fold8_room1_mix027,58,4,30,0
fold8_room1_mix027,58,4,28,0
fold8_room1_mix027,59,4,31,0
fold8_room1_mix027,59,4,28,0
fold8_room1_mix027,60,4,31,0
fold8_room1_mix027,60,4,28,0
fold8_room1_mix027,61,4,32,0
fold8_room1_mix027,61,4,29,0
fold8_room1_mix027,62,4,33,0
fold8_room1_mix027,62,4,29,-1
fold8_room1_mix027,63,4,33,-1
fold8_room1_mix027,63,4,29,-1
fold8_room1_mix027,64,4,33,-1
fold8_room1_mix027,64,4,29,-1
fold8_room1_mix027,65,4,34,-1
fold8_room1_mix027,65,4,29,-1
fold8_room1_mix027,66,4,34,-1
fold8_room1_mix027,66,4,30,-1
fold8_room1_mix027,67,4,34,-1
fold8_room1_mix027,67,4,30,-1
fold8_room1_mix027,68,4,34,-1
fold8_room1_mix027,68,4,30,-1
fold8_room1_mix027,69,4,34,-1
fold8_room1_mix027,69,4,30,-1
fold8_room1_mix027,70,4,34,-1
fold8_room1_mix027,70,4,31,-1
fold8_room1_mix027,71,4,35,-1
fold8_room1_mix027,71,4,32,-1
fold8_room1_mix027,72,4,35,-1
fold8_room1_mix027,72,4,33,-1
fold8_room1_mix027,73,4,36,-1
fold8_room1_mix027,73,4,34,-1
fold8_room1_mix027,74,4,37,-1
fold8_room1_mix027,74,4,35,-1
fold8_room1_mix027,75,4,37,-1
fold8_room1_mix027,75,4,36,-1
fold8_room1_mix027,76,4,38,-1
fold8_room1_mix027,76,4,38,-1
fold8_room1_mix027,77,4,40,-1
fold8_room1_mix027,77,4,40,-1
fold8_room1_mix027,78,4,41,-1
fold8_room1_mix027,78,4,43,-1
fold8_room1_mix027,79,4,44,-1
fold8_room1_mix027,79,4,46,-1
fold8_room1_mix027,80,4,46,-1
fold8_room1_mix027,80,4,50,-1
fold8_room1_mix027,81,4,48,0
fold8_room1_mix027,81,4,54,-1
fold8_room1_mix027,82,4,49,0
fold8_room1_mix027,82,4,56,-1
fold8_room1_mix027,83,4,50,0
fold8_room1_mix027,83,4,86,-2
fold8_room1_mix027,83,4,68,-1
fold8_room1_mix027,84,4,51,0
fold8_room1_mix027,84,4,88,-2
fold8_room1_mix027,84,4,72,-1
fold8_room1_mix027,85,4,52,0
fold8_room1_mix027,85,4,92,-2
fold8_room1_mix027,85,4,77,-1
fold8_room1_mix027,86,4,54,0
fold8_room1_mix027,86,4,89,-2
fold8_room1_mix027,87,4,55,0
fold8_room1_mix027,87,4,94,-2
fold8_room1_mix027,88,4,55,0
fold8_room1_mix027,88,4,98,-2
fold8_room1_mix027,89,4,53,0
fold8_room1_mix027,89,4,100,-2
fold8_room1_mix027,90,4,50,0
fold8_room1_mix027,90,4,102,-2
fold8_room1_mix027,91,4,47,0
fold8_room1_mix027,91,4,105,-2
fold8_room1_mix027,92,4,47,0
fold8_room1_mix027,92,4,110,-2
fold8_room1_mix027,93,4,46,0
fold8_room1_mix027,93,4,114,-2
fold8_room1_mix027,94,4,46,0
fold8_room1_mix027,94,4,118,-2
fold8_room1_mix027,95,4,50,0
fold8_room1_mix027,95,4,124,-2
fold8_room1_mix027,96,4,54,0
fold8_room1_mix027,96,4,128,-2
fold8_room1_mix027,97,4,58,0
fold8_room1_mix027,97,4,132,-2
fold8_room1_mix027,98,4,59,0
fold8_room1_mix027,98,4,134,-2
fold8_room1_mix027,99,4,59,0
fold8_room1_mix027,99,4,135,-2
fold8_room1_mix027,0,4,161,-1
fold8_room1_mix027,1,4,162,-1
fold8_room1_mix028,2,4,-3,0
fold8_room1_mix028,2,4,-177,-1
fold8_room1_mix028,3,4,-2,0
fold8_room1_mix028,3,4,-176,-1
fold8_room1_mix028,4,4,-2,0
fold8_room1_mix028,4,4,-176,-1
fold8_room1_mix028,5,4,-3,0
fold8_room1_mix028,5,4,-175,-1
fold8_room1_mix028,6,4,-3,0
fold8_room1_mix028,6,4,-175,-1
fold8_room1_mix028,7,4,-4,0
fold8_room1_mix028,7,4,-176,-1
fold8_room1_mix028,8,4,-4,0
fold8_room1_mix028,8,4,-176,-1
fold8_room1_mix028,9,4,-5,0
fold8_room1_mix028,9,4,-176,-1
fold8_room1_mix028,10,4,-5,0
fold8_room1_mix028,10,4,-176,-1
fold8_room1_mix028,11,4,-5,0
fold8_room1_mix028,11,4,-176,-1
fold8_room1_mix028,12,4,-5,0
fold8_room1_mix028,12,4,-176,-1
fold8_room1_mix028,13,4,-5,0
fold8_room1_mix028,13,4,-176,-1
fold8_room1_mix028,14,4,-5,0
fold8_room1_mix028,14,4,-177,-1
fold8_room1_mix028,15,4,-5,0
fold8_room1_mix028,15,4,-176,-1
fold8_room1_mix028,16,4,-6,0
fold8_room1_mix028,16,4,-176,-1
fold8_room1_mix028,17,4,-6,0
fold8_room1_mix028,17,4,-176,-1
fold8_room1_mix028,18,4,-6,0
fold8_room1_mix028,18,4,-176,-1
fold8_room1_mix028,19,4,-6,0
fold8_room1_mix028,19,4,-176,-1
fold8_room1_mix028,20,4,-6,0
fold8_room1_mix028,20,4,-176,-1
fold8_room1_mix028,21,4,-6,0
fold8_room1_mix028,21,4,-176,-1
fold8_room1_mix028,22,4,-6,0
fold8_room1_mix028,22,4,-175,-1
fold8_room1_mix028,23,4,-6,0
fold8_room1_mix028,23,4,-175,-1
fold8_room1_mix028,24,4,-6,0
fold8_room1_mix028,24,4,-175,-1
fold8_room1_mix028,25,4,-6,0
fold8_room1_mix028,25,4,-174,-1
fold8_room1_mix028,26,4,-5,0
fold8_room1_mix028,26,4,-174,-1
fold8_room1_mix028,27,4,-5,0
fold8_room1_mix028,27,4,-174,-1
fold8_room1_mix028,28,4,-4,0
fold8_room1_mix028,28,4,-173,-2
fold8_room1_mix028,29,4,-4,0
fold8_room1_mix028,29,4,-173,-2
fold8_room1_mix028,30,4,-4,0
fold8_room1_mix028,30,4,-172,-2
fold8_room1_mix028,31,4,-4,0
fold8_room1_mix028,31,4,-173,-2
fold8_room1_mix028,32,4,-5,0
fold8_room1_mix028,32,4,-173,-2
fold8_room1_mix028,33,4,-6,0
fold8_room1_mix028,33,4,-173,-2
fold8_room1_mix028,34,4,-6,0
fold8_room1_mix028,34,4,-173,-2
fold8_room1_mix028,35,4,-7,0
fold8_room1_mix028,35,4,-173,-2
fold8_room1_mix028,36,4,-7,0
fold8_room1_mix028,36,4,-173,-2
fold8_room1_mix028,37,4,-7,0
fold8_room1_mix028,37,4,-172,-2
fold8_room1_mix028,38,4,-8,0
fold8_room1_mix028,38,4,-171,-2
fold8_room1_mix028,39,4,-8,0
fold8_room1_mix028,39,4,-171,-2
fold8_room1_mix028,40,4,-9,0
fold8_room1_mix028,40,4,-169,-3
fold8_room1_mix028,41,4,-9,0
fold8_room1_mix028,41,4,-168,-3
fold8_room1_mix028,42,4,-9,0
fold8_room1_mix028,42,4,-166,-3
fold8_room1_mix028,43,4,-9,0
fold8_room1_mix028,43,4,-164,-3
fold8_room1_mix028,44,4,-8,-1
fold8_room1_mix028,44,4,-163,-3
fold8_room1_mix028,45,4,-7,-1
fold8_room1_mix028,45,4,-161,-4
fold8_room1_mix028,46,4,-6,-1
fold8_room1_mix028,46,4,-159,-4
fold8_room1_mix028,47,4,-6,-1
fold8_room1_mix028,47,4,-157,-4
fold8_room1_mix028,48,4,-5,-1
fold8_room1_mix028,48,4,-154,-5
fold8_room1_mix028,49,4,-4,-1
fold8_room1_mix028,49,4,-150,-6
fold8_room1_mix028,50,4,-4,-1
fold8_room1_mix028,50,4,-143,-6
fold8_room1_mix028,51,4,-4,-1
fold8_room1_mix028,51,4,-135,-7
fold8_room1_mix028,52,4,-4,0
fold8_room1_mix028,52,4,-127,-8
fold8_room1_mix028,53,4,-3,-1
fold8_room1_mix028,53,4,-115,-9
fold8_room1_mix028,54,4,-3,-2
fold8_room1_mix028,54,4,-98,-11
fold8_room1_mix028,55,4,-2,-2
fold8_room1_mix028,55,4,-79,-11
fold8_room1_mix028,56,4,-2,-3
fold8_room1_mix028,56,4,-64,-10
fold8_room1_mix028,57,4,-2,-2
fold8_room1_mix028,57,4,-51,-8
fold8_room1_mix028,58,4,-3,-2
fold8_room1_mix028,58,4,-41,-7
fold8_room1_mix028,59,4,-4,-2
fold8_room1_mix028,59,4,-32,-6
fold8_room1_mix028,60,4,-5,-2
fold8_room1_mix028,60,4,-27,-5
fold8_room1_mix028,61,4,-16,-4
fold8_room1_mix028,62,4,-13,-3
fold8_room1_mix028,63,4,-12,-3
fold8_room1_mix028,64,4,-11,-3
fold8_room1_mix028,65,4,-11,-3
fold8_room1_mix028,66,4,-11,-3
fold8_room1_mix028,67,4,-11,-3
fold8_room1_mix028,68,4,-11,-3
fold8_room1_mix028,69,4,-13,-3
fold8_room1_mix028,70,4,-16,-4
fold8_room1_mix028,71,4,-18,-5
fold8_room1_mix028,72,4,-22,-6
fold8_room1_mix028,73,4,-11,-4
fold8_room1_mix028,73,4,-37,-10
fold8_room1_mix028,74,4,-11,-6
fold8_room1_mix028,74,4,-59,-13
fold8_room1_mix028,74,4,-38,-11
fold8_room1_mix028,75,4,-10,-6
fold8_room1_mix028,75,4,-87,-16
fold8_room1_mix028,75,4,-40,-12
fold8_room1_mix028,76,4,-8,-4
fold8_room1_mix028,76,4,-122,-13
fold8_room1_mix028,76,4,-29,-9
fold8_room1_mix028,77,4,-6,-3
fold8_room1_mix028,77,4,-13,-5
fold8_room1_mix028,78,4,-5,-2
fold8_room1_mix028,78,4,-8,-3
fold8_room1_mix028,79,4,-5,-2
fold8_room1_mix028,79,4,-6,-3
fold8_room1_mix028,80,4,-4,-2
fold8_room1_mix028,80,4,-4,-2
fold8_room1_mix028,81,4,-4,-2
fold8_room1_mix028,81,4,-2,-2
fold8_room1_mix028,82,4,-4,-1
fold8_room1_mix028,82,4,-2,-1
fold8_room1_mix028,83,4,-4,-1
fold8_room1_mix028,83,4,-2,-1
fold8_room1_mix028,84,4,-4,-1
fold8_room1_mix028,84,4,-3,-1
fold8_room1_mix028,85,4,-4,-1
fold8_room1_mix028,85,4,-3,-1
fold8_room1_mix028,86,4,-4,-1
fold8_room1_mix028,86,4,-3,-1
fold8_room1_mix028,87,4,-4,-2
fold8_room1_mix028,87,4,-3,-1
fold8_room1_mix028,88,4,-4,-1
fold8_room1_mix028,88,4,-4,-1
fold8_room1_mix028,89,4,-4,-1
fold8_room1_mix028,89,4,-4,-1
fold8_room1_mix028,90,4,-4,-1
fold8_room1_mix028,90,4,-5,-1
fold8_room1_mix028,91,4,-5,-1
fold8_room1_mix028,91,4,-5,-1
fold8_room1_mix028,92,4,-5,-1
fold8_room1_mix028,92,4,-5,-1
fold8_room1_mix028,93,4,-5,-1
fold8_room1_mix028,93,4,-5,-1
fold8_room1_mix028,94,4,-5,-1
fold8_room1_mix028,94,4,-5,-1
fold8_room1_mix028,95,4,-5,-1
fold8_room1_mix028,95,4,-5,-1
fold8_room1_mix028,96,4,-6,0
fold8_room1_mix028,96,4,-5,-1
fold8_room1_mix028,97,4,-7,0
fold8_room1_mix028,97,4,-4,0
fold8_room1_mix028,98,4,-7,-1
fold8_room1_mix028,98,4,-5,-1
fold8_room1_mix028,99,4,-8,-1
fold8_room1_mix028,99,4,-5,-1
fold8_room1_mix028,0,4,-177,-1
fold8_room1_mix028,1,4,-177,-1
fold8_room1_mix029,0,5,32,3
fold8_room1_mix029,1,4,-2,0
fold8_room1_mix029,1,5,32,2
fold8_room1_mix029,2,4,-2,0
fold8_room1_mix029,2,5,33,2
fold8_room1_mix029,3,4,-3,0
fold8_room1_mix029,3,5,33,2
fold8_room1_mix029,4,4,-5,0
fold8_room1_mix029,4,5,33,2
fold8_room1_mix029,5,4,-5,0
fold8_room1_mix029,5,5,33,2
fold8_room1_mix029,6,4,-6,0
fold8_room1_mix029,6,5,33,2
fold8_room1_mix029,7,4,-6,0
fold8_room1_mix029,7,5,32,2
fold8_room1_mix029,8,4,-6,0
fold8_room1_mix029,8,5,32,2
fold8_room1_mix029,9,4,-6,-1
fold8_room1_mix029,9,5,32,2
fold8_room1_mix029,10,4,-7,-1
fold8_room1_mix029,10,5,31,2
fold8_room1_mix029,11,4,-7,-1
fold8_room1_mix029,11,5,31,3
fold8_room1_mix029,12,4,-7,-1
fold8_room1_mix029,12,5,30,3
fold8_room1_mix029,13,4,-7,-1
fold8_room1_mix029,13,5,30,3
fold8_room1_mix029,14,4,-7,-1
fold8_room1_mix029,14,5,30,3
fold8_room1_mix029,15,4,-7,-1
fold8_room1_mix029,15,5,30,3
fold8_room1_mix029,16,4,-8,-1
fold8_room1_mix029,16,5,30,3
fold8_room1_mix029,17,4,-8,-1
fold8_room1_mix029,17,5,30,3
fold8_room1_mix029,18,4,-8,-1
fold8_room1_mix029,18,5,30,3
fold8_room1_mix029,19,4,-8,-1
fold8_room1_mix029,19,5,30,3
fold8_room1_mix029,20,4,-9,-1
fold8_room1_mix029,20,5,30,3
fold8_room1_mix029,21,4,-9,-1
fold8_room1_mix029,21,5,31,3
fold8_room1_mix029,22,4,-9,-1
fold8_room1_mix029,22,5,31,3
fold8_room1_mix029,23,4,-9,-1
fold8_room1_mix029,23,5,32,3
fold8_room1_mix029,24,4,-9,-1
fold8_room1_mix029,24,5,32,3
fold8_room1_mix029,25,4,-9,-2
fold8_room1_mix029,25,5,32,3
fold8_room1_mix029,26,4,-9,-2
fold8_room1_mix029,26,5,33,3
fold8_room1_mix029,27,4,-10,-2
fold8_room1_mix029,27,5,33,3
fold8_room1_mix029,28,4,-10,-2
fold8_room1_mix029,28,5,33,3
fold8_room1_mix029,29,4,-11,-2
fold8_room1_mix029,29,5,34,3
fold8_room1_mix029,30,4,-11,-2
fold8_room1_mix029,30,5,34,3
fold8_room1_mix029,31,4,-12,-2
fold8_room1_mix029,31,5,34,3
fold8_room1_mix029,32,4,-12,-2
fold8_room1_mix029,32,5,34,3
fold8_room1_mix029,33,4,-12,-2
fold8_room1_mix029,33,5,34,3
fold8_room1_mix029,34,4,-13,-2
fold8_room1_mix029,34,5,34,3
fold8_room1_mix029,35,4,-13,-2
fold8_room1_mix029,35,5,34,3
fold8_room1_mix029,36,4,-14,-2
fold8_room1_mix029,36,5,34,3
fold8_room1_mix029,37,4,-14,-3
fold8_room1_mix029,37,5,34,3
fold8_room1_mix029,38,4,-15,-3
fold8_room1_mix029,38,5,34,3
fold8_room1_mix029,39,4,-16,-3
fold8_room1_mix029,39,5,34,3
fold8_room1_mix029,40,4,-17,-3
fold8_room1_mix029,40,5,34,3
fold8_room1_mix029,41,4,-19,-3
fold8_room1_mix029,41,5,33,4
fold8_room1_mix029,42,4,-20,-4
fold8_room1_mix029,42,5,33,4
fold8_room1_mix029,43,4,-23,-4
fold8_room1_mix029,43,5,33,4
fold8_room1_mix029,44,4,-13,-3
fold8_room1_mix029,44,4,-33,-6
fold8_room1_mix029,44,5,33,4
fold8_room1_mix029,45,4,-14,-3
fold8_room1_mix029,45,4,-38,-6
fold8_room1_mix029,45,5,33,4
fold8_room1_mix029,46,4,-15,-4
fold8_room1_mix029,46,4,-55,-7
fold8_room1_mix029,46,4,-36,-6
fold8_room1_mix029,46,5,34,4
fold8_room1_mix029,47,4,-19,-4
fold8_room1_mix029,47,4,-73,-8
fold8_room1_mix029,47,4,-41,-7
fold8_room1_mix029,47,5,34,4
fold8_room1_mix029,48,4,-23,-4
fold8_room1_mix029,48,4,-95,-8
fold8_room1_mix029,48,4,-46,-8
fold8_room1_mix029,48,5,34,4
fold8_room1_mix029,49,4,-27,-4
fold8_room1_mix029,49,4,-112,-8
fold8_room1_mix029,49,4,-51,-8
fold8_room1_mix029,49,5,34,4
fold8_room1_mix029,50,4,-25,-4
fold8_room1_mix029,50,4,-128,-7
fold8_room1_mix029,50,4,-46,-8
fold8_room1_mix029,50,5,34,4
fold8_room1_mix029,51,4,-22,-4
fold8_room1_mix029,51,4,-137,-6
fold8_room1_mix029,51,4,-39,-7
fold8_room1_mix029,51,5,34,4
fold8_room1_mix029,52,4,-19,-4
fold8_room1_mix029,52,4,-26,-5
fold8_room1_mix029,52,5,34,4
fold8_room1_mix029,53,4,-17,-4
fold8_room1_mix029,53,4,-22,-5
fold8_room1_mix029,53,5,34,4
fold8_room1_mix029,54,4,-16,-4
fold8_room1_mix029,54,4,-19,-4
fold8_room1_mix029,54,5,34,4
fold8_room1_mix029,55,4,-14,-4
fold8_room1_mix029,55,4,-17,-4
fold8_room1_mix029,55,5,34,4
fold8_room1_mix029,56,4,-14,-4
fold8_room1_mix029,56,4,-16,-4
fold8_room1_mix029,56,5,33,4
fold8_room1_mix029,57,4,-15,-4
fold8_room1_mix029,57,4,-16,-4
fold8_room1_mix029,57,5,33,4
fold8_room1_mix029,58,4,-16,-4
fold8_room1_mix029,58,4,-16,-4
fold8_room1_mix029,58,5,33,4
fold8_room1_mix029,59,4,-17,-4
fold8_room1_mix029,59,4,-17,-4
fold8_room1_mix029,59,5,33,4
fold8_room1_mix029,60,4,-18,-4
fold8_room1_mix029,60,4,-18,-4
fold8_room1_mix029,60,5,33,4
fold8_room1_mix029,61,4,-19,-4
fold8_room1_mix029,61,4,-19,-4
fold8_room1_mix029,61,5,32,4
fold8_room1_mix029,62,4,-20,-4
fold8_room1_mix029,62,4,-20,-4
fold8_room1_mix029,62,5,32,4
fold8_room1_mix029,63,4,-19,-4
fold8_room1_mix029,63,4,-20,-4
fold8_room1_mix029,63,5,32,4
fold8_room1_mix029,64,4,-19,-4
fold8_room1_mix029,64,4,-20,-5
fold8_room1_mix029,64,5,32,4
fold8_room1_mix029,65,4,-19,-5
fold8_room1_mix029,65,4,-21,-5
fold8_room1_mix029,65,5,32,4
fold8_room1_mix029,66,4,-20,-5
fold8_room1_mix029,66,4,-22,-5
fold8_room1_mix029,66,5,32,4
fold8_room1_mix029,67,4,-21,-5
fold8_room1_mix029,67,4,-23,-5
fold8_room1_mix029,67,5,33,4
fold8_room1_mix029,68,4,-23,-5
fold8_room1_mix029,68,4,-24,-6
fold8_room1_mix029,68,5,33,4
fold8_room1_mix029,69,4,-24,-5
fold8_room1_mix029,69,4,-27,-6
fold8_room1_mix029,69,5,34,4
fold8_room1_mix029,70,4,-25,-6
fold8_room1_mix029,70,4,-29,-7
fold8_room1_mix029,70,5,34,4
fold8_room1_mix029,71,4,-27,-6
fold8_room1_mix029,71,4,-32,-7
fold8_room1_mix029,71,5,34,5
fold8_room1_mix029,72,4,-31,-7
fold8_room1_mix029,72,4,-36,-8
fold8_room1_mix029,72,5,34,5
fold8_room1_mix029,73,4,-36,-8
fold8_room1_mix029,73,4,-42,-9
fold8_room1_mix029,73,5,34,5
fold8_room1_mix029,74,4,-43,-9
fold8_room1_mix029,74,4,-50,-10
fold8_room1_mix029,74,5,34,5
fold8_room1_mix029,75,4,-51,-10
fold8_room1_mix029,75,4,-58,-11
fold8_room1_mix029,75,5,34,5
fold8_room1_mix029,76,4,-58,-12
fold8_room1_mix029,76,4,-64,-12
fold8_room1_mix029,76,5,34,5
fold8_room1_mix029,77,4,-64,-13
fold8_room1_mix029,77,4,-70,-14
fold8_room1_mix029,77,5,33,5
fold8_room1_mix029,78,4,-71,-14
fold8_room1_mix029,78,4,-77,-15
fold8_room1_mix029,78,5,33,5
fold8_room1_mix029,79,4,-84,-14
fold8_room1_mix029,79,4,-89,-15
fold8_room1_mix029,79,5,33,5
fold8_room1_mix029,80,4,-98,-14
fold8_room1_mix029,80,4,-101,-14
fold8_room1_mix029,80,5,33,5
fold8_room1_mix029,81,4,-110,-13
fold8_room1_mix029,81,4,-112,-13
fold8_room1_mix029,81,5,33,4
fold8_room1_mix029,82,4,-117,-12
fold8_room1_mix029,82,4,-117,-12
fold8_room1_mix029,82,5,33,4
fold8_room1_mix029,83,4,-122,-11
fold8_room1_mix029,83,4,-122,-11
fold8_room1_mix029,83,5,33,4
fold8_room1_mix029,84,4,-127,-10
fold8_room1_mix029,84,4,-126,-10
fold8_room1_mix029,84,5,34,4
fold8_room1_mix029,85,4,-130,-10
fold8_room1_mix029,85,4,-130,-10
fold8_room1_mix029,85,5,34,4
fold8_room1_mix029,86,4,-133,-9
fold8_room1_mix029,86,4,-134,-9
fold8_room1_mix029,86,5,34,5
fold8_room1_mix029,87,4,-143,-8
fold8_room1_mix029,87,5,33,5
fold8_room1_mix029,88,4,-145,-8
fold8_room1_mix029,88,5,33,5
fold8_room1_mix029,89,4,-147,-7
fold8_room1_mix029,89,5,33,5
fold8_room1_mix029,90,4,-148,-7
fold8_room1_mix029,90,5,33,5
fold8_room1_mix029,91,4,-150,-6
fold8_room1_mix029,91,5,33,5
fold8_room1_mix029,92,4,-151,-6
fold8_room1_mix029,92,5,33,5
fold8_room1_mix029,93,4,-152,-6
fold8_room1_mix029,93,5,33,5
fold8_room1_mix029,94,4,-154,-5
fold8_room1_mix029,94,5,33,5
fold8_room1_mix029,95,4,-155,-5
fold8_room1_mix029,95,5,33,5
fold8_room1_mix029,96,4,-156,-5
fold8_room1_mix029,96,5,33,5
fold8_room1_mix029,97,4,-157,-4
fold8_room1_mix029,97,5,33,5
fold8_room1_mix029,98,4,-159,-4
fold8_room1_mix029,98,5,32,4
fold8_room1_mix029,99,4,-160,-4
fold8_room1_mix029,99,5,30,4
fold8_room1_mix030,2,4,-178,0
fold8_room1_mix030,3,4,-178,0
fold8_room1_mix030,4,4,-177,0
fold8_room1_mix030,5,4,-176,0
fold8_room1_mix030,6,4,-175,0
fold8_room1_mix030,7,4,-175,0
fold8_room1_mix030,8,4,-174,0
fold8_room1_mix030,9,4,-174,0
fold8_room1_mix030,10,4,-174,0
fold8_room1_mix030,12,4,-174,0
fold8_room1_mix030,13,4,-175,0
fold8_room1_mix030,14,4,-176,0
fold8_room1_mix030,15,4,-175,-1
fold8_room1_mix030,16,4,-175,-1
fold8_room1_mix030,17,4,-175,-1
fold8_room1_mix030,18,4,-175,-1
fold8_room1_mix030,19,4,-175,-1
fold8_room1_mix030,20,4,-176,-1
fold8_room1_mix030,21,4,-176,-1
fold8_room1_mix030,22,4,-176,-1
fold8_room1_mix030,23,4,-175,-1
fold8_room1_mix030,24,4,-175,-1
fold8_room1_mix030,28,4,1,-2
fold8_room1_mix030,28,4,-175,0
fold8_room1_mix030,29,4,1,-1
fold8_room1_mix030,29,4,-175,-1
fold8_room1_mix030,30,4,1,0
fold8_room1_mix030,30,4,-175,-1
fold8_room1_mix030,31,0,-172,0
fold8_room1_mix030,31,4,2,0
fold8_room1_mix030,31,4,-174,-1
fold8_room1_mix030,32,0,-170,0
fold8_room1_mix030,32,4,2,0
fold8_room1_mix030,32,4,-173,0
fold8_room1_mix030,33,0,-167,0
fold8_room1_mix030,33,4,3,-1
fold8_room1_mix030,33,4,-171,0
fold8_room1_mix030,34,0,-166,-1
fold8_room1_mix030,34,4,4,-1
fold8_room1_mix030,34,4,-171,0
fold8_room1_mix030,35,0,-165,-1
fold8_room1_mix030,35,4,4,0
fold8_room1_mix030,35,4,-170,-1
fold8_room1_mix030,36,0,-164,-1
fold8_room1_mix030,36,4,5,0
fold8_room1_mix030,36,4,-169,-1
fold8_room1_mix030,37,0,-163,-1
fold8_room1_mix030,37,4,6,0
fold8_room1_mix030,37,4,-169,-1
fold8_room1_mix030,38,0,-163,-1
fold8_room1_mix030,38,4,8,-1
fold8_room1_mix030,38,4,-169,-1
fold8_room1_mix030,39,0,-162,-1
fold8_room1_mix030,39,4,10,-1
fold8_room1_mix030,39,4,-168,-1
fold8_room1_mix030,40,0,-161,-1
fold8_room1_mix030,40,4,11,-1
fold8_room1_mix030,40,4,-167,-1
fold8_room1_mix030,41,0,-161,-1
fold8_room1_mix030,41,4,12,-2
fold8_room1_mix030,41,4,-167,-1
fold8_room1_mix030,42,0,-160,-1
fold8_room1_mix030,42,4,13,-2
fold8_room1_mix030,42,4,-166,-1
fold8_room1_mix030,43,0,-159,-1
fold8_room1_mix030,43,4,14,-2
fold8_room1_mix030,43,4,-165,-1
fold8_room1_mix030,44,0,-158,-1
fold8_room1_mix030,44,4,15,-2
fold8_room1_mix030,44,4,-164,-1
fold8_room1_mix030,45,0,-157,-1
fold8_room1_mix030,45,4,17,-2
fold8_room1_mix030,45,4,-163,-1
fold8_room1_mix030,46,0,-156,-1
fold8_room1_mix030,46,4,18,-2
fold8_room1_mix030,46,4,-162,-1
fold8_room1_mix030,47,0,-155,-1
fold8_room1_mix030,47,4,19,-2
fold8_room1_mix030,47,4,-162,-1
fold8_room1_mix030,48,0,-153,-1
fold8_room1_mix030,48,4,20,-2
fold8_room1_mix030,48,4,-161,-1
fold8_room1_mix030,49,0,-151,-1
fold8_room1_mix030,49,4,21,-2
fold8_room1_mix030,49,4,-161,-1
fold8_room1_mix030,50,0,-148,-2
fold8_room1_mix030,50,4,23,-3
fold8_room1_mix030,50,4,-159,-1
fold8_room1_mix030,51,0,-145,-2
fold8_room1_mix030,51,4,24,-3
fold8_room1_mix030,51,4,-156,-1
fold8_room1_mix030,52,0,-141,-2
fold8_room1_mix030,52,4,25,-3
fold8_room1_mix030,52,4,-153,-1
fold8_room1_mix030,53,0,-140,-2
fold8_room1_mix030,53,4,27,-4
fold8_room1_mix030,53,4,-150,-1
fold8_room1_mix030,54,0,-139,-2
fold8_room1_mix030,54,4,30,-5
fold8_room1_mix030,54,4,-146,-1
fold8_room1_mix030,55,0,-139,-2
fold8_room1_mix030,55,4,32,-5
fold8_room1_mix030,55,4,-141,-1
fold8_room1_mix030,56,0,-136,-2
fold8_room1_mix030,56,4,34,-7
fold8_room1_mix030,56,4,-135,-2
fold8_room1_mix030,57,0,-132,-2
fold8_room1_mix030,57,4,38,-9
fold8_room1_mix030,57,4,-122,-3
fold8_room1_mix030,58,0,-127,-2
fold8_room1_mix030,58,4,45,-12
fold8_room1_mix030,58,4,-99,-4
fold8_room1_mix030,59,0,-123,-1
fold8_room1_mix030,59,4,56,-16
fold8_room1_mix030,59,4,-81,-4
fold8_room1_mix030,60,0,-120,-1
fold8_room1_mix030,60,4,69,-22
fold8_room1_mix030,60,4,-80,-2
fold8_room1_mix030,67,4,-92,-10
fold8_room1_mix030,67,4,-88,-6
fold8_room1_mix030,68,4,-78,-9
fold8_room1_mix030,68,4,-78,-5
fold8_room1_mix030,69,4,-59,-8
fold8_room1_mix030,69,4,-67,-5
fold8_room1_mix030,70,4,-43,-6
fold8_room1_mix030,70,4,160,-3
fold8_room1_mix030,70,4,-67,-4
fold8_room1_mix030,71,4,-34,-5
fold8_room1_mix030,71,4,162,-3
fold8_room1_mix030,71,4,-63,-4
fold8_room1_mix030,72,4,-29,-4
fold8_room1_mix030,72,4,163,-3
fold8_room1_mix030,72,4,-61,-4
fold8_room1_mix030,73,4,-27,-4
fold8_room1_mix030,73,4,163,-2
fold8_room1_mix030,73,4,-59,-3
fold8_room1_mix030,74,4,-26,-3
fold8_room1_mix030,74,4,163,-2
fold8_room1_mix030,74,4,-57,-3
fold8_room1_mix030,75,4,-26,-3
fold8_room1_mix030,75,4,164,-2
fold8_room1_mix030,75,4,-56,-3
fold8_room1_mix030,76,4,-25,-3
fold8_room1_mix030,76,4,164,-2
fold8_room1_mix030,76,4,-54,-3
fold8_room1_mix030,77,4,-25,-3
fold8_room1_mix030,77,4,165,-2
fold8_room1_mix030,77,4,-53,-3
fold8_room1_mix030,78,4,-25,-2
fold8_room1_mix030,78,4,165,-2
fold8_room1_mix030,78,4,-51,-3
fold8_room1_mix030,79,4,-25,-2
fold8_room1_mix030,79,4,166,-2
fold8_room1_mix030,79,4,-48,-3
fold8_room1_mix030,80,4,-25,-2
fold8_room1_mix030,80,4,167,-2
fold8_room1_mix030,80,4,-46,-3
fold8_room1_mix030,81,4,-24,-2
fold8_room1_mix030,81,4,168,-2
fold8_room1_mix030,81,4,-44,-3
fold8_room1_mix030,82,4,-23,-2
fold8_room1_mix030,82,4,169,-2
fold8_room1_mix030,82,4,-40,-3
fold8_room1_mix030,83,4,-22,-2
fold8_room1_mix030,83,4,170,-2
fold8_room1_mix030,83,4,-37,-3
fold8_room1_mix030,84,4,-20,-2
fold8_room1_mix030,84,4,-26,-2
fold8_room1_mix030,85,4,-18,-1
fold8_room1_mix030,85,4,-24,-2
fold8_room1_mix030,86,4,-16,-1
fold8_room1_mix030,86,4,-22,-2
fold8_room1_mix030,87,4,-14,-1
fold8_room1_mix030,87,4,-19,-1
fold8_room1_mix030,88,4,-12,-1
fold8_room1_mix030,88,4,-18,-1
fold8_room1_mix030,89,4,-11,-1
fold8_room1_mix030,89,4,-17,-1
fold8_room1_mix030,90,4,-10,-1
fold8_room1_mix030,90,4,-16,-1
fold8_room1_mix030,91,4,-9,-1
fold8_room1_mix030,91,4,-16,-1
fold8_room1_mix030,92,4,-9,-1
fold8_room1_mix030,92,4,-15,-1
fold8_room1_mix030,93,4,-8,0
fold8_room1_mix030,93,4,-15,-1
fold8_room1_mix030,94,4,-7,0
fold8_room1_mix030,94,4,178,0
fold8_room1_mix030,94,4,-23,-2
fold8_room1_mix030,95,4,-7,0
fold8_room1_mix030,95,4,177,0
fold8_room1_mix030,95,4,-23,-2
fold8_room1_mix030,96,4,-6,0
fold8_room1_mix030,96,4,177,0
fold8_room1_mix030,96,4,-22,-2
fold8_room1_mix030,97,4,-6,0
fold8_room1_mix030,97,4,176,0
fold8_room1_mix030,97,4,-22,-2
fold8_room1_mix030,98,4,-6,0
fold8_room1_mix030,98,4,-13,-1
fold8_room1_mix030,99,4,-6,0
fold8_room1_mix030,99,4,-12,-1
fold8_room1_mix030,11,4,-175,0
fold8_room1_mix030,25,4,-176,-1
fold8_room1_mix030,26,4,-175,0
fold8_room1_mix030,27,4,-175,0
fold8_room1_mix030,61,4,104,-13
fold8_room1_mix030,61,4,-80,0
fold8_room1_mix030,62,4,113,-10
fold8_room1_mix030,62,4,-81,0
fold8_room1_mix030,63,4,130,-8
fold8_room1_mix030,63,4,-87,0
fold8_room1_mix030,64,4,139,-7
fold8_room1_mix030,64,4,-95,-1
fold8_room1_mix030,65,4,143,-6
fold8_room1_mix030,65,4,-101,-2
fold8_room1_mix030,66,4,146,-5
fold8_room1_mix030,66,4,-95,-2
fold8_room1_mix031,2,4,178,0
fold8_room1_mix031,3,4,177,0
fold8_room1_mix031,4,4,176,0
fold8_room1_mix031,5,4,176,0
fold8_room1_mix031,6,4,177,0
fold8_room1_mix031,7,4,177,0
fold8_room1_mix031,8,4,178,0
fold8_room1_mix031,9,4,177,0
fold8_room1_mix031,10,4,177,0
fold8_room1_mix031,11,4,177,0
fold8_room1_mix031,12,4,177,0
fold8_room1_mix031,13,4,176,0
fold8_room1_mix031,14,4,176,0
fold8_room1_mix031,15,4,176,0
fold8_room1_mix031,16,4,176,0
fold8_room1_mix031,17,4,176,0
fold8_room1_mix031,18,4,176,0
fold8_room1_mix031,19,4,175,-1
fold8_room1_mix031,20,4,175,-1
fold8_room1_mix031,21,4,175,-1
fold8_room1_mix031,22,4,175,-1
fold8_room1_mix031,23,4,174,-1
fold8_room1_mix031,24,4,174,-1
fold8_room1_mix031,25,4,174,-1
fold8_room1_mix031,26,4,174,-1
fold8_room1_mix031,27,4,174,-1
fold8_room1_mix031,28,4,174,-1
fold8_room1_mix031,29,4,173,-1
fold8_room1_mix031,30,4,173,-1
fold8_room1_mix031,31,4,173,-2
fold8_room1_mix031,32,4,173,-2
fold8_room1_mix031,33,4,173,-2
fold8_room1_mix031,34,4,173,-2
fold8_room1_mix031,35,4,172,-2
fold8_room1_mix031,36,4,172,-2
fold8_room1_mix031,37,4,172,-2
fold8_room1_mix031,38,4,172,-2
fold8_room1_mix031,39,4,172,-2
fold8_room1_mix031,40,4,172,-2
fold8_room1_mix031,41,4,171,-2
fold8_room1_mix031,42,4,171,-2
fold8_room1_mix031,43,4,171,-2
fold8_room1_mix031,44,4,170,-2
fold8_room1_mix031,45,4,170,-2
fold8_room1_mix031,46,4,169,-3
fold8_room1_mix031,47,4,169,-3
fold8_room1_mix031,48,4,168,-3
fold8_room1_mix031,49,4,167,-3
fold8_room1_mix031,50,4,166,-4
fold8_room1_mix031,51,4,165,-4
fold8_room1_mix031,52,4,164,-4
fold8_room1_mix031,53,4,163,-5
fold8_room1_mix031,54,4,162,-5
fold8_room1_mix031,55,4,161,-6
fold8_room1_mix031,56,4,158,-7
fold8_room1_mix031,57,4,146,-11
fold8_room1_mix031,57,4,145,-10
fold8_room1_mix031,58,4,137,-13
fold8_room1_mix031,58,4,136,-12
fold8_room1_mix031,59,4,123,-17
fold8_room1_mix031,59,4,125,-15
fold8_room1_mix031,60,4,93,-21
fold8_room1_mix031,60,4,167,-7
fold8_room1_mix031,60,4,112,-14
fold8_room1_mix031,61,4,59,-19
fold8_room1_mix031,61,4,168,-6
fold8_room1_mix031,61,4,93,-14
fold8_room1_mix031,62,4,41,-15
fold8_room1_mix031,62,4,169,-6
fold8_room1_mix031,62,4,75,-13
fold8_room1_mix031,63,4,32,-12
fold8_room1_mix031,63,4,170,-5
fold8_room1_mix031,63,4,69,-11
fold8_room1_mix031,64,4,25,-10
fold8_room1_mix031,64,4,171,-4
fold8_room1_mix031,64,4,63,-9
fold8_room1_mix031,65,4,20,-8
fold8_room1_mix031,65,4,172,-4
fold8_room1_mix031,65,4,57,-7
fold8_room1_mix031,66,4,17,-7
fold8_room1_mix031,66,4,173,-4
fold8_room1_mix031,66,4,54,-6
fold8_room1_mix031,67,4,16,-7
fold8_room1_mix031,67,4,173,-3
fold8_room1_mix031,67,4,52,-6
fold8_room1_mix031,68,4,14,-6
fold8_room1_mix031,68,4,173,-3
fold8_room1_mix031,68,4,50,-6
fold8_room1_mix031,69,4,14,-6
fold8_room1_mix031,69,4,173,-4
fold8_room1_mix031,69,4,58,-7
fold8_room1_mix031,70,4,15,-7
fold8_room1_mix031,70,4,172,-4
fold8_room1_mix031,70,4,73,-8
fold8_room1_mix031,71,4,16,-7
fold8_room1_mix031,71,4,172,-4
fold8_room1_mix031,71,4,90,-9
fold8_room1_mix031,72,4,18,-8
fold8_room1_mix031,72,4,171,-4
fold8_room1_mix031,72,4,96,-10
fold8_room1_mix031,73,4,21,-8
fold8_room1_mix031,73,4,169,-4
fold8_room1_mix031,73,4,91,-10
fold8_room1_mix031,74,4,25,-9
fold8_room1_mix031,74,4,167,-3
fold8_room1_mix031,74,4,87,-10
fold8_room1_mix031,75,4,27,-9
fold8_room1_mix031,75,4,166,-3
fold8_room1_mix031,75,4,81,-10
fold8_room1_mix031,76,4,25,-9
fold8_room1_mix031,76,4,165,-3
fold8_room1_mix031,76,4,72,-9
fold8_room1_mix031,77,4,24,-9
fold8_room1_mix031,77,4,164,-3
fold8_room1_mix031,77,4,65,-8
fold8_room1_mix031,78,4,22,-8
fold8_room1_mix031,78,4,163,-3
fold8_room1_mix031,78,4,60,-8
fold8_room1_mix031,79,4,20,-8
fold8_room1_mix031,79,4,164,-4
fold8_room1_mix031,79,4,60,-8
fold8_room1_mix031,80,4,19,-7
fold8_room1_mix031,80,4,164,-5
fold8_room1_mix031,80,4,61,-9
fold8_room1_mix031,81,4,18,-7
fold8_room1_mix031,81,4,164,-5
fold8_room1_mix031,81,4,62,-9
fold8_room1_mix031,82,4,16,-6
fold8_room1_mix031,82,4,166,-5
fold8_room1_mix031,82,4,58,-8
fold8_room1_mix031,83,4,15,-6
fold8_room1_mix031,83,4,168,-5
fold8_room1_mix031,83,4,52,-8
fold8_room1_mix031,84,4,14,-5
fold8_room1_mix031,84,4,170,-5
fold8_room1_mix031,84,4,47,-7
fold8_room1_mix031,85,4,13,-5
fold8_room1_mix031,85,4,171,-5
fold8_room1_mix031,85,4,42,-6
fold8_room1_mix031,86,4,14,-5
fold8_room1_mix031,86,4,171,-4
fold8_room1_mix031,86,4,37,-6
fold8_room1_mix031,87,4,14,-5
fold8_room1_mix031,87,4,170,-4
fold8_room1_mix031,87,4,33,-5
fold8_room1_mix031,88,4,14,-5
fold8_room1_mix031,88,4,171,-4
fold8_room1_mix031,88,4,29,-4
fold8_room1_mix031,89,4,13,-5
fold8_room1_mix031,89,4,20,-4
fold8_room1_mix031,90,4,12,-4
fold8_room1_mix031,90,4,18,-4
fold8_room1_mix031,91,4,12,-4
fold8_room1_mix031,91,4,17,-4
fold8_room1_mix031,92,4,11,-4
fold8_room1_mix031,92,4,16,-4
fold8_room1_mix031,93,4,11,-4
fold8_room1_mix031,93,4,14,-3
fold8_room1_mix031,94,4,11,-4
fold8_room1_mix031,94,4,13,-3
fold8_room1_mix031,95,4,11,-4
fold8_room1_mix031,95,4,13,-3
fold8_room1_mix031,96,4,11,-4
fold8_room1_mix031,96,4,13,-3
fold8_room1_mix031,97,4,11,-4
fold8_room1_mix031,97,4,12,-3
fold8_room1_mix031,98,4,10,-3
fold8_room1_mix031,98,4,11,-3
fold8_room1_mix031,99,4,9,-3
fold8_room1_mix031,99,4,10,-2
fold8_room1_mix032,2,4,2,-1
fold8_room1_mix032,2,4,179,-1
fold8_room1_mix032,2,4,-160,0
fold8_room1_mix032,3,4,2,-1
fold8_room1_mix032,3,4,-179,-1
fold8_room1_mix032,3,4,-160,0
fold8_room1_mix032,4,4,2,-1
fold8_room1_mix032,4,4,-178,-1
fold8_room1_mix032,4,4,-158,0
fold8_room1_mix032,5,4,2,-1
fold8_room1_mix032,5,4,-178,-1
fold8_room1_mix032,5,4,-157,0
fold8_room1_mix032,6,4,2,0
fold8_room1_mix032,6,4,-179,-1
fold8_room1_mix032,6,4,-155,0
fold8_room1_mix032,7,4,2,0
fold8_room1_mix032,7,4,179,-1
fold8_room1_mix032,7,4,-153,-1
fold8_room1_mix032,8,4,3,0
fold8_room1_mix032,8,4,179,-1
fold8_room1_mix032,8,4,-151,-1
fold8_room1_mix032,9,4,4,0
fold8_room1_mix032,9,4,-179,-1
fold8_room1_mix032,9,4,-150,-1
fold8_room1_mix032,10,4,4,0
fold8_room1_mix032,10,4,-179,-1
fold8_room1_mix032,10,4,-148,-1
fold8_room1_mix032,11,4,5,0
fold8_room1_mix032,11,4,-179,-1
fold8_room1_mix032,11,4,-147,-1
fold8_room1_mix032,12,4,4,0
fold8_room1_mix032,12,4,-179,-1
fold8_room1_mix032,12,4,-147,-1
fold8_room1_mix032,13,4,4,0
fold8_room1_mix032,13,4,-179,-1
fold8_room1_mix032,13,4,-148,-1
fold8_room1_mix032,14,4,3,0
fold8_room1_mix032,14,4,-179,-1
fold8_room1_mix032,14,4,-148,-1
fold8_room1_mix032,15,4,2,0
fold8_room1_mix032,15,4,-179,-1
fold8_room1_mix032,15,4,-148,-1
fold8_room1_mix032,16,4,2,0
fold8_room1_mix032,16,4,-179,-1
fold8_room1_mix032,16,4,-147,-1
fold8_room1_mix032,17,4,1,0
fold8_room1_mix032,17,4,-179,-1
fold8_room1_mix032,17,4,-147,-1
fold8_room1_mix032,18,4,1,0
fold8_room1_mix032,18,4,-178,-1
fold8_room1_mix032,18,4,-147,-1
fold8_room1_mix032,19,4,0,0
fold8_room1_mix032,19,4,-178,-1
fold8_room1_mix032,19,4,-146,-1
fold8_room1_mix032,20,4,0,0
fold8_room1_mix032,20,4,-178,-2
fold8_room1_mix032,20,4,-145,-1
fold8_room1_mix032,21,4,0,0
fold8_room1_mix032,21,4,-178,-2
fold8_room1_mix032,21,4,-144,-1
fold8_room1_mix032,22,4,0,0
fold8_room1_mix032,22,4,-178,-2
fold8_room1_mix032,22,4,-141,-1
fold8_room1_mix032,23,4,2,0
fold8_room1_mix032,23,4,-178,-2
fold8_room1_mix032,23,4,-139,-2
fold8_room1_mix032,24,4,3,0
fold8_room1_mix032,24,4,-178,-2
fold8_room1_mix032,24,4,-135,-2
fold8_room1_mix032,25,4,5,0
fold8_room1_mix032,25,4,-177,-2
fold8_room1_mix032,25,4,-130,-2
fold8_room1_mix032,26,4,8,0
fold8_room1_mix032,26,4,-176,-2
fold8_room1_mix032,26,4,-124,-2
fold8_room1_mix032,27,4,10,0
fold8_room1_mix032,27,4,-175,-2
fold8_room1_mix032,27,4,-119,-2
fold8_room1_mix032,28,4,12,0
fold8_room1_mix032,28,4,-176,-2
fold8_room1_mix032,28,4,-116,-1
fold8_room1_mix032,29,4,14,0
fold8_room1_mix032,29,4,-176,-2
fold8_room1_mix032,29,4,-113,-1
fold8_room1_mix032,30,4,16,0
fold8_room1_mix032,30,4,-177,-2
fold8_room1_mix032,30,4,-110,-1
fold8_room1_mix032,31,4,17,0
fold8_room1_mix032,31,4,-177,-2
fold8_room1_mix032,31,4,-108,-1
fold8_room1_mix032,32,4,17,0
fold8_room1_mix032,32,4,-176,-2
fold8_room1_mix032,32,4,-107,-1
fold8_room1_mix032,33,4,18,0
fold8_room1_mix032,33,4,-176,-2
fold8_room1_mix032,33,4,-105,-1
fold8_room1_mix032,34,4,19,0
fold8_room1_mix032,34,4,-177,-2
fold8_room1_mix032,34,4,-103,-2
fold8_room1_mix032,35,4,20,0
fold8_room1_mix032,35,4,-179,-2
fold8_room1_mix032,35,4,-100,-2
fold8_room1_mix032,36,4,21,0
fold8_room1_mix032,36,4,179,-2
fold8_room1_mix032,36,4,-97,-2
fold8_room1_mix032,37,4,22,0
fold8_room1_mix032,37,4,177,-3
fold8_room1_mix032,37,4,-95,-1
fold8_room1_mix032,38,4,23,-1
fold8_room1_mix032,38,4,174,-3
fold8_room1_mix032,38,4,-93,-1
fold8_room1_mix032,39,4,24,-1
fold8_room1_mix032,39,4,171,-3
fold8_room1_mix032,39,4,-90,-1
fold8_room1_mix032,40,4,26,-1
fold8_room1_mix032,40,4,167,-4
fold8_room1_mix032,40,4,-88,-1
fold8_room1_mix032,41,4,29,-2
fold8_room1_mix032,41,4,161,-5
fold8_room1_mix032,41,4,-85,-1
fold8_room1_mix032,42,4,34,-3
fold8_room1_mix032,42,4,154,-6
fold8_room1_mix032,42,4,-83,-2
fold8_room1_mix032,43,4,40,-3
fold8_room1_mix032,43,4,143,-8
fold8_room1_mix032,43,4,-79,-2
fold8_room1_mix032,44,4,45,-4
fold8_room1_mix032,44,4,120,-9
fold8_room1_mix032,44,4,-74,-1
fold8_room1_mix032,45,4,50,-4
fold8_room1_mix032,45,4,91,-10
fold8_room1_mix032,45,4,-69,-1
fold8_room1_mix032,46,4,53,-4
fold8_room1_mix032,46,4,69,-9
fold8_room1_mix032,46,4,-66,-1
fold8_room1_mix032,47,4,55,-7
fold8_room1_mix032,47,4,-68,-1
fold8_room1_mix032,48,4,58,-5
fold8_room1_mix032,48,4,32,-12
fold8_room1_mix032,48,4,-71,-1
fold8_room1_mix032,49,4,59,-6
fold8_room1_mix032,49,4,5,-12
fold8_room1_mix032,49,4,-73,-1
fold8_room1_mix032,50,4,58,-6
fold8_room1_mix032,50,4,14,-12
fold8_room1_mix032,50,4,-72,-1
fold8_room1_mix032,51,4,57,-6
fold8_room1_mix032,51,4,27,-11
fold8_room1_mix032,51,4,-70,-1
fold8_room1_mix032,52,4,55,-6
fold8_room1_mix032,52,4,36,-10
fold8_room1_mix032,52,4,-67,-1
fold8_room1_mix032,53,4,49,-7
fold8_room1_mix032,53,4,-67,-1
fold8_room1_mix032,54,4,52,-7
fold8_room1_mix032,54,4,-68,-1
fold8_room1_mix032,55,4,54,-7
fold8_room1_mix032,55,4,-69,-1
fold8_room1_mix032,56,4,47,-6
fold8_room1_mix032,56,4,67,-7
fold8_room1_mix032,56,4,-68,-1
fold8_room1_mix032,57,4,31,-6
fold8_room1_mix032,57,4,85,-7
fold8_room1_mix032,57,4,-65,-1
fold8_room1_mix032,58,4,7,-5
fold8_room1_mix032,58,4,103,-7
fold8_room1_mix032,58,4,-62,-1
fold8_room1_mix032,59,4,-14,-4
fold8_room1_mix032,59,4,115,-6
fold8_room1_mix032,59,4,-59,0
fold8_room1_mix032,60,4,-22,-4
fold8_room1_mix032,60,4,122,-6
fold8_room1_mix032,60,4,-56,0
fold8_room1_mix032,61,4,-28,-3
fold8_room1_mix032,61,4,128,-5
fold8_room1_mix032,61,4,-54,0
fold8_room1_mix032,62,4,-32,-3
fold8_room1_mix032,62,4,132,-4
fold8_room1_mix032,62,4,-51,0
fold8_room1_mix032,63,4,-32,-2
fold8_room1_mix032,63,4,134,-4
fold8_room1_mix032,63,4,-50,0
fold8_room1_mix032,64,4,-32,-2
fold8_room1_mix032,64,4,137,-3
fold8_room1_mix032,64,4,-50,0
fold8_room1_mix032,65,4,-32,-1
fold8_room1_mix032,65,4,140,-3
fold8_room1_mix032,65,4,-49,0
fold8_room1_mix032,66,4,-30,-1
fold8_room1_mix032,66,4,142,-3
fold8_room1_mix032,66,4,-48,0
fold8_room1_mix032,67,4,-27,-1
fold8_room1_mix032,67,4,144,-2
fold8_room1_mix032,67,4,-48,0
fold8_room1_mix032,68,4,-23,-1
fold8_room1_mix032,68,4,146,-2
fold8_room1_mix032,68,4,-48,0
fold8_room1_mix032,69,4,-20,-1
fold8_room1_mix032,69,4,148,-2
fold8_room1_mix032,69,4,-47,0
fold8_room1_mix032,70,4,-17,-1
fold8_room1_mix032,70,4,148,-2
fold8_room1_mix032,70,4,-46,0
fold8_room1_mix032,71,4,-15,-1
fold8_room1_mix032,71,4,149,-1
fold8_room1_mix032,71,4,-44,0
fold8_room1_mix032,72,4,-13,-1
fold8_room1_mix032,72,4,150,-1
fold8_room1_mix032,72,4,-44,0
fold8_room1_mix032,73,4,-13,-1
fold8_room1_mix032,73,4,151,-1
fold8_room1_mix032,73,4,-43,0
fold8_room1_mix032,74,4,-13,-1
fold8_room1_mix032,74,4,153,-1
fold8_room1_mix032,74,4,-43,0
fold8_room1_mix032,75,4,-13,-1
fold8_room1_mix032,75,4,154,-1
fold8_room1_mix032,75,4,-42,0
fold8_room1_mix032,76,4,-11,-1
fold8_room1_mix032,76,4,157,-1
fold8_room1_mix032,76,4,-40,0
fold8_room1_mix032,77,4,-10,-1
fold8_room1_mix032,77,4,160,-1
fold8_room1_mix032,77,4,-38,-1
fold8_room1_mix032,78,4,-8,-2
fold8_room1_mix032,78,4,163,-1
fold8_room1_mix032,78,4,-36,-1
fold8_room1_mix032,79,4,-8,-2
fold8_room1_mix032,79,4,164,-1
fold8_room1_mix032,79,4,-34,-1
fold8_room1_mix032,80,4,-9,-1
fold8_room1_mix032,80,4,166,-1
fold8_room1_mix032,80,4,-32,-1
fold8_room1_mix032,81,4,-9,-1
fold8_room1_mix032,81,4,167,-1
fold8_room1_mix032,81,4,-31,-1
fold8_room1_mix032,82,4,-9,-1
fold8_room1_mix032,82,4,168,-1
fold8_room1_mix032,82,4,-29,-1
fold8_room1_mix032,83,4,-10,-1
fold8_room1_mix032,83,4,168,-1
fold8_room1_mix032,83,4,-28,-1
fold8_room1_mix032,84,4,-10,-1
fold8_room1_mix032,84,4,168,-2
fold8_room1_mix032,84,4,-26,-1
fold8_room1_mix032,85,4,-10,-1
fold8_room1_mix032,85,4,169,-1
fold8_room1_mix032,85,4,-25,-1
fold8_room1_mix032,86,4,-9,-1
fold8_room1_mix032,86,4,171,-1
fold8_room1_mix032,86,4,-24,-1
fold8_room1_mix032,87,4,-8,-1
fold8_room1_mix032,87,4,172,-1
fold8_room1_mix032,87,4,-24,-1
fold8_room1_mix032,88,4,-8,-1
fold8_room1_mix032,88,4,-16,-1
fold8_room1_mix032,89,4,-9,-1
fold8_room1_mix032,89,4,-16,-1
fold8_room1_mix032,90,4,-10,-1
fold8_room1_mix032,90,4,-15,-1
fold8_room1_mix032,91,4,-11,-1
fold8_room1_mix032,91,4,-15,-1
fold8_room1_mix032,92,4,-10,-1
fold8_room1_mix032,92,4,-14,-1
fold8_room1_mix032,93,4,-9,-1
fold8_room1_mix032,93,4,-14,-1
fold8_room1_mix032,94,4,-9,-2
fold8_room1_mix032,94,4,-13,-1
fold8_room1_mix032,95,4,-6,-2
fold8_room1_mix032,95,4,-11,-1
fold8_room1_mix032,96,4,-3,-2
fold8_room1_mix032,96,4,-9,-2
fold8_room1_mix032,97,4,-1,-3
fold8_room1_mix032,97,4,-7,-2
fold8_room1_mix032,98,4,0,-3
fold8_room1_mix032,98,4,-5,-2
fold8_room1_mix032,99,4,0,-2
fold8_room1_mix032,99,4,-4,-2
fold8_room1_mix032,0,4,176,-2
fold8_room1_mix032,0,4,-158,-1
fold8_room1_mix032,1,4,176,-2
fold8_room1_mix032,1,4,-159,-1
fold8_room1_mix033,0,4,5,0
fold8_room1_mix033,1,4,5,0
fold8_room1_mix033,2,4,4,0
fold8_room1_mix033,2,4,4,0
fold8_room1_mix033,3,4,5,0
fold8_room1_mix033,3,4,5,0
fold8_room1_mix033,4,4,6,-1
fold8_room1_mix033,4,4,6,0
fold8_room1_mix033,5,4,6,-1
fold8_room1_mix033,5,4,6,-1
fold8_room1_mix033,6,4,7,0
fold8_room1_mix033,6,4,6,-1
fold8_room1_mix033,7,4,7,0
fold8_room1_mix033,7,4,6,-1
fold8_room1_mix033,8,4,7,0
fold8_room1_mix033,8,4,7,-1
fold8_room1_mix033,9,4,7,0
fold8_room1_mix033,9,4,7,-1
fold8_room1_mix033,10,4,8,-1
fold8_room1_mix033,10,4,7,-1
fold8_room1_mix033,11,4,8,-1
fold8_room1_mix033,11,4,7,-1
fold8_room1_mix033,12,1,9,0
fold8_room1_mix033,12,4,7,0
fold8_room1_mix033,12,4,7,-1
fold8_room1_mix033,13,1,13,0
fold8_room1_mix033,13,4,6,0
fold8_room1_mix033,13,4,6,-1
fold8_room1_mix033,14,1,16,0
fold8_room1_mix033,14,4,5,0
fold8_room1_mix033,14,4,6,0
fold8_room1_mix033,15,1,16,0
fold8_room1_mix033,15,4,5,0
fold8_room1_mix033,15,4,6,0
fold8_room1_mix033,16,1,16,0
fold8_room1_mix033,16,4,6,0
fold8_room1_mix033,16,4,7,0
fold8_room1_mix033,17,1,15,0
fold8_room1_mix033,17,4,6,0
fold8_room1_mix033,17,4,8,0
fold8_room1_mix033,18,1,16,0
fold8_room1_mix033,18,4,7,0
fold8_room1_mix033,18,4,8,0
fold8_room1_mix033,19,1,16,0
fold8_room1_mix033,19,4,7,0
fold8_room1_mix033,19,4,8,0
fold8_room1_mix033,20,1,17,0
fold8_room1_mix033,20,4,7,0
fold8_room1_mix033,20,4,8,0
fold8_room1_mix033,21,1,17,0
fold8_room1_mix033,21,4,7,0
fold8_room1_mix033,21,4,8,0
fold8_room1_mix033,22,1,18,0
fold8_room1_mix033,22,4,7,0
fold8_room1_mix033,22,4,8,0
fold8_room1_mix033,23,1,18,0
fold8_room1_mix033,23,4,8,0
fold8_room1_mix033,23,4,8,0
fold8_room1_mix033,24,1,18,0
fold8_room1_mix033,24,4,9,0
fold8_room1_mix033,24,4,9,-1
fold8_room1_mix033,25,1,19,0
fold8_room1_mix033,25,4,10,0
fold8_room1_mix033,25,4,10,-1
fold8_room1_mix033,26,1,19,0
fold8_room1_mix033,26,4,11,0
fold8_room1_mix033,26,4,11,-1
fold8_room1_mix033,27,1,19,0
fold8_room1_mix033,27,4,12,0
fold8_room1_mix033,27,4,12,-1
fold8_room1_mix033,28,1,20,0
fold8_room1_mix033,28,4,12,0
fold8_room1_mix033,28,4,12,-1
fold8_room1_mix033,29,1,21,0
fold8_room1_mix033,29,4,13,-1
fold8_room1_mix033,29,4,12,-1
fold8_room1_mix033,30,1,23,0
fold8_room1_mix033,30,4,13,-1
fold8_room1_mix033,30,4,11,-1
fold8_room1_mix033,31,1,24,-1
fold8_room1_mix033,31,4,13,-1
fold8_room1_mix033,31,4,11,-1
fold8_room1_mix033,32,1,26,-1
fold8_room1_mix033,32,4,13,-1
fold8_room1_mix033,32,4,11,-1
fold8_room1_mix033,33,1,28,-1
fold8_room1_mix033,33,4,13,-1
fold8_room1_mix033,33,4,11,-1
fold8_room1_mix033,34,1,28,-1
fold8_room1_mix033,34,4,14,-1
fold8_room1_mix033,34,4,12,-1
fold8_room1_mix033,35,1,27,-1
fold8_room1_mix033,35,4,15,0
fold8_room1_mix033,35,4,13,-1
fold8_room1_mix033,36,1,27,-1
fold8_room1_mix033,36,4,16,0
fold8_room1_mix033,36,4,14,-1
fold8_room1_mix033,37,1,28,-1
fold8_room1_mix033,37,4,16,-1
fold8_room1_mix033,37,4,14,-1
fold8_room1_mix033,38,1,31,-1
fold8_room1_mix033,38,4,17,-1
fold8_room1_mix033,38,4,14,-1
fold8_room1_mix033,39,1,33,-1
fold8_room1_mix033,39,4,17,-1
fold8_room1_mix033,39,4,14,-2
fold8_room1_mix033,40,1,34,-1
fold8_room1_mix033,40,4,17,-1
fold8_room1_mix033,40,4,14,-2
fold8_room1_mix033,41,1,35,-1
fold8_room1_mix033,41,4,18,-1
fold8_room1_mix033,41,4,14,-2
fold8_room1_mix033,42,1,35,-1
fold8_room1_mix033,42,4,18,-1
fold8_room1_mix033,42,4,15,-2
fold8_room1_mix033,43,1,38,-1
fold8_room1_mix033,43,4,18,-1
fold8_room1_mix033,43,4,15,-2
fold8_room1_mix033,44,1,44,-2
fold8_room1_mix033,44,4,19,-1
fold8_room1_mix033,44,4,16,-2
fold8_room1_mix033,45,1,52,-2
fold8_room1_mix033,45,4,19,-1
fold8_room1_mix033,45,4,18,-2
fold8_room1_mix033,46,1,60,-2
fold8_room1_mix033,46,4,20,-1
fold8_room1_mix033,46,4,19,-2
fold8_room1_mix033,47,1,66,-2
fold8_room1_mix033,47,4,22,-1
fold8_room1_mix033,47,4,21,-2
fold8_room1_mix033,48,1,72,-2
fold8_room1_mix033,48,4,24,-2
fold8_room1_mix033,48,4,22,-2
fold8_room1_mix033,49,1,79,-3
fold8_room1_mix033,49,4,26,-2
fold8_room1_mix033,49,4,24,-3
fold8_room1_mix033,50,1,90,-3
fold8_room1_mix033,50,4,29,-2
fold8_room1_mix033,50,4,28,-3
fold8_room1_mix033,51,1,102,-3
fold8_room1_mix033,51,4,33,-3
fold8_room1_mix033,51,4,32,-4
fold8_room1_mix033,52,1,113,-3
fold8_room1_mix033,52,4,37,-4
fold8_room1_mix033,52,4,36,-4
fold8_room1_mix033,53,1,120,-2
fold8_room1_mix033,53,4,42,-4
fold8_room1_mix033,53,4,41,-5
fold8_room1_mix033,54,1,126,-2
fold8_room1_mix033,54,4,49,-4
fold8_room1_mix033,54,4,47,-5
fold8_room1_mix033,55,1,133,-2
fold8_room1_mix033,55,4,56,-4
fold8_room1_mix033,55,4,55,-6
fold8_room1_mix033,56,1,138,-2
fold8_room1_mix033,56,4,66,-5
fold8_room1_mix033,56,4,65,-7
fold8_room1_mix033,57,1,139,-2
fold8_room1_mix033,57,4,79,-6
fold8_room1_mix033,57,4,79,-7
fold8_room1_mix033,58,1,141,-1
fold8_room1_mix033,58,4,92,-7
fold8_room1_mix033,58,4,93,-8
fold8_room1_mix033,59,1,142,-1
fold8_room1_mix033,59,4,103,-7
fold8_room1_mix033,59,4,108,-7
fold8_room1_mix033,60,1,144,-1
fold8_room1_mix033,60,4,112,-5
fold8_room1_mix033,60,4,151,-3
fold8_room1_mix033,60,4,129,-6
fold8_room1_mix033,61,4,119,-4
fold8_room1_mix033,61,4,148,-4
fold8_room1_mix033,62,4,125,-3
fold8_room1_mix033,62,4,154,-4
fold8_room1_mix033,63,4,128,-3
fold8_room1_mix033,63,4,156,-3
fold8_room1_mix033,64,4,130,-3
fold8_room1_mix033,64,4,157,-3
fold8_room1_mix033,65,4,132,-3
fold8_room1_mix033,65,4,159,-2
fold8_room1_mix033,66,4,132,-2
fold8_room1_mix033,66,4,160,-2
fold8_room1_mix033,67,4,132,-2
fold8_room1_mix033,67,4,161,-2
fold8_room1_mix033,68,4,132,-2
fold8_room1_mix033,68,4,162,-2
fold8_room1_mix033,69,4,131,-2
fold8_room1_mix033,69,4,163,-2
fold8_room1_mix033,70,4,129,-2
fold8_room1_mix033,70,4,164,-2
fold8_room1_mix033,71,4,127,-2
fold8_room1_mix033,71,4,165,-2
fold8_room1_mix033,72,4,124,-2
fold8_room1_mix033,72,4,166,-2
fold8_room1_mix033,73,4,119,-2
fold8_room1_mix033,73,4,166,-1
fold8_room1_mix033,74,4,113,-2
fold8_room1_mix033,74,4,167,-1
fold8_room1_mix033,75,4,107,-3
fold8_room1_mix033,75,4,167,-1
fold8_room1_mix033,76,4,103,-3
fold8_room1_mix033,76,4,167,-1
fold8_room1_mix033,77,4,99,-3
fold8_room1_mix033,77,4,167,-1
fold8_room1_mix033,78,4,94,-3
fold8_room1_mix033,78,4,167,-1
fold8_room1_mix033,79,4,90,-3
fold8_room1_mix033,79,4,167,-1
fold8_room1_mix033,80,4,86,-3
fold8_room1_mix033,80,4,167,-1
fold8_room1_mix033,81,4,82,-3
fold8_room1_mix033,81,4,166,0
fold8_room1_mix033,82,4,77,-3
fold8_room1_mix033,82,4,166,0
fold8_room1_mix033,83,4,71,-3
fold8_room1_mix033,83,4,166,0
fold8_room1_mix033,84,4,66,-3
fold8_room1_mix033,84,4,165,0
fold8_room1_mix033,85,4,63,-3
fold8_room1_mix033,85,4,165,0
fold8_room1_mix033,86,4,60,-3
fold8_room1_mix033,86,4,164,0
fold8_room1_mix033,87,4,58,-3
fold8_room1_mix033,87,4,164,0
fold8_room1_mix033,88,4,55,-3
fold8_room1_mix033,88,4,164,0
fold8_room1_mix033,89,4,53,-2
fold8_room1_mix033,89,4,164,0
fold8_room1_mix033,90,4,51,-2
fold8_room1_mix033,90,4,165,0
fold8_room1_mix033,91,4,49,-2
fold8_room1_mix033,91,4,166,0
fold8_room1_mix033,92,4,46,-2
fold8_room1_mix033,92,4,166,0
fold8_room1_mix033,93,4,44,-1
fold8_room1_mix033,93,4,167,0
fold8_room1_mix033,94,4,42,-1
fold8_room1_mix033,94,4,167,0
fold8_room1_mix033,95,4,41,-1
fold8_room1_mix033,95,4,168,0
fold8_room1_mix033,96,4,40,-1
fold8_room1_mix033,96,4,168,0
fold8_room1_mix033,97,4,40,-1
fold8_room1_mix033,97,4,167,0
fold8_room1_mix033,98,4,38,-1
fold8_room1_mix033,98,4,167,0
fold8_room1_mix033,99,4,36,0
fold8_room1_mix033,99,4,167,0
fold8_room1_mix034,2,4,-7,0
fold8_room1_mix034,2,4,-5,-1
fold8_room1_mix034,3,4,-7,0
fold8_room1_mix034,3,4,-6,-1
fold8_room1_mix034,4,4,-9,-1
fold8_room1_mix034,4,4,-7,-1
fold8_room1_mix034,5,4,-9,-1
fold8_room1_mix034,5,4,-7,-1
fold8_room1_mix034,6,4,-9,0
fold8_room1_mix034,6,4,-7,-1
fold8_room1_mix034,7,4,-8,0
fold8_room1_mix034,7,4,-6,-1
fold8_room1_mix034,8,4,-8,0
fold8_room1_mix034,8,4,-6,-1
fold8_room1_mix034,9,4,-8,0
fold8_room1_mix034,9,4,-6,-1
fold8_room1_mix034,10,4,-8,0
fold8_room1_mix034,10,4,-6,-1
fold8_room1_mix034,11,4,-8,0
fold8_room1_mix034,11,4,-6,-1
fold8_room1_mix034,12,4,-8,0
fold8_room1_mix034,12,4,-6,-1
fold8_room1_mix034,13,4,-8,0
fold8_room1_mix034,13,4,-7,-1
fold8_room1_mix034,14,4,-8,0
fold8_room1_mix034,14,4,-7,-1
fold8_room1_mix034,15,4,-8,0
fold8_room1_mix034,15,4,-7,-1
fold8_room1_mix034,16,4,-8,0
fold8_room1_mix034,16,4,-7,-1
fold8_room1_mix034,17,4,-8,0
fold8_room1_mix034,17,4,-7,-1
fold8_room1_mix034,18,4,-8,0
fold8_room1_mix034,18,4,-7,-1
fold8_room1_mix034,19,4,-8,0
fold8_room1_mix034,19,4,-7,-1
fold8_room1_mix034,20,4,-8,0
fold8_room1_mix034,20,4,-8,-1
fold8_room1_mix034,21,4,-8,0
fold8_room1_mix034,21,4,-8,-1
fold8_room1_mix034,22,4,-8,0
fold8_room1_mix034,22,4,-8,-1
fold8_room1_mix034,23,4,-8,0
fold8_room1_mix034,23,4,-8,-1
fold8_room1_mix034,24,4,-8,0
fold8_room1_mix034,24,4,-7,-1
fold8_room1_mix034,25,4,-7,0
fold8_room1_mix034,25,4,-7,-1
fold8_room1_mix034,26,4,-7,0
fold8_room1_mix034,26,4,-7,-1
fold8_room1_mix034,27,4,-6,0
fold8_room1_mix034,27,4,-7,-1
fold8_room1_mix034,28,4,-6,0
fold8_room1_mix034,28,4,-7,-1
fold8_room1_mix034,29,4,-6,0
fold8_room1_mix034,29,4,-7,-1
fold8_room1_mix034,30,4,-5,0
fold8_room1_mix034,30,4,-7,-1
fold8_room1_mix034,31,4,-6,0
fold8_room1_mix034,31,4,-7,-1
fold8_room1_mix034,32,4,-6,0
fold8_room1_mix034,32,4,-7,-1
fold8_room1_mix034,33,4,-6,0
fold8_room1_mix034,33,4,-8,-1
fold8_room1_mix034,34,4,-6,0
fold8_room1_mix034,34,4,-9,-1
fold8_room1_mix034,35,4,-7,0
fold8_room1_mix034,35,4,-9,-1
fold8_room1_mix034,36,4,-7,0
fold8_room1_mix034,36,4,-10,-1
fold8_room1_mix034,37,4,-7,-1
fold8_room1_mix034,37,4,-11,-1
fold8_room1_mix034,38,4,-8,-1
fold8_room1_mix034,38,4,-11,-1
fold8_room1_mix034,39,4,-8,-1
fold8_room1_mix034,39,4,-12,-2
fold8_room1_mix034,40,4,-8,-1
fold8_room1_mix034,40,4,-13,-2
fold8_room1_mix034,41,4,-8,-1
fold8_room1_mix034,41,4,-15,-2
fold8_room1_mix034,42,4,-8,-1
fold8_room1_mix034,42,4,-174,-1
fold8_room1_mix034,42,4,-23,-3
fold8_room1_mix034,43,4,-7,-1
fold8_room1_mix034,43,4,-174,-1
fold8_room1_mix034,43,4,-27,-3
fold8_room1_mix034,44,4,-7,-1
fold8_room1_mix034,44,4,-175,-1
fold8_room1_mix034,44,4,-31,-4
fold8_room1_mix034,45,4,-6,-1
fold8_room1_mix034,45,4,-176,-2
fold8_room1_mix034,45,4,-35,-4
fold8_room1_mix034,46,4,-6,-1
fold8_room1_mix034,46,4,-176,-2
fold8_room1_mix034,46,4,-39,-5
fold8_room1_mix034,47,4,-6,-1
fold8_room1_mix034,47,4,-175,-3
fold8_room1_mix034,47,4,-43,-5
fold8_room1_mix034,48,4,-5,-1
fold8_room1_mix034,48,4,-173,-3
fold8_room1_mix034,48,4,-47,-5
fold8_room1_mix034,49,4,-5,-1
fold8_room1_mix034,49,4,-171,-4
fold8_room1_mix034,49,4,-51,-6
fold8_room1_mix034,50,4,-3,-2
fold8_room1_mix034,50,4,-168,-4
fold8_room1_mix034,50,4,-50,-6
fold8_room1_mix034,51,4,-2,-3
fold8_room1_mix034,51,4,-165,-4
fold8_room1_mix034,51,4,-47,-6
fold8_room1_mix034,52,4,0,-3
fold8_room1_mix034,52,4,-161,-5
fold8_room1_mix034,52,4,-45,-6
fold8_room1_mix034,53,4,-1,-3
fold8_room1_mix034,53,4,-159,-5
fold8_room1_mix034,53,4,-37,-5
fold8_room1_mix034,54,4,-2,-3
fold8_room1_mix034,54,4,-157,-5
fold8_room1_mix034,54,4,-29,-5
fold8_room1_mix034,55,4,-4,-3
fold8_room1_mix034,55,4,-155,-5
fold8_room1_mix034,55,4,-19,-4
fold8_room1_mix034,56,4,-5,-2
fold8_room1_mix034,56,4,-9,-3
fold8_room1_mix034,57,4,-6,-3
fold8_room1_mix034,57,4,-9,-3
fold8_room1_mix034,58,4,-8,-3
fold8_room1_mix034,58,4,-9,-3
fold8_room1_mix034,59,4,-9,-3
fold8_room1_mix034,59,4,-11,-4
fold8_room1_mix034,60,4,-10,-4
fold8_room1_mix034,60,4,-16,-5
fold8_room1_mix034,61,4,-12,-4
fold8_room1_mix034,61,4,-154,-6
fold8_room1_mix034,61,4,-29,-9
fold8_room1_mix034,62,4,-13,-5
fold8_room1_mix034,62,4,-154,-7
fold8_room1_mix034,62,4,-38,-12
fold8_room1_mix034,63,4,-11,-5
fold8_room1_mix034,63,4,-153,-7
fold8_room1_mix034,63,4,-43,-11
fold8_room1_mix034,64,4,-7,-6
fold8_room1_mix034,64,4,-153,-6
fold8_room1_mix034,64,4,-47,-11
fold8_room1_mix034,65,4,-5,-6
fold8_room1_mix034,65,4,-152,-6
fold8_room1_mix034,65,4,-50,-11
fold8_room1_mix034,66,4,-4,-5
fold8_room1_mix034,66,4,-151,-5
fold8_room1_mix034,66,4,-54,-10
fold8_room1_mix034,67,4,-4,-4
fold8_room1_mix034,67,4,-150,-5
fold8_room1_mix034,67,4,-57,-10
fold8_room1_mix034,68,4,-3,-4
fold8_room1_mix034,68,4,-148,-5
fold8_room1_mix034,68,4,-59,-10
fold8_room1_mix034,69,4,-4,-3
fold8_room1_mix034,69,4,-149,-5
fold8_room1_mix034,69,4,-67,-11
fold8_room1_mix034,70,4,-5,-3
fold8_room1_mix034,70,4,-150,-6
fold8_room1_mix034,70,4,-79,-12
fold8_room1_mix034,71,4,-6,-3
fold8_room1_mix034,71,4,-152,-6
fold8_room1_mix034,71,4,-93,-12
fold8_room1_mix034,72,4,-6,-3
fold8_room1_mix034,72,4,-154,-6
fold8_room1_mix034,72,4,-104,-11
fold8_room1_mix034,73,4,-4,-3
fold8_room1_mix034,73,4,-158,-5
fold8_room1_mix034,73,4,-113,-10
fold8_room1_mix034,74,4,-4,-3
fold8_room1_mix034,74,4,-160,-5
fold8_room1_mix034,74,4,-121,-9
fold8_room1_mix034,75,4,-3,-3
fold8_room1_mix034,75,4,-162,-5
fold8_room1_mix034,75,4,-129,-7
fold8_room1_mix034,76,4,-3,-2
fold8_room1_mix034,76,4,-162,-4
fold8_room1_mix034,76,4,-136,-6
fold8_room1_mix034,77,4,-4,-2
fold8_room1_mix034,77,4,-162,-4
fold8_room1_mix034,77,4,-142,-5
fold8_room1_mix034,78,4,-4,-2
fold8_room1_mix034,78,4,-154,-4
fold8_room1_mix034,79,4,-4,-2
fold8_room1_mix034,79,4,-156,-4
fold8_room1_mix034,80,4,-5,-1
fold8_room1_mix034,80,4,-158,-4
fold8_room1_mix034,81,4,-5,-1
fold8_room1_mix034,81,4,-160,-3
fold8_room1_mix034,82,4,-6,-1
fold8_room1_mix034,82,4,-161,-3
fold8_room1_mix034,83,4,-5,-1
fold8_room1_mix034,83,4,-162,-3
fold8_room1_mix034,84,4,-5,-1
fold8_room1_mix034,84,4,-163,-3
fold8_room1_mix034,85,4,-5,-1
fold8_room1_mix034,85,4,-164,-3
fold8_room1_mix034,86,4,-5,-1
fold8_room1_mix034,86,4,-164,-3
fold8_room1_mix034,87,4,-5,-1
fold8_room1_mix034,87,4,-165,-3
fold8_room1_mix034,88,4,-5,0
fold8_room1_mix034,88,4,-166,-2
fold8_room1_mix034,89,4,-5,0
fold8_room1_mix034,89,4,-166,-2
fold8_room1_mix034,90,4,-5,0
fold8_room1_mix034,90,4,-167,-2
fold8_room1_mix034,91,4,-5,0
fold8_room1_mix034,91,4,-168,-2
fold8_room1_mix034,92,4,-5,0
fold8_room1_mix034,92,4,-168,-2
fold8_room1_mix034,93,4,-4,0
fold8_room1_mix034,93,4,-169,-2
fold8_room1_mix034,94,4,-4,0
fold8_room1_mix034,94,4,-169,-2
fold8_room1_mix034,95,4,-4,0
fold8_room1_mix034,95,4,-170,-2
fold8_room1_mix034,96,4,-3,0
fold8_room1_mix034,96,4,-170,-2
fold8_room1_mix034,97,4,-3,0
fold8_room1_mix034,97,4,-171,-2
fold8_room1_mix034,98,4,-4,0
fold8_room1_mix034,98,4,-171,-2
fold8_room1_mix034,99,4,-5,0
fold8_room1_mix034,99,4,-171,-1
fold8_room1_mix034,1,4,-3,-1
fold8_room1_mix035,2,4,-3,0
fold8_room1_mix035,2,4,179,0
fold8_room1_mix035,3,4,-5,0
fold8_room1_mix035,3,4,178,0
fold8_room1_mix035,4,4,-8,0
fold8_room1_mix035,4,4,176,-1
fold8_room1_mix035,5,4,-11,0
fold8_room1_mix035,5,4,176,-1
fold8_room1_mix035,6,4,-14,0
fold8_room1_mix035,6,4,177,-1
fold8_room1_mix035,7,4,-18,0
fold8_room1_mix035,7,4,178,-1
fold8_room1_mix035,8,4,-19,1
fold8_room1_mix035,8,4,179,-1
fold8_room1_mix035,9,4,-18,0
fold8_room1_mix035,9,4,179,-1
fold8_room1_mix035,10,4,-18,0
fold8_room1_mix035,10,4,-179,-1
fold8_room1_mix035,11,4,-17,0
fold8_room1_mix035,11,4,-178,-1
fold8_room1_mix035,12,4,-16,0
fold8_room1_mix035,12,4,-177,-1
fold8_room1_mix035,13,4,-14,0
fold8_room1_mix035,13,4,-176,-1
fold8_room1_mix035,14,4,-13,0
fold8_room1_mix035,14,4,177,-1
fold8_room1_mix035,14,4,-167,0
fold8_room1_mix035,15,4,-11,0
fold8_room1_mix035,15,4,177,-1
fold8_room1_mix035,15,4,-161,0
fold8_room1_mix035,16,4,-10,0
fold8_room1_mix035,16,4,177,-1
fold8_room1_mix035,17,4,-8,0
fold8_room1_mix035,17,4,177,-1
fold8_room1_mix035,17,4,-29,0
fold8_room1_mix035,18,4,-9,0
fold8_room1_mix035,18,4,-15,0
fold8_room1_mix035,19,4,-9,-1
fold8_room1_mix035,19,4,-14,0
fold8_room1_mix035,20,4,-10,-1
fold8_room1_mix035,20,4,-15,-1
fold8_room1_mix035,21,4,-11,-1
fold8_room1_mix035,21,4,-16,-1
fold8_room1_mix035,22,4,-13,0
fold8_room1_mix035,22,4,-17,0
fold8_room1_mix035,23,4,-14,0
fold8_room1_mix035,23,4,-19,0
fold8_room1_mix035,24,4,-14,0
fold8_room1_mix035,24,4,-20,0
fold8_room1_mix035,25,4,-13,0
fold8_room1_mix035,25,4,172,-1
fold8_room1_mix035,25,4,-28,-1
fold8_room1_mix035,26,4,-11,-1
fold8_room1_mix035,26,4,171,-1
fold8_room1_mix035,26,4,-29,0
fold8_room1_mix035,27,4,-10,-1
fold8_room1_mix035,27,4,171,-1
fold8_room1_mix035,27,4,-30,0
fold8_room1_mix035,28,4,-9,-1
fold8_room1_mix035,28,4,170,-1
fold8_room1_mix035,28,4,-30,0
fold8_room1_mix035,29,4,-7,-1
fold8_room1_mix035,29,4,169,-1
fold8_room1_mix035,29,4,-30,-1
fold8_room1_mix035,30,4,-6,-1
fold8_room1_mix035,30,4,169,-1
fold8_room1_mix035,30,4,-31,-1
fold8_room1_mix035,31,4,-7,-1
fold8_room1_mix035,31,4,168,-1
fold8_room1_mix035,31,4,-32,-1
fold8_room1_mix035,32,4,-7,-1
fold8_room1_mix035,32,4,168,0
fold8_room1_mix035,32,4,-33,-1
fold8_room1_mix035,33,4,-8,-1
fold8_room1_mix035,33,4,167,0
fold8_room1_mix035,33,4,-34,-1
fold8_room1_mix035,34,4,-9,-1
fold8_room1_mix035,34,4,166,0
fold8_room1_mix035,34,4,-36,-1
fold8_room1_mix035,35,4,-11,-1
fold8_room1_mix035,35,4,166,0
fold8_room1_mix035,35,4,-37,-1
fold8_room1_mix035,36,4,-12,-2
fold8_room1_mix035,36,4,165,0
fold8_room1_mix035,36,4,-39,-1
fold8_room1_mix035,37,4,-16,-2
fold8_room1_mix035,37,4,164,-1
fold8_room1_mix035,37,4,-40,-1
fold8_room1_mix035,38,4,-19,-2
fold8_room1_mix035,38,4,162,-1
fold8_room1_mix035,38,4,-40,-1
fold8_room1_mix035,39,4,-23,-2
fold8_room1_mix035,39,4,160,-1
fold8_room1_mix035,39,4,-40,-1
fold8_room1_mix035,40,4,-27,-2
fold8_room1_mix035,40,4,-34,-2
fold8_room1_mix035,41,4,-33,-2
fold8_room1_mix035,41,4,-38,-2
fold8_room1_mix035,42,4,-37,-2
fold8_room1_mix035,42,4,-41,-2
fold8_room1_mix035,43,4,-41,-1
fold8_room1_mix035,43,4,-44,-2
fold8_room1_mix035,44,4,-43,-1
fold8_room1_mix035,44,4,-47,-2
fold8_room1_mix035,45,4,-44,-1
fold8_room1_mix035,45,4,-49,-2
fold8_room1_mix035,46,4,-45,-2
fold8_room1_mix035,46,4,-52,-2
fold8_room1_mix035,47,4,-45,-2
fold8_room1_mix035,47,4,152,-2
fold8_room1_mix035,47,4,-61,-2
fold8_room1_mix035,48,4,-44,-2
fold8_room1_mix035,48,4,152,-2
fold8_room1_mix035,48,4,-63,-2
fold8_room1_mix035,49,4,-43,-3
fold8_room1_mix035,49,4,152,-2
fold8_room1_mix035,49,4,-64,-2
fold8_room1_mix035,50,4,-44,-4
fold8_room1_mix035,50,4,151,-2
fold8_room1_mix035,50,4,-65,-2
fold8_room1_mix035,55,4,145,-5
fold8_room1_mix035,55,4,-69,-2
fold8_room1_mix035,56,4,135,-9
fold8_room1_mix035,56,4,148,-1
fold8_room1_mix035,56,4,-70,-2
fold8_room1_mix035,57,4,129,-8
fold8_room1_mix035,57,4,150,-2
fold8_room1_mix035,57,4,-72,-2
fold8_room1_mix035,58,4,126,-7
fold8_room1_mix035,58,4,151,-2
fold8_room1_mix035,58,4,-75,-2
fold8_room1_mix035,59,4,123,-7
fold8_room1_mix035,59,4,153,-2
fold8_room1_mix035,59,4,-76,-2
fold8_room1_mix035,60,4,120,-7
fold8_room1_mix035,60,4,155,-2
fold8_room1_mix035,60,4,-77,-2
fold8_room1_mix035,61,4,116,-7
fold8_room1_mix035,61,4,157,-2
fold8_room1_mix035,61,4,-78,-2
fold8_room1_mix035,62,4,112,-7
fold8_room1_mix035,62,4,159,-2
fold8_room1_mix035,62,4,-80,-2
fold8_room1_mix035,63,4,108,-7
fold8_room1_mix035,63,4,163,-3
fold8_room1_mix035,63,4,-85,-1
fold8_room1_mix035,64,4,104,-6
fold8_room1_mix035,64,4,167,-3
fold8_room1_mix035,64,4,-91,-1
fold8_room1_mix035,65,4,99,-6
fold8_room1_mix035,65,4,171,-3
fold8_room1_mix035,65,4,-97,-1
fold8_room1_mix035,66,4,95,-7
fold8_room1_mix035,66,4,176,-3
fold8_room1_mix035,66,4,-102,0
fold8_room1_mix035,67,4,90,-7
fold8_room1_mix035,67,4,-178,-2
fold8_room1_mix035,67,4,-107,0
fold8_room1_mix035,68,4,85,-7
fold8_room1_mix035,68,4,-174,-2
fold8_room1_mix035,68,4,-112,0
fold8_room1_mix035,69,4,78,-7
fold8_room1_mix035,69,4,-171,-2
fold8_room1_mix035,69,4,-116,0
fold8_room1_mix035,70,4,70,-7
fold8_room1_mix035,70,4,-169,-2
fold8_room1_mix035,70,4,-121,0
fold8_room1_mix035,71,4,64,-6
fold8_room1_mix035,71,4,-167,-2
fold8_room1_mix035,71,4,-125,0
fold8_room1_mix035,72,4,60,-6
fold8_room1_mix035,72,4,-166,-1
fold8_room1_mix035,72,4,-127,0
fold8_room1_mix035,73,4,59,-6
fold8_room1_mix035,73,4,-164,-1
fold8_room1_mix035,73,4,-128,0
fold8_room1_mix035,74,4,57,-6
fold8_room1_mix035,74,4,-163,-1
fold8_room1_mix035,74,4,-128,0
fold8_room1_mix035,75,4,56,-6
fold8_room1_mix035,75,4,-163,-1
fold8_room1_mix035,75,4,-128,0
fold8_room1_mix035,76,4,55,-6
fold8_room1_mix035,76,4,-165,0
fold8_room1_mix035,76,4,-127,0
fold8_room1_mix035,77,4,55,-7
fold8_room1_mix035,77,4,-167,0
fold8_room1_mix035,77,4,-127,0
fold8_room1_mix035,78,4,54,-7
fold8_room1_mix035,78,4,-169,0
fold8_room1_mix035,78,4,-124,0
fold8_room1_mix035,79,4,54,-7
fold8_room1_mix035,79,4,-167,0
fold8_room1_mix035,79,4,-112,-1
fold8_room1_mix035,80,4,54,-7
fold8_room1_mix035,80,4,-164,0
fold8_room1_mix035,80,4,-99,-1
fold8_room1_mix035,81,4,54,-7
fold8_room1_mix035,81,4,-162,-1
fold8_room1_mix035,81,4,-86,-2
fold8_room1_mix035,82,4,53,-7
fold8_room1_mix035,82,4,-156,-2
fold8_room1_mix035,82,4,-85,-4
fold8_room1_mix035,83,4,52,-6
fold8_room1_mix035,83,4,-149,-4
fold8_room1_mix035,83,4,-86,-6
fold8_room1_mix035,84,4,51,-5
fold8_room1_mix035,84,4,-138,-6
fold8_room1_mix035,84,4,-87,-8
fold8_room1_mix035,85,4,49,-5
fold8_room1_mix035,85,4,-141,-6
fold8_room1_mix035,85,4,-95,-8
fold8_room1_mix035,86,4,46,-5
fold8_room1_mix035,86,4,-148,-5
fold8_room1_mix035,86,4,-107,-7
fold8_room1_mix035,87,4,44,-5
fold8_room1_mix035,87,4,-154,-5
fold8_room1_mix035,87,4,-117,-6
fold8_room1_mix035,88,4,42,-4
fold8_room1_mix035,88,4,-158,-5
fold8_room1_mix035,88,4,-124,-5
fold8_room1_mix035,89,4,40,-4
fold8_room1_mix035,89,4,-162,-4
fold8_room1_mix035,89,4,-131,-3
fold8_room1_mix035,90,4,38,-3
fold8_room1_mix035,90,4,-166,-3
fold8_room1_mix035,90,4,-137,-2
fold8_room1_mix035,91,4,36,-2
fold8_room1_mix035,91,4,-169,-3
fold8_room1_mix035,91,4,-143,-1
fold8_room1_mix035,92,4,35,-2
fold8_room1_mix035,92,4,-170,-3
fold8_room1_mix035,92,4,-147,-1
fold8_room1_mix035,93,4,33,-2
fold8_room1_mix035,93,4,-170,-3
fold8_room1_mix035,93,4,-151,-1
fold8_room1_mix035,94,4,31,-2
fold8_room1_mix035,94,4,-171,-3
fold8_room1_mix035,94,4,-155,0
fold8_room1_mix035,95,4,31,-2
fold8_room1_mix035,95,4,-163,-1
fold8_room1_mix035,96,4,30,-2
fold8_room1_mix035,96,4,-164,-1
fold8_room1_mix035,97,4,29,-2
fold8_room1_mix035,97,4,-164,-1
fold8_room1_mix035,98,4,29,-2
fold8_room1_mix035,98,4,-165,-1
fold8_room1_mix035,99,4,28,-2
fold8_room1_mix035,99,4,-166,-1
fold8_room1_mix035,51,4,150,-1
fold8_room1_mix035,51,4,-66,-2
fold8_room1_mix035,52,4,150,-1
fold8_room1_mix035,52,4,-67,-2
fold8_room1_mix035,53,4,149,-1
fold8_room1_mix035,53,4,-68,-2
fold8_room1_mix035,54,4,149,-1
fold8_room1_mix035,54,4,-69,-2
fold8_room1_mix036,26,4,-4,0
fold8_room1_mix036,27,4,-5,0
fold8_room1_mix036,28,4,-5,0
fold8_room1_mix036,29,4,-6,0
fold8_room1_mix036,30,4,-6,0
fold8_room1_mix036,31,4,-5,0
fold8_room1_mix036,32,4,-5,0
fold8_room1_mix036,33,4,-5,0
fold8_room1_mix036,34,4,-7,0
fold8_room1_mix036,35,4,-9,0
fold8_room1_mix036,36,4,-10,0
fold8_room1_mix036,37,4,-10,0
fold8_room1_mix036,38,4,-11,0
fold8_room1_mix036,39,4,-12,-1
fold8_room1_mix036,40,4,-11,-1
fold8_room1_mix036,40,4,-13,-1
fold8_room1_mix036,41,4,-11,-1
fold8_room1_mix036,41,4,-13,-1
fold8_room1_mix036,42,4,-11,-1
fold8_room1_mix036,42,4,-13,-1
fold8_room1_mix036,43,4,-11,-1
fold8_room1_mix036,43,4,-14,-1
fold8_room1_mix036,44,4,-12,-1
fold8_room1_mix036,44,4,-15,-1
fold8_room1_mix036,45,4,-13,-1
fold8_room1_mix036,45,4,-16,-1
fold8_room1_mix036,46,4,-14,-1
fold8_room1_mix036,46,4,-16,-1
fold8_room1_mix036,47,4,-14,0
fold8_room1_mix036,47,4,-17,-1
fold8_room1_mix036,48,4,-15,0
fold8_room1_mix036,48,4,-17,-1
fold8_room1_mix036,49,4,-15,0
fold8_room1_mix036,49,4,-18,-1
fold8_room1_mix036,50,4,-16,0
fold8_room1_mix036,50,4,-19,-1
fold8_room1_mix036,51,4,-17,0
fold8_room1_mix036,51,4,-19,-1
fold8_room1_mix036,52,4,-18,0
fold8_room1_mix036,52,4,-20,-1
fold8_room1_mix036,53,4,-19,0
fold8_room1_mix036,53,4,-21,-1
fold8_room1_mix036,54,4,-19,0
fold8_room1_mix036,54,4,-22,-1
fold8_room1_mix036,55,4,-20,0
fold8_room1_mix036,55,4,-23,-1
fold8_room1_mix036,56,4,-21,0
fold8_room1_mix036,56,4,-25,-1
fold8_room1_mix036,57,4,-22,0
fold8_room1_mix036,57,4,-26,-1
fold8_room1_mix036,58,4,-22,-1
fold8_room1_mix036,58,4,-28,-1
fold8_room1_mix036,59,4,-23,-1
fold8_room1_mix036,59,4,-30,-1
fold8_room1_mix036,60,4,-25,-1
fold8_room1_mix036,60,4,-32,-1
fold8_room1_mix036,61,4,-26,-1
fold8_room1_mix036,61,4,-160,-1
fold8_room1_mix036,61,4,-42,-2
fold8_room1_mix036,62,4,-27,-1
fold8_room1_mix036,62,4,-160,-1
fold8_room1_mix036,62,4,-45,-2
fold8_room1_mix036,63,4,-30,-1
fold8_room1_mix036,63,4,-159,-1
fold8_room1_mix036,63,4,-48,-2
fold8_room1_mix036,64,4,-32,-1
fold8_room1_mix036,64,4,-158,0
fold8_room1_mix036,64,4,-50,-2
fold8_room1_mix036,65,4,-35,-1
fold8_room1_mix036,65,4,-158,0
fold8_room1_mix036,65,4,-53,-2
fold8_room1_mix036,66,4,-39,-2
fold8_room1_mix036,66,4,-158,0
fold8_room1_mix036,66,4,-55,-2
fold8_room1_mix036,67,4,-43,-2
fold8_room1_mix036,67,4,-51,-2
fold8_room1_mix036,68,4,-47,-2
fold8_room1_mix036,68,4,-54,-2
fold8_room1_mix036,69,4,-52,-3
fold8_room1_mix036,69,4,-58,-2
fold8_room1_mix036,70,4,-58,-3
fold8_room1_mix036,70,4,-64,-2
fold8_room1_mix036,71,4,-65,-3
fold8_room1_mix036,71,4,-71,-3
fold8_room1_mix036,72,4,-70,-4
fold8_room1_mix036,72,4,-76,-3
fold8_room1_mix036,73,4,-75,-4
fold8_room1_mix036,73,4,-79,-3
fold8_room1_mix036,74,4,-79,-4
fold8_room1_mix036,74,4,-83,-3
fold8_room1_mix036,75,4,-85,-4
fold8_room1_mix036,75,4,-88,-3
fold8_room1_mix036,76,4,-91,-4
fold8_room1_mix036,76,4,-94,-3
fold8_room1_mix036,77,4,-98,-4
fold8_room1_mix036,77,4,-100,-3
fold8_room1_mix036,78,4,-104,-4
fold8_room1_mix036,78,4,-107,-3
fold8_room1_mix036,79,4,-110,-3
fold8_room1_mix036,79,4,-112,-3
fold8_room1_mix036,80,4,-115,-3
fold8_room1_mix036,80,4,-117,-3
fold8_room1_mix036,81,4,-119,-3
fold8_room1_mix036,81,4,-121,-3
fold8_room1_mix036,82,4,-119,-4
fold8_room1_mix036,82,4,-121,-3
fold8_room1_mix036,83,4,-119,-4
fold8_room1_mix036,83,4,-121,-3
fold8_room1_mix036,84,4,-118,-4
fold8_room1_mix036,84,4,-120,-4
fold8_room1_mix036,85,4,-112,-5
fold8_room1_mix036,85,4,-115,-5
fold8_room1_mix036,86,4,-99,-6
fold8_room1_mix036,86,4,-105,-5
fold8_room1_mix036,87,4,-85,-7
fold8_room1_mix036,87,4,-158,0
fold8_room1_mix036,87,4,-103,-5
fold8_room1_mix036,88,4,-72,-7
fold8_room1_mix036,88,4,-158,0
fold8_room1_mix036,88,4,-97,-5
fold8_room1_mix036,89,4,-61,-6
fold8_room1_mix036,89,4,-159,0
fold8_room1_mix036,89,4,-96,-5
fold8_room1_mix036,90,4,-53,-6
fold8_room1_mix036,90,4,-160,0
fold8_room1_mix036,90,4,-94,-5
fold8_room1_mix036,91,4,-48,-5
fold8_room1_mix036,91,4,-161,0
fold8_room1_mix036,91,4,-92,-5
fold8_room1_mix036,92,4,-44,-5
fold8_room1_mix036,92,4,-161,0
fold8_room1_mix036,92,4,-86,-5
fold8_room1_mix036,93,4,-41,-4
fold8_room1_mix036,93,4,-160,0
fold8_room1_mix036,93,4,-79,-5
fold8_room1_mix036,94,4,-38,-4
fold8_room1_mix036,94,4,-160,0
fold8_room1_mix036,94,4,-69,-5
fold8_room1_mix036,95,4,-34,-3
fold8_room1_mix036,95,4,-161,-1
fold8_room1_mix036,95,4,-53,-5
fold8_room1_mix036,96,4,-30,-3
fold8_room1_mix036,96,4,-34,-4
fold8_room1_mix036,97,4,-26,-3
fold8_room1_mix036,97,4,-29,-4
fold8_room1_mix036,98,4,-24,-3
fold8_room1_mix036,98,4,-25,-3
fold8_room1_mix036,99,4,-22,-2
fold8_room1_mix036,99,4,-23,-2
fold8_room1_mix036,25,4,-4,0
fold8_room1_mix037,2,4,-1,0
fold8_room1_mix037,3,4,-2,0
fold8_room1_mix037,4,4,-2,0
fold8_room1_mix037,5,4,-3,0
fold8_room1_mix037,6,4,-3,0
fold8_room1_mix037,7,4,-3,0
fold8_room1_mix037,8,4,-4,0
fold8_room1_mix037,9,4,-4,0
fold8_room1_mix037,10,4,-4,0
fold8_room1_mix037,11,4,-4,0
fold8_room1_mix037,12,4,-4,0
fold8_room1_mix037,13,4,-5,0
fold8_room1_mix037,14,4,-5,0
fold8_room1_mix037,15,4,-5,0
fold8_room1_mix037,16,4,-5,0
fold8_room1_mix037,17,4,-5,0
fold8_room1_mix037,18,4,-5,0
fold8_room1_mix037,19,4,-5,0
fold8_room1_mix037,20,4,-5,0
fold8_room1_mix037,21,4,-5,0
fold8_room1_mix037,22,4,-6,0
fold8_room1_mix037,23,4,-6,0
fold8_room1_mix037,24,4,-6,0
fold8_room1_mix037,25,4,-7,0
fold8_room1_mix037,26,4,-7,0
fold8_room1_mix037,27,4,-7,-1
fold8_room1_mix037,28,4,-7,-1
fold8_room1_mix037,29,4,-8,-1
fold8_room1_mix037,30,4,-8,-1
fold8_room1_mix037,31,4,-8,-1
fold8_room1_mix037,32,4,-9,-1
fold8_room1_mix037,33,4,-9,-1
fold8_room1_mix037,34,4,-10,-1
fold8_room1_mix037,35,4,-11,-1
fold8_room1_mix037,36,4,-11,-1
fold8_room1_mix037,37,4,-2,-1
fold8_room1_mix037,37,4,-5,-1
fold8_room1_mix037,38,4,-1,-1
fold8_room1_mix037,38,4,-5,-1
fold8_room1_mix037,39,4,0,-1
fold8_room1_mix037,39,4,-5,-1
fold8_room1_mix037,40,4,0,-1
fold8_room1_mix037,40,4,-4,-2
fold8_room1_mix037,41,4,0,-1
fold8_room1_mix037,41,4,-4,-1
fold8_room1_mix037,42,4,0,-1
fold8_room1_mix037,42,4,-4,-1
fold8_room1_mix037,43,4,0,-1
fold8_room1_mix037,43,4,-4,-2
fold8_room1_mix037,44,4,0,-1
fold8_room1_mix037,44,4,-4,-2
fold8_room1_mix037,45,4,0,-2
fold8_room1_mix037,45,4,-4,-2
fold8_room1_mix037,46,4,1,-2
fold8_room1_mix037,46,4,-4,-2
fold8_room1_mix037,47,4,3,-2
fold8_room1_mix037,47,4,-118,-3
fold8_room1_mix037,47,4,-13,-4
fold8_room1_mix037,48,4,4,-2
fold8_room1_mix037,48,4,-117,-4
fold8_room1_mix037,48,4,-17,-4
fold8_room1_mix037,49,4,6,-3
fold8_room1_mix037,49,4,-116,-4
fold8_room1_mix037,49,4,-22,-5
fold8_room1_mix037,50,4,7,-3
fold8_room1_mix037,50,4,-118,-5
fold8_room1_mix037,50,4,-32,-5
fold8_room1_mix037,51,4,8,-3
fold8_room1_mix037,51,4,-120,-6
fold8_room1_mix037,51,4,-43,-6
fold8_room1_mix037,52,4,10,-3
fold8_room1_mix037,52,4,-122,-7
fold8_room1_mix037,52,4,-56,-7
fold8_room1_mix037,53,4,12,-3
fold8_room1_mix037,53,4,-125,-7
fold8_room1_mix037,53,4,-67,-7
fold8_room1_mix037,54,3,147,-1
fold8_room1_mix037,54,4,16,-3
fold8_room1_mix037,54,4,-127,-6
fold8_room1_mix037,54,4,-75,-7
fold8_room1_mix037,55,3,146,-1
fold8_room1_mix037,55,4,19,-3
fold8_room1_mix037,55,4,-129,-6
fold8_room1_mix037,55,4,-84,-8
fold8_room1_mix037,56,3,146,-1
fold8_room1_mix037,56,4,21,-5
fold8_room1_mix037,56,4,-133,-6
fold8_room1_mix037,56,4,-89,-8
fold8_room1_mix037,57,3,147,-2
fold8_room1_mix037,57,4,24,-6
fold8_room1_mix037,57,4,-140,-9
fold8_room1_mix037,57,4,-92,-8
fold8_room1_mix037,58,3,147,-2
fold8_room1_mix037,58,4,28,-8
fold8_room1_mix037,58,4,-156,-13
fold8_room1_mix037,58,4,-95,-9
fold8_room1_mix037,59,3,148,-2
fold8_room1_mix037,59,4,29,-10
fold8_room1_mix037,59,4,178,-15
fold8_room1_mix037,59,4,-102,-9
fold8_room1_mix037,60,3,148,-2
fold8_room1_mix037,60,4,18,-10
fold8_room1_mix037,60,4,166,-12
fold8_room1_mix037,60,4,-114,-8
fold8_room1_mix037,61,3,148,-2
fold8_room1_mix037,61,4,4,-9
fold8_room1_mix037,61,4,159,-10
fold8_room1_mix037,61,4,-127,-8
fold8_room1_mix037,62,3,149,-2
fold8_room1_mix037,62,4,-8,-8
fold8_room1_mix037,62,4,156,-9
fold8_room1_mix037,62,4,-139,-6
fold8_room1_mix037,63,3,149,-2
fold8_room1_mix037,63,4,-9,-7
fold8_room1_mix037,63,4,161,-8
fold8_room1_mix037,63,4,-147,-6
fold8_room1_mix037,64,3,149,-2
fold8_room1_mix037,64,4,-9,-6
fold8_room1_mix037,64,4,166,-7
fold8_room1_mix037,64,4,-153,-5
fold8_room1_mix037,65,3,149,-2
fold8_room1_mix037,65,4,-9,-5
fold8_room1_mix037,65,4,172,-6
fold8_room1_mix037,65,4,-157,-4
fold8_room1_mix037,66,3,150,-2
fold8_room1_mix037,66,4,-8,-4
fold8_room1_mix037,66,4,175,-5
fold8_room1_mix037,66,4,-162,-4
fold8_room1_mix037,67,3,152,-2
fold8_room1_mix037,67,4,-6,-4
fold8_room1_mix037,67,4,177,-4
fold8_room1_mix037,67,4,-167,-3
fold8_room1_mix037,68,3,154,-2
fold8_room1_mix037,68,4,-4,-3
fold8_room1_mix037,68,4,-175,-3
fold8_room1_mix037,69,3,154,-2
fold8_room1_mix037,69,4,-5,-3
fold8_room1_mix037,69,4,-176,-3
fold8_room1_mix037,70,3,155,-2
fold8_room1_mix037,70,4,-8,-3
fold8_room1_mix037,70,4,-177,-3
fold8_room1_mix037,71,3,155,-2
fold8_room1_mix037,71,4,-11,-3
fold8_room1_mix037,71,4,-178,-3
fold8_room1_mix037,72,3,155,-2
fold8_room1_mix037,72,4,-14,-3
fold8_room1_mix037,72,4,-178,-2
fold8_room1_mix037,73,3,155,-1
fold8_room1_mix037,73,4,-18,-3
fold8_room1_mix037,73,4,-178,-2
fold8_room1_mix037,74,3,155,-1
fold8_room1_mix037,74,4,-178,-2
fold8_room1_mix037,75,3,155,-1
fold8_room1_mix037,75,4,-179,-1
fold8_room1_mix037,76,3,154,-1
fold8_room1_mix037,76,4,-179,-1
fold8_room1_mix037,77,3,153,-1
fold8_room1_mix037,77,4,-23,-3
fold8_room1_mix037,77,4,179,-1
fold8_room1_mix037,78,3,153,-1
fold8_room1_mix037,78,4,-22,-3
fold8_room1_mix037,78,4,178,-1
fold8_room1_mix037,79,3,157,-1
fold8_room1_mix037,79,4,-20,-3
fold8_room1_mix037,79,4,178,-1
fold8_room1_mix037,80,3,161,-1
fold8_room1_mix037,80,4,-19,-3
fold8_room1_mix037,80,4,178,-1
fold8_room1_mix037,81,4,-18,-3
fold8_room1_mix037,81,4,178,-1
fold8_room1_mix037,82,4,-17,-3
fold8_room1_mix037,82,4,178,-1
fold8_room1_mix037,83,4,-16,-3
fold8_room1_mix037,83,4,178,-1
fold8_room1_mix037,84,4,-16,-3
fold8_room1_mix037,84,4,179,-2
fold8_room1_mix037,85,4,-17,-3
fold8_room1_mix037,85,4,179,-1
fold8_room1_mix037,89,4,-177,-1
fold8_room1_mix037,90,4,-178,-1
fold8_room1_mix037,91,4,-178,-1
fold8_room1_mix037,92,4,-178,-1
fold8_room1_mix037,93,4,-178,-1
fold8_room1_mix037,94,4,-177,-1
fold8_room1_mix037,95,4,-177,-1
fold8_room1_mix037,96,4,-177,0
fold8_room1_mix037,97,4,-177,0
fold8_room1_mix037,98,4,-177,0
fold8_room1_mix037,99,4,-177,-1
fold8_room1_mix037,86,4,179,-1
fold8_room1_mix037,87,4,-179,-1
fold8_room1_mix037,88,4,-179,-1
fold8_room1_mix038,0,5,-53,3
fold8_room1_mix038,1,5,-53,3
fold8_room1_mix038,2,5,-53,3
fold8_room1_mix038,3,5,-53,3
fold8_room1_mix038,4,5,-52,3
fold8_room1_mix038,5,5,-52,3
fold8_room1_mix038,6,5,-53,3
fold8_room1_mix038,7,5,-53,3
fold8_room1_mix038,8,5,-53,3
fold8_room1_mix038,9,5,-54,3
fold8_room1_mix038,10,5,-54,3
fold8_room1_mix038,11,5,-54,3
fold8_room1_mix038,12,5,-54,3
fold8_room1_mix038,13,5,-54,3
fold8_room1_mix038,14,5,-54,3
fold8_room1_mix038,15,5,-55,3
fold8_room1_mix038,16,5,-56,4
fold8_room1_mix038,17,5,-57,4
fold8_room1_mix038,18,4,176,0
fold8_room1_mix038,18,5,-57,4
fold8_room1_mix038,19,4,175,-1
fold8_room1_mix038,19,5,-57,4
fold8_room1_mix038,20,4,174,-1
fold8_room1_mix038,20,5,-57,4
fold8_room1_mix038,21,4,174,-1
fold8_room1_mix038,21,5,-58,4
fold8_room1_mix038,22,4,174,-1
fold8_room1_mix038,22,5,-58,4
fold8_room1_mix038,23,4,173,-1
fold8_room1_mix038,23,5,-58,4
fold8_room1_mix038,24,4,173,-1
fold8_room1_mix038,24,5,-58,4
fold8_room1_mix038,25,4,174,-1
fold8_room1_mix038,25,5,-59,4
fold8_room1_mix038,26,4,173,-1
fold8_room1_mix038,26,5,-59,4
fold8_room1_mix038,27,4,173,-2
fold8_room1_mix038,27,5,-59,4
fold8_room1_mix038,28,4,174,-2
fold8_room1_mix038,28,5,-59,4
fold8_room1_mix038,29,4,174,-2
fold8_room1_mix038,29,5,-59,4
fold8_room1_mix038,30,4,174,-2
fold8_room1_mix038,30,5,-59,4
fold8_room1_mix038,31,4,175,-2
fold8_room1_mix038,31,5,-58,4
fold8_room1_mix038,32,4,175,-1
fold8_room1_mix038,32,5,-58,4
fold8_room1_mix038,33,4,175,-1
fold8_room1_mix038,33,5,-58,4
fold8_room1_mix038,34,4,175,-1
fold8_room1_mix038,34,5,-58,4
fold8_room1_mix038,35,4,175,-1
fold8_room1_mix038,35,5,-58,3
fold8_room1_mix038,36,4,175,-2
fold8_room1_mix038,36,5,-59,3
fold8_room1_mix038,37,4,174,-2
fold8_room1_mix038,37,5,-59,3
fold8_room1_mix038,38,4,173,-2
fold8_room1_mix038,38,5,-60,3
fold8_room1_mix038,39,4,172,-2
fold8_room1_mix038,39,5,-61,4
fold8_room1_mix038,40,4,172,-2
fold8_room1_mix038,40,5,-62,4
fold8_room1_mix038,41,4,171,-2
fold8_room1_mix038,41,5,-62,4
fold8_room1_mix038,42,4,12,-4
fold8_room1_mix038,42,4,170,-3
fold8_room1_mix038,42,5,-62,4
fold8_room1_mix038,43,4,9,-3
fold8_room1_mix038,43,4,169,-3
fold8_room1_mix038,43,5,-63,4
fold8_room1_mix038,44,4,9,-3
fold8_room1_mix038,44,4,167,-3
fold8_room1_mix038,44,5,-63,4
fold8_room1_mix038,45,4,10,-3
fold8_room1_mix038,45,4,166,-3
fold8_room1_mix038,45,5,-63,4
fold8_room1_mix038,46,4,9,-4
fold8_room1_mix038,46,4,165,-4
fold8_room1_mix038,46,5,-63,4
fold8_room1_mix038,47,4,8,-4
fold8_room1_mix038,47,4,164,-4
fold8_room1_mix038,47,5,-64,4
fold8_room1_mix038,48,4,6,-4
fold8_room1_mix038,48,4,163,-4
fold8_room1_mix038,48,5,-65,4
fold8_room1_mix038,49,4,4,-4
fold8_room1_mix038,49,4,162,-5
fold8_room1_mix038,49,5,-65,4
fold8_room1_mix038,50,4,3,-4
fold8_room1_mix038,50,4,158,-5
fold8_room1_mix038,50,5,-66,4
fold8_room1_mix038,51,4,2,-3
fold8_room1_mix038,51,4,151,-6
fold8_room1_mix038,51,5,-66,4
fold8_room1_mix038,52,4,1,-3
fold8_room1_mix038,52,4,3,-3
fold8_room1_mix038,52,5,-66,4
fold8_room1_mix038,53,4,0,-4
fold8_room1_mix038,53,4,1,-3
fold8_room1_mix038,53,5,-67,4
fold8_room1_mix038,54,4,0,-4
fold8_room1_mix038,54,4,0,-4
fold8_room1_mix038,54,5,-66,4
fold8_room1_mix038,55,4,-2,-5
fold8_room1_mix038,55,4,-2,-4
fold8_room1_mix038,55,5,-66,4
fold8_room1_mix038,56,4,-3,-5
fold8_room1_mix038,56,4,-4,-5
fold8_room1_mix038,56,5,-66,4
fold8_room1_mix038,57,4,-5,-6
fold8_room1_mix038,57,4,-6,-5
fold8_room1_mix038,57,5,-66,4
fold8_room1_mix038,58,4,-7,-6
fold8_room1_mix038,58,4,-8,-6
fold8_room1_mix038,58,5,-66,4
fold8_room1_mix038,59,4,-8,-6
fold8_room1_mix038,59,4,-10,-6
fold8_room1_mix038,59,5,-66,4
fold8_room1_mix038,60,4,-8,-7
fold8_room1_mix038,60,4,-11,-7
fold8_room1_mix038,60,5,-66,4
fold8_room1_mix038,61,4,-8,-8
fold8_room1_mix038,61,4,-12,-8
fold8_room1_mix038,61,5,-67,4
fold8_room1_mix038,62,4,-7,-9
fold8_room1_mix038,62,4,-13,-9
fold8_room1_mix038,62,5,-67,4
fold8_room1_mix038,63,4,0,-10
fold8_room1_mix038,63,4,63,-10
fold8_room1_mix038,63,4,-24,-9
fold8_room1_mix038,63,5,-67,4
fold8_room1_mix038,64,4,7,-10
fold8_room1_mix038,64,4,61,-9
fold8_room1_mix038,64,4,-28,-9
fold8_room1_mix038,64,5,-68,4
fold8_room1_mix038,65,4,15,-11
fold8_room1_mix038,65,4,58,-8
fold8_room1_mix038,65,4,-32,-9
fold8_room1_mix038,65,5,-68,4
fold8_room1_mix038,66,4,21,-10
fold8_room1_mix038,66,4,52,-9
fold8_room1_mix038,66,4,-36,-9
fold8_room1_mix038,66,5,-68,4
fold8_room1_mix038,67,4,35,-10
fold8_room1_mix038,67,4,-39,-10
fold8_room1_mix038,67,5,-69,4
fold8_room1_mix038,68,4,27,-10
fold8_room1_mix038,68,4,-42,-10
fold8_room1_mix038,68,5,-70,4
fold8_room1_mix038,69,4,36,-10
fold8_room1_mix038,69,4,0,-16
fold8_room1_mix038,69,4,-46,-13
fold8_room1_mix038,69,5,-70,4
fold8_room1_mix038,70,4,40,-12
fold8_room1_mix038,70,4,-24,-22
fold8_room1_mix038,70,4,-53,-18
fold8_room1_mix038,70,5,-70,4
fold8_room1_mix038,71,4,46,-14
fold8_room1_mix038,71,4,-59,-24
fold8_room1_mix038,71,5,-71,4
fold8_room1_mix038,72,4,44,-14
fold8_room1_mix038,72,4,-80,-29
fold8_room1_mix038,72,5,-71,3
fold8_room1_mix038,73,4,31,-13
fold8_room1_mix038,73,4,-155,-36
fold8_room1_mix038,73,4,-93,-27
fold8_room1_mix038,73,5,-71,3
fold8_room1_mix038,74,4,15,-11
fold8_room1_mix038,74,4,167,-23
fold8_room1_mix038,74,4,-111,-27
fold8_room1_mix038,74,5,-71,3
fold8_room1_mix038,75,4,3,-9
fold8_room1_mix038,75,4,157,-18
fold8_room1_mix038,75,4,-134,-24
fold8_room1_mix038,75,5,-71,3
fold8_room1_mix038,76,4,6,-7
fold8_room1_mix038,76,4,161,-16
fold8_room1_mix038,76,4,-151,-17
fold8_room1_mix038,76,5,-71,3
fold8_room1_mix038,77,4,10,-5
fold8_room1_mix038,77,4,164,-13
fold8_room1_mix038,77,4,-162,-13
fold8_room1_mix038,77,5,-71,3
fold8_room1_mix038,78,4,13,-4
fold8_room1_mix038,78,4,168,-11
fold8_room1_mix038,78,4,-169,-9
fold8_room1_mix038,78,5,-71,3
fold8_room1_mix038,79,4,15,-4
fold8_room1_mix038,79,4,172,-10
fold8_room1_mix038,79,4,-171,-8
fold8_room1_mix038,79,5,-71,3
fold8_room1_mix038,80,4,18,-4
fold8_room1_mix038,80,4,-178,-8
fold8_room1_mix038,80,5,-71,2
fold8_room1_mix038,81,4,20,-4
fold8_room1_mix038,81,4,-177,-6
fold8_room1_mix038,81,5,-72,2
fold8_room1_mix038,82,4,20,-4
fold8_room1_mix038,82,4,-176,-6
fold8_room1_mix038,82,5,-72,2
fold8_room1_mix038,83,4,20,-4
fold8_room1_mix038,83,4,-176,-5
fold8_room1_mix038,83,5,-72,2
fold8_room1_mix038,84,4,20,-4
fold8_room1_mix038,84,4,-175,-4
fold8_room1_mix038,84,5,-72,2
fold8_room1_mix038,85,4,20,-3
fold8_room1_mix038,85,4,-175,-4
fold8_room1_mix038,85,5,-71,2
fold8_room1_mix038,86,4,20,-3
fold8_room1_mix038,86,4,-176,-4
fold8_room1_mix038,86,5,-71,2
fold8_room1_mix038,87,4,20,-4
fold8_room1_mix038,87,4,-177,-4
fold8_room1_mix038,87,5,-71,2
fold8_room1_mix038,88,4,20,-4
fold8_room1_mix038,88,4,-177,-4
fold8_room1_mix038,88,5,-71,2
fold8_room1_mix038,89,4,20,-4
fold8_room1_mix038,89,4,-178,-3
fold8_room1_mix038,89,5,-71,2
fold8_room1_mix038,90,4,20,-4
fold8_room1_mix038,90,4,-178,-3
fold8_room1_mix038,90,5,-71,2
fold8_room1_mix038,91,4,20,-4
fold8_room1_mix038,91,4,-178,-3
fold8_room1_mix038,91,5,-71,2
fold8_room1_mix038,92,4,20,-4
fold8_room1_mix038,92,4,-179,-3
fold8_room1_mix038,92,5,-71,2
fold8_room1_mix038,93,4,20,-4
fold8_room1_mix038,93,4,-179,-3
fold8_room1_mix038,93,5,-70,2
fold8_room1_mix038,94,4,20,-4
fold8_room1_mix038,94,4,179,-3
fold8_room1_mix038,94,5,-70,2
fold8_room1_mix038,95,4,18,-4
fold8_room1_mix038,95,4,179,-3
fold8_room1_mix038,95,5,-70,2
fold8_room1_mix038,96,4,16,-4
fold8_room1_mix038,96,4,179,-3
fold8_room1_mix038,96,5,-70,2
fold8_room1_mix038,97,4,15,-5
fold8_room1_mix038,97,4,178,-3
fold8_room1_mix038,97,5,-70,2
fold8_room1_mix038,98,4,178,-2
fold8_room1_mix038,98,5,-71,2
fold8_room1_mix038,99,4,178,-2
fold8_room1_mix038,99,5,-73,2
fold8_room1_mix039,2,4,9,0
fold8_room1_mix039,2,4,-177,0
fold8_room1_mix039,3,4,12,0
fold8_room1_mix039,3,4,-176,-1
fold8_room1_mix039,4,4,15,-1
fold8_room1_mix039,4,4,-175,-1
fold8_room1_mix039,5,4,16,-1
fold8_room1_mix039,5,4,-175,-1
fold8_room1_mix039,6,4,16,-1
fold8_room1_mix039,6,4,-174,0
fold8_room1_mix039,6,4,155,0
fold8_room1_mix039,7,4,16,-1
fold8_room1_mix039,7,4,-173,0
fold8_room1_mix039,7,4,161,0
fold8_room1_mix039,8,4,16,-1
fold8_room1_mix039,8,4,-173,0
fold8_room1_mix039,8,4,162,0
fold8_room1_mix039,9,4,16,-1
fold8_room1_mix039,9,4,-172,0
fold8_room1_mix039,9,4,160,0
fold8_room1_mix039,10,4,16,-1
fold8_room1_mix039,10,4,-171,0
fold8_room1_mix039,10,4,157,0
fold8_room1_mix039,11,4,17,-1
fold8_room1_mix039,11,4,-170,-1
fold8_room1_mix039,12,4,18,-1
fold8_room1_mix039,12,4,-168,0
fold8_room1_mix039,13,4,19,-1
fold8_room1_mix039,13,4,21,-1
fold8_room1_mix039,14,4,20,-2
fold8_room1_mix039,14,4,19,-1
fold8_room1_mix039,15,4,20,-1
fold8_room1_mix039,15,4,19,-1
fold8_room1_mix039,16,4,20,-1
fold8_room1_mix039,16,4,19,-1
fold8_room1_mix039,17,4,20,-1
fold8_room1_mix039,17,4,19,-1
fold8_room1_mix039,18,4,19,-1
fold8_room1_mix039,18,4,19,-1
fold8_room1_mix039,19,4,19,-1
fold8_room1_mix039,19,4,19,-1
fold8_room1_mix039,20,4,18,-1
fold8_room1_mix039,20,4,18,0
fold8_room1_mix039,21,4,18,-1
fold8_room1_mix039,21,4,18,0
fold8_room1_mix039,22,4,17,-1
fold8_room1_mix039,22,4,18,0
fold8_room1_mix039,23,4,17,-1
fold8_room1_mix039,23,4,17,0
fold8_room1_mix039,24,4,16,-1
fold8_room1_mix039,24,4,17,0
fold8_room1_mix039,25,4,16,-1
fold8_room1_mix039,25,4,16,0
fold8_room1_mix039,26,4,15,0
fold8_room1_mix039,26,4,15,0
fold8_room1_mix039,27,4,15,0
fold8_room1_mix039,27,4,14,0
fold8_room1_mix039,28,4,15,-1
fold8_room1_mix039,28,4,14,-1
fold8_room1_mix039,29,4,16,-1
fold8_room1_mix039,29,4,14,-1
fold8_room1_mix039,30,4,16,-1
fold8_room1_mix039,30,4,14,-1
fold8_room1_mix039,31,4,16,-1
fold8_room1_mix039,31,4,14,-1
fold8_room1_mix039,32,4,15,-1
fold8_room1_mix039,32,4,14,-1
fold8_room1_mix039,33,4,15,-1
fold8_room1_mix039,33,4,14,0
fold8_room1_mix039,34,4,16,-1
fold8_room1_mix039,34,4,15,-1
fold8_room1_mix039,35,4,18,-1
fold8_room1_mix039,35,4,16,-1
fold8_room1_mix039,36,4,19,-1
fold8_room1_mix039,36,4,17,-1
fold8_room1_mix039,37,4,21,-1
fold8_room1_mix039,37,4,19,-1
fold8_room1_mix039,38,4,24,-2
fold8_room1_mix039,38,4,21,-1
fold8_room1_mix039,39,4,27,-2
fold8_room1_mix039,39,4,24,-2
fold8_room1_mix039,40,4,29,-2
fold8_room1_mix039,40,4,26,-2
fold8_room1_mix039,41,4,30,-3
fold8_room1_mix039,41,4,28,-2
fold8_room1_mix039,42,4,31,-3
fold8_room1_mix039,42,4,30,-3
fold8_room1_mix039,43,4,32,-3
fold8_room1_mix039,43,4,-171,0
fold8_room1_mix039,44,4,33,-4
fold8_room1_mix039,44,4,-170,0
fold8_room1_mix039,45,4,35,-4
fold8_room1_mix039,45,4,-170,0
fold8_room1_mix039,45,4,158,-5
fold8_room1_mix039,46,4,37,-4
fold8_room1_mix039,46,4,-169,0
fold8_room1_mix039,46,4,166,-4
fold8_room1_mix039,47,4,40,-5
fold8_room1_mix039,47,4,-170,0
fold8_room1_mix039,47,4,166,-4
fold8_room1_mix039,48,4,44,-6
fold8_room1_mix039,48,4,-171,1
fold8_room1_mix039,48,4,165,-4
fold8_room1_mix039,49,4,48,-7
fold8_room1_mix039,49,4,-173,1
fold8_room1_mix039,49,4,164,-4
fold8_room1_mix039,50,4,53,-8
fold8_room1_mix039,50,4,-174,1
fold8_room1_mix039,50,4,168,-5
fold8_room1_mix039,51,4,58,-8
fold8_room1_mix039,51,4,178,-1
fold8_room1_mix039,52,4,65,-9
fold8_room1_mix039,52,4,179,-1
fold8_room1_mix039,53,4,72,-8
fold8_room1_mix039,53,4,179,-2
fold8_room1_mix039,54,4,78,-7
fold8_room1_mix039,54,4,178,-2
fold8_room1_mix039,55,4,86,-6
fold8_room1_mix039,55,4,177,-3
fold8_room1_mix039,56,4,93,-5
fold8_room1_mix039,56,4,169,-2
fold8_room1_mix039,56,4,-173,-3
fold8_room1_mix039,57,4,100,-4
fold8_room1_mix039,57,4,170,-2
fold8_room1_mix039,57,4,-172,-3
fold8_room1_mix039,58,4,106,-3
fold8_room1_mix039,58,4,172,-2
fold8_room1_mix039,58,4,-170,-3
fold8_room1_mix039,59,4,109,-2
fold8_room1_mix039,59,4,173,-2
fold8_room1_mix039,59,4,-169,-2
fold8_room1_mix039,60,4,106,-2
fold8_room1_mix039,60,4,172,-2
fold8_room1_mix039,60,4,-168,-2
fold8_room1_mix039,61,4,103,-2
fold8_room1_mix039,61,4,172,-2
fold8_room1_mix039,61,4,-168,-2
fold8_room1_mix039,62,4,100,-2
fold8_room1_mix039,62,4,173,-1
fold8_room1_mix039,62,4,-167,-2
fold8_room1_mix039,63,4,93,-2
fold8_room1_mix039,63,4,175,-1
fold8_room1_mix039,63,4,-166,-1
fold8_room1_mix039,64,4,87,-2
fold8_room1_mix039,64,4,177,-1
fold8_room1_mix039,64,4,-165,-1
fold8_room1_mix039,65,4,81,-2
fold8_room1_mix039,65,4,179,-1
fold8_room1_mix039,65,4,-164,-1
fold8_room1_mix039,66,4,81,-2
fold8_room1_mix039,66,4,179,-1
fold8_room1_mix039,66,4,-163,-1
fold8_room1_mix039,67,4,81,-1
fold8_room1_mix039,67,4,179,-1
fold8_room1_mix039,67,4,-163,-1
fold8_room1_mix039,68,4,81,-1
fold8_room1_mix039,68,4,179,-1
fold8_room1_mix039,68,4,-163,-1
fold8_room1_mix039,69,4,81,-1
fold8_room1_mix039,69,4,179,-1
fold8_room1_mix039,69,4,-162,-1
fold8_room1_mix039,70,4,80,-1
fold8_room1_mix039,70,4,179,-1
fold8_room1_mix039,70,4,-161,-1
fold8_room1_mix039,71,4,80,-1
fold8_room1_mix039,71,4,179,-2
fold8_room1_mix039,71,4,-161,-1
fold8_room1_mix039,72,4,80,-1
fold8_room1_mix039,72,4,179,-2
fold8_room1_mix039,72,4,-160,-2
fold8_room1_mix039,73,4,82,-2
fold8_room1_mix039,73,4,179,-2
fold8_room1_mix039,73,4,-159,-2
fold8_room1_mix039,74,4,83,-2
fold8_room1_mix039,74,4,178,-2
fold8_room1_mix039,74,4,-158,-2
fold8_room1_mix039,75,4,86,-2
fold8_room1_mix039,75,4,178,-2
fold8_room1_mix039,75,4,-156,-3
fold8_room1_mix039,76,4,91,-2
fold8_room1_mix039,76,4,176,-2
fold8_room1_mix039,76,4,-155,-3
fold8_room1_mix039,77,4,97,-3
fold8_room1_mix039,77,4,175,-2
fold8_room1_mix039,77,4,-153,-4
fold8_room1_mix039,78,4,101,-3
fold8_room1_mix039,78,4,173,-3
fold8_room1_mix039,78,4,-151,-4
fold8_room1_mix039,79,4,104,-4
fold8_room1_mix039,79,4,171,-3
fold8_room1_mix039,79,4,-147,-5
fold8_room1_mix039,80,4,106,-4
fold8_room1_mix039,80,4,169,-3
fold8_room1_mix039,80,4,-142,-6
fold8_room1_mix039,81,4,108,-5
fold8_room1_mix039,81,4,167,-4
fold8_room1_mix039,81,4,-138,-7
fold8_room1_mix039,82,4,111,-5
fold8_room1_mix039,82,4,164,-3
fold8_room1_mix039,82,4,-131,-8
fold8_room1_mix039,83,4,114,-6
fold8_room1_mix039,83,4,162,-3
fold8_room1_mix039,83,4,-123,-9
fold8_room1_mix039,84,4,117,-6
fold8_room1_mix039,84,4,159,-3
fold8_room1_mix039,84,4,-115,-11
fold8_room1_mix039,85,4,109,-8
fold8_room1_mix039,85,4,155,-3
fold8_room1_mix039,85,4,-102,-12
fold8_room1_mix039,88,4,8,-11
fold8_room1_mix039,88,4,146,-1
fold8_room1_mix039,88,4,-60,-11
fold8_room1_mix039,89,4,-3,-10
fold8_room1_mix039,89,4,146,-1
fold8_room1_mix039,89,4,-52,-9
fold8_room1_mix039,90,4,-11,-9
fold8_room1_mix039,90,4,146,0
fold8_room1_mix039,90,4,-46,-8
fold8_room1_mix039,91,4,-15,-8
fold8_room1_mix039,91,4,147,0
fold8_room1_mix039,91,4,-40,-7
fold8_room1_mix039,92,4,-15,-8
fold8_room1_mix039,92,4,148,0
fold8_room1_mix039,92,4,-36,-6
fold8_room1_mix039,93,4,-14,-7
fold8_room1_mix039,93,4,150,0
fold8_room1_mix039,93,4,-31,-5
fold8_room1_mix039,94,4,-13,-6
fold8_room1_mix039,94,4,-20,-5
fold8_room1_mix039,95,4,-11,-6
fold8_room1_mix039,95,4,-17,-5
fold8_room1_mix039,96,4,-9,-5
fold8_room1_mix039,96,4,-14,-4
fold8_room1_mix039,97,4,-7,-5
fold8_room1_mix039,97,4,-12,-4
fold8_room1_mix039,98,4,-8,-4
fold8_room1_mix039,98,4,-11,-3
fold8_room1_mix039,99,4,-9,-3
fold8_room1_mix039,99,4,-11,-2
fold8_room1_mix039,86,4,151,-2
fold8_room1_mix039,86,4,-86,-13
fold8_room1_mix039,87,4,147,-1
fold8_room1_mix039,87,4,-71,-12
fold8_room1_mix040,1,4,177,-1
fold8_room1_mix040,2,4,177,0
fold8_room1_mix040,3,4,176,0
fold8_room1_mix040,4,4,175,0
fold8_room1_mix040,5,4,176,0
fold8_room1_mix040,6,4,176,0
fold8_room1_mix040,7,4,177,0
fold8_room1_mix040,8,4,178,-1
fold8_room1_mix040,9,4,177,-1
fold8_room1_mix040,10,4,177,-1
fold8_room1_mix040,11,4,177,-1
fold8_room1_mix040,12,4,177,-1
fold8_room1_mix040,13,4,177,-1
fold8_room1_mix040,14,4,177,-1
fold8_room1_mix040,15,4,177,-1
fold8_room1_mix040,16,4,177,-1
fold8_room1_mix040,17,4,178,-1
fold8_room1_mix040,18,4,178,-1
fold8_room1_mix040,19,4,178,-1
fold8_room1_mix040,20,4,178,-1
fold8_room1_mix040,21,4,178,-1
fold8_room1_mix040,22,4,178,-1
fold8_room1_mix040,23,4,178,-1
fold8_room1_mix040,24,4,178,-2
fold8_room1_mix040,25,4,172,-1
fold8_room1_mix040,25,4,-171,-2
fold8_room1_mix040,26,4,172,-1
fold8_room1_mix040,26,4,-170,-2
fold8_room1_mix040,27,4,172,-1
fold8_room1_mix040,27,4,-170,-2
fold8_room1_mix040,28,4,172,-2
fold8_room1_mix040,28,4,-169,-2
fold8_room1_mix040,29,4,172,-2
fold8_room1_mix040,29,4,-169,-2
fold8_room1_mix040,30,4,172,-2
fold8_room1_mix040,30,4,-169,-2
fold8_room1_mix040,31,4,172,-2
fold8_room1_mix040,31,4,-168,-2
fold8_room1_mix040,32,4,171,-2
fold8_room1_mix040,32,4,-168,-2
fold8_room1_mix040,33,4,171,-2
fold8_room1_mix040,33,4,-167,-2
fold8_room1_mix040,34,4,171,-2
fold8_room1_mix040,34,4,-166,-2
fold8_room1_mix040,35,4,171,-3
fold8_room1_mix040,35,4,-165,-3
fold8_room1_mix040,36,4,171,-3
fold8_room1_mix040,36,4,-163,-3
fold8_room1_mix040,37,4,172,-4
fold8_room1_mix040,37,4,-162,-4
fold8_room1_mix040,38,4,174,-5
fold8_room1_mix040,38,4,-160,-5
fold8_room1_mix040,39,4,176,-6
fold8_room1_mix040,39,4,-159,-6
fold8_room1_mix040,40,4,-178,-9
fold8_room1_mix040,40,4,-156,-9
fold8_room1_mix040,41,4,-152,-18
fold8_room1_mix040,41,4,-151,-17
fold8_room1_mix040,42,4,-132,-24
fold8_room1_mix040,42,4,-137,-23
fold8_room1_mix040,43,4,-106,-30
fold8_room1_mix040,43,4,-176,-15
fold8_room1_mix040,43,4,-133,-29
fold8_room1_mix040,44,4,-60,-28
fold8_room1_mix040,44,4,-173,-11
fold8_room1_mix040,44,4,-140,-33
fold8_room1_mix040,45,4,-32,-20
fold8_room1_mix040,45,4,-170,-7
fold8_room1_mix040,46,4,-20,-15
fold8_room1_mix040,46,4,-168,-3
fold8_room1_mix040,47,4,-18,-13
fold8_room1_mix040,47,4,-172,-3
fold8_room1_mix040,48,4,-17,-10
fold8_room1_mix040,48,4,-176,-3
fold8_room1_mix040,49,4,-16,-8
fold8_room1_mix040,49,4,178,-4
fold8_room1_mix040,50,4,-16,-8
fold8_room1_mix040,50,4,173,-4
fold8_room1_mix040,50,4,-53,-12
fold8_room1_mix040,51,4,-16,-8
fold8_room1_mix040,51,4,168,-4
fold8_room1_mix040,51,4,-63,-11
fold8_room1_mix040,52,4,-17,-8
fold8_room1_mix040,52,4,164,-4
fold8_room1_mix040,52,4,-68,-11
fold8_room1_mix040,53,4,-16,-8
fold8_room1_mix040,53,4,161,-4
fold8_room1_mix040,53,4,-66,-10
fold8_room1_mix040,54,4,-14,-8
fold8_room1_mix040,54,4,160,-4
fold8_room1_mix040,54,4,-62,-9
fold8_room1_mix040,55,4,-12,-8
fold8_room1_mix040,55,4,159,-3
fold8_room1_mix040,55,4,-59,-9
fold8_room1_mix040,56,4,-13,-7
fold8_room1_mix040,56,4,157,-3
fold8_room1_mix040,56,4,-53,-8
fold8_room1_mix040,57,4,-17,-6
fold8_room1_mix040,57,4,156,-3
fold8_room1_mix040,57,4,-45,-7
fold8_room1_mix040,58,4,-21,-6
fold8_room1_mix040,58,4,154,-4
fold8_room1_mix040,58,4,-38,-6
fold8_room1_mix040,59,4,-22,-5
fold8_room1_mix040,59,4,-27,-5
fold8_room1_mix040,60,4,-21,-5
fold8_room1_mix040,60,4,-24,-5
fold8_room1_mix040,61,4,-20,-4
fold8_room1_mix040,61,4,-21,-4
fold8_room1_mix040,62,4,-19,-4
fold8_room1_mix040,62,4,-18,-4
fold8_room1_mix040,63,4,-18,-4
fold8_room1_mix040,63,4,-17,-3
fold8_room1_mix040,64,4,-17,-3
fold8_room1_mix040,64,4,-16,-3
fold8_room1_mix040,65,4,-15,-3
fold8_room1_mix040,65,4,-14,-3
fold8_room1_mix040,66,4,-14,-3
fold8_room1_mix040,66,4,-13,-3
fold8_room1_mix040,67,4,-12,-2
fold8_room1_mix040,67,4,-12,-3
fold8_room1_mix040,68,4,-10,-2
fold8_room1_mix040,68,4,-11,-2
fold8_room1_mix040,69,4,-6,-2
fold8_room1_mix040,69,4,-8,-2
fold8_room1_mix040,70,4,-1,-1
fold8_room1_mix040,70,4,-4,-1
fold8_room1_mix040,71,4,3,-1
fold8_room1_mix040,71,4,-1,-1
fold8_room1_mix040,72,4,8,0
fold8_room1_mix040,72,4,1,-1
fold8_room1_mix040,73,4,12,0
fold8_room1_mix040,73,4,84,-9
fold8_room1_mix040,73,4,-3,-1
fold8_room1_mix040,74,4,17,-1
fold8_room1_mix040,74,4,77,-9
fold8_room1_mix040,74,4,-2,-1
fold8_room1_mix040,75,4,21,-1
fold8_room1_mix040,75,4,72,-9
fold8_room1_mix040,75,4,-1,-1
fold8_room1_mix040,76,4,27,-1
fold8_room1_mix040,76,4,67,-8
fold8_room1_mix040,76,4,-1,-1
fold8_room1_mix040,77,4,32,-1
fold8_room1_mix040,77,4,63,-7
fold8_room1_mix040,77,4,-1,-1
fold8_room1_mix040,78,4,37,-2
fold8_room1_mix040,78,4,59,-7
fold8_room1_mix040,78,4,-1,-1
fold8_room1_mix040,79,4,37,-2
fold8_room1_mix040,79,4,55,-6
fold8_room1_mix040,79,4,-1,-2
fold8_room1_mix040,80,4,36,-3
fold8_room1_mix040,80,4,51,-6
fold8_room1_mix040,80,4,0,-2
fold8_room1_mix040,81,4,42,-4
fold8_room1_mix040,81,4,0,-2
fold8_room1_mix040,82,4,39,-4
fold8_room1_mix040,82,4,0,-2
fold8_room1_mix040,83,4,36,-4
fold8_room1_mix040,83,4,1,-2
fold8_room1_mix040,84,4,33,-4
fold8_room1_mix040,84,4,3,-2
fold8_room1_mix040,85,4,31,-3
fold8_room1_mix040,85,4,3,-2
fold8_room1_mix040,86,4,29,-3
fold8_room1_mix040,86,4,3,-2
fold8_room1_mix040,87,4,27,-3
fold8_room1_mix040,87,4,3,-2
fold8_room1_mix040,88,4,26,-3
fold8_room1_mix040,88,4,2,-2
fold8_room1_mix040,89,4,25,-3
fold8_room1_mix040,89,4,2,-2
fold8_room1_mix040,90,4,23,-3
fold8_room1_mix040,90,4,1,-2
fold8_room1_mix040,91,4,22,-3
fold8_room1_mix040,91,4,0,-2
fold8_room1_mix040,92,4,21,-2
fold8_room1_mix040,92,4,0,-2
fold8_room1_mix040,93,4,20,-2
fold8_room1_mix040,93,4,0,-1
fold8_room1_mix040,94,4,19,-2
fold8_room1_mix040,94,4,0,-1
fold8_room1_mix040,95,4,18,-2
fold8_room1_mix040,95,4,0,-1
fold8_room1_mix040,96,4,18,-2
fold8_room1_mix040,96,4,0,-1
fold8_room1_mix040,97,4,17,-2
fold8_room1_mix040,97,4,0,-1
fold8_room1_mix040,98,4,16,-2
fold8_room1_mix040,98,4,0,-1
fold8_room1_mix040,99,4,9,-1
fold8_room1_mix040,0,4,-178,-1
fold8_room1_mix041,2,4,6,-1
fold8_room1_mix041,2,4,-172,-1
fold8_room1_mix041,2,4,-151,0
fold8_room1_mix041,3,4,8,-1
fold8_room1_mix041,3,4,-172,-1
fold8_room1_mix041,3,4,-153,0
fold8_room1_mix041,4,4,10,-1
fold8_room1_mix041,4,4,-170,-2
fold8_room1_mix041,4,4,-153,0
fold8_room1_mix041,5,4,11,0
fold8_room1_mix041,5,4,-170,-2
fold8_room1_mix041,5,4,-153,0
fold8_room1_mix041,6,4,12,0
fold8_room1_mix041,6,4,-169,-2
fold8_room1_mix041,6,4,-153,0
fold8_room1_mix041,7,4,13,0
fold8_room1_mix041,7,4,-169,-1
fold8_room1_mix041,7,4,-153,0
fold8_room1_mix041,8,4,13,0
fold8_room1_mix041,8,4,-168,-1
fold8_room1_mix041,8,4,-152,0
fold8_room1_mix041,9,4,13,0
fold8_room1_mix041,9,4,-168,-1
fold8_room1_mix041,9,4,-151,0
fold8_room1_mix041,10,4,13,0
fold8_room1_mix041,10,4,-167,-1
fold8_room1_mix041,10,4,-151,0
fold8_room1_mix041,11,4,13,0
fold8_room1_mix041,11,4,-167,-1
fold8_room1_mix041,11,4,-150,0
fold8_room1_mix041,12,4,12,0
fold8_room1_mix041,12,4,-167,-1
fold8_room1_mix041,12,4,-149,0
fold8_room1_mix041,13,4,12,0
fold8_room1_mix041,13,4,-167,-1
fold8_room1_mix041,13,4,-148,0
fold8_room1_mix041,14,4,12,0
fold8_room1_mix041,14,4,-166,-1
fold8_room1_mix041,14,4,-148,0
fold8_room1_mix041,15,4,11,0
fold8_room1_mix041,15,4,-166,-1
fold8_room1_mix041,15,4,-147,0
fold8_room1_mix041,16,4,11,0
fold8_room1_mix041,16,4,-166,-1
fold8_room1_mix041,16,4,-146,-1
fold8_room1_mix041,17,4,11,0
fold8_room1_mix041,17,4,-166,-1
fold8_room1_mix041,17,4,-145,-1
fold8_room1_mix041,18,4,10,0
fold8_room1_mix041,18,4,-166,-1
fold8_room1_mix041,18,4,-144,-1
fold8_room1_mix041,19,4,10,-1
fold8_room1_mix041,19,4,-166,-1
fold8_room1_mix041,19,4,-143,-1
fold8_room1_mix041,20,4,9,-1
fold8_room1_mix041,20,4,-166,-1
fold8_room1_mix041,20,4,-143,-1
fold8_room1_mix041,21,4,9,-1
fold8_room1_mix041,21,4,-166,-2
fold8_room1_mix041,21,4,-142,-1
fold8_room1_mix041,22,4,10,-1
fold8_room1_mix041,22,4,-165,-2
fold8_room1_mix041,22,4,-141,-1
fold8_room1_mix041,23,4,10,-1
fold8_room1_mix041,23,4,-165,-2
fold8_room1_mix041,23,4,-141,-1
fold8_room1_mix041,24,4,11,-1
fold8_room1_mix041,24,4,-165,-2
fold8_room1_mix041,24,4,-140,-1
fold8_room1_mix041,25,4,13,-1
fold8_room1_mix041,25,4,-164,-2
fold8_room1_mix041,25,4,-138,-1
fold8_room1_mix041,26,4,14,0
fold8_room1_mix041,26,4,-164,-2
fold8_room1_mix041,26,4,-137,-2
fold8_room1_mix041,27,4,16,0
fold8_room1_mix041,27,4,-164,-2
fold8_room1_mix041,27,4,-135,-2
fold8_room1_mix041,28,4,18,0
fold8_room1_mix041,28,4,-163,-2
fold8_room1_mix041,28,4,-135,-2
fold8_room1_mix041,29,4,20,0
fold8_room1_mix041,29,4,-163,-2
fold8_room1_mix041,29,4,-134,-2
fold8_room1_mix041,30,4,21,-1
fold8_room1_mix041,30,4,-163,-2
fold8_room1_mix041,30,4,-133,-2
fold8_room1_mix041,31,4,20,-1
fold8_room1_mix041,31,4,-165,-3
fold8_room1_mix041,31,4,-132,-2
fold8_room1_mix041,32,4,18,-1
fold8_room1_mix041,32,4,-167,-3
fold8_room1_mix041,32,4,-132,-2
fold8_room1_mix041,33,4,17,-1
fold8_room1_mix041,33,4,-168,-3
fold8_room1_mix041,33,4,-131,-2
fold8_room1_mix041,34,4,17,-1
fold8_room1_mix041,34,4,-169,-3
fold8_room1_mix041,34,4,-129,-2
fold8_room1_mix041,35,4,16,-1
fold8_room1_mix041,35,4,-169,-3
fold8_room1_mix041,35,4,-127,-2
fold8_room1_mix041,36,4,16,-1
fold8_room1_mix041,36,4,-169,-3
fold8_room1_mix041,36,4,-125,-2
fold8_room1_mix041,37,4,18,-1
fold8_room1_mix041,37,4,-168,-3
fold8_room1_mix041,37,4,-123,-3
fold8_room1_mix041,38,4,21,-1
fold8_room1_mix041,38,4,-166,-3
fold8_room1_mix041,38,4,-121,-3
fold8_room1_mix041,39,4,24,-1
fold8_room1_mix041,39,4,-164,-3
fold8_room1_mix041,39,4,-118,-3
fold8_room1_mix041,40,4,25,-1
fold8_room1_mix041,40,4,-163,-3
fold8_room1_mix041,40,4,-116,-3
fold8_room1_mix041,41,4,25,-1
fold8_room1_mix041,41,4,-163,-3
fold8_room1_mix041,41,4,-114,-3
fold8_room1_mix041,42,4,24,-1
fold8_room1_mix041,42,4,-163,-3
fold8_room1_mix041,42,4,-112,-3
fold8_room1_mix041,43,4,23,-1
fold8_room1_mix041,43,4,-163,-3
fold8_room1_mix041,43,4,-110,-3
fold8_room1_mix041,44,4,21,-2
fold8_room1_mix041,44,4,-161,-3
fold8_room1_mix041,44,4,-108,-3
fold8_room1_mix041,45,4,19,-2
fold8_room1_mix041,45,4,-159,-3
fold8_room1_mix041,45,4,-106,-4
fold8_room1_mix041,46,0,159,0
fold8_room1_mix041,46,4,17,-2
fold8_room1_mix041,46,4,-157,-3
fold8_room1_mix041,46,4,-105,-4
fold8_room1_mix041,47,0,160,0
fold8_room1_mix041,47,4,16,-3
fold8_room1_mix041,47,4,-154,-3
fold8_room1_mix041,47,4,-104,-3
fold8_room1_mix041,48,0,159,-1
fold8_room1_mix041,48,4,15,-3
fold8_room1_mix041,48,4,-150,-2
fold8_room1_mix041,48,4,-104,-3
fold8_room1_mix041,49,0,156,-1
fold8_room1_mix041,49,4,15,-4
fold8_room1_mix041,49,4,-147,-2
fold8_room1_mix041,49,4,-104,-3
fold8_room1_mix041,50,0,155,-1
fold8_room1_mix041,50,4,19,-4
fold8_room1_mix041,50,4,-144,-2
fold8_room1_mix041,50,4,-103,-3
fold8_room1_mix041,51,0,155,-1
fold8_room1_mix041,51,4,24,-4
fold8_room1_mix041,51,4,-139,-2
fold8_room1_mix041,51,4,-101,-4
fold8_room1_mix041,52,0,154,-1
fold8_room1_mix041,52,4,29,-4
fold8_room1_mix041,52,4,-135,-2
fold8_room1_mix041,52,4,-100,-4
fold8_room1_mix041,53,0,152,-1
fold8_room1_mix041,53,4,28,-4
fold8_room1_mix041,53,4,-136,-2
fold8_room1_mix041,53,4,-100,-5
fold8_room1_mix041,54,0,149,-1
fold8_room1_mix041,54,4,26,-4
fold8_room1_mix041,54,4,-138,-3
fold8_room1_mix041,54,4,-100,-5
fold8_room1_mix041,55,0,147,-1
fold8_room1_mix041,55,4,23,-4
fold8_room1_mix041,55,4,-140,-3
fold8_room1_mix041,55,4,-101,-5
fold8_room1_mix041,56,0,141,-1
fold8_room1_mix041,56,4,22,-4
fold8_room1_mix041,56,4,-143,-3
fold8_room1_mix041,56,4,-100,-4
fold8_room1_mix041,57,0,134,-2
fold8_room1_mix041,57,4,22,-3
fold8_room1_mix041,57,4,-145,-3
fold8_room1_mix041,57,4,-100,-4
fold8_room1_mix041,58,0,128,-2
fold8_room1_mix041,58,4,23,-2
fold8_room1_mix041,58,4,-148,-3
fold8_room1_mix041,58,4,-99,-4
fold8_room1_mix041,59,0,122,-2
fold8_room1_mix041,59,4,23,-2
fold8_room1_mix041,59,4,-150,-3
fold8_room1_mix041,59,4,-98,-3
fold8_room1_mix041,60,0,115,-2
fold8_room1_mix041,60,4,22,-2
fold8_room1_mix041,60,4,-150,-3
fold8_room1_mix041,60,4,-96,-3
fold8_room1_mix041,61,0,108,-2
fold8_room1_mix041,61,4,21,-2
fold8_room1_mix041,61,4,-151,-3
fold8_room1_mix041,61,4,-94,-3
fold8_room1_mix041,62,0,99,-2
fold8_room1_mix041,62,4,20,-3
fold8_room1_mix041,62,4,-151,-3
fold8_room1_mix041,62,4,-90,-2
fold8_room1_mix041,63,0,86,-2
fold8_room1_mix041,63,4,19,-3
fold8_room1_mix041,63,4,-153,-3
fold8_room1_mix041,63,4,-80,-2
fold8_room1_mix041,64,0,72,-2
fold8_room1_mix041,64,4,19,-4
fold8_room1_mix041,64,4,-154,-3
fold8_room1_mix041,64,4,-69,-3
fold8_room1_mix041,65,0,59,-1
fold8_room1_mix041,65,4,19,-4
fold8_room1_mix041,65,4,-155,-4
fold8_room1_mix041,65,4,-60,-3
fold8_room1_mix041,66,0,58,-1
fold8_room1_mix041,66,4,20,-4
fold8_room1_mix041,66,4,-157,-4
fold8_room1_mix041,66,4,-56,-3
fold8_room1_mix041,67,4,22,-3
fold8_room1_mix041,67,4,-158,-5
fold8_room1_mix041,67,4,-54,-3
fold8_room1_mix041,68,4,23,-2
fold8_room1_mix041,68,4,-159,-5
fold8_room1_mix041,68,4,-52,-4
fold8_room1_mix041,69,4,25,-2
fold8_room1_mix041,69,4,-160,-5
fold8_room1_mix041,69,4,-55,-4
fold8_room1_mix041,70,4,26,-2
fold8_room1_mix041,70,4,-161,-6
fold8_room1_mix041,70,4,-61,-4
fold8_room1_mix041,71,4,28,-2
fold8_room1_mix041,71,4,-162,-6
fold8_room1_mix041,71,4,-68,-4
fold8_room1_mix041,72,4,28,-2
fold8_room1_mix041,72,4,-165,-6
fold8_room1_mix041,72,4,-75,-5
fold8_room1_mix041,73,4,28,-3
fold8_room1_mix041,73,4,-170,-6
fold8_room1_mix041,73,4,-80,-6
fold8_room1_mix041,74,4,28,-3
fold8_room1_mix041,74,4,-175,-6
fold8_room1_mix041,74,4,-86,-6
fold8_room1_mix041,75,4,30,-4
fold8_room1_mix041,75,4,-179,-6
fold8_room1_mix041,75,4,-88,-7
fold8_room1_mix041,76,4,35,-4
fold8_room1_mix041,76,4,178,-6
fold8_room1_mix041,76,4,-85,-8
fold8_room1_mix041,77,4,41,-4
fold8_room1_mix041,77,4,176,-6
fold8_room1_mix041,77,4,-82,-9
fold8_room1_mix041,78,4,44,-5
fold8_room1_mix041,78,4,172,-6
fold8_room1_mix041,78,4,-78,-9
fold8_room1_mix041,79,4,33,-6
fold8_room1_mix041,79,4,159,-6
fold8_room1_mix041,79,4,-72,-9
fold8_room1_mix041,80,4,22,-6
fold8_room1_mix041,80,4,148,-5
fold8_room1_mix041,80,4,-67,-9
fold8_room1_mix041,81,4,11,-7
fold8_room1_mix041,81,4,140,-5
fold8_room1_mix041,81,4,-63,-9
fold8_room1_mix041,82,4,1,-7
fold8_room1_mix041,82,4,132,-4
fold8_room1_mix041,82,4,-58,-8
fold8_room1_mix041,83,4,-8,-7
fold8_room1_mix041,83,4,127,-3
fold8_room1_mix041,83,4,-53,-6
fold8_room1_mix041,84,4,-16,-7
fold8_room1_mix041,84,4,124,-3
fold8_room1_mix041,84,4,-48,-5
fold8_room1_mix041,85,4,-19,-6
fold8_room1_mix041,85,4,123,-2
fold8_room1_mix041,85,4,-45,-5
fold8_room1_mix041,86,4,-21,-6
fold8_room1_mix041,86,4,123,-2
fold8_room1_mix041,86,4,-42,-4
fold8_room1_mix041,87,4,-23,-6
fold8_room1_mix041,87,4,122,-2
fold8_room1_mix041,87,4,-39,-3
fold8_room1_mix041,88,4,-24,-6
fold8_room1_mix041,88,4,-30,-4
fold8_room1_mix041,89,4,-23,-5
fold8_room1_mix041,89,4,-29,-4
fold8_room1_mix041,90,4,-22,-5
fold8_room1_mix041,90,4,-27,-3
fold8_room1_mix041,91,4,-22,-5
fold8_room1_mix041,91,4,-25,-3
fold8_room1_mix041,92,4,-20,-4
fold8_room1_mix041,92,4,-24,-3
fold8_room1_mix041,93,4,-19,-4
fold8_room1_mix041,93,4,-22,-2
fold8_room1_mix041,94,4,-18,-4
fold8_room1_mix041,94,4,-21,-2
fold8_room1_mix041,95,4,-16,-3
fold8_room1_mix041,95,4,-20,-2
fold8_room1_mix041,96,4,-15,-3
fold8_room1_mix041,96,4,-19,-2
fold8_room1_mix041,97,4,-14,-3
fold8_room1_mix041,97,4,-19,-2
fold8_room1_mix041,98,4,-13,-3
fold8_room1_mix041,98,4,-18,-1
fold8_room1_mix041,99,4,-13,-2
fold8_room1_mix041,99,4,-17,0
fold8_room1_mix041,0,4,-143,-1
fold8_room1_mix041,1,4,-144,-1
fold8_room1_mix042,1,4,-19,0
fold8_room1_mix042,2,4,-13,0
fold8_room1_mix042,3,4,-15,0
fold8_room1_mix042,4,4,-17,0
fold8_room1_mix042,5,4,-18,0
fold8_room1_mix042,6,4,-18,0
fold8_room1_mix042,7,4,-19,0
fold8_room1_mix042,8,4,-8,0
fold8_room1_mix042,8,4,-27,0
fold8_room1_mix042,9,4,-7,0
fold8_room1_mix042,9,4,-28,0
fold8_room1_mix042,10,4,-6,0
fold8_room1_mix042,10,4,-30,0
fold8_room1_mix042,11,4,-5,0
fold8_room1_mix042,11,4,-31,0
fold8_room1_mix042,12,4,-4,0
fold8_room1_mix042,12,4,-33,0
fold8_room1_mix042,13,4,-4,0
fold8_room1_mix042,13,4,-35,0
fold8_room1_mix042,14,4,-3,0
fold8_room1_mix042,14,4,-36,0
fold8_room1_mix042,15,4,-3,0
fold8_room1_mix042,15,4,-37,0
fold8_room1_mix042,16,4,-2,0
fold8_room1_mix042,16,4,-38,0
fold8_room1_mix042,17,4,-2,0
fold8_room1_mix042,17,4,-39,0
fold8_room1_mix042,18,4,-2,0
fold8_room1_mix042,18,4,-40,0
fold8_room1_mix042,19,4,-2,0
fold8_room1_mix042,19,4,-42,0
fold8_room1_mix042,20,4,-2,0
fold8_room1_mix042,20,4,-44,0
fold8_room1_mix042,21,4,-2,0
fold8_room1_mix042,21,4,-45,0
fold8_room1_mix042,22,4,-2,0
fold8_room1_mix042,22,4,-47,0
fold8_room1_mix042,23,4,-2,0
fold8_room1_mix042,23,4,-48,0
fold8_room1_mix042,24,4,-2,0
fold8_room1_mix042,24,4,-48,0
fold8_room1_mix042,25,4,-2,0
fold8_room1_mix042,25,4,-49,0
fold8_room1_mix042,26,4,-2,0
fold8_room1_mix042,26,4,-49,0
fold8_room1_mix042,27,4,-2,0
fold8_room1_mix042,27,4,-49,0
fold8_room1_mix042,28,4,-1,0
fold8_room1_mix042,28,4,-50,0
fold8_room1_mix042,29,4,-1,0
fold8_room1_mix042,29,4,-51,0
fold8_room1_mix042,30,4,0,0
fold8_room1_mix042,30,4,-52,0
fold8_room1_mix042,31,4,-1,0
fold8_room1_mix042,31,4,-54,0
fold8_room1_mix042,32,4,-2,0
fold8_room1_mix042,32,4,-57,-1
fold8_room1_mix042,33,4,-2,0
fold8_room1_mix042,33,4,-60,-1
fold8_room1_mix042,34,4,-3,0
fold8_room1_mix042,34,4,-63,0
fold8_room1_mix042,35,4,-3,0
fold8_room1_mix042,35,4,-65,0
fold8_room1_mix042,36,4,-3,0
fold8_room1_mix042,36,4,-68,0
fold8_room1_mix042,37,4,-1,0
fold8_room1_mix042,37,4,-70,0
fold8_room1_mix042,38,4,0,0
fold8_room1_mix042,38,4,-72,0
fold8_room1_mix042,39,4,1,0
fold8_room1_mix042,39,4,-74,0
fold8_room1_mix042,40,4,2,0
fold8_room1_mix042,40,4,-75,0
fold8_room1_mix042,41,4,3,0
fold8_room1_mix042,41,4,-77,0
fold8_room1_mix042,42,4,5,0
fold8_room1_mix042,42,4,-78,0
fold8_room1_mix042,43,4,5,-1
fold8_room1_mix042,43,4,-81,0
fold8_room1_mix042,44,4,5,-1
fold8_room1_mix042,44,4,-86,0
fold8_room1_mix042,45,4,4,-1
fold8_room1_mix042,45,4,-91,-1
fold8_room1_mix042,46,4,3,-1
fold8_room1_mix042,46,4,-95,-1
fold8_room1_mix042,47,4,3,-1
fold8_room1_mix042,47,4,-96,-1
fold8_room1_mix042,48,4,3,-1
fold8_room1_mix042,48,4,-96,-1
fold8_room1_mix042,49,1,-18,-1
fold8_room1_mix042,49,4,3,-1
fold8_room1_mix042,49,4,-95,0
fold8_room1_mix042,50,1,-16,-1
fold8_room1_mix042,50,4,4,-2
fold8_room1_mix042,50,4,-86,0
fold8_room1_mix042,51,1,-15,0
fold8_room1_mix042,51,4,6,-2
fold8_room1_mix042,51,4,-75,0
fold8_room1_mix042,52,1,-16,0
fold8_room1_mix042,52,4,8,-3
fold8_room1_mix042,52,4,-65,0
fold8_room1_mix042,53,1,-16,0
fold8_room1_mix042,53,4,17,-6
fold8_room1_mix042,53,4,-61,-2
fold8_room1_mix042,54,1,-16,0
fold8_room1_mix042,54,4,33,-11
fold8_room1_mix042,54,4,-62,-4
fold8_room1_mix042,55,1,-16,0
fold8_room1_mix042,55,4,61,-18
fold8_room1_mix042,55,4,-63,-6
fold8_room1_mix042,56,1,-15,0
fold8_room1_mix042,56,4,106,-21
fold8_room1_mix042,56,4,-75,-8
fold8_room1_mix042,57,1,-14,0
fold8_room1_mix042,57,4,155,-14
fold8_room1_mix042,57,4,-104,-5
fold8_room1_mix042,58,1,-13,0
fold8_room1_mix042,58,4,173,-8
fold8_room1_mix042,58,4,-123,-3
fold8_room1_mix042,59,1,-11,0
fold8_room1_mix042,59,4,-167,-5
fold8_room1_mix042,59,4,171,-5
fold8_room1_mix042,59,4,-130,-1
fold8_room1_mix042,60,1,-11,0
fold8_room1_mix042,60,4,-164,-4
fold8_room1_mix042,60,4,175,-4
fold8_room1_mix042,60,4,-129,-1
fold8_room1_mix042,61,1,-10,0
fold8_room1_mix042,61,4,-161,-2
fold8_room1_mix042,61,4,179,-3
fold8_room1_mix042,61,4,-128,-1
fold8_room1_mix042,62,1,-10,0
fold8_room1_mix042,62,4,-159,-2
fold8_room1_mix042,62,4,-177,-2
fold8_room1_mix042,62,4,-127,-1
fold8_room1_mix042,63,1,-10,0
fold8_room1_mix042,63,4,-160,-1
fold8_room1_mix042,63,4,-177,-1
fold8_room1_mix042,63,4,-128,0
fold8_room1_mix042,64,1,-11,0
fold8_room1_mix042,64,4,-161,-1
fold8_room1_mix042,64,4,-176,-1
fold8_room1_mix042,64,4,-129,0
fold8_room1_mix042,65,1,-11,0
fold8_room1_mix042,65,4,-169,-1
fold8_room1_mix042,65,4,-130,0
fold8_room1_mix042,66,1,-10,0
fold8_room1_mix042,66,4,-168,-1
fold8_room1_mix042,66,4,-130,0
fold8_room1_mix042,67,1,-10,0
fold8_room1_mix042,67,4,-168,-1
fold8_room1_mix042,67,4,-130,0
fold8_room1_mix042,68,1,-9,0
fold8_room1_mix042,68,4,-168,-1
fold8_room1_mix042,68,4,-131,0
fold8_room1_mix042,69,1,-8,0
fold8_room1_mix042,69,4,-167,-1
fold8_room1_mix042,69,4,-130,0
fold8_room1_mix042,70,1,-9,0
fold8_room1_mix042,70,4,-166,-1
fold8_room1_mix042,70,4,-129,0
fold8_room1_mix042,71,1,-9,0
fold8_room1_mix042,71,4,-165,-1
fold8_room1_mix042,71,4,-128,0
fold8_room1_mix042,72,1,-9,0
fold8_room1_mix042,72,4,-164,-1
fold8_room1_mix042,72,4,-127,0
fold8_room1_mix042,73,1,-8,0
fold8_room1_mix042,73,4,-164,-1
fold8_room1_mix042,73,4,-125,0
fold8_room1_mix042,74,1,-8,0
fold8_room1_mix042,74,4,-163,-1
fold8_room1_mix042,74,4,-123,0
fold8_room1_mix042,75,1,-8,0
fold8_room1_mix042,75,4,-163,-1
fold8_room1_mix042,75,4,-121,0
fold8_room1_mix042,76,1,-8,0
fold8_room1_mix042,76,4,-154,-1
fold8_room1_mix042,76,4,-170,0
fold8_room1_mix042,76,4,-120,0
fold8_room1_mix042,77,1,-7,0
fold8_room1_mix042,77,4,-151,-1
fold8_room1_mix042,77,4,-170,0
fold8_room1_mix042,77,4,-118,0
fold8_room1_mix042,78,1,-7,0
fold8_room1_mix042,78,4,-150,-1
fold8_room1_mix042,78,4,-170,0
fold8_room1_mix042,78,4,-117,0
fold8_room1_mix042,79,1,-7,0
fold8_room1_mix042,79,4,-152,-1
fold8_room1_mix042,79,4,-171,-1
fold8_room1_mix042,79,4,-118,0
fold8_room1_mix042,80,1,-8,0
fold8_room1_mix042,80,4,-155,-1
fold8_room1_mix042,80,4,-173,-1
fold8_room1_mix042,80,4,-119,0
fold8_room1_mix042,81,4,-158,-2
fold8_room1_mix042,81,4,-174,-1
fold8_room1_mix042,81,4,-120,0
fold8_room1_mix042,82,4,-160,-1
fold8_room1_mix042,82,4,-176,-1
fold8_room1_mix042,82,4,-120,0
fold8_room1_mix042,83,4,-162,-1
fold8_room1_mix042,83,4,-178,-2
fold8_room1_mix042,83,4,-120,0
fold8_room1_mix042,84,4,-163,0
fold8_room1_mix042,84,4,179,-2
fold8_room1_mix042,84,4,-120,0
fold8_room1_mix042,85,4,-164,0
fold8_room1_mix042,85,4,179,-2
fold8_room1_mix042,85,4,-119,0
fold8_room1_mix042,86,4,-172,-1
fold8_room1_mix042,86,4,-119,0
fold8_room1_mix042,87,4,-173,0
fold8_room1_mix042,87,4,-118,0
fold8_room1_mix042,88,4,-173,0
fold8_room1_mix042,88,4,-117,0
fold8_room1_mix042,89,4,-173,0
fold8_room1_mix042,89,4,-117,0
fold8_room1_mix042,90,4,-173,0
fold8_room1_mix042,90,4,-117,0
fold8_room1_mix042,91,4,-174,0
fold8_room1_mix042,91,4,-118,0
fold8_room1_mix042,92,4,-174,0
fold8_room1_mix042,92,4,-119,0
fold8_room1_mix042,93,4,-173,0
fold8_room1_mix042,93,4,-121,0
fold8_room1_mix042,94,4,-173,0
fold8_room1_mix042,94,4,-122,0
fold8_room1_mix042,95,4,-173,0
fold8_room1_mix042,95,4,-123,0
fold8_room1_mix042,96,4,-173,0
fold8_room1_mix042,96,4,-125,0
fold8_room1_mix042,97,4,-173,0
fold8_room1_mix042,97,4,-126,0
fold8_room1_mix042,98,4,-172,0
fold8_room1_mix042,98,4,-128,0
fold8_room1_mix042,99,4,-171,0
fold8_room1_mix042,99,4,-129,1
fold8_room1_mix042,0,4,-28,0
fold8_room1_mix043,1,4,2,0
fold8_room1_mix043,2,4,1,0
fold8_room1_mix043,3,4,1,0
fold8_room1_mix043,4,4,1,0
fold8_room1_mix043,5,4,2,0
fold8_room1_mix043,6,4,2,0
fold8_room1_mix043,7,4,2,0
fold8_room1_mix043,8,4,2,0
fold8_room1_mix043,9,4,2,0
fold8_room1_mix043,10,4,2,0
fold8_room1_mix043,11,4,2,0
fold8_room1_mix043,12,4,2,0
fold8_room1_mix043,13,4,2,0
fold8_room1_mix043,14,4,2,0
fold8_room1_mix043,15,4,2,0
fold8_room1_mix043,16,4,3,0
fold8_room1_mix043,17,4,3,0
fold8_room1_mix043,18,4,3,0
fold8_room1_mix043,19,4,3,0
fold8_room1_mix043,20,4,3,0
fold8_room1_mix043,21,4,3,0
fold8_room1_mix043,22,4,3,0
fold8_room1_mix043,23,4,3,0
fold8_room1_mix043,24,4,3,0
fold8_room1_mix043,25,4,3,-1
fold8_room1_mix043,26,4,3,-1
fold8_room1_mix043,27,4,3,-1
fold8_room1_mix043,28,4,3,-1
fold8_room1_mix043,29,4,3,-1
fold8_room1_mix043,30,4,3,-1
fold8_room1_mix043,31,4,3,-1
fold8_room1_mix043,32,4,3,-1
fold8_room1_mix043,33,4,2,0
fold8_room1_mix043,34,4,3,-1
fold8_room1_mix043,35,4,3,-1
fold8_room1_mix043,36,4,3,-1
fold8_room1_mix043,37,4,3,-1
fold8_room1_mix043,38,4,3,-1
fold8_room1_mix043,39,4,4,-1
fold8_room1_mix043,40,4,4,-1
fold8_room1_mix043,41,4,4,-1
fold8_room1_mix043,42,4,5,-2
fold8_room1_mix043,43,4,5,-2
fold8_room1_mix043,44,4,5,-2
fold8_room1_mix043,45,4,6,-2
fold8_room1_mix043,46,4,6,-2
fold8_room1_mix043,47,4,6,-3
fold8_room1_mix043,48,4,7,-3
fold8_room1_mix043,49,4,7,-3
fold8_room1_mix043,50,4,8,-4
fold8_room1_mix043,51,4,9,-4
fold8_room1_mix043,52,4,10,-4
fold8_room1_mix043,53,4,11,-4
fold8_room1_mix043,54,4,12,-5
fold8_room1_mix043,55,4,13,-5
fold8_room1_mix043,56,4,17,-7
fold8_room1_mix043,57,4,22,-10
fold8_room1_mix043,58,4,28,-13
fold8_room1_mix043,59,4,16,-12
fold8_room1_mix043,59,4,44,-19
fold8_room1_mix043,60,4,18,-12
fold8_room1_mix043,60,4,87,-25
fold8_room1_mix043,60,4,50,-19
fold8_room1_mix043,61,4,21,-13
fold8_room1_mix043,61,4,126,-21
fold8_room1_mix043,61,4,73,-22
fold8_room1_mix043,62,4,24,-14
fold8_room1_mix043,62,4,138,-17
fold8_room1_mix043,62,4,96,-21
fold8_room1_mix043,63,4,28,-13
fold8_room1_mix043,63,4,145,-15
fold8_room1_mix043,63,4,98,-19
fold8_room1_mix043,64,4,31,-13
fold8_room1_mix043,64,4,152,-12
fold8_room1_mix043,64,4,97,-17
fold8_room1_mix043,65,4,34,-13
fold8_room1_mix043,65,4,159,-10
fold8_room1_mix043,65,4,97,-15
fold8_room1_mix043,66,4,42,-14
fold8_room1_mix043,66,4,159,-10
fold8_room1_mix043,66,4,99,-16
fold8_room1_mix043,67,4,52,-16
fold8_room1_mix043,67,4,158,-11
fold8_room1_mix043,67,4,101,-17
fold8_room1_mix043,68,4,66,-19
fold8_room1_mix043,68,4,156,-11
fold8_room1_mix043,68,4,104,-17
fold8_room1_mix043,69,4,93,-20
fold8_room1_mix043,69,4,157,-11
fold8_room1_mix043,69,4,122,-16
fold8_room1_mix043,70,4,121,-16
fold8_room1_mix043,70,4,160,-11
fold8_room1_mix043,70,4,139,-14
fold8_room1_mix043,71,4,149,-12
fold8_room1_mix043,72,4,141,-10
fold8_room1_mix043,72,4,161,-10
fold8_room1_mix043,73,4,146,-8
fold8_room1_mix043,73,4,165,-8
fold8_room1_mix043,74,4,151,-6
fold8_room1_mix043,74,4,169,-6
fold8_room1_mix043,75,4,155,-5
fold8_room1_mix043,75,4,172,-4
fold8_room1_mix043,76,4,167,-4
fold8_room1_mix043,77,4,168,-4
fold8_room1_mix043,78,4,169,-3
fold8_room1_mix043,79,4,170,-3
fold8_room1_mix043,80,4,170,-3
fold8_room1_mix043,81,4,171,-2
fold8_room1_mix043,82,4,172,-2
fold8_room1_mix043,83,4,172,-2
fold8_room1_mix043,84,4,172,-2
fold8_room1_mix043,85,4,173,-2
fold8_room1_mix043,86,4,173,-1
fold8_room1_mix043,87,4,173,-1
fold8_room1_mix043,88,4,174,-1
fold8_room1_mix043,89,4,174,-1
fold8_room1_mix043,90,4,174,-1
fold8_room1_mix043,91,4,175,-1
fold8_room1_mix043,92,4,175,-1
fold8_room1_mix043,93,4,175,-1
fold8_room1_mix043,94,4,175,-1
fold8_room1_mix043,95,4,175,-1
fold8_room1_mix043,96,4,175,-1
fold8_room1_mix043,97,4,175,-1
fold8_room1_mix043,98,4,176,-1
fold8_room1_mix043,99,4,176,-1
fold8_room1_mix044,0,4,17,0
fold8_room1_mix044,1,4,12,0
fold8_room1_mix044,2,4,9,0
fold8_room1_mix044,3,4,10,0
fold8_room1_mix044,4,4,11,0
fold8_room1_mix044,5,4,13,0
fold8_room1_mix044,6,4,11,1
fold8_room1_mix044,6,4,8,0
fold8_room1_mix044,7,4,11,0
fold8_room1_mix044,7,4,8,0
fold8_room1_mix044,8,4,11,0
fold8_room1_mix044,8,4,7,0
fold8_room1_mix044,9,4,10,0
fold8_room1_mix044,9,4,6,0
fold8_room1_mix044,10,4,9,0
fold8_room1_mix044,10,4,5,0
fold8_room1_mix044,11,4,8,0
fold8_room1_mix044,11,4,4,0
fold8_room1_mix044,12,4,8,0
fold8_room1_mix044,12,4,4,0
fold8_room1_mix044,13,4,8,0
fold8_room1_mix044,13,4,5,0
fold8_room1_mix044,14,4,8,0
fold8_room1_mix044,14,4,5,0
fold8_room1_mix044,15,4,8,0
fold8_room1_mix044,15,4,5,0
fold8_room1_mix044,16,4,8,0
fold8_room1_mix044,16,4,5,0
fold8_room1_mix044,17,4,8,0
fold8_room1_mix044,17,4,4,0
fold8_room1_mix044,18,4,7,0
fold8_room1_mix044,18,4,4,0
fold8_room1_mix044,19,4,6,0
fold8_room1_mix044,19,4,3,0
fold8_room1_mix044,20,4,4,0
fold8_room1_mix044,20,4,3,0
fold8_room1_mix044,21,4,4,0
fold8_room1_mix044,21,4,3,0
fold8_room1_mix044,22,4,3,0
fold8_room1_mix044,22,4,3,0
fold8_room1_mix044,23,4,3,0
fold8_room1_mix044,23,4,3,0
fold8_room1_mix044,24,4,2,0
fold8_room1_mix044,24,4,2,0
fold8_room1_mix044,25,4,1,0
fold8_room1_mix044,25,4,2,0
fold8_room1_mix044,26,4,1,0
fold8_room1_mix044,26,4,1,0
fold8_room1_mix044,27,4,0,0
fold8_room1_mix044,27,4,1,0
fold8_room1_mix044,28,4,1,0
fold8_room1_mix044,28,4,1,0
fold8_room1_mix044,29,4,1,0
fold8_room1_mix044,29,4,1,0
fold8_room1_mix044,30,4,1,0
fold8_room1_mix044,30,4,1,0
fold8_room1_mix044,31,4,2,0
fold8_room1_mix044,31,4,2,0
fold8_room1_mix044,32,4,3,0
fold8_room1_mix044,32,4,3,0
fold8_room1_mix044,33,4,5,0
fold8_room1_mix044,33,4,3,0
fold8_room1_mix044,34,4,5,0
fold8_room1_mix044,34,4,4,0
fold8_room1_mix044,35,4,5,0
fold8_room1_mix044,35,4,4,0
fold8_room1_mix044,36,4,5,0
fold8_room1_mix044,36,4,4,0
fold8_room1_mix044,37,4,5,0
fold8_room1_mix044,37,4,4,0
fold8_room1_mix044,38,4,5,0
fold8_room1_mix044,38,4,3,0
fold8_room1_mix044,39,4,4,0
fold8_room1_mix044,39,4,3,0
fold8_room1_mix044,40,4,4,0
fold8_room1_mix044,40,4,3,0
fold8_room1_mix044,41,4,4,0
fold8_room1_mix044,41,4,3,0
fold8_room1_mix044,42,4,4,0
fold8_room1_mix044,42,4,3,0
fold8_room1_mix044,43,4,3,0
fold8_room1_mix044,43,4,3,0
fold8_room1_mix044,44,4,4,0
fold8_room1_mix044,44,4,3,0
fold8_room1_mix044,45,4,4,0
fold8_room1_mix044,45,4,3,0
fold8_room1_mix044,46,4,4,-1
fold8_room1_mix044,46,4,3,-1
fold8_room1_mix044,47,4,5,-1
fold8_room1_mix044,47,4,4,-1
fold8_room1_mix044,48,4,6,-1
fold8_room1_mix044,48,4,5,-1
fold8_room1_mix044,49,4,7,-1
fold8_room1_mix044,49,4,5,-1
fold8_room1_mix044,50,4,8,-1
fold8_room1_mix044,50,4,6,-1
fold8_room1_mix044,51,4,8,-1
fold8_room1_mix044,51,4,7,-1
fold8_room1_mix044,52,4,9,-1
fold8_room1_mix044,52,4,8,-1
fold8_room1_mix044,53,4,9,-1
fold8_room1_mix044,53,4,8,-1
fold8_room1_mix044,54,4,9,-1
fold8_room1_mix044,54,4,8,-1
fold8_room1_mix044,55,4,9,-1
fold8_room1_mix044,55,4,8,-1
fold8_room1_mix044,56,4,9,-1
fold8_room1_mix044,56,4,9,-1
fold8_room1_mix044,57,4,11,-2
fold8_room1_mix044,57,4,10,-2
fold8_room1_mix044,58,4,12,-2
fold8_room1_mix044,58,4,11,-2
fold8_room1_mix044,59,4,13,-2
fold8_room1_mix044,59,4,12,-2
fold8_room1_mix044,60,4,15,-3
fold8_room1_mix044,60,4,13,-3
fold8_room1_mix044,61,4,16,-3
fold8_room1_mix044,61,4,14,-3
fold8_room1_mix044,62,4,17,-3
fold8_room1_mix044,62,4,15,-4
fold8_room1_mix044,63,4,16,-4
fold8_room1_mix044,63,4,15,-4
fold8_room1_mix044,64,4,15,-4
fold8_room1_mix044,64,4,15,-5
fold8_room1_mix044,65,4,14,-5
fold8_room1_mix044,65,4,15,-5
fold8_room1_mix044,66,4,13,-6
fold8_room1_mix044,66,4,20,-6
fold8_room1_mix044,67,4,12,-6
fold8_room1_mix044,67,4,118,-1
fold8_room1_mix044,67,4,36,-8
fold8_room1_mix044,68,4,11,-7
fold8_room1_mix044,68,4,126,-2
fold8_room1_mix044,68,4,46,-9
fold8_room1_mix044,69,4,13,-8
fold8_room1_mix044,69,4,136,-3
fold8_room1_mix044,69,4,56,-10
fold8_room1_mix044,70,4,16,-9
fold8_room1_mix044,70,4,146,-4
fold8_room1_mix044,70,4,67,-12
fold8_room1_mix044,71,4,19,-11
fold8_room1_mix044,71,4,154,-5
fold8_room1_mix044,71,4,81,-13
fold8_room1_mix044,72,4,30,-12
fold8_room1_mix044,72,4,159,-5
fold8_room1_mix044,72,4,100,-13
fold8_room1_mix044,73,4,62,-15
fold8_room1_mix044,73,4,159,-5
fold8_room1_mix044,73,4,118,-12
fold8_room1_mix044,74,4,108,-12
fold8_room1_mix044,74,4,160,-5
fold8_room1_mix044,74,4,130,-10
fold8_room1_mix044,75,4,126,-8
fold8_room1_mix044,75,4,132,-8
fold8_room1_mix044,76,4,130,-5
fold8_room1_mix044,76,4,165,-4
fold8_room1_mix044,76,4,146,-7
fold8_room1_mix044,77,4,133,-2
fold8_room1_mix044,77,4,163,-4
fold8_room1_mix044,78,4,134,-1
fold8_room1_mix044,78,4,171,-2
fold8_room1_mix044,79,4,135,0
fold8_room1_mix044,79,4,173,-2
fold8_room1_mix044,80,4,135,0
fold8_room1_mix044,80,4,174,-2
fold8_room1_mix044,81,4,136,0
fold8_room1_mix044,81,4,175,-2
fold8_room1_mix044,82,4,137,0
fold8_room1_mix044,82,4,175,-2
fold8_room1_mix044,83,4,138,0
fold8_room1_mix044,83,4,176,-2
fold8_room1_mix044,84,4,140,0
fold8_room1_mix044,84,4,176,-2
fold8_room1_mix044,85,4,141,0
fold8_room1_mix044,85,4,176,-1
fold8_room1_mix044,86,4,141,0
fold8_room1_mix044,86,4,176,-1
fold8_room1_mix044,87,4,142,0
fold8_room1_mix044,87,4,177,-1
fold8_room1_mix044,88,4,144,0
fold8_room1_mix044,88,4,177,-1
fold8_room1_mix044,89,4,145,0
fold8_room1_mix044,89,4,176,-1
fold8_room1_mix044,90,4,147,0
fold8_room1_mix044,90,4,176,-1
fold8_room1_mix044,91,4,148,0
fold8_room1_mix044,91,4,176,-1
fold8_room1_mix044,92,4,148,0
fold8_room1_mix044,92,4,176,-1
fold8_room1_mix044,93,4,149,0
fold8_room1_mix044,93,4,177,-1
fold8_room1_mix044,94,4,150,0
fold8_room1_mix044,94,4,177,0
fold8_room1_mix044,95,4,150,0
fold8_room1_mix044,95,4,177,0
fold8_room1_mix044,96,4,151,0
fold8_room1_mix044,96,4,177,0
fold8_room1_mix044,97,4,151,0
fold8_room1_mix044,97,4,177,0
fold8_room1_mix044,98,4,151,0
fold8_room1_mix044,98,4,177,0
fold8_room1_mix044,99,4,150,0
fold8_room1_mix044,99,4,177,0
fold8_room1_mix045,1,4,1,0
fold8_room1_mix045,2,4,0,0
fold8_room1_mix045,2,4,1,0
fold8_room1_mix045,3,4,0,0
fold8_room1_mix045,3,4,0,0
fold8_room1_mix045,4,4,0,-1
fold8_room1_mix045,4,4,0,0
fold8_room1_mix045,5,4,0,-1
fold8_room1_mix045,5,4,0,-1
fold8_room1_mix045,6,4,0,-1
fold8_room1_mix045,6,4,0,-1
fold8_room1_mix045,7,4,0,-1
fold8_room1_mix045,7,4,0,-1
fold8_room1_mix045,8,4,0,-1
fold8_room1_mix045,8,4,0,-1
fold8_room1_mix045,9,4,0,-1
fold8_room1_mix045,9,4,0,-1
fold8_room1_mix045,10,4,0,-1
fold8_room1_mix045,10,4,0,-1
fold8_room1_mix045,11,4,0,-1
fold8_room1_mix045,11,4,0,-1
fold8_room1_mix045,12,4,0,-1
fold8_room1_mix045,12,4,0,-1
fold8_room1_mix045,13,4,0,-1
fold8_room1_mix045,13,4,0,-1
fold8_room1_mix045,14,4,0,-1
fold8_room1_mix045,14,4,0,-1
fold8_room1_mix045,15,4,1,-1
fold8_room1_mix045,15,4,0,-1
fold8_room1_mix045,16,4,1,-1
fold8_room1_mix045,16,4,0,-1
fold8_room1_mix045,17,4,1,-1
fold8_room1_mix045,17,4,0,-1
fold8_room1_mix045,18,4,1,-1
fold8_room1_mix045,18,4,0,-1
fold8_room1_mix045,19,4,2,-1
fold8_room1_mix045,19,4,0,-1
fold8_room1_mix045,20,4,2,-1
fold8_room1_mix045,20,4,0,-1
fold8_room1_mix045,21,4,2,0
fold8_room1_mix045,21,4,0,-1
fold8_room1_mix045,22,2,129,-1
fold8_room1_mix045,22,4,2,0
fold8_room1_mix045,22,4,1,-1
fold8_room1_mix045,23,2,129,-1
fold8_room1_mix045,23,4,3,0
fold8_room1_mix045,23,4,1,-1
fold8_room1_mix045,24,2,130,-1
fold8_room1_mix045,24,4,4,0
fold8_room1_mix045,24,4,2,-1
fold8_room1_mix045,25,2,129,-2
fold8_room1_mix045,25,4,5,0
fold8_room1_mix045,25,4,3,-1
fold8_room1_mix045,26,2,129,-2
fold8_room1_mix045,26,4,7,0
fold8_room1_mix045,26,4,4,-1
fold8_room1_mix045,27,2,129,-2
fold8_room1_mix045,27,4,8,0
fold8_room1_mix045,27,4,4,-1
fold8_room1_mix045,28,2,129,-2
fold8_room1_mix045,28,4,8,0
fold8_room1_mix045,28,4,4,-1
fold8_room1_mix045,29,2,130,-2
fold8_room1_mix045,29,4,7,0
fold8_room1_mix045,29,4,3,-1
fold8_room1_mix045,30,2,130,-2
fold8_room1_mix045,30,4,7,0
fold8_room1_mix045,30,4,2,-1
fold8_room1_mix045,31,2,129,-2
fold8_room1_mix045,31,4,6,-1
fold8_room1_mix045,31,4,1,-1
fold8_room1_mix045,32,2,128,-2
fold8_room1_mix045,32,4,5,-1
fold8_room1_mix045,32,4,0,-2
fold8_room1_mix045,33,2,126,-2
fold8_room1_mix045,33,4,4,-1
fold8_room1_mix045,33,4,-1,-2
fold8_room1_mix045,34,2,126,-2
fold8_room1_mix045,34,4,5,-1
fold8_room1_mix045,34,4,-2,-2
fold8_room1_mix045,35,2,125,-2
fold8_room1_mix045,35,4,5,-1
fold8_room1_mix045,35,4,162,-1
fold8_room1_mix045,35,4,-10,-3
fold8_room1_mix045,36,2,125,-2
fold8_room1_mix045,36,4,6,-1
fold8_room1_mix045,36,4,161,-1
fold8_room1_mix045,36,4,-11,-3
fold8_room1_mix045,37,2,125,-2
fold8_room1_mix045,37,4,6,-1
fold8_room1_mix045,37,4,161,-1
fold8_room1_mix045,37,4,-13,-3
fold8_room1_mix045,38,2,124,-2
fold8_room1_mix045,38,4,6,-2
fold8_room1_mix045,38,4,161,-1
fold8_room1_mix045,38,4,-16,-3
fold8_room1_mix045,39,2,124,-2
fold8_room1_mix045,39,4,5,-2
fold8_room1_mix045,39,4,161,-1
fold8_room1_mix045,39,4,-18,-3
fold8_room1_mix045,40,2,123,-2
fold8_room1_mix045,40,4,5,-2
fold8_room1_mix045,40,4,160,-1
fold8_room1_mix045,40,4,-21,-4
fold8_room1_mix045,41,2,121,-3
fold8_room1_mix045,41,4,6,-2
fold8_room1_mix045,41,4,158,-1
fold8_room1_mix045,41,4,-24,-4
fold8_room1_mix045,42,2,119,-3
fold8_room1_mix045,42,4,7,-2
fold8_room1_mix045,42,4,156,-1
fold8_room1_mix045,42,4,-27,-4
fold8_room1_mix045,43,2,117,-3
fold8_room1_mix045,43,4,9,-2
fold8_room1_mix045,43,4,156,-1
fold8_room1_mix045,43,4,-31,-4
fold8_room1_mix045,44,2,116,-3
fold8_room1_mix045,44,4,13,-1
fold8_room1_mix045,44,4,157,-1
fold8_room1_mix045,44,4,-38,-5
fold8_room1_mix045,45,2,115,-3
fold8_room1_mix045,45,4,18,-1
fold8_room1_mix045,45,4,158,-2
fold8_room1_mix045,45,4,-45,-6
fold8_room1_mix045,46,2,114,-3
fold8_room1_mix045,46,4,24,-1
fold8_room1_mix045,46,4,160,-3
fold8_room1_mix045,46,4,-51,-7
fold8_room1_mix045,47,2,115,-3
fold8_room1_mix045,47,4,30,-1
fold8_room1_mix045,47,4,168,-3
fold8_room1_mix045,47,4,-57,-8
fold8_room1_mix045,48,2,116,-3
fold8_room1_mix045,48,4,36,-1
fold8_room1_mix045,48,4,178,-4
fold8_room1_mix045,48,4,-65,-9
fold8_room1_mix045,49,2,117,-3
fold8_room1_mix045,49,4,40,-2
fold8_room1_mix045,49,4,-169,-4
fold8_room1_mix045,49,4,-75,-9
fold8_room1_mix045,50,2,115,-3
fold8_room1_mix045,50,4,46,-1
fold8_room1_mix045,50,4,-165,-5
fold8_room1_mix045,50,4,-94,-9
fold8_room1_mix045,51,2,113,-3
fold8_room1_mix045,51,4,53,-1
fold8_room1_mix045,51,4,-163,-5
fold8_room1_mix045,51,4,-114,-8
fold8_room1_mix045,52,2,110,-3
fold8_room1_mix045,52,4,60,-1
fold8_room1_mix045,52,4,-162,-5
fold8_room1_mix045,52,4,-127,-7
fold8_room1_mix045,53,2,108,-3
fold8_room1_mix045,53,4,66,-1
fold8_room1_mix045,53,4,-162,-5
fold8_room1_mix045,53,4,-135,-6
fold8_room1_mix045,54,2,106,-3
fold8_room1_mix045,54,4,71,-2
fold8_room1_mix045,54,4,-164,-4
fold8_room1_mix045,54,4,-141,-5
fold8_room1_mix045,55,2,104,-3
fold8_room1_mix045,55,4,77,-2
fold8_room1_mix045,55,4,-165,-4
fold8_room1_mix045,55,4,-148,-5
fold8_room1_mix045,56,2,102,-3
fold8_room1_mix045,56,4,81,-2
fold8_room1_mix045,56,4,-159,-4
fold8_room1_mix045,57,2,100,-2
fold8_room1_mix045,57,4,83,-2
fold8_room1_mix045,57,4,-160,-4
fold8_room1_mix045,58,2,99,-2
fold8_room1_mix045,58,4,85,-2
fold8_room1_mix045,58,4,-161,-3
fold8_room1_mix045,59,2,97,-2
fold8_room1_mix045,59,4,86,-2
fold8_room1_mix045,59,4,-163,-3
fold8_room1_mix045,60,2,96,-2
fold8_room1_mix045,60,4,84,-3
fold8_room1_mix045,60,4,-164,-3
fold8_room1_mix045,61,2,94,-2
fold8_room1_mix045,61,4,82,-3
fold8_room1_mix045,61,4,-165,-2
fold8_room1_mix045,62,2,93,-2
fold8_room1_mix045,62,4,79,-3
fold8_room1_mix045,62,4,-166,-2
fold8_room1_mix045,63,2,92,-3
fold8_room1_mix045,63,4,74,-3
fold8_room1_mix045,63,4,-169,-2
fold8_room1_mix045,64,2,91,-3
fold8_room1_mix045,64,4,69,-3
fold8_room1_mix045,64,4,-171,-2
fold8_room1_mix045,65,2,90,-3
fold8_room1_mix045,65,4,64,-2
fold8_room1_mix045,65,4,-174,-2
fold8_room1_mix045,66,2,89,-3
fold8_room1_mix045,66,4,60,-2
fold8_room1_mix045,66,4,-176,-2
fold8_room1_mix045,67,2,89,-3
fold8_room1_mix045,67,4,57,-2
fold8_room1_mix045,67,4,-177,-2
fold8_room1_mix045,68,2,88,-3
fold8_room1_mix045,68,4,53,-2
fold8_room1_mix045,68,4,-178,-2
fold8_room1_mix045,69,2,88,-3
fold8_room1_mix045,69,4,51,-1
fold8_room1_mix045,69,4,179,-2
fold8_room1_mix045,70,2,88,-3
fold8_room1_mix045,70,4,49,-1
fold8_room1_mix045,70,4,177,-2
fold8_room1_mix045,71,2,88,-3
fold8_room1_mix045,71,4,47,-1
fold8_room1_mix045,71,4,175,-2
fold8_room1_mix045,72,2,88,-3
fold8_room1_mix045,72,4,46,-1
fold8_room1_mix045,72,4,174,-2
fold8_room1_mix045,73,2,87,-3
fold8_room1_mix045,73,4,45,-1
fold8_room1_mix045,73,4,-178,-2
fold8_room1_mix045,73,4,165,-1
fold8_room1_mix045,74,2,86,-3
fold8_room1_mix045,74,4,44,-2
fold8_room1_mix045,74,4,-178,-2
fold8_room1_mix045,74,4,163,-1
fold8_room1_mix045,75,2,85,-3
fold8_room1_mix045,75,4,43,-2
fold8_room1_mix045,75,4,-178,-2
fold8_room1_mix045,75,4,162,-1
fold8_room1_mix045,76,2,84,-3
fold8_room1_mix045,76,4,42,-1
fold8_room1_mix045,76,4,-179,-2
fold8_room1_mix045,76,4,163,-1
fold8_room1_mix045,77,2,84,-3
fold8_room1_mix045,77,4,41,-1
fold8_room1_mix045,77,4,-179,-2
fold8_room1_mix045,77,4,164,-1
fold8_room1_mix045,78,2,83,-3
fold8_room1_mix045,78,4,41,-1
fold8_room1_mix045,78,4,173,-2
fold8_room1_mix045,79,2,81,-2
fold8_room1_mix045,79,4,42,-1
fold8_room1_mix045,79,4,173,-1
fold8_room1_mix045,80,2,79,-2
fold8_room1_mix045,80,4,44,0
fold8_room1_mix045,80,4,-177,-2
fold8_room1_mix045,80,4,167,-1
fold8_room1_mix045,81,2,77,-2
fold8_room1_mix045,81,4,45,0
fold8_room1_mix045,81,4,-176,-1
fold8_room1_mix045,81,4,168,-1
fold8_room1_mix045,82,2,78,-2
fold8_room1_mix045,82,4,44,0
fold8_room1_mix045,82,4,176,-1
fold8_room1_mix045,83,2,79,-2
fold8_room1_mix045,83,4,42,-1
fold8_room1_mix045,83,4,176,-1
fold8_room1_mix045,84,4,40,-1
fold8_room1_mix045,84,4,177,-1
fold8_room1_mix045,85,4,38,-1
fold8_room1_mix045,85,4,176,-1
fold8_room1_mix045,86,4,36,-1
fold8_room1_mix045,86,4,176,-1
fold8_room1_mix045,87,4,33,-1
fold8_room1_mix045,87,4,175,-1
fold8_room1_mix045,88,4,31,-1
fold8_room1_mix045,88,4,174,-1
fold8_room1_mix045,89,4,29,-1
fold8_room1_mix045,89,4,173,-1
fold8_room1_mix045,90,4,27,-1
fold8_room1_mix045,90,4,172,-1
fold8_room1_mix045,91,4,25,-1
fold8_room1_mix045,91,4,171,-1
fold8_room1_mix045,92,4,23,-1
fold8_room1_mix045,92,4,170,-1
fold8_room1_mix045,93,4,21,-1
fold8_room1_mix045,93,4,170,0
fold8_room1_mix045,94,4,20,-1
fold8_room1_mix045,94,4,169,0
fold8_room1_mix045,95,4,18,-1
fold8_room1_mix045,95,4,169,0
fold8_room1_mix045,96,4,17,0
fold8_room1_mix045,96,4,169,0
fold8_room1_mix045,97,4,15,0
fold8_room1_mix045,97,4,169,0
fold8_room1_mix045,98,4,15,0
fold8_room1_mix045,98,4,169,0
fold8_room1_mix045,99,4,15,0
fold8_room1_mix045,99,4,170,0
fold8_room1_mix045,0,4,1,0
fold8_room1_mix046,9,4,132,-1
fold8_room1_mix046,10,4,134,-1
fold8_room1_mix046,11,4,134,-1
fold8_room1_mix046,12,4,134,-1
fold8_room1_mix046,13,4,134,-1
fold8_room1_mix046,14,4,134,-1
fold8_room1_mix046,15,4,133,-1
fold8_room1_mix046,16,4,133,-1
fold8_room1_mix046,17,4,132,-1
fold8_room1_mix046,18,4,131,-1
fold8_room1_mix046,19,4,130,-1
fold8_room1_mix046,20,4,129,-1
fold8_room1_mix046,21,4,128,-1
fold8_room1_mix046,22,4,128,-1
fold8_room1_mix046,23,4,127,-1
fold8_room1_mix046,24,4,126,-1
fold8_room1_mix046,25,4,126,-1
fold8_room1_mix046,26,4,125,-2
fold8_room1_mix046,27,4,125,-2
fold8_room1_mix046,28,3,-90,0
fold8_room1_mix046,28,4,124,-1
fold8_room1_mix046,29,3,-91,0
fold8_room1_mix046,29,4,123,-1
fold8_room1_mix046,30,3,-91,0
fold8_room1_mix046,30,4,121,-1
fold8_room1_mix046,31,3,-91,0
fold8_room1_mix046,31,4,119,-1
fold8_room1_mix046,32,3,-91,0
fold8_room1_mix046,32,4,117,-1
fold8_room1_mix046,33,3,-91,0
fold8_room1_mix046,33,4,115,-1
fold8_room1_mix046,34,3,-90,0
fold8_room1_mix046,34,4,114,-1
fold8_room1_mix046,35,3,-88,0
fold8_room1_mix046,35,4,113,-2
fold8_room1_mix046,36,3,-87,0
fold8_room1_mix046,36,4,113,-2
fold8_room1_mix046,37,3,-87,0
fold8_room1_mix046,37,4,110,-2
fold8_room1_mix046,38,3,-88,0
fold8_room1_mix046,38,4,107,-2
fold8_room1_mix046,39,3,-89,0
fold8_room1_mix046,39,4,103,-1
fold8_room1_mix046,40,3,-89,0
fold8_room1_mix046,40,4,101,-1
fold8_room1_mix046,41,3,-88,0
fold8_room1_mix046,41,4,99,-1
fold8_room1_mix046,42,3,-87,0
fold8_room1_mix046,42,4,98,-2
fold8_room1_mix046,43,3,-86,0
fold8_room1_mix046,43,4,96,-2
fold8_room1_mix046,44,3,-85,0
fold8_room1_mix046,44,4,94,-2
fold8_room1_mix046,45,3,-85,0
fold8_room1_mix046,45,4,91,-2
fold8_room1_mix046,46,3,-85,0
fold8_room1_mix046,46,4,89,-2
fold8_room1_mix046,47,3,-86,0
fold8_room1_mix046,47,4,90,-2
fold8_room1_mix046,48,3,-87,0
fold8_room1_mix046,48,4,91,-3
fold8_room1_mix046,49,3,-87,0
fold8_room1_mix046,49,4,91,-3
fold8_room1_mix046,50,3,-86,0
fold8_room1_mix046,50,4,93,-3
fold8_room1_mix046,50,4,75,-4
fold8_room1_mix046,51,3,-84,0
fold8_room1_mix046,51,4,88,-3
fold8_room1_mix046,51,4,68,-4
fold8_room1_mix046,52,3,-82,0
fold8_room1_mix046,52,4,83,-3
fold8_room1_mix046,52,4,61,-4
fold8_room1_mix046,53,3,-81,-1
fold8_room1_mix046,53,4,81,-3
fold8_room1_mix046,53,4,58,-4
fold8_room1_mix046,54,3,-79,-1
fold8_room1_mix046,54,4,81,-3
fold8_room1_mix046,54,4,57,-4
fold8_room1_mix046,55,3,-77,-1
fold8_room1_mix046,55,4,72,-2
fold8_room1_mix046,55,4,89,-3
fold8_room1_mix046,55,4,56,-4
fold8_room1_mix046,56,3,-76,-1
fold8_room1_mix046,56,4,68,-2
fold8_room1_mix046,56,4,87,-3
fold8_room1_mix046,56,4,53,-4
fold8_room1_mix046,57,3,-78,-1
fold8_room1_mix046,57,4,63,-2
fold8_room1_mix046,57,4,81,-2
fold8_room1_mix046,57,4,48,-3
fold8_room1_mix046,58,3,-80,-1
fold8_room1_mix046,58,4,58,-2
fold8_room1_mix046,58,4,51,-2
fold8_room1_mix046,59,3,-81,0
fold8_room1_mix046,59,4,52,-1
fold8_room1_mix046,59,4,47,-1
fold8_room1_mix046,60,4,48,-1
fold8_room1_mix046,60,4,44,-1
fold8_room1_mix046,61,4,44,-1
fold8_room1_mix046,61,4,42,-1
fold8_room1_mix046,62,4,41,-1
fold8_room1_mix046,62,4,39,-1
fold8_room1_mix046,63,4,39,-2
fold8_room1_mix046,63,4,37,-2
fold8_room1_mix046,64,4,37,-2
fold8_room1_mix046,64,4,34,-2
fold8_room1_mix046,65,4,35,-2
fold8_room1_mix046,65,4,31,-2
fold8_room1_mix046,66,4,33,-2
fold8_room1_mix046,66,4,29,-2
fold8_room1_mix046,67,4,31,-2
fold8_room1_mix046,67,4,27,-2
fold8_room1_mix046,68,4,29,-2
fold8_room1_mix046,68,4,26,-2
fold8_room1_mix046,69,4,28,-2
fold8_room1_mix046,69,4,26,-2
fold8_room1_mix046,70,4,27,-2
fold8_room1_mix046,70,4,26,-2
fold8_room1_mix046,71,4,26,-2
fold8_room1_mix046,71,4,26,-2
fold8_room1_mix046,72,4,25,-2
fold8_room1_mix046,72,4,27,-2
fold8_room1_mix046,73,4,23,-2
fold8_room1_mix046,73,4,28,-2
fold8_room1_mix046,74,4,21,-2
fold8_room1_mix046,74,4,165,-3
fold8_room1_mix046,74,4,55,-4
fold8_room1_mix046,75,4,20,-2
fold8_room1_mix046,75,4,171,-3
fold8_room1_mix046,76,4,21,-2
fold8_room1_mix046,76,4,173,-3
fold8_room1_mix046,76,4,147,-3
fold8_room1_mix046,77,4,21,-2
fold8_room1_mix046,77,4,175,-4
fold8_room1_mix046,77,4,157,-2
fold8_room1_mix046,78,4,23,-2
fold8_room1_mix046,78,4,177,-4
fold8_room1_mix046,78,4,160,-2
fold8_room1_mix046,79,4,29,-3
fold8_room1_mix046,79,4,179,-5
fold8_room1_mix046,79,4,161,-3
fold8_room1_mix046,80,4,34,-4
fold8_room1_mix046,80,4,-177,-5
fold8_room1_mix046,80,4,161,-3
fold8_room1_mix046,81,4,39,-4
fold8_room1_mix046,81,4,-175,-5
fold8_room1_mix046,81,4,162,-4
fold8_room1_mix046,82,4,46,-6
fold8_room1_mix046,82,4,175,-6
fold8_room1_mix046,83,4,56,-7
fold8_room1_mix046,83,4,176,-6
fold8_room1_mix046,84,4,70,-9
fold8_room1_mix046,84,4,178,-7
fold8_room1_mix046,85,4,79,-10
fold8_room1_mix046,85,4,173,-7
fold8_room1_mix046,85,4,-154,-14
fold8_room1_mix046,86,4,87,-12
fold8_room1_mix046,86,4,171,-10
fold8_room1_mix046,86,4,-129,-19
fold8_room1_mix046,87,4,97,-13
fold8_room1_mix046,87,4,168,-13
fold8_room1_mix046,87,4,-109,-22
fold8_room1_mix046,88,4,74,-18
fold8_room1_mix046,88,4,164,-14
fold8_room1_mix046,88,4,-93,-24
fold8_room1_mix046,89,4,22,-15
fold8_room1_mix046,89,4,160,-11
fold8_room1_mix046,89,4,-70,-26
fold8_room1_mix046,90,4,-2,-13
fold8_room1_mix046,90,4,157,-8
fold8_room1_mix046,90,4,-36,-26
fold8_room1_mix046,91,4,-13,-12
fold8_room1_mix046,91,4,158,-6
fold8_room1_mix046,91,4,-5,-25
fold8_room1_mix046,92,4,-13,-10
fold8_room1_mix046,92,4,166,-4
fold8_room1_mix046,93,4,-13,-8
fold8_room1_mix046,93,4,172,-3
fold8_room1_mix046,94,4,-12,-7
fold8_room1_mix046,94,4,177,-3
fold8_room1_mix046,94,4,133,-6
fold8_room1_mix046,95,4,-10,-6
fold8_room1_mix046,95,4,176,-3
fold8_room1_mix046,96,4,-8,-6
fold8_room1_mix046,96,4,176,-4
fold8_room1_mix046,96,4,41,-6
fold8_room1_mix046,97,4,-6,-5
fold8_room1_mix046,97,4,175,-4
fold8_room1_mix046,97,4,27,-4
fold8_room1_mix046,98,4,-3,-4
fold8_room1_mix046,98,4,174,-4
fold8_room1_mix046,98,4,23,-3
fold8_room1_mix046,99,4,0,-4
fold8_room1_mix046,99,4,172,-3
fold8_room1_mix046,99,4,19,-3
fold8_room1_mix047,2,4,-1,0
fold8_room1_mix047,2,4,0,0
fold8_room1_mix047,3,4,0,0
fold8_room1_mix047,3,4,0,0
fold8_room1_mix047,4,4,0,-1
fold8_room1_mix047,4,4,0,0
fold8_room1_mix047,5,4,0,-1
fold8_room1_mix047,5,4,0,0
fold8_room1_mix047,6,4,0,0
fold8_room1_mix047,6,4,0,0
fold8_room1_mix047,7,4,1,0
fold8_room1_mix047,7,4,0,0
fold8_room1_mix047,8,4,1,0
fold8_room1_mix047,8,4,0,0
fold8_room1_mix047,9,4,1,0
fold8_room1_mix047,9,4,0,0
fold8_room1_mix047,10,4,1,0
fold8_room1_mix047,10,4,0,0
fold8_room1_mix047,11,4,1,0
fold8_room1_mix047,11,4,0,0
fold8_room1_mix047,12,4,1,0
fold8_room1_mix047,12,4,0,0
fold8_room1_mix047,13,4,1,0
fold8_room1_mix047,13,4,0,0
fold8_room1_mix047,14,4,1,-1
fold8_room1_mix047,14,4,-1,0
fold8_room1_mix047,15,4,1,-1
fold8_room1_mix047,15,4,-1,0
fold8_room1_mix047,16,4,0,-1
fold8_room1_mix047,16,4,-1,0
fold8_room1_mix047,17,4,0,-1
fold8_room1_mix047,17,4,-1,0
fold8_room1_mix047,18,4,0,-1
fold8_room1_mix047,18,4,-1,0
fold8_room1_mix047,19,4,0,-1
fold8_room1_mix047,19,4,-1,0
fold8_room1_mix047,20,4,0,-1
fold8_room1_mix047,20,4,-2,0
fold8_room1_mix047,21,4,0,-1
fold8_room1_mix047,21,4,-2,0
fold8_room1_mix047,22,4,0,-1
fold8_room1_mix047,22,4,-1,0
fold8_room1_mix047,23,4,0,-1
fold8_room1_mix047,23,4,-1,0
fold8_room1_mix047,24,4,0,-1
fold8_room1_mix047,24,4,-1,0
fold8_room1_mix047,25,4,0,-1
fold8_room1_mix047,25,4,-1,0
fold8_room1_mix047,26,4,1,-1
fold8_room1_mix047,26,4,-1,0
fold8_room1_mix047,27,4,1,-1
fold8_room1_mix047,27,4,-1,0
fold8_room1_mix047,28,4,1,-1
fold8_room1_mix047,28,4,-1,0
fold8_room1_mix047,29,4,1,-1
fold8_room1_mix047,29,4,-1,0
fold8_room1_mix047,30,4,1,-1
fold8_room1_mix047,30,4,0,0
fold8_room1_mix047,31,4,1,-1
fold8_room1_mix047,31,4,0,0
fold8_room1_mix047,32,4,1,-1
fold8_room1_mix047,32,4,0,0
fold8_room1_mix047,33,4,1,-1
fold8_room1_mix047,33,4,-1,0
fold8_room1_mix047,34,4,0,-1
fold8_room1_mix047,34,4,-1,-1
fold8_room1_mix047,35,4,0,-1
fold8_room1_mix047,35,4,-1,-1
fold8_room1_mix047,36,4,0,-2
fold8_room1_mix047,36,4,-2,-1
fold8_room1_mix047,37,4,0,-2
fold8_room1_mix047,37,4,-2,-1
fold8_room1_mix047,38,4,0,-2
fold8_room1_mix047,38,4,-2,-1
fold8_room1_mix047,39,4,0,-2
fold8_room1_mix047,39,4,-2,-1
fold8_room1_mix047,40,4,0,-2
fold8_room1_mix047,40,4,-2,-2
fold8_room1_mix047,41,4,0,-3
fold8_room1_mix047,41,4,-2,-2
fold8_room1_mix047,42,4,1,-3
fold8_room1_mix047,42,4,-2,-2
fold8_room1_mix047,43,4,1,-3
fold8_room1_mix047,43,4,-3,-3
fold8_room1_mix047,44,4,0,-3
fold8_room1_mix047,44,4,-5,-3
fold8_room1_mix047,45,4,-1,-3
fold8_room1_mix047,45,4,-173,-2
fold8_room1_mix047,46,4,-2,-3
fold8_room1_mix047,46,4,-169,-3
fold8_room1_mix047,47,4,-2,-3
fold8_room1_mix047,47,4,-170,-3
fold8_room1_mix047,48,4,-2,-4
fold8_room1_mix047,48,4,-170,-3
fold8_room1_mix047,49,4,-2,-4
fold8_room1_mix047,49,4,-169,-4
fold8_room1_mix047,50,4,-1,-4
fold8_room1_mix047,50,4,-168,-4
fold8_room1_mix047,51,4,0,-5
fold8_room1_mix047,51,4,-167,-4
fold8_room1_mix047,52,4,0,-5
fold8_room1_mix047,52,4,-166,-4
fold8_room1_mix047,53,4,2,-6
fold8_room1_mix047,53,4,-167,-4
fold8_room1_mix047,54,4,6,-7
fold8_room1_mix047,54,4,-168,-5
fold8_room1_mix047,55,4,10,-9
fold8_room1_mix047,55,4,-162,-4
fold8_room1_mix047,55,4,-178,-8
fold8_room1_mix047,56,4,14,-11
fold8_room1_mix047,56,4,-162,-4
fold8_room1_mix047,57,4,18,-14
fold8_room1_mix047,57,4,-161,-5
fold8_room1_mix047,58,4,26,-18
fold8_room1_mix047,58,4,-160,-6
fold8_room1_mix047,59,4,28,-24
fold8_room1_mix047,59,4,-161,-8
fold8_room1_mix047,60,4,0,-23
fold8_room1_mix047,60,4,-173,-10
fold8_room1_mix047,61,4,-24,-18
fold8_room1_mix047,61,4,173,-11
fold8_room1_mix047,61,4,-161,-16
fold8_room1_mix047,62,4,-34,-13
fold8_room1_mix047,62,4,164,-12
fold8_room1_mix047,62,4,-160,-12
fold8_room1_mix047,63,4,-29,-10
fold8_room1_mix047,63,4,166,-10
fold8_room1_mix047,63,4,-157,-9
fold8_room1_mix047,64,4,-23,-7
fold8_room1_mix047,64,4,169,-9
fold8_room1_mix047,64,4,-154,-6
fold8_room1_mix047,65,4,-18,-5
fold8_room1_mix047,65,4,171,-7
fold8_room1_mix047,65,4,-151,-4
fold8_room1_mix047,66,4,-15,-4
fold8_room1_mix047,66,4,173,-6
fold8_room1_mix047,66,4,-144,-4
fold8_room1_mix047,67,4,-14,-4
fold8_room1_mix047,67,4,174,-6
fold8_room1_mix047,67,4,-137,-5
fold8_room1_mix047,68,4,-12,-4
fold8_room1_mix047,68,4,175,-5
fold8_room1_mix047,68,4,-131,-6
fold8_room1_mix047,69,4,-12,-5
fold8_room1_mix047,69,4,177,-5
fold8_room1_mix047,69,4,-125,-7
fold8_room1_mix047,70,4,-14,-5
fold8_room1_mix047,70,4,-179,-5
fold8_room1_mix047,70,4,-117,-8
fold8_room1_mix047,71,4,-16,-5
fold8_room1_mix047,71,4,-176,-4
fold8_room1_mix047,71,4,-107,-9
fold8_room1_mix047,72,4,-15,-6
fold8_room1_mix047,72,4,-174,-4
fold8_room1_mix047,72,4,-96,-10
fold8_room1_mix047,73,4,-11,-6
fold8_room1_mix047,73,4,-174,-5
fold8_room1_mix047,73,4,-85,-11
fold8_room1_mix047,74,4,-7,-7
fold8_room1_mix047,74,4,-173,-5
fold8_room1_mix047,74,4,-75,-10
fold8_room1_mix047,75,4,-5,-7
fold8_room1_mix047,75,4,-173,-5
fold8_room1_mix047,75,4,-69,-10
fold8_room1_mix047,76,4,-5,-6
fold8_room1_mix047,76,4,-174,-5
fold8_room1_mix047,76,4,-70,-10
fold8_room1_mix047,77,4,-5,-5
fold8_room1_mix047,77,4,-175,-5
fold8_room1_mix047,77,4,-72,-9
fold8_room1_mix047,78,4,-5,-5
fold8_room1_mix047,78,4,-176,-4
fold8_room1_mix047,78,4,-73,-9
fold8_room1_mix047,79,4,-6,-5
fold8_room1_mix047,79,4,-175,-4
fold8_room1_mix047,79,4,-75,-9
fold8_room1_mix047,80,4,-7,-5
fold8_room1_mix047,80,4,-173,-4
fold8_room1_mix047,80,4,-76,-9
fold8_room1_mix047,81,4,-7,-5
fold8_room1_mix047,81,4,-172,-4
fold8_room1_mix047,81,4,-78,-9
fold8_room1_mix047,82,4,-7,-5
fold8_room1_mix047,82,4,-171,-4
fold8_room1_mix047,82,4,-78,-9
fold8_room1_mix047,83,4,-6,-5
fold8_room1_mix047,83,4,-169,-4
fold8_room1_mix047,83,4,-79,-9
fold8_room1_mix047,84,4,-5,-5
fold8_room1_mix047,84,4,-167,-4
fold8_room1_mix047,84,4,-79,-10
fold8_room1_mix047,85,4,-6,-4
fold8_room1_mix047,85,4,-166,-4
fold8_room1_mix047,85,4,-95,-10
fold8_room1_mix047,86,4,-7,-4
fold8_room1_mix047,86,4,-164,-4
fold8_room1_mix047,86,4,-119,-9
fold8_room1_mix047,87,4,-8,-4
fold8_room1_mix047,87,4,-162,-4
fold8_room1_mix047,87,4,-135,-7
fold8_room1_mix047,88,4,-9,-3
fold8_room1_mix047,88,4,-162,-4
fold8_room1_mix047,88,4,-145,-6
fold8_room1_mix047,89,4,-10,-3
fold8_room1_mix047,89,4,-157,-5
fold8_room1_mix047,90,4,-11,-3
fold8_room1_mix047,90,4,-160,-4
fold8_room1_mix047,91,4,-11,-3
fold8_room1_mix047,91,4,-162,-4
fold8_room1_mix047,92,4,-12,-3
fold8_room1_mix047,92,4,-164,-4
fold8_room1_mix047,93,4,-12,-2
fold8_room1_mix047,93,4,-167,-3
fold8_room1_mix047,94,4,-12,-2
fold8_room1_mix047,94,4,-169,-3
fold8_room1_mix047,95,4,-12,-2
fold8_room1_mix047,95,4,-170,-3
fold8_room1_mix047,96,4,-12,-2
fold8_room1_mix047,96,4,-172,-3
fold8_room1_mix047,97,4,-12,-1
fold8_room1_mix047,97,4,-173,-3
fold8_room1_mix047,98,4,-12,-2
fold8_room1_mix047,98,4,-174,-3
fold8_room1_mix047,99,4,-11,-2
fold8_room1_mix047,99,4,-175,-2
fold8_room1_mix048,11,4,-8,-2
fold8_room1_mix048,11,4,-173,0
fold8_room1_mix048,12,4,-5,-1
fold8_room1_mix048,12,4,-173,0
fold8_room1_mix048,13,4,-4,-1
fold8_room1_mix048,13,4,-2,0
fold8_room1_mix048,14,4,-3,-1
fold8_room1_mix048,14,4,-2,0
fold8_room1_mix048,15,4,-4,-1
fold8_room1_mix048,15,4,-3,0
fold8_room1_mix048,16,4,-5,-1
fold8_room1_mix048,16,4,-5,0
fold8_room1_mix048,17,4,-6,-2
fold8_room1_mix048,17,4,-6,-1
fold8_room1_mix048,18,4,-7,-2
fold8_room1_mix048,18,4,-7,-1
fold8_room1_mix048,19,4,-7,-1
fold8_room1_mix048,19,4,-7,-1
fold8_room1_mix048,20,4,-8,-1
fold8_room1_mix048,20,4,-8,-1
fold8_room1_mix048,21,4,-8,-1
fold8_room1_mix048,21,4,-8,-1
fold8_room1_mix048,22,4,-7,-1
fold8_room1_mix048,22,4,-8,-1
fold8_room1_mix048,23,4,-7,-1
fold8_room1_mix048,23,4,-8,0
fold8_room1_mix048,24,4,-6,-1
fold8_room1_mix048,24,4,-7,0
fold8_room1_mix048,25,4,-6,-1
fold8_room1_mix048,25,4,-7,0
fold8_room1_mix048,26,4,-5,-1
fold8_room1_mix048,26,4,-7,0
fold8_room1_mix048,27,4,-5,-1
fold8_room1_mix048,27,4,-7,0
fold8_room1_mix048,28,4,-5,-1
fold8_room1_mix048,28,4,-8,0
fold8_room1_mix048,29,4,-6,-1
fold8_room1_mix048,29,4,-8,0
fold8_room1_mix048,30,4,-6,-1
fold8_room1_mix048,30,4,-9,0
fold8_room1_mix048,31,4,-5,-1
fold8_room1_mix048,31,4,-10,-1
fold8_room1_mix048,32,4,-5,-1
fold8_room1_mix048,32,4,-11,-1
fold8_room1_mix048,33,4,-4,-1
fold8_room1_mix048,33,4,-12,-1
fold8_room1_mix048,34,4,-5,-1
fold8_room1_mix048,34,4,-161,-2
fold8_room1_mix048,34,4,-20,0
fold8_room1_mix048,35,4,-5,-1
fold8_room1_mix048,35,4,-160,-2
fold8_room1_mix048,35,4,-23,0
fold8_room1_mix048,36,4,-6,-1
fold8_room1_mix048,36,4,-159,-2
fold8_room1_mix048,36,4,-27,0
fold8_room1_mix048,37,4,-5,-1
fold8_room1_mix048,37,4,-157,-2
fold8_room1_mix048,37,4,-26,0
fold8_room1_mix048,38,4,-4,-1
fold8_room1_mix048,38,4,-153,-2
fold8_room1_mix048,38,4,-21,0
fold8_room1_mix048,39,4,-2,-1
fold8_room1_mix048,39,4,-150,-2
fold8_room1_mix048,39,4,-18,0
fold8_room1_mix048,40,4,-2,-2
fold8_room1_mix048,40,4,-9,-1
fold8_room1_mix048,41,4,-2,-2
fold8_room1_mix048,41,4,-9,-1
fold8_room1_mix048,42,4,-2,-2
fold8_room1_mix048,42,4,-9,-1
fold8_room1_mix048,43,4,-2,-2
fold8_room1_mix048,43,4,-9,-1
fold8_room1_mix048,44,4,-3,-2
fold8_room1_mix048,44,4,-142,-2
fold8_room1_mix048,44,4,-19,-2
fold8_room1_mix048,45,4,-3,-2
fold8_room1_mix048,45,4,-141,-3
fold8_room1_mix048,45,4,-22,-2
fold8_room1_mix048,46,4,-3,-2
fold8_room1_mix048,46,4,-139,-3
fold8_room1_mix048,46,4,-24,-3
fold8_room1_mix048,47,4,-4,-2
fold8_room1_mix048,47,4,-137,-3
fold8_room1_mix048,47,4,-25,-3
fold8_room1_mix048,48,4,-5,-2
fold8_room1_mix048,48,4,-134,-3
fold8_room1_mix048,48,4,-25,-3
fold8_room1_mix048,49,4,-5,-3
fold8_room1_mix048,49,4,-131,-3
fold8_room1_mix048,49,4,-26,-4
fold8_room1_mix048,50,4,-7,-3
fold8_room1_mix048,50,4,-129,-4
fold8_room1_mix048,50,4,-27,-4
fold8_room1_mix048,51,4,-9,-4
fold8_room1_mix048,51,4,-126,-4
fold8_room1_mix048,51,4,-29,-5
fold8_room1_mix048,52,4,-11,-4
fold8_room1_mix048,52,4,-124,-5
fold8_room1_mix048,52,4,-31,-6
fold8_room1_mix048,53,4,-14,-5
fold8_room1_mix048,53,4,-117,-6
fold8_room1_mix048,53,4,-38,-7
fold8_room1_mix048,54,4,-18,-6
fold8_room1_mix048,54,4,-106,-7
fold8_room1_mix048,54,4,-47,-9
fold8_room1_mix048,55,4,-22,-8
fold8_room1_mix048,55,4,-94,-8
fold8_room1_mix048,55,4,-58,-11
fold8_room1_mix048,56,4,-28,-9
fold8_room1_mix048,56,4,-94,-9
fold8_room1_mix048,56,4,-69,-12
fold8_room1_mix048,57,4,-33,-8
fold8_room1_mix048,57,4,-107,-9
fold8_room1_mix048,57,4,-81,-12
fold8_room1_mix048,58,4,-38,-8
fold8_room1_mix048,58,4,-118,-10
fold8_room1_mix048,58,4,-94,-12
fold8_room1_mix048,59,4,-39,-7
fold8_room1_mix048,59,4,-126,-9
fold8_room1_mix048,59,4,-101,-11
fold8_room1_mix048,60,4,-33,-6
fold8_room1_mix048,60,4,-131,-8
fold8_room1_mix048,60,4,-96,-10
fold8_room1_mix048,61,4,-27,-5
fold8_room1_mix048,61,4,-135,-7
fold8_room1_mix048,61,4,-89,-8
fold8_room1_mix048,62,4,-24,-5
fold8_room1_mix048,62,4,-139,-6
fold8_room1_mix048,62,4,-83,-7
fold8_room1_mix048,63,4,-24,-5
fold8_room1_mix048,63,4,-141,-6
fold8_room1_mix048,63,4,-82,-7
fold8_room1_mix048,64,4,-25,-5
fold8_room1_mix048,64,4,-144,-6
fold8_room1_mix048,64,4,-81,-8
fold8_room1_mix048,65,4,-26,-5
fold8_room1_mix048,65,4,-147,-6
fold8_room1_mix048,65,4,-80,-8
fold8_room1_mix048,66,4,-28,-5
fold8_room1_mix048,66,4,-150,-6
fold8_room1_mix048,66,4,-87,-8
fold8_room1_mix048,67,4,-30,-5
fold8_room1_mix048,67,4,-154,-6
fold8_room1_mix048,67,4,-95,-8
fold8_room1_mix048,68,4,-32,-5
fold8_room1_mix048,68,4,-158,-7
fold8_room1_mix048,68,4,-102,-8
fold8_room1_mix048,69,4,-31,-4
fold8_room1_mix048,69,4,-159,-6
fold8_room1_mix048,69,4,-108,-8
fold8_room1_mix048,70,4,-28,-4
fold8_room1_mix048,70,4,-160,-6
fold8_room1_mix048,70,4,-113,-7
fold8_room1_mix048,71,4,-25,-4
fold8_room1_mix048,71,4,-160,-6
fold8_room1_mix048,71,4,-119,-6
fold8_room1_mix048,72,4,-23,-4
fold8_room1_mix048,72,4,-160,-5
fold8_room1_mix048,72,4,-127,-5
fold8_room1_mix048,73,4,-23,-3
fold8_room1_mix048,73,4,-161,-5
fold8_room1_mix048,73,4,-135,-4
fold8_room1_mix048,74,4,-23,-3
fold8_room1_mix048,74,4,-161,-5
fold8_room1_mix048,74,4,-142,-4
fold8_room1_mix048,75,4,-23,-3
fold8_room1_mix048,75,4,-155,-4
fold8_room1_mix048,76,4,-23,-3
fold8_room1_mix048,76,4,-158,-4
fold8_room1_mix048,77,4,-24,-3
fold8_room1_mix048,77,4,-162,-4
fold8_room1_mix048,78,4,-24,-3
fold8_room1_mix048,78,4,-165,-4
fold8_room1_mix048,79,4,-24,-2
fold8_room1_mix048,79,4,-167,-3
fold8_room1_mix048,80,4,-23,-2
fold8_room1_mix048,80,4,-168,-3
fold8_room1_mix048,81,4,-22,-2
fold8_room1_mix048,81,4,-170,-2
fold8_room1_mix048,82,4,-21,-2
fold8_room1_mix048,82,4,-170,-2
fold8_room1_mix048,83,4,-19,-1
fold8_room1_mix048,83,4,-171,-2
fold8_room1_mix048,84,4,-17,-1
fold8_room1_mix048,84,4,-171,-2
fold8_room1_mix048,85,4,-16,-1
fold8_room1_mix048,85,4,-172,-2
fold8_room1_mix048,86,4,-15,-1
fold8_room1_mix048,86,4,-172,-2
fold8_room1_mix048,87,4,-14,-1
fold8_room1_mix048,87,4,-172,-2
fold8_room1_mix048,88,4,-14,-1
fold8_room1_mix048,88,4,-172,-2
fold8_room1_mix048,89,4,-13,-1
fold8_room1_mix048,89,4,-172,-1
fold8_room1_mix048,90,4,-12,-1
fold8_room1_mix048,90,4,-172,-1
fold8_room1_mix048,91,4,-12,-1
fold8_room1_mix048,91,4,-172,-1
fold8_room1_mix048,92,4,-12,-1
fold8_room1_mix048,92,4,-172,-1
fold8_room1_mix048,93,4,-12,-1
fold8_room1_mix048,93,4,-173,-1
fold8_room1_mix048,94,4,-12,-1
fold8_room1_mix048,94,4,-173,-1
fold8_room1_mix048,95,4,-13,-1
fold8_room1_mix048,95,4,-172,-1
fold8_room1_mix048,96,4,-14,-2
fold8_room1_mix048,96,4,-172,-1
fold8_room1_mix048,97,4,-15,-2
fold8_room1_mix048,97,4,-171,-2
fold8_room1_mix048,98,4,-15,-2
fold8_room1_mix048,98,4,-172,-1
fold8_room1_mix048,99,4,-21,-2
fold8_room1_mix048,99,4,-172,-1
fold8_room1_mix048,8,4,-175,0
fold8_room1_mix048,9,4,-174,0
fold8_room1_mix048,10,4,-173,0
fold8_room1_mix049,0,5,141,13
fold8_room1_mix049,1,5,141,13
fold8_room1_mix049,2,5,141,13
fold8_room1_mix049,3,5,141,12
fold8_room1_mix049,4,5,141,12
fold8_room1_mix049,5,5,141,12
fold8_room1_mix049,6,5,141,12
fold8_room1_mix049,7,5,142,12
fold8_room1_mix049,8,5,142,12
fold8_room1_mix049,9,5,142,11
fold8_room1_mix049,10,5,142,11
fold8_room1_mix049,11,5,142,11
fold8_room1_mix049,12,5,142,11
fold8_room1_mix049,13,5,143,11
fold8_room1_mix049,14,5,143,11
fold8_room1_mix049,15,5,143,11
fold8_room1_mix049,16,5,143,11
fold8_room1_mix049,17,5,142,11
fold8_room1_mix049,18,5,142,11
fold8_room1_mix049,19,5,142,11
fold8_room1_mix049,20,5,142,11
fold8_room1_mix049,21,5,141,12
fold8_room1_mix049,22,5,141,12
fold8_room1_mix049,23,5,140,12
fold8_room1_mix049,24,5,140,12
fold8_room1_mix049,25,5,140,12
fold8_room1_mix049,26,5,140,12
fold8_room1_mix049,27,5,140,12
fold8_room1_mix049,28,5,140,12
fold8_room1_mix049,29,5,140,12
fold8_room1_mix049,30,5,141,12
fold8_room1_mix049,31,5,141,12
fold8_room1_mix049,32,5,141,12
fold8_room1_mix049,33,5,141,11
fold8_room1_mix049,34,4,168,-1
fold8_room1_mix049,34,5,141,11
fold8_room1_mix049,35,4,167,-1
fold8_room1_mix049,35,5,142,11
fold8_room1_mix049,36,4,165,-2
fold8_room1_mix049,36,5,142,11
fold8_room1_mix049,37,4,165,-2
fold8_room1_mix049,37,5,142,10
fold8_room1_mix049,38,4,166,-2
fold8_room1_mix049,38,5,143,10
fold8_room1_mix049,39,4,167,-2
fold8_room1_mix049,39,5,143,10
fold8_room1_mix049,40,4,167,-2
fold8_room1_mix049,40,5,144,9
fold8_room1_mix049,41,4,166,-2
fold8_room1_mix049,41,5,144,9
fold8_room1_mix049,42,4,163,-2
fold8_room1_mix049,42,5,144,10
fold8_room1_mix049,43,4,163,-2
fold8_room1_mix049,43,5,145,10
fold8_room1_mix049,44,4,164,-2
fold8_room1_mix049,44,5,145,10
fold8_room1_mix049,45,4,163,-2
fold8_room1_mix049,45,5,145,10
fold8_room1_mix049,46,4,162,-2
fold8_room1_mix049,46,5,145,10
fold8_room1_mix049,47,4,162,-2
fold8_room1_mix049,47,5,145,10
fold8_room1_mix049,48,4,165,-2
fold8_room1_mix049,48,5,145,10
fold8_room1_mix049,49,4,26,-5
fold8_room1_mix049,49,4,167,-2
fold8_room1_mix049,49,5,146,9
fold8_room1_mix049,50,4,18,-3
fold8_room1_mix049,50,4,168,-2
fold8_room1_mix049,50,5,146,9
fold8_room1_mix049,51,4,17,-2
fold8_room1_mix049,51,4,169,-2
fold8_room1_mix049,51,5,145,9
fold8_room1_mix049,52,4,16,-2
fold8_room1_mix049,52,4,170,-2
fold8_room1_mix049,52,5,145,9
fold8_room1_mix049,53,4,17,-2
fold8_room1_mix049,53,4,171,-2
fold8_room1_mix049,53,5,145,9
fold8_room1_mix049,54,4,17,-2
fold8_room1_mix049,54,4,171,-3
fold8_room1_mix049,54,5,145,9
fold8_room1_mix049,55,4,17,-1
fold8_room1_mix049,55,4,171,-3
fold8_room1_mix049,55,5,145,9
fold8_room1_mix049,56,4,19,-1
fold8_room1_mix049,56,4,171,-3
fold8_room1_mix049,56,5,145,9
fold8_room1_mix049,57,4,21,-2
fold8_room1_mix049,57,4,171,-3
fold8_room1_mix049,57,5,146,9
fold8_room1_mix049,58,4,23,-2
fold8_room1_mix049,58,4,171,-3
fold8_room1_mix049,58,5,146,9
fold8_room1_mix049,59,4,24,-2
fold8_room1_mix049,59,4,171,-4
fold8_room1_mix049,59,5,146,9
fold8_room1_mix049,60,4,24,-2
fold8_room1_mix049,60,4,171,-4
fold8_room1_mix049,60,5,147,9
fold8_room1_mix049,61,4,25,-2
fold8_room1_mix049,61,4,171,-4
fold8_room1_mix049,61,5,147,8
fold8_room1_mix049,62,4,25,-2
fold8_room1_mix049,62,4,170,-4
fold8_room1_mix049,62,5,147,8
fold8_room1_mix049,63,4,27,-3
fold8_room1_mix049,63,4,169,-4
fold8_room1_mix049,63,5,147,8
fold8_room1_mix049,64,4,28,-3
fold8_room1_mix049,64,4,168,-4
fold8_room1_mix049,64,5,147,8
fold8_room1_mix049,65,4,29,-4
fold8_room1_mix049,65,4,167,-5
fold8_room1_mix049,65,5,147,8
fold8_room1_mix049,66,4,30,-4
fold8_room1_mix049,66,4,165,-5
fold8_room1_mix049,66,5,146,7
fold8_room1_mix049,67,4,31,-3
fold8_room1_mix049,67,4,164,-5
fold8_room1_mix049,67,5,146,7
fold8_room1_mix049,68,4,32,-3
fold8_room1_mix049,68,4,162,-5
fold8_room1_mix049,68,5,146,7
fold8_room1_mix049,69,4,33,-4
fold8_room1_mix049,69,4,156,-7
fold8_room1_mix049,69,5,145,7
fold8_room1_mix049,70,4,34,-6
fold8_room1_mix049,70,4,148,-9
fold8_room1_mix049,70,5,145,7
fold8_room1_mix049,71,4,37,-9
fold8_room1_mix049,71,4,141,-12
fold8_room1_mix049,71,5,145,7
fold8_room1_mix049,72,4,38,-11
fold8_room1_mix049,72,4,134,-14
fold8_room1_mix049,72,5,146,7
fold8_room1_mix049,73,4,38,-12
fold8_room1_mix049,73,4,132,-12
fold8_room1_mix049,73,4,116,-18
fold8_room1_mix049,73,5,146,7
fold8_room1_mix049,74,4,38,-13
fold8_room1_mix049,74,4,121,-14
fold8_room1_mix049,74,4,95,-21
fold8_room1_mix049,74,5,147,7
fold8_room1_mix049,75,4,36,-13
fold8_room1_mix049,75,4,109,-14
fold8_room1_mix049,75,4,80,-20
fold8_room1_mix049,75,5,147,7
fold8_room1_mix049,76,4,31,-12
fold8_room1_mix049,76,4,108,-12
fold8_room1_mix049,76,4,82,-19
fold8_room1_mix049,76,5,147,8
fold8_room1_mix049,77,4,24,-10
fold8_room1_mix049,77,4,108,-11
fold8_room1_mix049,77,4,84,-18
fold8_room1_mix049,77,5,148,8
fold8_room1_mix049,78,4,18,-9
fold8_room1_mix049,78,4,107,-10
fold8_room1_mix049,78,4,86,-17
fold8_room1_mix049,78,5,148,8
fold8_room1_mix049,79,4,19,-10
fold8_room1_mix049,79,4,101,-11
fold8_room1_mix049,79,4,83,-18
fold8_room1_mix049,79,5,147,8
fold8_room1_mix049,80,4,22,-11
fold8_room1_mix049,80,4,95,-11
fold8_room1_mix049,80,4,80,-18
fold8_room1_mix049,80,5,147,8
fold8_room1_mix049,81,4,24,-12
fold8_room1_mix049,81,4,83,-15
fold8_room1_mix049,81,5,147,8
fold8_room1_mix049,82,4,24,-11
fold8_room1_mix049,82,4,86,-11
fold8_room1_mix049,82,4,72,-18
fold8_room1_mix049,82,5,146,8
fold8_room1_mix049,83,4,24,-11
fold8_room1_mix049,83,4,84,-10
fold8_room1_mix049,83,4,67,-17
fold8_room1_mix049,83,5,146,8
fold8_room1_mix049,84,4,24,-11
fold8_room1_mix049,84,4,83,-9
fold8_room1_mix049,84,4,63,-16
fold8_room1_mix049,84,5,146,9
fold8_room1_mix049,85,4,20,-10
fold8_room1_mix049,85,4,89,-9
fold8_room1_mix049,85,4,61,-15
fold8_room1_mix049,85,5,146,9
fold8_room1_mix049,86,4,15,-9
fold8_room1_mix049,86,4,99,-8
fold8_room1_mix049,86,4,61,-14
fold8_room1_mix049,86,5,146,9
fold8_room1_mix049,87,4,10,-8
fold8_room1_mix049,87,4,109,-8
fold8_room1_mix049,87,4,62,-13
fold8_room1_mix049,87,5,146,9
fold8_room1_mix049,88,4,7,-8
fold8_room1_mix049,88,4,116,-7
fold8_room1_mix049,88,4,56,-12
fold8_room1_mix049,88,5,146,9
fold8_room1_mix049,89,4,5,-7
fold8_room1_mix049,89,4,120,-6
fold8_room1_mix049,89,4,46,-9
fold8_room1_mix049,89,5,147,9
fold8_room1_mix049,90,4,4,-7
fold8_room1_mix049,90,4,124,-6
fold8_room1_mix049,90,4,39,-7
fold8_room1_mix049,90,5,147,9
fold8_room1_mix049,91,4,3,-6
fold8_room1_mix049,91,4,128,-5
fold8_room1_mix049,91,4,34,-6
fold8_room1_mix049,91,5,148,9
fold8_room1_mix049,92,4,5,-6
fold8_room1_mix049,92,4,132,-4
fold8_room1_mix049,92,4,30,-5
fold8_room1_mix049,92,5,148,9
fold8_room1_mix049,93,4,7,-6
fold8_room1_mix049,93,4,135,-4
fold8_room1_mix049,93,4,26,-5
fold8_room1_mix049,93,5,148,9
fold8_room1_mix049,94,4,8,-5
fold8_room1_mix049,94,4,138,-3
fold8_room1_mix049,94,4,24,-4
fold8_room1_mix049,94,5,148,9
fold8_room1_mix049,95,4,8,-5
fold8_room1_mix049,95,4,140,-3
fold8_room1_mix049,95,4,26,-4
fold8_room1_mix049,95,5,148,8
fold8_room1_mix049,96,4,9,-4
fold8_room1_mix049,96,4,141,-3
fold8_room1_mix049,96,4,30,-4
fold8_room1_mix049,96,5,147,8
fold8_room1_mix049,97,4,9,-4
fold8_room1_mix049,97,4,143,-3
fold8_room1_mix049,97,4,37,-4
fold8_room1_mix049,97,5,147,8
fold8_room1_mix049,98,4,9,-3
fold8_room1_mix049,98,4,145,-3
fold8_room1_mix049,98,4,66,-7
fold8_room1_mix049,98,5,148,7
fold8_room1_mix049,99,4,10,-3
fold8_room1_mix049,99,4,148,-4
fold8_room1_mix049,99,4,122,-7
fold8_room1_mix049,99,5,150,7
fold8_room1_mix050,4,0,-20,-1
fold8_room1_mix050,4,4,176,0
fold8_room1_mix050,5,0,-17,-1
fold8_room1_mix050,5,4,176,0
fold8_room1_mix050,6,0,-17,-1
fold8_room1_mix050,6,4,175,0
fold8_room1_mix050,7,0,-18,-1
fold8_room1_mix050,7,4,175,0
fold8_room1_mix050,8,0,-19,-1
fold8_room1_mix050,8,4,174,0
fold8_room1_mix050,9,0,-19,-1
fold8_room1_mix050,9,4,174,0
fold8_room1_mix050,10,0,-19,-1
fold8_room1_mix050,10,4,175,0
fold8_room1_mix050,11,0,-19,-1
fold8_room1_mix050,11,4,174,0
fold8_room1_mix050,12,0,-18,-1
fold8_room1_mix050,12,4,174,0
fold8_room1_mix050,13,0,-18,-1
fold8_room1_mix050,13,4,173,0
fold8_room1_mix050,14,0,-18,-1
fold8_room1_mix050,14,4,173,-1
fold8_room1_mix050,15,0,-17,-1
fold8_room1_mix050,15,4,172,-1
fold8_room1_mix050,16,0,-17,-1
fold8_room1_mix050,16,4,172,-1
fold8_room1_mix050,17,0,-16,-1
fold8_room1_mix050,17,4,172,-1
fold8_room1_mix050,18,0,-17,-1
fold8_room1_mix050,18,4,172,-1
fold8_room1_mix050,19,0,-19,-1
fold8_room1_mix050,19,4,172,-1
fold8_room1_mix050,20,0,-20,-1
fold8_room1_mix050,20,4,171,-1
fold8_room1_mix050,21,0,-21,-1
fold8_room1_mix050,21,4,171,-1
fold8_room1_mix050,22,0,-22,-1
fold8_room1_mix050,22,4,171,-1
fold8_room1_mix050,23,0,-23,-1
fold8_room1_mix050,23,4,170,-1
fold8_room1_mix050,24,0,-24,-2
fold8_room1_mix050,24,4,170,-1
fold8_room1_mix050,25,0,-26,-2
fold8_room1_mix050,25,4,170,-1
fold8_room1_mix050,26,0,-28,-2
fold8_room1_mix050,26,4,170,-2
fold8_room1_mix050,27,0,-29,-2
fold8_room1_mix050,27,4,170,-2
fold8_room1_mix050,28,0,-29,-2
fold8_room1_mix050,28,4,169,-2
fold8_room1_mix050,29,0,-29,-2
fold8_room1_mix050,29,4,11,-2
fold8_room1_mix050,29,4,169,-2
fold8_room1_mix050,30,0,-30,-2
fold8_room1_mix050,30,4,9,-1
fold8_room1_mix050,30,4,168,-2
fold8_room1_mix050,31,4,9,-1
fold8_room1_mix050,31,4,169,-2
fold8_room1_mix050,32,4,10,-1
fold8_room1_mix050,32,4,169,-2
fold8_room1_mix050,33,4,11,-1
fold8_room1_mix050,33,4,170,-2
fold8_room1_mix050,34,4,11,-1
fold8_room1_mix050,34,4,169,-3
fold8_room1_mix050,35,4,12,-1
fold8_room1_mix050,35,4,168,-3
fold8_room1_mix050,36,4,13,-1
fold8_room1_mix050,36,4,167,-3
fold8_room1_mix050,37,4,13,-2
fold8_room1_mix050,37,4,166,-3
fold8_room1_mix050,38,4,14,-2
fold8_room1_mix050,38,4,165,-4
fold8_room1_mix050,39,4,15,-2
fold8_room1_mix050,39,4,164,-4
fold8_room1_mix050,40,4,16,-2
fold8_room1_mix050,40,4,162,-4
fold8_room1_mix050,41,4,15,-2
fold8_room1_mix050,41,4,169,-4
fold8_room1_mix050,41,4,153,-4
fold8_room1_mix050,42,4,15,-3
fold8_room1_mix050,42,4,169,-4
fold8_room1_mix050,42,4,150,-4
fold8_room1_mix050,43,4,15,-3
fold8_room1_mix050,43,4,169,-4
fold8_room1_mix050,43,4,145,-5
fold8_room1_mix050,44,4,16,-4
fold8_room1_mix050,44,4,167,-4
fold8_room1_mix050,44,4,139,-6
fold8_room1_mix050,45,4,18,-5
fold8_room1_mix050,45,4,166,-4
fold8_room1_mix050,45,4,133,-7
fold8_room1_mix050,46,4,20,-6
fold8_room1_mix050,46,4,164,-5
fold8_room1_mix050,46,4,127,-8
fold8_room1_mix050,47,4,22,-6
fold8_room1_mix050,47,4,164,-4
fold8_room1_mix050,47,4,119,-9
fold8_room1_mix050,48,4,24,-7
fold8_room1_mix050,48,4,164,-4
fold8_room1_mix050,48,4,109,-10
fold8_room1_mix050,49,4,26,-7
fold8_room1_mix050,49,4,163,-4
fold8_room1_mix050,49,4,97,-11
fold8_room1_mix050,50,4,24,-7
fold8_room1_mix050,50,4,167,-4
fold8_room1_mix050,50,4,91,-11
fold8_room1_mix050,51,4,22,-7
fold8_room1_mix050,51,4,170,-3
fold8_room1_mix050,51,4,87,-10
fold8_room1_mix050,52,4,19,-7
fold8_room1_mix050,52,4,174,-2
fold8_room1_mix050,52,4,83,-9
fold8_room1_mix050,53,4,18,-6
fold8_room1_mix050,53,4,174,-3
fold8_room1_mix050,53,4,86,-9
fold8_room1_mix050,54,4,18,-6
fold8_room1_mix050,54,4,173,-4
fold8_room1_mix050,54,4,92,-10
fold8_room1_mix050,55,4,18,-6
fold8_room1_mix050,55,4,171,-5
fold8_room1_mix050,55,4,98,-10
fold8_room1_mix050,56,4,17,-5
fold8_room1_mix050,56,4,171,-6
fold8_room1_mix050,56,4,100,-10
fold8_room1_mix050,57,4,16,-4
fold8_room1_mix050,57,4,172,-6
fold8_room1_mix050,57,4,100,-9
fold8_room1_mix050,58,4,15,-3
fold8_room1_mix050,58,4,172,-5
fold8_room1_mix050,58,4,99,-8
fold8_room1_mix050,59,4,15,-3
fold8_room1_mix050,59,4,173,-5
fold8_room1_mix050,59,4,98,-7
fold8_room1_mix050,60,4,15,-3
fold8_room1_mix050,60,4,171,-5
fold8_room1_mix050,60,4,96,-7
fold8_room1_mix050,61,4,15,-3
fold8_room1_mix050,61,4,170,-5
fold8_room1_mix050,61,4,93,-7
fold8_room1_mix050,62,4,15,-2
fold8_room1_mix050,62,4,169,-5
fold8_room1_mix050,62,4,90,-7
fold8_room1_mix050,63,4,15,-3
fold8_room1_mix050,63,4,168,-5
fold8_room1_mix050,63,4,94,-8
fold8_room1_mix050,64,4,15,-3
fold8_room1_mix050,64,4,167,-5
fold8_room1_mix050,64,4,99,-8
fold8_room1_mix050,65,4,14,-3
fold8_room1_mix050,65,4,166,-5
fold8_room1_mix050,65,4,105,-9
fold8_room1_mix050,66,4,13,-2
fold8_room1_mix050,66,4,164,-5
fold8_room1_mix050,66,4,117,-8
fold8_room1_mix050,67,4,11,-2
fold8_room1_mix050,67,4,162,-5
fold8_room1_mix050,67,4,127,-7
fold8_room1_mix050,68,4,9,-2
fold8_room1_mix050,68,4,161,-5
fold8_room1_mix050,68,4,133,-6
fold8_room1_mix050,69,4,8,-2
fold8_room1_mix050,69,4,160,-5
fold8_room1_mix050,69,4,132,-6
fold8_room1_mix050,70,4,7,-2
fold8_room1_mix050,70,4,160,-5
fold8_room1_mix050,70,4,128,-6
fold8_room1_mix050,71,4,6,-2
fold8_room1_mix050,71,4,160,-5
fold8_room1_mix050,71,4,126,-7
fold8_room1_mix050,72,4,5,-3
fold8_room1_mix050,72,4,159,-6
fold8_room1_mix050,72,4,122,-7
fold8_room1_mix050,73,4,4,-2
fold8_room1_mix050,73,4,157,-6
fold8_room1_mix050,73,4,117,-8
fold8_room1_mix050,74,4,3,-2
fold8_room1_mix050,74,4,156,-6
fold8_room1_mix050,74,4,112,-9
fold8_room1_mix050,75,4,4,-3
fold8_room1_mix050,75,4,154,-6
fold8_room1_mix050,75,4,108,-9
fold8_room1_mix050,76,4,6,-3
fold8_room1_mix050,76,4,152,-6
fold8_room1_mix050,76,4,105,-10
fold8_room1_mix050,77,4,9,-3
fold8_room1_mix050,77,4,150,-5
fold8_room1_mix050,77,4,103,-11
fold8_room1_mix050,78,4,11,-4
fold8_room1_mix050,78,4,148,-5
fold8_room1_mix050,78,4,99,-11
fold8_room1_mix050,79,4,12,-4
fold8_room1_mix050,79,4,148,-5
fold8_room1_mix050,79,4,93,-11
fold8_room1_mix050,80,4,13,-4
fold8_room1_mix050,80,4,148,-5
fold8_room1_mix050,80,4,87,-11
fold8_room1_mix050,81,4,14,-4
fold8_room1_mix050,81,4,148,-5
fold8_room1_mix050,81,4,80,-11
fold8_room1_mix050,82,4,14,-4
fold8_room1_mix050,82,4,149,-4
fold8_room1_mix050,82,4,74,-10
fold8_room1_mix050,83,4,14,-4
fold8_room1_mix050,83,4,150,-4
fold8_room1_mix050,83,4,68,-10
fold8_room1_mix050,84,4,14,-4
fold8_room1_mix050,84,4,151,-4
fold8_room1_mix050,84,4,62,-9
fold8_room1_mix050,85,4,14,-3
fold8_room1_mix050,85,4,151,-4
fold8_room1_mix050,85,4,55,-8
fold8_room1_mix050,86,4,13,-3
fold8_room1_mix050,86,4,151,-3
fold8_room1_mix050,86,4,48,-7
fold8_room1_mix050,87,4,13,-3
fold8_room1_mix050,87,4,150,-3
fold8_room1_mix050,87,4,42,-6
fold8_room1_mix050,88,4,13,-3
fold8_room1_mix050,88,4,149,-3
fold8_room1_mix050,88,4,36,-6
fold8_room1_mix050,89,4,13,-3
fold8_room1_mix050,89,4,147,-3
fold8_room1_mix050,89,4,31,-5
fold8_room1_mix050,90,4,14,-3
fold8_room1_mix050,90,4,20,-4
fold8_room1_mix050,91,4,14,-3
fold8_room1_mix050,91,4,18,-4
fold8_room1_mix050,92,4,15,-3
fold8_room1_mix050,92,4,18,-3
fold8_room1_mix050,93,4,16,-3
fold8_room1_mix050,93,4,17,-3
fold8_room1_mix050,94,4,16,-3
fold8_room1_mix050,94,4,17,-3
fold8_room1_mix050,95,4,16,-3
fold8_room1_mix050,95,4,17,-3
fold8_room1_mix050,96,4,16,-3
fold8_room1_mix050,96,4,17,-3
fold8_room1_mix050,97,4,17,-3
fold8_room1_mix050,97,4,17,-3
fold8_room1_mix050,98,4,16,-3
fold8_room1_mix050,98,4,16,-3
fold8_room1_mix050,99,4,15,-2
fold8_room1_mix050,99,4,15,-3
fold8_room1_mix050,1,4,176,0
fold8_room1_mix050,2,4,177,0
fold8_room1_mix050,3,4,177,0
fold8_room1_mix050,0,4,175,0
fold8_room1_mix051,48,4,76,0
fold8_room1_mix051,49,4,72,0
fold8_room1_mix051,50,4,62,0
fold8_room1_mix051,50,4,61,0
fold8_room1_mix051,51,4,55,0
fold8_room1_mix051,51,4,55,0
fold8_room1_mix051,52,4,51,0
fold8_room1_mix051,52,4,51,0
fold8_room1_mix051,53,4,50,0
fold8_room1_mix051,53,4,52,0
fold8_room1_mix051,54,4,49,0
fold8_room1_mix051,54,4,119,-1
fold8_room1_mix051,54,4,65,-1
fold8_room1_mix051,55,4,49,0
fold8_room1_mix051,55,4,144,-2
fold8_room1_mix051,55,4,81,-2
fold8_room1_mix051,56,4,48,0
fold8_room1_mix051,56,4,160,-2
fold8_room1_mix051,56,4,97,-2
fold8_room1_mix051,57,4,48,0
fold8_room1_mix051,57,4,170,-3
fold8_room1_mix051,57,4,108,-2
fold8_room1_mix051,58,4,48,0
fold8_room1_mix051,58,4,-179,-3
fold8_room1_mix051,58,4,118,-2
fold8_room1_mix051,59,4,48,0
fold8_room1_mix051,59,4,-172,-3
fold8_room1_mix051,59,4,126,-2
fold8_room1_mix051,60,4,51,0
fold8_room1_mix051,60,4,-171,-3
fold8_room1_mix051,60,4,130,-2
fold8_room1_mix051,61,4,54,0
fold8_room1_mix051,61,4,-169,-3
fold8_room1_mix051,61,4,133,-2
fold8_room1_mix051,62,4,56,0
fold8_room1_mix051,62,4,-168,-3
fold8_room1_mix051,62,4,137,-2
fold8_room1_mix051,63,4,57,0
fold8_room1_mix051,63,4,-168,-4
fold8_room1_mix051,63,4,141,-3
fold8_room1_mix051,64,4,59,0
fold8_room1_mix051,64,4,-168,-4
fold8_room1_mix051,64,4,145,-3
fold8_room1_mix051,65,4,60,-1
fold8_room1_mix051,65,4,-169,-5
fold8_room1_mix051,65,4,150,-4
fold8_room1_mix051,66,4,62,0
fold8_room1_mix051,66,4,-176,-6
fold8_room1_mix051,66,4,158,-5
fold8_room1_mix051,67,4,63,0
fold8_room1_mix051,67,4,171,-6
fold8_room1_mix051,68,4,65,0
fold8_room1_mix051,68,4,171,-6
fold8_room1_mix051,69,4,71,0
fold8_room1_mix051,69,4,152,-6
fold8_room1_mix051,69,4,-162,-8
fold8_room1_mix051,70,4,80,1
fold8_room1_mix051,70,4,134,-5
fold8_room1_mix051,70,4,-134,-11
fold8_room1_mix051,71,4,90,1
fold8_room1_mix051,71,4,119,-4
fold8_room1_mix051,71,4,-110,-13
fold8_room1_mix051,72,4,86,1
fold8_room1_mix051,72,4,108,-3
fold8_room1_mix051,72,4,-85,-13
fold8_room1_mix051,73,4,69,-1
fold8_room1_mix051,73,4,103,-2
fold8_room1_mix051,73,4,-59,-10
fold8_room1_mix051,74,4,53,-3
fold8_room1_mix051,74,4,98,-1
fold8_room1_mix051,74,4,-44,-7
fold8_room1_mix051,75,4,40,-5
fold8_room1_mix051,75,4,95,-1
fold8_room1_mix051,75,4,-36,-5
fold8_room1_mix051,76,4,33,-4
fold8_room1_mix051,76,4,97,-1
fold8_room1_mix051,76,4,-29,-5
fold8_room1_mix051,77,4,24,-4
fold8_room1_mix051,77,4,99,-1
fold8_room1_mix051,77,4,-20,-4
fold8_room1_mix051,78,4,17,-3
fold8_room1_mix051,78,4,100,-1
fold8_room1_mix051,78,4,-12,-4
fold8_room1_mix051,79,4,19,-3
fold8_room1_mix051,79,4,101,-1
fold8_room1_mix051,79,4,-8,-3
fold8_room1_mix051,80,4,21,-3
fold8_room1_mix051,80,4,101,-1
fold8_room1_mix051,80,4,-5,-2
fold8_room1_mix051,81,4,24,-3
fold8_room1_mix051,81,4,101,-1
fold8_room1_mix051,81,4,-2,-2
fold8_room1_mix051,82,4,30,-3
fold8_room1_mix051,82,4,101,-1
fold8_room1_mix051,82,4,0,-1
fold8_room1_mix051,83,4,36,-2
fold8_room1_mix051,83,4,100,-1
fold8_room1_mix051,83,4,0,-1
fold8_room1_mix051,84,4,41,-1
fold8_room1_mix051,84,4,99,-1
fold8_room1_mix051,84,4,1,-1
fold8_room1_mix051,85,4,42,-1
fold8_room1_mix051,85,4,100,-1
fold8_room1_mix051,85,4,8,-1
fold8_room1_mix051,86,4,41,0
fold8_room1_mix051,86,4,102,-1
fold8_room1_mix051,86,4,17,0
fold8_room1_mix051,87,4,40,0
fold8_room1_mix051,87,4,33,0
fold8_room1_mix051,88,4,39,0
fold8_room1_mix051,88,4,37,0
fold8_room1_mix051,89,4,39,1
fold8_room1_mix051,89,4,41,0
fold8_room1_mix051,90,4,39,1
fold8_room1_mix051,90,4,45,0
fold8_room1_mix051,91,4,39,1
fold8_room1_mix051,91,4,110,-2
fold8_room1_mix051,91,4,57,0
fold8_room1_mix051,92,4,39,2
fold8_room1_mix051,92,4,108,-2
fold8_room1_mix051,92,4,54,0
fold8_room1_mix051,93,4,39,2
fold8_room1_mix051,93,4,45,1
fold8_room1_mix051,94,4,41,2
fold8_room1_mix051,94,4,45,1
fold8_room1_mix051,95,4,47,1
fold8_room1_mix051,95,4,49,0
fold8_room1_mix051,96,4,51,0
fold8_room1_mix051,96,4,52,0
fold8_room1_mix051,97,4,55,0
fold8_room1_mix051,97,4,54,0
fold8_room1_mix051,98,4,59,0
fold8_room1_mix051,99,4,59,0
fold8_room1_mix051,47,4,82,0
fold8_room1_mix052,1,4,-173,-1
fold8_room1_mix052,2,4,-176,0
fold8_room1_mix052,3,4,-175,0
fold8_room1_mix052,4,4,-175,0
fold8_room1_mix052,5,4,-175,0
fold8_room1_mix052,6,4,-175,0
fold8_room1_mix052,7,4,-174,0
fold8_room1_mix052,8,4,-174,0
fold8_room1_mix052,9,4,-174,0
fold8_room1_mix052,10,4,-174,0
fold8_room1_mix052,11,4,-174,0
fold8_room1_mix052,12,4,-174,0
fold8_room1_mix052,13,4,-174,0
fold8_room1_mix052,14,4,-173,0
fold8_room1_mix052,15,4,-173,0
fold8_room1_mix052,16,4,-173,0
fold8_room1_mix052,17,4,-173,0
fold8_room1_mix052,18,4,-173,0
fold8_room1_mix052,19,4,-173,0
fold8_room1_mix052,20,4,-172,-1
fold8_room1_mix052,21,4,-172,-1
fold8_room1_mix052,22,4,-172,-1
fold8_room1_mix052,23,4,-172,-1
fold8_room1_mix052,24,4,-172,-1
fold8_room1_mix052,25,4,-171,-1
fold8_room1_mix052,26,4,-171,-1
fold8_room1_mix052,27,4,-171,-1
fold8_room1_mix052,28,4,-171,-1
fold8_room1_mix052,29,4,-171,-1
fold8_room1_mix052,30,4,-171,-1
fold8_room1_mix052,31,4,-171,-1
fold8_room1_mix052,32,4,-170,-1
fold8_room1_mix052,33,4,-170,-1
fold8_room1_mix052,34,4,-170,-1
fold8_room1_mix052,35,4,-170,-1
fold8_room1_mix052,36,4,-170,-1
fold8_room1_mix052,37,4,-169,-1
fold8_room1_mix052,38,4,-169,-1
fold8_room1_mix052,39,4,-169,-1
fold8_room1_mix052,40,4,-169,-1
fold8_room1_mix052,41,4,-169,-1
fold8_room1_mix052,42,4,-168,-1
fold8_room1_mix052,43,4,-168,-2
fold8_room1_mix052,44,4,-168,-2
fold8_room1_mix052,45,4,-167,-2
fold8_room1_mix052,46,4,-167,-2
fold8_room1_mix052,47,4,-166,-2
fold8_room1_mix052,48,4,-166,-2
fold8_room1_mix052,49,4,-166,-2
fold8_room1_mix052,50,4,-165,-2
fold8_room1_mix052,51,4,-164,-2
fold8_room1_mix052,52,4,-164,-2
fold8_room1_mix052,53,4,-163,-2
fold8_room1_mix052,54,4,-163,-3
fold8_room1_mix052,55,4,-162,-3
fold8_room1_mix052,56,4,-161,-3
fold8_room1_mix052,57,4,-160,-3
fold8_room1_mix052,58,4,-159,-4
fold8_room1_mix052,59,4,-158,-4
fold8_room1_mix052,60,4,-154,-6
fold8_room1_mix052,60,4,-149,-5
fold8_room1_mix052,61,4,-151,-6
fold8_room1_mix052,61,4,-147,-5
fold8_room1_mix052,62,4,-148,-6
fold8_room1_mix052,62,4,-145,-5
fold8_room1_mix052,63,4,-144,-6
fold8_room1_mix052,63,4,-142,-5
fold8_room1_mix052,64,4,-139,-7
fold8_room1_mix052,64,4,-138,-6
fold8_room1_mix052,65,4,-134,-7
fold8_room1_mix052,65,4,-134,-6
fold8_room1_mix052,66,4,-129,-8
fold8_room1_mix052,66,4,-130,-7
fold8_room1_mix052,67,4,-122,-9
fold8_room1_mix052,67,4,-125,-8
fold8_room1_mix052,68,4,-114,-10
fold8_room1_mix052,68,4,-119,-9
fold8_room1_mix052,69,4,-101,-11
fold8_room1_mix052,69,4,-155,-5
fold8_room1_mix052,69,4,-117,-9
fold8_room1_mix052,70,4,-82,-11
fold8_room1_mix052,70,4,-147,-6
fold8_room1_mix052,70,4,-110,-10
fold8_room1_mix052,71,4,-65,-10
fold8_room1_mix052,71,4,-140,-6
fold8_room1_mix052,71,4,-102,-11
fold8_room1_mix052,72,4,-49,-9
fold8_room1_mix052,72,4,-137,-6
fold8_room1_mix052,72,4,-92,-11
fold8_room1_mix052,73,4,-37,-7
fold8_room1_mix052,73,4,-137,-6
fold8_room1_mix052,73,4,-81,-10
fold8_room1_mix052,74,4,-28,-6
fold8_room1_mix052,74,4,-138,-6
fold8_room1_mix052,74,4,-70,-8
fold8_room1_mix052,75,4,-22,-6
fold8_room1_mix052,75,4,-139,-6
fold8_room1_mix052,75,4,-63,-7
fold8_room1_mix052,76,4,-20,-5
fold8_room1_mix052,76,4,-142,-5
fold8_room1_mix052,76,4,-62,-7
fold8_room1_mix052,77,4,-19,-4
fold8_room1_mix052,77,4,-144,-5
fold8_room1_mix052,77,4,-61,-6
fold8_room1_mix052,78,4,-18,-3
fold8_room1_mix052,78,4,-147,-5
fold8_room1_mix052,78,4,-60,-6
fold8_room1_mix052,79,4,-19,-3
fold8_room1_mix052,79,4,-147,-6
fold8_room1_mix052,79,4,-61,-6
fold8_room1_mix052,80,4,-21,-3
fold8_room1_mix052,80,4,-146,-6
fold8_room1_mix052,80,4,-62,-6
fold8_room1_mix052,81,4,-22,-3
fold8_room1_mix052,81,4,-146,-6
fold8_room1_mix052,81,4,-62,-6
fold8_room1_mix052,82,4,-22,-3
fold8_room1_mix052,82,4,-140,-6
fold8_room1_mix052,82,4,-62,-6
fold8_room1_mix052,83,4,-22,-3
fold8_room1_mix052,83,4,-134,-7
fold8_room1_mix052,83,4,-61,-6
fold8_room1_mix052,84,4,-22,-3
fold8_room1_mix052,84,4,-127,-7
fold8_room1_mix052,84,4,-60,-7
fold8_room1_mix052,85,4,-21,-3
fold8_room1_mix052,85,4,-117,-8
fold8_room1_mix052,85,4,-58,-7
fold8_room1_mix052,86,4,-21,-3
fold8_room1_mix052,86,4,-105,-8
fold8_room1_mix052,86,4,-56,-7
fold8_room1_mix052,87,4,-20,-3
fold8_room1_mix052,87,4,-90,-8
fold8_room1_mix052,87,4,-54,-7
fold8_room1_mix052,88,4,-20,-3
fold8_room1_mix052,88,4,-80,-8
fold8_room1_mix052,88,4,-52,-7
fold8_room1_mix052,89,4,-18,-3
fold8_room1_mix052,89,4,-75,-8
fold8_room1_mix052,89,4,-49,-6
fold8_room1_mix052,90,4,-17,-3
fold8_room1_mix052,90,4,-69,-8
fold8_room1_mix052,90,4,-45,-6
fold8_room1_mix052,91,4,-16,-3
fold8_room1_mix052,91,4,-63,-7
fold8_room1_mix052,91,4,-43,-5
fold8_room1_mix052,92,4,-15,-3
fold8_room1_mix052,92,4,-48,-6
fold8_room1_mix052,93,4,-14,-3
fold8_room1_mix052,93,4,-43,-5
fold8_room1_mix052,94,4,-13,-2
fold8_room1_mix052,94,4,-40,-5
fold8_room1_mix052,95,4,-12,-2
fold8_room1_mix052,95,4,-37,-5
fold8_room1_mix052,96,4,-12,-2
fold8_room1_mix052,96,4,-35,-5
fold8_room1_mix052,97,4,-11,-2
fold8_room1_mix052,97,4,-33,-4
fold8_room1_mix052,98,4,-12,-2
fold8_room1_mix052,98,4,-31,-4
fold8_room1_mix052,99,4,-23,-3
fold8_room1_mix053,0,4,3,0
fold8_room1_mix053,1,4,2,0
fold8_room1_mix053,2,4,2,0
fold8_room1_mix053,3,4,2,-1
fold8_room1_mix053,4,4,3,-1
fold8_room1_mix053,5,1,21,0
fold8_room1_mix053,5,4,3,-1
fold8_room1_mix053,6,1,20,0
fold8_room1_mix053,6,4,3,-1
fold8_room1_mix053,7,1,22,0
fold8_room1_mix053,7,4,3,-1
fold8_room1_mix053,8,1,23,0
fold8_room1_mix053,8,4,3,-1
fold8_room1_mix053,9,1,24,0
fold8_room1_mix053,9,4,3,-1
fold8_room1_mix053,10,1,24,0
fold8_room1_mix053,10,4,3,-1
fold8_room1_mix053,11,1,25,0
fold8_room1_mix053,11,4,4,-1
fold8_room1_mix053,12,1,26,0
fold8_room1_mix053,12,4,4,-1
fold8_room1_mix053,13,1,26,0
fold8_room1_mix053,13,4,4,-1
fold8_room1_mix053,14,1,27,0
fold8_room1_mix053,14,4,5,-1
fold8_room1_mix053,15,1,28,-1
fold8_room1_mix053,15,4,5,-1
fold8_room1_mix053,16,1,29,-1
fold8_room1_mix053,16,4,5,-1
fold8_room1_mix053,17,1,30,-1
fold8_room1_mix053,17,4,5,-1
fold8_room1_mix053,18,1,32,-1
fold8_room1_mix053,18,4,4,-1
fold8_room1_mix053,19,1,36,-1
fold8_room1_mix053,19,4,4,-1
fold8_room1_mix053,20,1,39,-1
fold8_room1_mix053,20,4,4,-1
fold8_room1_mix053,21,1,42,-1
fold8_room1_mix053,21,4,4,-2
fold8_room1_mix053,22,1,45,-1
fold8_room1_mix053,22,4,4,-1
fold8_room1_mix053,23,1,47,-1
fold8_room1_mix053,23,4,4,-1
fold8_room1_mix053,24,1,51,-1
fold8_room1_mix053,24,4,5,-2
fold8_room1_mix053,25,1,59,-1
fold8_room1_mix053,25,4,5,-2
fold8_room1_mix053,26,1,68,-2
fold8_room1_mix053,26,4,5,-2
fold8_room1_mix053,27,1,75,-2
fold8_room1_mix053,27,4,6,-2
fold8_room1_mix053,28,1,79,-2
fold8_room1_mix053,28,4,6,-2
fold8_room1_mix053,29,1,82,-2
fold8_room1_mix053,29,4,6,-2
fold8_room1_mix053,30,1,86,-2
fold8_room1_mix053,30,4,5,-2
fold8_room1_mix053,31,1,96,-2
fold8_room1_mix053,31,4,6,-2
fold8_room1_mix053,32,1,105,-2
fold8_room1_mix053,32,4,6,-2
fold8_room1_mix053,33,1,113,-2
fold8_room1_mix053,33,4,6,-2
fold8_room1_mix053,34,1,117,-2
fold8_room1_mix053,34,4,6,-2
fold8_room1_mix053,35,1,121,-2
fold8_room1_mix053,35,4,6,-3
fold8_room1_mix053,36,1,124,-2
fold8_room1_mix053,36,4,7,-3
fold8_room1_mix053,37,1,128,-2
fold8_room1_mix053,37,4,7,-3
fold8_room1_mix053,38,1,131,-2
fold8_room1_mix053,38,4,7,-3
fold8_room1_mix053,39,1,135,-2
fold8_room1_mix053,39,4,8,-3
fold8_room1_mix053,40,1,138,-1
fold8_room1_mix053,40,4,8,-4
fold8_room1_mix053,41,1,139,-1
fold8_room1_mix053,41,4,9,-4
fold8_room1_mix053,42,1,140,-1
fold8_room1_mix053,42,4,9,-4
fold8_room1_mix053,43,1,142,-1
fold8_room1_mix053,43,4,10,-4
fold8_room1_mix053,44,1,146,-1
fold8_room1_mix053,44,4,10,-5
fold8_room1_mix053,45,1,149,-1
fold8_room1_mix053,45,4,11,-5
fold8_room1_mix053,46,1,151,-1
fold8_room1_mix053,46,4,12,-5
fold8_room1_mix053,47,1,151,-1
fold8_room1_mix053,47,4,13,-6
fold8_room1_mix053,48,1,151,-1
fold8_room1_mix053,48,4,15,-6
fold8_room1_mix053,49,1,151,-1
fold8_room1_mix053,49,4,17,-7
fold8_room1_mix053,50,1,153,-1
fold8_room1_mix053,50,4,21,-8
fold8_room1_mix053,51,1,155,-1
fold8_room1_mix053,51,4,25,-9
fold8_room1_mix053,52,1,157,-1
fold8_room1_mix053,52,4,30,-10
fold8_room1_mix053,53,1,158,0
fold8_room1_mix053,53,4,38,-12
fold8_room1_mix053,54,1,158,0
fold8_room1_mix053,54,4,47,-13
fold8_room1_mix053,55,1,158,0
fold8_room1_mix053,55,4,57,-15
fold8_room1_mix053,56,1,157,0
fold8_room1_mix053,56,4,74,-17
fold8_room1_mix053,56,4,55,-14
fold8_room1_mix053,57,1,156,-1
fold8_room1_mix053,57,4,87,-18
fold8_room1_mix053,57,4,63,-15
fold8_room1_mix053,58,1,154,-1
fold8_room1_mix053,58,4,95,-14
fold8_room1_mix053,58,4,109,-21
fold8_room1_mix053,58,4,74,-16
fold8_room1_mix053,59,1,155,-1
fold8_room1_mix053,59,4,101,-14
fold8_room1_mix053,59,4,97,-15
fold8_room1_mix053,60,1,159,0
fold8_room1_mix053,60,4,99,-13
fold8_room1_mix053,60,4,142,-15
fold8_room1_mix053,60,4,117,-15
fold8_room1_mix053,61,1,160,-1
fold8_room1_mix053,61,4,96,-13
fold8_room1_mix053,61,4,152,-12
fold8_room1_mix053,61,4,134,-12
fold8_room1_mix053,62,4,88,-14
fold8_room1_mix053,62,4,152,-10
fold8_room1_mix053,63,4,57,-11
fold8_room1_mix053,63,4,156,-9
fold8_room1_mix053,64,4,35,-8
fold8_room1_mix053,64,4,160,-7
fold8_room1_mix053,65,4,23,-5
fold8_room1_mix053,65,4,163,-6
fold8_room1_mix053,66,4,18,-4
fold8_room1_mix053,66,4,165,-5
fold8_room1_mix053,67,4,13,-3
fold8_room1_mix053,67,4,166,-5
fold8_room1_mix053,68,4,8,-3
fold8_room1_mix053,68,4,167,-4
fold8_room1_mix053,69,4,4,-2
fold8_room1_mix053,69,4,167,-4
fold8_room1_mix053,70,4,1,-2
fold8_room1_mix053,70,4,167,-4
fold8_room1_mix053,71,4,0,-2
fold8_room1_mix053,71,4,168,-4
fold8_room1_mix053,72,4,-3,-2
fold8_room1_mix053,72,4,168,-4
fold8_room1_mix053,73,4,-4,-2
fold8_room1_mix053,73,4,168,-3
fold8_room1_mix053,74,4,-6,-2
fold8_room1_mix053,74,4,168,-3
fold8_room1_mix053,75,4,-9,-2
fold8_room1_mix053,75,4,169,-3
fold8_room1_mix053,76,4,-14,-2
fold8_room1_mix053,76,4,169,-3
fold8_room1_mix053,77,4,-18,-2
fold8_room1_mix053,77,4,169,-3
fold8_room1_mix053,78,4,-22,-2
fold8_room1_mix053,78,4,170,-3
fold8_room1_mix053,79,4,-25,-3
fold8_room1_mix053,79,4,172,-3
fold8_room1_mix053,80,4,-28,-3
fold8_room1_mix053,80,4,174,-3
fold8_room1_mix053,81,4,-30,-3
fold8_room1_mix053,81,4,177,-3
fold8_room1_mix053,82,4,-33,-4
fold8_room1_mix053,82,4,-178,-4
fold8_room1_mix053,83,4,-37,-5
fold8_room1_mix053,83,4,176,-3
fold8_room1_mix053,83,4,-163,-6
fold8_room1_mix053,84,4,-41,-6
fold8_room1_mix053,84,4,176,-3
fold8_room1_mix053,84,4,-146,-9
fold8_room1_mix053,85,4,-48,-7
fold8_room1_mix053,85,4,175,-4
fold8_room1_mix053,85,4,-123,-11
fold8_room1_mix053,86,4,-59,-9
fold8_room1_mix053,86,4,175,-4
fold8_room1_mix053,86,4,-103,-11
fold8_room1_mix053,87,4,-77,-10
fold8_room1_mix053,87,4,-82,-11
fold8_room1_mix053,88,4,-92,-11
fold8_room1_mix053,88,4,-87,-11
fold8_room1_mix053,89,4,-103,-10
fold8_room1_mix053,89,4,-96,-11
fold8_room1_mix053,90,4,-113,-9
fold8_room1_mix053,90,4,173,-4
fold8_room1_mix053,90,4,-98,-10
fold8_room1_mix053,91,4,-125,-9
fold8_room1_mix053,91,4,172,-4
fold8_room1_mix053,91,4,-108,-9
fold8_room1_mix053,92,4,-138,-8
fold8_room1_mix053,92,4,172,-3
fold8_room1_mix053,92,4,-122,-8
fold8_room1_mix053,93,4,-148,-7
fold8_room1_mix053,93,4,-140,-7
fold8_room1_mix053,94,4,-156,-6
fold8_room1_mix053,94,4,-149,-6
fold8_room1_mix053,95,4,-161,-5
fold8_room1_mix053,95,4,-154,-5
fold8_room1_mix053,96,4,-167,-5
fold8_room1_mix053,96,4,172,-1
fold8_room1_mix053,96,4,-151,-4
fold8_room1_mix053,97,4,-171,-4
fold8_room1_mix053,97,4,172,-1
fold8_room1_mix053,97,4,-154,-4
fold8_room1_mix053,98,4,-172,-3
fold8_room1_mix053,99,4,-173,-2
fold8_room1_mix054,19,4,-41,-1
fold8_room1_mix054,20,4,-39,-1
fold8_room1_mix054,21,4,-41,-1
fold8_room1_mix054,22,4,-42,-1
fold8_room1_mix054,23,4,-44,-1
fold8_room1_mix054,24,4,-45,-1
fold8_room1_mix054,25,4,-46,-1
fold8_room1_mix054,26,4,-47,-1
fold8_room1_mix054,27,4,-48,-1
fold8_room1_mix054,28,4,-50,-1
fold8_room1_mix054,29,4,-51,-1
fold8_room1_mix054,30,4,-53,-1
fold8_room1_mix054,31,4,-55,-2
fold8_room1_mix054,32,4,-58,-2
fold8_room1_mix054,33,4,-61,-2
fold8_room1_mix054,34,4,-63,-2
fold8_room1_mix054,35,4,-64,-2
fold8_room1_mix054,36,4,-66,-2
fold8_room1_mix054,37,4,-66,-2
fold8_room1_mix054,38,4,-66,-2
fold8_room1_mix054,39,4,-66,-2
fold8_room1_mix054,40,4,-67,-2
fold8_room1_mix054,41,2,-95,-2
fold8_room1_mix054,41,4,-69,-2
fold8_room1_mix054,42,2,-97,-3
fold8_room1_mix054,42,4,-71,-2
fold8_room1_mix054,43,2,-97,-3
fold8_room1_mix054,43,4,-73,-2
fold8_room1_mix054,44,2,-97,-3
fold8_room1_mix054,44,4,-73,-2
fold8_room1_mix054,45,2,-96,-3
fold8_room1_mix054,45,4,-73,-2
fold8_room1_mix054,46,2,-95,-3
fold8_room1_mix054,46,4,-73,-2
fold8_room1_mix054,47,2,-96,-3
fold8_room1_mix054,47,4,-73,-2
fold8_room1_mix054,48,2,-96,-3
fold8_room1_mix054,48,4,-62,-2
fold8_room1_mix054,48,4,-81,-3
fold8_room1_mix054,49,2,-96,-3
fold8_room1_mix054,49,4,-61,-2
fold8_room1_mix054,49,4,-82,-3
fold8_room1_mix054,50,2,-96,-3
fold8_room1_mix054,50,4,-71,-3
fold8_room1_mix054,51,2,-96,-3
fold8_room1_mix054,51,4,-66,-2
fold8_room1_mix054,52,2,-95,-3
fold8_room1_mix054,52,4,-62,-2
fold8_room1_mix054,53,2,-95,-3
fold8_room1_mix054,53,4,-45,-2
fold8_room1_mix054,53,4,-49,-3
fold8_room1_mix054,54,2,-96,-3
fold8_room1_mix054,54,4,-41,-2
fold8_room1_mix054,54,4,-44,-3
fold8_room1_mix054,55,2,-96,-3
fold8_room1_mix054,55,4,-37,-2
fold8_room1_mix054,55,4,-38,-3
fold8_room1_mix054,56,2,-97,-3
fold8_room1_mix054,56,4,-33,-3
fold8_room1_mix054,56,4,-35,-3
fold8_room1_mix054,57,2,-97,-4
fold8_room1_mix054,57,4,-31,-3
fold8_room1_mix054,57,4,-33,-3
fold8_room1_mix054,58,2,-97,-4
fold8_room1_mix054,58,4,-29,-3
fold8_room1_mix054,58,4,-31,-3
fold8_room1_mix054,59,2,-96,-4
fold8_room1_mix054,59,4,-28,-3
fold8_room1_mix054,59,4,-30,-4
fold8_room1_mix054,60,2,-96,-4
fold8_room1_mix054,60,4,-30,-3
fold8_room1_mix054,60,4,-32,-4
fold8_room1_mix054,61,2,-96,-4
fold8_room1_mix054,61,4,-32,-3
fold8_room1_mix054,61,4,-34,-4
fold8_room1_mix054,62,2,-96,-4
fold8_room1_mix054,62,4,-34,-3
fold8_room1_mix054,62,4,-37,-4
fold8_room1_mix054,63,2,-96,-3
fold8_room1_mix054,63,4,-35,-3
fold8_room1_mix054,63,4,-39,-4
fold8_room1_mix054,64,2,-96,-3
fold8_room1_mix054,64,4,-37,-4
fold8_room1_mix054,64,4,-40,-4
fold8_room1_mix054,65,2,-96,-3
fold8_room1_mix054,65,4,-38,-4
fold8_room1_mix054,65,4,-42,-5
fold8_room1_mix054,66,2,-95,-3
fold8_room1_mix054,66,4,-40,-4
fold8_room1_mix054,66,4,-45,-5
fold8_room1_mix054,67,2,-94,-3
fold8_room1_mix054,67,4,-41,-4
fold8_room1_mix054,67,4,-88,-4
fold8_room1_mix054,67,4,-56,-6
fold8_room1_mix054,68,2,-93,-3
fold8_room1_mix054,68,4,-42,-4
fold8_room1_mix054,68,4,-96,-4
fold8_room1_mix054,68,4,-62,-6
fold8_room1_mix054,69,2,-93,-3
fold8_room1_mix054,69,4,-46,-4
fold8_room1_mix054,69,4,-101,-4
fold8_room1_mix054,69,4,-67,-6
fold8_room1_mix054,70,2,-92,-3
fold8_room1_mix054,70,4,-51,-4
fold8_room1_mix054,70,4,-104,-4
fold8_room1_mix054,70,4,-71,-6
fold8_room1_mix054,71,2,-92,-3
fold8_room1_mix054,71,4,-56,-4
fold8_room1_mix054,71,4,-107,-4
fold8_room1_mix054,71,4,-75,-5
fold8_room1_mix054,72,4,-59,-4
fold8_room1_mix054,72,4,-109,-4
fold8_room1_mix054,72,4,-76,-5
fold8_room1_mix054,73,4,-60,-4
fold8_room1_mix054,73,4,-109,-4
fold8_room1_mix054,73,4,-75,-5
fold8_room1_mix054,74,4,-60,-4
fold8_room1_mix054,74,4,-110,-3
fold8_room1_mix054,74,4,-75,-6
fold8_room1_mix054,75,4,-60,-4
fold8_room1_mix054,75,4,-112,-3
fold8_room1_mix054,75,4,-75,-6
fold8_room1_mix054,76,4,-60,-4
fold8_room1_mix054,76,4,-118,-3
fold8_room1_mix054,76,4,-79,-6
fold8_room1_mix054,77,4,-61,-4
fold8_room1_mix054,77,4,-123,-3
fold8_room1_mix054,77,4,-83,-6
fold8_room1_mix054,78,4,-61,-5
fold8_room1_mix054,78,4,-126,-3
fold8_room1_mix054,78,4,-86,-6
fold8_room1_mix054,79,4,-62,-5
fold8_room1_mix054,79,4,-128,-3
fold8_room1_mix054,79,4,-87,-6
fold8_room1_mix054,80,4,-64,-5
fold8_room1_mix054,80,4,-130,-3
fold8_room1_mix054,80,4,-88,-6
fold8_room1_mix054,81,4,-65,-5
fold8_room1_mix054,81,4,-131,-3
fold8_room1_mix054,81,4,-89,-6
fold8_room1_mix054,82,4,-68,-6
fold8_room1_mix054,82,4,-132,-3
fold8_room1_mix054,82,4,-89,-6
fold8_room1_mix054,83,4,-70,-6
fold8_room1_mix054,83,4,-132,-3
fold8_room1_mix054,83,4,-89,-6
fold8_room1_mix054,84,4,-72,-7
fold8_room1_mix054,84,4,-133,-3
fold8_room1_mix054,84,4,-90,-7
fold8_room1_mix054,85,4,-79,-7
fold8_room1_mix054,85,4,-86,-7
fold8_room1_mix054,86,4,-88,-8
fold8_room1_mix054,86,4,-93,-7
fold8_room1_mix054,87,4,-97,-8
fold8_room1_mix054,87,4,-101,-8
fold8_room1_mix054,88,4,-106,-7
fold8_room1_mix054,88,4,-108,-7
fold8_room1_mix054,89,4,-114,-6
fold8_room1_mix054,89,4,-116,-6
fold8_room1_mix054,90,4,-127,-5
fold8_room1_mix054,91,4,-132,-4
fold8_room1_mix054,92,4,-136,-4
fold8_room1_mix054,93,4,-139,-4
fold8_room1_mix054,94,4,-142,-3
fold8_room1_mix054,95,4,-144,-3
fold8_room1_mix054,96,4,-145,-3
fold8_room1_mix054,97,4,-147,-3
fold8_room1_mix054,98,4,-149,-2
fold8_room1_mix054,99,4,-151,-2
fold8_room1_mix055,60,4,-13,-1
fold8_room1_mix055,61,4,-14,-1
fold8_room1_mix055,62,4,-15,-1
fold8_room1_mix055,63,4,-16,-1
fold8_room1_mix055,64,4,-17,-1
fold8_room1_mix055,65,4,-1,-1
fold8_room1_mix055,65,4,-25,-1
fold8_room1_mix055,66,4,2,-2
fold8_room1_mix055,66,4,-34,-1
fold8_room1_mix055,66,4,-18,-1
fold8_room1_mix055,67,4,5,-2
fold8_room1_mix055,67,4,-37,-2
fold8_room1_mix055,67,4,-18,-1
fold8_room1_mix055,68,4,7,-2
fold8_room1_mix055,68,4,-39,-2
fold8_room1_mix055,68,4,-18,-2
fold8_room1_mix055,69,4,10,-2
fold8_room1_mix055,69,4,-40,-2
fold8_room1_mix055,69,4,-17,-2
fold8_room1_mix055,70,4,11,-3
fold8_room1_mix055,70,4,-39,-3
fold8_room1_mix055,70,4,-17,-2
fold8_room1_mix055,71,4,13,-3
fold8_room1_mix055,71,4,-39,-3
fold8_room1_mix055,71,4,-16,-2
fold8_room1_mix055,72,4,15,-3
fold8_room1_mix055,72,4,-40,-3
fold8_room1_mix055,72,4,-16,-2
fold8_room1_mix055,73,4,17,-3
fold8_room1_mix055,73,4,-40,-4
fold8_room1_mix055,73,4,-15,-2
fold8_room1_mix055,74,4,18,-3
fold8_room1_mix055,74,4,-41,-4
fold8_room1_mix055,74,4,-14,-2
fold8_room1_mix055,75,4,20,-4
fold8_room1_mix055,75,4,-41,-5
fold8_room1_mix055,75,4,-12,-3
fold8_room1_mix055,76,4,21,-5
fold8_room1_mix055,76,4,-40,-7
fold8_room1_mix055,76,4,-8,-3
fold8_room1_mix055,77,4,23,-7
fold8_room1_mix055,77,4,-39,-8
fold8_room1_mix055,77,4,-4,-4
fold8_room1_mix055,78,4,24,-8
fold8_room1_mix055,78,4,-40,-11
fold8_room1_mix055,78,4,-1,-5
fold8_room1_mix055,79,4,23,-8
fold8_room1_mix055,79,4,-4,-4
fold8_room1_mix055,80,4,21,-9
fold8_room1_mix055,80,4,-151,-14
fold8_room1_mix055,80,4,-8,-5
fold8_room1_mix055,81,4,21,-10
fold8_room1_mix055,81,4,-167,-10
fold8_room1_mix055,81,4,-15,-6
fold8_room1_mix055,82,4,25,-12
fold8_room1_mix055,82,4,-172,-10
fold8_room1_mix055,82,4,-26,-8
fold8_room1_mix055,83,4,32,-15
fold8_room1_mix055,83,4,-176,-11
fold8_room1_mix055,83,4,-36,-10
fold8_room1_mix055,84,4,39,-18
fold8_room1_mix055,84,4,178,-12
fold8_room1_mix055,84,4,-44,-12
fold8_room1_mix055,85,4,56,-24
fold8_room1_mix055,85,4,168,-12
fold8_room1_mix055,85,4,-64,-13
fold8_room1_mix055,86,4,117,-29
fold8_room1_mix055,86,4,158,-12
fold8_room1_mix055,86,4,-97,-12
fold8_room1_mix055,87,4,151,-15
fold8_room1_mix055,87,4,-120,-9
fold8_room1_mix055,88,4,168,-16
fold8_room1_mix055,88,4,149,-10
fold8_room1_mix055,88,4,-122,-7
fold8_room1_mix055,89,4,-169,-15
fold8_room1_mix055,89,4,152,-8
fold8_room1_mix055,89,4,-113,-6
fold8_room1_mix055,90,4,-146,-11
fold8_room1_mix055,90,4,155,-6
fold8_room1_mix055,90,4,-102,-4
fold8_room1_mix055,91,4,-132,-8
fold8_room1_mix055,91,4,158,-5
fold8_room1_mix055,91,4,-95,-3
fold8_room1_mix055,92,4,-128,-7
fold8_room1_mix055,92,4,160,-4
fold8_room1_mix055,92,4,-97,-3
fold8_room1_mix055,93,4,-125,-6
fold8_room1_mix055,93,4,162,-3
fold8_room1_mix055,93,4,-100,-3
fold8_room1_mix055,94,4,-124,-6
fold8_room1_mix055,94,4,164,-2
fold8_room1_mix055,94,4,-103,-3
fold8_room1_mix055,95,4,-127,-5
fold8_room1_mix055,95,4,167,-2
fold8_room1_mix055,95,4,-109,-3
fold8_room1_mix055,96,4,-131,-5
fold8_room1_mix055,96,4,170,-2
fold8_room1_mix055,96,4,-116,-3
fold8_room1_mix055,97,4,-135,-4
fold8_room1_mix055,97,4,-128,-3
fold8_room1_mix055,98,4,-140,-3
fold8_room1_mix055,98,4,-135,-3
fold8_room1_mix055,99,4,-147,-2
fold8_room1_mix055,99,4,-142,-2
fold8_room1_mix056,2,4,-24,-1
fold8_room1_mix056,2,4,-179,0
fold8_room1_mix056,3,4,-21,0
fold8_room1_mix056,3,4,178,0
fold8_room1_mix056,4,4,-23,0
fold8_room1_mix056,4,4,177,-1
fold8_room1_mix056,5,4,-25,0
fold8_room1_mix056,5,4,177,-1
fold8_room1_mix056,6,4,-26,0
fold8_room1_mix056,6,4,176,-1
fold8_room1_mix056,7,4,-27,0
fold8_room1_mix056,7,4,176,-1
fold8_room1_mix056,8,4,-28,0
fold8_room1_mix056,8,4,176,-1
fold8_room1_mix056,9,4,-27,0
fold8_room1_mix056,9,4,176,-1
fold8_room1_mix056,10,4,-27,0
fold8_room1_mix056,10,4,176,-1
fold8_room1_mix056,11,4,-27,0
fold8_room1_mix056,11,4,176,-1
fold8_room1_mix056,12,4,-28,0
fold8_room1_mix056,12,4,176,-1
fold8_room1_mix056,13,4,-28,0
fold8_room1_mix056,13,4,176,-1
fold8_room1_mix056,14,4,-29,0
fold8_room1_mix056,14,4,176,-1
fold8_room1_mix056,15,4,-28,0
fold8_room1_mix056,15,4,175,-1
fold8_room1_mix056,16,4,-28,0
fold8_room1_mix056,16,4,175,-1
fold8_room1_mix056,17,4,-28,0
fold8_room1_mix056,17,4,174,-1
fold8_room1_mix056,18,4,-29,0
fold8_room1_mix056,18,4,173,-1
fold8_room1_mix056,19,4,-30,0
fold8_room1_mix056,19,4,171,-1
fold8_room1_mix056,20,4,-32,0
fold8_room1_mix056,20,4,170,-1
fold8_room1_mix056,21,4,-33,0
fold8_room1_mix056,21,4,170,-1
fold8_room1_mix056,22,4,-35,0
fold8_room1_mix056,22,4,170,-1
fold8_room1_mix056,23,4,-36,0
fold8_room1_mix056,23,4,171,-1
fold8_room1_mix056,24,4,-38,0
fold8_room1_mix056,24,4,171,-1
fold8_room1_mix056,25,4,-39,0
fold8_room1_mix056,25,4,171,-1
fold8_room1_mix056,26,4,-40,0
fold8_room1_mix056,26,4,171,-1
fold8_room1_mix056,27,4,-41,0
fold8_room1_mix056,27,4,171,-2
fold8_room1_mix056,28,4,-41,0
fold8_room1_mix056,28,4,170,-2
fold8_room1_mix056,29,4,-41,0
fold8_room1_mix056,29,4,170,-2
fold8_room1_mix056,30,4,-42,0
fold8_room1_mix056,30,4,170,-2
fold8_room1_mix056,31,4,-41,0
fold8_room1_mix056,31,4,170,-2
fold8_room1_mix056,32,4,-41,0
fold8_room1_mix056,32,4,170,-2
fold8_room1_mix056,33,4,-41,0
fold8_room1_mix056,33,4,171,-2
fold8_room1_mix056,34,4,-40,0
fold8_room1_mix056,34,4,170,-2
fold8_room1_mix056,35,4,-40,0
fold8_room1_mix056,35,4,170,-2
fold8_room1_mix056,36,4,-40,0
fold8_room1_mix056,36,4,169,-2
fold8_room1_mix056,37,4,-40,0
fold8_room1_mix056,37,4,168,-2
fold8_room1_mix056,38,4,-41,0
fold8_room1_mix056,38,4,168,-2
fold8_room1_mix056,39,4,-42,0
fold8_room1_mix056,39,4,167,-2
fold8_room1_mix056,40,4,-43,0
fold8_room1_mix056,40,4,166,-2
fold8_room1_mix056,41,4,-44,-1
fold8_room1_mix056,41,4,165,-2
fold8_room1_mix056,42,4,-45,-1
fold8_room1_mix056,42,4,164,-3
fold8_room1_mix056,43,4,-47,-1
fold8_room1_mix056,43,4,163,-3
fold8_room1_mix056,44,4,-51,-1
fold8_room1_mix056,44,4,165,-2
fold8_room1_mix056,45,4,-56,-2
fold8_room1_mix056,45,4,155,-4
fold8_room1_mix056,45,4,-179,0
fold8_room1_mix056,46,4,-63,-3
fold8_room1_mix056,46,4,152,-3
fold8_room1_mix056,46,4,-170,0
fold8_room1_mix056,47,4,-72,-4
fold8_room1_mix056,47,4,149,-3
fold8_room1_mix056,47,4,-159,0
fold8_room1_mix056,48,4,-84,-5
fold8_room1_mix056,48,4,147,-4
fold8_room1_mix056,48,4,-148,0
fold8_room1_mix056,49,4,-97,-6
fold8_room1_mix056,49,4,145,-4
fold8_room1_mix056,49,4,-138,0
fold8_room1_mix056,50,4,-114,-8
fold8_room1_mix056,50,4,144,-4
fold8_room1_mix056,50,4,-127,0
fold8_room1_mix056,51,4,-139,-11
fold8_room1_mix056,51,4,144,-5
fold8_room1_mix056,51,4,-117,1
fold8_room1_mix056,52,4,-171,-12
fold8_room1_mix056,52,4,143,-6
fold8_room1_mix056,52,4,-108,1
fold8_room1_mix056,53,4,148,-10
fold8_room1_mix056,53,4,-102,1
fold8_room1_mix056,54,4,124,-12
fold8_room1_mix056,54,4,161,-9
fold8_room1_mix056,54,4,-95,2
fold8_room1_mix056,55,4,112,-13
fold8_room1_mix056,55,4,-89,3
fold8_room1_mix056,56,4,100,-14
fold8_room1_mix056,56,4,-137,-7
fold8_room1_mix056,56,4,-91,2
fold8_room1_mix056,57,4,86,-15
fold8_room1_mix056,57,4,-125,-4
fold8_room1_mix056,57,4,-99,2
fold8_room1_mix056,58,4,72,-14
fold8_room1_mix056,58,4,-114,0
fold8_room1_mix056,59,4,61,-13
fold8_room1_mix056,59,4,-115,0
fold8_room1_mix056,60,4,53,-11
fold8_room1_mix056,60,4,-114,0
fold8_room1_mix056,61,4,45,-10
fold8_room1_mix056,61,4,-113,0
fold8_room1_mix056,62,4,39,-9
fold8_room1_mix056,62,4,-113,0
fold8_room1_mix056,63,4,34,-8
fold8_room1_mix056,63,4,-115,0
fold8_room1_mix056,64,4,28,-8
fold8_room1_mix056,64,4,-117,0
fold8_room1_mix056,65,4,22,-7
fold8_room1_mix056,65,4,-118,-1
fold8_room1_mix056,66,4,19,-6
fold8_room1_mix056,66,4,-118,0
fold8_room1_mix056,67,4,17,-5
fold8_room1_mix056,67,4,-118,0
fold8_room1_mix056,68,4,15,-4
fold8_room1_mix056,68,4,-118,0
fold8_room1_mix056,69,4,15,-4
fold8_room1_mix056,69,4,-118,0
fold8_room1_mix056,70,4,15,-3
fold8_room1_mix056,70,4,-118,0
fold8_room1_mix056,71,4,15,-3
fold8_room1_mix056,71,4,-118,0
fold8_room1_mix056,72,4,15,-3
fold8_room1_mix056,72,4,-118,0
fold8_room1_mix056,73,4,14,-3
fold8_room1_mix056,73,4,-118,0
fold8_room1_mix056,74,4,14,-3
fold8_room1_mix056,74,4,-118,0
fold8_room1_mix056,75,4,13,-2
fold8_room1_mix056,75,4,-119,0
fold8_room1_mix056,76,4,13,-2
fold8_room1_mix056,76,4,-119,0
fold8_room1_mix056,77,4,13,-2
fold8_room1_mix056,77,4,-119,0
fold8_room1_mix056,78,4,13,-2
fold8_room1_mix056,78,4,-120,0
fold8_room1_mix056,79,4,13,-2
fold8_room1_mix056,79,4,-120,0
fold8_room1_mix056,80,4,13,-2
fold8_room1_mix056,80,4,-120,0
fold8_room1_mix056,81,4,13,-2
fold8_room1_mix056,81,4,-121,0
fold8_room1_mix056,82,4,12,-2
fold8_room1_mix056,82,4,-120,0
fold8_room1_mix056,83,4,10,-2
fold8_room1_mix056,83,4,-127,0
fold8_room1_mix056,83,4,-108,0
fold8_room1_mix056,84,4,9,-2
fold8_room1_mix056,84,4,-128,0
fold8_room1_mix056,84,4,-104,0
fold8_room1_mix056,85,4,9,-2
fold8_room1_mix056,85,4,-128,0
fold8_room1_mix056,85,4,-102,0
fold8_room1_mix056,86,4,9,-2
fold8_room1_mix056,86,4,-129,0
fold8_room1_mix056,86,4,-101,0
fold8_room1_mix056,87,4,9,-2
fold8_room1_mix056,87,4,-129,0
fold8_room1_mix056,87,4,-100,0
fold8_room1_mix056,88,4,9,-2
fold8_room1_mix056,88,4,-130,0
fold8_room1_mix056,88,4,-100,0
fold8_room1_mix056,89,4,9,-2
fold8_room1_mix056,89,4,-130,0
fold8_room1_mix056,89,4,-101,0
fold8_room1_mix056,90,4,10,-1
fold8_room1_mix056,90,4,-130,0
fold8_room1_mix056,90,4,-101,0
fold8_room1_mix056,91,4,10,-1
fold8_room1_mix056,91,4,-130,0
fold8_room1_mix056,91,4,-101,0
fold8_room1_mix056,92,4,10,-1
fold8_room1_mix056,92,4,-131,0
fold8_room1_mix056,92,4,-101,0
fold8_room1_mix056,93,4,10,-1
fold8_room1_mix056,93,4,-132,0
fold8_room1_mix056,93,4,-100,0
fold8_room1_mix056,94,4,9,-1
fold8_room1_mix056,94,4,-133,0
fold8_room1_mix056,94,4,-100,0
fold8_room1_mix056,95,4,7,-1
fold8_room1_mix056,95,4,-133,-1
fold8_room1_mix056,95,4,-101,-1
fold8_room1_mix056,96,4,5,-1
fold8_room1_mix056,96,4,-133,-1
fold8_room1_mix056,96,4,-102,-1
fold8_room1_mix056,97,4,3,-1
fold8_room1_mix056,97,4,-134,-1
fold8_room1_mix056,97,4,-101,-1
fold8_room1_mix056,98,4,3,-1
fold8_room1_mix056,98,4,-134,-1
fold8_room1_mix056,98,4,-88,-1
fold8_room1_mix056,99,4,4,-2
fold8_room1_mix056,99,4,-134,0
fold8_room1_mix056,99,4,-71,-1
fold8_room1_mix056,1,4,-177,0
fold8_room1_mix057,0,4,5,0
fold8_room1_mix057,1,4,4,0
fold8_room1_mix057,2,4,2,0
fold8_room1_mix057,3,4,5,-1
fold8_room1_mix057,4,4,5,-2
fold8_room1_mix057,5,4,2,-1
fold8_room1_mix057,5,4,1,-1
fold8_room1_mix057,6,4,1,-1
fold8_room1_mix057,7,4,2,-1
fold8_room1_mix057,7,4,1,-1
fold8_room1_mix057,8,4,3,-1
fold8_room1_mix057,8,4,1,-2
fold8_room1_mix057,9,4,3,-1
fold8_room1_mix057,9,4,1,-2
fold8_room1_mix057,10,4,4,-2
fold8_room1_mix057,10,4,1,-2
fold8_room1_mix057,11,4,5,-2
fold8_room1_mix057,11,4,1,-2
fold8_room1_mix057,12,3,44,-1
fold8_room1_mix057,12,4,6,-1
fold8_room1_mix057,12,4,2,-2
fold8_room1_mix057,13,3,45,-1
fold8_room1_mix057,13,4,7,-1
fold8_room1_mix057,13,4,3,-2
fold8_room1_mix057,14,3,45,-1
fold8_room1_mix057,14,4,9,-1
fold8_room1_mix057,14,4,4,-2
fold8_room1_mix057,15,3,46,-1
fold8_room1_mix057,15,4,9,-1
fold8_room1_mix057,15,4,3,-2
fold8_room1_mix057,16,3,48,-1
fold8_room1_mix057,16,4,10,-1
fold8_room1_mix057,16,4,3,-2
fold8_room1_mix057,17,3,50,-1
fold8_room1_mix057,17,4,10,-1
fold8_room1_mix057,17,4,3,-2
fold8_room1_mix057,18,3,51,-1
fold8_room1_mix057,18,4,10,-1
fold8_room1_mix057,18,4,3,-2
fold8_room1_mix057,19,3,52,-1
fold8_room1_mix057,19,4,10,-1
fold8_room1_mix057,19,4,170,-4
fold8_room1_mix057,19,4,-5,-2
fold8_room1_mix057,20,3,54,-2
fold8_room1_mix057,20,4,10,0
fold8_room1_mix057,20,4,170,-4
fold8_room1_mix057,20,4,-5,-2
fold8_room1_mix057,21,3,57,-2
fold8_room1_mix057,21,4,10,-1
fold8_room1_mix057,21,4,171,-3
fold8_room1_mix057,21,4,-6,-2
fold8_room1_mix057,22,3,62,-2
fold8_room1_mix057,22,4,11,-1
fold8_room1_mix057,22,4,173,-3
fold8_room1_mix057,22,4,-6,-3
fold8_room1_mix057,23,3,68,-2
fold8_room1_mix057,23,4,12,-1
fold8_room1_mix057,23,4,176,-3
fold8_room1_mix057,23,4,-7,-3
fold8_room1_mix057,24,3,72,-2
fold8_room1_mix057,24,4,12,-1
fold8_room1_mix057,24,4,176,-3
fold8_room1_mix057,24,4,-7,-3
fold8_room1_mix057,25,3,73,-2
fold8_room1_mix057,25,4,11,-1
fold8_room1_mix057,25,4,175,-3
fold8_room1_mix057,25,4,-7,-3
fold8_room1_mix057,26,3,73,-2
fold8_room1_mix057,26,4,10,-1
fold8_room1_mix057,26,4,174,-3
fold8_room1_mix057,26,4,-8,-3
fold8_room1_mix057,27,3,74,-2
fold8_room1_mix057,27,4,10,-1
fold8_room1_mix057,27,4,173,-4
fold8_room1_mix057,27,4,-9,-3
fold8_room1_mix057,28,3,74,-2
fold8_room1_mix057,28,4,11,-2
fold8_room1_mix057,28,4,171,-3
fold8_room1_mix057,28,4,-10,-3
fold8_room1_mix057,29,3,75,-2
fold8_room1_mix057,29,4,11,-2
fold8_room1_mix057,29,4,169,-3
fold8_room1_mix057,29,4,-12,-3
fold8_room1_mix057,30,3,76,-2
fold8_room1_mix057,30,4,11,-2
fold8_room1_mix057,30,4,167,-3
fold8_room1_mix057,30,4,-13,-4
fold8_room1_mix057,31,3,79,-3
fold8_room1_mix057,31,4,12,-2
fold8_room1_mix057,31,4,167,-3
fold8_room1_mix057,31,4,-14,-4
fold8_room1_mix057,32,3,82,-3
fold8_room1_mix057,32,4,12,-2
fold8_room1_mix057,32,4,167,-3
fold8_room1_mix057,32,4,-16,-4
fold8_room1_mix057,33,3,86,-3
fold8_room1_mix057,33,4,12,-3
fold8_room1_mix057,33,4,167,-3
fold8_room1_mix057,33,4,-17,-4
fold8_room1_mix057,34,3,88,-3
fold8_room1_mix057,34,4,13,-3
fold8_room1_mix057,34,4,168,-3
fold8_room1_mix057,34,4,-19,-4
fold8_room1_mix057,35,3,91,-3
fold8_room1_mix057,35,4,14,-3
fold8_room1_mix057,35,4,169,-4
fold8_room1_mix057,35,4,-20,-4
fold8_room1_mix057,36,3,94,-3
fold8_room1_mix057,36,4,14,-3
fold8_room1_mix057,36,4,170,-4
fold8_room1_mix057,36,4,-22,-5
fold8_room1_mix057,37,3,97,-3
fold8_room1_mix057,37,4,15,-3
fold8_room1_mix057,37,4,167,-5
fold8_room1_mix057,37,4,-25,-5
fold8_room1_mix057,38,3,100,-3
fold8_room1_mix057,38,4,15,-3
fold8_room1_mix057,38,4,163,-5
fold8_room1_mix057,38,4,-28,-6
fold8_room1_mix057,39,3,104,-3
fold8_room1_mix057,39,4,15,-4
fold8_room1_mix057,39,4,160,-5
fold8_room1_mix057,39,4,-31,-6
fold8_room1_mix057,40,3,106,-2
fold8_room1_mix057,40,4,15,-4
fold8_room1_mix057,40,4,155,-5
fold8_room1_mix057,40,4,-34,-7
fold8_room1_mix057,41,3,107,-2
fold8_room1_mix057,41,4,13,-6
fold8_room1_mix057,41,4,150,-5
fold8_room1_mix057,41,4,-38,-9
fold8_room1_mix057,42,3,108,-2
fold8_room1_mix057,42,4,11,-8
fold8_room1_mix057,42,4,144,-5
fold8_room1_mix057,42,4,-43,-10
fold8_room1_mix057,43,3,110,-2
fold8_room1_mix057,43,4,8,-11
fold8_room1_mix057,43,4,139,-6
fold8_room1_mix057,43,4,-49,-12
fold8_room1_mix057,44,3,114,-2
fold8_room1_mix057,44,4,141,-7
fold8_room1_mix057,44,4,-55,-15
fold8_room1_mix057,45,3,119,-1
fold8_room1_mix057,45,4,142,-9
fold8_room1_mix057,45,4,-62,-17
fold8_room1_mix057,46,3,124,-1
fold8_room1_mix057,46,4,145,-11
fold8_room1_mix057,46,4,-71,-20
fold8_room1_mix057,47,3,125,-1
fold8_room1_mix057,47,4,157,-13
fold8_room1_mix057,47,4,-80,-21
fold8_room1_mix057,48,3,125,-1
fold8_room1_mix057,48,4,174,-15
fold8_room1_mix057,48,4,-88,-22
fold8_room1_mix057,49,3,126,-2
fold8_room1_mix057,49,4,-169,-16
fold8_room1_mix057,49,4,-97,-23
fold8_room1_mix057,50,3,127,-2
fold8_room1_mix057,50,4,144,-16
fold8_room1_mix057,50,4,-167,-13
fold8_room1_mix057,50,4,-109,-20
fold8_room1_mix057,51,3,129,-2
fold8_room1_mix057,51,4,142,-13
fold8_room1_mix057,51,4,-168,-11
fold8_room1_mix057,51,4,-120,-17
fold8_room1_mix057,52,3,130,-2
fold8_room1_mix057,52,4,140,-11
fold8_room1_mix057,52,4,-169,-10
fold8_room1_mix057,52,4,-130,-14
fold8_room1_mix057,53,3,132,-1
fold8_room1_mix057,53,4,136,-8
fold8_room1_mix057,53,4,-170,-8
fold8_room1_mix057,53,4,-137,-12
fold8_room1_mix057,54,3,134,-1
fold8_room1_mix057,54,4,133,-6
fold8_room1_mix057,54,4,-171,-7
fold8_room1_mix057,54,4,-142,-10
fold8_room1_mix057,55,3,135,-1
fold8_room1_mix057,55,4,130,-4
fold8_room1_mix057,55,4,-173,-6
fold8_room1_mix057,55,4,-147,-9
fold8_room1_mix057,56,3,136,-1
fold8_room1_mix057,56,4,128,-4
fold8_room1_mix057,56,4,-173,-5
fold8_room1_mix057,56,4,-150,-8
fold8_room1_mix057,57,3,137,-1
fold8_room1_mix057,57,4,127,-4
fold8_room1_mix057,57,4,-171,-6
fold8_room1_mix057,57,4,-151,-8
fold8_room1_mix057,58,3,138,-1
fold8_room1_mix057,58,4,125,-4
fold8_room1_mix057,58,4,-170,-6
fold8_room1_mix057,58,4,-152,-8
fold8_room1_mix057,59,3,138,-1
fold8_room1_mix057,59,4,124,-4
fold8_room1_mix057,59,4,-169,-6
fold8_room1_mix057,59,4,-154,-8
fold8_room1_mix057,60,3,139,-1
fold8_room1_mix057,60,4,122,-4
fold8_room1_mix057,60,4,-163,-7
fold8_room1_mix057,61,3,140,-1
fold8_room1_mix057,61,4,120,-4
fold8_room1_mix057,61,4,-165,-7
fold8_room1_mix057,62,3,140,-1
fold8_room1_mix057,62,4,119,-3
fold8_room1_mix057,62,4,-167,-6
fold8_room1_mix057,63,3,140,-1
fold8_room1_mix057,63,4,117,-3
fold8_room1_mix057,63,4,-169,-6
fold8_room1_mix057,64,3,140,-1
fold8_room1_mix057,64,4,114,-2
fold8_room1_mix057,64,4,-171,-5
fold8_room1_mix057,65,3,140,-1
fold8_room1_mix057,65,4,112,-2
fold8_room1_mix057,65,4,-173,-4
fold8_room1_mix057,66,3,141,-1
fold8_room1_mix057,66,4,107,-2
fold8_room1_mix057,66,4,-172,-4
fold8_room1_mix057,67,3,143,-1
fold8_room1_mix057,67,4,102,-2
fold8_room1_mix057,67,4,-172,-3
fold8_room1_mix057,68,4,97,-3
fold8_room1_mix057,68,4,-171,-3
fold8_room1_mix057,69,4,92,-3
fold8_room1_mix057,69,4,-173,-3
fold8_room1_mix057,70,4,88,-2
fold8_room1_mix057,70,4,-176,-2
fold8_room1_mix057,71,4,84,-2
fold8_room1_mix057,71,4,-178,-2
fold8_room1_mix057,72,4,81,-2
fold8_room1_mix057,72,4,179,-2
fold8_room1_mix057,73,4,79,-2
fold8_room1_mix057,73,4,-179,-2
fold8_room1_mix057,74,4,77,-1
fold8_room1_mix057,74,4,-179,-2
fold8_room1_mix057,75,4,76,-1
fold8_room1_mix057,75,4,-179,-2
fold8_room1_mix057,76,4,76,-1
fold8_room1_mix057,76,4,-178,-2
fold8_room1_mix057,77,4,77,-1
fold8_room1_mix057,77,4,-177,-2
fold8_room1_mix057,78,4,77,-1
fold8_room1_mix057,78,4,-177,-2
fold8_room1_mix057,79,4,77,-1
fold8_room1_mix057,79,4,-177,-2
fold8_room1_mix057,80,4,76,-1
fold8_room1_mix057,80,4,-178,-2
fold8_room1_mix057,81,4,76,-1
fold8_room1_mix057,81,4,-178,-2
fold8_room1_mix057,82,4,74,-1
fold8_room1_mix057,82,4,179,-2
fold8_room1_mix057,83,4,72,-1
fold8_room1_mix057,83,4,178,-2
fold8_room1_mix057,84,4,70,-1
fold8_room1_mix057,84,4,176,-2
fold8_room1_mix057,85,4,68,-1
fold8_room1_mix057,85,4,175,-2
fold8_room1_mix057,86,4,67,-1
fold8_room1_mix057,86,4,175,-2
fold8_room1_mix057,87,4,65,-1
fold8_room1_mix057,87,4,174,-2
fold8_room1_mix057,88,4,63,-1
fold8_room1_mix057,88,4,173,-2
fold8_room1_mix057,89,4,61,-1
fold8_room1_mix057,89,4,172,-2
fold8_room1_mix057,90,4,59,-1
fold8_room1_mix057,90,4,179,-2
fold8_room1_mix057,90,4,162,-1
fold8_room1_mix057,91,4,58,-1
fold8_room1_mix057,91,4,179,-2
fold8_room1_mix057,91,4,158,-1
fold8_room1_mix057,92,4,56,-1
fold8_room1_mix057,92,4,177,-2
fold8_room1_mix057,92,4,152,-1
fold8_room1_mix057,93,4,54,-1
fold8_room1_mix057,93,4,174,-2
fold8_room1_mix057,93,4,146,-1
fold8_room1_mix057,94,4,53,-2
fold8_room1_mix057,94,4,172,-1
fold8_room1_mix057,94,4,141,-2
fold8_room1_mix057,95,4,52,-2
fold8_room1_mix057,95,4,170,-1
fold8_room1_mix057,95,4,132,-2
fold8_room1_mix057,96,4,50,-2
fold8_room1_mix057,96,4,168,-1
fold8_room1_mix057,96,4,119,-2
fold8_room1_mix057,97,4,49,-2
fold8_room1_mix057,97,4,167,-1
fold8_room1_mix057,97,4,102,-3
fold8_room1_mix057,98,4,51,-2
fold8_room1_mix057,98,4,166,-1
fold8_room1_mix057,98,4,89,-3
fold8_room1_mix057,99,4,54,-2
fold8_room1_mix057,99,4,167,0
fold8_room1_mix057,99,4,77,-2
fold8_room1_mix058,0,5,-4,3
fold8_room1_mix058,1,4,177,-1
fold8_room1_mix058,1,5,-4,3
fold8_room1_mix058,2,4,178,0
fold8_room1_mix058,2,5,-4,3
fold8_room1_mix058,3,4,178,0
fold8_room1_mix058,3,5,-5,3
fold8_room1_mix058,4,4,178,0
fold8_room1_mix058,4,5,-5,3
fold8_room1_mix058,5,4,178,0
fold8_room1_mix058,5,5,-5,3
fold8_room1_mix058,6,4,177,0
fold8_room1_mix058,6,5,-5,3
fold8_room1_mix058,7,4,177,0
fold8_room1_mix058,7,5,-6,3
fold8_room1_mix058,8,4,176,0
fold8_room1_mix058,8,5,-6,3
fold8_room1_mix058,9,4,177,-1
fold8_room1_mix058,9,5,-6,3
fold8_room1_mix058,10,4,177,-1
fold8_room1_mix058,10,5,-6,3
fold8_room1_mix058,11,4,177,-1
fold8_room1_mix058,11,5,-5,3
fold8_room1_mix058,12,4,177,-1
fold8_room1_mix058,12,5,-6,3
fold8_room1_mix058,13,4,177,-1
fold8_room1_mix058,13,5,-6,3
fold8_room1_mix058,14,4,177,-1
fold8_room1_mix058,14,5,-6,3
fold8_room1_mix058,15,4,177,-1
fold8_room1_mix058,15,5,-5,3
fold8_room1_mix058,16,4,177,-1
fold8_room1_mix058,16,5,-5,3
fold8_room1_mix058,17,4,177,-1
fold8_room1_mix058,17,5,-5,3
fold8_room1_mix058,18,4,177,-1
fold8_room1_mix058,18,5,-6,3
fold8_room1_mix058,19,4,177,-1
fold8_room1_mix058,19,5,-6,3
fold8_room1_mix058,20,4,177,-1
fold8_room1_mix058,20,5,-7,4
fold8_room1_mix058,21,4,177,-1
fold8_room1_mix058,21,5,-8,3
fold8_room1_mix058,22,4,176,-1
fold8_room1_mix058,22,5,-9,3
fold8_room1_mix058,23,4,176,-1
fold8_room1_mix058,23,5,-10,3
fold8_room1_mix058,24,4,176,-1
fold8_room1_mix058,24,5,-11,3
fold8_room1_mix058,25,4,176,-1
fold8_room1_mix058,25,5,-11,3
fold8_room1_mix058,26,4,176,-1
fold8_room1_mix058,26,5,-11,4
fold8_room1_mix058,27,4,165,-2
fold8_room1_mix058,27,4,-177,-1
fold8_room1_mix058,27,5,-11,4
fold8_room1_mix058,28,4,164,-2
fold8_room1_mix058,28,4,-177,-1
fold8_room1_mix058,28,5,-10,4
fold8_room1_mix058,29,4,164,-2
fold8_room1_mix058,29,4,-177,-1
fold8_room1_mix058,29,5,-10,4
fold8_room1_mix058,30,4,163,-2
fold8_room1_mix058,30,4,-177,-1
fold8_room1_mix058,30,5,-9,4
fold8_room1_mix058,31,4,162,-2
fold8_room1_mix058,31,4,-177,-1
fold8_room1_mix058,31,5,-9,4
fold8_room1_mix058,32,4,161,-2
fold8_room1_mix058,32,4,-177,-1
fold8_room1_mix058,32,5,-9,4
fold8_room1_mix058,33,4,161,-2
fold8_room1_mix058,33,4,-177,-1
fold8_room1_mix058,33,5,-9,4
fold8_room1_mix058,34,4,161,-2
fold8_room1_mix058,34,4,-177,-1
fold8_room1_mix058,34,5,-9,4
fold8_room1_mix058,35,4,161,-2
fold8_room1_mix058,35,4,-176,-1
fold8_room1_mix058,35,5,-8,4
fold8_room1_mix058,36,4,161,-2
fold8_room1_mix058,36,4,-175,-2
fold8_room1_mix058,36,5,-8,4
fold8_room1_mix058,37,4,159,-2
fold8_room1_mix058,37,4,-175,-2
fold8_room1_mix058,37,5,-7,4
fold8_room1_mix058,38,4,156,-2
fold8_room1_mix058,38,4,-175,-2
fold8_room1_mix058,38,5,-7,4
fold8_room1_mix058,39,4,154,-1
fold8_room1_mix058,39,4,-175,-2
fold8_room1_mix058,39,5,-6,4
fold8_room1_mix058,40,4,152,-1
fold8_room1_mix058,40,4,-175,-2
fold8_room1_mix058,40,5,-5,4
fold8_room1_mix058,41,4,149,-2
fold8_room1_mix058,41,4,-175,-2
fold8_room1_mix058,41,5,-3,4
fold8_room1_mix058,42,4,147,-2
fold8_room1_mix058,42,4,-176,-2
fold8_room1_mix058,42,5,-1,4
fold8_room1_mix058,43,4,145,-2
fold8_room1_mix058,43,4,-176,-2
fold8_room1_mix058,43,5,0,4
fold8_room1_mix058,44,4,144,-2
fold8_room1_mix058,44,4,-175,-2
fold8_room1_mix058,44,5,3,5
fold8_room1_mix058,45,4,143,-2
fold8_room1_mix058,45,4,-175,-2
fold8_room1_mix058,45,5,6,5
fold8_room1_mix058,46,4,142,-2
fold8_room1_mix058,46,4,-175,-2
fold8_room1_mix058,46,5,8,5
fold8_room1_mix058,47,4,141,-2
fold8_room1_mix058,47,4,-175,-2
fold8_room1_mix058,47,5,7,5
fold8_room1_mix058,48,4,140,-2
fold8_room1_mix058,48,4,-176,-2
fold8_room1_mix058,48,5,7,5
fold8_room1_mix058,49,4,139,-3
fold8_room1_mix058,49,4,-176,-2
fold8_room1_mix058,49,5,6,5
fold8_room1_mix058,50,4,137,-3
fold8_room1_mix058,50,4,-175,-2
fold8_room1_mix058,50,5,3,5
fold8_room1_mix058,51,4,134,-3
fold8_room1_mix058,51,4,-174,-3
fold8_room1_mix058,51,5,0,4
fold8_room1_mix058,52,4,132,-3
fold8_room1_mix058,52,4,-173,-3
fold8_room1_mix058,52,5,-2,4
fold8_room1_mix058,53,4,129,-4
fold8_room1_mix058,53,4,-172,-3
fold8_room1_mix058,53,5,-5,4
fold8_room1_mix058,54,4,126,-4
fold8_room1_mix058,54,4,179,-3
fold8_room1_mix058,54,4,-164,-3
fold8_room1_mix058,54,5,-7,4
fold8_room1_mix058,55,4,122,-5
fold8_room1_mix058,55,4,179,-4
fold8_room1_mix058,55,4,-164,-4
fold8_room1_mix058,55,5,-9,4
fold8_room1_mix058,56,4,118,-6
fold8_room1_mix058,56,4,178,-4
fold8_room1_mix058,56,4,-163,-4
fold8_room1_mix058,56,5,-10,4
fold8_room1_mix058,57,4,115,-6
fold8_room1_mix058,57,4,177,-5
fold8_room1_mix058,57,4,-163,-4
fold8_room1_mix058,57,5,-11,4
fold8_room1_mix058,58,4,112,-6
fold8_room1_mix058,58,4,175,-5
fold8_room1_mix058,58,4,-162,-4
fold8_room1_mix058,58,5,-11,4
fold8_room1_mix058,59,4,107,-7
fold8_room1_mix058,59,4,174,-5
fold8_room1_mix058,59,4,-161,-4
fold8_room1_mix058,59,5,-11,4
fold8_room1_mix058,60,4,100,-7
fold8_room1_mix058,60,4,174,-6
fold8_room1_mix058,60,4,-159,-4
fold8_room1_mix058,60,5,-11,4
fold8_room1_mix058,61,4,93,-6
fold8_room1_mix058,61,4,174,-6
fold8_room1_mix058,61,4,-157,-4
fold8_room1_mix058,61,5,-12,4
fold8_room1_mix058,62,4,86,-6
fold8_room1_mix058,62,4,174,-6
fold8_room1_mix058,62,4,-154,-5
fold8_room1_mix058,62,5,-12,4
fold8_room1_mix058,63,4,84,-7
fold8_room1_mix058,63,4,172,-7
fold8_room1_mix058,63,4,-147,-8
fold8_room1_mix058,63,5,-11,4
fold8_room1_mix058,64,4,82,-8
fold8_room1_mix058,64,4,170,-8
fold8_room1_mix058,64,4,-135,-12
fold8_room1_mix058,64,5,-11,4
fold8_room1_mix058,65,4,79,-9
fold8_room1_mix058,65,4,168,-9
fold8_room1_mix058,65,4,-113,-17
fold8_room1_mix058,65,5,-10,4
fold8_room1_mix058,66,4,66,-10
fold8_room1_mix058,66,4,161,-9
fold8_room1_mix058,66,4,-74,-18
fold8_room1_mix058,66,5,-9,4
fold8_room1_mix058,67,4,52,-11
fold8_room1_mix058,67,4,154,-8
fold8_room1_mix058,67,4,-46,-14
fold8_room1_mix058,67,5,-8,4
fold8_room1_mix058,68,4,42,-11
fold8_room1_mix058,68,4,148,-7
fold8_room1_mix058,68,4,-35,-11
fold8_room1_mix058,68,5,-7,4
fold8_room1_mix058,69,4,39,-11
fold8_room1_mix058,69,4,143,-8
fold8_room1_mix058,69,4,-30,-11
fold8_room1_mix058,69,5,-7,4
fold8_room1_mix058,70,4,38,-11
fold8_room1_mix058,70,4,139,-9
fold8_room1_mix058,70,4,-26,-11
fold8_room1_mix058,70,5,-6,4
fold8_room1_mix058,71,4,38,-12
fold8_room1_mix058,71,4,135,-11
fold8_room1_mix058,71,4,-22,-12
fold8_room1_mix058,71,5,-5,4
fold8_room1_mix058,72,4,36,-12
fold8_room1_mix058,72,4,130,-12
fold8_room1_mix058,72,4,-19,-12
fold8_room1_mix058,72,5,-5,4
fold8_room1_mix058,73,4,34,-12
fold8_room1_mix058,73,4,117,-14
fold8_room1_mix058,73,4,-17,-12
fold8_room1_mix058,73,5,-6,4
fold8_room1_mix058,74,4,32,-12
fold8_room1_mix058,74,4,98,-16
fold8_room1_mix058,74,4,-16,-12
fold8_room1_mix058,74,5,-7,4
fold8_room1_mix058,75,4,30,-11
fold8_room1_mix058,75,4,78,-16
fold8_room1_mix058,75,4,-15,-11
fold8_room1_mix058,75,5,-9,4
fold8_room1_mix058,76,4,26,-9
fold8_room1_mix058,76,4,65,-13
fold8_room1_mix058,76,4,-16,-10
fold8_room1_mix058,76,5,-10,4
fold8_room1_mix058,77,4,24,-7
fold8_room1_mix058,77,4,54,-11
fold8_room1_mix058,77,4,-17,-8
fold8_room1_mix058,77,5,-12,3
fold8_room1_mix058,78,4,22,-6
fold8_room1_mix058,78,4,46,-9
fold8_room1_mix058,78,4,-17,-7
fold8_room1_mix058,78,5,-13,3
fold8_room1_mix058,79,4,22,-5
fold8_room1_mix058,79,4,39,-8
fold8_room1_mix058,79,4,-16,-7
fold8_room1_mix058,79,5,-14,3
fold8_room1_mix058,80,4,27,-6
fold8_room1_mix058,80,4,-13,-6
fold8_room1_mix058,80,5,-15,3
fold8_room1_mix058,81,4,23,-5
fold8_room1_mix058,81,4,-11,-6
fold8_room1_mix058,81,5,-16,3
fold8_room1_mix058,82,4,21,-5
fold8_room1_mix058,82,4,-10,-5
fold8_room1_mix058,82,5,-16,3
fold8_room1_mix058,83,4,18,-4
fold8_room1_mix058,83,4,-8,-5
fold8_room1_mix058,83,5,-16,3
fold8_room1_mix058,84,4,16,-4
fold8_room1_mix058,84,4,-6,-4
fold8_room1_mix058,84,5,-16,3
fold8_room1_mix058,85,4,15,-4
fold8_room1_mix058,85,4,-5,-4
fold8_room1_mix058,85,5,-16,3
fold8_room1_mix058,86,4,8,-3
fold8_room1_mix058,86,5,-15,3
fold8_room1_mix058,87,4,7,-3
fold8_room1_mix058,87,5,-15,3
fold8_room1_mix058,88,4,7,-3
fold8_room1_mix058,88,5,-15,3
fold8_room1_mix058,89,4,7,-3
fold8_room1_mix058,89,5,-15,3
fold8_room1_mix058,90,4,6,-3
fold8_room1_mix058,90,5,-15,4
fold8_room1_mix058,91,4,6,-3
fold8_room1_mix058,91,5,-16,4
fold8_room1_mix058,92,4,5,-2
fold8_room1_mix058,92,5,-17,4
fold8_room1_mix058,93,4,5,-2
fold8_room1_mix058,93,5,-17,4
fold8_room1_mix058,94,4,4,-2
fold8_room1_mix058,94,5,-18,3
fold8_room1_mix058,95,4,4,-2
fold8_room1_mix058,95,5,-19,4
fold8_room1_mix058,96,4,3,-2
fold8_room1_mix058,96,5,-19,4
fold8_room1_mix058,97,4,2,-2
fold8_room1_mix058,97,5,-19,4
fold8_room1_mix058,98,4,3,-1
fold8_room1_mix058,98,5,-18,4
fold8_room1_mix058,99,4,3,-1
fold8_room1_mix058,99,5,-17,3
fold8_room1_mix059,15,4,7,0
fold8_room1_mix059,16,4,6,0
fold8_room1_mix059,17,4,7,0
fold8_room1_mix059,18,4,6,0
fold8_room1_mix059,19,4,7,-1
fold8_room1_mix059,19,4,179,0
fold8_room1_mix059,20,4,9,-1
fold8_room1_mix059,20,4,-176,0
fold8_room1_mix059,21,4,11,-2
fold8_room1_mix059,21,4,-174,0
fold8_room1_mix059,22,4,14,-1
fold8_room1_mix059,22,4,-173,0
fold8_room1_mix059,23,4,18,-1
fold8_room1_mix059,23,4,-171,0
fold8_room1_mix059,24,4,20,-1
fold8_room1_mix059,24,4,-171,0
fold8_room1_mix059,25,4,20,-1
fold8_room1_mix059,25,4,-171,0
fold8_room1_mix059,26,4,21,-1
fold8_room1_mix059,26,4,-172,0
fold8_room1_mix059,27,4,23,-1
fold8_room1_mix059,27,4,-172,-1
fold8_room1_mix059,28,4,24,-1
fold8_room1_mix059,28,4,-173,-1
fold8_room1_mix059,29,4,26,-1
fold8_room1_mix059,29,4,-173,-1
fold8_room1_mix059,30,4,27,-1
fold8_room1_mix059,30,4,-173,-1
fold8_room1_mix059,31,4,29,-1
fold8_room1_mix059,31,4,-173,-1
fold8_room1_mix059,32,4,30,0
fold8_room1_mix059,32,4,-174,-1
fold8_room1_mix059,33,4,32,0
fold8_room1_mix059,33,4,-174,-1
fold8_room1_mix059,34,4,34,0
fold8_room1_mix059,34,4,-174,-1
fold8_room1_mix059,35,4,36,0
fold8_room1_mix059,35,4,-173,-1
fold8_room1_mix059,36,4,38,-1
fold8_room1_mix059,36,4,-172,-1
fold8_room1_mix059,37,4,40,-1
fold8_room1_mix059,37,4,-172,-1
fold8_room1_mix059,38,4,41,0
fold8_room1_mix059,38,4,-172,-1
fold8_room1_mix059,39,4,43,0
fold8_room1_mix059,39,4,-171,-1
fold8_room1_mix059,40,4,45,0
fold8_room1_mix059,40,4,-171,-1
fold8_room1_mix059,41,4,46,0
fold8_room1_mix059,41,4,-171,-1
fold8_room1_mix059,42,4,48,0
fold8_room1_mix059,42,4,-170,-1
fold8_room1_mix059,43,4,50,0
fold8_room1_mix059,43,4,-170,-1
fold8_room1_mix059,44,4,50,0
fold8_room1_mix059,44,4,-171,-1
fold8_room1_mix059,45,4,51,-1
fold8_room1_mix059,45,4,-172,-1
fold8_room1_mix059,46,4,51,-1
fold8_room1_mix059,46,4,-173,-1
fold8_room1_mix059,47,4,53,-1
fold8_room1_mix059,47,4,-173,-1
fold8_room1_mix059,48,4,55,-1
fold8_room1_mix059,48,4,-173,-1
fold8_room1_mix059,49,4,57,-1
fold8_room1_mix059,49,4,-173,-1
fold8_room1_mix059,50,4,60,-1
fold8_room1_mix059,50,4,-172,-1
fold8_room1_mix059,51,4,62,-1
fold8_room1_mix059,51,4,-171,-1
fold8_room1_mix059,52,4,65,-1
fold8_room1_mix059,52,4,-170,-1
fold8_room1_mix059,53,4,67,-1
fold8_room1_mix059,53,4,-169,-2
fold8_room1_mix059,54,4,70,-1
fold8_room1_mix059,54,4,-168,-2
fold8_room1_mix059,55,4,73,-1
fold8_room1_mix059,55,4,-168,-2
fold8_room1_mix059,56,4,76,-1
fold8_room1_mix059,56,4,-167,-2
fold8_room1_mix059,57,4,79,-1
fold8_room1_mix059,57,4,-167,-2
fold8_room1_mix059,58,4,81,-1
fold8_room1_mix059,58,4,-166,-2
fold8_room1_mix059,59,4,83,-2
fold8_room1_mix059,59,4,-166,-2
fold8_room1_mix059,60,4,82,-1
fold8_room1_mix059,60,4,-167,-3
fold8_room1_mix059,61,4,82,-1
fold8_room1_mix059,61,4,-168,-3
fold8_room1_mix059,62,4,81,-1
fold8_room1_mix059,62,4,-170,-4
fold8_room1_mix059,63,4,77,-1
fold8_room1_mix059,63,4,-173,-4
fold8_room1_mix059,64,4,72,-1
fold8_room1_mix059,64,4,175,-6
fold8_room1_mix059,64,4,-168,-4
fold8_room1_mix059,65,4,67,0
fold8_room1_mix059,65,4,169,-6
fold8_room1_mix059,65,4,-169,-4
fold8_room1_mix059,66,4,67,-1
fold8_room1_mix059,66,4,161,-6
fold8_room1_mix059,66,4,-165,-5
fold8_room1_mix059,67,4,69,-1
fold8_room1_mix059,67,4,154,-5
fold8_room1_mix059,67,4,-161,-7
fold8_room1_mix059,73,4,1,-22
fold8_room1_mix059,73,4,131,-8
fold8_room1_mix059,73,4,-43,-19
fold8_room1_mix059,74,4,-13,-12
fold8_room1_mix059,74,4,133,-4
fold8_room1_mix059,74,4,-33,-12
fold8_room1_mix059,75,4,-18,-8
fold8_room1_mix059,75,4,-23,-8
fold8_room1_mix059,76,4,-15,-7
fold8_room1_mix059,76,4,-20,-7
fold8_room1_mix059,77,4,-11,-6
fold8_room1_mix059,77,4,-16,-6
fold8_room1_mix059,78,4,-7,-5
fold8_room1_mix059,78,4,-12,-5
fold8_room1_mix059,79,4,-3,-4
fold8_room1_mix059,79,4,-9,-5
fold8_room1_mix059,80,4,0,-3
fold8_room1_mix059,80,4,-6,-4
fold8_room1_mix059,81,4,4,-3
fold8_room1_mix059,81,4,-3,-4
fold8_room1_mix059,82,4,5,-3
fold8_room1_mix059,82,4,161,0
fold8_room1_mix059,82,4,-9,-4
fold8_room1_mix059,83,4,6,-3
fold8_room1_mix059,83,4,162,0
fold8_room1_mix059,83,4,-9,-4
fold8_room1_mix059,84,4,7,-2
fold8_room1_mix059,84,4,164,0
fold8_room1_mix059,84,4,-8,-4
fold8_room1_mix059,85,4,7,-2
fold8_room1_mix059,85,4,165,0
fold8_room1_mix059,85,4,-8,-4
fold8_room1_mix059,86,4,7,-2
fold8_room1_mix059,86,4,165,0
fold8_room1_mix059,86,4,-7,-4
fold8_room1_mix059,87,4,7,-2
fold8_room1_mix059,87,4,0,-3
fold8_room1_mix059,88,4,6,-2
fold8_room1_mix059,88,4,0,-3
fold8_room1_mix059,89,4,4,-2
fold8_room1_mix059,89,4,-1,-3
fold8_room1_mix059,90,4,3,-2
fold8_room1_mix059,90,4,-2,-3
fold8_room1_mix059,91,4,1,-2
fold8_room1_mix059,91,4,-3,-3
fold8_room1_mix059,92,4,0,-2
fold8_room1_mix059,92,4,-3,-3
fold8_room1_mix059,93,4,0,-2
fold8_room1_mix059,93,4,-3,-3
fold8_room1_mix059,94,4,-1,-2
fold8_room1_mix059,94,4,-3,-2
fold8_room1_mix059,95,4,-2,-2
fold8_room1_mix059,95,4,-4,-2
fold8_room1_mix059,96,4,-2,-2
fold8_room1_mix059,96,4,-4,-2
fold8_room1_mix059,97,4,-3,-2
fold8_room1_mix059,97,4,-5,-2
fold8_room1_mix059,98,4,-3,-1
fold8_room1_mix059,98,4,-4,-2
fold8_room1_mix059,99,4,-2,-1
fold8_room1_mix059,99,4,-3,-1
fold8_room1_mix059,68,4,148,-5
fold8_room1_mix059,68,4,-157,-8
fold8_room1_mix059,69,4,144,-6
fold8_room1_mix059,69,4,-148,-14
fold8_room1_mix059,70,4,139,-9
fold8_room1_mix059,70,4,-131,-22
fold8_room1_mix059,71,4,131,-13
fold8_room1_mix059,71,4,-105,-31
fold8_room1_mix059,72,4,128,-12
fold8_room1_mix059,72,4,-68,-29
fold8_room1_mix059,10,4,176,0
fold8_room1_mix059,11,4,176,0
fold8_room1_mix060,13,4,-171,0
fold8_room1_mix060,14,4,-170,-1
fold8_room1_mix060,15,4,-169,-1
fold8_room1_mix060,16,4,-167,-1
fold8_room1_mix060,17,4,-165,-1
fold8_room1_mix060,18,4,-165,0
fold8_room1_mix060,19,4,-166,0
fold8_room1_mix060,20,4,-166,0
fold8_room1_mix060,21,4,-167,0
fold8_room1_mix060,22,4,-167,0
fold8_room1_mix060,23,4,-168,0
fold8_room1_mix060,24,4,-168,0
fold8_room1_mix060,25,4,-167,0
fold8_room1_mix060,26,4,-167,0
fold8_room1_mix060,27,4,-167,0
fold8_room1_mix060,28,4,-166,0
fold8_room1_mix060,29,4,-164,0
fold8_room1_mix060,30,4,-144,0
fold8_room1_mix060,30,4,-169,0
fold8_room1_mix060,31,4,-134,0
fold8_room1_mix060,31,4,-168,0
fold8_room1_mix060,32,4,-119,1
fold8_room1_mix060,32,4,-167,0
fold8_room1_mix060,34,4,-80,0
fold8_room1_mix060,34,4,-165,0
fold8_room1_mix060,35,4,-64,0
fold8_room1_mix060,35,4,-163,0
fold8_room1_mix060,36,4,-52,0
fold8_room1_mix060,36,4,-162,0
fold8_room1_mix060,37,4,-45,0
fold8_room1_mix060,37,4,-168,0
fold8_room1_mix060,37,4,-152,-1
fold8_room1_mix060,38,4,-41,0
fold8_room1_mix060,38,4,-168,0
fold8_room1_mix060,38,4,-148,0
fold8_room1_mix060,39,4,-38,0
fold8_room1_mix060,39,4,-168,0
fold8_room1_mix060,39,4,-144,0
fold8_room1_mix060,40,4,-38,0
fold8_room1_mix060,40,4,-168,0
fold8_room1_mix060,40,4,-140,0
fold8_room1_mix060,41,4,-41,0
fold8_room1_mix060,41,4,-168,0
fold8_room1_mix060,41,4,-137,0
fold8_room1_mix060,42,4,-43,-1
fold8_room1_mix060,42,4,-168,-1
fold8_room1_mix060,42,4,-133,-1
fold8_room1_mix060,43,4,-45,-1
fold8_room1_mix060,43,4,-168,-1
fold8_room1_mix060,43,4,-128,-1
fold8_room1_mix060,44,4,-48,-1
fold8_room1_mix060,44,4,-167,-1
fold8_room1_mix060,44,4,-122,-1
fold8_room1_mix060,45,4,-50,-2
fold8_room1_mix060,45,4,-166,0
fold8_room1_mix060,45,4,-115,-1
fold8_room1_mix060,46,4,-53,-2
fold8_room1_mix060,46,4,-165,0
fold8_room1_mix060,46,4,-108,-1
fold8_room1_mix060,47,4,-55,-2
fold8_room1_mix060,47,4,-166,0
fold8_room1_mix060,47,4,-103,-1
fold8_room1_mix060,48,4,-58,-3
fold8_room1_mix060,48,4,-166,0
fold8_room1_mix060,48,4,-99,-1
fold8_room1_mix060,49,4,-60,-3
fold8_room1_mix060,49,4,-167,0
fold8_room1_mix060,49,4,-95,-1
fold8_room1_mix060,50,4,-63,-3
fold8_room1_mix060,50,4,-169,-1
fold8_room1_mix060,50,4,-91,-1
fold8_room1_mix060,51,4,-66,-3
fold8_room1_mix060,51,4,-170,-1
fold8_room1_mix060,51,4,-89,-1
fold8_room1_mix060,52,4,-69,-2
fold8_room1_mix060,52,4,-172,-2
fold8_room1_mix060,52,4,-86,-1
fold8_room1_mix060,53,4,-75,-2
fold8_room1_mix060,53,4,-80,-1
fold8_room1_mix060,54,4,-84,-2
fold8_room1_mix060,54,4,-84,-1
fold8_room1_mix060,55,4,-93,-2
fold8_room1_mix060,55,4,-87,-1
fold8_room1_mix060,56,4,-101,-2
fold8_room1_mix060,56,4,-169,-1
fold8_room1_mix060,56,4,-84,0
fold8_room1_mix060,57,4,-108,-2
fold8_room1_mix060,57,4,-168,-1
fold8_room1_mix060,57,4,-89,0
fold8_room1_mix060,58,4,-114,-1
fold8_room1_mix060,58,4,-167,-1
fold8_room1_mix060,58,4,-94,0
fold8_room1_mix060,59,4,-120,-1
fold8_room1_mix060,59,4,-167,-1
fold8_room1_mix060,59,4,-99,0
fold8_room1_mix060,60,4,-126,-1
fold8_room1_mix060,60,4,-168,-1
fold8_room1_mix060,60,4,-104,0
fold8_room1_mix060,61,4,-130,-1
fold8_room1_mix060,61,4,-169,-1
fold8_room1_mix060,61,4,-109,0
fold8_room1_mix060,62,4,-134,-1
fold8_room1_mix060,62,4,-170,-1
fold8_room1_mix060,62,4,-112,0
fold8_room1_mix060,63,4,-135,-1
fold8_room1_mix060,63,4,-170,-1
fold8_room1_mix060,63,4,-113,0
fold8_room1_mix060,64,4,-136,-1
fold8_room1_mix060,64,4,-170,-1
fold8_room1_mix060,64,4,-113,0
fold8_room1_mix060,65,4,-136,-1
fold8_room1_mix060,65,4,-171,-1
fold8_room1_mix060,65,4,-114,0
fold8_room1_mix060,66,4,-136,-1
fold8_room1_mix060,66,4,-172,-1
fold8_room1_mix060,66,4,-114,0
fold8_room1_mix060,67,4,-136,-1
fold8_room1_mix060,67,4,-173,-1
fold8_room1_mix060,67,4,-114,0
fold8_room1_mix060,68,4,-136,-1
fold8_room1_mix060,68,4,-174,-2
fold8_room1_mix060,68,4,-114,0
fold8_room1_mix060,69,4,-136,-1
fold8_room1_mix060,69,4,-174,-1
fold8_room1_mix060,69,4,-113,0
fold8_room1_mix060,70,4,-137,-1
fold8_room1_mix060,70,4,-174,-1
fold8_room1_mix060,70,4,-112,0
fold8_room1_mix060,71,4,-138,-1
fold8_room1_mix060,71,4,-174,-1
fold8_room1_mix060,71,4,-110,0
fold8_room1_mix060,72,4,-138,-1
fold8_room1_mix060,72,4,-174,-1
fold8_room1_mix060,72,4,-110,0
fold8_room1_mix060,73,4,-136,-1
fold8_room1_mix060,73,4,-174,-1
fold8_room1_mix060,73,4,-109,-1
fold8_room1_mix060,74,4,-134,-2
fold8_room1_mix060,74,4,-174,-2
fold8_room1_mix060,74,4,-109,-1
fold8_room1_mix060,75,4,-133,-2
fold8_room1_mix060,75,4,-174,-2
fold8_room1_mix060,75,4,-112,-1
fold8_room1_mix060,76,4,-134,-2
fold8_room1_mix060,76,4,-127,-2
fold8_room1_mix060,77,4,-136,-3
fold8_room1_mix060,77,4,-131,-2
fold8_room1_mix060,78,4,-136,-3
fold8_room1_mix060,78,4,-134,-2
fold8_room1_mix060,79,4,-133,-4
fold8_room1_mix060,79,4,-132,-3
fold8_room1_mix060,80,4,-129,-5
fold8_room1_mix060,80,4,-129,-5
fold8_room1_mix060,81,4,-124,-6
fold8_room1_mix060,81,4,-126,-6
fold8_room1_mix060,82,4,-107,-9
fold8_room1_mix060,82,4,-111,-9
fold8_room1_mix060,83,4,-83,-10
fold8_room1_mix060,83,4,-88,-11
fold8_room1_mix060,84,4,-74,-12
fold8_room1_mix060,85,4,-59,-10
fold8_room1_mix060,86,4,-48,-8
fold8_room1_mix060,87,4,-38,-6
fold8_room1_mix060,88,4,-31,-5
fold8_room1_mix060,89,4,-29,-4
fold8_room1_mix060,90,4,-26,-4
fold8_room1_mix060,91,4,-24,-3
fold8_room1_mix060,92,4,-22,-3
fold8_room1_mix060,93,4,-20,-3
fold8_room1_mix060,94,4,-18,-3
fold8_room1_mix060,95,4,-17,-3
fold8_room1_mix060,96,4,-16,-2
fold8_room1_mix060,97,4,-15,-2
fold8_room1_mix060,98,4,-14,-2
fold8_room1_mix060,99,4,-13,-1
fold8_room1_mix060,33,4,-166,0