name,motion,tier,scenario,n_src,peak,recon_err,noise_dba_target,noise_dba_meas,az_med_max,el_med_max,cpa_rel_dist_m,cpa_rel_time_s,car_audible_frac,recv_ok,mask_ok,result
fold1_room3_mix001,static,critical,normal,1,0.003,1.19e-07,45.95208596087389,45.95,0.249,0.182,1.424,6.65,1.0,True,True,PASS
fold1_room3_mix002,walk,caution,normal,1,0.0013,1.19e-07,45.71305288467532,45.71,0.249,0.225,2.714,7.27,0.98,True,True,PASS
fold1_room3_mix003,static,safe,normal,1,0.0009,1.19e-07,46.59792854959109,46.6,0.253,0.285,5.101,8.79,0.95,True,True,PASS
fold1_room3_mix004,walk,critical,normal,1,0.0038,1.19e-07,52.322695583691385,52.32,0.279,0.263,1.33,7.71,0.98,True,True,PASS
fold1_room3_mix005,static,caution,normal,1,0.0024,1.19e-07,55.80612993073071,55.81,0.331,0.179,1.761,6.83,0.61,True,True,PASS
fold1_room3_mix006,walk,safe,normal,1,0.0008,1.19e-07,64.44477800326752,64.44,0.209,0.329,8.033,6.13,0.21,True,True,PASS
fold1_room3_mix007,static,critical,normal,1,0.0034,1.19e-07,57.20062342704232,57.2,0.246,0.28,1.314,7.65,0.89,True,True,PASS
fold1_room3_mix008,walk,caution,normal,1,0.0029,1.19e-07,40.30732879178203,40.31,0.259,0.287,2.583,8.53,0.98,True,True,PASS
fold1_room3_mix009,static,safe,normal,1,0.0008,1.19e-07,47.429252390518684,47.43,0.273,0.374,8.313,7.93,0.98,True,True,PASS
fold1_room3_mix010,walk,critical,normal,1,0.004,1.19e-07,46.47085262085822,46.47,0.267,0.248,1.419,6.8,0.99,True,True,PASS
fold1_room3_mix011,static,caution,normal,1,0.0025,1.19e-07,40.98900515634267,40.99,0.238,0.304,2.956,7.12,0.98,True,True,PASS
fold1_room3_mix012,walk,safe,normal,1,0.0011,1.19e-07,50.6093774062769,50.61,0.282,0.306,7.669,7.62,0.98,True,True,PASS
fold1_room3_mix013,static,critical,normal,1,0.0047,1.19e-07,48.80619883136726,48.81,0.308,0.3,0.727,8.73,0.98,True,True,PASS
fold1_room3_mix014,walk,caution,normal,1,0.003,1.19e-07,46.41072639528635,46.41,0.259,0.362,1.731,8.59,0.99,True,True,PASS
fold1_room3_mix015,static,safe,normal,1,0.0012,1.19e-07,61.97782660320695,61.98,0.243,0.233,5.674,6.23,0.58,True,True,PASS
fold1_room3_mix016,walk,critical,normal,1,0.0041,1.19e-07,56.870357553000034,56.87,0.248,0.268,0.854,7.38,0.5,True,True,PASS
fold1_room3_mix017,static,caution,normal,1,0.0033,1.19e-07,54.80863451919498,54.81,0.238,0.234,2.131,8.01,0.84,True,True,PASS
fold1_room3_mix018,walk,safe,normal,1,0.0007,1.19e-07,61.07956677915256,61.08,0.255,0.238,11.835,7.18,0.27,True,True,PASS
fold1_room3_mix019,static,critical,normal,1,0.0033,1.19e-07,61.79565196419141,61.8,0.391,0.198,0.984,7.63,0.28,True,True,PASS
fold1_room3_mix020,walk,caution,normal,1,0.0027,1.19e-07,56.556065359576046,56.56,0.242,0.215,2.02,6.7,0.85,True,True,PASS
fold1_room3_mix021,static,safe,normal,1,0.0019,1.19e-07,54.37031281370915,54.37,0.206,0.282,4.513,8.42,0.98,True,True,PASS
fold1_room3_mix022,walk,critical,normal,1,0.0029,1.19e-07,54.49574885202462,54.5,0.244,0.246,1.364,6.86,0.99,True,True,PASS
fold1_room3_mix023,static,caution,normal,1,0.0014,1.19e-07,40.13767431685887,40.14,0.276,0.261,2.793,8.13,0.99,True,True,PASS
fold1_room3_mix024,walk,safe,normal,1,0.0007,1.19e-07,44.23310192991123,44.23,0.256,0.358,11.282,8.94,0.99,True,True,PASS
fold1_room3_mix025,static,critical,normal,1,0.0031,1.19e-07,45.400559299467304,45.4,0.316,0.272,1.151,6.81,0.99,True,True,PASS
fold1_room3_mix026,walk,caution,normal,1,0.0029,1.19e-07,55.84471448493281,55.84,0.296,0.242,1.688,6.86,0.48,True,True,PASS
fold1_room3_mix027,static,safe,normal,1,0.0006,1.19e-07,42.156726791628,42.16,0.233,0.162,14.241,7.83,0.99,True,True,PASS
fold1_room3_mix028,walk,critical,normal,1,0.0045,1.19e-07,49.029193857995516,49.03,0.242,0.345,1.329,7.53,0.98,True,True,PASS
fold1_room3_mix029,static,caution,normal,1,0.0026,1.19e-07,53.852315269911756,53.85,0.254,0.22,2.931,7.63,0.99,True,True,PASS
fold1_room3_mix030,walk,safe,normal,1,0.0004,1.19e-07,46.04001268311437,46.04,0.248,0.147,14.997,8.33,0.99,True,True,PASS
fold1_room3_mix031,static,critical,normal,1,0.0039,1.19e-07,60.78963715006114,60.79,0.284,0.205,0.815,6.54,0.77,True,True,PASS
fold1_room3_mix032,walk,caution,normal,1,0.0017,1.19e-07,55.757910034829344,55.76,0.224,0.186,2.878,6.77,1.0,True,True,PASS
fold1_room3_mix033,static,safe,normal,1,0.0004,1.19e-07,55.2393792803563,55.24,0.228,0.217,12.105,7.09,0.89,True,True,PASS
fold1_room3_mix034,walk,critical,normal,1,0.0047,1.19e-07,57.70398033811681,57.7,0.256,0.207,0.967,8.07,0.76,True,True,PASS
fold1_room3_mix035,static,caution,normal,1,0.0019,1.19e-07,44.44654863579331,44.45,0.265,0.203,2.049,8.24,0.99,True,True,PASS
fold1_room3_mix036,walk,safe,normal,1,0.0011,1.19e-07,44.81023069715143,44.81,0.233,0.288,8.619,6.21,0.99,True,True,PASS
fold1_room3_mix037,static,critical,normal,1,0.0059,1.19e-07,57.4615360928971,57.46,0.315,0.242,0.715,8.54,0.48,True,True,PASS
fold1_room3_mix038,walk,caution,normal,1,0.0015,1.19e-07,51.07383983996816,51.07,0.251,0.256,2.674,7.45,0.97,True,True,PASS
fold1_room3_mix039,static,safe,normal,1,0.0004,1.19e-07,41.415037862013655,41.42,0.231,0.278,11.462,8.48,0.98,True,True,PASS
fold1_room3_mix040,walk,critical,normal,1,0.0048,1.19e-07,49.74437527580192,49.74,0.259,0.352,1.274,8.19,0.99,True,True,PASS
fold1_room3_mix041,static,caution,normal,1,0.0027,1.19e-07,41.88104674224866,41.88,0.268,0.289,1.566,7.8,0.99,True,True,PASS
fold1_room3_mix042,walk,safe,normal,1,0.0016,1.19e-07,55.7744270327438,55.77,0.247,0.255,4.567,8.55,0.99,True,True,PASS
fold1_room3_mix043,static,critical,normal,1,0.0071,1.19e-07,52.67290050625391,52.67,0.319,0.337,0.641,8.7,0.9,True,True,PASS
fold1_room3_mix044,walk,caution,normal,1,0.0023,1.19e-07,57.35149644670821,57.35,0.231,0.242,1.689,7.18,1.0,True,True,PASS
fold1_room3_mix045,static,safe,normal,1,0.0008,1.19e-07,62.38223240462001,62.38,0.174,0.214,11.014,7.41,0.27,True,True,PASS
fold1_room3_mix046,walk,critical,normal,1,0.0024,1.19e-07,53.04294848019073,53.04,0.265,0.192,1.302,7.88,0.51,True,True,PASS
fold1_room3_mix047,static,caution,normal,1,0.0027,1.19e-07,63.27654385861072,63.28,0.251,0.253,2.446,7.67,0.35,True,True,PASS
fold1_room3_mix048,walk,safe,normal,1,0.0009,1.19e-07,53.22499038152621,53.23,0.237,0.249,5.57,6.45,0.99,True,True,PASS
fold1_room3_mix049,static,critical,normal,1,0.0043,1.19e-07,46.865340866576204,46.87,0.223,0.185,1.024,8.41,0.99,True,True,PASS
fold1_room3_mix050,walk,caution,normal,1,0.0025,1.19e-07,53.91571597740586,53.92,0.235,0.271,2.676,6.35,0.98,True,True,PASS
fold1_room3_mix051,static,safe,normal,1,0.001,1.19e-07,46.11343775336721,46.11,0.236,0.203,6.911,6.45,0.99,True,True,PASS
fold1_room3_mix052,walk,critical,normal,1,0.0035,1.19e-07,42.429966628198855,42.43,0.246,0.25,1.372,6.68,1.0,True,True,PASS
fold1_room3_mix053,static,caution,normal,1,0.0027,1.19e-07,49.06134380763974,49.06,0.238,0.297,1.769,6.8,0.98,True,True,PASS
fold1_room3_mix054,walk,safe,normal,1,0.0006,1.19e-07,42.88451215572295,42.88,0.238,0.361,12.007,6.19,0.99,True,True,PASS
fold1_room3_mix055,static,critical,normal,1,0.0043,1.19e-07,40.850610657553744,40.85,0.294,0.309,1.355,6.85,0.99,True,True,PASS
fold1_room3_mix056,walk,caution,normal,1,0.0019,1.19e-07,48.41447129728781,48.41,0.266,0.248,2.976,6.26,0.98,True,True,PASS
fold1_room3_mix057,static,safe,normal,1,0.0004,1.19e-07,46.163928407637705,46.16,0.283,0.241,11.241,7.86,0.99,True,True,PASS
fold1_room3_mix058,walk,critical,normal,1,0.0033,1.19e-07,46.28184524474562,46.28,0.274,0.222,1.308,6.86,0.99,True,True,PASS
fold1_room3_mix059,static,caution,normal,1,0.0022,1.19e-07,52.732454443113056,52.73,0.232,0.258,2.218,6.73,0.98,True,True,PASS
fold1_room3_mix060,walk,safe,normal,1,0.0004,1.19e-07,49.72893087896343,49.73,0.269,0.189,11.54,6.39,0.73,True,True,PASS
fold1_room3_mix061,static,critical,normal,1,0.0032,1.19e-07,49.1826922717204,49.18,0.259,0.287,1.192,8.64,0.94,True,True,PASS
fold1_room3_mix062,walk,caution,normal,1,0.0018,1.19e-07,60.57081199050808,60.57,0.207,0.218,2.625,6.16,0.47,True,True,PASS
fold1_room3_mix063,static,safe,normal,1,0.001,1.19e-07,58.23580320887454,58.24,0.291,0.214,5.524,6.05,0.53,True,True,PASS
fold1_room3_mix064,walk,critical,normal,1,0.0039,1.19e-07,44.89664914525339,44.9,0.284,0.199,0.961,7.1,0.99,True,True,PASS
fold1_room3_mix065,static,caution,normal,1,0.0018,1.19e-07,41.84074254804672,41.84,0.251,0.307,2.337,7.43,0.99,True,True,PASS
fold1_room3_mix066,walk,safe,normal,1,0.0007,1.19e-07,61.331021994774076,61.33,0.197,0.187,10.536,8.09,0.51,True,True,PASS
fold1_room3_mix067,static,critical,normal,1,0.0036,1.19e-07,50.82073211565839,50.82,0.285,0.282,1.057,6.88,0.98,True,True,PASS
fold1_room3_mix068,walk,caution,normal,1,0.0015,1.19e-07,48.03946392494057,48.04,0.266,0.275,2.582,6.62,1.0,True,True,PASS
fold1_room3_mix069,static,safe,normal,1,0.0015,1.19e-07,42.813556481456544,42.81,0.206,0.324,3.381,7.5,0.99,True,True,PASS
fold1_room3_mix070,walk,critical,normal,1,0.0033,1.19e-07,49.841970246654355,49.84,0.247,0.257,1.245,7.77,0.99,True,True,PASS
fold1_room3_mix071,static,caution,normal,1,0.0015,1.19e-07,53.34314981725862,53.34,0.286,0.29,2.085,6.43,0.61,True,True,PASS
fold1_room3_mix072,walk,safe,normal,1,0.0006,1.19e-07,64.02029041271236,64.02,0.0,0.0,14.915,8.46,0.0,True,True,PASS
fold1_room3_mix073,static,critical,normal,1,0.0028,1.19e-07,48.18212636224571,48.18,0.274,0.239,1.364,6.12,1.0,True,True,PASS
fold1_room3_mix074,walk,caution,normal,1,0.0016,1.19e-07,51.997043064572416,52.0,0.231,0.201,2.478,6.32,0.63,True,True,PASS
fold1_room3_mix075,static,safe,normal,1,0.0009,1.19e-07,62.369520453248285,62.37,0.264,0.291,10.402,7.67,0.46,True,True,PASS
fold1_room3_mix076,walk,critical,normal,1,0.0042,1.19e-07,59.33426020248771,59.33,0.262,0.235,1.157,7.9,0.96,True,True,PASS
fold1_room3_mix077,static,caution,normal,1,0.0025,1.19e-07,57.07270222582057,57.07,0.255,0.238,2.4,6.4,0.61,True,True,PASS
fold1_room3_mix078,walk,safe,normal,1,0.0008,1.19e-07,61.7729893724556,61.77,0.22,0.241,6.069,8.72,0.28,True,True,PASS
fold1_room3_mix079,static,critical,normal,1,0.0066,1.19e-07,42.94527611824499,42.95,0.298,0.261,0.806,7.1,0.99,True,True,PASS
fold1_room3_mix080,walk,caution,normal,1,0.0015,1.19e-07,54.69122308374679,54.69,0.328,0.241,2.456,7.9,0.5,True,True,PASS
fold1_room3_mix081,static,safe,normal,1,0.0016,1.19e-07,60.79318333671916,60.79,0.306,0.264,4.703,7.72,0.51,True,True,PASS
fold1_room3_mix082,walk,critical,normal,1,0.0034,1.19e-07,41.29133133568829,41.29,0.207,0.351,1.019,7.6,0.98,True,True,PASS
fold1_room3_mix083,static,caution,normal,1,0.0024,1.19e-07,49.49181177011263,49.49,0.241,0.257,1.918,6.9,0.99,True,True,PASS
fold1_room3_mix084,walk,safe,normal,1,0.0014,1.19e-07,44.03749328802924,44.04,0.308,0.218,6.532,6.84,0.99,True,True,PASS
fold1_room3_mix085,static,critical,normal,1,0.0053,1.19e-07,45.545871314764625,45.55,0.216,0.286,0.697,8.28,0.99,True,True,PASS
fold1_room3_mix086,walk,caution,normal,1,0.0024,1.19e-07,59.3013239298528,59.3,0.246,0.204,2.577,6.31,0.77,True,True,PASS
fold1_room3_mix087,static,safe,normal,1,0.0004,1.19e-07,55.71322320355031,55.71,0.234,0.245,12.921,7.33,0.54,True,True,PASS
fold1_room3_mix088,walk,critical,normal,1,0.005,1.19e-07,45.59354809834345,45.59,0.277,0.255,1.336,6.38,0.99,True,True,PASS
fold1_room3_mix089,static,caution,normal,1,0.0023,1.19e-07,48.18892378427298,48.19,0.249,0.27,1.582,6.45,0.99,True,True,PASS
fold1_room3_mix090,walk,safe,normal,1,0.0012,1.19e-07,58.1350287500246,58.14,0.252,0.319,5.976,7.63,0.48,True,True,PASS
fold1_room3_mix091,static,critical,normal,1,0.0033,1.19e-07,53.3855124994895,53.39,0.253,0.239,1.407,6.61,0.99,True,True,PASS
fold1_room3_mix092,walk,caution,normal,1,0.0017,1.19e-07,62.467243116217546,62.47,0.351,0.198,2.407,8.86,0.24,True,True,PASS
fold1_room3_mix093,static,safe,normal,1,0.0008,1.19e-07,56.53925930583525,56.54,0.25,0.23,6.236,8.21,0.48,True,True,PASS
fold1_room3_mix094,walk,critical,normal,1,0.0031,1.19e-07,61.795779126850704,61.8,0.404,0.249,1.439,6.79,0.21,True,True,PASS
fold1_room3_mix095,static,caution,normal,1,0.0015,1.19e-07,46.073446186205274,46.07,0.271,0.291,2.314,7.11,0.98,True,True,PASS
fold1_room3_mix096,walk,safe,normal,1,0.0004,1.19e-07,42.109636469231766,42.11,0.225,0.328,14.405,6.82,0.99,True,True,PASS
fold1_room3_mix097,static,critical,normal,1,0.0029,1.19e-07,45.375373304547864,45.38,0.243,0.277,0.935,8.7,0.98,True,True,PASS
fold1_room3_mix098,walk,caution,normal,1,0.0016,1.19e-07,46.19284741086891,46.19,0.206,0.234,2.562,6.36,1.0,True,True,PASS
fold1_room3_mix099,static,safe,normal,1,0.0005,1.19e-07,50.31268178026109,50.31,0.174,0.381,9.435,7.89,0.83,True,True,PASS
fold1_room3_mix100,walk,critical,normal,1,0.0054,1.19e-07,49.56480631177023,49.56,0.353,0.353,0.846,8.47,0.97,True,True,PASS
fold1_room3_mix1000,walk,critical,normal,3,0.0352,2.30e-07,58.585476377699294,58.59,0.304,0.28,0.949,8.05,0.75,True,True,PASS
fold1_room3_mix1001,static,caution,normal,3,0.007,2.22e-07,53.37193980875123,53.37,0.257,0.36,2.968,6.34,0.99,True,True,PASS
fold1_room3_mix1002,walk,safe,normal,3,0.0369,1.77e-07,52.84208816574206,52.84,0.476,0.322,9.775,7.51,0.79,True,True,PASS
fold1_room3_mix1003,static,critical,normal,3,0.0058,2.28e-07,41.12539031133719,41.13,0.234,0.381,0.902,7.36,0.98,True,True,PASS
fold1_room3_mix1004,walk,caution,normal,3,0.3193,2.36e-07,58.8236462757701,58.82,0.245,0.238,2.563,7.98,0.54,True,True,PASS
fold1_room3_mix1005,static,safe,normal,3,0.0344,2.28e-07,57.15469646029565,57.15,0.295,0.306,3.935,6.13,0.83,True,True,PASS
fold1_room3_mix1006,walk,critical,normal,3,0.0104,2.27e-07,46.380120091774515,46.38,0.365,0.289,1.144,8.69,0.99,True,True,PASS
fold1_room3_mix1007,static,caution,normal,3,0.0351,2.30e-07,41.428059836378026,41.43,0.318,0.346,2.393,8.86,0.99,True,True,PASS
fold1_room3_mix1008,walk,safe,normal,3,0.0015,2.26e-07,43.32040645205028,43.32,0.29,0.375,6.682,6.38,0.99,True,True,PASS
fold1_room3_mix1009,static,critical,normal,3,0.1964,2.31e-07,49.643818172464925,49.64,0.355,0.261,1.048,6.03,0.99,True,True,PASS
fold1_room3_mix101,static,caution,normal,1,0.0032,1.19e-07,42.59789856104331,42.6,0.29,0.197,2.397,7.16,0.99,True,True,PASS
fold1_room3_mix1010,walk,caution,normal,3,0.0249,2.24e-07,55.00375464293885,55.0,0.271,0.231,1.768,6.37,0.99,True,True,PASS
fold1_room3_mix1011,static,safe,normal,3,0.1031,2.25e-07,43.57670933655726,43.58,0.353,0.298,3.643,6.86,0.99,True,True,PASS
fold1_room3_mix1012,walk,critical,normal,3,0.0554,2.23e-07,51.04062471670565,51.04,0.368,0.339,1.157,6.22,0.98,True,True,PASS
fold1_room3_mix102,walk,safe,normal,1,0.0007,1.19e-07,62.91727977409733,62.92,0.23,0.137,12.745,6.36,0.19,True,True,PASS
fold1_room3_mix103,static,critical,normal,1,0.004,1.19e-07,60.396889936610236,60.4,0.228,0.281,1.13,7.35,0.56,True,True,PASS
fold1_room3_mix104,walk,caution,normal,1,0.0026,1.19e-07,49.599184116315755,49.6,0.28,0.216,2.007,7.67,0.99,True,True,PASS
fold1_room3_mix105,static,safe,normal,1,0.0017,1.19e-07,51.110893479124684,51.11,0.274,0.271,3.567,7.58,0.99,True,True,PASS
fold1_room3_mix106,walk,critical,normal,1,0.0056,1.19e-07,40.60902326351776,40.61,0.339,0.266,0.645,6.48,0.99,True,True,PASS
fold1_room3_mix107,static,caution,normal,1,0.0021,1.19e-07,40.383521248500806,40.38,0.242,0.223,2.965,6.9,0.99,True,True,PASS
fold1_room3_mix108,walk,safe,normal,1,0.0013,1.19e-07,54.29548714930672,54.3,0.232,0.283,3.598,7.83,0.79,True,True,PASS
fold1_room3_mix109,static,critical,normal,1,0.0035,1.19e-07,41.016367627887206,41.02,0.278,0.232,1.131,8.27,0.99,True,True,PASS
fold1_room3_mix110,walk,caution,normal,1,0.0018,1.19e-07,44.30413901184124,44.3,0.252,0.308,2.389,6.93,0.99,True,True,PASS
fold1_room3_mix111,static,safe,normal,1,0.0008,1.19e-07,58.66129096312225,58.66,0.181,0.319,6.984,8.44,0.43,True,True,PASS
fold1_room3_mix112,walk,critical,normal,1,0.0024,1.19e-07,50.162345061749704,50.16,0.299,0.233,1.366,7.91,0.77,True,True,PASS
fold1_room3_mix113,static,caution,normal,1,0.0014,1.19e-07,60.100442368043176,60.1,0.323,0.23,2.898,8.58,0.32,True,True,PASS
fold1_room3_mix114,walk,safe,normal,1,0.0011,1.19e-07,44.85517804480362,44.86,0.242,0.301,6.849,7.85,1.0,True,True,PASS
fold1_room3_mix115,static,critical,normal,1,0.0038,1.19e-07,43.161146003988236,43.16,0.245,0.215,1.022,8.73,1.0,True,True,PASS
fold1_room3_mix116,walk,caution,normal,1,0.0037,1.19e-07,45.826618554703394,45.83,0.292,0.253,1.674,8.8,0.99,True,True,PASS
fold1_room3_mix117,static,safe,normal,1,0.0014,1.19e-07,62.68051070766302,62.68,0.303,0.212,6.391,8.54,0.32,True,True,PASS
fold1_room3_mix118,walk,critical,normal,1,0.0022,1.19e-07,62.240923923984035,62.24,0.299,0.218,1.394,6.97,0.37,True,True,PASS
fold1_room3_mix119,static,caution,normal,1,0.0032,1.19e-07,52.60503380496804,52.61,0.284,0.33,1.813,6.53,0.84,True,True,PASS
fold1_room3_mix120,walk,safe,normal,1,0.0009,1.19e-07,55.68551745387567,55.69,0.237,0.285,12.436,6.27,0.94,True,True,PASS
fold1_room3_mix121,static,critical,normal,1,0.0035,1.19e-07,42.09022324380293,42.09,0.249,0.288,1.267,6.32,1.0,True,True,PASS
fold1_room3_mix122,walk,caution,normal,1,0.0016,1.19e-07,48.62355073714903,48.62,0.252,0.241,2.271,6.02,0.95,True,True,PASS
fold1_room3_mix123,static,safe,normal,1,0.0007,1.19e-07,47.79965240551275,47.8,0.27,0.367,8.986,8.54,0.99,True,True,PASS
fold1_room3_mix124,walk,critical,normal,1,0.0053,1.19e-07,42.301974832623834,42.3,0.278,0.263,0.692,8.79,1.0,True,True,PASS
fold1_room3_mix125,static,caution,normal,1,0.0028,1.19e-07,53.81968998874702,53.82,0.241,0.246,2.546,7.36,0.99,True,True,PASS
fold1_room3_mix126,walk,safe,normal,1,0.0008,1.19e-07,48.33048112896746,48.33,0.244,0.191,6.058,6.83,0.99,True,True,PASS
fold1_room3_mix127,static,critical,normal,1,0.0031,1.19e-07,53.90467105801591,53.9,0.261,0.269,1.061,7.52,0.84,True,True,PASS
fold1_room3_mix128,walk,caution,normal,1,0.0026,1.19e-07,52.82432168600863,52.82,0.239,0.251,2.71,6.47,0.98,True,True,PASS
fold1_room3_mix129,static,safe,normal,1,0.002,1.19e-07,53.6404921199035,53.64,0.267,0.302,4.641,7.73,0.98,True,True,PASS
fold1_room3_mix130,walk,critical,normal,1,0.0038,1.19e-07,41.883081943434114,41.88,0.277,0.23,0.72,7.14,1.0,True,True,PASS
fold1_room3_mix131,static,caution,normal,1,0.0023,1.19e-07,57.70965704808035,57.71,0.323,0.25,1.841,8.3,0.48,True,True,PASS
fold1_room3_mix132,walk,safe,normal,1,0.0009,1.19e-07,44.13613879651242,44.14,0.274,0.354,8.971,7.5,0.98,True,True,PASS
fold1_room3_mix133,static,critical,normal,1,0.0053,1.19e-07,53.23196996804151,53.23,0.275,0.343,0.875,6.03,0.97,True,True,PASS
fold1_room3_mix134,walk,caution,normal,1,0.0017,1.19e-07,59.66189908989506,59.66,0.277,0.202,2.431,8.34,0.56,True,True,PASS
fold1_room3_mix135,static,safe,normal,1,0.0007,1.19e-07,56.49939773953452,56.5,0.192,0.137,10.183,6.78,0.52,True,True,PASS
fold1_room3_mix136,walk,critical,normal,1,0.0037,1.19e-07,59.05367304995127,59.05,0.288,0.239,0.929,7.21,0.42,True,True,PASS
fold1_room3_mix137,static,caution,normal,1,0.0022,1.19e-07,54.53727406746824,54.54,0.289,0.173,2.139,6.17,0.79,True,True,PASS
fold1_room3_mix138,walk,safe,normal,1,0.0007,1.19e-07,57.20800760266549,57.21,0.246,0.32,8.671,7.92,0.97,True,True,PASS
fold1_room3_mix139,static,critical,normal,1,0.0031,1.19e-07,53.84669369754602,53.85,0.281,0.218,1.425,8.61,0.81,True,True,PASS
fold1_room3_mix140,walk,caution,normal,1,0.0017,1.19e-07,54.01104212515043,54.01,0.251,0.233,2.86,8.03,0.52,True,True,PASS
fold1_room3_mix141,static,safe,normal,1,0.0009,1.19e-07,57.14764864910544,57.15,0.24,0.262,4.681,7.99,0.54,True,True,PASS
fold1_room3_mix142,walk,critical,normal,1,0.0026,1.19e-07,40.13518880679776,40.14,0.227,0.27,1.384,6.19,0.99,True,True,PASS
fold1_room3_mix143,static,caution,normal,1,0.0028,1.19e-07,46.77008978249407,46.77,0.241,0.319,1.91,6.95,0.99,True,True,PASS
fold1_room3_mix144,walk,safe,normal,1,0.0009,1.19e-07,60.72485002641017,60.72,0.322,0.287,6.197,8.48,0.28,True,True,PASS
fold1_room3_mix145,static,critical,normal,1,0.0047,1.19e-07,40.81121707646795,40.81,0.312,0.193,1.224,8.22,1.0,True,True,PASS
fold1_room3_mix146,walk,caution,normal,1,0.0019,1.19e-07,59.54192334414014,59.54,0.373,0.267,1.905,7.53,0.36,True,True,PASS
fold1_room3_mix147,static,safe,normal,1,0.0005,1.19e-07,51.81858378354362,51.82,0.299,0.172,13.699,7.88,0.64,True,True,PASS
fold1_room3_mix148,walk,critical,normal,1,0.0037,1.19e-07,49.82423152811449,49.82,0.322,0.353,1.122,7.43,0.97,True,True,PASS
fold1_room3_mix149,static,caution,normal,1,0.0041,1.19e-07,64.98412417575535,64.98,0.314,0.239,1.551,7.29,0.51,True,True,PASS
fold1_room3_mix150,walk,safe,normal,1,0.0007,1.19e-07,53.426485571231254,53.43,0.218,0.148,11.341,8.11,1.0,True,True,PASS
fold1_room3_mix151,static,critical,normal,1,0.0034,1.19e-07,61.16238655066397,61.16,0.314,0.304,1.08,6.7,0.48,True,True,PASS
fold1_room3_mix152,walk,caution,normal,1,0.0014,1.19e-07,43.84600660797269,43.85,0.279,0.241,2.681,7.6,0.98,True,True,PASS
fold1_room3_mix153,static,safe,normal,1,0.0004,1.19e-07,42.175033149591016,42.18,0.212,0.306,11.011,6.35,0.98,True,True,PASS
fold1_room3_mix154,walk,critical,normal,1,0.0047,1.19e-07,52.2088386706243,52.21,0.258,0.286,1.055,6.76,0.99,True,True,PASS
fold1_room3_mix155,static,caution,normal,1,0.0022,1.19e-07,61.71304198830644,61.71,0.305,0.262,2.891,7.05,0.54,True,True,PASS
fold1_room3_mix156,walk,safe,normal,1,0.0008,1.19e-07,56.17188819475121,56.17,0.202,0.244,10.977,8.33,0.52,True,True,PASS
fold1_room3_mix157,static,critical,normal,1,0.0042,1.19e-07,40.55290362849404,40.55,0.252,0.284,1.159,8.89,0.98,True,True,PASS
fold1_room3_mix158,walk,caution,normal,1,0.0026,1.19e-07,59.170311086838275,59.17,0.325,0.211,2.101,6.95,0.39,True,True,PASS
fold1_room3_mix159,static,safe,normal,1,0.0009,1.19e-07,41.170295246203615,41.17,0.249,0.234,7.803,8.43,0.99,True,True,PASS
fold1_room3_mix160,walk,critical,normal,1,0.0037,1.19e-07,59.93665225658576,59.94,0.281,0.188,0.841,8.2,0.39,True,True,PASS
fold1_room3_mix161,static,caution,normal,1,0.0024,1.19e-07,56.237001887832285,56.24,0.288,0.178,2.197,6.61,0.58,True,True,PASS
fold1_room3_mix162,walk,safe,normal,1,0.0008,1.19e-07,56.53013835248069,56.53,0.273,0.253,7.648,7.34,0.6,True,True,PASS
fold1_room3_mix163,static,critical,normal,1,0.0074,1.19e-07,45.40919194174014,45.41,0.353,0.316,0.632,7.38,0.98,True,True,PASS
fold1_room3_mix164,walk,caution,normal,1,0.0031,1.19e-07,56.641874093185805,56.64,0.261,0.274,1.725,8.32,0.63,True,True,PASS
fold1_room3_mix165,static,safe,normal,1,0.0004,1.19e-07,51.18578323835245,51.19,0.25,0.267,14.429,8.89,0.68,True,True,PASS
fold1_room3_mix166,walk,critical,normal,1,0.0043,1.19e-07,62.429532272137735,62.43,0.285,0.183,1.084,7.9,0.42,True,True,PASS
fold1_room3_mix167,static,caution,normal,1,0.0016,1.19e-07,64.32162261342495,64.32,0.391,0.199,2.881,6.82,0.17,True,True,PASS
fold1_room3_mix168,walk,safe,normal,1,0.0005,1.19e-07,59.6769580702351,59.68,0.25,0.266,13.463,6.77,0.37,True,True,PASS
fold1_room3_mix169,static,critical,normal,1,0.0032,1.19e-07,51.40365944907875,51.4,0.279,0.281,1.359,6.87,0.97,True,True,PASS
fold1_room3_mix170,walk,caution,normal,1,0.0016,1.19e-07,42.72971218065001,42.73,0.31,0.297,1.961,6.96,0.98,True,True,PASS
fold1_room3_mix171,static,safe,normal,1,0.0006,1.19e-07,59.84429268334427,59.84,0.266,0.146,14.894,7.19,0.4,True,True,PASS
fold1_room3_mix172,walk,critical,normal,1,0.0028,1.19e-07,47.99141317785242,47.99,0.226,0.304,1.128,6.54,0.98,True,True,PASS
fold1_room3_mix173,static,caution,normal,1,0.0032,1.19e-07,45.27932887287678,45.28,0.259,0.335,1.834,7.92,0.99,True,True,PASS
fold1_room3_mix174,walk,safe,normal,1,0.0009,1.19e-07,62.66151860642128,62.66,0.267,0.131,6.45,6.7,0.26,True,True,PASS
fold1_room3_mix175,static,critical,normal,1,0.0069,1.19e-07,56.115444104822124,56.12,0.249,0.254,0.675,6.16,0.66,True,True,PASS
fold1_room3_mix176,walk,caution,normal,1,0.0028,1.19e-07,47.15750057807999,47.16,0.304,0.249,2.104,6.44,0.99,True,True,PASS
fold1_room3_mix177,static,safe,normal,1,0.0012,1.19e-07,49.768931636739936,49.77,0.26,0.273,5.909,8.07,0.99,True,True,PASS
fold1_room3_mix178,walk,critical,normal,1,0.0032,1.19e-07,59.28769972557693,59.29,0.304,0.294,0.894,6.33,0.29,True,True,PASS
fold1_room3_mix179,static,caution,normal,1,0.0021,1.19e-07,44.35615373263314,44.36,0.262,0.249,2.366,6.25,0.99,True,True,PASS
fold1_room3_mix180,walk,safe,normal,1,0.001,1.19e-07,50.17023564407393,50.17,0.267,0.213,6.955,8.68,0.99,True,True,PASS
fold1_room3_mix181,static,critical,normal,1,0.0041,1.19e-07,54.463690916676825,54.46,0.28,0.263,1.365,8.63,0.99,True,True,PASS
fold1_room3_mix182,walk,caution,normal,1,0.0015,1.19e-07,50.58596758535711,50.59,0.286,0.239,2.789,7.21,1.0,True,True,PASS
fold1_room3_mix183,static,safe,normal,1,0.0007,1.19e-07,62.170388596311724,62.17,0.276,0.29,10.086,6.67,0.47,True,True,PASS
fold1_room3_mix184,walk,critical,normal,1,0.0043,1.19e-07,42.173528761737195,42.17,0.262,0.252,0.744,6.8,1.0,True,True,PASS
fold1_room3_mix185,static,caution,normal,1,0.0036,1.19e-07,63.68296163945719,63.68,0.233,0.261,2.149,7.68,0.46,True,True,PASS
fold1_room3_mix186,walk,safe,normal,1,0.0007,1.19e-07,40.54794654059252,40.55,0.282,0.379,14.442,7.67,0.99,True,True,PASS
fold1_room3_mix187,static,critical,normal,1,0.0058,1.19e-07,61.8743378678395,61.87,0.302,0.281,1.118,7.58,0.62,True,True,PASS
fold1_room3_mix188,walk,caution,normal,1,0.002,1.19e-07,59.32493766254933,59.32,0.251,0.252,2.998,7.75,0.63,True,True,PASS
fold1_room3_mix189,static,safe,normal,1,0.0009,1.19e-07,59.97059803787835,59.97,0.216,0.307,12.98,8.66,0.46,True,True,PASS
fold1_room3_mix190,walk,critical,normal,1,0.0065,1.19e-07,64.10439501523884,64.1,0.283,0.244,0.876,6.17,0.94,True,True,PASS
fold1_room3_mix191,static,caution,normal,1,0.0018,1.19e-07,53.94220310255073,53.94,0.267,0.196,1.88,6.15,0.61,True,True,PASS
fold1_room3_mix192,walk,safe,normal,1,0.0006,1.19e-07,62.95112312706068,62.95,0.0,0.0,14.08,8.43,0.0,True,True,PASS
fold1_room3_mix193,static,critical,normal,1,0.0057,1.19e-07,49.95684356941442,49.96,0.278,0.307,1.053,8.65,0.97,True,True,PASS
fold1_room3_mix194,walk,caution,normal,1,0.0015,1.19e-07,42.124141585242064,42.12,0.289,0.264,1.983,6.62,0.99,True,True,PASS
fold1_room3_mix195,static,safe,normal,1,0.0004,1.19e-07,56.982247854078366,56.98,0.204,0.366,14.941,6.81,0.7,True,True,PASS
fold1_room3_mix196,walk,critical,normal,1,0.0041,1.19e-07,63.95722972877955,63.96,0.315,0.311,0.703,7.16,0.3,True,True,PASS
fold1_room3_mix197,static,caution,normal,1,0.0022,1.19e-07,55.933871905218304,55.93,0.294,0.182,1.946,6.07,0.75,True,True,PASS
fold1_room3_mix198,walk,safe,normal,1,0.0007,1.19e-07,44.23157420857103,44.23,0.257,0.292,14.559,8.92,0.98,True,True,PASS
fold1_room3_mix199,static,critical,normal,1,0.0049,1.19e-07,61.44507581462816,61.45,0.292,0.184,1.393,6.97,0.56,True,True,PASS
fold1_room3_mix200,walk,caution,normal,1,0.0016,1.19e-07,47.08464667064889,47.08,0.249,0.236,2.829,6.14,0.99,True,True,PASS
fold1_room3_mix201,static,safe,normal,1,0.0007,1.19e-07,44.13703014223854,44.14,0.274,0.269,8.523,7.48,0.99,True,True,PASS
fold1_room3_mix202,walk,critical,normal,1,0.0027,1.19e-07,48.474319299827386,48.47,0.264,0.291,1.285,7.75,0.98,True,True,PASS
fold1_room3_mix203,static,caution,normal,1,0.0028,1.19e-07,64.95261144236346,64.95,0.241,0.282,1.809,7.21,0.3,True,True,PASS
fold1_room3_mix204,walk,safe,normal,1,0.0006,1.19e-07,49.11367744619756,49.11,0.245,0.21,10.942,6.34,0.98,True,True,PASS
fold1_room3_mix205,static,critical,normal,1,0.0038,1.19e-07,56.38742303114275,56.39,0.26,0.204,1.424,8.47,0.98,True,True,PASS
fold1_room3_mix206,walk,caution,normal,1,0.003,1.19e-07,61.7953836441247,61.8,0.238,0.221,2.757,8.21,0.72,True,True,PASS
fold1_room3_mix207,static,safe,normal,1,0.0004,1.19e-07,48.37226239181413,48.37,0.281,0.215,13.149,6.76,0.99,True,True,PASS
fold1_room3_mix208,walk,critical,normal,1,0.003,1.19e-07,57.73172131106091,57.73,0.258,0.23,1.316,6.27,0.99,True,True,PASS
fold1_room3_mix209,static,caution,normal,1,0.002,1.19e-07,47.23545098353602,47.24,0.268,0.338,2.77,8.4,0.98,True,True,PASS
fold1_room3_mix210,walk,safe,normal,1,0.0009,1.19e-07,51.318367887435365,51.32,0.228,0.221,9.74,7.89,1.0,True,True,PASS
fold1_room3_mix211,static,critical,normal,1,0.0076,1.19e-07,55.48041496060179,55.48,0.256,0.219,0.701,7.76,0.71,True,True,PASS
fold1_room3_mix212,walk,caution,normal,1,0.0036,1.19e-07,48.23003928594029,48.23,0.249,0.237,2.084,6.02,0.99,True,True,PASS
fold1_room3_mix213,static,safe,normal,1,0.0008,1.19e-07,43.833107853751486,43.83,0.224,0.264,9.539,6.54,0.99,True,True,PASS
fold1_room3_mix214,walk,critical,normal,1,0.0028,1.19e-07,63.67250347643484,63.67,0.358,0.257,0.946,6.73,0.24,True,True,PASS
fold1_room3_mix215,static,caution,normal,1,0.0029,1.19e-07,57.84144016845791,57.84,0.303,0.299,1.866,7.44,0.53,True,True,PASS
fold1_room3_mix216,walk,safe,normal,1,0.0013,1.19e-07,63.72943882333719,63.73,0.338,0.152,4.496,7.92,0.2,True,True,PASS
fold1_room3_mix217,static,critical,normal,1,0.0058,1.19e-07,60.699662589255965,60.7,0.276,0.264,0.93,7.24,0.57,True,True,PASS
fold1_room3_mix218,walk,caution,normal,1,0.0023,1.19e-07,55.36685226284292,55.37,0.304,0.295,1.933,8.58,0.54,True,True,PASS
fold1_room3_mix219,static,safe,normal,1,0.0006,1.19e-07,48.16896208326349,48.17,0.224,0.268,9.935,6.43,0.87,True,True,PASS
fold1_room3_mix220,walk,critical,normal,1,0.0052,1.19e-07,64.52745663037356,64.53,0.319,0.314,0.766,8.96,0.25,True,True,PASS
fold1_room3_mix221,static,caution,normal,1,0.0033,1.19e-07,62.26416746411715,62.26,0.271,0.283,2.182,8.02,0.42,True,True,PASS
fold1_room3_mix222,walk,safe,normal,1,0.0007,1.19e-07,63.574309408568716,63.57,0.319,0.452,10.999,8.58,0.13,True,True,PASS
fold1_room3_mix223,static,critical,normal,1,0.0043,1.19e-07,61.55329075885324,61.55,0.212,0.262,0.752,8.63,0.35,True,True,PASS
fold1_room3_mix224,walk,caution,normal,1,0.0034,1.19e-07,62.72436255609681,62.72,0.251,0.243,1.594,7.17,0.92,True,True,PASS
fold1_room3_mix225,static,safe,normal,1,0.0011,1.19e-07,41.682886427455884,41.68,0.26,0.242,5.692,7.38,0.99,True,True,PASS
fold1_room3_mix226,walk,critical,normal,1,0.0049,1.19e-07,52.20446813013406,52.2,0.281,0.229,0.62,7.76,0.8,True,True,PASS
fold1_room3_mix227,static,caution,normal,1,0.0028,1.19e-07,51.219054630271515,51.22,0.268,0.255,1.705,8.16,0.97,True,True,PASS
fold1_room3_mix228,walk,safe,normal,1,0.0011,1.19e-07,50.12508173161896,50.13,0.257,0.208,5.255,7.3,0.98,True,True,PASS
fold1_room3_mix229,static,critical,normal,1,0.0037,1.19e-07,47.074985991377574,47.08,0.29,0.252,1.177,8.69,0.98,True,True,PASS
fold1_room3_mix230,walk,caution,normal,1,0.0027,1.19e-07,43.42624346949919,43.43,0.245,0.319,2.321,8.94,0.98,True,True,PASS
fold1_room3_mix231,static,safe,normal,1,0.0016,1.19e-07,43.45627651381563,43.46,0.312,0.312,3.721,7.11,0.98,True,True,PASS
fold1_room3_mix232,walk,critical,normal,1,0.0041,1.19e-07,43.45146506470892,43.45,0.239,0.309,0.795,7.42,0.99,True,True,PASS
fold1_room3_mix233,static,caution,normal,1,0.0016,1.19e-07,58.405422977130485,58.41,0.247,0.25,2.737,8.24,0.43,True,True,PASS
fold1_room3_mix234,walk,safe,normal,1,0.0011,1.19e-07,54.56449781657075,54.56,0.317,0.239,5.439,8.9,0.6,True,True,PASS
fold1_room3_mix235,static,critical,normal,1,0.0046,1.19e-07,57.888868846983314,57.89,0.191,0.286,0.684,8.44,0.34,True,True,PASS
fold1_room3_mix236,walk,caution,normal,1,0.0025,1.19e-07,40.3094660727464,40.31,0.283,0.302,2.193,8.06,0.99,True,True,PASS
fold1_room3_mix237,static,safe,normal,1,0.0005,1.19e-07,42.86729069152157,42.87,0.25,0.196,12.195,6.05,1.0,True,True,PASS
fold1_room3_mix238,walk,critical,normal,1,0.0038,1.19e-07,63.71905334627991,63.72,0.309,0.346,0.668,6.33,0.22,True,True,PASS
fold1_room3_mix239,static,caution,normal,1,0.0024,1.19e-07,41.13834512106758,41.14,0.295,0.322,1.674,8.61,0.98,True,True,PASS
fold1_room3_mix240,walk,safe,normal,1,0.0006,1.19e-07,61.03602033256108,61.04,0.296,0.297,13.429,8.98,0.07,True,True,PASS
fold1_room3_mix241,static,critical,normal,1,0.0034,1.19e-07,63.722900995631676,63.72,0.318,0.23,1.459,8.96,0.24,True,True,PASS
fold1_room3_mix242,walk,caution,normal,1,0.0029,1.19e-07,51.172409245787726,51.17,0.282,0.309,1.803,7.32,0.98,True,True,PASS
fold1_room3_mix243,static,safe,normal,1,0.0005,1.19e-07,56.78574731766998,56.79,0.235,0.358,12.792,7.97,0.44,True,True,PASS
fold1_room3_mix244,walk,critical,normal,1,0.0036,1.19e-07,57.180669620600426,57.18,0.244,0.233,0.853,6.91,0.65,True,True,PASS
fold1_room3_mix245,static,caution,normal,1,0.0026,1.19e-07,55.2230081871882,55.22,0.255,0.313,1.949,6.81,0.55,True,True,PASS
fold1_room3_mix246,walk,safe,normal,1,0.0024,1.19e-07,61.85707797905603,61.86,0.259,0.286,5.456,7.72,1.0,True,True,PASS
fold1_room3_mix247,static,critical,normal,1,0.002,1.19e-07,57.73542016968378,57.74,0.312,0.24,1.236,7.18,0.37,True,True,PASS
fold1_room3_mix248,walk,caution,normal,1,0.0032,1.19e-07,47.889317360831676,47.89,0.28,0.234,2.908,6.54,1.0,True,True,PASS
fold1_room3_mix249,static,safe,normal,1,0.0017,1.19e-07,47.702556795119584,47.7,0.242,0.268,4.247,6.42,0.98,True,True,PASS
fold1_room3_mix250,walk,critical,normal,1,0.0053,1.19e-07,63.64831700844235,63.65,0.35,0.277,0.727,7.57,0.24,True,True,PASS
fold1_room3_mix251,static,caution,normal,1,0.0017,1.19e-07,47.05150914450229,47.05,0.266,0.258,2.743,8.43,0.99,True,True,PASS
fold1_room3_mix252,walk,safe,normal,1,0.0011,1.19e-07,45.375446090853934,45.38,0.265,0.239,6.11,6.41,0.99,True,True,PASS
fold1_room3_mix253,static,critical,normal,1,0.0049,1.19e-07,48.286412241934954,48.29,0.208,0.211,0.838,7.99,0.99,True,True,PASS
fold1_room3_mix254,walk,caution,normal,1,0.0014,1.19e-07,53.1916174513636,53.19,0.335,0.224,2.417,8.53,0.5,True,True,PASS
fold1_room3_mix255,static,safe,normal,1,0.0007,1.19e-07,51.8127718890604,51.81,0.245,0.328,14.183,8.94,0.98,True,True,PASS
fold1_room3_mix256,walk,critical,normal,1,0.0042,1.19e-07,43.318132546396726,43.32,0.277,0.304,0.651,6.86,0.98,True,True,PASS
fold1_room3_mix257,static,caution,normal,1,0.0033,1.19e-07,44.20670044109738,44.21,0.279,0.278,1.717,6.16,0.99,True,True,PASS
fold1_room3_mix258,walk,safe,normal,1,0.0012,1.19e-07,64.85159890143191,64.85,0.295,0.24,8.166,8.74,0.32,True,True,PASS
fold1_room3_mix259,static,critical,normal,1,0.006,1.19e-07,51.94923192902982,51.95,0.329,0.317,0.637,8.93,0.71,True,True,PASS
fold1_room3_mix260,walk,caution,normal,1,0.0034,1.19e-07,51.714163134961645,51.71,0.289,0.324,1.82,8.81,0.98,True,True,PASS
fold1_room3_mix261,static,safe,normal,1,0.0008,1.19e-07,53.698668383806464,53.7,0.291,0.272,7.192,6.19,0.54,True,True,PASS
fold1_room3_mix262,walk,critical,normal,1,0.0065,1.19e-07,41.64822120589063,41.65,0.308,0.213,0.834,7.98,0.99,True,True,PASS
fold1_room3_mix263,static,caution,normal,1,0.0034,1.19e-07,49.64985283735038,49.65,0.308,0.278,1.67,8.44,0.98,True,True,PASS
fold1_room3_mix264,walk,safe,normal,1,0.0012,1.19e-07,51.22366153317035,51.22,0.244,0.307,7.699,8.68,0.99,True,True,PASS
fold1_room3_mix265,static,critical,normal,1,0.003,1.19e-07,59.796082891305176,59.8,0.274,0.255,1.147,7.15,0.81,True,True,PASS
fold1_room3_mix266,walk,caution,normal,1,0.0028,1.19e-07,48.35535444572544,48.36,0.221,0.232,2.03,7.39,1.0,True,True,PASS
fold1_room3_mix267,static,safe,normal,1,0.0013,1.19e-07,64.33197216804611,64.33,0.265,0.276,4.258,7.55,0.46,True,True,PASS
fold1_room3_mix268,walk,critical,normal,1,0.004,1.19e-07,42.60330181757286,42.6,0.241,0.323,1.268,6.83,0.98,True,True,PASS
fold1_room3_mix269,static,caution,normal,1,0.0018,1.19e-07,56.79209676731299,56.79,0.221,0.281,2.795,6.67,0.59,True,True,PASS
fold1_room3_mix270,walk,safe,normal,1,0.0004,1.19e-07,46.038645571129344,46.04,0.255,0.252,12.918,8.12,0.98,True,True,PASS
fold1_room3_mix271,static,critical,normal,1,0.0026,1.19e-07,50.15346539651195,50.15,0.276,0.224,1.378,7.8,0.99,True,True,PASS
fold1_room3_mix272,walk,caution,normal,1,0.0019,1.19e-07,59.51657047368277,59.52,0.296,0.195,2.826,8.05,0.64,True,True,PASS
fold1_room3_mix273,static,safe,normal,1,0.0011,1.19e-07,48.83027924726129,48.83,0.252,0.279,4.398,6.81,0.99,True,True,PASS
fold1_room3_mix274,walk,critical,normal,1,0.005,1.19e-07,60.747450699647075,60.75,0.314,0.291,0.912,8.91,0.4,True,True,PASS
fold1_room3_mix275,static,caution,normal,1,0.0014,1.19e-07,56.38580957334517,56.39,0.297,0.28,2.48,7.34,0.43,True,True,PASS
fold1_room3_mix276,walk,safe,normal,1,0.0011,1.19e-07,42.49050163551841,42.49,0.234,0.332,4.392,8.46,0.98,True,True,PASS
fold1_room3_mix277,static,critical,normal,1,0.0036,1.19e-07,61.02221882909244,61.02,0.303,0.311,1.154,6.88,0.5,True,True,PASS
fold1_room3_mix278,walk,caution,normal,1,0.0026,1.19e-07,47.379349856055725,47.38,0.233,0.193,2.954,8.22,0.99,True,True,PASS
fold1_room3_mix279,static,safe,normal,1,0.0009,1.19e-07,45.63707810810631,45.64,0.266,0.26,9.992,7.41,0.98,True,True,PASS
fold1_room3_mix280,walk,critical,normal,1,0.0044,1.19e-07,64.10122217265216,64.1,0.304,0.261,1.325,8.1,0.75,True,True,PASS
fold1_room3_mix281,static,caution,normal,1,0.0017,1.19e-07,41.92894866431119,41.93,0.286,0.33,1.724,6.42,0.99,True,True,PASS
fold1_room3_mix282,walk,safe,normal,1,0.0017,1.19e-07,55.069585046914426,55.07,0.262,0.236,4.112,7.57,0.96,True,True,PASS
fold1_room3_mix283,static,critical,normal,1,0.0049,1.19e-07,63.68969000835065,63.69,0.323,0.27,0.935,7.1,0.56,True,True,PASS
fold1_room3_mix284,walk,caution,normal,1,0.0038,1.19e-07,45.51186004147744,45.51,0.257,0.257,2.037,6.09,1.0,True,True,PASS
fold1_room3_mix285,static,safe,normal,1,0.0011,1.19e-07,43.49080168634008,43.49,0.254,0.205,5.686,8.58,0.99,True,True,PASS
fold1_room3_mix286,walk,critical,normal,1,0.0054,1.19e-07,44.93879714556716,44.94,0.24,0.317,1.079,8.24,0.99,True,True,PASS
fold1_room3_mix287,static,caution,normal,1,0.0021,1.19e-07,46.11159923295298,46.11,0.272,0.317,1.626,7.1,0.98,True,True,PASS
fold1_room3_mix288,walk,safe,normal,1,0.0005,1.19e-07,50.22084350751588,50.22,0.292,0.242,12.151,8.7,0.82,True,True,PASS
fold1_room3_mix289,static,critical,normal,1,0.0031,1.19e-07,54.29240014565039,54.29,0.246,0.261,1.304,6.4,0.94,True,True,PASS
fold1_room3_mix290,walk,caution,normal,1,0.0023,1.19e-07,57.55877102116078,57.56,0.348,0.313,2.882,7.26,0.56,True,True,PASS
fold1_room3_mix291,static,safe,normal,1,0.0019,1.19e-07,52.79980891753452,52.8,0.286,0.333,3.766,7.45,0.93,True,True,PASS
fold1_room3_mix292,walk,critical,normal,1,0.0032,1.19e-07,64.65329251039304,64.65,0.253,0.25,0.983,6.6,0.22,True,True,PASS
fold1_room3_mix293,static,caution,normal,1,0.0017,1.19e-07,54.11514444323932,54.12,0.232,0.268,2.617,7.15,0.92,True,True,PASS
fold1_room3_mix294,walk,safe,normal,1,0.0005,1.19e-07,50.93174701916637,50.93,0.203,0.263,12.177,6.89,0.99,True,True,PASS
fold1_room3_mix295,static,critical,normal,1,0.0045,1.19e-07,41.0101819338403,41.01,0.244,0.328,1.213,7.15,0.99,True,True,PASS
fold1_room3_mix296,walk,caution,normal,1,0.0015,1.19e-07,59.4899763183811,59.49,0.282,0.229,2.277,8.97,0.28,True,True,PASS
fold1_room3_mix297,static,safe,normal,1,0.0005,1.19e-07,44.537815940912104,44.54,0.186,0.274,13.429,6.77,0.99,True,True,PASS
fold1_room3_mix298,walk,critical,normal,1,0.0044,1.19e-07,58.33116246125272,58.33,0.26,0.219,0.915,8.0,0.71,True,True,PASS
fold1_room3_mix299,static,caution,normal,1,0.0026,1.19e-07,53.01022730886032,53.01,0.254,0.263,2.128,7.94,0.99,True,True,PASS
fold1_room3_mix300,walk,safe,normal,1,0.0013,1.19e-07,46.88157472904306,46.88,0.258,0.304,5.484,8.4,0.99,True,True,PASS
fold1_room3_mix301,static,critical,normal,1,0.0033,1.19e-07,62.173328282764714,62.17,0.293,0.265,1.43,8.77,0.59,True,True,PASS
fold1_room3_mix302,walk,caution,normal,1,0.0018,1.19e-07,45.20745939002106,45.21,0.246,0.34,2.675,8.31,0.99,True,True,PASS
fold1_room3_mix303,static,safe,normal,1,0.0008,1.19e-07,49.7447094167687,49.74,0.238,0.223,8.966,7.09,0.99,True,True,PASS
fold1_room3_mix304,walk,critical,normal,1,0.0026,1.19e-07,44.48361833234964,44.48,0.262,0.302,1.388,6.08,0.99,True,True,PASS
fold1_room3_mix305,static,caution,normal,2,0.0036,1.77e-07,49.015262912148984,49.02,0.273,0.439,1.95,6.01,0.99,True,True,PASS
fold1_room3_mix306,walk,safe,normal,2,0.0593,1.78e-07,62.484556165093686,62.48,0.271,0.267,8.722,6.27,0.51,True,True,PASS
fold1_room3_mix307,static,critical,normal,2,0.0522,1.76e-07,49.84922597554069,49.85,0.375,0.221,1.053,8.99,0.99,True,True,PASS
fold1_room3_mix308,walk,caution,normal,2,0.0026,1.75e-07,52.90767782406762,52.91,0.276,0.301,2.954,8.17,0.99,True,True,PASS
fold1_room3_mix309,static,safe,normal,2,0.0016,1.77e-07,56.31872404733201,56.32,0.371,0.275,3.375,7.35,0.45,True,True,PASS
fold1_room3_mix310,walk,critical,normal,2,0.0035,1.77e-07,49.29820698851597,49.3,0.252,0.316,1.045,8.64,0.94,True,True,PASS
fold1_room3_mix311,static,caution,normal,2,0.0344,1.77e-07,58.34478056206745,58.34,0.295,0.337,1.942,8.66,0.44,True,True,PASS
fold1_room3_mix312,walk,safe,normal,2,0.0025,1.78e-07,45.15018729138554,45.15,0.273,0.381,6.787,6.27,0.99,True,True,PASS
fold1_room3_mix313,static,critical,normal,2,0.0029,1.78e-07,59.390877116163374,59.39,0.23,0.383,1.119,6.39,0.73,True,True,PASS
fold1_room3_mix314,walk,caution,normal,2,0.0019,1.78e-07,60.0887084336926,60.09,0.275,0.268,2.6,7.41,0.48,True,True,PASS
fold1_room3_mix315,static,safe,normal,2,0.0012,1.77e-07,56.6336863096457,56.63,0.232,0.262,6.962,6.61,0.63,True,True,PASS
fold1_room3_mix316,walk,critical,normal,2,0.4808,2.03e-07,54.42851182763094,54.43,0.223,0.235,1.214,7.17,0.96,True,True,PASS
fold1_room3_mix317,static,caution,normal,2,0.0069,1.77e-07,53.723682179040026,53.72,0.384,0.179,2.18,8.83,0.45,True,True,PASS
fold1_room3_mix318,walk,safe,normal,2,0.0013,1.76e-07,56.58064176564451,56.58,0.276,0.357,13.312,6.74,0.44,True,True,PASS
fold1_room3_mix319,static,critical,normal,2,0.0034,1.76e-07,45.49081832384502,45.49,0.28,0.353,1.404,8.13,0.99,True,True,PASS
fold1_room3_mix320,walk,caution,normal,2,0.0024,1.78e-07,48.45810900339103,48.46,0.299,0.238,1.612,8.13,0.99,True,True,PASS
fold1_room3_mix321,static,safe,normal,2,0.0152,1.76e-07,41.9526179328044,41.95,0.211,0.366,14.192,7.12,0.98,True,True,PASS
fold1_room3_mix322,walk,critical,normal,2,0.0052,1.73e-07,51.57697761038731,51.58,0.296,0.331,0.739,6.99,1.0,True,True,PASS
fold1_room3_mix323,static,caution,normal,2,0.0015,1.77e-07,63.78350092884568,63.78,0.419,0.294,2.882,7.19,0.23,True,True,PASS
fold1_room3_mix324,walk,safe,normal,2,0.0027,1.75e-07,49.46457751517996,49.46,0.383,0.293,14.067,8.57,0.98,True,True,PASS
fold1_room3_mix325,static,critical,normal,2,0.0027,1.78e-07,42.71263065553088,42.71,0.434,0.352,0.787,7.96,0.98,True,True,PASS
fold1_room3_mix326,walk,caution,normal,2,0.3649,1.86e-07,61.161698127658056,61.16,0.349,0.309,2.927,7.84,0.34,True,True,PASS
fold1_room3_mix327,static,safe,normal,2,0.0073,1.75e-07,58.90947166964742,58.91,0.399,0.308,8.44,8.75,0.35,True,True,PASS
fold1_room3_mix328,walk,critical,normal,2,0.003,1.76e-07,59.64174338367403,59.64,0.379,0.264,1.306,8.92,0.35,True,True,PASS
fold1_room3_mix329,static,caution,normal,2,0.0016,1.75e-07,50.817168468373,50.82,0.34,0.248,2.385,8.55,0.79,True,True,PASS
fold1_room3_mix330,walk,safe,normal,2,0.0019,1.77e-07,42.48847888248677,42.49,0.29,0.286,3.352,6.7,0.99,True,True,PASS
fold1_room3_mix331,static,critical,normal,2,0.0984,1.78e-07,52.39839188000893,52.4,0.262,0.282,1.264,8.88,0.51,True,True,PASS
fold1_room3_mix332,walk,caution,normal,2,0.0029,1.77e-07,59.27044326140815,59.27,0.316,0.421,1.967,8.72,0.45,True,True,PASS
fold1_room3_mix333,static,safe,normal,2,0.001,1.76e-07,64.40406565727912,64.4,0.345,0.22,11.738,6.51,0.3,True,True,PASS
fold1_room3_mix334,walk,critical,normal,2,0.0065,1.76e-07,46.130842215243845,46.13,0.356,0.283,0.741,6.84,0.99,True,True,PASS
fold1_room3_mix335,static,caution,normal,2,0.0021,1.77e-07,48.03624983918589,48.04,0.398,0.314,1.947,7.58,0.99,True,True,PASS
fold1_room3_mix336,walk,safe,normal,2,0.017,1.77e-07,62.96409961760784,62.96,0.296,0.253,6.239,7.36,0.25,True,True,PASS
fold1_room3_mix337,static,critical,normal,2,0.0054,1.77e-07,57.47643351233022,57.48,0.324,0.277,0.972,8.61,0.54,True,True,PASS
fold1_room3_mix338,walk,caution,normal,2,0.0024,1.75e-07,49.75483532844235,49.75,0.266,0.29,2.117,6.95,0.93,True,True,PASS
fold1_room3_mix339,static,safe,normal,2,0.0012,1.76e-07,43.4320332727241,43.43,0.531,0.296,11.086,8.15,0.99,True,True,PASS
fold1_room3_mix340,walk,critical,normal,2,0.0065,1.78e-07,60.85951017278853,60.86,0.262,0.291,0.879,8.44,0.91,True,True,PASS
fold1_room3_mix341,static,caution,normal,2,0.0718,1.78e-07,57.2465196376579,57.25,0.278,0.287,2.246,6.04,0.52,True,True,PASS
fold1_room3_mix342,walk,safe,normal,2,0.0133,1.77e-07,62.753199846114384,62.75,0.326,0.296,4.262,7.56,0.37,True,True,PASS
fold1_room3_mix343,static,critical,normal,2,0.004,1.75e-07,49.14991995579257,49.15,0.269,0.312,1.141,6.98,0.98,True,True,PASS
fold1_room3_mix344,walk,caution,normal,2,0.0031,1.76e-07,56.74980474512894,56.75,0.265,0.307,1.957,8.42,0.51,True,True,PASS
fold1_room3_mix345,static,safe,normal,2,0.0008,1.76e-07,43.062779132462005,43.06,0.276,0.265,7.355,6.94,1.0,True,True,PASS
fold1_room3_mix346,walk,critical,normal,2,0.0234,1.77e-07,58.02227274892775,58.02,0.324,0.289,0.648,8.72,0.48,True,True,PASS
fold1_room3_mix347,static,caution,normal,2,0.0732,1.74e-07,56.373172836517014,56.37,0.287,0.266,2.665,7.26,0.72,True,True,PASS
fold1_room3_mix348,walk,safe,normal,2,0.0012,1.75e-07,42.23205017746961,42.23,0.265,0.371,5.944,8.98,0.99,True,True,PASS
fold1_room3_mix349,static,critical,normal,2,0.0026,1.76e-07,40.64451329844124,40.65,0.277,0.336,1.118,7.86,0.98,True,True,PASS
fold1_room3_mix350,walk,caution,normal,2,0.0019,1.78e-07,52.53892639073438,52.54,0.254,0.262,2.892,8.15,0.84,True,True,PASS
fold1_room3_mix351,static,safe,normal,2,0.042,1.76e-07,45.63237725514589,45.63,0.29,0.365,14.335,8.55,0.99,True,True,PASS
fold1_room3_mix352,walk,critical,normal,2,0.0087,1.78e-07,54.78783969135698,54.79,0.295,0.264,1.071,8.59,0.67,True,True,PASS
fold1_room3_mix353,static,caution,normal,2,0.0037,1.77e-07,51.75424508224281,51.75,0.263,0.332,1.807,8.0,0.98,True,True,PASS
fold1_room3_mix354,walk,safe,normal,2,0.0007,1.77e-07,64.57587233142966,64.58,0.35,0.283,10.151,7.94,0.0,True,True,PASS
fold1_room3_mix355,static,critical,normal,2,0.0058,1.77e-07,44.02489604741833,44.02,0.369,0.253,0.931,6.72,1.0,True,True,PASS
fold1_room3_mix356,walk,caution,normal,2,0.0369,1.76e-07,40.08583610740252,40.09,0.267,0.262,2.124,6.99,0.99,True,True,PASS
fold1_room3_mix357,static,safe,normal,2,0.019,1.77e-07,48.90059412812722,48.9,0.276,0.295,13.475,6.8,0.99,True,True,PASS
fold1_room3_mix358,walk,critical,normal,2,0.0048,1.75e-07,58.84533497437837,58.85,0.306,0.388,0.927,7.63,0.8,True,True,PASS
fold1_room3_mix359,static,caution,normal,2,0.0026,1.76e-07,46.381348176890505,46.38,0.264,0.263,2.83,6.61,1.0,True,True,PASS
fold1_room3_mix360,walk,safe,normal,2,0.0011,1.76e-07,44.61561486029096,44.62,0.282,0.322,5.762,7.95,0.98,True,True,PASS
fold1_room3_mix361,static,critical,normal,2,0.7401,2.23e-07,40.46271599647426,40.46,0.255,0.301,0.934,7.51,0.98,True,True,PASS
fold1_room3_mix362,walk,caution,normal,2,0.0128,1.76e-07,63.7985695781823,63.8,0.446,0.247,2.053,7.69,0.27,True,True,PASS
fold1_room3_mix363,static,safe,normal,2,0.0009,1.75e-07,42.717154795156254,42.72,0.321,0.45,14.047,7.33,0.99,True,True,PASS
fold1_room3_mix364,walk,critical,normal,2,0.0027,1.76e-07,47.05342102204127,47.05,0.414,0.273,1.324,8.99,0.97,True,True,PASS
fold1_room3_mix365,static,caution,normal,2,0.0023,1.77e-07,45.20068151372946,45.2,0.339,0.312,2.586,6.31,0.99,True,True,PASS
fold1_room3_mix366,walk,safe,normal,2,0.0135,1.76e-07,52.80526534383909,52.81,0.279,0.297,8.386,6.69,0.55,True,True,PASS
fold1_room3_mix367,static,critical,normal,2,0.0217,1.75e-07,57.97086797489665,57.97,0.343,0.301,0.931,8.6,0.59,True,True,PASS
fold1_room3_mix368,walk,caution,normal,2,0.0022,1.76e-07,59.02071972956806,59.02,0.253,0.253,2.258,7.18,0.61,True,True,PASS
fold1_room3_mix369,static,safe,normal,2,0.0015,1.77e-07,63.53701469850076,63.54,0.206,0.301,5.805,7.14,0.22,True,True,PASS
fold1_room3_mix370,walk,critical,normal,2,0.0033,1.78e-07,56.24266768124227,56.24,0.291,0.249,1.352,7.0,1.0,True,True,PASS
fold1_room3_mix371,static,caution,normal,2,0.006,1.76e-07,50.81756019558739,50.82,0.271,0.213,2.286,8.83,1.0,True,True,PASS
fold1_room3_mix372,walk,safe,normal,2,0.0135,1.78e-07,48.47244351914742,48.47,0.297,0.328,5.965,7.48,0.86,True,True,PASS
fold1_room3_mix373,static,critical,normal,2,0.0036,1.75e-07,52.295019623779424,52.3,0.27,0.259,1.31,8.25,0.98,True,True,PASS
fold1_room3_mix374,walk,caution,normal,2,0.0033,1.77e-07,51.361300591872734,51.36,0.372,0.3,2.12,7.04,0.98,True,True,PASS
fold1_room3_mix375,static,safe,normal,2,0.0007,1.78e-07,59.23276589118912,59.23,0.325,0.257,12.267,6.98,0.69,True,True,PASS
fold1_room3_mix376,walk,critical,normal,2,0.0163,1.77e-07,53.530059799429566,53.53,0.294,0.276,0.832,6.96,0.89,True,True,PASS
fold1_room3_mix377,static,caution,normal,2,0.0046,1.77e-07,64.76831880496704,64.77,0.521,0.248,1.629,6.56,0.42,True,True,PASS
fold1_room3_mix378,walk,safe,normal,2,0.0012,1.77e-07,54.33715339536059,54.34,0.281,0.345,8.984,7.59,0.82,True,True,PASS
fold1_room3_mix379,static,critical,normal,2,0.0031,1.77e-07,58.190008064350735,58.19,0.287,0.313,0.835,8.21,0.45,True,True,PASS
fold1_room3_mix380,walk,caution,normal,2,0.0022,1.77e-07,51.01924950921213,51.02,0.263,0.227,2.017,6.09,0.99,True,True,PASS
fold1_room3_mix381,static,safe,normal,2,0.0106,1.77e-07,60.37902785257966,60.38,0.252,0.395,6.932,7.43,0.85,True,True,PASS
fold1_room3_mix382,walk,critical,normal,2,0.0207,1.77e-07,46.108667254394234,46.11,0.286,0.269,1.038,7.82,1.0,True,True,PASS
fold1_room3_mix383,static,caution,normal,2,0.0033,1.75e-07,47.712110957922995,47.71,0.27,0.205,2.052,7.57,0.99,True,True,PASS
fold1_room3_mix384,walk,safe,normal,2,0.0008,1.78e-07,44.76036371119668,44.76,0.301,0.377,6.747,6.81,0.98,True,True,PASS
fold1_room3_mix385,static,critical,normal,2,0.0027,1.77e-07,56.09536551719895,56.1,0.392,0.498,1.071,8.7,0.8,True,True,PASS
fold1_room3_mix386,walk,caution,normal,2,0.0967,1.79e-07,43.67857993212544,43.68,0.288,0.275,1.888,6.36,0.99,True,True,PASS
fold1_room3_mix387,static,safe,normal,2,0.0123,1.77e-07,47.83782014302376,47.84,0.266,0.343,7.147,6.8,0.99,True,True,PASS
fold1_room3_mix388,walk,critical,normal,2,0.0027,1.76e-07,64.04732841747482,64.05,0.385,0.262,1.23,7.57,0.18,True,True,PASS
fold1_room3_mix389,static,caution,normal,2,0.0023,1.77e-07,59.32604764047184,59.33,0.358,0.183,2.942,8.53,0.45,True,True,PASS
fold1_room3_mix390,walk,safe,normal,2,0.0019,1.77e-07,61.05347346439446,61.05,0.318,0.26,3.796,6.18,0.51,True,True,PASS
fold1_room3_mix391,static,critical,normal,2,0.0304,1.77e-07,41.73415851480223,41.73,0.271,0.273,1.32,7.89,0.99,True,True,PASS
fold1_room3_mix392,walk,caution,normal,2,0.0198,1.76e-07,54.83831336850275,54.84,0.364,0.379,2.065,8.94,1.0,True,True,PASS
fold1_room3_mix393,static,safe,normal,2,0.0014,1.75e-07,58.21623379228312,58.22,0.353,0.333,7.946,8.88,0.74,True,True,PASS
fold1_room3_mix394,walk,critical,normal,2,0.0067,1.78e-07,48.03534280110049,48.04,0.455,0.354,0.603,6.36,0.98,True,True,PASS
fold1_room3_mix395,static,caution,normal,2,0.0041,1.77e-07,49.8818987183937,49.88,0.262,0.203,1.904,7.16,0.99,True,True,PASS
fold1_room3_mix396,walk,safe,normal,2,0.1014,1.76e-07,57.273634940134144,57.27,0.27,0.269,9.181,7.58,0.5,True,True,PASS
fold1_room3_mix397,static,critical,normal,2,0.0176,1.75e-07,53.527422950105056,53.53,0.25,0.255,1.374,8.86,0.99,True,True,PASS
fold1_room3_mix398,walk,caution,normal,2,0.0022,1.78e-07,52.130811617404454,52.13,0.306,0.239,1.857,8.26,0.87,True,True,PASS
fold1_room3_mix399,static,safe,normal,2,0.0012,1.75e-07,47.451855560699684,47.45,0.287,0.314,4.833,8.84,0.97,True,True,PASS
fold1_room3_mix400,walk,critical,normal,2,0.0032,1.77e-07,47.79859111664193,47.8,0.242,0.259,1.274,7.57,0.99,True,True,PASS
fold1_room3_mix401,static,caution,normal,2,0.1235,1.78e-07,50.49603119484878,50.5,0.262,0.3,1.68,8.97,0.98,True,True,PASS
fold1_room3_mix402,walk,safe,normal,2,0.0152,1.78e-07,51.275667642632996,51.28,0.378,0.211,10.434,7.02,0.82,True,True,PASS
fold1_room3_mix403,static,critical,normal,2,0.0037,1.74e-07,56.85255412399154,56.85,0.352,0.27,0.957,7.7,0.48,True,True,PASS
fold1_room3_mix404,walk,caution,normal,2,0.0019,1.75e-07,57.7002598325614,57.7,0.295,0.314,2.757,7.76,0.62,True,True,PASS
fold1_room3_mix405,static,safe,normal,2,0.0011,1.78e-07,54.91567881942312,54.92,0.307,0.218,7.975,6.86,0.74,True,True,PASS
fold1_room3_mix406,walk,critical,normal,2,0.0247,1.77e-07,55.19761338470448,55.2,0.294,0.255,1.18,7.73,0.86,True,True,PASS
fold1_room3_mix407,static,caution,normal,2,0.028,1.77e-07,62.148347641094766,62.15,0.268,0.294,1.96,8.68,0.66,True,True,PASS
fold1_room3_mix408,walk,safe,normal,2,0.001,1.78e-07,48.89610606941634,48.9,0.293,0.201,13.388,8.04,0.98,True,True,PASS
fold1_room3_mix409,static,critical,normal,2,0.0041,1.78e-07,41.653293330857316,41.65,0.308,0.327,1.481,6.04,0.99,True,True,PASS
fold1_room3_mix410,walk,caution,normal,2,0.0039,1.77e-07,48.453914185597675,48.45,0.252,0.229,1.643,6.98,1.0,True,True,PASS
fold1_room3_mix411,static,safe,normal,2,0.0917,1.81e-07,48.07235926176847,48.07,0.334,0.374,12.294,7.99,0.91,True,True,PASS
fold1_room3_mix412,walk,critical,normal,2,0.0281,1.75e-07,62.65975964992995,62.66,0.321,0.286,1.271,6.12,0.74,True,True,PASS
fold1_room3_mix413,static,caution,normal,2,0.0016,1.74e-07,53.68484016239947,53.68,0.264,0.246,2.727,7.1,0.96,True,True,PASS
fold1_room3_mix414,walk,safe,normal,2,0.0014,1.76e-07,59.43270720526593,59.43,0.293,0.32,12.164,6.57,0.29,True,True,PASS
fold1_room3_mix415,static,critical,normal,2,0.0039,1.78e-07,60.19252664996874,60.19,0.307,0.358,1.131,7.9,0.67,True,True,PASS
fold1_room3_mix416,walk,caution,normal,2,0.3174,1.92e-07,48.829521625064814,48.83,0.276,0.339,1.58,6.46,0.99,True,True,PASS
fold1_room3_mix417,static,safe,normal,2,0.0051,1.77e-07,54.177412360889,54.18,0.308,0.339,10.621,6.37,1.0,True,True,PASS
fold1_room3_mix418,walk,critical,normal,2,0.0023,1.78e-07,44.51169184989601,44.51,0.381,0.355,1.355,6.74,0.99,True,True,PASS
fold1_room3_mix419,static,caution,normal,2,0.0024,1.75e-07,40.38915643177106,40.39,0.379,0.345,2.768,8.69,0.98,True,True,PASS
fold1_room3_mix420,walk,safe,normal,2,0.001,1.77e-07,55.47587033178143,55.48,0.295,0.269,10.707,6.86,0.79,True,True,PASS
fold1_room3_mix421,static,critical,normal,2,0.0153,1.77e-07,59.14862158844862,59.15,0.255,0.293,0.9,6.52,0.99,True,True,PASS
fold1_room3_mix422,walk,caution,normal,2,0.1166,1.79e-07,59.858444864833146,59.86,0.562,0.281,1.777,6.98,0.61,True,True,PASS
fold1_room3_mix423,static,safe,normal,2,0.0006,1.77e-07,48.80927959120847,48.81,0.299,0.238,13.48,6.74,0.99,True,True,PASS
fold1_room3_mix424,walk,critical,normal,2,0.0051,1.77e-07,43.65926329041127,43.66,0.244,0.416,0.868,6.75,0.99,True,True,PASS
fold1_room3_mix425,static,caution,normal,2,0.0016,1.77e-07,64.32979774275309,64.33,0.381,0.242,2.494,8.89,0.21,True,True,PASS
fold1_room3_mix426,walk,safe,normal,2,0.0223,1.77e-07,57.05583071539971,57.06,0.27,0.38,10.916,8.65,0.34,True,True,PASS
fold1_room3_mix427,static,critical,normal,2,0.014,1.76e-07,58.70210490898313,58.7,0.287,0.371,1.147,7.21,0.58,True,True,PASS
fold1_room3_mix428,walk,caution,normal,2,0.0022,1.77e-07,49.04591418988164,49.05,0.29,0.273,2.369,6.21,0.99,True,True,PASS
fold1_room3_mix429,static,safe,normal,2,0.0011,1.77e-07,42.066371158330654,42.07,0.353,0.314,6.343,7.79,0.99,True,True,PASS
fold1_room3_mix430,walk,critical,normal,2,0.0073,1.78e-07,52.07295775937771,52.07,0.248,0.279,0.677,7.58,0.99,True,True,PASS
fold1_room3_mix431,static,caution,normal,2,0.0168,1.78e-07,53.38983536009023,53.39,0.287,0.259,2.967,6.46,1.0,True,True,PASS
fold1_room3_mix432,walk,safe,normal,2,0.0161,1.77e-07,45.20170578823955,45.2,0.507,0.242,10.744,8.31,0.98,True,True,PASS
fold1_room3_mix433,static,critical,normal,2,0.0038,1.74e-07,45.300113639524696,45.3,0.246,0.335,0.642,6.07,1.0,True,True,PASS
fold1_room3_mix434,walk,caution,normal,2,0.0033,1.78e-07,61.36209749433738,61.36,0.368,0.223,2.501,8.54,0.39,True,True,PASS
fold1_room3_mix435,static,safe,normal,2,0.0011,1.78e-07,61.70545283529083,61.71,0.328,0.476,9.955,6.89,0.29,True,True,PASS
fold1_room3_mix436,walk,critical,normal,2,0.0223,1.78e-07,56.856164847445015,56.86,0.257,0.326,0.721,8.07,0.69,True,True,PASS
fold1_room3_mix437,static,caution,normal,2,0.0065,1.76e-07,40.86950527499805,40.87,0.257,0.327,1.731,6.08,0.99,True,True,PASS
fold1_room3_mix438,walk,safe,normal,2,0.0008,1.76e-07,53.26555130703479,53.27,0.259,0.234,13.911,7.99,0.92,True,True,PASS
fold1_room3_mix439,static,critical,normal,2,0.0044,1.76e-07,44.61982082045645,44.62,0.289,0.342,1.241,8.35,0.99,True,True,PASS
fold1_room3_mix440,walk,caution,normal,2,0.0012,1.77e-07,56.541661376603464,56.54,0.31,0.283,2.792,6.24,0.57,True,True,PASS
fold1_room3_mix441,static,safe,normal,2,0.0088,1.78e-07,58.91138884231624,58.91,0.215,0.347,13.109,6.91,0.27,True,True,PASS
fold1_room3_mix442,walk,critical,normal,2,0.0707,1.78e-07,47.16376346016146,47.16,0.382,0.248,1.414,8.63,0.99,True,True,PASS
fold1_room3_mix443,static,caution,normal,2,0.0017,1.76e-07,41.36801043406459,41.37,0.268,0.287,2.137,6.73,0.99,True,True,PASS
fold1_room3_mix444,walk,safe,normal,2,0.0018,1.76e-07,63.19915067410068,63.2,0.323,0.3,5.646,6.6,0.16,True,True,PASS
fold1_room3_mix445,static,critical,normal,2,0.0029,1.78e-07,54.43924074284878,54.44,0.238,0.473,1.277,7.51,0.66,True,True,PASS
fold1_room3_mix446,walk,caution,normal,2,0.046,1.77e-07,50.92970640707635,50.93,0.306,0.306,1.676,6.49,0.98,True,True,PASS
fold1_room3_mix447,static,safe,normal,2,0.0106,1.77e-07,55.55639689725799,55.56,0.301,0.35,13.175,8.56,0.43,True,True,PASS
fold1_room3_mix448,walk,critical,normal,2,0.0034,1.76e-07,40.65322016747762,40.65,0.262,0.259,1.095,6.42,0.99,True,True,PASS
fold1_room3_mix449,static,caution,normal,2,0.0031,1.77e-07,58.95516062939805,58.96,0.226,0.279,1.62,8.21,0.4,True,True,PASS
fold1_room3_mix450,walk,safe,normal,2,0.0013,1.77e-07,47.47404777449987,47.47,0.28,0.298,6.783,8.92,1.0,True,True,PASS
fold1_room3_mix451,static,critical,normal,2,0.1136,1.75e-07,57.10540226490984,57.11,0.307,0.27,1.243,7.46,0.49,True,True,PASS
fold1_room3_mix452,walk,caution,normal,2,0.0134,1.77e-07,49.827359729755386,49.83,0.464,0.28,1.878,8.14,0.91,True,True,PASS
fold1_room3_mix453,static,safe,normal,2,0.0012,1.78e-07,61.40463525591072,61.4,0.317,0.305,5.346,6.62,0.81,True,True,PASS
fold1_room3_mix454,walk,critical,normal,2,0.0039,1.75e-07,60.71729144816773,60.72,0.287,0.295,1.328,7.46,0.99,True,True,PASS
fold1_room3_mix455,static,caution,normal,2,0.0035,1.77e-07,40.71692042073437,40.72,0.258,0.487,1.67,7.91,1.0,True,True,PASS
fold1_room3_mix456,walk,safe,normal,2,0.0095,1.77e-07,64.81072743957081,64.81,0.226,0.298,14.235,8.63,0.0,True,True,PASS
fold1_room3_mix457,static,critical,normal,2,0.0497,1.78e-07,46.79577163903546,46.8,0.365,0.304,0.778,8.13,0.99,True,True,PASS
fold1_room3_mix458,walk,caution,normal,2,0.0022,1.76e-07,60.964835653773044,60.96,0.279,0.401,1.863,7.4,0.47,True,True,PASS
fold1_room3_mix459,static,safe,normal,2,0.0022,1.76e-07,64.72521554957909,64.73,0.319,0.325,3.211,6.1,0.25,True,True,PASS
fold1_room3_mix460,walk,critical,normal,2,0.0029,1.78e-07,57.55202316586864,57.55,0.301,0.247,1.02,7.45,0.47,True,True,PASS
fold1_room3_mix461,static,caution,normal,2,0.1021,1.77e-07,61.45853182970335,61.46,0.328,0.269,1.933,8.89,0.41,True,True,PASS
fold1_room3_mix462,walk,safe,normal,2,0.0248,1.76e-07,43.9351539100109,43.94,0.488,0.241,7.189,7.28,0.99,True,True,PASS
fold1_room3_mix463,static,critical,normal,2,0.0029,1.76e-07,40.442393924808194,40.44,0.426,0.349,1.038,7.7,0.99,True,True,PASS
fold1_room3_mix464,walk,caution,normal,2,0.0025,1.77e-07,43.8736493693126,43.87,0.303,0.261,2.777,6.02,1.0,True,True,PASS
fold1_room3_mix465,static,safe,normal,2,0.0009,1.77e-07,57.477634015758994,57.48,0.396,0.439,9.938,7.56,0.95,True,True,PASS
fold1_room3_mix466,walk,critical,normal,2,0.0438,1.77e-07,47.747865055596975,47.75,0.246,0.325,0.633,6.14,0.99,True,True,PASS
fold1_room3_mix467,static,caution,normal,2,0.0635,1.77e-07,45.32075147929543,45.32,0.292,0.372,2.814,8.62,0.98,True,True,PASS
fold1_room3_mix468,walk,safe,normal,2,0.001,1.76e-07,48.05349993428433,48.05,0.277,0.368,4.722,7.76,0.99,True,True,PASS
fold1_room3_mix469,static,critical,normal,2,0.0063,1.77e-07,57.251897382813745,57.25,0.293,0.269,0.991,8.05,0.93,True,True,PASS
fold1_room3_mix470,walk,caution,normal,2,0.0029,1.77e-07,62.032691790682094,62.03,0.305,0.265,1.805,7.23,0.71,True,True,PASS
fold1_room3_mix471,static,safe,normal,2,0.0464,1.76e-07,56.45463169173844,56.45,0.237,0.267,5.652,7.73,0.5,True,True,PASS
fold1_room3_mix472,walk,critical,normal,2,0.0084,1.77e-07,60.71498432994736,60.71,0.317,0.242,1.433,7.32,0.68,True,True,PASS
fold1_room3_mix473,static,caution,normal,2,0.0029,1.75e-07,41.96696284695686,41.97,0.335,0.353,2.379,7.73,0.99,True,True,PASS
fold1_room3_mix474,walk,safe,normal,2,0.0006,1.78e-07,55.0565226278641,55.06,0.236,0.36,9.71,8.02,0.75,True,True,PASS
fold1_room3_mix475,static,critical,normal,2,0.0042,1.78e-07,46.516325631017054,46.52,0.349,0.34,1.493,8.96,0.98,True,True,PASS
fold1_room3_mix476,walk,caution,normal,2,0.1083,1.78e-07,59.34252472205219,59.34,0.283,0.327,2.598,6.56,0.4,True,True,PASS
fold1_room3_mix477,static,safe,normal,2,0.0326,1.78e-07,63.27770374611816,63.28,0.291,0.402,13.383,7.43,0.25,True,True,PASS
fold1_room3_mix478,walk,critical,normal,2,0.0027,1.76e-07,44.91776431219886,44.92,0.308,0.374,1.118,7.43,0.98,True,True,PASS
fold1_room3_mix479,static,caution,normal,2,0.0039,1.76e-07,40.82488106572743,40.83,0.273,0.289,1.687,6.15,1.0,True,True,PASS
fold1_room3_mix480,walk,safe,normal,2,0.0016,1.77e-07,57.375564798599626,57.38,0.293,0.321,9.022,8.88,0.45,True,True,PASS
fold1_room3_mix481,static,critical,normal,2,0.0712,1.81e-07,45.00659928088482,45.01,0.296,0.334,1.158,7.34,0.98,True,True,PASS
fold1_room3_mix482,walk,caution,normal,2,0.0251,1.77e-07,62.08242863431594,62.08,0.451,0.376,2.036,6.37,0.27,True,True,PASS
fold1_room3_mix483,static,safe,normal,2,0.0015,1.77e-07,55.270757871354476,55.27,0.283,0.378,9.465,6.14,0.82,True,True,PASS
fold1_room3_mix484,walk,critical,normal,2,0.0069,1.76e-07,46.64448530065516,46.64,0.329,0.363,0.64,7.79,0.98,True,True,PASS
fold1_room3_mix485,static,caution,normal,2,0.0028,1.77e-07,49.2730342337843,49.27,0.269,0.465,2.677,7.76,0.98,True,True,PASS
fold1_room3_mix486,walk,safe,normal,2,0.0235,1.76e-07,60.02906455181139,60.03,0.269,0.389,12.69,8.45,0.31,True,True,PASS
fold1_room3_mix487,static,critical,normal,2,0.0066,1.78e-07,60.48663760871969,60.49,0.401,0.302,1.143,7.62,0.81,True,True,PASS
fold1_room3_mix488,walk,caution,normal,2,0.0021,1.77e-07,60.32755074097058,60.33,0.32,0.181,2.354,6.58,0.63,True,True,PASS
fold1_room3_mix489,static,safe,normal,2,0.0013,1.77e-07,54.57260694180083,54.57,0.294,0.234,3.848,6.79,0.74,True,True,PASS
fold1_room3_mix490,walk,critical,normal,2,0.003,1.77e-07,46.247541955251336,46.25,0.257,0.246,1.298,7.1,0.99,True,True,PASS
fold1_room3_mix491,static,caution,normal,2,0.097,1.77e-07,50.09882097750467,50.1,0.332,0.267,2.255,8.04,0.99,True,True,PASS
fold1_room3_mix492,walk,safe,normal,2,0.0507,1.77e-07,50.18289166713083,50.18,0.368,0.279,5.486,6.3,0.81,True,True,PASS
fold1_room3_mix493,static,critical,normal,2,0.0035,1.75e-07,59.609196396463346,59.61,0.281,0.281,1.032,7.81,0.5,True,True,PASS
fold1_room3_mix494,walk,caution,normal,2,0.003,1.76e-07,64.22325553206555,64.22,0.254,0.279,1.629,8.62,0.62,True,True,PASS
fold1_room3_mix495,static,safe,normal,2,0.0011,1.77e-07,57.35035316119977,57.35,0.256,0.462,8.604,7.03,0.99,True,True,PASS
fold1_room3_mix496,walk,critical,normal,2,0.0081,1.76e-07,49.93628361354176,49.94,0.262,0.307,0.899,6.7,0.98,True,True,PASS
fold1_room3_mix497,static,caution,normal,2,0.0035,1.77e-07,47.05583434257096,47.06,0.311,0.315,2.898,7.35,0.99,True,True,PASS
fold1_room3_mix498,walk,safe,normal,2,0.0008,1.77e-07,52.87194184348945,52.87,0.297,0.298,6.442,8.53,0.49,True,True,PASS
fold1_room3_mix499,static,critical,normal,2,0.0033,1.76e-07,50.60158995322587,50.6,0.245,0.284,1.001,7.35,0.97,True,True,PASS
fold1_room3_mix500,walk,caution,normal,2,0.0031,1.78e-07,52.445187834381564,52.45,0.277,0.314,1.873,7.36,0.85,True,True,PASS
fold1_room3_mix501,static,safe,normal,2,0.1712,1.84e-07,46.94209339886164,46.94,0.275,0.337,10.111,6.24,0.98,True,True,PASS
fold1_room3_mix502,walk,critical,normal,2,0.0285,1.76e-07,44.67383413625487,44.67,0.292,0.265,0.784,6.92,0.99,True,True,PASS
fold1_room3_mix503,static,caution,normal,2,0.0023,1.77e-07,41.229671913942575,41.23,0.348,0.273,2.718,6.69,0.99,True,True,PASS
fold1_room3_mix504,walk,safe,normal,2,0.002,1.76e-07,64.05617916638892,64.06,0.353,0.251,3.817,8.58,0.37,True,True,PASS
fold1_room3_mix505,static,critical,normal,2,0.0041,1.78e-07,53.1370287619811,53.14,0.452,0.322,1.486,7.8,0.81,True,True,PASS
fold1_room3_mix506,walk,caution,normal,2,0.0019,1.78e-07,46.01664429429839,46.02,0.263,0.31,2.179,7.03,0.98,True,True,PASS
fold1_room3_mix507,static,safe,normal,2,0.0079,1.75e-07,53.856774603096056,53.86,0.289,0.316,13.833,6.21,0.88,True,True,PASS
fold1_room3_mix508,walk,critical,normal,2,0.0051,1.75e-07,57.166611001092576,57.17,0.247,0.492,1.112,6.41,0.75,True,True,PASS
fold1_room3_mix509,static,caution,normal,2,0.0026,1.77e-07,43.00270982208725,43.0,0.267,0.281,2.888,6.76,0.99,True,True,PASS
fold1_room3_mix510,walk,safe,normal,2,0.0012,1.78e-07,51.790993499334384,51.79,0.267,0.256,5.151,6.84,0.81,True,True,PASS
fold1_room3_mix511,static,critical,normal,2,0.0489,1.76e-07,49.776829965204044,49.78,0.299,0.253,0.757,6.26,0.89,True,True,PASS
fold1_room3_mix512,walk,caution,normal,2,0.0045,1.77e-07,55.41040526530509,55.41,0.288,0.332,2.977,6.21,0.99,True,True,PASS
fold1_room3_mix513,static,safe,normal,2,0.001,1.76e-07,62.11077638014018,62.11,0.344,0.367,10.845,8.31,0.44,True,True,PASS
fold1_room3_mix514,walk,critical,normal,2,0.0021,1.78e-07,57.085054799501535,57.09,0.328,0.291,1.394,8.96,0.34,True,True,PASS
fold1_room3_mix515,static,caution,normal,2,0.0033,1.77e-07,56.84515961470538,56.85,0.264,0.295,2.868,8.37,0.54,True,True,PASS
fold1_room3_mix516,walk,safe,normal,2,0.1082,1.78e-07,47.690460590507314,47.69,0.265,0.243,8.573,8.07,1.0,True,True,PASS
fold1_room3_mix517,static,critical,normal,2,0.006,1.78e-07,53.00978379409928,53.01,0.344,0.26,0.933,8.74,0.99,True,True,PASS
fold1_room3_mix518,walk,caution,normal,2,0.0027,1.77e-07,56.14392683923265,56.14,0.311,0.373,1.621,7.56,0.65,True,True,PASS
fold1_room3_mix519,static,safe,normal,2,0.0015,1.76e-07,43.16915730897729,43.17,0.492,0.336,14.938,8.39,0.98,True,True,PASS
fold1_room3_mix520,walk,critical,normal,2,0.0035,1.78e-07,63.21579541374658,63.22,0.292,0.324,0.862,7.04,0.35,True,True,PASS
fold1_room3_mix521,static,caution,normal,2,0.0496,1.78e-07,62.72444736956123,62.72,0.226,0.241,1.881,6.44,0.31,True,True,PASS
fold1_room3_mix522,walk,safe,normal,2,0.0349,1.76e-07,47.50589141186003,47.51,0.382,0.349,5.384,7.73,0.98,True,True,PASS
fold1_room3_mix523,static,critical,normal,2,0.0028,1.79e-07,51.08640284489791,51.09,0.317,0.244,1.107,7.11,0.98,True,True,PASS
fold1_room3_mix524,walk,caution,normal,2,0.0026,1.78e-07,44.77314231889091,44.77,0.292,0.249,2.498,8.19,0.98,True,True,PASS
fold1_room3_mix525,static,safe,normal,2,0.0011,1.78e-07,51.049863356540314,51.05,0.238,0.181,12.847,8.1,0.99,True,True,PASS
fold1_room3_mix526,walk,critical,normal,2,0.3028,1.94e-07,51.786820746706766,51.79,0.29,0.234,1.368,6.04,0.99,True,True,PASS
fold1_room3_mix527,static,caution,normal,2,0.0062,1.76e-07,47.7992430034204,47.8,0.333,0.336,2.403,8.14,0.99,True,True,PASS
fold1_room3_mix528,walk,safe,normal,2,0.0012,1.77e-07,52.36027850744915,52.36,0.272,0.279,6.119,6.94,0.99,True,True,PASS
fold1_room3_mix529,static,critical,normal,2,0.0029,1.77e-07,54.95386739457314,54.95,0.386,0.254,1.257,6.12,0.71,True,True,PASS
fold1_room3_mix530,walk,caution,normal,2,0.0018,1.77e-07,51.83959483832265,51.84,0.307,0.318,2.787,8.86,0.85,True,True,PASS
fold1_room3_mix531,static,safe,normal,2,0.0433,1.77e-07,43.35740870889907,43.36,0.295,0.219,11.967,6.19,0.99,True,True,PASS
fold1_room3_mix532,walk,critical,normal,2,0.0088,1.76e-07,45.54833747787898,45.55,0.267,0.326,1.192,7.58,0.99,True,True,PASS
fold1_room3_mix533,static,caution,normal,2,0.0017,1.77e-07,63.57653695407167,63.58,0.314,0.335,2.648,8.42,0.33,True,True,PASS
fold1_room3_mix534,walk,safe,normal,2,0.0017,1.76e-07,41.106472188215534,41.11,0.276,0.283,13.683,7.97,0.98,True,True,PASS
fold1_room3_mix535,static,critical,normal,2,0.003,1.78e-07,63.1005733422234,63.1,0.32,0.418,1.443,8.04,0.4,True,True,PASS
fold1_room3_mix536,walk,caution,normal,2,0.0935,1.83e-07,47.97427630414063,47.97,0.253,0.335,2.178,8.42,0.98,True,True,PASS
fold1_room3_mix537,static,safe,normal,2,0.0028,1.77e-07,44.039677235410025,44.04,0.308,0.43,11.92,8.99,0.98,True,True,PASS
fold1_room3_mix538,walk,critical,normal,2,0.003,1.77e-07,54.58797781985182,54.59,0.312,0.21,1.422,6.94,0.71,True,True,PASS
fold1_room3_mix539,static,caution,normal,2,0.003,1.78e-07,52.322485682263796,52.32,0.362,0.289,1.895,8.06,0.99,True,True,PASS
fold1_room3_mix540,walk,safe,normal,2,0.0008,1.77e-07,57.18796049748374,57.19,0.357,0.315,5.909,6.65,0.38,True,True,PASS
fold1_room3_mix541,static,critical,normal,2,0.0058,1.78e-07,62.58955230703705,62.59,0.268,0.345,1.357,7.84,0.57,True,True,PASS
fold1_room3_mix542,walk,caution,normal,2,0.0096,1.77e-07,63.04677965841291,63.05,0.335,0.29,2.263,7.78,0.55,True,True,PASS
fold1_room3_mix543,static,safe,normal,2,0.0009,1.74e-07,41.29211329001035,41.29,0.389,0.283,5.951,8.9,0.98,True,True,PASS
fold1_room3_mix544,walk,critical,normal,2,0.0049,1.76e-07,54.54279489174507,54.54,0.244,0.247,0.792,7.19,0.73,True,True,PASS
fold1_room3_mix545,static,caution,normal,2,0.0031,1.77e-07,61.31721920412615,61.32,0.249,0.253,2.17,6.51,0.69,True,True,PASS
fold1_room3_mix546,walk,safe,normal,2,0.4475,1.95e-07,61.260875207904576,61.26,0.273,0.236,12.401,7.17,0.62,True,True,PASS
fold1_room3_mix547,static,critical,normal,2,0.0577,1.77e-07,61.42863778317836,61.43,0.443,0.332,0.606,6.11,0.75,True,True,PASS
fold1_room3_mix548,walk,caution,normal,2,0.0033,1.76e-07,56.9428202194656,56.94,0.264,0.274,1.948,7.12,0.69,True,True,PASS
fold1_room3_mix549,static,safe,normal,2,0.0012,1.76e-07,58.43763980848301,58.44,0.245,0.391,7.742,7.73,0.47,True,True,PASS
fold1_room3_mix550,walk,critical,normal,2,0.0051,1.77e-07,58.05870661753248,58.06,0.243,0.28,0.672,7.08,0.81,True,True,PASS
fold1_room3_mix551,static,caution,normal,2,0.018,1.75e-07,59.87738706589915,59.88,0.332,0.336,1.889,7.1,0.45,True,True,PASS
fold1_room3_mix552,walk,safe,normal,2,0.0937,1.77e-07,55.183692014443466,55.18,0.325,0.347,4.86,8.36,0.83,True,True,PASS
fold1_room3_mix553,static,critical,normal,2,0.0061,1.78e-07,63.53019918161718,63.53,0.278,0.27,0.905,7.69,0.6,True,True,PASS
fold1_room3_mix554,walk,caution,normal,2,0.0029,1.76e-07,41.41759550762379,41.42,0.324,0.304,2.472,6.06,0.99,True,True,PASS
fold1_room3_mix555,static,safe,normal,2,0.0013,1.77e-07,61.13295943330279,61.13,0.205,0.265,8.905,8.48,0.43,True,True,PASS
fold1_room3_mix556,walk,critical,normal,2,0.031,1.76e-07,50.18968214570411,50.19,0.262,0.31,0.992,6.66,0.98,True,True,PASS
fold1_room3_mix557,static,caution,normal,2,0.0457,1.76e-07,50.112583775835084,50.11,0.431,0.309,2.207,6.38,0.98,True,True,PASS
fold1_room3_mix558,walk,safe,normal,2,0.0007,1.75e-07,62.13957818728877,62.14,0.411,0.179,12.493,8.77,0.48,True,True,PASS
fold1_room3_mix559,static,critical,normal,2,0.0032,1.77e-07,54.157516476784636,54.16,0.285,0.259,1.339,7.75,0.87,True,True,PASS
fold1_room3_mix560,walk,caution,normal,2,0.0019,1.76e-07,46.56207597267956,46.56,0.274,0.22,2.266,6.51,0.99,True,True,PASS
fold1_room3_mix561,static,safe,normal,2,0.0094,1.77e-07,43.306491351970884,43.31,0.275,0.256,11.68,6.82,0.98,True,True,PASS
fold1_room3_mix562,walk,critical,normal,2,0.0373,1.77e-07,54.93540207715442,54.94,0.288,0.292,0.839,6.42,0.91,True,True,PASS
fold1_room3_mix563,static,caution,normal,2,0.0019,1.77e-07,49.439439390520135,49.44,0.332,0.331,2.652,8.6,0.98,True,True,PASS
fold1_room3_mix564,walk,safe,normal,2,0.0019,1.77e-07,43.64320361000884,43.64,0.264,0.357,3.823,6.51,0.99,True,True,PASS
fold1_room3_mix565,static,critical,normal,2,0.003,1.77e-07,54.23233049632961,54.23,0.249,0.329,1.186,7.09,0.97,True,True,PASS
fold1_room3_mix566,walk,caution,normal,2,0.0409,1.77e-07,63.487229285191745,63.49,0.313,0.33,2.391,8.86,0.23,True,True,PASS
fold1_room3_mix567,static,safe,normal,2,0.0048,1.76e-07,53.61221420907448,53.61,0.281,0.265,3.85,6.88,0.99,True,True,PASS
fold1_room3_mix568,walk,critical,normal,2,0.0032,1.78e-07,43.233724392186524,43.23,0.293,0.296,0.882,7.11,0.98,True,True,PASS
fold1_room3_mix569,static,caution,normal,2,0.0028,1.76e-07,40.81108009737836,40.81,0.461,0.302,1.906,6.55,0.99,True,True,PASS
fold1_room3_mix570,walk,safe,normal,2,0.0015,1.78e-07,43.57593589476829,43.58,0.304,0.254,13.843,8.84,0.98,True,True,PASS
fold1_room3_mix571,static,critical,normal,2,0.0273,1.78e-07,52.98278206723594,52.98,0.273,0.33,1.485,8.63,0.8,True,True,PASS
fold1_room3_mix572,walk,caution,normal,2,0.0188,1.77e-07,57.34822227951541,57.35,0.364,0.393,2.128,7.67,0.57,True,True,PASS
fold1_room3_mix573,static,safe,normal,2,0.0008,1.77e-07,47.43055919778978,47.43,0.247,0.239,13.957,6.16,0.99,True,True,PASS
fold1_room3_mix574,walk,critical,normal,2,0.0046,1.77e-07,45.83625587352339,45.84,0.273,0.338,0.849,7.5,0.98,True,True,PASS
fold1_room3_mix575,static,caution,normal,2,0.0025,1.77e-07,54.25416767330791,54.25,0.227,0.26,2.227,6.55,0.99,True,True,PASS
fold1_room3_mix576,walk,safe,normal,2,0.0569,1.78e-07,57.429725706104335,57.43,0.311,0.257,12.925,6.7,0.61,True,True,PASS
fold1_room3_mix577,static,critical,normal,2,0.0058,1.77e-07,50.65935604942116,50.66,0.304,0.407,0.821,6.16,0.99,True,True,PASS
fold1_room3_mix578,walk,caution,normal,2,0.0015,1.77e-07,61.42761563306082,61.43,0.332,0.264,2.898,8.86,0.25,True,True,PASS
fold1_room3_mix579,static,safe,normal,2,0.0016,1.77e-07,52.179198490443696,52.18,0.314,0.273,3.874,6.35,0.98,True,True,PASS
fold1_room3_mix580,walk,critical,normal,2,0.0032,1.78e-07,63.53092317840476,63.53,0.283,0.246,1.196,7.52,0.56,True,True,PASS
fold1_room3_mix581,static,caution,normal,2,0.1266,1.78e-07,64.15489218532615,64.15,0.262,0.217,1.795,6.08,0.32,True,True,PASS
fold1_room3_mix582,walk,safe,normal,2,0.025,1.78e-07,50.108153749847844,50.11,0.285,0.243,6.102,6.19,0.99,True,True,PASS
fold1_room3_mix583,static,critical,normal,2,0.007,1.76e-07,43.37287423568179,43.37,0.265,0.318,0.805,6.47,0.99,True,True,PASS
fold1_room3_mix584,walk,caution,normal,2,0.0033,1.78e-07,45.579641172749035,45.58,0.326,0.383,2.131,6.64,1.0,True,True,PASS
fold1_room3_mix585,static,safe,normal,2,0.0014,1.77e-07,63.71176129959845,63.71,0.241,0.349,5.405,7.54,0.4,True,True,PASS
fold1_room3_mix586,walk,critical,normal,2,0.0869,1.76e-07,47.39524913413133,47.4,0.24,0.287,1.35,6.54,0.99,True,True,PASS
fold1_room3_mix587,static,caution,normal,2,0.0439,1.76e-07,50.36807943703424,50.37,0.283,0.237,2.053,8.25,0.99,True,True,PASS
fold1_room3_mix588,walk,safe,normal,2,0.0013,1.77e-07,52.83056323508937,52.83,0.234,0.301,12.252,6.95,0.99,True,True,PASS
fold1_room3_mix589,static,critical,normal,2,0.0028,1.78e-07,51.564338099618155,51.56,0.32,0.29,1.261,6.75,0.99,True,True,PASS
fold1_room3_mix590,walk,caution,normal,2,0.002,1.78e-07,41.26759042284469,41.27,0.284,0.308,2.664,6.66,0.99,True,True,PASS
fold1_room3_mix591,static,safe,normal,2,0.0427,1.78e-07,55.57622538195113,55.58,0.256,0.343,8.827,8.87,0.41,True,True,PASS
fold1_room3_mix592,walk,critical,normal,2,0.041,1.76e-07,41.3444018132332,41.34,0.283,0.258,1.485,6.3,0.99,True,True,PASS
fold1_room3_mix593,static,caution,normal,2,0.002,1.77e-07,46.022984718704045,46.02,0.298,0.255,2.755,7.5,0.98,True,True,PASS
fold1_room3_mix594,walk,safe,normal,2,0.0009,1.76e-07,60.41406775751311,60.41,0.268,0.271,11.562,6.69,0.66,True,True,PASS
fold1_room3_mix595,static,critical,normal,2,0.0087,1.77e-07,62.598506584045694,62.6,0.352,0.233,0.633,7.23,0.73,True,True,PASS
fold1_room3_mix596,walk,caution,normal,2,0.0521,1.77e-07,58.94696337822046,58.95,0.288,0.315,2.529,6.62,0.56,True,True,PASS
fold1_room3_mix597,static,safe,normal,2,0.006,1.77e-07,61.68337093385529,61.68,0.352,0.255,6.38,6.94,0.63,True,True,PASS
fold1_room3_mix598,walk,critical,normal,2,0.0056,1.76e-07,63.53626509154775,63.54,0.253,0.263,0.806,6.43,0.84,True,True,PASS
fold1_room3_mix599,static,caution,normal,2,0.0029,1.76e-07,45.49478269538547,45.5,0.267,0.351,1.825,8.92,0.98,True,True,PASS
fold1_room3_mix600,walk,safe,normal,2,0.0009,1.78e-07,57.35269722823014,57.35,0.248,0.294,14.81,8.9,0.33,True,True,PASS
fold1_room3_mix601,static,critical,normal,2,0.0091,1.76e-07,53.081702169175685,53.08,0.267,0.398,1.489,6.52,0.73,True,True,PASS
fold1_room3_mix602,walk,caution,normal,2,0.0137,1.76e-07,41.03502513150461,41.04,0.473,0.252,1.906,8.54,0.99,True,True,PASS
fold1_room3_mix603,static,safe,normal,2,0.0005,1.75e-07,45.26412364860617,45.26,0.291,0.232,12.695,8.37,0.97,True,True,PASS
fold1_room3_mix604,walk,critical,normal,2,0.0036,1.77e-07,51.680050158169536,51.68,0.311,0.228,0.735,6.5,0.98,True,True,PASS
fold1_room3_mix605,static,caution,normal,2,0.0016,1.77e-07,44.08056468761581,44.08,0.225,0.401,2.606,7.76,1.0,True,True,PASS
fold1_room3_mix606,walk,safe,normal,2,0.0992,1.78e-07,52.092266046743276,52.09,0.306,0.283,11.045,6.61,0.97,True,True,PASS
fold1_room3_mix607,static,critical,normal,2,0.0182,1.77e-07,44.82470820892225,44.82,0.3,0.319,1.421,6.59,1.0,True,True,PASS
fold1_room3_mix608,walk,caution,normal,2,0.0021,1.75e-07,57.16881919117776,57.17,0.288,0.302,2.967,7.26,0.68,True,True,PASS
fold1_room3_mix609,static,safe,normal,2,0.001,1.76e-07,52.01433062157824,52.01,0.228,0.301,6.231,6.72,0.91,True,True,PASS
fold1_room3_mix610,walk,critical,normal,2,0.0037,1.78e-07,47.35065327789778,47.35,0.273,0.343,1.438,8.77,0.99,True,True,PASS
fold1_room3_mix611,static,caution,normal,2,0.0143,1.78e-07,60.33060803217933,60.33,0.313,0.316,1.731,7.64,0.63,True,True,PASS
fold1_room3_mix612,walk,safe,normal,2,0.0105,1.76e-07,62.87535974686853,62.88,0.217,0.356,11.76,6.15,0.63,True,True,PASS
fold1_room3_mix613,static,critical,normal,2,0.0066,1.76e-07,59.56055991479479,59.56,0.28,0.234,0.804,6.0,0.78,True,True,PASS
fold1_room3_mix614,walk,caution,normal,2,0.0023,1.77e-07,64.52271807285855,64.52,0.285,0.287,2.038,6.12,0.26,True,True,PASS
fold1_room3_mix615,static,safe,normal,2,0.001,1.78e-07,51.11727449869951,51.12,0.248,0.245,9.483,6.2,0.98,True,True,PASS
fold1_room3_mix616,walk,critical,normal,2,0.01,1.76e-07,54.05011203980565,54.05,0.236,0.319,1.13,7.56,0.89,True,True,PASS
fold1_room3_mix617,static,caution,normal,2,0.0232,1.76e-07,57.12268284975054,57.12,0.347,0.247,2.599,8.33,0.52,True,True,PASS
fold1_room3_mix618,walk,safe,normal,2,0.0008,1.75e-07,52.20746921441745,52.21,0.284,0.345,7.527,6.95,0.99,True,True,PASS
fold1_room3_mix619,static,critical,normal,2,0.0044,1.76e-07,58.43401123250721,58.43,0.316,0.319,1.053,8.12,0.44,True,True,PASS
fold1_room3_mix620,walk,caution,normal,2,0.0014,1.76e-07,54.656911629663455,54.66,0.288,0.279,2.905,6.79,0.65,True,True,PASS
fold1_room3_mix621,static,safe,normal,2,0.0122,1.76e-07,63.56107810710345,63.56,0.286,0.375,6.475,7.19,0.27,True,True,PASS
fold1_room3_mix622,walk,critical,normal,2,0.0105,1.77e-07,42.63725970634984,42.64,0.339,0.371,1.259,7.6,0.99,True,True,PASS
fold1_room3_mix623,static,caution,normal,2,0.0028,1.77e-07,40.20878528546738,40.21,0.267,0.329,1.799,8.17,0.98,True,True,PASS
fold1_room3_mix624,walk,safe,normal,2,0.003,1.76e-07,58.28913467470555,58.29,0.341,0.257,4.003,7.23,0.54,True,True,PASS
fold1_room3_mix625,static,critical,normal,2,0.006,1.77e-07,55.937199422116116,55.94,0.304,0.245,0.707,7.22,0.99,True,True,PASS
fold1_room3_mix626,walk,caution,normal,2,0.0753,1.78e-07,41.415543324149894,41.42,0.259,0.33,1.7,8.36,0.98,True,True,PASS
fold1_room3_mix627,static,safe,normal,2,0.1148,1.77e-07,56.25477042803787,56.25,0.291,0.219,4.312,7.04,0.99,True,True,PASS
fold1_room3_mix628,walk,critical,normal,2,0.0051,1.78e-07,47.969806752563876,47.97,0.291,0.324,0.93,6.03,0.98,True,True,PASS
fold1_room3_mix629,static,caution,normal,2,0.0021,1.75e-07,48.12557476346823,48.13,0.352,0.31,1.943,7.76,0.94,True,True,PASS
fold1_room3_mix630,walk,safe,normal,2,0.0008,1.78e-07,40.91320049696674,40.91,0.254,0.289,11.911,6.43,0.98,True,True,PASS
fold1_room3_mix631,static,critical,normal,2,0.3118,1.94e-07,48.28614190857657,48.29,0.265,0.238,1.189,7.34,0.99,True,True,PASS
fold1_room3_mix632,walk,caution,normal,2,0.0095,1.78e-07,50.385645422107274,50.39,0.354,0.241,2.136,7.2,0.99,True,True,PASS
fold1_room3_mix633,static,safe,normal,2,0.0018,1.76e-07,44.56944131876074,44.57,0.295,0.426,3.668,6.81,0.99,True,True,PASS
fold1_room3_mix634,walk,critical,normal,2,0.0072,1.76e-07,52.41107718209159,52.41,0.23,0.288,0.719,6.84,0.99,True,True,PASS
fold1_room3_mix635,static,caution,normal,2,0.0026,1.77e-07,40.113920007016446,40.11,0.294,0.295,2.815,7.74,0.98,True,True,PASS
fold1_room3_mix636,walk,safe,normal,2,0.0103,1.76e-07,43.699727160760176,43.7,0.263,0.37,13.254,8.92,0.99,True,True,PASS
fold1_room3_mix637,static,critical,normal,2,0.0098,1.76e-07,58.465744950623,58.47,0.317,0.265,1.131,6.02,0.52,True,True,PASS
fold1_room3_mix638,walk,caution,normal,2,0.0018,1.77e-07,44.77187174195045,44.77,0.31,0.353,2.484,7.53,1.0,True,True,PASS
fold1_room3_mix639,static,safe,normal,2,0.0012,1.78e-07,50.27304530806937,50.27,0.312,0.336,7.153,7.2,0.99,True,True,PASS
fold1_room3_mix640,walk,critical,normal,2,0.0034,1.77e-07,60.03078704288547,60.03,0.335,0.341,1.269,7.78,0.35,True,True,PASS
fold1_room3_mix641,static,caution,normal,2,0.1064,1.77e-07,59.12196317525711,59.12,0.27,0.226,2.722,6.61,0.54,True,True,PASS
fold1_room3_mix642,walk,safe,normal,2,0.0256,1.77e-07,49.311545699716845,49.31,0.397,0.319,6.212,8.15,0.99,True,True,PASS
fold1_room3_mix643,static,critical,normal,2,0.0033,1.77e-07,49.60174517967544,49.6,0.291,0.296,1.426,7.13,0.93,True,True,PASS
fold1_room3_mix644,walk,caution,normal,2,0.0022,1.77e-07,62.622820445231795,62.62,0.282,0.262,1.605,7.52,0.79,True,True,PASS
fold1_room3_mix645,static,safe,normal,2,0.001,1.76e-07,47.05657492938513,47.06,0.269,0.488,14.887,8.74,0.98,True,True,PASS
fold1_room3_mix646,walk,critical,normal,2,0.0119,1.77e-07,46.071912585059934,46.07,0.264,0.251,1.312,8.77,1.0,True,True,PASS
fold1_room3_mix647,static,caution,normal,2,0.0118,1.76e-07,52.73610838024062,52.74,0.256,0.366,2.769,8.19,0.8,True,True,PASS
fold1_room3_mix648,walk,safe,normal,2,0.0013,1.76e-07,63.034269284727415,63.03,0.33,0.22,12.004,8.41,0.0,True,True,PASS
fold1_room3_mix649,static,critical,normal,2,0.0041,1.75e-07,56.27101977912324,56.27,0.29,0.277,0.918,8.0,0.52,True,True,PASS
fold1_room3_mix650,walk,caution,normal,2,0.0028,1.77e-07,56.09114109621325,56.09,0.275,0.283,1.748,6.51,1.0,True,True,PASS
fold1_room3_mix651,static,safe,normal,2,0.0041,1.76e-07,64.04522305162676,64.05,0.22,0.215,7.731,8.52,0.3,True,True,PASS
fold1_room3_mix652,walk,critical,normal,2,0.0143,1.76e-07,46.396406149310415,46.4,0.355,0.292,1.466,6.93,0.99,True,True,PASS
fold1_room3_mix653,static,caution,normal,2,0.0021,1.77e-07,47.83109028021837,47.83,0.223,0.308,2.431,8.15,0.98,True,True,PASS
fold1_room3_mix654,walk,safe,normal,2,0.0011,1.77e-07,52.01838072407842,52.02,0.282,0.257,5.921,6.58,0.99,True,True,PASS
fold1_room3_mix655,static,critical,normal,2,0.0044,1.77e-07,42.87237407539723,42.87,0.263,0.266,0.884,7.68,0.99,True,True,PASS
fold1_room3_mix656,walk,caution,normal,2,0.0257,1.77e-07,50.18180874444531,50.18,0.286,0.292,1.583,6.41,0.91,True,True,PASS
fold1_room3_mix657,static,safe,normal,2,0.0112,1.75e-07,54.38678665950935,54.39,0.335,0.359,14.152,7.09,0.99,True,True,PASS
fold1_room3_mix658,walk,critical,normal,2,0.0026,1.74e-07,62.200698286391884,62.2,0.324,0.342,1.014,8.15,0.29,True,True,PASS
fold1_room3_mix659,static,caution,normal,2,0.002,1.77e-07,59.606940777671035,59.61,0.293,0.314,2.393,6.2,0.47,True,True,PASS
fold1_room3_mix660,walk,safe,normal,2,0.001,1.78e-07,41.624494772446596,41.62,0.302,0.255,9.771,6.97,0.99,True,True,PASS
fold1_room3_mix661,static,critical,normal,2,0.1359,1.77e-07,62.79098589910417,62.79,0.268,0.288,1.074,7.39,0.79,True,True,PASS
fold1_room3_mix662,walk,caution,normal,2,0.0351,1.78e-07,54.28621641077541,54.29,0.287,0.286,2.608,8.7,0.66,True,True,PASS
fold1_room3_mix663,static,safe,normal,2,0.0007,1.75e-07,40.359202107785826,40.36,0.272,0.347,11.875,7.58,1.0,True,True,PASS
fold1_room3_mix664,walk,critical,normal,2,0.0035,1.76e-07,43.95370214404853,43.95,0.33,0.271,0.908,6.59,0.99,True,True,PASS
fold1_room3_mix665,static,caution,normal,2,0.0019,1.77e-07,56.442354320500456,56.44,0.279,0.493,1.871,6.24,0.83,True,True,PASS
fold1_room3_mix666,walk,safe,normal,2,0.0271,1.78e-07,51.36250874673142,51.36,0.255,0.226,14.835,8.77,0.99,True,True,PASS
fold1_room3_mix667,static,critical,normal,2,0.0387,1.75e-07,41.49993497177594,41.5,0.27,0.251,1.489,7.64,0.99,True,True,PASS
fold1_room3_mix668,walk,caution,normal,2,0.0019,1.76e-07,47.92996386791446,47.93,0.278,0.29,1.922,7.61,0.95,True,True,PASS
fold1_room3_mix669,static,safe,normal,2,0.0007,1.77e-07,50.61472778925963,50.61,0.284,0.43,10.65,8.51,0.98,True,True,PASS
fold1_room3_mix670,walk,critical,normal,2,0.0033,1.77e-07,42.58890958865976,42.59,0.25,0.318,0.995,8.12,0.98,True,True,PASS
fold1_room3_mix671,static,caution,normal,2,0.0363,1.76e-07,55.140141938090565,55.14,0.299,0.252,2.04,6.76,0.51,True,True,PASS
fold1_room3_mix672,walk,safe,normal,2,0.0572,1.77e-07,44.254143541897804,44.25,0.312,0.308,5.814,7.29,1.0,True,True,PASS
fold1_room3_mix673,static,critical,normal,2,0.0033,1.76e-07,56.47014289334717,56.47,0.368,0.309,1.105,6.16,0.63,True,True,PASS
fold1_room3_mix674,walk,caution,normal,2,0.0025,1.78e-07,64.48085120982373,64.48,0.271,0.254,2.149,6.89,0.44,True,True,PASS
fold1_room3_mix675,static,safe,normal,2,0.001,1.78e-07,61.764140791875754,61.76,0.267,0.189,6.532,6.32,0.42,True,True,PASS
fold1_room3_mix676,walk,critical,normal,2,0.1245,1.84e-07,42.73262138561937,42.73,0.271,0.289,1.339,7.2,1.0,True,True,PASS
fold1_room3_mix677,static,caution,normal,2,0.0221,1.77e-07,50.71440946448011,50.71,0.273,0.415,2.746,6.57,1.0,True,True,PASS
fold1_room3_mix678,walk,safe,normal,2,0.0005,1.75e-07,61.35786187420818,61.36,0.237,0.236,13.155,8.92,0.0,True,True,PASS
fold1_room3_mix679,static,critical,normal,2,0.0048,1.77e-07,45.73893126234579,45.74,0.37,0.368,0.882,8.47,0.98,True,True,PASS
fold1_room3_mix680,walk,caution,normal,2,0.0019,1.78e-07,43.886580959668514,43.89,0.29,0.288,2.084,6.59,0.99,True,True,PASS
fold1_room3_mix681,static,safe,normal,2,0.0043,1.76e-07,63.27557411516448,63.28,0.275,0.289,5.196,8.48,0.36,True,True,PASS
fold1_room3_mix682,walk,critical,normal,2,0.012,1.76e-07,44.3586139020565,44.36,0.372,0.314,1.028,6.52,0.99,True,True,PASS
fold1_room3_mix683,static,caution,normal,2,0.0031,1.75e-07,42.13317733689332,42.13,0.433,0.294,2.903,7.2,0.99,True,True,PASS
fold1_room3_mix684,walk,safe,normal,2,0.0007,1.76e-07,48.39648900826567,48.4,0.259,0.365,8.911,7.43,0.97,True,True,PASS
fold1_room3_mix685,static,critical,normal,2,0.0031,1.77e-07,46.89327588439628,46.89,0.272,0.244,1.478,6.74,1.0,True,True,PASS
fold1_room3_mix686,walk,caution,normal,2,0.0161,1.77e-07,49.89322068735915,49.89,0.263,0.328,2.285,6.29,0.98,True,True,PASS
fold1_room3_mix687,static,safe,normal,2,0.0127,1.77e-07,52.473038658603606,52.47,0.309,0.373,8.113,8.11,0.82,True,True,PASS
fold1_room3_mix688,walk,critical,normal,2,0.005,1.76e-07,56.712718482449205,56.71,0.351,0.273,0.95,6.76,0.99,True,True,PASS
fold1_room3_mix689,static,caution,normal,2,0.0024,1.76e-07,50.09961595904181,50.1,0.318,0.259,1.978,6.58,0.98,True,True,PASS
fold1_room3_mix690,walk,safe,normal,2,0.002,1.77e-07,46.31790056940052,46.32,0.279,0.314,3.253,6.66,0.98,True,True,PASS
fold1_room3_mix691,static,critical,normal,2,0.0319,1.76e-07,40.56400469878622,40.56,0.298,0.345,0.799,8.69,0.98,True,True,PASS
fold1_room3_mix692,walk,caution,normal,2,0.0085,1.77e-07,63.96682321814335,63.97,0.407,0.311,2.629,8.25,0.15,True,True,PASS
fold1_room3_mix693,static,safe,normal,2,0.0019,1.78e-07,63.410115759296914,63.41,0.357,0.237,4.931,7.61,0.47,True,True,PASS
fold1_room3_mix694,walk,critical,normal,2,0.0031,1.77e-07,40.90319867849615,40.9,0.338,0.36,1.186,8.78,0.99,True,True,PASS
fold1_room3_mix695,static,caution,normal,2,0.0012,1.77e-07,49.831699043429985,49.83,0.323,0.325,2.768,7.18,0.73,True,True,PASS
fold1_room3_mix696,walk,safe,normal,2,0.1183,1.80e-07,55.49934728904585,55.5,0.26,0.209,12.411,6.99,0.98,True,True,PASS
fold1_room3_mix697,static,critical,normal,2,0.0134,1.75e-07,62.60986244171579,62.61,0.311,0.333,1.214,6.96,0.37,True,True,PASS
fold1_room3_mix698,walk,caution,normal,2,0.003,1.77e-07,57.72335311024493,57.72,0.28,0.348,2.214,6.71,0.56,True,True,PASS
fold1_room3_mix699,static,safe,normal,2,0.0013,1.76e-07,43.64522261900207,43.65,0.373,0.431,5.58,6.05,0.99,True,True,PASS
fold1_room3_mix700,walk,critical,normal,2,0.0038,1.76e-07,43.15249729533559,43.15,0.322,0.251,0.716,8.62,0.98,True,True,PASS
fold1_room3_mix701,static,caution,normal,2,0.0073,1.76e-07,47.77775235731415,47.78,0.269,0.287,2.043,7.79,0.98,True,True,PASS
fold1_room3_mix702,walk,safe,normal,2,0.0197,1.76e-07,44.76912639650146,44.77,0.501,0.245,14.6,8.29,1.0,True,True,PASS
fold1_room3_mix703,static,critical,normal,2,0.0038,1.77e-07,55.64294840491894,55.64,0.336,0.269,0.646,8.25,0.8,True,True,PASS
fold1_room3_mix704,walk,caution,normal,2,0.0018,1.77e-07,60.1271723981438,60.13,0.276,0.29,2.557,8.85,0.63,True,True,PASS
fold1_room3_mix705,static,safe,normal,2,0.0007,1.77e-07,50.08990092917557,50.09,0.238,0.287,7.739,8.49,0.89,True,True,PASS
fold1_room3_mix706,walk,critical,normal,2,0.0642,1.77e-07,55.00239538174061,55.0,0.247,0.303,0.714,7.0,1.0,True,True,PASS
fold1_room3_mix707,static,caution,normal,2,0.1468,1.81e-07,64.19279223881811,64.19,0.33,0.346,1.957,8.56,0.51,True,True,PASS
fold1_room3_mix708,walk,safe,normal,2,0.0016,1.75e-07,41.71425363887503,41.71,0.331,0.274,4.929,7.17,1.0,True,True,PASS
fold1_room3_mix709,static,critical,normal,2,0.0063,1.77e-07,48.68766790388802,48.69,0.292,0.367,0.766,7.37,0.99,True,True,PASS
fold1_room3_mix710,walk,caution,normal,2,0.0026,1.76e-07,47.41523558625407,47.42,0.274,0.302,2.588,7.99,0.99,True,True,PASS
fold1_room3_mix711,static,safe,normal,2,0.0682,1.77e-07,54.37285053972811,54.37,0.216,0.276,14.989,6.63,0.53,True,True,PASS
fold1_room3_mix712,walk,critical,normal,2,0.0098,1.75e-07,47.6792347516365,47.68,0.226,0.314,1.393,8.06,0.97,True,True,PASS
fold1_room3_mix713,static,caution,normal,2,0.0015,1.77e-07,62.29645813485264,62.3,0.234,0.287,2.635,7.09,0.31,True,True,PASS
fold1_room3_mix714,walk,safe,normal,2,0.0014,1.76e-07,64.78373638182971,64.78,0.326,0.277,8.459,6.66,0.73,True,True,PASS
fold1_room3_mix715,static,critical,normal,2,0.0054,1.78e-07,42.55417001893413,42.55,0.271,0.229,0.759,6.61,0.99,True,True,PASS
fold1_room3_mix716,walk,caution,normal,2,0.069,1.77e-07,50.162028301959666,50.16,0.298,0.318,2.796,8.01,0.72,True,True,PASS
fold1_room3_mix717,static,safe,normal,2,0.0071,1.76e-07,44.91102200082847,44.91,0.27,0.335,4.144,7.5,0.98,True,True,PASS
fold1_room3_mix718,walk,critical,normal,2,0.0046,1.76e-07,63.17128158650133,63.17,0.277,0.462,1.018,8.46,0.42,True,True,PASS
fold1_room3_mix719,static,caution,normal,2,0.0015,1.75e-07,54.78926116634528,54.79,0.281,0.254,2.827,8.73,0.42,True,True,PASS
fold1_room3_mix720,walk,safe,normal,2,0.0015,1.78e-07,40.23659648650988,40.24,0.245,0.269,6.067,8.56,0.99,True,True,PASS
fold1_room3_mix721,static,critical,normal,2,0.1416,1.77e-07,48.81202473014501,48.81,0.289,0.227,1.121,7.31,0.99,True,True,PASS
fold1_room3_mix722,walk,caution,normal,2,0.0271,1.77e-07,45.999551923455314,46.0,0.297,0.286,2.34,7.55,0.97,True,True,PASS
fold1_room3_mix723,static,safe,normal,2,0.001,1.78e-07,42.73289538235179,42.73,0.288,0.326,13.925,6.82,0.99,True,True,PASS
fold1_room3_mix724,walk,critical,normal,2,0.0036,1.77e-07,61.17437654008479,61.17,0.242,0.251,1.288,8.58,0.62,True,True,PASS
fold1_room3_mix725,static,caution,normal,2,0.0016,1.77e-07,44.80370093008271,44.8,0.238,0.447,2.486,6.43,0.99,True,True,PASS
fold1_room3_mix726,walk,safe,normal,2,0.1237,1.78e-07,63.65540583546253,63.66,0.29,0.267,7.404,7.8,0.53,True,True,PASS
fold1_room3_mix727,static,critical,normal,2,0.0341,1.76e-07,52.331902518527464,52.33,0.277,0.36,1.064,8.44,0.99,True,True,PASS
fold1_room3_mix728,walk,caution,normal,2,0.0041,1.75e-07,50.684996908749056,50.69,0.336,0.339,1.575,8.32,0.97,True,True,PASS
fold1_room3_mix729,static,safe,normal,2,0.0009,1.76e-07,60.91690084018737,60.92,0.28,0.456,12.141,8.76,0.1,True,True,PASS
fold1_room3_mix730,walk,critical,normal,2,0.0031,1.76e-07,57.047002930148466,57.05,0.265,0.242,0.886,6.12,0.8,True,True,PASS
fold1_room3_mix731,static,caution,normal,2,0.0084,1.76e-07,54.26951123539803,54.27,0.286,0.391,2.178,8.2,0.99,True,True,PASS
fold1_room3_mix732,walk,safe,normal,2,0.0609,1.77e-07,60.48275188385081,60.48,0.425,0.212,3.774,7.44,0.64,True,True,PASS
fold1_room3_mix733,static,critical,normal,2,0.0033,1.75e-07,55.38138674493485,55.38,0.346,0.275,1.365,8.1,0.47,True,True,PASS
fold1_room3_mix734,walk,caution,normal,2,0.0043,1.77e-07,51.38467201918692,51.38,0.328,0.227,1.943,6.56,1.0,True,True,PASS
fold1_room3_mix735,static,safe,normal,2,0.0016,1.78e-07,60.33768020199354,60.34,0.285,0.304,5.793,7.35,0.57,True,True,PASS
fold1_room3_mix736,walk,critical,normal,2,0.0215,1.78e-07,58.42652081425098,58.43,0.283,0.225,1.472,8.01,0.49,True,True,PASS
fold1_room3_mix737,static,caution,normal,2,0.0674,1.77e-07,51.38338641244134,51.38,0.353,0.296,2.489,6.88,0.96,True,True,PASS
fold1_room3_mix738,walk,safe,normal,2,0.0011,1.77e-07,59.877805373689114,59.88,0.358,0.306,9.779,7.16,0.65,True,True,PASS
fold1_room3_mix739,static,critical,normal,2,0.0022,1.78e-07,59.73188751055721,59.73,0.294,0.431,1.168,7.73,0.38,True,True,PASS
fold1_room3_mix740,walk,caution,normal,2,0.0034,1.77e-07,58.40361302295618,58.4,0.27,0.259,1.655,6.57,0.72,True,True,PASS
fold1_room3_mix741,static,safe,normal,2,0.0857,1.80e-07,43.42115960790245,43.42,0.251,0.277,4.95,7.73,1.0,True,True,PASS
fold1_room3_mix742,walk,critical,normal,2,0.0089,1.75e-07,43.44233241212838,43.44,0.248,0.329,0.961,6.68,0.98,True,True,PASS
fold1_room3_mix743,static,caution,normal,2,0.0053,1.75e-07,46.47731310818401,46.48,0.383,0.377,1.951,7.09,0.99,True,True,PASS
fold1_room3_mix744,walk,safe,normal,2,0.0018,1.77e-07,60.13430566925484,60.13,0.523,0.246,3.249,7.54,0.41,True,True,PASS
fold1_room3_mix745,static,critical,normal,2,0.004,1.77e-07,42.80219576962973,42.8,0.298,0.257,1.228,7.4,0.99,True,True,PASS
fold1_room3_mix746,walk,caution,normal,2,0.0495,1.77e-07,50.93768897300181,50.94,0.281,0.26,1.568,8.08,0.62,True,True,PASS
fold1_room3_mix747,static,safe,normal,2,0.0717,1.76e-07,45.28116725846299,45.28,0.356,0.282,11.961,7.0,1.0,True,True,PASS
fold1_room3_mix748,walk,critical,normal,2,0.004,1.77e-07,57.98168377256505,57.98,0.341,0.405,1.198,7.36,0.64,True,True,PASS
fold1_room3_mix749,static,caution,normal,2,0.0039,1.77e-07,45.930967686774444,45.93,0.274,0.286,1.93,8.92,1.0,True,True,PASS
fold1_room3_mix750,walk,safe,normal,2,0.0014,1.77e-07,40.454615678582144,40.45,0.255,0.288,8.85,7.4,1.0,True,True,PASS
fold1_room3_mix751,static,critical,normal,2,0.5636,2.31e-07,56.777675987005615,56.78,0.284,0.234,1.201,8.73,0.43,True,True,PASS
fold1_room3_mix752,walk,caution,normal,2,0.0055,1.77e-07,45.068751008385476,45.07,0.425,0.31,2.615,6.22,1.0,True,True,PASS
fold1_room3_mix753,static,safe,normal,2,0.0008,1.76e-07,51.43291187758488,51.43,0.26,0.285,4.979,7.39,0.69,True,True,PASS
fold1_room3_mix754,walk,critical,normal,2,0.0067,1.75e-07,49.474096369690955,49.47,0.278,0.294,0.767,7.67,0.99,True,True,PASS
fold1_room3_mix755,static,caution,normal,2,0.0019,1.77e-07,49.29212267905845,49.29,0.278,0.258,2.504,6.71,0.98,True,True,PASS
fold1_room3_mix756,walk,safe,normal,2,0.0991,1.79e-07,52.110033447447485,52.11,0.313,0.266,14.642,6.94,0.78,True,True,PASS
fold1_room3_mix757,static,critical,normal,2,0.0122,1.77e-07,58.011266770373254,58.01,0.405,0.362,0.944,8.82,0.46,True,True,PASS
fold1_room3_mix758,walk,caution,normal,2,0.0063,1.75e-07,42.891509384510066,42.89,0.291,0.272,1.638,7.77,0.99,True,True,PASS
fold1_room3_mix759,static,safe,normal,2,0.0021,1.76e-07,42.24085192690582,42.24,0.246,0.338,6.796,8.87,0.99,True,True,PASS
fold1_room3_mix760,walk,critical,normal,2,0.0095,1.78e-07,47.28727051942823,47.29,0.28,0.24,0.603,7.87,0.99,True,True,PASS
fold1_room3_mix761,static,caution,normal,2,0.1409,1.78e-07,49.24315851441909,49.24,0.307,0.212,1.733,8.67,0.99,True,True,PASS
fold1_room3_mix762,walk,safe,normal,2,0.041,1.77e-07,57.092935308155674,57.09,0.413,0.299,10.287,6.87,0.55,True,True,PASS
fold1_room3_mix763,static,critical,normal,2,0.0026,1.75e-07,49.57927334466337,49.58,0.265,0.199,1.453,8.65,0.99,True,True,PASS
fold1_room3_mix764,walk,caution,normal,2,0.0021,1.77e-07,42.57260961981571,42.57,0.283,0.354,1.922,6.39,0.99,True,True,PASS
fold1_room3_mix765,static,safe,normal,2,0.0011,1.78e-07,59.221113013834085,59.22,0.384,0.233,10.393,7.08,0.76,True,True,PASS
fold1_room3_mix766,walk,critical,normal,2,0.0463,1.77e-07,54.179259713153016,54.18,0.28,0.236,0.701,6.75,0.76,True,True,PASS
fold1_room3_mix767,static,caution,normal,2,0.0234,1.77e-07,40.772267681069415,40.77,0.314,0.302,1.695,8.26,0.99,True,True,PASS
fold1_room3_mix768,walk,safe,normal,2,0.0015,1.76e-07,60.66473138862524,60.66,0.26,0.237,8.817,7.08,0.75,True,True,PASS
fold1_room3_mix769,static,critical,normal,2,0.0027,1.76e-07,48.093595317065294,48.09,0.299,0.277,1.229,6.57,1.0,True,True,PASS
fold1_room3_mix770,walk,caution,normal,2,0.0015,1.77e-07,48.85304641839141,48.85,0.271,0.254,2.406,8.9,0.59,True,True,PASS
fold1_room3_mix771,static,safe,normal,2,0.0956,1.81e-07,52.219630082526876,52.22,0.273,0.288,5.239,6.24,0.99,True,True,PASS
fold1_room3_mix772,walk,critical,normal,2,0.1818,1.79e-07,48.44140578069318,48.44,0.337,0.326,1.251,8.68,0.48,True,True,PASS
fold1_room3_mix773,static,caution,normal,2,0.0023,1.76e-07,43.28239795411115,43.28,0.254,0.331,2.359,8.48,0.99,True,True,PASS
fold1_room3_mix774,walk,safe,normal,2,0.0018,1.76e-07,43.421662993840656,43.42,0.263,0.35,3.467,7.69,0.98,True,True,PASS
fold1_room3_mix775,static,critical,normal,2,0.0048,1.78e-07,51.06012159538353,51.06,0.253,0.231,0.863,7.91,0.71,True,True,PASS
fold1_room3_mix776,walk,caution,normal,2,0.0592,1.76e-07,47.40505490197463,47.41,0.279,0.302,2.964,7.57,0.98,True,True,PASS
fold1_room3_mix777,static,safe,normal,2,0.0252,1.77e-07,61.716691461732154,61.72,0.284,0.296,8.656,7.31,0.28,True,True,PASS
fold1_room3_mix778,walk,critical,normal,2,0.0027,1.76e-07,45.08211415801699,45.08,0.243,0.3,1.101,7.24,0.98,True,True,PASS
fold1_room3_mix779,static,caution,normal,2,0.0024,1.77e-07,51.08102038240482,51.08,0.288,0.242,2.483,7.04,0.89,True,True,PASS
fold1_room3_mix780,walk,safe,normal,2,0.0008,1.78e-07,40.65347042079264,40.65,0.239,0.293,6.508,8.83,1.0,True,True,PASS
fold1_room3_mix781,static,critical,normal,2,0.0085,1.77e-07,63.24018352492915,63.24,0.339,0.38,0.627,6.87,0.43,True,True,PASS
fold1_room3_mix782,walk,caution,normal,2,0.0112,1.76e-07,43.61814182985204,43.62,0.313,0.301,1.942,7.1,0.98,True,True,PASS
fold1_room3_mix783,static,safe,normal,2,0.0019,1.76e-07,62.248637441750915,62.25,0.308,0.367,6.937,7.31,0.46,True,True,PASS
fold1_room3_mix784,walk,critical,normal,2,0.0044,1.77e-07,62.83431495283594,62.83,0.329,0.264,0.771,8.35,0.4,True,True,PASS
fold1_room3_mix785,static,caution,normal,2,0.004,1.77e-07,54.67414644228654,54.67,0.308,0.288,1.72,7.19,0.99,True,True,PASS
fold1_room3_mix786,walk,safe,normal,2,0.0725,1.77e-07,61.33830224469742,61.34,0.28,0.246,3.229,6.87,0.29,True,True,PASS
fold1_room3_mix787,static,critical,normal,2,0.0089,1.77e-07,61.99423280954869,61.99,0.332,0.299,1.024,6.2,0.54,True,True,PASS
fold1_room3_mix788,walk,caution,normal,2,0.0025,1.75e-07,63.85172705398321,63.85,0.307,0.236,2.077,8.92,0.21,True,True,PASS
fold1_room3_mix789,static,safe,normal,2,0.0008,1.76e-07,60.092312290283985,60.09,0.341,0.342,12.207,8.32,0.4,True,True,PASS
fold1_room3_mix790,walk,critical,normal,2,0.0044,1.77e-07,62.107435853828534,62.11,0.311,0.266,1.006,8.12,0.84,True,True,PASS
fold1_room3_mix791,static,caution,normal,2,0.1008,1.79e-07,51.82185942782628,51.82,0.259,0.247,2.924,7.21,0.99,True,True,PASS
fold1_room3_mix792,walk,safe,normal,2,0.0607,1.75e-07,50.14106379485837,50.14,0.283,0.236,11.66,8.7,0.98,True,True,PASS
fold1_room3_mix793,static,critical,normal,2,0.0028,1.75e-07,43.62181979311807,43.62,0.255,0.203,1.344,7.86,0.99,True,True,PASS
fold1_room3_mix794,walk,caution,normal,2,0.002,1.76e-07,53.38011035019913,53.38,0.304,0.34,2.691,6.65,0.8,True,True,PASS
fold1_room3_mix795,static,safe,normal,2,0.0011,1.78e-07,58.20445029214639,58.2,0.312,0.459,11.568,8.82,0.26,True,True,PASS
fold1_room3_mix796,walk,critical,normal,2,0.0962,1.78e-07,45.412990998884034,45.41,0.3,0.358,0.821,7.36,1.0,True,True,PASS
fold1_room3_mix797,static,caution,normal,2,0.0214,1.77e-07,48.68193434521877,48.68,0.465,0.275,2.466,8.02,0.99,True,True,PASS
fold1_room3_mix798,walk,safe,normal,2,0.0008,1.74e-07,59.92936345379666,59.93,0.281,0.294,13.039,8.49,0.41,True,True,PASS
fold1_room3_mix799,static,critical,normal,2,0.0038,1.75e-07,46.82573235759879,46.83,0.308,0.29,1.007,7.89,0.99,True,True,PASS
fold1_room3_mix800,walk,caution,normal,2,0.0036,1.77e-07,45.45881950420341,45.46,0.275,0.256,2.344,7.31,1.0,True,True,PASS
fold1_room3_mix801,static,safe,normal,2,0.0103,1.77e-07,48.934854131904565,48.93,0.255,0.345,12.38,7.71,0.98,True,True,PASS
fold1_room3_mix802,walk,critical,normal,2,0.0741,1.78e-07,52.66730495491877,52.67,0.454,0.258,0.902,8.55,0.99,True,True,PASS
fold1_room3_mix803,static,caution,normal,2,0.0015,1.76e-07,52.744127925760225,52.74,0.287,0.377,2.394,8.06,0.56,True,True,PASS
fold1_room3_mix804,walk,safe,normal,2,0.0017,1.76e-07,56.31449959653472,56.31,0.289,0.263,11.994,8.49,0.78,True,True,PASS
fold1_room3_mix805,static,critical,normal,2,0.0046,1.78e-07,42.63342264656381,42.63,0.498,0.308,0.894,8.87,0.98,True,True,PASS
fold1_room3_mix806,walk,caution,normal,2,0.0068,1.76e-07,49.54622360007388,49.55,0.273,0.316,2.632,7.19,0.99,True,True,PASS
fold1_room3_mix807,static,safe,normal,2,0.0433,1.77e-07,45.120505428033155,45.12,0.396,0.316,3.361,8.4,1.0,True,True,PASS
fold1_room3_mix808,walk,critical,normal,2,0.0034,1.76e-07,61.90278837433092,61.9,0.333,0.258,1.064,8.07,0.61,True,True,PASS
fold1_room3_mix809,static,caution,normal,2,0.0033,1.76e-07,53.596609636833676,53.6,0.277,0.339,2.104,6.24,0.98,True,True,PASS
fold1_room3_mix810,walk,safe,normal,2,0.0007,1.78e-07,57.8970274075004,57.9,0.259,0.229,11.955,7.2,0.72,True,True,PASS
fold1_room3_mix811,static,critical,normal,2,0.0113,1.75e-07,48.28422337539753,48.28,0.292,0.253,1.239,7.0,0.99,True,True,PASS
fold1_room3_mix812,walk,caution,normal,2,0.0282,1.76e-07,53.15877997954017,53.16,0.371,0.271,2.85,8.98,0.41,True,True,PASS
fold1_room3_mix813,static,safe,normal,2,0.0006,1.76e-07,46.39141719971419,46.39,0.296,0.426,9.977,7.49,0.99,True,True,PASS
fold1_room3_mix814,walk,critical,normal,2,0.0045,1.76e-07,58.2941481615957,58.29,0.429,0.291,0.98,8.79,0.58,True,True,PASS
fold1_room3_mix815,static,caution,normal,2,0.0024,1.77e-07,41.95552523325779,41.96,0.341,0.438,2.215,6.23,0.99,True,True,PASS
fold1_room3_mix816,walk,safe,normal,2,0.0077,1.76e-07,59.70450328337604,59.7,0.251,0.277,5.211,8.69,0.45,True,True,PASS
fold1_room3_mix817,static,critical,normal,2,0.0275,1.77e-07,62.608388164338855,62.61,0.322,0.256,1.148,6.46,0.73,True,True,PASS
fold1_room3_mix818,walk,caution,normal,2,0.0024,1.76e-07,54.120935477492125,54.12,0.285,0.235,1.65,7.55,0.6,True,True,PASS
fold1_room3_mix819,static,safe,normal,2,0.0023,1.78e-07,62.65994721293486,62.66,0.339,0.271,4.552,7.93,0.52,True,True,PASS
fold1_room3_mix820,walk,critical,normal,2,0.0022,1.77e-07,60.73593095168037,60.74,0.313,0.209,1.338,6.29,0.38,True,True,PASS
fold1_room3_mix821,static,caution,normal,2,0.0113,1.78e-07,56.34222127615118,56.34,0.3,0.267,2.855,6.1,0.94,True,True,PASS
fold1_room3_mix822,walk,safe,normal,2,0.0126,1.76e-07,48.40866211565816,48.41,0.359,0.27,6.083,6.64,0.99,True,True,PASS
fold1_room3_mix823,static,critical,normal,2,0.0042,1.76e-07,51.868074139607984,51.87,0.262,0.323,1.144,6.59,0.98,True,True,PASS
fold1_room3_mix824,walk,caution,normal,2,0.0028,1.76e-07,44.78840733847242,44.79,0.315,0.27,1.566,6.33,0.99,True,True,PASS
fold1_room3_mix825,static,safe,normal,2,0.0012,1.78e-07,61.18602607088048,61.19,0.227,0.429,3.566,6.25,0.39,True,True,PASS
fold1_room3_mix826,walk,critical,normal,2,0.1399,1.79e-07,46.57831187950873,46.58,0.279,0.297,1.381,6.13,1.0,True,True,PASS
fold1_room3_mix827,static,caution,normal,2,0.0051,1.77e-07,52.229854408037994,52.23,0.275,0.336,2.476,8.64,0.96,True,True,PASS
fold1_room3_mix828,walk,safe,normal,2,0.0012,1.76e-07,64.204266205389,64.2,0.312,0.481,8.424,7.25,0.24,True,True,PASS
fold1_room3_mix829,static,critical,normal,2,0.0036,1.75e-07,57.64494575489282,57.64,0.303,0.375,1.223,8.75,0.52,True,True,PASS
fold1_room3_mix830,walk,caution,normal,2,0.0035,1.76e-07,57.3379958311454,57.34,0.286,0.296,1.71,7.65,0.65,True,True,PASS
fold1_room3_mix831,static,safe,normal,2,0.0542,1.76e-07,49.50349678946274,49.5,0.241,0.376,8.116,7.46,0.74,True,True,PASS
fold1_room3_mix832,walk,critical,normal,2,0.1256,1.75e-07,49.69526821315655,49.7,0.316,0.31,1.023,6.67,0.98,True,True,PASS
fold1_room3_mix833,static,caution,normal,2,0.0028,1.77e-07,63.7403109293185,63.74,0.267,0.211,2.383,6.9,0.38,True,True,PASS
fold1_room3_mix834,walk,safe,normal,2,0.0009,1.78e-07,64.16026019167924,64.16,0.263,0.368,12.046,7.71,0.21,True,True,PASS
fold1_room3_mix835,static,critical,normal,2,0.0037,1.77e-07,58.76156708275481,58.76,0.286,0.494,1.299,8.4,0.45,True,True,PASS
fold1_room3_mix836,walk,caution,normal,2,0.2408,1.88e-07,54.54853625817158,54.55,0.322,0.248,2.135,6.64,0.99,True,True,PASS
fold1_room3_mix837,static,safe,normal,2,0.0075,1.78e-07,64.02372834094052,64.02,0.342,0.265,11.167,7.79,0.3,True,True,PASS
fold1_room3_mix838,walk,critical,normal,2,0.0034,1.77e-07,62.52192880327855,62.52,0.349,0.297,0.716,8.98,0.22,True,True,PASS
fold1_room3_mix839,static,caution,normal,2,0.0021,1.77e-07,44.81922245392845,44.82,0.277,0.289,2.746,6.03,0.99,True,True,PASS
fold1_room3_mix840,walk,safe,normal,2,0.0006,1.77e-07,54.23910962301077,54.24,0.253,0.417,10.698,8.57,0.58,True,True,PASS
fold1_room3_mix841,static,critical,normal,2,0.0497,1.78e-07,45.14489627058461,45.15,0.288,0.257,0.955,6.64,0.99,True,True,PASS
fold1_room3_mix842,walk,caution,normal,2,0.0064,1.75e-07,40.968522853897724,40.97,0.293,0.3,2.988,6.85,0.98,True,True,PASS
fold1_room3_mix843,static,safe,normal,2,0.0005,1.78e-07,52.99558160481812,53.0,0.326,0.292,12.07,7.53,0.48,True,True,PASS
fold1_room3_mix844,walk,critical,normal,2,0.0043,1.76e-07,60.26066956119409,60.26,0.31,0.426,0.989,6.76,0.45,True,True,PASS
fold1_room3_mix845,static,caution,normal,2,0.0016,1.77e-07,58.11547892893882,58.12,0.488,0.318,2.595,6.92,0.39,True,True,PASS
fold1_room3_mix846,walk,safe,normal,2,0.0236,1.76e-07,50.83273494718317,50.83,0.36,0.314,10.746,8.16,0.97,True,True,PASS
fold1_room3_mix847,static,critical,normal,2,0.0089,1.76e-07,62.45848949563599,62.46,0.33,0.289,1.395,6.46,0.35,True,True,PASS
fold1_room3_mix848,walk,caution,normal,2,0.0018,1.77e-07,56.27161462446465,56.27,0.313,0.281,1.96,6.08,0.68,True,True,PASS
fold1_room3_mix849,static,safe,normal,2,0.0011,1.74e-07,56.6049885823178,56.61,0.254,0.242,9.082,6.82,0.99,True,True,PASS
fold1_room3_mix850,walk,critical,normal,2,0.0045,1.77e-07,60.146657200340755,60.15,0.312,0.259,0.629,6.61,0.37,True,True,PASS
fold1_room3_mix851,static,caution,normal,2,0.3338,2.01e-07,46.72065146968032,46.72,0.248,0.333,2.668,6.17,1.0,True,True,PASS
fold1_room3_mix852,walk,safe,normal,2,0.0142,1.77e-07,62.874653905032844,62.87,0.505,0.237,9.323,7.56,0.49,True,True,PASS
fold1_room3_mix853,static,critical,normal,2,0.0069,1.74e-07,46.6721482947611,46.67,0.265,0.32,0.615,7.16,0.99,True,True,PASS
fold1_room3_mix854,walk,caution,normal,2,0.0017,1.77e-07,52.911930815568496,52.91,0.415,0.308,2.761,8.53,0.46,True,True,PASS
fold1_room3_mix855,static,safe,normal,2,0.0021,1.78e-07,49.60572267189946,49.61,0.471,0.343,4.932,8.29,0.98,True,True,PASS
fold1_room3_mix856,walk,critical,normal,2,0.1347,1.79e-07,52.20694860427731,52.21,0.339,0.335,0.763,7.44,0.97,True,True,PASS
fold1_room3_mix857,static,caution,normal,2,0.0165,1.75e-07,62.122891055034174,62.12,0.343,0.258,2.087,8.72,0.59,True,True,PASS
fold1_room3_mix858,walk,safe,normal,2,0.0009,1.77e-07,62.54865491482569,62.55,0.303,0.343,7.802,7.13,0.19,True,True,PASS
fold1_room3_mix859,static,critical,normal,2,0.0026,1.77e-07,62.42545446918539,62.43,0.315,0.305,1.134,7.94,0.4,True,True,PASS
fold1_room3_mix860,walk,caution,normal,2,0.0018,1.77e-07,44.723897259795656,44.72,0.235,0.262,2.875,6.84,1.0,True,True,PASS
fold1_room3_mix861,static,safe,normal,3,0.0436,2.23e-07,57.34563472740341,57.35,0.345,0.359,3.601,8.7,0.45,True,True,PASS
fold1_room3_mix862,walk,critical,normal,3,0.0549,2.31e-07,44.34254905669657,44.34,0.316,0.43,0.953,6.56,0.99,True,True,PASS
fold1_room3_mix863,static,caution,normal,3,0.0017,2.29e-07,62.90964665835514,62.91,0.31,0.363,2.872,8.64,0.3,True,True,PASS
fold1_room3_mix864,walk,safe,normal,3,0.0215,2.24e-07,54.91096929452313,54.91,0.28,0.377,12.722,8.96,0.36,True,True,PASS
fold1_room3_mix865,static,critical,normal,3,0.0204,2.31e-07,52.682937652224325,52.68,0.263,0.285,0.636,8.01,0.49,True,True,PASS
fold1_room3_mix866,walk,caution,normal,3,0.047,1.78e-07,43.92240082736268,43.92,0.295,0.352,2.999,8.25,0.98,True,True,PASS
fold1_room3_mix867,static,safe,normal,3,0.0206,2.29e-07,64.41461720876339,64.41,0.436,0.208,4.007,6.38,0.45,True,True,PASS
fold1_room3_mix868,walk,critical,normal,3,0.0021,2.27e-07,46.49156402643994,46.49,0.417,0.343,1.477,8.99,0.98,True,True,PASS
fold1_room3_mix869,static,caution,normal,3,0.0611,2.28e-07,61.794392036654486,61.79,0.481,0.398,2.601,8.31,0.4,True,True,PASS
fold1_room3_mix870,walk,safe,normal,3,0.0328,2.31e-07,45.33875480789326,45.34,0.375,0.353,12.085,8.81,0.98,True,True,PASS
fold1_room3_mix871,static,critical,normal,3,0.0475,1.76e-07,61.50616992000114,61.51,0.328,0.287,1.191,6.56,0.54,True,True,PASS
fold1_room3_mix872,walk,caution,normal,3,0.006,2.31e-07,50.06786183243783,50.07,0.353,0.288,2.177,7.75,0.98,True,True,PASS
fold1_room3_mix873,static,safe,normal,3,0.0016,2.31e-07,46.64737947845101,46.65,0.254,0.347,6.057,6.24,0.99,True,True,PASS
fold1_room3_mix874,walk,critical,normal,3,0.1174,2.25e-07,46.993573733597856,46.99,0.248,0.336,0.624,6.24,0.98,True,True,PASS
fold1_room3_mix875,static,caution,normal,3,0.0345,2.30e-07,61.9496067167298,61.95,0.474,0.256,1.794,6.42,0.74,True,True,PASS
fold1_room3_mix876,walk,safe,normal,3,0.0151,2.28e-07,51.339029283090916,51.34,0.302,0.283,10.089,6.76,0.93,True,True,PASS
fold1_room3_mix877,static,critical,normal,3,0.0101,2.30e-07,40.53939695348972,40.54,0.367,0.325,1.464,7.99,0.99,True,True,PASS
fold1_room3_mix878,walk,caution,normal,3,0.0017,2.31e-07,46.81305723071284,46.81,0.271,0.226,2.993,7.62,0.99,True,True,PASS
fold1_room3_mix879,static,safe,normal,3,0.0797,2.29e-07,54.67157695068388,54.67,0.326,0.292,6.805,6.4,0.47,True,True,PASS
fold1_room3_mix880,walk,critical,normal,3,0.0465,2.28e-07,53.476136670146616,53.48,0.317,0.229,1.097,6.1,0.57,True,True,PASS
fold1_room3_mix881,static,caution,normal,3,0.0088,2.27e-07,46.71145859889927,46.71,0.385,0.348,2.356,6.27,0.99,True,True,PASS
fold1_room3_mix882,walk,safe,normal,3,0.0382,2.29e-07,58.028496839817684,58.03,0.446,0.393,9.563,7.03,0.46,True,True,PASS
fold1_room3_mix883,static,critical,normal,3,0.0041,2.32e-07,47.35440269169723,47.35,0.251,0.255,1.007,7.67,0.98,True,True,PASS
fold1_room3_mix884,walk,caution,normal,3,0.293,2.32e-07,58.99733414519963,59.0,0.318,0.248,2.213,6.74,1.0,True,True,PASS
fold1_room3_mix885,static,safe,normal,3,0.0702,2.29e-07,55.87881396561951,55.88,0.477,0.232,7.476,8.59,0.4,True,True,PASS
fold1_room3_mix886,walk,critical,normal,3,0.0731,2.32e-07,51.94503409557814,51.95,0.291,0.341,1.394,6.05,0.55,True,True,PASS
fold1_room3_mix887,static,caution,normal,3,0.0555,2.29e-07,58.419575353212835,58.42,0.311,0.356,2.251,7.8,0.5,True,True,PASS
fold1_room3_mix888,walk,safe,normal,3,0.0012,2.25e-07,50.24596088012875,50.25,0.322,0.353,11.234,8.27,0.93,True,True,PASS
fold1_room3_mix889,static,critical,normal,3,0.235,2.34e-07,52.15218267663525,52.15,0.346,0.323,0.954,7.54,0.98,True,True,PASS
fold1_room3_mix890,walk,caution,normal,3,0.0405,2.27e-07,51.32627728234674,51.33,0.307,0.294,2.516,7.72,0.97,True,True,PASS
fold1_room3_mix891,static,safe,normal,3,0.1083,2.23e-07,55.93260839911338,55.93,0.299,0.268,3.673,7.83,0.57,True,True,PASS
fold1_room3_mix892,walk,critical,normal,3,0.0526,2.26e-07,57.344168470282554,57.34,0.419,0.289,1.231,6.22,0.8,True,True,PASS
fold1_room3_mix893,static,caution,normal,3,0.002,2.32e-07,64.26197312243632,64.26,0.315,0.249,2.679,8.36,0.26,True,True,PASS
fold1_room3_mix894,walk,safe,normal,3,0.0104,1.77e-07,62.48054403489645,62.48,0.349,0.272,9.908,7.0,0.38,True,True,PASS
fold1_room3_mix895,static,critical,normal,3,0.0128,2.24e-07,49.50525602702246,49.51,0.286,0.225,1.101,7.12,0.86,True,True,PASS
fold1_room3_mix896,walk,caution,normal,3,0.016,1.77e-07,42.945590137008885,42.95,0.305,0.293,2.308,7.36,0.99,True,True,PASS
fold1_room3_mix897,static,safe,normal,3,0.0514,2.27e-07,61.606611795120344,61.61,0.391,0.26,6.927,7.34,0.37,True,True,PASS
fold1_room3_mix898,walk,critical,normal,3,0.0059,2.31e-07,43.10898385866658,43.11,0.362,0.291,0.7,8.49,0.99,True,True,PASS
fold1_room3_mix899,static,caution,normal,3,0.1973,2.33e-07,62.316481028445494,62.32,0.342,0.332,2.463,8.9,0.3,True,True,PASS
fold1_room3_mix900,walk,safe,normal,3,0.0171,2.32e-07,62.768205913950005,62.77,0.364,0.29,13.104,6.82,0.18,True,True,PASS
fold1_room3_mix901,static,critical,normal,3,0.2447,2.30e-07,51.10202331722075,51.1,0.301,0.298,1.259,6.85,0.98,True,True,PASS
fold1_room3_mix902,walk,caution,normal,3,0.0099,2.27e-07,58.43743782264169,58.44,0.383,0.337,1.851,8.62,0.37,True,True,PASS
fold1_room3_mix903,static,safe,normal,3,0.0023,2.29e-07,46.07975326332921,46.08,0.354,0.309,6.182,7.79,0.99,True,True,PASS
fold1_room3_mix904,walk,critical,normal,3,0.1449,2.24e-07,50.806516691045694,50.81,0.281,0.273,0.967,6.14,0.98,True,True,PASS
fold1_room3_mix905,static,caution,normal,3,0.0066,2.28e-07,63.39531085210133,63.4,0.402,0.294,1.786,6.38,0.46,True,True,PASS
fold1_room3_mix906,walk,safe,normal,3,0.0656,2.24e-07,63.24489924654075,63.24,0.291,0.376,14.717,6.67,0.0,True,True,PASS
fold1_room3_mix907,static,critical,normal,3,0.0076,1.77e-07,47.40864460011572,47.41,0.368,0.384,1.073,6.41,0.98,True,True,PASS
fold1_room3_mix908,walk,caution,normal,3,0.0022,2.26e-07,45.21186614765809,45.21,0.355,0.253,2.267,7.07,1.0,True,True,PASS
fold1_room3_mix909,static,safe,normal,3,0.016,2.26e-07,48.46783287307797,48.47,0.264,0.359,4.388,6.6,0.98,True,True,PASS
fold1_room3_mix910,walk,critical,normal,3,0.0075,2.34e-07,50.038125478882236,50.04,0.333,0.298,1.068,7.4,0.98,True,True,PASS
fold1_room3_mix911,static,caution,normal,3,0.0086,2.23e-07,57.52676217317571,57.53,0.315,0.235,2.426,7.46,0.82,True,True,PASS
fold1_room3_mix912,walk,safe,normal,3,0.0099,2.30e-07,61.603766261166015,61.6,0.433,0.214,11.031,7.34,0.14,True,True,PASS
fold1_room3_mix913,static,critical,normal,3,0.0068,2.34e-07,55.64909226736969,55.65,0.411,0.341,0.697,8.82,0.6,True,True,PASS
fold1_room3_mix914,walk,caution,normal,3,0.0201,2.27e-07,42.865244144120375,42.87,0.282,0.337,1.662,8.91,0.97,True,True,PASS
fold1_room3_mix915,static,safe,normal,3,0.0108,2.29e-07,41.01162850147203,41.01,0.298,0.483,14.14,7.25,0.98,True,True,PASS
fold1_room3_mix916,walk,critical,normal,3,0.0366,2.27e-07,56.91477941528825,56.91,0.315,0.487,1.183,6.95,1.0,True,True,PASS
fold1_room3_mix917,static,caution,normal,3,0.0425,2.26e-07,46.14141131325922,46.14,0.43,0.233,2.852,6.11,0.99,True,True,PASS
fold1_room3_mix918,walk,safe,normal,3,0.0015,2.32e-07,46.44326366563814,46.44,0.281,0.234,9.348,8.38,0.99,True,True,PASS
fold1_room3_mix919,static,critical,normal,3,0.1478,2.27e-07,50.20386649693133,50.2,0.356,0.275,0.918,8.3,0.99,True,True,PASS
fold1_room3_mix920,walk,caution,normal,3,0.0061,2.28e-07,50.97114526176028,50.97,0.302,0.375,2.654,8.98,0.48,True,True,PASS
fold1_room3_mix921,static,safe,normal,3,0.0208,2.27e-07,40.850175456854956,40.85,0.301,0.408,4.856,7.17,1.0,True,True,PASS
fold1_room3_mix922,walk,critical,normal,3,0.0336,2.34e-07,57.179588459872974,57.18,0.387,0.283,0.654,7.29,0.54,True,True,PASS
fold1_room3_mix923,static,caution,normal,3,0.0028,2.34e-07,47.08702293309961,47.09,0.376,0.357,1.704,6.09,0.99,True,True,PASS
fold1_room3_mix924,walk,safe,normal,3,0.069,2.29e-07,63.66889180009987,63.67,0.327,0.345,6.46,8.13,0.29,True,True,PASS
fold1_room3_mix925,static,critical,normal,3,0.0482,2.27e-07,48.24818177556881,48.25,0.298,0.309,0.718,6.43,0.98,True,True,PASS
fold1_room3_mix926,walk,caution,normal,3,0.0161,2.23e-07,43.98213443686249,43.98,0.311,0.459,2.621,7.79,0.98,True,True,PASS
fold1_room3_mix927,static,safe,normal,3,0.0039,2.30e-07,45.331534621618886,45.33,0.326,0.359,12.532,6.71,1.0,True,True,PASS
fold1_room3_mix928,walk,critical,normal,3,0.0028,2.27e-07,61.223585170630614,61.22,0.338,0.248,1.429,6.15,0.3,True,True,PASS
fold1_room3_mix929,static,caution,normal,3,0.1038,2.28e-07,41.371394279457945,41.37,0.301,0.302,1.866,6.77,0.99,True,True,PASS
fold1_room3_mix930,walk,safe,normal,3,0.008,2.28e-07,56.23634082442399,56.24,0.32,0.283,8.037,7.25,0.65,True,True,PASS
fold1_room3_mix931,static,critical,normal,3,0.0208,2.24e-07,61.67203304793526,61.67,0.435,0.304,0.924,8.87,0.37,True,True,PASS
fold1_room3_mix932,walk,caution,normal,3,0.027,2.24e-07,43.71753155015354,43.72,0.36,0.322,1.993,6.99,0.98,True,True,PASS
fold1_room3_mix933,static,safe,normal,3,0.0022,2.25e-07,45.015983043891296,45.02,0.328,0.293,12.242,8.98,0.98,True,True,PASS
fold1_room3_mix934,walk,critical,normal,3,0.0519,2.30e-07,54.58035386289922,54.58,0.347,0.377,0.946,7.34,0.96,True,True,PASS
fold1_room3_mix935,static,caution,normal,3,0.005,2.27e-07,40.1518743385936,40.15,0.487,0.394,1.732,7.68,0.98,True,True,PASS
fold1_room3_mix936,walk,safe,normal,3,0.0273,2.28e-07,53.41355623576488,53.41,0.499,0.385,9.311,6.91,0.98,True,True,PASS
fold1_room3_mix937,static,critical,normal,3,0.0134,2.30e-07,40.88494924331205,40.88,0.359,0.285,1.445,6.91,1.0,True,True,PASS
fold1_room3_mix938,walk,caution,normal,3,0.0027,2.27e-07,49.64067265737394,49.64,0.274,0.277,2.351,6.3,0.99,True,True,PASS
fold1_room3_mix939,static,safe,normal,3,0.0747,2.32e-07,50.120046013742574,50.12,0.382,0.294,13.76,6.25,0.85,True,True,PASS
fold1_room3_mix940,walk,critical,normal,3,0.0584,2.33e-07,46.84821360748838,46.85,0.301,0.275,1.476,7.24,0.99,True,True,PASS
fold1_room3_mix941,static,caution,normal,3,0.0091,2.29e-07,59.345528240077385,59.35,0.291,0.364,1.982,6.91,0.64,True,True,PASS
fold1_room3_mix942,walk,safe,normal,3,0.0121,2.28e-07,62.00531924225057,62.01,0.341,0.274,5.487,8.79,0.34,True,True,PASS
fold1_room3_mix943,static,critical,normal,3,0.0067,2.25e-07,61.23159666047963,61.23,0.321,0.293,0.74,8.14,0.44,True,True,PASS
fold1_room3_mix944,walk,caution,normal,3,0.0135,2.26e-07,46.510974167241564,46.51,0.489,0.327,2.427,8.6,0.98,True,True,PASS
fold1_room3_mix945,static,safe,normal,3,0.0429,2.28e-07,63.87111042774852,63.87,0.308,0.278,9.281,7.16,0.7,True,True,PASS
fold1_room3_mix946,walk,critical,normal,3,0.0041,2.20e-07,42.716139017907096,42.72,0.34,0.42,1.241,6.14,0.99,True,True,PASS
fold1_room3_mix947,static,caution,normal,3,0.0043,2.21e-07,60.6841682835858,60.68,0.366,0.263,2.23,6.51,0.35,True,True,PASS
fold1_room3_mix948,walk,safe,normal,3,0.0016,2.31e-07,42.06207796836236,42.06,0.282,0.29,4.204,7.39,0.99,True,True,PASS
fold1_room3_mix949,static,critical,normal,3,0.1281,2.33e-07,49.88205065064531,49.88,0.371,0.324,1.199,6.87,0.98,True,True,PASS
fold1_room3_mix950,walk,caution,normal,3,0.0374,2.32e-07,43.439114592514386,43.44,0.344,0.343,2.102,8.24,0.98,True,True,PASS
fold1_room3_mix951,static,safe,normal,3,0.3042,2.27e-07,49.48557374779158,49.49,0.257,0.418,11.973,7.8,0.98,True,True,PASS
fold1_room3_mix952,walk,critical,normal,3,0.0135,1.77e-07,42.222362241461035,42.22,0.418,0.301,0.724,6.15,1.0,True,True,PASS
fold1_room3_mix953,static,caution,normal,3,0.0014,2.31e-07,55.10791421048068,55.11,0.273,0.241,2.86,7.56,0.51,True,True,PASS
fold1_room3_mix954,walk,safe,normal,3,0.032,2.27e-07,62.67047647198986,62.67,0.33,0.327,10.384,7.24,0.16,True,True,PASS
fold1_room3_mix955,static,critical,normal,3,0.0064,2.29e-07,46.98627240865271,46.99,0.278,0.297,1.105,6.9,0.98,True,True,PASS
fold1_room3_mix956,walk,caution,normal,3,0.0485,2.30e-07,49.424608066057075,49.42,0.439,0.328,2.976,7.3,0.99,True,True,PASS
fold1_room3_mix957,static,safe,normal,3,0.0281,1.77e-07,60.68482067109195,60.68,0.356,0.33,12.827,7.4,0.25,True,True,PASS
fold1_room3_mix958,walk,critical,normal,3,0.0038,2.31e-07,53.248329288437375,53.25,0.28,0.341,1.303,7.95,0.8,True,True,PASS
fold1_room3_mix959,static,caution,normal,3,0.1109,2.28e-07,41.742082149497804,41.74,0.257,0.279,2.393,8.43,1.0,True,True,PASS
fold1_room3_mix960,walk,safe,normal,3,0.0094,2.24e-07,64.12969316829772,64.13,0.318,0.241,6.109,6.99,0.37,True,True,PASS
fold1_room3_mix961,static,critical,normal,3,0.0551,2.20e-07,50.90313803051641,50.9,0.264,0.425,1.392,7.26,0.8,True,True,PASS
fold1_room3_mix962,walk,caution,normal,3,0.0104,2.30e-07,42.37709637612856,42.38,0.373,0.26,2.874,6.57,0.99,True,True,PASS
fold1_room3_mix963,static,safe,normal,3,0.0007,2.33e-07,49.51135085474388,49.51,0.347,0.263,9.71,6.66,0.84,True,True,PASS
fold1_room3_mix964,walk,critical,normal,3,0.0237,1.76e-07,50.128349584119896,50.13,0.284,0.38,1.345,7.98,0.98,True,True,PASS
fold1_room3_mix965,static,caution,normal,3,0.0036,2.30e-07,57.5000482279356,57.5,0.361,0.422,2.93,8.95,0.42,True,True,PASS
fold1_room3_mix966,walk,safe,normal,3,0.0495,2.21e-07,40.07224160958359,40.07,0.249,0.407,3.201,8.26,0.98,True,True,PASS
fold1_room3_mix967,static,critical,normal,3,0.027,1.77e-07,46.55493040778746,46.56,0.587,0.27,0.831,8.47,0.99,True,True,PASS
fold1_room3_mix968,walk,caution,normal,3,0.0027,2.27e-07,60.53747028334577,60.54,0.297,0.35,2.416,6.04,0.63,True,True,PASS
fold1_room3_mix969,static,safe,normal,3,0.0278,2.24e-07,56.66187420502993,56.66,0.326,0.315,8.364,7.2,0.63,True,True,PASS
fold1_room3_mix970,walk,critical,normal,3,0.0499,2.30e-07,55.244902556380126,55.24,0.499,0.293,0.851,6.4,0.62,True,True,PASS
fold1_room3_mix971,static,caution,normal,3,0.1828,2.28e-07,48.64044410396239,48.64,0.295,0.38,2.608,8.6,0.8,True,True,PASS
fold1_room3_mix972,walk,safe,normal,3,0.0097,2.30e-07,59.97159892674088,59.97,0.318,0.344,3.769,8.73,0.37,True,True,PASS
fold1_room3_mix973,static,critical,normal,3,0.004,2.31e-07,44.713236054353736,44.71,0.473,0.433,0.879,7.26,0.99,True,True,PASS
fold1_room3_mix974,walk,caution,normal,3,0.0433,2.29e-07,43.41442476628476,43.41,0.35,0.253,2.783,8.4,0.99,True,True,PASS
fold1_room3_mix975,static,safe,normal,3,0.0058,2.29e-07,60.45507964745432,60.46,0.329,0.455,10.909,8.47,0.25,True,True,PASS
fold1_room3_mix976,walk,critical,normal,3,0.0184,2.31e-07,54.533240150625865,54.53,0.259,0.22,1.495,6.78,1.0,True,True,PASS
fold1_room3_mix977,static,caution,normal,3,0.0404,2.28e-07,59.086568471971596,59.09,0.323,0.229,2.048,8.63,0.32,True,True,PASS
fold1_room3_mix978,walk,safe,normal,3,0.0014,2.25e-07,59.3787361951708,59.38,0.275,0.446,6.473,7.89,0.63,True,True,PASS
fold1_room3_mix979,static,critical,normal,3,0.0313,1.78e-07,43.21776840382711,43.22,0.29,0.269,0.73,6.79,1.0,True,True,PASS
fold1_room3_mix980,walk,caution,normal,3,0.0137,2.31e-07,52.13895062167257,52.14,0.264,0.321,1.893,6.95,0.98,True,True,PASS
fold1_room3_mix981,static,safe,normal,3,0.0119,2.18e-07,62.56908792543149,62.57,0.31,0.45,8.695,6.45,0.52,True,True,PASS
fold1_room3_mix982,walk,critical,normal,3,0.0357,2.27e-07,42.69947855896309,42.7,0.297,0.314,0.968,6.94,0.99,True,True,PASS
fold1_room3_mix983,static,caution,normal,3,0.0026,2.21e-07,55.97510229726707,55.98,0.414,0.393,2.49,6.86,0.72,True,True,PASS
fold1_room3_mix984,walk,safe,normal,3,0.1277,1.81e-07,40.41603826873451,40.42,0.298,0.256,9.571,8.59,0.99,True,True,PASS
fold1_room3_mix985,static,critical,normal,3,0.0359,2.32e-07,44.002874071576976,44.0,0.368,0.453,1.496,8.85,1.0,True,True,PASS
fold1_room3_mix986,walk,caution,normal,3,0.1548,2.24e-07,48.88011294520266,48.88,0.361,0.361,1.794,8.13,0.87,True,True,PASS
fold1_room3_mix987,static,safe,normal,3,0.0105,2.30e-07,50.755412455969605,50.76,0.423,0.341,8.608,7.26,0.98,True,True,PASS
fold1_room3_mix988,walk,critical,normal,3,0.0025,2.27e-07,62.40092595524236,62.4,0.319,0.241,1.304,8.65,0.29,True,True,PASS
fold1_room3_mix989,static,caution,normal,3,0.0215,2.36e-07,49.352558499391726,49.35,0.317,0.262,2.248,7.81,0.97,True,True,PASS
fold1_room3_mix990,walk,safe,normal,3,0.0041,2.29e-07,61.10094920282125,61.1,0.367,0.289,5.757,8.29,0.37,True,True,PASS
fold1_room3_mix991,static,critical,normal,3,0.0096,1.76e-07,55.210472120652526,55.21,0.338,0.267,1.383,6.5,0.95,True,True,PASS
fold1_room3_mix992,walk,caution,normal,3,0.0273,2.30e-07,58.59423120168348,58.59,0.318,0.316,2.218,6.08,0.56,True,True,PASS
fold1_room3_mix993,static,safe,normal,3,0.0009,2.29e-07,62.6759955182811,62.68,0.471,0.401,13.608,7.59,0.0,True,True,PASS
fold1_room3_mix994,walk,critical,normal,3,0.0335,2.29e-07,63.62983180992253,63.63,0.372,0.426,1.499,7.16,0.34,True,True,PASS
fold1_room3_mix995,static,caution,normal,3,0.0276,2.30e-07,43.38337342351212,43.38,0.352,0.287,2.905,7.13,0.99,True,True,PASS
fold1_room3_mix996,walk,safe,normal,3,0.0642,2.30e-07,55.70963309298682,55.71,0.311,0.364,10.866,6.24,0.78,True,True,PASS
fold1_room3_mix997,static,critical,normal,3,0.0066,2.32e-07,43.347949883000545,43.35,0.31,0.26,0.848,8.82,0.99,True,True,PASS
fold1_room3_mix998,walk,caution,normal,3,0.0018,2.24e-07,55.78486084356905,55.78,0.364,0.359,2.886,7.4,0.55,True,True,PASS
fold1_room3_mix999,static,safe,normal,3,0.2116,2.31e-07,50.504251717086866,50.5,0.242,0.268,6.233,6.85,0.99,True,True,PASS
fold1_room5_mix001,static,critical,normal,1,0.0024,1.19e-07,45.40206061739856,45.4,0.309,0.306,1.424,7.09,0.98,True,True,PASS
fold1_room5_mix002,walk,caution,normal,1,0.0029,1.19e-07,58.05666566304729,58.06,0.237,0.289,2.876,7.23,0.91,True,True,PASS
fold1_room5_mix003,static,safe,normal,1,0.0006,1.19e-07,44.89015117306289,44.89,0.265,0.342,7.184,7.55,0.98,True,True,PASS
fold1_room5_mix004,walk,critical,normal,1,0.0044,1.19e-07,64.43666985346617,64.44,0.321,0.291,0.65,8.69,0.16,True,True,PASS
fold1_room5_mix005,static,caution,normal,1,0.0026,1.19e-07,60.716636391659804,60.72,0.376,0.233,1.954,7.78,0.39,True,True,PASS
fold1_room5_mix006,walk,safe,normal,1,0.0009,1.19e-07,43.73345773317551,43.73,0.253,0.255,11.978,7.2,1.0,True,True,PASS
fold1_room5_mix007,static,critical,normal,1,0.0055,1.19e-07,55.01657488034745,55.02,0.302,0.274,1.223,7.43,0.99,True,True,PASS
fold1_room5_mix008,walk,caution,normal,1,0.0026,1.19e-07,63.19123724143973,63.19,0.185,0.221,1.697,6.02,0.47,True,True,PASS
fold1_room5_mix009,static,safe,normal,1,0.0008,1.19e-07,62.838012175950496,62.84,0.249,0.321,12.167,6.78,0.38,True,True,PASS
fold1_room5_mix010,walk,critical,normal,1,0.0034,1.19e-07,50.34626537021849,50.35,0.265,0.306,0.98,7.67,0.79,True,True,PASS
fold1_room5_mix011,static,caution,normal,1,0.0015,1.19e-07,62.32107823981481,62.32,0.25,0.23,2.851,8.28,0.48,True,True,PASS
fold1_room5_mix012,walk,safe,normal,1,0.0011,1.19e-07,53.40083549227327,53.4,0.24,0.142,9.599,8.29,1.0,True,True,PASS
fold1_room5_mix013,static,critical,normal,1,0.0044,1.19e-07,55.88854960978151,55.89,0.262,0.273,0.768,8.34,0.44,True,True,PASS
fold1_room5_mix014,walk,caution,normal,1,0.0022,1.19e-07,63.92232927385901,63.92,0.375,0.224,2.321,8.0,0.35,True,True,PASS
fold1_room5_mix015,static,safe,normal,1,0.0008,1.19e-07,52.3901954571551,52.39,0.29,0.327,9.225,8.38,0.65,True,True,PASS
fold1_room5_mix016,walk,critical,normal,1,0.0046,1.19e-07,40.41706081099567,40.42,0.25,0.267,1.147,8.98,0.99,True,True,PASS
fold1_room5_mix017,static,caution,normal,1,0.0013,1.19e-07,45.153797003584096,45.15,0.275,0.233,2.672,6.57,1.0,True,True,PASS
fold1_room5_mix018,walk,safe,normal,1,0.0008,1.19e-07,64.91720231264244,64.92,0.194,0.273,14.335,8.7,0.05,True,True,PASS
fold1_room5_mix019,static,critical,normal,1,0.003,1.19e-07,63.54916274605357,63.55,0.389,0.285,1.131,8.63,0.37,True,True,PASS
fold1_room5_mix020,walk,caution,normal,1,0.002,1.19e-07,64.26829654840832,64.27,0.322,0.283,1.746,8.77,0.34,True,True,PASS
fold1_room5_mix021,static,safe,normal,1,0.001,1.19e-07,61.049665794189536,61.05,0.216,0.224,7.043,6.53,0.38,True,True,PASS
fold1_room5_mix022,walk,critical,normal,1,0.0028,1.19e-07,47.90046048977549,47.9,0.259,0.352,0.99,8.42,0.97,True,True,PASS
fold1_room5_mix023,static,caution,normal,1,0.0028,1.19e-07,54.49379220764034,54.49,0.254,0.217,2.148,6.37,0.85,True,True,PASS
fold1_room5_mix024,walk,safe,normal,1,0.0006,1.19e-07,41.409588072913195,41.41,0.224,0.374,13.003,8.91,0.98,True,True,PASS
fold1_room5_mix025,static,critical,normal,1,0.0073,1.19e-07,56.26172064054269,56.26,0.257,0.215,0.714,8.26,0.63,True,True,PASS
fold1_room5_mix026,walk,caution,normal,1,0.002,1.19e-07,50.80829599381454,50.81,0.228,0.248,1.842,7.04,0.73,True,True,PASS
fold1_room5_mix027,static,safe,normal,1,0.0014,1.19e-07,40.473122485508696,40.47,0.268,0.225,4.65,7.32,1.0,True,True,PASS
fold1_room5_mix028,walk,critical,normal,1,0.0077,1.19e-07,50.32911546969052,50.33,0.296,0.332,0.744,6.58,0.99,True,True,PASS
fold1_room5_mix029,static,caution,normal,1,0.0029,1.19e-07,43.92584566573215,43.93,0.248,0.303,2.4,7.89,0.98,True,True,PASS
fold1_room5_mix030,walk,safe,normal,1,0.0008,1.19e-07,52.83632543165337,52.84,0.252,0.138,14.78,7.34,0.99,True,True,PASS
fold1_room5_mix031,static,critical,normal,1,0.0032,1.19e-07,52.90149187011153,52.9,0.284,0.223,1.485,6.1,0.98,True,True,PASS
fold1_room5_mix032,walk,caution,normal,1,0.003,1.19e-07,42.572667470382726,42.57,0.246,0.254,2.929,7.51,1.0,True,True,PASS
fold1_room5_mix033,static,safe,normal,1,0.0006,1.19e-07,56.77709266857866,56.78,0.266,0.198,11.203,7.35,0.58,True,True,PASS
fold1_room5_mix034,walk,critical,normal,1,0.0039,1.19e-07,41.22775000534255,41.23,0.288,0.27,1.356,6.89,0.99,True,True,PASS
fold1_room5_mix035,static,caution,normal,1,0.0025,1.19e-07,45.498697783478804,45.5,0.264,0.347,2.703,7.92,0.99,True,True,PASS
fold1_room5_mix036,walk,safe,normal,1,0.0004,1.19e-07,49.68874769961432,49.69,0.258,0.312,14.016,7.7,0.71,True,True,PASS
fold1_room5_mix037,static,critical,normal,1,0.0024,1.19e-07,41.511547633519264,41.51,0.281,0.286,1.384,7.86,0.98,True,True,PASS
fold1_room5_mix038,walk,caution,normal,1,0.0027,1.19e-07,42.191713746516335,42.19,0.262,0.205,1.677,7.09,0.99,True,True,PASS
fold1_room5_mix039,static,safe,normal,1,0.0008,1.19e-07,50.24247616114052,50.24,0.292,0.299,8.179,8.63,0.79,True,True,PASS
fold1_room5_mix040,walk,critical,normal,1,0.0049,1.19e-07,45.29225925046379,45.29,0.253,0.216,0.713,6.15,1.0,True,True,PASS
fold1_room5_mix041,static,caution,normal,1,0.0027,1.19e-07,58.20202717797665,58.2,0.263,0.256,1.95,6.51,0.69,True,True,PASS
fold1_room5_mix042,walk,safe,normal,1,0.0007,1.19e-07,48.7717398434908,48.77,0.251,0.343,11.995,8.33,0.98,True,True,PASS
fold1_room5_mix043,static,critical,normal,1,0.0068,1.19e-07,59.78967058894167,59.79,0.261,0.262,0.828,7.28,0.8,True,True,PASS
fold1_room5_mix044,walk,caution,normal,1,0.0017,1.19e-07,52.85706646904869,52.86,0.349,0.289,2.053,8.53,0.37,True,True,PASS
fold1_room5_mix045,static,safe,normal,1,0.0014,1.19e-07,41.34055457295471,41.34,0.231,0.276,3.927,6.65,0.99,True,True,PASS
fold1_room5_mix046,walk,critical,normal,1,0.0028,1.19e-07,45.261390108173,45.26,0.211,0.245,1.111,7.25,0.98,True,True,PASS
fold1_room5_mix047,static,caution,normal,1,0.0013,1.19e-07,52.595858365579986,52.6,0.318,0.194,2.362,7.36,0.55,True,True,PASS
fold1_room5_mix048,walk,safe,normal,1,0.0004,1.19e-07,45.786979876628955,45.79,0.217,0.357,14.772,6.07,0.99,True,True,PASS
fold1_room5_mix049,static,critical,normal,1,0.0036,1.19e-07,60.65022812755958,60.65,0.28,0.265,0.981,8.43,0.46,True,True,PASS
fold1_room5_mix050,walk,caution,normal,1,0.0028,1.19e-07,49.611676068401,49.61,0.252,0.246,1.805,7.67,1.0,True,True,PASS
fold1_room5_mix051,static,safe,normal,1,0.0013,1.19e-07,47.00629021091058,47.01,0.253,0.261,3.396,6.33,0.99,True,True,PASS
fold1_room5_mix052,walk,critical,normal,1,0.0023,1.19e-07,51.2861546987569,51.29,0.251,0.252,1.333,8.49,0.61,True,True,PASS
fold1_room5_mix053,static,caution,normal,1,0.0024,1.19e-07,49.007446556267155,49.01,0.22,0.245,2.704,8.2,0.99,True,True,PASS
fold1_room5_mix054,walk,safe,normal,1,0.0016,1.19e-07,62.45963493542301,62.46,0.265,0.293,4.152,8.2,0.41,True,True,PASS
fold1_room5_mix055,static,critical,normal,1,0.0033,1.19e-07,55.387432733468984,55.39,0.291,0.259,1.324,8.97,0.44,True,True,PASS
fold1_room5_mix056,walk,caution,normal,1,0.0026,1.19e-07,63.755950781314766,63.76,0.311,0.221,2.065,8.48,0.29,True,True,PASS
fold1_room5_mix057,static,safe,normal,1,0.0013,1.19e-07,47.82630030428603,47.83,0.258,0.267,5.213,6.72,0.99,True,True,PASS
fold1_room5_mix058,walk,critical,normal,1,0.0068,1.19e-07,48.863077962277906,48.86,0.212,0.309,0.815,7.12,0.98,True,True,PASS
fold1_room5_mix059,static,caution,normal,1,0.0021,1.19e-07,62.77500144490845,62.77,0.221,0.253,1.575,7.08,0.41,True,True,PASS
fold1_room5_mix060,walk,safe,normal,1,0.0014,1.19e-07,62.37211800214816,62.37,0.295,0.268,3.736,6.57,0.27,True,True,PASS
fold1_room5_mix061,static,critical,normal,1,0.0027,1.19e-07,44.48897298903026,44.49,0.306,0.251,1.21,7.69,0.99,True,True,PASS
fold1_room5_mix062,walk,caution,normal,1,0.0018,1.19e-07,56.25366940536251,56.25,0.293,0.22,2.169,8.58,0.47,True,True,PASS
fold1_room5_mix063,static,safe,normal,1,0.0009,1.19e-07,60.13813489198504,60.14,0.251,0.163,12.652,8.8,0.33,True,True,PASS
fold1_room5_mix064,walk,critical,normal,1,0.0029,1.19e-07,64.02089913840179,64.02,0.447,0.352,1.157,8.02,0.21,True,True,PASS
fold1_room5_mix065,static,caution,normal,1,0.0017,1.19e-07,49.4337802105284,49.43,0.283,0.192,2.895,8.49,0.98,True,True,PASS
fold1_room5_mix066,walk,safe,normal,1,0.0009,1.19e-07,45.12233392761989,45.12,0.272,0.323,9.322,7.84,0.99,True,True,PASS
fold1_room5_mix067,static,critical,normal,1,0.0024,1.19e-07,45.770406398964056,45.77,0.219,0.261,1.188,8.15,0.98,True,True,PASS
fold1_room5_mix068,walk,caution,normal,1,0.0028,1.19e-07,64.18441166255683,64.18,0.306,0.228,2.624,6.37,0.9,True,True,PASS
fold1_room5_mix069,static,safe,normal,1,0.001,1.19e-07,43.63651615613957,43.64,0.225,0.231,7.588,6.17,1.0,True,True,PASS
fold1_room5_mix070,walk,critical,normal,1,0.0038,1.19e-07,53.582095422498995,53.58,0.26,0.23,1.064,7.57,0.53,True,True,PASS
fold1_room5_mix071,static,caution,normal,1,0.0015,1.19e-07,53.22790552941091,53.23,0.284,0.242,2.392,6.33,0.91,True,True,PASS
fold1_room5_mix072,walk,safe,normal,1,0.0006,1.19e-07,51.75175731487475,51.75,0.293,0.27,8.428,8.25,0.58,True,True,PASS
fold1_room5_mix073,static,critical,normal,1,0.0035,1.19e-07,60.690696635911095,60.69,0.24,0.344,1.021,7.95,0.39,True,True,PASS
fold1_room5_mix074,walk,caution,normal,1,0.0034,1.19e-07,44.874916704749175,44.88,0.24,0.244,1.957,6.62,0.99,True,True,PASS
fold1_room5_mix075,static,safe,normal,1,0.0005,1.19e-07,61.50593395478975,61.51,0.0,0.0,14.42,7.8,0.0,True,True,PASS
fold1_room5_mix076,walk,critical,normal,1,0.0034,1.19e-07,40.56841207580906,40.57,0.26,0.219,0.827,7.34,0.99,True,True,PASS
fold1_room5_mix077,static,caution,normal,1,0.0025,1.19e-07,50.13206740438386,50.13,0.272,0.212,2.239,7.76,0.98,True,True,PASS
fold1_room5_mix078,walk,safe,normal,1,0.0013,1.19e-07,42.9648992103722,42.96,0.26,0.322,7.169,6.59,0.98,True,True,PASS
fold1_room5_mix079,static,critical,normal,1,0.0019,1.19e-07,47.01664869698456,47.02,0.24,0.191,1.481,6.93,0.99,True,True,PASS
fold1_room5_mix080,walk,caution,normal,1,0.0015,1.19e-07,54.81308160357684,54.81,0.253,0.239,2.561,7.66,0.72,True,True,PASS
fold1_room5_mix081,static,safe,normal,1,0.0014,1.19e-07,40.14274099295371,40.14,0.276,0.269,4.33,7.65,0.98,True,True,PASS
fold1_room5_mix082,walk,critical,normal,1,0.0043,1.19e-07,57.717332218770835,57.72,0.294,0.264,1.473,8.9,0.71,True,True,PASS
fold1_room5_mix083,static,caution,normal,1,0.003,1.19e-07,63.11555683257855,63.12,0.256,0.289,2.019,7.32,0.33,True,True,PASS
fold1_room5_mix084,walk,safe,normal,1,0.0007,1.19e-07,42.81822545623825,42.82,0.237,0.271,9.536,6.33,0.99,True,True,PASS
fold1_room5_mix085,static,critical,normal,1,0.0047,1.19e-07,50.63956743518282,50.64,0.291,0.251,0.77,6.8,0.98,True,True,PASS
fold1_room5_mix086,walk,caution,normal,1,0.0027,1.19e-07,63.02939164057658,63.03,0.222,0.275,2.971,7.88,0.57,True,True,PASS
fold1_room5_mix087,static,safe,normal,1,0.0005,1.19e-07,50.99225259971642,50.99,0.284,0.235,9.538,6.41,0.81,True,True,PASS
fold1_room5_mix088,walk,critical,normal,1,0.0033,1.19e-07,42.166723114277886,42.17,0.262,0.286,1.359,6.27,1.0,True,True,PASS
fold1_room5_mix089,static,caution,normal,1,0.0022,1.19e-07,58.318143375487395,58.32,0.26,0.255,1.604,7.56,0.49,True,True,PASS
fold1_room5_mix090,walk,safe,normal,1,0.0008,1.19e-07,58.70018883392755,58.7,0.258,0.278,13.49,8.2,0.48,True,True,PASS
fold1_room5_mix091,static,critical,normal,1,0.004,1.19e-07,41.93962189129745,41.94,0.296,0.241,0.745,8.65,0.98,True,True,PASS
fold1_room5_mix092,walk,caution,normal,1,0.002,1.19e-07,54.79039819213948,54.79,0.243,0.265,2.942,8.74,0.66,True,True,PASS
fold1_room5_mix093,static,safe,normal,1,0.0009,1.19e-07,43.16205541177591,43.16,0.228,0.217,8.749,7.52,0.99,True,True,PASS
fold1_room5_mix094,walk,critical,normal,1,0.0038,1.19e-07,55.260942954876,55.26,0.256,0.242,1.131,8.55,0.94,True,True,PASS
fold1_room5_mix095,static,caution,normal,1,0.002,1.19e-07,46.92725179401327,46.93,0.251,0.289,2.933,7.91,0.99,True,True,PASS
fold1_room5_mix096,walk,safe,normal,1,0.0006,1.19e-07,56.04090062761377,56.04,0.243,0.197,13.845,7.17,0.42,True,True,PASS
fold1_room5_mix097,static,critical,normal,1,0.0032,1.19e-07,64.2838776737605,64.28,0.327,0.252,1.456,8.12,0.42,True,True,PASS
fold1_room5_mix098,walk,caution,normal,1,0.0023,1.19e-07,56.136628720487444,56.14,0.285,0.278,2.488,7.83,0.46,True,True,PASS
fold1_room5_mix099,static,safe,normal,1,0.0015,1.19e-07,62.675484748311334,62.68,0.285,0.224,3.873,7.98,0.48,True,True,PASS
fold1_room5_mix100,walk,critical,normal,1,0.0069,1.19e-07,43.42362407957166,43.42,0.323,0.271,0.616,7.59,0.99,True,True,PASS
fold1_room5_mix101,static,caution,normal,1,0.0018,1.19e-07,63.41217164671919,63.41,0.262,0.278,2.05,8.53,0.3,True,True,PASS
fold1_room5_mix102,walk,safe,normal,1,0.0005,1.19e-07,40.481805574753416,40.48,0.236,0.259,11.238,7.07,0.99,True,True,PASS
fold1_room5_mix103,static,critical,normal,1,0.0019,1.19e-07,58.896988434493515,58.9,0.286,0.266,1.42,8.34,0.34,True,True,PASS
fold1_room5_mix104,walk,caution,normal,1,0.003,1.19e-07,62.28876190075289,62.29,0.216,0.204,2.76,7.54,0.51,True,True,PASS
fold1_room5_mix105,static,safe,normal,1,0.0009,1.19e-07,60.36428773181434,60.36,0.235,0.333,12.17,8.24,0.74,True,True,PASS
fold1_room5_mix106,walk,critical,normal,1,0.0052,1.19e-07,40.75080051273704,40.75,0.283,0.34,0.744,8.48,1.0,True,True,PASS
fold1_room5_mix107,static,caution,normal,1,0.0028,1.19e-07,57.23014237415421,57.23,0.278,0.24,1.864,8.39,0.74,True,True,PASS
fold1_room5_mix108,walk,safe,normal,1,0.0014,1.19e-07,53.00212602357572,53.0,0.3,0.325,6.942,7.67,0.98,True,True,PASS
fold1_room5_mix109,static,critical,normal,1,0.0022,1.19e-07,42.507075211016726,42.51,0.28,0.254,1.217,6.29,1.0,True,True,PASS
fold1_room5_mix110,walk,caution,normal,1,0.0026,1.19e-07,64.59723060435742,64.6,0.198,0.296,2.098,7.76,0.33,True,True,PASS
fold1_room5_mix111,static,safe,normal,1,0.0015,1.19e-07,46.074549989866604,46.07,0.267,0.258,3.607,7.21,1.0,True,True,PASS
fold1_room5_mix112,walk,critical,normal,1,0.0034,1.19e-07,56.631522473523916,56.63,0.22,0.274,1.183,7.75,0.61,True,True,PASS
fold1_room5_mix113,static,caution,normal,1,0.0037,1.19e-07,42.895337923633654,42.9,0.246,0.214,1.695,6.78,0.99,True,True,PASS
fold1_room5_mix114,walk,safe,normal,1,0.0011,1.19e-07,58.67863877873012,58.68,0.275,0.237,5.136,7.15,0.55,True,True,PASS
fold1_room5_mix115,static,critical,normal,1,0.0033,1.19e-07,53.83412987520942,53.83,0.264,0.368,1.348,6.09,0.78,True,True,PASS
fold1_room5_mix116,walk,caution,normal,1,0.0021,1.19e-07,51.47363072791001,51.47,0.251,0.23,2.065,8.89,0.99,True,True,PASS
fold1_room5_mix117,static,safe,normal,1,0.0004,1.19e-07,49.10032017274755,49.1,0.273,0.276,12.867,7.6,0.99,True,True,PASS
fold1_room5_mix118,walk,critical,normal,1,0.0046,1.19e-07,63.50290386396067,63.5,0.292,0.256,0.936,7.02,0.47,True,True,PASS
fold1_room5_mix119,static,caution,normal,1,0.0017,1.19e-07,42.41630390162457,42.42,0.27,0.265,1.855,6.2,0.99,True,True,PASS
fold1_room5_mix120,walk,safe,normal,1,0.0009,1.19e-07,58.40220989339923,58.4,0.202,0.2,8.347,8.14,0.41,True,True,PASS
fold1_room5_mix121,static,critical,normal,1,0.0031,1.19e-07,64.32818033819002,64.33,0.251,0.202,1.048,7.01,0.42,True,True,PASS
fold1_room5_mix122,walk,caution,normal,1,0.0022,1.19e-07,56.02896853262472,56.03,0.278,0.308,2.005,7.21,0.58,True,True,PASS
fold1_room5_mix123,static,safe,normal,1,0.0012,1.19e-07,59.71575218764093,59.72,0.223,0.221,8.583,8.36,0.62,True,True,PASS
fold1_room5_mix124,walk,critical,normal,1,0.0045,1.19e-07,64.19382402512399,64.19,0.348,0.316,0.689,8.84,0.28,True,True,PASS
fold1_room5_mix125,static,caution,normal,1,0.0016,1.19e-07,63.62185742497054,63.62,0.301,0.274,2.034,6.32,0.61,True,True,PASS
fold1_room5_mix126,walk,safe,normal,1,0.0013,1.19e-07,45.15658979155393,45.16,0.244,0.229,5.347,7.5,0.99,True,True,PASS
fold1_room5_mix127,static,critical,normal,1,0.0034,1.19e-07,47.989385172405846,47.99,0.316,0.335,1.186,8.63,0.98,True,True,PASS
fold1_room5_mix128,walk,caution,normal,1,0.0017,1.19e-07,49.420119041283954,49.42,0.276,0.292,2.492,6.97,0.99,True,True,PASS
fold1_room5_mix129,static,safe,normal,1,0.0025,1.19e-07,47.76697416065578,47.77,0.26,0.258,3.682,8.09,1.0,True,True,PASS
fold1_room5_mix130,walk,critical,normal,1,0.0053,1.19e-07,41.7941476996622,41.79,0.297,0.269,0.645,6.12,1.0,True,True,PASS
fold1_room5_mix131,static,caution,normal,1,0.0025,1.19e-07,42.321722774316186,42.32,0.243,0.246,1.596,7.12,1.0,True,True,PASS
fold1_room5_mix132,walk,safe,normal,1,0.0009,1.19e-07,46.05968193818478,46.06,0.242,0.316,8.744,6.99,0.98,True,True,PASS
fold1_room5_mix133,static,critical,normal,1,0.0038,1.19e-07,63.31265142430632,63.31,0.265,0.226,1.35,6.1,0.79,True,True,PASS
fold1_room5_mix134,walk,caution,normal,1,0.0018,1.19e-07,55.78427433940993,55.78,0.311,0.204,1.699,6.04,0.53,True,True,PASS
fold1_room5_mix135,static,safe,normal,1,0.0007,1.19e-07,44.43572507487378,44.44,0.249,0.254,8.018,8.58,0.98,True,True,PASS
fold1_room5_mix136,walk,critical,normal,1,0.0024,1.19e-07,53.687065962004986,53.69,0.256,0.217,1.207,7.69,0.99,True,True,PASS
fold1_room5_mix137,static,caution,normal,1,0.0033,1.19e-07,51.763525710429974,51.76,0.25,0.269,1.604,8.19,0.8,True,True,PASS
fold1_room5_mix138,walk,safe,normal,1,0.0004,1.19e-07,46.49565439619745,46.5,0.239,0.314,11.095,7.07,0.98,True,True,PASS
fold1_room5_mix139,static,critical,normal,1,0.0037,1.19e-07,49.8956557782083,49.9,0.362,0.275,0.817,8.95,0.94,True,True,PASS
fold1_room5_mix140,walk,caution,normal,1,0.0029,1.19e-07,63.67561418969759,63.68,0.247,0.24,1.845,8.47,0.42,True,True,PASS
fold1_room5_mix141,static,safe,normal,1,0.001,1.19e-07,52.33825117974421,52.34,0.236,0.244,7.286,8.27,0.99,True,True,PASS
fold1_room5_mix142,walk,critical,normal,1,0.0038,1.19e-07,56.63777118255513,56.64,0.261,0.198,1.087,6.82,0.65,True,True,PASS
fold1_room5_mix143,static,caution,normal,1,0.0015,1.19e-07,46.29915926140649,46.3,0.278,0.199,2.889,7.23,0.99,True,True,PASS
fold1_room5_mix144,walk,safe,normal,1,0.0006,1.19e-07,59.359618312893765,59.36,0.287,0.157,14.073,8.83,0.29,True,True,PASS
fold1_room5_mix145,static,critical,normal,1,0.0032,1.19e-07,53.43871457362044,53.44,0.25,0.282,0.866,7.47,0.53,True,True,PASS
fold1_room5_mix146,walk,caution,normal,1,0.0015,1.19e-07,40.72036247880326,40.72,0.248,0.278,2.314,7.09,0.98,True,True,PASS
fold1_room5_mix147,static,safe,normal,1,0.0006,1.19e-07,61.32667225483872,61.33,0.557,0.034,11.738,6.35,0.08,True,True,PASS
fold1_room5_mix148,walk,critical,normal,1,0.0041,1.19e-07,41.0276618801033,41.03,0.301,0.341,1.202,6.77,0.99,True,True,PASS
fold1_room5_mix149,static,caution,normal,1,0.0026,1.19e-07,61.45575380658056,61.46,0.227,0.252,1.863,8.35,0.72,True,True,PASS
fold1_room5_mix150,walk,safe,normal,1,0.0011,1.19e-07,58.972013131623385,58.97,0.225,0.186,6.439,7.38,0.99,True,True,PASS
fold1_room5_mix151,static,critical,normal,1,0.0075,1.19e-07,42.780154181994504,42.78,0.292,0.324,0.649,8.48,0.98,True,True,PASS
fold1_room5_mix152,walk,caution,normal,1,0.0017,1.19e-07,63.5812282850608,63.58,0.396,0.277,2.289,9.0,0.22,True,True,PASS
fold1_room5_mix153,static,safe,normal,1,0.001,1.19e-07,57.348041550997976,57.35,0.264,0.257,7.02,8.63,0.6,True,True,PASS
fold1_room5_mix154,walk,critical,normal,1,0.0028,1.19e-07,61.20818300169202,61.21,0.259,0.27,1.104,6.71,0.74,True,True,PASS
fold1_room5_mix155,static,caution,normal,1,0.0023,1.19e-07,55.85130303060976,55.85,0.298,0.246,1.905,8.03,0.55,True,True,PASS
fold1_room5_mix156,walk,safe,normal,1,0.0011,1.19e-07,44.23958621520735,44.24,0.282,0.279,5.591,7.47,1.0,True,True,PASS
fold1_room5_mix157,static,critical,normal,1,0.0034,1.19e-07,44.36404563113238,44.36,0.224,0.284,0.777,8.98,0.98,True,True,PASS
fold1_room5_mix158,walk,caution,normal,1,0.002,1.19e-07,54.20874484303813,54.21,0.263,0.268,2.038,6.06,0.85,True,True,PASS
fold1_room5_mix159,static,safe,normal,1,0.001,1.19e-07,58.458515076887096,58.46,0.258,0.242,6.846,8.07,0.6,True,True,PASS
fold1_room5_mix160,walk,critical,normal,1,0.0052,1.19e-07,45.540527572198656,45.54,0.261,0.287,0.634,7.75,0.99,True,True,PASS
fold1_room5_mix161,static,caution,normal,1,0.0027,1.19e-07,42.436433326014566,42.44,0.268,0.289,1.994,7.22,0.99,True,True,PASS
fold1_room5_mix162,walk,safe,normal,1,0.0007,1.19e-07,53.04410003366032,53.04,0.306,0.221,7.747,7.89,0.58,True,True,PASS
fold1_room5_mix163,static,critical,normal,1,0.0029,1.19e-07,62.297987346087666,62.3,0.37,0.26,1.076,7.25,0.23,True,True,PASS
fold1_room5_mix164,walk,caution,normal,1,0.0025,1.19e-07,61.47707861980993,61.48,0.267,0.245,2.451,6.19,0.85,True,True,PASS
fold1_room5_mix165,static,safe,normal,1,0.0006,1.19e-07,50.20685940745339,50.21,0.225,0.362,8.176,8.94,0.48,True,True,PASS
fold1_room5_mix166,walk,critical,normal,1,0.0035,1.19e-07,41.335784597203045,41.34,0.221,0.346,1.16,8.85,0.98,True,True,PASS
fold1_room5_mix167,static,caution,normal,1,0.002,1.19e-07,45.71686079080962,45.72,0.241,0.251,1.942,6.09,0.99,True,True,PASS
fold1_room5_mix168,walk,safe,normal,1,0.0018,1.19e-07,41.674004599408484,41.67,0.256,0.333,5.388,7.66,0.99,True,True,PASS
fold1_room5_mix169,static,critical,normal,1,0.0047,1.19e-07,44.42600825952407,44.43,0.233,0.247,0.83,7.12,1.0,True,True,PASS
fold1_room5_mix170,walk,caution,normal,1,0.0016,1.19e-07,41.03520234446809,41.04,0.234,0.188,2.194,8.93,0.99,True,True,PASS
fold1_room5_mix171,static,safe,normal,1,0.0005,1.19e-07,47.97778697703173,47.98,0.272,0.122,14.726,6.84,0.99,True,True,PASS
fold1_room5_mix172,walk,critical,normal,1,0.0085,1.19e-07,42.999132198471585,43.0,0.238,0.352,0.631,8.95,0.99,True,True,PASS
fold1_room5_mix173,static,caution,normal,1,0.0031,1.19e-07,62.42250547350656,62.42,0.253,0.197,2.084,8.12,0.41,True,True,PASS
fold1_room5_mix174,walk,safe,normal,1,0.0006,1.19e-07,44.569678997997705,44.57,0.239,0.259,9.34,6.45,0.99,True,True,PASS
fold1_room5_mix175,static,critical,normal,1,0.0035,1.19e-07,60.40190073037928,60.4,0.264,0.221,1.009,7.63,0.42,True,True,PASS
fold1_room5_mix176,walk,caution,normal,1,0.0038,1.19e-07,49.00340324326545,49.0,0.309,0.33,1.641,8.57,0.98,True,True,PASS
fold1_room5_mix177,static,safe,normal,1,0.0012,1.19e-07,56.433213866232876,56.43,0.266,0.293,7.443,7.86,0.99,True,True,PASS
fold1_room5_mix178,walk,critical,normal,1,0.0059,1.19e-07,55.20206978058862,55.2,0.281,0.233,0.645,8.77,0.97,True,True,PASS
fold1_room5_mix179,static,caution,normal,1,0.0035,1.19e-07,43.408699036628136,43.41,0.256,0.23,1.96,8.03,0.99,True,True,PASS
fold1_room5_mix180,walk,safe,normal,1,0.0012,1.19e-07,64.83029924204946,64.83,0.311,0.291,5.301,8.1,0.21,True,True,PASS
fold1_room5_mix181,static,critical,normal,1,0.0032,1.19e-07,48.975198272531166,48.98,0.284,0.185,1.283,8.51,0.98,True,True,PASS
fold1_room5_mix182,walk,caution,normal,1,0.0017,1.19e-07,64.7329688185268,64.73,0.251,0.225,2.581,6.14,0.54,True,True,PASS
fold1_room5_mix183,static,safe,normal,1,0.0006,1.19e-07,44.81335746032381,44.81,0.273,0.223,12.543,6.51,0.98,True,True,PASS
fold1_room5_mix184,walk,critical,normal,1,0.0037,1.19e-07,62.07929107749226,62.08,0.329,0.322,1.03,6.02,0.53,True,True,PASS
fold1_room5_mix185,static,caution,normal,1,0.0018,1.19e-07,57.42027821048849,57.42,0.265,0.2,2.74,6.64,0.44,True,True,PASS
fold1_room5_mix186,walk,safe,normal,1,0.0009,1.19e-07,45.33937991201444,45.34,0.262,0.247,5.115,6.49,0.99,True,True,PASS
fold1_room5_mix187,static,critical,normal,1,0.0024,1.19e-07,58.895469511046,58.9,0.281,0.257,1.496,8.64,0.46,True,True,PASS
fold1_room5_mix188,walk,caution,normal,1,0.0019,1.19e-07,40.9014196682957,40.9,0.24,0.206,2.628,8.35,0.99,True,True,PASS
fold1_room5_mix189,static,safe,normal,1,0.0006,1.19e-07,54.98119573814772,54.98,0.234,0.158,14.183,7.39,0.89,True,True,PASS
fold1_room5_mix190,walk,critical,normal,1,0.0035,1.19e-07,61.42156890216607,61.42,0.244,0.306,1.04,6.12,0.89,True,True,PASS
fold1_room5_mix191,static,caution,normal,1,0.0026,1.19e-07,49.77672864914774,49.78,0.259,0.198,2.886,8.6,0.99,True,True,PASS
fold1_room5_mix192,walk,safe,normal,1,0.0007,1.19e-07,42.75540551931259,42.76,0.273,0.347,5.536,8.12,0.97,True,True,PASS
fold1_room5_mix193,static,critical,normal,1,0.0059,1.19e-07,41.70026549289943,41.7,0.268,0.255,0.808,6.34,1.0,True,True,PASS
fold1_room5_mix194,walk,caution,normal,1,0.002,1.19e-07,63.19887191829079,63.2,0.242,0.263,2.469,8.93,0.26,True,True,PASS
fold1_room5_mix195,static,safe,normal,1,0.0021,1.19e-07,60.977554901428704,60.98,0.271,0.248,4.171,8.5,0.42,True,True,PASS
fold1_room5_mix196,walk,critical,normal,1,0.0051,1.19e-07,50.1725272795361,50.17,0.249,0.291,0.894,6.96,0.99,True,True,PASS
fold1_room5_mix197,static,caution,normal,1,0.0025,1.19e-07,54.81052306505016,54.81,0.268,0.213,2.039,7.69,0.64,True,True,PASS
fold1_room5_mix198,walk,safe,normal,1,0.0007,1.19e-07,48.01424804813751,48.01,0.279,0.339,8.217,8.11,0.8,True,True,PASS
fold1_room5_mix199,static,critical,normal,1,0.003,1.19e-07,46.720306527080496,46.72,0.252,0.198,1.062,6.59,0.99,True,True,PASS
fold1_room5_mix200,walk,caution,normal,1,0.0026,1.19e-07,43.98080921003443,43.98,0.273,0.267,2.348,7.15,0.99,True,True,PASS
fold1_room5_mix201,static,safe,normal,1,0.001,1.19e-07,59.445900216170116,59.45,0.274,0.22,7.401,6.44,0.72,True,True,PASS
fold1_room5_mix202,walk,critical,normal,1,0.0041,1.19e-07,44.72807238429413,44.73,0.271,0.3,0.8,7.12,0.99,True,True,PASS
fold1_room5_mix203,static,caution,normal,1,0.0013,1.19e-07,49.705759715637264,49.71,0.243,0.235,2.978,7.03,0.76,True,True,PASS
fold1_room5_mix204,walk,safe,normal,2,0.0009,1.77e-07,56.94892703416801,56.95,0.431,0.283,7.562,6.66,0.4,True,True,PASS
fold1_room5_mix205,static,critical,normal,2,0.0021,1.76e-07,58.385667786907746,58.39,0.41,0.239,1.467,6.77,0.64,True,True,PASS
fold1_room5_mix206,walk,caution,normal,2,0.1886,1.79e-07,45.512336722650105,45.51,0.337,0.355,1.598,6.27,0.99,True,True,PASS
fold1_room5_mix207,static,safe,normal,2,0.0291,1.75e-07,40.100804299579934,40.1,0.362,0.263,9.675,8.13,0.99,True,True,PASS
fold1_room5_mix208,walk,critical,normal,2,0.0039,1.77e-07,53.94920449148009,53.95,0.262,0.229,0.966,8.68,0.65,True,True,PASS
fold1_room5_mix209,static,caution,normal,2,0.0032,1.75e-07,55.5640985774569,55.56,0.25,0.341,1.695,6.49,0.79,True,True,PASS
fold1_room5_mix210,walk,safe,normal,2,0.0014,1.77e-07,61.93233363322459,61.93,0.285,0.266,6.932,7.41,0.4,True,True,PASS
fold1_room5_mix211,static,critical,normal,2,0.0052,1.77e-07,64.30962081124164,64.31,0.272,0.272,1.045,7.17,0.47,True,True,PASS
fold1_room5_mix212,walk,caution,normal,2,0.1092,1.76e-07,50.38233484508659,50.38,0.367,0.232,1.968,8.86,0.63,True,True,PASS
fold1_room5_mix213,static,safe,normal,2,0.0012,1.76e-07,47.5531836830217,47.55,0.231,0.376,5.065,7.93,0.99,True,True,PASS
fold1_room5_mix214,walk,critical,normal,2,0.0035,1.77e-07,51.95463659323367,51.95,0.413,0.228,1.078,6.55,0.85,True,True,PASS
fold1_room5_mix215,static,caution,normal,2,0.002,1.77e-07,61.36718890516538,61.37,0.362,0.29,2.118,6.12,0.33,True,True,PASS
fold1_room5_mix216,walk,safe,normal,2,0.2078,1.82e-07,62.85133605488583,62.85,0.281,0.285,12.212,6.99,0.31,True,True,PASS
fold1_room5_mix217,static,critical,normal,2,0.0057,1.77e-07,47.09415168987496,47.09,0.303,0.251,1.497,6.51,1.0,True,True,PASS
fold1_room5_mix218,walk,caution,normal,2,0.0021,1.76e-07,51.21722085686912,51.22,0.302,0.331,1.829,8.83,0.71,True,True,PASS
fold1_room5_mix219,static,safe,normal,2,0.0016,1.77e-07,44.546331223424176,44.55,0.35,0.324,14.156,6.16,1.0,True,True,PASS
fold1_room5_mix220,walk,critical,normal,2,0.0055,1.76e-07,62.72029655828899,62.72,0.282,0.274,0.619,8.45,0.5,True,True,PASS
fold1_room5_mix221,static,caution,normal,2,0.1036,1.78e-07,61.390228660310484,61.39,0.289,0.262,2.335,8.17,0.57,True,True,PASS
fold1_room5_mix222,walk,safe,normal,2,0.0118,1.78e-07,52.182171386681574,52.18,0.278,0.381,9.937,6.03,0.94,True,True,PASS
fold1_room5_mix223,static,critical,normal,2,0.002,1.75e-07,51.31543805217334,51.32,0.298,0.483,1.421,8.71,0.64,True,True,PASS
fold1_room5_mix224,walk,caution,normal,2,0.0019,1.77e-07,45.07525130435119,45.08,0.346,0.28,2.214,8.32,0.98,True,True,PASS
fold1_room5_mix225,static,safe,normal,2,0.0012,1.77e-07,45.96594312550229,45.97,0.423,0.278,6.469,6.14,1.0,True,True,PASS
fold1_room5_mix226,walk,critical,normal,2,0.0164,1.77e-07,51.62038814935366,51.62,0.361,0.299,0.923,8.87,0.47,True,True,PASS
fold1_room5_mix227,static,caution,normal,2,0.0143,1.77e-07,46.595590995010596,46.6,0.276,0.211,2.406,7.2,0.99,True,True,PASS
fold1_room5_mix228,walk,safe,normal,2,0.0012,1.75e-07,62.8695667830918,62.87,0.284,0.459,12.807,6.59,0.0,True,True,PASS
fold1_room5_mix229,static,critical,normal,2,0.0045,1.76e-07,57.54419413100889,57.54,0.331,0.278,1.399,8.4,0.99,True,True,PASS
fold1_room5_mix230,walk,caution,normal,2,0.0016,1.78e-07,44.5967353088169,44.6,0.285,0.241,2.947,6.71,0.99,True,True,PASS
fold1_room5_mix231,static,safe,normal,2,0.0088,1.77e-07,51.96380974929111,51.96,0.286,0.281,8.402,6.52,1.0,True,True,PASS
fold1_room5_mix232,walk,critical,normal,2,0.0059,1.76e-07,61.5449118143638,61.54,0.415,0.356,0.796,8.83,0.23,True,True,PASS
fold1_room5_mix233,static,caution,normal,2,0.0048,1.76e-07,44.90792592663076,44.91,0.271,0.332,1.552,6.63,0.99,True,True,PASS
fold1_room5_mix234,walk,safe,normal,2,0.0022,1.75e-07,56.723280292021855,56.72,0.383,0.23,12.649,6.25,0.64,True,True,PASS
fold1_room5_mix235,static,critical,normal,2,0.0034,1.77e-07,50.098178774122275,50.1,0.261,0.352,1.364,8.91,0.98,True,True,PASS
fold1_room5_mix236,walk,caution,normal,2,0.0073,1.77e-07,48.409454301710944,48.41,0.272,0.232,2.777,7.76,0.99,True,True,PASS
fold1_room5_mix237,static,safe,normal,2,0.0057,1.76e-07,48.3293538933155,48.33,0.265,0.253,13.646,6.25,0.99,True,True,PASS
fold1_room5_mix238,walk,critical,normal,2,0.0052,1.77e-07,62.000453225464796,62.0,0.24,0.307,1.111,8.45,0.47,True,True,PASS
fold1_room5_mix239,static,caution,normal,2,0.0029,1.76e-07,57.462826295094516,57.46,0.324,0.275,1.874,8.42,0.42,True,True,PASS
fold1_room5_mix240,walk,safe,normal,2,0.0012,1.77e-07,62.30532533017178,62.31,0.257,0.263,5.452,6.1,0.32,True,True,PASS
fold1_room5_mix241,static,critical,normal,2,0.1032,1.79e-07,59.52128107651867,59.52,0.287,0.246,0.749,7.58,0.61,True,True,PASS
fold1_room5_mix242,walk,caution,normal,2,0.01,1.75e-07,43.01639369950347,43.02,0.281,0.225,2.867,6.14,0.99,True,True,PASS
fold1_room5_mix243,static,safe,normal,2,0.0019,1.77e-07,49.22804533474213,49.23,0.297,0.319,4.665,6.33,0.98,True,True,PASS
fold1_room5_mix244,walk,critical,normal,2,0.0055,1.78e-07,40.45368209879918,40.45,0.25,0.295,0.962,7.03,0.99,True,True,PASS
fold1_room5_mix245,static,caution,normal,2,0.0027,1.77e-07,44.60005379409839,44.6,0.221,0.284,2.16,6.98,1.0,True,True,PASS
fold1_room5_mix246,walk,safe,normal,2,0.0474,1.76e-07,59.927391852639616,59.93,0.239,0.303,12.293,6.67,0.55,True,True,PASS
fold1_room5_mix247,static,critical,normal,2,0.0081,1.76e-07,51.95661296748219,51.96,0.267,0.226,1.18,8.75,0.59,True,True,PASS
fold1_room5_mix248,walk,caution,normal,2,0.0022,1.75e-07,57.296907246987836,57.3,0.366,0.321,1.994,7.74,0.46,True,True,PASS
fold1_room5_mix249,static,safe,normal,2,0.0016,1.77e-07,46.9270276190447,46.93,0.283,0.254,10.252,8.66,0.98,True,True,PASS
fold1_room5_mix250,walk,critical,normal,2,0.0049,1.77e-07,41.898930528793684,41.9,0.284,0.291,0.804,7.28,0.99,True,True,PASS
fold1_room5_mix251,static,caution,normal,2,0.0123,1.77e-07,48.376504239062825,48.38,0.299,0.261,2.72,6.51,0.99,True,True,PASS
fold1_room5_mix252,walk,safe,normal,2,0.0113,1.75e-07,47.72790249849949,47.73,0.27,0.298,9.268,7.29,0.95,True,True,PASS
fold1_room5_mix253,static,critical,normal,2,0.0035,1.75e-07,62.901868012130905,62.9,0.287,0.24,0.843,6.84,0.28,True,True,PASS
fold1_room5_mix254,walk,caution,normal,2,0.0036,1.78e-07,55.793168706449755,55.79,0.262,0.249,1.723,6.01,1.0,True,True,PASS
fold1_room5_mix255,static,safe,normal,2,0.0015,1.77e-07,64.90664707938015,64.91,0.291,0.275,5.424,7.9,0.45,True,True,PASS
fold1_room5_mix256,walk,critical,normal,2,0.0778,1.77e-07,61.48400184375714,61.48,0.266,0.291,0.734,8.01,0.61,True,True,PASS
fold1_room5_mix257,static,caution,normal,2,0.0052,1.77e-07,52.24064825259905,52.24,0.343,0.328,1.891,8.93,0.99,True,True,PASS
fold1_room5_mix258,walk,safe,normal,2,0.0008,1.76e-07,64.18898564930362,64.19,0.268,0.354,6.773,7.66,0.29,True,True,PASS
fold1_room5_mix259,static,critical,normal,2,0.0037,1.76e-07,46.9118864766869,46.91,0.357,0.245,1.273,6.36,0.99,True,True,PASS
fold1_room5_mix260,walk,caution,normal,2,0.0021,1.77e-07,41.86764573269496,41.87,0.305,0.255,2.422,7.56,0.99,True,True,PASS
fold1_room5_mix261,static,safe,normal,2,0.0188,1.77e-07,48.81149558735669,48.81,0.273,0.272,8.052,6.43,0.97,True,True,PASS
fold1_room5_mix262,walk,critical,normal,2,0.0381,1.76e-07,55.40039033964036,55.4,0.392,0.297,0.894,7.07,0.65,True,True,PASS
fold1_room5_mix263,static,caution,normal,2,0.0026,1.75e-07,52.311078992370774,52.31,0.288,0.441,2.245,6.53,0.99,True,True,PASS
fold1_room5_mix264,walk,safe,normal,2,0.0014,1.73e-07,57.10848109112395,57.11,0.322,0.342,5.015,7.87,0.73,True,True,PASS
fold1_room5_mix265,static,critical,normal,2,0.0045,1.77e-07,48.9913992506208,48.99,0.24,0.361,1.004,8.69,0.97,True,True,PASS
fold1_room5_mix266,walk,caution,normal,2,0.0623,1.76e-07,54.21564990515632,54.22,0.334,0.273,1.767,6.35,0.89,True,True,PASS
fold1_room5_mix267,static,safe,normal,2,0.014,1.77e-07,54.34058151423388,54.34,0.372,0.225,9.808,8.72,0.34,True,True,PASS
fold1_room5_mix268,walk,critical,normal,2,0.0025,1.78e-07,42.69410452694299,42.69,0.334,0.294,1.228,6.31,1.0,True,True,PASS
fold1_room5_mix269,static,caution,normal,2,0.0033,1.77e-07,55.787193741394304,55.79,0.389,0.285,1.996,7.78,0.99,True,True,PASS
fold1_room5_mix270,walk,safe,normal,2,0.0009,1.77e-07,40.765408113977806,40.77,0.245,0.355,11.028,8.07,0.99,True,True,PASS
fold1_room5_mix271,static,critical,normal,2,0.037,1.77e-07,53.04617797420339,53.05,0.266,0.397,1.335,6.08,0.99,True,True,PASS
fold1_room5_mix272,walk,caution,normal,2,0.0042,1.76e-07,60.79469167080417,60.79,0.419,0.221,2.624,8.99,0.55,True,True,PASS
fold1_room5_mix273,static,safe,normal,2,0.0022,1.76e-07,43.83927528862961,43.84,0.412,0.284,5.904,7.18,0.99,True,True,PASS
fold1_room5_mix274,walk,critical,normal,2,0.0028,1.77e-07,44.95648802406428,44.96,0.265,0.27,1.118,8.61,0.99,True,True,PASS
fold1_room5_mix275,static,caution,normal,2,0.0014,1.78e-07,51.51020259244473,51.51,0.218,0.434,2.43,7.83,0.67,True,True,PASS
fold1_room5_mix276,walk,safe,normal,2,0.0604,1.77e-07,58.75402185107998,58.75,0.266,0.326,6.48,6.37,0.98,True,True,PASS
fold1_room5_mix277,static,critical,normal,2,0.022,1.77e-07,54.61791510719512,54.62,0.325,0.364,0.669,8.71,0.62,True,True,PASS
fold1_room5_mix278,walk,caution,normal,2,0.0025,1.75e-07,60.37834309563707,60.38,0.259,0.27,2.023,7.2,0.87,True,True,PASS
fold1_room5_mix279,static,safe,normal,2,0.0018,1.78e-07,50.37372401638182,50.37,0.394,0.278,7.817,8.41,0.97,True,True,PASS
fold1_room5_mix280,walk,critical,normal,2,0.0046,1.78e-07,46.59260518489623,46.59,0.269,0.322,0.792,8.0,0.99,True,True,PASS
fold1_room5_mix281,static,caution,normal,2,0.0116,1.75e-07,40.140407577387144,40.14,0.253,0.251,2.009,7.65,0.99,True,True,PASS
fold1_room5_mix282,walk,safe,normal,2,0.0744,1.76e-07,64.2042686799152,64.2,0.308,0.193,9.145,7.41,0.22,True,True,PASS
fold1_room5_mix283,static,critical,normal,2,0.0048,1.78e-07,43.86596341443255,43.87,0.28,0.28,1.121,9.0,0.99,True,True,PASS
fold1_room5_mix284,walk,caution,normal,2,0.003,1.76e-07,59.45601681310802,59.46,0.392,0.264,2.375,7.66,0.4,True,True,PASS
fold1_room5_mix285,static,safe,normal,2,0.0011,1.78e-07,51.08321750291281,51.08,0.269,0.435,4.575,8.6,0.53,True,True,PASS
fold1_room5_mix286,walk,critical,normal,2,0.0101,1.76e-07,43.326277289042345,43.33,0.206,0.288,0.701,7.07,0.99,True,True,PASS
fold1_room5_mix287,static,caution,normal,2,0.005,1.76e-07,54.69609766956089,54.7,0.275,0.26,1.854,6.5,0.63,True,True,PASS
fold1_room5_mix288,walk,safe,normal,2,0.0012,1.77e-07,64.30416326402076,64.3,0.301,0.229,12.173,6.68,0.0,True,True,PASS
fold1_room5_mix289,static,critical,normal,2,0.0041,1.77e-07,64.65133075833607,64.65,0.299,0.257,1.234,6.35,0.31,True,True,PASS
fold1_room5_mix290,walk,caution,normal,2,0.0025,1.77e-07,53.27863914158529,53.28,0.265,0.242,2.331,8.38,0.89,True,True,PASS
fold1_room5_mix291,static,safe,normal,2,0.0071,1.75e-07,57.352701489900475,57.35,0.276,0.219,12.638,7.8,0.51,True,True,PASS
fold1_room5_mix292,walk,critical,normal,2,0.0314,1.75e-07,55.82779563142589,55.83,0.426,0.283,0.786,7.64,0.55,True,True,PASS
fold1_room5_mix293,static,caution,normal,2,0.0018,1.75e-07,47.9292136298231,47.93,0.228,0.427,2.817,6.57,0.98,True,True,PASS
fold1_room5_mix294,walk,safe,normal,2,0.0008,1.75e-07,53.50747241394188,53.51,0.37,0.256,13.161,6.53,0.86,True,True,PASS
fold1_room5_mix295,static,critical,normal,2,0.0049,1.77e-07,46.22411550028691,46.22,0.284,0.295,1.085,7.77,1.0,True,True,PASS
fold1_room5_mix296,walk,caution,normal,2,0.0291,1.77e-07,56.97268106662588,56.97,0.267,0.279,2.337,8.77,0.41,True,True,PASS
fold1_room5_mix297,static,safe,normal,2,0.0621,1.77e-07,48.48004253365602,48.48,0.348,0.307,10.643,6.51,0.9,True,True,PASS
fold1_room5_mix298,walk,critical,normal,2,0.0035,1.76e-07,43.18576832168768,43.19,0.337,0.313,1.242,6.64,0.99,True,True,PASS
fold1_room5_mix299,static,caution,normal,2,0.0035,1.74e-07,54.872641996833416,54.87,0.351,0.259,2.536,6.08,0.98,True,True,PASS
fold1_room5_mix300,walk,safe,normal,2,0.0034,1.78e-07,40.599410250375776,40.6,0.263,0.262,8.136,6.12,0.99,True,True,PASS
fold1_room5_mix301,static,critical,normal,2,0.056,1.77e-07,54.745607970066644,54.75,0.261,0.319,0.98,8.79,0.61,True,True,PASS
fold1_room5_mix302,walk,caution,normal,2,0.0281,1.78e-07,43.06304586548445,43.06,0.344,0.29,2.387,6.28,1.0,True,True,PASS
fold1_room5_mix303,static,safe,normal,2,0.0012,1.77e-07,50.61043741570952,50.61,0.293,0.345,3.541,6.7,0.69,True,True,PASS
fold1_room5_mix304,walk,critical,normal,2,0.0028,1.77e-07,61.49547647486398,61.5,0.323,0.334,0.845,7.02,0.25,True,True,PASS
fold1_room5_mix305,static,caution,normal,2,0.0023,1.76e-07,51.14449194507054,51.14,0.351,0.315,2.616,7.19,0.99,True,True,PASS
fold1_room5_mix306,walk,safe,normal,2,0.0064,1.77e-07,63.236298398770785,63.24,0.26,0.402,14.672,7.64,0.12,True,True,PASS
fold1_room5_mix307,static,critical,normal,2,0.0076,1.77e-07,62.880291257419984,62.88,0.351,0.238,0.861,8.71,0.33,True,True,PASS
fold1_room5_mix308,walk,caution,normal,2,0.0028,1.77e-07,56.566194959138144,56.57,0.332,0.24,2.68,6.6,0.81,True,True,PASS
fold1_room5_mix309,static,safe,normal,2,0.0016,1.77e-07,47.47003507034613,47.47,0.267,0.309,4.038,6.62,0.98,True,True,PASS
fold1_room5_mix310,walk,critical,normal,2,0.0045,1.77e-07,52.728454517233835,52.73,0.278,0.247,0.902,6.99,1.0,True,True,PASS
fold1_room5_mix311,static,caution,normal,2,0.2075,1.82e-07,41.86022295079619,41.86,0.293,0.388,2.435,8.57,0.98,True,True,PASS
fold1_room5_mix312,walk,safe,normal,2,0.0268,1.75e-07,43.61745586327426,43.62,0.497,0.223,10.314,6.87,1.0,True,True,PASS
fold1_room5_mix313,static,critical,normal,2,0.0023,1.76e-07,50.23321990019254,50.23,0.413,0.22,1.384,7.13,0.99,True,True,PASS
fold1_room5_mix314,walk,caution,normal,2,0.0035,1.77e-07,64.78334569965841,64.78,0.285,0.266,2.074,7.96,0.4,True,True,PASS
fold1_room5_mix315,static,safe,normal,2,0.0013,1.77e-07,59.24588995279716,59.25,0.272,0.453,9.026,6.06,0.86,True,True,PASS
fold1_room5_mix316,walk,critical,normal,2,0.1163,1.81e-07,49.23129264298702,49.23,0.252,0.253,1.452,7.01,0.98,True,True,PASS
fold1_room5_mix317,static,caution,normal,2,0.0244,1.75e-07,61.0752000980479,61.08,0.369,0.308,2.703,8.1,0.41,True,True,PASS
fold1_room5_mix318,walk,safe,normal,2,0.0012,1.74e-07,54.56794264412853,54.57,0.392,0.267,10.295,7.82,0.59,True,True,PASS
fold1_room5_mix319,static,critical,normal,2,0.0036,1.77e-07,52.091313249804706,52.09,0.281,0.302,0.756,8.82,0.41,True,True,PASS
fold1_room5_mix320,walk,caution,normal,2,0.0018,1.78e-07,60.94128857356412,60.94,0.296,0.313,2.985,8.56,0.51,True,True,PASS
fold1_room5_mix321,static,safe,normal,2,0.0083,1.75e-07,57.37112675936545,57.37,0.209,0.36,13.601,8.41,0.32,True,True,PASS
fold1_room5_mix322,walk,critical,normal,2,0.009,1.77e-07,54.02379098812095,54.02,0.356,0.268,1.341,8.93,1.0,True,True,PASS
fold1_room5_mix323,static,caution,normal,2,0.0027,1.77e-07,51.85944074319336,51.86,0.257,0.302,1.867,6.73,0.94,True,True,PASS
fold1_room5_mix324,walk,safe,normal,2,0.0036,1.77e-07,59.82851212388596,59.83,0.292,0.305,3.578,6.53,0.99,True,True,PASS
fold1_room5_mix325,static,critical,normal,2,0.003,1.77e-07,40.233992795760756,40.23,0.254,0.428,1.2,8.52,0.98,True,True,PASS
fold1_room5_mix326,walk,caution,normal,2,0.0101,1.78e-07,49.096316427550285,49.1,0.289,0.272,1.786,8.57,0.98,True,True,PASS
fold1_room5_mix327,static,safe,normal,2,0.0041,1.77e-07,40.19729658146459,40.2,0.28,0.245,5.884,7.65,0.99,True,True,PASS
fold1_room5_mix328,walk,critical,normal,2,0.0054,1.76e-07,61.520910599404665,61.52,0.365,0.348,1.324,8.61,0.37,True,True,PASS
fold1_room5_mix329,static,caution,normal,2,0.0024,1.77e-07,48.85887056659825,48.86,0.437,0.342,2.113,7.54,0.99,True,True,PASS
fold1_room5_mix330,walk,safe,normal,2,0.0017,1.78e-07,54.7035790016593,54.7,0.255,0.28,3.647,7.27,0.59,True,True,PASS
fold1_room5_mix331,static,critical,normal,2,0.169,1.86e-07,52.54440790650993,52.54,0.291,0.257,1.5,7.3,0.74,True,True,PASS
fold1_room5_mix332,walk,caution,normal,2,0.0218,1.77e-07,49.24929171589863,49.25,0.45,0.265,1.69,6.26,0.98,True,True,PASS
fold1_room5_mix333,static,safe,normal,2,0.0009,1.76e-07,56.06245200236086,56.06,0.29,0.339,14.221,7.8,0.97,True,True,PASS
fold1_room5_mix334,walk,critical,normal,2,0.0068,1.78e-07,46.24607513960627,46.25,0.376,0.287,0.642,8.18,0.98,True,True,PASS
fold1_room5_mix335,static,caution,normal,2,0.0019,1.78e-07,59.86815038087046,59.87,0.33,0.222,2.948,8.52,0.38,True,True,PASS
fold1_room5_mix336,walk,safe,normal,2,0.0597,1.76e-07,51.92180612469724,51.92,0.27,0.215,13.135,6.94,0.94,True,True,PASS
fold1_room5_mix337,static,critical,normal,2,0.0532,1.76e-07,61.07590089206766,61.08,0.328,0.251,1.33,7.82,0.35,True,True,PASS
fold1_room5_mix338,walk,caution,normal,2,0.0028,1.75e-07,63.994346975890025,63.99,0.351,0.393,2.162,6.08,0.32,True,True,PASS
fold1_room5_mix339,static,safe,normal,2,0.0011,1.78e-07,58.329044133459135,58.33,0.378,0.277,7.324,8.26,0.65,True,True,PASS
fold1_room5_mix340,walk,critical,normal,2,0.0055,1.78e-07,61.26510706242566,61.27,0.248,0.237,1.157,6.03,0.85,True,True,PASS
fold1_room5_mix341,static,caution,normal,2,0.0326,1.78e-07,63.47895134910041,63.48,0.308,0.318,2.474,6.86,0.6,True,True,PASS
fold1_room5_mix342,walk,safe,normal,2,0.0185,1.76e-07,60.626748344731595,60.63,0.354,0.283,8.471,6.12,0.34,True,True,PASS
fold1_room5_mix343,static,critical,normal,2,0.0033,1.76e-07,50.59827251171581,50.6,0.275,0.219,0.895,7.72,0.83,True,True,PASS
fold1_room5_mix344,walk,caution,normal,2,0.0018,1.77e-07,52.77601461906449,52.78,0.52,0.242,2.536,7.08,0.78,True,True,PASS
fold1_room5_mix345,static,safe,normal,2,0.0012,1.77e-07,63.7613080651503,63.76,0.319,0.379,5.214,6.54,0.3,True,True,PASS
fold1_room5_mix346,walk,critical,normal,2,0.0082,1.77e-07,61.21592700535251,61.22,0.266,0.358,0.864,7.62,0.51,True,True,PASS
fold1_room5_mix347,static,caution,normal,2,0.0086,1.74e-07,56.17681554809192,56.18,0.318,0.293,1.556,6.24,0.7,True,True,PASS
fold1_room5_mix348,walk,safe,normal,2,0.0013,1.76e-07,58.240453530224144,58.24,0.242,0.263,3.684,6.19,0.44,True,True,PASS
fold1_room5_mix349,static,critical,normal,2,0.0042,1.77e-07,49.42636632360941,49.43,0.327,0.234,0.661,7.91,0.97,True,True,PASS
fold1_room5_mix350,walk,caution,normal,2,0.002,1.78e-07,44.808802375745216,44.81,0.268,0.309,2.712,8.34,0.99,True,True,PASS
fold1_room5_mix351,static,safe,normal,2,0.1856,1.81e-07,47.51797417454145,47.52,0.284,0.279,13.065,8.1,0.98,True,True,PASS
fold1_room5_mix352,walk,critical,normal,2,0.0122,1.76e-07,41.5911018415957,41.59,0.381,0.305,0.912,7.82,0.99,True,True,PASS
fold1_room5_mix353,static,caution,normal,2,0.0023,1.77e-07,52.44647346313145,52.45,0.294,0.323,2.588,7.1,0.96,True,True,PASS
fold1_room5_mix354,walk,safe,normal,2,0.001,1.77e-07,60.14186253118481,60.14,0.253,0.238,8.317,7.75,0.38,True,True,PASS
fold1_room5_mix355,static,critical,normal,2,0.006,1.77e-07,58.24345113698192,58.24,0.256,0.309,1.175,7.34,0.57,True,True,PASS
fold1_room5_mix356,walk,caution,normal,2,0.047,1.76e-07,40.9936857824297,40.99,0.335,0.326,2.738,6.48,0.99,True,True,PASS
fold1_room5_mix357,static,safe,normal,2,0.019,1.78e-07,55.59192543845617,55.59,0.275,0.367,11.744,7.24,0.72,True,True,PASS
fold1_room5_mix358,walk,critical,normal,2,0.0046,1.76e-07,59.34077793282438,59.34,0.262,0.219,1.009,8.45,0.68,True,True,PASS
fold1_room5_mix359,static,caution,normal,2,0.0027,1.76e-07,53.90733287030804,53.91,0.276,0.292,2.737,7.34,0.89,True,True,PASS
fold1_room5_mix360,walk,safe,normal,2,0.0006,1.77e-07,45.09152675234209,45.09,0.253,0.302,14.92,8.0,0.99,True,True,PASS
fold1_room5_mix361,static,critical,normal,2,0.2811,1.85e-07,61.123084889862014,61.12,0.358,0.22,1.082,6.54,0.43,True,True,PASS
fold1_room5_mix362,walk,caution,normal,2,0.0169,1.77e-07,43.09343567557582,43.09,0.365,0.333,1.776,8.21,0.99,True,True,PASS
fold1_room5_mix363,static,safe,normal,2,0.0018,1.77e-07,55.50160181749899,55.5,0.31,0.217,5.088,6.8,0.63,True,True,PASS
fold1_room5_mix364,walk,critical,normal,2,0.0035,1.77e-07,47.89710853070511,47.9,0.366,0.25,1.451,7.85,1.0,True,True,PASS
fold1_room5_mix365,static,caution,normal,2,0.0024,1.77e-07,52.826537966022485,52.83,0.264,0.394,1.652,6.79,0.69,True,True,PASS
fold1_room5_mix366,walk,safe,normal,2,0.0349,1.78e-07,47.655960073778445,47.66,0.271,0.299,12.474,7.92,0.96,True,True,PASS
fold1_room5_mix367,static,critical,normal,2,0.0528,1.75e-07,59.35570275717882,59.36,0.398,0.266,1.276,7.09,0.73,True,True,PASS
fold1_room5_mix368,walk,caution,normal,2,0.0018,1.73e-07,41.01715624489495,41.02,0.322,0.394,2.076,7.73,1.0,True,True,PASS
fold1_room5_mix369,static,safe,normal,2,0.0014,1.77e-07,52.40092865886596,52.4,0.315,0.332,5.585,8.21,0.57,True,True,PASS
fold1_room5_mix370,walk,critical,normal,2,0.0023,1.78e-07,40.06422649715478,40.06,0.276,0.282,1.069,7.36,0.98,True,True,PASS
fold1_room5_mix371,static,caution,normal,2,0.0283,1.76e-07,56.94007898210286,56.94,0.262,0.327,1.654,6.66,0.75,True,True,PASS
fold1_room5_mix372,walk,safe,normal,2,0.0049,1.76e-07,64.23966108090264,64.24,0.259,0.398,7.636,8.1,0.12,True,True,PASS
fold1_room5_mix373,static,critical,normal,2,0.003,1.76e-07,44.17002664148485,44.17,0.273,0.314,1.453,8.54,0.99,True,True,PASS
fold1_room5_mix374,walk,caution,normal,2,0.0036,1.76e-07,42.087184101933914,42.09,0.527,0.33,2.059,7.67,0.98,True,True,PASS
fold1_room5_mix375,static,safe,normal,2,0.0006,1.78e-07,62.138427186251384,62.14,0.515,0.431,11.83,6.6,0.13,True,True,PASS
fold1_room5_mix376,walk,critical,normal,2,0.0154,1.76e-07,52.06140418027364,52.06,0.351,0.363,1.431,7.94,0.99,True,True,PASS
fold1_room5_mix377,static,caution,normal,2,0.0426,1.77e-07,45.460689671062596,45.46,0.438,0.296,1.671,6.3,0.99,True,True,PASS
fold1_room5_mix378,walk,safe,normal,2,0.0012,1.76e-07,50.06754992749517,50.07,0.26,0.244,11.148,6.43,1.0,True,True,PASS
fold1_room5_mix379,static,critical,normal,2,0.0023,1.75e-07,40.63012127307988,40.63,0.322,0.361,1.238,8.93,0.98,True,True,PASS
fold1_room5_mix380,walk,caution,normal,2,0.003,1.76e-07,52.17773551195036,52.18,0.288,0.312,2.567,6.04,0.61,True,True,PASS
fold1_room5_mix381,static,safe,normal,2,0.0679,1.78e-07,64.60485016244162,64.6,0.222,0.25,7.058,8.43,0.13,True,True,PASS
fold1_room5_mix382,walk,critical,normal,2,0.0138,1.76e-07,49.014839587876274,49.01,0.291,0.264,1.024,6.77,1.0,True,True,PASS
fold1_room5_mix383,static,caution,normal,2,0.0045,1.77e-07,62.88805495452576,62.89,0.27,0.239,2.103,7.34,0.9,True,True,PASS
fold1_room5_mix384,walk,safe,normal,2,0.0013,1.78e-07,62.89037146281745,62.89,0.287,0.242,4.982,8.48,0.39,True,True,PASS
fold1_room5_mix385,static,critical,normal,2,0.0075,1.77e-07,62.392997698036254,62.39,0.243,0.392,0.816,8.64,0.75,True,True,PASS
fold1_room5_mix386,walk,caution,normal,2,0.0188,1.76e-07,54.42576679927475,54.43,0.26,0.257,2.027,7.4,1.0,True,True,PASS
fold1_room5_mix387,static,safe,normal,2,0.012,1.76e-07,56.839553797677034,56.84,0.269,0.197,11.921,8.47,0.45,True,True,PASS
fold1_room5_mix388,walk,critical,normal,2,0.0026,1.76e-07,64.3410405968796,64.34,0.369,0.324,1.142,7.37,0.22,True,True,PASS
fold1_room5_mix389,static,caution,normal,2,0.0022,1.75e-07,40.255713203660015,40.26,0.275,0.287,1.936,6.67,0.99,True,True,PASS
fold1_room5_mix390,walk,safe,normal,2,0.0012,1.78e-07,54.833970754978395,54.83,0.285,0.253,5.544,8.8,0.93,True,True,PASS
fold1_room5_mix391,static,critical,normal,2,0.0983,1.75e-07,46.20317440663344,46.2,0.29,0.355,1.342,7.26,0.98,True,True,PASS
fold1_room5_mix392,walk,caution,normal,2,0.0278,1.76e-07,53.68596472029233,53.69,0.345,0.262,1.836,6.89,1.0,True,True,PASS
fold1_room5_mix393,static,safe,normal,2,0.0008,1.76e-07,64.68377714526088,64.68,0.328,0.208,14.099,8.7,0.0,True,True,PASS
fold1_room5_mix394,walk,critical,normal,2,0.0035,1.77e-07,56.256753381705856,56.26,0.293,0.254,0.986,6.69,0.82,True,True,PASS
fold1_room5_mix395,static,caution,normal,2,0.0017,1.78e-07,57.41127929945051,57.41,0.304,0.257,2.378,7.0,0.61,True,True,PASS
fold1_room5_mix396,walk,safe,normal,2,0.0995,1.79e-07,47.0992120014831,47.1,0.335,0.238,9.738,7.72,0.99,True,True,PASS
fold1_room5_mix397,static,critical,normal,2,0.0054,1.77e-07,51.86957417887972,51.87,0.376,0.338,0.968,8.54,0.98,True,True,PASS
fold1_room5_mix398,walk,caution,normal,2,0.0031,1.77e-07,62.27220710880869,62.27,0.281,0.339,2.076,7.84,0.53,True,True,PASS
fold1_room5_mix399,static,safe,normal,2,0.0008,1.77e-07,47.710354597242514,47.71,0.257,0.434,9.829,7.04,0.98,True,True,PASS
fold1_room5_mix400,walk,critical,normal,2,0.0041,1.77e-07,40.311352171812246,40.31,0.275,0.344,1.118,8.73,0.99,True,True,PASS
fold1_room5_mix401,static,caution,normal,2,0.3575,1.88e-07,44.34338075469409,44.34,0.327,0.289,2.373,6.32,1.0,True,True,PASS
fold1_room5_mix402,walk,safe,normal,2,0.0188,1.77e-07,60.8380887702787,60.84,0.319,0.288,6.993,6.95,0.31,True,True,PASS
fold1_room5_mix403,static,critical,normal,2,0.0023,1.73e-07,64.759487570809,64.76,0.359,0.234,1.458,7.95,0.17,True,True,PASS
fold1_room5_mix404,walk,caution,normal,2,0.0034,1.75e-07,46.94080415960432,46.94,0.326,0.243,2.049,6.65,1.0,True,True,PASS
fold1_room5_mix405,static,safe,normal,2,0.0005,1.77e-07,44.47244174865175,44.47,0.46,0.3,9.622,6.95,0.98,True,True,PASS
fold1_room5_mix406,walk,critical,normal,2,0.0997,1.77e-07,42.453126697286514,42.45,0.267,0.294,0.845,6.07,0.99,True,True,PASS
fold1_room5_mix407,static,caution,normal,2,0.0153,1.77e-07,59.61442129362789,59.61,0.38,0.279,2.44,8.44,0.34,True,True,PASS
fold1_room5_mix408,walk,safe,normal,2,0.0019,1.77e-07,48.87281343797092,48.87,0.271,0.335,3.821,6.81,0.98,True,True,PASS
fold1_room5_mix409,static,critical,normal,2,0.0042,1.74e-07,50.15165954134446,50.15,0.327,0.289,0.634,6.65,0.99,True,True,PASS
fold1_room5_mix410,walk,caution,normal,2,0.0018,1.77e-07,55.26612359144483,55.27,0.27,0.261,2.268,6.63,0.96,True,True,PASS
fold1_room5_mix411,static,safe,normal,2,0.0268,1.75e-07,48.5289008989617,48.53,0.27,0.265,9.791,7.66,0.99,True,True,PASS
fold1_room5_mix412,walk,critical,normal,2,0.0989,1.77e-07,41.17700485047506,41.18,0.28,0.299,1.181,8.53,0.99,True,True,PASS
fold1_room5_mix413,static,caution,normal,2,0.0015,1.76e-07,57.71806734104953,57.72,0.277,0.263,2.903,8.0,0.6,True,True,PASS
fold1_room5_mix414,walk,safe,normal,2,0.0057,1.77e-07,47.61313943159276,47.61,0.279,0.299,8.698,7.3,0.98,True,True,PASS
fold1_room5_mix415,static,critical,normal,2,0.0038,1.78e-07,58.04563503310452,58.05,0.312,0.327,1.373,8.7,0.38,True,True,PASS
fold1_room5_mix416,walk,caution,normal,2,0.0863,1.80e-07,49.942953194242705,49.94,0.287,0.243,2.619,8.69,0.67,True,True,PASS
fold1_room5_mix417,static,safe,normal,2,0.0283,1.77e-07,41.44269197246982,41.44,0.288,0.399,5.652,7.16,0.98,True,True,PASS
fold1_room5_mix418,walk,critical,normal,2,0.0042,1.75e-07,45.33147658406252,45.33,0.333,0.254,1.168,6.23,1.0,True,True,PASS
fold1_room5_mix419,static,caution,normal,2,0.0019,1.75e-07,52.05413576864203,52.05,0.407,0.314,2.429,8.45,0.91,True,True,PASS
fold1_room5_mix420,walk,safe,normal,2,0.0011,1.76e-07,59.16616121129093,59.17,0.284,0.218,11.87,6.67,0.52,True,True,PASS
fold1_room5_mix421,static,critical,normal,2,0.1088,1.80e-07,42.53543712629976,42.54,0.308,0.253,1.407,8.35,1.0,True,True,PASS
fold1_room5_mix422,walk,caution,normal,2,0.0092,1.77e-07,64.19957669473263,64.2,0.379,0.248,2.683,6.41,0.87,True,True,PASS
fold1_room5_mix423,static,safe,normal,2,0.001,1.76e-07,46.80999884622055,46.81,0.301,0.241,12.556,8.06,0.99,True,True,PASS
fold1_room5_mix424,walk,critical,normal,2,0.0045,1.79e-07,55.18638084532461,55.19,0.349,0.253,1.369,6.12,0.99,True,True,PASS
fold1_room5_mix425,static,caution,normal,2,0.0029,1.77e-07,41.773893888441,41.77,0.359,0.211,2.175,8.49,0.99,True,True,PASS
fold1_room5_mix426,walk,safe,normal,2,0.03,1.76e-07,42.22506196196218,42.23,0.313,0.282,4.605,8.09,0.98,True,True,PASS
fold1_room5_mix427,static,critical,normal,2,0.0543,1.77e-07,40.62183633155081,40.62,0.308,0.348,0.959,7.89,0.98,True,True,PASS
fold1_room5_mix428,walk,caution,normal,2,0.0025,1.76e-07,48.310158099508314,48.31,0.275,0.386,2.181,8.55,0.99,True,True,PASS
fold1_room5_mix429,static,safe,normal,2,0.0012,1.77e-07,44.12932499927225,44.13,0.27,0.323,7.043,8.55,0.98,True,True,PASS
fold1_room5_mix430,walk,critical,normal,2,0.0031,1.78e-07,60.794187985554444,60.79,0.287,0.261,1.108,6.7,0.76,True,True,PASS
fold1_room5_mix431,static,caution,normal,2,0.0968,1.80e-07,57.496262534757086,57.5,0.272,0.347,2.716,7.72,0.5,True,True,PASS
fold1_room5_mix432,walk,safe,normal,2,0.0067,1.78e-07,43.394279204751555,43.39,0.334,0.332,4.371,6.72,0.99,True,True,PASS
fold1_room5_mix433,static,critical,normal,2,0.0074,1.76e-07,50.010654375055935,50.01,0.238,0.334,0.623,8.24,0.99,True,True,PASS
fold1_room5_mix434,walk,caution,normal,2,0.0016,1.76e-07,47.485237199554646,47.49,0.268,0.348,2.387,8.23,0.78,True,True,PASS
fold1_room5_mix435,static,safe,normal,2,0.0008,1.78e-07,53.33667443978672,53.34,0.501,0.317,14.194,7.01,0.98,True,True,PASS
fold1_room5_mix436,walk,critical,normal,2,0.0165,1.76e-07,53.86532711053016,53.87,0.287,0.391,0.945,6.09,0.99,True,True,PASS
fold1_room5_mix437,static,caution,normal,2,0.0108,1.76e-07,41.61495381136624,41.62,0.545,0.299,2.634,6.75,0.98,True,True,PASS
fold1_room5_mix438,walk,safe,normal,2,0.0004,1.77e-07,59.74033832543437,59.74,0.409,0.289,14.398,8.27,0.02,True,True,PASS
fold1_room5_mix439,static,critical,normal,2,0.003,1.77e-07,55.812855085616555,55.81,0.326,0.367,1.352,8.38,0.41,True,True,PASS
fold1_room5_mix440,walk,caution,normal,2,0.002,1.77e-07,41.581384345896886,41.58,0.266,0.246,2.078,8.61,0.99,True,True,PASS
fold1_room5_mix441,static,safe,normal,2,0.0826,1.79e-07,50.097477138647584,50.1,0.281,0.319,14.879,6.86,0.69,True,True,PASS
fold1_room5_mix442,walk,critical,normal,2,0.0183,1.77e-07,45.15941187366363,45.16,0.327,0.255,1.494,7.77,1.0,True,True,PASS
fold1_room5_mix443,static,caution,normal,2,0.0029,1.76e-07,60.79699121713722,60.8,0.315,0.351,2.155,6.03,0.76,True,True,PASS
fold1_room5_mix444,walk,safe,normal,2,0.0011,1.77e-07,42.25054489258088,42.25,0.265,0.381,5.976,8.3,0.99,True,True,PASS
fold1_room5_mix445,static,critical,normal,2,0.0034,1.77e-07,63.00300892350998,63.0,0.278,0.281,1.207,7.34,0.36,True,True,PASS
fold1_room5_mix446,walk,caution,normal,2,0.0504,1.76e-07,50.22110368463755,50.22,0.266,0.351,1.652,8.42,0.99,True,True,PASS
fold1_room5_mix447,static,safe,normal,2,0.0274,1.77e-07,61.243625614814746,61.24,0.324,0.301,5.352,7.5,0.49,True,True,PASS
fold1_room5_mix448,walk,critical,normal,2,0.0037,1.75e-07,49.69837366226387,49.7,0.425,0.326,1.255,8.44,0.98,True,True,PASS
fold1_room5_mix449,static,caution,normal,2,0.002,1.77e-07,40.8999820860599,40.9,0.282,0.344,1.689,8.38,0.99,True,True,PASS
fold1_room5_mix450,walk,safe,normal,2,0.0016,1.77e-07,59.20665679251216,59.21,0.261,0.249,13.974,8.36,0.47,True,True,PASS
fold1_room5_mix451,static,critical,normal,2,0.152,1.85e-07,60.446826546141104,60.45,0.31,0.222,1.313,7.74,0.37,True,True,PASS
fold1_room5_mix452,walk,caution,normal,2,0.1366,1.76e-07,41.551032244867464,41.55,0.372,0.34,1.939,6.2,1.0,True,True,PASS
fold1_room5_mix453,static,safe,normal,2,0.0011,1.77e-07,48.79696848309101,48.8,0.37,0.22,14.948,7.53,0.99,True,True,PASS
fold1_room5_mix454,walk,critical,normal,2,0.0043,1.77e-07,46.9866997358706,46.99,0.28,0.248,1.389,8.42,0.99,True,True,PASS
fold1_room5_mix455,static,caution,normal,2,0.0033,1.78e-07,63.81414203450939,63.81,0.437,0.475,2.172,7.82,0.43,True,True,PASS
fold1_room5_mix456,walk,safe,normal,2,0.0096,1.77e-07,40.51369956709997,40.51,0.266,0.261,5.985,7.89,0.99,True,True,PASS
fold1_room5_mix457,static,critical,normal,2,0.0159,1.75e-07,41.915114519702435,41.92,0.373,0.297,0.617,8.62,0.98,True,True,PASS
fold1_room5_mix458,walk,caution,normal,2,0.0013,1.75e-07,45.21092010111487,45.21,0.28,0.299,2.672,8.99,0.96,True,True,PASS
fold1_room5_mix459,static,safe,normal,2,0.0015,1.77e-07,62.51691893778359,62.52,0.23,0.128,14.285,8.8,0.0,True,True,PASS
fold1_room5_mix460,walk,critical,normal,2,0.0032,1.78e-07,56.14006595241992,56.14,0.255,0.196,1.198,7.58,0.53,True,True,PASS
fold1_room5_mix461,static,caution,normal,2,0.0455,1.79e-07,45.53834100853692,45.54,0.278,0.298,2.851,6.64,0.99,True,True,PASS
fold1_room5_mix462,walk,safe,normal,2,0.0171,1.78e-07,47.925179283346125,47.93,0.316,0.257,6.096,6.16,1.0,True,True,PASS
fold1_room5_mix463,static,critical,normal,2,0.0034,1.76e-07,42.126248897994365,42.13,0.292,0.356,0.798,8.51,0.99,True,True,PASS
fold1_room5_mix464,walk,caution,normal,2,0.0022,1.77e-07,46.62173240588466,46.62,0.272,0.353,2.834,7.68,0.97,True,True,PASS
fold1_room5_mix465,static,safe,normal,2,0.002,1.77e-07,45.84727320360769,45.85,0.246,0.325,3.408,8.3,0.98,True,True,PASS
fold1_room5_mix466,walk,critical,normal,2,0.0056,1.76e-07,49.42355254987443,49.42,0.25,0.431,0.641,6.44,0.98,True,True,PASS
fold1_room5_mix467,static,caution,normal,2,0.0059,1.76e-07,58.80943632780283,58.81,0.278,0.275,2.558,8.99,0.28,True,True,PASS
fold1_room5_mix468,walk,safe,normal,2,0.0008,1.78e-07,41.02930457147814,41.03,0.253,0.34,11.374,8.19,0.98,True,True,PASS
fold1_room5_mix469,static,critical,normal,2,0.0036,1.77e-07,45.839578204148665,45.84,0.348,0.257,0.942,7.5,0.99,True,True,PASS
fold1_room5_mix470,walk,caution,normal,2,0.0016,1.78e-07,48.19023717902773,48.19,0.249,0.28,2.231,8.57,0.92,True,True,PASS
fold1_room5_mix471,static,safe,normal,2,0.0122,1.77e-07,43.38111228022828,43.38,0.39,0.271,3.83,7.04,0.99,True,True,PASS
fold1_room5_mix472,walk,critical,normal,2,0.0205,1.77e-07,63.46133679837134,63.46,0.262,0.305,1.338,8.0,0.59,True,True,PASS
fold1_room5_mix473,static,caution,normal,2,0.0012,1.75e-07,47.738753722882215,47.74,0.349,0.368,2.987,8.31,0.98,True,True,PASS
fold1_room5_mix474,walk,safe,normal,2,0.001,1.77e-07,53.91801896395947,53.92,0.311,0.261,7.87,8.51,0.57,True,True,PASS
fold1_room5_mix475,static,critical,normal,2,0.0041,1.77e-07,54.010733501422685,54.01,0.373,0.324,0.837,7.92,0.77,True,True,PASS
fold1_room5_mix476,walk,caution,normal,2,0.0122,1.77e-07,52.165045590935065,52.17,0.321,0.287,1.896,7.28,0.9,True,True,PASS
fold1_room5_mix477,static,safe,normal,2,0.0283,1.75e-07,63.69060345820617,63.69,0.4,0.343,9.729,7.34,0.21,True,True,PASS
fold1_room5_mix478,walk,critical,normal,2,0.0033,1.77e-07,57.291247614411134,57.29,0.296,0.27,1.289,8.36,0.99,True,True,PASS
fold1_room5_mix479,static,caution,normal,2,0.0034,1.77e-07,62.239967355687426,62.24,0.284,0.244,2.397,6.44,0.67,True,True,PASS
fold1_room5_mix480,walk,safe,normal,2,0.0009,1.77e-07,59.784541762941714,59.78,0.247,0.269,5.358,8.01,0.75,True,True,PASS
fold1_room5_mix481,static,critical,normal,2,0.0466,1.77e-07,56.71490001440764,56.71,0.297,0.277,0.944,6.39,0.66,True,True,PASS
fold1_room5_mix482,walk,caution,normal,2,0.0057,1.77e-07,54.77112932595565,54.77,0.358,0.276,2.959,8.07,0.52,True,True,PASS
fold1_room5_mix483,static,safe,normal,2,0.0006,1.76e-07,49.516335332536855,49.52,0.293,0.377,9.677,7.91,0.91,True,True,PASS
fold1_room5_mix484,walk,critical,normal,2,0.0037,1.76e-07,56.56649182417658,56.57,0.256,0.217,1.378,8.33,0.6,True,True,PASS
fold1_room5_mix485,static,caution,normal,2,0.0032,1.77e-07,53.51543810739785,53.52,0.35,0.484,1.773,7.56,0.98,True,True,PASS
fold1_room5_mix486,walk,safe,normal,2,0.0637,1.78e-07,48.21756413162556,48.22,0.275,0.358,5.832,8.15,0.98,True,True,PASS
fold1_room5_mix487,static,critical,normal,2,0.0164,1.77e-07,42.75280534353724,42.75,0.327,0.271,1.399,6.94,0.99,True,True,PASS
fold1_room5_mix488,walk,caution,normal,2,0.0035,1.75e-07,52.208206102316474,52.21,0.266,0.319,1.936,8.1,0.98,True,True,PASS
fold1_room5_mix489,static,safe,normal,2,0.001,1.76e-07,46.26089949051584,46.26,0.297,0.201,12.407,7.09,0.99,True,True,PASS
fold1_room5_mix490,walk,critical,normal,2,0.0037,1.77e-07,62.227320866253805,62.23,0.255,0.255,1.488,6.74,0.68,True,True,PASS
fold1_room5_mix491,static,caution,normal,2,0.02,1.76e-07,50.844693990958156,50.84,0.282,0.269,2.955,6.93,0.87,True,True,PASS
fold1_room5_mix492,walk,safe,normal,2,0.0193,1.76e-07,53.520483306342385,53.52,0.213,0.31,8.397,7.12,0.73,True,True,PASS
fold1_room5_mix493,static,critical,normal,2,0.0054,1.77e-07,59.71171963084832,59.71,0.292,0.371,0.793,6.58,0.62,True,True,PASS
fold1_room5_mix494,walk,caution,normal,2,0.0022,1.76e-07,63.40913448854265,63.41,0.307,0.219,2.852,7.38,0.49,True,True,PASS
fold1_room5_mix495,static,safe,normal,2,0.0012,1.77e-07,42.95788938635192,42.96,0.249,0.253,6.675,8.31,0.98,True,True,PASS
fold1_room5_mix496,walk,critical,normal,2,0.0262,1.78e-07,54.29934829868815,54.3,0.278,0.262,1.131,6.15,0.81,True,True,PASS
fold1_room5_mix497,static,caution,normal,2,0.0142,1.75e-07,64.29163601258566,64.29,0.505,0.23,2.718,8.81,0.46,True,True,PASS
fold1_room5_mix498,walk,safe,normal,2,0.0011,1.76e-07,47.891605459315926,47.89,0.25,0.316,8.968,6.86,0.99,True,True,PASS
fold1_room5_mix499,static,critical,normal,2,0.0032,1.76e-07,55.8235689138219,55.82,0.324,0.33,1.347,8.52,0.51,True,True,PASS
fold1_room5_mix500,walk,caution,normal,2,0.0032,1.76e-07,47.30716642931147,47.31,0.25,0.296,2.381,6.42,0.99,True,True,PASS
fold1_room5_mix501,static,safe,normal,2,0.5669,2.25e-07,64.37721161474411,64.38,0.215,0.195,13.337,6.31,0.0,True,True,PASS
fold1_room5_mix502,walk,critical,normal,2,0.0141,1.76e-07,57.174905246817,57.17,0.368,0.349,0.912,6.65,0.79,True,True,PASS
fold1_room5_mix503,static,caution,normal,2,0.0034,1.76e-07,47.42989998117375,47.43,0.27,0.245,1.909,8.81,0.99,True,True,PASS
fold1_room5_mix504,walk,safe,normal,2,0.0005,1.77e-07,46.36069230435261,46.36,0.371,0.272,14.5,8.47,0.97,True,True,PASS
fold1_room5_mix505,static,critical,normal,2,0.0035,1.77e-07,46.065074786720345,46.07,0.405,0.242,1.339,8.2,0.99,True,True,PASS
fold1_room5_mix506,walk,caution,normal,2,0.0123,1.75e-07,45.42398788037895,45.42,0.257,0.449,2.329,6.47,1.0,True,True,PASS
fold1_room5_mix507,static,safe,normal,2,0.0126,1.78e-07,60.14932889944145,60.15,0.299,0.351,13.526,7.94,0.35,True,True,PASS
fold1_room5_mix508,walk,critical,normal,2,0.0031,1.75e-07,59.178378246382664,59.18,0.277,0.296,0.988,7.71,0.49,True,True,PASS
fold1_room5_mix509,static,caution,normal,2,0.0029,1.74e-07,48.23265457883792,48.23,0.282,0.324,2.001,8.24,0.99,True,True,PASS
fold1_room5_mix510,walk,safe,normal,2,0.0011,1.78e-07,53.37595459134347,53.38,0.25,0.229,10.884,8.43,0.99,True,True,PASS
fold1_room5_mix511,static,critical,normal,2,0.0098,1.76e-07,58.127016883864655,58.13,0.276,0.197,1.073,6.97,0.83,True,True,PASS
fold1_room5_mix512,walk,caution,normal,2,0.0249,1.77e-07,41.87251062312337,41.87,0.343,0.227,1.826,8.22,1.0,True,True,PASS
fold1_room5_mix513,static,safe,normal,2,0.0011,1.78e-07,50.4117701836583,50.41,0.389,0.323,12.004,7.31,0.97,True,True,PASS
fold1_room5_mix514,walk,critical,normal,2,0.0025,1.77e-07,56.26875628669741,56.27,0.336,0.255,1.255,6.62,0.83,True,True,PASS
fold1_room5_mix515,static,caution,normal,2,0.0022,1.77e-07,48.035693196234256,48.04,0.253,0.217,2.673,8.64,0.98,True,True,PASS
fold1_room5_mix516,walk,safe,normal,2,0.0128,1.76e-07,63.59166419104264,63.59,0.296,0.295,8.279,8.13,0.42,True,True,PASS
fold1_room5_mix517,static,critical,normal,2,0.0066,1.76e-07,59.97006582033166,59.97,0.375,0.31,1.259,6.47,0.72,True,True,PASS
fold1_room5_mix518,walk,caution,normal,2,0.0016,1.75e-07,64.48381746282985,64.48,0.453,0.319,2.67,7.44,0.21,True,True,PASS
fold1_room5_mix519,static,safe,normal,2,0.0006,1.77e-07,45.742457076468426,45.74,0.26,0.302,11.551,6.61,0.98,True,True,PASS
fold1_room5_mix520,walk,critical,normal,2,0.0028,1.78e-07,47.96506936843584,47.97,0.26,0.362,1.064,7.82,0.98,True,True,PASS
fold1_room5_mix521,static,caution,normal,2,0.0278,1.76e-07,59.2188062687716,59.22,0.251,0.273,1.605,8.07,0.52,True,True,PASS
fold1_room5_mix522,walk,safe,normal,2,0.0632,1.77e-07,62.753207068160336,62.75,0.287,0.309,9.133,7.2,0.61,True,True,PASS
fold1_room5_mix523,static,critical,normal,2,0.0033,1.76e-07,46.24742681916646,46.25,0.252,0.447,1.406,6.17,0.99,True,True,PASS
fold1_room5_mix524,walk,caution,normal,2,0.0027,1.77e-07,59.134586665680104,59.13,0.362,0.222,2.051,7.17,0.65,True,True,PASS
fold1_room5_mix525,static,safe,normal,2,0.0009,1.76e-07,54.035513820828854,54.04,0.258,0.337,12.724,8.96,0.99,True,True,PASS
fold1_room5_mix526,walk,critical,normal,2,0.0351,1.78e-07,55.99373171957146,55.99,0.311,0.314,0.99,6.37,0.51,True,True,PASS
fold1_room5_mix527,static,caution,normal,2,0.0588,1.76e-07,59.2121263382459,59.21,0.393,0.291,2.425,6.7,0.47,True,True,PASS
fold1_room5_mix528,walk,safe,normal,2,0.0008,1.77e-07,46.89217222369638,46.89,0.234,0.386,14.417,8.62,0.98,True,True,PASS
fold1_room5_mix529,static,critical,normal,2,0.0034,1.77e-07,56.703731459868585,56.7,0.29,0.303,1.017,8.14,0.49,True,True,PASS
fold1_room5_mix530,walk,caution,normal,2,0.0031,1.76e-07,43.785887783132715,43.79,0.286,0.261,1.901,7.56,0.99,True,True,PASS
fold1_room5_mix531,static,safe,normal,2,0.0172,1.78e-07,63.93505536481399,63.94,0.323,0.325,12.785,6.11,0.0,True,True,PASS
fold1_room5_mix532,walk,critical,normal,2,0.0656,1.76e-07,44.81150599276241,44.81,0.562,0.312,1.118,7.68,0.98,True,True,PASS
fold1_room5_mix533,static,caution,normal,2,0.0016,1.75e-07,62.620939154193024,62.62,0.277,0.259,2.382,7.98,0.46,True,True,PASS
fold1_room5_mix534,walk,safe,normal,2,0.0013,1.78e-07,47.811780323816215,47.81,0.246,0.328,5.448,7.31,0.97,True,True,PASS
fold1_room5_mix535,static,critical,normal,2,0.0037,1.78e-07,43.84940467417059,43.85,0.427,0.226,1.362,8.71,0.99,True,True,PASS
fold1_room5_mix536,walk,caution,normal,2,0.0517,1.76e-07,54.99012346585367,54.99,0.268,0.228,1.573,8.52,0.99,True,True,PASS
fold1_room5_mix537,static,safe,normal,2,0.009,1.76e-07,55.327081209282674,55.33,0.39,0.282,6.25,8.35,0.53,True,True,PASS
fold1_room5_mix538,walk,critical,normal,2,0.0063,1.76e-07,51.97470108908082,51.97,0.257,0.338,0.839,8.1,0.98,True,True,PASS
fold1_room5_mix539,static,caution,normal,2,0.0021,1.77e-07,52.476113551101676,52.48,0.254,0.324,1.793,7.13,0.99,True,True,PASS
fold1_room5_mix540,walk,safe,normal,2,0.0027,1.77e-07,42.81614465719746,42.82,0.306,0.286,9.473,6.61,0.99,True,True,PASS
fold1_room5_mix541,static,critical,normal,2,0.0098,1.77e-07,53.00879240212245,53.01,0.298,0.343,0.709,6.38,0.97,True,True,PASS
fold1_room5_mix542,walk,caution,normal,2,0.0605,1.76e-07,46.210359809457096,46.21,0.266,0.304,1.861,6.43,0.96,True,True,PASS
fold1_room5_mix543,static,safe,normal,2,0.0013,1.75e-07,63.75463994957246,63.75,0.289,0.401,13.702,6.91,0.0,True,True,PASS
fold1_room5_mix544,walk,critical,normal,2,0.0033,1.76e-07,59.638533004897084,59.64,0.253,0.361,1.007,6.59,0.72,True,True,PASS
fold1_room5_mix545,static,caution,normal,2,0.0017,1.77e-07,61.805051764232786,61.81,0.306,0.486,2.346,8.44,0.35,True,True,PASS
fold1_room5_mix546,walk,safe,normal,2,0.1465,1.80e-07,56.99116370491288,56.99,0.285,0.293,11.853,7.34,0.65,True,True,PASS
fold1_room5_mix547,static,critical,normal,2,0.0065,1.74e-07,40.762428217758924,40.76,0.306,0.234,1.49,8.45,0.99,True,True,PASS
fold1_room5_mix548,walk,caution,normal,2,0.0018,1.73e-07,49.017066161277285,49.02,0.472,0.351,1.899,8.39,1.0,True,True,PASS
fold1_room5_mix549,static,safe,normal,2,0.0013,1.74e-07,42.555065821049574,42.56,0.332,0.292,6.627,7.39,0.99,True,True,PASS
fold1_room5_mix550,walk,critical,normal,2,0.0052,1.77e-07,54.813515108663296,54.81,0.286,0.242,0.957,8.27,0.8,True,True,PASS
fold1_room5_mix551,static,caution,normal,2,0.0939,1.76e-07,40.11223011889102,40.11,0.3,0.296,1.591,8.53,0.98,True,True,PASS
fold1_room5_mix552,walk,safe,normal,2,0.013,1.75e-07,55.94967916975986,55.95,0.267,0.37,12.124,8.08,0.58,True,True,PASS
fold1_room5_mix553,static,critical,normal,2,0.006,1.75e-07,62.39006401762076,62.39,0.291,0.289,0.615,7.61,0.56,True,True,PASS
fold1_room5_mix554,walk,caution,normal,2,0.0023,1.74e-07,62.700729500326844,62.7,0.263,0.33,1.779,7.2,0.84,True,True,PASS
fold1_room5_mix555,static,safe,normal,2,0.0004,1.78e-07,48.0085681892422,48.01,0.22,0.307,14.463,6.08,0.85,True,True,PASS
fold1_room5_mix556,walk,critical,normal,2,0.0311,1.77e-07,56.623050231385136,56.62,0.272,0.312,1.168,8.77,0.42,True,True,PASS
fold1_room5_mix557,static,caution,normal,2,0.0916,1.78e-07,50.02253883416823,50.02,0.315,0.317,1.77,8.19,0.97,True,True,PASS
fold1_room5_mix558,walk,safe,normal,2,0.0009,1.77e-07,60.64144515095083,60.64,0.306,0.487,10.45,8.12,0.44,True,True,PASS
fold1_room5_mix559,static,critical,normal,2,0.0038,1.77e-07,58.75657465945008,58.76,0.325,0.448,0.686,7.41,0.52,True,True,PASS
fold1_room5_mix560,walk,caution,normal,2,0.0029,1.77e-07,64.56770737449334,64.57,0.303,0.252,1.97,8.45,0.43,True,True,PASS
fold1_room5_mix561,static,safe,normal,2,0.0099,1.76e-07,53.33367889734029,53.33,0.262,0.235,4.139,8.21,0.99,True,True,PASS
fold1_room5_mix562,walk,critical,normal,2,0.0102,1.77e-07,63.51689295412936,63.52,0.316,0.263,0.88,6.29,0.4,True,True,PASS
fold1_room5_mix563,static,caution,normal,2,0.0018,1.76e-07,43.781483467621825,43.78,0.316,0.307,2.818,6.03,0.99,True,True,PASS
fold1_room5_mix564,walk,safe,normal,2,0.0023,1.78e-07,62.031305839640154,62.03,0.271,0.269,4.214,6.8,0.86,True,True,PASS
fold1_room5_mix565,static,critical,normal,2,0.0029,1.78e-07,44.27467455780218,44.27,0.257,0.216,0.995,6.33,0.99,True,True,PASS
fold1_room5_mix566,walk,caution,normal,2,0.006,1.77e-07,50.568424674081285,50.57,0.288,0.447,2.764,8.08,0.99,True,True,PASS
fold1_room5_mix567,static,safe,normal,2,0.0933,1.77e-07,51.084631169722456,51.08,0.384,0.24,10.602,6.24,1.0,True,True,PASS
fold1_room5_mix568,walk,critical,normal,2,0.0032,1.77e-07,53.20854311953561,53.21,0.318,0.243,1.275,8.98,0.59,True,True,PASS
fold1_room5_mix569,static,caution,normal,2,0.0018,1.77e-07,56.281146392229665,56.28,0.258,0.34,2.218,8.4,0.77,True,True,PASS
fold1_room5_mix570,walk,safe,normal,2,0.0008,1.78e-07,53.0049068234241,53.0,0.243,0.306,10.929,8.34,0.49,True,True,PASS
fold1_room5_mix571,static,critical,normal,2,0.0335,1.76e-07,58.4464531298009,58.45,0.282,0.304,1.439,6.88,0.66,True,True,PASS
fold1_room5_mix572,walk,caution,normal,2,0.0309,1.74e-07,49.16617435000212,49.17,0.284,0.302,2.305,7.4,0.98,True,True,PASS
fold1_room5_mix573,static,safe,normal,2,0.0009,1.76e-07,42.08853712973581,42.09,0.307,0.343,6.633,7.75,0.99,True,True,PASS
fold1_room5_mix574,walk,critical,normal,2,0.004,1.76e-07,62.20441759309564,62.2,0.271,0.23,1.327,6.27,0.93,True,True,PASS
fold1_room5_mix575,static,caution,normal,3,0.0063,2.27e-07,57.41762110329584,57.42,0.371,0.414,2.388,7.8,0.47,True,True,PASS
fold1_room5_mix576,walk,safe,normal,3,0.0746,2.29e-07,47.44988506347089,47.45,0.319,0.275,8.357,7.87,0.99,True,True,PASS
fold1_room5_mix577,static,critical,normal,3,0.044,2.22e-07,63.88627249296071,63.89,0.294,0.312,0.968,6.53,0.26,True,True,PASS
fold1_room5_mix578,walk,caution,normal,3,0.0027,2.34e-07,63.423310526440034,63.42,0.315,0.31,2.324,7.44,0.47,True,True,PASS
fold1_room5_mix579,static,safe,normal,3,0.0278,2.29e-07,47.49852044095373,47.5,0.328,0.322,9.276,7.77,0.99,True,True,PASS
fold1_room5_mix580,walk,critical,normal,3,0.0062,2.30e-07,64.63512036665804,64.64,0.395,0.245,0.879,6.93,0.41,True,True,PASS
fold1_room5_mix581,static,caution,normal,3,0.0226,2.25e-07,45.98119781522117,45.98,0.276,0.227,2.534,6.25,0.99,True,True,PASS
fold1_room5_mix582,walk,safe,normal,3,0.0315,2.31e-07,58.01740537281505,58.02,0.421,0.234,9.182,6.61,0.91,True,True,PASS
fold1_room5_mix583,static,critical,normal,3,0.0031,2.33e-07,50.77990600999209,50.78,0.245,0.268,1.059,8.56,0.68,True,True,PASS
fold1_room5_mix584,walk,caution,normal,3,0.0316,2.29e-07,47.073608187146135,47.07,0.291,0.324,1.895,6.22,0.99,True,True,PASS
fold1_room5_mix585,static,safe,normal,3,0.0045,2.26e-07,62.62874625101003,62.63,0.267,0.23,3.935,7.77,0.47,True,True,PASS
fold1_room5_mix586,walk,critical,normal,3,0.2284,2.27e-07,59.05835789788637,59.06,0.319,0.245,1.025,8.23,0.39,True,True,PASS
fold1_room5_mix587,static,caution,normal,3,0.0414,2.29e-07,50.90044695457962,50.9,0.328,0.304,2.458,6.32,0.98,True,True,PASS
fold1_room5_mix588,walk,safe,normal,3,0.0019,2.35e-07,50.0949283117272,50.09,0.266,0.315,7.431,7.6,0.98,True,True,PASS
fold1_room5_mix589,static,critical,normal,3,0.0806,2.31e-07,59.577574542262525,59.58,0.307,0.318,1.122,6.1,0.8,True,True,PASS
fold1_room5_mix590,walk,caution,normal,3,0.0053,2.29e-07,50.2672757934291,50.27,0.299,0.3,2.405,8.2,0.98,True,True,PASS
fold1_room5_mix591,static,safe,normal,3,0.0116,2.23e-07,46.82704392165576,46.83,0.336,0.335,10.39,8.72,0.97,True,True,PASS
fold1_room5_mix592,walk,critical,normal,3,0.0749,2.25e-07,47.84234192289692,47.84,0.428,0.248,1.486,8.84,0.99,True,True,PASS
fold1_room5_mix593,static,caution,normal,3,0.0019,2.22e-07,50.15715769991276,50.16,0.386,0.352,1.598,8.64,0.53,True,True,PASS
fold1_room5_mix594,walk,safe,normal,3,0.2067,2.27e-07,42.561249322909504,42.56,0.277,0.354,6.772,7.61,0.98,True,True,PASS
fold1_room5_mix595,static,critical,normal,3,0.1301,2.32e-07,42.47828050855439,42.48,0.431,0.271,0.748,7.73,0.99,True,True,PASS
fold1_room5_mix596,walk,caution,normal,3,0.0971,1.76e-07,45.244650295264776,45.24,0.295,0.347,1.887,6.03,0.99,True,True,PASS
fold1_room5_mix597,static,safe,normal,3,0.0363,2.29e-07,41.034560069639696,41.03,0.37,0.275,11.215,8.19,0.99,True,True,PASS
fold1_room5_mix598,walk,critical,normal,3,0.0039,2.35e-07,60.72662358035656,60.73,0.323,0.296,0.637,6.24,0.64,True,True,PASS
fold1_room5_mix599,static,caution,normal,3,0.2946,2.33e-07,51.39392393688358,51.39,0.343,0.343,1.83,8.18,0.99,True,True,PASS
fold1_room5_mix600,walk,safe,normal,3,0.0067,2.31e-07,42.57668025206802,42.58,0.263,0.374,14.624,7.75,0.99,True,True,PASS
fold1_room5_mix601,static,critical,normal,3,0.049,1.77e-07,59.369905657937366,59.37,0.317,0.296,0.625,6.94,0.81,True,True,PASS
fold1_room5_mix602,walk,caution,normal,3,0.0364,1.77e-07,58.86095546004165,58.86,0.494,0.396,2.573,8.45,0.57,True,True,PASS
fold1_room5_mix603,static,safe,normal,3,0.0019,2.31e-07,61.72521147438536,61.73,0.288,0.394,3.702,6.95,0.31,True,True,PASS
fold1_room5_mix604,walk,critical,normal,3,0.0436,2.31e-07,44.516204146909885,44.52,0.305,0.324,1.102,8.39,0.98,True,True,PASS
fold1_room5_mix605,static,caution,normal,3,0.0374,2.26e-07,48.801224149372985,48.8,0.482,0.254,1.787,8.46,0.98,True,True,PASS
fold1_room5_mix606,walk,safe,normal,3,0.0314,2.25e-07,51.96228549008162,51.96,0.265,0.288,5.919,7.79,0.98,True,True,PASS
fold1_room5_mix607,static,critical,normal,3,0.0279,2.28e-07,41.36839932569929,41.37,0.352,0.32,0.85,7.16,0.98,True,True,PASS
fold1_room5_mix608,walk,caution,normal,3,0.003,2.25e-07,63.62660818441228,63.63,0.285,0.279,2.436,7.18,0.99,True,True,PASS
fold1_room5_mix609,static,safe,normal,3,0.0115,2.26e-07,63.69742403520432,63.7,0.325,0.422,11.139,8.5,0.32,True,True,PASS
fold1_room5_mix610,walk,critical,normal,3,0.0049,2.32e-07,41.370661752093284,41.37,0.368,0.282,1.295,6.53,1.0,True,True,PASS
fold1_room5_mix611,static,caution,normal,3,0.3791,2.39e-07,46.8515290804612,46.85,0.278,0.464,2.528,7.71,0.98,True,True,PASS
fold1_room5_mix612,walk,safe,normal,3,0.1535,2.29e-07,51.43173622496646,51.43,0.362,0.335,5.564,8.99,0.96,True,True,PASS
fold1_room5_mix613,static,critical,normal,3,0.007,2.25e-07,43.118428376307115,43.12,0.358,0.449,0.795,7.41,0.99,True,True,PASS
fold1_room5_mix614,walk,caution,normal,3,0.0395,2.34e-07,60.08711685926495,60.09,0.404,0.301,2.807,7.32,0.46,True,True,PASS
fold1_room5_mix615,static,safe,normal,3,0.0334,2.30e-07,43.67775840334966,43.68,0.288,0.307,9.839,6.27,0.99,True,True,PASS
fold1_room5_mix616,walk,critical,normal,3,0.0706,2.28e-07,50.9074586291696,50.91,0.291,0.306,0.978,7.3,1.0,True,True,PASS
fold1_room5_mix617,static,caution,normal,3,0.0476,2.29e-07,60.579748145290466,60.58,0.332,0.369,2.169,6.85,0.82,True,True,PASS
fold1_room5_mix618,walk,safe,normal,3,0.0013,2.29e-07,57.0158141688448,57.02,0.298,0.297,8.551,6.73,0.31,True,True,PASS
fold1_room5_mix619,static,critical,normal,3,0.0224,2.29e-07,55.72963506814804,55.73,0.356,0.299,0.847,7.65,0.62,True,True,PASS
fold1_room5_mix620,walk,caution,normal,3,0.0132,2.26e-07,43.99750344025465,44.0,0.551,0.264,1.792,7.07,0.99,True,True,PASS
fold1_room5_mix621,static,safe,normal,3,0.0062,2.31e-07,54.79725138696502,54.8,0.277,0.368,11.87,7.26,0.59,True,True,PASS
fold1_room5_mix622,walk,critical,normal,3,0.0377,2.30e-07,46.52506768978872,46.53,0.525,0.372,0.741,6.57,1.0,True,True,PASS
fold1_room5_mix623,static,caution,normal,3,0.0024,2.25e-07,53.71722747053526,53.72,0.366,0.462,2.84,6.34,0.9,True,True,PASS
fold1_room5_mix624,walk,safe,normal,3,0.0099,2.28e-07,64.44129779218386,64.44,0.288,0.422,12.591,8.53,0.0,True,True,PASS
fold1_room5_mix625,static,critical,normal,3,0.1354,2.28e-07,59.96307488888844,59.96,0.492,0.284,1.125,8.59,0.38,True,True,PASS
fold1_room5_mix626,walk,caution,normal,3,0.6868,2.27e-07,60.05314025232187,60.05,0.347,0.29,2.827,7.26,0.51,True,True,PASS
fold1_room5_mix627,static,safe,normal,3,0.0307,2.26e-07,44.188809410591006,44.19,0.388,0.335,13.726,6.73,1.0,True,True,PASS
fold1_room5_mix628,walk,critical,normal,3,0.0041,2.25e-07,63.37707970921005,63.38,0.264,0.281,0.827,7.37,0.42,True,True,PASS
fold1_room5_mix629,static,caution,normal,3,0.0187,2.27e-07,42.758987518373445,42.76,0.285,0.317,1.902,6.49,0.98,True,True,PASS
fold1_room5_mix630,walk,safe,normal,3,0.0103,2.32e-07,60.54138827409896,60.54,0.322,0.359,8.223,6.31,0.27,True,True,PASS
fold1_room5_mix631,static,critical,normal,3,0.0356,2.24e-07,54.626337403018084,54.63,0.269,0.343,1.273,7.34,0.99,True,True,PASS
fold1_room5_mix632,walk,caution,normal,3,0.0218,2.30e-07,47.85272188191248,47.85,0.311,0.233,1.834,6.81,0.99,True,True,PASS
fold1_room5_mix633,static,safe,normal,3,0.0013,2.32e-07,54.60187000509702,54.6,0.287,0.272,8.48,6.51,0.76,True,True,PASS
fold1_room5_mix634,walk,critical,normal,3,0.0196,2.28e-07,48.5471662146591,48.55,0.323,0.282,1.396,6.37,1.0,True,True,PASS
fold1_room5_mix635,static,caution,normal,3,0.0139,2.28e-07,53.02395714704092,53.02,0.336,0.272,1.779,6.49,0.56,True,True,PASS
fold1_room5_mix636,walk,safe,normal,3,0.0222,2.33e-07,44.35938373838772,44.36,0.298,0.397,8.321,7.5,0.99,True,True,PASS
fold1_room5_mix637,static,critical,normal,3,0.0489,2.31e-07,62.38923030236728,62.39,0.335,0.347,1.388,8.64,0.36,True,True,PASS
fold1_room5_mix638,walk,caution,normal,3,0.0016,2.27e-07,58.654325812679815,58.65,0.352,0.334,2.34,7.75,0.45,True,True,PASS
fold1_room5_mix639,static,safe,normal,3,0.0148,2.33e-07,40.41266146540142,40.41,0.308,0.347,11.84,7.46,0.99,True,True,PASS
fold1_room5_mix640,walk,critical,normal,3,0.0185,2.34e-07,57.72831868142716,57.73,0.375,0.38,1.419,7.06,0.84,True,True,PASS
fold1_room5_mix641,static,caution,normal,3,0.4811,2.31e-07,62.21894885911245,62.22,0.286,0.278,1.945,7.88,0.39,True,True,PASS
fold1_room5_mix642,walk,safe,normal,3,0.0081,2.23e-07,58.615114678758076,58.62,0.32,0.264,11.691,7.44,0.39,True,True,PASS
fold1_room5_mix643,static,critical,normal,3,0.003,2.27e-07,45.35064692746721,45.35,0.28,0.256,1.044,6.76,0.99,True,True,PASS
fold1_room5_mix644,walk,caution,normal,3,0.054,2.32e-07,51.59647390735758,51.6,0.272,0.23,2.707,8.16,0.8,True,True,PASS
fold1_room5_mix645,static,safe,normal,3,0.0096,2.28e-07,52.18762999247527,52.19,0.336,0.263,3.643,6.23,0.99,True,True,PASS
fold1_room5_mix646,walk,critical,normal,3,0.0541,1.78e-07,59.88021738072092,59.88,0.343,0.283,1.425,6.77,0.65,True,True,PASS
fold1_room5_mix647,static,caution,normal,3,0.0047,2.29e-07,48.90125118823091,48.9,0.315,0.307,1.67,8.79,0.96,True,True,PASS
fold1_room5_mix648,walk,safe,normal,3,0.0014,2.28e-07,44.8812775968305,44.88,0.294,0.458,7.824,6.98,0.99,True,True,PASS
fold1_room5_mix649,static,critical,normal,3,0.0343,2.28e-07,64.05413640075707,64.05,0.26,0.294,0.715,7.63,0.59,True,True,PASS
fold1_room5_mix650,walk,caution,normal,3,0.0148,2.30e-07,47.944863348257435,47.94,0.368,0.333,2.546,6.22,0.99,True,True,PASS
fold1_room5_mix651,static,safe,normal,3,0.3785,2.40e-07,62.84911218657394,62.85,0.346,0.281,3.984,6.2,0.27,True,True,PASS
fold1_room5_mix652,walk,critical,normal,3,0.0039,2.25e-07,53.09756630941587,53.1,0.317,0.391,0.729,8.38,0.49,True,True,PASS
fold1_room5_mix653,static,caution,normal,3,0.0033,2.26e-07,58.89116673811431,58.89,0.424,0.291,2.308,7.05,0.78,True,True,PASS
fold1_room5_mix654,walk,safe,normal,3,0.0042,1.78e-07,46.63486499041228,46.64,0.37,0.273,14.813,6.42,0.99,True,True,PASS
fold1_room5_mix655,static,critical,normal,3,0.0319,2.28e-07,61.11496267773786,61.11,0.326,0.431,1.153,8.26,0.47,True,True,PASS
fold1_room5_mix656,walk,caution,normal,3,0.0213,1.75e-07,46.755325710206876,46.76,0.314,0.33,2.85,8.83,0.99,True,True,PASS
fold1_room5_mix657,static,safe,normal,3,0.0156,2.29e-07,61.22433923735133,61.22,0.284,0.237,12.329,8.02,0.26,True,True,PASS
fold1_room5_mix658,walk,critical,normal,3,0.0033,2.29e-07,63.73318791356505,63.73,0.322,0.393,1.399,6.57,0.25,True,True,PASS
fold1_room5_mix659,static,caution,normal,3,0.082,2.31e-07,64.22527615382066,64.23,0.311,0.323,1.785,6.26,0.39,True,True,PASS
fold1_room5_mix660,walk,safe,normal,3,0.0115,2.22e-07,62.165717813944525,62.17,0.317,0.278,11.541,6.98,0.19,True,True,PASS
fold1_room5_mix661,static,critical,normal,3,0.023,1.77e-07,57.47968865094208,57.48,0.387,0.301,1.252,6.27,0.56,True,True,PASS
fold1_room5_mix662,walk,caution,normal,3,0.0065,2.27e-07,54.30703249167881,54.31,0.275,0.273,1.645,6.09,0.74,True,True,PASS
fold1_room5_mix663,static,safe,normal,3,0.0017,2.30e-07,43.852685419575025,43.85,0.346,0.288,3.89,8.55,0.99,True,True,PASS
fold1_room5_mix664,walk,critical,normal,3,0.0135,2.29e-07,44.453483120836445,44.45,0.371,0.306,1.357,7.95,0.98,True,True,PASS
fold1_room5_mix665,static,caution,normal,3,0.0183,2.29e-07,53.381165949623636,53.38,0.276,0.32,2.397,6.39,0.99,True,True,PASS
fold1_room5_mix666,walk,safe,normal,3,0.0506,2.21e-07,45.96710885374941,45.97,0.357,0.255,7.037,7.34,0.98,True,True,PASS
fold1_room5_mix667,static,critical,normal,3,0.0075,2.30e-07,53.19118108956221,53.19,0.39,0.346,0.944,6.94,0.98,True,True,PASS
fold1_room5_mix668,walk,caution,normal,3,0.0017,2.32e-07,51.22151627219953,51.22,0.263,0.373,2.104,6.84,0.72,True,True,PASS
fold1_room5_mix669,static,safe,normal,3,0.0095,1.77e-07,47.29275996186638,47.29,0.289,0.235,3.515,7.67,0.99,True,True,PASS
fold1_room5_mix670,walk,critical,normal,3,0.0282,2.30e-07,58.129125245851185,58.13,0.332,0.268,0.79,8.99,0.56,True,True,PASS
fold1_room5_mix671,static,caution,normal,3,0.09,2.23e-07,56.375098234586986,56.38,0.399,0.253,2.093,8.31,0.77,True,True,PASS
fold1_room5_mix672,walk,safe,normal,3,0.0103,2.25e-07,40.64564639326535,40.65,0.246,0.317,9.691,6.32,0.99,True,True,PASS
fold1_room5_mix673,static,critical,normal,3,0.0053,2.29e-07,51.80296903924996,51.8,0.312,0.458,1.037,8.7,0.98,True,True,PASS
fold1_room5_mix674,walk,caution,normal,3,0.0099,2.28e-07,42.694742662710574,42.69,0.399,0.354,2.578,8.96,0.98,True,True,PASS
fold1_room5_mix675,static,safe,normal,3,0.0183,2.33e-07,47.31181568544467,47.31,0.444,0.327,9.422,6.27,0.98,True,True,PASS
