car_side,clip_id,danger_tier,motion,n_car,n_warnings,scenario,scene_type,seed,split,w1_class,w1_side,w2_class,w2_side
L,fold32_room1_mix0001,critical,walk,2,1,v11core,arterial,15000000000,fold32,siren,R,,
L,fold32_room1_mix0002,safe,static,1,2,v11core,arterial,15000104729,fold32,bike_bell,L,crossing,R
R,fold32_room1_mix0003,safe,walk,2,0,v11core,daily,15000209458,fold32,,,,
,fold32_room1_mix0004,na,walk,0,1,v11core,residential,15000314187,fold32,horn,R,,
R,fold32_room1_mix0005,caution,static,2,0,v11core,daily,15000418916,fold32,,,,
R,fold32_room1_mix0006,caution,static,1,0,v11core,residential,15000523645,fold32,,,,
L,fold32_room1_mix0007,critical,walk,1,1,v11core,residential,15000628374,fold32,crossing,L,,
,fold32_room1_mix0008,na,static,0,2,v11core,residential,15000733103,fold32,siren,L,backup_beep,L
L,fold32_room1_mix0009,safe,static,1,1,v11core,residential,15000837832,fold32,siren,L,,
L,fold32_room1_mix0010,safe,static,1,0,v11core,daily,15000942561,fold32,,,,
R,fold32_room1_mix0011,safe,static,1,1,v11core,residential,15001047290,fold32,siren,R,,
L,fold32_room1_mix0012,critical,walk,1,1,v11core,residential,15001152019,fold32,bike_bell,L,,
L,fold32_room1_mix0013,caution,static,1,1,v11core,residential,15001256748,fold32,bike_bell,R,,
L,fold32_room1_mix0014,critical,walk,2,1,v11core,daily,15001361477,fold32,backup_beep,R,,
L,fold32_room1_mix0015,caution,static,1,0,v11core,daily,15001466206,fold32,,,,
,fold32_room1_mix0016,na,walk,0,1,v11core,residential,15001570935,fold32,bike_bell,R,,
R,fold32_room1_mix0017,safe,static,2,0,v11core,arterial,15001675664,fold32,,,,
R,fold32_room1_mix0018,critical,walk,1,1,v11core,residential,15001780393,fold32,crossing,L,,
R,fold32_room1_mix0019,critical,static,2,0,v11core,residential,15001885122,fold32,,,,
L,fold32_room1_mix0020,caution,walk,3,1,v11core,arterial,15001989851,fold32,horn,R,,
L,fold32_room1_mix0021,safe,walk,1,1,v11core,arterial,15002094580,fold32,backup_beep,L,,
R,fold32_room1_mix0022,caution,walk,1,2,v11core,arterial,15002199309,fold32,backup_beep,L,backup_beep,R
L,fold32_room1_mix0023,critical,walk,2,0,v11core,daily,15002304038,fold32,,,,
,fold32_room1_mix0024,na,static,0,0,v11core,residential,15002408767,fold32,,,,
R,fold32_room1_mix0025,caution,walk,1,1,v11core,residential,15002513496,fold32,crossing,L,,
R,fold32_room1_mix0026,caution,static,2,1,v11core,arterial,15002618225,fold32,horn,R,,
,fold32_room1_mix0027,na,walk,0,0,v11core,residential,15002722954,fold32,,,,
,fold32_room1_mix0028,na,walk,0,1,v11core,daily,15002827683,fold32,crossing,L,,
L,fold32_room1_mix0029,caution,static,1,1,v11core,arterial,15002932412,fold32,backup_beep,L,,
,fold32_room1_mix0030,na,walk,0,1,v11core,residential,15003037141,fold32,backup_beep,L,,
L,fold32_room1_mix0031,critical,static,3,1,v11core,daily,15003141870,fold32,horn,R,,
L,fold32_room1_mix0032,safe,walk,1,0,v11core,residential,15003246599,fold32,,,,
R,fold32_room1_mix0033,caution,static,1,2,v11core,residential,15003351328,fold32,backup_beep,R,backup_beep,L
,fold32_room1_mix0034,na,static,0,0,v11core,residential,15003456057,fold32,,,,
,fold32_room1_mix0035,na,static,0,1,v11core,daily,15003560786,fold32,backup_beep,R,,
R,fold32_room1_mix0036,caution,walk,1,1,v11core,daily,15003665515,fold32,crossing,R,,
L,fold32_room1_mix0037,safe,static,1,1,v11core,daily,15003770244,fold32,backup_beep,R,,
L,fold32_room1_mix0038,caution,static,1,0,v11core,arterial,15003874973,fold32,,,,
L,fold32_room1_mix0039,safe,walk,1,1,v11core,daily,15003979702,fold32,crossing,R,,
L,fold32_room1_mix0040,caution,static,1,2,v11core,arterial,15004084431,fold32,backup_beep,R,crossing,L
R,fold32_room1_mix0041,critical,walk,2,1,v11core,arterial,15004189160,fold32,crossing,R,,
,fold32_room1_mix0042,na,static,0,0,v11core,residential,15004293889,fold32,,,,
R,fold32_room1_mix0043,safe,walk,1,1,v11core,residential,15004398618,fold32,crossing,R,,
,fold32_room1_mix0044,na,walk,0,1,v11core,residential,15004503347,fold32,siren,R,,
L,fold32_room1_mix0045,safe,static,2,0,v11core,arterial,15004608076,fold32,,,,
R,fold32_room1_mix0046,critical,static,3,0,v11core,daily,15004712805,fold32,,,,
L,fold32_room1_mix0047,caution,walk,1,1,v11core,residential,15004817534,fold32,siren,R,,
R,fold32_room1_mix0048,safe,walk,1,1,v11core,daily,15004922263,fold32,crossing,R,,
R,fold32_room1_mix0049,caution,walk,2,1,v11core,daily,15005026992,fold32,siren,L,,
R,fold32_room1_mix0050,caution,walk,1,0,v11core,residential,15005131721,fold32,,,,
R,fold32_room1_mix0051,safe,static,1,1,v11core,daily,15005236450,fold32,horn,R,,
L,fold32_room1_mix0052,critical,walk,2,0,v11core,arterial,15005341179,fold32,,,,
L,fold32_room1_mix0053,safe,walk,1,0,v11core,daily,15005445908,fold32,,,,
R,fold32_room1_mix0054,caution,static,2,0,v11core,arterial,15005550637,fold32,,,,
,fold32_room1_mix0055,na,static,0,0,v11core,residential,15005655366,fold32,,,,
R,fold32_room1_mix0056,caution,walk,2,2,v11core,daily,15005760095,fold32,backup_beep,L,bike_bell,L
R,fold32_room1_mix0057,critical,walk,2,2,v11core,daily,15005864824,fold32,backup_beep,R,backup_beep,L
,fold32_room1_mix0058,na,walk,0,1,v11core,residential,15005969553,fold32,siren,R,,
L,fold32_room1_mix0059,caution,static,2,2,v11core,daily,15006074282,fold32,siren,R,crossing,L
R,fold32_room1_mix0060,critical,static,1,0,v11core,daily,15006179011,fold32,,,,
R,fold32_room1_mix0061,safe,static,1,0,v11core,daily,15006283740,fold32,,,,
,fold32_room1_mix0062,na,walk,0,1,v11core,residential,15006388469,fold32,siren,L,,
R,fold32_room1_mix0063,caution,walk,1,1,v11core,daily,15006493198,fold32,bike_bell,L,,
R,fold32_room1_mix0064,caution,walk,1,0,v11core,residential,15006597927,fold32,,,,
R,fold32_room1_mix0065,safe,walk,2,0,v11core,residential,15006702656,fold32,,,,
L,fold32_room1_mix0066,safe,static,2,1,v11core,daily,15006807385,fold32,horn,L,,
R,fold32_room1_mix0067,critical,static,1,0,v11core,residential,15006912114,fold32,,,,
R,fold32_room1_mix0068,safe,static,1,0,v11core,arterial,15007016843,fold32,,,,
R,fold32_room1_mix0069,caution,walk,1,0,v11core,daily,15007121572,fold32,,,,
R,fold32_room1_mix0070,safe,static,2,1,v11core,daily,15007226301,fold32,horn,L,,
L,fold32_room1_mix0071,critical,walk,1,0,v11core,daily,15007331030,fold32,,,,
R,fold32_room1_mix0072,caution,static,2,0,v11core,daily,15007435759,fold32,,,,
R,fold32_room1_mix0073,critical,walk,1,1,v11core,daily,15007540488,fold32,crossing,L,,
,fold32_room1_mix0074,na,static,0,0,v11core,residential,15007645217,fold32,,,,
,fold32_room1_mix0075,na,static,0,1,v11core,residential,15007749946,fold32,crossing,R,,
L,fold32_room1_mix0076,safe,static,2,2,v11core,daily,15007854675,fold32,siren,L,horn,R
L,fold32_room1_mix0077,safe,static,3,1,v11core,daily,15007959404,fold32,horn,R,,
,fold32_room1_mix0078,na,walk,0,0,v11core,residential,15008064133,fold32,,,,
R,fold32_room1_mix0079,safe,walk,1,2,v11core,residential,15008168862,fold32,siren,L,bike_bell,L
R,fold32_room1_mix0080,caution,walk,1,0,v11core,residential,15008273591,fold32,,,,
L,fold32_room1_mix0081,critical,static,1,0,v11core,arterial,15008378320,fold32,,,,
,fold32_room1_mix0082,na,walk,0,1,v11core,residential,15008483049,fold32,horn,L,,
R,fold32_room1_mix0083,critical,walk,1,0,v11core,arterial,15008587778,fold32,,,,
R,fold32_room1_mix0084,caution,static,1,0,v11core,arterial,15008692507,fold32,,,,
,fold32_room1_mix0085,na,walk,0,1,v11core,residential,15008797236,fold32,siren,R,,
L,fold32_room1_mix0086,caution,walk,1,2,v11core,residential,15008901965,fold32,siren,L,backup_beep,L
L,fold32_room1_mix0087,safe,static,1,1,v11core,arterial,15009006694,fold32,horn,R,,
L,fold32_room1_mix0088,safe,walk,2,0,v11core,daily,15009111423,fold32,,,,
L,fold32_room1_mix0089,critical,walk,1,2,v11core,daily,15009216152,fold32,horn,L,backup_beep,L
L,fold32_room1_mix0090,caution,static,1,0,v11core,residential,15009320881,fold32,,,,
,fold32_room1_mix0091,na,static,0,2,v11core,residential,15009425610,fold32,siren,R,horn,R
,fold32_room1_mix0092,na,walk,0,1,v11core,residential,15009530339,fold32,crossing,R,,
,fold32_room1_mix0093,na,static,0,0,v11core,residential,15009635068,fold32,,,,
R,fold32_room1_mix0094,caution,walk,1,1,v11core,residential,15009739797,fold32,bike_bell,R,,
,fold32_room1_mix0095,na,static,0,1,v11core,residential,15009844526,fold32,horn,L,,
L,fold32_room1_mix0096,critical,walk,1,2,v11core,daily,15009949255,fold32,siren,R,horn,L
R,fold32_room1_mix0097,critical,walk,1,0,v11core,daily,15010053984,fold32,,,,
L,fold32_room1_mix0098,critical,static,2,2,v11core,arterial,15010158713,fold32,siren,R,horn,L
R,fold32_room1_mix0099,safe,walk,2,0,v11core,arterial,15010263442,fold32,,,,
L,fold32_room1_mix0100,safe,static,1,1,v11core,residential,15010368171,fold32,backup_beep,L,,
L,fold32_room1_mix0101,critical,walk,1,1,v11core,daily,15010472900,fold32,bike_bell,R,,
R,fold32_room1_mix0102,critical,walk,1,0,v11core,daily,15010577629,fold32,,,,
,fold32_room1_mix0103,na,walk,0,0,v11core,residential,15010682358,fold32,,,,
R,fold32_room1_mix0104,critical,static,1,1,v11core,arterial,15010787087,fold32,backup_beep,L,,
L,fold32_room1_mix0105,critical,static,2,1,v11core,arterial,15010891816,fold32,siren,L,,
L,fold32_room1_mix0106,caution,walk,1,1,v11core,residential,15010996545,fold32,horn,R,,
R,fold32_room1_mix0107,safe,walk,2,1,v11core,daily,15011101274,fold32,crossing,R,,
R,fold32_room1_mix0108,safe,static,2,0,v11core,arterial,15011206003,fold32,,,,
L,fold32_room1_mix0109,critical,walk,1,2,v11core,residential,15011310732,fold32,siren,L,horn,L
R,fold32_room1_mix0110,critical,static,2,1,v11core,arterial,15011415461,fold32,horn,R,,
R,fold32_room1_mix0111,critical,static,2,1,v11core,residential,15011520190,fold32,siren,R,,
,fold32_room1_mix0112,na,static,0,1,v11core,residential,15011624919,fold32,backup_beep,L,,
,fold32_room1_mix0113,na,walk,0,0,v11core,daily,15011729648,fold32,,,,
L,fold32_room1_mix0114,critical,walk,2,1,v11core,arterial,15011834377,fold32,bike_bell,L,,
R,fold32_room1_mix0115,caution,walk,1,0,v11core,daily,15011939106,fold32,,,,
L,fold32_room1_mix0116,caution,walk,1,0,v11core,residential,15012043835,fold32,,,,
,fold32_room1_mix0117,na,static,0,1,v11core,residential,15012148564,fold32,backup_beep,L,,
R,fold32_room1_mix0118,safe,static,2,1,v11core,arterial,15012253293,fold32,horn,L,,
L,fold32_room1_mix0119,critical,static,1,1,v11core,residential,15012358022,fold32,siren,R,,
L,fold32_room1_mix0120,safe,walk,3,0,v11core,arterial,15012462751,fold32,,,,
L,fold32_room1_mix0121,critical,walk,1,0,v11core,residential,15012567480,fold32,,,,
R,fold32_room1_mix0122,critical,walk,1,0,v11core,residential,15012672209,fold32,,,,
L,fold32_room1_mix0123,critical,static,2,1,v11core,daily,15012776938,fold32,horn,R,,
R,fold32_room1_mix0124,critical,walk,1,0,v11core,daily,15012881667,fold32,,,,
R,fold32_room1_mix0125,safe,static,1,0,v11core,arterial,15012986396,fold32,,,,
R,fold32_room1_mix0126,caution,static,1,1,v11core,daily,15013091125,fold32,siren,L,,
L,fold32_room1_mix0127,caution,walk,2,1,v11core,arterial,15013195854,fold32,siren,R,,
R,fold32_room1_mix0128,critical,walk,3,0,v11core,arterial,15013300583,fold32,,,,
L,fold32_room1_mix0129,critical,walk,3,0,v11core,arterial,15013405312,fold32,,,,
L,fold32_room1_mix0130,caution,static,1,0,v11core,daily,15013510041,fold32,,,,
R,fold32_room1_mix0131,caution,static,1,1,v11core,daily,15013614770,fold32,bike_bell,L,,
L,fold32_room1_mix0132,caution,walk,1,1,v11core,daily,15013719499,fold32,crossing,R,,
,fold32_room1_mix0133,na,walk,0,0,v11core,residential,15013824228,fold32,,,,
L,fold32_room1_mix0134,critical,walk,1,0,v11core,daily,15013928957,fold32,,,,
R,fold32_room1_mix0135,caution,static,2,0,v11core,daily,15014033686,fold32,,,,
R,fold32_room1_mix0136,critical,walk,2,2,v11core,arterial,15014138415,fold32,horn,R,backup_beep,L
R,fold32_room1_mix0137,safe,static,1,0,v11core,residential,15014243144,fold32,,,,
R,fold32_room1_mix0138,caution,static,1,0,v11core,daily,15014347873,fold32,,,,
R,fold32_room1_mix0139,critical,static,1,1,v11core,daily,15014452602,fold32,crossing,R,,
R,fold32_room1_mix0140,safe,static,1,0,v11core,residential,15014557331,fold32,,,,
L,fold32_room1_mix0141,safe,walk,3,1,v11core,arterial,15014662060,fold32,bike_bell,R,,
R,fold32_room1_mix0142,critical,walk,3,0,v11core,arterial,15014766789,fold32,,,,
R,fold32_room1_mix0143,safe,static,3,1,v11core,daily,15014871518,fold32,siren,L,,
L,fold32_room1_mix0144,safe,walk,2,0,v11core,daily,15014976247,fold32,,,,
,fold32_room1_mix0145,na,walk,0,0,v11core,daily,15015080976,fold32,,,,
R,fold32_room1_mix0146,safe,static,1,1,v11core,residential,15015185705,fold32,backup_beep,L,,
R,fold32_room1_mix0147,caution,static,1,0,v11core,residential,15015290434,fold32,,,,
,fold32_room1_mix0148,na,static,0,1,v11core,residential,15015395163,fold32,crossing,R,,
L,fold32_room1_mix0149,safe,static,1,0,v11core,daily,15015499892,fold32,,,,
R,fold32_room1_mix0150,caution,static,1,0,v11core,daily,15015604621,fold32,,,,
L,fold32_room1_mix0151,caution,static,3,1,v11core,arterial,15015709350,fold32,siren,R,,
L,fold32_room1_mix0152,safe,walk,1,0,v11core,arterial,15015814079,fold32,,,,
R,fold32_room1_mix0153,caution,static,1,1,v11core,daily,15015918808,fold32,backup_beep,R,,
,fold32_room1_mix0154,na,walk,0,0,v11core,residential,15016023537,fold32,,,,
L,fold32_room1_mix0155,safe,walk,2,1,v11core,arterial,15016128266,fold32,siren,R,,
R,fold32_room1_mix0156,critical,static,2,2,v11core,arterial,15016232995,fold32,siren,R,backup_beep,R
L,fold32_room1_mix0157,safe,walk,2,1,v11core,arterial,15016337724,fold32,backup_beep,R,,
L,fold32_room1_mix0158,safe,static,1,0,v11core,residential,15016442453,fold32,,,,
L,fold32_room1_mix0159,safe,walk,1,0,v11core,daily,15016547182,fold32,,,,
,fold32_room1_mix0160,na,walk,0,1,v11core,residential,15016651911,fold32,siren,L,,
R,fold32_room1_mix0161,critical,walk,1,1,v11core,residential,15016756640,fold32,horn,L,,
R,fold32_room1_mix0162,safe,static,3,1,v11core,arterial,15016861369,fold32,bike_bell,L,,
L,fold32_room1_mix0163,critical,static,3,1,v11core,arterial,15016966098,fold32,backup_beep,L,,
L,fold32_room1_mix0164,critical,static,2,0,v11core,daily,15017070827,fold32,,,,
,fold32_room1_mix0165,na,static,0,2,v11core,daily,15017175556,fold32,siren,L,siren,R
R,fold32_room1_mix0166,safe,walk,3,0,v11core,daily,15017280285,fold32,,,,
R,fold32_room1_mix0167,safe,static,1,1,v11core,residential,15017385014,fold32,bike_bell,L,,
,fold32_room1_mix0168,na,static,0,1,v11core,residential,15017489743,fold32,horn,R,,
R,fold32_room1_mix0169,safe,static,2,0,v11core,arterial,15017594472,fold32,,,,
L,fold32_room1_mix0170,safe,walk,3,0,v11core,arterial,15017699201,fold32,,,,
L,fold32_room1_mix0171,caution,static,2,1,v11core,arterial,15017803930,fold32,crossing,R,,
R,fold32_room1_mix0172,safe,static,1,1,v11core,daily,15017908659,fold32,bike_bell,R,,
R,fold32_room1_mix0173,safe,walk,1,0,v11core,daily,15018013388,fold32,,,,
L,fold32_room1_mix0174,safe,walk,1,1,v11core,daily,15018118117,fold32,siren,R,,
L,fold32_room1_mix0175,critical,static,1,0,v11core,daily,15018222846,fold32,,,,
L,fold32_room1_mix0176,safe,walk,3,1,v11core,arterial,15018327575,fold32,crossing,R,,
R,fold32_room1_mix0177,safe,walk,3,1,v11core,arterial,15018432304,fold32,backup_beep,R,,
L,fold32_room1_mix0178,safe,static,2,1,v11core,arterial,15018537033,fold32,bike_bell,L,,
R,fold32_room1_mix0179,safe,walk,1,0,v11core,residential,15018641762,fold32,,,,
L,fold32_room1_mix0180,critical,static,1,2,v11core,residential,15018746491,fold32,siren,R,backup_beep,R
L,fold32_room1_mix0181,safe,walk,2,2,v11core,residential,15018851220,fold32,backup_beep,R,bike_bell,R
L,fold32_room1_mix0182,critical,walk,2,2,v11core,arterial,15018955949,fold32,siren,L,crossing,L
R,fold32_room1_mix0183,safe,static,2,1,v11core,residential,15019060678,fold32,bike_bell,L,,
R,fold32_room1_mix0184,critical,walk,3,1,v11core,arterial,15019165407,fold32,horn,R,,
L,fold32_room1_mix0185,caution,walk,1,2,v11core,residential,15019270136,fold32,horn,L,backup_beep,L
L,fold32_room1_mix0186,safe,walk,1,2,v11core,daily,15019374865,fold32,bike_bell,R,crossing,L
L,fold32_room1_mix0187,critical,static,1,1,v11core,daily,15019479594,fold32,bike_bell,R,,
,fold32_room1_mix0188,na,walk,0,0,v11core,residential,15019584323,fold32,,,,
R,fold32_room1_mix0189,critical,walk,2,1,v11core,residential,15019689052,fold32,bike_bell,R,,
L,fold32_room1_mix0190,caution,static,1,1,v11core,residential,15019793781,fold32,horn,L,,
R,fold32_room1_mix0191,caution,static,1,0,v11core,arterial,15019898510,fold32,,,,
L,fold32_room1_mix0192,caution,walk,2,1,v11core,daily,15020003239,fold32,siren,L,,
R,fold32_room1_mix0193,safe,walk,1,0,v11core,residential,15020107968,fold32,,,,
,fold32_room1_mix0194,na,walk,0,1,v11core,residential,15020212697,fold32,horn,L,,
R,fold32_room1_mix0195,safe,static,2,0,v11core,daily,15020317426,fold32,,,,
R,fold32_room1_mix0196,caution,static,2,1,v11core,daily,15020422155,fold32,horn,L,,
R,fold32_room1_mix0197,caution,static,1,0,v11core,residential,15020526884,fold32,,,,
R,fold32_room1_mix0198,critical,static,2,2,v11core,daily,15020631613,fold32,backup_beep,L,bike_bell,R
R,fold32_room1_mix0199,caution,walk,1,0,v11core,arterial,15020736342,fold32,,,,
L,fold32_room1_mix0200,critical,walk,3,0,v11core,daily,15020841071,fold32,,,,
R,fold32_room1_mix0201,safe,static,3,0,v11core,arterial,15020945800,fold32,,,,
L,fold32_room1_mix0202,critical,walk,1,0,v11core,residential,15021050529,fold32,,,,
L,fold32_room1_mix0203,critical,walk,2,2,v11core,daily,15021155258,fold32,bike_bell,L,bike_bell,R
,fold32_room1_mix0204,na,walk,0,0,v11core,residential,15021259987,fold32,,,,
L,fold32_room1_mix0205,caution,walk,1,2,v11core,residential,15021364716,fold32,siren,R,siren,L
R,fold32_room1_mix0206,critical,walk,1,1,v11core,residential,15021469445,fold32,backup_beep,R,,
L,fold32_room1_mix0207,caution,walk,1,0,v11core,daily,15021574174,fold32,,,,
R,fold32_room1_mix0208,critical,walk,2,1,v11core,daily,15021678903,fold32,horn,R,,
L,fold32_room1_mix0209,safe,static,2,2,v11core,daily,15021783632,fold32,bike_bell,R,bike_bell,L
L,fold32_room1_mix0210,critical,walk,1,1,v11core,residential,15021888361,fold32,siren,R,,
R,fold32_room1_mix0211,safe,walk,3,0,v11core,arterial,15021993090,fold32,,,,
R,fold32_room1_mix0212,safe,static,2,0,v11core,residential,15022097819,fold32,,,,
L,fold32_room1_mix0213,safe,walk,1,0,v11core,residential,15022202548,fold32,,,,
R,fold32_room1_mix0214,critical,static,1,1,v11core,residential,15022307277,fold32,backup_beep,L,,
L,fold32_room1_mix0215,safe,static,1,0,v11core,residential,15022412006,fold32,,,,
R,fold32_room1_mix0216,caution,walk,3,0,v11core,daily,15022516735,fold32,,,,
R,fold32_room1_mix0217,critical,static,1,0,v11core,arterial,15022621464,fold32,,,,
R,fold32_room1_mix0218,caution,walk,1,1,v11core,arterial,15022726193,fold32,backup_beep,R,,
R,fold32_room1_mix0219,critical,walk,3,0,v11core,arterial,15022830922,fold32,,,,
R,fold32_room1_mix0220,critical,walk,1,1,v11core,residential,15022935651,fold32,bike_bell,L,,
,fold32_room1_mix0221,na,walk,0,0,v11core,residential,15023040380,fold32,,,,
R,fold32_room1_mix0222,caution,static,1,1,v11core,residential,15023145109,fold32,horn,R,,
R,fold32_room1_mix0223,caution,static,2,2,v11core,arterial,15023249838,fold32,bike_bell,L,bike_bell,R
L,fold32_room1_mix0224,safe,walk,2,1,v11core,daily,15023354567,fold32,backup_beep,L,,
L,fold32_room1_mix0225,caution,walk,2,1,v11core,daily,15023459296,fold32,bike_bell,R,,
R,fold32_room1_mix0226,critical,static,1,0,v11core,daily,15023564025,fold32,,,,
R,fold32_room1_mix0227,safe,walk,2,0,v11core,daily,15023668754,fold32,,,,
L,fold32_room1_mix0228,safe,static,1,2,v11core,residential,15023773483,fold32,bike_bell,R,crossing,L
,fold32_room1_mix0229,na,static,0,0,v11core,residential,15023878212,fold32,,,,
,fold32_room1_mix0230,na,walk,0,0,v11core,residential,15023982941,fold32,,,,
L,fold32_room1_mix0231,caution,walk,1,0,v11core,daily,15024087670,fold32,,,,
L,fold32_room1_mix0232,critical,walk,2,0,v11core,residential,15024192399,fold32,,,,
,fold32_room1_mix0233,na,static,0,2,v11core,residential,15024297128,fold32,backup_beep,R,crossing,L
L,fold32_room1_mix0234,caution,walk,1,0,v11core,arterial,15024401857,fold32,,,,
R,fold32_room1_mix0235,safe,static,3,1,v11core,arterial,15024506586,fold32,crossing,R,,
,fold32_room1_mix0236,na,walk,0,1,v11core,residential,15024611315,fold32,crossing,R,,
L,fold32_room1_mix0237,safe,static,1,2,v11core,daily,15024716044,fold32,siren,L,backup_beep,L
L,fold32_room1_mix0238,caution,walk,1,0,v11core,residential,15024820773,fold32,,,,
R,fold32_room1_mix0239,caution,static,2,0,v11core,residential,15024925502,fold32,,,,
R,fold32_room1_mix0240,safe,walk,1,2,v11core,daily,15025030231,fold32,backup_beep,R,crossing,L
,fold32_room1_mix0241,na,static,0,1,v11core,residential,15025134960,fold32,siren,R,,
R,fold32_room1_mix0242,critical,walk,1,2,v11core,residential,15025239689,fold32,horn,R,bike_bell,L
L,fold32_room1_mix0243,caution,walk,3,2,v11core,arterial,15025344418,fold32,backup_beep,R,backup_beep,L
,fold32_room1_mix0244,na,walk,0,1,v11core,residential,15025449147,fold32,bike_bell,R,,
,fold32_room1_mix0245,na,walk,0,0,v11core,residential,15025553876,fold32,,,,
R,fold32_room1_mix0246,critical,static,2,1,v11core,daily,15025658605,fold32,siren,L,,
L,fold32_room1_mix0247,critical,static,3,0,v11core,arterial,15025763334,fold32,,,,
,fold32_room1_mix0248,na,static,0,0,v11core,residential,15025868063,fold32,,,,
L,fold32_room1_mix0249,caution,static,2,0,v11core,daily,15025972792,fold32,,,,
R,fold32_room1_mix0250,critical,walk,1,1,v11core,residential,15026077521,fold32,crossing,L,,
R,fold32_room1_mix0251,critical,static,1,1,v11core,daily,15026182250,fold32,crossing,R,,
L,fold32_room1_mix0252,critical,walk,1,0,v11core,daily,15026286979,fold32,,,,
R,fold32_room1_mix0253,caution,walk,1,0,v11core,daily,15026391708,fold32,,,,
,fold32_room1_mix0254,na,walk,0,1,v11core,residential,15026496437,fold32,backup_beep,R,,
L,fold32_room1_mix0255,safe,static,2,1,v11core,arterial,15026601166,fold32,siren,R,,
L,fold32_room1_mix0256,safe,static,1,0,v11core,daily,15026705895,fold32,,,,
R,fold32_room1_mix0257,critical,walk,1,2,v11core,residential,15026810624,fold32,backup_beep,L,bike_bell,L
,fold32_room1_mix0258,na,static,0,0,v11core,residential,15026915353,fold32,,,,
L,fold32_room1_mix0259,safe,static,1,0,v11core,daily,15027020082,fold32,,,,
L,fold32_room1_mix0260,critical,walk,3,2,v11core,daily,15027124811,fold32,horn,R,bike_bell,L
R,fold32_room1_mix0261,caution,static,2,1,v11core,residential,15027229540,fold32,horn,L,,
R,fold32_room1_mix0262,safe,static,1,0,v11core,residential,15027334269,fold32,,,,
L,fold32_room1_mix0263,caution,static,2,1,v11core,daily,15027438998,fold32,backup_beep,R,,
R,fold32_room1_mix0264,caution,walk,1,1,v11core,residential,15027543727,fold32,horn,R,,
L,fold32_room1_mix0265,caution,static,2,0,v11core,daily,15027648456,fold32,,,,
L,fold32_room1_mix0266,caution,static,3,0,v11core,arterial,15027753185,fold32,,,,
R,fold32_room1_mix0267,safe,static,1,1,v11core,daily,15027857914,fold32,siren,L,,
R,fold32_room1_mix0268,safe,walk,2,1,v11core,daily,15027962643,fold32,backup_beep,L,,
R,fold32_room1_mix0269,caution,static,1,0,v11core,daily,15028067372,fold32,,,,
L,fold32_room1_mix0270,critical,walk,1,1,v11core,arterial,15028172101,fold32,backup_beep,R,,
R,fold32_room1_mix0271,caution,walk,1,1,v11core,daily,15028276830,fold32,siren,L,,
R,fold32_room1_mix0272,safe,static,3,0,v11core,daily,15028381559,fold32,,,,
R,fold32_room1_mix0273,caution,walk,1,0,v11core,daily,15028486288,fold32,,,,
R,fold32_room1_mix0274,caution,static,2,1,v11core,residential,15028591017,fold32,backup_beep,L,,
L,fold32_room1_mix0275,safe,walk,1,1,v11core,daily,15028695746,fold32,siren,R,,
R,fold32_room1_mix0276,safe,walk,1,1,v11core,residential,15028800475,fold32,siren,L,,
R,fold32_room1_mix0277,caution,static,1,2,v11core,residential,15028905204,fold32,horn,R,backup_beep,R
R,fold32_room1_mix0278,critical,static,1,2,v11core,daily,15029009933,fold32,horn,R,crossing,R
L,fold32_room1_mix0279,safe,static,3,1,v11core,arterial,15029114662,fold32,backup_beep,R,,
,fold32_room1_mix0280,na,walk,0,2,v11core,residential,15029219391,fold32,siren,R,horn,R
L,fold32_room1_mix0281,critical,walk,2,0,v11core,residential,15029324120,fold32,,,,
L,fold32_room1_mix0282,safe,walk,2,2,v11core,daily,15029428849,fold32,backup_beep,R,crossing,R
L,fold32_room1_mix0283,safe,walk,1,0,v11core,daily,15029533578,fold32,,,,
R,fold32_room1_mix0284,caution,static,2,1,v11core,arterial,15029638307,fold32,bike_bell,R,,
R,fold32_room1_mix0285,caution,walk,2,0,v11core,arterial,15029743036,fold32,,,,
,fold32_room1_mix0286,na,static,0,0,v11core,residential,15029847765,fold32,,,,
R,fold32_room1_mix0287,critical,static,1,1,v11core,daily,15029952494,fold32,bike_bell,R,,
R,fold32_room1_mix0288,caution,walk,2,1,v11core,arterial,15030057223,fold32,backup_beep,L,,
L,fold32_room1_mix0289,safe,walk,2,2,v11core,daily,15030161952,fold32,siren,L,crossing,L
R,fold32_room1_mix0290,critical,static,2,0,v11core,arterial,15030266681,fold32,,,,
L,fold32_room1_mix0291,critical,walk,1,1,v11core,daily,15030371410,fold32,siren,L,,
,fold32_room1_mix0292,na,static,0,1,v11core,residential,15030476139,fold32,horn,L,,
L,fold32_room1_mix0293,caution,static,2,1,v11core,daily,15030580868,fold32,horn,R,,
,fold32_room1_mix0294,na,walk,0,1,v11core,residential,15030685597,fold32,horn,R,,
R,fold32_room1_mix0295,caution,walk,2,2,v11core,arterial,15030790326,fold32,siren,L,backup_beep,R
L,fold32_room1_mix0296,caution,static,3,1,v11core,arterial,15030895055,fold32,bike_bell,R,,
R,fold32_room1_mix0297,caution,static,3,1,v11core,arterial,15030999784,fold32,crossing,R,,
L,fold32_room1_mix0298,safe,static,1,1,v11core,residential,15031104513,fold32,bike_bell,R,,
R,fold32_room1_mix0299,safe,walk,1,0,v11core,daily,15031209242,fold32,,,,
R,fold32_room1_mix0300,critical,static,3,1,v11core,arterial,15031313971,fold32,siren,L,,
L,fold32_room1_mix0301,critical,walk,1,0,v11core,arterial,15031418700,fold32,,,,
R,fold32_room1_mix0302,critical,static,3,0,v11core,daily,15031523429,fold32,,,,
L,fold32_room1_mix0303,safe,walk,1,2,v11core,residential,15031628158,fold32,bike_bell,L,bike_bell,R
R,fold32_room1_mix0304,safe,static,2,0,v11core,daily,15031732887,fold32,,,,
R,fold32_room1_mix0305,safe,walk,1,2,v11core,residential,15031837616,fold32,backup_beep,L,backup_beep,R
R,fold32_room1_mix0306,critical,walk,3,1,v11core,arterial,15031942345,fold32,crossing,R,,
R,fold32_room1_mix0307,caution,walk,2,0,v11core,daily,15032047074,fold32,,,,
,fold32_room1_mix0308,na,static,0,0,v11core,residential,15032151803,fold32,,,,
,fold32_room1_mix0309,na,static,0,1,v11core,residential,15032256532,fold32,bike_bell,L,,
,fold32_room1_mix0310,na,walk,0,0,v11core,residential,15032361261,fold32,,,,
R,fold32_room1_mix0311,safe,static,2,1,v11core,arterial,15032465990,fold32,backup_beep,L,,
,fold32_room1_mix0312,na,static,0,1,v11core,daily,15032570719,fold32,horn,R,,
L,fold32_room1_mix0313,critical,walk,1,0,v11core,daily,15032675448,fold32,,,,
L,fold32_room1_mix0314,caution,static,2,2,v11core,arterial,15032780177,fold32,siren,L,bike_bell,L
R,fold32_room1_mix0315,safe,static,1,1,v11core,daily,15032884906,fold32,siren,L,,
L,fold32_room1_mix0316,critical,walk,1,0,v11core,residential,15032989635,fold32,,,,
R,fold32_room1_mix0317,safe,walk,2,1,v11core,arterial,15033094364,fold32,horn,R,,
L,fold32_room1_mix0318,safe,walk,1,1,v11core,daily,15033199093,fold32,crossing,L,,
,fold32_room1_mix0319,na,static,0,1,v11core,residential,15033303822,fold32,crossing,L,,
R,fold32_room1_mix0320,safe,walk,1,0,v11core,residential,15033408551,fold32,,,,
,fold32_room1_mix0321,na,static,0,2,v11core,residential,15033513280,fold32,horn,L,bike_bell,L
L,fold32_room1_mix0322,caution,static,1,0,v11core,residential,15033618009,fold32,,,,
R,fold32_room1_mix0323,safe,walk,1,0,v11core,daily,15033722738,fold32,,,,
R,fold32_room1_mix0324,caution,static,1,0,v11core,residential,15033827467,fold32,,,,
,fold32_room1_mix0325,na,walk,0,0,v11core,residential,15033932196,fold32,,,,
L,fold32_room1_mix0326,critical,static,1,0,v11core,daily,15034036925,fold32,,,,
R,fold32_room1_mix0327,caution,walk,2,1,v11core,residential,15034141654,fold32,siren,R,,
,fold32_room1_mix0328,na,static,0,2,v11core,residential,15034246383,fold32,siren,R,siren,L
R,fold32_room1_mix0329,caution,walk,3,2,v11core,arterial,15034351112,fold32,bike_bell,L,crossing,L
R,fold32_room1_mix0330,critical,walk,1,0,v11core,daily,15034455841,fold32,,,,
R,fold32_room1_mix0331,safe,walk,3,1,v11core,arterial,15034560570,fold32,horn,L,,
,fold32_room1_mix0332,na,walk,0,0,v11core,residential,15034665299,fold32,,,,
L,fold32_room1_mix0333,critical,static,3,0,v11core,arterial,15034770028,fold32,,,,
L,fold32_room1_mix0334,caution,walk,1,1,v11core,daily,15034874757,fold32,backup_beep,R,,
R,fold32_room1_mix0335,caution,static,2,0,v11core,arterial,15034979486,fold32,,,,
L,fold32_room1_mix0336,safe,walk,2,0,v11core,residential,15035084215,fold32,,,,
R,fold32_room1_mix0337,safe,static,1,0,v11core,daily,15035188944,fold32,,,,
,fold32_room1_mix0338,na,walk,0,1,v11core,residential,15035293673,fold32,bike_bell,L,,
L,fold32_room1_mix0339,caution,walk,1,1,v11core,daily,15035398402,fold32,horn,L,,
L,fold32_room1_mix0340,critical,walk,3,1,v11core,arterial,15035503131,fold32,siren,L,,
R,fold32_room1_mix0341,critical,walk,2,1,v11core,residential,15035607860,fold32,siren,L,,
L,fold32_room1_mix0342,caution,walk,1,0,v11core,residential,15035712589,fold32,,,,
L,fold32_room1_mix0343,caution,walk,2,1,v11core,daily,15035817318,fold32,backup_beep,R,,
L,fold32_room1_mix0344,caution,walk,3,2,v11core,daily,15035922047,fold32,horn,L,crossing,L
,fold32_room1_mix0345,na,static,0,0,v11core,residential,15036026776,fold32,,,,
L,fold32_room1_mix0346,safe,static,1,0,v11core,daily,15036131505,fold32,,,,
R,fold32_room1_mix0347,caution,static,2,1,v11core,daily,15036236234,fold32,crossing,R,,
,fold32_room1_mix0348,na,static,0,0,v11core,residential,15036340963,fold32,,,,
R,fold32_room1_mix0349,critical,static,3,1,v11core,arterial,15036445692,fold32,bike_bell,L,,
L,fold32_room1_mix0350,critical,static,1,1,v11core,daily,15036550421,fold32,crossing,R,,
L,fold32_room1_mix0351,caution,static,1,2,v11core,daily,15036655150,fold32,bike_bell,L,crossing,R
,fold32_room1_mix0352,na,static,0,0,v11core,residential,15036759879,fold32,,,,
R,fold32_room1_mix0353,critical,static,1,0,v11core,daily,15036864608,fold32,,,,
L,fold32_room1_mix0354,safe,static,1,1,v11core,daily,15036969337,fold32,crossing,L,,
R,fold32_room1_mix0355,critical,walk,1,2,v11core,daily,15037074066,fold32,horn,R,bike_bell,L
L,fold32_room1_mix0356,caution,static,1,0,v11core,residential,15037178795,fold32,,,,
L,fold32_room1_mix0357,critical,static,2,0,v11core,daily,15037283524,fold32,,,,
R,fold32_room1_mix0358,critical,walk,3,0,v11core,daily,15037388253,fold32,,,,
R,fold32_room1_mix0359,caution,static,2,1,v11core,daily,15037492982,fold32,siren,L,,
,fold32_room1_mix0360,na,walk,0,2,v11core,residential,15037597711,fold32,bike_bell,R,bike_bell,L
L,fold32_room1_mix0361,critical,static,3,0,v11core,arterial,15037702440,fold32,,,,
,fold32_room1_mix0362,na,static,0,1,v11core,residential,15037807169,fold32,bike_bell,R,,
R,fold32_room1_mix0363,critical,static,1,2,v11core,daily,15037911898,fold32,siren,R,crossing,R
L,fold32_room1_mix0364,safe,static,1,1,v11core,daily,15038016627,fold32,siren,L,,
,fold32_room1_mix0365,na,static,0,2,v11core,residential,15038121356,fold32,siren,R,horn,L
L,fold32_room1_mix0366,critical,static,1,0,v11core,residential,15038226085,fold32,,,,
R,fold32_room1_mix0367,safe,walk,1,2,v11core,daily,15038330814,fold32,horn,R,bike_bell,L
R,fold32_room1_mix0368,critical,walk,1,0,v11core,daily,15038435543,fold32,,,,
R,fold32_room1_mix0369,critical,static,1,1,v11core,daily,15038540272,fold32,siren,L,,
L,fold32_room1_mix0370,safe,walk,1,2,v11core,arterial,15038645001,fold32,backup_beep,L,crossing,R
,fold32_room1_mix0371,na,static,0,1,v11core,residential,15038749730,fold32,siren,R,,
,fold32_room1_mix0372,na,walk,0,0,v11core,residential,15038854459,fold32,,,,
L,fold32_room1_mix0373,caution,static,1,1,v11core,residential,15038959188,fold32,backup_beep,R,,
,fold32_room1_mix0374,na,walk,0,1,v11core,residential,15039063917,fold32,horn,L,,
R,fold32_room1_mix0375,caution,walk,1,2,v11core,daily,15039168646,fold32,siren,L,crossing,L
R,fold32_room1_mix0376,caution,static,3,1,v11core,daily,15039273375,fold32,bike_bell,R,,
L,fold32_room1_mix0377,critical,static,1,0,v11core,residential,15039378104,fold32,,,,
R,fold32_room1_mix0378,safe,walk,1,0,v11core,residential,15039482833,fold32,,,,
R,fold32_room1_mix0379,caution,walk,1,2,v11core,daily,15039587562,fold32,horn,L,crossing,R
L,fold32_room1_mix0380,caution,static,2,0,v11core,daily,15039692291,fold32,,,,
R,fold32_room1_mix0381,caution,walk,3,1,v11core,daily,15039797020,fold32,crossing,R,,
,fold32_room1_mix0382,na,walk,0,0,v11core,residential,15039901749,fold32,,,,
L,fold32_room1_mix0383,critical,static,3,1,v11core,arterial,15040006478,fold32,horn,L,,
R,fold32_room1_mix0384,critical,static,2,0,v11core,residential,15040111207,fold32,,,,
L,fold32_room1_mix0385,caution,static,3,0,v11core,daily,15040215936,fold32,,,,
L,fold32_room1_mix0386,caution,walk,2,1,v11core,residential,15040320665,fold32,backup_beep,R,,
R,fold32_room1_mix0387,safe,static,3,0,v11core,daily,15040425394,fold32,,,,
L,fold32_room1_mix0388,safe,walk,2,0,v11core,arterial,15040530123,fold32,,,,
R,fold32_room1_mix0389,critical,walk,1,1,v11core,daily,15040634852,fold32,crossing,R,,
,fold32_room1_mix0390,na,static,0,0,v11core,residential,15040739581,fold32,,,,
,fold32_room1_mix0391,na,walk,0,1,v11core,residential,15040844310,fold32,bike_bell,L,,
L,fold32_room1_mix0392,critical,static,1,0,v11core,residential,15040949039,fold32,,,,
L,fold32_room1_mix0393,safe,walk,2,0,v11core,arterial,15041053768,fold32,,,,
R,fold32_room1_mix0394,caution,walk,2,0,v11core,daily,15041158497,fold32,,,,
L,fold32_room1_mix0395,critical,static,1,1,v11core,residential,15041263226,fold32,siren,R,,
R,fold32_room1_mix0396,critical,walk,1,1,v11core,residential,15041367955,fold32,backup_beep,L,,
R,fold32_room1_mix0397,caution,walk,1,1,v11core,residential,15041472684,fold32,horn,R,,
R,fold32_room1_mix0398,safe,walk,1,0,v11core,residential,15041577413,fold32,,,,
L,fold32_room1_mix0399,critical,walk,1,0,v11core,residential,15041682142,fold32,,,,
R,fold32_room1_mix0400,safe,walk,2,0,v11core,daily,15041786871,fold32,,,,
L,fold32_room1_mix0401,critical,walk,1,0,v11core,daily,15041891600,fold32,,,,
,fold32_room1_mix0402,na,walk,0,1,v11core,residential,15041996329,fold32,siren,L,,
L,fold32_room1_mix0403,critical,walk,3,0,v11core,arterial,15042101058,fold32,,,,
R,fold32_room1_mix0404,caution,static,1,2,v11core,daily,15042205787,fold32,horn,R,bike_bell,L
R,fold32_room1_mix0405,safe,static,3,1,v11core,daily,15042310516,fold32,bike_bell,R,,
L,fold32_room1_mix0406,safe,walk,2,0,v11core,daily,15042415245,fold32,,,,
L,fold32_room1_mix0407,critical,walk,1,1,v11core,daily,15042519974,fold32,horn,R,,
R,fold32_room1_mix0408,caution,static,1,0,v11core,daily,15042624703,fold32,,,,
L,fold32_room1_mix0409,safe,static,2,0,v11core,arterial,15042729432,fold32,,,,
,fold32_room1_mix0410,na,walk,0,0,v11core,residential,15042834161,fold32,,,,
L,fold32_room1_mix0411,caution,walk,3,0,v11core,arterial,15042938890,fold32,,,,
,fold32_room1_mix0412,na,static,0,0,v11core,residential,15043043619,fold32,,,,
,fold32_room1_mix0413,na,static,0,1,v11core,residential,15043148348,fold32,crossing,R,,
L,fold32_room1_mix0414,critical,walk,2,2,v11core,residential,15043253077,fold32,backup_beep,L,crossing,R
L,fold32_room1_mix0415,critical,static,3,2,v11core,arterial,15043357806,fold32,siren,L,siren,R
L,fold32_room1_mix0416,safe,walk,1,1,v11core,daily,15043462535,fold32,horn,R,,
,fold32_room1_mix0417,na,static,0,0,v11core,residential,15043567264,fold32,,,,
R,fold32_room1_mix0418,safe,walk,2,0,v11core,daily,15043671993,fold32,,,,
R,fold32_room1_mix0419,caution,static,1,0,v11core,residential,15043776722,fold32,,,,
L,fold32_room1_mix0420,critical,static,1,1,v11core,daily,15043881451,fold32,horn,L,,
L,fold32_room1_mix0421,safe,walk,3,2,v11core,arterial,15043986180,fold32,horn,L,bike_bell,L
L,fold32_room1_mix0422,critical,walk,1,2,v11core,arterial,15044090909,fold32,bike_bell,L,crossing,R
R,fold32_room1_mix0423,safe,static,3,0,v11core,arterial,15044195638,fold32,,,,
R,fold32_room1_mix0424,caution,static,1,1,v11core,residential,15044300367,fold32,backup_beep,L,,
,fold32_room1_mix0425,na,static,0,1,v11core,residential,15044405096,fold32,backup_beep,L,,
R,fold32_room1_mix0426,safe,static,1,1,v11core,daily,15044509825,fold32,backup_beep,L,,
,fold32_room1_mix0427,na,static,0,2,v11core,daily,15044614554,fold32,backup_beep,L,backup_beep,R
L,fold32_room1_mix0428,caution,walk,1,1,v11core,residential,15044719283,fold32,bike_bell,R,,
L,fold32_room1_mix0429,critical,walk,2,0,v11core,daily,15044824012,fold32,,,,
R,fold32_room1_mix0430,critical,walk,1,0,v11core,residential,15044928741,fold32,,,,
L,fold32_room1_mix0431,caution,walk,1,0,v11core,residential,15045033470,fold32,,,,
R,fold32_room1_mix0432,critical,static,1,0,v11core,residential,15045138199,fold32,,,,
R,fold32_room1_mix0433,caution,static,1,0,v11core,arterial,15045242928,fold32,,,,
R,fold32_room1_mix0434,caution,walk,1,0,v11core,residential,15045347657,fold32,,,,
R,fold32_room1_mix0435,caution,static,3,0,v11core,arterial,15045452386,fold32,,,,
,fold32_room1_mix0436,na,static,0,0,v11core,residential,15045557115,fold32,,,,
L,fold32_room1_mix0437,critical,static,1,0,v11core,residential,15045661844,fold32,,,,
L,fold32_room1_mix0438,critical,static,1,0,v11core,daily,15045766573,fold32,,,,
,fold32_room1_mix0439,na,walk,0,0,v11core,residential,15045871302,fold32,,,,
L,fold32_room1_mix0440,critical,walk,1,0,v11core,daily,15045976031,fold32,,,,
R,fold32_room1_mix0441,safe,static,1,1,v11core,daily,15046080760,fold32,backup_beep,L,,
L,fold32_room1_mix0442,caution,static,1,2,v11core,residential,15046185489,fold32,bike_bell,L,bike_bell,R
L,fold32_room1_mix0443,caution,static,1,0,v11core,daily,15046290218,fold32,,,,
L,fold32_room1_mix0444,caution,walk,1,0,v11core,daily,15046394947,fold32,,,,
L,fold32_room1_mix0445,critical,walk,2,1,v11core,arterial,15046499676,fold32,crossing,R,,
L,fold32_room1_mix0446,safe,walk,3,1,v11core,daily,15046604405,fold32,crossing,L,,
R,fold32_room1_mix0447,caution,walk,1,1,v11core,daily,15046709134,fold32,horn,R,,
R,fold32_room1_mix0448,safe,walk,2,0,v11core,arterial,15046813863,fold32,,,,
R,fold32_room1_mix0449,safe,static,2,2,v11core,daily,15046918592,fold32,backup_beep,L,backup_beep,R
L,fold32_room1_mix0450,critical,walk,3,1,v11core,arterial,15047023321,fold32,backup_beep,R,,
R,fold32_room1_mix0451,caution,static,1,2,v11core,residential,15047128050,fold32,siren,L,bike_bell,L
L,fold32_room1_mix0452,safe,static,2,0,v11core,residential,15047232779,fold32,,,,
R,fold32_room1_mix0453,safe,walk,1,1,v11core,daily,15047337508,fold32,horn,R,,
R,fold32_room1_mix0454,safe,walk,1,0,v11core,residential,15047442237,fold32,,,,
L,fold32_room1_mix0455,critical,static,1,2,v11core,daily,15047546966,fold32,siren,L,siren,R
L,fold32_room1_mix0456,safe,static,1,0,v11core,daily,15047651695,fold32,,,,
L,fold32_room1_mix0457,caution,static,1,0,v11core,residential,15047756424,fold32,,,,
L,fold32_room1_mix0458,safe,walk,1,0,v11core,residential,15047861153,fold32,,,,
R,fold32_room1_mix0459,critical,walk,1,1,v11core,daily,15047965882,fold32,siren,R,,
L,fold32_room1_mix0460,safe,static,1,1,v11core,daily,15048070611,fold32,bike_bell,L,,
R,fold32_room1_mix0461,safe,walk,1,2,v11core,residential,15048175340,fold32,horn,R,backup_beep,L
R,fold32_room1_mix0462,caution,static,1,2,v11core,daily,15048280069,fold32,backup_beep,R,crossing,R
R,fold32_room1_mix0463,safe,static,1,1,v11core,residential,15048384798,fold32,backup_beep,R,,
L,fold32_room1_mix0464,caution,walk,1,1,v11core,daily,15048489527,fold32,horn,L,,
,fold32_room1_mix0465,na,static,0,1,v11core,residential,15048594256,fold32,crossing,L,,
L,fold32_room1_mix0466,safe,static,1,1,v11core,daily,15048698985,fold32,crossing,L,,
L,fold32_room1_mix0467,caution,static,1,1,v11core,daily,15048803714,fold32,bike_bell,L,,
L,fold32_room1_mix0468,critical,walk,1,0,v11core,residential,15048908443,fold32,,,,
R,fold32_room1_mix0469,critical,walk,3,1,v11core,daily,15049013172,fold32,bike_bell,R,,
L,fold32_room1_mix0470,caution,walk,2,1,v11core,daily,15049117901,fold32,horn,L,,
R,fold32_room1_mix0471,critical,walk,3,0,v11core,daily,15049222630,fold32,,,,
R,fold32_room1_mix0472,safe,walk,1,0,v11core,daily,15049327359,fold32,,,,
R,fold32_room1_mix0473,caution,walk,3,0,v11core,arterial,15049432088,fold32,,,,
R,fold32_room1_mix0474,caution,walk,1,1,v11core,daily,15049536817,fold32,backup_beep,R,,
,fold32_room1_mix0475,na,walk,0,2,v11core,residential,15049641546,fold32,horn,L,backup_beep,L
L,fold32_room1_mix0476,critical,walk,1,1,v11core,residential,15049746275,fold32,bike_bell,L,,
L,fold32_room1_mix0477,caution,walk,1,0,v11core,residential,15049851004,fold32,,,,
,fold32_room1_mix0478,na,walk,0,2,v11core,residential,15049955733,fold32,siren,L,bike_bell,R
R,fold32_room1_mix0479,safe,static,1,0,v11core,daily,15050060462,fold32,,,,
R,fold32_room1_mix0480,caution,walk,2,0,v11core,arterial,15050165191,fold32,,,,
R,fold32_room1_mix0481,safe,walk,1,0,v11core,residential,15050269920,fold32,,,,
L,fold32_room1_mix0482,caution,walk,3,0,v11core,arterial,15050374649,fold32,,,,
L,fold32_room1_mix0483,caution,static,3,0,v11core,arterial,15050479378,fold32,,,,
R,fold32_room1_mix0484,caution,static,1,1,v11core,daily,15050584107,fold32,crossing,R,,
,fold32_room1_mix0485,na,walk,0,0,v11core,daily,15050688836,fold32,,,,
R,fold32_room1_mix0486,safe,walk,3,1,v11core,daily,15050793565,fold32,bike_bell,R,,
R,fold32_room1_mix0487,safe,static,1,0,v11core,daily,15050898294,fold32,,,,
R,fold32_room1_mix0488,caution,static,3,2,v11core,arterial,15051003023,fold32,backup_beep,R,bike_bell,R
,fold32_room1_mix0489,na,static,0,0,v11core,residential,15051107752,fold32,,,,
R,fold32_room1_mix0490,safe,walk,2,1,v11core,residential,15051212481,fold32,backup_beep,L,,
L,fold32_room1_mix0491,critical,static,1,0,v11core,daily,15051317210,fold32,,,,
L,fold32_room1_mix0492,safe,static,1,2,v11core,daily,15051421939,fold32,backup_beep,R,backup_beep,L
L,fold32_room1_mix0493,caution,walk,2,0,v11core,residential,15051526668,fold32,,,,
L,fold32_room1_mix0494,safe,static,1,2,v11core,daily,15051631397,fold32,horn,R,backup_beep,R
L,fold32_room1_mix0495,critical,static,2,0,v11core,arterial,15051736126,fold32,,,,
L,fold32_room1_mix0496,safe,walk,2,1,v11core,daily,15051840855,fold32,bike_bell,R,,
R,fold32_room1_mix0497,safe,static,1,0,v11core,daily,15051945584,fold32,,,,
,fold32_room1_mix0498,na,static,0,1,v11core,daily,15052050313,fold32,siren,L,,
R,fold32_room1_mix0499,safe,static,3,0,v11core,arterial,15052155042,fold32,,,,
R,fold32_room1_mix0500,critical,static,1,0,v11core,residential,15052259771,fold32,,,,
,fold32_room1_mix0501,na,static,0,0,v11core,residential,15052364500,fold32,,,,
L,fold32_room1_mix0502,caution,walk,1,1,v11core,daily,15052469229,fold32,crossing,L,,
,fold32_room1_mix0503,na,walk,0,0,v11core,residential,15052573958,fold32,,,,
R,fold32_room1_mix0504,caution,static,2,0,v11core,daily,15052678687,fold32,,,,
,fold32_room1_mix0505,na,static,0,0,v11core,daily,15052783416,fold32,,,,
R,fold32_room1_mix0506,critical,static,2,1,v11core,daily,15052888145,fold32,backup_beep,R,,
L,fold32_room1_mix0507,caution,walk,1,1,v11core,daily,15052992874,fold32,backup_beep,L,,
L,fold32_room1_mix0508,critical,static,1,0,v11core,arterial,15053097603,fold32,,,,
,fold32_room1_mix0509,na,walk,0,0,v11core,residential,15053202332,fold32,,,,
L,fold32_room1_mix0510,critical,walk,3,1,v11core,arterial,15053307061,fold32,horn,R,,
R,fold32_room1_mix0511,critical,static,1,0,v11core,daily,15053411790,fold32,,,,
L,fold32_room1_mix0512,caution,walk,1,1,v11core,residential,15053516519,fold32,siren,R,,
,fold32_room1_mix0513,na,static,0,1,v11core,daily,15053621248,fold32,horn,L,,
L,fold32_room1_mix0514,safe,walk,1,1,v11core,residential,15053725977,fold32,horn,L,,
L,fold32_room1_mix0515,caution,static,3,1,v11core,daily,15053830706,fold32,crossing,L,,
L,fold32_room1_mix0516,safe,static,2,1,v11core,daily,15053935435,fold32,bike_bell,L,,
R,fold32_room1_mix0517,critical,walk,1,0,v11core,daily,15054040164,fold32,,,,
L,fold32_room1_mix0518,critical,walk,1,0,v11core,daily,15054144893,fold32,,,,
L,fold32_room1_mix0519,safe,static,1,0,v11core,daily,15054249622,fold32,,,,
,fold32_room1_mix0520,na,static,0,0,v11core,residential,15054354351,fold32,,,,
L,fold32_room1_mix0521,safe,walk,2,0,v11core,daily,15054459080,fold32,,,,
L,fold32_room1_mix0522,caution,static,1,2,v11core,daily,15054563809,fold32,siren,R,horn,L
,fold32_room1_mix0523,na,static,0,0,v11core,residential,15054668538,fold32,,,,
R,fold32_room1_mix0524,safe,walk,1,0,v11core,daily,15054773267,fold32,,,,
L,fold32_room1_mix0525,critical,walk,2,1,v11core,daily,15054877996,fold32,crossing,L,,
,fold32_room1_mix0526,na,static,0,1,v11core,residential,15054982725,fold32,siren,L,,
R,fold32_room1_mix0527,caution,static,2,0,v11core,daily,15055087454,fold32,,,,
L,fold32_room1_mix0528,safe,static,1,0,v11core,residential,15055192183,fold32,,,,
,fold32_room1_mix0529,na,walk,0,2,v11core,residential,15055296912,fold32,siren,R,crossing,L
,fold32_room1_mix0530,na,walk,0,1,v11core,residential,15055401641,fold32,crossing,R,,
,fold32_room1_mix0531,na,walk,0,1,v11core,daily,15055506370,fold32,horn,L,,
R,fold32_room1_mix0532,safe,static,2,0,v11core,daily,15055611099,fold32,,,,
R,fold32_room1_mix0533,safe,static,1,0,v11core,daily,15055715828,fold32,,,,
L,fold32_room1_mix0534,safe,walk,1,0,v11core,daily,15055820557,fold32,,,,
,fold32_room1_mix0535,na,static,0,1,v11core,residential,15055925286,fold32,crossing,R,,
L,fold32_room1_mix0536,safe,static,2,0,v11core,arterial,15056030015,fold32,,,,
R,fold32_room1_mix0537,critical,static,1,2,v11core,residential,15056134744,fold32,horn,R,bike_bell,L
R,fold32_room1_mix0538,safe,static,2,1,v11core,daily,15056239473,fold32,bike_bell,R,,
R,fold32_room1_mix0539,safe,walk,1,0,v11core,arterial,15056344202,fold32,,,,
R,fold32_room1_mix0540,caution,static,3,0,v11core,arterial,15056448931,fold32,,,,
L,fold32_room1_mix0541,caution,static,2,1,v11core,arterial,15056553660,fold32,siren,L,,
R,fold32_room1_mix0542,caution,static,2,0,v11core,arterial,15056658389,fold32,,,,
L,fold32_room1_mix0543,safe,walk,3,2,v11core,daily,15056763118,fold32,horn,L,backup_beep,R
L,fold32_room1_mix0544,caution,walk,2,0,v11core,arterial,15056867847,fold32,,,,
L,fold32_room1_mix0545,safe,walk,1,0,v11core,residential,15056972576,fold32,,,,
L,fold32_room1_mix0546,safe,walk,1,0,v11core,daily,15057077305,fold32,,,,
R,fold32_room1_mix0547,critical,static,2,0,v11core,daily,15057182034,fold32,,,,
R,fold32_room1_mix0548,caution,walk,1,0,v11core,residential,15057286763,fold32,,,,
L,fold32_room1_mix0549,caution,walk,2,2,v11core,daily,15057391492,fold32,siren,L,siren,R
R,fold32_room1_mix0550,critical,walk,1,1,v11core,arterial,15057496221,fold32,siren,L,,
L,fold32_room1_mix0551,critical,static,3,2,v11core,daily,15057600950,fold32,horn,L,crossing,L
R,fold32_room1_mix0552,critical,static,2,1,v11core,daily,15057705679,fold32,crossing,R,,
,fold32_room1_mix0553,na,walk,0,0,v11core,residential,15057810408,fold32,,,,
L,fold32_room1_mix0554,safe,static,2,0,v11core,daily,15057915137,fold32,,,,
R,fold32_room1_mix0555,critical,walk,1,1,v11core,daily,15058019866,fold32,backup_beep,L,,
L,fold32_room1_mix0556,critical,static,2,1,v11core,arterial,15058124595,fold32,horn,R,,
L,fold32_room1_mix0557,safe,static,2,1,v11core,residential,15058229324,fold32,crossing,R,,
R,fold32_room1_mix0558,safe,walk,1,1,v11core,daily,15058334053,fold32,horn,L,,
R,fold32_room1_mix0559,safe,static,1,0,v11core,daily,15058438782,fold32,,,,
R,fold32_room1_mix0560,caution,static,2,0,v11core,residential,15058543511,fold32,,,,
R,fold32_room1_mix0561,caution,walk,2,1,v11core,arterial,15058648240,fold32,horn,L,,
R,fold32_room1_mix0562,safe,static,1,1,v11core,residential,15058752969,fold32,crossing,R,,
L,fold32_room1_mix0563,caution,static,1,0,v11core,daily,15058857698,fold32,,,,
L,fold32_room1_mix0564,critical,walk,1,2,v11core,residential,15058962427,fold32,horn,R,crossing,R
R,fold32_room1_mix0565,safe,walk,2,0,v11core,arterial,15059067156,fold32,,,,
L,fold32_room1_mix0566,safe,walk,1,0,v11core,residential,15059171885,fold32,,,,
L,fold32_room1_mix0567,critical,static,1,2,v11core,arterial,15059276614,fold32,siren,L,siren,R
L,fold32_room1_mix0568,critical,static,3,1,v11core,arterial,15059381343,fold32,crossing,R,,
L,fold32_room1_mix0569,critical,walk,1,1,v11core,daily,15059486072,fold32,crossing,L,,
,fold32_room1_mix0570,na,walk,0,0,v11core,residential,15059590801,fold32,,,,
L,fold32_room1_mix0571,safe,walk,2,1,v11core,daily,15059695530,fold32,horn,L,,
L,fold32_room1_mix0572,critical,static,2,2,v11core,daily,15059800259,fold32,bike_bell,R,crossing,L
L,fold32_room1_mix0573,critical,walk,2,0,v11core,arterial,15059904988,fold32,,,,
R,fold32_room1_mix0574,critical,walk,1,0,v11core,residential,15060009717,fold32,,,,
L,fold32_room1_mix0575,caution,walk,2,0,v11core,daily,15060114446,fold32,,,,
L,fold32_room1_mix0576,caution,static,1,2,v11core,residential,15060219175,fold32,horn,L,crossing,R
,fold32_room1_mix0577,na,walk,0,0,v11core,residential,15060323904,fold32,,,,
L,fold32_room1_mix0578,critical,walk,2,0,v11core,daily,15060428633,fold32,,,,
,fold32_room1_mix0579,na,walk,0,1,v11core,residential,15060533362,fold32,horn,L,,
,fold32_room1_mix0580,na,walk,0,1,v11core,residential,15060638091,fold32,siren,L,,
R,fold32_room1_mix0581,caution,walk,1,1,v11core,residential,15060742820,fold32,backup_beep,R,,
R,fold32_room1_mix0582,caution,walk,2,1,v11core,daily,15060847549,fold32,backup_beep,R,,
,fold32_room1_mix0583,na,walk,0,1,v11core,residential,15060952278,fold32,crossing,R,,
R,fold32_room1_mix0584,safe,walk,2,2,v11core,arterial,15061057007,fold32,bike_bell,L,bike_bell,R
R,fold32_room1_mix0585,critical,static,1,1,v11core,daily,15061161736,fold32,horn,R,,
,fold32_room1_mix0586,na,walk,0,2,v11core,residential,15061266465,fold32,backup_beep,L,crossing,R
R,fold32_room1_mix0587,caution,walk,3,1,v11core,arterial,15061371194,fold32,crossing,L,,
R,fold32_room1_mix0588,safe,static,1,0,v11core,daily,15061475923,fold32,,,,
R,fold32_room1_mix0589,caution,static,1,0,v11core,daily,15061580652,fold32,,,,
R,fold32_room1_mix0590,safe,static,1,1,v11core,residential,15061685381,fold32,crossing,R,,
L,fold32_room1_mix0591,critical,static,2,1,v11core,daily,15061790110,fold32,siren,R,,
,fold32_room1_mix0592,na,static,0,1,v11core,residential,15061894839,fold32,crossing,L,,
,fold32_room1_mix0593,na,static,0,0,v11core,residential,15061999568,fold32,,,,
,fold32_room1_mix0594,na,static,0,0,v11core,residential,15062104297,fold32,,,,
R,fold32_room1_mix0595,critical,walk,3,1,v11core,daily,15062209026,fold32,siren,L,,
L,fold32_room1_mix0596,caution,static,1,0,v11core,daily,15062313755,fold32,,,,
,fold32_room1_mix0597,na,static,0,2,v11core,residential,15062418484,fold32,horn,R,crossing,L
L,fold32_room1_mix0598,caution,static,3,0,v11core,daily,15062523213,fold32,,,,
L,fold32_room1_mix0599,safe,walk,1,0,v11core,residential,15062627942,fold32,,,,
L,fold32_room1_mix0600,critical,walk,3,0,v11core,daily,15062732671,fold32,,,,
R,fold32_room1_mix0601,safe,static,1,0,v11core,residential,15062837400,fold32,,,,
R,fold32_room1_mix0602,safe,static,1,2,v11core,daily,15062942129,fold32,bike_bell,R,bike_bell,L
R,fold32_room1_mix0603,safe,static,2,0,v11core,daily,15063046858,fold32,,,,
R,fold32_room1_mix0604,safe,walk,1,1,v11core,residential,15063151587,fold32,horn,R,,
L,fold32_room1_mix0605,safe,static,2,1,v11core,daily,15063256316,fold32,crossing,L,,
L,fold32_room1_mix0606,caution,static,1,0,v11core,daily,15063361045,fold32,,,,
L,fold32_room1_mix0607,caution,static,2,0,v11core,residential,15063465774,fold32,,,,
R,fold32_room1_mix0608,caution,static,1,1,v11core,daily,15063570503,fold32,horn,R,,
L,fold32_room1_mix0609,caution,walk,1,1,v11core,arterial,15063675232,fold32,horn,R,,
L,fold32_room1_mix0610,critical,static,1,1,v11core,residential,15063779961,fold32,backup_beep,L,,
,fold32_room1_mix0611,na,walk,0,0,v11core,residential,15063884690,fold32,,,,
R,fold32_room1_mix0612,safe,static,1,1,v11core,residential,15063989419,fold32,horn,L,,
L,fold32_room1_mix0613,critical,walk,1,1,v11core,arterial,15064094148,fold32,horn,L,,
L,fold32_room1_mix0614,caution,static,2,0,v11core,arterial,15064198877,fold32,,,,
R,fold32_room1_mix0615,safe,static,1,2,v11core,residential,15064303606,fold32,backup_beep,R,bike_bell,R
R,fold32_room1_mix0616,critical,static,1,0,v11core,daily,15064408335,fold32,,,,
L,fold32_room1_mix0617,critical,static,1,0,v11core,residential,15064513064,fold32,,,,
,fold32_room1_mix0618,na,walk,0,2,v11core,daily,15064617793,fold32,siren,L,siren,R
R,fold32_room1_mix0619,caution,walk,1,0,v11core,residential,15064722522,fold32,,,,
L,fold32_room1_mix0620,caution,static,1,0,v11core,daily,15064827251,fold32,,,,
R,fold32_room1_mix0621,caution,static,1,0,v11core,residential,15064931980,fold32,,,,
R,fold32_room1_mix0622,caution,walk,2,1,v11core,daily,15065036709,fold32,crossing,L,,
R,fold32_room1_mix0623,safe,static,1,0,v11core,residential,15065141438,fold32,,,,
L,fold32_room1_mix0624,critical,walk,1,0,v11core,residential,15065246167,fold32,,,,
L,fold32_room1_mix0625,caution,static,2,1,v11core,daily,15065350896,fold32,siren,R,,
L,fold32_room1_mix0626,caution,walk,1,0,v11core,residential,15065455625,fold32,,,,
R,fold32_room1_mix0627,critical,static,2,0,v11core,daily,15065560354,fold32,,,,
R,fold32_room1_mix0628,critical,static,2,0,v11core,daily,15065665083,fold32,,,,
L,fold32_room1_mix0629,critical,walk,1,1,v11core,residential,15065769812,fold32,horn,L,,
R,fold32_room1_mix0630,critical,static,3,2,v11core,daily,15065874541,fold32,backup_beep,R,bike_bell,L
R,fold32_room1_mix0631,caution,static,1,1,v11core,arterial,15065979270,fold32,bike_bell,R,,
,fold32_room1_mix0632,na,walk,0,1,v11core,residential,15066083999,fold32,horn,R,,
L,fold32_room1_mix0633,caution,static,1,1,v11core,residential,15066188728,fold32,crossing,R,,
,fold32_room1_mix0634,na,static,0,1,v11core,residential,15066293457,fold32,backup_beep,R,,
L,fold32_room1_mix0635,critical,walk,3,1,v11core,daily,15066398186,fold32,horn,R,,
L,fold32_room1_mix0636,safe,walk,2,1,v11core,residential,15066502915,fold32,crossing,L,,
L,fold32_room1_mix0637,critical,walk,1,0,v11core,arterial,15066607644,fold32,,,,
L,fold32_room1_mix0638,caution,walk,3,2,v11core,arterial,15066712373,fold32,siren,L,siren,R
,fold32_room1_mix0639,na,static,0,0,v11core,daily,15066817102,fold32,,,,
R,fold32_room1_mix0640,critical,walk,1,0,v11core,residential,15066921831,fold32,,,,
R,fold32_room1_mix0641,safe,walk,3,1,v11core,daily,15067026560,fold32,siren,R,,
L,fold32_room1_mix0642,caution,static,1,0,v11core,daily,15067131289,fold32,,,,
L,fold32_room1_mix0643,critical,static,2,1,v11core,arterial,15067236018,fold32,bike_bell,R,,
,fold32_room1_mix0644,na,static,0,1,v11core,residential,15067340747,fold32,crossing,L,,
L,fold32_room1_mix0645,safe,walk,3,1,v11core,arterial,15067445476,fold32,siren,R,,
L,fold32_room1_mix0646,safe,static,1,0,v11core,residential,15067550205,fold32,,,,
,fold32_room1_mix0647,na,static,0,2,v11core,residential,15067654934,fold32,siren,R,crossing,L
L,fold32_room1_mix0648,caution,static,1,1,v11core,residential,15067759663,fold32,crossing,L,,
R,fold32_room1_mix0649,safe,static,1,1,v11core,residential,15067864392,fold32,horn,L,,
R,fold32_room1_mix0650,safe,static,2,2,v11core,arterial,15067969121,fold32,horn,L,backup_beep,L
L,fold32_room1_mix0651,critical,static,1,2,v11core,residential,15068073850,fold32,horn,L,backup_beep,L
R,fold32_room1_mix0652,critical,walk,2,0,v11core,arterial,15068178579,fold32,,,,
L,fold32_room1_mix0653,critical,static,2,0,v11core,arterial,15068283308,fold32,,,,
L,fold32_room1_mix0654,critical,walk,1,0,v11core,residential,15068388037,fold32,,,,
L,fold32_room1_mix0655,safe,walk,1,2,v11core,daily,15068492766,fold32,siren,R,horn,L
L,fold32_room1_mix0656,safe,walk,3,0,v11core,daily,15068597495,fold32,,,,
L,fold32_room1_mix0657,safe,walk,1,0,v11core,residential,15068702224,fold32,,,,
L,fold32_room1_mix0658,caution,walk,1,2,v11core,daily,15068806953,fold32,backup_beep,L,bike_bell,L
L,fold32_room1_mix0659,critical,static,1,0,v11core,residential,15068911682,fold32,,,,
L,fold32_room1_mix0660,caution,static,2,1,v11core,daily,15069016411,fold32,bike_bell,L,,
,fold32_room1_mix0661,na,static,0,0,v11core,residential,15069121140,fold32,,,,
,fold32_room1_mix0662,na,walk,0,1,v11core,residential,15069225869,fold32,crossing,L,,
,fold32_room1_mix0663,na,walk,0,0,v11core,residential,15069330598,fold32,,,,
L,fold32_room1_mix0664,safe,walk,1,1,v11core,residential,15069435327,fold32,horn,R,,
L,fold32_room1_mix0665,caution,walk,1,0,v11core,residential,15069540056,fold32,,,,
R,fold32_room1_mix0666,safe,static,1,2,v11core,residential,15069644785,fold32,siren,R,bike_bell,R
L,fold32_room1_mix0667,caution,walk,1,1,v11core,residential,15069749514,fold32,crossing,L,,
L,fold32_room1_mix0668,caution,walk,1,0,v11core,residential,15069854243,fold32,,,,
L,fold32_room1_mix0669,safe,static,1,0,v11core,residential,15069958972,fold32,,,,
L,fold32_room1_mix0670,critical,static,1,1,v11core,residential,15070063701,fold32,horn,R,,
,fold32_room1_mix0671,na,static,0,0,v11core,daily,15070168430,fold32,,,,
L,fold32_room1_mix0672,critical,static,1,1,v11core,daily,15070273159,fold32,backup_beep,L,,
R,fold32_room1_mix0673,safe,walk,3,1,v11core,arterial,15070377888,fold32,crossing,R,,
L,fold32_room1_mix0674,safe,static,3,1,v11core,arterial,15070482617,fold32,bike_bell,L,,
,fold32_room1_mix0675,na,static,0,0,v11core,daily,15070587346,fold32,,,,
R,fold32_room1_mix0676,critical,static,1,0,v11core,daily,15070692075,fold32,,,,
L,fold32_room1_mix0677,safe,static,2,0,v11core,residential,15070796804,fold32,,,,
L,fold32_room1_mix0678,critical,static,1,2,v11core,residential,15070901533,fold32,siren,L,siren,R
,fold32_room1_mix0679,na,static,0,0,v11core,residential,15071006262,fold32,,,,
R,fold32_room1_mix0680,safe,walk,1,1,v11core,arterial,15071110991,fold32,siren,R,,
L,fold32_room1_mix0681,caution,walk,1,0,v11core,daily,15071215720,fold32,,,,
R,fold32_room1_mix0682,safe,static,2,0,v11core,residential,15071320449,fold32,,,,
,fold32_room1_mix0683,na,walk,0,1,v11core,residential,15071425178,fold32,bike_bell,R,,
R,fold32_room1_mix0684,safe,walk,1,0,v11core,arterial,15071529907,fold32,,,,
L,fold32_room1_mix0685,caution,walk,1,0,v11core,daily,15071634636,fold32,,,,
L,fold32_room1_mix0686,safe,walk,1,2,v11core,daily,15071739365,fold32,siren,L,backup_beep,L
L,fold32_room1_mix0687,safe,walk,1,1,v11core,residential,15071844094,fold32,crossing,L,,
L,fold32_room1_mix0688,caution,static,1,1,v11core,daily,15071948823,fold32,horn,L,,
L,fold32_room1_mix0689,safe,walk,1,0,v11core,daily,15072053552,fold32,,,,
R,fold32_room1_mix0690,caution,static,2,1,v11core,daily,15072158281,fold32,backup_beep,L,,
,fold32_room1_mix0691,na,static,0,0,v11core,daily,15072263010,fold32,,,,
R,fold32_room1_mix0692,critical,walk,1,2,v11core,daily,15072367739,fold32,bike_bell,R,bike_bell,L
R,fold32_room1_mix0693,critical,walk,2,0,v11core,daily,15072472468,fold32,,,,
L,fold32_room1_mix0694,critical,walk,1,0,v11core,daily,15072577197,fold32,,,,
R,fold32_room1_mix0695,caution,walk,1,0,v11core,daily,15072681926,fold32,,,,
L,fold32_room1_mix0696,safe,static,3,0,v11core,daily,15072786655,fold32,,,,
L,fold32_room1_mix0697,critical,static,1,1,v11core,daily,15072891384,fold32,siren,R,,
,fold32_room1_mix0698,na,walk,0,0,v11core,residential,15072996113,fold32,,,,
L,fold32_room1_mix0699,critical,static,1,0,v11core,daily,15073100842,fold32,,,,
R,fold32_room1_mix0700,critical,walk,1,0,v11core,residential,15073205571,fold32,,,,
R,fold32_room1_mix0701,critical,static,1,1,v11core,daily,15073310300,fold32,backup_beep,L,,
L,fold32_room1_mix0702,safe,walk,3,0,v11core,arterial,15073415029,fold32,,,,
R,fold32_room1_mix0703,caution,walk,1,1,v11core,arterial,15073519758,fold32,crossing,L,,
L,fold32_room1_mix0704,safe,static,1,1,v11core,residential,15073624487,fold32,siren,L,,
R,fold32_room1_mix0705,caution,walk,3,0,v11core,arterial,15073729216,fold32,,,,
L,fold32_room1_mix0706,safe,static,1,0,v11core,residential,15073833945,fold32,,,,
,fold32_room1_mix0707,na,walk,0,2,v11core,residential,15073938674,fold32,siren,R,horn,R
R,fold32_room1_mix0708,critical,walk,2,1,v11core,daily,15074043403,fold32,bike_bell,R,,
,fold32_room1_mix0709,na,walk,0,1,v11core,residential,15074148132,fold32,horn,R,,
,fold32_room1_mix0710,na,walk,0,2,v11core,residential,15074252861,fold32,horn,L,crossing,L
L,fold32_room1_mix0711,caution,static,1,1,v11core,residential,15074357590,fold32,horn,R,,
L,fold32_room1_mix0712,safe,walk,1,1,v11core,daily,15074462319,fold32,bike_bell,L,,
,fold32_room1_mix0713,na,static,0,0,v11core,residential,15074567048,fold32,,,,
L,fold32_room1_mix0714,caution,walk,2,2,v11core,residential,15074671777,fold32,bike_bell,L,crossing,L
,fold32_room1_mix0715,na,walk,0,1,v11core,residential,15074776506,fold32,backup_beep,R,,
,fold32_room1_mix0716,na,static,0,1,v11core,residential,15074881235,fold32,horn,R,,
R,fold32_room1_mix0717,caution,walk,2,0,v11core,daily,15074985964,fold32,,,,
,fold32_room1_mix0718,na,walk,0,0,v11core,residential,15075090693,fold32,,,,
,fold32_room1_mix0719,na,walk,0,0,v11core,residential,15075195422,fold32,,,,
R,fold32_room1_mix0720,caution,static,1,0,v11core,daily,15075300151,fold32,,,,
L,fold32_room1_mix0721,safe,walk,3,0,v11core,daily,15075404880,fold32,,,,
L,fold32_room1_mix0722,critical,walk,1,1,v11core,residential,15075509609,fold32,siren,R,,
L,fold32_room1_mix0723,safe,walk,1,0,v11core,residential,15075614338,fold32,,,,
,fold32_room1_mix0724,na,static,0,2,v11core,residential,15075719067,fold32,backup_beep,L,backup_beep,R
L,fold32_room1_mix0725,safe,static,3,0,v11core,daily,15075823796,fold32,,,,
L,fold32_room1_mix0726,caution,static,1,1,v11core,daily,15075928525,fold32,siren,R,,
L,fold32_room1_mix0727,critical,static,3,2,v11core,arterial,15076033254,fold32,backup_beep,R,backup_beep,L
R,fold32_room1_mix0728,caution,walk,3,1,v11core,arterial,15076137983,fold32,bike_bell,L,,
R,fold32_room1_mix0729,safe,walk,1,0,v11core,daily,15076242712,fold32,,,,
R,fold32_room1_mix0730,safe,walk,1,1,v11core,residential,15076347441,fold32,horn,L,,
R,fold32_room1_mix0731,caution,static,1,1,v11core,residential,15076452170,fold32,crossing,L,,
R,fold32_room1_mix0732,critical,walk,3,1,v11core,arterial,15076556899,fold32,bike_bell,R,,
R,fold32_room1_mix0733,safe,static,2,2,v11core,daily,15076661628,fold32,siren,R,backup_beep,R
R,fold32_room1_mix0734,safe,walk,2,1,v11core,daily,15076766357,fold32,horn,L,,
R,fold32_room1_mix0735,safe,static,1,0,v11core,daily,15076871086,fold32,,,,
R,fold32_room1_mix0736,critical,walk,1,1,v11core,daily,15076975815,fold32,horn,L,,
R,fold32_room1_mix0737,safe,static,1,1,v11core,daily,15077080544,fold32,crossing,L,,
,fold32_room1_mix0738,na,static,0,0,v11core,residential,15077185273,fold32,,,,
R,fold32_room1_mix0739,safe,walk,2,0,v11core,daily,15077290002,fold32,,,,
R,fold32_room1_mix0740,safe,static,2,0,v11core,daily,15077394731,fold32,,,,
L,fold32_room1_mix0741,safe,static,1,1,v11core,daily,15077499460,fold32,bike_bell,R,,
L,fold32_room1_mix0742,critical,walk,2,0,v11core,arterial,15077604189,fold32,,,,
R,fold32_room1_mix0743,critical,static,2,1,v11core,arterial,15077708918,fold32,crossing,L,,
L,fold32_room1_mix0744,safe,walk,1,0,v11core,arterial,15077813647,fold32,,,,
L,fold32_room1_mix0745,caution,static,2,0,v11core,daily,15077918376,fold32,,,,
,fold32_room1_mix0746,na,static,0,0,v11core,residential,15078023105,fold32,,,,
R,fold32_room1_mix0747,safe,walk,1,1,v11core,residential,15078127834,fold32,bike_bell,R,,
L,fold32_room1_mix0748,caution,static,1,0,v11core,residential,15078232563,fold32,,,,
R,fold32_room1_mix0749,critical,walk,2,0,v11core,arterial,15078337292,fold32,,,,
R,fold32_room1_mix0750,caution,walk,1,0,v11core,daily,15078442021,fold32,,,,
,fold32_room1_mix0751,na,static,0,0,v11core,residential,15078546750,fold32,,,,
L,fold32_room1_mix0752,caution,walk,3,1,v11core,arterial,15078651479,fold32,backup_beep,L,,
R,fold32_room1_mix0753,critical,walk,2,1,v11core,arterial,15078756208,fold32,horn,R,,
L,fold32_room1_mix0754,critical,walk,1,1,v11core,daily,15078860937,fold32,backup_beep,R,,
L,fold32_room1_mix0755,critical,walk,2,0,v11core,daily,15078965666,fold32,,,,
R,fold32_room1_mix0756,safe,static,2,1,v11core,daily,15079070395,fold32,horn,L,,
L,fold32_room1_mix0757,safe,walk,1,1,v11core,daily,15079175124,fold32,bike_bell,L,,
R,fold32_room1_mix0758,safe,walk,2,2,v11core,daily,15079279853,fold32,horn,L,crossing,R
L,fold32_room1_mix0759,caution,static,1,0,v11core,residential,15079384582,fold32,,,,
,fold32_room1_mix0760,na,walk,0,1,v11core,daily,15079489311,fold32,backup_beep,R,,
L,fold32_room1_mix0761,safe,static,1,0,v11core,residential,15079594040,fold32,,,,
R,fold32_room1_mix0762,critical,walk,1,1,v11core,daily,15079698769,fold32,bike_bell,R,,
L,fold32_room1_mix0763,caution,static,1,1,v11core,daily,15079803498,fold32,horn,L,,
R,fold32_room1_mix0764,safe,walk,1,1,v11core,arterial,15079908227,fold32,bike_bell,R,,
R,fold32_room1_mix0765,critical,static,1,1,v11core,residential,15080012956,fold32,bike_bell,L,,
R,fold32_room1_mix0766,safe,static,1,1,v11core,daily,15080117685,fold32,horn,R,,
R,fold32_room1_mix0767,caution,walk,2,0,v11core,daily,15080222414,fold32,,,,
R,fold32_room1_mix0768,critical,static,1,1,v11core,residential,15080327143,fold32,crossing,L,,
R,fold32_room1_mix0769,caution,walk,2,1,v11core,daily,15080431872,fold32,bike_bell,L,,
L,fold32_room1_mix0770,critical,static,2,0,v11core,daily,15080536601,fold32,,,,
R,fold32_room1_mix0771,safe,static,1,0,v11core,residential,15080641330,fold32,,,,
R,fold32_room1_mix0772,caution,walk,1,2,v11core,residential,15080746059,fold32,horn,L,bike_bell,L
L,fold32_room1_mix0773,critical,walk,1,2,v11core,daily,15080850788,fold32,backup_beep,L,backup_beep,R
L,fold32_room1_mix0774,critical,static,2,0,v11core,daily,15080955517,fold32,,,,
R,fold32_room1_mix0775,safe,walk,2,1,v11core,arterial,15081060246,fold32,bike_bell,R,,
L,fold32_room1_mix0776,safe,walk,2,0,v11core,arterial,15081164975,fold32,,,,
L,fold32_room1_mix0777,caution,static,1,0,v11core,daily,15081269704,fold32,,,,
R,fold32_room1_mix0778,critical,static,1,0,v11core,daily,15081374433,fold32,,,,
R,fold32_room1_mix0779,critical,static,1,1,v11core,daily,15081479162,fold32,bike_bell,R,,
L,fold32_room1_mix0780,critical,static,1,1,v11core,daily,15081583891,fold32,crossing,L,,
R,fold32_room1_mix0781,safe,static,1,1,v11core,arterial,15081688620,fold32,crossing,R,,
L,fold32_room1_mix0782,safe,static,2,1,v11core,daily,15081793349,fold32,siren,L,,
,fold32_room1_mix0783,na,walk,0,0,v11core,residential,15081898078,fold32,,,,
L,fold32_room1_mix0784,critical,static,1,0,v11core,residential,15082002807,fold32,,,,
R,fold32_room1_mix0785,safe,walk,1,0,v11core,daily,15082107536,fold32,,,,
R,fold32_room1_mix0786,critical,walk,1,0,v11core,arterial,15082212265,fold32,,,,
R,fold32_room1_mix0787,critical,static,1,1,v11core,daily,15082316994,fold32,siren,L,,
R,fold32_room1_mix0788,critical,walk,3,2,v11core,arterial,15082421723,fold32,backup_beep,R,crossing,R
,fold32_room1_mix0789,na,static,0,1,v11core,residential,15082526452,fold32,horn,L,,
R,fold32_room1_mix0790,caution,walk,1,0,v11core,residential,15082631181,fold32,,,,
R,fold32_room1_mix0791,safe,walk,2,1,v11core,daily,15082735910,fold32,siren,L,,
L,fold32_room1_mix0792,critical,walk,1,1,v11core,residential,15082840639,fold32,crossing,R,,
L,fold32_room1_mix0793,critical,walk,1,2,v11core,daily,15082945368,fold32,siren,L,backup_beep,L
R,fold32_room1_mix0794,safe,walk,3,0,v11core,daily,15083050097,fold32,,,,
R,fold32_room1_mix0795,caution,walk,1,0,v11core,residential,15083154826,fold32,,,,
L,fold32_room1_mix0796,caution,walk,2,0,v11core,arterial,15083259555,fold32,,,,
L,fold32_room1_mix0797,caution,static,1,0,v11core,residential,15083364284,fold32,,,,
L,fold32_room1_mix0798,safe,static,1,1,v11core,residential,15083469013,fold32,bike_bell,L,,
L,fold32_room1_mix0799,critical,static,1,2,v11core,daily,15083573742,fold32,siren,R,bike_bell,L
L,fold32_room1_mix0800,caution,walk,3,1,v11core,daily,15083678471,fold32,horn,L,,
R,fold32_room1_mix0801,safe,walk,1,0,v11core,arterial,15083783200,fold32,,,,
L,fold32_room1_mix0802,safe,static,3,1,v11core,arterial,15083887929,fold32,horn,R,,
L,fold32_room1_mix0803,caution,walk,1,2,v11core,daily,15083992658,fold32,siren,L,bike_bell,L
R,fold32_room1_mix0804,critical,walk,1,1,v11core,residential,15084097387,fold32,horn,R,,
L,fold32_room1_mix0805,safe,static,1,1,v11core,residential,15084202116,fold32,crossing,R,,
R,fold32_room1_mix0806,caution,static,1,1,v11core,residential,15084306845,fold32,crossing,L,,
L,fold32_room1_mix0807,critical,static,2,1,v11core,daily,15084411574,fold32,backup_beep,L,,
,fold32_room1_mix0808,na,walk,0,0,v11core,residential,15084516303,fold32,,,,
L,fold32_room1_mix0809,critical,walk,1,0,v11core,residential,15084621032,fold32,,,,
R,fold32_room1_mix0810,safe,walk,1,0,v11core,daily,15084725761,fold32,,,,
L,fold32_room1_mix0811,safe,walk,2,1,v11core,daily,15084830490,fold32,siren,R,,
L,fold32_room1_mix0812,caution,walk,3,1,v11core,arterial,15084935219,fold32,crossing,L,,
L,fold32_room1_mix0813,critical,static,2,1,v11core,daily,15085039948,fold32,bike_bell,R,,
L,fold32_room1_mix0814,caution,static,1,1,v11core,daily,15085144677,fold32,crossing,R,,
L,fold32_room1_mix0815,critical,static,1,0,v11core,daily,15085249406,fold32,,,,
R,fold32_room1_mix0816,caution,walk,1,2,v11core,daily,15085354135,fold32,bike_bell,L,bike_bell,R
R,fold32_room1_mix0817,critical,static,1,1,v11core,residential,15085458864,fold32,crossing,R,,
,fold32_room1_mix0818,na,walk,0,0,v11core,residential,15085563593,fold32,,,,
R,fold32_room1_mix0819,critical,walk,1,1,v11core,daily,15085668322,fold32,backup_beep,R,,
L,fold32_room1_mix0820,caution,walk,2,1,v11core,arterial,15085773051,fold32,bike_bell,R,,
R,fold32_room1_mix0821,safe,static,3,1,v11core,arterial,15085877780,fold32,horn,L,,
L,fold32_room1_mix0822,critical,walk,2,2,v11core,daily,15085982509,fold32,siren,R,horn,R
R,fold32_room1_mix0823,caution,walk,1,1,v11core,residential,15086087238,fold32,backup_beep,R,,
R,fold32_room1_mix0824,caution,walk,3,2,v11core,daily,15086191967,fold32,backup_beep,R,bike_bell,L
R,fold32_room1_mix0825,critical,static,1,0,v11core,residential,15086296696,fold32,,,,
R,fold32_room1_mix0826,critical,walk,1,0,v11core,daily,15086401425,fold32,,,,
R,fold32_room1_mix0827,critical,walk,2,0,v11core,daily,15086506154,fold32,,,,
,fold32_room1_mix0828,na,static,0,1,v11core,residential,15086610883,fold32,crossing,R,,
L,fold32_room1_mix0829,safe,walk,1,0,v11core,residential,15086715612,fold32,,,,
R,fold32_room1_mix0830,safe,walk,3,2,v11core,arterial,15086820341,fold32,backup_beep,L,bike_bell,R
R,fold32_room1_mix0831,critical,static,3,0,v11core,arterial,15086925070,fold32,,,,
L,fold32_room1_mix0832,caution,walk,1,2,v11core,daily,15087029799,fold32,siren,R,siren,L
L,fold32_room1_mix0833,safe,walk,1,0,v11core,daily,15087134528,fold32,,,,
R,fold32_room1_mix0834,safe,static,2,1,v11core,arterial,15087239257,fold32,crossing,R,,
L,fold32_room1_mix0835,caution,walk,2,2,v11core,arterial,15087343986,fold32,siren,L,horn,L
R,fold32_room1_mix0836,critical,walk,1,0,v11core,arterial,15087448715,fold32,,,,
,fold32_room1_mix0837,na,walk,0,0,v11core,daily,15087553444,fold32,,,,
R,fold32_room1_mix0838,safe,walk,1,2,v11core,daily,15087658173,fold32,siren,R,bike_bell,R
R,fold32_room1_mix0839,safe,static,3,2,v11core,arterial,15087762902,fold32,backup_beep,L,crossing,L
,fold32_room1_mix0840,na,static,0,0,v11core,residential,15087867631,fold32,,,,
,fold32_room1_mix0841,na,walk,0,0,v11core,residential,15087972360,fold32,,,,
R,fold32_room1_mix0842,critical,static,1,1,v11core,residential,15088077089,fold32,siren,L,,
,fold32_room1_mix0843,na,static,0,0,v11core,residential,15088181818,fold32,,,,
R,fold32_room1_mix0844,caution,static,1,0,v11core,residential,15088286547,fold32,,,,
L,fold32_room1_mix0845,safe,walk,2,2,v11core,arterial,15088391276,fold32,siren,R,bike_bell,L
R,fold32_room1_mix0846,safe,static,1,0,v11core,residential,15088496005,fold32,,,,
L,fold32_room1_mix0847,caution,walk,1,0,v11core,daily,15088600734,fold32,,,,
R,fold32_room1_mix0848,caution,walk,2,0,v11core,daily,15088705463,fold32,,,,
R,fold32_room1_mix0849,critical,static,1,0,v11core,residential,15088810192,fold32,,,,
L,fold32_room1_mix0850,critical,static,1,0,v11core,daily,15088914921,fold32,,,,
L,fold32_room1_mix0851,caution,static,1,1,v11core,arterial,15089019650,fold32,horn,L,,
R,fold32_room1_mix0852,critical,walk,1,0,v11core,residential,15089124379,fold32,,,,
L,fold32_room1_mix0853,critical,walk,3,2,v11core,arterial,15089229108,fold32,horn,L,crossing,L
L,fold32_room1_mix0854,critical,static,1,1,v11core,arterial,15089333837,fold32,horn,L,,
L,fold32_room1_mix0855,safe,static,1,2,v11core,residential,15089438566,fold32,horn,L,crossing,R
R,fold32_room1_mix0856,safe,walk,1,0,v11core,residential,15089543295,fold32,,,,
R,fold32_room1_mix0857,safe,static,2,1,v11core,residential,15089648024,fold32,siren,L,,
,fold32_room1_mix0858,na,static,0,1,v11core,residential,15089752753,fold32,horn,R,,
L,fold32_room1_mix0859,safe,static,1,1,v11core,daily,15089857482,fold32,horn,L,,
R,fold32_room1_mix0860,caution,walk,1,2,v11core,residential,15089962211,fold32,backup_beep,L,crossing,R
R,fold32_room1_mix0861,safe,walk,2,0,v11core,residential,15090066940,fold32,,,,
R,fold32_room1_mix0862,critical,walk,2,0,v11core,residential,15090171669,fold32,,,,
L,fold32_room1_mix0863,critical,static,2,1,v11core,residential,15090276398,fold32,backup_beep,R,,
L,fold32_room1_mix0864,caution,static,1,1,v11core,daily,15090381127,fold32,siren,R,,
,fold32_room1_mix0865,na,walk,0,1,v11core,residential,15090485856,fold32,bike_bell,L,,
L,fold32_room1_mix0866,caution,static,1,0,v11core,daily,15090590585,fold32,,,,
L,fold32_room1_mix0867,safe,walk,2,0,v11core,daily,15090695314,fold32,,,,
L,fold32_room1_mix0868,critical,static,1,0,v11core,daily,15090800043,fold32,,,,
L,fold32_room1_mix0869,safe,static,3,0,v11core,arterial,15090904772,fold32,,,,
R,fold32_room1_mix0870,caution,static,2,0,v11core,arterial,15091009501,fold32,,,,
R,fold32_room1_mix0871,critical,static,1,2,v11core,daily,15091114230,fold32,bike_bell,L,bike_bell,R
R,fold32_room1_mix0872,caution,static,2,1,v11core,daily,15091218959,fold32,crossing,R,,
R,fold32_room1_mix0873,caution,walk,1,1,v11core,daily,15091323688,fold32,siren,L,,
R,fold32_room1_mix0874,critical,walk,2,0,v11core,daily,15091428417,fold32,,,,
L,fold32_room1_mix0875,caution,static,1,1,v11core,residential,15091533146,fold32,bike_bell,L,,
,fold32_room1_mix0876,na,walk,0,2,v11core,residential,15091637875,fold32,siren,L,backup_beep,L
R,fold32_room1_mix0877,safe,walk,1,1,v11core,daily,15091742604,fold32,siren,L,,
R,fold32_room1_mix0878,caution,walk,1,1,v11core,daily,15091847333,fold32,horn,R,,
R,fold32_room1_mix0879,safe,static,1,0,v11core,daily,15091952062,fold32,,,,
,fold32_room1_mix0880,na,walk,0,0,v11core,residential,15092056791,fold32,,,,
L,fold32_room1_mix0881,caution,walk,1,0,v11core,daily,15092161520,fold32,,,,
R,fold32_room1_mix0882,critical,walk,2,0,v11core,daily,15092266249,fold32,,,,
,fold32_room1_mix0883,na,static,0,1,v11core,residential,15092370978,fold32,siren,L,,
L,fold32_room1_mix0884,critical,static,2,0,v11core,arterial,15092475707,fold32,,,,
,fold32_room1_mix0885,na,walk,0,1,v11core,residential,15092580436,fold32,backup_beep,L,,
L,fold32_room1_mix0886,safe,walk,1,1,v11core,residential,15092685165,fold32,bike_bell,L,,
L,fold32_room1_mix0887,caution,static,2,1,v11core,daily,15092789894,fold32,crossing,R,,
L,fold32_room1_mix0888,critical,static,1,1,v11core,daily,15092894623,fold32,bike_bell,R,,
R,fold32_room1_mix0889,safe,static,1,1,v11core,daily,15092999352,fold32,crossing,L,,
,fold32_room1_mix0890,na,walk,0,0,v11core,residential,15093104081,fold32,,,,
,fold32_room1_mix0891,na,static,0,0,v11core,residential,15093208810,fold32,,,,
L,fold32_room1_mix0892,caution,walk,1,1,v11core,arterial,15093313539,fold32,bike_bell,R,,
R,fold32_room1_mix0893,critical,static,2,0,v11core,daily,15093418268,fold32,,,,
R,fold32_room1_mix0894,critical,static,2,0,v11core,arterial,15093522997,fold32,,,,
L,fold32_room1_mix0895,critical,walk,1,0,v11core,daily,15093627726,fold32,,,,
L,fold32_room1_mix0896,caution,static,2,1,v11core,residential,15093732455,fold32,crossing,R,,
,fold32_room1_mix0897,na,static,0,1,v11core,residential,15093837184,fold32,backup_beep,R,,
R,fold32_room1_mix0898,critical,walk,1,1,v11core,daily,15093941913,fold32,siren,R,,
L,fold32_room1_mix0899,caution,walk,2,0,v11core,daily,15094046642,fold32,,,,
R,fold32_room1_mix0900,caution,static,1,1,v11core,residential,15094151371,fold32,backup_beep,R,,
,fold32_room1_mix0901,na,walk,0,0,v11core,residential,15094256100,fold32,,,,
L,fold32_room1_mix0902,caution,static,1,1,v11core,daily,15094360829,fold32,backup_beep,L,,
L,fold32_room1_mix0903,caution,static,1,0,v11core,residential,15094465558,fold32,,,,
L,fold32_room1_mix0904,safe,static,2,2,v11core,arterial,15094570287,fold32,siren,R,crossing,R
L,fold32_room1_mix0905,critical,static,1,1,v11core,residential,15094675016,fold32,bike_bell,L,,
L,fold32_room1_mix0906,caution,walk,2,1,v11core,daily,15094779745,fold32,crossing,R,,
R,fold32_room1_mix0907,safe,static,1,2,v11core,residential,15094884474,fold32,horn,R,bike_bell,R
R,fold32_room1_mix0908,caution,static,1,1,v11core,arterial,15094989203,fold32,siren,R,,
R,fold32_room1_mix0909,caution,static,3,0,v11core,arterial,15095093932,fold32,,,,
R,fold32_room1_mix0910,critical,static,1,0,v11core,residential,15095198661,fold32,,,,
L,fold32_room1_mix0911,caution,walk,1,0,v11core,daily,15095303390,fold32,,,,
R,fold32_room1_mix0912,safe,walk,2,1,v11core,residential,15095408119,fold32,horn,R,,
L,fold32_room1_mix0913,safe,static,1,0,v11core,arterial,15095512848,fold32,,,,
L,fold32_room1_mix0914,critical,walk,3,1,v11core,arterial,15095617577,fold32,bike_bell,L,,
L,fold32_room1_mix0915,safe,walk,2,0,v11core,residential,15095722306,fold32,,,,
L,fold32_room1_mix0916,safe,static,3,2,v11core,daily,15095827035,fold32,horn,L,bike_bell,L
R,fold32_room1_mix0917,critical,static,1,2,v11core,residential,15095931764,fold32,backup_beep,R,crossing,L
R,fold32_room1_mix0918,critical,walk,2,0,v11core,residential,15096036493,fold32,,,,
R,fold32_room1_mix0919,critical,walk,1,0,v11core,daily,15096141222,fold32,,,,
R,fold32_room1_mix0920,critical,static,1,0,v11core,daily,15096245951,fold32,,,,
L,fold32_room1_mix0921,critical,static,1,1,v11core,arterial,15096350680,fold32,bike_bell,R,,
R,fold32_room1_mix0922,caution,walk,1,0,v11core,daily,15096455409,fold32,,,,
,fold32_room1_mix0923,na,walk,0,1,v11core,residential,15096560138,fold32,bike_bell,R,,
L,fold32_room1_mix0924,caution,walk,1,0,v11core,residential,15096664867,fold32,,,,
R,fold32_room1_mix0925,critical,static,1,1,v11core,arterial,15096769596,fold32,crossing,L,,
R,fold32_room1_mix0926,caution,walk,1,1,v11core,residential,15096874325,fold32,siren,L,,
R,fold32_room1_mix0927,caution,walk,3,0,v11core,arterial,15096979054,fold32,,,,
L,fold32_room1_mix0928,caution,walk,2,1,v11core,arterial,15097083783,fold32,horn,L,,
L,fold32_room1_mix0929,caution,static,1,0,v11core,arterial,15097188512,fold32,,,,
R,fold32_room1_mix0930,caution,walk,2,1,v11core,residential,15097293241,fold32,bike_bell,L,,
R,fold32_room1_mix0931,caution,static,1,0,v11core,residential,15097397970,fold32,,,,
L,fold32_room1_mix0932,caution,walk,2,0,v11core,daily,15097502699,fold32,,,,
L,fold32_room1_mix0933,safe,walk,1,1,v11core,residential,15097607428,fold32,siren,R,,
,fold32_room1_mix0934,na,walk,0,0,v11core,residential,15097712157,fold32,,,,
L,fold32_room1_mix0935,critical,walk,2,0,v11core,daily,15097816886,fold32,,,,
R,fold32_room1_mix0936,caution,walk,2,0,v11core,residential,15097921615,fold32,,,,
L,fold32_room1_mix0937,caution,walk,2,2,v11core,daily,15098026344,fold32,bike_bell,R,crossing,R
L,fold32_room1_mix0938,critical,static,1,1,v11core,daily,15098131073,fold32,horn,R,,
R,fold32_room1_mix0939,safe,static,2,0,v11core,daily,15098235802,fold32,,,,
R,fold32_room1_mix0940,critical,static,1,0,v11core,residential,15098340531,fold32,,,,
R,fold32_room1_mix0941,safe,static,1,0,v11core,arterial,15098445260,fold32,,,,
R,fold32_room1_mix0942,critical,static,1,0,v11core,residential,15098549989,fold32,,,,
R,fold32_room1_mix0943,caution,static,1,1,v11core,residential,15098654718,fold32,bike_bell,R,,
,fold32_room1_mix0944,na,static,0,0,v11core,residential,15098759447,fold32,,,,
L,fold32_room1_mix0945,caution,static,3,2,v11core,arterial,15098864176,fold32,horn,R,bike_bell,L
L,fold32_room1_mix0946,critical,walk,1,1,v11core,residential,15098968905,fold32,backup_beep,R,,
L,fold32_room1_mix0947,caution,walk,1,0,v11core,arterial,15099073634,fold32,,,,
R,fold32_room1_mix0948,critical,static,3,0,v11core,arterial,15099178363,fold32,,,,
,fold32_room1_mix0949,na,walk,0,0,v11core,residential,15099283092,fold32,,,,
R,fold32_room1_mix0950,caution,static,1,1,v11core,daily,15099387821,fold32,horn,L,,
,fold32_room1_mix0951,na,static,0,0,v11core,residential,15099492550,fold32,,,,
,fold32_room1_mix0952,na,static,0,2,v11core,residential,15099597279,fold32,horn,R,backup_beep,L
L,fold32_room1_mix0953,safe,walk,2,1,v11core,arterial,15099702008,fold32,crossing,R,,
R,fold32_room1_mix0954,caution,static,1,0,v11core,daily,15099806737,fold32,,,,
R,fold32_room1_mix0955,caution,static,1,0,v11core,daily,15099911466,fold32,,,,
L,fold32_room1_mix0956,safe,static,1,1,v11core,residential,15100016195,fold32,horn,L,,
R,fold32_room1_mix0957,critical,walk,1,1,v11core,arterial,15100120924,fold32,crossing,L,,
R,fold32_room1_mix0958,safe,static,3,0,v11core,arterial,15100225653,fold32,,,,
R,fold32_room1_mix0959,critical,walk,1,2,v11core,daily,15100330382,fold32,siren,R,crossing,R
,fold32_room1_mix0960,na,static,0,2,v11core,residential,15100435111,fold32,backup_beep,L,bike_bell,L
L,fold32_room1_mix0961,safe,walk,1,1,v11core,arterial,15100539840,fold32,horn,R,,
,fold32_room1_mix0962,na,walk,0,0,v11core,residential,15100644569,fold32,,,,
L,fold32_room1_mix0963,critical,walk,3,0,v11core,arterial,15100749298,fold32,,,,
L,fold32_room1_mix0964,critical,walk,2,1,v11core,residential,15100854027,fold32,crossing,R,,
R,fold32_room1_mix0965,caution,walk,1,1,v11core,daily,15100958756,fold32,bike_bell,R,,
R,fold32_room1_mix0966,caution,static,1,1,v11core,residential,15101063485,fold32,horn,L,,
L,fold32_room1_mix0967,critical,static,1,0,v11core,residential,15101168214,fold32,,,,
L,fold32_room1_mix0968,caution,static,3,1,v11core,arterial,15101272943,fold32,crossing,R,,
L,fold32_room1_mix0969,caution,static,2,2,v11core,residential,15101377672,fold32,backup_beep,R,bike_bell,R
R,fold32_room1_mix0970,safe,walk,1,1,v11core,daily,15101482401,fold32,crossing,R,,
R,fold32_room1_mix0971,critical,static,1,1,v11core,daily,15101587130,fold32,horn,L,,
R,fold32_room1_mix0972,safe,walk,1,1,v11core,daily,15101691859,fold32,bike_bell,R,,
R,fold32_room1_mix0973,critical,static,1,1,v11core,residential,15101796588,fold32,horn,L,,
L,fold32_room1_mix0974,critical,walk,1,1,v11core,daily,15101901317,fold32,horn,R,,
,fold32_room1_mix0975,na,static,0,1,v11core,residential,15102006046,fold32,backup_beep,R,,
R,fold32_room1_mix0976,safe,walk,2,0,v11core,daily,15102110775,fold32,,,,
L,fold32_room1_mix0977,safe,static,2,1,v11core,daily,15102215504,fold32,backup_beep,R,,
,fold32_room1_mix0978,na,walk,0,0,v11core,residential,15102320233,fold32,,,,
L,fold32_room1_mix0979,safe,static,3,0,v11core,arterial,15102424962,fold32,,,,
R,fold32_room1_mix0980,safe,static,1,0,v11core,residential,15102529691,fold32,,,,
L,fold32_room1_mix0981,caution,static,3,0,v11core,arterial,15102634420,fold32,,,,
L,fold32_room1_mix0982,caution,walk,2,0,v11core,arterial,15102739149,fold32,,,,
,fold32_room1_mix0983,na,static,0,2,v11core,residential,15102843878,fold32,siren,R,bike_bell,R
L,fold32_room1_mix0984,safe,static,2,0,v11core,daily,15102948607,fold32,,,,
L,fold32_room1_mix0985,safe,static,1,1,v11core,arterial,15103053336,fold32,backup_beep,R,,
L,fold32_room1_mix0986,safe,static,1,1,v11core,daily,15103158065,fold32,horn,R,,
,fold32_room1_mix0987,na,static,0,2,v11core,residential,15103262794,fold32,siren,R,backup_beep,R
R,fold32_room1_mix0988,safe,static,1,2,v11core,daily,15103367523,fold32,horn,L,bike_bell,L
L,fold32_room1_mix0989,safe,walk,1,1,v11core,residential,15103472252,fold32,bike_bell,R,,
L,fold32_room1_mix0990,critical,static,1,1,v11core,residential,15103576981,fold32,horn,R,,
R,fold32_room1_mix0991,critical,walk,1,0,v11core,residential,15103681710,fold32,,,,
R,fold32_room1_mix0992,caution,walk,1,0,v11core,daily,15103786439,fold32,,,,
L,fold32_room1_mix0993,safe,walk,2,1,v11core,daily,15103891168,fold32,crossing,R,,
,fold32_room1_mix0994,na,static,0,1,v11core,residential,15103995897,fold32,bike_bell,L,,
L,fold32_room1_mix0995,caution,static,1,2,v11core,daily,15104100626,fold32,siren,R,backup_beep,R
,fold32_room1_mix0996,na,static,0,1,v11core,residential,15104205355,fold32,horn,R,,
,fold32_room1_mix0997,na,static,0,0,v11core,residential,15104310084,fold32,,,,
L,fold32_room1_mix0998,critical,walk,2,1,v11core,daily,15104414813,fold32,bike_bell,L,,
L,fold32_room1_mix0999,critical,static,2,2,v11core,daily,15104519542,fold32,siren,R,siren,L
L,fold32_room1_mix1000,safe,static,2,2,v11core,residential,15104624271,fold32,backup_beep,L,crossing,L
L,fold32_room1_mix1001,caution,walk,3,1,v11core,daily,15104729000,fold32,backup_beep,L,,
L,fold32_room1_mix1002,caution,static,2,1,v11core,arterial,15104833729,fold32,backup_beep,R,,
L,fold32_room1_mix1003,critical,static,3,1,v11core,daily,15104938458,fold32,backup_beep,L,,
R,fold32_room1_mix1004,safe,static,2,1,v11core,daily,15105043187,fold32,crossing,R,,
,fold32_room1_mix1005,na,walk,0,0,v11core,daily,15105147916,fold32,,,,
L,fold32_room1_mix1006,critical,static,2,1,v11core,daily,15105252645,fold32,crossing,R,,
R,fold32_room1_mix1007,caution,walk,2,1,v11core,daily,15105357374,fold32,horn,R,,
L,fold32_room1_mix1008,caution,static,1,1,v11core,residential,15105462103,fold32,siren,R,,
R,fold32_room1_mix1009,critical,static,2,2,v11core,daily,15105566832,fold32,siren,L,bike_bell,L
R,fold32_room1_mix1010,caution,static,1,1,v11core,residential,15105671561,fold32,siren,L,,
L,fold32_room1_mix1011,caution,walk,1,2,v11core,arterial,15105776290,fold32,siren,L,siren,R
,fold32_room1_mix1012,na,static,0,1,v11core,residential,15105881019,fold32,siren,L,,
L,fold32_room1_mix1013,caution,walk,1,1,v11core,residential,15105985748,fold32,horn,L,,
L,fold32_room1_mix1014,caution,static,2,0,v11core,arterial,15106090477,fold32,,,,
R,fold32_room1_mix1015,safe,walk,1,1,v11core,daily,15106195206,fold32,backup_beep,R,,
R,fold32_room1_mix1016,critical,static,2,1,v11core,daily,15106299935,fold32,bike_bell,L,,
L,fold32_room1_mix1017,safe,walk,1,1,v11core,residential,15106404664,fold32,backup_beep,R,,
L,fold32_room1_mix1018,critical,static,3,0,v11core,daily,15106509393,fold32,,,,
R,fold32_room1_mix1019,critical,walk,1,0,v11core,daily,15106614122,fold32,,,,
R,fold32_room1_mix1020,caution,walk,1,0,v11core,arterial,15106718851,fold32,,,,
,fold32_room1_mix1021,na,static,0,1,v11core,daily,15106823580,fold32,crossing,L,,
L,fold32_room1_mix1022,safe,walk,1,2,v11core,residential,15106928309,fold32,horn,L,crossing,L
,fold32_room1_mix1023,na,walk,0,2,v11core,daily,15107033038,fold32,backup_beep,R,backup_beep,L
R,fold32_room1_mix1024,safe,walk,3,0,v11core,arterial,15107137767,fold32,,,,
R,fold32_room1_mix1025,caution,static,3,0,v11core,daily,15107242496,fold32,,,,
,fold32_room1_mix1026,na,static,0,1,v11core,residential,15107347225,fold32,siren,L,,
R,fold32_room1_mix1027,caution,static,1,1,v11core,daily,15107451954,fold32,backup_beep,L,,
L,fold32_room1_mix1028,safe,static,1,0,v11core,daily,15107556683,fold32,,,,
L,fold32_room1_mix1029,safe,static,1,0,v11core,daily,15107661412,fold32,,,,
R,fold32_room1_mix1030,caution,static,1,0,v11core,daily,15107766141,fold32,,,,
L,fold32_room1_mix1031,critical,static,1,2,v11core,daily,15107870870,fold32,horn,L,backup_beep,L
,fold32_room1_mix1032,na,static,0,2,v11core,residential,15107975599,fold32,bike_bell,R,bike_bell,L
R,fold32_room1_mix1033,safe,walk,3,0,v11core,arterial,15108080328,fold32,,,,
L,fold32_room1_mix1034,caution,static,1,1,v11core,daily,15108185057,fold32,bike_bell,L,,
R,fold32_room1_mix1035,safe,walk,1,0,v11core,daily,15108289786,fold32,,,,
,fold32_room1_mix1036,na,walk,0,1,v11core,residential,15108394515,fold32,crossing,L,,
L,fold32_room1_mix1037,safe,static,1,0,v11core,residential,15108499244,fold32,,,,
L,fold32_room1_mix1038,caution,walk,3,0,v11core,arterial,15108603973,fold32,,,,
R,fold32_room1_mix1039,critical,static,1,0,v11core,arterial,15108708702,fold32,,,,
R,fold32_room1_mix1040,critical,walk,2,1,v11core,daily,15108813431,fold32,horn,R,,
R,fold32_room1_mix1041,safe,walk,1,1,v11core,daily,15108918160,fold32,crossing,L,,
L,fold32_room1_mix1042,caution,walk,1,1,v11core,daily,15109022889,fold32,siren,R,,
,fold32_room1_mix1043,na,walk,0,1,v11core,residential,15109127618,fold32,backup_beep,R,,
,fold32_room1_mix1044,na,walk,0,0,v11core,residential,15109232347,fold32,,,,
L,fold32_room1_mix1045,critical,static,2,0,v11core,daily,15109337076,fold32,,,,
L,fold32_room1_mix1046,critical,walk,1,0,v11core,daily,15109441805,fold32,,,,
L,fold32_room1_mix1047,critical,walk,1,1,v11core,daily,15109546534,fold32,crossing,L,,
L,fold32_room1_mix1048,critical,static,1,1,v11core,daily,15109651263,fold32,backup_beep,R,,
L,fold32_room1_mix1049,caution,walk,2,0,v11core,daily,15109755992,fold32,,,,
,fold32_room1_mix1050,na,walk,0,1,v11core,residential,15109860721,fold32,crossing,R,,
,fold32_room1_mix1051,na,walk,0,1,v11core,residential,15109965450,fold32,backup_beep,R,,
L,fold32_room1_mix1052,critical,static,1,1,v11core,residential,15110070179,fold32,bike_bell,L,,
,fold32_room1_mix1053,na,static,0,0,v11core,residential,15110174908,fold32,,,,
L,fold32_room1_mix1054,critical,walk,2,1,v11core,daily,15110279637,fold32,siren,L,,
L,fold32_room1_mix1055,caution,walk,1,1,v11core,residential,15110384366,fold32,backup_beep,R,,
L,fold32_room1_mix1056,caution,walk,1,1,v11core,daily,15110489095,fold32,bike_bell,R,,
L,fold32_room1_mix1057,caution,static,1,2,v11core,residential,15110593824,fold32,siren,L,crossing,R
L,fold32_room1_mix1058,critical,static,2,0,v11core,residential,15110698553,fold32,,,,
,fold32_room1_mix1059,na,walk,0,0,v11core,residential,15110803282,fold32,,,,
R,fold32_room1_mix1060,caution,walk,2,0,v11core,residential,15110908011,fold32,,,,
R,fold32_room1_mix1061,critical,static,3,0,v11core,arterial,15111012740,fold32,,,,
,fold32_room1_mix1062,na,walk,0,2,v11core,residential,15111117469,fold32,backup_beep,L,bike_bell,L
L,fold32_room1_mix1063,safe,static,1,2,v11core,residential,15111222198,fold32,siren,L,horn,R
R,fold32_room1_mix1064,critical,walk,2,1,v11core,arterial,15111326927,fold32,backup_beep,L,,
R,fold32_room1_mix1065,safe,walk,2,0,v11core,arterial,15111431656,fold32,,,,
R,fold32_room1_mix1066,critical,static,1,1,v11core,residential,15111536385,fold32,backup_beep,L,,
L,fold32_room1_mix1067,safe,walk,1,0,v11core,daily,15111641114,fold32,,,,
,fold32_room1_mix1068,na,walk,0,0,v11core,residential,15111745843,fold32,,,,
R,fold32_room1_mix1069,caution,static,1,2,v11core,daily,15111850572,fold32,siren,R,bike_bell,R
L,fold32_room1_mix1070,caution,static,2,0,v11core,residential,15111955301,fold32,,,,
L,fold32_room1_mix1071,critical,static,2,1,v11core,residential,15112060030,fold32,horn,R,,
L,fold32_room1_mix1072,safe,static,1,0,v11core,residential,15112164759,fold32,,,,
L,fold32_room1_mix1073,safe,walk,1,1,v11core,daily,15112269488,fold32,horn,R,,
R,fold32_room1_mix1074,critical,walk,1,1,v11core,residential,15112374217,fold32,siren,R,,
R,fold32_room1_mix1075,caution,static,1,0,v11core,residential,15112478946,fold32,,,,
,fold32_room1_mix1076,na,walk,0,2,v11core,residential,15112583675,fold32,siren,R,backup_beep,R
R,fold32_room1_mix1077,caution,walk,1,0,v11core,residential,15112688404,fold32,,,,
R,fold32_room1_mix1078,critical,walk,3,0,v11core,arterial,15112793133,fold32,,,,
L,fold32_room1_mix1079,caution,walk,2,1,v11core,residential,15112897862,fold32,horn,L,,
L,fold32_room1_mix1080,safe,walk,1,0,v11core,daily,15113002591,fold32,,,,
L,fold32_room1_mix1081,caution,walk,1,1,v11core,daily,15113107320,fold32,bike_bell,R,,
R,fold32_room1_mix1082,caution,static,1,1,v11core,daily,15113212049,fold32,crossing,L,,
R,fold32_room1_mix1083,critical,walk,2,1,v11core,daily,15113316778,fold32,crossing,L,,
R,fold32_room1_mix1084,caution,walk,1,1,v11core,residential,15113421507,fold32,crossing,R,,
R,fold32_room1_mix1085,caution,static,1,1,v11core,daily,15113526236,fold32,crossing,L,,
L,fold32_room1_mix1086,caution,walk,1,2,v11core,daily,15113630965,fold32,horn,L,backup_beep,L
,fold32_room1_mix1087,na,static,0,1,v11core,residential,15113735694,fold32,siren,L,,
L,fold32_room1_mix1088,critical,static,1,1,v11core,residential,15113840423,fold32,crossing,L,,
R,fold32_room1_mix1089,critical,static,2,0,v11core,daily,15113945152,fold32,,,,
L,fold32_room1_mix1090,critical,static,1,2,v11core,daily,15114049881,fold32,backup_beep,R,bike_bell,R
R,fold32_room1_mix1091,safe,walk,1,1,v11core,daily,15114154610,fold32,backup_beep,R,,
,fold32_room1_mix1092,na,static,0,0,v11core,residential,15114259339,fold32,,,,
L,fold32_room1_mix1093,safe,walk,3,0,v11core,arterial,15114364068,fold32,,,,
R,fold32_room1_mix1094,safe,walk,2,1,v11core,daily,15114468797,fold32,crossing,L,,
R,fold32_room1_mix1095,critical,static,3,1,v11core,daily,15114573526,fold32,crossing,R,,
L,fold32_room1_mix1096,critical,static,1,0,v11core,daily,15114678255,fold32,,,,
L,fold32_room1_mix1097,safe,walk,1,2,v11core,residential,15114782984,fold32,siren,L,crossing,R
L,fold32_room1_mix1098,safe,walk,1,0,v11core,daily,15114887713,fold32,,,,
R,fold32_room1_mix1099,safe,walk,3,0,v11core,arterial,15114992442,fold32,,,,
L,fold32_room1_mix1100,critical,static,2,2,v11core,residential,15115097171,fold32,bike_bell,R,crossing,L
R,fold32_room1_mix1101,critical,walk,1,0,v11core,residential,15115201900,fold32,,,,
L,fold32_room1_mix1102,safe,static,2,1,v11core,arterial,15115306629,fold32,crossing,L,,
,fold32_room1_mix1103,na,walk,0,2,v11core,residential,15115411358,fold32,horn,R,bike_bell,L
R,fold32_room1_mix1104,safe,walk,1,1,v11core,residential,15115516087,fold32,crossing,R,,
,fold32_room1_mix1105,na,static,0,0,v11core,residential,15115620816,fold32,,,,
L,fold32_room1_mix1106,caution,static,3,0,v11core,arterial,15115725545,fold32,,,,
,fold32_room1_mix1107,na,walk,0,2,v11core,residential,15115830274,fold32,bike_bell,R,crossing,L
L,fold32_room1_mix1108,critical,walk,1,2,v11core,residential,15115935003,fold32,bike_bell,R,crossing,L
L,fold32_room1_mix1109,critical,walk,1,0,v11core,residential,15116039732,fold32,,,,
L,fold32_room1_mix1110,safe,static,2,0,v11core,daily,15116144461,fold32,,,,
,fold32_room1_mix1111,na,walk,0,1,v11core,daily,15116249190,fold32,siren,L,,
,fold32_room1_mix1112,na,walk,0,1,v11core,daily,15116353919,fold32,horn,R,,
L,fold32_room1_mix1113,safe,static,3,0,v11core,arterial,15116458648,fold32,,,,
,fold32_room1_mix1114,na,static,0,0,v11core,residential,15116563377,fold32,,,,
R,fold32_room1_mix1115,caution,walk,3,0,v11core,arterial,15116668106,fold32,,,,
L,fold32_room1_mix1116,safe,static,3,2,v11core,arterial,15116772835,fold32,horn,L,crossing,L
,fold32_room1_mix1117,na,static,0,1,v11core,residential,15116877564,fold32,horn,L,,
R,fold32_room1_mix1118,critical,static,3,0,v11core,arterial,15116982293,fold32,,,,
R,fold32_room1_mix1119,critical,static,1,1,v11core,residential,15117087022,fold32,horn,R,,
R,fold32_room1_mix1120,critical,static,1,0,v11core,residential,15117191751,fold32,,,,
R,fold32_room1_mix1121,safe,walk,1,0,v11core,daily,15117296480,fold32,,,,
,fold32_room1_mix1122,na,static,0,1,v11core,residential,15117401209,fold32,bike_bell,R,,
,fold32_room1_mix1123,na,walk,0,2,v11core,residential,15117505938,fold32,backup_beep,L,backup_beep,R
R,fold32_room1_mix1124,safe,walk,1,1,v11core,residential,15117610667,fold32,backup_beep,R,,
L,fold32_room1_mix1125,caution,static,2,2,v11core,daily,15117715396,fold32,backup_beep,L,crossing,L
R,fold32_room1_mix1126,critical,static,3,2,v11core,arterial,15117820125,fold32,bike_bell,R,crossing,L
,fold32_room1_mix1127,na,static,0,2,v11core,residential,15117924854,fold32,bike_bell,R,crossing,R
L,fold32_room1_mix1128,safe,walk,1,1,v11core,daily,15118029583,fold32,backup_beep,L,,
,fold32_room1_mix1129,na,static,0,0,v11core,residential,15118134312,fold32,,,,
L,fold32_room1_mix1130,caution,walk,2,0,v11core,daily,15118239041,fold32,,,,
L,fold32_room1_mix1131,caution,static,2,0,v11core,arterial,15118343770,fold32,,,,
R,fold32_room1_mix1132,caution,static,3,1,v11core,arterial,15118448499,fold32,horn,R,,
R,fold32_room1_mix1133,critical,static,1,2,v11core,residential,15118553228,fold32,siren,R,crossing,R
R,fold32_room1_mix1134,critical,static,1,0,v11core,daily,15118657957,fold32,,,,
R,fold32_room1_mix1135,critical,static,3,1,v11core,arterial,15118762686,fold32,crossing,L,,
L,fold32_room1_mix1136,caution,static,3,2,v11core,daily,15118867415,fold32,horn,R,backup_beep,R
L,fold32_room1_mix1137,caution,static,2,0,v11core,daily,15118972144,fold32,,,,
,fold32_room1_mix1138,na,static,0,1,v11core,residential,15119076873,fold32,bike_bell,R,,
R,fold32_room1_mix1139,critical,static,2,1,v11core,daily,15119181602,fold32,horn,L,,
,fold32_room1_mix1140,na,walk,0,1,v11core,residential,15119286331,fold32,horn,L,,
R,fold32_room1_mix1141,caution,walk,1,0,v11core,daily,15119391060,fold32,,,,
R,fold32_room1_mix1142,safe,walk,1,0,v11core,residential,15119495789,fold32,,,,
R,fold32_room1_mix1143,safe,walk,1,1,v11core,residential,15119600518,fold32,backup_beep,L,,
R,fold32_room1_mix1144,caution,static,3,1,v11core,arterial,15119705247,fold32,backup_beep,R,,
R,fold32_room1_mix1145,safe,static,1,0,v11core,residential,15119809976,fold32,,,,
,fold32_room1_mix1146,na,static,0,1,v11core,residential,15119914705,fold32,bike_bell,L,,
R,fold32_room1_mix1147,caution,walk,1,2,v11core,residential,15120019434,fold32,siren,L,crossing,R
L,fold32_room1_mix1148,safe,static,1,0,v11core,arterial,15120124163,fold32,,,,
L,fold32_room1_mix1149,safe,static,1,1,v11core,residential,15120228892,fold32,crossing,L,,
L,fold32_room1_mix1150,critical,walk,2,1,v11core,daily,15120333621,fold32,horn,R,,
L,fold32_room1_mix1151,safe,static,2,0,v11core,daily,15120438350,fold32,,,,
R,fold32_room1_mix1152,caution,static,3,0,v11core,daily,15120543079,fold32,,,,
L,fold32_room1_mix1153,caution,static,1,0,v11core,residential,15120647808,fold32,,,,
R,fold32_room1_mix1154,critical,walk,1,0,v11core,daily,15120752537,fold32,,,,
R,fold32_room1_mix1155,critical,static,2,1,v11core,residential,15120857266,fold32,bike_bell,L,,
R,fold32_room1_mix1156,critical,walk,2,0,v11core,daily,15120961995,fold32,,,,
L,fold32_room1_mix1157,caution,walk,1,1,v11core,residential,15121066724,fold32,bike_bell,R,,
L,fold32_room1_mix1158,safe,static,1,0,v11core,daily,15121171453,fold32,,,,
,fold32_room1_mix1159,na,static,0,1,v11core,residential,15121276182,fold32,horn,L,,
R,fold32_room1_mix1160,critical,static,1,2,v11core,arterial,15121380911,fold32,backup_beep,R,backup_beep,L
R,fold32_room1_mix1161,caution,walk,2,0,v11core,arterial,15121485640,fold32,,,,
,fold32_room1_mix1162,na,walk,0,2,v11core,residential,15121590369,fold32,siren,R,siren,L
R,fold32_room1_mix1163,caution,static,3,1,v11core,daily,15121695098,fold32,siren,R,,
R,fold32_room1_mix1164,caution,walk,2,1,v11core,arterial,15121799827,fold32,crossing,L,,
R,fold32_room1_mix1165,caution,static,3,0,v11core,arterial,15121904556,fold32,,,,
L,fold32_room1_mix1166,safe,static,2,0,v11core,daily,15122009285,fold32,,,,
R,fold32_room1_mix1167,critical,static,2,0,v11core,arterial,15122114014,fold32,,,,
,fold32_room1_mix1168,na,static,0,0,v11core,residential,15122218743,fold32,,,,
R,fold32_room1_mix1169,caution,walk,1,0,v11core,daily,15122323472,fold32,,,,
L,fold32_room1_mix1170,critical,walk,1,1,v11core,daily,15122428201,fold32,bike_bell,L,,
R,fold32_room1_mix1171,critical,static,1,0,v11core,daily,15122532930,fold32,,,,
L,fold32_room1_mix1172,safe,static,3,1,v11core,arterial,15122637659,fold32,siren,L,,
,fold32_room1_mix1173,na,walk,0,1,v11core,residential,15122742388,fold32,crossing,L,,
R,fold32_room1_mix1174,caution,static,1,0,v11core,daily,15122847117,fold32,,,,
R,fold32_room1_mix1175,caution,static,2,0,v11core,daily,15122951846,fold32,,,,
R,fold32_room1_mix1176,critical,static,2,1,v11core,arterial,15123056575,fold32,backup_beep,L,,
L,fold32_room1_mix1177,caution,static,1,1,v11core,daily,15123161304,fold32,crossing,L,,
,fold32_room1_mix1178,na,static,0,1,v11core,residential,15123266033,fold32,bike_bell,R,,
R,fold32_room1_mix1179,critical,walk,2,2,v11core,daily,15123370762,fold32,siren,R,backup_beep,L
R,fold32_room1_mix1180,caution,walk,3,1,v11core,arterial,15123475491,fold32,siren,L,,
L,fold32_room1_mix1181,caution,walk,3,0,v11core,daily,15123580220,fold32,,,,
R,fold32_room1_mix1182,caution,walk,3,0,v11core,daily,15123684949,fold32,,,,
R,fold32_room1_mix1183,critical,walk,1,1,v11core,daily,15123789678,fold32,horn,L,,
,fold32_room1_mix1184,na,walk,0,1,v11core,residential,15123894407,fold32,crossing,L,,
,fold32_room1_mix1185,na,walk,0,0,v11core,residential,15123999136,fold32,,,,
R,fold32_room1_mix1186,safe,static,1,2,v11core,daily,15124103865,fold32,siren,L,crossing,L
R,fold32_room1_mix1187,caution,static,2,2,v11core,daily,15124208594,fold32,horn,R,crossing,L
,fold32_room1_mix1188,na,static,0,0,v11core,residential,15124313323,fold32,,,,
L,fold32_room1_mix1189,critical,static,1,0,v11core,residential,15124418052,fold32,,,,
R,fold32_room1_mix1190,critical,walk,1,2,v11core,residential,15124522781,fold32,siren,R,bike_bell,R
L,fold32_room1_mix1191,safe,walk,1,1,v11core,residential,15124627510,fold32,crossing,R,,
R,fold32_room1_mix1192,safe,static,1,1,v11core,arterial,15124732239,fold32,siren,L,,
R,fold32_room1_mix1193,caution,walk,2,2,v11core,daily,15124836968,fold32,siren,R,bike_bell,L
R,fold32_room1_mix1194,caution,walk,1,1,v11core,daily,15124941697,fold32,crossing,R,,
R,fold32_room1_mix1195,critical,walk,2,0,v11core,arterial,15125046426,fold32,,,,
R,fold32_room1_mix1196,critical,walk,1,0,v11core,residential,15125151155,fold32,,,,
,fold32_room1_mix1197,na,walk,0,0,v11core,residential,15125255884,fold32,,,,
L,fold32_room1_mix1198,safe,static,1,2,v11core,daily,15125360613,fold32,siren,R,horn,R
L,fold32_room1_mix1199,caution,walk,1,0,v11core,daily,15125465342,fold32,,,,
R,fold32_room1_mix1200,critical,walk,2,0,v11core,daily,15125570071,fold32,,,,
,fold32_room1_mix1201,,static,0,0,v12kick,v12ext,15125674800,fold32,,,,
,fold32_room1_mix1202,,walk,0,0,v12kick,v12ext,15125779529,fold32,,,,
,fold32_room1_mix1203,,static,0,0,v12kick,v12ext,15125884258,fold32,,,,
,fold32_room1_mix1204,,walk,0,0,v12kick,v12ext,15125988987,fold32,,,,
,fold32_room1_mix1205,,static,0,0,v12kick,v12ext,15126093716,fold32,,,,
,fold32_room1_mix1206,,walk,0,0,v12kick,v12ext,15126198445,fold32,,,,
,fold32_room1_mix1207,,static,0,0,v12kick,v12ext,15126303174,fold32,,,,
,fold32_room1_mix1208,,walk,0,0,v12kick,v12ext,15126407903,fold32,,,,
,fold32_room1_mix1209,,static,0,0,v12kick,v12ext,15126512632,fold32,,,,
,fold32_room1_mix1210,,walk,0,0,v12kick,v12ext,15126617361,fold32,,,,
,fold32_room1_mix1211,,static,0,0,v12kick,v12ext,15126722090,fold32,,,,
,fold32_room1_mix1212,,walk,0,0,v12kick,v12ext,15126826819,fold32,,,,
,fold32_room1_mix1213,,static,0,0,v12kick,v12ext,15126931548,fold32,,,,
,fold32_room1_mix1214,,walk,0,0,v12kick,v12ext,15127036277,fold32,,,,
,fold32_room1_mix1215,,static,0,0,v12kick,v12ext,15127141006,fold32,,,,
,fold32_room1_mix1216,,walk,0,0,v12kick,v12ext,15127245735,fold32,,,,
,fold32_room1_mix1217,,static,0,0,v12kick,v12ext,15127350464,fold32,,,,
,fold32_room1_mix1218,,walk,0,0,v12kick,v12ext,15127455193,fold32,,,,
,fold32_room1_mix1219,,static,0,0,v12kick,v12ext,15127559922,fold32,,,,
,fold32_room1_mix1220,,walk,0,0,v12kick,v12ext,15127664651,fold32,,,,
,fold32_room1_mix1221,,static,0,0,v12kick,v12ext,15127769380,fold32,,,,
,fold32_room1_mix1222,,walk,0,0,v12kick,v12ext,15127874109,fold32,,,,
,fold32_room1_mix1223,,static,0,0,v12kick,v12ext,15127978838,fold32,,,,
,fold32_room1_mix1224,,walk,0,0,v12kick,v12ext,15128083567,fold32,,,,
,fold32_room1_mix1225,,static,0,0,v12kick,v12ext,15128188296,fold32,,,,
,fold32_room1_mix1226,,walk,0,0,v12kick,v12ext,15128293025,fold32,,,,
,fold32_room1_mix1227,,static,0,0,v12kick,v12ext,15128397754,fold32,,,,
,fold32_room1_mix1228,,walk,0,0,v12kick,v12ext,15128502483,fold32,,,,
,fold32_room1_mix1229,,static,0,0,v12kick,v12ext,15128607212,fold32,,,,
,fold32_room1_mix1230,,walk,0,0,v12kick,v12ext,15128711941,fold32,,,,
,fold32_room1_mix1231,,static,0,0,v12kick,v12ext,15128816670,fold32,,,,
,fold32_room1_mix1232,,walk,0,0,v12kick,v12ext,15128921399,fold32,,,,
,fold32_room1_mix1233,,static,0,0,v12kick,v12ext,15129026128,fold32,,,,
,fold32_room1_mix1234,,walk,0,0,v12kick,v12ext,15129130857,fold32,,,,
,fold32_room1_mix1235,,static,0,0,v12kick,v12ext,15129235586,fold32,,,,
,fold32_room1_mix1236,,walk,0,0,v12kick,v12ext,15129340315,fold32,,,,
,fold32_room1_mix1237,,static,0,0,v12kick,v12ext,15129445044,fold32,,,,
,fold32_room1_mix1238,,walk,0,0,v12kick,v12ext,15129549773,fold32,,,,
,fold32_room1_mix1239,,static,0,0,v12kick,v12ext,15129654502,fold32,,,,
,fold32_room1_mix1240,,walk,0,0,v12kick,v12ext,15129759231,fold32,,,,
,fold32_room1_mix1241,,static,0,0,v12kick,v12ext,15129863960,fold32,,,,
,fold32_room1_mix1242,,walk,0,0,v12kick,v12ext,15129968689,fold32,,,,
,fold32_room1_mix1243,,static,0,0,v12kick,v12ext,15130073418,fold32,,,,
,fold32_room1_mix1244,,walk,0,0,v12kick,v12ext,15130178147,fold32,,,,
,fold32_room1_mix1245,,static,0,0,v12kick,v12ext,15130282876,fold32,,,,
,fold32_room1_mix1246,,walk,0,0,v12kick,v12ext,15130387605,fold32,,,,
,fold32_room1_mix1247,,static,0,0,v12kick,v12ext,15130492334,fold32,,,,
,fold32_room1_mix1248,,walk,0,0,v12kick,v12ext,15130597063,fold32,,,,
,fold32_room1_mix1249,,static,0,0,v12kick,v12ext,15130701792,fold32,,,,
,fold32_room1_mix1250,,walk,0,0,v12kick,v12ext,15130806521,fold32,,,,
,fold32_room1_mix1251,,static,0,0,v12kick,v12ext,15130911250,fold32,,,,
,fold32_room1_mix1252,,walk,0,0,v12kick,v12ext,15131015979,fold32,,,,
,fold32_room1_mix1253,,static,0,0,v12kick,v12ext,15131120708,fold32,,,,
,fold32_room1_mix1254,,walk,0,0,v12kick,v12ext,15131225437,fold32,,,,
,fold32_room1_mix1255,,static,0,0,v12kick,v12ext,15131330166,fold32,,,,
,fold32_room1_mix1256,,walk,0,0,v12kick,v12ext,15131434895,fold32,,,,
,fold32_room1_mix1257,,static,0,0,v12kick,v12ext,15131539624,fold32,,,,
,fold32_room1_mix1258,,walk,0,0,v12kick,v12ext,15131644353,fold32,,,,
,fold32_room1_mix1259,,static,0,0,v12kick,v12ext,15131749082,fold32,,,,
,fold32_room1_mix1260,,walk,0,0,v12kick,v12ext,15131853811,fold32,,,,
,fold32_room1_mix1261,,static,0,0,v12kick,v12ext,15131958540,fold32,,,,
,fold32_room1_mix1262,,walk,0,0,v12kick,v12ext,15132063269,fold32,,,,
,fold32_room1_mix1263,,static,0,0,v12kick,v12ext,15132167998,fold32,,,,
,fold32_room1_mix1264,,walk,0,0,v12kick,v12ext,15132272727,fold32,,,,
,fold32_room1_mix1265,,static,0,0,v12kick,v12ext,15132377456,fold32,,,,
,fold32_room1_mix1266,,walk,0,0,v12kick,v12ext,15132482185,fold32,,,,
,fold32_room1_mix1267,,static,0,0,v12kick,v12ext,15132586914,fold32,,,,
,fold32_room1_mix1268,,walk,0,0,v12kick,v12ext,15132691643,fold32,,,,
,fold32_room1_mix1269,,static,0,0,v12kick,v12ext,15132796372,fold32,,,,
,fold32_room1_mix1270,,walk,0,0,v12kick,v12ext,15132901101,fold32,,,,
,fold32_room1_mix1271,,static,0,0,v12kick,v12ext,15133005830,fold32,,,,
,fold32_room1_mix1272,,walk,0,0,v12kick,v12ext,15133110559,fold32,,,,
,fold32_room1_mix1273,,static,0,0,v12kick,v12ext,15133215288,fold32,,,,
,fold32_room1_mix1274,,walk,0,0,v12kick,v12ext,15133320017,fold32,,,,
,fold32_room1_mix1275,,static,0,0,v12kick,v12ext,15133424746,fold32,,,,
,fold32_room1_mix1276,,walk,0,0,v12kick,v12ext,15133529475,fold32,,,,
,fold32_room1_mix1277,,static,0,0,v12kick,v12ext,15133634204,fold32,,,,
,fold32_room1_mix1278,,walk,0,0,v12kick,v12ext,15133738933,fold32,,,,
,fold32_room1_mix1279,,static,0,0,v12kick,v12ext,15133843662,fold32,,,,
,fold32_room1_mix1280,,walk,0,0,v12kick,v12ext,15133948391,fold32,,,,
,fold32_room1_mix1281,,static,0,0,v12kick,v12ext,15134053120,fold32,,,,
,fold32_room1_mix1282,,walk,0,0,v12kick,v12ext,15134157849,fold32,,,,
,fold32_room1_mix1283,,static,0,0,v12kick,v12ext,15134262578,fold32,,,,
,fold32_room1_mix1284,,walk,0,0,v12kick,v12ext,15134367307,fold32,,,,
,fold32_room1_mix1285,,static,0,0,v12kick,v12ext,15134472036,fold32,,,,
,fold32_room1_mix1286,,walk,0,0,v12kick,v12ext,15134576765,fold32,,,,
,fold32_room1_mix1287,,static,0,0,v12kick,v12ext,15134681494,fold32,,,,
,fold32_room1_mix1288,,walk,0,0,v12kick,v12ext,15134786223,fold32,,,,
,fold32_room1_mix1289,,static,0,0,v12kick,v12ext,15134890952,fold32,,,,
,fold32_room1_mix1290,,walk,0,0,v12kick,v12ext,15134995681,fold32,,,,
,fold32_room1_mix1291,,static,0,0,v12kick,v12ext,15135100410,fold32,,,,
,fold32_room1_mix1292,,walk,0,0,v12kick,v12ext,15135205139,fold32,,,,
,fold32_room1_mix1293,,static,0,0,v12kick,v12ext,15135309868,fold32,,,,
,fold32_room1_mix1294,,walk,0,0,v12kick,v12ext,15135414597,fold32,,,,
,fold32_room1_mix1295,,static,0,0,v12kick,v12ext,15135519326,fold32,,,,
,fold32_room1_mix1296,,walk,0,0,v12kick,v12ext,15135624055,fold32,,,,
,fold32_room1_mix1297,,static,0,0,v12kick,v12ext,15135728784,fold32,,,,
,fold32_room1_mix1298,,walk,0,0,v12kick,v12ext,15135833513,fold32,,,,
,fold32_room1_mix1299,,static,0,0,v12kick,v12ext,15135938242,fold32,,,,
,fold32_room1_mix1300,,walk,0,0,v12kick,v12ext,15136042971,fold32,,,,
,fold32_room1_mix1301,,static,0,0,v12kick,v12ext,15136147700,fold32,,,,
,fold32_room1_mix1302,,walk,0,0,v12kick,v12ext,15136252429,fold32,,,,
,fold32_room1_mix1303,,static,0,0,v12kick,v12ext,15136357158,fold32,,,,
,fold32_room1_mix1304,,walk,0,0,v12kick,v12ext,15136461887,fold32,,,,
,fold32_room1_mix1305,,static,0,0,v12kick,v12ext,15136566616,fold32,,,,
,fold32_room1_mix1306,,walk,0,0,v12kick,v12ext,15136671345,fold32,,,,
,fold32_room1_mix1307,,static,0,0,v12kick,v12ext,15136776074,fold32,,,,
,fold32_room1_mix1308,,walk,0,0,v12kick,v12ext,15136880803,fold32,,,,
,fold32_room1_mix1309,,static,0,0,v12kick,v12ext,15136985532,fold32,,,,
,fold32_room1_mix1310,,walk,0,0,v12kick,v12ext,15137090261,fold32,,,,
,fold32_room1_mix1311,,static,0,0,v12kick,v12ext,15137194990,fold32,,,,
,fold32_room1_mix1312,,walk,0,0,v12kick,v12ext,15137299719,fold32,,,,
,fold32_room1_mix1313,,static,0,0,v12kick,v12ext,15137404448,fold32,,,,
,fold32_room1_mix1314,,walk,0,0,v12kick,v12ext,15137509177,fold32,,,,
,fold32_room1_mix1315,,static,0,0,v12kick,v12ext,15137613906,fold32,,,,
,fold32_room1_mix1316,,walk,0,0,v12kick,v12ext,15137718635,fold32,,,,
,fold32_room1_mix1317,,static,0,0,v12kick,v12ext,15137823364,fold32,,,,
,fold32_room1_mix1318,,walk,0,0,v12kick,v12ext,15137928093,fold32,,,,
,fold32_room1_mix1319,,static,0,0,v12kick,v12ext,15138032822,fold32,,,,
,fold32_room1_mix1320,,walk,0,0,v12kick,v12ext,15138137551,fold32,,,,
,fold32_room1_mix1321,,static,0,0,v12kick,v12ext,15138242280,fold32,,,,
,fold32_room1_mix1322,,walk,0,0,v12kick,v12ext,15138347009,fold32,,,,
,fold32_room1_mix1323,,static,0,0,v12kick,v12ext,15138451738,fold32,,,,
,fold32_room1_mix1324,,walk,0,0,v12kick,v12ext,15138556467,fold32,,,,
,fold32_room1_mix1325,,static,0,0,v12kick,v12ext,15138661196,fold32,,,,
,fold32_room1_mix1326,,walk,0,0,v12kick,v12ext,15138765925,fold32,,,,
,fold32_room1_mix1327,,static,0,0,v12kick,v12ext,15138870654,fold32,,,,
,fold32_room1_mix1328,,walk,0,0,v12kick,v12ext,15138975383,fold32,,,,
,fold32_room1_mix1329,,static,0,0,v12kick,v12ext,15139080112,fold32,,,,
,fold32_room1_mix1330,,walk,0,0,v12kick,v12ext,15139184841,fold32,,,,
,fold32_room1_mix1331,,static,0,0,v12kick,v12ext,15139289570,fold32,,,,
,fold32_room1_mix1332,,walk,0,0,v12kick,v12ext,15139394299,fold32,,,,
,fold32_room1_mix1333,,static,0,0,v12kick,v12ext,15139499028,fold32,,,,
,fold32_room1_mix1334,,walk,0,0,v12kick,v12ext,15139603757,fold32,,,,
,fold32_room1_mix1335,,static,0,0,v12kick,v12ext,15139708486,fold32,,,,
,fold32_room1_mix1336,,walk,0,0,v12kick,v12ext,15139813215,fold32,,,,
,fold32_room1_mix1337,,static,0,0,v12kick,v12ext,15139917944,fold32,,,,
,fold32_room1_mix1338,,walk,0,0,v12kick,v12ext,15140022673,fold32,,,,
,fold32_room1_mix1339,,static,0,0,v12kick,v12ext,15140127402,fold32,,,,
,fold32_room1_mix1340,,walk,0,0,v12kick,v12ext,15140232131,fold32,,,,
,fold32_room1_mix1341,,static,0,0,v12kick,v12ext,15140336860,fold32,,,,
,fold32_room1_mix1342,,walk,0,0,v12kick,v12ext,15140441589,fold32,,,,
,fold32_room1_mix1343,,static,0,0,v12kick,v12ext,15140546318,fold32,,,,
,fold32_room1_mix1344,,walk,0,0,v12kick,v12ext,15140651047,fold32,,,,
,fold32_room1_mix1345,,static,0,0,v12kick,v12ext,15140755776,fold32,,,,
,fold32_room1_mix1346,,walk,0,0,v12kick,v12ext,15140860505,fold32,,,,
,fold32_room1_mix1347,,static,0,0,v12kick,v12ext,15140965234,fold32,,,,
,fold32_room1_mix1348,,walk,0,0,v12kick,v12ext,15141069963,fold32,,,,
,fold32_room1_mix1349,,static,0,0,v12kick,v12ext,15141174692,fold32,,,,
,fold32_room1_mix1350,,walk,0,0,v12kick,v12ext,15141279421,fold32,,,,
,fold32_room1_mix1351,,static,0,0,v12kick,v12ext,15141384150,fold32,,,,
,fold32_room1_mix1352,,walk,0,0,v12kick,v12ext,15141488879,fold32,,,,
,fold32_room1_mix1353,,static,0,0,v12kick,v12ext,15141593608,fold32,,,,
,fold32_room1_mix1354,,walk,0,0,v12kick,v12ext,15141698337,fold32,,,,
,fold32_room1_mix1355,,static,0,0,v12kick,v12ext,15141803066,fold32,,,,
,fold32_room1_mix1356,,walk,0,0,v12kick,v12ext,15141907795,fold32,,,,
,fold32_room1_mix1357,,static,0,0,v12kick,v12ext,15142012524,fold32,,,,
,fold32_room1_mix1358,,walk,0,0,v12kick,v12ext,15142117253,fold32,,,,
,fold32_room1_mix1359,,static,0,0,v12kick,v12ext,15142221982,fold32,,,,
,fold32_room1_mix1360,,walk,0,0,v12kick,v12ext,15142326711,fold32,,,,
,fold32_room1_mix1361,,static,0,0,v12kick,v12ext,15142431440,fold32,,,,
,fold32_room1_mix1362,,walk,0,0,v12kick,v12ext,15142536169,fold32,,,,
,fold32_room1_mix1363,,static,0,0,v12kick,v12ext,15142640898,fold32,,,,
,fold32_room1_mix1364,,walk,0,0,v12kick,v12ext,15142745627,fold32,,,,
,fold32_room1_mix1365,,static,0,0,v12kick,v12ext,15142850356,fold32,,,,
,fold32_room1_mix1366,,walk,0,0,v12kick,v12ext,15142955085,fold32,,,,
,fold32_room1_mix1367,,static,0,0,v12kick,v12ext,15143059814,fold32,,,,
,fold32_room1_mix1368,,walk,0,0,v12kick,v12ext,15143164543,fold32,,,,
,fold32_room1_mix1369,,static,0,0,v12kick,v12ext,15143269272,fold32,,,,
,fold32_room1_mix1370,,walk,0,0,v12kick,v12ext,15143374001,fold32,,,,
,fold32_room1_mix1371,,static,0,0,v12kick,v12ext,15143478730,fold32,,,,
,fold32_room1_mix1372,,walk,0,0,v12kick,v12ext,15143583459,fold32,,,,
,fold32_room1_mix1373,,static,0,0,v12kick,v12ext,15143688188,fold32,,,,
,fold32_room1_mix1374,,walk,0,0,v12kick,v12ext,15143792917,fold32,,,,
,fold32_room1_mix1375,,static,0,0,v12kick,v12ext,15143897646,fold32,,,,
,fold32_room1_mix1376,,walk,0,0,v12kick,v12ext,15144002375,fold32,,,,
,fold32_room1_mix1377,,static,0,0,v12kick,v12ext,15144107104,fold32,,,,
,fold32_room1_mix1378,,walk,0,0,v12kick,v12ext,15144211833,fold32,,,,
,fold32_room1_mix1379,,static,0,0,v12kick,v12ext,15144316562,fold32,,,,
,fold32_room1_mix1380,,walk,0,0,v12kick,v12ext,15144421291,fold32,,,,
,fold32_room1_mix1381,,static,0,0,v12kick,v12ext,15144526020,fold32,,,,
,fold32_room1_mix1382,,walk,0,0,v12kick,v12ext,15144630749,fold32,,,,
,fold32_room1_mix1383,,static,0,0,v12kick,v12ext,15144735478,fold32,,,,
,fold32_room1_mix1384,,walk,0,0,v12kick,v12ext,15144840207,fold32,,,,
,fold32_room1_mix1385,,static,0,0,v12kick,v12ext,15144944936,fold32,,,,
,fold32_room1_mix1386,,walk,0,0,v12kick,v12ext,15145049665,fold32,,,,
,fold32_room1_mix1387,,static,0,0,v12kick,v12ext,15145154394,fold32,,,,
,fold32_room1_mix1388,,walk,0,0,v12kick,v12ext,15145259123,fold32,,,,
,fold32_room1_mix1389,,static,0,0,v12kick,v12ext,15145363852,fold32,,,,
,fold32_room1_mix1390,,walk,0,0,v12kick,v12ext,15145468581,fold32,,,,
,fold32_room1_mix1391,,static,0,0,v12kick,v12ext,15145573310,fold32,,,,
,fold32_room1_mix1392,,walk,0,0,v12kick,v12ext,15145678039,fold32,,,,
,fold32_room1_mix1393,,static,0,0,v12kick,v12ext,15145782768,fold32,,,,
,fold32_room1_mix1394,,walk,0,0,v12kick,v12ext,15145887497,fold32,,,,
,fold32_room1_mix1395,,static,0,0,v12kick,v12ext,15145992226,fold32,,,,
,fold32_room1_mix1396,,walk,0,0,v12kick,v12ext,15146096955,fold32,,,,
,fold32_room1_mix1397,,static,0,0,v12kick,v12ext,15146201684,fold32,,,,
,fold32_room1_mix1398,,walk,0,0,v12kick,v12ext,15146306413,fold32,,,,
,fold32_room1_mix1399,,static,0,0,v12kick,v12ext,15146411142,fold32,,,,
,fold32_room1_mix1400,,walk,0,0,v12kick,v12ext,15146515871,fold32,,,,
,fold32_room1_mix1401,,static,0,0,v12kick,v12ext,15146620600,fold32,,,,
,fold32_room1_mix1402,,walk,0,0,v12kick,v12ext,15146725329,fold32,,,,
,fold32_room1_mix1403,,static,0,0,v12kick,v12ext,15146830058,fold32,,,,
,fold32_room1_mix1404,,walk,0,0,v12kick,v12ext,15146934787,fold32,,,,
,fold32_room1_mix1405,,static,0,0,v12kick,v12ext,15147039516,fold32,,,,
,fold32_room1_mix1406,,walk,0,0,v12kick,v12ext,15147144245,fold32,,,,
,fold32_room1_mix1407,,static,0,0,v12kick,v12ext,15147248974,fold32,,,,
,fold32_room1_mix1408,,walk,0,0,v12kick,v12ext,15147353703,fold32,,,,
,fold32_room1_mix1409,,static,0,0,v12kick,v12ext,15147458432,fold32,,,,
,fold32_room1_mix1410,,walk,0,0,v12kick,v12ext,15147563161,fold32,,,,
,fold32_room1_mix1411,,static,0,0,v12kick,v12ext,15147667890,fold32,,,,
,fold32_room1_mix1412,,walk,0,0,v12kick,v12ext,15147772619,fold32,,,,
,fold32_room1_mix1413,,static,0,0,v12kick,v12ext,15147877348,fold32,,,,
,fold32_room1_mix1414,,walk,0,0,v12kick,v12ext,15147982077,fold32,,,,
,fold32_room1_mix1415,,static,0,0,v12kick,v12ext,15148086806,fold32,,,,
,fold32_room1_mix1416,,walk,0,0,v12kick,v12ext,15148191535,fold32,,,,
,fold32_room1_mix1417,,static,0,0,v12kick,v12ext,15148296264,fold32,,,,
,fold32_room1_mix1418,,walk,0,0,v12kick,v12ext,15148400993,fold32,,,,
,fold32_room1_mix1419,,static,0,0,v12kick,v12ext,15148505722,fold32,,,,
,fold32_room1_mix1420,,walk,0,0,v12kick,v12ext,15148610451,fold32,,,,
,fold32_room1_mix1421,,static,0,0,v12kick,v12ext,15148715180,fold32,,,,
,fold32_room1_mix1422,,walk,0,0,v12kick,v12ext,15148819909,fold32,,,,
,fold32_room1_mix1423,,static,0,0,v12kick,v12ext,15148924638,fold32,,,,
,fold32_room1_mix1424,,walk,0,0,v12kick,v12ext,15149029367,fold32,,,,
,fold32_room1_mix1425,,static,0,0,v12kick,v12ext,15149134096,fold32,,,,
,fold32_room1_mix1426,,walk,0,0,v12bike,v12ext,15149238825,fold32,,,,
,fold32_room1_mix1427,,static,0,0,v12bike,v12ext,15149343554,fold32,,,,
,fold32_room1_mix1428,,walk,0,0,v12bike,v12ext,15149448283,fold32,,,,
,fold32_room1_mix1429,,static,0,0,v12bike,v12ext,15149553012,fold32,,,,
,fold32_room1_mix1430,,walk,0,0,v12bike,v12ext,15149657741,fold32,,,,
,fold32_room1_mix1431,,static,0,0,v12bike,v12ext,15149762470,fold32,,,,
,fold32_room1_mix1432,,walk,0,0,v12bike,v12ext,15149867199,fold32,,,,
,fold32_room1_mix1433,,static,0,0,v12bike,v12ext,15149971928,fold32,,,,
,fold32_room1_mix1434,,walk,0,0,v12bike,v12ext,15150076657,fold32,,,,
,fold32_room1_mix1435,,static,0,0,v12bike,v12ext,15150181386,fold32,,,,
,fold32_room1_mix1436,,walk,0,0,v12bike,v12ext,15150286115,fold32,,,,
,fold32_room1_mix1437,,static,0,0,v12bike,v12ext,15150390844,fold32,,,,
,fold32_room1_mix1438,,walk,0,0,v12bike,v12ext,15150495573,fold32,,,,
,fold32_room1_mix1439,,static,0,0,v12bike,v12ext,15150600302,fold32,,,,
,fold32_room1_mix1440,,walk,0,0,v12bike,v12ext,15150705031,fold32,,,,
,fold32_room1_mix1441,,static,0,0,v12bike,v12ext,15150809760,fold32,,,,
,fold32_room1_mix1442,,walk,0,0,v12bike,v12ext,15150914489,fold32,,,,
,fold32_room1_mix1443,,static,0,0,v12bike,v12ext,15151019218,fold32,,,,
,fold32_room1_mix1444,,walk,0,0,v12bike,v12ext,15151123947,fold32,,,,
,fold32_room1_mix1445,,static,0,0,v12bike,v12ext,15151228676,fold32,,,,
,fold32_room1_mix1446,,walk,0,0,v12bike,v12ext,15151333405,fold32,,,,
,fold32_room1_mix1447,,static,0,0,v12bike,v12ext,15151438134,fold32,,,,
,fold32_room1_mix1448,,walk,0,0,v12bike,v12ext,15151542863,fold32,,,,
,fold32_room1_mix1449,,static,0,0,v12bike,v12ext,15151647592,fold32,,,,
,fold32_room1_mix1450,,walk,0,0,v12bike,v12ext,15151752321,fold32,,,,
,fold32_room1_mix1451,,static,0,0,v12bike,v12ext,15151857050,fold32,,,,
,fold32_room1_mix1452,,walk,0,0,v12bike,v12ext,15151961779,fold32,,,,
,fold32_room1_mix1453,,static,0,0,v12bike,v12ext,15152066508,fold32,,,,
,fold32_room1_mix1454,,walk,0,0,v12bike,v12ext,15152171237,fold32,,,,
,fold32_room1_mix1455,,static,0,0,v12bike,v12ext,15152275966,fold32,,,,
,fold32_room1_mix1456,,walk,0,0,v12bike,v12ext,15152380695,fold32,,,,
,fold32_room1_mix1457,,static,0,0,v12bike,v12ext,15152485424,fold32,,,,
,fold32_room1_mix1458,,walk,0,0,v12bike,v12ext,15152590153,fold32,,,,
,fold32_room1_mix1459,,static,0,0,v12bike,v12ext,15152694882,fold32,,,,
,fold32_room1_mix1460,,walk,0,0,v12bike,v12ext,15152799611,fold32,,,,
,fold32_room1_mix1461,,static,0,0,v12bike,v12ext,15152904340,fold32,,,,
,fold32_room1_mix1462,,walk,0,0,v12bike,v12ext,15153009069,fold32,,,,
,fold32_room1_mix1463,,static,0,0,v12bike,v12ext,15153113798,fold32,,,,
,fold32_room1_mix1464,,walk,0,0,v12bike,v12ext,15153218527,fold32,,,,
,fold32_room1_mix1465,,static,0,0,v12bike,v12ext,15153323256,fold32,,,,
,fold32_room1_mix1466,,walk,0,0,v12bike,v12ext,15153427985,fold32,,,,
,fold32_room1_mix1467,,static,0,0,v12bike,v12ext,15153532714,fold32,,,,
,fold32_room1_mix1468,,walk,0,0,v12bike,v12ext,15153637443,fold32,,,,
,fold32_room1_mix1469,,static,0,0,v12bike,v12ext,15153742172,fold32,,,,
,fold32_room1_mix1470,,walk,0,0,v12bike,v12ext,15153846901,fold32,,,,
,fold32_room1_mix1471,,static,0,0,v12bike,v12ext,15153951630,fold32,,,,
,fold32_room1_mix1472,,walk,0,0,v12bike,v12ext,15154056359,fold32,,,,
,fold32_room1_mix1473,,static,0,0,v12bike,v12ext,15154161088,fold32,,,,
,fold32_room1_mix1474,,walk,0,0,v12bike,v12ext,15154265817,fold32,,,,
,fold32_room1_mix1475,,static,0,0,v12bike,v12ext,15154370546,fold32,,,,
,fold32_room1_mix1476,,walk,0,0,v12bike,v12ext,15154475275,fold32,,,,
,fold32_room1_mix1477,,static,0,0,v12bike,v12ext,15154580004,fold32,,,,
,fold32_room1_mix1478,,walk,0,0,v12bike,v12ext,15154684733,fold32,,,,
,fold32_room1_mix1479,,static,0,0,v12bike,v12ext,15154789462,fold32,,,,
,fold32_room1_mix1480,,walk,0,0,v12bike,v12ext,15154894191,fold32,,,,
,fold32_room1_mix1481,,static,0,0,v12bike,v12ext,15154998920,fold32,,,,
,fold32_room1_mix1482,,walk,0,0,v12bike,v12ext,15155103649,fold32,,,,
,fold32_room1_mix1483,,static,0,0,v12bike,v12ext,15155208378,fold32,,,,
,fold32_room1_mix1484,,walk,0,0,v12bike,v12ext,15155313107,fold32,,,,
,fold32_room1_mix1485,,static,0,0,v12bike,v12ext,15155417836,fold32,,,,
,fold32_room1_mix1486,,walk,0,0,v12bike,v12ext,15155522565,fold32,,,,
,fold32_room1_mix1487,,static,0,0,v12bike,v12ext,15155627294,fold32,,,,
,fold32_room1_mix1488,,walk,0,0,v12bike,v12ext,15155732023,fold32,,,,
,fold32_room1_mix1489,,static,0,0,v12bike,v12ext,15155836752,fold32,,,,
,fold32_room1_mix1490,,walk,0,0,v12bike,v12ext,15155941481,fold32,,,,
,fold32_room1_mix1491,,static,0,0,v12bike,v12ext,15156046210,fold32,,,,
,fold32_room1_mix1492,,walk,0,0,v12bike,v12ext,15156150939,fold32,,,,
,fold32_room1_mix1493,,static,0,0,v12bike,v12ext,15156255668,fold32,,,,
,fold32_room1_mix1494,,walk,0,0,v12bike,v12ext,15156360397,fold32,,,,
,fold32_room1_mix1495,,static,0,0,v12bike,v12ext,15156465126,fold32,,,,
,fold32_room1_mix1496,,walk,0,0,v12bike,v12ext,15156569855,fold32,,,,
,fold32_room1_mix1497,,static,0,0,v12bike,v12ext,15156674584,fold32,,,,
,fold32_room1_mix1498,,walk,0,0,v12bike,v12ext,15156779313,fold32,,,,
,fold32_room1_mix1499,,static,0,0,v12bike,v12ext,15156884042,fold32,,,,
,fold32_room1_mix1500,,walk,0,0,v12bike,v12ext,15156988771,fold32,,,,
,fold32_room1_mix1501,,static,0,0,v12bike,v12ext,15157093500,fold32,,,,
,fold32_room1_mix1502,,walk,0,0,v12bike,v12ext,15157198229,fold32,,,,
,fold32_room1_mix1503,,static,0,0,v12bike,v12ext,15157302958,fold32,,,,
,fold32_room1_mix1504,,walk,0,0,v12bike,v12ext,15157407687,fold32,,,,
,fold32_room1_mix1505,,static,0,0,v12bike,v12ext,15157512416,fold32,,,,
,fold32_room1_mix1506,,walk,0,0,v12bike,v12ext,15157617145,fold32,,,,
,fold32_room1_mix1507,,static,0,0,v12bike,v12ext,15157721874,fold32,,,,
,fold32_room1_mix1508,,walk,0,0,v12bike,v12ext,15157826603,fold32,,,,
,fold32_room1_mix1509,,static,0,0,v12bike,v12ext,15157931332,fold32,,,,
,fold32_room1_mix1510,,walk,0,0,v12bike,v12ext,15158036061,fold32,,,,
,fold32_room1_mix1511,,static,0,0,v12bike,v12ext,15158140790,fold32,,,,
,fold32_room1_mix1512,,walk,0,0,v12bike,v12ext,15158245519,fold32,,,,
,fold32_room1_mix1513,,static,0,0,v12bike,v12ext,15158350248,fold32,,,,
,fold32_room1_mix1514,,walk,0,0,v12bike,v12ext,15158454977,fold32,,,,
,fold32_room1_mix1515,,static,0,0,v12bike,v12ext,15158559706,fold32,,,,
,fold32_room1_mix1516,,walk,0,0,v12bike,v12ext,15158664435,fold32,,,,
,fold32_room1_mix1517,,static,0,0,v12bike,v12ext,15158769164,fold32,,,,
,fold32_room1_mix1518,,walk,0,0,v12bike,v12ext,15158873893,fold32,,,,
,fold32_room1_mix1519,,static,0,0,v12bike,v12ext,15158978622,fold32,,,,
,fold32_room1_mix1520,,walk,0,0,v12bike,v12ext,15159083351,fold32,,,,
,fold32_room1_mix1521,,static,0,0,v12bike,v12ext,15159188080,fold32,,,,
,fold32_room1_mix1522,,walk,0,0,v12bike,v12ext,15159292809,fold32,,,,
,fold32_room1_mix1523,,static,0,0,v12bike,v12ext,15159397538,fold32,,,,
,fold32_room1_mix1524,,walk,0,0,v12bike,v12ext,15159502267,fold32,,,,
,fold32_room1_mix1525,,static,0,0,v12bike,v12ext,15159606996,fold32,,,,
,fold32_room1_mix1526,,walk,0,0,v12bike,v12ext,15159711725,fold32,,,,
,fold32_room1_mix1527,,static,0,0,v12bike,v12ext,15159816454,fold32,,,,
,fold32_room1_mix1528,,walk,0,0,v12bike,v12ext,15159921183,fold32,,,,
,fold32_room1_mix1529,,static,0,0,v12bike,v12ext,15160025912,fold32,,,,
,fold32_room1_mix1530,,walk,0,0,v12bike,v12ext,15160130641,fold32,,,,
,fold32_room1_mix1531,,static,0,0,v12bike,v12ext,15160235370,fold32,,,,
,fold32_room1_mix1532,,walk,0,0,v12bike,v12ext,15160340099,fold32,,,,
,fold32_room1_mix1533,,static,0,0,v12bike,v12ext,15160444828,fold32,,,,
,fold32_room1_mix1534,,walk,0,0,v12bike,v12ext,15160549557,fold32,,,,
,fold32_room1_mix1535,,static,0,0,v12bike,v12ext,15160654286,fold32,,,,
,fold32_room1_mix1536,,walk,0,0,v12bike,v12ext,15160759015,fold32,,,,
,fold32_room1_mix1537,,static,0,0,v12bike,v12ext,15160863744,fold32,,,,
,fold32_room1_mix1538,,walk,0,0,v12bike,v12ext,15160968473,fold32,,,,
,fold32_room1_mix1539,,static,0,0,v12bike,v12ext,15161073202,fold32,,,,
,fold32_room1_mix1540,,walk,0,0,v12bike,v12ext,15161177931,fold32,,,,
,fold32_room1_mix1541,,static,0,0,v12bike,v12ext,15161282660,fold32,,,,
,fold32_room1_mix1542,,walk,0,0,v12bike,v12ext,15161387389,fold32,,,,
,fold32_room1_mix1543,,static,0,0,v12bike,v12ext,15161492118,fold32,,,,
,fold32_room1_mix1544,,walk,0,0,v12bike,v12ext,15161596847,fold32,,,,
,fold32_room1_mix1545,,static,0,0,v12bike,v12ext,15161701576,fold32,,,,
,fold32_room1_mix1546,,walk,0,0,v12bike,v12ext,15161806305,fold32,,,,
,fold32_room1_mix1547,,static,0,0,v12bike,v12ext,15161911034,fold32,,,,
,fold32_room1_mix1548,,walk,0,0,v12bike,v12ext,15162015763,fold32,,,,
,fold32_room1_mix1549,,static,0,0,v12bike,v12ext,15162120492,fold32,,,,
,fold32_room1_mix1550,,walk,0,0,v12bike,v12ext,15162225221,fold32,,,,
,fold32_room1_mix1551,,static,0,0,v12bike,v12ext,15162329950,fold32,,,,
,fold32_room1_mix1552,,walk,0,0,v12bike,v12ext,15162434679,fold32,,,,
,fold32_room1_mix1553,,static,0,0,v12bike,v12ext,15162539408,fold32,,,,
,fold32_room1_mix1554,,walk,0,0,v12bike,v12ext,15162644137,fold32,,,,
,fold32_room1_mix1555,,static,0,0,v12bike,v12ext,15162748866,fold32,,,,
,fold32_room1_mix1556,,walk,0,0,v12bike,v12ext,15162853595,fold32,,,,
,fold32_room1_mix1557,,static,0,0,v12bike,v12ext,15162958324,fold32,,,,
,fold32_room1_mix1558,,walk,0,0,v12bike,v12ext,15163063053,fold32,,,,
,fold32_room1_mix1559,,static,0,0,v12bike,v12ext,15163167782,fold32,,,,
,fold32_room1_mix1560,,walk,0,0,v12bike,v12ext,15163272511,fold32,,,,
,fold32_room1_mix1561,,static,0,0,v12bike,v12ext,15163377240,fold32,,,,
,fold32_room1_mix1562,,walk,0,0,v12bike,v12ext,15163481969,fold32,,,,
,fold32_room1_mix1563,,static,0,0,v12bike,v12ext,15163586698,fold32,,,,
,fold32_room1_mix1564,,walk,0,0,v12bike,v12ext,15163691427,fold32,,,,
,fold32_room1_mix1565,,static,0,0,v12bike,v12ext,15163796156,fold32,,,,
,fold32_room1_mix1566,,walk,0,0,v12bike,v12ext,15163900885,fold32,,,,
,fold32_room1_mix1567,,static,0,0,v12bike,v12ext,15164005614,fold32,,,,
,fold32_room1_mix1568,,walk,0,0,v12bike,v12ext,15164110343,fold32,,,,
,fold32_room1_mix1569,,static,0,0,v12bike,v12ext,15164215072,fold32,,,,
,fold32_room1_mix1570,,walk,0,0,v12bike,v12ext,15164319801,fold32,,,,
,fold32_room1_mix1571,,static,0,0,v12bike,v12ext,15164424530,fold32,,,,
,fold32_room1_mix1572,,walk,0,0,v12bike,v12ext,15164529259,fold32,,,,
,fold32_room1_mix1573,,static,0,0,v12bike,v12ext,15164633988,fold32,,,,
,fold32_room1_mix1574,,walk,0,0,v12bike,v12ext,15164738717,fold32,,,,
,fold32_room1_mix1575,,static,0,0,v12bike,v12ext,15164843446,fold32,,,,
,fold32_room1_mix1576,,walk,0,0,v12bike,v12ext,15164948175,fold32,,,,
,fold32_room1_mix1577,,static,0,0,v12bike,v12ext,15165052904,fold32,,,,
,fold32_room1_mix1578,,walk,0,0,v12bike,v12ext,15165157633,fold32,,,,
,fold32_room1_mix1579,,static,0,0,v12bike,v12ext,15165262362,fold32,,,,
,fold32_room1_mix1580,,walk,0,0,v12bike,v12ext,15165367091,fold32,,,,
,fold32_room1_mix1581,,static,0,0,v12bike,v12ext,15165471820,fold32,,,,
,fold32_room1_mix1582,,walk,0,0,v12bike,v12ext,15165576549,fold32,,,,
,fold32_room1_mix1583,,static,0,0,v12bike,v12ext,15165681278,fold32,,,,
,fold32_room1_mix1584,,walk,0,0,v12bike,v12ext,15165786007,fold32,,,,
,fold32_room1_mix1585,,static,0,0,v12bike,v12ext,15165890736,fold32,,,,
,fold32_room1_mix1586,,walk,0,0,v12bike,v12ext,15165995465,fold32,,,,
,fold32_room1_mix1587,,static,0,0,v12bike,v12ext,15166100194,fold32,,,,
,fold32_room1_mix1588,,walk,0,0,v12bike,v12ext,15166204923,fold32,,,,
,fold32_room1_mix1589,,static,0,0,v12bike,v12ext,15166309652,fold32,,,,
,fold32_room1_mix1590,,walk,0,0,v12bike,v12ext,15166414381,fold32,,,,
,fold32_room1_mix1591,,static,0,0,v12bike,v12ext,15166519110,fold32,,,,
,fold32_room1_mix1592,,walk,0,0,v12bike,v12ext,15166623839,fold32,,,,
,fold32_room1_mix1593,,static,0,0,v12bike,v12ext,15166728568,fold32,,,,
,fold32_room1_mix1594,,walk,0,0,v12bike,v12ext,15166833297,fold32,,,,
,fold32_room1_mix1595,,static,0,0,v12bike,v12ext,15166938026,fold32,,,,
,fold32_room1_mix1596,,walk,0,0,v12bike,v12ext,15167042755,fold32,,,,
,fold32_room1_mix1597,,static,0,0,v12bike,v12ext,15167147484,fold32,,,,
,fold32_room1_mix1598,,walk,0,0,v12bike,v12ext,15167252213,fold32,,,,
,fold32_room1_mix1599,,static,0,0,v12bike,v12ext,15167356942,fold32,,,,
,fold32_room1_mix1600,,walk,0,0,v12bike,v12ext,15167461671,fold32,,,,
,fold32_room1_mix1601,,static,0,0,v12bike,v12ext,15167566400,fold32,,,,
,fold32_room1_mix1602,,walk,0,0,v12bike,v12ext,15167671129,fold32,,,,
,fold32_room1_mix1603,,static,0,0,v12bike,v12ext,15167775858,fold32,,,,
,fold32_room1_mix1604,,walk,0,0,v12bike,v12ext,15167880587,fold32,,,,
,fold32_room1_mix1605,,static,0,0,v12bike,v12ext,15167985316,fold32,,,,
,fold32_room1_mix1606,,walk,0,0,v12bike,v12ext,15168090045,fold32,,,,
,fold32_room1_mix1607,,static,0,0,v12bike,v12ext,15168194774,fold32,,,,
,fold32_room1_mix1608,,walk,0,0,v12bike,v12ext,15168299503,fold32,,,,
,fold32_room1_mix1609,,static,0,0,v12bike,v12ext,15168404232,fold32,,,,
,fold32_room1_mix1610,,walk,0,0,v12bike,v12ext,15168508961,fold32,,,,
,fold32_room1_mix1611,,static,0,0,v12bike,v12ext,15168613690,fold32,,,,
,fold32_room1_mix1612,,walk,0,0,v12bike,v12ext,15168718419,fold32,,,,
,fold32_room1_mix1613,,static,0,0,v12bike,v12ext,15168823148,fold32,,,,
,fold32_room1_mix1614,,walk,0,0,v12bike,v12ext,15168927877,fold32,,,,
,fold32_room1_mix1615,,static,0,0,v12bike,v12ext,15169032606,fold32,,,,
,fold32_room1_mix1616,,walk,0,0,v12bike,v12ext,15169137335,fold32,,,,
,fold32_room1_mix1617,,static,0,0,v12bike,v12ext,15169242064,fold32,,,,
,fold32_room1_mix1618,,walk,0,0,v12bike,v12ext,15169346793,fold32,,,,
,fold32_room1_mix1619,,static,0,0,v12bike,v12ext,15169451522,fold32,,,,
,fold32_room1_mix1620,,walk,0,0,v12bike,v12ext,15169556251,fold32,,,,
,fold32_room1_mix1621,,static,0,0,v12bike,v12ext,15169660980,fold32,,,,
,fold32_room1_mix1622,,walk,0,0,v12bike,v12ext,15169765709,fold32,,,,
,fold32_room1_mix1623,,static,0,0,v12bike,v12ext,15169870438,fold32,,,,
,fold32_room1_mix1624,,walk,0,0,v12bike,v12ext,15169975167,fold32,,,,
,fold32_room1_mix1625,,static,0,0,v12bike,v12ext,15170079896,fold32,,,,
,fold32_room1_mix1626,,walk,0,0,v12bike,v12ext,15170184625,fold32,,,,
,fold32_room1_mix1627,,static,0,0,v12bike,v12ext,15170289354,fold32,,,,
,fold32_room1_mix1628,,walk,0,0,v12bike,v12ext,15170394083,fold32,,,,
,fold32_room1_mix1629,,static,0,0,v12bike,v12ext,15170498812,fold32,,,,
,fold32_room1_mix1630,,walk,0,0,v12bike,v12ext,15170603541,fold32,,,,
,fold32_room1_mix1631,,static,0,0,v12bike,v12ext,15170708270,fold32,,,,
,fold32_room1_mix1632,,walk,0,0,v12bike,v12ext,15170812999,fold32,,,,
,fold32_room1_mix1633,,static,0,0,v12bike,v12ext,15170917728,fold32,,,,
,fold32_room1_mix1634,,walk,0,0,v12bike,v12ext,15171022457,fold32,,,,
,fold32_room1_mix1635,,static,0,0,v12bike,v12ext,15171127186,fold32,,,,
,fold32_room1_mix1636,,walk,0,0,v12bike,v12ext,15171231915,fold32,,,,
,fold32_room1_mix1637,,static,0,0,v12bike,v12ext,15171336644,fold32,,,,
,fold32_room1_mix1638,,walk,0,0,v12bike,v12ext,15171441373,fold32,,,,
,fold32_room1_mix1639,,static,0,0,v12bike,v12ext,15171546102,fold32,,,,
,fold32_room1_mix1640,,walk,0,0,v12bike,v12ext,15171650831,fold32,,,,
,fold32_room1_mix1641,,static,0,0,v12bike,v12ext,15171755560,fold32,,,,
,fold32_room1_mix1642,,walk,0,0,v12bike,v12ext,15171860289,fold32,,,,
,fold32_room1_mix1643,,static,0,0,v12bike,v12ext,15171965018,fold32,,,,
,fold32_room1_mix1644,,walk,0,0,v12bike,v12ext,15172069747,fold32,,,,
,fold32_room1_mix1645,,static,0,0,v12bike,v12ext,15172174476,fold32,,,,
,fold32_room1_mix1646,,walk,0,0,v12bike,v12ext,15172279205,fold32,,,,
,fold32_room1_mix1647,,static,0,0,v12bike,v12ext,15172383934,fold32,,,,
,fold32_room1_mix1648,,walk,0,0,v12bike,v12ext,15172488663,fold32,,,,
,fold32_room1_mix1649,,static,0,0,v12bike,v12ext,15172593392,fold32,,,,
,fold32_room1_mix1650,,walk,0,0,v12bike,v12ext,15172698121,fold32,,,,
,fold32_room1_mix1651,,static,0,0,v12train,v12ext,15172802850,fold32,,,,
,fold32_room1_mix1652,,walk,0,0,v12train,v12ext,15172907579,fold32,,,,
,fold32_room1_mix1653,,static,0,0,v12train,v12ext,15173012308,fold32,,,,
,fold32_room1_mix1654,,walk,0,0,v12train,v12ext,15173117037,fold32,,,,
,fold32_room1_mix1655,,static,0,0,v12train,v12ext,15173221766,fold32,,,,
,fold32_room1_mix1656,,walk,0,0,v12train,v12ext,15173326495,fold32,,,,
,fold32_room1_mix1657,,static,0,0,v12train,v12ext,15173431224,fold32,,,,
,fold32_room1_mix1658,,walk,0,0,v12train,v12ext,15173535953,fold32,,,,
,fold32_room1_mix1659,,static,0,0,v12train,v12ext,15173640682,fold32,,,,
,fold32_room1_mix1660,,walk,0,0,v12train,v12ext,15173745411,fold32,,,,
,fold32_room1_mix1661,,static,0,0,v12train,v12ext,15173850140,fold32,,,,
,fold32_room1_mix1662,,walk,0,0,v12train,v12ext,15173954869,fold32,,,,
,fold32_room1_mix1663,,static,0,0,v12train,v12ext,15174059598,fold32,,,,
,fold32_room1_mix1664,,walk,0,0,v12train,v12ext,15174164327,fold32,,,,
,fold32_room1_mix1665,,static,0,0,v12train,v12ext,15174269056,fold32,,,,
,fold32_room1_mix1666,,walk,0,0,v12train,v12ext,15174373785,fold32,,,,
,fold32_room1_mix1667,,static,0,0,v12train,v12ext,15174478514,fold32,,,,
,fold32_room1_mix1668,,walk,0,0,v12train,v12ext,15174583243,fold32,,,,
,fold32_room1_mix1669,,static,0,0,v12train,v12ext,15174687972,fold32,,,,
,fold32_room1_mix1670,,walk,0,0,v12train,v12ext,15174792701,fold32,,,,
,fold32_room1_mix1671,,static,0,0,v12train,v12ext,15174897430,fold32,,,,
,fold32_room1_mix1672,,walk,0,0,v12train,v12ext,15175002159,fold32,,,,
,fold32_room1_mix1673,,static,0,0,v12train,v12ext,15175106888,fold32,,,,
,fold32_room1_mix1674,,walk,0,0,v12train,v12ext,15175211617,fold32,,,,
,fold32_room1_mix1675,,static,0,0,v12train,v12ext,15175316346,fold32,,,,
,fold32_room1_mix1676,,walk,0,0,v12train,v12ext,15175421075,fold32,,,,
,fold32_room1_mix1677,,static,0,0,v12train,v12ext,15175525804,fold32,,,,
,fold32_room1_mix1678,,walk,0,0,v12train,v12ext,15175630533,fold32,,,,
,fold32_room1_mix1679,,static,0,0,v12train,v12ext,15175735262,fold32,,,,
,fold32_room1_mix1680,,walk,0,0,v12train,v12ext,15175839991,fold32,,,,
,fold32_room1_mix1681,,static,0,0,v12train,v12ext,15175944720,fold32,,,,
,fold32_room1_mix1682,,walk,0,0,v12train,v12ext,15176049449,fold32,,,,
,fold32_room1_mix1683,,static,0,0,v12train,v12ext,15176154178,fold32,,,,
,fold32_room1_mix1684,,walk,0,0,v12train,v12ext,15176258907,fold32,,,,
,fold32_room1_mix1685,,static,0,0,v12train,v12ext,15176363636,fold32,,,,
,fold32_room1_mix1686,,walk,0,0,v12train,v12ext,15176468365,fold32,,,,
,fold32_room1_mix1687,,static,0,0,v12train,v12ext,15176573094,fold32,,,,
,fold32_room1_mix1688,,walk,0,0,v12train,v12ext,15176677823,fold32,,,,
,fold32_room1_mix1689,,static,0,0,v12train,v12ext,15176782552,fold32,,,,
,fold32_room1_mix1690,,walk,0,0,v12train,v12ext,15176887281,fold32,,,,
,fold32_room1_mix1691,,static,0,0,v12train,v12ext,15176992010,fold32,,,,
,fold32_room1_mix1692,,walk,0,0,v12train,v12ext,15177096739,fold32,,,,
,fold32_room1_mix1693,,static,0,0,v12train,v12ext,15177201468,fold32,,,,
,fold32_room1_mix1694,,walk,0,0,v12train,v12ext,15177306197,fold32,,,,
,fold32_room1_mix1695,,static,0,0,v12train,v12ext,15177410926,fold32,,,,
,fold32_room1_mix1696,,walk,0,0,v12train,v12ext,15177515655,fold32,,,,
,fold32_room1_mix1697,,static,0,0,v12train,v12ext,15177620384,fold32,,,,
,fold32_room1_mix1698,,walk,0,0,v12train,v12ext,15177725113,fold32,,,,
,fold32_room1_mix1699,,static,0,0,v12train,v12ext,15177829842,fold32,,,,
,fold32_room1_mix1700,,walk,0,0,v12train,v12ext,15177934571,fold32,,,,
,fold32_room1_mix1701,,static,0,0,v12train,v12ext,15178039300,fold32,,,,
,fold32_room1_mix1702,,walk,0,0,v12train,v12ext,15178144029,fold32,,,,
,fold32_room1_mix1703,,static,0,0,v12train,v12ext,15178248758,fold32,,,,
,fold32_room1_mix1704,,walk,0,0,v12train,v12ext,15178353487,fold32,,,,
,fold32_room1_mix1705,,static,0,0,v12train,v12ext,15178458216,fold32,,,,
,fold32_room1_mix1706,,walk,0,0,v12train,v12ext,15178562945,fold32,,,,
,fold32_room1_mix1707,,static,0,0,v12train,v12ext,15178667674,fold32,,,,
,fold32_room1_mix1708,,walk,0,0,v12train,v12ext,15178772403,fold32,,,,
,fold32_room1_mix1709,,static,0,0,v12train,v12ext,15178877132,fold32,,,,
,fold32_room1_mix1710,,walk,0,0,v12train,v12ext,15178981861,fold32,,,,
,fold32_room1_mix1711,,static,0,0,v12train,v12ext,15179086590,fold32,,,,
,fold32_room1_mix1712,,walk,0,0,v12train,v12ext,15179191319,fold32,,,,
,fold32_room1_mix1713,,static,0,0,v12train,v12ext,15179296048,fold32,,,,
,fold32_room1_mix1714,,walk,0,0,v12train,v12ext,15179400777,fold32,,,,
,fold32_room1_mix1715,,static,0,0,v12train,v12ext,15179505506,fold32,,,,
,fold32_room1_mix1716,,walk,0,0,v12train,v12ext,15179610235,fold32,,,,
,fold32_room1_mix1717,,static,0,0,v12train,v12ext,15179714964,fold32,,,,
,fold32_room1_mix1718,,walk,0,0,v12train,v12ext,15179819693,fold32,,,,
,fold32_room1_mix1719,,static,0,0,v12train,v12ext,15179924422,fold32,,,,
,fold32_room1_mix1720,,walk,0,0,v12train,v12ext,15180029151,fold32,,,,
,fold32_room1_mix1721,,static,0,0,v12train,v12ext,15180133880,fold32,,,,
,fold32_room1_mix1722,,walk,0,0,v12train,v12ext,15180238609,fold32,,,,
,fold32_room1_mix1723,,static,0,0,v12train,v12ext,15180343338,fold32,,,,
,fold32_room1_mix1724,,walk,0,0,v12train,v12ext,15180448067,fold32,,,,
,fold32_room1_mix1725,,static,0,0,v12train,v12ext,15180552796,fold32,,,,
,fold32_room1_mix1726,,walk,0,0,v12train,v12ext,15180657525,fold32,,,,
,fold32_room1_mix1727,,static,0,0,v12train,v12ext,15180762254,fold32,,,,
,fold32_room1_mix1728,,walk,0,0,v12train,v12ext,15180866983,fold32,,,,
,fold32_room1_mix1729,,static,0,0,v12train,v12ext,15180971712,fold32,,,,
,fold32_room1_mix1730,,walk,0,0,v12train,v12ext,15181076441,fold32,,,,
,fold32_room1_mix1731,,static,0,0,v12train,v12ext,15181181170,fold32,,,,
,fold32_room1_mix1732,,walk,0,0,v12train,v12ext,15181285899,fold32,,,,
,fold32_room1_mix1733,,static,0,0,v12train,v12ext,15181390628,fold32,,,,
,fold32_room1_mix1734,,walk,0,0,v12train,v12ext,15181495357,fold32,,,,
,fold32_room1_mix1735,,static,0,0,v12train,v12ext,15181600086,fold32,,,,
,fold32_room1_mix1736,,walk,0,0,v12train,v12ext,15181704815,fold32,,,,
,fold32_room1_mix1737,,static,0,0,v12train,v12ext,15181809544,fold32,,,,
,fold32_room1_mix1738,,walk,0,0,v12train,v12ext,15181914273,fold32,,,,
,fold32_room1_mix1739,,static,0,0,v12train,v12ext,15182019002,fold32,,,,
,fold32_room1_mix1740,,walk,0,0,v12train,v12ext,15182123731,fold32,,,,
,fold32_room1_mix1741,,static,0,0,v12train,v12ext,15182228460,fold32,,,,
,fold32_room1_mix1742,,walk,0,0,v12train,v12ext,15182333189,fold32,,,,
,fold32_room1_mix1743,,static,0,0,v12train,v12ext,15182437918,fold32,,,,
,fold32_room1_mix1744,,walk,0,0,v12train,v12ext,15182542647,fold32,,,,
,fold32_room1_mix1745,,static,0,0,v12train,v12ext,15182647376,fold32,,,,
,fold32_room1_mix1746,,walk,0,0,v12train,v12ext,15182752105,fold32,,,,
,fold32_room1_mix1747,,static,0,0,v12train,v12ext,15182856834,fold32,,,,
,fold32_room1_mix1748,,walk,0,0,v12train,v12ext,15182961563,fold32,,,,
,fold32_room1_mix1749,,static,0,0,v12train,v12ext,15183066292,fold32,,,,
,fold32_room1_mix1750,,walk,0,0,v12train,v12ext,15183171021,fold32,,,,
,fold32_room1_mix1751,,static,0,0,v12train,v12ext,15183275750,fold32,,,,
,fold32_room1_mix1752,,walk,0,0,v12train,v12ext,15183380479,fold32,,,,
,fold32_room1_mix1753,,static,0,0,v12train,v12ext,15183485208,fold32,,,,
,fold32_room1_mix1754,,walk,0,0,v12train,v12ext,15183589937,fold32,,,,
,fold32_room1_mix1755,,static,0,0,v12train,v12ext,15183694666,fold32,,,,
,fold32_room1_mix1756,,walk,0,0,v12train,v12ext,15183799395,fold32,,,,
,fold32_room1_mix1757,,static,0,0,v12train,v12ext,15183904124,fold32,,,,
,fold32_room1_mix1758,,walk,0,0,v12train,v12ext,15184008853,fold32,,,,
,fold32_room1_mix1759,,static,0,0,v12train,v12ext,15184113582,fold32,,,,
,fold32_room1_mix1760,,walk,0,0,v12train,v12ext,15184218311,fold32,,,,
,fold32_room1_mix1761,,static,0,0,v12train,v12ext,15184323040,fold32,,,,
,fold32_room1_mix1762,,walk,0,0,v12train,v12ext,15184427769,fold32,,,,
,fold32_room1_mix1763,,static,0,0,v12train,v12ext,15184532498,fold32,,,,
,fold32_room1_mix1764,,walk,0,0,v12train,v12ext,15184637227,fold32,,,,
,fold32_room1_mix1765,,static,0,0,v12train,v12ext,15184741956,fold32,,,,
,fold32_room1_mix1766,,walk,0,0,v12train,v12ext,15184846685,fold32,,,,
,fold32_room1_mix1767,,static,0,0,v12train,v12ext,15184951414,fold32,,,,
,fold32_room1_mix1768,,walk,0,0,v12train,v12ext,15185056143,fold32,,,,
,fold32_room1_mix1769,,static,0,0,v12train,v12ext,15185160872,fold32,,,,
,fold32_room1_mix1770,,walk,0,0,v12train,v12ext,15185265601,fold32,,,,
,fold32_room1_mix1771,,static,0,0,v12train,v12ext,15185370330,fold32,,,,
,fold32_room1_mix1772,,walk,0,0,v12train,v12ext,15185475059,fold32,,,,
,fold32_room1_mix1773,,static,0,0,v12train,v12ext,15185579788,fold32,,,,
,fold32_room1_mix1774,,walk,0,0,v12train,v12ext,15185684517,fold32,,,,
,fold32_room1_mix1775,,static,0,0,v12train,v12ext,15185789246,fold32,,,,
,fold32_room1_mix1776,,walk,0,0,v12train,v12ext,15185893975,fold32,,,,
,fold32_room1_mix1777,,static,0,0,v12train,v12ext,15185998704,fold32,,,,
,fold32_room1_mix1778,,walk,0,0,v12train,v12ext,15186103433,fold32,,,,
,fold32_room1_mix1779,,static,0,0,v12train,v12ext,15186208162,fold32,,,,
,fold32_room1_mix1780,,walk,0,0,v12train,v12ext,15186312891,fold32,,,,
,fold32_room1_mix1781,,static,0,0,v12train,v12ext,15186417620,fold32,,,,
,fold32_room1_mix1782,,walk,0,0,v12train,v12ext,15186522349,fold32,,,,
,fold32_room1_mix1783,,static,0,0,v12train,v12ext,15186627078,fold32,,,,
,fold32_room1_mix1784,,walk,0,0,v12train,v12ext,15186731807,fold32,,,,
,fold32_room1_mix1785,,static,0,0,v12train,v12ext,15186836536,fold32,,,,
,fold32_room1_mix1786,,walk,0,0,v12train,v12ext,15186941265,fold32,,,,
,fold32_room1_mix1787,,static,0,0,v12train,v12ext,15187045994,fold32,,,,
,fold32_room1_mix1788,,walk,0,0,v12train,v12ext,15187150723,fold32,,,,
,fold32_room1_mix1789,,static,0,0,v12train,v12ext,15187255452,fold32,,,,
,fold32_room1_mix1790,,walk,0,0,v12train,v12ext,15187360181,fold32,,,,
,fold32_room1_mix1791,,static,0,0,v12train,v12ext,15187464910,fold32,,,,
,fold32_room1_mix1792,,walk,0,0,v12train,v12ext,15187569639,fold32,,,,
,fold32_room1_mix1793,,static,0,0,v12train,v12ext,15187674368,fold32,,,,
,fold32_room1_mix1794,,walk,0,0,v12train,v12ext,15187779097,fold32,,,,
,fold32_room1_mix1795,,static,0,0,v12train,v12ext,15187883826,fold32,,,,
,fold32_room1_mix1796,,walk,0,0,v12train,v12ext,15187988555,fold32,,,,
,fold32_room1_mix1797,,static,0,0,v12train,v12ext,15188093284,fold32,,,,
,fold32_room1_mix1798,,walk,0,0,v12train,v12ext,15188198013,fold32,,,,
,fold32_room1_mix1799,,static,0,0,v12train,v12ext,15188302742,fold32,,,,
,fold32_room1_mix1800,,walk,0,0,v12train,v12ext,15188407471,fold32,,,,
