name,motion,tier,scenario,n_src,peak,recon_err,noise_dba_target,noise_dba_meas,az_med_max,el_med_max,cpa_rel_dist_m,cpa_rel_time_s,car_audible_frac,recv_ok,mask_ok,result
fold1_room1_mix001,walk,critical,normal,2,0.0157,1.77e-07,60.55130877232874,60.55,0.336,0.346,0.993,6.74,0.33,True,True,PASS
fold1_room1_mix002,static,critical,normal,1,0.0068,1.19e-07,46.83927665799536,46.84,0.334,0.298,0.66,7.35,0.98,True,True,PASS
fold1_room1_mix003,static,caution,normal,2,0.0088,1.77e-07,45.78770821962489,45.79,0.302,0.216,2.292,8.33,0.84,True,True,PASS
fold1_room1_mix004,walk,critical,normal,2,0.0038,1.77e-07,49.553272151083505,49.55,0.424,0.305,1.152,7.18,0.98,True,True,PASS
fold1_room1_mix005,static,caution,normal,2,0.0861,1.76e-07,44.31045810066049,44.31,0.257,0.275,2.434,6.12,0.99,True,True,PASS
fold1_room1_mix006,walk,critical,normal,2,0.0027,1.77e-07,52.07555629990786,52.08,0.275,0.248,1.395,7.5,0.63,True,True,PASS
fold1_room1_mix007,walk,safe,normal,2,0.0156,1.76e-07,45.82482209573752,45.82,0.266,0.341,10.901,8.06,0.69,True,True,PASS
fold1_room1_mix008,walk,safe,normal,1,0.0005,1.19e-07,41.60877835482564,41.61,0.271,0.317,14.073,7.19,0.98,True,True,PASS
fold1_room1_mix009,static,safe,normal,2,0.0208,1.76e-07,56.25072196234751,56.25,0.427,0.334,3.514,7.49,0.91,True,True,PASS
fold1_room1_mix010,walk,critical,normal,1,0.0032,1.19e-07,45.292229047577734,45.29,0.234,0.276,0.869,7.37,0.98,True,True,PASS
fold1_room1_mix011,walk,critical,normal,2,0.0149,1.76e-07,43.2533082749821,43.25,0.307,0.367,1.327,7.39,0.99,True,True,PASS
fold1_room1_mix012,walk,critical,normal,2,0.0608,1.78e-07,61.40203499461971,61.4,0.304,0.223,0.656,7.73,0.35,True,True,PASS
fold1_room1_mix013,walk,critical,normal,2,0.0048,1.76e-07,45.618514892114874,45.62,0.295,0.331,1.285,8.67,0.99,True,True,PASS
fold1_room1_mix014,walk,critical,normal,1,0.0042,1.19e-07,41.653085863742604,41.65,0.231,0.21,0.975,7.23,0.99,True,True,PASS
fold1_room1_mix015,static,safe,normal,3,0.0027,2.26e-07,44.70568107677023,44.71,0.307,0.428,13.161,6.59,0.98,True,True,PASS
fold1_room1_mix016,walk,critical,normal,1,0.0058,1.19e-07,56.48204049446255,56.48,0.232,0.322,0.814,8.43,0.46,True,True,PASS
fold1_room1_mix017,static,critical,normal,2,0.0031,1.76e-07,53.18784883789538,53.19,0.294,0.439,0.881,6.61,0.64,True,True,PASS
fold1_room1_mix018,walk,critical,normal,1,0.0027,1.19e-07,49.01813558737131,49.02,0.305,0.266,0.953,6.28,0.96,True,True,PASS
fold1_room1_mix019,static,safe,normal,2,0.0011,1.76e-07,63.64683168648273,63.65,0.382,0.265,5.795,8.26,0.15,True,True,PASS
fold1_room1_mix020,static,safe,normal,1,0.0008,1.19e-07,54.37121001049417,54.37,0.294,0.217,10.313,7.64,0.47,True,True,PASS
fold1_room1_mix021,walk,critical,normal,2,0.0079,1.77e-07,61.41238040798203,61.41,0.333,0.312,0.604,8.39,0.49,True,True,PASS
fold1_room1_mix022,static,caution,normal,1,0.0015,1.19e-07,57.577293529200816,57.58,0.441,0.179,2.677,7.24,0.26,True,True,PASS
fold1_room1_mix023,static,caution,normal,2,0.0018,1.77e-07,55.419995423271864,55.42,0.421,0.288,1.602,8.09,0.39,True,True,PASS
fold1_room1_mix024,static,critical,normal,2,0.0054,1.77e-07,45.322640521905434,45.32,0.28,0.336,0.651,8.58,0.96,True,True,PASS
fold1_room1_mix025,walk,critical,normal,2,0.0035,1.76e-07,56.92610415343368,56.93,0.294,0.232,1.307,8.36,0.35,True,True,PASS
fold1_room1_mix026,walk,safe,normal,2,0.0124,1.77e-07,61.31047964698154,61.31,0.34,0.314,8.716,8.47,0.26,True,True,PASS
fold1_room1_mix027,static,critical,normal,1,0.0038,1.19e-07,46.063858065775534,46.06,0.258,0.351,1.342,8.25,0.96,True,True,PASS
fold1_room1_mix028,static,critical,normal,2,0.0034,1.77e-07,46.97108914601394,46.97,0.292,0.452,0.951,8.57,0.97,True,True,PASS
fold1_room1_mix029,walk,critical,normal,2,0.0027,1.77e-07,63.02304322292436,63.02,0.266,0.275,0.905,8.15,0.16,True,True,PASS
fold1_room1_mix030,walk,caution,normal,1,0.0028,1.19e-07,62.13450161981894,62.13,0.289,0.24,2.986,6.11,0.41,True,True,PASS
fold1_room1_mix031,static,critical,normal,1,0.0035,1.19e-07,50.39684714773552,50.4,0.274,0.291,0.838,7.68,0.63,True,True,PASS
fold1_room1_mix032,walk,critical,normal,2,0.0035,1.77e-07,51.542401984667244,51.54,0.286,0.236,1.091,6.28,0.76,True,True,PASS
fold1_room1_mix033,static,caution,normal,2,0.1115,1.79e-07,46.79644034638998,46.8,0.276,0.361,1.633,8.78,0.96,True,True,PASS
fold1_room1_mix034,walk,safe,normal,1,0.0005,1.19e-07,45.38380832082867,45.38,0.257,0.228,14.491,8.01,0.97,True,True,PASS
fold1_room1_mix035,walk,safe,normal,1,0.0008,1.19e-07,64.95665089213249,64.96,0.0,0.0,12.511,8.19,0.0,True,True,PASS
fold1_room1_mix036,static,safe,normal,2,0.0161,1.77e-07,57.225285599475754,57.23,0.313,0.208,11.383,7.67,0.31,True,True,PASS
fold1_room1_mix037,walk,caution,normal,2,0.0123,1.76e-07,62.09052282302995,62.09,0.39,0.268,2.84,6.6,0.61,True,True,PASS
fold1_room1_mix038,walk,safe,normal,3,0.0012,2.30e-07,56.80527404466858,56.81,0.325,0.307,9.958,6.16,0.38,True,True,PASS
fold1_room1_mix039,walk,critical,normal,2,0.0026,1.77e-07,52.3873776575437,52.39,0.245,0.438,1.45,7.37,0.66,True,True,PASS
fold1_room1_mix040,walk,critical,normal,1,0.0046,1.19e-07,57.614876334150566,57.61,0.332,0.281,0.731,8.34,0.45,True,True,PASS
fold1_room1_mix041,walk,critical,normal,2,0.0087,1.78e-07,47.89550233403513,47.9,0.303,0.361,0.665,7.68,0.97,True,True,PASS
fold1_room1_mix042,walk,safe,normal,2,0.0183,1.77e-07,55.06310531829661,55.06,0.202,0.235,12.46,6.51,0.28,True,True,PASS
fold1_room1_mix043,static,safe,normal,2,0.0014,1.76e-07,54.28002692823289,54.28,0.344,0.243,12.241,7.63,0.55,True,True,PASS
fold1_room1_mix044,static,caution,normal,2,0.0112,1.77e-07,63.877488582742174,63.88,0.286,0.356,2.501,8.73,0.24,True,True,PASS
fold1_room1_mix045,static,critical,normal,2,0.0768,1.79e-07,55.072484460371314,55.07,0.308,0.278,1.294,8.89,0.31,True,True,PASS
fold1_room1_mix046,walk,critical,normal,1,0.0033,1.19e-07,47.66518110567661,47.67,0.28,0.193,1.22,6.68,1.0,True,True,PASS
fold1_room1_mix047,walk,safe,normal,2,0.0006,1.77e-07,53.781184562212985,53.78,0.269,0.24,8.313,6.87,0.64,True,True,PASS
fold1_room1_mix048,static,safe,normal,1,0.0005,1.19e-07,50.04119426260308,50.04,0.332,0.289,11.363,8.82,0.48,True,True,PASS
fold1_room1_mix049,static,critical,normal,1,0.0085,1.19e-07,56.35394906090183,56.35,0.315,0.315,0.74,6.61,0.71,True,True,PASS
fold1_room1_mix050,walk,critical,normal,1,0.0031,1.19e-07,42.56397732324847,42.56,0.244,0.337,1.1,7.87,0.98,True,True,PASS
fold1_room1_mix051,walk,safe,normal,1,0.0009,1.19e-07,58.83845655118482,58.84,0.367,0.145,9.233,7.06,0.27,True,True,PASS
fold1_room1_mix052,static,caution,normal,3,0.0158,1.76e-07,46.18545046137262,46.19,0.323,0.32,1.607,6.5,0.97,True,True,PASS
fold1_room1_mix053,walk,caution,normal,1,0.0025,1.19e-07,42.11904493748987,42.12,0.299,0.299,2.082,7.95,0.99,True,True,PASS
fold1_room1_mix054,static,critical,normal,2,0.0032,1.77e-07,57.74206297210626,57.74,0.476,0.241,1.156,7.25,0.52,True,True,PASS
fold1_room1_mix055,walk,safe,normal,2,0.0006,1.78e-07,63.297082663188725,63.3,0.366,0.462,13.496,7.4,0.12,True,True,PASS
fold1_room1_mix056,static,caution,normal,1,0.0017,1.19e-07,40.11440038366456,40.11,0.262,0.243,2.462,7.26,0.97,True,True,PASS
fold1_room1_mix057,walk,critical,normal,1,0.0041,1.19e-07,49.79146405179122,49.79,0.286,0.258,0.702,6.69,0.86,True,True,PASS
fold1_room1_mix058,static,caution,normal,2,0.0036,1.77e-07,57.73365945561583,57.73,0.284,0.393,1.849,7.16,0.42,True,True,PASS
fold1_room1_mix059,static,caution,normal,1,0.0033,1.19e-07,44.489513659898925,44.49,0.261,0.213,2.086,8.07,0.99,True,True,PASS
fold1_room1_mix060,walk,caution,normal,3,0.0259,2.31e-07,45.24590401116808,45.25,0.273,0.296,2.874,8.86,0.97,True,True,PASS
fold1_room1_mix061,static,critical,normal,2,0.0713,1.77e-07,63.023674782088506,63.02,0.274,0.341,1.409,6.66,0.48,True,True,PASS
fold1_room1_mix062,walk,critical,normal,2,0.0046,1.78e-07,60.395958782042804,60.4,0.283,0.273,1.217,8.94,0.43,True,True,PASS
fold1_room1_mix063,walk,critical,normal,3,0.0028,2.29e-07,61.3088744404287,61.31,0.289,0.359,0.88,7.37,0.2,True,True,PASS
fold1_room1_mix064,walk,caution,normal,3,0.0583,2.30e-07,63.57701768812264,63.58,0.346,0.422,1.888,6.65,0.37,True,True,PASS
fold1_room1_mix065,static,safe,normal,3,0.0012,2.30e-07,48.58073773405873,48.58,0.38,0.295,12.061,8.42,0.9,True,True,PASS
fold1_room1_mix066,static,critical,normal,1,0.0028,1.19e-07,54.58122670543763,54.58,0.285,0.288,0.992,8.66,0.31,True,True,PASS
fold1_room1_mix067,static,critical,normal,2,0.0078,1.78e-07,49.40833743367141,49.41,0.349,0.363,0.61,8.11,0.97,True,True,PASS
fold1_room1_mix068,static,critical,normal,1,0.0039,1.19e-07,57.43831476773424,57.44,0.263,0.29,0.854,6.4,0.46,True,True,PASS
fold1_room1_mix069,walk,caution,normal,2,0.0128,1.77e-07,42.717221679130716,42.72,0.347,0.229,1.627,6.88,0.99,True,True,PASS
fold1_room1_mix070,walk,caution,normal,2,0.0019,1.76e-07,62.38571574490858,62.39,0.294,0.309,2.907,7.95,0.36,True,True,PASS
fold1_room1_mix071,walk,safe,normal,1,0.0011,1.19e-07,48.40676545193123,48.41,0.255,0.273,6.111,8.77,0.85,True,True,PASS
fold1_room1_mix072,walk,safe,normal,1,0.0009,1.19e-07,47.18201810268723,47.18,0.273,0.374,10.149,8.4,0.98,True,True,PASS
fold1_room1_mix073,static,critical,normal,2,0.0255,1.75e-07,61.103961338436385,61.1,0.394,0.25,1.125,6.54,0.49,True,True,PASS
fold1_room1_mix074,static,critical,normal,1,0.0031,1.19e-07,56.8269923428184,56.83,0.263,0.308,0.752,7.78,0.34,True,True,PASS
fold1_room1_mix075,static,safe,normal,2,0.0016,1.78e-07,48.06833649519333,48.07,0.291,0.286,5.568,7.51,0.98,True,True,PASS
fold1_room1_mix076,walk,critical,normal,2,0.0064,1.78e-07,40.948437816053804,40.95,0.259,0.339,0.985,7.16,0.98,True,True,PASS
fold1_room1_mix077,walk,caution,normal,2,0.0114,1.75e-07,51.502818739518,51.5,0.4,0.273,2.688,6.89,0.52,True,True,PASS
fold1_room1_mix078,walk,safe,normal,1,0.0009,1.19e-07,48.69454857994453,48.69,0.246,0.264,6.908,7.58,0.66,True,True,PASS
fold1_room1_mix079,static,caution,normal,2,0.0032,1.78e-07,41.599436608675035,41.6,0.291,0.483,2.301,8.26,0.97,True,True,PASS
fold1_room1_mix080,static,caution,normal,2,0.004,1.75e-07,62.02281626117504,62.02,0.291,0.308,2.04,6.48,0.26,True,True,PASS
fold1_room1_mix081,static,critical,normal,2,0.0034,1.78e-07,57.93973250978927,57.94,0.342,0.307,1.372,7.68,0.47,True,True,PASS
fold1_room1_mix082,walk,caution,normal,2,0.0021,1.78e-07,50.3532245985657,50.35,0.244,0.353,2.516,7.24,0.84,True,True,PASS
fold1_room1_mix083,static,caution,normal,2,0.0021,1.76e-07,55.308085224519246,55.31,0.488,0.277,1.865,8.41,0.62,True,True,PASS
fold1_room1_mix084,walk,caution,normal,1,0.0041,1.19e-07,63.48118287226801,63.48,0.287,0.176,1.74,8.84,0.57,True,True,PASS
fold1_room1_mix085,walk,safe,normal,1,0.0011,1.19e-07,63.29634714040378,63.3,0.25,0.256,8.781,8.73,0.36,True,True,PASS
fold1_room1_mix086,walk,safe,normal,2,0.0035,1.77e-07,55.592899747009454,55.59,0.315,0.329,14.849,8.82,0.32,True,True,PASS
fold1_room1_mix087,walk,safe,normal,1,0.0009,1.19e-07,64.20592788690043,64.21,0.304,0.155,6.156,8.1,0.13,True,True,PASS
fold1_room1_mix088,walk,caution,normal,3,0.02,2.24e-07,52.75908667952824,52.76,0.282,0.29,2.862,6.19,0.99,True,True,PASS
fold1_room1_mix089,walk,caution,normal,2,0.0014,1.78e-07,53.41615690644081,53.42,0.287,0.268,2.687,8.14,0.5,True,True,PASS
fold1_room1_mix090,walk,safe,normal,2,0.0012,1.78e-07,60.73659760379972,60.74,0.318,0.272,10.869,8.64,0.22,True,True,PASS
fold1_room1_mix091,walk,critical,normal,1,0.0025,1.19e-07,64.94304849501194,64.94,0.298,0.242,1.329,8.3,0.21,True,True,PASS
fold1_room1_mix092,walk,safe,normal,1,0.0011,1.19e-07,54.82242792448382,54.82,0.323,0.214,4.437,6.22,0.44,True,True,PASS
fold1_room1_mix093,walk,caution,normal,1,0.0023,1.19e-07,55.01234596395929,55.01,0.253,0.291,2.054,7.79,0.7,True,True,PASS
fold1_room1_mix094,static,caution,normal,2,0.0032,1.78e-07,45.896641274822464,45.9,0.259,0.297,2.325,6.98,0.98,True,True,PASS
fold1_room1_mix095,static,critical,normal,3,0.0571,2.26e-07,55.91951169445085,55.92,0.327,0.31,1.052,8.2,0.33,True,True,PASS
fold1_room1_mix096,static,critical,normal,1,0.0041,1.19e-07,52.40935109868522,52.41,0.277,0.2,0.888,6.51,0.98,True,True,PASS
fold1_room1_mix097,walk,critical,normal,2,0.0049,1.75e-07,53.18032715307453,53.18,0.343,0.235,0.7,7.16,0.56,True,True,PASS
fold1_room1_mix098,walk,safe,normal,2,0.0059,1.77e-07,52.62147412372237,52.62,0.26,0.275,10.662,6.8,0.35,True,True,PASS
fold1_room1_mix099,walk,caution,normal,1,0.002,1.19e-07,42.94829301757417,42.95,0.234,0.305,1.93,7.17,0.98,True,True,PASS
fold1_room1_mix100,walk,critical,normal,2,0.0056,1.77e-07,42.052416094115,42.05,0.332,0.373,0.878,8.5,0.97,True,True,PASS
fold1_room1_mix101,static,caution,normal,2,0.0028,1.76e-07,45.2628003533764,45.26,0.275,0.329,2.539,8.79,0.97,True,True,PASS
fold1_room1_mix102,static,safe,normal,1,0.0005,1.19e-07,44.060483703384435,44.06,0.282,0.182,11.429,6.51,0.99,True,True,PASS
fold1_room1_mix103,walk,safe,normal,1,0.0008,1.19e-07,54.87835646152867,54.88,0.191,0.326,8.735,8.62,0.45,True,True,PASS
fold1_room1_mix104,walk,safe,normal,1,0.0012,1.19e-07,49.754876747347375,49.75,0.251,0.191,3.545,7.69,0.75,True,True,PASS
fold1_room1_mix105,static,safe,normal,1,0.0006,1.19e-07,56.99621509110645,57.0,0.196,0.219,12.065,6.18,0.34,True,True,PASS
fold1_room1_mix106,static,safe,normal,1,0.0009,1.19e-07,50.96150070182457,50.96,0.261,0.337,6.85,8.02,0.8,True,True,PASS
fold1_room1_mix107,walk,critical,normal,1,0.0041,1.19e-07,50.80345129906662,50.8,0.284,0.324,1.315,7.73,0.98,True,True,PASS
fold1_room1_mix108,walk,caution,normal,2,0.0175,1.77e-07,41.59591656100821,41.6,0.275,0.342,2.499,7.63,0.97,True,True,PASS
fold1_room1_mix109,walk,safe,normal,3,0.3045,2.43e-07,62.2897433030674,62.29,0.463,0.228,8.292,7.26,0.09,True,True,PASS
fold1_room1_mix110,static,critical,normal,1,0.0029,1.19e-07,43.048266896536035,43.05,0.308,0.361,1.08,8.35,0.97,True,True,PASS
fold1_room1_mix111,static,critical,normal,2,0.0086,1.79e-07,60.60935857488465,60.61,0.246,0.312,1.265,6.53,0.45,True,True,PASS
fold1_room1_mix112,walk,caution,normal,1,0.0032,1.19e-07,59.54798639492604,59.55,0.262,0.283,2.347,6.23,0.57,True,True,PASS
fold1_room1_mix113,static,caution,normal,2,0.0025,1.77e-07,60.20741214312771,60.21,0.275,0.231,2.574,6.98,0.37,True,True,PASS
fold1_room1_mix114,static,caution,normal,2,0.0019,1.76e-07,61.291184189947046,61.29,0.39,0.268,2.125,6.26,0.44,True,True,PASS
fold1_room1_mix115,walk,critical,normal,2,0.0072,1.75e-07,61.197743129636315,61.2,0.301,0.308,1.474,8.29,0.29,True,True,PASS
fold1_room1_mix116,walk,safe,normal,2,0.0053,1.77e-07,54.54952809949987,54.55,0.275,0.439,3.359,7.25,0.67,True,True,PASS
fold1_room1_mix117,walk,caution,normal,2,0.0143,1.76e-07,58.464891914584214,58.46,0.31,0.312,2.447,6.53,0.99,True,True,PASS
fold1_room1_mix118,walk,safe,normal,2,0.0013,1.77e-07,46.012021830029774,46.01,0.362,0.273,12.802,7.52,0.98,True,True,PASS
fold1_room1_mix119,walk,critical,normal,1,0.0076,1.19e-07,47.70761853885613,47.71,0.307,0.331,0.661,7.66,0.97,True,True,PASS
fold1_room1_mix120,static,safe,normal,1,0.0004,1.19e-07,51.28086537348875,51.28,0.294,0.175,13.956,7.07,0.36,True,True,PASS
fold1_room1_mix121,walk,safe,normal,1,0.0005,1.19e-07,58.84303881674987,58.84,0.344,0.212,12.155,7.65,0.21,True,True,PASS
fold1_room1_mix122,walk,safe,normal,2,0.0968,1.78e-07,61.00071098837094,61.0,0.416,0.28,14.605,7.2,0.07,True,True,PASS
fold1_room1_mix123,walk,safe,normal,2,0.0019,1.76e-07,47.69216854387277,47.69,0.301,0.327,8.103,7.98,0.99,True,True,PASS
fold1_room1_mix124,walk,critical,normal,2,0.0035,1.77e-07,61.543507435212895,61.54,0.277,0.309,0.999,8.45,0.41,True,True,PASS
fold1_room1_mix125,walk,critical,normal,2,0.029,1.77e-07,56.06658902207025,56.07,0.273,0.256,1.44,8.81,0.94,True,True,PASS
fold1_room1_mix126,static,critical,normal,3,0.0167,2.28e-07,57.6123302918665,57.61,0.325,0.29,1.379,8.58,0.43,True,True,PASS
fold1_room1_mix127,static,safe,normal,1,0.0007,1.19e-07,62.21113646124063,62.21,0.473,0.298,8.304,7.68,0.17,True,True,PASS
fold1_room1_mix128,static,critical,normal,2,0.0343,1.74e-07,52.084471506649905,52.08,0.494,0.351,1.057,6.83,0.9,True,True,PASS
fold1_room1_mix129,walk,caution,normal,2,0.0035,1.78e-07,57.95844513600973,57.96,0.324,0.271,1.983,7.26,0.39,True,True,PASS
fold1_room1_mix130,static,critical,normal,2,0.0243,1.76e-07,61.660609390384806,61.66,0.31,0.362,1.422,6.88,0.43,True,True,PASS
fold1_room1_mix131,static,caution,normal,1,0.0022,1.19e-07,63.43344975320507,63.43,0.22,0.258,2.262,6.02,0.23,True,True,PASS
fold1_room1_mix132,walk,caution,normal,2,0.0086,1.74e-07,49.10514782585877,49.11,0.43,0.268,2.603,7.74,0.77,True,True,PASS
fold1_room1_mix133,static,safe,normal,2,0.1868,1.83e-07,51.630413555014144,51.63,0.263,0.253,6.819,6.36,0.74,True,True,PASS
fold1_room1_mix134,static,critical,normal,3,0.037,2.29e-07,49.68104715143258,49.68,0.348,0.305,0.825,7.31,0.9,True,True,PASS
fold1_room1_mix135,static,safe,normal,1,0.0009,1.19e-07,55.35873767939916,55.36,0.243,0.354,9.879,7.27,0.92,True,True,PASS
fold1_room1_mix136,walk,critical,normal,2,0.0068,1.78e-07,48.03837560536179,48.04,0.301,0.322,0.635,6.61,0.98,True,True,PASS
fold1_room1_mix137,walk,critical,normal,2,0.0629,1.76e-07,53.94064546980119,53.94,0.277,0.287,1.481,7.71,0.52,True,True,PASS
fold1_room1_mix138,walk,safe,normal,3,0.1201,2.32e-07,50.104178145802535,50.1,0.433,0.305,14.84,7.01,0.48,True,True,PASS
fold1_room1_mix139,walk,safe,normal,2,0.0162,1.76e-07,50.73487679945904,50.73,0.301,0.256,4.141,7.36,0.92,True,True,PASS
fold1_room1_mix140,walk,critical,normal,1,0.0049,1.19e-07,49.75575780787952,49.76,0.309,0.307,0.723,6.89,0.89,True,True,PASS
fold1_room1_mix141,static,safe,normal,1,0.0006,1.19e-07,41.376769364822415,41.38,0.276,0.313,9.407,8.61,0.98,True,True,PASS
fold1_room1_mix142,static,caution,normal,1,0.0017,1.19e-07,54.34563467139775,54.35,0.241,0.236,1.813,8.81,0.45,True,True,PASS
fold1_room1_mix143,walk,safe,normal,2,0.0324,1.76e-07,56.395244872073334,56.4,0.315,0.244,8.498,6.81,0.41,True,True,PASS
fold1_room1_mix144,walk,caution,normal,2,0.0142,1.76e-07,63.285253785345446,63.29,0.264,0.285,2.789,6.2,0.33,True,True,PASS
fold1_room1_mix145,walk,safe,normal,2,0.0031,1.77e-07,55.326978185794125,55.33,0.342,0.243,12.456,8.71,0.3,True,True,PASS
fold1_room1_mix146,walk,caution,normal,2,0.0313,1.79e-07,62.95933195208821,62.96,0.267,0.432,2.439,6.81,0.22,True,True,PASS
fold1_room1_mix147,walk,caution,normal,1,0.0032,1.19e-07,44.48835476063865,44.49,0.258,0.328,1.749,8.49,0.99,True,True,PASS
fold1_room1_mix148,walk,safe,normal,3,0.0129,2.29e-07,49.06181331123845,49.06,0.45,0.328,3.58,8.87,0.97,True,True,PASS
fold1_room1_mix149,walk,caution,normal,1,0.0022,1.19e-07,55.7768254100199,55.78,0.323,0.229,1.577,7.66,0.4,True,True,PASS
fold1_room1_mix150,static,caution,normal,3,0.0489,2.30e-07,60.4000326795,60.4,0.349,0.377,2.692,6.4,0.36,True,True,PASS
fold1_room1_mix151,walk,caution,normal,1,0.0025,1.19e-07,42.5320266442114,42.53,0.293,0.332,2.044,7.95,0.98,True,True,PASS
fold1_room1_mix152,walk,critical,normal,1,0.0031,1.19e-07,47.38664440933218,47.39,0.273,0.336,1.174,8.35,0.9,True,True,PASS
fold1_room1_mix153,static,critical,normal,1,0.0036,1.19e-07,63.88960486489246,63.89,0.38,0.427,0.806,7.67,0.15,True,True,PASS
fold1_room1_mix154,walk,critical,normal,1,0.0031,1.19e-07,49.92442598990916,49.92,0.305,0.252,0.859,8.1,0.45,True,True,PASS
fold1_room1_mix155,walk,safe,normal,3,0.0291,2.24e-07,54.26919445520804,54.27,0.339,0.321,9.228,7.69,0.45,True,True,PASS
fold1_room1_mix156,static,critical,normal,1,0.0051,1.19e-07,56.110646405903964,56.11,0.31,0.316,0.808,7.61,0.38,True,True,PASS
fold1_room1_mix157,static,critical,normal,2,0.0056,1.78e-07,45.78135128746215,45.78,0.335,0.359,0.747,7.54,0.97,True,True,PASS
fold1_room1_mix158,static,critical,normal,3,0.1115,2.17e-07,52.85241506581966,52.85,0.234,0.307,1.071,8.62,0.67,True,True,PASS
fold1_room1_mix159,static,caution,normal,2,0.0097,1.75e-07,48.1327531700636,48.13,0.329,0.353,2.292,8.38,0.9,True,True,PASS
fold1_room1_mix160,walk,safe,normal,1,0.0007,1.19e-07,61.961300859416525,61.96,0.282,0.361,13.044,6.33,0.35,True,True,PASS
fold1_room1_mix161,walk,safe,normal,2,0.0623,1.77e-07,40.23505422215574,40.24,0.549,0.269,12.541,8.87,0.99,True,True,PASS
fold1_room1_mix162,static,caution,normal,2,0.0018,1.76e-07,50.00534645777597,50.01,0.497,0.224,2.033,6.57,0.99,True,True,PASS
fold1_room1_mix163,walk,safe,normal,2,0.0765,1.76e-07,40.50785608465169,40.51,0.319,0.349,8.091,7.89,0.98,True,True,PASS
fold1_room1_mix164,walk,safe,normal,2,0.0151,1.76e-07,62.69629938135466,62.7,0.334,0.284,8.371,6.84,0.26,True,True,PASS
fold1_room1_mix165,walk,caution,normal,1,0.0029,1.19e-07,46.79197525784512,46.79,0.218,0.288,1.669,7.78,0.97,True,True,PASS
fold1_room1_mix166,static,safe,normal,2,0.0011,1.77e-07,48.53870701673837,48.54,0.273,0.3,6.121,7.89,0.68,True,True,PASS
fold1_room1_mix167,static,safe,normal,1,0.0011,1.19e-07,62.8851193555164,62.89,0.182,0.236,8.275,7.0,0.24,True,True,PASS
fold1_room1_mix168,static,caution,normal,1,0.0017,1.19e-07,60.15139250740326,60.15,0.269,0.266,2.227,6.81,0.49,True,True,PASS
fold1_room1_mix169,walk,caution,normal,1,0.0018,1.19e-07,50.14710060704516,50.15,0.258,0.295,2.869,7.69,0.86,True,True,PASS
fold1_room1_mix170,walk,critical,normal,2,0.0038,1.76e-07,61.155824094791456,61.16,0.499,0.304,0.944,6.86,0.28,True,True,PASS
fold1_room1_mix171,static,safe,normal,1,0.0007,1.19e-07,54.69850232406627,54.7,0.263,0.306,8.185,7.52,0.6,True,True,PASS
fold1_room1_mix172,static,critical,normal,2,0.6365,2.28e-07,60.66845993099996,60.67,0.252,0.258,1.284,8.46,0.47,True,True,PASS
fold1_room1_mix173,static,safe,normal,1,0.0007,1.19e-07,40.8223685032981,40.82,0.254,0.307,12.481,6.93,0.98,True,True,PASS
fold1_room1_mix174,walk,safe,normal,2,0.0821,1.77e-07,51.27815730210711,51.28,0.506,0.301,5.153,7.62,0.65,True,True,PASS
fold1_room1_mix175,static,caution,normal,2,0.0336,1.77e-07,54.33328881946704,54.33,0.304,0.348,2.957,8.69,0.55,True,True,PASS
fold1_room1_mix176,walk,caution,normal,1,0.0014,1.19e-07,63.81595601562841,63.82,0.404,0.303,2.124,7.04,0.15,True,True,PASS
fold1_room1_mix177,walk,critical,normal,2,0.0182,1.77e-07,50.0454423919074,50.05,0.294,0.305,0.832,6.85,0.98,True,True,PASS
fold1_room1_mix178,static,critical,normal,2,0.0235,1.76e-07,46.72640209255627,46.73,0.386,0.258,1.411,6.16,0.98,True,True,PASS
fold1_room1_mix179,walk,caution,normal,2,0.0023,1.77e-07,56.04019066221662,56.04,0.336,0.291,2.546,6.8,0.65,True,True,PASS
fold1_room1_mix180,static,caution,normal,2,0.0023,1.77e-07,51.710762129080884,51.71,0.271,0.268,2.49,6.65,0.99,True,True,PASS
fold1_room1_mix181,static,safe,normal,2,0.1927,1.79e-07,59.82109991292634,59.82,0.339,0.186,12.953,8.03,0.12,True,True,PASS
fold1_room1_mix182,walk,caution,normal,2,0.0017,1.78e-07,43.07833039314743,43.08,0.239,0.278,2.375,6.27,0.98,True,True,PASS
fold1_room1_mix183,walk,caution,normal,3,0.0656,2.26e-07,45.4710384992425,45.47,0.314,0.325,1.858,6.14,0.98,True,True,PASS
fold1_room1_mix184,static,safe,normal,1,0.0004,1.19e-07,48.44204858918741,48.44,0.226,0.304,13.336,7.03,0.93,True,True,PASS
fold1_room1_mix185,static,caution,normal,1,0.0017,1.19e-07,50.21682851960429,50.22,0.252,0.229,2.619,7.2,0.69,True,True,PASS
fold1_room1_mix186,static,critical,normal,2,0.0106,1.76e-07,51.00295760641467,51.0,0.325,0.346,1.263,8.77,0.79,True,True,PASS
fold1_room1_mix187,static,safe,normal,3,0.0188,2.31e-07,58.3480023055606,58.35,0.284,0.26,4.168,6.11,0.62,True,True,PASS
fold1_room1_mix188,static,critical,normal,1,0.0042,1.19e-07,46.039689326242254,46.04,0.354,0.286,0.752,7.73,0.81,True,True,PASS
fold1_room1_mix189,static,safe,normal,2,0.0291,1.76e-07,56.3592375231795,56.36,0.274,0.261,5.758,6.94,0.51,True,True,PASS
fold1_room1_mix190,static,critical,normal,1,0.0052,1.19e-07,58.20304934161094,58.2,0.292,0.166,0.758,6.9,0.53,True,True,PASS
fold1_room1_mix191,walk,safe,normal,2,0.001,1.78e-07,47.43671046101824,47.44,0.291,0.309,9.045,6.06,0.93,True,True,PASS
fold1_room1_mix192,walk,critical,normal,2,0.0192,1.77e-07,62.87562097145296,62.88,0.356,0.307,1.006,7.64,0.17,True,True,PASS
fold1_room1_mix193,static,safe,normal,2,0.0528,1.77e-07,60.917124225457954,60.92,0.326,0.248,7.302,7.56,0.38,True,True,PASS
fold1_room1_mix194,static,safe,normal,2,0.0006,1.77e-07,45.808336409684756,45.81,0.279,0.343,14.512,8.34,0.98,True,True,PASS
fold1_room1_mix195,static,safe,normal,2,0.0074,1.74e-07,53.26411823908626,53.26,0.33,0.22,10.12,6.5,0.37,True,True,PASS
fold1_room1_mix196,walk,safe,normal,3,0.0024,2.29e-07,61.86627893862634,61.87,0.292,0.231,4.546,6.58,0.36,True,True,PASS
fold1_room1_mix197,static,safe,normal,2,0.0011,1.76e-07,45.613039206965404,45.61,0.34,0.289,10.126,8.83,0.98,True,True,PASS
fold1_room1_mix198,walk,safe,normal,2,0.0008,1.77e-07,50.466135137694536,50.47,0.298,0.22,6.142,7.97,0.64,True,True,PASS
fold1_room1_mix199,static,caution,normal,2,0.0028,1.77e-07,60.19770952241558,60.2,0.336,0.233,2.749,8.14,0.24,True,True,PASS
fold1_room1_mix200,static,caution,normal,2,0.0022,1.77e-07,49.71468848944873,49.71,0.272,0.352,2.769,8.99,0.77,True,True,PASS
fold1_room1_mix201,walk,safe,normal,2,0.0004,1.78e-07,46.735854433657344,46.74,0.244,0.289,11.74,6.87,0.79,True,True,PASS
fold1_room1_mix202,walk,safe,normal,2,0.0007,1.75e-07,53.8985448110352,53.9,0.301,0.368,11.206,6.99,0.65,True,True,PASS
fold1_room1_mix203,static,critical,normal,2,0.0027,1.76e-07,51.028957960632866,51.03,0.322,0.252,0.991,7.97,0.42,True,True,PASS
fold1_room1_mix204,walk,critical,normal,2,0.0049,1.77e-07,53.330449667730214,53.33,0.396,0.28,0.809,8.53,0.4,True,True,PASS
fold1_room1_mix205,walk,safe,normal,2,0.0037,1.77e-07,64.29880398962318,64.3,0.267,0.317,8.426,6.99,0.32,True,True,PASS
fold1_room1_mix206,static,critical,normal,2,0.0948,1.77e-07,59.017741287425316,59.02,0.27,0.263,1.26,8.31,0.25,True,True,PASS
fold1_room1_mix207,static,safe,normal,2,0.0669,1.76e-07,55.089440367633806,55.09,0.509,0.237,11.497,6.05,0.48,True,True,PASS
fold1_room1_mix208,static,caution,normal,2,0.0027,1.77e-07,46.46172931611889,46.46,0.271,0.232,1.668,7.07,0.99,True,True,PASS
fold1_room1_mix209,walk,safe,normal,2,0.0007,1.78e-07,59.280956919793866,59.28,0.412,0.314,13.041,6.61,0.15,True,True,PASS
fold1_room1_mix210,static,critical,normal,1,0.002,1.19e-07,55.26278358884509,55.26,0.345,0.258,1.433,8.2,0.39,True,True,PASS
fold1_room1_mix211,static,caution,normal,3,0.0021,2.23e-07,47.47042757024484,47.47,0.282,0.384,2.742,6.54,0.99,True,True,PASS
fold1_room1_mix212,static,critical,normal,3,0.008,2.30e-07,58.102970835094425,58.1,0.327,0.402,1.068,8.6,0.38,True,True,PASS
fold1_room1_mix213,walk,critical,normal,3,0.0092,2.27e-07,64.59442345013946,64.59,0.311,0.377,0.906,7.75,0.16,True,True,PASS
fold1_room1_mix214,walk,safe,normal,2,0.0031,1.79e-07,63.995147163443335,64.0,0.315,0.262,4.985,8.76,0.15,True,True,PASS
fold1_room1_mix215,static,critical,normal,1,0.0045,1.19e-07,51.12299472039588,51.12,0.264,0.294,1.066,8.57,0.68,True,True,PASS
fold1_room1_mix216,walk,critical,normal,2,0.0107,1.76e-07,44.2860402532639,44.29,0.298,0.319,0.742,6.89,0.98,True,True,PASS
fold1_room1_mix217,static,caution,normal,2,0.0091,1.77e-07,64.17702265130846,64.18,0.325,0.233,2.736,6.97,0.36,True,True,PASS
fold1_room1_mix218,static,caution,normal,2,0.0182,1.76e-07,62.76373551393134,62.76,0.304,0.343,2.867,8.57,0.51,True,True,PASS
fold1_room1_mix219,walk,critical,normal,2,0.0083,1.76e-07,59.05546339516829,59.06,0.331,0.356,1.439,7.2,0.52,True,True,PASS
fold1_room1_mix220,static,critical,normal,1,0.0027,1.19e-07,41.77682140060474,41.78,0.226,0.228,1.366,6.08,0.99,True,True,PASS
fold1_room1_mix221,static,caution,normal,3,0.0137,2.27e-07,51.83734007963197,51.84,0.355,0.353,2.015,7.84,0.87,True,True,PASS
fold1_room1_mix222,walk,caution,normal,2,0.0331,1.78e-07,59.91268340454694,59.91,0.316,0.307,2.199,6.48,0.32,True,True,PASS
fold1_room1_mix223,walk,critical,normal,3,0.0106,2.28e-07,64.83906073717992,64.84,0.352,0.394,1.251,8.66,0.24,True,True,PASS
fold1_room1_mix224,static,safe,normal,2,0.036,1.77e-07,61.3157595306258,61.32,0.319,0.303,12.946,6.17,0.45,True,True,PASS
fold1_room1_mix225,walk,caution,normal,2,0.5681,2.11e-07,59.859500401032136,59.86,0.269,0.349,2.625,8.08,0.36,True,True,PASS
fold1_room1_mix226,walk,caution,normal,2,0.0015,1.77e-07,51.849349533112814,51.85,0.303,0.309,2.849,8.79,0.44,True,True,PASS
fold1_room1_mix227,walk,caution,normal,1,0.0029,1.19e-07,59.335778289615206,59.34,0.271,0.317,2.197,8.6,0.51,True,True,PASS
fold1_room1_mix228,walk,critical,normal,1,0.0037,1.19e-07,49.5416428489858,49.54,0.258,0.33,1.232,7.75,0.93,True,True,PASS
fold1_room1_mix229,walk,safe,normal,2,0.0666,1.77e-07,60.09578525705088,60.1,0.29,0.251,4.058,8.74,0.33,True,True,PASS
fold1_room1_mix230,walk,caution,normal,2,0.0033,1.77e-07,54.77356670579088,54.77,0.294,0.34,1.759,8.89,0.45,True,True,PASS
fold1_room1_mix231,walk,caution,normal,2,0.0083,1.77e-07,51.6424450407263,51.64,0.345,0.322,2.979,8.72,0.36,True,True,PASS
fold1_room1_mix232,static,caution,normal,1,0.0032,1.19e-07,64.67006999518802,64.67,0.25,0.305,1.607,8.39,0.35,True,True,PASS
fold1_room1_mix233,walk,caution,normal,3,0.2099,2.28e-07,49.440710058905644,49.44,0.297,0.318,1.572,7.89,0.48,True,True,PASS
fold1_room1_mix234,walk,caution,normal,2,0.0078,1.77e-07,60.36064995000834,60.36,0.308,0.433,2.631,6.82,0.29,True,True,PASS
fold1_room1_mix235,static,safe,normal,1,0.0004,1.19e-07,46.71716124511157,46.72,0.22,0.211,11.683,6.79,0.98,True,True,PASS
fold1_room1_mix236,walk,safe,normal,3,0.0295,1.77e-07,51.19016253413991,51.19,0.305,0.276,9.992,7.23,0.99,True,True,PASS
fold1_room1_mix237,walk,caution,normal,1,0.0023,1.19e-07,48.38102861492542,48.38,0.288,0.342,1.844,8.4,0.97,True,True,PASS
fold1_room1_mix238,walk,critical,normal,2,0.002,1.77e-07,40.261240698469194,40.26,0.301,0.309,1.112,7.55,0.98,True,True,PASS
fold1_room1_mix239,static,caution,normal,1,0.0021,1.19e-07,61.71607774127152,61.72,0.289,0.32,1.894,7.55,0.25,True,True,PASS
fold1_room1_mix240,static,caution,normal,1,0.0016,1.19e-07,59.54499547587797,59.54,0.285,0.317,2.836,6.68,0.25,True,True,PASS
fold1_room1_mix241,static,critical,normal,2,0.0079,1.76e-07,60.08480645659495,60.08,0.313,0.341,1.059,7.19,0.42,True,True,PASS
fold1_room1_mix242,walk,safe,normal,2,0.0017,1.77e-07,60.89086418194243,60.89,0.275,0.236,5.5,8.32,0.47,True,True,PASS
fold1_room1_mix243,static,safe,normal,1,0.0009,1.19e-07,62.4511149066545,62.45,0.18,0.25,12.198,7.31,0.22,True,True,PASS
fold1_room1_mix244,walk,safe,normal,2,0.0014,1.76e-07,42.13954214990102,42.14,0.28,0.312,6.241,8.54,0.97,True,True,PASS
fold1_room1_mix245,static,critical,normal,1,0.0048,1.19e-07,62.702189537184516,62.7,0.41,0.314,0.697,7.22,0.2,True,True,PASS
fold1_room1_mix246,static,critical,normal,3,0.0034,2.31e-07,48.82609331526734,48.83,0.317,0.278,0.684,6.0,0.82,True,True,PASS
fold1_room1_mix247,static,caution,normal,1,0.0014,1.19e-07,63.094432373983196,63.09,0.428,0.226,2.875,8.39,0.27,True,True,PASS
fold1_room1_mix248,static,safe,normal,2,0.0074,1.78e-07,51.14553174530711,51.15,0.278,0.321,14.58,8.53,0.86,True,True,PASS
fold1_room1_mix249,walk,safe,normal,1,0.0008,1.19e-07,42.0358832603648,42.04,0.26,0.332,9.858,6.2,0.98,True,True,PASS
fold1_room1_mix250,static,safe,normal,2,0.0016,1.75e-07,61.66890668995016,61.67,0.201,0.233,3.339,6.74,0.17,True,True,PASS
fold1_room1_mix251,walk,safe,normal,1,0.0007,1.19e-07,59.86954652826603,59.87,0.266,0.257,9.674,8.1,0.26,True,True,PASS
fold1_room1_mix252,static,critical,normal,1,0.0055,1.19e-07,49.01518371122187,49.02,0.253,0.313,0.971,8.05,0.99,True,True,PASS
fold1_room1_mix253,walk,safe,normal,2,0.0014,1.77e-07,48.72980142801646,48.73,0.246,0.266,5.208,6.87,0.98,True,True,PASS
fold1_room1_mix254,static,caution,normal,2,0.0483,1.77e-07,61.85825554662932,61.86,0.344,0.187,2.667,7.81,0.32,True,True,PASS
fold1_room1_mix255,walk,caution,normal,2,0.0893,1.78e-07,53.85238231737557,53.85,0.294,0.307,2.799,6.18,0.83,True,True,PASS
fold1_room1_mix256,static,safe,normal,1,0.0007,1.19e-07,45.620674588833495,45.62,0.249,0.273,9.073,7.56,0.97,True,True,PASS
fold1_room1_mix257,static,safe,normal,1,0.0011,1.19e-07,63.66309118013568,63.66,0.199,0.203,8.288,7.56,0.29,True,True,PASS
fold1_room1_mix258,static,safe,normal,2,0.0011,1.76e-07,40.28592761605034,40.29,0.27,0.434,10.372,7.49,0.99,True,True,PASS
fold1_room1_mix259,static,critical,normal,1,0.0023,1.19e-07,49.65921686896924,49.66,0.296,0.266,1.465,8.14,0.88,True,True,PASS
fold1_room1_mix260,static,safe,normal,3,0.0263,2.31e-07,51.893379317227655,51.89,0.333,0.247,5.161,7.45,0.99,True,True,PASS
fold1_room1_mix261,static,critical,normal,2,0.005,1.76e-07,43.534607918846,43.53,0.411,0.266,0.672,6.32,0.98,True,True,PASS
fold1_room1_mix262,walk,critical,normal,2,0.0041,1.77e-07,60.24173067162582,60.24,0.322,0.289,0.729,8.32,0.34,True,True,PASS
fold1_room1_mix263,static,caution,normal,2,0.0025,1.77e-07,54.249818799966576,54.25,0.269,0.253,2.526,7.68,0.71,True,True,PASS
fold1_room1_mix264,walk,caution,normal,1,0.0015,1.19e-07,54.53949639151111,54.54,0.285,0.325,2.611,6.07,0.3,True,True,PASS
fold1_room1_mix265,static,safe,normal,2,0.0013,1.78e-07,64.70950536255543,64.71,0.238,0.195,7.251,6.68,0.16,True,True,PASS
fold1_room1_mix266,static,critical,normal,2,0.0039,1.75e-07,45.56281889682462,45.56,0.304,0.279,1.242,7.45,0.99,True,True,PASS
fold1_room1_mix267,static,safe,normal,3,0.0453,2.29e-07,50.2872314804609,50.29,0.292,0.338,5.41,8.44,0.98,True,True,PASS
fold1_room1_mix268,walk,caution,normal,1,0.0023,1.19e-07,45.05809713100528,45.06,0.229,0.222,2.716,7.53,0.99,True,True,PASS
fold1_room1_mix269,walk,caution,normal,2,0.0022,1.78e-07,42.64931063397691,42.65,0.288,0.247,2.112,6.14,0.99,True,True,PASS
fold1_room1_mix270,walk,critical,normal,3,0.0158,2.30e-07,46.56996542596704,46.57,0.308,0.381,0.912,8.75,0.78,True,True,PASS
fold1_room1_mix271,walk,safe,normal,2,0.0623,1.76e-07,57.489306027313546,57.49,0.302,0.199,12.96,6.7,0.35,True,True,PASS
fold1_room1_mix272,walk,caution,normal,3,0.0024,2.28e-07,40.86478819226685,40.87,0.315,0.396,2.255,8.18,0.97,True,True,PASS
fold1_room1_mix273,walk,critical,normal,3,0.0057,2.30e-07,53.56577477933817,53.57,0.287,0.267,0.789,7.53,0.63,True,True,PASS
fold1_room1_mix274,walk,critical,normal,3,0.0322,2.31e-07,62.029470981429796,62.03,0.344,0.38,1.067,6.64,0.18,True,True,PASS
fold1_room1_mix275,static,safe,normal,2,0.0614,1.79e-07,53.492048952871116,53.49,0.262,0.233,5.994,7.47,0.98,True,True,PASS
fold1_room1_mix276,walk,safe,normal,3,0.0112,2.19e-07,55.27051085267914,55.27,0.34,0.339,5.495,8.84,0.35,True,True,PASS
fold1_room1_mix277,walk,safe,normal,3,0.002,2.25e-07,54.13341776477121,54.13,0.309,0.26,9.963,6.89,0.51,True,True,PASS
fold1_room1_mix278,walk,safe,normal,2,0.0529,1.77e-07,61.61913225321635,61.62,0.26,0.302,7.758,7.84,0.4,True,True,PASS
fold1_room1_mix279,walk,critical,normal,2,0.0105,1.78e-07,63.12308943818867,63.12,0.322,0.35,0.947,8.35,0.26,True,True,PASS
fold1_room1_mix280,static,critical,normal,3,0.0025,2.23e-07,50.3310800572151,50.33,0.3,0.282,1.174,8.26,0.55,True,True,PASS
fold1_room1_mix281,static,critical,normal,2,0.0041,1.76e-07,58.36863175882508,58.37,0.289,0.325,1.47,8.07,0.69,True,True,PASS
fold1_room1_mix282,static,caution,normal,3,0.0021,2.30e-07,47.15884983160748,47.16,0.346,0.38,2.915,6.82,0.97,True,True,PASS
fold1_room1_mix283,walk,critical,normal,1,0.0052,1.19e-07,63.01781736267928,63.02,0.255,0.264,0.966,6.96,0.56,True,True,PASS
fold1_room1_mix284,static,caution,normal,2,0.0309,1.78e-07,61.050039261735094,61.05,0.408,0.279,2.474,7.38,0.19,True,True,PASS
fold1_room1_mix285,static,critical,normal,2,0.0293,1.76e-07,55.81350500686898,55.81,0.296,0.284,1.279,8.08,0.53,True,True,PASS
fold1_room1_mix286,walk,safe,normal,2,0.0011,1.76e-07,56.829127374028594,56.83,0.277,0.294,6.548,7.02,0.49,True,True,PASS
fold1_room1_mix287,static,critical,normal,2,0.0338,1.76e-07,54.34264015557326,54.34,0.333,0.272,1.185,8.73,0.56,True,True,PASS
fold1_room1_mix288,static,safe,normal,3,0.0199,2.25e-07,59.98751534683288,59.99,0.39,0.318,6.511,7.22,0.65,True,True,PASS
fold1_room1_mix289,walk,safe,normal,1,0.0005,1.19e-07,42.15641825338076,42.16,0.26,0.29,13.953,8.74,0.99,True,True,PASS
fold1_room1_mix290,walk,critical,normal,2,0.0838,1.77e-07,41.17331697977698,41.17,0.682,0.317,1.256,8.37,0.99,True,True,PASS
fold1_room1_mix291,static,caution,normal,1,0.0026,1.19e-07,49.08906188562084,49.09,0.28,0.295,1.636,8.49,0.85,True,True,PASS
fold1_room1_mix292,walk,caution,normal,1,0.0019,1.19e-07,51.850368389565276,51.85,0.289,0.36,1.707,6.38,0.66,True,True,PASS
fold1_room1_mix293,walk,caution,normal,2,0.0586,1.78e-07,48.63269251032554,48.63,0.293,0.344,1.796,7.7,0.98,True,True,PASS
fold1_room1_mix294,walk,safe,normal,1,0.0007,1.19e-07,47.35508425914999,47.36,0.267,0.298,9.479,7.99,0.98,True,True,PASS
fold1_room1_mix295,static,caution,normal,2,0.0497,1.76e-07,49.20321400801444,49.2,0.276,0.317,2.584,7.29,0.97,True,True,PASS
fold1_room1_mix296,walk,safe,normal,3,0.0016,2.30e-07,45.831650810375265,45.83,0.29,0.296,13.107,8.33,0.97,True,True,PASS
fold1_room1_mix297,walk,caution,normal,2,0.003,1.78e-07,53.10921843279031,53.11,0.264,0.301,1.619,7.32,0.7,True,True,PASS
fold1_room1_mix298,walk,critical,normal,1,0.0055,1.19e-07,55.82038374924595,55.82,0.313,0.267,0.761,8.12,0.45,True,True,PASS
fold1_room1_mix299,walk,safe,normal,2,0.0021,1.76e-07,59.87242708701254,59.87,0.387,0.32,7.212,8.22,0.25,True,True,PASS
fold1_room1_mix300,static,critical,normal,2,0.0123,1.76e-07,59.98466638560764,59.98,0.363,0.229,0.819,7.3,0.36,True,True,PASS
fold1_room1_mix301,static,caution,normal,2,0.0787,1.77e-07,50.498898611528986,50.5,0.241,0.369,1.686,7.54,0.99,True,True,PASS
fold1_room1_mix302,static,safe,normal,3,0.0104,2.30e-07,40.324204675372506,40.32,0.285,0.315,12.205,7.54,0.97,True,True,PASS
fold1_room1_mix303,static,safe,normal,2,0.021,1.77e-07,64.31562897471707,64.32,0.201,0.456,14.704,8.94,0.1,True,True,PASS
fold1_room1_mix304,static,caution,normal,2,0.0078,1.76e-07,54.81611259300486,54.82,0.339,0.173,2.582,6.6,0.41,True,True,PASS
fold1_room1_mix305,static,caution,normal,2,0.0327,1.77e-07,58.18130764887291,58.18,0.292,0.254,2.11,7.75,0.28,True,True,PASS
fold1_room1_mix306,walk,critical,normal,2,0.0038,1.76e-07,61.18797171311884,61.19,0.267,0.266,1.261,8.39,0.42,True,True,PASS
fold1_room1_mix307,walk,safe,normal,2,0.0087,1.76e-07,45.4300849365398,45.43,0.261,0.298,14.41,6.69,0.98,True,True,PASS
fold1_room1_mix308,walk,safe,normal,2,0.0083,1.75e-07,40.86967207371999,40.87,0.342,0.216,11.792,8.06,0.97,True,True,PASS
fold1_room1_mix309,static,caution,normal,3,0.0276,2.34e-07,51.693467293525956,51.69,0.464,0.301,2.176,6.16,0.47,True,True,PASS
fold1_room1_mix310,walk,critical,normal,1,0.0026,1.19e-07,48.359349394519185,48.36,0.25,0.353,1.369,8.06,0.87,True,True,PASS
fold1_room1_mix311,walk,caution,normal,2,0.0045,1.77e-07,53.32926284863196,53.33,0.278,0.302,1.554,6.27,0.66,True,True,PASS
fold1_room1_mix312,walk,caution,normal,2,0.0022,1.77e-07,64.20989830486947,64.21,0.326,0.241,1.834,8.07,0.38,True,True,PASS
fold1_room1_mix313,walk,safe,normal,1,0.0013,1.19e-07,42.52653245440581,42.53,0.266,0.358,4.826,8.9,0.98,True,True,PASS
fold1_room1_mix314,static,critical,normal,3,0.0046,2.24e-07,45.847655961958885,45.85,0.326,0.318,0.608,7.07,0.98,True,True,PASS
fold1_room1_mix315,walk,caution,normal,3,0.0038,2.28e-07,57.40089344659606,57.4,0.31,0.43,1.859,8.27,0.51,True,True,PASS
fold1_room1_mix316,static,critical,normal,2,0.0041,1.77e-07,42.07652247781977,42.08,0.391,0.236,0.65,8.22,0.97,True,True,PASS
fold1_room1_mix317,walk,caution,normal,2,0.0229,1.76e-07,41.994816094437944,42.0,0.261,0.365,1.878,8.27,0.97,True,True,PASS
fold1_room1_mix318,walk,safe,normal,1,0.0006,1.19e-07,59.479561711164436,59.48,0.264,0.214,8.739,7.25,0.23,True,True,PASS
fold1_room1_mix319,static,safe,normal,1,0.0004,1.19e-07,42.35061765417686,42.35,0.255,0.263,14.039,6.76,0.97,True,True,PASS
fold1_room1_mix320,static,safe,normal,3,0.1373,1.82e-07,63.883012017104036,63.88,0.292,0.377,10.086,7.26,0.0,True,True,PASS
fold1_room1_mix321,static,critical,normal,2,0.0327,1.76e-07,43.41834228158818,43.42,0.438,0.248,1.249,8.57,0.99,True,True,PASS
fold1_room1_mix322,static,caution,normal,1,0.0022,1.19e-07,59.57073266618292,59.57,0.303,0.296,2.037,7.24,0.26,True,True,PASS
fold1_room1_mix323,static,critical,normal,2,0.005,1.77e-07,53.04607966597547,53.05,0.356,0.358,1.179,6.82,0.68,True,True,PASS
fold1_room1_mix324,walk,critical,normal,1,0.0032,1.19e-07,40.21331378270088,40.21,0.262,0.276,0.93,7.47,0.98,True,True,PASS
fold1_room1_mix325,walk,safe,normal,1,0.0007,1.19e-07,54.76138978170892,54.76,0.214,0.241,10.815,8.39,0.42,True,True,PASS
fold1_room1_mix326,walk,critical,normal,2,0.0058,1.76e-07,64.67087963915466,64.67,0.397,0.337,0.692,8.17,0.2,True,True,PASS
fold1_room1_mix327,static,caution,normal,1,0.0035,1.19e-07,42.08923090596704,42.09,0.266,0.24,1.849,7.6,0.99,True,True,PASS
fold1_room1_mix328,walk,caution,normal,2,0.013,1.76e-07,54.4995095642061,54.5,0.292,0.266,1.591,7.59,0.49,True,True,PASS
fold1_room1_mix329,static,safe,normal,3,0.0132,2.23e-07,49.734909514312285,49.74,0.326,0.389,10.778,8.22,0.98,True,True,PASS
fold1_room1_mix330,static,safe,normal,2,0.0333,1.76e-07,62.96168046912911,62.96,0.301,0.383,12.76,6.76,0.11,True,True,PASS
fold1_room1_mix331,walk,caution,normal,2,0.0022,1.76e-07,51.42424907885434,51.42,0.283,0.386,2.379,6.17,0.91,True,True,PASS
fold1_room1_mix332,walk,safe,normal,1,0.0004,1.19e-07,55.35913403292598,55.36,0.223,0.127,14.915,8.84,0.27,True,True,PASS
fold1_room1_mix333,walk,caution,normal,2,0.006,1.76e-07,47.43551959836208,47.44,0.265,0.274,2.661,8.28,0.98,True,True,PASS
fold1_room1_mix334,walk,critical,normal,3,0.4019,2.35e-07,59.34793250971384,59.35,0.391,0.25,1.133,8.2,0.31,True,True,PASS
fold1_room1_mix335,static,critical,normal,3,0.0065,2.28e-07,42.59649165664659,42.6,0.263,0.401,0.999,7.04,0.99,True,True,PASS
fold1_room1_mix336,walk,safe,normal,1,0.0008,1.19e-07,61.166085248216895,61.17,0.291,0.24,9.612,6.72,0.3,True,True,PASS
fold1_room1_mix337,walk,safe,normal,2,0.0008,1.77e-07,50.661513359622354,50.66,0.298,0.277,11.466,8.01,0.96,True,True,PASS
fold1_room1_mix338,walk,caution,normal,3,0.0293,2.29e-07,51.92039037459828,51.92,0.346,0.377,2.806,6.63,0.76,True,True,PASS
fold1_room1_mix339,walk,caution,normal,2,0.012,1.76e-07,53.57560083339778,53.58,0.575,0.275,2.038,6.63,0.98,True,True,PASS
fold1_room1_mix340,static,caution,normal,2,0.0033,1.77e-07,49.12051246384468,49.12,0.343,0.307,1.674,6.22,0.97,True,True,PASS
fold1_room1_mix341,static,caution,normal,2,0.0053,1.77e-07,54.222847300286894,54.22,0.28,0.348,2.067,8.98,0.87,True,True,PASS
fold1_room1_mix342,static,caution,normal,2,0.0017,1.77e-07,51.20954265408446,51.21,0.271,0.345,2.678,7.73,0.5,True,True,PASS
fold1_room1_mix343,walk,safe,normal,1,0.001,1.19e-07,54.3022546736612,54.3,0.262,0.227,6.566,6.33,0.65,True,True,PASS
fold1_room1_mix344,walk,caution,normal,2,0.0171,1.77e-07,49.00197559373998,49.0,0.318,0.471,2.363,8.2,0.98,True,True,PASS
fold1_room1_mix345,static,safe,normal,1,0.0007,1.19e-07,53.78021803242843,53.78,0.267,0.276,8.602,7.2,0.52,True,True,PASS
fold1_room1_mix346,walk,caution,normal,2,0.9568,2.22e-07,62.22491728284284,62.22,0.291,0.291,2.225,6.21,0.42,True,True,PASS
fold1_room1_mix347,static,caution,normal,1,0.0026,1.19e-07,62.103037747059815,62.1,0.333,0.263,2.139,8.31,0.43,True,True,PASS
fold1_room1_mix348,walk,critical,normal,2,0.0509,1.76e-07,64.81247051095738,64.81,0.398,0.418,0.662,6.59,0.16,True,True,PASS
fold1_room1_mix349,static,caution,normal,2,0.0017,1.77e-07,53.6721529181236,53.67,0.321,0.21,1.842,8.69,0.36,True,True,PASS
fold1_room1_mix350,static,critical,normal,2,0.0023,1.76e-07,47.845646341617574,47.85,0.295,0.336,1.074,7.24,0.6,True,True,PASS
fold1_room1_mix351,walk,safe,normal,2,0.0013,1.77e-07,42.48291988405402,42.48,0.226,0.346,7.27,8.15,0.99,True,True,PASS
fold1_room1_mix352,walk,critical,normal,1,0.0027,1.19e-07,54.77021851609813,54.77,0.277,0.281,1.322,7.95,0.48,True,True,PASS
fold1_room1_mix353,static,caution,normal,2,0.0045,1.75e-07,45.50616595353297,45.51,0.278,0.263,2.715,8.74,0.97,True,True,PASS
fold1_room1_mix354,static,caution,normal,1,0.0021,1.19e-07,43.15494408078941,43.16,0.263,0.286,2.483,6.71,0.99,True,True,PASS
fold1_room1_mix355,static,critical,normal,2,0.0113,1.76e-07,58.73765996177049,58.74,0.353,0.325,1.011,8.29,0.35,True,True,PASS
fold1_room1_mix356,static,caution,normal,2,0.047,1.76e-07,63.482415074677256,63.48,0.281,0.265,2.484,7.34,0.5,True,True,PASS
fold1_room1_mix357,walk,caution,normal,2,0.0102,1.76e-07,57.745496019795276,57.75,0.385,0.232,1.908,8.61,0.43,True,True,PASS
fold1_room1_mix358,walk,caution,normal,1,0.0021,1.19e-07,53.40162481486645,53.4,0.312,0.276,2.639,8.94,0.46,True,True,PASS
fold1_room1_mix359,static,caution,normal,2,0.0423,1.76e-07,63.00644021929931,63.01,0.257,0.297,2.98,6.77,0.42,True,True,PASS
fold1_room1_mix360,static,safe,normal,1,0.0008,1.19e-07,49.42505245590593,49.43,0.279,0.323,9.875,6.98,0.99,True,True,PASS
fold1_room1_mix361,static,safe,normal,2,0.0013,1.78e-07,47.832947903740546,47.83,0.275,0.281,5.901,7.41,0.98,True,True,PASS
fold1_room1_mix362,walk,safe,normal,2,0.0063,1.75e-07,50.86927458554332,50.87,0.298,0.236,5.285,8.88,0.39,True,True,PASS
fold1_room1_mix363,walk,caution,normal,2,0.0037,1.77e-07,51.6913983236903,51.69,0.351,0.321,1.916,6.66,0.98,True,True,PASS
fold1_room1_mix364,walk,caution,normal,1,0.0025,1.19e-07,51.57056339827834,51.57,0.26,0.33,2.909,6.91,0.96,True,True,PASS
fold1_room1_mix365,walk,critical,normal,2,0.0023,1.77e-07,55.41408270768994,55.41,0.254,0.285,1.255,7.96,0.4,True,True,PASS
fold1_room1_mix366,walk,critical,normal,1,0.003,1.19e-07,40.9123929148988,40.91,0.232,0.215,1.131,8.41,0.99,True,True,PASS
fold1_room1_mix367,walk,safe,normal,2,0.0043,1.76e-07,42.6241319179128,42.62,0.303,0.332,12.25,8.31,0.97,True,True,PASS
fold1_room1_mix368,static,critical,normal,1,0.004,1.19e-07,56.776576718463176,56.78,0.259,0.229,0.985,6.87,0.8,True,True,PASS
fold1_room1_mix369,static,critical,normal,1,0.004,1.19e-07,43.618397704496594,43.62,0.295,0.302,0.632,6.19,0.98,True,True,PASS
fold1_room1_mix370,walk,caution,normal,3,0.0529,2.24e-07,60.532371472950715,60.53,0.494,0.301,2.555,7.21,0.42,True,True,PASS
fold1_room1_mix371,walk,caution,normal,2,0.0018,1.77e-07,40.809178003414736,40.81,0.263,0.34,1.867,8.98,0.98,True,True,PASS
fold1_room1_mix372,walk,safe,normal,2,0.0259,1.76e-07,54.40543766146175,54.41,0.254,0.294,5.864,6.73,0.71,True,True,PASS
fold1_room1_mix373,walk,critical,normal,2,0.0489,1.77e-07,55.4194450499799,55.42,0.44,0.262,1.305,7.13,0.37,True,True,PASS
fold1_room1_mix374,walk,caution,normal,1,0.0028,1.19e-07,45.87762218962198,45.88,0.245,0.29,2.006,7.22,0.98,True,True,PASS
fold1_room1_mix375,static,caution,normal,1,0.0018,1.19e-07,47.895602910847764,47.9,0.295,0.316,2.052,6.71,0.97,True,True,PASS
fold1_room1_mix376,static,safe,normal,1,0.001,1.19e-07,55.574382711059386,55.57,0.26,0.261,7.198,8.25,0.43,True,True,PASS
fold1_room1_mix377,static,critical,normal,1,0.0038,1.19e-07,46.49241047276006,46.49,0.283,0.249,0.852,8.35,0.76,True,True,PASS
fold1_room1_mix378,walk,safe,normal,1,0.0006,1.19e-07,40.737906370706995,40.74,0.232,0.286,9.617,7.58,0.97,True,True,PASS
fold1_room1_mix379,static,caution,normal,2,0.0024,1.77e-07,43.839916024839525,43.84,0.267,0.325,2.5,7.48,0.98,True,True,PASS
fold1_room1_mix380,static,caution,normal,3,0.0334,2.28e-07,42.078163494212134,42.08,0.428,0.277,2.141,7.83,0.97,True,True,PASS
fold1_room1_mix381,walk,critical,normal,2,0.0041,1.77e-07,45.42374837927986,45.42,0.314,0.324,1.138,8.23,0.96,True,True,PASS
fold1_room1_mix382,static,caution,normal,1,0.0025,1.19e-07,57.493208638828946,57.49,0.358,0.187,1.94,7.53,0.36,True,True,PASS
fold1_room1_mix383,static,critical,normal,1,0.0027,1.19e-07,54.07949940938994,54.08,0.302,0.264,1.266,8.3,0.35,True,True,PASS
fold1_room1_mix384,walk,critical,normal,2,0.0034,1.78e-07,50.97108128605997,50.97,0.28,0.305,0.854,7.03,0.7,True,True,PASS
fold1_room1_mix385,walk,critical,normal,2,0.1063,1.82e-07,48.07554629399418,48.08,0.243,0.243,1.31,8.91,0.9,True,True,PASS
fold1_room1_mix386,static,critical,normal,3,0.1064,2.29e-07,57.79094341276327,57.79,0.313,0.269,0.613,6.82,0.68,True,True,PASS
fold1_room1_mix387,walk,caution,normal,3,0.0047,2.18e-07,60.90935923945432,60.91,0.342,0.337,2.211,7.44,0.28,True,True,PASS
fold1_room1_mix388,walk,critical,normal,3,0.0034,2.30e-07,40.57635426884379,40.58,0.324,0.384,1.077,8.82,0.98,True,True,PASS
fold1_room1_mix389,static,critical,normal,2,0.0185,1.76e-07,55.132535216614315,55.13,0.284,0.364,1.371,8.83,0.64,True,True,PASS
fold1_room1_mix390,static,critical,normal,2,0.0043,1.75e-07,51.506529588168924,51.51,0.392,0.212,1.211,7.36,0.98,True,True,PASS
fold1_room1_mix391,walk,caution,normal,2,0.0019,1.75e-07,54.489630899618454,54.49,0.295,0.242,2.647,7.41,0.88,True,True,PASS
fold1_room1_mix392,static,caution,normal,1,0.0027,1.19e-07,58.454551489852705,58.45,0.343,0.178,1.674,7.71,0.33,True,True,PASS
fold1_room1_mix393,static,critical,normal,2,0.0047,1.78e-07,51.60638876902611,51.61,0.369,0.32,1.229,8.02,0.66,True,True,PASS
fold1_room1_mix394,static,critical,normal,2,0.0101,1.77e-07,51.089826817056085,51.09,0.269,0.292,0.827,7.8,0.98,True,True,PASS
fold1_room1_mix395,walk,critical,normal,2,0.0093,1.77e-07,58.12474603001144,58.12,0.286,0.254,0.656,7.82,0.39,True,True,PASS
fold1_room1_mix396,static,caution,normal,2,0.0092,1.75e-07,49.95598631015394,49.96,0.278,0.314,2.129,6.69,0.94,True,True,PASS
fold1_room1_mix397,walk,critical,normal,1,0.002,1.19e-07,41.58766861584791,41.59,0.272,0.247,1.443,7.66,0.99,True,True,PASS
fold1_room1_mix398,static,critical,normal,1,0.0038,1.19e-07,50.96360395290337,50.96,0.301,0.324,1.207,7.3,0.75,True,True,PASS
fold1_room1_mix399,static,critical,normal,2,0.1277,1.78e-07,64.63329400273865,64.63,0.286,0.317,0.69,8.15,0.29,True,True,PASS
fold1_room1_mix400,walk,caution,normal,2,0.0338,1.76e-07,56.366151401679375,56.37,0.348,0.287,2.766,7.92,0.32,True,True,PASS
fold1_room1_mix401,walk,safe,normal,2,0.0015,1.75e-07,48.681915934097255,48.68,0.346,0.346,8.874,7.41,0.75,True,True,PASS
fold1_room1_mix402,walk,critical,normal,3,0.0709,2.29e-07,51.98699020010724,51.99,0.313,0.35,1.232,6.31,0.61,True,True,PASS
fold1_room1_mix403,static,safe,normal,3,0.0027,2.27e-07,44.9585076974674,44.96,0.396,0.384,8.713,6.17,0.97,True,True,PASS
fold1_room1_mix404,static,critical,normal,1,0.0047,1.19e-07,59.452418174226196,59.45,0.286,0.273,1.014,8.33,0.57,True,True,PASS
fold1_room1_mix405,static,critical,normal,2,0.0042,1.76e-07,64.0804668606498,64.08,0.378,0.279,1.053,8.57,0.33,True,True,PASS
fold1_room1_mix406,walk,safe,normal,2,0.0008,1.77e-07,56.91796168265283,56.92,0.258,0.285,8.653,7.49,0.43,True,True,PASS
fold1_room1_mix407,walk,caution,normal,2,0.0042,1.77e-07,52.856605000903066,52.86,0.298,0.279,1.982,7.4,0.91,True,True,PASS
fold1_room1_mix408,walk,critical,normal,2,0.0074,1.76e-07,62.686920776156626,62.69,0.342,0.265,0.642,8.31,0.35,True,True,PASS
fold1_room1_mix409,static,caution,normal,2,0.0054,1.77e-07,47.079054380180644,47.08,0.241,0.294,2.78,7.42,0.97,True,True,PASS
fold1_room1_mix410,walk,caution,normal,2,0.0026,1.78e-07,46.810639481969524,46.81,0.265,0.307,2.905,7.08,0.98,True,True,PASS
fold1_room1_mix411,walk,caution,normal,3,0.124,2.33e-07,58.479247567255904,58.48,0.366,0.271,2.746,7.18,0.74,True,True,PASS
fold1_room1_mix412,static,safe,normal,2,0.0012,1.76e-07,43.99002394694668,43.99,0.338,0.329,7.836,7.34,0.98,True,True,PASS
fold1_room1_mix413,walk,caution,normal,2,0.0106,1.75e-07,46.189244772399974,46.19,0.297,0.303,2.907,6.02,0.95,True,True,PASS
fold1_room1_mix414,walk,caution,normal,1,0.0018,1.19e-07,63.1689284074367,63.17,0.404,0.207,2.118,6.1,0.12,True,True,PASS
fold1_room1_mix415,walk,caution,normal,1,0.0015,1.19e-07,64.583660755861,64.58,0.582,0.274,2.362,6.27,0.13,True,True,PASS
fold1_room1_mix416,static,caution,normal,2,0.0206,1.76e-07,59.632342980522864,59.63,0.275,0.443,2.296,8.87,0.27,True,True,PASS
fold1_room1_mix417,walk,critical,normal,1,0.0048,1.19e-07,62.9985405591762,63.0,0.296,0.268,1.055,8.97,0.4,True,True,PASS
fold1_room1_mix418,static,caution,normal,2,0.0024,1.78e-07,45.03296940162616,45.03,0.298,0.286,2.811,6.89,0.98,True,True,PASS
fold1_room1_mix419,walk,caution,normal,1,0.0026,1.19e-07,58.49415481374113,58.49,0.324,0.194,2.239,7.68,0.4,True,True,PASS
fold1_room1_mix420,static,critical,normal,2,0.0034,1.76e-07,53.4374198788579,53.44,0.305,0.326,1.271,6.51,0.64,True,True,PASS
fold1_room1_mix421,walk,critical,normal,2,0.0281,1.76e-07,49.95561417006314,49.96,0.304,0.347,1.081,6.05,0.96,True,True,PASS
fold1_room1_mix422,walk,safe,normal,2,0.0008,1.78e-07,53.950304098889696,53.95,0.291,0.283,11.794,8.07,0.66,True,True,PASS
fold1_room1_mix423,walk,critical,normal,2,0.0043,1.78e-07,42.37319542712705,42.37,0.363,0.42,1.198,8.91,0.99,True,True,PASS
fold1_room1_mix424,walk,safe,normal,2,0.1191,1.77e-07,44.333540287449644,44.33,0.26,0.31,4.983,8.54,0.95,True,True,PASS
fold1_room1_mix425,walk,safe,normal,3,0.1063,2.32e-07,43.13936729387499,43.14,0.291,0.295,4.005,8.22,0.99,True,True,PASS
fold1_room1_mix426,static,safe,normal,1,0.0007,1.19e-07,59.87938698651323,59.88,0.163,0.311,8.89,8.36,0.35,True,True,PASS
fold1_room1_mix427,static,safe,normal,2,0.0016,1.77e-07,44.419332387289124,44.42,0.309,0.318,13.27,7.6,0.97,True,True,PASS
fold1_room1_mix428,walk,safe,normal,2,0.0114,1.76e-07,59.50439887690686,59.5,0.203,0.234,3.731,8.21,0.38,True,True,PASS
fold1_room1_mix429,static,caution,normal,3,0.0334,2.28e-07,54.27321485486904,54.27,0.359,0.245,2.541,8.78,0.63,True,True,PASS
fold1_room1_mix430,static,safe,normal,2,0.011,1.76e-07,56.094896880010324,56.09,0.24,0.255,14.377,8.72,0.51,True,True,PASS
fold1_room1_mix431,walk,safe,normal,3,0.0289,2.31e-07,50.16963393109446,50.17,0.431,0.355,5.965,8.63,0.97,True,True,PASS
fold1_room1_mix432,static,caution,normal,2,0.0223,1.76e-07,62.48605045948254,62.49,0.308,0.299,1.66,6.29,0.34,True,True,PASS
fold1_room1_mix433,static,critical,normal,3,0.2155,2.38e-07,49.00148103555877,49.0,0.307,0.28,1.399,7.47,0.64,True,True,PASS
fold1_room1_mix434,walk,critical,normal,2,0.0026,1.77e-07,60.36997599133197,60.37,0.361,0.278,1.315,8.7,0.25,True,True,PASS
fold1_room1_mix435,static,caution,normal,2,0.0175,1.77e-07,52.81605670372903,52.82,0.426,0.313,2.166,8.31,0.62,True,True,PASS
fold1_room1_mix436,walk,safe,normal,2,0.0005,1.78e-07,48.79233204928077,48.79,0.269,0.322,12.612,6.48,0.98,True,True,PASS
fold1_room1_mix437,static,safe,normal,1,0.0009,1.19e-07,45.8693446618881,45.87,0.247,0.272,11.918,7.94,0.99,True,True,PASS
fold1_room1_mix438,static,safe,normal,1,0.0008,1.19e-07,50.26955171483335,50.27,0.25,0.272,8.764,8.83,0.98,True,True,PASS
fold1_room1_mix439,walk,caution,normal,1,0.0026,1.19e-07,53.79862801673558,53.8,0.283,0.234,1.661,6.92,0.58,True,True,PASS
fold1_room1_mix440,static,caution,normal,2,0.0209,1.76e-07,63.64854207992874,63.65,0.341,0.266,2.939,6.31,0.18,True,True,PASS
fold1_room1_mix441,static,safe,normal,2,0.0138,1.77e-07,48.49720431577029,48.5,0.312,0.32,3.974,8.09,0.98,True,True,PASS
fold1_room1_mix442,static,critical,normal,2,0.0503,1.78e-07,58.87490378156232,58.87,0.347,0.32,1.07,6.32,0.48,True,True,PASS
fold1_room1_mix443,static,caution,normal,2,0.003,1.77e-07,62.05189015143203,62.05,0.39,0.302,1.852,8.9,0.31,True,True,PASS
fold1_room1_mix444,static,critical,normal,2,0.004,1.77e-07,49.803767293501316,49.8,0.478,0.442,1.313,8.64,0.98,True,True,PASS
fold1_room1_mix445,walk,caution,normal,1,0.0014,1.19e-07,61.61258223290095,61.61,0.362,0.244,2.853,8.17,0.24,True,True,PASS
fold1_room1_mix446,static,safe,normal,2,0.0145,1.77e-07,59.08709941729968,59.09,0.266,0.347,3.843,6.65,0.6,True,True,PASS
fold1_room1_mix447,walk,critical,normal,1,0.0059,1.19e-07,48.10525796924197,48.11,0.291,0.324,0.797,7.79,0.98,True,True,PASS
fold1_room1_mix448,static,critical,normal,2,0.0068,1.77e-07,49.6365051353792,49.64,0.445,0.353,0.8,8.89,0.86,True,True,PASS
fold1_room1_mix449,walk,caution,normal,2,0.0027,1.78e-07,54.29339707189885,54.29,0.254,0.294,2.942,6.56,0.99,True,True,PASS
fold1_room1_mix450,static,safe,normal,2,0.0408,1.76e-07,44.22255120767116,44.22,0.278,0.309,10.317,6.38,0.99,True,True,PASS
fold1_room1_mix451,static,critical,normal,2,0.0029,1.78e-07,58.917652187231525,58.92,0.318,0.263,1.374,8.06,0.42,True,True,PASS
fold1_room1_mix452,walk,caution,normal,1,0.0014,1.19e-07,55.56551478007795,55.57,0.277,0.249,2.644,6.89,0.6,True,True,PASS
fold1_room1_mix453,static,safe,normal,2,0.0016,1.77e-07,46.15887936115483,46.16,0.276,0.314,7.495,8.4,0.99,True,True,PASS
fold1_room1_mix454,static,safe,normal,1,0.0015,1.19e-07,60.14172606276563,60.14,0.262,0.219,8.397,6.75,0.4,True,True,PASS
fold1_room1_mix455,walk,safe,normal,2,0.0554,1.78e-07,56.0210537121145,56.02,0.247,0.283,14.125,7.11,0.74,True,True,PASS
fold1_room1_mix456,static,caution,normal,3,0.0095,2.26e-07,58.22938532242801,58.23,0.282,0.341,2.901,6.79,0.5,True,True,PASS
fold1_room1_mix457,static,caution,normal,1,0.0022,1.19e-07,57.1772168511514,57.18,0.249,0.243,2.787,6.81,0.74,True,True,PASS
fold1_room1_mix458,walk,safe,normal,2,0.0007,1.77e-07,44.405655244970156,44.41,0.274,0.308,8.064,7.87,0.98,True,True,PASS
fold1_room1_mix459,walk,safe,normal,2,0.0006,1.78e-07,49.276817077081,49.28,0.263,0.322,14.694,7.57,0.98,True,True,PASS
fold1_room1_mix460,static,safe,normal,2,0.002,1.76e-07,50.91963117182402,50.92,0.331,0.346,3.58,8.38,0.64,True,True,PASS
fold1_room1_mix461,walk,critical,normal,3,0.0036,2.25e-07,57.81095637622866,57.81,0.313,0.325,1.183,7.87,0.4,True,True,PASS
fold1_room1_mix462,static,caution,normal,3,0.003,2.30e-07,45.43907999624139,45.44,0.394,0.409,2.088,6.61,0.99,True,True,PASS
fold1_room1_mix463,static,caution,normal,2,0.0419,1.78e-07,50.690812458780904,50.69,0.319,0.335,2.499,8.44,0.58,True,True,PASS
fold1_room1_mix464,walk,critical,normal,1,0.0043,1.19e-07,46.78085667849174,46.78,0.356,0.285,0.622,7.77,0.95,True,True,PASS
fold1_room1_mix465,static,safe,normal,2,0.0012,1.78e-07,50.25540220940454,50.26,0.399,0.272,14.148,8.38,0.57,True,True,PASS
fold1_room1_mix466,static,safe,normal,2,0.0009,1.76e-07,50.60436139683594,50.6,0.333,0.353,9.631,7.68,0.51,True,True,PASS
fold1_room1_mix467,static,safe,normal,1,0.0004,1.19e-07,50.45309178490312,50.45,0.211,0.229,11.437,8.92,0.43,True,True,PASS
fold1_room1_mix468,walk,critical,normal,1,0.0033,1.19e-07,50.994615092247166,50.99,0.239,0.268,1.048,8.44,0.73,True,True,PASS
fold1_room1_mix469,static,safe,normal,2,0.0197,1.78e-07,58.61311518863159,58.61,0.265,0.278,7.708,8.93,0.42,True,True,PASS
fold1_room1_mix470,static,critical,normal,2,0.0216,1.76e-07,42.03497482138751,42.04,0.305,0.327,0.97,6.99,0.98,True,True,PASS
fold1_room1_mix471,walk,safe,normal,1,0.0006,1.19e-07,57.35683964599387,57.36,0.261,0.193,12.728,8.16,0.43,True,True,PASS
fold1_room1_mix472,static,critical,normal,2,0.0381,1.77e-07,54.949839359102846,54.95,0.325,0.263,1.32,7.75,0.78,True,True,PASS
fold1_room1_mix473,walk,safe,normal,2,0.0022,1.75e-07,41.15583296909727,41.16,0.241,0.328,11.363,8.79,0.97,True,True,PASS
fold1_room1_mix474,static,safe,normal,2,0.0009,1.76e-07,43.87452201572155,43.87,0.242,0.246,7.85,7.53,0.99,True,True,PASS
fold1_room1_mix475,static,caution,normal,1,0.0027,1.19e-07,44.203676037961735,44.2,0.258,0.309,2.746,7.28,0.98,True,True,PASS
fold1_room1_mix476,static,safe,normal,2,0.0013,1.78e-07,45.67248176640547,45.67,0.369,0.308,14.815,6.55,0.99,True,True,PASS
fold1_room1_mix477,static,critical,normal,1,0.0027,1.19e-07,48.107313883866524,48.11,0.269,0.328,1.092,6.98,0.79,True,True,PASS
fold1_room1_mix478,walk,safe,normal,2,0.0137,1.77e-07,49.876337153672864,49.88,0.27,0.276,13.954,6.48,0.99,True,True,PASS
fold1_room1_mix479,walk,caution,normal,2,0.0028,1.77e-07,50.06316445342789,50.06,0.279,0.309,2.711,8.1,0.98,True,True,PASS
fold1_room1_mix480,static,caution,normal,1,0.0014,1.19e-07,45.72175658700726,45.72,0.25,0.264,2.695,8.56,0.98,True,True,PASS
fold1_room1_mix481,walk,caution,normal,2,0.0056,1.75e-07,50.7868535211604,50.79,0.277,0.224,2.813,7.98,0.49,True,True,PASS
fold1_room1_mix482,static,caution,normal,2,0.0028,1.78e-07,55.61393249770139,55.61,0.34,0.227,2.212,8.87,0.43,True,True,PASS
fold1_room1_mix483,walk,caution,normal,3,0.0279,2.33e-07,59.20890391504874,59.21,0.345,0.26,2.394,8.4,0.19,True,True,PASS
fold1_room1_mix484,static,critical,normal,1,0.0041,1.19e-07,40.403871942637494,40.4,0.238,0.354,1.175,7.41,0.98,True,True,PASS
fold1_room1_mix485,walk,critical,normal,2,0.0045,1.77e-07,46.64866196637587,46.65,0.294,0.385,0.747,8.84,0.96,True,True,PASS
fold1_room1_mix486,walk,safe,normal,2,0.0011,1.78e-07,43.90454074142412,43.9,0.28,0.27,4.265,6.36,0.98,True,True,PASS
fold1_room1_mix487,walk,safe,normal,2,0.0058,1.77e-07,48.99160620778122,48.99,0.271,0.353,3.446,6.1,0.98,True,True,PASS
fold1_room1_mix488,walk,critical,normal,2,0.0324,1.77e-07,61.71260696865246,61.71,0.397,0.308,0.948,6.85,0.24,True,True,PASS
fold1_room1_mix489,static,critical,normal,1,0.0046,1.19e-07,61.43084018367178,61.43,0.327,0.256,1.261,8.5,0.42,True,True,PASS
fold1_room1_mix490,static,safe,normal,2,0.0012,1.75e-07,43.42525519181647,43.43,0.309,0.37,8.674,7.92,0.99,True,True,PASS
fold1_room1_mix491,walk,safe,normal,1,0.0012,1.19e-07,44.822748805372214,44.82,0.237,0.233,3.536,6.32,0.99,True,True,PASS
fold1_room1_mix492,static,caution,normal,2,0.0061,1.77e-07,62.26651549512227,62.27,0.27,0.223,1.775,7.36,0.52,True,True,PASS
fold1_room1_mix493,static,safe,normal,2,0.0019,1.78e-07,42.38687372652325,42.39,0.256,0.308,4.37,6.76,0.99,True,True,PASS
fold1_room1_mix494,static,critical,normal,2,0.0039,1.77e-07,51.78604560577802,51.79,0.29,0.275,1.293,8.88,0.57,True,True,PASS
fold1_room1_mix495,static,safe,normal,1,0.0008,1.19e-07,59.0786643133258,59.08,0.219,0.268,8.109,8.12,0.39,True,True,PASS
fold1_room1_mix496,static,critical,normal,3,0.0094,2.29e-07,42.19573872982255,42.2,0.264,0.295,1.007,6.77,0.98,True,True,PASS
fold1_room1_mix497,static,safe,normal,3,0.0109,2.28e-07,45.78368900545465,45.78,0.359,0.375,11.323,8.42,0.98,True,True,PASS
fold1_room1_mix498,static,critical,normal,2,0.0041,1.76e-07,58.72234125131838,58.72,0.317,0.469,1.488,8.92,0.3,True,True,PASS
fold1_room1_mix499,static,caution,normal,1,0.0023,1.19e-07,63.07857245668306,63.08,0.235,0.28,2.123,7.73,0.39,True,True,PASS
fold1_room1_mix500,static,caution,normal,3,0.0532,2.22e-07,58.71572361320583,58.72,0.378,0.227,1.878,7.71,0.27,True,True,PASS
fold1_room1_mix501,walk,caution,normal,2,0.038,1.76e-07,63.76779696638094,63.77,0.404,0.336,1.948,8.64,0.62,True,True,PASS
fold1_room1_mix502,static,safe,normal,2,0.0004,1.75e-07,50.126183671046704,50.13,0.269,0.288,11.37,7.2,0.71,True,True,PASS
fold1_room1_mix503,walk,critical,normal,1,0.0031,1.19e-07,48.75011260755379,48.75,0.278,0.21,0.955,7.94,0.99,True,True,PASS
fold1_room1_mix504,static,caution,normal,2,0.0026,1.76e-07,63.300541521561215,63.3,0.323,0.231,2.723,7.76,0.27,True,True,PASS
fold1_room1_mix505,static,safe,normal,2,0.0025,1.75e-07,44.23427880257023,44.23,0.282,0.322,6.976,7.13,0.97,True,True,PASS
fold1_room1_mix506,static,safe,normal,2,0.0006,1.78e-07,48.525802583460674,48.53,0.277,0.42,12.143,7.72,0.84,True,True,PASS
fold1_room1_mix507,static,safe,normal,2,0.0088,1.75e-07,47.63566347709491,47.64,0.284,0.356,11.588,8.5,0.74,True,True,PASS
fold1_room1_mix508,static,critical,normal,3,0.0254,2.27e-07,53.87368097044997,53.87,0.353,0.467,0.872,7.31,0.57,True,True,PASS
fold1_room1_mix509,walk,caution,normal,1,0.0031,1.19e-07,49.69509231667888,49.7,0.225,0.289,2.355,6.95,0.98,True,True,PASS
fold1_room1_mix510,static,safe,normal,1,0.0011,1.19e-07,46.41370372943904,46.41,0.266,0.334,4.632,8.6,0.97,True,True,PASS
fold1_room1_mix511,static,safe,normal,2,0.0009,1.75e-07,53.19135328800659,53.19,0.277,0.31,8.292,6.63,0.57,True,True,PASS
fold1_room1_mix512,static,safe,normal,2,0.042,1.76e-07,54.05505158202257,54.06,0.291,0.247,14.696,8.98,0.31,True,True,PASS
fold1_room1_mix513,walk,safe,normal,3,0.0335,2.28e-07,63.262949260413826,63.26,0.383,0.193,14.568,6.34,0.0,True,True,PASS
fold1_room1_mix514,static,safe,normal,2,0.0008,1.77e-07,55.83953416747703,55.84,0.353,0.294,11.426,8.49,0.43,True,True,PASS
fold1_room1_mix515,walk,caution,normal,2,0.0017,1.76e-07,41.15040597523468,41.15,0.259,0.312,2.831,6.64,0.99,True,True,PASS
fold1_room1_mix516,static,safe,normal,2,0.0616,1.76e-07,55.877228047869274,55.88,0.266,0.332,12.059,6.96,0.49,True,True,PASS
fold1_room1_mix517,static,caution,normal,2,0.0026,1.77e-07,54.71945308512768,54.72,0.265,0.26,2.658,7.05,0.74,True,True,PASS
fold1_room1_mix518,walk,critical,normal,3,0.0105,2.29e-07,61.81060118049538,61.81,0.284,0.413,0.778,6.22,0.6,True,True,PASS
fold1_room1_mix519,static,safe,normal,3,0.1456,2.28e-07,64.37073061354843,64.37,0.267,0.339,3.412,8.53,0.17,True,True,PASS
fold1_room1_mix520,static,safe,normal,2,0.0008,1.77e-07,60.95848974687101,60.96,0.205,0.391,11.749,6.33,0.09,True,True,PASS
fold1_room1_mix521,walk,caution,normal,2,0.0033,1.77e-07,56.48818835424443,56.49,0.287,0.286,2.472,6.75,0.96,True,True,PASS
fold1_room1_mix522,static,critical,normal,2,0.0079,1.77e-07,53.65721667480941,53.66,0.385,0.324,0.903,7.59,0.98,True,True,PASS
fold1_room1_mix523,static,caution,normal,1,0.0017,1.19e-07,64.87425412239938,64.87,0.354,0.186,2.622,7.87,0.16,True,True,PASS
fold1_room1_mix524,walk,critical,normal,3,0.1657,2.32e-07,41.29184529115524,41.29,0.397,0.349,1.048,6.03,0.99,True,True,PASS
fold1_room1_mix525,walk,caution,normal,2,0.0023,1.77e-07,44.38742131431128,44.39,0.287,0.327,2.887,8.99,0.98,True,True,PASS
fold1_room1_mix526,static,safe,normal,1,0.0008,1.19e-07,45.91816081787495,45.92,0.281,0.337,10.559,8.52,0.96,True,True,PASS
fold1_room1_mix527,static,critical,normal,2,0.0288,1.74e-07,58.105975776623836,58.11,0.287,0.27,0.961,6.19,0.67,True,True,PASS
fold1_room1_mix528,static,caution,normal,3,0.0106,2.30e-07,44.12345368088253,44.12,0.282,0.364,1.979,7.29,0.97,True,True,PASS
fold1_room1_mix529,walk,safe,normal,3,0.002,2.31e-07,59.15446418120136,59.15,0.289,0.276,4.205,8.56,0.38,True,True,PASS
fold1_room1_mix530,static,critical,normal,1,0.0056,1.19e-07,47.22685775026264,47.23,0.33,0.307,0.612,6.1,0.98,True,True,PASS
fold1_room1_mix531,static,critical,normal,2,0.0254,1.78e-07,59.22780485246736,59.23,0.292,0.308,1.378,6.89,0.34,True,True,PASS
fold1_room1_mix532,walk,critical,normal,2,0.0058,1.76e-07,43.97773127385775,43.98,0.32,0.313,1.288,6.64,0.97,True,True,PASS
fold1_room1_mix533,static,critical,normal,3,0.0992,2.29e-07,62.98332981443467,62.98,0.304,0.347,1.068,8.97,0.38,True,True,PASS
fold1_room1_mix534,walk,critical,normal,3,0.0753,2.30e-07,45.2666397087305,45.27,0.323,0.349,0.726,8.54,0.97,True,True,PASS
fold1_room1_mix535,static,caution,normal,1,0.0018,1.19e-07,43.34454516624537,43.34,0.268,0.247,2.798,7.53,0.98,True,True,PASS
fold1_room1_mix536,static,caution,normal,1,0.0025,1.19e-07,55.692060347003135,55.69,0.275,0.241,1.673,7.48,0.56,True,True,PASS
fold1_room1_mix537,walk,safe,normal,1,0.0009,1.19e-07,49.32183168946261,49.32,0.265,0.355,7.759,8.12,0.98,True,True,PASS
fold1_room1_mix538,static,critical,normal,3,0.0025,2.32e-07,41.66562464487805,41.67,0.296,0.322,1.182,6.82,0.99,True,True,PASS
fold1_room1_mix539,static,caution,normal,1,0.0016,1.19e-07,49.943823653648295,49.94,0.311,0.257,2.014,7.26,0.47,True,True,PASS
fold1_room1_mix540,walk,safe,normal,2,0.0011,1.78e-07,47.66940586542377,47.67,0.305,0.41,5.291,8.69,0.69,True,True,PASS
fold1_room1_mix541,static,safe,normal,2,0.0011,1.78e-07,51.2692997308705,51.27,0.355,0.248,4.695,6.46,0.63,True,True,PASS
fold1_room1_mix542,static,safe,normal,3,0.0571,2.26e-07,64.21098357680793,64.21,0.404,0.269,4.058,7.0,0.24,True,True,PASS
fold1_room1_mix543,walk,caution,normal,2,0.0527,1.78e-07,55.64958124044275,55.65,0.271,0.25,1.905,8.02,0.57,True,True,PASS
fold1_room1_mix544,static,safe,normal,3,0.0993,2.21e-07,50.89141534971532,50.89,0.741,0.402,5.087,7.06,0.99,True,True,PASS
fold1_room1_mix545,walk,critical,normal,2,0.0175,1.76e-07,63.44317715026601,63.44,0.318,0.252,1.169,7.03,0.2,True,True,PASS
fold1_room1_mix546,walk,critical,normal,2,0.0568,1.77e-07,57.000503901575826,57.0,0.442,0.233,0.718,8.43,0.43,True,True,PASS
fold1_room1_mix547,static,safe,normal,2,0.0049,1.77e-07,43.82311538668695,43.82,0.276,0.329,5.877,7.41,0.98,True,True,PASS
fold1_room1_mix548,walk,caution,normal,2,0.0164,1.76e-07,40.61243826712797,40.61,0.281,0.296,1.993,8.35,0.98,True,True,PASS
fold1_room1_mix549,walk,caution,normal,1,0.002,1.19e-07,48.907387614684325,48.91,0.288,0.25,1.992,6.33,0.98,True,True,PASS
fold1_room1_mix550,static,caution,normal,2,0.0026,1.78e-07,50.05507967475681,50.06,0.356,0.272,1.96,6.74,0.99,True,True,PASS
fold1_room1_mix551,static,caution,normal,1,0.0018,1.19e-07,50.346794071789745,50.35,0.269,0.216,2.31,6.19,0.81,True,True,PASS
fold1_room1_mix552,walk,critical,normal,2,0.0034,1.78e-07,48.99961777111715,49.0,0.271,0.31,1.366,7.38,0.98,True,True,PASS
fold1_room1_mix553,walk,caution,normal,3,0.0052,2.28e-07,43.66261748836893,43.66,0.251,0.367,2.773,6.28,0.98,True,True,PASS
fold1_room1_mix554,static,critical,normal,2,0.0059,1.75e-07,59.41552927700593,59.42,0.335,0.371,1.444,7.4,0.38,True,True,PASS
fold1_room1_mix555,walk,caution,normal,2,0.0031,1.78e-07,53.473296640325934,53.47,0.336,0.264,1.627,8.26,0.61,True,True,PASS
fold1_room1_mix556,static,caution,normal,2,0.0015,1.77e-07,64.64553266895022,64.65,0.331,0.231,2.853,8.13,0.25,True,True,PASS
fold1_room1_mix557,static,safe,normal,2,0.1349,1.81e-07,63.32488466462304,63.32,0.214,0.264,6.528,8.32,0.34,True,True,PASS
fold1_room1_mix558,walk,caution,normal,2,0.0021,1.77e-07,44.053592909469096,44.05,0.28,0.319,1.962,6.42,0.97,True,True,PASS
fold1_room1_mix559,static,critical,normal,2,0.0035,1.77e-07,42.14813290771871,42.15,0.241,0.336,1.378,8.74,0.98,True,True,PASS
fold1_room1_mix560,static,critical,normal,2,0.0033,1.76e-07,59.70547664178234,59.71,0.294,0.266,1.239,6.27,0.32,True,True,PASS
fold1_room1_mix561,static,caution,normal,1,0.0016,1.19e-07,41.09105210431835,41.09,0.271,0.331,2.496,8.77,0.98,True,True,PASS
fold1_room1_mix562,walk,critical,normal,2,0.022,1.78e-07,50.199811364780004,50.2,0.36,0.269,1.488,7.52,0.97,True,True,PASS
fold1_room1_mix563,walk,critical,normal,2,0.0285,1.75e-07,42.783006795377,42.78,0.291,0.299,0.777,7.34,0.99,True,True,PASS
fold1_room1_mix564,walk,critical,normal,3,0.0066,2.08e-07,48.141320307455956,48.14,0.54,0.324,0.666,7.29,0.98,True,True,PASS
fold1_room1_mix565,static,caution,normal,3,0.0308,2.31e-07,58.54889182819643,58.55,0.356,0.368,2.288,6.6,0.77,True,True,PASS
fold1_room1_mix566,walk,caution,normal,1,0.0023,1.19e-07,51.04708961669971,51.05,0.251,0.241,2.8,6.1,0.99,True,True,PASS
fold1_room1_mix567,static,safe,normal,2,0.0043,1.76e-07,40.23710333361496,40.24,0.314,0.32,6.861,8.23,0.97,True,True,PASS
fold1_room1_mix568,static,caution,normal,2,0.0056,1.75e-07,51.606960395268025,51.61,0.247,0.328,2.028,6.59,0.76,True,True,PASS
fold1_room1_mix569,walk,caution,normal,3,0.0015,2.29e-07,64.36519133895986,64.37,0.422,0.254,2.46,6.1,0.35,True,True,PASS
fold1_room1_mix570,static,safe,normal,2,0.001,1.75e-07,51.10236330976008,51.1,0.235,0.34,5.217,6.1,0.41,True,True,PASS
fold1_room1_mix571,static,caution,normal,2,0.003,1.76e-07,53.91149684934887,53.91,0.377,0.237,1.724,7.15,0.77,True,True,PASS
fold1_room1_mix572,walk,critical,normal,2,0.0068,1.76e-07,55.55227114325628,55.55,0.301,0.278,1.142,8.57,0.46,True,True,PASS
fold1_room1_mix573,walk,critical,normal,1,0.0038,1.19e-07,57.967604130283256,57.97,0.323,0.29,0.72,7.79,0.52,True,True,PASS
fold1_room1_mix574,static,caution,normal,2,0.0029,1.78e-07,53.87209127659191,53.87,0.296,0.307,1.741,8.84,0.43,True,True,PASS
fold1_room1_mix575,static,critical,normal,2,0.0153,1.76e-07,51.32599419377465,51.33,0.253,0.391,1.363,6.59,0.99,True,True,PASS
fold1_room1_mix576,static,caution,normal,2,0.0139,1.78e-07,49.12932698424875,49.13,0.299,0.364,1.868,8.07,0.98,True,True,PASS
fold1_room1_mix577,walk,critical,normal,1,0.0047,1.19e-07,43.77018807666779,43.77,0.289,0.308,0.813,7.64,0.98,True,True,PASS
fold1_room1_mix578,walk,critical,normal,3,0.0566,2.33e-07,51.50868715557543,51.51,0.325,0.285,1.392,8.95,0.47,True,True,PASS
fold1_room1_mix579,walk,critical,normal,1,0.0035,1.19e-07,57.45369377626648,57.45,0.342,0.239,1.236,7.38,0.38,True,True,PASS
fold1_room1_mix580,static,safe,normal,2,0.001,1.78e-07,46.42094976991255,46.42,0.274,0.315,7.034,7.17,0.98,True,True,PASS
fold1_room1_mix581,walk,safe,normal,1,0.0014,1.19e-07,57.15152376608425,57.15,0.255,0.301,6.188,6.72,0.51,True,True,PASS
fold1_room1_mix582,static,safe,normal,3,0.0542,2.16e-07,50.79391565721641,50.79,0.289,0.344,12.192,7.99,0.67,True,True,PASS
fold1_room1_mix583,static,safe,normal,2,0.0261,1.77e-07,50.736494762185416,50.74,0.271,0.33,14.376,7.05,0.98,True,True,PASS
fold1_room1_mix584,static,critical,normal,2,0.0025,1.77e-07,62.008345611088494,62.01,0.307,0.449,1.442,7.11,0.24,True,True,PASS
fold1_room1_mix585,walk,critical,normal,2,0.0033,1.77e-07,48.2641580211395,48.26,0.249,0.363,1.046,7.15,0.97,True,True,PASS
fold1_room1_mix586,walk,caution,normal,2,0.0031,1.77e-07,49.8347441815431,49.83,0.336,0.343,2.29,7.13,0.97,True,True,PASS
fold1_room1_mix587,static,safe,normal,2,0.0019,1.77e-07,40.164605735814156,40.17,0.305,0.493,6.23,8.84,0.99,True,True,PASS
fold1_room1_mix588,walk,caution,normal,2,0.072,1.76e-07,46.63493421353412,46.64,0.437,0.315,2.622,6.45,0.97,True,True,PASS
fold1_room1_mix589,static,caution,normal,3,0.2276,2.20e-07,48.6535470345285,48.65,0.461,0.298,2.332,8.34,0.66,True,True,PASS
fold1_room1_mix590,static,caution,normal,2,0.0161,1.76e-07,53.225699462089366,53.23,0.262,0.425,2.532,6.72,0.97,True,True,PASS
fold1_room1_mix591,walk,critical,normal,2,0.0073,1.76e-07,58.29412816915696,58.29,0.224,0.187,1.384,6.63,0.61,True,True,PASS
fold1_room1_mix592,static,caution,normal,2,0.0013,1.78e-07,46.86717826791865,46.87,0.313,0.317,2.726,8.01,0.69,True,True,PASS
fold1_room1_mix593,walk,caution,normal,3,0.0038,2.27e-07,59.52855515246584,59.53,0.346,0.351,1.884,8.39,0.37,True,True,PASS
fold1_room1_mix594,walk,caution,normal,2,0.0035,1.77e-07,46.759619896220556,46.76,0.245,0.257,2.641,8.34,0.94,True,True,PASS
fold1_room1_mix595,static,caution,normal,3,0.0168,2.29e-07,54.88537789988729,54.89,0.308,0.301,2.094,7.64,0.75,True,True,PASS
fold1_room1_mix596,walk,critical,normal,3,0.0133,2.26e-07,49.31456662981992,49.31,0.311,0.342,0.778,6.96,0.97,True,True,PASS
fold1_room1_mix597,walk,critical,normal,2,0.0204,1.76e-07,60.93528782331421,60.94,0.279,0.284,0.866,6.1,0.58,True,True,PASS
fold1_room1_mix598,walk,safe,normal,2,0.0028,1.75e-07,41.82462182305128,41.82,0.25,0.344,4.493,7.9,0.97,True,True,PASS
fold1_room1_mix599,static,critical,normal,1,0.0044,1.19e-07,48.62098079932273,48.62,0.266,0.279,0.658,8.78,0.98,True,True,PASS
fold1_room1_mix600,static,caution,normal,3,0.1445,2.33e-07,49.82342728525286,49.82,0.301,0.299,1.577,7.95,0.98,True,True,PASS
fold1_room1_mix601,walk,caution,normal,1,0.0025,1.19e-07,44.388109683656324,44.39,0.268,0.265,2.939,6.6,0.99,True,True,PASS
fold1_room1_mix602,static,critical,normal,1,0.0063,1.19e-07,49.11235744778031,49.11,0.247,0.234,0.699,6.22,0.99,True,True,PASS
fold1_room1_mix603,walk,caution,normal,2,0.005,1.77e-07,45.87873259723409,45.88,0.318,0.267,2.758,7.86,0.99,True,True,PASS
fold1_room1_mix604,static,critical,normal,1,0.0045,1.19e-07,51.39007288705338,51.39,0.276,0.257,1.207,6.7,0.99,True,True,PASS
fold1_room1_mix605,static,safe,normal,1,0.0007,1.19e-07,61.09246852765861,61.09,0.288,0.33,10.208,8.84,0.31,True,True,PASS
fold1_room1_mix606,walk,caution,normal,1,0.0021,1.19e-07,57.458919717983505,57.46,0.358,0.268,2.466,8.38,0.33,True,True,PASS
fold1_room1_mix607,static,safe,normal,1,0.0009,1.19e-07,52.30472080002929,52.3,0.276,0.259,5.563,7.56,0.52,True,True,PASS
fold1_room1_mix608,static,critical,normal,2,0.0038,1.76e-07,45.58028194521313,45.58,0.268,0.29,1.483,7.29,0.97,True,True,PASS
fold1_room1_mix609,walk,critical,normal,2,0.0056,1.77e-07,61.76903561249351,61.77,0.342,0.207,1.244,8.76,0.29,True,True,PASS
fold1_room1_mix610,static,critical,normal,2,0.0028,1.76e-07,51.47590053650479,51.48,0.267,0.251,1.093,6.11,0.77,True,True,PASS
fold1_room1_mix611,static,safe,normal,1,0.0013,1.19e-07,61.545495895475895,61.55,0.318,0.217,4.753,7.64,0.23,True,True,PASS
fold1_room1_mix612,static,safe,normal,2,0.0217,1.78e-07,60.240173229585565,60.24,0.265,0.362,10.452,7.14,0.22,True,True,PASS
fold1_room1_mix613,walk,safe,normal,1,0.0007,1.19e-07,57.06888143614644,57.07,0.254,0.299,9.822,8.99,0.37,True,True,PASS
fold1_room1_mix614,walk,critical,normal,2,0.004,1.76e-07,50.126717894659436,50.13,0.376,0.263,1.205,7.92,0.52,True,True,PASS
fold1_room1_mix615,static,caution,normal,1,0.0037,1.19e-07,64.12328911053288,64.12,0.336,0.195,2.269,6.37,0.29,True,True,PASS
fold1_room1_mix616,static,critical,normal,2,0.0022,1.77e-07,56.43073579067042,56.43,0.311,0.28,1.273,7.77,0.51,True,True,PASS
fold1_room1_mix617,static,caution,normal,2,0.0075,1.77e-07,40.551895999121044,40.55,0.329,0.415,2.026,8.31,0.98,True,True,PASS
fold1_room1_mix618,static,safe,normal,2,0.0015,1.74e-07,50.726047696492785,50.73,0.286,0.4,5.868,7.13,0.99,True,True,PASS
fold1_room1_mix619,walk,caution,normal,1,0.003,1.19e-07,48.474410317306535,48.47,0.225,0.335,2.054,8.96,0.96,True,True,PASS
fold1_room1_mix620,static,critical,normal,3,0.0128,2.28e-07,45.612788469434655,45.61,0.433,0.336,0.87,7.78,0.94,True,True,PASS
fold1_room1_mix621,walk,safe,normal,2,0.001,1.78e-07,56.83638020923567,56.84,0.252,0.307,10.527,8.04,0.55,True,True,PASS
fold1_room1_mix622,static,caution,normal,1,0.0028,1.19e-07,43.086979789396324,43.09,0.286,0.297,1.661,7.02,0.99,True,True,PASS
fold1_room1_mix623,walk,critical,normal,1,0.0052,1.19e-07,61.2251791538121,61.23,0.282,0.266,1.214,7.54,0.59,True,True,PASS
fold1_room1_mix624,walk,safe,normal,1,0.0006,1.19e-07,55.132491962157246,55.13,0.3,0.291,10.544,8.12,0.65,True,True,PASS
fold1_room1_mix625,walk,critical,normal,1,0.0031,1.19e-07,49.98867652610493,49.99,0.265,0.242,0.971,6.36,0.87,True,True,PASS
fold1_room1_mix626,static,safe,normal,2,0.1349,1.78e-07,63.003491234881785,63.0,0.299,0.246,5.952,6.25,0.31,True,True,PASS
fold1_room1_mix627,walk,caution,normal,2,0.0017,1.77e-07,44.02459296723673,44.02,0.304,0.281,2.573,7.29,0.98,True,True,PASS
fold1_room1_mix628,static,critical,normal,2,0.0047,1.78e-07,49.24986131339991,49.25,0.5,0.269,1.072,6.44,0.98,True,True,PASS
fold1_room1_mix629,walk,safe,normal,2,0.0011,1.77e-07,56.01510791334858,56.02,0.313,0.214,4.026,7.42,0.47,True,True,PASS
fold1_room1_mix630,walk,safe,normal,3,0.0495,2.26e-07,55.32843818896929,55.33,0.373,0.281,13.606,8.47,0.38,True,True,PASS
fold1_room1_mix631,static,safe,normal,3,0.0341,2.29e-07,64.29748184094494,64.3,0.392,0.335,4.854,7.71,0.44,True,True,PASS
fold1_room1_mix632,walk,safe,normal,3,0.0781,2.30e-07,57.126866930030225,57.13,0.325,0.306,8.695,6.9,0.68,True,True,PASS
fold1_room1_mix633,walk,caution,normal,2,0.0028,1.77e-07,47.58427236566015,47.58,0.279,0.322,2.45,6.81,0.98,True,True,PASS
fold1_room1_mix634,static,safe,normal,2,0.0121,1.76e-07,43.540003953142616,43.54,0.332,0.391,6.663,6.36,0.99,True,True,PASS
fold1_room1_mix635,walk,caution,normal,3,0.1183,2.32e-07,62.45927598492627,62.46,0.261,0.285,2.975,6.91,0.28,True,True,PASS
fold1_room1_mix636,walk,critical,normal,2,0.1206,1.78e-07,57.462808823033924,57.46,0.357,0.28,1.232,7.78,0.3,True,True,PASS
fold1_room1_mix637,walk,safe,normal,1,0.0009,1.19e-07,43.33755885404426,43.34,0.234,0.253,11.01,6.14,0.98,True,True,PASS
fold1_room1_mix638,walk,caution,normal,2,0.0017,1.76e-07,56.827117556008744,56.83,0.346,0.214,1.772,7.76,0.33,True,True,PASS
fold1_room1_mix639,static,critical,normal,2,0.0038,1.77e-07,48.23287138993519,48.23,0.3,0.246,1.429,6.24,0.98,True,True,PASS
fold1_room1_mix640,static,caution,normal,1,0.0029,1.19e-07,51.37068002219351,51.37,0.263,0.341,2.232,8.23,0.84,True,True,PASS
fold2_room1_mix001,walk,critical,normal,2,0.0126,1.73e-07,63.99365531179825,63.99,0.335,0.305,0.605,7.2,0.15,True,True,PASS
fold2_room1_mix002,static,safe,normal,2,0.0183,1.78e-07,49.880170141989865,49.88,0.25,0.347,6.473,8.48,0.94,True,True,PASS
fold2_room1_mix003,static,safe,normal,1,0.0006,1.19e-07,57.59032224931879,57.59,0.324,0.235,9.774,8.55,0.31,True,True,PASS
fold2_room1_mix004,static,caution,normal,2,0.0062,1.77e-07,41.467165461740706,41.47,0.293,0.298,2.14,7.06,0.98,True,True,PASS
fold2_room1_mix005,static,safe,normal,3,0.129,2.40e-07,50.646790528688534,50.65,0.268,0.305,3.575,7.29,0.88,True,True,PASS
fold2_room1_mix006,static,critical,normal,2,0.0037,1.77e-07,59.53449479739709,59.53,0.293,0.252,0.657,6.42,0.3,True,True,PASS
fold2_room1_mix007,static,safe,normal,2,0.0011,1.78e-07,59.23530346002731,59.24,0.269,0.235,8.657,7.02,0.45,True,True,PASS
fold2_room1_mix008,static,caution,normal,2,0.0023,1.77e-07,43.28227371368913,43.28,0.361,0.347,2.651,8.8,0.99,True,True,PASS
fold2_room1_mix009,walk,caution,normal,1,0.003,1.19e-07,51.13552614885949,51.14,0.293,0.299,1.98,7.21,0.91,True,True,PASS
fold2_room1_mix010,walk,caution,normal,3,0.4814,2.38e-07,41.72248678985411,41.72,0.284,0.258,2.132,7.68,0.99,True,True,PASS
fold2_room1_mix011,walk,caution,normal,2,0.0018,1.77e-07,59.90900289373022,59.91,0.296,0.225,2.865,8.13,0.31,True,True,PASS
fold2_room1_mix012,walk,caution,normal,2,0.0131,1.77e-07,55.4699256053131,55.47,0.426,0.273,1.708,8.3,0.4,True,True,PASS
fold2_room1_mix013,walk,safe,normal,2,0.0368,1.75e-07,54.557654457026445,54.56,0.278,0.232,13.3,8.89,0.36,True,True,PASS
fold2_room1_mix014,walk,critical,normal,2,0.0036,1.77e-07,54.14281807737779,54.14,0.247,0.323,1.036,7.51,0.42,True,True,PASS
fold2_room1_mix015,walk,critical,normal,1,0.0031,1.19e-07,61.79650661686659,61.8,0.342,0.261,1.36,8.51,0.31,True,True,PASS
fold2_room1_mix016,walk,caution,normal,2,0.0729,1.75e-07,56.25744068835657,56.26,0.317,0.286,2.116,7.63,0.54,True,True,PASS
fold2_room1_mix017,static,safe,normal,2,0.0009,1.75e-07,48.62789125623821,48.63,0.308,0.284,13.854,7.79,0.83,True,True,PASS
fold2_room1_mix018,walk,caution,normal,3,0.1071,2.28e-07,59.0203050562893,59.02,0.298,0.35,2.6,8.86,0.31,True,True,PASS
fold2_room1_mix019,static,caution,normal,2,0.16,1.87e-07,57.8300346646716,57.83,0.358,0.308,2.861,8.67,0.32,True,True,PASS
fold2_room1_mix020,walk,critical,normal,2,0.007,1.78e-07,60.87410706204111,60.87,0.349,0.4,1.291,6.55,0.17,True,True,PASS
fold2_room1_mix021,static,critical,normal,2,0.0053,1.77e-07,61.38172327928311,61.38,0.497,0.351,1.028,8.11,0.29,True,True,PASS
fold2_room1_mix022,walk,safe,normal,3,0.0596,2.30e-07,40.996342062798846,41.0,0.315,0.296,9.334,6.79,0.98,True,True,PASS
fold2_room1_mix023,static,caution,normal,2,0.0075,1.77e-07,48.75681021955709,48.76,0.267,0.279,2.912,7.12,0.82,True,True,PASS
fold2_room1_mix024,static,caution,normal,2,0.0015,1.76e-07,53.14478169450676,53.14,0.396,0.246,2.76,6.8,0.78,True,True,PASS
fold2_room1_mix025,walk,critical,normal,2,0.0913,1.81e-07,63.808294577726016,63.81,0.286,0.286,1.488,6.35,0.22,True,True,PASS
fold2_room1_mix026,walk,safe,normal,2,0.0011,1.77e-07,62.90725969569131,62.91,0.707,0.411,11.218,6.53,0.08,True,True,PASS
fold2_room1_mix027,walk,safe,normal,2,0.0451,1.77e-07,64.14207774627643,64.14,0.262,0.354,12.618,8.92,0.21,True,True,PASS
fold2_room1_mix028,walk,caution,normal,2,0.0133,1.78e-07,64.63079113695392,64.63,0.557,0.239,2.259,8.98,0.13,True,True,PASS
fold2_room1_mix029,walk,caution,normal,2,0.0031,1.77e-07,48.97119263962152,48.97,0.249,0.218,2.402,7.52,0.99,True,True,PASS
fold2_room1_mix030,static,caution,normal,2,0.0241,1.76e-07,43.56314794888037,43.56,0.391,0.346,2.741,6.11,0.97,True,True,PASS
fold2_room1_mix031,walk,critical,normal,2,0.0051,1.76e-07,43.44385191394707,43.44,0.378,0.262,0.781,8.5,0.98,True,True,PASS
fold2_room1_mix032,walk,critical,normal,2,0.0039,1.75e-07,62.45235030895029,62.45,0.319,0.254,0.744,6.31,0.36,True,True,PASS
fold2_room1_mix033,static,safe,normal,2,0.0128,1.77e-07,47.924297760721835,47.92,0.304,0.355,9.924,7.77,0.64,True,True,PASS
fold2_room1_mix034,walk,safe,normal,1,0.0004,1.19e-07,51.21173542390039,51.21,0.281,0.191,12.579,8.46,0.5,True,True,PASS
fold2_room1_mix035,walk,safe,normal,2,0.0036,1.76e-07,52.91901848073141,52.92,0.323,0.39,7.598,8.03,0.74,True,True,PASS
fold2_room1_mix036,static,critical,normal,2,0.0132,1.77e-07,43.32859233236904,43.33,0.387,0.283,0.651,7.35,0.98,True,True,PASS
fold2_room1_mix037,static,safe,normal,2,0.0078,1.77e-07,64.58534389822597,64.59,0.264,0.421,9.159,7.23,0.23,True,True,PASS
fold2_room1_mix038,walk,critical,normal,1,0.0023,1.19e-07,58.8506756115998,58.85,0.29,0.281,1.175,8.05,0.38,True,True,PASS
fold2_room1_mix039,static,safe,normal,2,0.1877,1.82e-07,56.7852388169176,56.79,0.355,0.299,9.566,6.39,0.47,True,True,PASS
fold2_room1_mix040,static,caution,normal,2,0.0034,1.78e-07,40.15144225724816,40.15,0.388,0.301,1.964,6.87,0.98,True,True,PASS
fold2_room1_mix041,static,caution,normal,2,0.002,1.77e-07,41.138217018671824,41.14,0.401,0.425,2.45,6.95,0.98,True,True,PASS
fold2_room1_mix042,static,safe,normal,3,0.0047,2.28e-07,57.46390882118621,57.46,0.312,0.278,8.879,7.61,0.24,True,True,PASS
fold2_room1_mix043,static,caution,normal,2,0.073,1.79e-07,58.455889264486174,58.46,0.3,0.31,2.557,6.71,0.7,True,True,PASS
fold2_room1_mix044,walk,critical,normal,2,0.0042,1.77e-07,54.50602034930105,54.51,0.222,0.266,1.13,6.24,0.38,True,True,PASS
fold2_room1_mix045,static,safe,normal,1,0.0007,1.19e-07,50.50664259505598,50.51,0.264,0.29,11.189,7.66,0.97,True,True,PASS
fold2_room1_mix046,static,safe,normal,2,0.0008,1.76e-07,41.51472854872013,41.52,0.29,0.32,14.0,7.2,0.98,True,True,PASS
fold2_room1_mix047,static,caution,normal,2,0.0017,1.76e-07,44.79834475076473,44.8,0.298,0.391,2.115,8.23,0.98,True,True,PASS
fold2_room1_mix048,walk,critical,normal,2,0.0042,1.78e-07,43.34950077610275,43.35,0.295,0.323,1.023,8.03,0.97,True,True,PASS
fold2_room1_mix049,walk,safe,normal,2,0.0012,1.77e-07,45.39258745398801,45.39,0.3,0.244,11.386,6.11,0.99,True,True,PASS
fold2_room1_mix050,static,critical,normal,1,0.0036,1.19e-07,49.539583690007,49.54,0.221,0.225,0.745,8.41,0.54,True,True,PASS
fold2_room1_mix051,walk,safe,normal,2,0.0012,1.77e-07,43.49159671461702,43.49,0.265,0.327,5.256,8.44,0.98,True,True,PASS
fold2_room1_mix052,static,critical,normal,2,0.0035,1.76e-07,50.827399495169374,50.83,0.359,0.236,0.81,6.62,0.49,True,True,PASS
fold2_room1_mix053,walk,caution,normal,2,0.0015,1.76e-07,49.78852083445713,49.79,0.352,0.296,2.703,6.78,0.99,True,True,PASS
fold2_room1_mix054,walk,caution,normal,2,0.0018,1.78e-07,52.025393900310135,52.03,0.274,0.331,2.561,8.23,0.52,True,True,PASS
fold2_room1_mix055,walk,critical,normal,2,0.0741,1.78e-07,62.86162417258916,62.86,0.261,0.28,0.751,8.77,0.39,True,True,PASS
fold2_room1_mix056,static,caution,normal,1,0.0014,1.19e-07,45.256731929820695,45.26,0.291,0.314,2.43,8.49,0.85,True,True,PASS
fold2_room1_mix057,static,critical,normal,3,0.0084,2.31e-07,57.75064561182175,57.75,0.357,0.373,0.972,6.65,0.84,True,True,PASS
fold2_room1_mix058,walk,critical,normal,2,0.0518,1.77e-07,45.14160842037305,45.14,0.339,0.285,0.987,6.82,0.98,True,True,PASS
fold2_room1_mix059,walk,safe,normal,1,0.0007,1.19e-07,40.65478497963335,40.66,0.248,0.33,10.767,7.81,0.98,True,True,PASS
fold2_room1_mix060,static,safe,normal,1,0.0016,1.19e-07,62.17305533953984,62.17,0.311,0.265,4.715,6.81,0.25,True,True,PASS
fold2_room1_mix061,walk,critical,normal,3,0.2359,2.44e-07,45.88804490351801,45.89,0.406,0.311,1.487,7.38,0.98,True,True,PASS
fold2_room1_mix062,static,critical,normal,1,0.0053,1.19e-07,42.416732059687455,42.42,0.284,0.257,0.808,6.94,0.99,True,True,PASS
fold2_room1_mix063,static,critical,normal,1,0.0045,1.19e-07,61.62888544208142,61.63,0.31,0.261,0.878,7.82,0.37,True,True,PASS
fold2_room1_mix064,static,caution,normal,2,0.0052,1.77e-07,52.233244648435544,52.23,0.258,0.351,1.903,8.22,0.94,True,True,PASS
fold2_room1_mix065,walk,safe,normal,2,0.0386,1.77e-07,51.82742059898275,51.83,0.418,0.313,6.598,6.26,0.97,True,True,PASS
fold2_room1_mix066,walk,caution,normal,2,0.0023,1.76e-07,52.206542637493364,52.21,0.25,0.331,2.862,7.7,0.77,True,True,PASS
fold2_room1_mix067,walk,caution,normal,2,0.0029,1.77e-07,49.156158557313276,49.16,0.304,0.328,2.019,8.58,0.81,True,True,PASS
fold2_room1_mix068,walk,caution,normal,1,0.0018,1.19e-07,54.90622253645971,54.91,0.307,0.227,2.788,8.62,0.43,True,True,PASS
fold2_room1_mix069,walk,caution,normal,2,0.0015,1.76e-07,54.207868156781366,54.21,0.267,0.266,2.892,8.64,0.36,True,True,PASS
fold2_room1_mix070,walk,critical,normal,1,0.002,1.19e-07,51.31866277841115,51.32,0.301,0.289,1.416,7.43,0.51,True,True,PASS
fold2_room1_mix071,static,safe,normal,2,0.0179,1.77e-07,58.17811568388278,58.18,0.251,0.305,14.618,8.04,0.28,True,True,PASS
fold2_room1_mix072,static,safe,normal,1,0.0008,1.19e-07,64.52082191766549,64.52,0.295,0.109,9.517,7.13,0.16,True,True,PASS
fold2_room1_mix073,walk,safe,normal,2,0.0771,1.76e-07,55.23916225372304,55.24,0.292,0.278,8.437,7.71,0.51,True,True,PASS
fold2_room1_mix074,walk,safe,normal,2,0.0006,1.78e-07,54.14377824671945,54.14,0.229,0.312,12.106,8.88,0.28,True,True,PASS
fold2_room1_mix075,walk,critical,normal,1,0.0038,1.19e-07,54.406032358878974,54.41,0.276,0.237,1.276,7.13,0.79,True,True,PASS
fold2_room1_mix076,walk,caution,normal,3,0.1616,2.31e-07,57.045976861405855,57.05,0.362,0.467,2.103,8.45,0.32,True,True,PASS
fold2_room1_mix077,walk,critical,normal,1,0.0046,1.19e-07,55.11412444499334,55.11,0.303,0.314,0.692,8.62,0.35,True,True,PASS
fold2_room1_mix078,walk,safe,normal,1,0.0013,1.19e-07,44.352343573167396,44.35,0.242,0.317,7.102,6.96,0.98,True,True,PASS
fold2_room1_mix079,walk,caution,normal,2,0.0024,1.76e-07,63.01128921154191,63.01,0.285,0.296,1.873,8.0,0.28,True,True,PASS
fold2_room1_mix080,walk,safe,normal,2,0.0266,1.77e-07,41.042716262901756,41.04,0.31,0.255,5.409,6.47,0.99,True,True,PASS
fold2_room1_mix081,static,safe,normal,2,0.0581,1.78e-07,46.516817350791676,46.52,0.359,0.288,14.073,6.2,0.97,True,True,PASS
fold2_room1_mix082,static,caution,normal,1,0.0017,1.19e-07,50.91063564107611,50.91,0.288,0.293,2.582,8.13,0.59,True,True,PASS
fold2_room1_mix083,static,critical,normal,2,0.037,1.76e-07,48.69142520789556,48.69,0.421,0.32,0.961,6.52,0.97,True,True,PASS
fold2_room1_mix084,walk,caution,normal,2,0.003,1.75e-07,64.7435613065026,64.74,0.318,0.283,2.009,8.68,0.29,True,True,PASS
fold2_room1_mix085,static,critical,normal,1,0.0032,1.19e-07,59.30867274721116,59.31,0.338,0.253,1.34,8.54,0.26,True,True,PASS
fold2_room1_mix086,static,caution,normal,3,0.0191,2.26e-07,60.331237211987805,60.33,0.298,0.299,2.162,8.25,0.3,True,True,PASS
fold2_room1_mix087,static,critical,normal,3,0.0452,2.27e-07,54.65996712527103,54.66,0.338,0.445,0.713,8.18,0.45,True,True,PASS
fold2_room1_mix088,walk,safe,normal,3,0.0091,2.28e-07,54.75639854910996,54.76,0.623,0.253,12.834,7.88,0.34,True,True,PASS
fold2_room1_mix089,walk,caution,normal,1,0.0027,1.19e-07,61.12639963628191,61.13,0.286,0.296,1.93,8.99,0.45,True,True,PASS
fold2_room1_mix090,walk,critical,normal,3,0.0287,2.30e-07,43.93324390067074,43.93,0.317,0.342,1.38,7.78,0.98,True,True,PASS
fold2_room1_mix091,walk,caution,normal,2,0.0013,1.77e-07,54.713875408366874,54.71,0.26,0.31,2.614,6.93,0.62,True,True,PASS
fold2_room1_mix092,walk,critical,normal,2,0.0039,1.77e-07,55.32512829172035,55.33,0.267,0.283,1.013,8.95,0.3,True,True,PASS
fold2_room1_mix093,static,caution,normal,2,0.0387,1.77e-07,64.9644146069913,64.96,0.345,0.296,1.945,7.93,0.25,True,True,PASS
fold2_room1_mix094,static,safe,normal,1,0.0005,1.19e-07,57.6185326041727,57.62,0.283,0.106,14.302,8.75,0.22,True,True,PASS
fold2_room1_mix095,static,safe,normal,3,0.1398,2.25e-07,40.10437056373903,40.11,0.351,0.316,5.076,6.69,0.99,True,True,PASS
fold2_room1_mix096,walk,caution,normal,2,0.278,1.86e-07,62.675182808104545,62.68,0.309,0.245,2.343,8.24,0.47,True,True,PASS
fold2_room1_mix097,static,critical,normal,1,0.0043,1.19e-07,57.82611737549573,57.83,0.302,0.251,0.928,8.47,0.55,True,True,PASS
fold2_room1_mix098,walk,safe,normal,2,0.0014,1.77e-07,60.58369436072271,60.58,0.296,0.303,6.441,6.49,0.32,True,True,PASS
fold2_room1_mix099,static,safe,normal,2,0.0445,1.78e-07,59.816678296193885,59.82,0.25,0.238,11.295,6.7,0.36,True,True,PASS
fold2_room1_mix100,walk,caution,normal,2,0.0196,1.78e-07,44.66679519078876,44.67,0.42,0.31,2.856,6.45,0.97,True,True,PASS
fold2_room1_mix101,walk,critical,normal,2,0.1464,1.78e-07,40.8382527573618,40.84,0.322,0.335,0.902,6.17,0.99,True,True,PASS
fold2_room1_mix102,static,safe,normal,2,0.0831,1.77e-07,58.2697463615662,58.27,0.308,0.343,4.402,6.7,0.32,True,True,PASS
fold2_room1_mix103,walk,safe,normal,1,0.0007,1.19e-07,40.604738053838325,40.6,0.258,0.329,11.419,7.17,0.98,True,True,PASS
fold2_room1_mix104,static,safe,normal,2,0.0102,1.75e-07,48.880217149022414,48.88,0.414,0.253,11.83,6.44,0.98,True,True,PASS
fold2_room1_mix105,walk,safe,normal,2,0.0008,1.77e-07,50.87364134484551,50.87,0.25,0.354,6.325,7.36,0.59,True,True,PASS
fold2_room1_mix106,static,safe,normal,1,0.0005,1.19e-07,48.6932535346138,48.69,0.272,0.217,10.975,8.59,0.97,True,True,PASS
fold2_room1_mix107,static,critical,normal,1,0.003,1.19e-07,60.04658883663416,60.05,0.327,0.308,1.326,8.95,0.26,True,True,PASS
fold2_room1_mix108,walk,critical,normal,1,0.0028,1.19e-07,53.689551173416476,53.69,0.275,0.212,0.782,7.41,0.52,True,True,PASS
fold2_room1_mix109,static,critical,normal,2,0.0172,1.76e-07,54.2395507881936,54.24,0.252,0.31,0.825,7.44,0.78,True,True,PASS
fold2_room1_mix110,walk,critical,normal,2,0.0022,1.77e-07,53.93322416879769,53.93,0.314,0.249,1.171,6.68,0.58,True,True,PASS
fold2_room1_mix111,walk,safe,normal,2,0.0052,1.78e-07,42.9458958404161,42.95,0.25,0.479,10.833,7.42,0.98,True,True,PASS
fold2_room1_mix112,static,safe,normal,2,0.0007,1.78e-07,40.06119397996072,40.06,0.261,0.301,11.083,6.11,0.99,True,True,PASS
fold2_room1_mix113,walk,safe,normal,2,0.0009,1.77e-07,53.70598609587137,53.71,0.289,0.343,8.256,6.46,0.69,True,True,PASS
fold2_room1_mix114,walk,critical,normal,3,0.0055,2.29e-07,45.64492339590483,45.65,0.327,0.283,0.931,8.89,0.97,True,True,PASS
fold2_room1_mix115,walk,caution,normal,2,0.0408,1.77e-07,53.65796700109185,53.66,0.341,0.237,1.68,8.15,0.42,True,True,PASS
fold2_room1_mix116,static,caution,normal,2,0.003,1.75e-07,56.93214275174815,56.93,0.308,0.343,1.851,6.06,0.42,True,True,PASS
fold2_room1_mix117,static,caution,normal,3,0.002,2.26e-07,56.91953620138915,56.92,0.36,0.302,1.851,7.27,0.64,True,True,PASS
fold2_room1_mix118,static,safe,normal,1,0.0017,1.19e-07,56.94549534700739,56.95,0.267,0.286,4.674,8.75,0.48,True,True,PASS
fold2_room1_mix119,static,critical,normal,2,0.0032,1.77e-07,59.877593101243804,59.88,0.294,0.293,1.13,6.79,0.25,True,True,PASS
fold2_room1_mix120,static,critical,normal,2,0.0223,1.78e-07,46.661923141029924,46.66,0.265,0.346,0.961,6.06,0.98,True,True,PASS
fold2_room1_mix121,walk,critical,normal,2,0.0089,1.75e-07,58.52991093288958,58.53,0.374,0.251,0.987,7.11,0.58,True,True,PASS
fold2_room1_mix122,static,caution,normal,2,0.0026,1.77e-07,59.687398672460176,59.69,0.362,0.274,2.695,8.35,0.35,True,True,PASS
fold2_room1_mix123,static,caution,normal,1,0.0017,1.19e-07,45.73985159065368,45.74,0.261,0.312,2.124,7.7,0.98,True,True,PASS
fold2_room1_mix124,static,critical,normal,1,0.0037,1.19e-07,42.94031350715976,42.94,0.304,0.344,0.767,6.86,0.98,True,True,PASS
fold2_room1_mix125,static,caution,normal,2,0.0013,1.78e-07,49.89509205970414,49.9,0.288,0.325,2.752,7.41,0.57,True,True,PASS
fold2_room1_mix126,walk,safe,normal,2,0.0574,1.75e-07,55.44280580411311,55.44,0.392,0.281,10.041,7.53,0.91,True,True,PASS
fold2_room1_mix127,static,caution,normal,3,0.0028,2.26e-07,51.8238344262422,51.82,0.461,0.293,2.518,6.89,0.83,True,True,PASS
fold2_room1_mix128,static,safe,normal,1,0.0007,1.19e-07,50.08448133523015,50.08,0.261,0.251,9.607,7.82,0.99,True,True,PASS
fold2_room1_mix129,static,critical,normal,1,0.0037,1.19e-07,47.6783799898513,47.68,0.354,0.307,0.861,7.93,0.83,True,True,PASS
fold2_room1_mix130,walk,caution,normal,3,0.0022,2.30e-07,50.66792426181988,50.67,0.361,0.324,2.453,6.27,0.97,True,True,PASS
fold2_room1_mix131,walk,caution,normal,2,0.0174,1.77e-07,42.21411234727485,42.21,0.275,0.328,1.586,8.66,0.98,True,True,PASS
fold2_room1_mix132,static,critical,normal,1,0.0041,1.19e-07,46.18926218221496,46.19,0.209,0.22,0.959,7.01,0.99,True,True,PASS
fold2_room1_mix133,static,caution,normal,1,0.0029,1.19e-07,52.71939935043168,52.72,0.254,0.226,2.079,6.7,0.99,True,True,PASS
fold2_room1_mix134,static,critical,normal,2,0.005,1.77e-07,48.02226735353794,48.02,0.281,0.304,1.482,6.29,0.97,True,True,PASS
fold2_room1_mix135,walk,caution,normal,3,0.0045,2.32e-07,42.64995407287413,42.65,0.285,0.272,2.188,7.06,0.98,True,True,PASS
fold2_room1_mix136,walk,safe,normal,3,0.1598,2.27e-07,49.85777400211481,49.86,0.259,0.379,7.926,7.3,0.97,True,True,PASS
fold2_room1_mix137,walk,safe,normal,2,0.0677,1.76e-07,57.3042642427901,57.3,0.289,0.4,14.772,8.54,0.37,True,True,PASS
fold2_room1_mix138,static,critical,normal,2,0.0332,1.75e-07,44.212011681331305,44.21,0.271,0.332,1.362,8.14,0.94,True,True,PASS
fold2_room1_mix139,static,safe,normal,2,0.1273,1.81e-07,57.22152532318086,57.22,0.276,0.229,7.159,8.31,0.5,True,True,PASS
fold2_room1_mix140,walk,safe,normal,2,0.0004,1.77e-07,43.03564739086037,43.04,0.356,0.303,12.79,6.16,0.97,True,True,PASS
fold2_room1_mix141,static,critical,normal,3,0.0157,2.25e-07,63.041760744172436,63.04,0.386,0.34,1.429,7.2,0.24,True,True,PASS
fold2_room1_mix142,walk,critical,normal,2,0.0081,1.77e-07,48.089308203281746,48.09,0.237,0.235,0.927,6.4,0.99,True,True,PASS
fold2_room1_mix143,static,safe,normal,2,0.001,1.77e-07,46.4446074644547,46.44,0.415,0.314,3.617,6.19,0.98,True,True,PASS
fold2_room1_mix144,static,critical,normal,2,0.0118,1.75e-07,40.07214406024406,40.07,0.287,0.241,0.809,6.87,0.99,True,True,PASS
fold2_room1_mix145,static,critical,normal,2,0.0055,1.77e-07,58.944030975523916,58.94,0.275,0.447,0.641,8.82,0.3,True,True,PASS
fold2_room1_mix146,walk,safe,normal,2,0.1362,1.76e-07,54.44373523023494,54.44,0.376,0.259,11.846,8.36,0.57,True,True,PASS
fold2_room1_mix147,walk,caution,normal,1,0.0036,1.19e-07,57.73221280616819,57.73,0.29,0.231,1.87,6.04,0.52,True,True,PASS
fold2_room1_mix148,static,critical,normal,2,0.0043,1.78e-07,43.33305028902638,43.33,0.348,0.322,1.164,6.49,0.98,True,True,PASS
fold2_room1_mix149,static,caution,normal,1,0.0019,1.19e-07,45.23804966969541,45.24,0.274,0.262,2.526,6.81,0.98,True,True,PASS
fold2_room1_mix150,static,safe,normal,3,0.0377,2.32e-07,45.38907055024928,45.39,0.338,0.273,11.067,8.0,0.98,True,True,PASS
fold2_room1_mix151,walk,safe,normal,1,0.0018,1.19e-07,48.1675854540491,48.17,0.296,0.285,3.272,6.79,0.98,True,True,PASS
fold2_room1_mix152,static,safe,normal,2,0.0012,1.77e-07,40.03562344251061,40.04,0.287,0.214,6.675,7.26,0.99,True,True,PASS
fold2_room1_mix153,walk,safe,normal,1,0.0005,1.19e-07,57.15774353081066,57.16,0.306,0.155,11.093,8.62,0.29,True,True,PASS
fold2_room1_mix154,static,caution,normal,2,0.005,1.75e-07,40.0226841655307,40.02,0.283,0.332,1.87,8.4,0.97,True,True,PASS
fold2_room1_mix155,walk,critical,normal,2,0.0048,1.76e-07,46.66064041750112,46.66,0.345,0.317,0.785,8.88,0.98,True,True,PASS
fold2_room1_mix156,walk,safe,normal,3,0.0047,2.23e-07,55.1644602966949,55.16,0.345,0.307,13.256,7.01,0.42,True,True,PASS
fold2_room1_mix157,walk,critical,normal,3,0.0048,2.27e-07,64.54449009493484,64.54,0.333,0.373,1.196,7.12,0.32,True,True,PASS
fold2_room1_mix158,walk,critical,normal,2,0.0045,1.76e-07,46.125713873862125,46.13,0.344,0.3,0.657,7.09,0.97,True,True,PASS
fold2_room1_mix159,static,caution,normal,1,0.0024,1.19e-07,61.62086707784448,61.62,0.328,0.245,2.275,7.37,0.33,True,True,PASS
fold2_room1_mix160,static,caution,normal,1,0.0019,1.19e-07,60.83472294082242,60.83,0.39,0.288,2.473,8.91,0.22,True,True,PASS
fold2_room1_mix161,static,caution,normal,3,0.0216,2.29e-07,63.9422489435387,63.94,0.301,0.413,2.073,7.84,0.39,True,True,PASS
fold2_room1_mix162,walk,caution,normal,1,0.0021,1.19e-07,64.02261042315722,64.02,0.383,0.186,1.625,7.18,0.42,True,True,PASS
fold2_room1_mix163,walk,safe,normal,1,0.0007,1.19e-07,40.49714141203411,40.5,0.24,0.321,8.68,8.55,0.98,True,True,PASS
fold2_room1_mix164,walk,critical,normal,2,0.0052,1.76e-07,55.17045539035192,55.17,0.294,0.259,1.16,6.9,0.82,True,True,PASS
fold2_room1_mix165,static,critical,normal,2,0.0051,1.76e-07,47.80073734415983,47.8,0.306,0.211,1.132,8.1,0.99,True,True,PASS
fold2_room1_mix166,walk,critical,normal,1,0.0024,1.19e-07,49.95409496010791,49.95,0.309,0.358,1.497,6.63,0.68,True,True,PASS
fold2_room1_mix167,walk,critical,normal,2,0.0319,1.76e-07,40.957904378072755,40.96,0.382,0.373,0.934,8.17,0.98,True,True,PASS
fold2_room1_mix168,static,caution,normal,2,0.0022,1.78e-07,62.270146907560665,62.27,0.312,0.273,1.774,6.71,0.2,True,True,PASS
fold2_room1_mix169,walk,safe,normal,1,0.0016,1.19e-07,60.34029887638252,60.34,0.334,0.215,5.645,7.28,0.45,True,True,PASS
fold2_room1_mix170,static,caution,normal,2,0.0017,1.76e-07,46.953615406938745,46.95,0.275,0.25,2.256,6.18,0.93,True,True,PASS
fold2_room1_mix171,walk,safe,normal,2,0.0016,1.77e-07,48.39599901227237,48.4,0.269,0.305,3.542,6.89,0.88,True,True,PASS
fold2_room1_mix172,walk,critical,normal,2,0.0048,1.77e-07,41.45577573821361,41.46,0.258,0.256,1.484,6.76,0.99,True,True,PASS
fold2_room1_mix173,static,safe,normal,1,0.0012,1.19e-07,48.096824318442216,48.1,0.211,0.352,5.239,8.33,0.98,True,True,PASS
fold2_room1_mix174,static,critical,normal,3,0.0058,2.32e-07,63.458608830365684,63.46,0.359,0.371,1.437,7.52,0.34,True,True,PASS
fold2_room1_mix175,static,caution,normal,1,0.0019,1.19e-07,43.489676585217175,43.49,0.256,0.327,2.896,8.3,0.98,True,True,PASS
fold2_room1_mix176,static,critical,normal,2,0.0036,1.75e-07,61.772679661366865,61.77,0.38,0.284,1.427,6.28,0.23,True,True,PASS
fold2_room1_mix177,static,caution,normal,2,0.1994,1.85e-07,59.971858382389584,59.97,0.278,0.251,2.208,6.68,0.67,True,True,PASS
fold2_room1_mix178,static,critical,normal,3,0.0554,2.31e-07,50.12883680704168,50.13,0.46,0.351,0.706,7.55,0.93,True,True,PASS
fold2_room1_mix179,walk,safe,normal,2,0.0011,1.76e-07,59.396935894558766,59.4,0.269,0.281,5.371,6.61,0.43,True,True,PASS
fold2_room1_mix180,walk,safe,normal,3,0.0274,2.25e-07,64.54257389690383,64.54,0.275,0.337,9.879,6.84,0.02,True,True,PASS
fold2_room1_mix181,static,safe,normal,1,0.0013,1.19e-07,59.88345541633336,59.88,0.331,0.278,3.293,7.22,0.21,True,True,PASS
fold2_room1_mix182,static,safe,normal,3,0.0011,2.32e-07,56.875000813013706,56.88,0.424,0.434,13.082,7.15,0.78,True,True,PASS
fold2_room1_mix183,walk,critical,normal,2,0.137,1.79e-07,47.79892866303081,47.8,0.325,0.253,0.662,6.45,0.99,True,True,PASS
fold2_room1_mix184,static,safe,normal,2,0.0319,1.77e-07,53.21345944181019,53.21,0.293,0.258,8.583,7.9,0.64,True,True,PASS
fold2_room1_mix185,static,caution,normal,3,0.07,2.28e-07,40.025134577465415,40.03,0.263,0.294,2.647,6.35,0.99,True,True,PASS
fold2_room1_mix186,static,critical,normal,2,0.0067,1.78e-07,44.46515317379053,44.47,0.35,0.379,0.999,8.41,0.97,True,True,PASS
fold2_room1_mix187,walk,critical,normal,1,0.0052,1.19e-07,60.69694728553982,60.7,0.315,0.244,1.07,8.03,0.34,True,True,PASS
fold2_room1_mix188,walk,safe,normal,1,0.0016,1.19e-07,52.97760652638082,52.98,0.244,0.2,4.13,8.05,0.98,True,True,PASS
fold2_room1_mix189,static,critical,normal,1,0.0038,1.19e-07,53.335802156525034,53.34,0.306,0.311,1.162,6.19,0.74,True,True,PASS
fold2_room1_mix190,walk,caution,normal,1,0.0017,1.19e-07,40.545109465781785,40.55,0.299,0.28,2.127,8.93,0.97,True,True,PASS
fold2_room1_mix191,walk,caution,normal,1,0.0022,1.19e-07,62.85525020911746,62.86,0.29,0.278,2.903,6.3,0.43,True,True,PASS
fold2_room1_mix192,static,safe,normal,2,0.0051,1.77e-07,50.353918654798235,50.35,0.394,0.25,14.121,8.07,0.42,True,True,PASS
fold2_room1_mix193,walk,caution,normal,1,0.0019,1.19e-07,60.74205253602816,60.74,0.304,0.175,1.728,6.49,0.26,True,True,PASS
fold2_room1_mix194,walk,caution,normal,1,0.0015,1.19e-07,54.5523843868591,54.55,0.301,0.188,2.934,8.59,0.47,True,True,PASS
fold2_room1_mix195,static,critical,normal,3,0.1096,2.22e-07,54.78427850421629,54.78,0.354,0.342,0.846,7.74,0.44,True,True,PASS
fold2_room1_mix196,static,safe,normal,3,0.0416,2.29e-07,42.2614227201976,42.26,0.399,0.314,9.336,7.03,0.99,True,True,PASS
fold2_room1_mix197,walk,caution,normal,1,0.0027,1.19e-07,45.5284188611513,45.53,0.286,0.25,2.603,6.5,0.99,True,True,PASS
fold2_room1_mix198,static,safe,normal,2,0.0009,1.77e-07,45.65966926678053,45.66,0.253,0.343,7.536,6.2,0.98,True,True,PASS
fold2_room1_mix199,static,caution,normal,1,0.0035,1.19e-07,62.1688206556809,62.17,0.315,0.233,1.615,7.42,0.62,True,True,PASS
fold2_room1_mix200,walk,caution,normal,2,0.1711,1.79e-07,59.0657760509084,59.07,0.298,0.248,2.298,6.9,0.63,True,True,PASS
fold2_room1_mix201,walk,critical,normal,1,0.0044,1.19e-07,45.38290219878242,45.38,0.304,0.308,1.39,7.01,0.99,True,True,PASS
fold2_room1_mix202,static,safe,normal,2,0.0012,1.77e-07,42.866099597283224,42.87,0.369,0.352,5.012,8.18,0.98,True,True,PASS
fold2_room1_mix203,walk,caution,normal,2,0.004,1.78e-07,63.125788816033534,63.13,0.295,0.209,1.952,7.76,0.54,True,True,PASS
fold2_room1_mix204,static,critical,normal,2,0.0053,1.76e-07,51.13454076448133,51.13,0.262,0.338,1.088,8.85,0.98,True,True,PASS
fold2_room1_mix205,static,caution,normal,1,0.0021,1.19e-07,62.91864313204591,62.92,0.363,0.254,2.201,8.86,0.3,True,True,PASS
fold2_room1_mix206,static,safe,normal,1,0.0005,1.19e-07,58.24534781435842,58.25,0.26,0.226,13.793,6.64,0.37,True,True,PASS
fold2_room1_mix207,static,caution,normal,1,0.0029,1.19e-07,53.39983147933127,53.4,0.25,0.333,2.064,8.04,0.64,True,True,PASS
fold2_room1_mix208,static,caution,normal,3,0.0238,2.23e-07,56.234407345145,56.23,0.274,0.426,2.57,8.3,0.42,True,True,PASS
fold2_room1_mix209,static,caution,normal,1,0.0028,1.19e-07,64.6353305828686,64.64,0.355,0.186,2.964,6.68,0.24,True,True,PASS
fold2_room1_mix210,walk,critical,normal,1,0.004,1.19e-07,56.48865417746778,56.49,0.267,0.275,1.214,8.21,0.53,True,True,PASS
fold2_room1_mix211,static,critical,normal,1,0.004,1.19e-07,57.06738798358823,57.07,0.24,0.219,1.49,8.24,0.72,True,True,PASS
fold2_room1_mix212,static,caution,normal,2,0.0126,1.76e-07,59.56726127004835,59.57,0.393,0.218,2.916,6.87,0.42,True,True,PASS
fold2_room1_mix213,walk,safe,normal,1,0.0007,1.19e-07,50.37481386151636,50.37,0.275,0.212,7.244,6.31,0.52,True,True,PASS
fold2_room1_mix214,walk,safe,normal,2,0.0067,1.77e-07,40.05237432605404,40.05,0.254,0.326,6.089,6.1,0.98,True,True,PASS
fold2_room1_mix215,walk,critical,normal,3,0.2617,2.34e-07,61.51252767032497,61.51,0.302,0.356,1.069,6.8,0.2,True,True,PASS
fold2_room1_mix216,walk,safe,normal,3,0.023,2.31e-07,54.49862286068925,54.5,0.337,0.379,12.858,7.96,0.35,True,True,PASS
fold2_room1_mix217,static,critical,normal,2,0.0101,1.76e-07,54.196362593273285,54.2,0.338,0.259,0.856,8.73,0.44,True,True,PASS
fold2_room1_mix218,static,critical,normal,2,0.0055,1.77e-07,49.563274227631915,49.56,0.258,0.312,0.872,6.43,0.92,True,True,PASS
fold2_room1_mix219,static,safe,normal,1,0.0009,1.19e-07,53.98753858162098,53.99,0.24,0.237,11.824,6.04,0.85,True,True,PASS
fold2_room1_mix220,static,critical,normal,2,0.0322,1.78e-07,62.22928354446847,62.23,0.362,0.216,1.467,6.49,0.35,True,True,PASS
fold2_room1_mix221,walk,critical,normal,1,0.003,1.19e-07,48.70456574085854,48.7,0.214,0.306,1.379,6.58,0.93,True,True,PASS
fold2_room1_mix222,walk,critical,normal,3,0.0349,2.24e-07,50.68702091620352,50.69,0.473,0.328,1.222,7.09,0.78,True,True,PASS
fold2_room1_mix223,walk,safe,normal,1,0.0005,1.19e-07,57.2206884850683,57.22,0.235,0.241,11.128,7.2,0.27,True,True,PASS
fold2_room1_mix224,walk,caution,normal,3,0.1128,2.30e-07,42.5097482898785,42.51,0.443,0.326,2.172,6.48,0.98,True,True,PASS
fold2_room1_mix225,walk,safe,normal,1,0.0014,1.19e-07,58.507802944448954,58.51,0.256,0.289,6.51,6.11,0.43,True,True,PASS
fold2_room1_mix226,walk,caution,normal,2,0.0052,1.77e-07,54.58335248720098,54.58,0.319,0.276,2.722,8.23,0.49,True,True,PASS
fold2_room1_mix227,walk,caution,normal,1,0.0016,1.19e-07,62.286181394878284,62.29,0.389,0.283,1.878,7.49,0.28,True,True,PASS
fold2_room1_mix228,walk,critical,normal,2,0.0039,1.76e-07,63.250887322458695,63.25,0.256,0.275,1.328,8.08,0.4,True,True,PASS
fold2_room1_mix229,walk,caution,normal,2,0.1574,1.78e-07,60.49240917479308,60.49,0.266,0.28,1.959,7.05,0.65,True,True,PASS
fold2_room1_mix230,static,critical,normal,1,0.0052,1.19e-07,52.8150889753251,52.82,0.293,0.312,1.035,8.26,0.51,True,True,PASS
fold2_room1_mix231,static,safe,normal,2,0.0007,1.75e-07,41.712578746300125,41.71,0.251,0.343,7.456,8.99,0.97,True,True,PASS
fold2_room1_mix232,walk,caution,normal,2,0.0018,1.78e-07,54.0341315713889,54.03,0.293,0.288,2.099,7.7,0.48,True,True,PASS
fold2_room1_mix233,walk,safe,normal,2,0.0011,1.77e-07,52.54204214754284,52.54,0.267,0.274,8.699,6.6,0.81,True,True,PASS
fold2_room1_mix234,walk,critical,normal,1,0.005,1.19e-07,64.68307602653096,64.68,0.317,0.283,0.898,8.9,0.3,True,True,PASS
fold2_room1_mix235,walk,caution,normal,1,0.0026,1.19e-07,47.79851969402181,47.8,0.292,0.264,2.177,8.79,0.93,True,True,PASS
fold2_room1_mix236,static,caution,normal,2,0.0018,1.77e-07,59.594511043880885,59.59,0.358,0.456,1.589,8.81,0.21,True,True,PASS
fold2_room1_mix237,static,critical,normal,2,0.0049,1.77e-07,62.25528949975642,62.26,0.314,0.337,1.087,8.6,0.26,True,True,PASS
fold2_room1_mix238,static,safe,normal,2,0.0011,1.77e-07,63.35549197281082,63.36,0.317,0.473,8.743,8.01,0.24,True,True,PASS
fold2_room1_mix239,static,caution,normal,2,0.0304,1.76e-07,49.44280468909102,49.44,0.351,0.371,2.46,6.21,0.57,True,True,PASS
fold2_room1_mix240,static,critical,normal,2,0.0037,1.74e-07,56.231010393817655,56.23,0.375,0.317,0.939,8.05,0.4,True,True,PASS
fold2_room4_mix001,static,na,siren_worstnoise,1,0.0077,1.19e-07,63.2174352093389,63.22,0.255,0.244,,,,True,True,PASS
fold2_room4_mix002,static,na,siren_worstnoise,1,0.1249,1.26e-07,64.16895883387461,64.17,0.235,0.34,,,,True,True,PASS
fold2_room4_mix003,static,na,siren_worstnoise,1,0.0069,1.19e-07,64.92224800273412,64.92,0.276,0.338,,,,True,True,PASS
fold2_room4_mix004,static,na,siren_worstnoise,1,0.0949,1.26e-07,64.66940853702381,64.67,0.249,0.247,,,,True,True,PASS
fold2_room4_mix005,static,na,siren_worstnoise,1,0.05,1.21e-07,62.493718868748594,62.49,0.234,0.288,,,,True,True,PASS
fold2_room4_mix006,static,na,siren_worstnoise,1,0.0545,1.20e-07,62.192275639552456,62.19,0.238,0.318,,,,True,True,PASS
fold2_room4_mix007,static,na,siren_worstnoise,1,0.1555,1.32e-07,62.47764859698727,62.48,0.279,0.285,,,,True,True,PASS
fold2_room4_mix008,static,na,siren_worstnoise,1,0.0489,1.21e-07,64.87943926045726,64.88,0.245,0.273,,,,True,True,PASS
fold2_room4_mix009,static,na,siren_worstnoise,1,0.0742,1.26e-07,62.469565421454874,62.47,0.251,0.272,,,,True,True,PASS
fold2_room4_mix010,static,na,siren_worstnoise,1,0.1362,1.30e-07,60.04360910018377,60.04,0.254,0.328,,,,True,True,PASS
fold2_room4_mix011,walk,na,siren_worstnoise,1,0.0177,1.20e-07,61.01257236436932,61.01,0.229,0.321,,,,True,True,PASS
fold2_room4_mix012,walk,na,siren_worstnoise,1,0.0252,1.20e-07,63.444228608797836,63.44,0.238,0.311,,,,True,True,PASS
fold2_room4_mix013,walk,na,siren_worstnoise,1,0.0637,1.23e-07,61.00433326408263,61.0,0.269,0.302,,,,True,True,PASS
fold2_room4_mix014,walk,na,siren_worstnoise,1,0.0195,1.20e-07,60.111974018143144,60.11,0.241,0.264,,,,True,True,PASS
fold2_room4_mix015,walk,na,siren_worstnoise,1,0.0342,1.20e-07,60.072079575360235,60.07,0.242,0.306,,,,True,True,PASS
fold2_room4_mix016,walk,na,siren_worstnoise,1,0.0486,1.21e-07,63.33590318901616,63.34,0.253,0.363,,,,True,True,PASS
fold2_room4_mix017,walk,na,siren_worstnoise,1,0.07,1.24e-07,64.71129751396029,64.71,0.228,0.34,,,,True,True,PASS
fold2_room4_mix018,walk,na,siren_worstnoise,1,0.025,1.21e-07,63.578740839017975,63.58,0.252,0.283,,,,True,True,PASS
fold2_room4_mix019,walk,na,siren_worstnoise,1,0.0142,1.19e-07,61.12622045638339,61.13,0.244,0.339,,,,True,True,PASS
fold2_room4_mix020,walk,na,siren_worstnoise,1,0.0342,1.20e-07,62.676975263618004,62.68,0.258,0.317,,,,True,True,PASS
fold2_room5_mix001,static,na,silent_negative,0,0.0001,5.96e-08,46.66838848119129,46.67,0.0,0.0,,,,True,True,PASS
fold2_room5_mix002,static,na,silent_negative,0,0.0001,5.96e-08,51.63310740231234,51.63,0.0,0.0,,,,True,True,PASS
fold2_room5_mix003,static,na,silent_negative,0,0.0001,5.96e-08,52.35167677711364,52.35,0.0,0.0,,,,True,True,PASS
fold2_room5_mix004,static,na,silent_negative,0,0.0003,5.96e-08,58.136992777485204,58.14,0.0,0.0,,,,True,True,PASS
fold2_room5_mix005,static,na,silent_negative,0,0.0001,5.96e-08,47.75271428648849,47.75,0.0,0.0,,,,True,True,PASS
fold2_room5_mix006,static,na,silent_negative,0,0.0001,5.96e-08,52.52346806196778,52.52,0.0,0.0,,,,True,True,PASS
fold2_room5_mix007,static,na,silent_negative,0,0.0004,5.96e-08,62.32578655246511,62.33,0.0,0.0,,,,True,True,PASS
fold2_room5_mix008,static,na,silent_negative,0,0.0003,5.96e-08,59.89969800765091,59.9,0.0,0.0,,,,True,True,PASS
fold2_room5_mix009,static,na,silent_negative,0,0.0003,5.96e-08,60.3013548314663,60.3,0.0,0.0,,,,True,True,PASS
fold2_room5_mix010,static,na,silent_negative,0,0.0001,5.96e-08,53.27034477645084,53.27,0.0,0.0,,,,True,True,PASS
fold2_room5_mix011,walk,na,silent_negative,0,0.0001,5.96e-08,49.72260560483712,49.72,0.0,0.0,,,,True,True,PASS
fold2_room5_mix012,walk,na,silent_negative,0,0.0002,5.96e-08,55.809783488358136,55.81,0.0,0.0,,,,True,True,PASS
fold2_room5_mix013,walk,na,silent_negative,0,0.0001,5.96e-08,45.568325425507375,45.57,0.0,0.0,,,,True,True,PASS
fold2_room5_mix014,walk,na,silent_negative,0,0.0003,5.96e-08,59.84402004764475,59.84,0.0,0.0,,,,True,True,PASS
fold2_room5_mix015,walk,na,silent_negative,0,0.0,5.96e-08,41.891533184599766,41.89,0.0,0.0,,,,True,True,PASS
fold2_room5_mix016,walk,na,silent_negative,0,0.0004,5.96e-08,62.53209490424203,62.53,0.0,0.0,,,,True,True,PASS
fold2_room5_mix017,walk,na,silent_negative,0,0.0003,5.96e-08,59.26816381996087,59.27,0.0,0.0,,,,True,True,PASS
fold2_room5_mix018,walk,na,silent_negative,0,0.0001,5.96e-08,42.95556615897033,42.96,0.0,0.0,,,,True,True,PASS
fold2_room5_mix019,walk,na,silent_negative,0,0.0004,5.96e-08,62.264590610075935,62.26,0.0,0.0,,,,True,True,PASS
fold2_room5_mix020,walk,na,silent_negative,0,0.0001,5.96e-08,49.848585449164574,49.85,0.0,0.0,,,,True,True,PASS
fold2_room6_mix001,static,critical,backup_reverse,2,0.0216,1.76e-07,41.06739291334341,41.07,0.336,0.239,1.389,7.04,1.0,True,True,PASS
fold2_room6_mix002,static,caution,backup_reverse,2,0.008,1.77e-07,62.84885860573425,62.85,0.27,0.286,2.18,7.24,0.95,True,True,PASS
fold2_room6_mix003,static,critical,backup_reverse,2,0.0276,1.77e-07,43.30036375871459,43.3,0.335,0.258,0.965,6.12,1.0,True,True,PASS
fold2_room6_mix004,static,caution,backup_reverse,2,0.0052,1.77e-07,50.65419743553972,50.65,0.227,0.22,2.315,8.61,1.0,True,True,PASS
fold2_room6_mix005,static,critical,backup_reverse,2,0.0207,1.77e-07,43.65888969225136,43.66,0.273,0.275,1.132,8.1,1.0,True,True,PASS
fold2_room6_mix006,static,caution,backup_reverse,2,0.0102,1.77e-07,47.45572174369242,47.46,0.268,0.253,2.84,7.13,1.0,True,True,PASS
fold2_room6_mix007,static,critical,backup_reverse,2,0.0458,1.77e-07,48.26879702002592,48.27,0.323,0.282,0.865,6.08,1.0,True,True,PASS
fold2_room6_mix008,static,caution,backup_reverse,2,0.0098,1.77e-07,49.665542759986835,49.67,0.277,0.235,2.724,8.67,1.0,True,True,PASS
fold2_room6_mix009,static,critical,backup_reverse,2,0.0052,1.78e-07,49.246911647369814,49.25,0.279,0.243,1.304,6.8,1.0,True,True,PASS
fold2_room6_mix010,static,caution,backup_reverse,2,0.0104,1.76e-07,49.402460920013525,49.4,0.254,0.249,2.561,6.22,1.0,True,True,PASS
fold2_room6_mix011,walk,critical,backup_reverse,2,0.0142,1.76e-07,63.10924962942535,63.11,0.287,0.268,0.857,7.9,0.69,True,True,PASS
fold2_room6_mix012,walk,caution,backup_reverse,2,0.0052,1.78e-07,42.01651515633488,42.02,0.281,0.292,2.024,6.31,1.0,True,True,PASS
fold2_room6_mix013,walk,critical,backup_reverse,2,0.0077,1.76e-07,44.59599139010216,44.6,0.275,0.239,1.437,6.75,1.0,True,True,PASS
fold2_room6_mix014,walk,caution,backup_reverse,2,0.0126,1.76e-07,59.33537671873809,59.34,0.277,0.247,1.859,6.66,1.0,True,True,PASS
fold2_room6_mix015,walk,critical,backup_reverse,2,0.0552,1.77e-07,48.21491205367309,48.21,0.279,0.258,0.673,8.63,1.0,True,True,PASS
fold2_room6_mix016,walk,caution,backup_reverse,2,0.0051,1.77e-07,58.306239800385,58.31,0.244,0.279,2.467,8.48,1.0,True,True,PASS
fold2_room6_mix017,walk,critical,backup_reverse,2,0.0297,1.77e-07,64.85677096528546,64.86,0.295,0.261,1.282,6.64,0.68,True,True,PASS
fold2_room6_mix018,walk,caution,backup_reverse,2,0.0072,1.78e-07,48.25121584572383,48.25,0.299,0.208,2.471,7.54,0.99,True,True,PASS
fold2_room6_mix019,walk,critical,backup_reverse,2,0.0074,1.78e-07,57.0024776880917,57.0,0.27,0.313,1.238,8.49,0.67,True,True,PASS
fold2_room6_mix020,walk,caution,backup_reverse,2,0.0057,1.77e-07,49.95080607751348,49.95,0.253,0.27,2.289,6.78,1.0,True,True,PASS
fold2_room7_mix001,walk,na,bell_overtake,1,0.0032,1.19e-07,47.44013209086673,47.44,0.244,0.24,,,,True,True,PASS
fold2_room7_mix002,walk,na,bell_overtake,1,0.0028,1.19e-07,50.8289103019083,50.83,0.197,0.307,,,,True,True,PASS
fold2_room7_mix003,walk,na,bell_overtake,1,0.0022,1.19e-07,61.23389310692879,61.23,0.363,0.268,,,,True,True,PASS
fold2_room7_mix004,walk,na,bell_overtake,1,0.0012,1.19e-07,57.126822438842424,57.13,0.232,0.307,,,,True,True,PASS
fold2_room7_mix005,walk,na,bell_overtake,1,0.0013,1.19e-07,50.17023774406143,50.17,0.297,0.231,,,,True,True,PASS
fold2_room7_mix006,walk,na,bell_overtake,1,0.0008,1.19e-07,41.070828754216805,41.07,0.264,0.197,,,,True,True,PASS
fold2_room7_mix007,walk,na,bell_overtake,1,0.0042,1.19e-07,62.176224627084125,62.18,0.364,0.271,,,,True,True,PASS
fold2_room7_mix008,walk,na,bell_overtake,1,0.002,1.19e-07,44.50865144669203,44.51,0.255,0.246,,,,True,True,PASS
fold2_room7_mix009,walk,na,bell_overtake,1,0.0014,1.19e-07,46.58860271668931,46.59,0.3,0.318,,,,True,True,PASS
fold2_room7_mix010,walk,na,bell_overtake,1,0.002,1.19e-07,62.27638891867309,62.28,0.374,0.278,,,,True,True,PASS
fold2_room7_mix011,walk,na,bell_overtake,1,0.0009,1.19e-07,58.14611920335331,58.15,0.283,0.222,,,,True,True,PASS
fold2_room7_mix012,walk,na,bell_overtake,1,0.0019,1.19e-07,44.14992818358576,44.15,0.252,0.258,,,,True,True,PASS
fold2_room7_mix013,walk,na,bell_overtake,1,0.0066,1.19e-07,41.93943386248192,41.94,0.334,0.237,,,,True,True,PASS
fold2_room7_mix014,walk,na,bell_overtake,1,0.0029,1.19e-07,45.66375713321506,45.66,0.274,0.259,,,,True,True,PASS
fold2_room7_mix015,walk,na,bell_overtake,1,0.0031,1.19e-07,40.796997580733326,40.8,0.397,0.359,,,,True,True,PASS
fold2_room7_mix016,walk,na,bell_overtake,1,0.0012,1.19e-07,53.839993220778915,53.84,0.201,0.284,,,,True,True,PASS
fold2_room7_mix017,walk,na,bell_overtake,1,0.001,1.19e-07,55.7145145948177,55.71,0.257,0.276,,,,True,True,PASS
fold2_room7_mix018,walk,na,bell_overtake,1,0.0022,1.19e-07,51.0127133388159,51.01,0.338,0.32,,,,True,True,PASS
fold2_room7_mix019,walk,na,bell_overtake,1,0.0013,1.19e-07,57.69151545881408,57.69,0.312,0.283,,,,True,True,PASS
fold2_room7_mix020,walk,na,bell_overtake,1,0.0034,1.19e-07,60.97545334947792,60.98,0.282,0.218,,,,True,True,PASS
fold2_room8_mix001,walk,caution,crossing_wait,2,0.002,1.78e-07,47.915482473316374,47.92,0.27,0.399,2.861,6.66,0.99,True,True,PASS
fold2_room8_mix002,walk,caution,crossing_wait,2,0.0027,1.76e-07,61.59930709708736,61.6,0.282,0.262,2.335,6.96,0.95,True,True,PASS
fold2_room8_mix003,walk,caution,crossing_wait,2,0.0028,1.77e-07,47.24057151603151,47.24,0.27,0.285,1.98,6.37,1.0,True,True,PASS
fold2_room8_mix004,walk,caution,crossing_wait,2,0.0032,1.77e-07,49.6808168888933,49.68,0.341,0.252,1.558,6.82,0.99,True,True,PASS
fold2_room8_mix005,walk,caution,crossing_wait,2,0.0037,1.77e-07,54.884117135997165,54.88,0.277,0.239,1.712,8.51,0.98,True,True,PASS
fold2_room8_mix006,walk,caution,crossing_wait,2,0.0019,1.77e-07,53.82115703370806,53.82,0.28,0.272,2.464,7.93,0.84,True,True,PASS
fold2_room8_mix007,walk,caution,crossing_wait,2,0.0027,1.77e-07,51.99506081331099,52.0,0.266,0.2,2.197,7.64,0.99,True,True,PASS
fold2_room8_mix008,walk,caution,crossing_wait,2,0.0016,1.77e-07,56.89821305629944,56.9,0.341,0.455,2.947,7.88,0.89,True,True,PASS
fold2_room8_mix009,walk,caution,crossing_wait,2,0.0023,1.78e-07,52.69682542828369,52.7,0.259,0.339,2.846,6.09,0.91,True,True,PASS
fold2_room8_mix010,walk,caution,crossing_wait,2,0.0018,1.78e-07,45.197727826811395,45.2,0.253,0.327,2.602,6.73,0.99,True,True,PASS
fold2_room8_mix011,walk,caution,crossing_wait,2,0.0031,1.77e-07,50.57156490389791,50.57,0.237,0.228,1.577,7.39,0.99,True,True,PASS
fold2_room8_mix012,walk,caution,crossing_wait,2,0.0021,1.78e-07,63.07329025755686,63.07,0.433,0.256,2.086,7.81,0.43,True,True,PASS
fold2_room8_mix013,walk,caution,crossing_wait,2,0.0025,1.78e-07,47.717275123080974,47.72,0.262,0.232,2.301,7.64,0.99,True,True,PASS
fold2_room8_mix014,walk,caution,crossing_wait,2,0.0029,1.78e-07,56.32232867341261,56.32,0.277,0.313,1.572,6.98,0.73,True,True,PASS
fold2_room8_mix015,walk,caution,crossing_wait,2,0.0019,1.77e-07,55.38908343452316,55.39,0.286,0.254,2.255,6.39,0.82,True,True,PASS
fold2_room8_mix016,walk,caution,crossing_wait,2,0.0024,1.78e-07,64.08179045271613,64.08,0.266,0.222,2.285,6.96,0.61,True,True,PASS
fold2_room8_mix017,walk,caution,crossing_wait,2,0.0027,1.78e-07,57.2364173987413,57.24,0.237,0.302,1.872,8.31,0.99,True,True,PASS
fold2_room8_mix018,walk,caution,crossing_wait,2,0.0026,1.78e-07,57.65177037593386,57.65,0.458,0.264,2.702,7.34,0.72,True,True,PASS
fold2_room8_mix019,walk,caution,crossing_wait,2,0.0024,1.78e-07,54.11759596694778,54.12,0.403,0.273,2.233,6.61,1.0,True,True,PASS
fold2_room8_mix020,walk,caution,crossing_wait,2,0.0025,1.77e-07,56.813416838799235,56.81,0.356,0.198,1.694,8.73,0.88,True,True,PASS
fold2_room9_mix001,walk,na,intersection_siren,1,0.1978,1.32e-07,62.46829995226726,62.47,0.223,0.337,,,,True,True,PASS
fold2_room9_mix002,walk,na,intersection_siren,1,0.3234,1.45e-07,55.153260025773385,55.15,0.239,0.315,,,,True,True,PASS
fold2_room9_mix003,walk,na,intersection_siren,1,0.251,1.33e-07,43.72942969641227,43.73,0.393,0.209,,,,True,True,PASS
fold2_room9_mix004,walk,na,intersection_siren,1,0.5311,1.64e-07,42.43041899937108,42.43,0.393,0.318,,,,True,True,PASS
fold2_room9_mix005,walk,na,intersection_siren,1,0.7639,1.77e-07,41.49044174012256,41.49,0.231,0.36,,,,True,True,PASS
fold2_room9_mix006,walk,na,intersection_siren,1,0.0773,1.21e-07,54.97174520165311,54.97,0.26,0.289,,,,True,True,PASS
fold2_room9_mix007,walk,na,intersection_siren,1,0.0985,1.22e-07,64.26817596428023,64.27,0.254,0.235,,,,True,True,PASS
fold2_room9_mix008,walk,na,intersection_siren,1,0.0333,1.20e-07,51.67054255241975,51.67,0.229,0.348,,,,True,True,PASS
fold2_room9_mix009,walk,na,intersection_siren,1,0.2195,1.29e-07,52.14777105042058,52.15,0.195,0.34,,,,True,True,PASS
fold2_room9_mix010,walk,na,intersection_siren,1,0.2053,1.27e-07,56.226940732031125,56.23,0.269,0.339,,,,True,True,PASS
fold2_room9_mix011,walk,na,intersection_siren,1,0.2971,1.40e-07,54.3334307164962,54.33,0.234,0.27,,,,True,True,PASS
fold2_room9_mix012,walk,na,intersection_siren,1,0.0739,1.21e-07,63.20731483739375,63.21,0.28,0.332,,,,True,True,PASS
fold2_room9_mix013,walk,na,intersection_siren,1,0.0985,1.24e-07,43.82464357071137,43.82,0.237,0.233,,,,True,True,PASS
fold2_room9_mix014,walk,na,intersection_siren,1,0.0526,1.21e-07,60.21077456341824,60.21,0.43,0.313,,,,True,True,PASS
fold2_room9_mix015,walk,na,intersection_siren,1,0.6592,1.76e-07,41.26049762192632,41.26,0.154,0.316,,,,True,True,PASS
fold2_room9_mix016,walk,na,intersection_siren,1,0.4524,1.47e-07,50.71084448529352,50.71,0.241,0.257,,,,True,True,PASS
fold2_room9_mix017,walk,na,intersection_siren,1,0.0529,1.20e-07,52.246423732093504,52.25,0.233,0.246,,,,True,True,PASS
fold2_room9_mix018,walk,na,intersection_siren,1,0.0508,1.21e-07,60.14133673444957,60.14,0.284,0.326,,,,True,True,PASS
fold2_room9_mix019,walk,na,intersection_siren,1,0.2578,1.35e-07,52.66672745685114,52.67,0.272,0.335,,,,True,True,PASS
fold2_room9_mix020,walk,na,intersection_siren,1,0.2606,1.40e-07,41.0102800064312,41.01,0.26,0.267,,,,True,True,PASS
fold3_room1_mix001,static,critical,normal,3,0.0033,2.27e-07,49.84741467115515,49.85,0.318,0.293,1.311,7.95,0.86,True,True,PASS
fold3_room1_mix002,walk,safe,normal,2,0.0015,1.76e-07,61.51471389101374,61.51,0.288,0.32,8.731,6.39,0.33,True,True,PASS
fold3_room1_mix003,walk,critical,normal,2,0.004,1.78e-07,63.3758561201671,63.38,0.276,0.244,1.479,6.04,0.51,True,True,PASS
fold3_room1_mix004,static,caution,normal,3,0.0064,2.30e-07,63.68358314897137,63.68,0.367,0.332,2.471,6.59,0.42,True,True,PASS
fold3_room1_mix005,walk,safe,normal,2,0.0487,1.77e-07,54.50914580824113,54.51,0.259,0.323,4.791,6.45,0.56,True,True,PASS
fold3_room1_mix006,walk,safe,normal,3,0.1016,2.31e-07,64.27737042340547,64.28,0.372,0.197,14.202,6.47,0.01,True,True,PASS
fold3_room1_mix007,static,caution,normal,3,0.1911,2.27e-07,54.370012424279466,54.37,0.323,0.268,2.289,8.18,0.54,True,True,PASS
fold3_room1_mix008,static,critical,normal,2,0.1661,1.81e-07,62.725286041115226,62.73,0.308,0.442,0.978,8.91,0.16,True,True,PASS
fold3_room1_mix009,static,caution,normal,1,0.0023,1.19e-07,44.39770097998929,44.4,0.255,0.289,1.827,7.31,0.98,True,True,PASS
fold3_room1_mix010,static,caution,normal,2,0.0014,1.77e-07,40.05187567703496,40.05,0.321,0.289,2.788,6.43,0.99,True,True,PASS
fold3_room1_mix011,walk,critical,normal,1,0.003,1.19e-07,55.14433389095457,55.14,0.288,0.237,0.869,8.45,0.44,True,True,PASS
fold3_room1_mix012,walk,critical,normal,3,0.1644,2.26e-07,58.47573122942171,58.48,0.342,0.281,1.055,7.53,0.51,True,True,PASS
fold3_room1_mix013,walk,safe,normal,2,0.0413,1.78e-07,52.73556000592923,52.74,0.287,0.263,12.13,8.16,0.43,True,True,PASS
fold3_room1_mix014,walk,critical,normal,1,0.0031,1.19e-07,47.37024699292267,47.37,0.257,0.322,0.874,6.41,0.98,True,True,PASS
fold3_room1_mix015,static,safe,normal,2,0.0012,1.76e-07,59.39784822659219,59.4,0.335,0.435,14.606,8.56,0.3,True,True,PASS
fold3_room1_mix016,static,safe,normal,1,0.0006,1.19e-07,42.144297633782905,42.14,0.216,0.317,9.945,6.28,0.98,True,True,PASS
fold3_room1_mix017,walk,safe,normal,2,0.001,1.77e-07,47.53168164538644,47.53,0.242,0.325,8.911,6.67,0.98,True,True,PASS
fold3_room1_mix018,static,safe,normal,2,0.0004,1.77e-07,52.56535399903699,52.57,0.307,0.349,12.533,8.35,0.58,True,True,PASS
fold3_room1_mix019,static,critical,normal,1,0.0028,1.19e-07,58.094863102299186,58.09,0.31,0.289,0.984,8.27,0.38,True,True,PASS
fold3_room1_mix020,walk,critical,normal,1,0.0034,1.19e-07,55.92136238672064,55.92,0.296,0.239,1.284,7.84,0.62,True,True,PASS
fold3_room1_mix021,static,caution,normal,3,0.2764,2.35e-07,51.95532665856909,51.96,0.279,0.393,2.968,7.81,0.78,True,True,PASS
fold3_room1_mix022,static,caution,normal,1,0.0033,1.19e-07,43.04284099218974,43.04,0.257,0.312,1.869,6.13,0.99,True,True,PASS
fold3_room1_mix023,walk,caution,normal,1,0.0017,1.19e-07,52.95957378808612,52.96,0.297,0.216,2.804,7.84,0.48,True,True,PASS
fold3_room1_mix024,walk,safe,normal,1,0.0005,1.19e-07,42.003057221466506,42.0,0.258,0.33,10.893,8.4,0.97,True,True,PASS
fold3_room1_mix025,static,safe,normal,2,0.0022,1.77e-07,56.63895805879521,56.64,0.372,0.248,13.058,8.58,0.3,True,True,PASS
fold3_room1_mix026,static,caution,normal,1,0.0021,1.19e-07,62.64409946469297,62.64,0.306,0.231,1.615,8.46,0.29,True,True,PASS
fold3_room1_mix027,walk,safe,normal,3,0.0406,1.78e-07,46.79767680578161,46.8,0.252,0.424,3.703,8.56,0.99,True,True,PASS
fold3_room1_mix028,walk,caution,normal,2,0.024,1.78e-07,56.29207158526366,56.29,0.346,0.333,2.065,8.23,0.41,True,True,PASS
fold3_room1_mix029,static,critical,normal,2,0.0046,1.76e-07,46.75790828382264,46.76,0.261,0.341,0.927,8.33,0.98,True,True,PASS
fold3_room1_mix030,static,critical,normal,2,0.0035,1.77e-07,41.10888505011387,41.11,0.256,0.247,0.97,7.53,0.99,True,True,PASS
fold3_room1_mix031,static,caution,normal,2,0.0047,1.75e-07,62.40604075490452,62.41,0.335,0.402,2.989,6.08,0.33,True,True,PASS
fold3_room1_mix032,static,safe,normal,1,0.0007,1.19e-07,57.578054646519334,57.58,0.253,0.192,12.679,7.6,0.43,True,True,PASS
fold3_room1_mix033,walk,critical,normal,3,0.0612,2.30e-07,50.3104513231994,50.31,0.274,0.35,0.97,7.6,0.84,True,True,PASS
fold3_room1_mix034,static,safe,normal,2,0.0396,1.76e-07,59.869481710508744,59.87,0.428,0.193,13.796,7.55,0.26,True,True,PASS
fold3_room1_mix035,static,safe,normal,1,0.0016,1.19e-07,53.293505533832416,53.29,0.277,0.329,3.877,7.07,0.47,True,True,PASS
fold3_room1_mix036,walk,caution,normal,1,0.0026,1.19e-07,40.115892176348744,40.12,0.267,0.307,2.559,6.27,0.99,True,True,PASS
fold3_room1_mix037,walk,safe,normal,2,0.0247,1.76e-07,58.025917579452894,58.03,0.293,0.319,10.755,6.26,0.36,True,True,PASS
fold3_room1_mix038,walk,critical,normal,2,0.005,1.77e-07,40.57313147479972,40.57,0.288,0.262,1.22,7.99,1.0,True,True,PASS
fold3_room1_mix039,static,safe,normal,1,0.001,1.19e-07,57.89064786131115,57.89,0.188,0.295,8.253,7.22,0.55,True,True,PASS
fold3_room1_mix040,walk,caution,normal,2,0.0117,1.76e-07,54.201928777027085,54.2,0.294,0.304,2.036,7.69,0.97,True,True,PASS
fold3_room1_mix041,static,critical,normal,2,0.0369,1.77e-07,40.06657411314371,40.07,0.4,0.294,1.369,6.98,0.98,True,True,PASS
fold3_room1_mix042,static,critical,normal,1,0.0031,1.19e-07,55.83708282070663,55.84,0.331,0.194,1.494,6.65,0.47,True,True,PASS
fold3_room1_mix043,static,critical,normal,1,0.0047,1.19e-07,45.72063362781753,45.72,0.271,0.349,1.255,8.55,0.98,True,True,PASS
fold3_room1_mix044,walk,safe,normal,3,0.0212,2.32e-07,48.17444462583623,48.17,0.291,0.351,6.365,8.57,0.97,True,True,PASS
fold3_room1_mix045,walk,critical,normal,2,0.0188,1.77e-07,64.42134587302529,64.42,0.461,0.386,1.182,8.15,0.17,True,True,PASS
fold3_room1_mix046,static,caution,normal,2,0.002,1.78e-07,55.58271098202368,55.58,0.344,0.268,1.655,6.81,0.41,True,True,PASS
fold3_room1_mix047,static,safe,normal,2,0.0006,1.75e-07,41.766911998005476,41.77,0.352,0.234,10.486,6.66,0.99,True,True,PASS
fold3_room1_mix048,walk,caution,normal,3,0.0018,2.26e-07,43.78162654063786,43.78,0.421,0.418,2.794,8.78,0.99,True,True,PASS
fold3_room1_mix049,walk,safe,normal,1,0.0006,1.19e-07,51.34286165502411,51.34,0.279,0.281,10.182,7.32,0.62,True,True,PASS
fold3_room1_mix050,walk,critical,normal,2,0.0083,1.77e-07,40.807077728407904,40.81,0.26,0.292,1.382,8.23,0.98,True,True,PASS
fold3_room1_mix051,walk,safe,normal,3,0.0032,2.28e-07,58.55004537358854,58.55,0.245,0.392,6.242,6.24,0.59,True,True,PASS
fold3_room1_mix052,walk,safe,normal,2,0.0018,1.75e-07,57.31839051343574,57.32,0.275,0.272,8.742,7.11,0.62,True,True,PASS
fold3_room1_mix053,walk,safe,normal,2,0.0699,1.77e-07,62.493502355904965,62.49,0.265,0.277,3.401,7.03,0.45,True,True,PASS
fold3_room1_mix054,static,critical,normal,2,0.0043,1.77e-07,50.50782247156925,50.51,0.337,0.369,1.066,7.63,0.96,True,True,PASS
fold3_room1_mix055,walk,caution,normal,2,0.002,1.77e-07,42.44032658608996,42.44,0.286,0.265,2.312,6.66,0.97,True,True,PASS
fold3_room1_mix056,static,critical,normal,2,0.0024,1.75e-07,62.41219653179074,62.41,0.323,0.283,1.399,8.92,0.28,True,True,PASS
fold3_room1_mix057,walk,critical,normal,2,0.0023,1.77e-07,59.85369813988006,59.85,0.296,0.259,1.274,8.59,0.37,True,True,PASS
fold3_room1_mix058,static,critical,normal,2,0.0035,1.76e-07,54.82801918994881,54.83,0.275,0.309,1.323,8.05,0.75,True,True,PASS
fold3_room1_mix059,walk,safe,normal,2,0.0626,1.76e-07,50.466421237434965,50.47,0.327,0.313,10.471,6.63,0.79,True,True,PASS
fold3_room1_mix060,walk,safe,normal,2,0.0008,1.78e-07,53.415497078779254,53.42,0.26,0.292,14.55,8.89,0.4,True,True,PASS
fold3_room1_mix061,static,critical,normal,2,0.0026,1.76e-07,51.16272646386683,51.16,0.268,0.224,1.482,6.68,0.66,True,True,PASS
fold3_room1_mix062,walk,critical,normal,1,0.0027,1.19e-07,47.91721286023856,47.92,0.305,0.263,1.376,6.21,0.98,True,True,PASS
fold3_room1_mix063,walk,caution,normal,3,0.2418,2.30e-07,46.92102123641297,46.92,0.267,0.288,1.601,8.17,0.98,True,True,PASS
fold3_room1_mix064,static,critical,normal,1,0.005,1.19e-07,55.721336714412175,55.72,0.281,0.325,0.767,6.28,0.9,True,True,PASS
fold3_room1_mix065,walk,critical,normal,3,0.0046,2.23e-07,63.56277419076548,63.56,0.294,0.29,1.28,7.29,0.43,True,True,PASS
fold3_room1_mix066,walk,safe,normal,1,0.0008,1.19e-07,57.76994382146306,57.77,0.265,0.181,11.43,6.31,0.64,True,True,PASS
fold3_room1_mix067,walk,safe,normal,2,0.0012,1.78e-07,51.112496091751694,51.11,0.26,0.274,5.441,7.9,0.93,True,True,PASS
fold3_room1_mix068,static,caution,normal,1,0.0019,1.19e-07,59.800111312884255,59.8,0.253,0.326,2.097,8.39,0.24,True,True,PASS
fold3_room1_mix069,static,safe,normal,2,0.001,1.76e-07,46.52366846816888,46.52,0.266,0.265,13.762,8.25,0.95,True,True,PASS
fold3_room1_mix070,walk,safe,normal,2,0.0008,1.78e-07,51.6035179570305,51.6,0.432,0.375,9.377,8.83,0.7,True,True,PASS
fold3_room1_mix071,static,caution,normal,3,0.0146,2.31e-07,42.32119724631543,42.32,0.322,0.239,1.813,8.07,0.97,True,True,PASS
fold3_room1_mix072,walk,critical,normal,2,0.0049,1.77e-07,56.35995366815861,56.36,0.269,0.366,0.952,7.81,0.61,True,True,PASS
fold3_room1_mix073,walk,safe,normal,2,0.0007,1.78e-07,55.88672523317151,55.89,0.356,0.337,14.776,7.93,0.59,True,True,PASS
fold3_room1_mix074,walk,critical,normal,2,0.0044,1.77e-07,48.87585018954371,48.88,0.338,0.271,0.853,8.11,0.98,True,True,PASS
fold3_room1_mix075,walk,critical,normal,2,0.0029,1.77e-07,44.25321414197492,44.25,0.247,0.348,0.954,7.11,0.98,True,True,PASS
fold3_room1_mix076,static,safe,normal,3,0.0452,2.28e-07,55.287547983713324,55.29,0.447,0.277,5.073,7.02,0.37,True,True,PASS
fold3_room1_mix077,static,critical,normal,2,0.059,1.77e-07,52.77548569836848,52.78,0.273,0.231,0.687,6.35,0.99,True,True,PASS
fold3_room1_mix078,walk,critical,normal,1,0.0033,1.19e-07,48.8792279587817,48.88,0.299,0.196,1.023,7.72,0.99,True,True,PASS
fold3_room1_mix079,walk,critical,normal,2,0.0046,1.78e-07,46.181765115064636,46.18,0.235,0.324,1.359,6.87,0.97,True,True,PASS
fold3_room1_mix080,static,safe,normal,2,0.0073,1.75e-07,48.03428086218752,48.03,0.317,0.335,5.428,8.87,0.85,True,True,PASS
fold3_room1_mix081,walk,critical,normal,2,0.021,1.77e-07,54.79638693326224,54.8,0.317,0.289,0.731,6.35,0.49,True,True,PASS
fold3_room1_mix082,static,caution,normal,2,0.0033,1.77e-07,49.397152775277576,49.4,0.295,0.308,1.891,7.5,0.97,True,True,PASS
fold3_room1_mix083,static,critical,normal,3,0.0068,2.30e-07,61.710257457855604,61.71,0.302,0.361,0.723,6.74,0.35,True,True,PASS
fold3_room1_mix084,walk,safe,normal,2,0.0047,1.75e-07,64.79150612381784,64.79,0.238,0.248,10.509,8.25,0.23,True,True,PASS
fold3_room1_mix085,static,caution,normal,1,0.0013,1.19e-07,52.524213577034836,52.52,0.266,0.297,2.663,7.52,0.48,True,True,PASS
fold3_room1_mix086,static,safe,normal,3,0.0249,2.28e-07,47.70023569132051,47.7,0.324,0.303,4.949,8.37,0.98,True,True,PASS
fold3_room1_mix087,static,caution,normal,2,0.0034,1.76e-07,57.858274666174424,57.86,0.325,0.312,1.621,7.15,0.45,True,True,PASS
fold3_room1_mix088,static,caution,normal,2,0.0024,1.76e-07,58.37977886290475,58.38,0.325,0.22,2.446,6.47,0.43,True,True,PASS
fold3_room1_mix089,walk,safe,normal,3,0.0263,2.26e-07,51.90986392840134,51.91,0.265,0.311,13.896,7.02,0.99,True,True,PASS
fold3_room1_mix090,walk,caution,normal,2,0.0027,1.77e-07,42.666495746588936,42.67,0.253,0.301,2.434,7.32,0.98,True,True,PASS
fold3_room1_mix091,static,safe,normal,3,0.0386,2.22e-07,56.03715346790252,56.04,0.383,0.289,6.535,7.57,0.44,True,True,PASS
fold3_room1_mix092,walk,critical,normal,1,0.0048,1.19e-07,45.87160862021973,45.87,0.293,0.348,0.905,8.24,0.98,True,True,PASS
fold3_room1_mix093,walk,safe,normal,1,0.0009,1.19e-07,51.85271584877689,51.85,0.345,0.289,3.815,8.28,0.37,True,True,PASS
fold3_room1_mix094,walk,critical,normal,2,0.0313,1.77e-07,42.70008919931024,42.7,0.327,0.256,0.953,7.57,0.99,True,True,PASS
fold3_room1_mix095,static,caution,normal,2,0.0106,1.77e-07,51.63511192370666,51.64,0.379,0.312,1.632,8.49,0.63,True,True,PASS
fold3_room1_mix096,walk,caution,normal,1,0.0024,1.19e-07,49.52147223912038,49.52,0.265,0.226,1.637,8.3,0.98,True,True,PASS
fold3_room1_mix097,walk,safe,normal,1,0.0009,1.19e-07,62.75173328555961,62.75,0.33,0.212,12.357,6.02,0.27,True,True,PASS
fold3_room1_mix098,walk,caution,normal,3,0.0135,2.27e-07,51.20975250344921,51.21,0.345,0.337,2.613,6.37,1.0,True,True,PASS
fold3_room1_mix099,walk,caution,normal,1,0.0026,1.19e-07,63.39708749267234,63.4,0.227,0.193,2.476,7.24,0.27,True,True,PASS
fold3_room1_mix100,static,critical,normal,1,0.0024,1.19e-07,40.851448177382096,40.85,0.369,0.341,0.99,8.11,0.97,True,True,PASS
fold3_room1_mix101,walk,critical,normal,1,0.0021,1.19e-07,43.59726082207305,43.6,0.226,0.324,1.438,8.69,0.97,True,True,PASS
fold3_room1_mix102,static,safe,normal,1,0.0006,1.19e-07,56.77680297003677,56.78,0.254,0.223,8.552,7.05,0.58,True,True,PASS
fold3_room1_mix103,static,safe,normal,2,0.0013,1.77e-07,43.73129104587542,43.73,0.211,0.29,14.241,6.68,0.99,True,True,PASS
fold3_room1_mix104,static,caution,normal,2,0.0022,1.76e-07,41.78193960771935,41.78,0.292,0.296,1.614,6.03,0.98,True,True,PASS
fold3_room1_mix105,static,critical,normal,2,0.0048,1.78e-07,52.939462860936985,52.94,0.458,0.35,0.804,6.21,0.58,True,True,PASS
fold3_room1_mix106,walk,caution,normal,2,0.002,1.77e-07,52.79754287184942,52.8,0.295,0.309,2.764,8.86,0.46,True,True,PASS
fold3_room1_mix107,static,caution,normal,2,0.0661,1.77e-07,49.86144687883974,49.86,0.285,0.29,2.233,8.96,0.9,True,True,PASS
fold3_room1_mix108,static,safe,normal,1,0.0008,1.19e-07,61.3751237262769,61.38,0.406,0.194,8.386,6.8,0.27,True,True,PASS
fold3_room1_mix109,static,critical,normal,1,0.0055,1.19e-07,51.080711940132815,51.08,0.221,0.371,0.616,6.11,0.73,True,True,PASS
fold3_room1_mix110,walk,caution,normal,2,0.0026,1.77e-07,58.58858961874323,58.59,0.342,0.268,2.908,8.34,0.37,True,True,PASS
fold3_room1_mix111,static,safe,normal,2,0.0832,1.77e-07,45.647720286475874,45.65,0.315,0.273,14.336,7.44,0.98,True,True,PASS
fold3_room1_mix112,walk,caution,normal,1,0.0015,1.19e-07,51.02324892410893,51.02,0.29,0.267,2.652,7.97,0.41,True,True,PASS
fold3_room1_mix113,walk,critical,normal,2,0.0041,1.75e-07,62.07959902311895,62.08,0.446,0.35,0.935,8.64,0.27,True,True,PASS
fold3_room1_mix114,static,critical,normal,1,0.0038,1.19e-07,46.18996289047296,46.19,0.231,0.35,1.05,7.8,0.98,True,True,PASS
fold3_room1_mix115,static,safe,normal,1,0.0009,1.19e-07,63.55483834241025,63.55,0.223,0.316,8.427,6.12,0.2,True,True,PASS
fold3_room1_mix116,walk,critical,normal,2,0.0035,1.76e-07,60.51288074300334,60.51,0.292,0.242,1.098,8.46,0.24,True,True,PASS
fold3_room1_mix117,walk,safe,normal,2,0.0065,1.76e-07,46.18904153580819,46.19,0.256,0.337,7.27,7.63,0.97,True,True,PASS
fold3_room1_mix118,static,caution,normal,2,0.01,1.77e-07,59.67378357079494,59.67,0.324,0.273,2.848,6.86,0.43,True,True,PASS
fold3_room1_mix119,walk,critical,normal,1,0.003,1.19e-07,54.66123041848055,54.66,0.319,0.33,0.844,6.29,0.31,True,True,PASS
fold3_room1_mix120,walk,safe,normal,2,0.0306,1.76e-07,48.442070434891264,48.44,0.398,0.227,8.662,7.77,0.99,True,True,PASS
fold3_room1_mix121,walk,safe,normal,1,0.0008,1.19e-07,45.55854382063379,45.56,0.261,0.331,9.07,7.76,0.98,True,True,PASS
fold3_room1_mix122,walk,safe,normal,2,0.0008,1.77e-07,46.118792431359324,46.12,0.283,0.353,11.167,8.79,0.95,True,True,PASS
fold3_room1_mix123,static,caution,normal,2,0.002,1.76e-07,61.363833234577726,61.36,0.363,0.316,2.611,6.32,0.37,True,True,PASS
fold3_room1_mix124,walk,safe,normal,1,0.0018,1.19e-07,43.34115509596896,43.34,0.287,0.287,3.59,7.4,0.98,True,True,PASS
fold3_room1_mix125,walk,caution,normal,2,0.0038,1.77e-07,52.11415550956671,52.11,0.253,0.291,2.621,6.26,0.81,True,True,PASS
fold3_room1_mix126,static,caution,normal,1,0.0018,1.19e-07,45.05875021825942,45.06,0.245,0.222,1.822,8.53,0.99,True,True,PASS
fold3_room1_mix127,static,safe,normal,3,0.0291,2.26e-07,50.60864955067011,50.61,0.251,0.369,13.967,8.17,0.61,True,True,PASS
fold3_room1_mix128,static,safe,normal,1,0.0005,1.19e-07,58.88776824459152,58.89,0.247,0.141,12.892,8.33,0.34,True,True,PASS
fold3_room1_mix129,walk,critical,normal,2,0.0032,1.77e-07,58.93043800698641,58.93,0.375,0.253,1.481,8.51,0.33,True,True,PASS
fold3_room1_mix130,static,caution,normal,1,0.0014,1.19e-07,51.611986930329195,51.61,0.316,0.189,2.822,6.37,0.42,True,True,PASS
fold3_room1_mix131,static,safe,normal,2,0.0459,1.78e-07,56.04906753959524,56.05,0.375,0.315,9.12,7.85,0.36,True,True,PASS
fold3_room1_mix132,walk,caution,normal,3,0.0211,1.77e-07,53.31459092570194,53.31,0.384,0.24,1.646,7.44,0.99,True,True,PASS
fold3_room1_mix133,walk,caution,normal,1,0.0033,1.19e-07,52.136943950888714,52.14,0.301,0.238,2.128,7.31,0.98,True,True,PASS
fold3_room1_mix134,walk,critical,normal,2,0.0901,1.75e-07,41.570031175371724,41.57,0.486,0.3,0.873,6.66,0.98,True,True,PASS
fold3_room1_mix135,static,critical,normal,2,0.0177,1.76e-07,57.00703886707406,57.01,0.284,0.271,0.908,7.56,0.62,True,True,PASS
fold3_room1_mix136,static,caution,normal,3,0.0019,2.29e-07,64.84599839128222,64.85,0.287,0.289,2.39,8.34,0.29,True,True,PASS
fold3_room1_mix137,walk,critical,normal,1,0.0027,1.19e-07,46.38609718829248,46.39,0.255,0.332,1.264,8.21,0.72,True,True,PASS
fold3_room1_mix138,walk,caution,normal,1,0.0031,1.19e-07,57.95737569693688,57.96,0.262,0.209,2.306,8.51,0.63,True,True,PASS
fold3_room1_mix139,walk,caution,normal,2,0.0023,1.77e-07,48.14632491219437,48.15,0.288,0.341,1.567,6.74,0.98,True,True,PASS
fold3_room1_mix140,walk,safe,normal,2,0.0225,1.76e-07,52.11149713334032,52.11,0.404,0.298,10.826,6.97,0.99,True,True,PASS
fold3_room1_mix141,walk,critical,normal,2,0.0356,1.77e-07,53.78825391602879,53.79,0.301,0.302,1.375,8.98,0.56,True,True,PASS
fold3_room1_mix142,walk,critical,normal,3,0.004,2.24e-07,54.17407880691748,54.17,0.284,0.33,0.77,8.16,0.41,True,True,PASS
fold3_room1_mix143,static,caution,normal,2,0.0462,1.75e-07,62.06807551024709,62.07,0.295,0.242,2.5,8.91,0.23,True,True,PASS
fold3_room1_mix144,walk,caution,normal,2,0.0248,1.77e-07,50.918566120379694,50.92,0.291,0.237,2.169,7.38,0.98,True,True,PASS
fold3_room1_mix145,walk,caution,normal,2,0.0168,1.77e-07,64.67977508097084,64.68,0.399,0.307,1.676,6.57,0.2,True,True,PASS
fold3_room1_mix146,static,caution,normal,2,0.0049,1.77e-07,46.722246187400714,46.72,0.273,0.254,2.039,6.35,0.99,True,True,PASS
fold3_room1_mix147,static,safe,normal,2,0.0025,1.75e-07,43.046523965153725,43.05,0.272,0.253,8.008,8.31,0.99,True,True,PASS
fold3_room1_mix148,static,caution,normal,1,0.0019,1.19e-07,61.57558926383493,61.58,0.38,0.26,2.811,7.46,0.33,True,True,PASS
fold3_room1_mix149,walk,caution,normal,1,0.0027,1.19e-07,49.53231323730628,49.53,0.3,0.323,2.474,8.49,0.87,True,True,PASS
fold3_room1_mix150,walk,caution,normal,1,0.0024,1.19e-07,60.64107825268177,60.64,0.218,0.188,2.244,6.63,0.27,True,True,PASS
fold3_room1_mix151,walk,critical,normal,1,0.0029,1.19e-07,59.87244290199837,59.87,0.318,0.298,0.986,8.07,0.21,True,True,PASS
fold3_room1_mix152,static,safe,normal,2,0.0007,1.77e-07,55.77287043781314,55.77,0.371,0.266,10.629,7.22,0.43,True,True,PASS
fold3_room1_mix153,walk,critical,normal,2,0.0051,1.77e-07,46.19769727774336,46.2,0.312,0.33,1.072,6.06,0.99,True,True,PASS
fold3_room1_mix154,walk,safe,normal,2,0.0005,1.78e-07,40.75032840240299,40.75,0.273,0.309,10.511,6.56,0.98,True,True,PASS
fold3_room1_mix155,static,critical,normal,2,0.039,1.77e-07,62.07784188366976,62.08,0.313,0.302,0.942,8.26,0.45,True,True,PASS
fold3_room1_mix156,walk,critical,normal,1,0.0044,1.19e-07,63.478114799731756,63.48,0.34,0.284,1.047,8.8,0.3,True,True,PASS
fold3_room1_mix157,walk,safe,normal,1,0.001,1.19e-07,44.53654853685208,44.54,0.254,0.364,3.74,8.85,0.98,True,True,PASS
fold3_room1_mix158,walk,caution,normal,1,0.0013,1.19e-07,54.25858420458168,54.26,0.261,0.196,2.82,7.79,0.32,True,True,PASS
fold3_room1_mix159,walk,critical,normal,2,0.0905,1.77e-07,64.67390671194397,64.67,0.434,0.297,0.953,8.52,0.22,True,True,PASS
fold3_room1_mix160,static,safe,normal,2,0.0006,1.78e-07,45.55409913213095,45.55,0.26,0.358,14.582,7.59,0.97,True,True,PASS
fold3_room1_mix161,static,caution,normal,2,0.0019,1.78e-07,40.28494414703288,40.29,0.416,0.329,2.717,7.51,0.98,True,True,PASS
fold3_room1_mix162,walk,caution,normal,2,0.0015,1.77e-07,51.65667191462956,51.66,0.292,0.33,1.973,6.63,0.67,True,True,PASS
fold3_room1_mix163,static,safe,normal,3,0.0007,2.29e-07,47.263867744433284,47.26,0.427,0.438,12.144,8.32,0.96,True,True,PASS
fold3_room1_mix164,static,critical,normal,1,0.0024,1.19e-07,47.75151289368971,47.75,0.266,0.256,1.299,6.47,0.98,True,True,PASS
fold3_room1_mix165,static,critical,normal,3,0.0058,1.78e-07,48.104790021195754,48.1,0.26,0.319,1.462,7.89,0.87,True,True,PASS
fold3_room1_mix166,static,critical,normal,1,0.004,1.19e-07,54.125864777687596,54.13,0.288,0.286,0.795,8.52,0.38,True,True,PASS
fold3_room1_mix167,static,safe,normal,1,0.0009,1.19e-07,40.65520341037445,40.66,0.229,0.28,12.924,6.38,0.99,True,True,PASS
fold3_room1_mix168,static,safe,normal,2,0.0012,1.78e-07,47.671999960969316,47.67,0.262,0.307,7.173,7.86,0.97,True,True,PASS
fold3_room1_mix169,walk,caution,normal,2,0.0287,1.76e-07,50.366281866161266,50.37,0.262,0.397,2.659,8.98,0.97,True,True,PASS
fold3_room1_mix170,static,critical,normal,2,0.0046,1.77e-07,40.22204855880589,40.22,0.265,0.304,1.112,6.68,0.98,True,True,PASS
fold3_room1_mix171,static,safe,normal,2,0.0152,1.78e-07,49.53362659210611,49.53,0.33,0.253,13.122,7.8,0.52,True,True,PASS
fold3_room1_mix172,walk,caution,normal,3,0.0042,1.77e-07,61.160989341010065,61.16,0.331,0.259,2.411,8.69,0.37,True,True,PASS
fold3_room1_mix173,static,caution,normal,2,0.0753,1.77e-07,64.15154525573315,64.15,0.403,0.237,2.214,6.7,0.5,True,True,PASS
fold3_room1_mix174,walk,critical,normal,3,0.1232,2.31e-07,49.356960679239016,49.36,0.301,0.297,1.413,8.59,0.58,True,True,PASS
fold3_room1_mix175,static,caution,normal,2,0.0015,1.77e-07,58.27444267900302,58.27,0.276,0.258,2.847,6.92,0.3,True,True,PASS
fold3_room1_mix176,walk,caution,normal,2,0.0158,1.76e-07,53.45718030386819,53.46,0.312,0.281,1.766,6.81,0.42,True,True,PASS
fold3_room1_mix177,static,safe,normal,2,0.0098,1.76e-07,56.28891420967627,56.29,0.27,0.251,12.957,6.47,0.72,True,True,PASS
fold3_room1_mix178,static,caution,normal,2,0.0128,1.77e-07,58.67258151192759,58.67,0.298,0.27,2.371,7.3,0.24,True,True,PASS
fold3_room1_mix179,static,caution,normal,1,0.0016,1.19e-07,48.2134500014582,48.21,0.285,0.33,2.264,8.15,0.69,True,True,PASS
fold3_room1_mix180,walk,safe,normal,2,0.0013,1.77e-07,40.73917820396606,40.74,0.291,0.253,10.09,8.02,0.99,True,True,PASS
fold3_room1_mix181,walk,caution,normal,1,0.0031,1.19e-07,57.39675568256057,57.4,0.272,0.277,2.123,7.16,0.58,True,True,PASS
fold3_room1_mix182,walk,safe,normal,2,0.028,1.75e-07,41.41413743330692,41.41,0.268,0.353,6.55,8.01,0.99,True,True,PASS
fold3_room1_mix183,static,critical,normal,3,0.0117,2.32e-07,52.70168736897334,52.7,0.241,0.32,1.261,7.21,0.69,True,True,PASS
fold3_room1_mix184,walk,critical,normal,2,0.0096,1.78e-07,48.24738442018817,48.25,0.267,0.348,1.281,8.81,0.95,True,True,PASS
fold3_room1_mix185,walk,caution,normal,2,0.0031,1.76e-07,54.78793460243938,54.79,0.299,0.281,2.804,8.35,0.51,True,True,PASS
fold3_room1_mix186,walk,safe,normal,3,0.0077,2.33e-07,46.58683343950285,46.59,0.288,0.351,8.699,7.49,0.98,True,True,PASS
fold3_room1_mix187,walk,safe,normal,1,0.0007,1.19e-07,64.35049895379423,64.35,0.562,0.278,11.444,8.0,0.04,True,True,PASS
fold3_room1_mix188,static,critical,normal,2,0.0394,1.76e-07,52.400803212269835,52.4,0.263,0.211,0.958,6.25,0.4,True,True,PASS
fold3_room1_mix189,static,safe,normal,1,0.001,1.19e-07,64.54581682038969,64.55,0.28,0.213,4.098,6.59,0.22,True,True,PASS
fold3_room1_mix190,static,caution,normal,2,0.0019,1.78e-07,47.58748381506057,47.59,0.356,0.324,2.582,7.77,0.82,True,True,PASS
fold3_room1_mix191,walk,caution,normal,2,0.0031,1.78e-07,47.77337571775216,47.77,0.29,0.316,1.786,7.22,0.99,True,True,PASS
fold3_room1_mix192,static,critical,normal,2,0.0054,1.77e-07,52.652812475950455,52.65,0.388,0.262,0.75,7.34,0.76,True,True,PASS
fold3_room1_mix193,static,critical,normal,2,0.0034,1.78e-07,41.34696182921022,41.35,0.289,0.464,0.938,7.65,0.98,True,True,PASS
fold3_room1_mix194,static,critical,normal,1,0.0062,1.19e-07,53.80929362847182,53.81,0.268,0.344,0.897,7.76,0.52,True,True,PASS
fold3_room1_mix195,static,safe,normal,3,0.4967,2.27e-07,56.80107429877764,56.8,0.357,0.322,7.839,6.14,0.37,True,True,PASS
fold3_room1_mix196,walk,caution,normal,2,0.0043,1.75e-07,56.26715329576861,56.27,0.278,0.202,2.279,8.49,0.41,True,True,PASS
fold3_room1_mix197,static,safe,normal,2,0.0016,1.77e-07,62.84860019744794,62.85,0.409,0.232,6.294,7.46,0.59,True,True,PASS
fold3_room1_mix198,walk,safe,normal,2,0.003,1.77e-07,48.01647286876167,48.02,0.297,0.258,14.637,7.44,0.98,True,True,PASS
fold3_room1_mix199,static,critical,normal,3,0.0835,2.31e-07,47.43140507298837,47.43,0.264,0.31,1.084,8.3,0.8,True,True,PASS
fold3_room1_mix200,static,critical,normal,2,0.0026,1.75e-07,56.395288695898756,56.4,0.318,0.261,1.161,8.33,0.31,True,True,PASS
fold3_room1_mix201,static,caution,normal,2,0.0041,1.76e-07,55.052583374715645,55.05,0.318,0.277,1.615,8.3,0.47,True,True,PASS
fold3_room1_mix202,walk,critical,normal,2,0.0757,1.76e-07,55.535937574276424,55.54,0.626,0.302,0.931,7.54,0.53,True,True,PASS
fold3_room1_mix203,walk,critical,normal,3,0.0288,2.31e-07,63.33501783567372,63.34,0.354,0.362,1.246,6.99,0.18,True,True,PASS
fold3_room1_mix204,walk,safe,normal,1,0.0019,1.19e-07,47.32679570487991,47.33,0.26,0.215,3.901,6.02,1.0,True,True,PASS
fold3_room1_mix205,static,safe,normal,1,0.0006,1.19e-07,58.39127506311651,58.39,0.265,0.214,9.087,8.47,0.43,True,True,PASS
fold3_room1_mix206,static,critical,normal,2,0.1845,1.83e-07,64.00660320011423,64.01,0.297,0.324,0.617,8.59,0.27,True,True,PASS
fold3_room1_mix207,static,safe,normal,2,0.339,1.98e-07,53.544037287377996,53.54,0.284,0.249,11.006,7.6,0.58,True,True,PASS
fold3_room1_mix208,static,critical,normal,1,0.003,1.19e-07,57.43706051148391,57.44,0.343,0.304,1.497,8.85,0.26,True,True,PASS
fold3_room1_mix209,static,safe,normal,2,0.0005,1.76e-07,44.26714854721955,44.27,0.269,0.286,10.885,6.79,0.98,True,True,PASS
fold3_room1_mix210,static,caution,normal,2,0.1427,1.81e-07,47.227122825917256,47.23,0.295,0.261,2.908,6.73,0.99,True,True,PASS
fold3_room1_mix211,walk,caution,normal,2,0.4449,1.95e-07,62.122932537955506,62.12,0.314,0.285,2.288,8.99,0.34,True,True,PASS
fold3_room1_mix212,static,safe,normal,2,0.2201,1.83e-07,48.391820129654974,48.39,0.263,0.326,14.898,6.47,0.97,True,True,PASS
fold3_room1_mix213,static,caution,normal,1,0.002,1.19e-07,64.07057827978828,64.07,0.447,0.283,2.324,8.21,0.15,True,True,PASS
fold3_room1_mix214,walk,safe,normal,2,0.0015,1.76e-07,42.73766604115269,42.74,0.316,0.458,4.398,6.01,0.99,True,True,PASS
fold3_room1_mix215,walk,critical,normal,2,0.018,1.76e-07,63.92313986929044,63.92,0.263,0.272,0.835,6.88,0.24,True,True,PASS
fold3_room1_mix216,static,caution,normal,1,0.003,1.19e-07,57.30398569648786,57.3,0.264,0.223,1.783,7.43,0.54,True,True,PASS
fold3_room1_mix217,walk,caution,normal,3,0.002,2.28e-07,60.22605405090057,60.23,0.358,0.327,2.307,6.25,0.31,True,True,PASS
fold3_room1_mix218,walk,caution,normal,2,0.0133,1.77e-07,46.20525850460805,46.21,0.288,0.223,1.896,6.22,0.99,True,True,PASS
fold3_room1_mix219,static,critical,normal,2,0.0027,1.76e-07,60.26015061684244,60.26,0.422,0.208,1.417,8.31,0.37,True,True,PASS
fold3_room1_mix220,walk,critical,normal,2,0.0035,1.75e-07,54.87732577989695,54.88,0.334,0.218,1.291,7.82,0.44,True,True,PASS
fold3_room1_mix221,static,critical,normal,1,0.0057,1.19e-07,59.5697487260886,59.57,0.307,0.267,1.161,7.12,0.67,True,True,PASS
fold3_room1_mix222,walk,caution,normal,2,0.0033,1.77e-07,56.705198603832585,56.71,0.25,0.285,2.401,8.12,0.39,True,True,PASS
fold3_room1_mix223,walk,caution,normal,2,0.0075,1.74e-07,41.40763403028709,41.41,0.538,0.256,2.32,6.15,0.99,True,True,PASS
fold3_room1_mix224,static,critical,normal,2,0.0067,1.76e-07,59.99040302150934,59.99,0.454,0.257,0.932,6.16,0.18,True,True,PASS
fold3_room1_mix225,static,caution,normal,3,0.0921,2.27e-07,53.8210688829723,53.82,0.378,0.321,2.412,8.51,0.56,True,True,PASS
fold3_room1_mix226,static,critical,normal,2,0.0035,1.77e-07,41.87033839222712,41.87,0.271,0.217,1.294,7.51,0.99,True,True,PASS
fold3_room1_mix227,static,critical,normal,3,0.0071,2.29e-07,45.47177159204871,45.47,0.346,0.378,1.073,7.83,0.98,True,True,PASS
fold3_room1_mix228,static,safe,normal,2,0.0049,1.77e-07,53.708908575682685,53.71,0.277,0.256,12.717,7.92,0.67,True,True,PASS
fold3_room1_mix229,walk,caution,normal,2,0.002,1.77e-07,44.62470515607883,44.62,0.451,0.293,2.969,7.42,0.98,True,True,PASS
fold3_room1_mix230,walk,critical,normal,1,0.0032,1.19e-07,60.036104136743376,60.04,0.368,0.222,1.193,7.5,0.28,True,True,PASS
fold3_room1_mix231,walk,caution,normal,1,0.0034,1.19e-07,44.831351518219506,44.83,0.256,0.224,1.896,8.17,0.97,True,True,PASS
fold3_room1_mix232,static,safe,normal,1,0.0009,1.19e-07,46.57355307429607,46.57,0.259,0.304,10.451,7.91,0.98,True,True,PASS
fold3_room1_mix233,walk,safe,normal,1,0.001,1.19e-07,57.106260320163685,57.11,0.28,0.213,7.751,6.32,0.5,True,True,PASS
fold3_room1_mix234,static,caution,normal,2,0.0039,1.76e-07,47.782321766385486,47.78,0.268,0.316,1.695,6.61,0.99,True,True,PASS
fold3_room1_mix235,static,safe,normal,2,0.026,1.76e-07,41.59200653120509,41.59,0.28,0.309,13.099,6.96,0.97,True,True,PASS
fold3_room1_mix236,static,caution,normal,2,0.0031,1.77e-07,64.03093279593601,64.03,0.366,0.223,2.152,8.35,0.28,True,True,PASS
fold3_room1_mix237,static,critical,normal,2,0.008,1.75e-07,53.22540304063971,53.23,0.288,0.274,1.334,6.32,0.6,True,True,PASS
fold3_room1_mix238,walk,caution,normal,2,0.0024,1.76e-07,51.972094701925144,51.97,0.258,0.312,2.487,6.45,0.87,True,True,PASS
fold3_room1_mix239,static,caution,normal,1,0.0033,1.19e-07,51.32824330414316,51.33,0.255,0.257,1.729,7.97,0.81,True,True,PASS
fold3_room1_mix240,walk,safe,normal,1,0.0005,1.19e-07,41.19074812279448,41.19,0.238,0.326,10.829,6.63,0.98,True,True,PASS
fold8_room1_mix001,static,critical,traffic2,3,0.0744,2.34e-07,64.60420878608856,64.6,0.424,0.293,1.345,5.6,0.18,True,True,PASS
fold8_room1_mix002,walk,caution,traffic2,3,0.1023,2.34e-07,41.63385990633842,41.63,0.366,0.343,2.291,6.07,0.98,True,True,PASS
fold8_room1_mix003,static,safe,traffic2,2,0.0006,1.77e-07,53.061022730584476,53.06,0.214,0.32,11.758,7.78,0.54,True,True,PASS
fold8_room1_mix004,walk,critical,traffic2,2,0.0032,1.77e-07,53.86943794570172,53.87,0.313,0.323,1.41,4.04,0.57,True,True,PASS
fold8_room1_mix005,static,caution,traffic2,3,0.0077,2.29e-07,49.95471303372175,49.95,0.338,0.322,2.746,6.23,0.86,True,True,PASS
fold8_room1_mix006,walk,safe,traffic2,3,0.0023,2.28e-07,41.08864877054696,41.09,0.248,0.348,5.208,5.07,0.99,True,True,PASS
fold8_room1_mix007,static,critical,traffic2,2,0.0029,1.78e-07,40.976889849233395,40.98,0.279,0.323,1.14,8.63,0.98,True,True,PASS
fold8_room1_mix008,walk,caution,traffic2,2,0.0035,1.78e-07,52.53407867090522,52.53,0.283,0.218,2.335,6.35,0.68,True,True,PASS
fold8_room1_mix009,static,safe,traffic2,3,0.0008,2.31e-07,56.43671368658525,56.44,0.388,0.277,13.711,7.7,0.64,True,True,PASS
fold8_room1_mix010,walk,critical,traffic2,3,0.0418,2.31e-07,44.86597319165453,44.87,0.302,0.369,1.213,4.56,0.98,True,True,PASS
fold8_room1_mix011,static,caution,traffic2,2,0.0023,1.78e-07,49.59949926078386,49.6,0.276,0.329,1.914,6.19,0.83,True,True,PASS
fold8_room1_mix012,walk,safe,traffic2,2,0.0029,1.78e-07,60.67744648322031,60.68,0.308,0.293,4.233,5.37,0.28,True,True,PASS
fold8_room1_mix013,static,critical,traffic2,3,0.0197,2.31e-07,50.20219391845155,50.2,0.271,0.373,1.155,4.28,0.98,True,True,PASS
fold8_room1_mix014,walk,caution,traffic2,3,0.0033,2.31e-07,44.32880655444462,44.33,0.328,0.328,1.858,7.77,0.97,True,True,PASS
fold8_room1_mix015,static,safe,traffic2,2,0.0011,1.77e-07,49.62142957737501,49.62,0.273,0.336,13.49,7.55,0.88,True,True,PASS
fold8_room1_mix016,walk,critical,traffic2,2,0.006,1.77e-07,40.845919110037826,40.85,0.269,0.321,0.777,4.77,0.98,True,True,PASS
fold8_room1_mix017,static,caution,traffic2,3,0.0039,2.28e-07,59.6827100998864,59.68,0.325,0.354,2.983,5.17,0.24,True,True,PASS
fold8_room1_mix018,walk,safe,traffic2,3,0.0032,2.32e-07,56.709493197289376,56.71,0.309,0.31,14.592,7.73,0.81,True,True,PASS
fold8_room1_mix019,static,critical,traffic2,2,0.0026,1.77e-07,64.71287757042202,64.71,0.388,0.325,1.03,6.25,0.21,True,True,PASS
fold8_room1_mix020,walk,caution,traffic2,2,0.0023,1.77e-07,64.78780620997149,64.79,0.42,0.277,1.881,8.38,0.15,True,True,PASS
fold8_room1_mix021,static,safe,traffic2,3,0.0907,2.28e-07,63.76955306238648,63.77,0.319,0.308,13.323,8.45,0.0,True,True,PASS
fold8_room1_mix022,walk,critical,traffic2,3,0.0241,2.34e-07,60.893633293883475,60.89,0.34,0.315,1.415,7.32,0.58,True,True,PASS
fold8_room1_mix023,static,caution,traffic2,2,0.004,1.78e-07,47.77831744869344,47.78,0.296,0.339,1.801,5.12,0.98,True,True,PASS
fold8_room1_mix024,walk,safe,traffic2,2,0.0038,1.78e-07,43.736389198023254,43.74,0.248,0.328,14.92,5.16,0.98,True,True,PASS
fold8_room1_mix025,static,critical,traffic2,3,0.003,2.24e-07,43.61274221171074,43.61,0.286,0.362,0.71,4.17,0.99,True,True,PASS
fold8_room1_mix026,walk,caution,traffic2,3,0.0023,2.29e-07,56.237486431444275,56.24,0.252,0.295,2.948,6.84,0.52,True,True,PASS
fold8_room1_mix027,static,safe,traffic2,2,0.0012,1.78e-07,45.46790760263719,45.47,0.29,0.35,13.626,5.04,0.98,True,True,PASS
fold8_room1_mix028,walk,critical,traffic2,2,0.0041,1.77e-07,42.29370493552175,42.29,0.279,0.356,1.371,7.55,0.98,True,True,PASS
fold8_room1_mix029,static,caution,traffic2,3,0.0021,2.31e-07,52.74844854555105,52.75,0.255,0.207,2.65,4.98,0.54,True,True,PASS
fold8_room1_mix030,walk,safe,traffic2,3,0.09,2.27e-07,52.38865859244528,52.39,0.286,0.364,4.564,6.54,0.77,True,True,PASS
fold8_room1_mix031,static,critical,traffic3,3,0.0057,2.31e-07,57.28117281892049,57.28,0.292,0.244,0.912,6.06,0.81,True,True,PASS
fold8_room1_mix032,walk,caution,traffic3,3,0.0017,2.31e-07,52.32845937274672,52.33,0.288,0.359,2.964,4.63,0.5,True,True,PASS
fold8_room1_mix033,static,safe,traffic3,4,0.0144,2.75e-07,51.98624994906484,51.99,0.333,0.278,9.934,8.08,0.62,True,True,PASS
fold8_room1_mix034,walk,critical,traffic3,4,0.0031,2.79e-07,55.708743607125406,55.71,0.313,0.436,1.209,6.4,0.33,True,True,PASS
fold8_room1_mix035,static,caution,traffic3,3,0.002,2.32e-07,45.88071786082797,45.88,0.271,0.342,1.87,8.57,0.84,True,True,PASS
fold8_room1_mix036,walk,safe,traffic3,3,0.0033,2.35e-07,53.70626888760688,53.71,0.269,0.343,6.356,7.48,0.66,True,True,PASS
fold8_room1_mix037,static,critical,traffic3,4,0.0046,2.76e-07,54.05549908495321,54.06,0.299,0.343,1.349,6.01,0.78,True,True,PASS
fold8_room1_mix038,walk,caution,traffic3,4,0.0049,2.88e-07,58.217026543518315,58.22,0.305,0.326,2.781,6.31,0.52,True,True,PASS
fold8_room1_mix039,static,safe,traffic3,3,0.0026,2.34e-07,44.42179785285599,44.42,0.251,0.333,14.261,7.8,0.99,True,True,PASS
fold8_room1_mix040,walk,critical,traffic3,3,0.0029,2.33e-07,46.89190346096134,46.89,0.268,0.341,0.767,4.39,0.99,True,True,PASS
fold8_room1_mix041,static,caution,traffic3,4,0.0481,2.75e-07,54.58187770640998,54.58,0.328,0.382,2.609,7.91,0.65,True,True,PASS
fold8_room1_mix042,walk,safe,traffic3,4,0.0122,2.71e-07,45.54637620906053,45.55,0.288,0.351,8.26,4.14,0.99,True,True,PASS
fold8_room1_mix043,static,critical,traffic3,3,0.0055,2.32e-07,44.25029486273765,44.25,0.255,0.301,1.293,7.01,0.97,True,True,PASS
fold8_room1_mix044,walk,caution,traffic3,3,0.0044,2.35e-07,48.18558575195686,48.19,0.354,0.315,2.493,7.05,0.97,True,True,PASS
fold8_room1_mix045,static,safe,traffic3,4,0.0043,2.74e-07,53.619728932673695,53.62,0.311,0.33,10.053,7.37,0.59,True,True,PASS
fold8_room1_mix046,walk,critical,traffic3,4,0.0038,2.81e-07,61.002480365255394,61.0,0.31,0.375,0.93,8.89,0.25,True,True,PASS
fold8_room1_mix047,static,caution,traffic3,3,0.0039,2.34e-07,40.123945832876785,40.12,0.294,0.324,2.205,7.19,0.99,True,True,PASS
fold8_room1_mix048,walk,safe,traffic3,3,0.0043,2.33e-07,57.62930268088189,57.63,0.304,0.292,4.487,5.79,0.66,True,True,PASS
fold8_room1_mix049,static,critical,traffic3,4,0.0039,2.82e-07,60.56266064862096,60.56,0.309,0.293,0.951,7.37,0.32,True,True,PASS
fold8_room1_mix050,walk,caution,traffic3,4,0.0523,2.82e-07,45.52475819648202,45.52,0.285,0.317,2.919,7.91,0.99,True,True,PASS
fold8_room1_mix051,static,safe,traffic3,3,0.002,2.31e-07,58.52809036562846,58.53,0.382,0.249,10.762,8.38,0.25,True,True,PASS
fold8_room1_mix052,walk,critical,traffic3,3,0.0046,2.33e-07,53.00066543498852,53.0,0.301,0.356,1.349,7.16,0.98,True,True,PASS
fold8_room1_mix053,static,caution,traffic3,4,0.0088,2.81e-07,46.415731975020776,46.42,0.371,0.363,2.893,8.87,0.92,True,True,PASS
fold8_room1_mix054,walk,safe,traffic3,4,0.0026,2.76e-07,54.6520165864425,54.65,0.357,0.463,10.641,4.27,0.69,True,True,PASS
fold8_room1_mix055,static,critical,traffic3,3,0.0038,2.31e-07,63.39979290002622,63.4,0.452,0.338,0.681,8.01,0.13,True,True,PASS
fold8_room1_mix056,walk,caution,traffic3,3,0.0042,2.34e-07,51.2437113506382,51.24,0.274,0.316,1.716,5.7,0.99,True,True,PASS
fold8_room1_mix057,static,safe,traffic3,4,0.0027,2.81e-07,54.15712277211085,54.16,0.301,0.299,14.14,8.96,0.66,True,True,PASS
fold8_room1_mix058,walk,critical,traffic3,4,0.0034,2.80e-07,45.15408813948374,45.15,0.274,0.334,1.438,6.66,0.98,True,True,PASS
fold8_room1_mix059,static,caution,traffic3,3,0.0046,2.29e-07,52.34448516626894,52.34,0.281,0.24,2.557,7.2,0.65,True,True,PASS
fold8_room1_mix060,walk,safe,traffic3,3,0.0063,2.33e-07,56.605138259280565,56.61,0.335,0.298,7.344,5.67,0.34,True,True,PASS
fold9_room1_mix001,static,na,probe_siren,1,0.0004,1.19e-07,45.0,45.0,0.28,0.167,,,,True,True,PASS
fold9_room1_mix002,static,na,probe_siren,1,0.0007,1.19e-07,45.0,45.0,0.256,0.189,,,,True,True,PASS
fold9_room1_mix003,static,na,probe_siren,1,0.0006,1.19e-07,45.0,45.0,0.297,0.301,,,,True,True,PASS
fold9_room1_mix004,static,na,probe_siren,1,0.0006,1.19e-07,45.0,45.0,0.234,0.207,,,,True,True,PASS
fold9_room1_mix005,walk,na,probe_siren,1,0.0005,1.19e-07,45.0,45.0,0.257,0.284,,,,True,True,PASS
fold9_room1_mix006,walk,na,probe_siren,1,0.0006,1.19e-07,45.0,45.0,0.324,0.143,,,,True,True,PASS
fold9_room1_mix007,walk,na,probe_siren,1,0.0004,1.19e-07,45.0,45.0,0.271,0.192,,,,True,True,PASS
fold9_room1_mix008,walk,na,probe_siren,1,0.0008,1.19e-07,45.0,45.0,0.348,0.236,,,,True,True,PASS
fold9_room1_mix009,static,na,probe_horn,1,0.0012,1.19e-07,45.0,45.0,0.416,0.256,,,,True,True,PASS
fold9_room1_mix010,static,na,probe_horn,1,0.0009,1.19e-07,45.0,45.0,0.439,0.328,,,,True,True,PASS
fold9_room1_mix011,static,na,probe_horn,1,0.0009,1.19e-07,45.0,45.0,0.43,0.284,,,,True,True,PASS
fold9_room1_mix012,static,na,probe_horn,1,0.001,1.19e-07,45.0,45.0,0.391,0.25,,,,True,True,PASS
fold9_room1_mix013,walk,na,probe_horn,1,0.001,1.19e-07,45.0,45.0,0.44,0.275,,,,True,True,PASS
fold9_room1_mix014,walk,na,probe_horn,1,0.001,1.19e-07,45.0,45.0,0.305,0.295,,,,True,True,PASS
fold9_room1_mix015,walk,na,probe_horn,1,0.0009,1.19e-07,45.0,45.0,0.32,0.144,,,,True,True,PASS
fold9_room1_mix016,walk,na,probe_horn,1,0.0011,1.19e-07,45.0,45.0,0.524,0.344,,,,True,True,PASS
fold9_room1_mix017,static,na,probe_backup_beep,1,0.0007,1.19e-07,45.0,45.0,0.188,0.248,,,,True,True,PASS
fold9_room1_mix018,static,na,probe_backup_beep,1,0.0005,1.19e-07,45.0,45.0,0.326,0.161,,,,True,True,PASS
fold9_room1_mix019,static,na,probe_backup_beep,1,0.0004,1.19e-07,45.0,45.0,0.367,0.256,,,,True,True,PASS
fold9_room1_mix020,static,na,probe_backup_beep,1,0.0004,1.19e-07,45.0,45.0,0.312,0.195,,,,True,True,PASS
fold9_room1_mix021,walk,na,probe_backup_beep,1,0.0004,1.19e-07,45.0,45.0,0.36,0.2,,,,True,True,PASS
fold9_room1_mix022,walk,na,probe_backup_beep,1,0.0004,1.19e-07,45.0,45.0,0.353,0.181,,,,True,True,PASS
fold9_room1_mix023,walk,na,probe_backup_beep,1,0.0005,1.19e-07,45.0,45.0,0.313,0.299,,,,True,True,PASS
fold9_room1_mix024,walk,na,probe_backup_beep,1,0.0004,1.19e-07,45.0,45.0,0.338,0.419,,,,True,True,PASS
fold9_room1_mix025,static,na,probe_bike_bell,1,0.0012,1.19e-07,45.0,45.0,0.402,0.219,,,,True,True,PASS
fold9_room1_mix026,static,na,probe_bike_bell,1,0.0007,1.19e-07,45.0,45.0,0.416,0.247,,,,True,True,PASS
fold9_room1_mix027,static,na,probe_bike_bell,1,0.0011,1.19e-07,45.0,45.0,0.368,0.269,,,,True,True,PASS
fold9_room1_mix028,static,na,probe_bike_bell,1,0.0011,1.19e-07,45.0,45.0,0.36,0.271,,,,True,True,PASS
fold9_room1_mix029,walk,na,probe_bike_bell,1,0.0009,1.19e-07,45.0,45.0,0.334,0.293,,,,True,True,PASS
fold9_room1_mix030,walk,na,probe_bike_bell,1,0.0007,1.19e-07,45.0,45.0,0.356,0.421,,,,True,True,PASS
fold9_room1_mix031,walk,na,probe_bike_bell,1,0.0012,1.19e-07,45.0,45.0,0.342,0.333,,,,True,True,PASS
fold9_room1_mix032,walk,na,probe_bike_bell,1,0.0009,1.19e-07,45.0,45.0,0.521,0.327,,,,True,True,PASS
fold9_room1_mix033,static,na,probe_crossing,1,0.0008,1.19e-07,45.0,45.0,0.047,0.258,,,,True,True,PASS
fold9_room1_mix034,static,na,probe_crossing,1,0.001,1.19e-07,45.0,45.0,0.013,0.036,,,,True,True,PASS
fold9_room1_mix035,static,na,probe_crossing,1,0.0009,1.19e-07,45.0,45.0,0.431,0.071,,,,True,True,PASS
fold9_room1_mix036,static,na,probe_crossing,1,0.0008,1.19e-07,45.0,45.0,0.118,0.488,,,,True,True,PASS
fold9_room1_mix037,walk,na,probe_crossing,1,0.001,1.19e-07,45.0,45.0,0.243,0.3,,,,True,True,PASS
fold9_room1_mix038,walk,na,probe_crossing,1,0.0012,1.19e-07,45.0,45.0,0.209,0.319,,,,True,True,PASS
fold9_room1_mix039,walk,na,probe_crossing,1,0.0011,1.19e-07,45.0,45.0,0.251,0.218,,,,True,True,PASS
fold9_room1_mix040,walk,na,probe_crossing,1,0.0009,1.19e-07,45.0,45.0,0.257,0.27,,,,True,True,PASS
fold9_room1_mix041,static,safe,probe_car_drive,1,0.0034,1.19e-07,45.0,45.0,0.227,0.261,6.161,8.12,0.99,True,True,PASS
fold9_room1_mix042,static,safe,probe_car_drive,1,0.0038,1.19e-07,45.0,45.0,0.241,0.283,4.993,8.84,0.99,True,True,PASS
fold9_room1_mix043,static,safe,probe_car_drive,1,0.0019,1.19e-07,45.0,45.0,0.232,0.332,7.18,6.54,0.98,True,True,PASS
fold9_room1_mix044,static,safe,probe_car_drive,1,0.0019,1.19e-07,45.0,45.0,0.273,0.324,6.532,6.3,0.98,True,True,PASS
fold9_room1_mix045,walk,safe,probe_car_drive,1,0.0019,1.19e-07,45.0,45.0,0.245,0.287,6.169,6.68,0.98,True,True,PASS
fold9_room1_mix046,walk,safe,probe_car_drive,1,0.0025,1.19e-07,45.0,45.0,0.261,0.272,5.721,8.43,0.99,True,True,PASS
fold9_room1_mix047,walk,safe,probe_car_drive,1,0.003,1.19e-07,45.0,45.0,0.282,0.244,4.131,7.34,0.98,True,True,PASS
fold9_room1_mix048,walk,safe,probe_car_drive,1,0.0075,1.19e-07,45.0,45.0,0.28,0.291,5.038,8.76,0.98,True,True,PASS
